forecast_id,section_id,forecast_date,forecast_hour,estimated_goods_trains_count,confidence_score,generated_at
FC-000001,SEC-001,2026-05-03,0,3,0.73,2026-05-02T12:00:00
FC-000002,SEC-001,2026-05-03,1,2,0.83,2026-05-02T12:00:00
FC-000003,SEC-001,2026-05-03,2,1,0.88,2026-05-02T12:00:00
FC-000004,SEC-001,2026-05-03,3,3,0.81,2026-05-02T12:00:00
FC-000005,SEC-001,2026-05-03,4,2,0.91,2026-05-02T12:00:00
FC-000006,SEC-001,2026-05-03,5,1,0.8,2026-05-02T12:00:00
FC-000007,SEC-001,2026-05-03,6,1,0.85,2026-05-02T12:00:00
FC-000008,SEC-001,2026-05-03,7,0,0.84,2026-05-02T12:00:00
FC-000009,SEC-001,2026-05-03,8,0,0.72,2026-05-02T12:00:00
FC-000010,SEC-001,2026-05-03,9,1,0.83,2026-05-02T12:00:00
FC-000011,SEC-001,2026-05-03,10,0,0.72,2026-05-02T12:00:00
FC-000012,SEC-001,2026-05-03,11,0,0.83,2026-05-02T12:00:00
FC-000013,SEC-001,2026-05-03,12,0,0.75,2026-05-02T12:00:00
FC-000014,SEC-001,2026-05-03,13,2,0.93,2026-05-02T12:00:00
FC-000015,SEC-001,2026-05-03,14,0,0.93,2026-05-02T12:00:00
FC-000016,SEC-001,2026-05-03,15,0,0.76,2026-05-02T12:00:00
FC-000017,SEC-001,2026-05-03,16,0,0.76,2026-05-02T12:00:00
FC-000018,SEC-001,2026-05-03,17,1,0.93,2026-05-02T12:00:00
FC-000019,SEC-001,2026-05-03,18,0,0.87,2026-05-02T12:00:00
FC-000020,SEC-001,2026-05-03,19,1,0.88,2026-05-02T12:00:00
FC-000021,SEC-001,2026-05-03,20,1,0.87,2026-05-02T12:00:00
FC-000022,SEC-001,2026-05-03,21,0,0.74,2026-05-02T12:00:00
FC-000023,SEC-001,2026-05-03,22,4,0.89,2026-05-02T12:00:00
FC-000024,SEC-001,2026-05-03,23,5,0.79,2026-05-02T12:00:00
FC-000025,SEC-002,2026-05-03,0,1,0.79,2026-05-02T12:00:00
FC-000026,SEC-002,2026-05-03,1,2,0.78,2026-05-02T12:00:00
FC-000027,SEC-002,2026-05-03,2,3,0.81,2026-05-02T12:00:00
FC-000028,SEC-002,2026-05-03,3,3,0.74,2026-05-02T12:00:00
FC-000029,SEC-002,2026-05-03,4,1,0.71,2026-05-02T12:00:00
FC-000030,SEC-002,2026-05-03,5,0,0.71,2026-05-02T12:00:00
FC-000031,SEC-002,2026-05-03,6,0,0.77,2026-05-02T12:00:00
FC-000032,SEC-002,2026-05-03,7,0,0.83,2026-05-02T12:00:00
FC-000033,SEC-002,2026-05-03,8,2,0.85,2026-05-02T12:00:00
FC-000034,SEC-002,2026-05-03,9,0,0.87,2026-05-02T12:00:00
FC-000035,SEC-002,2026-05-03,10,0,0.85,2026-05-02T12:00:00
FC-000036,SEC-002,2026-05-03,11,0,0.82,2026-05-02T12:00:00
FC-000037,SEC-002,2026-05-03,12,0,0.77,2026-05-02T12:00:00
FC-000038,SEC-002,2026-05-03,13,0,0.76,2026-05-02T12:00:00
FC-000039,SEC-002,2026-05-03,14,0,0.93,2026-05-02T12:00:00
FC-000040,SEC-002,2026-05-03,15,1,0.86,2026-05-02T12:00:00
FC-000041,SEC-002,2026-05-03,16,0,0.85,2026-05-02T12:00:00
FC-000042,SEC-002,2026-05-03,17,0,0.92,2026-05-02T12:00:00
FC-000043,SEC-002,2026-05-03,18,1,0.75,2026-05-02T12:00:00
FC-000044,SEC-002,2026-05-03,19,0,0.75,2026-05-02T12:00:00
FC-000045,SEC-002,2026-05-03,20,0,0.76,2026-05-02T12:00:00
FC-000046,SEC-002,2026-05-03,21,2,0.91,2026-05-02T12:00:00
FC-000047,SEC-002,2026-05-03,22,1,0.79,2026-05-02T12:00:00
FC-000048,SEC-002,2026-05-03,23,3,0.71,2026-05-02T12:00:00
FC-000049,SEC-003,2026-05-03,0,2,0.75,2026-05-02T12:00:00
FC-000050,SEC-003,2026-05-03,1,1,0.94,2026-05-02T12:00:00
FC-000051,SEC-003,2026-05-03,2,5,0.91,2026-05-02T12:00:00
FC-000052,SEC-003,2026-05-03,3,0,0.91,2026-05-02T12:00:00
FC-000053,SEC-003,2026-05-03,4,0,0.74,2026-05-02T12:00:00
FC-000054,SEC-003,2026-05-03,5,1,0.71,2026-05-02T12:00:00
FC-000055,SEC-003,2026-05-03,6,1,0.93,2026-05-02T12:00:00
FC-000056,SEC-003,2026-05-03,7,0,0.95,2026-05-02T12:00:00
FC-000057,SEC-003,2026-05-03,8,0,0.71,2026-05-02T12:00:00
FC-000058,SEC-003,2026-05-03,9,1,0.86,2026-05-02T12:00:00
FC-000059,SEC-003,2026-05-03,10,1,0.91,2026-05-02T12:00:00
FC-000060,SEC-003,2026-05-03,11,0,0.9,2026-05-02T12:00:00
FC-000061,SEC-003,2026-05-03,12,0,0.76,2026-05-02T12:00:00
FC-000062,SEC-003,2026-05-03,13,1,0.86,2026-05-02T12:00:00
FC-000063,SEC-003,2026-05-03,14,0,0.81,2026-05-02T12:00:00
FC-000064,SEC-003,2026-05-03,15,0,0.76,2026-05-02T12:00:00
FC-000065,SEC-003,2026-05-03,16,0,0.81,2026-05-02T12:00:00
FC-000066,SEC-003,2026-05-03,17,0,0.87,2026-05-02T12:00:00
FC-000067,SEC-003,2026-05-03,18,2,0.82,2026-05-02T12:00:00
FC-000068,SEC-003,2026-05-03,19,1,0.79,2026-05-02T12:00:00
FC-000069,SEC-003,2026-05-03,20,0,0.83,2026-05-02T12:00:00
FC-000070,SEC-003,2026-05-03,21,0,0.85,2026-05-02T12:00:00
FC-000071,SEC-003,2026-05-03,22,2,0.81,2026-05-02T12:00:00
FC-000072,SEC-003,2026-05-03,23,0,0.82,2026-05-02T12:00:00
FC-000073,SEC-004,2026-05-03,0,2,0.72,2026-05-02T12:00:00
FC-000074,SEC-004,2026-05-03,1,2,0.88,2026-05-02T12:00:00
FC-000075,SEC-004,2026-05-03,2,2,0.88,2026-05-02T12:00:00
FC-000076,SEC-004,2026-05-03,3,2,0.82,2026-05-02T12:00:00
FC-000077,SEC-004,2026-05-03,4,3,0.76,2026-05-02T12:00:00
FC-000078,SEC-004,2026-05-03,5,0,0.76,2026-05-02T12:00:00
FC-000079,SEC-004,2026-05-03,6,3,0.95,2026-05-02T12:00:00
FC-000080,SEC-004,2026-05-03,7,0,0.83,2026-05-02T12:00:00
FC-000081,SEC-004,2026-05-03,8,1,0.82,2026-05-02T12:00:00
FC-000082,SEC-004,2026-05-03,9,0,0.94,2026-05-02T12:00:00
FC-000083,SEC-004,2026-05-03,10,2,0.94,2026-05-02T12:00:00
FC-000084,SEC-004,2026-05-03,11,0,0.75,2026-05-02T12:00:00
FC-000085,SEC-004,2026-05-03,12,1,0.83,2026-05-02T12:00:00
FC-000086,SEC-004,2026-05-03,13,0,0.93,2026-05-02T12:00:00
FC-000087,SEC-004,2026-05-03,14,0,0.89,2026-05-02T12:00:00
FC-000088,SEC-004,2026-05-03,15,1,0.93,2026-05-02T12:00:00
FC-000089,SEC-004,2026-05-03,16,1,0.77,2026-05-02T12:00:00
FC-000090,SEC-004,2026-05-03,17,1,0.87,2026-05-02T12:00:00
FC-000091,SEC-004,2026-05-03,18,0,0.78,2026-05-02T12:00:00
FC-000092,SEC-004,2026-05-03,19,0,0.85,2026-05-02T12:00:00
FC-000093,SEC-004,2026-05-03,20,1,0.77,2026-05-02T12:00:00
FC-000094,SEC-004,2026-05-03,21,0,0.91,2026-05-02T12:00:00
FC-000095,SEC-004,2026-05-03,22,0,0.79,2026-05-02T12:00:00
FC-000096,SEC-004,2026-05-03,23,1,0.73,2026-05-02T12:00:00
FC-000097,SEC-005,2026-05-03,0,3,0.85,2026-05-02T12:00:00
FC-000098,SEC-005,2026-05-03,1,1,0.82,2026-05-02T12:00:00
FC-000099,SEC-005,2026-05-03,2,4,0.88,2026-05-02T12:00:00
FC-000100,SEC-005,2026-05-03,3,1,0.83,2026-05-02T12:00:00
FC-000101,SEC-005,2026-05-03,4,4,0.74,2026-05-02T12:00:00
FC-000102,SEC-005,2026-05-03,5,2,0.87,2026-05-02T12:00:00
FC-000103,SEC-005,2026-05-03,6,0,0.71,2026-05-02T12:00:00
FC-000104,SEC-005,2026-05-03,7,0,0.85,2026-05-02T12:00:00
FC-000105,SEC-005,2026-05-03,8,0,0.8,2026-05-02T12:00:00
FC-000106,SEC-005,2026-05-03,9,2,0.77,2026-05-02T12:00:00
FC-000107,SEC-005,2026-05-03,10,2,0.71,2026-05-02T12:00:00
FC-000108,SEC-005,2026-05-03,11,0,0.84,2026-05-02T12:00:00
FC-000109,SEC-005,2026-05-03,12,0,0.85,2026-05-02T12:00:00
FC-000110,SEC-005,2026-05-03,13,0,0.74,2026-05-02T12:00:00
FC-000111,SEC-005,2026-05-03,14,0,0.77,2026-05-02T12:00:00
FC-000112,SEC-005,2026-05-03,15,0,0.73,2026-05-02T12:00:00
FC-000113,SEC-005,2026-05-03,16,2,0.81,2026-05-02T12:00:00
FC-000114,SEC-005,2026-05-03,17,0,0.81,2026-05-02T12:00:00
FC-000115,SEC-005,2026-05-03,18,0,0.92,2026-05-02T12:00:00
FC-000116,SEC-005,2026-05-03,19,2,0.88,2026-05-02T12:00:00
FC-000117,SEC-005,2026-05-03,20,1,0.92,2026-05-02T12:00:00
FC-000118,SEC-005,2026-05-03,21,0,0.81,2026-05-02T12:00:00
FC-000119,SEC-005,2026-05-03,22,2,0.71,2026-05-02T12:00:00
FC-000120,SEC-005,2026-05-03,23,1,0.82,2026-05-02T12:00:00
FC-000121,SEC-006,2026-05-03,0,2,0.88,2026-05-02T12:00:00
FC-000122,SEC-006,2026-05-03,1,1,0.91,2026-05-02T12:00:00
FC-000123,SEC-006,2026-05-03,2,1,0.71,2026-05-02T12:00:00
FC-000124,SEC-006,2026-05-03,3,1,0.73,2026-05-02T12:00:00
FC-000125,SEC-006,2026-05-03,4,2,0.78,2026-05-02T12:00:00
FC-000126,SEC-006,2026-05-03,5,0,0.78,2026-05-02T12:00:00
FC-000127,SEC-006,2026-05-03,6,0,0.87,2026-05-02T12:00:00
FC-000128,SEC-006,2026-05-03,7,0,0.81,2026-05-02T12:00:00
FC-000129,SEC-006,2026-05-03,8,0,0.92,2026-05-02T12:00:00
FC-000130,SEC-006,2026-05-03,9,0,0.82,2026-05-02T12:00:00
FC-000131,SEC-006,2026-05-03,10,0,0.79,2026-05-02T12:00:00
FC-000132,SEC-006,2026-05-03,11,2,0.71,2026-05-02T12:00:00
FC-000133,SEC-006,2026-05-03,12,0,0.8,2026-05-02T12:00:00
FC-000134,SEC-006,2026-05-03,13,0,0.88,2026-05-02T12:00:00
FC-000135,SEC-006,2026-05-03,14,0,0.92,2026-05-02T12:00:00
FC-000136,SEC-006,2026-05-03,15,0,0.77,2026-05-02T12:00:00
FC-000137,SEC-006,2026-05-03,16,1,0.85,2026-05-02T12:00:00
FC-000138,SEC-006,2026-05-03,17,1,0.85,2026-05-02T12:00:00
FC-000139,SEC-006,2026-05-03,18,1,0.83,2026-05-02T12:00:00
FC-000140,SEC-006,2026-05-03,19,0,0.95,2026-05-02T12:00:00
FC-000141,SEC-006,2026-05-03,20,0,0.9,2026-05-02T12:00:00
FC-000142,SEC-006,2026-05-03,21,0,0.82,2026-05-02T12:00:00
FC-000143,SEC-006,2026-05-03,22,1,0.73,2026-05-02T12:00:00
FC-000144,SEC-006,2026-05-03,23,4,0.8,2026-05-02T12:00:00
FC-000145,SEC-001,2026-05-04,0,3,0.86,2026-05-03T12:00:00
FC-000146,SEC-001,2026-05-04,1,3,0.83,2026-05-03T12:00:00
FC-000147,SEC-001,2026-05-04,2,1,0.91,2026-05-03T12:00:00
FC-000148,SEC-001,2026-05-04,3,2,0.88,2026-05-03T12:00:00
FC-000149,SEC-001,2026-05-04,4,2,0.71,2026-05-03T12:00:00
FC-000150,SEC-001,2026-05-04,5,0,0.7,2026-05-03T12:00:00
FC-000151,SEC-001,2026-05-04,6,0,0.74,2026-05-03T12:00:00
FC-000152,SEC-001,2026-05-04,7,0,0.77,2026-05-03T12:00:00
FC-000153,SEC-001,2026-05-04,8,0,0.89,2026-05-03T12:00:00
FC-000154,SEC-001,2026-05-04,9,0,0.91,2026-05-03T12:00:00
FC-000155,SEC-001,2026-05-04,10,0,0.75,2026-05-03T12:00:00
FC-000156,SEC-001,2026-05-04,11,1,0.87,2026-05-03T12:00:00
FC-000157,SEC-001,2026-05-04,12,0,0.7,2026-05-03T12:00:00
FC-000158,SEC-001,2026-05-04,13,0,0.93,2026-05-03T12:00:00
FC-000159,SEC-001,2026-05-04,14,1,0.84,2026-05-03T12:00:00
FC-000160,SEC-001,2026-05-04,15,0,0.76,2026-05-03T12:00:00
FC-000161,SEC-001,2026-05-04,16,1,0.73,2026-05-03T12:00:00
FC-000162,SEC-001,2026-05-04,17,0,0.83,2026-05-03T12:00:00
FC-000163,SEC-001,2026-05-04,18,0,0.9,2026-05-03T12:00:00
FC-000164,SEC-001,2026-05-04,19,1,0.73,2026-05-03T12:00:00
FC-000165,SEC-001,2026-05-04,20,0,0.78,2026-05-03T12:00:00
FC-000166,SEC-001,2026-05-04,21,0,0.78,2026-05-03T12:00:00
FC-000167,SEC-001,2026-05-04,22,3,0.87,2026-05-03T12:00:00
FC-000168,SEC-001,2026-05-04,23,0,0.95,2026-05-03T12:00:00
FC-000169,SEC-002,2026-05-04,0,1,0.75,2026-05-03T12:00:00
FC-000170,SEC-002,2026-05-04,1,1,0.86,2026-05-03T12:00:00
FC-000171,SEC-002,2026-05-04,2,1,0.71,2026-05-03T12:00:00
FC-000172,SEC-002,2026-05-04,3,2,0.91,2026-05-03T12:00:00
FC-000173,SEC-002,2026-05-04,4,3,0.83,2026-05-03T12:00:00
FC-000174,SEC-002,2026-05-04,5,0,0.91,2026-05-03T12:00:00
FC-000175,SEC-002,2026-05-04,6,2,0.7,2026-05-03T12:00:00
FC-000176,SEC-002,2026-05-04,7,0,0.89,2026-05-03T12:00:00
FC-000177,SEC-002,2026-05-04,8,0,0.77,2026-05-03T12:00:00
FC-000178,SEC-002,2026-05-04,9,1,0.73,2026-05-03T12:00:00
FC-000179,SEC-002,2026-05-04,10,0,0.93,2026-05-03T12:00:00
FC-000180,SEC-002,2026-05-04,11,1,0.81,2026-05-03T12:00:00
FC-000181,SEC-002,2026-05-04,12,0,0.76,2026-05-03T12:00:00
FC-000182,SEC-002,2026-05-04,13,1,0.74,2026-05-03T12:00:00
FC-000183,SEC-002,2026-05-04,14,0,0.88,2026-05-03T12:00:00
FC-000184,SEC-002,2026-05-04,15,1,0.79,2026-05-03T12:00:00
FC-000185,SEC-002,2026-05-04,16,0,0.87,2026-05-03T12:00:00
FC-000186,SEC-002,2026-05-04,17,0,0.9,2026-05-03T12:00:00
FC-000187,SEC-002,2026-05-04,18,0,0.77,2026-05-03T12:00:00
FC-000188,SEC-002,2026-05-04,19,0,0.92,2026-05-03T12:00:00
FC-000189,SEC-002,2026-05-04,20,0,0.86,2026-05-03T12:00:00
FC-000190,SEC-002,2026-05-04,21,0,0.94,2026-05-03T12:00:00
FC-000191,SEC-002,2026-05-04,22,3,0.88,2026-05-03T12:00:00
FC-000192,SEC-002,2026-05-04,23,0,0.73,2026-05-03T12:00:00
FC-000193,SEC-003,2026-05-04,0,3,0.85,2026-05-03T12:00:00
FC-000194,SEC-003,2026-05-04,1,1,0.82,2026-05-03T12:00:00
FC-000195,SEC-003,2026-05-04,2,2,0.79,2026-05-03T12:00:00
FC-000196,SEC-003,2026-05-04,3,3,0.91,2026-05-03T12:00:00
FC-000197,SEC-003,2026-05-04,4,1,0.84,2026-05-03T12:00:00
FC-000198,SEC-003,2026-05-04,5,1,0.76,2026-05-03T12:00:00
FC-000199,SEC-003,2026-05-04,6,0,0.87,2026-05-03T12:00:00
FC-000200,SEC-003,2026-05-04,7,0,0.86,2026-05-03T12:00:00
FC-000201,SEC-003,2026-05-04,8,1,0.73,2026-05-03T12:00:00
FC-000202,SEC-003,2026-05-04,9,0,0.91,2026-05-03T12:00:00
FC-000203,SEC-003,2026-05-04,10,2,0.83,2026-05-03T12:00:00
FC-000204,SEC-003,2026-05-04,11,0,0.86,2026-05-03T12:00:00
FC-000205,SEC-003,2026-05-04,12,0,0.74,2026-05-03T12:00:00
FC-000206,SEC-003,2026-05-04,13,0,0.83,2026-05-03T12:00:00
FC-000207,SEC-003,2026-05-04,14,1,0.92,2026-05-03T12:00:00
FC-000208,SEC-003,2026-05-04,15,0,0.88,2026-05-03T12:00:00
FC-000209,SEC-003,2026-05-04,16,2,0.84,2026-05-03T12:00:00
FC-000210,SEC-003,2026-05-04,17,1,0.83,2026-05-03T12:00:00
FC-000211,SEC-003,2026-05-04,18,0,0.75,2026-05-03T12:00:00
FC-000212,SEC-003,2026-05-04,19,1,0.84,2026-05-03T12:00:00
FC-000213,SEC-003,2026-05-04,20,0,0.86,2026-05-03T12:00:00
FC-000214,SEC-003,2026-05-04,21,0,0.8,2026-05-03T12:00:00
FC-000215,SEC-003,2026-05-04,22,4,0.71,2026-05-03T12:00:00
FC-000216,SEC-003,2026-05-04,23,2,0.94,2026-05-03T12:00:00
FC-000217,SEC-004,2026-05-04,0,2,0.91,2026-05-03T12:00:00
FC-000218,SEC-004,2026-05-04,1,3,0.84,2026-05-03T12:00:00
FC-000219,SEC-004,2026-05-04,2,2,0.93,2026-05-03T12:00:00
FC-000220,SEC-004,2026-05-04,3,1,0.93,2026-05-03T12:00:00
FC-000221,SEC-004,2026-05-04,4,4,0.89,2026-05-03T12:00:00
FC-000222,SEC-004,2026-05-04,5,0,0.84,2026-05-03T12:00:00
FC-000223,SEC-004,2026-05-04,6,0,0.91,2026-05-03T12:00:00
FC-000224,SEC-004,2026-05-04,7,0,0.84,2026-05-03T12:00:00
FC-000225,SEC-004,2026-05-04,8,0,0.93,2026-05-03T12:00:00
FC-000226,SEC-004,2026-05-04,9,0,0.89,2026-05-03T12:00:00
FC-000227,SEC-004,2026-05-04,10,0,0.84,2026-05-03T12:00:00
FC-000228,SEC-004,2026-05-04,11,1,0.82,2026-05-03T12:00:00
FC-000229,SEC-004,2026-05-04,12,0,0.82,2026-05-03T12:00:00
FC-000230,SEC-004,2026-05-04,13,0,0.79,2026-05-03T12:00:00
FC-000231,SEC-004,2026-05-04,14,5,0.85,2026-05-03T12:00:00
FC-000232,SEC-004,2026-05-04,15,0,0.83,2026-05-03T12:00:00
FC-000233,SEC-004,2026-05-04,16,0,0.8,2026-05-03T12:00:00
FC-000234,SEC-004,2026-05-04,17,1,0.92,2026-05-03T12:00:00
FC-000235,SEC-004,2026-05-04,18,1,0.76,2026-05-03T12:00:00
FC-000236,SEC-004,2026-05-04,19,1,0.91,2026-05-03T12:00:00
FC-000237,SEC-004,2026-05-04,20,0,0.85,2026-05-03T12:00:00
FC-000238,SEC-004,2026-05-04,21,0,0.73,2026-05-03T12:00:00
FC-000239,SEC-004,2026-05-04,22,2,0.79,2026-05-03T12:00:00
FC-000240,SEC-004,2026-05-04,23,1,0.71,2026-05-03T12:00:00
FC-000241,SEC-005,2026-05-04,0,1,0.79,2026-05-03T12:00:00
FC-000242,SEC-005,2026-05-04,1,3,0.87,2026-05-03T12:00:00
FC-000243,SEC-005,2026-05-04,2,0,0.81,2026-05-03T12:00:00
FC-000244,SEC-005,2026-05-04,3,2,0.94,2026-05-03T12:00:00
FC-000245,SEC-005,2026-05-04,4,4,0.78,2026-05-03T12:00:00
FC-000246,SEC-005,2026-05-04,5,1,0.92,2026-05-03T12:00:00
FC-000247,SEC-005,2026-05-04,6,1,0.76,2026-05-03T12:00:00
FC-000248,SEC-005,2026-05-04,7,0,0.88,2026-05-03T12:00:00
FC-000249,SEC-005,2026-05-04,8,1,0.95,2026-05-03T12:00:00
FC-000250,SEC-005,2026-05-04,9,1,0.89,2026-05-03T12:00:00
FC-000251,SEC-005,2026-05-04,10,0,0.83,2026-05-03T12:00:00
FC-000252,SEC-005,2026-05-04,11,0,0.73,2026-05-03T12:00:00
FC-000253,SEC-005,2026-05-04,12,0,0.83,2026-05-03T12:00:00
FC-000254,SEC-005,2026-05-04,13,0,0.74,2026-05-03T12:00:00
FC-000255,SEC-005,2026-05-04,14,0,0.76,2026-05-03T12:00:00
FC-000256,SEC-005,2026-05-04,15,0,0.73,2026-05-03T12:00:00
FC-000257,SEC-005,2026-05-04,16,0,0.86,2026-05-03T12:00:00
FC-000258,SEC-005,2026-05-04,17,0,0.82,2026-05-03T12:00:00
FC-000259,SEC-005,2026-05-04,18,1,0.94,2026-05-03T12:00:00
FC-000260,SEC-005,2026-05-04,19,0,0.9,2026-05-03T12:00:00
FC-000261,SEC-005,2026-05-04,20,0,0.82,2026-05-03T12:00:00
FC-000262,SEC-005,2026-05-04,21,0,0.93,2026-05-03T12:00:00
FC-000263,SEC-005,2026-05-04,22,1,0.79,2026-05-03T12:00:00
FC-000264,SEC-005,2026-05-04,23,1,0.73,2026-05-03T12:00:00
FC-000265,SEC-006,2026-05-04,0,2,0.79,2026-05-03T12:00:00
FC-000266,SEC-006,2026-05-04,1,2,0.94,2026-05-03T12:00:00
FC-000267,SEC-006,2026-05-04,2,6,0.82,2026-05-03T12:00:00
FC-000268,SEC-006,2026-05-04,3,2,0.94,2026-05-03T12:00:00
FC-000269,SEC-006,2026-05-04,4,0,0.94,2026-05-03T12:00:00
FC-000270,SEC-006,2026-05-04,5,0,0.92,2026-05-03T12:00:00
FC-000271,SEC-006,2026-05-04,6,0,0.74,2026-05-03T12:00:00
FC-000272,SEC-006,2026-05-04,7,0,0.72,2026-05-03T12:00:00
FC-000273,SEC-006,2026-05-04,8,0,0.73,2026-05-03T12:00:00
FC-000274,SEC-006,2026-05-04,9,1,0.77,2026-05-03T12:00:00
FC-000275,SEC-006,2026-05-04,10,1,0.77,2026-05-03T12:00:00
FC-000276,SEC-006,2026-05-04,11,0,0.88,2026-05-03T12:00:00
FC-000277,SEC-006,2026-05-04,12,0,0.8,2026-05-03T12:00:00
FC-000278,SEC-006,2026-05-04,13,0,0.92,2026-05-03T12:00:00
FC-000279,SEC-006,2026-05-04,14,0,0.84,2026-05-03T12:00:00
FC-000280,SEC-006,2026-05-04,15,1,0.8,2026-05-03T12:00:00
FC-000281,SEC-006,2026-05-04,16,1,0.81,2026-05-03T12:00:00
FC-000282,SEC-006,2026-05-04,17,1,0.79,2026-05-03T12:00:00
FC-000283,SEC-006,2026-05-04,18,1,0.85,2026-05-03T12:00:00
FC-000284,SEC-006,2026-05-04,19,0,0.73,2026-05-03T12:00:00
FC-000285,SEC-006,2026-05-04,20,0,0.81,2026-05-03T12:00:00
FC-000286,SEC-006,2026-05-04,21,0,0.73,2026-05-03T12:00:00
FC-000287,SEC-006,2026-05-04,22,2,0.84,2026-05-03T12:00:00
FC-000288,SEC-006,2026-05-04,23,1,0.88,2026-05-03T12:00:00
FC-000289,SEC-001,2026-05-05,0,0,0.8,2026-05-04T12:00:00
FC-000290,SEC-001,2026-05-05,1,1,0.79,2026-05-04T12:00:00
FC-000291,SEC-001,2026-05-05,2,1,0.88,2026-05-04T12:00:00
FC-000292,SEC-001,2026-05-05,3,1,0.78,2026-05-04T12:00:00
FC-000293,SEC-001,2026-05-05,4,1,0.8,2026-05-04T12:00:00
FC-000294,SEC-001,2026-05-05,5,0,0.88,2026-05-04T12:00:00
FC-000295,SEC-001,2026-05-05,6,0,0.86,2026-05-04T12:00:00
FC-000296,SEC-001,2026-05-05,7,0,0.81,2026-05-04T12:00:00
FC-000297,SEC-001,2026-05-05,8,0,0.92,2026-05-04T12:00:00
FC-000298,SEC-001,2026-05-05,9,0,0.89,2026-05-04T12:00:00
FC-000299,SEC-001,2026-05-05,10,1,0.85,2026-05-04T12:00:00
FC-000300,SEC-001,2026-05-05,11,0,0.9,2026-05-04T12:00:00
FC-000301,SEC-001,2026-05-05,12,1,0.76,2026-05-04T12:00:00
FC-000302,SEC-001,2026-05-05,13,0,0.87,2026-05-04T12:00:00
FC-000303,SEC-001,2026-05-05,14,0,0.83,2026-05-04T12:00:00
FC-000304,SEC-001,2026-05-05,15,0,0.81,2026-05-04T12:00:00
FC-000305,SEC-001,2026-05-05,16,1,0.86,2026-05-04T12:00:00
FC-000306,SEC-001,2026-05-05,17,0,0.83,2026-05-04T12:00:00
FC-000307,SEC-001,2026-05-05,18,0,0.72,2026-05-04T12:00:00
FC-000308,SEC-001,2026-05-05,19,0,0.87,2026-05-04T12:00:00
FC-000309,SEC-001,2026-05-05,20,1,0.89,2026-05-04T12:00:00
FC-000310,SEC-001,2026-05-05,21,1,0.8,2026-05-04T12:00:00
FC-000311,SEC-001,2026-05-05,22,1,0.74,2026-05-04T12:00:00
FC-000312,SEC-001,2026-05-05,23,0,0.73,2026-05-04T12:00:00
FC-000313,SEC-002,2026-05-05,0,3,0.72,2026-05-04T12:00:00
FC-000314,SEC-002,2026-05-05,1,0,0.82,2026-05-04T12:00:00
FC-000315,SEC-002,2026-05-05,2,5,0.89,2026-05-04T12:00:00
FC-000316,SEC-002,2026-05-05,3,3,0.8,2026-05-04T12:00:00
FC-000317,SEC-002,2026-05-05,4,0,0.7,2026-05-04T12:00:00
FC-000318,SEC-002,2026-05-05,5,0,0.76,2026-05-04T12:00:00
FC-000319,SEC-002,2026-05-05,6,0,0.91,2026-05-04T12:00:00
FC-000320,SEC-002,2026-05-05,7,0,0.7,2026-05-04T12:00:00
FC-000321,SEC-002,2026-05-05,8,0,0.93,2026-05-04T12:00:00
FC-000322,SEC-002,2026-05-05,9,1,0.84,2026-05-04T12:00:00
FC-000323,SEC-002,2026-05-05,10,0,0.72,2026-05-04T12:00:00
FC-000324,SEC-002,2026-05-05,11,2,0.9,2026-05-04T12:00:00
FC-000325,SEC-002,2026-05-05,12,1,0.71,2026-05-04T12:00:00
FC-000326,SEC-002,2026-05-05,13,2,0.82,2026-05-04T12:00:00
FC-000327,SEC-002,2026-05-05,14,2,0.88,2026-05-04T12:00:00
FC-000328,SEC-002,2026-05-05,15,0,0.84,2026-05-04T12:00:00
FC-000329,SEC-002,2026-05-05,16,0,0.94,2026-05-04T12:00:00
FC-000330,SEC-002,2026-05-05,17,1,0.73,2026-05-04T12:00:00
FC-000331,SEC-002,2026-05-05,18,0,0.91,2026-05-04T12:00:00
FC-000332,SEC-002,2026-05-05,19,0,0.91,2026-05-04T12:00:00
FC-000333,SEC-002,2026-05-05,20,3,0.74,2026-05-04T12:00:00
FC-000334,SEC-002,2026-05-05,21,0,0.8,2026-05-04T12:00:00
FC-000335,SEC-002,2026-05-05,22,1,0.82,2026-05-04T12:00:00
FC-000336,SEC-002,2026-05-05,23,2,0.76,2026-05-04T12:00:00
FC-000337,SEC-003,2026-05-05,0,1,0.85,2026-05-04T12:00:00
FC-000338,SEC-003,2026-05-05,1,3,0.82,2026-05-04T12:00:00
FC-000339,SEC-003,2026-05-05,2,2,0.89,2026-05-04T12:00:00
FC-000340,SEC-003,2026-05-05,3,3,0.75,2026-05-04T12:00:00
FC-000341,SEC-003,2026-05-05,4,2,0.75,2026-05-04T12:00:00
FC-000342,SEC-003,2026-05-05,5,0,0.78,2026-05-04T12:00:00
FC-000343,SEC-003,2026-05-05,6,0,0.88,2026-05-04T12:00:00
FC-000344,SEC-003,2026-05-05,7,0,0.72,2026-05-04T12:00:00
FC-000345,SEC-003,2026-05-05,8,3,0.75,2026-05-04T12:00:00
FC-000346,SEC-003,2026-05-05,9,1,0.86,2026-05-04T12:00:00
FC-000347,SEC-003,2026-05-05,10,0,0.74,2026-05-04T12:00:00
FC-000348,SEC-003,2026-05-05,11,1,0.82,2026-05-04T12:00:00
FC-000349,SEC-003,2026-05-05,12,1,0.92,2026-05-04T12:00:00
FC-000350,SEC-003,2026-05-05,13,1,0.86,2026-05-04T12:00:00
FC-000351,SEC-003,2026-05-05,14,0,0.92,2026-05-04T12:00:00
FC-000352,SEC-003,2026-05-05,15,0,0.77,2026-05-04T12:00:00
FC-000353,SEC-003,2026-05-05,16,0,0.87,2026-05-04T12:00:00
FC-000354,SEC-003,2026-05-05,17,2,0.88,2026-05-04T12:00:00
FC-000355,SEC-003,2026-05-05,18,1,0.77,2026-05-04T12:00:00
FC-000356,SEC-003,2026-05-05,19,2,0.77,2026-05-04T12:00:00
FC-000357,SEC-003,2026-05-05,20,0,0.82,2026-05-04T12:00:00
FC-000358,SEC-003,2026-05-05,21,0,0.74,2026-05-04T12:00:00
FC-000359,SEC-003,2026-05-05,22,1,0.83,2026-05-04T12:00:00
FC-000360,SEC-003,2026-05-05,23,1,0.82,2026-05-04T12:00:00
FC-000361,SEC-004,2026-05-05,0,4,0.85,2026-05-04T12:00:00
FC-000362,SEC-004,2026-05-05,1,1,0.74,2026-05-04T12:00:00
FC-000363,SEC-004,2026-05-05,2,1,0.77,2026-05-04T12:00:00
FC-000364,SEC-004,2026-05-05,3,1,0.81,2026-05-04T12:00:00
FC-000365,SEC-004,2026-05-05,4,1,0.87,2026-05-04T12:00:00
FC-000366,SEC-004,2026-05-05,5,0,0.87,2026-05-04T12:00:00
FC-000367,SEC-004,2026-05-05,6,1,0.93,2026-05-04T12:00:00
FC-000368,SEC-004,2026-05-05,7,2,0.72,2026-05-04T12:00:00
FC-000369,SEC-004,2026-05-05,8,0,0.78,2026-05-04T12:00:00
FC-000370,SEC-004,2026-05-05,9,0,0.8,2026-05-04T12:00:00
FC-000371,SEC-004,2026-05-05,10,0,0.8,2026-05-04T12:00:00
FC-000372,SEC-004,2026-05-05,11,0,0.8,2026-05-04T12:00:00
FC-000373,SEC-004,2026-05-05,12,0,0.84,2026-05-04T12:00:00
FC-000374,SEC-004,2026-05-05,13,1,0.84,2026-05-04T12:00:00
FC-000375,SEC-004,2026-05-05,14,1,0.77,2026-05-04T12:00:00
FC-000376,SEC-004,2026-05-05,15,2,0.92,2026-05-04T12:00:00
FC-000377,SEC-004,2026-05-05,16,0,0.87,2026-05-04T12:00:00
FC-000378,SEC-004,2026-05-05,17,0,0.79,2026-05-04T12:00:00
FC-000379,SEC-004,2026-05-05,18,1,0.75,2026-05-04T12:00:00
FC-000380,SEC-004,2026-05-05,19,0,0.81,2026-05-04T12:00:00
FC-000381,SEC-004,2026-05-05,20,0,0.94,2026-05-04T12:00:00
FC-000382,SEC-004,2026-05-05,21,0,0.92,2026-05-04T12:00:00
FC-000383,SEC-004,2026-05-05,22,2,0.75,2026-05-04T12:00:00
FC-000384,SEC-004,2026-05-05,23,1,0.79,2026-05-04T12:00:00
FC-000385,SEC-005,2026-05-05,0,5,0.91,2026-05-04T12:00:00
FC-000386,SEC-005,2026-05-05,1,1,0.73,2026-05-04T12:00:00
FC-000387,SEC-005,2026-05-05,2,0,0.94,2026-05-04T12:00:00
FC-000388,SEC-005,2026-05-05,3,1,0.85,2026-05-04T12:00:00
FC-000389,SEC-005,2026-05-05,4,2,0.92,2026-05-04T12:00:00
FC-000390,SEC-005,2026-05-05,5,0,0.94,2026-05-04T12:00:00
FC-000391,SEC-005,2026-05-05,6,0,0.93,2026-05-04T12:00:00
FC-000392,SEC-005,2026-05-05,7,0,0.84,2026-05-04T12:00:00
FC-000393,SEC-005,2026-05-05,8,1,0.83,2026-05-04T12:00:00
FC-000394,SEC-005,2026-05-05,9,0,0.89,2026-05-04T12:00:00
FC-000395,SEC-005,2026-05-05,10,1,0.84,2026-05-04T12:00:00
FC-000396,SEC-005,2026-05-05,11,3,0.85,2026-05-04T12:00:00
FC-000397,SEC-005,2026-05-05,12,0,0.74,2026-05-04T12:00:00
FC-000398,SEC-005,2026-05-05,13,0,0.95,2026-05-04T12:00:00
FC-000399,SEC-005,2026-05-05,14,0,0.74,2026-05-04T12:00:00
FC-000400,SEC-005,2026-05-05,15,0,0.72,2026-05-04T12:00:00
FC-000401,SEC-005,2026-05-05,16,0,0.74,2026-05-04T12:00:00
FC-000402,SEC-005,2026-05-05,17,0,0.8,2026-05-04T12:00:00
FC-000403,SEC-005,2026-05-05,18,1,0.78,2026-05-04T12:00:00
FC-000404,SEC-005,2026-05-05,19,0,0.93,2026-05-04T12:00:00
FC-000405,SEC-005,2026-05-05,20,0,0.88,2026-05-04T12:00:00
FC-000406,SEC-005,2026-05-05,21,1,0.84,2026-05-04T12:00:00
FC-000407,SEC-005,2026-05-05,22,2,0.79,2026-05-04T12:00:00
FC-000408,SEC-005,2026-05-05,23,1,0.82,2026-05-04T12:00:00
FC-000409,SEC-006,2026-05-05,0,2,0.71,2026-05-04T12:00:00
FC-000410,SEC-006,2026-05-05,1,3,0.94,2026-05-04T12:00:00
FC-000411,SEC-006,2026-05-05,2,1,0.8,2026-05-04T12:00:00
FC-000412,SEC-006,2026-05-05,3,0,0.74,2026-05-04T12:00:00
FC-000413,SEC-006,2026-05-05,4,3,0.78,2026-05-04T12:00:00
FC-000414,SEC-006,2026-05-05,5,0,0.91,2026-05-04T12:00:00
FC-000415,SEC-006,2026-05-05,6,1,0.73,2026-05-04T12:00:00
FC-000416,SEC-006,2026-05-05,7,0,0.75,2026-05-04T12:00:00
FC-000417,SEC-006,2026-05-05,8,1,0.78,2026-05-04T12:00:00
FC-000418,SEC-006,2026-05-05,9,0,0.73,2026-05-04T12:00:00
FC-000419,SEC-006,2026-05-05,10,0,0.94,2026-05-04T12:00:00
FC-000420,SEC-006,2026-05-05,11,0,0.83,2026-05-04T12:00:00
FC-000421,SEC-006,2026-05-05,12,2,0.77,2026-05-04T12:00:00
FC-000422,SEC-006,2026-05-05,13,1,0.76,2026-05-04T12:00:00
FC-000423,SEC-006,2026-05-05,14,1,0.87,2026-05-04T12:00:00
FC-000424,SEC-006,2026-05-05,15,0,0.9,2026-05-04T12:00:00
FC-000425,SEC-006,2026-05-05,16,1,0.75,2026-05-04T12:00:00
FC-000426,SEC-006,2026-05-05,17,0,0.93,2026-05-04T12:00:00
FC-000427,SEC-006,2026-05-05,18,0,0.76,2026-05-04T12:00:00
FC-000428,SEC-006,2026-05-05,19,2,0.88,2026-05-04T12:00:00
FC-000429,SEC-006,2026-05-05,20,0,0.72,2026-05-04T12:00:00
FC-000430,SEC-006,2026-05-05,21,0,0.74,2026-05-04T12:00:00
FC-000431,SEC-006,2026-05-05,22,1,0.92,2026-05-04T12:00:00
FC-000432,SEC-006,2026-05-05,23,1,0.73,2026-05-04T12:00:00
FC-000433,SEC-001,2026-05-06,0,0,0.71,2026-05-05T12:00:00
FC-000434,SEC-001,2026-05-06,1,1,0.76,2026-05-05T12:00:00
FC-000435,SEC-001,2026-05-06,2,1,0.71,2026-05-05T12:00:00
FC-000436,SEC-001,2026-05-06,3,2,0.95,2026-05-05T12:00:00
FC-000437,SEC-001,2026-05-06,4,2,0.84,2026-05-05T12:00:00
FC-000438,SEC-001,2026-05-06,5,2,0.83,2026-05-05T12:00:00
FC-000439,SEC-001,2026-05-06,6,0,0.86,2026-05-05T12:00:00
FC-000440,SEC-001,2026-05-06,7,0,0.74,2026-05-05T12:00:00
FC-000441,SEC-001,2026-05-06,8,1,0.82,2026-05-05T12:00:00
FC-000442,SEC-001,2026-05-06,9,0,0.85,2026-05-05T12:00:00
FC-000443,SEC-001,2026-05-06,10,1,0.86,2026-05-05T12:00:00
FC-000444,SEC-001,2026-05-06,11,1,0.81,2026-05-05T12:00:00
FC-000445,SEC-001,2026-05-06,12,1,0.9,2026-05-05T12:00:00
FC-000446,SEC-001,2026-05-06,13,0,0.82,2026-05-05T12:00:00
FC-000447,SEC-001,2026-05-06,14,1,0.75,2026-05-05T12:00:00
FC-000448,SEC-001,2026-05-06,15,0,0.75,2026-05-05T12:00:00
FC-000449,SEC-001,2026-05-06,16,0,0.72,2026-05-05T12:00:00
FC-000450,SEC-001,2026-05-06,17,1,0.74,2026-05-05T12:00:00
FC-000451,SEC-001,2026-05-06,18,0,0.89,2026-05-05T12:00:00
FC-000452,SEC-001,2026-05-06,19,2,0.71,2026-05-05T12:00:00
FC-000453,SEC-001,2026-05-06,20,0,0.85,2026-05-05T12:00:00
FC-000454,SEC-001,2026-05-06,21,0,0.92,2026-05-05T12:00:00
FC-000455,SEC-001,2026-05-06,22,1,0.82,2026-05-05T12:00:00
FC-000456,SEC-001,2026-05-06,23,8,0.72,2026-05-05T12:00:00
FC-000457,SEC-002,2026-05-06,0,2,0.82,2026-05-05T12:00:00
FC-000458,SEC-002,2026-05-06,1,2,0.92,2026-05-05T12:00:00
FC-000459,SEC-002,2026-05-06,2,6,0.87,2026-05-05T12:00:00
FC-000460,SEC-002,2026-05-06,3,1,0.94,2026-05-05T12:00:00
FC-000461,SEC-002,2026-05-06,4,2,0.76,2026-05-05T12:00:00
FC-000462,SEC-002,2026-05-06,5,1,0.73,2026-05-05T12:00:00
FC-000463,SEC-002,2026-05-06,6,0,0.88,2026-05-05T12:00:00
FC-000464,SEC-002,2026-05-06,7,0,0.73,2026-05-05T12:00:00
FC-000465,SEC-002,2026-05-06,8,1,0.85,2026-05-05T12:00:00
FC-000466,SEC-002,2026-05-06,9,0,0.8,2026-05-05T12:00:00
FC-000467,SEC-002,2026-05-06,10,1,0.84,2026-05-05T12:00:00
FC-000468,SEC-002,2026-05-06,11,0,0.91,2026-05-05T12:00:00
FC-000469,SEC-002,2026-05-06,12,1,0.94,2026-05-05T12:00:00
FC-000470,SEC-002,2026-05-06,13,1,0.84,2026-05-05T12:00:00
FC-000471,SEC-002,2026-05-06,14,1,0.9,2026-05-05T12:00:00
FC-000472,SEC-002,2026-05-06,15,1,0.72,2026-05-05T12:00:00
FC-000473,SEC-002,2026-05-06,16,0,0.74,2026-05-05T12:00:00
FC-000474,SEC-002,2026-05-06,17,0,0.83,2026-05-05T12:00:00
FC-000475,SEC-002,2026-05-06,18,0,0.95,2026-05-05T12:00:00
FC-000476,SEC-002,2026-05-06,19,1,0.95,2026-05-05T12:00:00
FC-000477,SEC-002,2026-05-06,20,0,0.89,2026-05-05T12:00:00
FC-000478,SEC-002,2026-05-06,21,0,0.79,2026-05-05T12:00:00
FC-000479,SEC-002,2026-05-06,22,3,0.9,2026-05-05T12:00:00
FC-000480,SEC-002,2026-05-06,23,1,0.78,2026-05-05T12:00:00
FC-000481,SEC-003,2026-05-06,0,2,0.93,2026-05-05T12:00:00
FC-000482,SEC-003,2026-05-06,1,1,0.77,2026-05-05T12:00:00
FC-000483,SEC-003,2026-05-06,2,4,0.79,2026-05-05T12:00:00
FC-000484,SEC-003,2026-05-06,3,1,0.8,2026-05-05T12:00:00
FC-000485,SEC-003,2026-05-06,4,1,0.77,2026-05-05T12:00:00
FC-000486,SEC-003,2026-05-06,5,0,0.87,2026-05-05T12:00:00
FC-000487,SEC-003,2026-05-06,6,0,0.86,2026-05-05T12:00:00
FC-000488,SEC-003,2026-05-06,7,0,0.93,2026-05-05T12:00:00
FC-000489,SEC-003,2026-05-06,8,0,0.91,2026-05-05T12:00:00
FC-000490,SEC-003,2026-05-06,9,0,0.87,2026-05-05T12:00:00
FC-000491,SEC-003,2026-05-06,10,0,0.71,2026-05-05T12:00:00
FC-000492,SEC-003,2026-05-06,11,0,0.92,2026-05-05T12:00:00
FC-000493,SEC-003,2026-05-06,12,0,0.71,2026-05-05T12:00:00
FC-000494,SEC-003,2026-05-06,13,0,0.82,2026-05-05T12:00:00
FC-000495,SEC-003,2026-05-06,14,0,0.92,2026-05-05T12:00:00
FC-000496,SEC-003,2026-05-06,15,0,0.84,2026-05-05T12:00:00
FC-000497,SEC-003,2026-05-06,16,1,0.88,2026-05-05T12:00:00
FC-000498,SEC-003,2026-05-06,17,1,0.94,2026-05-05T12:00:00
FC-000499,SEC-003,2026-05-06,18,0,0.85,2026-05-05T12:00:00
FC-000500,SEC-003,2026-05-06,19,0,0.74,2026-05-05T12:00:00
FC-000501,SEC-003,2026-05-06,20,0,0.92,2026-05-05T12:00:00
FC-000502,SEC-003,2026-05-06,21,0,0.92,2026-05-05T12:00:00
FC-000503,SEC-003,2026-05-06,22,1,0.82,2026-05-05T12:00:00
FC-000504,SEC-003,2026-05-06,23,4,0.88,2026-05-05T12:00:00
FC-000505,SEC-004,2026-05-06,0,1,0.88,2026-05-05T12:00:00
FC-000506,SEC-004,2026-05-06,1,3,0.71,2026-05-05T12:00:00
FC-000507,SEC-004,2026-05-06,2,0,0.93,2026-05-05T12:00:00
FC-000508,SEC-004,2026-05-06,3,1,0.78,2026-05-05T12:00:00
FC-000509,SEC-004,2026-05-06,4,3,0.76,2026-05-05T12:00:00
FC-000510,SEC-004,2026-05-06,5,0,0.88,2026-05-05T12:00:00
FC-000511,SEC-004,2026-05-06,6,0,0.73,2026-05-05T12:00:00
FC-000512,SEC-004,2026-05-06,7,1,0.74,2026-05-05T12:00:00
FC-000513,SEC-004,2026-05-06,8,0,0.89,2026-05-05T12:00:00
FC-000514,SEC-004,2026-05-06,9,0,0.94,2026-05-05T12:00:00
FC-000515,SEC-004,2026-05-06,10,0,0.74,2026-05-05T12:00:00
FC-000516,SEC-004,2026-05-06,11,0,0.77,2026-05-05T12:00:00
FC-000517,SEC-004,2026-05-06,12,1,0.77,2026-05-05T12:00:00
FC-000518,SEC-004,2026-05-06,13,0,0.89,2026-05-05T12:00:00
FC-000519,SEC-004,2026-05-06,14,0,0.9,2026-05-05T12:00:00
FC-000520,SEC-004,2026-05-06,15,0,0.93,2026-05-05T12:00:00
FC-000521,SEC-004,2026-05-06,16,2,0.86,2026-05-05T12:00:00
FC-000522,SEC-004,2026-05-06,17,1,0.76,2026-05-05T12:00:00
FC-000523,SEC-004,2026-05-06,18,0,0.7,2026-05-05T12:00:00
FC-000524,SEC-004,2026-05-06,19,0,0.84,2026-05-05T12:00:00
FC-000525,SEC-004,2026-05-06,20,0,0.84,2026-05-05T12:00:00
FC-000526,SEC-004,2026-05-06,21,0,0.78,2026-05-05T12:00:00
FC-000527,SEC-004,2026-05-06,22,2,0.9,2026-05-05T12:00:00
FC-000528,SEC-004,2026-05-06,23,4,0.82,2026-05-05T12:00:00
FC-000529,SEC-005,2026-05-06,0,3,0.81,2026-05-05T12:00:00
FC-000530,SEC-005,2026-05-06,1,0,0.76,2026-05-05T12:00:00
FC-000531,SEC-005,2026-05-06,2,2,0.79,2026-05-05T12:00:00
FC-000532,SEC-005,2026-05-06,3,0,0.87,2026-05-05T12:00:00
FC-000533,SEC-005,2026-05-06,4,3,0.83,2026-05-05T12:00:00
FC-000534,SEC-005,2026-05-06,5,0,0.84,2026-05-05T12:00:00
FC-000535,SEC-005,2026-05-06,6,1,0.94,2026-05-05T12:00:00
FC-000536,SEC-005,2026-05-06,7,0,0.78,2026-05-05T12:00:00
FC-000537,SEC-005,2026-05-06,8,0,0.72,2026-05-05T12:00:00
FC-000538,SEC-005,2026-05-06,9,0,0.75,2026-05-05T12:00:00
FC-000539,SEC-005,2026-05-06,10,0,0.7,2026-05-05T12:00:00
FC-000540,SEC-005,2026-05-06,11,0,0.81,2026-05-05T12:00:00
FC-000541,SEC-005,2026-05-06,12,1,0.8,2026-05-05T12:00:00
FC-000542,SEC-005,2026-05-06,13,1,0.82,2026-05-05T12:00:00
FC-000543,SEC-005,2026-05-06,14,0,0.93,2026-05-05T12:00:00
FC-000544,SEC-005,2026-05-06,15,0,0.7,2026-05-05T12:00:00
FC-000545,SEC-005,2026-05-06,16,0,0.87,2026-05-05T12:00:00
FC-000546,SEC-005,2026-05-06,17,0,0.91,2026-05-05T12:00:00
FC-000547,SEC-005,2026-05-06,18,0,0.94,2026-05-05T12:00:00
FC-000548,SEC-005,2026-05-06,19,0,0.81,2026-05-05T12:00:00
FC-000549,SEC-005,2026-05-06,20,0,0.82,2026-05-05T12:00:00
FC-000550,SEC-005,2026-05-06,21,1,0.73,2026-05-05T12:00:00
FC-000551,SEC-005,2026-05-06,22,4,0.85,2026-05-05T12:00:00
FC-000552,SEC-005,2026-05-06,23,1,0.88,2026-05-05T12:00:00
FC-000553,SEC-006,2026-05-06,0,2,0.82,2026-05-05T12:00:00
FC-000554,SEC-006,2026-05-06,1,1,0.77,2026-05-05T12:00:00
FC-000555,SEC-006,2026-05-06,2,2,0.7,2026-05-05T12:00:00
FC-000556,SEC-006,2026-05-06,3,1,0.8,2026-05-05T12:00:00
FC-000557,SEC-006,2026-05-06,4,2,0.77,2026-05-05T12:00:00
FC-000558,SEC-006,2026-05-06,5,0,0.87,2026-05-05T12:00:00
FC-000559,SEC-006,2026-05-06,6,0,0.79,2026-05-05T12:00:00
FC-000560,SEC-006,2026-05-06,7,2,0.76,2026-05-05T12:00:00
FC-000561,SEC-006,2026-05-06,8,0,0.87,2026-05-05T12:00:00
FC-000562,SEC-006,2026-05-06,9,0,0.75,2026-05-05T12:00:00
FC-000563,SEC-006,2026-05-06,10,0,0.72,2026-05-05T12:00:00
FC-000564,SEC-006,2026-05-06,11,2,0.94,2026-05-05T12:00:00
FC-000565,SEC-006,2026-05-06,12,0,0.79,2026-05-05T12:00:00
FC-000566,SEC-006,2026-05-06,13,0,0.78,2026-05-05T12:00:00
FC-000567,SEC-006,2026-05-06,14,0,0.87,2026-05-05T12:00:00
FC-000568,SEC-006,2026-05-06,15,2,0.78,2026-05-05T12:00:00
FC-000569,SEC-006,2026-05-06,16,0,0.83,2026-05-05T12:00:00
FC-000570,SEC-006,2026-05-06,17,2,0.84,2026-05-05T12:00:00
FC-000571,SEC-006,2026-05-06,18,0,0.72,2026-05-05T12:00:00
FC-000572,SEC-006,2026-05-06,19,0,0.86,2026-05-05T12:00:00
FC-000573,SEC-006,2026-05-06,20,0,0.84,2026-05-05T12:00:00
FC-000574,SEC-006,2026-05-06,21,0,0.9,2026-05-05T12:00:00
FC-000575,SEC-006,2026-05-06,22,3,0.83,2026-05-05T12:00:00
FC-000576,SEC-006,2026-05-06,23,0,0.91,2026-05-05T12:00:00
FC-000577,SEC-001,2026-05-07,0,3,0.88,2026-05-06T12:00:00
FC-000578,SEC-001,2026-05-07,1,3,0.71,2026-05-06T12:00:00
FC-000579,SEC-001,2026-05-07,2,4,0.73,2026-05-06T12:00:00
FC-000580,SEC-001,2026-05-07,3,2,0.91,2026-05-06T12:00:00
FC-000581,SEC-001,2026-05-07,4,0,0.76,2026-05-06T12:00:00
FC-000582,SEC-001,2026-05-07,5,2,0.79,2026-05-06T12:00:00
FC-000583,SEC-001,2026-05-07,6,0,0.72,2026-05-06T12:00:00
FC-000584,SEC-001,2026-05-07,7,1,0.87,2026-05-06T12:00:00
FC-000585,SEC-001,2026-05-07,8,0,0.89,2026-05-06T12:00:00
FC-000586,SEC-001,2026-05-07,9,0,0.92,2026-05-06T12:00:00
FC-000587,SEC-001,2026-05-07,10,0,0.95,2026-05-06T12:00:00
FC-000588,SEC-001,2026-05-07,11,0,0.86,2026-05-06T12:00:00
FC-000589,SEC-001,2026-05-07,12,0,0.75,2026-05-06T12:00:00
FC-000590,SEC-001,2026-05-07,13,1,0.86,2026-05-06T12:00:00
FC-000591,SEC-001,2026-05-07,14,2,0.93,2026-05-06T12:00:00
FC-000592,SEC-001,2026-05-07,15,0,0.88,2026-05-06T12:00:00
FC-000593,SEC-001,2026-05-07,16,0,0.79,2026-05-06T12:00:00
FC-000594,SEC-001,2026-05-07,17,0,0.76,2026-05-06T12:00:00
FC-000595,SEC-001,2026-05-07,18,0,0.94,2026-05-06T12:00:00
FC-000596,SEC-001,2026-05-07,19,0,0.82,2026-05-06T12:00:00
FC-000597,SEC-001,2026-05-07,20,1,0.87,2026-05-06T12:00:00
FC-000598,SEC-001,2026-05-07,21,0,0.9,2026-05-06T12:00:00
FC-000599,SEC-001,2026-05-07,22,2,0.77,2026-05-06T12:00:00
FC-000600,SEC-001,2026-05-07,23,1,0.78,2026-05-06T12:00:00
FC-000601,SEC-002,2026-05-07,0,4,0.87,2026-05-06T12:00:00
FC-000602,SEC-002,2026-05-07,1,2,0.82,2026-05-06T12:00:00
FC-000603,SEC-002,2026-05-07,2,0,0.85,2026-05-06T12:00:00
FC-000604,SEC-002,2026-05-07,3,3,0.72,2026-05-06T12:00:00
FC-000605,SEC-002,2026-05-07,4,0,0.74,2026-05-06T12:00:00
FC-000606,SEC-002,2026-05-07,5,1,0.93,2026-05-06T12:00:00
FC-000607,SEC-002,2026-05-07,6,0,0.72,2026-05-06T12:00:00
FC-000608,SEC-002,2026-05-07,7,1,0.94,2026-05-06T12:00:00
FC-000609,SEC-002,2026-05-07,8,0,0.84,2026-05-06T12:00:00
FC-000610,SEC-002,2026-05-07,9,1,0.91,2026-05-06T12:00:00
FC-000611,SEC-002,2026-05-07,10,0,0.78,2026-05-06T12:00:00
FC-000612,SEC-002,2026-05-07,11,2,0.75,2026-05-06T12:00:00
FC-000613,SEC-002,2026-05-07,12,1,0.86,2026-05-06T12:00:00
FC-000614,SEC-002,2026-05-07,13,0,0.89,2026-05-06T12:00:00
FC-000615,SEC-002,2026-05-07,14,1,0.76,2026-05-06T12:00:00
FC-000616,SEC-002,2026-05-07,15,0,0.87,2026-05-06T12:00:00
FC-000617,SEC-002,2026-05-07,16,1,0.94,2026-05-06T12:00:00
FC-000618,SEC-002,2026-05-07,17,0,0.73,2026-05-06T12:00:00
FC-000619,SEC-002,2026-05-07,18,1,0.74,2026-05-06T12:00:00
FC-000620,SEC-002,2026-05-07,19,0,0.78,2026-05-06T12:00:00
FC-000621,SEC-002,2026-05-07,20,0,0.83,2026-05-06T12:00:00
FC-000622,SEC-002,2026-05-07,21,1,0.88,2026-05-06T12:00:00
FC-000623,SEC-002,2026-05-07,22,5,0.85,2026-05-06T12:00:00
FC-000624,SEC-002,2026-05-07,23,1,0.79,2026-05-06T12:00:00
FC-000625,SEC-003,2026-05-07,0,5,0.78,2026-05-06T12:00:00
FC-000626,SEC-003,2026-05-07,1,3,0.9,2026-05-06T12:00:00
FC-000627,SEC-003,2026-05-07,2,1,0.75,2026-05-06T12:00:00
FC-000628,SEC-003,2026-05-07,3,3,0.82,2026-05-06T12:00:00
FC-000629,SEC-003,2026-05-07,4,0,0.85,2026-05-06T12:00:00
FC-000630,SEC-003,2026-05-07,5,1,0.82,2026-05-06T12:00:00
FC-000631,SEC-003,2026-05-07,6,0,0.83,2026-05-06T12:00:00
FC-000632,SEC-003,2026-05-07,7,1,0.83,2026-05-06T12:00:00
FC-000633,SEC-003,2026-05-07,8,2,0.72,2026-05-06T12:00:00
FC-000634,SEC-003,2026-05-07,9,1,0.88,2026-05-06T12:00:00
FC-000635,SEC-003,2026-05-07,10,1,0.83,2026-05-06T12:00:00
FC-000636,SEC-003,2026-05-07,11,1,0.71,2026-05-06T12:00:00
FC-000637,SEC-003,2026-05-07,12,0,0.8,2026-05-06T12:00:00
FC-000638,SEC-003,2026-05-07,13,0,0.72,2026-05-06T12:00:00
FC-000639,SEC-003,2026-05-07,14,0,0.84,2026-05-06T12:00:00
FC-000640,SEC-003,2026-05-07,15,1,0.94,2026-05-06T12:00:00
FC-000641,SEC-003,2026-05-07,16,1,0.92,2026-05-06T12:00:00
FC-000642,SEC-003,2026-05-07,17,0,0.84,2026-05-06T12:00:00
FC-000643,SEC-003,2026-05-07,18,1,0.77,2026-05-06T12:00:00
FC-000644,SEC-003,2026-05-07,19,0,0.78,2026-05-06T12:00:00
FC-000645,SEC-003,2026-05-07,20,0,0.82,2026-05-06T12:00:00
FC-000646,SEC-003,2026-05-07,21,0,0.9,2026-05-06T12:00:00
FC-000647,SEC-003,2026-05-07,22,2,0.72,2026-05-06T12:00:00
FC-000648,SEC-003,2026-05-07,23,4,0.86,2026-05-06T12:00:00
FC-000649,SEC-004,2026-05-07,0,3,0.95,2026-05-06T12:00:00
FC-000650,SEC-004,2026-05-07,1,0,0.89,2026-05-06T12:00:00
FC-000651,SEC-004,2026-05-07,2,3,0.77,2026-05-06T12:00:00
FC-000652,SEC-004,2026-05-07,3,3,0.82,2026-05-06T12:00:00
FC-000653,SEC-004,2026-05-07,4,1,0.92,2026-05-06T12:00:00
FC-000654,SEC-004,2026-05-07,5,0,0.93,2026-05-06T12:00:00
FC-000655,SEC-004,2026-05-07,6,0,0.82,2026-05-06T12:00:00
FC-000656,SEC-004,2026-05-07,7,1,0.8,2026-05-06T12:00:00
FC-000657,SEC-004,2026-05-07,8,1,0.83,2026-05-06T12:00:00
FC-000658,SEC-004,2026-05-07,9,0,0.86,2026-05-06T12:00:00
FC-000659,SEC-004,2026-05-07,10,0,0.79,2026-05-06T12:00:00
FC-000660,SEC-004,2026-05-07,11,0,0.78,2026-05-06T12:00:00
FC-000661,SEC-004,2026-05-07,12,0,0.88,2026-05-06T12:00:00
FC-000662,SEC-004,2026-05-07,13,0,0.87,2026-05-06T12:00:00
FC-000663,SEC-004,2026-05-07,14,0,0.78,2026-05-06T12:00:00
FC-000664,SEC-004,2026-05-07,15,2,0.9,2026-05-06T12:00:00
FC-000665,SEC-004,2026-05-07,16,1,0.92,2026-05-06T12:00:00
FC-000666,SEC-004,2026-05-07,17,0,0.77,2026-05-06T12:00:00
FC-000667,SEC-004,2026-05-07,18,0,0.94,2026-05-06T12:00:00
FC-000668,SEC-004,2026-05-07,19,0,0.76,2026-05-06T12:00:00
FC-000669,SEC-004,2026-05-07,20,0,0.74,2026-05-06T12:00:00
FC-000670,SEC-004,2026-05-07,21,1,0.82,2026-05-06T12:00:00
FC-000671,SEC-004,2026-05-07,22,1,0.79,2026-05-06T12:00:00
FC-000672,SEC-004,2026-05-07,23,1,0.72,2026-05-06T12:00:00
FC-000673,SEC-005,2026-05-07,0,1,0.94,2026-05-06T12:00:00
FC-000674,SEC-005,2026-05-07,1,2,0.88,2026-05-06T12:00:00
FC-000675,SEC-005,2026-05-07,2,3,0.78,2026-05-06T12:00:00
FC-000676,SEC-005,2026-05-07,3,1,0.79,2026-05-06T12:00:00
FC-000677,SEC-005,2026-05-07,4,3,0.82,2026-05-06T12:00:00
FC-000678,SEC-005,2026-05-07,5,1,0.71,2026-05-06T12:00:00
FC-000679,SEC-005,2026-05-07,6,0,0.72,2026-05-06T12:00:00
FC-000680,SEC-005,2026-05-07,7,0,0.86,2026-05-06T12:00:00
FC-000681,SEC-005,2026-05-07,8,1,0.9,2026-05-06T12:00:00
FC-000682,SEC-005,2026-05-07,9,0,0.95,2026-05-06T12:00:00
FC-000683,SEC-005,2026-05-07,10,0,0.74,2026-05-06T12:00:00
FC-000684,SEC-005,2026-05-07,11,0,0.8,2026-05-06T12:00:00
FC-000685,SEC-005,2026-05-07,12,0,0.89,2026-05-06T12:00:00
FC-000686,SEC-005,2026-05-07,13,0,0.84,2026-05-06T12:00:00
FC-000687,SEC-005,2026-05-07,14,0,0.72,2026-05-06T12:00:00
FC-000688,SEC-005,2026-05-07,15,0,0.71,2026-05-06T12:00:00
FC-000689,SEC-005,2026-05-07,16,1,0.79,2026-05-06T12:00:00
FC-000690,SEC-005,2026-05-07,17,0,0.81,2026-05-06T12:00:00
FC-000691,SEC-005,2026-05-07,18,1,0.9,2026-05-06T12:00:00
FC-000692,SEC-005,2026-05-07,19,1,0.74,2026-05-06T12:00:00
FC-000693,SEC-005,2026-05-07,20,1,0.71,2026-05-06T12:00:00
FC-000694,SEC-005,2026-05-07,21,0,0.78,2026-05-06T12:00:00
FC-000695,SEC-005,2026-05-07,22,3,0.8,2026-05-06T12:00:00
FC-000696,SEC-005,2026-05-07,23,2,0.9,2026-05-06T12:00:00
FC-000697,SEC-006,2026-05-07,0,0,0.81,2026-05-06T12:00:00
FC-000698,SEC-006,2026-05-07,1,4,0.89,2026-05-06T12:00:00
FC-000699,SEC-006,2026-05-07,2,0,0.77,2026-05-06T12:00:00
FC-000700,SEC-006,2026-05-07,3,3,0.88,2026-05-06T12:00:00
FC-000701,SEC-006,2026-05-07,4,4,0.8,2026-05-06T12:00:00
FC-000702,SEC-006,2026-05-07,5,0,0.8,2026-05-06T12:00:00
FC-000703,SEC-006,2026-05-07,6,0,0.87,2026-05-06T12:00:00
FC-000704,SEC-006,2026-05-07,7,0,0.86,2026-05-06T12:00:00
FC-000705,SEC-006,2026-05-07,8,1,0.84,2026-05-06T12:00:00
FC-000706,SEC-006,2026-05-07,9,2,0.75,2026-05-06T12:00:00
FC-000707,SEC-006,2026-05-07,10,0,0.74,2026-05-06T12:00:00
FC-000708,SEC-006,2026-05-07,11,0,0.82,2026-05-06T12:00:00
FC-000709,SEC-006,2026-05-07,12,0,0.78,2026-05-06T12:00:00
FC-000710,SEC-006,2026-05-07,13,0,0.91,2026-05-06T12:00:00
FC-000711,SEC-006,2026-05-07,14,0,0.75,2026-05-06T12:00:00
FC-000712,SEC-006,2026-05-07,15,0,0.83,2026-05-06T12:00:00
FC-000713,SEC-006,2026-05-07,16,0,0.88,2026-05-06T12:00:00
FC-000714,SEC-006,2026-05-07,17,1,0.76,2026-05-06T12:00:00
FC-000715,SEC-006,2026-05-07,18,0,0.86,2026-05-06T12:00:00
FC-000716,SEC-006,2026-05-07,19,0,0.77,2026-05-06T12:00:00
FC-000717,SEC-006,2026-05-07,20,0,0.76,2026-05-06T12:00:00
FC-000718,SEC-006,2026-05-07,21,2,0.74,2026-05-06T12:00:00
FC-000719,SEC-006,2026-05-07,22,0,0.91,2026-05-06T12:00:00
FC-000720,SEC-006,2026-05-07,23,1,0.83,2026-05-06T12:00:00
FC-000721,SEC-001,2026-05-08,0,5,0.93,2026-05-07T12:00:00
FC-000722,SEC-001,2026-05-08,1,1,0.87,2026-05-07T12:00:00
FC-000723,SEC-001,2026-05-08,2,1,0.83,2026-05-07T12:00:00
FC-000724,SEC-001,2026-05-08,3,0,0.93,2026-05-07T12:00:00
FC-000725,SEC-001,2026-05-08,4,1,0.86,2026-05-07T12:00:00
FC-000726,SEC-001,2026-05-08,5,1,0.89,2026-05-07T12:00:00
FC-000727,SEC-001,2026-05-08,6,0,0.94,2026-05-07T12:00:00
FC-000728,SEC-001,2026-05-08,7,0,0.9,2026-05-07T12:00:00
FC-000729,SEC-001,2026-05-08,8,1,0.81,2026-05-07T12:00:00
FC-000730,SEC-001,2026-05-08,9,0,0.78,2026-05-07T12:00:00
FC-000731,SEC-001,2026-05-08,10,0,0.76,2026-05-07T12:00:00
FC-000732,SEC-001,2026-05-08,11,2,0.85,2026-05-07T12:00:00
FC-000733,SEC-001,2026-05-08,12,0,0.93,2026-05-07T12:00:00
FC-000734,SEC-001,2026-05-08,13,0,0.89,2026-05-07T12:00:00
FC-000735,SEC-001,2026-05-08,14,0,0.71,2026-05-07T12:00:00
FC-000736,SEC-001,2026-05-08,15,0,0.71,2026-05-07T12:00:00
FC-000737,SEC-001,2026-05-08,16,0,0.74,2026-05-07T12:00:00
FC-000738,SEC-001,2026-05-08,17,0,0.83,2026-05-07T12:00:00
FC-000739,SEC-001,2026-05-08,18,0,0.72,2026-05-07T12:00:00
FC-000740,SEC-001,2026-05-08,19,1,0.71,2026-05-07T12:00:00
FC-000741,SEC-001,2026-05-08,20,1,0.75,2026-05-07T12:00:00
FC-000742,SEC-001,2026-05-08,21,0,0.74,2026-05-07T12:00:00
FC-000743,SEC-001,2026-05-08,22,2,0.8,2026-05-07T12:00:00
FC-000744,SEC-001,2026-05-08,23,1,0.8,2026-05-07T12:00:00
FC-000745,SEC-002,2026-05-08,0,2,0.72,2026-05-07T12:00:00
FC-000746,SEC-002,2026-05-08,1,2,0.84,2026-05-07T12:00:00
FC-000747,SEC-002,2026-05-08,2,1,0.83,2026-05-07T12:00:00
FC-000748,SEC-002,2026-05-08,3,3,0.83,2026-05-07T12:00:00
FC-000749,SEC-002,2026-05-08,4,4,0.8,2026-05-07T12:00:00
FC-000750,SEC-002,2026-05-08,5,0,0.76,2026-05-07T12:00:00
FC-000751,SEC-002,2026-05-08,6,0,0.87,2026-05-07T12:00:00
FC-000752,SEC-002,2026-05-08,7,0,0.93,2026-05-07T12:00:00
FC-000753,SEC-002,2026-05-08,8,0,0.85,2026-05-07T12:00:00
FC-000754,SEC-002,2026-05-08,9,0,0.72,2026-05-07T12:00:00
FC-000755,SEC-002,2026-05-08,10,0,0.94,2026-05-07T12:00:00
FC-000756,SEC-002,2026-05-08,11,1,0.74,2026-05-07T12:00:00
FC-000757,SEC-002,2026-05-08,12,0,0.82,2026-05-07T12:00:00
FC-000758,SEC-002,2026-05-08,13,1,0.82,2026-05-07T12:00:00
FC-000759,SEC-002,2026-05-08,14,1,0.8,2026-05-07T12:00:00
FC-000760,SEC-002,2026-05-08,15,1,0.7,2026-05-07T12:00:00
FC-000761,SEC-002,2026-05-08,16,0,0.92,2026-05-07T12:00:00
FC-000762,SEC-002,2026-05-08,17,0,0.85,2026-05-07T12:00:00
FC-000763,SEC-002,2026-05-08,18,0,0.77,2026-05-07T12:00:00
FC-000764,SEC-002,2026-05-08,19,3,0.89,2026-05-07T12:00:00
FC-000765,SEC-002,2026-05-08,20,0,0.79,2026-05-07T12:00:00
FC-000766,SEC-002,2026-05-08,21,0,0.89,2026-05-07T12:00:00
FC-000767,SEC-002,2026-05-08,22,1,0.74,2026-05-07T12:00:00
FC-000768,SEC-002,2026-05-08,23,0,0.9,2026-05-07T12:00:00
FC-000769,SEC-003,2026-05-08,0,3,0.84,2026-05-07T12:00:00
FC-000770,SEC-003,2026-05-08,1,5,0.79,2026-05-07T12:00:00
FC-000771,SEC-003,2026-05-08,2,1,0.75,2026-05-07T12:00:00
FC-000772,SEC-003,2026-05-08,3,0,0.75,2026-05-07T12:00:00
FC-000773,SEC-003,2026-05-08,4,1,0.78,2026-05-07T12:00:00
FC-000774,SEC-003,2026-05-08,5,0,0.85,2026-05-07T12:00:00
FC-000775,SEC-003,2026-05-08,6,0,0.92,2026-05-07T12:00:00
FC-000776,SEC-003,2026-05-08,7,0,0.94,2026-05-07T12:00:00
FC-000777,SEC-003,2026-05-08,8,0,0.72,2026-05-07T12:00:00
FC-000778,SEC-003,2026-05-08,9,0,0.85,2026-05-07T12:00:00
FC-000779,SEC-003,2026-05-08,10,0,0.92,2026-05-07T12:00:00
FC-000780,SEC-003,2026-05-08,11,0,0.89,2026-05-07T12:00:00
FC-000781,SEC-003,2026-05-08,12,0,0.93,2026-05-07T12:00:00
FC-000782,SEC-003,2026-05-08,13,0,0.79,2026-05-07T12:00:00
FC-000783,SEC-003,2026-05-08,14,0,0.77,2026-05-07T12:00:00
FC-000784,SEC-003,2026-05-08,15,1,0.85,2026-05-07T12:00:00
FC-000785,SEC-003,2026-05-08,16,0,0.9,2026-05-07T12:00:00
FC-000786,SEC-003,2026-05-08,17,0,0.75,2026-05-07T12:00:00
FC-000787,SEC-003,2026-05-08,18,2,0.71,2026-05-07T12:00:00
FC-000788,SEC-003,2026-05-08,19,0,0.91,2026-05-07T12:00:00
FC-000789,SEC-003,2026-05-08,20,0,0.71,2026-05-07T12:00:00
FC-000790,SEC-003,2026-05-08,21,0,0.89,2026-05-07T12:00:00
FC-000791,SEC-003,2026-05-08,22,4,0.92,2026-05-07T12:00:00
FC-000792,SEC-003,2026-05-08,23,2,0.71,2026-05-07T12:00:00
FC-000793,SEC-004,2026-05-08,0,1,0.81,2026-05-07T12:00:00
FC-000794,SEC-004,2026-05-08,1,2,0.89,2026-05-07T12:00:00
FC-000795,SEC-004,2026-05-08,2,2,0.93,2026-05-07T12:00:00
FC-000796,SEC-004,2026-05-08,3,3,0.78,2026-05-07T12:00:00
FC-000797,SEC-004,2026-05-08,4,1,0.7,2026-05-07T12:00:00
FC-000798,SEC-004,2026-05-08,5,0,0.76,2026-05-07T12:00:00
FC-000799,SEC-004,2026-05-08,6,1,0.95,2026-05-07T12:00:00
FC-000800,SEC-004,2026-05-08,7,0,0.93,2026-05-07T12:00:00
FC-000801,SEC-004,2026-05-08,8,0,0.77,2026-05-07T12:00:00
FC-000802,SEC-004,2026-05-08,9,0,0.73,2026-05-07T12:00:00
FC-000803,SEC-004,2026-05-08,10,1,0.89,2026-05-07T12:00:00
FC-000804,SEC-004,2026-05-08,11,0,0.7,2026-05-07T12:00:00
FC-000805,SEC-004,2026-05-08,12,0,0.84,2026-05-07T12:00:00
FC-000806,SEC-004,2026-05-08,13,0,0.91,2026-05-07T12:00:00
FC-000807,SEC-004,2026-05-08,14,0,0.75,2026-05-07T12:00:00
FC-000808,SEC-004,2026-05-08,15,0,0.93,2026-05-07T12:00:00
FC-000809,SEC-004,2026-05-08,16,0,0.94,2026-05-07T12:00:00
FC-000810,SEC-004,2026-05-08,17,0,0.76,2026-05-07T12:00:00
FC-000811,SEC-004,2026-05-08,18,0,0.91,2026-05-07T12:00:00
FC-000812,SEC-004,2026-05-08,19,0,0.91,2026-05-07T12:00:00
FC-000813,SEC-004,2026-05-08,20,1,0.76,2026-05-07T12:00:00
FC-000814,SEC-004,2026-05-08,21,0,0.85,2026-05-07T12:00:00
FC-000815,SEC-004,2026-05-08,22,0,0.79,2026-05-07T12:00:00
FC-000816,SEC-004,2026-05-08,23,1,0.73,2026-05-07T12:00:00
FC-000817,SEC-005,2026-05-08,0,5,0.82,2026-05-07T12:00:00
FC-000818,SEC-005,2026-05-08,1,0,0.72,2026-05-07T12:00:00
FC-000819,SEC-005,2026-05-08,2,3,0.71,2026-05-07T12:00:00
FC-000820,SEC-005,2026-05-08,3,4,0.89,2026-05-07T12:00:00
FC-000821,SEC-005,2026-05-08,4,2,0.86,2026-05-07T12:00:00
FC-000822,SEC-005,2026-05-08,5,0,0.81,2026-05-07T12:00:00
FC-000823,SEC-005,2026-05-08,6,0,0.73,2026-05-07T12:00:00
FC-000824,SEC-005,2026-05-08,7,0,0.73,2026-05-07T12:00:00
FC-000825,SEC-005,2026-05-08,8,0,0.77,2026-05-07T12:00:00
FC-000826,SEC-005,2026-05-08,9,0,0.88,2026-05-07T12:00:00
FC-000827,SEC-005,2026-05-08,10,0,0.8,2026-05-07T12:00:00
FC-000828,SEC-005,2026-05-08,11,0,0.8,2026-05-07T12:00:00
FC-000829,SEC-005,2026-05-08,12,2,0.87,2026-05-07T12:00:00
FC-000830,SEC-005,2026-05-08,13,1,0.84,2026-05-07T12:00:00
FC-000831,SEC-005,2026-05-08,14,0,0.93,2026-05-07T12:00:00
FC-000832,SEC-005,2026-05-08,15,1,0.75,2026-05-07T12:00:00
FC-000833,SEC-005,2026-05-08,16,1,0.88,2026-05-07T12:00:00
FC-000834,SEC-005,2026-05-08,17,1,0.87,2026-05-07T12:00:00
FC-000835,SEC-005,2026-05-08,18,0,0.92,2026-05-07T12:00:00
FC-000836,SEC-005,2026-05-08,19,0,0.94,2026-05-07T12:00:00
FC-000837,SEC-005,2026-05-08,20,0,0.73,2026-05-07T12:00:00
FC-000838,SEC-005,2026-05-08,21,0,0.83,2026-05-07T12:00:00
FC-000839,SEC-005,2026-05-08,22,1,0.71,2026-05-07T12:00:00
FC-000840,SEC-005,2026-05-08,23,1,0.9,2026-05-07T12:00:00
FC-000841,SEC-006,2026-05-08,0,2,0.77,2026-05-07T12:00:00
FC-000842,SEC-006,2026-05-08,1,1,0.86,2026-05-07T12:00:00
FC-000843,SEC-006,2026-05-08,2,2,0.91,2026-05-07T12:00:00
FC-000844,SEC-006,2026-05-08,3,2,0.95,2026-05-07T12:00:00
FC-000845,SEC-006,2026-05-08,4,2,0.75,2026-05-07T12:00:00
FC-000846,SEC-006,2026-05-08,5,1,0.79,2026-05-07T12:00:00
FC-000847,SEC-006,2026-05-08,6,1,0.93,2026-05-07T12:00:00
FC-000848,SEC-006,2026-05-08,7,0,0.86,2026-05-07T12:00:00
FC-000849,SEC-006,2026-05-08,8,0,0.95,2026-05-07T12:00:00
FC-000850,SEC-006,2026-05-08,9,0,0.72,2026-05-07T12:00:00
FC-000851,SEC-006,2026-05-08,10,0,0.72,2026-05-07T12:00:00
FC-000852,SEC-006,2026-05-08,11,0,0.85,2026-05-07T12:00:00
FC-000853,SEC-006,2026-05-08,12,0,0.9,2026-05-07T12:00:00
FC-000854,SEC-006,2026-05-08,13,0,0.9,2026-05-07T12:00:00
FC-000855,SEC-006,2026-05-08,14,0,0.77,2026-05-07T12:00:00
FC-000856,SEC-006,2026-05-08,15,1,0.87,2026-05-07T12:00:00
FC-000857,SEC-006,2026-05-08,16,0,0.88,2026-05-07T12:00:00
FC-000858,SEC-006,2026-05-08,17,0,0.79,2026-05-07T12:00:00
FC-000859,SEC-006,2026-05-08,18,0,0.78,2026-05-07T12:00:00
FC-000860,SEC-006,2026-05-08,19,1,0.92,2026-05-07T12:00:00
FC-000861,SEC-006,2026-05-08,20,0,0.78,2026-05-07T12:00:00
FC-000862,SEC-006,2026-05-08,21,0,0.79,2026-05-07T12:00:00
FC-000863,SEC-006,2026-05-08,22,0,0.94,2026-05-07T12:00:00
FC-000864,SEC-006,2026-05-08,23,2,0.72,2026-05-07T12:00:00
FC-000865,SEC-001,2026-05-09,0,0,0.84,2026-05-08T12:00:00
FC-000866,SEC-001,2026-05-09,1,1,0.79,2026-05-08T12:00:00
FC-000867,SEC-001,2026-05-09,2,4,0.84,2026-05-08T12:00:00
FC-000868,SEC-001,2026-05-09,3,2,0.82,2026-05-08T12:00:00
FC-000869,SEC-001,2026-05-09,4,4,0.78,2026-05-08T12:00:00
FC-000870,SEC-001,2026-05-09,5,0,0.94,2026-05-08T12:00:00
FC-000871,SEC-001,2026-05-09,6,1,0.91,2026-05-08T12:00:00
FC-000872,SEC-001,2026-05-09,7,1,0.94,2026-05-08T12:00:00
FC-000873,SEC-001,2026-05-09,8,2,0.79,2026-05-08T12:00:00
FC-000874,SEC-001,2026-05-09,9,0,0.87,2026-05-08T12:00:00
FC-000875,SEC-001,2026-05-09,10,0,0.84,2026-05-08T12:00:00
FC-000876,SEC-001,2026-05-09,11,1,0.76,2026-05-08T12:00:00
FC-000877,SEC-001,2026-05-09,12,1,0.74,2026-05-08T12:00:00
FC-000878,SEC-001,2026-05-09,13,0,0.93,2026-05-08T12:00:00
FC-000879,SEC-001,2026-05-09,14,0,0.7,2026-05-08T12:00:00
FC-000880,SEC-001,2026-05-09,15,0,0.71,2026-05-08T12:00:00
FC-000881,SEC-001,2026-05-09,16,0,0.89,2026-05-08T12:00:00
FC-000882,SEC-001,2026-05-09,17,1,0.83,2026-05-08T12:00:00
FC-000883,SEC-001,2026-05-09,18,1,0.87,2026-05-08T12:00:00
FC-000884,SEC-001,2026-05-09,19,0,0.7,2026-05-08T12:00:00
FC-000885,SEC-001,2026-05-09,20,0,0.81,2026-05-08T12:00:00
FC-000886,SEC-001,2026-05-09,21,1,0.76,2026-05-08T12:00:00
FC-000887,SEC-001,2026-05-09,22,1,0.89,2026-05-08T12:00:00
FC-000888,SEC-001,2026-05-09,23,1,0.81,2026-05-08T12:00:00
FC-000889,SEC-002,2026-05-09,0,1,0.91,2026-05-08T12:00:00
FC-000890,SEC-002,2026-05-09,1,2,0.94,2026-05-08T12:00:00
FC-000891,SEC-002,2026-05-09,2,0,0.72,2026-05-08T12:00:00
FC-000892,SEC-002,2026-05-09,3,0,0.94,2026-05-08T12:00:00
FC-000893,SEC-002,2026-05-09,4,2,0.72,2026-05-08T12:00:00
FC-000894,SEC-002,2026-05-09,5,1,0.92,2026-05-08T12:00:00
FC-000895,SEC-002,2026-05-09,6,0,0.71,2026-05-08T12:00:00
FC-000896,SEC-002,2026-05-09,7,0,0.8,2026-05-08T12:00:00
FC-000897,SEC-002,2026-05-09,8,1,0.82,2026-05-08T12:00:00
FC-000898,SEC-002,2026-05-09,9,0,0.82,2026-05-08T12:00:00
FC-000899,SEC-002,2026-05-09,10,0,0.74,2026-05-08T12:00:00
FC-000900,SEC-002,2026-05-09,11,0,0.71,2026-05-08T12:00:00
FC-000901,SEC-002,2026-05-09,12,2,0.72,2026-05-08T12:00:00
FC-000902,SEC-002,2026-05-09,13,0,0.77,2026-05-08T12:00:00
FC-000903,SEC-002,2026-05-09,14,0,0.81,2026-05-08T12:00:00
FC-000904,SEC-002,2026-05-09,15,1,0.77,2026-05-08T12:00:00
FC-000905,SEC-002,2026-05-09,16,1,0.79,2026-05-08T12:00:00
FC-000906,SEC-002,2026-05-09,17,1,0.94,2026-05-08T12:00:00
FC-000907,SEC-002,2026-05-09,18,0,0.88,2026-05-08T12:00:00
FC-000908,SEC-002,2026-05-09,19,0,0.94,2026-05-08T12:00:00
FC-000909,SEC-002,2026-05-09,20,1,0.83,2026-05-08T12:00:00
FC-000910,SEC-002,2026-05-09,21,0,0.9,2026-05-08T12:00:00
FC-000911,SEC-002,2026-05-09,22,5,0.75,2026-05-08T12:00:00
FC-000912,SEC-002,2026-05-09,23,3,0.85,2026-05-08T12:00:00
FC-000913,SEC-003,2026-05-09,0,3,0.94,2026-05-08T12:00:00
FC-000914,SEC-003,2026-05-09,1,4,0.86,2026-05-08T12:00:00
FC-000915,SEC-003,2026-05-09,2,5,0.9,2026-05-08T12:00:00
FC-000916,SEC-003,2026-05-09,3,0,0.77,2026-05-08T12:00:00
FC-000917,SEC-003,2026-05-09,4,1,0.72,2026-05-08T12:00:00
FC-000918,SEC-003,2026-05-09,5,0,0.72,2026-05-08T12:00:00
FC-000919,SEC-003,2026-05-09,6,1,0.79,2026-05-08T12:00:00
FC-000920,SEC-003,2026-05-09,7,0,0.92,2026-05-08T12:00:00
FC-000921,SEC-003,2026-05-09,8,0,0.82,2026-05-08T12:00:00
FC-000922,SEC-003,2026-05-09,9,1,0.85,2026-05-08T12:00:00
FC-000923,SEC-003,2026-05-09,10,0,0.74,2026-05-08T12:00:00
FC-000924,SEC-003,2026-05-09,11,1,0.75,2026-05-08T12:00:00
FC-000925,SEC-003,2026-05-09,12,0,0.92,2026-05-08T12:00:00
FC-000926,SEC-003,2026-05-09,13,0,0.86,2026-05-08T12:00:00
FC-000927,SEC-003,2026-05-09,14,1,0.89,2026-05-08T12:00:00
FC-000928,SEC-003,2026-05-09,15,0,0.91,2026-05-08T12:00:00
FC-000929,SEC-003,2026-05-09,16,0,0.82,2026-05-08T12:00:00
FC-000930,SEC-003,2026-05-09,17,0,0.7,2026-05-08T12:00:00
FC-000931,SEC-003,2026-05-09,18,1,0.79,2026-05-08T12:00:00
FC-000932,SEC-003,2026-05-09,19,1,0.87,2026-05-08T12:00:00
FC-000933,SEC-003,2026-05-09,20,1,0.86,2026-05-08T12:00:00
FC-000934,SEC-003,2026-05-09,21,0,0.74,2026-05-08T12:00:00
FC-000935,SEC-003,2026-05-09,22,2,0.76,2026-05-08T12:00:00
FC-000936,SEC-003,2026-05-09,23,0,0.89,2026-05-08T12:00:00
FC-000937,SEC-004,2026-05-09,0,1,0.94,2026-05-08T12:00:00
FC-000938,SEC-004,2026-05-09,1,5,0.95,2026-05-08T12:00:00
FC-000939,SEC-004,2026-05-09,2,2,0.89,2026-05-08T12:00:00
FC-000940,SEC-004,2026-05-09,3,5,0.75,2026-05-08T12:00:00
FC-000941,SEC-004,2026-05-09,4,2,0.84,2026-05-08T12:00:00
FC-000942,SEC-004,2026-05-09,5,1,0.93,2026-05-08T12:00:00
FC-000943,SEC-004,2026-05-09,6,1,0.87,2026-05-08T12:00:00
FC-000944,SEC-004,2026-05-09,7,0,0.86,2026-05-08T12:00:00
FC-000945,SEC-004,2026-05-09,8,0,0.78,2026-05-08T12:00:00
FC-000946,SEC-004,2026-05-09,9,0,0.82,2026-05-08T12:00:00
FC-000947,SEC-004,2026-05-09,10,0,0.79,2026-05-08T12:00:00
FC-000948,SEC-004,2026-05-09,11,0,0.73,2026-05-08T12:00:00
FC-000949,SEC-004,2026-05-09,12,1,0.78,2026-05-08T12:00:00
FC-000950,SEC-004,2026-05-09,13,1,0.82,2026-05-08T12:00:00
FC-000951,SEC-004,2026-05-09,14,1,0.71,2026-05-08T12:00:00
FC-000952,SEC-004,2026-05-09,15,0,0.83,2026-05-08T12:00:00
FC-000953,SEC-004,2026-05-09,16,1,0.87,2026-05-08T12:00:00
FC-000954,SEC-004,2026-05-09,17,1,0.87,2026-05-08T12:00:00
FC-000955,SEC-004,2026-05-09,18,1,0.81,2026-05-08T12:00:00
FC-000956,SEC-004,2026-05-09,19,0,0.73,2026-05-08T12:00:00
FC-000957,SEC-004,2026-05-09,20,1,0.92,2026-05-08T12:00:00
FC-000958,SEC-004,2026-05-09,21,0,0.92,2026-05-08T12:00:00
FC-000959,SEC-004,2026-05-09,22,2,0.79,2026-05-08T12:00:00
FC-000960,SEC-004,2026-05-09,23,3,0.75,2026-05-08T12:00:00
FC-000961,SEC-005,2026-05-09,0,1,0.74,2026-05-08T12:00:00
FC-000962,SEC-005,2026-05-09,1,1,0.91,2026-05-08T12:00:00
FC-000963,SEC-005,2026-05-09,2,2,0.78,2026-05-08T12:00:00
FC-000964,SEC-005,2026-05-09,3,2,0.84,2026-05-08T12:00:00
FC-000965,SEC-005,2026-05-09,4,2,0.74,2026-05-08T12:00:00
FC-000966,SEC-005,2026-05-09,5,0,0.9,2026-05-08T12:00:00
FC-000967,SEC-005,2026-05-09,6,1,0.89,2026-05-08T12:00:00
FC-000968,SEC-005,2026-05-09,7,1,0.74,2026-05-08T12:00:00
FC-000969,SEC-005,2026-05-09,8,0,0.73,2026-05-08T12:00:00
FC-000970,SEC-005,2026-05-09,9,0,0.71,2026-05-08T12:00:00
FC-000971,SEC-005,2026-05-09,10,0,0.92,2026-05-08T12:00:00
FC-000972,SEC-005,2026-05-09,11,0,0.75,2026-05-08T12:00:00
FC-000973,SEC-005,2026-05-09,12,0,0.83,2026-05-08T12:00:00
FC-000974,SEC-005,2026-05-09,13,0,0.81,2026-05-08T12:00:00
FC-000975,SEC-005,2026-05-09,14,0,0.93,2026-05-08T12:00:00
FC-000976,SEC-005,2026-05-09,15,1,0.87,2026-05-08T12:00:00
FC-000977,SEC-005,2026-05-09,16,0,0.73,2026-05-08T12:00:00
FC-000978,SEC-005,2026-05-09,17,0,0.94,2026-05-08T12:00:00
FC-000979,SEC-005,2026-05-09,18,0,0.91,2026-05-08T12:00:00
FC-000980,SEC-005,2026-05-09,19,1,0.72,2026-05-08T12:00:00
FC-000981,SEC-005,2026-05-09,20,0,0.92,2026-05-08T12:00:00
FC-000982,SEC-005,2026-05-09,21,1,0.8,2026-05-08T12:00:00
FC-000983,SEC-005,2026-05-09,22,0,0.81,2026-05-08T12:00:00
FC-000984,SEC-005,2026-05-09,23,3,0.79,2026-05-08T12:00:00
FC-000985,SEC-006,2026-05-09,0,1,0.89,2026-05-08T12:00:00
FC-000986,SEC-006,2026-05-09,1,1,0.71,2026-05-08T12:00:00
FC-000987,SEC-006,2026-05-09,2,3,0.83,2026-05-08T12:00:00
FC-000988,SEC-006,2026-05-09,3,0,0.9,2026-05-08T12:00:00
FC-000989,SEC-006,2026-05-09,4,1,0.94,2026-05-08T12:00:00
FC-000990,SEC-006,2026-05-09,5,1,0.88,2026-05-08T12:00:00
FC-000991,SEC-006,2026-05-09,6,1,0.92,2026-05-08T12:00:00
FC-000992,SEC-006,2026-05-09,7,2,0.72,2026-05-08T12:00:00
FC-000993,SEC-006,2026-05-09,8,0,0.78,2026-05-08T12:00:00
FC-000994,SEC-006,2026-05-09,9,0,0.74,2026-05-08T12:00:00
FC-000995,SEC-006,2026-05-09,10,1,0.75,2026-05-08T12:00:00
FC-000996,SEC-006,2026-05-09,11,1,0.82,2026-05-08T12:00:00
FC-000997,SEC-006,2026-05-09,12,0,0.91,2026-05-08T12:00:00
FC-000998,SEC-006,2026-05-09,13,0,0.9,2026-05-08T12:00:00
FC-000999,SEC-006,2026-05-09,14,1,0.73,2026-05-08T12:00:00
FC-001000,SEC-006,2026-05-09,15,1,0.93,2026-05-08T12:00:00
FC-001001,SEC-006,2026-05-09,16,1,0.77,2026-05-08T12:00:00
FC-001002,SEC-006,2026-05-09,17,1,0.77,2026-05-08T12:00:00
FC-001003,SEC-006,2026-05-09,18,0,0.75,2026-05-08T12:00:00
FC-001004,SEC-006,2026-05-09,19,0,0.79,2026-05-08T12:00:00
FC-001005,SEC-006,2026-05-09,20,1,0.71,2026-05-08T12:00:00
FC-001006,SEC-006,2026-05-09,21,1,0.83,2026-05-08T12:00:00
FC-001007,SEC-006,2026-05-09,22,1,0.9,2026-05-08T12:00:00
FC-001008,SEC-006,2026-05-09,23,2,0.85,2026-05-08T12:00:00
FC-001009,SEC-001,2026-05-10,0,3,0.9,2026-05-09T12:00:00
FC-001010,SEC-001,2026-05-10,1,1,0.9,2026-05-09T12:00:00
FC-001011,SEC-001,2026-05-10,2,0,0.71,2026-05-09T12:00:00
FC-001012,SEC-001,2026-05-10,3,2,0.84,2026-05-09T12:00:00
FC-001013,SEC-001,2026-05-10,4,1,0.8,2026-05-09T12:00:00
FC-001014,SEC-001,2026-05-10,5,0,0.7,2026-05-09T12:00:00
FC-001015,SEC-001,2026-05-10,6,1,0.88,2026-05-09T12:00:00
FC-001016,SEC-001,2026-05-10,7,0,0.93,2026-05-09T12:00:00
FC-001017,SEC-001,2026-05-10,8,0,0.92,2026-05-09T12:00:00
FC-001018,SEC-001,2026-05-10,9,0,0.8,2026-05-09T12:00:00
FC-001019,SEC-001,2026-05-10,10,2,0.77,2026-05-09T12:00:00
FC-001020,SEC-001,2026-05-10,11,0,0.83,2026-05-09T12:00:00
FC-001021,SEC-001,2026-05-10,12,1,0.79,2026-05-09T12:00:00
FC-001022,SEC-001,2026-05-10,13,1,0.83,2026-05-09T12:00:00
FC-001023,SEC-001,2026-05-10,14,0,0.78,2026-05-09T12:00:00
FC-001024,SEC-001,2026-05-10,15,0,0.74,2026-05-09T12:00:00
FC-001025,SEC-001,2026-05-10,16,1,0.75,2026-05-09T12:00:00
FC-001026,SEC-001,2026-05-10,17,0,0.82,2026-05-09T12:00:00
FC-001027,SEC-001,2026-05-10,18,0,0.8,2026-05-09T12:00:00
FC-001028,SEC-001,2026-05-10,19,0,0.79,2026-05-09T12:00:00
FC-001029,SEC-001,2026-05-10,20,0,0.78,2026-05-09T12:00:00
FC-001030,SEC-001,2026-05-10,21,0,0.87,2026-05-09T12:00:00
FC-001031,SEC-001,2026-05-10,22,2,0.91,2026-05-09T12:00:00
FC-001032,SEC-001,2026-05-10,23,5,0.92,2026-05-09T12:00:00
FC-001033,SEC-002,2026-05-10,0,1,0.78,2026-05-09T12:00:00
FC-001034,SEC-002,2026-05-10,1,0,0.74,2026-05-09T12:00:00
FC-001035,SEC-002,2026-05-10,2,2,0.74,2026-05-09T12:00:00
FC-001036,SEC-002,2026-05-10,3,2,0.82,2026-05-09T12:00:00
FC-001037,SEC-002,2026-05-10,4,3,0.71,2026-05-09T12:00:00
FC-001038,SEC-002,2026-05-10,5,0,0.85,2026-05-09T12:00:00
FC-001039,SEC-002,2026-05-10,6,0,0.74,2026-05-09T12:00:00
FC-001040,SEC-002,2026-05-10,7,0,0.79,2026-05-09T12:00:00
FC-001041,SEC-002,2026-05-10,8,1,0.88,2026-05-09T12:00:00
FC-001042,SEC-002,2026-05-10,9,0,0.91,2026-05-09T12:00:00
FC-001043,SEC-002,2026-05-10,10,2,0.78,2026-05-09T12:00:00
FC-001044,SEC-002,2026-05-10,11,0,0.77,2026-05-09T12:00:00
FC-001045,SEC-002,2026-05-10,12,0,0.91,2026-05-09T12:00:00
FC-001046,SEC-002,2026-05-10,13,0,0.89,2026-05-09T12:00:00
FC-001047,SEC-002,2026-05-10,14,1,0.74,2026-05-09T12:00:00
FC-001048,SEC-002,2026-05-10,15,1,0.81,2026-05-09T12:00:00
FC-001049,SEC-002,2026-05-10,16,0,0.71,2026-05-09T12:00:00
FC-001050,SEC-002,2026-05-10,17,0,0.94,2026-05-09T12:00:00
FC-001051,SEC-002,2026-05-10,18,1,0.79,2026-05-09T12:00:00
FC-001052,SEC-002,2026-05-10,19,0,0.75,2026-05-09T12:00:00
FC-001053,SEC-002,2026-05-10,20,0,0.9,2026-05-09T12:00:00
FC-001054,SEC-002,2026-05-10,21,1,0.94,2026-05-09T12:00:00
FC-001055,SEC-002,2026-05-10,22,1,0.85,2026-05-09T12:00:00
FC-001056,SEC-002,2026-05-10,23,2,0.81,2026-05-09T12:00:00
FC-001057,SEC-003,2026-05-10,0,0,0.87,2026-05-09T12:00:00
FC-001058,SEC-003,2026-05-10,1,3,0.75,2026-05-09T12:00:00
FC-001059,SEC-003,2026-05-10,2,2,0.71,2026-05-09T12:00:00
FC-001060,SEC-003,2026-05-10,3,0,0.93,2026-05-09T12:00:00
FC-001061,SEC-003,2026-05-10,4,1,0.76,2026-05-09T12:00:00
FC-001062,SEC-003,2026-05-10,5,1,0.78,2026-05-09T12:00:00
FC-001063,SEC-003,2026-05-10,6,0,0.92,2026-05-09T12:00:00
FC-001064,SEC-003,2026-05-10,7,0,0.81,2026-05-09T12:00:00
FC-001065,SEC-003,2026-05-10,8,0,0.76,2026-05-09T12:00:00
FC-001066,SEC-003,2026-05-10,9,0,0.74,2026-05-09T12:00:00
FC-001067,SEC-003,2026-05-10,10,0,0.71,2026-05-09T12:00:00
FC-001068,SEC-003,2026-05-10,11,0,0.85,2026-05-09T12:00:00
FC-001069,SEC-003,2026-05-10,12,0,0.83,2026-05-09T12:00:00
FC-001070,SEC-003,2026-05-10,13,0,0.88,2026-05-09T12:00:00
FC-001071,SEC-003,2026-05-10,14,2,0.75,2026-05-09T12:00:00
FC-001072,SEC-003,2026-05-10,15,2,0.74,2026-05-09T12:00:00
FC-001073,SEC-003,2026-05-10,16,0,0.76,2026-05-09T12:00:00
FC-001074,SEC-003,2026-05-10,17,0,0.72,2026-05-09T12:00:00
FC-001075,SEC-003,2026-05-10,18,0,0.82,2026-05-09T12:00:00
FC-001076,SEC-003,2026-05-10,19,1,0.86,2026-05-09T12:00:00
FC-001077,SEC-003,2026-05-10,20,1,0.75,2026-05-09T12:00:00
FC-001078,SEC-003,2026-05-10,21,2,0.88,2026-05-09T12:00:00
FC-001079,SEC-003,2026-05-10,22,2,0.75,2026-05-09T12:00:00
FC-001080,SEC-003,2026-05-10,23,3,0.77,2026-05-09T12:00:00
FC-001081,SEC-004,2026-05-10,0,1,0.82,2026-05-09T12:00:00
FC-001082,SEC-004,2026-05-10,1,2,0.82,2026-05-09T12:00:00
FC-001083,SEC-004,2026-05-10,2,2,0.81,2026-05-09T12:00:00
FC-001084,SEC-004,2026-05-10,3,0,0.72,2026-05-09T12:00:00
FC-001085,SEC-004,2026-05-10,4,2,0.89,2026-05-09T12:00:00
FC-001086,SEC-004,2026-05-10,5,0,0.94,2026-05-09T12:00:00
FC-001087,SEC-004,2026-05-10,6,1,0.78,2026-05-09T12:00:00
FC-001088,SEC-004,2026-05-10,7,0,0.83,2026-05-09T12:00:00
FC-001089,SEC-004,2026-05-10,8,0,0.83,2026-05-09T12:00:00
FC-001090,SEC-004,2026-05-10,9,1,0.81,2026-05-09T12:00:00
FC-001091,SEC-004,2026-05-10,10,1,0.9,2026-05-09T12:00:00
FC-001092,SEC-004,2026-05-10,11,0,0.95,2026-05-09T12:00:00
FC-001093,SEC-004,2026-05-10,12,0,0.78,2026-05-09T12:00:00
FC-001094,SEC-004,2026-05-10,13,1,0.9,2026-05-09T12:00:00
FC-001095,SEC-004,2026-05-10,14,0,0.9,2026-05-09T12:00:00
FC-001096,SEC-004,2026-05-10,15,0,0.91,2026-05-09T12:00:00
FC-001097,SEC-004,2026-05-10,16,0,0.93,2026-05-09T12:00:00
FC-001098,SEC-004,2026-05-10,17,0,0.85,2026-05-09T12:00:00
FC-001099,SEC-004,2026-05-10,18,0,0.72,2026-05-09T12:00:00
FC-001100,SEC-004,2026-05-10,19,1,0.87,2026-05-09T12:00:00
FC-001101,SEC-004,2026-05-10,20,2,0.92,2026-05-09T12:00:00
FC-001102,SEC-004,2026-05-10,21,0,0.84,2026-05-09T12:00:00
FC-001103,SEC-004,2026-05-10,22,2,0.75,2026-05-09T12:00:00
FC-001104,SEC-004,2026-05-10,23,2,0.71,2026-05-09T12:00:00
FC-001105,SEC-005,2026-05-10,0,4,0.76,2026-05-09T12:00:00
FC-001106,SEC-005,2026-05-10,1,3,0.82,2026-05-09T12:00:00
FC-001107,SEC-005,2026-05-10,2,1,0.83,2026-05-09T12:00:00
FC-001108,SEC-005,2026-05-10,3,4,0.78,2026-05-09T12:00:00
FC-001109,SEC-005,2026-05-10,4,1,0.83,2026-05-09T12:00:00
FC-001110,SEC-005,2026-05-10,5,1,0.73,2026-05-09T12:00:00
FC-001111,SEC-005,2026-05-10,6,0,0.77,2026-05-09T12:00:00
FC-001112,SEC-005,2026-05-10,7,1,0.89,2026-05-09T12:00:00
FC-001113,SEC-005,2026-05-10,8,1,0.87,2026-05-09T12:00:00
FC-001114,SEC-005,2026-05-10,9,2,0.86,2026-05-09T12:00:00
FC-001115,SEC-005,2026-05-10,10,0,0.86,2026-05-09T12:00:00
FC-001116,SEC-005,2026-05-10,11,0,0.73,2026-05-09T12:00:00
FC-001117,SEC-005,2026-05-10,12,0,0.84,2026-05-09T12:00:00
FC-001118,SEC-005,2026-05-10,13,0,0.91,2026-05-09T12:00:00
FC-001119,SEC-005,2026-05-10,14,1,0.75,2026-05-09T12:00:00
FC-001120,SEC-005,2026-05-10,15,0,0.83,2026-05-09T12:00:00
FC-001121,SEC-005,2026-05-10,16,0,0.8,2026-05-09T12:00:00
FC-001122,SEC-005,2026-05-10,17,2,0.86,2026-05-09T12:00:00
FC-001123,SEC-005,2026-05-10,18,0,0.81,2026-05-09T12:00:00
FC-001124,SEC-005,2026-05-10,19,0,0.71,2026-05-09T12:00:00
FC-001125,SEC-005,2026-05-10,20,0,0.8,2026-05-09T12:00:00
FC-001126,SEC-005,2026-05-10,21,0,0.72,2026-05-09T12:00:00
FC-001127,SEC-005,2026-05-10,22,2,0.88,2026-05-09T12:00:00
FC-001128,SEC-005,2026-05-10,23,6,0.94,2026-05-09T12:00:00
FC-001129,SEC-006,2026-05-10,0,0,0.79,2026-05-09T12:00:00
FC-001130,SEC-006,2026-05-10,1,2,0.9,2026-05-09T12:00:00
FC-001131,SEC-006,2026-05-10,2,2,0.71,2026-05-09T12:00:00
FC-001132,SEC-006,2026-05-10,3,1,0.93,2026-05-09T12:00:00
FC-001133,SEC-006,2026-05-10,4,0,0.9,2026-05-09T12:00:00
FC-001134,SEC-006,2026-05-10,5,1,0.86,2026-05-09T12:00:00
FC-001135,SEC-006,2026-05-10,6,0,0.73,2026-05-09T12:00:00
FC-001136,SEC-006,2026-05-10,7,1,0.83,2026-05-09T12:00:00
FC-001137,SEC-006,2026-05-10,8,0,0.9,2026-05-09T12:00:00
FC-001138,SEC-006,2026-05-10,9,0,0.85,2026-05-09T12:00:00
FC-001139,SEC-006,2026-05-10,10,1,0.8,2026-05-09T12:00:00
FC-001140,SEC-006,2026-05-10,11,0,0.73,2026-05-09T12:00:00
FC-001141,SEC-006,2026-05-10,12,1,0.79,2026-05-09T12:00:00
FC-001142,SEC-006,2026-05-10,13,0,0.83,2026-05-09T12:00:00
FC-001143,SEC-006,2026-05-10,14,0,0.71,2026-05-09T12:00:00
FC-001144,SEC-006,2026-05-10,15,0,0.82,2026-05-09T12:00:00
FC-001145,SEC-006,2026-05-10,16,1,0.88,2026-05-09T12:00:00
FC-001146,SEC-006,2026-05-10,17,0,0.81,2026-05-09T12:00:00
FC-001147,SEC-006,2026-05-10,18,1,0.73,2026-05-09T12:00:00
FC-001148,SEC-006,2026-05-10,19,0,0.81,2026-05-09T12:00:00
FC-001149,SEC-006,2026-05-10,20,0,0.7,2026-05-09T12:00:00
FC-001150,SEC-006,2026-05-10,21,0,0.72,2026-05-09T12:00:00
FC-001151,SEC-006,2026-05-10,22,1,0.75,2026-05-09T12:00:00
FC-001152,SEC-006,2026-05-10,23,3,0.8,2026-05-09T12:00:00
FC-001153,SEC-001,2026-05-11,0,2,0.75,2026-05-10T12:00:00
FC-001154,SEC-001,2026-05-11,1,0,0.73,2026-05-10T12:00:00
FC-001155,SEC-001,2026-05-11,2,1,0.89,2026-05-10T12:00:00
FC-001156,SEC-001,2026-05-11,3,3,0.74,2026-05-10T12:00:00
FC-001157,SEC-001,2026-05-11,4,1,0.92,2026-05-10T12:00:00
FC-001158,SEC-001,2026-05-11,5,0,0.75,2026-05-10T12:00:00
FC-001159,SEC-001,2026-05-11,6,0,0.8,2026-05-10T12:00:00
FC-001160,SEC-001,2026-05-11,7,0,0.79,2026-05-10T12:00:00
FC-001161,SEC-001,2026-05-11,8,0,0.92,2026-05-10T12:00:00
FC-001162,SEC-001,2026-05-11,9,0,0.72,2026-05-10T12:00:00
FC-001163,SEC-001,2026-05-11,10,0,0.72,2026-05-10T12:00:00
FC-001164,SEC-001,2026-05-11,11,0,0.86,2026-05-10T12:00:00
FC-001165,SEC-001,2026-05-11,12,0,0.95,2026-05-10T12:00:00
FC-001166,SEC-001,2026-05-11,13,0,0.8,2026-05-10T12:00:00
FC-001167,SEC-001,2026-05-11,14,0,0.7,2026-05-10T12:00:00
FC-001168,SEC-001,2026-05-11,15,0,0.77,2026-05-10T12:00:00
FC-001169,SEC-001,2026-05-11,16,0,0.78,2026-05-10T12:00:00
FC-001170,SEC-001,2026-05-11,17,0,0.74,2026-05-10T12:00:00
FC-001171,SEC-001,2026-05-11,18,0,0.8,2026-05-10T12:00:00
FC-001172,SEC-001,2026-05-11,19,0,0.84,2026-05-10T12:00:00
FC-001173,SEC-001,2026-05-11,20,0,0.73,2026-05-10T12:00:00
FC-001174,SEC-001,2026-05-11,21,1,0.93,2026-05-10T12:00:00
FC-001175,SEC-001,2026-05-11,22,3,0.72,2026-05-10T12:00:00
FC-001176,SEC-001,2026-05-11,23,0,0.9,2026-05-10T12:00:00
FC-001177,SEC-002,2026-05-11,0,2,0.77,2026-05-10T12:00:00
FC-001178,SEC-002,2026-05-11,1,1,0.81,2026-05-10T12:00:00
FC-001179,SEC-002,2026-05-11,2,2,0.85,2026-05-10T12:00:00
FC-001180,SEC-002,2026-05-11,3,1,0.7,2026-05-10T12:00:00
FC-001181,SEC-002,2026-05-11,4,2,0.73,2026-05-10T12:00:00
FC-001182,SEC-002,2026-05-11,5,1,0.76,2026-05-10T12:00:00
FC-001183,SEC-002,2026-05-11,6,0,0.82,2026-05-10T12:00:00
FC-001184,SEC-002,2026-05-11,7,0,0.73,2026-05-10T12:00:00
FC-001185,SEC-002,2026-05-11,8,1,0.94,2026-05-10T12:00:00
FC-001186,SEC-002,2026-05-11,9,0,0.87,2026-05-10T12:00:00
FC-001187,SEC-002,2026-05-11,10,1,0.9,2026-05-10T12:00:00
FC-001188,SEC-002,2026-05-11,11,2,0.73,2026-05-10T12:00:00
FC-001189,SEC-002,2026-05-11,12,1,0.94,2026-05-10T12:00:00
FC-001190,SEC-002,2026-05-11,13,0,0.79,2026-05-10T12:00:00
FC-001191,SEC-002,2026-05-11,14,0,0.91,2026-05-10T12:00:00
FC-001192,SEC-002,2026-05-11,15,1,0.73,2026-05-10T12:00:00
FC-001193,SEC-002,2026-05-11,16,2,0.75,2026-05-10T12:00:00
FC-001194,SEC-002,2026-05-11,17,1,0.9,2026-05-10T12:00:00
FC-001195,SEC-002,2026-05-11,18,1,0.9,2026-05-10T12:00:00
FC-001196,SEC-002,2026-05-11,19,1,0.75,2026-05-10T12:00:00
FC-001197,SEC-002,2026-05-11,20,0,0.77,2026-05-10T12:00:00
FC-001198,SEC-002,2026-05-11,21,0,0.85,2026-05-10T12:00:00
FC-001199,SEC-002,2026-05-11,22,3,0.89,2026-05-10T12:00:00
FC-001200,SEC-002,2026-05-11,23,2,0.86,2026-05-10T12:00:00
FC-001201,SEC-003,2026-05-11,0,4,0.78,2026-05-10T12:00:00
FC-001202,SEC-003,2026-05-11,1,1,0.88,2026-05-10T12:00:00
FC-001203,SEC-003,2026-05-11,2,2,0.94,2026-05-10T12:00:00
FC-001204,SEC-003,2026-05-11,3,5,0.75,2026-05-10T12:00:00
FC-001205,SEC-003,2026-05-11,4,3,0.94,2026-05-10T12:00:00
FC-001206,SEC-003,2026-05-11,5,0,0.72,2026-05-10T12:00:00
FC-001207,SEC-003,2026-05-11,6,0,0.73,2026-05-10T12:00:00
FC-001208,SEC-003,2026-05-11,7,0,0.94,2026-05-10T12:00:00
FC-001209,SEC-003,2026-05-11,8,0,0.88,2026-05-10T12:00:00
FC-001210,SEC-003,2026-05-11,9,0,0.86,2026-05-10T12:00:00
FC-001211,SEC-003,2026-05-11,10,1,0.77,2026-05-10T12:00:00
FC-001212,SEC-003,2026-05-11,11,0,0.95,2026-05-10T12:00:00
FC-001213,SEC-003,2026-05-11,12,2,0.75,2026-05-10T12:00:00
FC-001214,SEC-003,2026-05-11,13,0,0.9,2026-05-10T12:00:00
FC-001215,SEC-003,2026-05-11,14,0,0.9,2026-05-10T12:00:00
FC-001216,SEC-003,2026-05-11,15,0,0.83,2026-05-10T12:00:00
FC-001217,SEC-003,2026-05-11,16,0,0.8,2026-05-10T12:00:00
FC-001218,SEC-003,2026-05-11,17,0,0.92,2026-05-10T12:00:00
FC-001219,SEC-003,2026-05-11,18,0,0.81,2026-05-10T12:00:00
FC-001220,SEC-003,2026-05-11,19,1,0.7,2026-05-10T12:00:00
FC-001221,SEC-003,2026-05-11,20,0,0.72,2026-05-10T12:00:00
FC-001222,SEC-003,2026-05-11,21,0,0.83,2026-05-10T12:00:00
FC-001223,SEC-003,2026-05-11,22,1,0.83,2026-05-10T12:00:00
FC-001224,SEC-003,2026-05-11,23,1,0.91,2026-05-10T12:00:00
FC-001225,SEC-004,2026-05-11,0,1,0.79,2026-05-10T12:00:00
FC-001226,SEC-004,2026-05-11,1,1,0.87,2026-05-10T12:00:00
FC-001227,SEC-004,2026-05-11,2,0,0.78,2026-05-10T12:00:00
FC-001228,SEC-004,2026-05-11,3,2,0.77,2026-05-10T12:00:00
FC-001229,SEC-004,2026-05-11,4,0,0.85,2026-05-10T12:00:00
FC-001230,SEC-004,2026-05-11,5,0,0.73,2026-05-10T12:00:00
FC-001231,SEC-004,2026-05-11,6,1,0.73,2026-05-10T12:00:00
FC-001232,SEC-004,2026-05-11,7,1,0.94,2026-05-10T12:00:00
FC-001233,SEC-004,2026-05-11,8,0,0.74,2026-05-10T12:00:00
FC-001234,SEC-004,2026-05-11,9,2,0.77,2026-05-10T12:00:00
FC-001235,SEC-004,2026-05-11,10,0,0.81,2026-05-10T12:00:00
FC-001236,SEC-004,2026-05-11,11,0,0.94,2026-05-10T12:00:00
FC-001237,SEC-004,2026-05-11,12,0,0.84,2026-05-10T12:00:00
FC-001238,SEC-004,2026-05-11,13,1,0.82,2026-05-10T12:00:00
FC-001239,SEC-004,2026-05-11,14,0,0.76,2026-05-10T12:00:00
FC-001240,SEC-004,2026-05-11,15,0,0.73,2026-05-10T12:00:00
FC-001241,SEC-004,2026-05-11,16,0,0.79,2026-05-10T12:00:00
FC-001242,SEC-004,2026-05-11,17,0,0.91,2026-05-10T12:00:00
FC-001243,SEC-004,2026-05-11,18,0,0.71,2026-05-10T12:00:00
FC-001244,SEC-004,2026-05-11,19,0,0.79,2026-05-10T12:00:00
FC-001245,SEC-004,2026-05-11,20,1,0.87,2026-05-10T12:00:00
FC-001246,SEC-004,2026-05-11,21,1,0.81,2026-05-10T12:00:00
FC-001247,SEC-004,2026-05-11,22,4,0.91,2026-05-10T12:00:00
FC-001248,SEC-004,2026-05-11,23,0,0.76,2026-05-10T12:00:00
FC-001249,SEC-005,2026-05-11,0,2,0.92,2026-05-10T12:00:00
FC-001250,SEC-005,2026-05-11,1,2,0.73,2026-05-10T12:00:00
FC-001251,SEC-005,2026-05-11,2,1,0.84,2026-05-10T12:00:00
FC-001252,SEC-005,2026-05-11,3,0,0.87,2026-05-10T12:00:00
FC-001253,SEC-005,2026-05-11,4,4,0.87,2026-05-10T12:00:00
FC-001254,SEC-005,2026-05-11,5,0,0.86,2026-05-10T12:00:00
FC-001255,SEC-005,2026-05-11,6,1,0.77,2026-05-10T12:00:00
FC-001256,SEC-005,2026-05-11,7,0,0.8,2026-05-10T12:00:00
FC-001257,SEC-005,2026-05-11,8,0,0.87,2026-05-10T12:00:00
FC-001258,SEC-005,2026-05-11,9,0,0.75,2026-05-10T12:00:00
FC-001259,SEC-005,2026-05-11,10,0,0.77,2026-05-10T12:00:00
FC-001260,SEC-005,2026-05-11,11,0,0.78,2026-05-10T12:00:00
FC-001261,SEC-005,2026-05-11,12,0,0.93,2026-05-10T12:00:00
FC-001262,SEC-005,2026-05-11,13,0,0.76,2026-05-10T12:00:00
FC-001263,SEC-005,2026-05-11,14,0,0.85,2026-05-10T12:00:00
FC-001264,SEC-005,2026-05-11,15,0,0.84,2026-05-10T12:00:00
FC-001265,SEC-005,2026-05-11,16,2,0.7,2026-05-10T12:00:00
FC-001266,SEC-005,2026-05-11,17,0,0.82,2026-05-10T12:00:00
FC-001267,SEC-005,2026-05-11,18,0,0.73,2026-05-10T12:00:00
FC-001268,SEC-005,2026-05-11,19,0,0.71,2026-05-10T12:00:00
FC-001269,SEC-005,2026-05-11,20,0,0.91,2026-05-10T12:00:00
FC-001270,SEC-005,2026-05-11,21,0,0.89,2026-05-10T12:00:00
FC-001271,SEC-005,2026-05-11,22,2,0.91,2026-05-10T12:00:00
FC-001272,SEC-005,2026-05-11,23,1,0.88,2026-05-10T12:00:00
FC-001273,SEC-006,2026-05-11,0,2,0.79,2026-05-10T12:00:00
FC-001274,SEC-006,2026-05-11,1,2,0.95,2026-05-10T12:00:00
FC-001275,SEC-006,2026-05-11,2,0,0.77,2026-05-10T12:00:00
FC-001276,SEC-006,2026-05-11,3,0,0.83,2026-05-10T12:00:00
FC-001277,SEC-006,2026-05-11,4,5,0.71,2026-05-10T12:00:00
FC-001278,SEC-006,2026-05-11,5,0,0.73,2026-05-10T12:00:00
FC-001279,SEC-006,2026-05-11,6,0,0.81,2026-05-10T12:00:00
FC-001280,SEC-006,2026-05-11,7,0,0.82,2026-05-10T12:00:00
FC-001281,SEC-006,2026-05-11,8,0,0.79,2026-05-10T12:00:00
FC-001282,SEC-006,2026-05-11,9,0,0.7,2026-05-10T12:00:00
FC-001283,SEC-006,2026-05-11,10,0,0.72,2026-05-10T12:00:00
FC-001284,SEC-006,2026-05-11,11,0,0.95,2026-05-10T12:00:00
FC-001285,SEC-006,2026-05-11,12,0,0.81,2026-05-10T12:00:00
FC-001286,SEC-006,2026-05-11,13,0,0.81,2026-05-10T12:00:00
FC-001287,SEC-006,2026-05-11,14,0,0.82,2026-05-10T12:00:00
FC-001288,SEC-006,2026-05-11,15,0,0.78,2026-05-10T12:00:00
FC-001289,SEC-006,2026-05-11,16,2,0.81,2026-05-10T12:00:00
FC-001290,SEC-006,2026-05-11,17,0,0.75,2026-05-10T12:00:00
FC-001291,SEC-006,2026-05-11,18,0,0.88,2026-05-10T12:00:00
FC-001292,SEC-006,2026-05-11,19,1,0.9,2026-05-10T12:00:00
FC-001293,SEC-006,2026-05-11,20,1,0.76,2026-05-10T12:00:00
FC-001294,SEC-006,2026-05-11,21,2,0.77,2026-05-10T12:00:00
FC-001295,SEC-006,2026-05-11,22,3,0.92,2026-05-10T12:00:00
FC-001296,SEC-006,2026-05-11,23,4,0.73,2026-05-10T12:00:00
FC-001297,SEC-001,2026-05-12,0,1,0.9,2026-05-11T12:00:00
FC-001298,SEC-001,2026-05-12,1,2,0.71,2026-05-11T12:00:00
FC-001299,SEC-001,2026-05-12,2,1,0.81,2026-05-11T12:00:00
FC-001300,SEC-001,2026-05-12,3,2,0.77,2026-05-11T12:00:00
FC-001301,SEC-001,2026-05-12,4,1,0.74,2026-05-11T12:00:00
FC-001302,SEC-001,2026-05-12,5,0,0.88,2026-05-11T12:00:00
FC-001303,SEC-001,2026-05-12,6,0,0.7,2026-05-11T12:00:00
FC-001304,SEC-001,2026-05-12,7,0,0.89,2026-05-11T12:00:00
FC-001305,SEC-001,2026-05-12,8,1,0.84,2026-05-11T12:00:00
FC-001306,SEC-001,2026-05-12,9,0,0.7,2026-05-11T12:00:00
FC-001307,SEC-001,2026-05-12,10,0,0.75,2026-05-11T12:00:00
FC-001308,SEC-001,2026-05-12,11,1,0.77,2026-05-11T12:00:00
FC-001309,SEC-001,2026-05-12,12,1,0.75,2026-05-11T12:00:00
FC-001310,SEC-001,2026-05-12,13,0,0.88,2026-05-11T12:00:00
FC-001311,SEC-001,2026-05-12,14,0,0.73,2026-05-11T12:00:00
FC-001312,SEC-001,2026-05-12,15,1,0.87,2026-05-11T12:00:00
FC-001313,SEC-001,2026-05-12,16,0,0.83,2026-05-11T12:00:00
FC-001314,SEC-001,2026-05-12,17,0,0.74,2026-05-11T12:00:00
FC-001315,SEC-001,2026-05-12,18,0,0.81,2026-05-11T12:00:00
FC-001316,SEC-001,2026-05-12,19,0,0.88,2026-05-11T12:00:00
FC-001317,SEC-001,2026-05-12,20,0,0.79,2026-05-11T12:00:00
FC-001318,SEC-001,2026-05-12,21,0,0.77,2026-05-11T12:00:00
FC-001319,SEC-001,2026-05-12,22,1,0.9,2026-05-11T12:00:00
FC-001320,SEC-001,2026-05-12,23,3,0.82,2026-05-11T12:00:00
FC-001321,SEC-002,2026-05-12,0,0,0.76,2026-05-11T12:00:00
FC-001322,SEC-002,2026-05-12,1,1,0.75,2026-05-11T12:00:00
FC-001323,SEC-002,2026-05-12,2,0,0.76,2026-05-11T12:00:00
FC-001324,SEC-002,2026-05-12,3,2,0.91,2026-05-11T12:00:00
FC-001325,SEC-002,2026-05-12,4,0,0.73,2026-05-11T12:00:00
FC-001326,SEC-002,2026-05-12,5,0,0.78,2026-05-11T12:00:00
FC-001327,SEC-002,2026-05-12,6,0,0.83,2026-05-11T12:00:00
FC-001328,SEC-002,2026-05-12,7,0,0.83,2026-05-11T12:00:00
FC-001329,SEC-002,2026-05-12,8,0,0.94,2026-05-11T12:00:00
FC-001330,SEC-002,2026-05-12,9,1,0.91,2026-05-11T12:00:00
FC-001331,SEC-002,2026-05-12,10,0,0.86,2026-05-11T12:00:00
FC-001332,SEC-002,2026-05-12,11,1,0.89,2026-05-11T12:00:00
FC-001333,SEC-002,2026-05-12,12,0,0.93,2026-05-11T12:00:00
FC-001334,SEC-002,2026-05-12,13,0,0.74,2026-05-11T12:00:00
FC-001335,SEC-002,2026-05-12,14,0,0.92,2026-05-11T12:00:00
FC-001336,SEC-002,2026-05-12,15,0,0.91,2026-05-11T12:00:00
FC-001337,SEC-002,2026-05-12,16,0,0.92,2026-05-11T12:00:00
FC-001338,SEC-002,2026-05-12,17,0,0.76,2026-05-11T12:00:00
FC-001339,SEC-002,2026-05-12,18,0,0.71,2026-05-11T12:00:00
FC-001340,SEC-002,2026-05-12,19,2,0.94,2026-05-11T12:00:00
FC-001341,SEC-002,2026-05-12,20,0,0.75,2026-05-11T12:00:00
FC-001342,SEC-002,2026-05-12,21,0,0.93,2026-05-11T12:00:00
FC-001343,SEC-002,2026-05-12,22,0,0.77,2026-05-11T12:00:00
FC-001344,SEC-002,2026-05-12,23,2,0.8,2026-05-11T12:00:00
FC-001345,SEC-003,2026-05-12,0,0,0.84,2026-05-11T12:00:00
FC-001346,SEC-003,2026-05-12,1,3,0.75,2026-05-11T12:00:00
FC-001347,SEC-003,2026-05-12,2,4,0.83,2026-05-11T12:00:00
FC-001348,SEC-003,2026-05-12,3,0,0.82,2026-05-11T12:00:00
FC-001349,SEC-003,2026-05-12,4,3,0.73,2026-05-11T12:00:00
FC-001350,SEC-003,2026-05-12,5,0,0.93,2026-05-11T12:00:00
FC-001351,SEC-003,2026-05-12,6,0,0.92,2026-05-11T12:00:00
FC-001352,SEC-003,2026-05-12,7,1,0.78,2026-05-11T12:00:00
FC-001353,SEC-003,2026-05-12,8,1,0.92,2026-05-11T12:00:00
FC-001354,SEC-003,2026-05-12,9,0,0.92,2026-05-11T12:00:00
FC-001355,SEC-003,2026-05-12,10,0,0.88,2026-05-11T12:00:00
FC-001356,SEC-003,2026-05-12,11,0,0.88,2026-05-11T12:00:00
FC-001357,SEC-003,2026-05-12,12,0,0.74,2026-05-11T12:00:00
FC-001358,SEC-003,2026-05-12,13,0,0.75,2026-05-11T12:00:00
FC-001359,SEC-003,2026-05-12,14,0,0.72,2026-05-11T12:00:00
FC-001360,SEC-003,2026-05-12,15,0,0.87,2026-05-11T12:00:00
FC-001361,SEC-003,2026-05-12,16,0,0.86,2026-05-11T12:00:00
FC-001362,SEC-003,2026-05-12,17,0,0.74,2026-05-11T12:00:00
FC-001363,SEC-003,2026-05-12,18,1,0.88,2026-05-11T12:00:00
FC-001364,SEC-003,2026-05-12,19,1,0.71,2026-05-11T12:00:00
FC-001365,SEC-003,2026-05-12,20,0,0.88,2026-05-11T12:00:00
FC-001366,SEC-003,2026-05-12,21,0,0.7,2026-05-11T12:00:00
FC-001367,SEC-003,2026-05-12,22,1,0.74,2026-05-11T12:00:00
FC-001368,SEC-003,2026-05-12,23,3,0.87,2026-05-11T12:00:00
FC-001369,SEC-004,2026-05-12,0,1,0.77,2026-05-11T12:00:00
FC-001370,SEC-004,2026-05-12,1,1,0.94,2026-05-11T12:00:00
FC-001371,SEC-004,2026-05-12,2,5,0.95,2026-05-11T12:00:00
FC-001372,SEC-004,2026-05-12,3,0,0.75,2026-05-11T12:00:00
FC-001373,SEC-004,2026-05-12,4,1,0.87,2026-05-11T12:00:00
FC-001374,SEC-004,2026-05-12,5,0,0.84,2026-05-11T12:00:00
FC-001375,SEC-004,2026-05-12,6,0,0.86,2026-05-11T12:00:00
FC-001376,SEC-004,2026-05-12,7,0,0.84,2026-05-11T12:00:00
FC-001377,SEC-004,2026-05-12,8,0,0.79,2026-05-11T12:00:00
FC-001378,SEC-004,2026-05-12,9,0,0.89,2026-05-11T12:00:00
FC-001379,SEC-004,2026-05-12,10,0,0.75,2026-05-11T12:00:00
FC-001380,SEC-004,2026-05-12,11,0,0.91,2026-05-11T12:00:00
FC-001381,SEC-004,2026-05-12,12,1,0.9,2026-05-11T12:00:00
FC-001382,SEC-004,2026-05-12,13,0,0.73,2026-05-11T12:00:00
FC-001383,SEC-004,2026-05-12,14,0,0.78,2026-05-11T12:00:00
FC-001384,SEC-004,2026-05-12,15,1,0.88,2026-05-11T12:00:00
FC-001385,SEC-004,2026-05-12,16,0,0.76,2026-05-11T12:00:00
FC-001386,SEC-004,2026-05-12,17,0,0.75,2026-05-11T12:00:00
FC-001387,SEC-004,2026-05-12,18,0,0.79,2026-05-11T12:00:00
FC-001388,SEC-004,2026-05-12,19,0,0.84,2026-05-11T12:00:00
FC-001389,SEC-004,2026-05-12,20,1,0.86,2026-05-11T12:00:00
FC-001390,SEC-004,2026-05-12,21,0,0.75,2026-05-11T12:00:00
FC-001391,SEC-004,2026-05-12,22,2,0.92,2026-05-11T12:00:00
FC-001392,SEC-004,2026-05-12,23,1,0.83,2026-05-11T12:00:00
FC-001393,SEC-005,2026-05-12,0,2,0.88,2026-05-11T12:00:00
FC-001394,SEC-005,2026-05-12,1,1,0.93,2026-05-11T12:00:00
FC-001395,SEC-005,2026-05-12,2,0,0.85,2026-05-11T12:00:00
FC-001396,SEC-005,2026-05-12,3,4,0.85,2026-05-11T12:00:00
FC-001397,SEC-005,2026-05-12,4,1,0.82,2026-05-11T12:00:00
FC-001398,SEC-005,2026-05-12,5,0,0.87,2026-05-11T12:00:00
FC-001399,SEC-005,2026-05-12,6,0,0.78,2026-05-11T12:00:00
FC-001400,SEC-005,2026-05-12,7,1,0.87,2026-05-11T12:00:00
FC-001401,SEC-005,2026-05-12,8,0,0.91,2026-05-11T12:00:00
FC-001402,SEC-005,2026-05-12,9,0,0.88,2026-05-11T12:00:00
FC-001403,SEC-005,2026-05-12,10,0,0.92,2026-05-11T12:00:00
FC-001404,SEC-005,2026-05-12,11,1,0.77,2026-05-11T12:00:00
FC-001405,SEC-005,2026-05-12,12,1,0.78,2026-05-11T12:00:00
FC-001406,SEC-005,2026-05-12,13,0,0.78,2026-05-11T12:00:00
FC-001407,SEC-005,2026-05-12,14,0,0.87,2026-05-11T12:00:00
FC-001408,SEC-005,2026-05-12,15,1,0.85,2026-05-11T12:00:00
FC-001409,SEC-005,2026-05-12,16,1,0.82,2026-05-11T12:00:00
FC-001410,SEC-005,2026-05-12,17,1,0.75,2026-05-11T12:00:00
FC-001411,SEC-005,2026-05-12,18,0,0.91,2026-05-11T12:00:00
FC-001412,SEC-005,2026-05-12,19,0,0.85,2026-05-11T12:00:00
FC-001413,SEC-005,2026-05-12,20,0,0.92,2026-05-11T12:00:00
FC-001414,SEC-005,2026-05-12,21,0,0.74,2026-05-11T12:00:00
FC-001415,SEC-005,2026-05-12,22,1,0.75,2026-05-11T12:00:00
FC-001416,SEC-005,2026-05-12,23,2,0.83,2026-05-11T12:00:00
FC-001417,SEC-006,2026-05-12,0,1,0.84,2026-05-11T12:00:00
FC-001418,SEC-006,2026-05-12,1,1,0.86,2026-05-11T12:00:00
FC-001419,SEC-006,2026-05-12,2,4,0.73,2026-05-11T12:00:00
FC-001420,SEC-006,2026-05-12,3,1,0.94,2026-05-11T12:00:00
FC-001421,SEC-006,2026-05-12,4,1,0.8,2026-05-11T12:00:00
FC-001422,SEC-006,2026-05-12,5,0,0.76,2026-05-11T12:00:00
FC-001423,SEC-006,2026-05-12,6,0,0.77,2026-05-11T12:00:00
FC-001424,SEC-006,2026-05-12,7,2,0.9,2026-05-11T12:00:00
FC-001425,SEC-006,2026-05-12,8,0,0.9,2026-05-11T12:00:00
FC-001426,SEC-006,2026-05-12,9,0,0.85,2026-05-11T12:00:00
FC-001427,SEC-006,2026-05-12,10,0,0.72,2026-05-11T12:00:00
FC-001428,SEC-006,2026-05-12,11,0,0.76,2026-05-11T12:00:00
FC-001429,SEC-006,2026-05-12,12,2,0.73,2026-05-11T12:00:00
FC-001430,SEC-006,2026-05-12,13,1,0.83,2026-05-11T12:00:00
FC-001431,SEC-006,2026-05-12,14,1,0.77,2026-05-11T12:00:00
FC-001432,SEC-006,2026-05-12,15,1,0.9,2026-05-11T12:00:00
FC-001433,SEC-006,2026-05-12,16,1,0.81,2026-05-11T12:00:00
FC-001434,SEC-006,2026-05-12,17,0,0.89,2026-05-11T12:00:00
FC-001435,SEC-006,2026-05-12,18,0,0.87,2026-05-11T12:00:00
FC-001436,SEC-006,2026-05-12,19,1,0.76,2026-05-11T12:00:00
FC-001437,SEC-006,2026-05-12,20,0,0.84,2026-05-11T12:00:00
FC-001438,SEC-006,2026-05-12,21,0,0.72,2026-05-11T12:00:00
FC-001439,SEC-006,2026-05-12,22,3,0.87,2026-05-11T12:00:00
FC-001440,SEC-006,2026-05-12,23,4,0.87,2026-05-11T12:00:00
FC-001441,SEC-001,2026-05-13,0,0,0.92,2026-05-12T12:00:00
FC-001442,SEC-001,2026-05-13,1,0,0.94,2026-05-12T12:00:00
FC-001443,SEC-001,2026-05-13,2,2,0.81,2026-05-12T12:00:00
FC-001444,SEC-001,2026-05-13,3,2,0.86,2026-05-12T12:00:00
FC-001445,SEC-001,2026-05-13,4,2,0.95,2026-05-12T12:00:00
FC-001446,SEC-001,2026-05-13,5,1,0.8,2026-05-12T12:00:00
FC-001447,SEC-001,2026-05-13,6,1,0.72,2026-05-12T12:00:00
FC-001448,SEC-001,2026-05-13,7,0,0.75,2026-05-12T12:00:00
FC-001449,SEC-001,2026-05-13,8,0,0.95,2026-05-12T12:00:00
FC-001450,SEC-001,2026-05-13,9,0,0.82,2026-05-12T12:00:00
FC-001451,SEC-001,2026-05-13,10,1,0.86,2026-05-12T12:00:00
FC-001452,SEC-001,2026-05-13,11,0,0.86,2026-05-12T12:00:00
FC-001453,SEC-001,2026-05-13,12,0,0.77,2026-05-12T12:00:00
FC-001454,SEC-001,2026-05-13,13,0,0.85,2026-05-12T12:00:00
FC-001455,SEC-001,2026-05-13,14,0,0.7,2026-05-12T12:00:00
FC-001456,SEC-001,2026-05-13,15,0,0.79,2026-05-12T12:00:00
FC-001457,SEC-001,2026-05-13,16,0,0.76,2026-05-12T12:00:00
FC-001458,SEC-001,2026-05-13,17,0,0.73,2026-05-12T12:00:00
FC-001459,SEC-001,2026-05-13,18,0,0.83,2026-05-12T12:00:00
FC-001460,SEC-001,2026-05-13,19,0,0.77,2026-05-12T12:00:00
FC-001461,SEC-001,2026-05-13,20,0,0.79,2026-05-12T12:00:00
FC-001462,SEC-001,2026-05-13,21,1,0.74,2026-05-12T12:00:00
FC-001463,SEC-001,2026-05-13,22,3,0.84,2026-05-12T12:00:00
FC-001464,SEC-001,2026-05-13,23,0,0.76,2026-05-12T12:00:00
FC-001465,SEC-002,2026-05-13,0,2,0.87,2026-05-12T12:00:00
FC-001466,SEC-002,2026-05-13,1,1,0.78,2026-05-12T12:00:00
FC-001467,SEC-002,2026-05-13,2,2,0.91,2026-05-12T12:00:00
FC-001468,SEC-002,2026-05-13,3,0,0.73,2026-05-12T12:00:00
FC-001469,SEC-002,2026-05-13,4,4,0.87,2026-05-12T12:00:00
FC-001470,SEC-002,2026-05-13,5,0,0.74,2026-05-12T12:00:00
FC-001471,SEC-002,2026-05-13,6,1,0.88,2026-05-12T12:00:00
FC-001472,SEC-002,2026-05-13,7,1,0.92,2026-05-12T12:00:00
FC-001473,SEC-002,2026-05-13,8,0,0.91,2026-05-12T12:00:00
FC-001474,SEC-002,2026-05-13,9,0,0.85,2026-05-12T12:00:00
FC-001475,SEC-002,2026-05-13,10,0,0.95,2026-05-12T12:00:00
FC-001476,SEC-002,2026-05-13,11,0,0.82,2026-05-12T12:00:00
FC-001477,SEC-002,2026-05-13,12,0,0.71,2026-05-12T12:00:00
FC-001478,SEC-002,2026-05-13,13,1,0.84,2026-05-12T12:00:00
FC-001479,SEC-002,2026-05-13,14,0,0.81,2026-05-12T12:00:00
FC-001480,SEC-002,2026-05-13,15,1,0.95,2026-05-12T12:00:00
FC-001481,SEC-002,2026-05-13,16,0,0.9,2026-05-12T12:00:00
FC-001482,SEC-002,2026-05-13,17,0,0.87,2026-05-12T12:00:00
FC-001483,SEC-002,2026-05-13,18,1,0.81,2026-05-12T12:00:00
FC-001484,SEC-002,2026-05-13,19,0,0.74,2026-05-12T12:00:00
FC-001485,SEC-002,2026-05-13,20,0,0.84,2026-05-12T12:00:00
FC-001486,SEC-002,2026-05-13,21,0,0.84,2026-05-12T12:00:00
FC-001487,SEC-002,2026-05-13,22,1,0.75,2026-05-12T12:00:00
FC-001488,SEC-002,2026-05-13,23,2,0.89,2026-05-12T12:00:00
FC-001489,SEC-003,2026-05-13,0,0,0.77,2026-05-12T12:00:00
FC-001490,SEC-003,2026-05-13,1,1,0.72,2026-05-12T12:00:00
FC-001491,SEC-003,2026-05-13,2,3,0.8,2026-05-12T12:00:00
FC-001492,SEC-003,2026-05-13,3,3,0.9,2026-05-12T12:00:00
FC-001493,SEC-003,2026-05-13,4,4,0.91,2026-05-12T12:00:00
FC-001494,SEC-003,2026-05-13,5,0,0.85,2026-05-12T12:00:00
FC-001495,SEC-003,2026-05-13,6,0,0.88,2026-05-12T12:00:00
FC-001496,SEC-003,2026-05-13,7,0,0.75,2026-05-12T12:00:00
FC-001497,SEC-003,2026-05-13,8,1,0.85,2026-05-12T12:00:00
FC-001498,SEC-003,2026-05-13,9,0,0.79,2026-05-12T12:00:00
FC-001499,SEC-003,2026-05-13,10,0,0.74,2026-05-12T12:00:00
FC-001500,SEC-003,2026-05-13,11,1,0.85,2026-05-12T12:00:00
FC-001501,SEC-003,2026-05-13,12,0,0.9,2026-05-12T12:00:00
FC-001502,SEC-003,2026-05-13,13,0,0.86,2026-05-12T12:00:00
FC-001503,SEC-003,2026-05-13,14,1,0.76,2026-05-12T12:00:00
FC-001504,SEC-003,2026-05-13,15,0,0.82,2026-05-12T12:00:00
FC-001505,SEC-003,2026-05-13,16,0,0.75,2026-05-12T12:00:00
FC-001506,SEC-003,2026-05-13,17,0,0.78,2026-05-12T12:00:00
FC-001507,SEC-003,2026-05-13,18,0,0.86,2026-05-12T12:00:00
FC-001508,SEC-003,2026-05-13,19,3,0.74,2026-05-12T12:00:00
FC-001509,SEC-003,2026-05-13,20,0,0.71,2026-05-12T12:00:00
FC-001510,SEC-003,2026-05-13,21,0,0.93,2026-05-12T12:00:00
FC-001511,SEC-003,2026-05-13,22,4,0.72,2026-05-12T12:00:00
FC-001512,SEC-003,2026-05-13,23,3,0.88,2026-05-12T12:00:00
FC-001513,SEC-004,2026-05-13,0,1,0.88,2026-05-12T12:00:00
FC-001514,SEC-004,2026-05-13,1,4,0.87,2026-05-12T12:00:00
FC-001515,SEC-004,2026-05-13,2,1,0.83,2026-05-12T12:00:00
FC-001516,SEC-004,2026-05-13,3,0,0.81,2026-05-12T12:00:00
FC-001517,SEC-004,2026-05-13,4,0,0.77,2026-05-12T12:00:00
FC-001518,SEC-004,2026-05-13,5,0,0.91,2026-05-12T12:00:00
FC-001519,SEC-004,2026-05-13,6,0,0.89,2026-05-12T12:00:00
FC-001520,SEC-004,2026-05-13,7,0,0.81,2026-05-12T12:00:00
FC-001521,SEC-004,2026-05-13,8,0,0.95,2026-05-12T12:00:00
FC-001522,SEC-004,2026-05-13,9,0,0.91,2026-05-12T12:00:00
FC-001523,SEC-004,2026-05-13,10,2,0.93,2026-05-12T12:00:00
FC-001524,SEC-004,2026-05-13,11,1,0.75,2026-05-12T12:00:00
FC-001525,SEC-004,2026-05-13,12,1,0.7,2026-05-12T12:00:00
FC-001526,SEC-004,2026-05-13,13,0,0.72,2026-05-12T12:00:00
FC-001527,SEC-004,2026-05-13,14,1,0.72,2026-05-12T12:00:00
FC-001528,SEC-004,2026-05-13,15,0,0.72,2026-05-12T12:00:00
FC-001529,SEC-004,2026-05-13,16,0,0.85,2026-05-12T12:00:00
FC-001530,SEC-004,2026-05-13,17,1,0.76,2026-05-12T12:00:00
FC-001531,SEC-004,2026-05-13,18,0,0.73,2026-05-12T12:00:00
FC-001532,SEC-004,2026-05-13,19,0,0.84,2026-05-12T12:00:00
FC-001533,SEC-004,2026-05-13,20,1,0.74,2026-05-12T12:00:00
FC-001534,SEC-004,2026-05-13,21,0,0.89,2026-05-12T12:00:00
FC-001535,SEC-004,2026-05-13,22,1,0.82,2026-05-12T12:00:00
FC-001536,SEC-004,2026-05-13,23,2,0.94,2026-05-12T12:00:00
FC-001537,SEC-005,2026-05-13,0,1,0.72,2026-05-12T12:00:00
FC-001538,SEC-005,2026-05-13,1,2,0.88,2026-05-12T12:00:00
FC-001539,SEC-005,2026-05-13,2,1,0.82,2026-05-12T12:00:00
FC-001540,SEC-005,2026-05-13,3,2,0.71,2026-05-12T12:00:00
FC-001541,SEC-005,2026-05-13,4,4,0.73,2026-05-12T12:00:00
FC-001542,SEC-005,2026-05-13,5,0,0.76,2026-05-12T12:00:00
FC-001543,SEC-005,2026-05-13,6,1,0.84,2026-05-12T12:00:00
FC-001544,SEC-005,2026-05-13,7,1,0.87,2026-05-12T12:00:00
FC-001545,SEC-005,2026-05-13,8,0,0.77,2026-05-12T12:00:00
FC-001546,SEC-005,2026-05-13,9,0,0.9,2026-05-12T12:00:00
FC-001547,SEC-005,2026-05-13,10,0,0.79,2026-05-12T12:00:00
FC-001548,SEC-005,2026-05-13,11,1,0.77,2026-05-12T12:00:00
FC-001549,SEC-005,2026-05-13,12,1,0.84,2026-05-12T12:00:00
FC-001550,SEC-005,2026-05-13,13,2,0.85,2026-05-12T12:00:00
FC-001551,SEC-005,2026-05-13,14,1,0.91,2026-05-12T12:00:00
FC-001552,SEC-005,2026-05-13,15,0,0.85,2026-05-12T12:00:00
FC-001553,SEC-005,2026-05-13,16,0,0.77,2026-05-12T12:00:00
FC-001554,SEC-005,2026-05-13,17,0,0.92,2026-05-12T12:00:00
FC-001555,SEC-005,2026-05-13,18,0,0.85,2026-05-12T12:00:00
FC-001556,SEC-005,2026-05-13,19,2,0.86,2026-05-12T12:00:00
FC-001557,SEC-005,2026-05-13,20,1,0.86,2026-05-12T12:00:00
FC-001558,SEC-005,2026-05-13,21,0,0.73,2026-05-12T12:00:00
FC-001559,SEC-005,2026-05-13,22,3,0.73,2026-05-12T12:00:00
FC-001560,SEC-005,2026-05-13,23,3,0.82,2026-05-12T12:00:00
FC-001561,SEC-006,2026-05-13,0,1,0.74,2026-05-12T12:00:00
FC-001562,SEC-006,2026-05-13,1,1,0.72,2026-05-12T12:00:00
FC-001563,SEC-006,2026-05-13,2,1,0.73,2026-05-12T12:00:00
FC-001564,SEC-006,2026-05-13,3,2,0.92,2026-05-12T12:00:00
FC-001565,SEC-006,2026-05-13,4,4,0.78,2026-05-12T12:00:00
FC-001566,SEC-006,2026-05-13,5,0,0.77,2026-05-12T12:00:00
FC-001567,SEC-006,2026-05-13,6,0,0.72,2026-05-12T12:00:00
FC-001568,SEC-006,2026-05-13,7,2,0.74,2026-05-12T12:00:00
FC-001569,SEC-006,2026-05-13,8,0,0.74,2026-05-12T12:00:00
FC-001570,SEC-006,2026-05-13,9,0,0.87,2026-05-12T12:00:00
FC-001571,SEC-006,2026-05-13,10,0,0.91,2026-05-12T12:00:00
FC-001572,SEC-006,2026-05-13,11,1,0.91,2026-05-12T12:00:00
FC-001573,SEC-006,2026-05-13,12,0,0.83,2026-05-12T12:00:00
FC-001574,SEC-006,2026-05-13,13,0,0.86,2026-05-12T12:00:00
FC-001575,SEC-006,2026-05-13,14,0,0.93,2026-05-12T12:00:00
FC-001576,SEC-006,2026-05-13,15,0,0.86,2026-05-12T12:00:00
FC-001577,SEC-006,2026-05-13,16,0,0.71,2026-05-12T12:00:00
FC-001578,SEC-006,2026-05-13,17,1,0.73,2026-05-12T12:00:00
FC-001579,SEC-006,2026-05-13,18,1,0.89,2026-05-12T12:00:00
FC-001580,SEC-006,2026-05-13,19,1,0.79,2026-05-12T12:00:00
FC-001581,SEC-006,2026-05-13,20,1,0.87,2026-05-12T12:00:00
FC-001582,SEC-006,2026-05-13,21,1,0.76,2026-05-12T12:00:00
FC-001583,SEC-006,2026-05-13,22,1,0.72,2026-05-12T12:00:00
FC-001584,SEC-006,2026-05-13,23,0,0.84,2026-05-12T12:00:00
FC-001585,SEC-001,2026-05-14,0,1,0.73,2026-05-13T12:00:00
FC-001586,SEC-001,2026-05-14,1,2,0.71,2026-05-13T12:00:00
FC-001587,SEC-001,2026-05-14,2,3,0.86,2026-05-13T12:00:00
FC-001588,SEC-001,2026-05-14,3,1,0.85,2026-05-13T12:00:00
FC-001589,SEC-001,2026-05-14,4,4,0.74,2026-05-13T12:00:00
FC-001590,SEC-001,2026-05-14,5,0,0.8,2026-05-13T12:00:00
FC-001591,SEC-001,2026-05-14,6,0,0.91,2026-05-13T12:00:00
FC-001592,SEC-001,2026-05-14,7,1,0.73,2026-05-13T12:00:00
FC-001593,SEC-001,2026-05-14,8,0,0.92,2026-05-13T12:00:00
FC-001594,SEC-001,2026-05-14,9,0,0.74,2026-05-13T12:00:00
FC-001595,SEC-001,2026-05-14,10,0,0.86,2026-05-13T12:00:00
FC-001596,SEC-001,2026-05-14,11,0,0.76,2026-05-13T12:00:00
FC-001597,SEC-001,2026-05-14,12,0,0.86,2026-05-13T12:00:00
FC-001598,SEC-001,2026-05-14,13,1,0.84,2026-05-13T12:00:00
FC-001599,SEC-001,2026-05-14,14,1,0.9,2026-05-13T12:00:00
FC-001600,SEC-001,2026-05-14,15,2,0.86,2026-05-13T12:00:00
FC-001601,SEC-001,2026-05-14,16,0,0.93,2026-05-13T12:00:00
FC-001602,SEC-001,2026-05-14,17,1,0.8,2026-05-13T12:00:00
FC-001603,SEC-001,2026-05-14,18,0,0.92,2026-05-13T12:00:00
FC-001604,SEC-001,2026-05-14,19,0,0.73,2026-05-13T12:00:00
FC-001605,SEC-001,2026-05-14,20,2,0.78,2026-05-13T12:00:00
FC-001606,SEC-001,2026-05-14,21,1,0.83,2026-05-13T12:00:00
FC-001607,SEC-001,2026-05-14,22,3,0.7,2026-05-13T12:00:00
FC-001608,SEC-001,2026-05-14,23,1,0.81,2026-05-13T12:00:00
FC-001609,SEC-002,2026-05-14,0,2,0.81,2026-05-13T12:00:00
FC-001610,SEC-002,2026-05-14,1,1,0.71,2026-05-13T12:00:00
FC-001611,SEC-002,2026-05-14,2,4,0.93,2026-05-13T12:00:00
FC-001612,SEC-002,2026-05-14,3,1,0.89,2026-05-13T12:00:00
FC-001613,SEC-002,2026-05-14,4,2,0.88,2026-05-13T12:00:00
FC-001614,SEC-002,2026-05-14,5,2,0.79,2026-05-13T12:00:00
FC-001615,SEC-002,2026-05-14,6,1,0.87,2026-05-13T12:00:00
FC-001616,SEC-002,2026-05-14,7,0,0.85,2026-05-13T12:00:00
FC-001617,SEC-002,2026-05-14,8,0,0.94,2026-05-13T12:00:00
FC-001618,SEC-002,2026-05-14,9,0,0.78,2026-05-13T12:00:00
FC-001619,SEC-002,2026-05-14,10,1,0.87,2026-05-13T12:00:00
FC-001620,SEC-002,2026-05-14,11,0,0.91,2026-05-13T12:00:00
FC-001621,SEC-002,2026-05-14,12,1,0.8,2026-05-13T12:00:00
FC-001622,SEC-002,2026-05-14,13,1,0.74,2026-05-13T12:00:00
FC-001623,SEC-002,2026-05-14,14,0,0.86,2026-05-13T12:00:00
FC-001624,SEC-002,2026-05-14,15,0,0.74,2026-05-13T12:00:00
FC-001625,SEC-002,2026-05-14,16,0,0.91,2026-05-13T12:00:00
FC-001626,SEC-002,2026-05-14,17,0,0.84,2026-05-13T12:00:00
FC-001627,SEC-002,2026-05-14,18,0,0.83,2026-05-13T12:00:00
FC-001628,SEC-002,2026-05-14,19,0,0.9,2026-05-13T12:00:00
FC-001629,SEC-002,2026-05-14,20,0,0.83,2026-05-13T12:00:00
FC-001630,SEC-002,2026-05-14,21,0,0.82,2026-05-13T12:00:00
FC-001631,SEC-002,2026-05-14,22,2,0.94,2026-05-13T12:00:00
FC-001632,SEC-002,2026-05-14,23,1,0.87,2026-05-13T12:00:00
FC-001633,SEC-003,2026-05-14,0,2,0.83,2026-05-13T12:00:00
FC-001634,SEC-003,2026-05-14,1,3,0.9,2026-05-13T12:00:00
FC-001635,SEC-003,2026-05-14,2,0,0.77,2026-05-13T12:00:00
FC-001636,SEC-003,2026-05-14,3,2,0.89,2026-05-13T12:00:00
FC-001637,SEC-003,2026-05-14,4,5,0.83,2026-05-13T12:00:00
FC-001638,SEC-003,2026-05-14,5,0,0.93,2026-05-13T12:00:00
FC-001639,SEC-003,2026-05-14,6,1,0.72,2026-05-13T12:00:00
FC-001640,SEC-003,2026-05-14,7,0,0.74,2026-05-13T12:00:00
FC-001641,SEC-003,2026-05-14,8,0,0.74,2026-05-13T12:00:00
FC-001642,SEC-003,2026-05-14,9,2,0.77,2026-05-13T12:00:00
FC-001643,SEC-003,2026-05-14,10,1,0.79,2026-05-13T12:00:00
FC-001644,SEC-003,2026-05-14,11,0,0.79,2026-05-13T12:00:00
FC-001645,SEC-003,2026-05-14,12,0,0.92,2026-05-13T12:00:00
FC-001646,SEC-003,2026-05-14,13,1,0.75,2026-05-13T12:00:00
FC-001647,SEC-003,2026-05-14,14,0,0.82,2026-05-13T12:00:00
FC-001648,SEC-003,2026-05-14,15,0,0.88,2026-05-13T12:00:00
FC-001649,SEC-003,2026-05-14,16,0,0.74,2026-05-13T12:00:00
FC-001650,SEC-003,2026-05-14,17,1,0.74,2026-05-13T12:00:00
FC-001651,SEC-003,2026-05-14,18,1,0.78,2026-05-13T12:00:00
FC-001652,SEC-003,2026-05-14,19,0,0.8,2026-05-13T12:00:00
FC-001653,SEC-003,2026-05-14,20,0,0.88,2026-05-13T12:00:00
FC-001654,SEC-003,2026-05-14,21,2,0.9,2026-05-13T12:00:00
FC-001655,SEC-003,2026-05-14,22,4,0.8,2026-05-13T12:00:00
FC-001656,SEC-003,2026-05-14,23,2,0.73,2026-05-13T12:00:00
FC-001657,SEC-004,2026-05-14,0,4,0.91,2026-05-13T12:00:00
FC-001658,SEC-004,2026-05-14,1,1,0.95,2026-05-13T12:00:00
FC-001659,SEC-004,2026-05-14,2,4,0.9,2026-05-13T12:00:00
FC-001660,SEC-004,2026-05-14,3,1,0.83,2026-05-13T12:00:00
FC-001661,SEC-004,2026-05-14,4,1,0.71,2026-05-13T12:00:00
FC-001662,SEC-004,2026-05-14,5,1,0.78,2026-05-13T12:00:00
FC-001663,SEC-004,2026-05-14,6,0,0.73,2026-05-13T12:00:00
FC-001664,SEC-004,2026-05-14,7,2,0.91,2026-05-13T12:00:00
FC-001665,SEC-004,2026-05-14,8,1,0.74,2026-05-13T12:00:00
FC-001666,SEC-004,2026-05-14,9,2,0.86,2026-05-13T12:00:00
FC-001667,SEC-004,2026-05-14,10,2,0.77,2026-05-13T12:00:00
FC-001668,SEC-004,2026-05-14,11,0,0.88,2026-05-13T12:00:00
FC-001669,SEC-004,2026-05-14,12,1,0.93,2026-05-13T12:00:00
FC-001670,SEC-004,2026-05-14,13,0,0.83,2026-05-13T12:00:00
FC-001671,SEC-004,2026-05-14,14,1,0.94,2026-05-13T12:00:00
FC-001672,SEC-004,2026-05-14,15,0,0.88,2026-05-13T12:00:00
FC-001673,SEC-004,2026-05-14,16,0,0.71,2026-05-13T12:00:00
FC-001674,SEC-004,2026-05-14,17,0,0.81,2026-05-13T12:00:00
FC-001675,SEC-004,2026-05-14,18,0,0.8,2026-05-13T12:00:00
FC-001676,SEC-004,2026-05-14,19,0,0.77,2026-05-13T12:00:00
FC-001677,SEC-004,2026-05-14,20,0,0.84,2026-05-13T12:00:00
FC-001678,SEC-004,2026-05-14,21,0,0.77,2026-05-13T12:00:00
FC-001679,SEC-004,2026-05-14,22,4,0.76,2026-05-13T12:00:00
FC-001680,SEC-004,2026-05-14,23,2,0.9,2026-05-13T12:00:00
FC-001681,SEC-005,2026-05-14,0,0,0.83,2026-05-13T12:00:00
FC-001682,SEC-005,2026-05-14,1,2,0.92,2026-05-13T12:00:00
FC-001683,SEC-005,2026-05-14,2,1,0.79,2026-05-13T12:00:00
FC-001684,SEC-005,2026-05-14,3,2,0.88,2026-05-13T12:00:00
FC-001685,SEC-005,2026-05-14,4,0,0.73,2026-05-13T12:00:00
FC-001686,SEC-005,2026-05-14,5,0,0.9,2026-05-13T12:00:00
FC-001687,SEC-005,2026-05-14,6,0,0.83,2026-05-13T12:00:00
FC-001688,SEC-005,2026-05-14,7,0,0.84,2026-05-13T12:00:00
FC-001689,SEC-005,2026-05-14,8,0,0.89,2026-05-13T12:00:00
FC-001690,SEC-005,2026-05-14,9,0,0.81,2026-05-13T12:00:00
FC-001691,SEC-005,2026-05-14,10,2,0.9,2026-05-13T12:00:00
FC-001692,SEC-005,2026-05-14,11,0,0.83,2026-05-13T12:00:00
FC-001693,SEC-005,2026-05-14,12,0,0.78,2026-05-13T12:00:00
FC-001694,SEC-005,2026-05-14,13,0,0.88,2026-05-13T12:00:00
FC-001695,SEC-005,2026-05-14,14,1,0.78,2026-05-13T12:00:00
FC-001696,SEC-005,2026-05-14,15,0,0.81,2026-05-13T12:00:00
FC-001697,SEC-005,2026-05-14,16,0,0.78,2026-05-13T12:00:00
FC-001698,SEC-005,2026-05-14,17,2,0.75,2026-05-13T12:00:00
FC-001699,SEC-005,2026-05-14,18,1,0.75,2026-05-13T12:00:00
FC-001700,SEC-005,2026-05-14,19,1,0.76,2026-05-13T12:00:00
FC-001701,SEC-005,2026-05-14,20,0,0.8,2026-05-13T12:00:00
FC-001702,SEC-005,2026-05-14,21,2,0.72,2026-05-13T12:00:00
FC-001703,SEC-005,2026-05-14,22,4,0.85,2026-05-13T12:00:00
FC-001704,SEC-005,2026-05-14,23,1,0.84,2026-05-13T12:00:00
FC-001705,SEC-006,2026-05-14,0,1,0.73,2026-05-13T12:00:00
FC-001706,SEC-006,2026-05-14,1,0,0.88,2026-05-13T12:00:00
FC-001707,SEC-006,2026-05-14,2,1,0.76,2026-05-13T12:00:00
FC-001708,SEC-006,2026-05-14,3,0,0.84,2026-05-13T12:00:00
FC-001709,SEC-006,2026-05-14,4,0,0.93,2026-05-13T12:00:00
FC-001710,SEC-006,2026-05-14,5,1,0.88,2026-05-13T12:00:00
FC-001711,SEC-006,2026-05-14,6,0,0.95,2026-05-13T12:00:00
FC-001712,SEC-006,2026-05-14,7,0,0.86,2026-05-13T12:00:00
FC-001713,SEC-006,2026-05-14,8,1,0.88,2026-05-13T12:00:00
FC-001714,SEC-006,2026-05-14,9,1,0.92,2026-05-13T12:00:00
FC-001715,SEC-006,2026-05-14,10,0,0.9,2026-05-13T12:00:00
FC-001716,SEC-006,2026-05-14,11,1,0.77,2026-05-13T12:00:00
FC-001717,SEC-006,2026-05-14,12,0,0.73,2026-05-13T12:00:00
FC-001718,SEC-006,2026-05-14,13,0,0.94,2026-05-13T12:00:00
FC-001719,SEC-006,2026-05-14,14,2,0.94,2026-05-13T12:00:00
FC-001720,SEC-006,2026-05-14,15,0,0.75,2026-05-13T12:00:00
FC-001721,SEC-006,2026-05-14,16,1,0.8,2026-05-13T12:00:00
FC-001722,SEC-006,2026-05-14,17,0,0.75,2026-05-13T12:00:00
FC-001723,SEC-006,2026-05-14,18,0,0.88,2026-05-13T12:00:00
FC-001724,SEC-006,2026-05-14,19,0,0.7,2026-05-13T12:00:00
FC-001725,SEC-006,2026-05-14,20,2,0.75,2026-05-13T12:00:00
FC-001726,SEC-006,2026-05-14,21,0,0.72,2026-05-13T12:00:00
FC-001727,SEC-006,2026-05-14,22,3,0.72,2026-05-13T12:00:00
FC-001728,SEC-006,2026-05-14,23,3,0.81,2026-05-13T12:00:00
FC-001729,SEC-001,2026-05-15,0,1,0.83,2026-05-14T12:00:00
FC-001730,SEC-001,2026-05-15,1,0,0.84,2026-05-14T12:00:00
FC-001731,SEC-001,2026-05-15,2,2,0.81,2026-05-14T12:00:00
FC-001732,SEC-001,2026-05-15,3,0,0.94,2026-05-14T12:00:00
FC-001733,SEC-001,2026-05-15,4,1,0.9,2026-05-14T12:00:00
FC-001734,SEC-001,2026-05-15,5,1,0.87,2026-05-14T12:00:00
FC-001735,SEC-001,2026-05-15,6,0,0.71,2026-05-14T12:00:00
FC-001736,SEC-001,2026-05-15,7,0,0.91,2026-05-14T12:00:00
FC-001737,SEC-001,2026-05-15,8,2,0.78,2026-05-14T12:00:00
FC-001738,SEC-001,2026-05-15,9,0,0.78,2026-05-14T12:00:00
FC-001739,SEC-001,2026-05-15,10,0,0.78,2026-05-14T12:00:00
FC-001740,SEC-001,2026-05-15,11,0,0.8,2026-05-14T12:00:00
FC-001741,SEC-001,2026-05-15,12,0,0.87,2026-05-14T12:00:00
FC-001742,SEC-001,2026-05-15,13,0,0.89,2026-05-14T12:00:00
FC-001743,SEC-001,2026-05-15,14,2,0.75,2026-05-14T12:00:00
FC-001744,SEC-001,2026-05-15,15,0,0.75,2026-05-14T12:00:00
FC-001745,SEC-001,2026-05-15,16,0,0.88,2026-05-14T12:00:00
FC-001746,SEC-001,2026-05-15,17,0,0.87,2026-05-14T12:00:00
FC-001747,SEC-001,2026-05-15,18,2,0.73,2026-05-14T12:00:00
FC-001748,SEC-001,2026-05-15,19,0,0.93,2026-05-14T12:00:00
FC-001749,SEC-001,2026-05-15,20,1,0.74,2026-05-14T12:00:00
FC-001750,SEC-001,2026-05-15,21,0,0.86,2026-05-14T12:00:00
FC-001751,SEC-001,2026-05-15,22,2,0.74,2026-05-14T12:00:00
FC-001752,SEC-001,2026-05-15,23,4,0.74,2026-05-14T12:00:00
FC-001753,SEC-002,2026-05-15,0,4,0.92,2026-05-14T12:00:00
FC-001754,SEC-002,2026-05-15,1,1,0.93,2026-05-14T12:00:00
FC-001755,SEC-002,2026-05-15,2,2,0.94,2026-05-14T12:00:00
FC-001756,SEC-002,2026-05-15,3,1,0.75,2026-05-14T12:00:00
FC-001757,SEC-002,2026-05-15,4,2,0.71,2026-05-14T12:00:00
FC-001758,SEC-002,2026-05-15,5,0,0.82,2026-05-14T12:00:00
FC-001759,SEC-002,2026-05-15,6,1,0.89,2026-05-14T12:00:00
FC-001760,SEC-002,2026-05-15,7,1,0.94,2026-05-14T12:00:00
FC-001761,SEC-002,2026-05-15,8,0,0.84,2026-05-14T12:00:00
FC-001762,SEC-002,2026-05-15,9,0,0.75,2026-05-14T12:00:00
FC-001763,SEC-002,2026-05-15,10,0,0.71,2026-05-14T12:00:00
FC-001764,SEC-002,2026-05-15,11,0,0.86,2026-05-14T12:00:00
FC-001765,SEC-002,2026-05-15,12,0,0.81,2026-05-14T12:00:00
FC-001766,SEC-002,2026-05-15,13,0,0.93,2026-05-14T12:00:00
FC-001767,SEC-002,2026-05-15,14,1,0.88,2026-05-14T12:00:00
FC-001768,SEC-002,2026-05-15,15,1,0.82,2026-05-14T12:00:00
FC-001769,SEC-002,2026-05-15,16,3,0.71,2026-05-14T12:00:00
FC-001770,SEC-002,2026-05-15,17,0,0.89,2026-05-14T12:00:00
FC-001771,SEC-002,2026-05-15,18,0,0.74,2026-05-14T12:00:00
FC-001772,SEC-002,2026-05-15,19,0,0.75,2026-05-14T12:00:00
FC-001773,SEC-002,2026-05-15,20,0,0.89,2026-05-14T12:00:00
FC-001774,SEC-002,2026-05-15,21,0,0.91,2026-05-14T12:00:00
FC-001775,SEC-002,2026-05-15,22,2,0.84,2026-05-14T12:00:00
FC-001776,SEC-002,2026-05-15,23,2,0.93,2026-05-14T12:00:00
FC-001777,SEC-003,2026-05-15,0,3,0.75,2026-05-14T12:00:00
FC-001778,SEC-003,2026-05-15,1,3,0.82,2026-05-14T12:00:00
FC-001779,SEC-003,2026-05-15,2,3,0.82,2026-05-14T12:00:00
FC-001780,SEC-003,2026-05-15,3,1,0.88,2026-05-14T12:00:00
FC-001781,SEC-003,2026-05-15,4,3,0.85,2026-05-14T12:00:00
FC-001782,SEC-003,2026-05-15,5,1,0.72,2026-05-14T12:00:00
FC-001783,SEC-003,2026-05-15,6,1,0.85,2026-05-14T12:00:00
FC-001784,SEC-003,2026-05-15,7,0,0.85,2026-05-14T12:00:00
FC-001785,SEC-003,2026-05-15,8,0,0.87,2026-05-14T12:00:00
FC-001786,SEC-003,2026-05-15,9,0,0.73,2026-05-14T12:00:00
FC-001787,SEC-003,2026-05-15,10,0,0.74,2026-05-14T12:00:00
FC-001788,SEC-003,2026-05-15,11,0,0.71,2026-05-14T12:00:00
FC-001789,SEC-003,2026-05-15,12,1,0.76,2026-05-14T12:00:00
FC-001790,SEC-003,2026-05-15,13,0,0.81,2026-05-14T12:00:00
FC-001791,SEC-003,2026-05-15,14,0,0.89,2026-05-14T12:00:00
FC-001792,SEC-003,2026-05-15,15,0,0.78,2026-05-14T12:00:00
FC-001793,SEC-003,2026-05-15,16,0,0.82,2026-05-14T12:00:00
FC-001794,SEC-003,2026-05-15,17,0,0.77,2026-05-14T12:00:00
FC-001795,SEC-003,2026-05-15,18,1,0.7,2026-05-14T12:00:00
FC-001796,SEC-003,2026-05-15,19,0,0.84,2026-05-14T12:00:00
FC-001797,SEC-003,2026-05-15,20,0,0.78,2026-05-14T12:00:00
FC-001798,SEC-003,2026-05-15,21,0,0.93,2026-05-14T12:00:00
FC-001799,SEC-003,2026-05-15,22,3,0.93,2026-05-14T12:00:00
FC-001800,SEC-003,2026-05-15,23,2,0.88,2026-05-14T12:00:00
FC-001801,SEC-004,2026-05-15,0,1,0.85,2026-05-14T12:00:00
FC-001802,SEC-004,2026-05-15,1,2,0.72,2026-05-14T12:00:00
FC-001803,SEC-004,2026-05-15,2,3,0.94,2026-05-14T12:00:00
FC-001804,SEC-004,2026-05-15,3,3,0.95,2026-05-14T12:00:00
FC-001805,SEC-004,2026-05-15,4,3,0.85,2026-05-14T12:00:00
FC-001806,SEC-004,2026-05-15,5,0,0.83,2026-05-14T12:00:00
FC-001807,SEC-004,2026-05-15,6,0,0.75,2026-05-14T12:00:00
FC-001808,SEC-004,2026-05-15,7,1,0.95,2026-05-14T12:00:00
FC-001809,SEC-004,2026-05-15,8,1,0.84,2026-05-14T12:00:00
FC-001810,SEC-004,2026-05-15,9,0,0.89,2026-05-14T12:00:00
FC-001811,SEC-004,2026-05-15,10,0,0.86,2026-05-14T12:00:00
FC-001812,SEC-004,2026-05-15,11,0,0.84,2026-05-14T12:00:00
FC-001813,SEC-004,2026-05-15,12,0,0.74,2026-05-14T12:00:00
FC-001814,SEC-004,2026-05-15,13,1,0.81,2026-05-14T12:00:00
FC-001815,SEC-004,2026-05-15,14,0,0.76,2026-05-14T12:00:00
FC-001816,SEC-004,2026-05-15,15,0,0.76,2026-05-14T12:00:00
FC-001817,SEC-004,2026-05-15,16,0,0.7,2026-05-14T12:00:00
FC-001818,SEC-004,2026-05-15,17,0,0.7,2026-05-14T12:00:00
FC-001819,SEC-004,2026-05-15,18,1,0.87,2026-05-14T12:00:00
FC-001820,SEC-004,2026-05-15,19,1,0.93,2026-05-14T12:00:00
FC-001821,SEC-004,2026-05-15,20,0,0.84,2026-05-14T12:00:00
FC-001822,SEC-004,2026-05-15,21,0,0.91,2026-05-14T12:00:00
FC-001823,SEC-004,2026-05-15,22,1,0.93,2026-05-14T12:00:00
FC-001824,SEC-004,2026-05-15,23,1,0.89,2026-05-14T12:00:00
FC-001825,SEC-005,2026-05-15,0,1,0.89,2026-05-14T12:00:00
FC-001826,SEC-005,2026-05-15,1,1,0.91,2026-05-14T12:00:00
FC-001827,SEC-005,2026-05-15,2,1,0.75,2026-05-14T12:00:00
FC-001828,SEC-005,2026-05-15,3,2,0.88,2026-05-14T12:00:00
FC-001829,SEC-005,2026-05-15,4,0,0.72,2026-05-14T12:00:00
FC-001830,SEC-005,2026-05-15,5,1,0.88,2026-05-14T12:00:00
FC-001831,SEC-005,2026-05-15,6,2,0.72,2026-05-14T12:00:00
FC-001832,SEC-005,2026-05-15,7,0,0.82,2026-05-14T12:00:00
FC-001833,SEC-005,2026-05-15,8,0,0.8,2026-05-14T12:00:00
FC-001834,SEC-005,2026-05-15,9,1,0.85,2026-05-14T12:00:00
FC-001835,SEC-005,2026-05-15,10,1,0.92,2026-05-14T12:00:00
FC-001836,SEC-005,2026-05-15,11,1,0.92,2026-05-14T12:00:00
FC-001837,SEC-005,2026-05-15,12,1,0.81,2026-05-14T12:00:00
FC-001838,SEC-005,2026-05-15,13,1,0.93,2026-05-14T12:00:00
FC-001839,SEC-005,2026-05-15,14,0,0.88,2026-05-14T12:00:00
FC-001840,SEC-005,2026-05-15,15,0,0.83,2026-05-14T12:00:00
FC-001841,SEC-005,2026-05-15,16,0,0.83,2026-05-14T12:00:00
FC-001842,SEC-005,2026-05-15,17,0,0.86,2026-05-14T12:00:00
FC-001843,SEC-005,2026-05-15,18,1,0.7,2026-05-14T12:00:00
FC-001844,SEC-005,2026-05-15,19,0,0.87,2026-05-14T12:00:00
FC-001845,SEC-005,2026-05-15,20,0,0.85,2026-05-14T12:00:00
FC-001846,SEC-005,2026-05-15,21,0,0.77,2026-05-14T12:00:00
FC-001847,SEC-005,2026-05-15,22,0,0.92,2026-05-14T12:00:00
FC-001848,SEC-005,2026-05-15,23,4,0.9,2026-05-14T12:00:00
FC-001849,SEC-006,2026-05-15,0,3,0.92,2026-05-14T12:00:00
FC-001850,SEC-006,2026-05-15,1,1,0.84,2026-05-14T12:00:00
FC-001851,SEC-006,2026-05-15,2,1,0.74,2026-05-14T12:00:00
FC-001852,SEC-006,2026-05-15,3,3,0.76,2026-05-14T12:00:00
FC-001853,SEC-006,2026-05-15,4,4,0.89,2026-05-14T12:00:00
FC-001854,SEC-006,2026-05-15,5,1,0.82,2026-05-14T12:00:00
FC-001855,SEC-006,2026-05-15,6,0,0.83,2026-05-14T12:00:00
FC-001856,SEC-006,2026-05-15,7,1,0.88,2026-05-14T12:00:00
FC-001857,SEC-006,2026-05-15,8,1,0.92,2026-05-14T12:00:00
FC-001858,SEC-006,2026-05-15,9,0,0.88,2026-05-14T12:00:00
FC-001859,SEC-006,2026-05-15,10,0,0.83,2026-05-14T12:00:00
FC-001860,SEC-006,2026-05-15,11,0,0.85,2026-05-14T12:00:00
FC-001861,SEC-006,2026-05-15,12,0,0.86,2026-05-14T12:00:00
FC-001862,SEC-006,2026-05-15,13,0,0.74,2026-05-14T12:00:00
FC-001863,SEC-006,2026-05-15,14,0,0.72,2026-05-14T12:00:00
FC-001864,SEC-006,2026-05-15,15,1,0.9,2026-05-14T12:00:00
FC-001865,SEC-006,2026-05-15,16,0,0.95,2026-05-14T12:00:00
FC-001866,SEC-006,2026-05-15,17,0,0.84,2026-05-14T12:00:00
FC-001867,SEC-006,2026-05-15,18,0,0.9,2026-05-14T12:00:00
FC-001868,SEC-006,2026-05-15,19,1,0.87,2026-05-14T12:00:00
FC-001869,SEC-006,2026-05-15,20,0,0.93,2026-05-14T12:00:00
FC-001870,SEC-006,2026-05-15,21,0,0.82,2026-05-14T12:00:00
FC-001871,SEC-006,2026-05-15,22,1,0.76,2026-05-14T12:00:00
FC-001872,SEC-006,2026-05-15,23,2,0.88,2026-05-14T12:00:00
FC-001873,SEC-001,2026-05-16,0,1,0.74,2026-05-15T12:00:00
FC-001874,SEC-001,2026-05-16,1,2,0.92,2026-05-15T12:00:00
FC-001875,SEC-001,2026-05-16,2,1,0.91,2026-05-15T12:00:00
FC-001876,SEC-001,2026-05-16,3,5,0.93,2026-05-15T12:00:00
FC-001877,SEC-001,2026-05-16,4,0,0.82,2026-05-15T12:00:00
FC-001878,SEC-001,2026-05-16,5,0,0.95,2026-05-15T12:00:00
FC-001879,SEC-001,2026-05-16,6,0,0.81,2026-05-15T12:00:00
FC-001880,SEC-001,2026-05-16,7,0,0.76,2026-05-15T12:00:00
FC-001881,SEC-001,2026-05-16,8,0,0.71,2026-05-15T12:00:00
FC-001882,SEC-001,2026-05-16,9,0,0.86,2026-05-15T12:00:00
FC-001883,SEC-001,2026-05-16,10,1,0.89,2026-05-15T12:00:00
FC-001884,SEC-001,2026-05-16,11,0,0.77,2026-05-15T12:00:00
FC-001885,SEC-001,2026-05-16,12,1,0.7,2026-05-15T12:00:00
FC-001886,SEC-001,2026-05-16,13,0,0.94,2026-05-15T12:00:00
FC-001887,SEC-001,2026-05-16,14,0,0.75,2026-05-15T12:00:00
FC-001888,SEC-001,2026-05-16,15,1,0.89,2026-05-15T12:00:00
FC-001889,SEC-001,2026-05-16,16,1,0.77,2026-05-15T12:00:00
FC-001890,SEC-001,2026-05-16,17,1,0.74,2026-05-15T12:00:00
FC-001891,SEC-001,2026-05-16,18,1,0.76,2026-05-15T12:00:00
FC-001892,SEC-001,2026-05-16,19,0,0.77,2026-05-15T12:00:00
FC-001893,SEC-001,2026-05-16,20,0,0.77,2026-05-15T12:00:00
FC-001894,SEC-001,2026-05-16,21,0,0.89,2026-05-15T12:00:00
FC-001895,SEC-001,2026-05-16,22,2,0.72,2026-05-15T12:00:00
FC-001896,SEC-001,2026-05-16,23,2,0.82,2026-05-15T12:00:00
FC-001897,SEC-002,2026-05-16,0,2,0.78,2026-05-15T12:00:00
FC-001898,SEC-002,2026-05-16,1,0,0.77,2026-05-15T12:00:00
FC-001899,SEC-002,2026-05-16,2,3,0.89,2026-05-15T12:00:00
FC-001900,SEC-002,2026-05-16,3,2,0.71,2026-05-15T12:00:00
FC-001901,SEC-002,2026-05-16,4,1,0.75,2026-05-15T12:00:00
FC-001902,SEC-002,2026-05-16,5,1,0.73,2026-05-15T12:00:00
FC-001903,SEC-002,2026-05-16,6,0,0.87,2026-05-15T12:00:00
FC-001904,SEC-002,2026-05-16,7,0,0.75,2026-05-15T12:00:00
FC-001905,SEC-002,2026-05-16,8,1,0.71,2026-05-15T12:00:00
FC-001906,SEC-002,2026-05-16,9,0,0.72,2026-05-15T12:00:00
FC-001907,SEC-002,2026-05-16,10,0,0.81,2026-05-15T12:00:00
FC-001908,SEC-002,2026-05-16,11,0,0.72,2026-05-15T12:00:00
FC-001909,SEC-002,2026-05-16,12,0,0.92,2026-05-15T12:00:00
FC-001910,SEC-002,2026-05-16,13,0,0.7,2026-05-15T12:00:00
FC-001911,SEC-002,2026-05-16,14,1,0.86,2026-05-15T12:00:00
FC-001912,SEC-002,2026-05-16,15,2,0.88,2026-05-15T12:00:00
FC-001913,SEC-002,2026-05-16,16,0,0.81,2026-05-15T12:00:00
FC-001914,SEC-002,2026-05-16,17,0,0.84,2026-05-15T12:00:00
FC-001915,SEC-002,2026-05-16,18,0,0.9,2026-05-15T12:00:00
FC-001916,SEC-002,2026-05-16,19,0,0.93,2026-05-15T12:00:00
FC-001917,SEC-002,2026-05-16,20,0,0.76,2026-05-15T12:00:00
FC-001918,SEC-002,2026-05-16,21,1,0.78,2026-05-15T12:00:00
FC-001919,SEC-002,2026-05-16,22,0,0.72,2026-05-15T12:00:00
FC-001920,SEC-002,2026-05-16,23,2,0.87,2026-05-15T12:00:00
FC-001921,SEC-003,2026-05-16,0,1,0.92,2026-05-15T12:00:00
FC-001922,SEC-003,2026-05-16,1,3,0.95,2026-05-15T12:00:00
FC-001923,SEC-003,2026-05-16,2,1,0.78,2026-05-15T12:00:00
FC-001924,SEC-003,2026-05-16,3,1,0.79,2026-05-15T12:00:00
FC-001925,SEC-003,2026-05-16,4,0,0.78,2026-05-15T12:00:00
FC-001926,SEC-003,2026-05-16,5,0,0.87,2026-05-15T12:00:00
FC-001927,SEC-003,2026-05-16,6,0,0.75,2026-05-15T12:00:00
FC-001928,SEC-003,2026-05-16,7,0,0.71,2026-05-15T12:00:00
FC-001929,SEC-003,2026-05-16,8,0,0.79,2026-05-15T12:00:00
FC-001930,SEC-003,2026-05-16,9,0,0.74,2026-05-15T12:00:00
FC-001931,SEC-003,2026-05-16,10,1,0.91,2026-05-15T12:00:00
FC-001932,SEC-003,2026-05-16,11,0,0.77,2026-05-15T12:00:00
FC-001933,SEC-003,2026-05-16,12,0,0.92,2026-05-15T12:00:00
FC-001934,SEC-003,2026-05-16,13,1,0.94,2026-05-15T12:00:00
FC-001935,SEC-003,2026-05-16,14,0,0.82,2026-05-15T12:00:00
FC-001936,SEC-003,2026-05-16,15,1,0.9,2026-05-15T12:00:00
FC-001937,SEC-003,2026-05-16,16,1,0.9,2026-05-15T12:00:00
FC-001938,SEC-003,2026-05-16,17,0,0.91,2026-05-15T12:00:00
FC-001939,SEC-003,2026-05-16,18,0,0.93,2026-05-15T12:00:00
FC-001940,SEC-003,2026-05-16,19,1,0.85,2026-05-15T12:00:00
FC-001941,SEC-003,2026-05-16,20,0,0.72,2026-05-15T12:00:00
FC-001942,SEC-003,2026-05-16,21,1,0.82,2026-05-15T12:00:00
FC-001943,SEC-003,2026-05-16,22,2,0.81,2026-05-15T12:00:00
FC-001944,SEC-003,2026-05-16,23,2,0.83,2026-05-15T12:00:00
FC-001945,SEC-004,2026-05-16,0,2,0.88,2026-05-15T12:00:00
FC-001946,SEC-004,2026-05-16,1,3,0.84,2026-05-15T12:00:00
FC-001947,SEC-004,2026-05-16,2,1,0.8,2026-05-15T12:00:00
FC-001948,SEC-004,2026-05-16,3,0,0.88,2026-05-15T12:00:00
FC-001949,SEC-004,2026-05-16,4,1,0.7,2026-05-15T12:00:00
FC-001950,SEC-004,2026-05-16,5,1,0.74,2026-05-15T12:00:00
FC-001951,SEC-004,2026-05-16,6,0,0.85,2026-05-15T12:00:00
FC-001952,SEC-004,2026-05-16,7,1,0.79,2026-05-15T12:00:00
FC-001953,SEC-004,2026-05-16,8,1,0.88,2026-05-15T12:00:00
FC-001954,SEC-004,2026-05-16,9,0,0.86,2026-05-15T12:00:00
FC-001955,SEC-004,2026-05-16,10,0,0.71,2026-05-15T12:00:00
FC-001956,SEC-004,2026-05-16,11,1,0.72,2026-05-15T12:00:00
FC-001957,SEC-004,2026-05-16,12,0,0.94,2026-05-15T12:00:00
FC-001958,SEC-004,2026-05-16,13,0,0.78,2026-05-15T12:00:00
FC-001959,SEC-004,2026-05-16,14,0,0.71,2026-05-15T12:00:00
FC-001960,SEC-004,2026-05-16,15,0,0.71,2026-05-15T12:00:00
FC-001961,SEC-004,2026-05-16,16,0,0.88,2026-05-15T12:00:00
FC-001962,SEC-004,2026-05-16,17,0,0.74,2026-05-15T12:00:00
FC-001963,SEC-004,2026-05-16,18,0,0.93,2026-05-15T12:00:00
FC-001964,SEC-004,2026-05-16,19,0,0.86,2026-05-15T12:00:00
FC-001965,SEC-004,2026-05-16,20,0,0.75,2026-05-15T12:00:00
FC-001966,SEC-004,2026-05-16,21,0,0.8,2026-05-15T12:00:00
FC-001967,SEC-004,2026-05-16,22,2,0.72,2026-05-15T12:00:00
FC-001968,SEC-004,2026-05-16,23,2,0.82,2026-05-15T12:00:00
FC-001969,SEC-005,2026-05-16,0,1,0.84,2026-05-15T12:00:00
FC-001970,SEC-005,2026-05-16,1,0,0.91,2026-05-15T12:00:00
FC-001971,SEC-005,2026-05-16,2,2,0.78,2026-05-15T12:00:00
FC-001972,SEC-005,2026-05-16,3,1,0.73,2026-05-15T12:00:00
FC-001973,SEC-005,2026-05-16,4,2,0.92,2026-05-15T12:00:00
FC-001974,SEC-005,2026-05-16,5,1,0.92,2026-05-15T12:00:00
FC-001975,SEC-005,2026-05-16,6,0,0.91,2026-05-15T12:00:00
FC-001976,SEC-005,2026-05-16,7,0,0.83,2026-05-15T12:00:00
FC-001977,SEC-005,2026-05-16,8,1,0.95,2026-05-15T12:00:00
FC-001978,SEC-005,2026-05-16,9,1,0.78,2026-05-15T12:00:00
FC-001979,SEC-005,2026-05-16,10,0,0.93,2026-05-15T12:00:00
FC-001980,SEC-005,2026-05-16,11,0,0.94,2026-05-15T12:00:00
FC-001981,SEC-005,2026-05-16,12,1,0.91,2026-05-15T12:00:00
FC-001982,SEC-005,2026-05-16,13,0,0.77,2026-05-15T12:00:00
FC-001983,SEC-005,2026-05-16,14,0,0.84,2026-05-15T12:00:00
FC-001984,SEC-005,2026-05-16,15,0,0.79,2026-05-15T12:00:00
FC-001985,SEC-005,2026-05-16,16,0,0.71,2026-05-15T12:00:00
FC-001986,SEC-005,2026-05-16,17,2,0.78,2026-05-15T12:00:00
FC-001987,SEC-005,2026-05-16,18,1,0.86,2026-05-15T12:00:00
FC-001988,SEC-005,2026-05-16,19,0,0.89,2026-05-15T12:00:00
FC-001989,SEC-005,2026-05-16,20,0,0.86,2026-05-15T12:00:00
FC-001990,SEC-005,2026-05-16,21,1,0.72,2026-05-15T12:00:00
FC-001991,SEC-005,2026-05-16,22,0,0.89,2026-05-15T12:00:00
FC-001992,SEC-005,2026-05-16,23,3,0.7,2026-05-15T12:00:00
FC-001993,SEC-006,2026-05-16,0,4,0.76,2026-05-15T12:00:00
FC-001994,SEC-006,2026-05-16,1,1,0.9,2026-05-15T12:00:00
FC-001995,SEC-006,2026-05-16,2,2,0.89,2026-05-15T12:00:00
FC-001996,SEC-006,2026-05-16,3,3,0.82,2026-05-15T12:00:00
FC-001997,SEC-006,2026-05-16,4,1,0.91,2026-05-15T12:00:00
FC-001998,SEC-006,2026-05-16,5,1,0.92,2026-05-15T12:00:00
FC-001999,SEC-006,2026-05-16,6,0,0.91,2026-05-15T12:00:00
FC-002000,SEC-006,2026-05-16,7,0,0.84,2026-05-15T12:00:00
FC-002001,SEC-006,2026-05-16,8,1,0.91,2026-05-15T12:00:00
FC-002002,SEC-006,2026-05-16,9,0,0.78,2026-05-15T12:00:00
FC-002003,SEC-006,2026-05-16,10,0,0.73,2026-05-15T12:00:00
FC-002004,SEC-006,2026-05-16,11,0,0.76,2026-05-15T12:00:00
FC-002005,SEC-006,2026-05-16,12,1,0.74,2026-05-15T12:00:00
FC-002006,SEC-006,2026-05-16,13,1,0.89,2026-05-15T12:00:00
FC-002007,SEC-006,2026-05-16,14,0,0.92,2026-05-15T12:00:00
FC-002008,SEC-006,2026-05-16,15,1,0.77,2026-05-15T12:00:00
FC-002009,SEC-006,2026-05-16,16,0,0.76,2026-05-15T12:00:00
FC-002010,SEC-006,2026-05-16,17,0,0.87,2026-05-15T12:00:00
FC-002011,SEC-006,2026-05-16,18,0,0.78,2026-05-15T12:00:00
FC-002012,SEC-006,2026-05-16,19,0,0.86,2026-05-15T12:00:00
FC-002013,SEC-006,2026-05-16,20,0,0.92,2026-05-15T12:00:00
FC-002014,SEC-006,2026-05-16,21,0,0.87,2026-05-15T12:00:00
FC-002015,SEC-006,2026-05-16,22,3,0.72,2026-05-15T12:00:00
FC-002016,SEC-006,2026-05-16,23,2,0.75,2026-05-15T12:00:00
FC-002017,SEC-001,2026-05-17,0,2,0.89,2026-05-16T12:00:00
FC-002018,SEC-001,2026-05-17,1,3,0.7,2026-05-16T12:00:00
FC-002019,SEC-001,2026-05-17,2,2,0.74,2026-05-16T12:00:00
FC-002020,SEC-001,2026-05-17,3,3,0.91,2026-05-16T12:00:00
FC-002021,SEC-001,2026-05-17,4,2,0.78,2026-05-16T12:00:00
FC-002022,SEC-001,2026-05-17,5,0,0.73,2026-05-16T12:00:00
FC-002023,SEC-001,2026-05-17,6,0,0.78,2026-05-16T12:00:00
FC-002024,SEC-001,2026-05-17,7,1,0.91,2026-05-16T12:00:00
FC-002025,SEC-001,2026-05-17,8,0,0.71,2026-05-16T12:00:00
FC-002026,SEC-001,2026-05-17,9,0,0.74,2026-05-16T12:00:00
FC-002027,SEC-001,2026-05-17,10,1,0.78,2026-05-16T12:00:00
FC-002028,SEC-001,2026-05-17,11,0,0.72,2026-05-16T12:00:00
FC-002029,SEC-001,2026-05-17,12,1,0.9,2026-05-16T12:00:00
FC-002030,SEC-001,2026-05-17,13,1,0.9,2026-05-16T12:00:00
FC-002031,SEC-001,2026-05-17,14,0,0.82,2026-05-16T12:00:00
FC-002032,SEC-001,2026-05-17,15,0,0.71,2026-05-16T12:00:00
FC-002033,SEC-001,2026-05-17,16,2,0.83,2026-05-16T12:00:00
FC-002034,SEC-001,2026-05-17,17,0,0.91,2026-05-16T12:00:00
FC-002035,SEC-001,2026-05-17,18,0,0.9,2026-05-16T12:00:00
FC-002036,SEC-001,2026-05-17,19,1,0.75,2026-05-16T12:00:00
FC-002037,SEC-001,2026-05-17,20,1,0.83,2026-05-16T12:00:00
FC-002038,SEC-001,2026-05-17,21,0,0.8,2026-05-16T12:00:00
FC-002039,SEC-001,2026-05-17,22,3,0.71,2026-05-16T12:00:00
FC-002040,SEC-001,2026-05-17,23,1,0.72,2026-05-16T12:00:00
FC-002041,SEC-002,2026-05-17,0,2,0.72,2026-05-16T12:00:00
FC-002042,SEC-002,2026-05-17,1,3,0.76,2026-05-16T12:00:00
FC-002043,SEC-002,2026-05-17,2,2,0.91,2026-05-16T12:00:00
FC-002044,SEC-002,2026-05-17,3,6,0.75,2026-05-16T12:00:00
FC-002045,SEC-002,2026-05-17,4,2,0.88,2026-05-16T12:00:00
FC-002046,SEC-002,2026-05-17,5,0,0.85,2026-05-16T12:00:00
FC-002047,SEC-002,2026-05-17,6,0,0.73,2026-05-16T12:00:00
FC-002048,SEC-002,2026-05-17,7,0,0.89,2026-05-16T12:00:00
FC-002049,SEC-002,2026-05-17,8,1,0.88,2026-05-16T12:00:00
FC-002050,SEC-002,2026-05-17,9,1,0.84,2026-05-16T12:00:00
FC-002051,SEC-002,2026-05-17,10,1,0.91,2026-05-16T12:00:00
FC-002052,SEC-002,2026-05-17,11,0,0.91,2026-05-16T12:00:00
FC-002053,SEC-002,2026-05-17,12,0,0.87,2026-05-16T12:00:00
FC-002054,SEC-002,2026-05-17,13,0,0.81,2026-05-16T12:00:00
FC-002055,SEC-002,2026-05-17,14,1,0.77,2026-05-16T12:00:00
FC-002056,SEC-002,2026-05-17,15,0,0.81,2026-05-16T12:00:00
FC-002057,SEC-002,2026-05-17,16,1,0.77,2026-05-16T12:00:00
FC-002058,SEC-002,2026-05-17,17,0,0.76,2026-05-16T12:00:00
FC-002059,SEC-002,2026-05-17,18,0,0.95,2026-05-16T12:00:00
FC-002060,SEC-002,2026-05-17,19,0,0.71,2026-05-16T12:00:00
FC-002061,SEC-002,2026-05-17,20,1,0.9,2026-05-16T12:00:00
FC-002062,SEC-002,2026-05-17,21,0,0.75,2026-05-16T12:00:00
FC-002063,SEC-002,2026-05-17,22,0,0.92,2026-05-16T12:00:00
FC-002064,SEC-002,2026-05-17,23,2,0.87,2026-05-16T12:00:00
FC-002065,SEC-003,2026-05-17,0,2,0.91,2026-05-16T12:00:00
FC-002066,SEC-003,2026-05-17,1,5,0.88,2026-05-16T12:00:00
FC-002067,SEC-003,2026-05-17,2,1,0.84,2026-05-16T12:00:00
FC-002068,SEC-003,2026-05-17,3,1,0.72,2026-05-16T12:00:00
FC-002069,SEC-003,2026-05-17,4,3,0.73,2026-05-16T12:00:00
FC-002070,SEC-003,2026-05-17,5,0,0.87,2026-05-16T12:00:00
FC-002071,SEC-003,2026-05-17,6,0,0.95,2026-05-16T12:00:00
FC-002072,SEC-003,2026-05-17,7,0,0.76,2026-05-16T12:00:00
FC-002073,SEC-003,2026-05-17,8,0,0.7,2026-05-16T12:00:00
FC-002074,SEC-003,2026-05-17,9,0,0.92,2026-05-16T12:00:00
FC-002075,SEC-003,2026-05-17,10,0,0.73,2026-05-16T12:00:00
FC-002076,SEC-003,2026-05-17,11,0,0.74,2026-05-16T12:00:00
FC-002077,SEC-003,2026-05-17,12,0,0.94,2026-05-16T12:00:00
FC-002078,SEC-003,2026-05-17,13,0,0.83,2026-05-16T12:00:00
FC-002079,SEC-003,2026-05-17,14,0,0.71,2026-05-16T12:00:00
FC-002080,SEC-003,2026-05-17,15,0,0.89,2026-05-16T12:00:00
FC-002081,SEC-003,2026-05-17,16,1,0.9,2026-05-16T12:00:00
FC-002082,SEC-003,2026-05-17,17,0,0.77,2026-05-16T12:00:00
FC-002083,SEC-003,2026-05-17,18,1,0.72,2026-05-16T12:00:00
FC-002084,SEC-003,2026-05-17,19,0,0.84,2026-05-16T12:00:00
FC-002085,SEC-003,2026-05-17,20,1,0.91,2026-05-16T12:00:00
FC-002086,SEC-003,2026-05-17,21,0,0.76,2026-05-16T12:00:00
FC-002087,SEC-003,2026-05-17,22,6,0.76,2026-05-16T12:00:00
FC-002088,SEC-003,2026-05-17,23,2,0.93,2026-05-16T12:00:00
FC-002089,SEC-004,2026-05-17,0,7,0.76,2026-05-16T12:00:00
FC-002090,SEC-004,2026-05-17,1,4,0.72,2026-05-16T12:00:00
FC-002091,SEC-004,2026-05-17,2,2,0.9,2026-05-16T12:00:00
FC-002092,SEC-004,2026-05-17,3,0,0.91,2026-05-16T12:00:00
FC-002093,SEC-004,2026-05-17,4,1,0.92,2026-05-16T12:00:00
FC-002094,SEC-004,2026-05-17,5,1,0.87,2026-05-16T12:00:00
FC-002095,SEC-004,2026-05-17,6,0,0.8,2026-05-16T12:00:00
FC-002096,SEC-004,2026-05-17,7,0,0.91,2026-05-16T12:00:00
FC-002097,SEC-004,2026-05-17,8,0,0.79,2026-05-16T12:00:00
FC-002098,SEC-004,2026-05-17,9,0,0.8,2026-05-16T12:00:00
FC-002099,SEC-004,2026-05-17,10,0,0.84,2026-05-16T12:00:00
FC-002100,SEC-004,2026-05-17,11,0,0.92,2026-05-16T12:00:00
FC-002101,SEC-004,2026-05-17,12,0,0.71,2026-05-16T12:00:00
FC-002102,SEC-004,2026-05-17,13,1,0.74,2026-05-16T12:00:00
FC-002103,SEC-004,2026-05-17,14,1,0.73,2026-05-16T12:00:00
FC-002104,SEC-004,2026-05-17,15,0,0.86,2026-05-16T12:00:00
FC-002105,SEC-004,2026-05-17,16,0,0.7,2026-05-16T12:00:00
FC-002106,SEC-004,2026-05-17,17,0,0.75,2026-05-16T12:00:00
FC-002107,SEC-004,2026-05-17,18,0,0.88,2026-05-16T12:00:00
FC-002108,SEC-004,2026-05-17,19,0,0.89,2026-05-16T12:00:00
FC-002109,SEC-004,2026-05-17,20,1,0.94,2026-05-16T12:00:00
FC-002110,SEC-004,2026-05-17,21,3,0.87,2026-05-16T12:00:00
FC-002111,SEC-004,2026-05-17,22,3,0.84,2026-05-16T12:00:00
FC-002112,SEC-004,2026-05-17,23,0,0.87,2026-05-16T12:00:00
FC-002113,SEC-005,2026-05-17,0,1,0.81,2026-05-16T12:00:00
FC-002114,SEC-005,2026-05-17,1,4,0.79,2026-05-16T12:00:00
FC-002115,SEC-005,2026-05-17,2,0,0.75,2026-05-16T12:00:00
FC-002116,SEC-005,2026-05-17,3,1,0.75,2026-05-16T12:00:00
FC-002117,SEC-005,2026-05-17,4,3,0.89,2026-05-16T12:00:00
FC-002118,SEC-005,2026-05-17,5,1,0.77,2026-05-16T12:00:00
FC-002119,SEC-005,2026-05-17,6,0,0.78,2026-05-16T12:00:00
FC-002120,SEC-005,2026-05-17,7,0,0.84,2026-05-16T12:00:00
FC-002121,SEC-005,2026-05-17,8,1,0.87,2026-05-16T12:00:00
FC-002122,SEC-005,2026-05-17,9,1,0.92,2026-05-16T12:00:00
FC-002123,SEC-005,2026-05-17,10,0,0.85,2026-05-16T12:00:00
FC-002124,SEC-005,2026-05-17,11,0,0.76,2026-05-16T12:00:00
FC-002125,SEC-005,2026-05-17,12,0,0.73,2026-05-16T12:00:00
FC-002126,SEC-005,2026-05-17,13,0,0.74,2026-05-16T12:00:00
FC-002127,SEC-005,2026-05-17,14,0,0.73,2026-05-16T12:00:00
FC-002128,SEC-005,2026-05-17,15,0,0.77,2026-05-16T12:00:00
FC-002129,SEC-005,2026-05-17,16,1,0.88,2026-05-16T12:00:00
FC-002130,SEC-005,2026-05-17,17,0,0.85,2026-05-16T12:00:00
FC-002131,SEC-005,2026-05-17,18,1,0.83,2026-05-16T12:00:00
FC-002132,SEC-005,2026-05-17,19,0,0.76,2026-05-16T12:00:00
FC-002133,SEC-005,2026-05-17,20,0,0.7,2026-05-16T12:00:00
FC-002134,SEC-005,2026-05-17,21,0,0.81,2026-05-16T12:00:00
FC-002135,SEC-005,2026-05-17,22,1,0.81,2026-05-16T12:00:00
FC-002136,SEC-005,2026-05-17,23,1,0.72,2026-05-16T12:00:00
FC-002137,SEC-006,2026-05-17,0,1,0.87,2026-05-16T12:00:00
FC-002138,SEC-006,2026-05-17,1,3,0.81,2026-05-16T12:00:00
FC-002139,SEC-006,2026-05-17,2,3,0.71,2026-05-16T12:00:00
FC-002140,SEC-006,2026-05-17,3,0,0.88,2026-05-16T12:00:00
FC-002141,SEC-006,2026-05-17,4,0,0.84,2026-05-16T12:00:00
FC-002142,SEC-006,2026-05-17,5,2,0.9,2026-05-16T12:00:00
FC-002143,SEC-006,2026-05-17,6,0,0.76,2026-05-16T12:00:00
FC-002144,SEC-006,2026-05-17,7,1,0.73,2026-05-16T12:00:00
FC-002145,SEC-006,2026-05-17,8,0,0.93,2026-05-16T12:00:00
FC-002146,SEC-006,2026-05-17,9,0,0.9,2026-05-16T12:00:00
FC-002147,SEC-006,2026-05-17,10,0,0.78,2026-05-16T12:00:00
FC-002148,SEC-006,2026-05-17,11,1,0.85,2026-05-16T12:00:00
FC-002149,SEC-006,2026-05-17,12,1,0.84,2026-05-16T12:00:00
FC-002150,SEC-006,2026-05-17,13,1,0.75,2026-05-16T12:00:00
FC-002151,SEC-006,2026-05-17,14,1,0.72,2026-05-16T12:00:00
FC-002152,SEC-006,2026-05-17,15,0,0.79,2026-05-16T12:00:00
FC-002153,SEC-006,2026-05-17,16,0,0.86,2026-05-16T12:00:00
FC-002154,SEC-006,2026-05-17,17,1,0.76,2026-05-16T12:00:00
FC-002155,SEC-006,2026-05-17,18,1,0.85,2026-05-16T12:00:00
FC-002156,SEC-006,2026-05-17,19,0,0.82,2026-05-16T12:00:00
FC-002157,SEC-006,2026-05-17,20,1,0.93,2026-05-16T12:00:00
FC-002158,SEC-006,2026-05-17,21,0,0.75,2026-05-16T12:00:00
FC-002159,SEC-006,2026-05-17,22,4,0.82,2026-05-16T12:00:00
FC-002160,SEC-006,2026-05-17,23,1,0.78,2026-05-16T12:00:00
FC-002161,SEC-001,2026-05-18,0,1,0.9,2026-05-17T12:00:00
FC-002162,SEC-001,2026-05-18,1,1,0.93,2026-05-17T12:00:00
FC-002163,SEC-001,2026-05-18,2,2,0.84,2026-05-17T12:00:00
FC-002164,SEC-001,2026-05-18,3,1,0.73,2026-05-17T12:00:00
FC-002165,SEC-001,2026-05-18,4,3,0.75,2026-05-17T12:00:00
FC-002166,SEC-001,2026-05-18,5,0,0.87,2026-05-17T12:00:00
FC-002167,SEC-001,2026-05-18,6,0,0.76,2026-05-17T12:00:00
FC-002168,SEC-001,2026-05-18,7,0,0.71,2026-05-17T12:00:00
FC-002169,SEC-001,2026-05-18,8,3,0.92,2026-05-17T12:00:00
FC-002170,SEC-001,2026-05-18,9,2,0.87,2026-05-17T12:00:00
FC-002171,SEC-001,2026-05-18,10,1,0.71,2026-05-17T12:00:00
FC-002172,SEC-001,2026-05-18,11,1,0.78,2026-05-17T12:00:00
FC-002173,SEC-001,2026-05-18,12,2,0.75,2026-05-17T12:00:00
FC-002174,SEC-001,2026-05-18,13,2,0.91,2026-05-17T12:00:00
FC-002175,SEC-001,2026-05-18,14,0,0.78,2026-05-17T12:00:00
FC-002176,SEC-001,2026-05-18,15,0,0.83,2026-05-17T12:00:00
FC-002177,SEC-001,2026-05-18,16,1,0.83,2026-05-17T12:00:00
FC-002178,SEC-001,2026-05-18,17,0,0.79,2026-05-17T12:00:00
FC-002179,SEC-001,2026-05-18,18,0,0.86,2026-05-17T12:00:00
FC-002180,SEC-001,2026-05-18,19,2,0.75,2026-05-17T12:00:00
FC-002181,SEC-001,2026-05-18,20,0,0.84,2026-05-17T12:00:00
FC-002182,SEC-001,2026-05-18,21,1,0.94,2026-05-17T12:00:00
FC-002183,SEC-001,2026-05-18,22,0,0.77,2026-05-17T12:00:00
FC-002184,SEC-001,2026-05-18,23,2,0.94,2026-05-17T12:00:00
FC-002185,SEC-002,2026-05-18,0,3,0.83,2026-05-17T12:00:00
FC-002186,SEC-002,2026-05-18,1,3,0.82,2026-05-17T12:00:00
FC-002187,SEC-002,2026-05-18,2,4,0.95,2026-05-17T12:00:00
FC-002188,SEC-002,2026-05-18,3,0,0.82,2026-05-17T12:00:00
FC-002189,SEC-002,2026-05-18,4,1,0.88,2026-05-17T12:00:00
FC-002190,SEC-002,2026-05-18,5,0,0.88,2026-05-17T12:00:00
FC-002191,SEC-002,2026-05-18,6,0,0.92,2026-05-17T12:00:00
FC-002192,SEC-002,2026-05-18,7,2,0.93,2026-05-17T12:00:00
FC-002193,SEC-002,2026-05-18,8,2,0.79,2026-05-17T12:00:00
FC-002194,SEC-002,2026-05-18,9,0,0.86,2026-05-17T12:00:00
FC-002195,SEC-002,2026-05-18,10,0,0.93,2026-05-17T12:00:00
FC-002196,SEC-002,2026-05-18,11,1,0.71,2026-05-17T12:00:00
FC-002197,SEC-002,2026-05-18,12,0,0.91,2026-05-17T12:00:00
FC-002198,SEC-002,2026-05-18,13,1,0.9,2026-05-17T12:00:00
FC-002199,SEC-002,2026-05-18,14,0,0.78,2026-05-17T12:00:00
FC-002200,SEC-002,2026-05-18,15,1,0.73,2026-05-17T12:00:00
FC-002201,SEC-002,2026-05-18,16,0,0.78,2026-05-17T12:00:00
FC-002202,SEC-002,2026-05-18,17,0,0.73,2026-05-17T12:00:00
FC-002203,SEC-002,2026-05-18,18,1,0.83,2026-05-17T12:00:00
FC-002204,SEC-002,2026-05-18,19,0,0.83,2026-05-17T12:00:00
FC-002205,SEC-002,2026-05-18,20,0,0.72,2026-05-17T12:00:00
FC-002206,SEC-002,2026-05-18,21,0,0.88,2026-05-17T12:00:00
FC-002207,SEC-002,2026-05-18,22,1,0.94,2026-05-17T12:00:00
FC-002208,SEC-002,2026-05-18,23,1,0.88,2026-05-17T12:00:00
FC-002209,SEC-003,2026-05-18,0,3,0.92,2026-05-17T12:00:00
FC-002210,SEC-003,2026-05-18,1,4,0.82,2026-05-17T12:00:00
FC-002211,SEC-003,2026-05-18,2,2,0.86,2026-05-17T12:00:00
FC-002212,SEC-003,2026-05-18,3,1,0.93,2026-05-17T12:00:00
FC-002213,SEC-003,2026-05-18,4,5,0.82,2026-05-17T12:00:00
FC-002214,SEC-003,2026-05-18,5,1,0.86,2026-05-17T12:00:00
FC-002215,SEC-003,2026-05-18,6,0,0.85,2026-05-17T12:00:00
FC-002216,SEC-003,2026-05-18,7,3,0.91,2026-05-17T12:00:00
FC-002217,SEC-003,2026-05-18,8,0,0.89,2026-05-17T12:00:00
FC-002218,SEC-003,2026-05-18,9,0,0.75,2026-05-17T12:00:00
FC-002219,SEC-003,2026-05-18,10,0,0.87,2026-05-17T12:00:00
FC-002220,SEC-003,2026-05-18,11,0,0.9,2026-05-17T12:00:00
FC-002221,SEC-003,2026-05-18,12,0,0.7,2026-05-17T12:00:00
FC-002222,SEC-003,2026-05-18,13,0,0.79,2026-05-17T12:00:00
FC-002223,SEC-003,2026-05-18,14,1,0.72,2026-05-17T12:00:00
FC-002224,SEC-003,2026-05-18,15,0,0.94,2026-05-17T12:00:00
FC-002225,SEC-003,2026-05-18,16,0,0.79,2026-05-17T12:00:00
FC-002226,SEC-003,2026-05-18,17,1,0.86,2026-05-17T12:00:00
FC-002227,SEC-003,2026-05-18,18,0,0.7,2026-05-17T12:00:00
FC-002228,SEC-003,2026-05-18,19,0,0.76,2026-05-17T12:00:00
FC-002229,SEC-003,2026-05-18,20,0,0.79,2026-05-17T12:00:00
FC-002230,SEC-003,2026-05-18,21,0,0.88,2026-05-17T12:00:00
FC-002231,SEC-003,2026-05-18,22,2,0.88,2026-05-17T12:00:00
FC-002232,SEC-003,2026-05-18,23,2,0.76,2026-05-17T12:00:00
FC-002233,SEC-004,2026-05-18,0,2,0.77,2026-05-17T12:00:00
FC-002234,SEC-004,2026-05-18,1,0,0.76,2026-05-17T12:00:00
FC-002235,SEC-004,2026-05-18,2,0,0.77,2026-05-17T12:00:00
FC-002236,SEC-004,2026-05-18,3,0,0.73,2026-05-17T12:00:00
FC-002237,SEC-004,2026-05-18,4,2,0.93,2026-05-17T12:00:00
FC-002238,SEC-004,2026-05-18,5,1,0.84,2026-05-17T12:00:00
FC-002239,SEC-004,2026-05-18,6,0,0.83,2026-05-17T12:00:00
FC-002240,SEC-004,2026-05-18,7,0,0.74,2026-05-17T12:00:00
FC-002241,SEC-004,2026-05-18,8,0,0.8,2026-05-17T12:00:00
FC-002242,SEC-004,2026-05-18,9,0,0.82,2026-05-17T12:00:00
FC-002243,SEC-004,2026-05-18,10,0,0.77,2026-05-17T12:00:00
FC-002244,SEC-004,2026-05-18,11,1,0.76,2026-05-17T12:00:00
FC-002245,SEC-004,2026-05-18,12,0,0.82,2026-05-17T12:00:00
FC-002246,SEC-004,2026-05-18,13,1,0.94,2026-05-17T12:00:00
FC-002247,SEC-004,2026-05-18,14,0,0.73,2026-05-17T12:00:00
FC-002248,SEC-004,2026-05-18,15,0,0.77,2026-05-17T12:00:00
FC-002249,SEC-004,2026-05-18,16,0,0.93,2026-05-17T12:00:00
FC-002250,SEC-004,2026-05-18,17,0,0.74,2026-05-17T12:00:00
FC-002251,SEC-004,2026-05-18,18,0,0.71,2026-05-17T12:00:00
FC-002252,SEC-004,2026-05-18,19,0,0.95,2026-05-17T12:00:00
FC-002253,SEC-004,2026-05-18,20,0,0.71,2026-05-17T12:00:00
FC-002254,SEC-004,2026-05-18,21,1,0.73,2026-05-17T12:00:00
FC-002255,SEC-004,2026-05-18,22,2,0.87,2026-05-17T12:00:00
FC-002256,SEC-004,2026-05-18,23,1,0.7,2026-05-17T12:00:00
FC-002257,SEC-005,2026-05-18,0,3,0.85,2026-05-17T12:00:00
FC-002258,SEC-005,2026-05-18,1,2,0.72,2026-05-17T12:00:00
FC-002259,SEC-005,2026-05-18,2,1,0.86,2026-05-17T12:00:00
FC-002260,SEC-005,2026-05-18,3,4,0.7,2026-05-17T12:00:00
FC-002261,SEC-005,2026-05-18,4,3,0.79,2026-05-17T12:00:00
FC-002262,SEC-005,2026-05-18,5,1,0.94,2026-05-17T12:00:00
FC-002263,SEC-005,2026-05-18,6,0,0.82,2026-05-17T12:00:00
FC-002264,SEC-005,2026-05-18,7,0,0.9,2026-05-17T12:00:00
FC-002265,SEC-005,2026-05-18,8,0,0.74,2026-05-17T12:00:00
FC-002266,SEC-005,2026-05-18,9,1,0.91,2026-05-17T12:00:00
FC-002267,SEC-005,2026-05-18,10,0,0.93,2026-05-17T12:00:00
FC-002268,SEC-005,2026-05-18,11,2,0.76,2026-05-17T12:00:00
FC-002269,SEC-005,2026-05-18,12,1,0.78,2026-05-17T12:00:00
FC-002270,SEC-005,2026-05-18,13,2,0.88,2026-05-17T12:00:00
FC-002271,SEC-005,2026-05-18,14,0,0.77,2026-05-17T12:00:00
FC-002272,SEC-005,2026-05-18,15,0,0.93,2026-05-17T12:00:00
FC-002273,SEC-005,2026-05-18,16,1,0.78,2026-05-17T12:00:00
FC-002274,SEC-005,2026-05-18,17,0,0.78,2026-05-17T12:00:00
FC-002275,SEC-005,2026-05-18,18,1,0.77,2026-05-17T12:00:00
FC-002276,SEC-005,2026-05-18,19,0,0.89,2026-05-17T12:00:00
FC-002277,SEC-005,2026-05-18,20,0,0.93,2026-05-17T12:00:00
FC-002278,SEC-005,2026-05-18,21,2,0.94,2026-05-17T12:00:00
FC-002279,SEC-005,2026-05-18,22,1,0.92,2026-05-17T12:00:00
FC-002280,SEC-005,2026-05-18,23,0,0.71,2026-05-17T12:00:00
FC-002281,SEC-006,2026-05-18,0,0,0.83,2026-05-17T12:00:00
FC-002282,SEC-006,2026-05-18,1,5,0.92,2026-05-17T12:00:00
FC-002283,SEC-006,2026-05-18,2,5,0.84,2026-05-17T12:00:00
FC-002284,SEC-006,2026-05-18,3,0,0.83,2026-05-17T12:00:00
FC-002285,SEC-006,2026-05-18,4,1,0.83,2026-05-17T12:00:00
FC-002286,SEC-006,2026-05-18,5,3,0.72,2026-05-17T12:00:00
FC-002287,SEC-006,2026-05-18,6,0,0.8,2026-05-17T12:00:00
FC-002288,SEC-006,2026-05-18,7,3,0.76,2026-05-17T12:00:00
FC-002289,SEC-006,2026-05-18,8,0,0.81,2026-05-17T12:00:00
FC-002290,SEC-006,2026-05-18,9,1,0.72,2026-05-17T12:00:00
FC-002291,SEC-006,2026-05-18,10,0,0.92,2026-05-17T12:00:00
FC-002292,SEC-006,2026-05-18,11,0,0.87,2026-05-17T12:00:00
FC-002293,SEC-006,2026-05-18,12,0,0.83,2026-05-17T12:00:00
FC-002294,SEC-006,2026-05-18,13,1,0.89,2026-05-17T12:00:00
FC-002295,SEC-006,2026-05-18,14,0,0.82,2026-05-17T12:00:00
FC-002296,SEC-006,2026-05-18,15,2,0.9,2026-05-17T12:00:00
FC-002297,SEC-006,2026-05-18,16,0,0.9,2026-05-17T12:00:00
FC-002298,SEC-006,2026-05-18,17,0,0.93,2026-05-17T12:00:00
FC-002299,SEC-006,2026-05-18,18,2,0.73,2026-05-17T12:00:00
FC-002300,SEC-006,2026-05-18,19,0,0.8,2026-05-17T12:00:00
FC-002301,SEC-006,2026-05-18,20,0,0.79,2026-05-17T12:00:00
FC-002302,SEC-006,2026-05-18,21,1,0.77,2026-05-17T12:00:00
FC-002303,SEC-006,2026-05-18,22,1,0.83,2026-05-17T12:00:00
FC-002304,SEC-006,2026-05-18,23,1,0.81,2026-05-17T12:00:00
FC-002305,SEC-001,2026-05-19,0,1,0.83,2026-05-18T12:00:00
FC-002306,SEC-001,2026-05-19,1,1,0.8,2026-05-18T12:00:00
FC-002307,SEC-001,2026-05-19,2,2,0.89,2026-05-18T12:00:00
FC-002308,SEC-001,2026-05-19,3,3,0.86,2026-05-18T12:00:00
FC-002309,SEC-001,2026-05-19,4,2,0.93,2026-05-18T12:00:00
FC-002310,SEC-001,2026-05-19,5,0,0.91,2026-05-18T12:00:00
FC-002311,SEC-001,2026-05-19,6,0,0.81,2026-05-18T12:00:00
FC-002312,SEC-001,2026-05-19,7,0,0.71,2026-05-18T12:00:00
FC-002313,SEC-001,2026-05-19,8,0,0.94,2026-05-18T12:00:00
FC-002314,SEC-001,2026-05-19,9,1,0.74,2026-05-18T12:00:00
FC-002315,SEC-001,2026-05-19,10,0,0.83,2026-05-18T12:00:00
FC-002316,SEC-001,2026-05-19,11,0,0.89,2026-05-18T12:00:00
FC-002317,SEC-001,2026-05-19,12,1,0.89,2026-05-18T12:00:00
FC-002318,SEC-001,2026-05-19,13,1,0.82,2026-05-18T12:00:00
FC-002319,SEC-001,2026-05-19,14,1,0.78,2026-05-18T12:00:00
FC-002320,SEC-001,2026-05-19,15,0,0.77,2026-05-18T12:00:00
FC-002321,SEC-001,2026-05-19,16,1,0.92,2026-05-18T12:00:00
FC-002322,SEC-001,2026-05-19,17,0,0.74,2026-05-18T12:00:00
FC-002323,SEC-001,2026-05-19,18,0,0.94,2026-05-18T12:00:00
FC-002324,SEC-001,2026-05-19,19,1,0.77,2026-05-18T12:00:00
FC-002325,SEC-001,2026-05-19,20,0,0.74,2026-05-18T12:00:00
FC-002326,SEC-001,2026-05-19,21,0,0.79,2026-05-18T12:00:00
FC-002327,SEC-001,2026-05-19,22,4,0.84,2026-05-18T12:00:00
FC-002328,SEC-001,2026-05-19,23,1,0.85,2026-05-18T12:00:00
FC-002329,SEC-002,2026-05-19,0,1,0.77,2026-05-18T12:00:00
FC-002330,SEC-002,2026-05-19,1,0,0.84,2026-05-18T12:00:00
FC-002331,SEC-002,2026-05-19,2,2,0.71,2026-05-18T12:00:00
FC-002332,SEC-002,2026-05-19,3,2,0.76,2026-05-18T12:00:00
FC-002333,SEC-002,2026-05-19,4,1,0.88,2026-05-18T12:00:00
FC-002334,SEC-002,2026-05-19,5,0,0.73,2026-05-18T12:00:00
FC-002335,SEC-002,2026-05-19,6,1,0.83,2026-05-18T12:00:00
FC-002336,SEC-002,2026-05-19,7,0,0.83,2026-05-18T12:00:00
FC-002337,SEC-002,2026-05-19,8,1,0.86,2026-05-18T12:00:00
FC-002338,SEC-002,2026-05-19,9,1,0.88,2026-05-18T12:00:00
FC-002339,SEC-002,2026-05-19,10,1,0.88,2026-05-18T12:00:00
FC-002340,SEC-002,2026-05-19,11,1,0.9,2026-05-18T12:00:00
FC-002341,SEC-002,2026-05-19,12,1,0.89,2026-05-18T12:00:00
FC-002342,SEC-002,2026-05-19,13,1,0.9,2026-05-18T12:00:00
FC-002343,SEC-002,2026-05-19,14,0,0.76,2026-05-18T12:00:00
FC-002344,SEC-002,2026-05-19,15,1,0.86,2026-05-18T12:00:00
FC-002345,SEC-002,2026-05-19,16,0,0.83,2026-05-18T12:00:00
FC-002346,SEC-002,2026-05-19,17,0,0.74,2026-05-18T12:00:00
FC-002347,SEC-002,2026-05-19,18,0,0.76,2026-05-18T12:00:00
FC-002348,SEC-002,2026-05-19,19,0,0.86,2026-05-18T12:00:00
FC-002349,SEC-002,2026-05-19,20,0,0.91,2026-05-18T12:00:00
FC-002350,SEC-002,2026-05-19,21,0,0.93,2026-05-18T12:00:00
FC-002351,SEC-002,2026-05-19,22,4,0.71,2026-05-18T12:00:00
FC-002352,SEC-002,2026-05-19,23,5,0.84,2026-05-18T12:00:00
FC-002353,SEC-003,2026-05-19,0,1,0.86,2026-05-18T12:00:00
FC-002354,SEC-003,2026-05-19,1,4,0.82,2026-05-18T12:00:00
FC-002355,SEC-003,2026-05-19,2,0,0.72,2026-05-18T12:00:00
FC-002356,SEC-003,2026-05-19,3,0,0.92,2026-05-18T12:00:00
FC-002357,SEC-003,2026-05-19,4,5,0.93,2026-05-18T12:00:00
FC-002358,SEC-003,2026-05-19,5,0,0.89,2026-05-18T12:00:00
FC-002359,SEC-003,2026-05-19,6,0,0.94,2026-05-18T12:00:00
FC-002360,SEC-003,2026-05-19,7,0,0.72,2026-05-18T12:00:00
FC-002361,SEC-003,2026-05-19,8,0,0.75,2026-05-18T12:00:00
FC-002362,SEC-003,2026-05-19,9,0,0.92,2026-05-18T12:00:00
FC-002363,SEC-003,2026-05-19,10,0,0.77,2026-05-18T12:00:00
FC-002364,SEC-003,2026-05-19,11,0,0.71,2026-05-18T12:00:00
FC-002365,SEC-003,2026-05-19,12,0,0.74,2026-05-18T12:00:00
FC-002366,SEC-003,2026-05-19,13,0,0.72,2026-05-18T12:00:00
FC-002367,SEC-003,2026-05-19,14,0,0.77,2026-05-18T12:00:00
FC-002368,SEC-003,2026-05-19,15,0,0.8,2026-05-18T12:00:00
FC-002369,SEC-003,2026-05-19,16,0,0.76,2026-05-18T12:00:00
FC-002370,SEC-003,2026-05-19,17,1,0.79,2026-05-18T12:00:00
FC-002371,SEC-003,2026-05-19,18,0,0.81,2026-05-18T12:00:00
FC-002372,SEC-003,2026-05-19,19,1,0.9,2026-05-18T12:00:00
FC-002373,SEC-003,2026-05-19,20,0,0.76,2026-05-18T12:00:00
FC-002374,SEC-003,2026-05-19,21,1,0.71,2026-05-18T12:00:00
FC-002375,SEC-003,2026-05-19,22,0,0.92,2026-05-18T12:00:00
FC-002376,SEC-003,2026-05-19,23,0,0.78,2026-05-18T12:00:00
FC-002377,SEC-004,2026-05-19,0,1,0.79,2026-05-18T12:00:00
FC-002378,SEC-004,2026-05-19,1,2,0.91,2026-05-18T12:00:00
FC-002379,SEC-004,2026-05-19,2,0,0.87,2026-05-18T12:00:00
FC-002380,SEC-004,2026-05-19,3,2,0.75,2026-05-18T12:00:00
FC-002381,SEC-004,2026-05-19,4,3,0.86,2026-05-18T12:00:00
FC-002382,SEC-004,2026-05-19,5,0,0.73,2026-05-18T12:00:00
FC-002383,SEC-004,2026-05-19,6,1,0.77,2026-05-18T12:00:00
FC-002384,SEC-004,2026-05-19,7,1,0.91,2026-05-18T12:00:00
FC-002385,SEC-004,2026-05-19,8,1,0.86,2026-05-18T12:00:00
FC-002386,SEC-004,2026-05-19,9,0,0.82,2026-05-18T12:00:00
FC-002387,SEC-004,2026-05-19,10,0,0.81,2026-05-18T12:00:00
FC-002388,SEC-004,2026-05-19,11,0,0.73,2026-05-18T12:00:00
FC-002389,SEC-004,2026-05-19,12,0,0.84,2026-05-18T12:00:00
FC-002390,SEC-004,2026-05-19,13,0,0.89,2026-05-18T12:00:00
FC-002391,SEC-004,2026-05-19,14,0,0.93,2026-05-18T12:00:00
FC-002392,SEC-004,2026-05-19,15,0,0.84,2026-05-18T12:00:00
FC-002393,SEC-004,2026-05-19,16,0,0.74,2026-05-18T12:00:00
FC-002394,SEC-004,2026-05-19,17,1,0.87,2026-05-18T12:00:00
FC-002395,SEC-004,2026-05-19,18,1,0.93,2026-05-18T12:00:00
FC-002396,SEC-004,2026-05-19,19,1,0.92,2026-05-18T12:00:00
FC-002397,SEC-004,2026-05-19,20,0,0.85,2026-05-18T12:00:00
FC-002398,SEC-004,2026-05-19,21,0,0.81,2026-05-18T12:00:00
FC-002399,SEC-004,2026-05-19,22,2,0.79,2026-05-18T12:00:00
FC-002400,SEC-004,2026-05-19,23,2,0.83,2026-05-18T12:00:00
FC-002401,SEC-005,2026-05-19,0,2,0.79,2026-05-18T12:00:00
FC-002402,SEC-005,2026-05-19,1,1,0.73,2026-05-18T12:00:00
FC-002403,SEC-005,2026-05-19,2,3,0.76,2026-05-18T12:00:00
FC-002404,SEC-005,2026-05-19,3,1,0.85,2026-05-18T12:00:00
FC-002405,SEC-005,2026-05-19,4,1,0.83,2026-05-18T12:00:00
FC-002406,SEC-005,2026-05-19,5,2,0.91,2026-05-18T12:00:00
FC-002407,SEC-005,2026-05-19,6,1,0.75,2026-05-18T12:00:00
FC-002408,SEC-005,2026-05-19,7,0,0.94,2026-05-18T12:00:00
FC-002409,SEC-005,2026-05-19,8,1,0.77,2026-05-18T12:00:00
FC-002410,SEC-005,2026-05-19,9,1,0.86,2026-05-18T12:00:00
FC-002411,SEC-005,2026-05-19,10,1,0.77,2026-05-18T12:00:00
FC-002412,SEC-005,2026-05-19,11,0,0.8,2026-05-18T12:00:00
FC-002413,SEC-005,2026-05-19,12,2,0.91,2026-05-18T12:00:00
FC-002414,SEC-005,2026-05-19,13,1,0.85,2026-05-18T12:00:00
FC-002415,SEC-005,2026-05-19,14,0,0.89,2026-05-18T12:00:00
FC-002416,SEC-005,2026-05-19,15,1,0.74,2026-05-18T12:00:00
FC-002417,SEC-005,2026-05-19,16,1,0.79,2026-05-18T12:00:00
FC-002418,SEC-005,2026-05-19,17,2,0.82,2026-05-18T12:00:00
FC-002419,SEC-005,2026-05-19,18,2,0.92,2026-05-18T12:00:00
FC-002420,SEC-005,2026-05-19,19,1,0.95,2026-05-18T12:00:00
FC-002421,SEC-005,2026-05-19,20,0,0.82,2026-05-18T12:00:00
FC-002422,SEC-005,2026-05-19,21,2,0.87,2026-05-18T12:00:00
FC-002423,SEC-005,2026-05-19,22,1,0.76,2026-05-18T12:00:00
FC-002424,SEC-005,2026-05-19,23,1,0.77,2026-05-18T12:00:00
FC-002425,SEC-006,2026-05-19,0,3,0.89,2026-05-18T12:00:00
FC-002426,SEC-006,2026-05-19,1,0,0.79,2026-05-18T12:00:00
FC-002427,SEC-006,2026-05-19,2,2,0.94,2026-05-18T12:00:00
FC-002428,SEC-006,2026-05-19,3,0,0.82,2026-05-18T12:00:00
FC-002429,SEC-006,2026-05-19,4,2,0.75,2026-05-18T12:00:00
FC-002430,SEC-006,2026-05-19,5,0,0.77,2026-05-18T12:00:00
FC-002431,SEC-006,2026-05-19,6,0,0.76,2026-05-18T12:00:00
FC-002432,SEC-006,2026-05-19,7,0,0.82,2026-05-18T12:00:00
FC-002433,SEC-006,2026-05-19,8,0,0.86,2026-05-18T12:00:00
FC-002434,SEC-006,2026-05-19,9,2,0.71,2026-05-18T12:00:00
FC-002435,SEC-006,2026-05-19,10,0,0.95,2026-05-18T12:00:00
FC-002436,SEC-006,2026-05-19,11,0,0.83,2026-05-18T12:00:00
FC-002437,SEC-006,2026-05-19,12,0,0.9,2026-05-18T12:00:00
FC-002438,SEC-006,2026-05-19,13,0,0.76,2026-05-18T12:00:00
FC-002439,SEC-006,2026-05-19,14,0,0.89,2026-05-18T12:00:00
FC-002440,SEC-006,2026-05-19,15,1,0.92,2026-05-18T12:00:00
FC-002441,SEC-006,2026-05-19,16,2,0.93,2026-05-18T12:00:00
FC-002442,SEC-006,2026-05-19,17,0,0.8,2026-05-18T12:00:00
FC-002443,SEC-006,2026-05-19,18,1,0.74,2026-05-18T12:00:00
FC-002444,SEC-006,2026-05-19,19,1,0.72,2026-05-18T12:00:00
FC-002445,SEC-006,2026-05-19,20,0,0.74,2026-05-18T12:00:00
FC-002446,SEC-006,2026-05-19,21,0,0.79,2026-05-18T12:00:00
FC-002447,SEC-006,2026-05-19,22,1,0.78,2026-05-18T12:00:00
FC-002448,SEC-006,2026-05-19,23,2,0.95,2026-05-18T12:00:00
FC-002449,SEC-001,2026-05-20,0,1,0.77,2026-05-19T12:00:00
FC-002450,SEC-001,2026-05-20,1,2,0.77,2026-05-19T12:00:00
FC-002451,SEC-001,2026-05-20,2,3,0.77,2026-05-19T12:00:00
FC-002452,SEC-001,2026-05-20,3,1,0.75,2026-05-19T12:00:00
FC-002453,SEC-001,2026-05-20,4,6,0.8,2026-05-19T12:00:00
FC-002454,SEC-001,2026-05-20,5,0,0.76,2026-05-19T12:00:00
FC-002455,SEC-001,2026-05-20,6,0,0.94,2026-05-19T12:00:00
FC-002456,SEC-001,2026-05-20,7,0,0.72,2026-05-19T12:00:00
FC-002457,SEC-001,2026-05-20,8,0,0.7,2026-05-19T12:00:00
FC-002458,SEC-001,2026-05-20,9,1,0.76,2026-05-19T12:00:00
FC-002459,SEC-001,2026-05-20,10,0,0.71,2026-05-19T12:00:00
FC-002460,SEC-001,2026-05-20,11,1,0.93,2026-05-19T12:00:00
FC-002461,SEC-001,2026-05-20,12,0,0.83,2026-05-19T12:00:00
FC-002462,SEC-001,2026-05-20,13,1,0.81,2026-05-19T12:00:00
FC-002463,SEC-001,2026-05-20,14,0,0.77,2026-05-19T12:00:00
FC-002464,SEC-001,2026-05-20,15,0,0.7,2026-05-19T12:00:00
FC-002465,SEC-001,2026-05-20,16,0,0.75,2026-05-19T12:00:00
FC-002466,SEC-001,2026-05-20,17,1,0.91,2026-05-19T12:00:00
FC-002467,SEC-001,2026-05-20,18,1,0.85,2026-05-19T12:00:00
FC-002468,SEC-001,2026-05-20,19,0,0.77,2026-05-19T12:00:00
FC-002469,SEC-001,2026-05-20,20,0,0.94,2026-05-19T12:00:00
FC-002470,SEC-001,2026-05-20,21,1,0.87,2026-05-19T12:00:00
FC-002471,SEC-001,2026-05-20,22,1,0.87,2026-05-19T12:00:00
FC-002472,SEC-001,2026-05-20,23,1,0.77,2026-05-19T12:00:00
FC-002473,SEC-002,2026-05-20,0,0,0.9,2026-05-19T12:00:00
FC-002474,SEC-002,2026-05-20,1,2,0.85,2026-05-19T12:00:00
FC-002475,SEC-002,2026-05-20,2,1,0.75,2026-05-19T12:00:00
FC-002476,SEC-002,2026-05-20,3,1,0.75,2026-05-19T12:00:00
FC-002477,SEC-002,2026-05-20,4,0,0.88,2026-05-19T12:00:00
FC-002478,SEC-002,2026-05-20,5,0,0.92,2026-05-19T12:00:00
FC-002479,SEC-002,2026-05-20,6,0,0.92,2026-05-19T12:00:00
FC-002480,SEC-002,2026-05-20,7,1,0.74,2026-05-19T12:00:00
FC-002481,SEC-002,2026-05-20,8,0,0.73,2026-05-19T12:00:00
FC-002482,SEC-002,2026-05-20,9,0,0.78,2026-05-19T12:00:00
FC-002483,SEC-002,2026-05-20,10,1,0.74,2026-05-19T12:00:00
FC-002484,SEC-002,2026-05-20,11,0,0.9,2026-05-19T12:00:00
FC-002485,SEC-002,2026-05-20,12,1,0.73,2026-05-19T12:00:00
FC-002486,SEC-002,2026-05-20,13,1,0.8,2026-05-19T12:00:00
FC-002487,SEC-002,2026-05-20,14,1,0.91,2026-05-19T12:00:00
FC-002488,SEC-002,2026-05-20,15,0,0.94,2026-05-19T12:00:00
FC-002489,SEC-002,2026-05-20,16,0,0.83,2026-05-19T12:00:00
FC-002490,SEC-002,2026-05-20,17,0,0.91,2026-05-19T12:00:00
FC-002491,SEC-002,2026-05-20,18,0,0.92,2026-05-19T12:00:00
FC-002492,SEC-002,2026-05-20,19,0,0.93,2026-05-19T12:00:00
FC-002493,SEC-002,2026-05-20,20,0,0.88,2026-05-19T12:00:00
FC-002494,SEC-002,2026-05-20,21,0,0.72,2026-05-19T12:00:00
FC-002495,SEC-002,2026-05-20,22,0,0.75,2026-05-19T12:00:00
FC-002496,SEC-002,2026-05-20,23,2,0.72,2026-05-19T12:00:00
FC-002497,SEC-003,2026-05-20,0,0,0.72,2026-05-19T12:00:00
FC-002498,SEC-003,2026-05-20,1,1,0.8,2026-05-19T12:00:00
FC-002499,SEC-003,2026-05-20,2,1,0.75,2026-05-19T12:00:00
FC-002500,SEC-003,2026-05-20,3,0,0.9,2026-05-19T12:00:00
FC-002501,SEC-003,2026-05-20,4,4,0.73,2026-05-19T12:00:00
FC-002502,SEC-003,2026-05-20,5,1,0.88,2026-05-19T12:00:00
FC-002503,SEC-003,2026-05-20,6,0,0.81,2026-05-19T12:00:00
FC-002504,SEC-003,2026-05-20,7,0,0.89,2026-05-19T12:00:00
FC-002505,SEC-003,2026-05-20,8,1,0.81,2026-05-19T12:00:00
FC-002506,SEC-003,2026-05-20,9,0,0.79,2026-05-19T12:00:00
FC-002507,SEC-003,2026-05-20,10,0,0.77,2026-05-19T12:00:00
FC-002508,SEC-003,2026-05-20,11,2,0.72,2026-05-19T12:00:00
FC-002509,SEC-003,2026-05-20,12,0,0.77,2026-05-19T12:00:00
FC-002510,SEC-003,2026-05-20,13,0,0.82,2026-05-19T12:00:00
FC-002511,SEC-003,2026-05-20,14,0,0.74,2026-05-19T12:00:00
FC-002512,SEC-003,2026-05-20,15,0,0.89,2026-05-19T12:00:00
FC-002513,SEC-003,2026-05-20,16,0,0.79,2026-05-19T12:00:00
FC-002514,SEC-003,2026-05-20,17,0,0.92,2026-05-19T12:00:00
FC-002515,SEC-003,2026-05-20,18,0,0.94,2026-05-19T12:00:00
FC-002516,SEC-003,2026-05-20,19,2,0.81,2026-05-19T12:00:00
FC-002517,SEC-003,2026-05-20,20,0,0.9,2026-05-19T12:00:00
FC-002518,SEC-003,2026-05-20,21,0,0.85,2026-05-19T12:00:00
FC-002519,SEC-003,2026-05-20,22,2,0.94,2026-05-19T12:00:00
FC-002520,SEC-003,2026-05-20,23,0,0.85,2026-05-19T12:00:00
FC-002521,SEC-004,2026-05-20,0,1,0.87,2026-05-19T12:00:00
FC-002522,SEC-004,2026-05-20,1,2,0.73,2026-05-19T12:00:00
FC-002523,SEC-004,2026-05-20,2,1,0.8,2026-05-19T12:00:00
FC-002524,SEC-004,2026-05-20,3,0,0.9,2026-05-19T12:00:00
FC-002525,SEC-004,2026-05-20,4,1,0.77,2026-05-19T12:00:00
FC-002526,SEC-004,2026-05-20,5,0,0.84,2026-05-19T12:00:00
FC-002527,SEC-004,2026-05-20,6,1,0.86,2026-05-19T12:00:00
FC-002528,SEC-004,2026-05-20,7,0,0.71,2026-05-19T12:00:00
FC-002529,SEC-004,2026-05-20,8,1,0.8,2026-05-19T12:00:00
FC-002530,SEC-004,2026-05-20,9,1,0.71,2026-05-19T12:00:00
FC-002531,SEC-004,2026-05-20,10,0,0.95,2026-05-19T12:00:00
FC-002532,SEC-004,2026-05-20,11,0,0.85,2026-05-19T12:00:00
FC-002533,SEC-004,2026-05-20,12,1,0.94,2026-05-19T12:00:00
FC-002534,SEC-004,2026-05-20,13,0,0.74,2026-05-19T12:00:00
FC-002535,SEC-004,2026-05-20,14,1,0.88,2026-05-19T12:00:00
FC-002536,SEC-004,2026-05-20,15,2,0.86,2026-05-19T12:00:00
FC-002537,SEC-004,2026-05-20,16,0,0.91,2026-05-19T12:00:00
FC-002538,SEC-004,2026-05-20,17,0,0.84,2026-05-19T12:00:00
FC-002539,SEC-004,2026-05-20,18,0,0.92,2026-05-19T12:00:00
FC-002540,SEC-004,2026-05-20,19,0,0.82,2026-05-19T12:00:00
FC-002541,SEC-004,2026-05-20,20,0,0.82,2026-05-19T12:00:00
FC-002542,SEC-004,2026-05-20,21,0,0.75,2026-05-19T12:00:00
FC-002543,SEC-004,2026-05-20,22,4,0.86,2026-05-19T12:00:00
FC-002544,SEC-004,2026-05-20,23,2,0.92,2026-05-19T12:00:00
FC-002545,SEC-005,2026-05-20,0,3,0.76,2026-05-19T12:00:00
FC-002546,SEC-005,2026-05-20,1,2,0.75,2026-05-19T12:00:00
FC-002547,SEC-005,2026-05-20,2,2,0.73,2026-05-19T12:00:00
FC-002548,SEC-005,2026-05-20,3,3,0.94,2026-05-19T12:00:00
FC-002549,SEC-005,2026-05-20,4,2,0.84,2026-05-19T12:00:00
FC-002550,SEC-005,2026-05-20,5,0,0.89,2026-05-19T12:00:00
FC-002551,SEC-005,2026-05-20,6,0,0.89,2026-05-19T12:00:00
FC-002552,SEC-005,2026-05-20,7,0,0.74,2026-05-19T12:00:00
FC-002553,SEC-005,2026-05-20,8,0,0.86,2026-05-19T12:00:00
FC-002554,SEC-005,2026-05-20,9,0,0.92,2026-05-19T12:00:00
FC-002555,SEC-005,2026-05-20,10,2,0.83,2026-05-19T12:00:00
FC-002556,SEC-005,2026-05-20,11,1,0.81,2026-05-19T12:00:00
FC-002557,SEC-005,2026-05-20,12,0,0.78,2026-05-19T12:00:00
FC-002558,SEC-005,2026-05-20,13,1,0.87,2026-05-19T12:00:00
FC-002559,SEC-005,2026-05-20,14,2,0.93,2026-05-19T12:00:00
FC-002560,SEC-005,2026-05-20,15,0,0.79,2026-05-19T12:00:00
FC-002561,SEC-005,2026-05-20,16,0,0.87,2026-05-19T12:00:00
FC-002562,SEC-005,2026-05-20,17,1,0.9,2026-05-19T12:00:00
FC-002563,SEC-005,2026-05-20,18,1,0.86,2026-05-19T12:00:00
FC-002564,SEC-005,2026-05-20,19,0,0.75,2026-05-19T12:00:00
FC-002565,SEC-005,2026-05-20,20,1,0.78,2026-05-19T12:00:00
FC-002566,SEC-005,2026-05-20,21,2,0.92,2026-05-19T12:00:00
FC-002567,SEC-005,2026-05-20,22,2,0.83,2026-05-19T12:00:00
FC-002568,SEC-005,2026-05-20,23,3,0.9,2026-05-19T12:00:00
FC-002569,SEC-006,2026-05-20,0,1,0.7,2026-05-19T12:00:00
FC-002570,SEC-006,2026-05-20,1,1,0.86,2026-05-19T12:00:00
FC-002571,SEC-006,2026-05-20,2,3,0.81,2026-05-19T12:00:00
FC-002572,SEC-006,2026-05-20,3,0,0.87,2026-05-19T12:00:00
FC-002573,SEC-006,2026-05-20,4,1,0.81,2026-05-19T12:00:00
FC-002574,SEC-006,2026-05-20,5,0,0.87,2026-05-19T12:00:00
FC-002575,SEC-006,2026-05-20,6,0,0.92,2026-05-19T12:00:00
FC-002576,SEC-006,2026-05-20,7,3,0.74,2026-05-19T12:00:00
FC-002577,SEC-006,2026-05-20,8,1,0.76,2026-05-19T12:00:00
FC-002578,SEC-006,2026-05-20,9,0,0.86,2026-05-19T12:00:00
FC-002579,SEC-006,2026-05-20,10,1,0.89,2026-05-19T12:00:00
FC-002580,SEC-006,2026-05-20,11,0,0.93,2026-05-19T12:00:00
FC-002581,SEC-006,2026-05-20,12,1,0.86,2026-05-19T12:00:00
FC-002582,SEC-006,2026-05-20,13,0,0.8,2026-05-19T12:00:00
FC-002583,SEC-006,2026-05-20,14,1,0.8,2026-05-19T12:00:00
FC-002584,SEC-006,2026-05-20,15,0,0.74,2026-05-19T12:00:00
FC-002585,SEC-006,2026-05-20,16,0,0.88,2026-05-19T12:00:00
FC-002586,SEC-006,2026-05-20,17,0,0.94,2026-05-19T12:00:00
FC-002587,SEC-006,2026-05-20,18,1,0.94,2026-05-19T12:00:00
FC-002588,SEC-006,2026-05-20,19,0,0.84,2026-05-19T12:00:00
FC-002589,SEC-006,2026-05-20,20,0,0.84,2026-05-19T12:00:00
FC-002590,SEC-006,2026-05-20,21,0,0.92,2026-05-19T12:00:00
FC-002591,SEC-006,2026-05-20,22,0,0.84,2026-05-19T12:00:00
FC-002592,SEC-006,2026-05-20,23,2,0.83,2026-05-19T12:00:00
FC-002593,SEC-001,2026-05-21,0,3,0.92,2026-05-20T12:00:00
FC-002594,SEC-001,2026-05-21,1,1,0.76,2026-05-20T12:00:00
FC-002595,SEC-001,2026-05-21,2,0,0.9,2026-05-20T12:00:00
FC-002596,SEC-001,2026-05-21,3,2,0.81,2026-05-20T12:00:00
FC-002597,SEC-001,2026-05-21,4,4,0.89,2026-05-20T12:00:00
FC-002598,SEC-001,2026-05-21,5,1,0.81,2026-05-20T12:00:00
FC-002599,SEC-001,2026-05-21,6,1,0.81,2026-05-20T12:00:00
FC-002600,SEC-001,2026-05-21,7,1,0.86,2026-05-20T12:00:00
FC-002601,SEC-001,2026-05-21,8,0,0.8,2026-05-20T12:00:00
FC-002602,SEC-001,2026-05-21,9,0,0.92,2026-05-20T12:00:00
FC-002603,SEC-001,2026-05-21,10,0,0.73,2026-05-20T12:00:00
FC-002604,SEC-001,2026-05-21,11,0,0.76,2026-05-20T12:00:00
FC-002605,SEC-001,2026-05-21,12,2,0.7,2026-05-20T12:00:00
FC-002606,SEC-001,2026-05-21,13,0,0.9,2026-05-20T12:00:00
FC-002607,SEC-001,2026-05-21,14,2,0.81,2026-05-20T12:00:00
FC-002608,SEC-001,2026-05-21,15,0,0.79,2026-05-20T12:00:00
FC-002609,SEC-001,2026-05-21,16,0,0.76,2026-05-20T12:00:00
FC-002610,SEC-001,2026-05-21,17,0,0.86,2026-05-20T12:00:00
FC-002611,SEC-001,2026-05-21,18,0,0.77,2026-05-20T12:00:00
FC-002612,SEC-001,2026-05-21,19,0,0.88,2026-05-20T12:00:00
FC-002613,SEC-001,2026-05-21,20,0,0.94,2026-05-20T12:00:00
FC-002614,SEC-001,2026-05-21,21,0,0.76,2026-05-20T12:00:00
FC-002615,SEC-001,2026-05-21,22,3,0.83,2026-05-20T12:00:00
FC-002616,SEC-001,2026-05-21,23,1,0.71,2026-05-20T12:00:00
FC-002617,SEC-002,2026-05-21,0,2,0.72,2026-05-20T12:00:00
FC-002618,SEC-002,2026-05-21,1,2,0.78,2026-05-20T12:00:00
FC-002619,SEC-002,2026-05-21,2,3,0.74,2026-05-20T12:00:00
FC-002620,SEC-002,2026-05-21,3,4,0.84,2026-05-20T12:00:00
FC-002621,SEC-002,2026-05-21,4,1,0.73,2026-05-20T12:00:00
FC-002622,SEC-002,2026-05-21,5,1,0.9,2026-05-20T12:00:00
FC-002623,SEC-002,2026-05-21,6,0,0.92,2026-05-20T12:00:00
FC-002624,SEC-002,2026-05-21,7,0,0.82,2026-05-20T12:00:00
FC-002625,SEC-002,2026-05-21,8,0,0.7,2026-05-20T12:00:00
FC-002626,SEC-002,2026-05-21,9,0,0.82,2026-05-20T12:00:00
FC-002627,SEC-002,2026-05-21,10,0,0.91,2026-05-20T12:00:00
FC-002628,SEC-002,2026-05-21,11,1,0.93,2026-05-20T12:00:00
FC-002629,SEC-002,2026-05-21,12,1,0.86,2026-05-20T12:00:00
FC-002630,SEC-002,2026-05-21,13,0,0.88,2026-05-20T12:00:00
FC-002631,SEC-002,2026-05-21,14,0,0.83,2026-05-20T12:00:00
FC-002632,SEC-002,2026-05-21,15,1,0.8,2026-05-20T12:00:00
FC-002633,SEC-002,2026-05-21,16,0,0.93,2026-05-20T12:00:00
FC-002634,SEC-002,2026-05-21,17,1,0.74,2026-05-20T12:00:00
FC-002635,SEC-002,2026-05-21,18,0,0.8,2026-05-20T12:00:00
FC-002636,SEC-002,2026-05-21,19,0,0.72,2026-05-20T12:00:00
FC-002637,SEC-002,2026-05-21,20,0,0.81,2026-05-20T12:00:00
FC-002638,SEC-002,2026-05-21,21,1,0.71,2026-05-20T12:00:00
FC-002639,SEC-002,2026-05-21,22,1,0.74,2026-05-20T12:00:00
FC-002640,SEC-002,2026-05-21,23,3,0.86,2026-05-20T12:00:00
FC-002641,SEC-003,2026-05-21,0,1,0.73,2026-05-20T12:00:00
FC-002642,SEC-003,2026-05-21,1,0,0.93,2026-05-20T12:00:00
FC-002643,SEC-003,2026-05-21,2,0,0.71,2026-05-20T12:00:00
FC-002644,SEC-003,2026-05-21,3,3,0.74,2026-05-20T12:00:00
FC-002645,SEC-003,2026-05-21,4,2,0.94,2026-05-20T12:00:00
FC-002646,SEC-003,2026-05-21,5,0,0.87,2026-05-20T12:00:00
FC-002647,SEC-003,2026-05-21,6,0,0.77,2026-05-20T12:00:00
FC-002648,SEC-003,2026-05-21,7,1,0.8,2026-05-20T12:00:00
FC-002649,SEC-003,2026-05-21,8,0,0.72,2026-05-20T12:00:00
FC-002650,SEC-003,2026-05-21,9,0,0.87,2026-05-20T12:00:00
FC-002651,SEC-003,2026-05-21,10,0,0.78,2026-05-20T12:00:00
FC-002652,SEC-003,2026-05-21,11,0,0.82,2026-05-20T12:00:00
FC-002653,SEC-003,2026-05-21,12,1,0.91,2026-05-20T12:00:00
FC-002654,SEC-003,2026-05-21,13,0,0.84,2026-05-20T12:00:00
FC-002655,SEC-003,2026-05-21,14,0,0.8,2026-05-20T12:00:00
FC-002656,SEC-003,2026-05-21,15,0,0.95,2026-05-20T12:00:00
FC-002657,SEC-003,2026-05-21,16,0,0.91,2026-05-20T12:00:00
FC-002658,SEC-003,2026-05-21,17,1,0.79,2026-05-20T12:00:00
FC-002659,SEC-003,2026-05-21,18,0,0.82,2026-05-20T12:00:00
FC-002660,SEC-003,2026-05-21,19,0,0.71,2026-05-20T12:00:00
FC-002661,SEC-003,2026-05-21,20,1,0.93,2026-05-20T12:00:00
FC-002662,SEC-003,2026-05-21,21,0,0.84,2026-05-20T12:00:00
FC-002663,SEC-003,2026-05-21,22,2,0.83,2026-05-20T12:00:00
FC-002664,SEC-003,2026-05-21,23,1,0.75,2026-05-20T12:00:00
FC-002665,SEC-004,2026-05-21,0,0,0.84,2026-05-20T12:00:00
FC-002666,SEC-004,2026-05-21,1,4,0.75,2026-05-20T12:00:00
FC-002667,SEC-004,2026-05-21,2,3,0.94,2026-05-20T12:00:00
FC-002668,SEC-004,2026-05-21,3,3,0.88,2026-05-20T12:00:00
FC-002669,SEC-004,2026-05-21,4,4,0.77,2026-05-20T12:00:00
FC-002670,SEC-004,2026-05-21,5,1,0.86,2026-05-20T12:00:00
FC-002671,SEC-004,2026-05-21,6,0,0.88,2026-05-20T12:00:00
FC-002672,SEC-004,2026-05-21,7,0,0.75,2026-05-20T12:00:00
FC-002673,SEC-004,2026-05-21,8,0,0.8,2026-05-20T12:00:00
FC-002674,SEC-004,2026-05-21,9,1,0.85,2026-05-20T12:00:00
FC-002675,SEC-004,2026-05-21,10,0,0.81,2026-05-20T12:00:00
FC-002676,SEC-004,2026-05-21,11,0,0.89,2026-05-20T12:00:00
FC-002677,SEC-004,2026-05-21,12,0,0.84,2026-05-20T12:00:00
FC-002678,SEC-004,2026-05-21,13,1,0.79,2026-05-20T12:00:00
FC-002679,SEC-004,2026-05-21,14,0,0.81,2026-05-20T12:00:00
FC-002680,SEC-004,2026-05-21,15,1,0.92,2026-05-20T12:00:00
FC-002681,SEC-004,2026-05-21,16,0,0.74,2026-05-20T12:00:00
FC-002682,SEC-004,2026-05-21,17,0,0.75,2026-05-20T12:00:00
FC-002683,SEC-004,2026-05-21,18,1,0.78,2026-05-20T12:00:00
FC-002684,SEC-004,2026-05-21,19,0,0.84,2026-05-20T12:00:00
FC-002685,SEC-004,2026-05-21,20,0,0.77,2026-05-20T12:00:00
FC-002686,SEC-004,2026-05-21,21,1,0.71,2026-05-20T12:00:00
FC-002687,SEC-004,2026-05-21,22,0,0.87,2026-05-20T12:00:00
FC-002688,SEC-004,2026-05-21,23,2,0.92,2026-05-20T12:00:00
FC-002689,SEC-005,2026-05-21,0,2,0.81,2026-05-20T12:00:00
FC-002690,SEC-005,2026-05-21,1,3,0.88,2026-05-20T12:00:00
FC-002691,SEC-005,2026-05-21,2,2,0.93,2026-05-20T12:00:00
FC-002692,SEC-005,2026-05-21,3,1,0.77,2026-05-20T12:00:00
FC-002693,SEC-005,2026-05-21,4,2,0.74,2026-05-20T12:00:00
FC-002694,SEC-005,2026-05-21,5,0,0.89,2026-05-20T12:00:00
FC-002695,SEC-005,2026-05-21,6,1,0.73,2026-05-20T12:00:00
FC-002696,SEC-005,2026-05-21,7,0,0.77,2026-05-20T12:00:00
FC-002697,SEC-005,2026-05-21,8,2,0.92,2026-05-20T12:00:00
FC-002698,SEC-005,2026-05-21,9,0,0.87,2026-05-20T12:00:00
FC-002699,SEC-005,2026-05-21,10,0,0.9,2026-05-20T12:00:00
FC-002700,SEC-005,2026-05-21,11,1,0.85,2026-05-20T12:00:00
FC-002701,SEC-005,2026-05-21,12,1,0.8,2026-05-20T12:00:00
FC-002702,SEC-005,2026-05-21,13,0,0.88,2026-05-20T12:00:00
FC-002703,SEC-005,2026-05-21,14,1,0.91,2026-05-20T12:00:00
FC-002704,SEC-005,2026-05-21,15,0,0.93,2026-05-20T12:00:00
FC-002705,SEC-005,2026-05-21,16,0,0.73,2026-05-20T12:00:00
FC-002706,SEC-005,2026-05-21,17,0,0.85,2026-05-20T12:00:00
FC-002707,SEC-005,2026-05-21,18,1,0.93,2026-05-20T12:00:00
FC-002708,SEC-005,2026-05-21,19,1,0.88,2026-05-20T12:00:00
FC-002709,SEC-005,2026-05-21,20,0,0.8,2026-05-20T12:00:00
FC-002710,SEC-005,2026-05-21,21,0,0.71,2026-05-20T12:00:00
FC-002711,SEC-005,2026-05-21,22,2,0.76,2026-05-20T12:00:00
FC-002712,SEC-005,2026-05-21,23,1,0.88,2026-05-20T12:00:00
FC-002713,SEC-006,2026-05-21,0,0,0.88,2026-05-20T12:00:00
FC-002714,SEC-006,2026-05-21,1,2,0.71,2026-05-20T12:00:00
FC-002715,SEC-006,2026-05-21,2,2,0.93,2026-05-20T12:00:00
FC-002716,SEC-006,2026-05-21,3,2,0.93,2026-05-20T12:00:00
FC-002717,SEC-006,2026-05-21,4,1,0.84,2026-05-20T12:00:00
FC-002718,SEC-006,2026-05-21,5,1,0.82,2026-05-20T12:00:00
FC-002719,SEC-006,2026-05-21,6,0,0.8,2026-05-20T12:00:00
FC-002720,SEC-006,2026-05-21,7,1,0.87,2026-05-20T12:00:00
FC-002721,SEC-006,2026-05-21,8,0,0.71,2026-05-20T12:00:00
FC-002722,SEC-006,2026-05-21,9,0,0.74,2026-05-20T12:00:00
FC-002723,SEC-006,2026-05-21,10,1,0.71,2026-05-20T12:00:00
FC-002724,SEC-006,2026-05-21,11,0,0.93,2026-05-20T12:00:00
FC-002725,SEC-006,2026-05-21,12,1,0.87,2026-05-20T12:00:00
FC-002726,SEC-006,2026-05-21,13,0,0.81,2026-05-20T12:00:00
FC-002727,SEC-006,2026-05-21,14,0,0.89,2026-05-20T12:00:00
FC-002728,SEC-006,2026-05-21,15,1,0.75,2026-05-20T12:00:00
FC-002729,SEC-006,2026-05-21,16,1,0.74,2026-05-20T12:00:00
FC-002730,SEC-006,2026-05-21,17,0,0.76,2026-05-20T12:00:00
FC-002731,SEC-006,2026-05-21,18,0,0.78,2026-05-20T12:00:00
FC-002732,SEC-006,2026-05-21,19,0,0.74,2026-05-20T12:00:00
FC-002733,SEC-006,2026-05-21,20,0,0.85,2026-05-20T12:00:00
FC-002734,SEC-006,2026-05-21,21,0,0.73,2026-05-20T12:00:00
FC-002735,SEC-006,2026-05-21,22,0,0.95,2026-05-20T12:00:00
FC-002736,SEC-006,2026-05-21,23,1,0.94,2026-05-20T12:00:00
FC-002737,SEC-001,2026-05-22,0,3,0.86,2026-05-21T12:00:00
FC-002738,SEC-001,2026-05-22,1,2,0.8,2026-05-21T12:00:00
FC-002739,SEC-001,2026-05-22,2,1,0.86,2026-05-21T12:00:00
FC-002740,SEC-001,2026-05-22,3,2,0.73,2026-05-21T12:00:00
FC-002741,SEC-001,2026-05-22,4,0,0.89,2026-05-21T12:00:00
FC-002742,SEC-001,2026-05-22,5,0,0.92,2026-05-21T12:00:00
FC-002743,SEC-001,2026-05-22,6,0,0.74,2026-05-21T12:00:00
FC-002744,SEC-001,2026-05-22,7,1,0.76,2026-05-21T12:00:00
FC-002745,SEC-001,2026-05-22,8,2,0.9,2026-05-21T12:00:00
FC-002746,SEC-001,2026-05-22,9,0,0.91,2026-05-21T12:00:00
FC-002747,SEC-001,2026-05-22,10,1,0.84,2026-05-21T12:00:00
FC-002748,SEC-001,2026-05-22,11,1,0.73,2026-05-21T12:00:00
FC-002749,SEC-001,2026-05-22,12,0,0.92,2026-05-21T12:00:00
FC-002750,SEC-001,2026-05-22,13,0,0.84,2026-05-21T12:00:00
FC-002751,SEC-001,2026-05-22,14,0,0.8,2026-05-21T12:00:00
FC-002752,SEC-001,2026-05-22,15,0,0.77,2026-05-21T12:00:00
FC-002753,SEC-001,2026-05-22,16,0,0.74,2026-05-21T12:00:00
FC-002754,SEC-001,2026-05-22,17,0,0.87,2026-05-21T12:00:00
FC-002755,SEC-001,2026-05-22,18,0,0.72,2026-05-21T12:00:00
FC-002756,SEC-001,2026-05-22,19,0,0.89,2026-05-21T12:00:00
FC-002757,SEC-001,2026-05-22,20,0,0.78,2026-05-21T12:00:00
FC-002758,SEC-001,2026-05-22,21,2,0.88,2026-05-21T12:00:00
FC-002759,SEC-001,2026-05-22,22,3,0.84,2026-05-21T12:00:00
FC-002760,SEC-001,2026-05-22,23,0,0.81,2026-05-21T12:00:00
FC-002761,SEC-002,2026-05-22,0,0,0.91,2026-05-21T12:00:00
FC-002762,SEC-002,2026-05-22,1,2,0.93,2026-05-21T12:00:00
FC-002763,SEC-002,2026-05-22,2,3,0.71,2026-05-21T12:00:00
FC-002764,SEC-002,2026-05-22,3,2,0.85,2026-05-21T12:00:00
FC-002765,SEC-002,2026-05-22,4,0,0.92,2026-05-21T12:00:00
FC-002766,SEC-002,2026-05-22,5,0,0.8,2026-05-21T12:00:00
FC-002767,SEC-002,2026-05-22,6,0,0.83,2026-05-21T12:00:00
FC-002768,SEC-002,2026-05-22,7,0,0.85,2026-05-21T12:00:00
FC-002769,SEC-002,2026-05-22,8,0,0.82,2026-05-21T12:00:00
FC-002770,SEC-002,2026-05-22,9,1,0.87,2026-05-21T12:00:00
FC-002771,SEC-002,2026-05-22,10,1,0.82,2026-05-21T12:00:00
FC-002772,SEC-002,2026-05-22,11,1,0.71,2026-05-21T12:00:00
FC-002773,SEC-002,2026-05-22,12,0,0.88,2026-05-21T12:00:00
FC-002774,SEC-002,2026-05-22,13,2,0.88,2026-05-21T12:00:00
FC-002775,SEC-002,2026-05-22,14,0,0.88,2026-05-21T12:00:00
FC-002776,SEC-002,2026-05-22,15,1,0.72,2026-05-21T12:00:00
FC-002777,SEC-002,2026-05-22,16,0,0.87,2026-05-21T12:00:00
FC-002778,SEC-002,2026-05-22,17,2,0.91,2026-05-21T12:00:00
FC-002779,SEC-002,2026-05-22,18,0,0.8,2026-05-21T12:00:00
FC-002780,SEC-002,2026-05-22,19,0,0.77,2026-05-21T12:00:00
FC-002781,SEC-002,2026-05-22,20,0,0.9,2026-05-21T12:00:00
FC-002782,SEC-002,2026-05-22,21,0,0.83,2026-05-21T12:00:00
FC-002783,SEC-002,2026-05-22,22,3,0.94,2026-05-21T12:00:00
FC-002784,SEC-002,2026-05-22,23,3,0.94,2026-05-21T12:00:00
FC-002785,SEC-003,2026-05-22,0,2,0.84,2026-05-21T12:00:00
FC-002786,SEC-003,2026-05-22,1,2,0.77,2026-05-21T12:00:00
FC-002787,SEC-003,2026-05-22,2,1,0.71,2026-05-21T12:00:00
FC-002788,SEC-003,2026-05-22,3,1,0.86,2026-05-21T12:00:00
FC-002789,SEC-003,2026-05-22,4,1,0.9,2026-05-21T12:00:00
FC-002790,SEC-003,2026-05-22,5,1,0.71,2026-05-21T12:00:00
FC-002791,SEC-003,2026-05-22,6,1,0.85,2026-05-21T12:00:00
FC-002792,SEC-003,2026-05-22,7,0,0.88,2026-05-21T12:00:00
FC-002793,SEC-003,2026-05-22,8,2,0.84,2026-05-21T12:00:00
FC-002794,SEC-003,2026-05-22,9,1,0.84,2026-05-21T12:00:00
FC-002795,SEC-003,2026-05-22,10,0,0.73,2026-05-21T12:00:00
FC-002796,SEC-003,2026-05-22,11,0,0.9,2026-05-21T12:00:00
FC-002797,SEC-003,2026-05-22,12,0,0.82,2026-05-21T12:00:00
FC-002798,SEC-003,2026-05-22,13,1,0.71,2026-05-21T12:00:00
FC-002799,SEC-003,2026-05-22,14,0,0.78,2026-05-21T12:00:00
FC-002800,SEC-003,2026-05-22,15,0,0.71,2026-05-21T12:00:00
FC-002801,SEC-003,2026-05-22,16,0,0.72,2026-05-21T12:00:00
FC-002802,SEC-003,2026-05-22,17,0,0.73,2026-05-21T12:00:00
FC-002803,SEC-003,2026-05-22,18,1,0.86,2026-05-21T12:00:00
FC-002804,SEC-003,2026-05-22,19,2,0.76,2026-05-21T12:00:00
FC-002805,SEC-003,2026-05-22,20,1,0.84,2026-05-21T12:00:00
FC-002806,SEC-003,2026-05-22,21,1,0.85,2026-05-21T12:00:00
FC-002807,SEC-003,2026-05-22,22,3,0.92,2026-05-21T12:00:00
FC-002808,SEC-003,2026-05-22,23,0,0.8,2026-05-21T12:00:00
FC-002809,SEC-004,2026-05-22,0,4,0.83,2026-05-21T12:00:00
FC-002810,SEC-004,2026-05-22,1,3,0.83,2026-05-21T12:00:00
FC-002811,SEC-004,2026-05-22,2,2,0.83,2026-05-21T12:00:00
FC-002812,SEC-004,2026-05-22,3,1,0.83,2026-05-21T12:00:00
FC-002813,SEC-004,2026-05-22,4,1,0.71,2026-05-21T12:00:00
FC-002814,SEC-004,2026-05-22,5,0,0.85,2026-05-21T12:00:00
FC-002815,SEC-004,2026-05-22,6,0,0.74,2026-05-21T12:00:00
FC-002816,SEC-004,2026-05-22,7,1,0.9,2026-05-21T12:00:00
FC-002817,SEC-004,2026-05-22,8,0,0.9,2026-05-21T12:00:00
FC-002818,SEC-004,2026-05-22,9,0,0.82,2026-05-21T12:00:00
FC-002819,SEC-004,2026-05-22,10,1,0.9,2026-05-21T12:00:00
FC-002820,SEC-004,2026-05-22,11,1,0.78,2026-05-21T12:00:00
FC-002821,SEC-004,2026-05-22,12,1,0.94,2026-05-21T12:00:00
FC-002822,SEC-004,2026-05-22,13,0,0.84,2026-05-21T12:00:00
FC-002823,SEC-004,2026-05-22,14,1,0.82,2026-05-21T12:00:00
FC-002824,SEC-004,2026-05-22,15,0,0.72,2026-05-21T12:00:00
FC-002825,SEC-004,2026-05-22,16,0,0.87,2026-05-21T12:00:00
FC-002826,SEC-004,2026-05-22,17,1,0.87,2026-05-21T12:00:00
FC-002827,SEC-004,2026-05-22,18,0,0.86,2026-05-21T12:00:00
FC-002828,SEC-004,2026-05-22,19,0,0.75,2026-05-21T12:00:00
FC-002829,SEC-004,2026-05-22,20,0,0.89,2026-05-21T12:00:00
FC-002830,SEC-004,2026-05-22,21,0,0.94,2026-05-21T12:00:00
FC-002831,SEC-004,2026-05-22,22,0,0.95,2026-05-21T12:00:00
FC-002832,SEC-004,2026-05-22,23,0,0.84,2026-05-21T12:00:00
FC-002833,SEC-005,2026-05-22,0,0,0.86,2026-05-21T12:00:00
FC-002834,SEC-005,2026-05-22,1,4,0.71,2026-05-21T12:00:00
FC-002835,SEC-005,2026-05-22,2,3,0.84,2026-05-21T12:00:00
FC-002836,SEC-005,2026-05-22,3,3,0.93,2026-05-21T12:00:00
FC-002837,SEC-005,2026-05-22,4,1,0.88,2026-05-21T12:00:00
FC-002838,SEC-005,2026-05-22,5,0,0.9,2026-05-21T12:00:00
FC-002839,SEC-005,2026-05-22,6,0,0.75,2026-05-21T12:00:00
FC-002840,SEC-005,2026-05-22,7,0,0.94,2026-05-21T12:00:00
FC-002841,SEC-005,2026-05-22,8,0,0.7,2026-05-21T12:00:00
FC-002842,SEC-005,2026-05-22,9,0,0.71,2026-05-21T12:00:00
FC-002843,SEC-005,2026-05-22,10,0,0.93,2026-05-21T12:00:00
FC-002844,SEC-005,2026-05-22,11,0,0.76,2026-05-21T12:00:00
FC-002845,SEC-005,2026-05-22,12,0,0.94,2026-05-21T12:00:00
FC-002846,SEC-005,2026-05-22,13,0,0.75,2026-05-21T12:00:00
FC-002847,SEC-005,2026-05-22,14,1,0.86,2026-05-21T12:00:00
FC-002848,SEC-005,2026-05-22,15,1,0.93,2026-05-21T12:00:00
FC-002849,SEC-005,2026-05-22,16,0,0.87,2026-05-21T12:00:00
FC-002850,SEC-005,2026-05-22,17,0,0.88,2026-05-21T12:00:00
FC-002851,SEC-005,2026-05-22,18,1,0.86,2026-05-21T12:00:00
FC-002852,SEC-005,2026-05-22,19,1,0.85,2026-05-21T12:00:00
FC-002853,SEC-005,2026-05-22,20,3,0.78,2026-05-21T12:00:00
FC-002854,SEC-005,2026-05-22,21,0,0.78,2026-05-21T12:00:00
FC-002855,SEC-005,2026-05-22,22,3,0.9,2026-05-21T12:00:00
FC-002856,SEC-005,2026-05-22,23,1,0.91,2026-05-21T12:00:00
FC-002857,SEC-006,2026-05-22,0,3,0.89,2026-05-21T12:00:00
FC-002858,SEC-006,2026-05-22,1,3,0.94,2026-05-21T12:00:00
FC-002859,SEC-006,2026-05-22,2,0,0.9,2026-05-21T12:00:00
FC-002860,SEC-006,2026-05-22,3,2,0.93,2026-05-21T12:00:00
FC-002861,SEC-006,2026-05-22,4,1,0.71,2026-05-21T12:00:00
FC-002862,SEC-006,2026-05-22,5,0,0.94,2026-05-21T12:00:00
FC-002863,SEC-006,2026-05-22,6,0,0.92,2026-05-21T12:00:00
FC-002864,SEC-006,2026-05-22,7,0,0.84,2026-05-21T12:00:00
FC-002865,SEC-006,2026-05-22,8,0,0.8,2026-05-21T12:00:00
FC-002866,SEC-006,2026-05-22,9,1,0.84,2026-05-21T12:00:00
FC-002867,SEC-006,2026-05-22,10,1,0.74,2026-05-21T12:00:00
FC-002868,SEC-006,2026-05-22,11,0,0.93,2026-05-21T12:00:00
FC-002869,SEC-006,2026-05-22,12,0,0.75,2026-05-21T12:00:00
FC-002870,SEC-006,2026-05-22,13,1,0.76,2026-05-21T12:00:00
FC-002871,SEC-006,2026-05-22,14,2,0.84,2026-05-21T12:00:00
FC-002872,SEC-006,2026-05-22,15,0,0.83,2026-05-21T12:00:00
FC-002873,SEC-006,2026-05-22,16,0,0.85,2026-05-21T12:00:00
FC-002874,SEC-006,2026-05-22,17,1,0.77,2026-05-21T12:00:00
FC-002875,SEC-006,2026-05-22,18,0,0.74,2026-05-21T12:00:00
FC-002876,SEC-006,2026-05-22,19,1,0.72,2026-05-21T12:00:00
FC-002877,SEC-006,2026-05-22,20,0,0.92,2026-05-21T12:00:00
FC-002878,SEC-006,2026-05-22,21,0,0.81,2026-05-21T12:00:00
FC-002879,SEC-006,2026-05-22,22,3,0.77,2026-05-21T12:00:00
FC-002880,SEC-006,2026-05-22,23,2,0.82,2026-05-21T12:00:00
FC-002881,SEC-001,2026-05-23,0,1,0.91,2026-05-22T12:00:00
FC-002882,SEC-001,2026-05-23,1,2,0.82,2026-05-22T12:00:00
FC-002883,SEC-001,2026-05-23,2,2,0.74,2026-05-22T12:00:00
FC-002884,SEC-001,2026-05-23,3,3,0.78,2026-05-22T12:00:00
FC-002885,SEC-001,2026-05-23,4,1,0.88,2026-05-22T12:00:00
FC-002886,SEC-001,2026-05-23,5,1,0.76,2026-05-22T12:00:00
FC-002887,SEC-001,2026-05-23,6,1,0.78,2026-05-22T12:00:00
FC-002888,SEC-001,2026-05-23,7,0,0.8,2026-05-22T12:00:00
FC-002889,SEC-001,2026-05-23,8,1,0.81,2026-05-22T12:00:00
FC-002890,SEC-001,2026-05-23,9,0,0.75,2026-05-22T12:00:00
FC-002891,SEC-001,2026-05-23,10,1,0.72,2026-05-22T12:00:00
FC-002892,SEC-001,2026-05-23,11,1,0.77,2026-05-22T12:00:00
FC-002893,SEC-001,2026-05-23,12,0,0.74,2026-05-22T12:00:00
FC-002894,SEC-001,2026-05-23,13,0,0.88,2026-05-22T12:00:00
FC-002895,SEC-001,2026-05-23,14,1,0.81,2026-05-22T12:00:00
FC-002896,SEC-001,2026-05-23,15,0,0.94,2026-05-22T12:00:00
FC-002897,SEC-001,2026-05-23,16,1,0.76,2026-05-22T12:00:00
FC-002898,SEC-001,2026-05-23,17,1,0.82,2026-05-22T12:00:00
FC-002899,SEC-001,2026-05-23,18,0,0.87,2026-05-22T12:00:00
FC-002900,SEC-001,2026-05-23,19,1,0.8,2026-05-22T12:00:00
FC-002901,SEC-001,2026-05-23,20,1,0.73,2026-05-22T12:00:00
FC-002902,SEC-001,2026-05-23,21,2,0.77,2026-05-22T12:00:00
FC-002903,SEC-001,2026-05-23,22,5,0.76,2026-05-22T12:00:00
FC-002904,SEC-001,2026-05-23,23,2,0.86,2026-05-22T12:00:00
FC-002905,SEC-002,2026-05-23,0,1,0.75,2026-05-22T12:00:00
FC-002906,SEC-002,2026-05-23,1,0,0.71,2026-05-22T12:00:00
FC-002907,SEC-002,2026-05-23,2,3,0.89,2026-05-22T12:00:00
FC-002908,SEC-002,2026-05-23,3,2,0.93,2026-05-22T12:00:00
FC-002909,SEC-002,2026-05-23,4,2,0.83,2026-05-22T12:00:00
FC-002910,SEC-002,2026-05-23,5,0,0.77,2026-05-22T12:00:00
FC-002911,SEC-002,2026-05-23,6,0,0.91,2026-05-22T12:00:00
FC-002912,SEC-002,2026-05-23,7,0,0.74,2026-05-22T12:00:00
FC-002913,SEC-002,2026-05-23,8,0,0.75,2026-05-22T12:00:00
FC-002914,SEC-002,2026-05-23,9,1,0.71,2026-05-22T12:00:00
FC-002915,SEC-002,2026-05-23,10,0,0.84,2026-05-22T12:00:00
FC-002916,SEC-002,2026-05-23,11,0,0.93,2026-05-22T12:00:00
FC-002917,SEC-002,2026-05-23,12,0,0.9,2026-05-22T12:00:00
FC-002918,SEC-002,2026-05-23,13,0,0.77,2026-05-22T12:00:00
FC-002919,SEC-002,2026-05-23,14,1,0.76,2026-05-22T12:00:00
FC-002920,SEC-002,2026-05-23,15,1,0.89,2026-05-22T12:00:00
FC-002921,SEC-002,2026-05-23,16,2,0.8,2026-05-22T12:00:00
FC-002922,SEC-002,2026-05-23,17,0,0.88,2026-05-22T12:00:00
FC-002923,SEC-002,2026-05-23,18,0,0.7,2026-05-22T12:00:00
FC-002924,SEC-002,2026-05-23,19,0,0.91,2026-05-22T12:00:00
FC-002925,SEC-002,2026-05-23,20,0,0.87,2026-05-22T12:00:00
FC-002926,SEC-002,2026-05-23,21,0,0.73,2026-05-22T12:00:00
FC-002927,SEC-002,2026-05-23,22,2,0.9,2026-05-22T12:00:00
FC-002928,SEC-002,2026-05-23,23,1,0.78,2026-05-22T12:00:00
FC-002929,SEC-003,2026-05-23,0,2,0.71,2026-05-22T12:00:00
FC-002930,SEC-003,2026-05-23,1,0,0.95,2026-05-22T12:00:00
FC-002931,SEC-003,2026-05-23,2,1,0.94,2026-05-22T12:00:00
FC-002932,SEC-003,2026-05-23,3,1,0.89,2026-05-22T12:00:00
FC-002933,SEC-003,2026-05-23,4,1,0.73,2026-05-22T12:00:00
FC-002934,SEC-003,2026-05-23,5,0,0.85,2026-05-22T12:00:00
FC-002935,SEC-003,2026-05-23,6,0,0.75,2026-05-22T12:00:00
FC-002936,SEC-003,2026-05-23,7,1,0.85,2026-05-22T12:00:00
FC-002937,SEC-003,2026-05-23,8,1,0.74,2026-05-22T12:00:00
FC-002938,SEC-003,2026-05-23,9,0,0.89,2026-05-22T12:00:00
FC-002939,SEC-003,2026-05-23,10,0,0.75,2026-05-22T12:00:00
FC-002940,SEC-003,2026-05-23,11,0,0.82,2026-05-22T12:00:00
FC-002941,SEC-003,2026-05-23,12,0,0.76,2026-05-22T12:00:00
FC-002942,SEC-003,2026-05-23,13,0,0.78,2026-05-22T12:00:00
FC-002943,SEC-003,2026-05-23,14,0,0.88,2026-05-22T12:00:00
FC-002944,SEC-003,2026-05-23,15,0,0.75,2026-05-22T12:00:00
FC-002945,SEC-003,2026-05-23,16,0,0.95,2026-05-22T12:00:00
FC-002946,SEC-003,2026-05-23,17,1,0.8,2026-05-22T12:00:00
FC-002947,SEC-003,2026-05-23,18,0,0.7,2026-05-22T12:00:00
FC-002948,SEC-003,2026-05-23,19,0,0.74,2026-05-22T12:00:00
FC-002949,SEC-003,2026-05-23,20,0,0.77,2026-05-22T12:00:00
FC-002950,SEC-003,2026-05-23,21,0,0.71,2026-05-22T12:00:00
FC-002951,SEC-003,2026-05-23,22,2,0.73,2026-05-22T12:00:00
FC-002952,SEC-003,2026-05-23,23,0,0.81,2026-05-22T12:00:00
FC-002953,SEC-004,2026-05-23,0,0,0.89,2026-05-22T12:00:00
FC-002954,SEC-004,2026-05-23,1,0,0.78,2026-05-22T12:00:00
FC-002955,SEC-004,2026-05-23,2,2,0.73,2026-05-22T12:00:00
FC-002956,SEC-004,2026-05-23,3,3,0.79,2026-05-22T12:00:00
FC-002957,SEC-004,2026-05-23,4,2,0.73,2026-05-22T12:00:00
FC-002958,SEC-004,2026-05-23,5,0,0.81,2026-05-22T12:00:00
FC-002959,SEC-004,2026-05-23,6,0,0.87,2026-05-22T12:00:00
FC-002960,SEC-004,2026-05-23,7,0,0.74,2026-05-22T12:00:00
FC-002961,SEC-004,2026-05-23,8,0,0.88,2026-05-22T12:00:00
FC-002962,SEC-004,2026-05-23,9,0,0.78,2026-05-22T12:00:00
FC-002963,SEC-004,2026-05-23,10,0,0.8,2026-05-22T12:00:00
FC-002964,SEC-004,2026-05-23,11,0,0.86,2026-05-22T12:00:00
FC-002965,SEC-004,2026-05-23,12,0,0.76,2026-05-22T12:00:00
FC-002966,SEC-004,2026-05-23,13,1,0.79,2026-05-22T12:00:00
FC-002967,SEC-004,2026-05-23,14,1,0.92,2026-05-22T12:00:00
FC-002968,SEC-004,2026-05-23,15,2,0.86,2026-05-22T12:00:00
FC-002969,SEC-004,2026-05-23,16,1,0.74,2026-05-22T12:00:00
FC-002970,SEC-004,2026-05-23,17,0,0.83,2026-05-22T12:00:00
FC-002971,SEC-004,2026-05-23,18,1,0.75,2026-05-22T12:00:00
FC-002972,SEC-004,2026-05-23,19,0,0.88,2026-05-22T12:00:00
FC-002973,SEC-004,2026-05-23,20,1,0.77,2026-05-22T12:00:00
FC-002974,SEC-004,2026-05-23,21,0,0.93,2026-05-22T12:00:00
FC-002975,SEC-004,2026-05-23,22,1,0.9,2026-05-22T12:00:00
FC-002976,SEC-004,2026-05-23,23,1,0.89,2026-05-22T12:00:00
FC-002977,SEC-005,2026-05-23,0,0,0.79,2026-05-22T12:00:00
FC-002978,SEC-005,2026-05-23,1,1,0.8,2026-05-22T12:00:00
FC-002979,SEC-005,2026-05-23,2,3,0.93,2026-05-22T12:00:00
FC-002980,SEC-005,2026-05-23,3,0,0.72,2026-05-22T12:00:00
FC-002981,SEC-005,2026-05-23,4,0,0.83,2026-05-22T12:00:00
FC-002982,SEC-005,2026-05-23,5,1,0.71,2026-05-22T12:00:00
FC-002983,SEC-005,2026-05-23,6,1,0.95,2026-05-22T12:00:00
FC-002984,SEC-005,2026-05-23,7,0,0.8,2026-05-22T12:00:00
FC-002985,SEC-005,2026-05-23,8,1,0.91,2026-05-22T12:00:00
FC-002986,SEC-005,2026-05-23,9,0,0.79,2026-05-22T12:00:00
FC-002987,SEC-005,2026-05-23,10,0,0.78,2026-05-22T12:00:00
FC-002988,SEC-005,2026-05-23,11,1,0.89,2026-05-22T12:00:00
FC-002989,SEC-005,2026-05-23,12,2,0.92,2026-05-22T12:00:00
FC-002990,SEC-005,2026-05-23,13,0,0.73,2026-05-22T12:00:00
FC-002991,SEC-005,2026-05-23,14,0,0.87,2026-05-22T12:00:00
FC-002992,SEC-005,2026-05-23,15,0,0.85,2026-05-22T12:00:00
FC-002993,SEC-005,2026-05-23,16,0,0.78,2026-05-22T12:00:00
FC-002994,SEC-005,2026-05-23,17,0,0.72,2026-05-22T12:00:00
FC-002995,SEC-005,2026-05-23,18,0,0.91,2026-05-22T12:00:00
FC-002996,SEC-005,2026-05-23,19,1,0.78,2026-05-22T12:00:00
FC-002997,SEC-005,2026-05-23,20,0,0.9,2026-05-22T12:00:00
FC-002998,SEC-005,2026-05-23,21,2,0.82,2026-05-22T12:00:00
FC-002999,SEC-005,2026-05-23,22,3,0.84,2026-05-22T12:00:00
FC-003000,SEC-005,2026-05-23,23,1,0.78,2026-05-22T12:00:00
FC-003001,SEC-006,2026-05-23,0,4,0.81,2026-05-22T12:00:00
FC-003002,SEC-006,2026-05-23,1,0,0.73,2026-05-22T12:00:00
FC-003003,SEC-006,2026-05-23,2,3,0.77,2026-05-22T12:00:00
FC-003004,SEC-006,2026-05-23,3,1,0.73,2026-05-22T12:00:00
FC-003005,SEC-006,2026-05-23,4,4,0.94,2026-05-22T12:00:00
FC-003006,SEC-006,2026-05-23,5,0,0.73,2026-05-22T12:00:00
FC-003007,SEC-006,2026-05-23,6,0,0.74,2026-05-22T12:00:00
FC-003008,SEC-006,2026-05-23,7,0,0.83,2026-05-22T12:00:00
FC-003009,SEC-006,2026-05-23,8,0,0.91,2026-05-22T12:00:00
FC-003010,SEC-006,2026-05-23,9,0,0.72,2026-05-22T12:00:00
FC-003011,SEC-006,2026-05-23,10,1,0.77,2026-05-22T12:00:00
FC-003012,SEC-006,2026-05-23,11,1,0.91,2026-05-22T12:00:00
FC-003013,SEC-006,2026-05-23,12,0,0.84,2026-05-22T12:00:00
FC-003014,SEC-006,2026-05-23,13,0,0.87,2026-05-22T12:00:00
FC-003015,SEC-006,2026-05-23,14,0,0.86,2026-05-22T12:00:00
FC-003016,SEC-006,2026-05-23,15,1,0.76,2026-05-22T12:00:00
FC-003017,SEC-006,2026-05-23,16,0,0.86,2026-05-22T12:00:00
FC-003018,SEC-006,2026-05-23,17,1,0.78,2026-05-22T12:00:00
FC-003019,SEC-006,2026-05-23,18,0,0.91,2026-05-22T12:00:00
FC-003020,SEC-006,2026-05-23,19,0,0.77,2026-05-22T12:00:00
FC-003021,SEC-006,2026-05-23,20,0,0.79,2026-05-22T12:00:00
FC-003022,SEC-006,2026-05-23,21,0,0.9,2026-05-22T12:00:00
FC-003023,SEC-006,2026-05-23,22,2,0.78,2026-05-22T12:00:00
FC-003024,SEC-006,2026-05-23,23,2,0.77,2026-05-22T12:00:00
FC-003025,SEC-001,2026-05-24,0,1,0.83,2026-05-23T12:00:00
FC-003026,SEC-001,2026-05-24,1,2,0.78,2026-05-23T12:00:00
FC-003027,SEC-001,2026-05-24,2,1,0.83,2026-05-23T12:00:00
FC-003028,SEC-001,2026-05-24,3,3,0.91,2026-05-23T12:00:00
FC-003029,SEC-001,2026-05-24,4,2,0.94,2026-05-23T12:00:00
FC-003030,SEC-001,2026-05-24,5,1,0.86,2026-05-23T12:00:00
FC-003031,SEC-001,2026-05-24,6,0,0.87,2026-05-23T12:00:00
FC-003032,SEC-001,2026-05-24,7,0,0.71,2026-05-23T12:00:00
FC-003033,SEC-001,2026-05-24,8,0,0.84,2026-05-23T12:00:00
FC-003034,SEC-001,2026-05-24,9,0,0.78,2026-05-23T12:00:00
FC-003035,SEC-001,2026-05-24,10,1,0.84,2026-05-23T12:00:00
FC-003036,SEC-001,2026-05-24,11,2,0.84,2026-05-23T12:00:00
FC-003037,SEC-001,2026-05-24,12,0,0.83,2026-05-23T12:00:00
FC-003038,SEC-001,2026-05-24,13,0,0.83,2026-05-23T12:00:00
FC-003039,SEC-001,2026-05-24,14,1,0.85,2026-05-23T12:00:00
FC-003040,SEC-001,2026-05-24,15,0,0.84,2026-05-23T12:00:00
FC-003041,SEC-001,2026-05-24,16,2,0.86,2026-05-23T12:00:00
FC-003042,SEC-001,2026-05-24,17,0,0.91,2026-05-23T12:00:00
FC-003043,SEC-001,2026-05-24,18,0,0.92,2026-05-23T12:00:00
FC-003044,SEC-001,2026-05-24,19,0,0.78,2026-05-23T12:00:00
FC-003045,SEC-001,2026-05-24,20,0,0.77,2026-05-23T12:00:00
FC-003046,SEC-001,2026-05-24,21,0,0.7,2026-05-23T12:00:00
FC-003047,SEC-001,2026-05-24,22,1,0.71,2026-05-23T12:00:00
FC-003048,SEC-001,2026-05-24,23,0,0.9,2026-05-23T12:00:00
FC-003049,SEC-002,2026-05-24,0,2,0.84,2026-05-23T12:00:00
FC-003050,SEC-002,2026-05-24,1,3,0.93,2026-05-23T12:00:00
FC-003051,SEC-002,2026-05-24,2,4,0.84,2026-05-23T12:00:00
FC-003052,SEC-002,2026-05-24,3,1,0.79,2026-05-23T12:00:00
FC-003053,SEC-002,2026-05-24,4,2,0.78,2026-05-23T12:00:00
FC-003054,SEC-002,2026-05-24,5,0,0.79,2026-05-23T12:00:00
FC-003055,SEC-002,2026-05-24,6,0,0.86,2026-05-23T12:00:00
FC-003056,SEC-002,2026-05-24,7,0,0.73,2026-05-23T12:00:00
FC-003057,SEC-002,2026-05-24,8,1,0.84,2026-05-23T12:00:00
FC-003058,SEC-002,2026-05-24,9,0,0.84,2026-05-23T12:00:00
FC-003059,SEC-002,2026-05-24,10,0,0.7,2026-05-23T12:00:00
FC-003060,SEC-002,2026-05-24,11,0,0.93,2026-05-23T12:00:00
FC-003061,SEC-002,2026-05-24,12,0,0.9,2026-05-23T12:00:00
FC-003062,SEC-002,2026-05-24,13,0,0.82,2026-05-23T12:00:00
FC-003063,SEC-002,2026-05-24,14,2,0.82,2026-05-23T12:00:00
FC-003064,SEC-002,2026-05-24,15,0,0.71,2026-05-23T12:00:00
FC-003065,SEC-002,2026-05-24,16,0,0.94,2026-05-23T12:00:00
FC-003066,SEC-002,2026-05-24,17,0,0.83,2026-05-23T12:00:00
FC-003067,SEC-002,2026-05-24,18,0,0.72,2026-05-23T12:00:00
FC-003068,SEC-002,2026-05-24,19,0,0.76,2026-05-23T12:00:00
FC-003069,SEC-002,2026-05-24,20,2,0.74,2026-05-23T12:00:00
FC-003070,SEC-002,2026-05-24,21,1,0.84,2026-05-23T12:00:00
FC-003071,SEC-002,2026-05-24,22,3,0.75,2026-05-23T12:00:00
FC-003072,SEC-002,2026-05-24,23,2,0.94,2026-05-23T12:00:00
FC-003073,SEC-003,2026-05-24,0,2,0.9,2026-05-23T12:00:00
FC-003074,SEC-003,2026-05-24,1,0,0.82,2026-05-23T12:00:00
FC-003075,SEC-003,2026-05-24,2,1,0.72,2026-05-23T12:00:00
FC-003076,SEC-003,2026-05-24,3,3,0.74,2026-05-23T12:00:00
FC-003077,SEC-003,2026-05-24,4,0,0.82,2026-05-23T12:00:00
FC-003078,SEC-003,2026-05-24,5,2,0.73,2026-05-23T12:00:00
FC-003079,SEC-003,2026-05-24,6,0,0.76,2026-05-23T12:00:00
FC-003080,SEC-003,2026-05-24,7,0,0.78,2026-05-23T12:00:00
FC-003081,SEC-003,2026-05-24,8,0,0.88,2026-05-23T12:00:00
FC-003082,SEC-003,2026-05-24,9,0,0.74,2026-05-23T12:00:00
FC-003083,SEC-003,2026-05-24,10,0,0.91,2026-05-23T12:00:00
FC-003084,SEC-003,2026-05-24,11,0,0.81,2026-05-23T12:00:00
FC-003085,SEC-003,2026-05-24,12,0,0.86,2026-05-23T12:00:00
FC-003086,SEC-003,2026-05-24,13,2,0.9,2026-05-23T12:00:00
FC-003087,SEC-003,2026-05-24,14,0,0.74,2026-05-23T12:00:00
FC-003088,SEC-003,2026-05-24,15,0,0.76,2026-05-23T12:00:00
FC-003089,SEC-003,2026-05-24,16,1,0.76,2026-05-23T12:00:00
FC-003090,SEC-003,2026-05-24,17,0,0.88,2026-05-23T12:00:00
FC-003091,SEC-003,2026-05-24,18,0,0.83,2026-05-23T12:00:00
FC-003092,SEC-003,2026-05-24,19,1,0.84,2026-05-23T12:00:00
FC-003093,SEC-003,2026-05-24,20,1,0.9,2026-05-23T12:00:00
FC-003094,SEC-003,2026-05-24,21,0,0.89,2026-05-23T12:00:00
FC-003095,SEC-003,2026-05-24,22,2,0.9,2026-05-23T12:00:00
FC-003096,SEC-003,2026-05-24,23,1,0.87,2026-05-23T12:00:00
FC-003097,SEC-004,2026-05-24,0,3,0.78,2026-05-23T12:00:00
FC-003098,SEC-004,2026-05-24,1,1,0.72,2026-05-23T12:00:00
FC-003099,SEC-004,2026-05-24,2,1,0.74,2026-05-23T12:00:00
FC-003100,SEC-004,2026-05-24,3,3,0.77,2026-05-23T12:00:00
FC-003101,SEC-004,2026-05-24,4,3,0.73,2026-05-23T12:00:00
FC-003102,SEC-004,2026-05-24,5,0,0.73,2026-05-23T12:00:00
FC-003103,SEC-004,2026-05-24,6,2,0.91,2026-05-23T12:00:00
FC-003104,SEC-004,2026-05-24,7,0,0.72,2026-05-23T12:00:00
FC-003105,SEC-004,2026-05-24,8,0,0.91,2026-05-23T12:00:00
FC-003106,SEC-004,2026-05-24,9,0,0.91,2026-05-23T12:00:00
FC-003107,SEC-004,2026-05-24,10,0,0.78,2026-05-23T12:00:00
FC-003108,SEC-004,2026-05-24,11,1,0.86,2026-05-23T12:00:00
FC-003109,SEC-004,2026-05-24,12,1,0.78,2026-05-23T12:00:00
FC-003110,SEC-004,2026-05-24,13,1,0.93,2026-05-23T12:00:00
FC-003111,SEC-004,2026-05-24,14,0,0.89,2026-05-23T12:00:00
FC-003112,SEC-004,2026-05-24,15,0,0.7,2026-05-23T12:00:00
FC-003113,SEC-004,2026-05-24,16,0,0.87,2026-05-23T12:00:00
FC-003114,SEC-004,2026-05-24,17,2,0.89,2026-05-23T12:00:00
FC-003115,SEC-004,2026-05-24,18,0,0.87,2026-05-23T12:00:00
FC-003116,SEC-004,2026-05-24,19,0,0.7,2026-05-23T12:00:00
FC-003117,SEC-004,2026-05-24,20,1,0.87,2026-05-23T12:00:00
FC-003118,SEC-004,2026-05-24,21,0,0.8,2026-05-23T12:00:00
FC-003119,SEC-004,2026-05-24,22,2,0.83,2026-05-23T12:00:00
FC-003120,SEC-004,2026-05-24,23,2,0.92,2026-05-23T12:00:00
FC-003121,SEC-005,2026-05-24,0,1,0.82,2026-05-23T12:00:00
FC-003122,SEC-005,2026-05-24,1,5,0.76,2026-05-23T12:00:00
FC-003123,SEC-005,2026-05-24,2,1,0.82,2026-05-23T12:00:00
FC-003124,SEC-005,2026-05-24,3,0,0.87,2026-05-23T12:00:00
FC-003125,SEC-005,2026-05-24,4,2,0.91,2026-05-23T12:00:00
FC-003126,SEC-005,2026-05-24,5,0,0.82,2026-05-23T12:00:00
FC-003127,SEC-005,2026-05-24,6,2,0.7,2026-05-23T12:00:00
FC-003128,SEC-005,2026-05-24,7,0,0.85,2026-05-23T12:00:00
FC-003129,SEC-005,2026-05-24,8,0,0.86,2026-05-23T12:00:00
FC-003130,SEC-005,2026-05-24,9,0,0.94,2026-05-23T12:00:00
FC-003131,SEC-005,2026-05-24,10,2,0.88,2026-05-23T12:00:00
FC-003132,SEC-005,2026-05-24,11,0,0.86,2026-05-23T12:00:00
FC-003133,SEC-005,2026-05-24,12,1,0.9,2026-05-23T12:00:00
FC-003134,SEC-005,2026-05-24,13,2,0.7,2026-05-23T12:00:00
FC-003135,SEC-005,2026-05-24,14,0,0.75,2026-05-23T12:00:00
FC-003136,SEC-005,2026-05-24,15,0,0.82,2026-05-23T12:00:00
FC-003137,SEC-005,2026-05-24,16,0,0.71,2026-05-23T12:00:00
FC-003138,SEC-005,2026-05-24,17,0,0.71,2026-05-23T12:00:00
FC-003139,SEC-005,2026-05-24,18,0,0.86,2026-05-23T12:00:00
FC-003140,SEC-005,2026-05-24,19,0,0.94,2026-05-23T12:00:00
FC-003141,SEC-005,2026-05-24,20,1,0.9,2026-05-23T12:00:00
FC-003142,SEC-005,2026-05-24,21,1,0.7,2026-05-23T12:00:00
FC-003143,SEC-005,2026-05-24,22,2,0.78,2026-05-23T12:00:00
FC-003144,SEC-005,2026-05-24,23,1,0.71,2026-05-23T12:00:00
FC-003145,SEC-006,2026-05-24,0,2,0.74,2026-05-23T12:00:00
FC-003146,SEC-006,2026-05-24,1,4,0.81,2026-05-23T12:00:00
FC-003147,SEC-006,2026-05-24,2,0,0.79,2026-05-23T12:00:00
FC-003148,SEC-006,2026-05-24,3,1,0.81,2026-05-23T12:00:00
FC-003149,SEC-006,2026-05-24,4,3,0.88,2026-05-23T12:00:00
FC-003150,SEC-006,2026-05-24,5,0,0.86,2026-05-23T12:00:00
FC-003151,SEC-006,2026-05-24,6,0,0.92,2026-05-23T12:00:00
FC-003152,SEC-006,2026-05-24,7,0,0.93,2026-05-23T12:00:00
FC-003153,SEC-006,2026-05-24,8,0,0.89,2026-05-23T12:00:00
FC-003154,SEC-006,2026-05-24,9,0,0.75,2026-05-23T12:00:00
FC-003155,SEC-006,2026-05-24,10,1,0.72,2026-05-23T12:00:00
FC-003156,SEC-006,2026-05-24,11,0,0.78,2026-05-23T12:00:00
FC-003157,SEC-006,2026-05-24,12,1,0.91,2026-05-23T12:00:00
FC-003158,SEC-006,2026-05-24,13,1,0.72,2026-05-23T12:00:00
FC-003159,SEC-006,2026-05-24,14,0,0.85,2026-05-23T12:00:00
FC-003160,SEC-006,2026-05-24,15,0,0.76,2026-05-23T12:00:00
FC-003161,SEC-006,2026-05-24,16,0,0.72,2026-05-23T12:00:00
FC-003162,SEC-006,2026-05-24,17,0,0.74,2026-05-23T12:00:00
FC-003163,SEC-006,2026-05-24,18,0,0.94,2026-05-23T12:00:00
FC-003164,SEC-006,2026-05-24,19,0,0.83,2026-05-23T12:00:00
FC-003165,SEC-006,2026-05-24,20,1,0.81,2026-05-23T12:00:00
FC-003166,SEC-006,2026-05-24,21,0,0.81,2026-05-23T12:00:00
FC-003167,SEC-006,2026-05-24,22,1,0.79,2026-05-23T12:00:00
FC-003168,SEC-006,2026-05-24,23,3,0.77,2026-05-23T12:00:00
FC-003169,SEC-001,2026-05-25,0,1,0.92,2026-05-24T12:00:00
FC-003170,SEC-001,2026-05-25,1,0,0.94,2026-05-24T12:00:00
FC-003171,SEC-001,2026-05-25,2,1,0.9,2026-05-24T12:00:00
FC-003172,SEC-001,2026-05-25,3,2,0.89,2026-05-24T12:00:00
FC-003173,SEC-001,2026-05-25,4,7,0.75,2026-05-24T12:00:00
FC-003174,SEC-001,2026-05-25,5,0,0.76,2026-05-24T12:00:00
FC-003175,SEC-001,2026-05-25,6,0,0.89,2026-05-24T12:00:00
FC-003176,SEC-001,2026-05-25,7,0,0.74,2026-05-24T12:00:00
FC-003177,SEC-001,2026-05-25,8,0,0.84,2026-05-24T12:00:00
FC-003178,SEC-001,2026-05-25,9,0,0.83,2026-05-24T12:00:00
FC-003179,SEC-001,2026-05-25,10,0,0.72,2026-05-24T12:00:00
FC-003180,SEC-001,2026-05-25,11,0,0.83,2026-05-24T12:00:00
FC-003181,SEC-001,2026-05-25,12,0,0.79,2026-05-24T12:00:00
FC-003182,SEC-001,2026-05-25,13,0,0.72,2026-05-24T12:00:00
FC-003183,SEC-001,2026-05-25,14,1,0.85,2026-05-24T12:00:00
FC-003184,SEC-001,2026-05-25,15,0,0.84,2026-05-24T12:00:00
FC-003185,SEC-001,2026-05-25,16,0,0.85,2026-05-24T12:00:00
FC-003186,SEC-001,2026-05-25,17,1,0.87,2026-05-24T12:00:00
FC-003187,SEC-001,2026-05-25,18,0,0.82,2026-05-24T12:00:00
FC-003188,SEC-001,2026-05-25,19,1,0.95,2026-05-24T12:00:00
FC-003189,SEC-001,2026-05-25,20,0,0.71,2026-05-24T12:00:00
FC-003190,SEC-001,2026-05-25,21,0,0.89,2026-05-24T12:00:00
FC-003191,SEC-001,2026-05-25,22,2,0.8,2026-05-24T12:00:00
FC-003192,SEC-001,2026-05-25,23,2,0.93,2026-05-24T12:00:00
FC-003193,SEC-002,2026-05-25,0,3,0.82,2026-05-24T12:00:00
FC-003194,SEC-002,2026-05-25,1,3,0.94,2026-05-24T12:00:00
FC-003195,SEC-002,2026-05-25,2,1,0.9,2026-05-24T12:00:00
FC-003196,SEC-002,2026-05-25,3,3,0.88,2026-05-24T12:00:00
FC-003197,SEC-002,2026-05-25,4,4,0.82,2026-05-24T12:00:00
FC-003198,SEC-002,2026-05-25,5,0,0.91,2026-05-24T12:00:00
FC-003199,SEC-002,2026-05-25,6,0,0.92,2026-05-24T12:00:00
FC-003200,SEC-002,2026-05-25,7,0,0.73,2026-05-24T12:00:00
FC-003201,SEC-002,2026-05-25,8,0,0.9,2026-05-24T12:00:00
FC-003202,SEC-002,2026-05-25,9,0,0.82,2026-05-24T12:00:00
FC-003203,SEC-002,2026-05-25,10,0,0.9,2026-05-24T12:00:00
FC-003204,SEC-002,2026-05-25,11,1,0.72,2026-05-24T12:00:00
FC-003205,SEC-002,2026-05-25,12,0,0.94,2026-05-24T12:00:00
FC-003206,SEC-002,2026-05-25,13,0,0.9,2026-05-24T12:00:00
FC-003207,SEC-002,2026-05-25,14,0,0.77,2026-05-24T12:00:00
FC-003208,SEC-002,2026-05-25,15,0,0.78,2026-05-24T12:00:00
FC-003209,SEC-002,2026-05-25,16,0,0.71,2026-05-24T12:00:00
FC-003210,SEC-002,2026-05-25,17,0,0.9,2026-05-24T12:00:00
FC-003211,SEC-002,2026-05-25,18,0,0.88,2026-05-24T12:00:00
FC-003212,SEC-002,2026-05-25,19,0,0.76,2026-05-24T12:00:00
FC-003213,SEC-002,2026-05-25,20,0,0.89,2026-05-24T12:00:00
FC-003214,SEC-002,2026-05-25,21,0,0.86,2026-05-24T12:00:00
FC-003215,SEC-002,2026-05-25,22,1,0.86,2026-05-24T12:00:00
FC-003216,SEC-002,2026-05-25,23,4,0.91,2026-05-24T12:00:00
FC-003217,SEC-003,2026-05-25,0,0,0.81,2026-05-24T12:00:00
FC-003218,SEC-003,2026-05-25,1,3,0.86,2026-05-24T12:00:00
FC-003219,SEC-003,2026-05-25,2,3,0.78,2026-05-24T12:00:00
FC-003220,SEC-003,2026-05-25,3,2,0.88,2026-05-24T12:00:00
FC-003221,SEC-003,2026-05-25,4,1,0.81,2026-05-24T12:00:00
FC-003222,SEC-003,2026-05-25,5,0,0.91,2026-05-24T12:00:00
FC-003223,SEC-003,2026-05-25,6,0,0.75,2026-05-24T12:00:00
FC-003224,SEC-003,2026-05-25,7,0,0.74,2026-05-24T12:00:00
FC-003225,SEC-003,2026-05-25,8,1,0.82,2026-05-24T12:00:00
FC-003226,SEC-003,2026-05-25,9,0,0.76,2026-05-24T12:00:00
FC-003227,SEC-003,2026-05-25,10,0,0.92,2026-05-24T12:00:00
FC-003228,SEC-003,2026-05-25,11,0,0.88,2026-05-24T12:00:00
FC-003229,SEC-003,2026-05-25,12,2,0.74,2026-05-24T12:00:00
FC-003230,SEC-003,2026-05-25,13,1,0.74,2026-05-24T12:00:00
FC-003231,SEC-003,2026-05-25,14,0,0.72,2026-05-24T12:00:00
FC-003232,SEC-003,2026-05-25,15,0,0.76,2026-05-24T12:00:00
FC-003233,SEC-003,2026-05-25,16,0,0.78,2026-05-24T12:00:00
FC-003234,SEC-003,2026-05-25,17,0,0.7,2026-05-24T12:00:00
FC-003235,SEC-003,2026-05-25,18,0,0.8,2026-05-24T12:00:00
FC-003236,SEC-003,2026-05-25,19,0,0.83,2026-05-24T12:00:00
FC-003237,SEC-003,2026-05-25,20,0,0.87,2026-05-24T12:00:00
FC-003238,SEC-003,2026-05-25,21,0,0.86,2026-05-24T12:00:00
FC-003239,SEC-003,2026-05-25,22,4,0.8,2026-05-24T12:00:00
FC-003240,SEC-003,2026-05-25,23,4,0.79,2026-05-24T12:00:00
FC-003241,SEC-004,2026-05-25,0,3,0.85,2026-05-24T12:00:00
FC-003242,SEC-004,2026-05-25,1,1,0.93,2026-05-24T12:00:00
FC-003243,SEC-004,2026-05-25,2,1,0.93,2026-05-24T12:00:00
FC-003244,SEC-004,2026-05-25,3,2,0.76,2026-05-24T12:00:00
FC-003245,SEC-004,2026-05-25,4,2,0.79,2026-05-24T12:00:00
FC-003246,SEC-004,2026-05-25,5,0,0.93,2026-05-24T12:00:00
FC-003247,SEC-004,2026-05-25,6,0,0.88,2026-05-24T12:00:00
FC-003248,SEC-004,2026-05-25,7,1,0.8,2026-05-24T12:00:00
FC-003249,SEC-004,2026-05-25,8,0,0.79,2026-05-24T12:00:00
FC-003250,SEC-004,2026-05-25,9,3,0.83,2026-05-24T12:00:00
FC-003251,SEC-004,2026-05-25,10,1,0.8,2026-05-24T12:00:00
FC-003252,SEC-004,2026-05-25,11,0,0.93,2026-05-24T12:00:00
FC-003253,SEC-004,2026-05-25,12,1,0.92,2026-05-24T12:00:00
FC-003254,SEC-004,2026-05-25,13,1,0.88,2026-05-24T12:00:00
FC-003255,SEC-004,2026-05-25,14,0,0.72,2026-05-24T12:00:00
FC-003256,SEC-004,2026-05-25,15,0,0.77,2026-05-24T12:00:00
FC-003257,SEC-004,2026-05-25,16,1,0.76,2026-05-24T12:00:00
FC-003258,SEC-004,2026-05-25,17,1,0.89,2026-05-24T12:00:00
FC-003259,SEC-004,2026-05-25,18,1,0.87,2026-05-24T12:00:00
FC-003260,SEC-004,2026-05-25,19,0,0.72,2026-05-24T12:00:00
FC-003261,SEC-004,2026-05-25,20,0,0.89,2026-05-24T12:00:00
FC-003262,SEC-004,2026-05-25,21,0,0.84,2026-05-24T12:00:00
FC-003263,SEC-004,2026-05-25,22,5,0.71,2026-05-24T12:00:00
FC-003264,SEC-004,2026-05-25,23,1,0.78,2026-05-24T12:00:00
FC-003265,SEC-005,2026-05-25,0,2,0.8,2026-05-24T12:00:00
FC-003266,SEC-005,2026-05-25,1,1,0.72,2026-05-24T12:00:00
FC-003267,SEC-005,2026-05-25,2,1,0.81,2026-05-24T12:00:00
FC-003268,SEC-005,2026-05-25,3,3,0.82,2026-05-24T12:00:00
FC-003269,SEC-005,2026-05-25,4,1,0.71,2026-05-24T12:00:00
FC-003270,SEC-005,2026-05-25,5,0,0.88,2026-05-24T12:00:00
FC-003271,SEC-005,2026-05-25,6,0,0.71,2026-05-24T12:00:00
FC-003272,SEC-005,2026-05-25,7,1,0.74,2026-05-24T12:00:00
FC-003273,SEC-005,2026-05-25,8,0,0.73,2026-05-24T12:00:00
FC-003274,SEC-005,2026-05-25,9,0,0.74,2026-05-24T12:00:00
FC-003275,SEC-005,2026-05-25,10,0,0.87,2026-05-24T12:00:00
FC-003276,SEC-005,2026-05-25,11,0,0.78,2026-05-24T12:00:00
FC-003277,SEC-005,2026-05-25,12,0,0.74,2026-05-24T12:00:00
FC-003278,SEC-005,2026-05-25,13,0,0.72,2026-05-24T12:00:00
FC-003279,SEC-005,2026-05-25,14,1,0.8,2026-05-24T12:00:00
FC-003280,SEC-005,2026-05-25,15,0,0.76,2026-05-24T12:00:00
FC-003281,SEC-005,2026-05-25,16,0,0.77,2026-05-24T12:00:00
FC-003282,SEC-005,2026-05-25,17,0,0.71,2026-05-24T12:00:00
FC-003283,SEC-005,2026-05-25,18,1,0.88,2026-05-24T12:00:00
FC-003284,SEC-005,2026-05-25,19,0,0.81,2026-05-24T12:00:00
FC-003285,SEC-005,2026-05-25,20,0,0.78,2026-05-24T12:00:00
FC-003286,SEC-005,2026-05-25,21,1,0.92,2026-05-24T12:00:00
FC-003287,SEC-005,2026-05-25,22,2,0.92,2026-05-24T12:00:00
FC-003288,SEC-005,2026-05-25,23,2,0.94,2026-05-24T12:00:00
FC-003289,SEC-006,2026-05-25,0,1,0.7,2026-05-24T12:00:00
FC-003290,SEC-006,2026-05-25,1,3,0.93,2026-05-24T12:00:00
FC-003291,SEC-006,2026-05-25,2,2,0.89,2026-05-24T12:00:00
FC-003292,SEC-006,2026-05-25,3,0,0.75,2026-05-24T12:00:00
FC-003293,SEC-006,2026-05-25,4,1,0.91,2026-05-24T12:00:00
FC-003294,SEC-006,2026-05-25,5,0,0.85,2026-05-24T12:00:00
FC-003295,SEC-006,2026-05-25,6,0,0.82,2026-05-24T12:00:00
FC-003296,SEC-006,2026-05-25,7,0,0.83,2026-05-24T12:00:00
FC-003297,SEC-006,2026-05-25,8,0,0.82,2026-05-24T12:00:00
FC-003298,SEC-006,2026-05-25,9,0,0.82,2026-05-24T12:00:00
FC-003299,SEC-006,2026-05-25,10,0,0.79,2026-05-24T12:00:00
FC-003300,SEC-006,2026-05-25,11,1,0.88,2026-05-24T12:00:00
FC-003301,SEC-006,2026-05-25,12,0,0.9,2026-05-24T12:00:00
FC-003302,SEC-006,2026-05-25,13,0,0.82,2026-05-24T12:00:00
FC-003303,SEC-006,2026-05-25,14,0,0.88,2026-05-24T12:00:00
FC-003304,SEC-006,2026-05-25,15,0,0.93,2026-05-24T12:00:00
FC-003305,SEC-006,2026-05-25,16,0,0.75,2026-05-24T12:00:00
FC-003306,SEC-006,2026-05-25,17,0,0.89,2026-05-24T12:00:00
FC-003307,SEC-006,2026-05-25,18,0,0.74,2026-05-24T12:00:00
FC-003308,SEC-006,2026-05-25,19,0,0.76,2026-05-24T12:00:00
FC-003309,SEC-006,2026-05-25,20,0,0.82,2026-05-24T12:00:00
FC-003310,SEC-006,2026-05-25,21,0,0.78,2026-05-24T12:00:00
FC-003311,SEC-006,2026-05-25,22,0,0.87,2026-05-24T12:00:00
FC-003312,SEC-006,2026-05-25,23,2,0.74,2026-05-24T12:00:00
FC-003313,SEC-001,2026-05-26,0,2,0.83,2026-05-25T12:00:00
FC-003314,SEC-001,2026-05-26,1,0,0.82,2026-05-25T12:00:00
FC-003315,SEC-001,2026-05-26,2,2,0.8,2026-05-25T12:00:00
FC-003316,SEC-001,2026-05-26,3,4,0.93,2026-05-25T12:00:00
FC-003317,SEC-001,2026-05-26,4,1,0.9,2026-05-25T12:00:00
FC-003318,SEC-001,2026-05-26,5,0,0.73,2026-05-25T12:00:00
FC-003319,SEC-001,2026-05-26,6,1,0.88,2026-05-25T12:00:00
FC-003320,SEC-001,2026-05-26,7,1,0.74,2026-05-25T12:00:00
FC-003321,SEC-001,2026-05-26,8,0,0.94,2026-05-25T12:00:00
FC-003322,SEC-001,2026-05-26,9,2,0.74,2026-05-25T12:00:00
FC-003323,SEC-001,2026-05-26,10,0,0.91,2026-05-25T12:00:00
FC-003324,SEC-001,2026-05-26,11,0,0.85,2026-05-25T12:00:00
FC-003325,SEC-001,2026-05-26,12,0,0.92,2026-05-25T12:00:00
FC-003326,SEC-001,2026-05-26,13,0,0.84,2026-05-25T12:00:00
FC-003327,SEC-001,2026-05-26,14,1,0.81,2026-05-25T12:00:00
FC-003328,SEC-001,2026-05-26,15,0,0.84,2026-05-25T12:00:00
FC-003329,SEC-001,2026-05-26,16,0,0.91,2026-05-25T12:00:00
FC-003330,SEC-001,2026-05-26,17,0,0.86,2026-05-25T12:00:00
FC-003331,SEC-001,2026-05-26,18,0,0.91,2026-05-25T12:00:00
FC-003332,SEC-001,2026-05-26,19,0,0.83,2026-05-25T12:00:00
FC-003333,SEC-001,2026-05-26,20,0,0.85,2026-05-25T12:00:00
FC-003334,SEC-001,2026-05-26,21,0,0.87,2026-05-25T12:00:00
FC-003335,SEC-001,2026-05-26,22,5,0.71,2026-05-25T12:00:00
FC-003336,SEC-001,2026-05-26,23,1,0.88,2026-05-25T12:00:00
FC-003337,SEC-002,2026-05-26,0,4,0.73,2026-05-25T12:00:00
FC-003338,SEC-002,2026-05-26,1,2,0.91,2026-05-25T12:00:00
FC-003339,SEC-002,2026-05-26,2,2,0.79,2026-05-25T12:00:00
FC-003340,SEC-002,2026-05-26,3,3,0.94,2026-05-25T12:00:00
FC-003341,SEC-002,2026-05-26,4,3,0.88,2026-05-25T12:00:00
FC-003342,SEC-002,2026-05-26,5,0,0.77,2026-05-25T12:00:00
FC-003343,SEC-002,2026-05-26,6,0,0.71,2026-05-25T12:00:00
FC-003344,SEC-002,2026-05-26,7,1,0.81,2026-05-25T12:00:00
FC-003345,SEC-002,2026-05-26,8,1,0.91,2026-05-25T12:00:00
FC-003346,SEC-002,2026-05-26,9,1,0.75,2026-05-25T12:00:00
FC-003347,SEC-002,2026-05-26,10,1,0.78,2026-05-25T12:00:00
FC-003348,SEC-002,2026-05-26,11,0,0.83,2026-05-25T12:00:00
FC-003349,SEC-002,2026-05-26,12,2,0.8,2026-05-25T12:00:00
FC-003350,SEC-002,2026-05-26,13,0,0.94,2026-05-25T12:00:00
FC-003351,SEC-002,2026-05-26,14,0,0.83,2026-05-25T12:00:00
FC-003352,SEC-002,2026-05-26,15,0,0.71,2026-05-25T12:00:00
FC-003353,SEC-002,2026-05-26,16,0,0.91,2026-05-25T12:00:00
FC-003354,SEC-002,2026-05-26,17,0,0.77,2026-05-25T12:00:00
FC-003355,SEC-002,2026-05-26,18,1,0.72,2026-05-25T12:00:00
FC-003356,SEC-002,2026-05-26,19,0,0.93,2026-05-25T12:00:00
FC-003357,SEC-002,2026-05-26,20,0,0.79,2026-05-25T12:00:00
FC-003358,SEC-002,2026-05-26,21,0,0.8,2026-05-25T12:00:00
FC-003359,SEC-002,2026-05-26,22,2,0.75,2026-05-25T12:00:00
FC-003360,SEC-002,2026-05-26,23,2,0.91,2026-05-25T12:00:00
FC-003361,SEC-003,2026-05-26,0,1,0.87,2026-05-25T12:00:00
FC-003362,SEC-003,2026-05-26,1,2,0.9,2026-05-25T12:00:00
FC-003363,SEC-003,2026-05-26,2,1,0.88,2026-05-25T12:00:00
FC-003364,SEC-003,2026-05-26,3,2,0.92,2026-05-25T12:00:00
FC-003365,SEC-003,2026-05-26,4,1,0.72,2026-05-25T12:00:00
FC-003366,SEC-003,2026-05-26,5,1,0.75,2026-05-25T12:00:00
FC-003367,SEC-003,2026-05-26,6,0,0.78,2026-05-25T12:00:00
FC-003368,SEC-003,2026-05-26,7,0,0.73,2026-05-25T12:00:00
FC-003369,SEC-003,2026-05-26,8,0,0.9,2026-05-25T12:00:00
FC-003370,SEC-003,2026-05-26,9,0,0.83,2026-05-25T12:00:00
FC-003371,SEC-003,2026-05-26,10,0,0.88,2026-05-25T12:00:00
FC-003372,SEC-003,2026-05-26,11,1,0.83,2026-05-25T12:00:00
FC-003373,SEC-003,2026-05-26,12,0,0.92,2026-05-25T12:00:00
FC-003374,SEC-003,2026-05-26,13,0,0.77,2026-05-25T12:00:00
FC-003375,SEC-003,2026-05-26,14,0,0.89,2026-05-25T12:00:00
FC-003376,SEC-003,2026-05-26,15,0,0.7,2026-05-25T12:00:00
FC-003377,SEC-003,2026-05-26,16,0,0.81,2026-05-25T12:00:00
FC-003378,SEC-003,2026-05-26,17,1,0.85,2026-05-25T12:00:00
FC-003379,SEC-003,2026-05-26,18,0,0.95,2026-05-25T12:00:00
FC-003380,SEC-003,2026-05-26,19,2,0.93,2026-05-25T12:00:00
FC-003381,SEC-003,2026-05-26,20,0,0.92,2026-05-25T12:00:00
FC-003382,SEC-003,2026-05-26,21,0,0.74,2026-05-25T12:00:00
FC-003383,SEC-003,2026-05-26,22,2,0.76,2026-05-25T12:00:00
FC-003384,SEC-003,2026-05-26,23,1,0.8,2026-05-25T12:00:00
FC-003385,SEC-004,2026-05-26,0,2,0.82,2026-05-25T12:00:00
FC-003386,SEC-004,2026-05-26,1,0,0.71,2026-05-25T12:00:00
FC-003387,SEC-004,2026-05-26,2,2,0.79,2026-05-25T12:00:00
FC-003388,SEC-004,2026-05-26,3,0,0.76,2026-05-25T12:00:00
FC-003389,SEC-004,2026-05-26,4,1,0.84,2026-05-25T12:00:00
FC-003390,SEC-004,2026-05-26,5,0,0.75,2026-05-25T12:00:00
FC-003391,SEC-004,2026-05-26,6,0,0.82,2026-05-25T12:00:00
FC-003392,SEC-004,2026-05-26,7,0,0.85,2026-05-25T12:00:00
FC-003393,SEC-004,2026-05-26,8,0,0.94,2026-05-25T12:00:00
FC-003394,SEC-004,2026-05-26,9,0,0.87,2026-05-25T12:00:00
FC-003395,SEC-004,2026-05-26,10,0,0.93,2026-05-25T12:00:00
FC-003396,SEC-004,2026-05-26,11,0,0.78,2026-05-25T12:00:00
FC-003397,SEC-004,2026-05-26,12,0,0.92,2026-05-25T12:00:00
FC-003398,SEC-004,2026-05-26,13,0,0.79,2026-05-25T12:00:00
FC-003399,SEC-004,2026-05-26,14,1,0.93,2026-05-25T12:00:00
FC-003400,SEC-004,2026-05-26,15,0,0.74,2026-05-25T12:00:00
FC-003401,SEC-004,2026-05-26,16,0,0.95,2026-05-25T12:00:00
FC-003402,SEC-004,2026-05-26,17,1,0.78,2026-05-25T12:00:00
FC-003403,SEC-004,2026-05-26,18,1,0.84,2026-05-25T12:00:00
FC-003404,SEC-004,2026-05-26,19,0,0.84,2026-05-25T12:00:00
FC-003405,SEC-004,2026-05-26,20,1,0.8,2026-05-25T12:00:00
FC-003406,SEC-004,2026-05-26,21,0,0.88,2026-05-25T12:00:00
FC-003407,SEC-004,2026-05-26,22,0,0.79,2026-05-25T12:00:00
FC-003408,SEC-004,2026-05-26,23,4,0.85,2026-05-25T12:00:00
FC-003409,SEC-005,2026-05-26,0,5,0.79,2026-05-25T12:00:00
FC-003410,SEC-005,2026-05-26,1,3,0.77,2026-05-25T12:00:00
FC-003411,SEC-005,2026-05-26,2,0,0.91,2026-05-25T12:00:00
FC-003412,SEC-005,2026-05-26,3,1,0.78,2026-05-25T12:00:00
FC-003413,SEC-005,2026-05-26,4,0,0.71,2026-05-25T12:00:00
FC-003414,SEC-005,2026-05-26,5,0,0.77,2026-05-25T12:00:00
FC-003415,SEC-005,2026-05-26,6,2,0.78,2026-05-25T12:00:00
FC-003416,SEC-005,2026-05-26,7,0,0.72,2026-05-25T12:00:00
FC-003417,SEC-005,2026-05-26,8,2,0.9,2026-05-25T12:00:00
FC-003418,SEC-005,2026-05-26,9,0,0.71,2026-05-25T12:00:00
FC-003419,SEC-005,2026-05-26,10,0,0.8,2026-05-25T12:00:00
FC-003420,SEC-005,2026-05-26,11,0,0.8,2026-05-25T12:00:00
FC-003421,SEC-005,2026-05-26,12,1,0.8,2026-05-25T12:00:00
FC-003422,SEC-005,2026-05-26,13,0,0.79,2026-05-25T12:00:00
FC-003423,SEC-005,2026-05-26,14,0,0.83,2026-05-25T12:00:00
FC-003424,SEC-005,2026-05-26,15,0,0.84,2026-05-25T12:00:00
FC-003425,SEC-005,2026-05-26,16,0,0.84,2026-05-25T12:00:00
FC-003426,SEC-005,2026-05-26,17,0,0.86,2026-05-25T12:00:00
FC-003427,SEC-005,2026-05-26,18,0,0.75,2026-05-25T12:00:00
FC-003428,SEC-005,2026-05-26,19,0,0.86,2026-05-25T12:00:00
FC-003429,SEC-005,2026-05-26,20,1,0.86,2026-05-25T12:00:00
FC-003430,SEC-005,2026-05-26,21,0,0.72,2026-05-25T12:00:00
FC-003431,SEC-005,2026-05-26,22,0,0.95,2026-05-25T12:00:00
FC-003432,SEC-005,2026-05-26,23,1,0.86,2026-05-25T12:00:00
FC-003433,SEC-006,2026-05-26,0,2,0.76,2026-05-25T12:00:00
FC-003434,SEC-006,2026-05-26,1,3,0.74,2026-05-25T12:00:00
FC-003435,SEC-006,2026-05-26,2,3,0.79,2026-05-25T12:00:00
FC-003436,SEC-006,2026-05-26,3,4,0.82,2026-05-25T12:00:00
FC-003437,SEC-006,2026-05-26,4,0,0.74,2026-05-25T12:00:00
FC-003438,SEC-006,2026-05-26,5,0,0.73,2026-05-25T12:00:00
FC-003439,SEC-006,2026-05-26,6,0,0.84,2026-05-25T12:00:00
FC-003440,SEC-006,2026-05-26,7,1,0.8,2026-05-25T12:00:00
FC-003441,SEC-006,2026-05-26,8,0,0.94,2026-05-25T12:00:00
FC-003442,SEC-006,2026-05-26,9,0,0.9,2026-05-25T12:00:00
FC-003443,SEC-006,2026-05-26,10,0,0.74,2026-05-25T12:00:00
FC-003444,SEC-006,2026-05-26,11,0,0.83,2026-05-25T12:00:00
FC-003445,SEC-006,2026-05-26,12,0,0.87,2026-05-25T12:00:00
FC-003446,SEC-006,2026-05-26,13,1,0.88,2026-05-25T12:00:00
FC-003447,SEC-006,2026-05-26,14,1,0.83,2026-05-25T12:00:00
FC-003448,SEC-006,2026-05-26,15,0,0.91,2026-05-25T12:00:00
FC-003449,SEC-006,2026-05-26,16,1,0.76,2026-05-25T12:00:00
FC-003450,SEC-006,2026-05-26,17,1,0.83,2026-05-25T12:00:00
FC-003451,SEC-006,2026-05-26,18,0,0.8,2026-05-25T12:00:00
FC-003452,SEC-006,2026-05-26,19,1,0.79,2026-05-25T12:00:00
FC-003453,SEC-006,2026-05-26,20,1,0.81,2026-05-25T12:00:00
FC-003454,SEC-006,2026-05-26,21,1,0.86,2026-05-25T12:00:00
FC-003455,SEC-006,2026-05-26,22,1,0.87,2026-05-25T12:00:00
FC-003456,SEC-006,2026-05-26,23,0,0.72,2026-05-25T12:00:00
FC-003457,SEC-001,2026-05-27,0,1,0.88,2026-05-26T12:00:00
FC-003458,SEC-001,2026-05-27,1,3,0.84,2026-05-26T12:00:00
FC-003459,SEC-001,2026-05-27,2,4,0.94,2026-05-26T12:00:00
FC-003460,SEC-001,2026-05-27,3,1,0.93,2026-05-26T12:00:00
FC-003461,SEC-001,2026-05-27,4,3,0.93,2026-05-26T12:00:00
FC-003462,SEC-001,2026-05-27,5,0,0.95,2026-05-26T12:00:00
FC-003463,SEC-001,2026-05-27,6,0,0.87,2026-05-26T12:00:00
FC-003464,SEC-001,2026-05-27,7,0,0.84,2026-05-26T12:00:00
FC-003465,SEC-001,2026-05-27,8,1,0.75,2026-05-26T12:00:00
FC-003466,SEC-001,2026-05-27,9,1,0.8,2026-05-26T12:00:00
FC-003467,SEC-001,2026-05-27,10,1,0.72,2026-05-26T12:00:00
FC-003468,SEC-001,2026-05-27,11,0,0.9,2026-05-26T12:00:00
FC-003469,SEC-001,2026-05-27,12,1,0.78,2026-05-26T12:00:00
FC-003470,SEC-001,2026-05-27,13,0,0.84,2026-05-26T12:00:00
FC-003471,SEC-001,2026-05-27,14,2,0.76,2026-05-26T12:00:00
FC-003472,SEC-001,2026-05-27,15,1,0.79,2026-05-26T12:00:00
FC-003473,SEC-001,2026-05-27,16,0,0.89,2026-05-26T12:00:00
FC-003474,SEC-001,2026-05-27,17,0,0.91,2026-05-26T12:00:00
FC-003475,SEC-001,2026-05-27,18,0,0.78,2026-05-26T12:00:00
FC-003476,SEC-001,2026-05-27,19,0,0.85,2026-05-26T12:00:00
FC-003477,SEC-001,2026-05-27,20,1,0.77,2026-05-26T12:00:00
FC-003478,SEC-001,2026-05-27,21,0,0.88,2026-05-26T12:00:00
FC-003479,SEC-001,2026-05-27,22,1,0.76,2026-05-26T12:00:00
FC-003480,SEC-001,2026-05-27,23,0,0.76,2026-05-26T12:00:00
FC-003481,SEC-002,2026-05-27,0,1,0.86,2026-05-26T12:00:00
FC-003482,SEC-002,2026-05-27,1,1,0.81,2026-05-26T12:00:00
FC-003483,SEC-002,2026-05-27,2,1,0.94,2026-05-26T12:00:00
FC-003484,SEC-002,2026-05-27,3,2,0.84,2026-05-26T12:00:00
FC-003485,SEC-002,2026-05-27,4,2,0.89,2026-05-26T12:00:00
FC-003486,SEC-002,2026-05-27,5,1,0.9,2026-05-26T12:00:00
FC-003487,SEC-002,2026-05-27,6,0,0.9,2026-05-26T12:00:00
FC-003488,SEC-002,2026-05-27,7,1,0.81,2026-05-26T12:00:00
FC-003489,SEC-002,2026-05-27,8,1,0.94,2026-05-26T12:00:00
FC-003490,SEC-002,2026-05-27,9,0,0.72,2026-05-26T12:00:00
FC-003491,SEC-002,2026-05-27,10,1,0.89,2026-05-26T12:00:00
FC-003492,SEC-002,2026-05-27,11,1,0.93,2026-05-26T12:00:00
FC-003493,SEC-002,2026-05-27,12,0,0.8,2026-05-26T12:00:00
FC-003494,SEC-002,2026-05-27,13,0,0.86,2026-05-26T12:00:00
FC-003495,SEC-002,2026-05-27,14,0,0.92,2026-05-26T12:00:00
FC-003496,SEC-002,2026-05-27,15,0,0.93,2026-05-26T12:00:00
FC-003497,SEC-002,2026-05-27,16,0,0.85,2026-05-26T12:00:00
FC-003498,SEC-002,2026-05-27,17,0,0.8,2026-05-26T12:00:00
FC-003499,SEC-002,2026-05-27,18,0,0.87,2026-05-26T12:00:00
FC-003500,SEC-002,2026-05-27,19,0,0.79,2026-05-26T12:00:00
FC-003501,SEC-002,2026-05-27,20,0,0.83,2026-05-26T12:00:00
FC-003502,SEC-002,2026-05-27,21,0,0.91,2026-05-26T12:00:00
FC-003503,SEC-002,2026-05-27,22,3,0.8,2026-05-26T12:00:00
FC-003504,SEC-002,2026-05-27,23,0,0.89,2026-05-26T12:00:00
FC-003505,SEC-003,2026-05-27,0,2,0.88,2026-05-26T12:00:00
FC-003506,SEC-003,2026-05-27,1,5,0.72,2026-05-26T12:00:00
FC-003507,SEC-003,2026-05-27,2,2,0.93,2026-05-26T12:00:00
FC-003508,SEC-003,2026-05-27,3,0,0.74,2026-05-26T12:00:00
FC-003509,SEC-003,2026-05-27,4,2,0.94,2026-05-26T12:00:00
FC-003510,SEC-003,2026-05-27,5,0,0.8,2026-05-26T12:00:00
FC-003511,SEC-003,2026-05-27,6,2,0.72,2026-05-26T12:00:00
FC-003512,SEC-003,2026-05-27,7,0,0.91,2026-05-26T12:00:00
FC-003513,SEC-003,2026-05-27,8,0,0.89,2026-05-26T12:00:00
FC-003514,SEC-003,2026-05-27,9,0,0.82,2026-05-26T12:00:00
FC-003515,SEC-003,2026-05-27,10,0,0.7,2026-05-26T12:00:00
FC-003516,SEC-003,2026-05-27,11,0,0.77,2026-05-26T12:00:00
FC-003517,SEC-003,2026-05-27,12,0,0.84,2026-05-26T12:00:00
FC-003518,SEC-003,2026-05-27,13,0,0.71,2026-05-26T12:00:00
FC-003519,SEC-003,2026-05-27,14,0,0.81,2026-05-26T12:00:00
FC-003520,SEC-003,2026-05-27,15,0,0.82,2026-05-26T12:00:00
FC-003521,SEC-003,2026-05-27,16,1,0.88,2026-05-26T12:00:00
FC-003522,SEC-003,2026-05-27,17,0,0.73,2026-05-26T12:00:00
FC-003523,SEC-003,2026-05-27,18,0,0.94,2026-05-26T12:00:00
FC-003524,SEC-003,2026-05-27,19,0,0.82,2026-05-26T12:00:00
FC-003525,SEC-003,2026-05-27,20,1,0.7,2026-05-26T12:00:00
FC-003526,SEC-003,2026-05-27,21,0,0.91,2026-05-26T12:00:00
FC-003527,SEC-003,2026-05-27,22,1,0.92,2026-05-26T12:00:00
FC-003528,SEC-003,2026-05-27,23,4,0.81,2026-05-26T12:00:00
FC-003529,SEC-004,2026-05-27,0,0,0.9,2026-05-26T12:00:00
FC-003530,SEC-004,2026-05-27,1,1,0.85,2026-05-26T12:00:00
FC-003531,SEC-004,2026-05-27,2,0,0.8,2026-05-26T12:00:00
FC-003532,SEC-004,2026-05-27,3,4,0.79,2026-05-26T12:00:00
FC-003533,SEC-004,2026-05-27,4,4,0.9,2026-05-26T12:00:00
FC-003534,SEC-004,2026-05-27,5,0,0.74,2026-05-26T12:00:00
FC-003535,SEC-004,2026-05-27,6,2,0.82,2026-05-26T12:00:00
FC-003536,SEC-004,2026-05-27,7,0,0.92,2026-05-26T12:00:00
FC-003537,SEC-004,2026-05-27,8,1,0.86,2026-05-26T12:00:00
FC-003538,SEC-004,2026-05-27,9,2,0.78,2026-05-26T12:00:00
FC-003539,SEC-004,2026-05-27,10,1,0.85,2026-05-26T12:00:00
FC-003540,SEC-004,2026-05-27,11,0,0.87,2026-05-26T12:00:00
FC-003541,SEC-004,2026-05-27,12,0,0.83,2026-05-26T12:00:00
FC-003542,SEC-004,2026-05-27,13,1,0.75,2026-05-26T12:00:00
FC-003543,SEC-004,2026-05-27,14,0,0.84,2026-05-26T12:00:00
FC-003544,SEC-004,2026-05-27,15,0,0.84,2026-05-26T12:00:00
FC-003545,SEC-004,2026-05-27,16,0,0.91,2026-05-26T12:00:00
FC-003546,SEC-004,2026-05-27,17,0,0.91,2026-05-26T12:00:00
FC-003547,SEC-004,2026-05-27,18,0,0.87,2026-05-26T12:00:00
FC-003548,SEC-004,2026-05-27,19,0,0.71,2026-05-26T12:00:00
FC-003549,SEC-004,2026-05-27,20,0,0.8,2026-05-26T12:00:00
FC-003550,SEC-004,2026-05-27,21,0,0.83,2026-05-26T12:00:00
FC-003551,SEC-004,2026-05-27,22,3,0.73,2026-05-26T12:00:00
FC-003552,SEC-004,2026-05-27,23,0,0.78,2026-05-26T12:00:00
FC-003553,SEC-005,2026-05-27,0,0,0.82,2026-05-26T12:00:00
FC-003554,SEC-005,2026-05-27,1,2,0.84,2026-05-26T12:00:00
FC-003555,SEC-005,2026-05-27,2,0,0.95,2026-05-26T12:00:00
FC-003556,SEC-005,2026-05-27,3,2,0.94,2026-05-26T12:00:00
FC-003557,SEC-005,2026-05-27,4,2,0.9,2026-05-26T12:00:00
FC-003558,SEC-005,2026-05-27,5,0,0.88,2026-05-26T12:00:00
FC-003559,SEC-005,2026-05-27,6,0,0.9,2026-05-26T12:00:00
FC-003560,SEC-005,2026-05-27,7,0,0.75,2026-05-26T12:00:00
FC-003561,SEC-005,2026-05-27,8,1,0.92,2026-05-26T12:00:00
FC-003562,SEC-005,2026-05-27,9,0,0.79,2026-05-26T12:00:00
FC-003563,SEC-005,2026-05-27,10,0,0.81,2026-05-26T12:00:00
FC-003564,SEC-005,2026-05-27,11,0,0.81,2026-05-26T12:00:00
FC-003565,SEC-005,2026-05-27,12,1,0.93,2026-05-26T12:00:00
FC-003566,SEC-005,2026-05-27,13,0,0.95,2026-05-26T12:00:00
FC-003567,SEC-005,2026-05-27,14,0,0.86,2026-05-26T12:00:00
FC-003568,SEC-005,2026-05-27,15,0,0.83,2026-05-26T12:00:00
FC-003569,SEC-005,2026-05-27,16,1,0.79,2026-05-26T12:00:00
FC-003570,SEC-005,2026-05-27,17,0,0.81,2026-05-26T12:00:00
FC-003571,SEC-005,2026-05-27,18,0,0.75,2026-05-26T12:00:00
FC-003572,SEC-005,2026-05-27,19,0,0.71,2026-05-26T12:00:00
FC-003573,SEC-005,2026-05-27,20,0,0.95,2026-05-26T12:00:00
FC-003574,SEC-005,2026-05-27,21,0,0.86,2026-05-26T12:00:00
FC-003575,SEC-005,2026-05-27,22,1,0.91,2026-05-26T12:00:00
FC-003576,SEC-005,2026-05-27,23,1,0.9,2026-05-26T12:00:00
FC-003577,SEC-006,2026-05-27,0,2,0.92,2026-05-26T12:00:00
FC-003578,SEC-006,2026-05-27,1,2,0.8,2026-05-26T12:00:00
FC-003579,SEC-006,2026-05-27,2,0,0.85,2026-05-26T12:00:00
FC-003580,SEC-006,2026-05-27,3,1,0.72,2026-05-26T12:00:00
FC-003581,SEC-006,2026-05-27,4,3,0.88,2026-05-26T12:00:00
FC-003582,SEC-006,2026-05-27,5,0,0.89,2026-05-26T12:00:00
FC-003583,SEC-006,2026-05-27,6,0,0.77,2026-05-26T12:00:00
FC-003584,SEC-006,2026-05-27,7,1,0.85,2026-05-26T12:00:00
FC-003585,SEC-006,2026-05-27,8,2,0.75,2026-05-26T12:00:00
FC-003586,SEC-006,2026-05-27,9,0,0.89,2026-05-26T12:00:00
FC-003587,SEC-006,2026-05-27,10,0,0.84,2026-05-26T12:00:00
FC-003588,SEC-006,2026-05-27,11,0,0.8,2026-05-26T12:00:00
FC-003589,SEC-006,2026-05-27,12,1,0.82,2026-05-26T12:00:00
FC-003590,SEC-006,2026-05-27,13,1,0.87,2026-05-26T12:00:00
FC-003591,SEC-006,2026-05-27,14,0,0.79,2026-05-26T12:00:00
FC-003592,SEC-006,2026-05-27,15,1,0.93,2026-05-26T12:00:00
FC-003593,SEC-006,2026-05-27,16,0,0.77,2026-05-26T12:00:00
FC-003594,SEC-006,2026-05-27,17,1,0.91,2026-05-26T12:00:00
FC-003595,SEC-006,2026-05-27,18,0,0.73,2026-05-26T12:00:00
FC-003596,SEC-006,2026-05-27,19,0,0.9,2026-05-26T12:00:00
FC-003597,SEC-006,2026-05-27,20,0,0.72,2026-05-26T12:00:00
FC-003598,SEC-006,2026-05-27,21,0,0.93,2026-05-26T12:00:00
FC-003599,SEC-006,2026-05-27,22,1,0.79,2026-05-26T12:00:00
FC-003600,SEC-006,2026-05-27,23,1,0.76,2026-05-26T12:00:00
FC-003601,SEC-001,2026-05-28,0,2,0.71,2026-05-27T12:00:00
FC-003602,SEC-001,2026-05-28,1,0,0.81,2026-05-27T12:00:00
FC-003603,SEC-001,2026-05-28,2,0,0.95,2026-05-27T12:00:00
FC-003604,SEC-001,2026-05-28,3,2,0.84,2026-05-27T12:00:00
FC-003605,SEC-001,2026-05-28,4,1,0.86,2026-05-27T12:00:00
FC-003606,SEC-001,2026-05-28,5,0,0.81,2026-05-27T12:00:00
FC-003607,SEC-001,2026-05-28,6,0,0.86,2026-05-27T12:00:00
FC-003608,SEC-001,2026-05-28,7,1,0.79,2026-05-27T12:00:00
FC-003609,SEC-001,2026-05-28,8,0,0.72,2026-05-27T12:00:00
FC-003610,SEC-001,2026-05-28,9,0,0.82,2026-05-27T12:00:00
FC-003611,SEC-001,2026-05-28,10,0,0.8,2026-05-27T12:00:00
FC-003612,SEC-001,2026-05-28,11,0,0.75,2026-05-27T12:00:00
FC-003613,SEC-001,2026-05-28,12,0,0.9,2026-05-27T12:00:00
FC-003614,SEC-001,2026-05-28,13,0,0.91,2026-05-27T12:00:00
FC-003615,SEC-001,2026-05-28,14,0,0.71,2026-05-27T12:00:00
FC-003616,SEC-001,2026-05-28,15,0,0.71,2026-05-27T12:00:00
FC-003617,SEC-001,2026-05-28,16,0,0.73,2026-05-27T12:00:00
FC-003618,SEC-001,2026-05-28,17,0,0.85,2026-05-27T12:00:00
FC-003619,SEC-001,2026-05-28,18,0,0.92,2026-05-27T12:00:00
FC-003620,SEC-001,2026-05-28,19,1,0.9,2026-05-27T12:00:00
FC-003621,SEC-001,2026-05-28,20,0,0.92,2026-05-27T12:00:00
FC-003622,SEC-001,2026-05-28,21,0,0.81,2026-05-27T12:00:00
FC-003623,SEC-001,2026-05-28,22,3,0.8,2026-05-27T12:00:00
FC-003624,SEC-001,2026-05-28,23,1,0.94,2026-05-27T12:00:00
FC-003625,SEC-002,2026-05-28,0,3,0.93,2026-05-27T12:00:00
FC-003626,SEC-002,2026-05-28,1,2,0.74,2026-05-27T12:00:00
FC-003627,SEC-002,2026-05-28,2,2,0.89,2026-05-27T12:00:00
FC-003628,SEC-002,2026-05-28,3,2,0.9,2026-05-27T12:00:00
FC-003629,SEC-002,2026-05-28,4,1,0.83,2026-05-27T12:00:00
FC-003630,SEC-002,2026-05-28,5,1,0.91,2026-05-27T12:00:00
FC-003631,SEC-002,2026-05-28,6,1,0.95,2026-05-27T12:00:00
FC-003632,SEC-002,2026-05-28,7,1,0.75,2026-05-27T12:00:00
FC-003633,SEC-002,2026-05-28,8,0,0.9,2026-05-27T12:00:00
FC-003634,SEC-002,2026-05-28,9,1,0.74,2026-05-27T12:00:00
FC-003635,SEC-002,2026-05-28,10,1,0.93,2026-05-27T12:00:00
FC-003636,SEC-002,2026-05-28,11,1,0.94,2026-05-27T12:00:00
FC-003637,SEC-002,2026-05-28,12,0,0.75,2026-05-27T12:00:00
FC-003638,SEC-002,2026-05-28,13,0,0.84,2026-05-27T12:00:00
FC-003639,SEC-002,2026-05-28,14,1,0.9,2026-05-27T12:00:00
FC-003640,SEC-002,2026-05-28,15,1,0.74,2026-05-27T12:00:00
FC-003641,SEC-002,2026-05-28,16,3,0.75,2026-05-27T12:00:00
FC-003642,SEC-002,2026-05-28,17,1,0.85,2026-05-27T12:00:00
FC-003643,SEC-002,2026-05-28,18,0,0.94,2026-05-27T12:00:00
FC-003644,SEC-002,2026-05-28,19,0,0.89,2026-05-27T12:00:00
FC-003645,SEC-002,2026-05-28,20,0,0.92,2026-05-27T12:00:00
FC-003646,SEC-002,2026-05-28,21,0,0.71,2026-05-27T12:00:00
FC-003647,SEC-002,2026-05-28,22,1,0.82,2026-05-27T12:00:00
FC-003648,SEC-002,2026-05-28,23,1,0.87,2026-05-27T12:00:00
FC-003649,SEC-003,2026-05-28,0,1,0.81,2026-05-27T12:00:00
FC-003650,SEC-003,2026-05-28,1,0,0.81,2026-05-27T12:00:00
FC-003651,SEC-003,2026-05-28,2,1,0.73,2026-05-27T12:00:00
FC-003652,SEC-003,2026-05-28,3,1,0.79,2026-05-27T12:00:00
FC-003653,SEC-003,2026-05-28,4,2,0.81,2026-05-27T12:00:00
FC-003654,SEC-003,2026-05-28,5,0,0.72,2026-05-27T12:00:00
FC-003655,SEC-003,2026-05-28,6,0,0.78,2026-05-27T12:00:00
FC-003656,SEC-003,2026-05-28,7,2,0.88,2026-05-27T12:00:00
FC-003657,SEC-003,2026-05-28,8,1,0.9,2026-05-27T12:00:00
FC-003658,SEC-003,2026-05-28,9,0,0.7,2026-05-27T12:00:00
FC-003659,SEC-003,2026-05-28,10,0,0.74,2026-05-27T12:00:00
FC-003660,SEC-003,2026-05-28,11,1,0.91,2026-05-27T12:00:00
FC-003661,SEC-003,2026-05-28,12,0,0.84,2026-05-27T12:00:00
FC-003662,SEC-003,2026-05-28,13,0,0.94,2026-05-27T12:00:00
FC-003663,SEC-003,2026-05-28,14,1,0.89,2026-05-27T12:00:00
FC-003664,SEC-003,2026-05-28,15,1,0.89,2026-05-27T12:00:00
FC-003665,SEC-003,2026-05-28,16,0,0.76,2026-05-27T12:00:00
FC-003666,SEC-003,2026-05-28,17,0,0.79,2026-05-27T12:00:00
FC-003667,SEC-003,2026-05-28,18,0,0.72,2026-05-27T12:00:00
FC-003668,SEC-003,2026-05-28,19,0,0.9,2026-05-27T12:00:00
FC-003669,SEC-003,2026-05-28,20,1,0.77,2026-05-27T12:00:00
FC-003670,SEC-003,2026-05-28,21,0,0.71,2026-05-27T12:00:00
FC-003671,SEC-003,2026-05-28,22,0,0.87,2026-05-27T12:00:00
FC-003672,SEC-003,2026-05-28,23,3,0.79,2026-05-27T12:00:00
FC-003673,SEC-004,2026-05-28,0,1,0.7,2026-05-27T12:00:00
FC-003674,SEC-004,2026-05-28,1,5,0.86,2026-05-27T12:00:00
FC-003675,SEC-004,2026-05-28,2,2,0.87,2026-05-27T12:00:00
FC-003676,SEC-004,2026-05-28,3,2,0.79,2026-05-27T12:00:00
FC-003677,SEC-004,2026-05-28,4,1,0.74,2026-05-27T12:00:00
FC-003678,SEC-004,2026-05-28,5,0,0.78,2026-05-27T12:00:00
FC-003679,SEC-004,2026-05-28,6,0,0.75,2026-05-27T12:00:00
FC-003680,SEC-004,2026-05-28,7,0,0.71,2026-05-27T12:00:00
FC-003681,SEC-004,2026-05-28,8,0,0.78,2026-05-27T12:00:00
FC-003682,SEC-004,2026-05-28,9,1,0.82,2026-05-27T12:00:00
FC-003683,SEC-004,2026-05-28,10,1,0.86,2026-05-27T12:00:00
FC-003684,SEC-004,2026-05-28,11,0,0.92,2026-05-27T12:00:00
FC-003685,SEC-004,2026-05-28,12,1,0.83,2026-05-27T12:00:00
FC-003686,SEC-004,2026-05-28,13,4,0.9,2026-05-27T12:00:00
FC-003687,SEC-004,2026-05-28,14,0,0.85,2026-05-27T12:00:00
FC-003688,SEC-004,2026-05-28,15,0,0.74,2026-05-27T12:00:00
FC-003689,SEC-004,2026-05-28,16,1,0.92,2026-05-27T12:00:00
FC-003690,SEC-004,2026-05-28,17,1,0.92,2026-05-27T12:00:00
FC-003691,SEC-004,2026-05-28,18,1,0.94,2026-05-27T12:00:00
FC-003692,SEC-004,2026-05-28,19,0,0.7,2026-05-27T12:00:00
FC-003693,SEC-004,2026-05-28,20,1,0.8,2026-05-27T12:00:00
FC-003694,SEC-004,2026-05-28,21,0,0.9,2026-05-27T12:00:00
FC-003695,SEC-004,2026-05-28,22,3,0.88,2026-05-27T12:00:00
FC-003696,SEC-004,2026-05-28,23,3,0.86,2026-05-27T12:00:00
FC-003697,SEC-005,2026-05-28,0,1,0.82,2026-05-27T12:00:00
FC-003698,SEC-005,2026-05-28,1,1,0.81,2026-05-27T12:00:00
FC-003699,SEC-005,2026-05-28,2,3,0.86,2026-05-27T12:00:00
FC-003700,SEC-005,2026-05-28,3,2,0.77,2026-05-27T12:00:00
FC-003701,SEC-005,2026-05-28,4,3,0.73,2026-05-27T12:00:00
FC-003702,SEC-005,2026-05-28,5,0,0.71,2026-05-27T12:00:00
FC-003703,SEC-005,2026-05-28,6,0,0.83,2026-05-27T12:00:00
FC-003704,SEC-005,2026-05-28,7,0,0.94,2026-05-27T12:00:00
FC-003705,SEC-005,2026-05-28,8,1,0.75,2026-05-27T12:00:00
FC-003706,SEC-005,2026-05-28,9,0,0.77,2026-05-27T12:00:00
FC-003707,SEC-005,2026-05-28,10,0,0.74,2026-05-27T12:00:00
FC-003708,SEC-005,2026-05-28,11,0,0.88,2026-05-27T12:00:00
FC-003709,SEC-005,2026-05-28,12,2,0.95,2026-05-27T12:00:00
FC-003710,SEC-005,2026-05-28,13,1,0.93,2026-05-27T12:00:00
FC-003711,SEC-005,2026-05-28,14,0,0.82,2026-05-27T12:00:00
FC-003712,SEC-005,2026-05-28,15,1,0.93,2026-05-27T12:00:00
FC-003713,SEC-005,2026-05-28,16,0,0.72,2026-05-27T12:00:00
FC-003714,SEC-005,2026-05-28,17,0,0.82,2026-05-27T12:00:00
FC-003715,SEC-005,2026-05-28,18,0,0.77,2026-05-27T12:00:00
FC-003716,SEC-005,2026-05-28,19,0,0.88,2026-05-27T12:00:00
FC-003717,SEC-005,2026-05-28,20,1,0.8,2026-05-27T12:00:00
FC-003718,SEC-005,2026-05-28,21,1,0.95,2026-05-27T12:00:00
FC-003719,SEC-005,2026-05-28,22,1,0.86,2026-05-27T12:00:00
FC-003720,SEC-005,2026-05-28,23,2,0.71,2026-05-27T12:00:00
FC-003721,SEC-006,2026-05-28,0,2,0.87,2026-05-27T12:00:00
FC-003722,SEC-006,2026-05-28,1,4,0.88,2026-05-27T12:00:00
FC-003723,SEC-006,2026-05-28,2,1,0.87,2026-05-27T12:00:00
FC-003724,SEC-006,2026-05-28,3,0,0.73,2026-05-27T12:00:00
FC-003725,SEC-006,2026-05-28,4,2,0.82,2026-05-27T12:00:00
FC-003726,SEC-006,2026-05-28,5,0,0.8,2026-05-27T12:00:00
FC-003727,SEC-006,2026-05-28,6,0,0.73,2026-05-27T12:00:00
FC-003728,SEC-006,2026-05-28,7,0,0.94,2026-05-27T12:00:00
FC-003729,SEC-006,2026-05-28,8,0,0.82,2026-05-27T12:00:00
FC-003730,SEC-006,2026-05-28,9,2,0.74,2026-05-27T12:00:00
FC-003731,SEC-006,2026-05-28,10,2,0.71,2026-05-27T12:00:00
FC-003732,SEC-006,2026-05-28,11,0,0.8,2026-05-27T12:00:00
FC-003733,SEC-006,2026-05-28,12,1,0.79,2026-05-27T12:00:00
FC-003734,SEC-006,2026-05-28,13,0,0.76,2026-05-27T12:00:00
FC-003735,SEC-006,2026-05-28,14,0,0.92,2026-05-27T12:00:00
FC-003736,SEC-006,2026-05-28,15,0,0.9,2026-05-27T12:00:00
FC-003737,SEC-006,2026-05-28,16,0,0.85,2026-05-27T12:00:00
FC-003738,SEC-006,2026-05-28,17,1,0.83,2026-05-27T12:00:00
FC-003739,SEC-006,2026-05-28,18,0,0.89,2026-05-27T12:00:00
FC-003740,SEC-006,2026-05-28,19,0,0.87,2026-05-27T12:00:00
FC-003741,SEC-006,2026-05-28,20,2,0.88,2026-05-27T12:00:00
FC-003742,SEC-006,2026-05-28,21,1,0.8,2026-05-27T12:00:00
FC-003743,SEC-006,2026-05-28,22,5,0.8,2026-05-27T12:00:00
FC-003744,SEC-006,2026-05-28,23,1,0.84,2026-05-27T12:00:00
FC-003745,SEC-001,2026-05-29,0,4,0.87,2026-05-28T12:00:00
FC-003746,SEC-001,2026-05-29,1,2,0.91,2026-05-28T12:00:00
FC-003747,SEC-001,2026-05-29,2,3,0.81,2026-05-28T12:00:00
FC-003748,SEC-001,2026-05-29,3,1,0.8,2026-05-28T12:00:00
FC-003749,SEC-001,2026-05-29,4,5,0.74,2026-05-28T12:00:00
FC-003750,SEC-001,2026-05-29,5,1,0.89,2026-05-28T12:00:00
FC-003751,SEC-001,2026-05-29,6,0,0.74,2026-05-28T12:00:00
FC-003752,SEC-001,2026-05-29,7,1,0.95,2026-05-28T12:00:00
FC-003753,SEC-001,2026-05-29,8,0,0.91,2026-05-28T12:00:00
FC-003754,SEC-001,2026-05-29,9,0,0.84,2026-05-28T12:00:00
FC-003755,SEC-001,2026-05-29,10,1,0.92,2026-05-28T12:00:00
FC-003756,SEC-001,2026-05-29,11,1,0.87,2026-05-28T12:00:00
FC-003757,SEC-001,2026-05-29,12,0,0.73,2026-05-28T12:00:00
FC-003758,SEC-001,2026-05-29,13,0,0.76,2026-05-28T12:00:00
FC-003759,SEC-001,2026-05-29,14,0,0.71,2026-05-28T12:00:00
FC-003760,SEC-001,2026-05-29,15,1,0.87,2026-05-28T12:00:00
FC-003761,SEC-001,2026-05-29,16,0,0.71,2026-05-28T12:00:00
FC-003762,SEC-001,2026-05-29,17,1,0.84,2026-05-28T12:00:00
FC-003763,SEC-001,2026-05-29,18,0,0.8,2026-05-28T12:00:00
FC-003764,SEC-001,2026-05-29,19,0,0.76,2026-05-28T12:00:00
FC-003765,SEC-001,2026-05-29,20,0,0.84,2026-05-28T12:00:00
FC-003766,SEC-001,2026-05-29,21,0,0.82,2026-05-28T12:00:00
FC-003767,SEC-001,2026-05-29,22,0,0.75,2026-05-28T12:00:00
FC-003768,SEC-001,2026-05-29,23,1,0.77,2026-05-28T12:00:00
FC-003769,SEC-002,2026-05-29,0,3,0.84,2026-05-28T12:00:00
FC-003770,SEC-002,2026-05-29,1,4,0.87,2026-05-28T12:00:00
FC-003771,SEC-002,2026-05-29,2,1,0.8,2026-05-28T12:00:00
FC-003772,SEC-002,2026-05-29,3,2,0.89,2026-05-28T12:00:00
FC-003773,SEC-002,2026-05-29,4,2,0.95,2026-05-28T12:00:00
FC-003774,SEC-002,2026-05-29,5,0,0.84,2026-05-28T12:00:00
FC-003775,SEC-002,2026-05-29,6,0,0.77,2026-05-28T12:00:00
FC-003776,SEC-002,2026-05-29,7,0,0.81,2026-05-28T12:00:00
FC-003777,SEC-002,2026-05-29,8,1,0.7,2026-05-28T12:00:00
FC-003778,SEC-002,2026-05-29,9,0,0.89,2026-05-28T12:00:00
FC-003779,SEC-002,2026-05-29,10,0,0.84,2026-05-28T12:00:00
FC-003780,SEC-002,2026-05-29,11,0,0.91,2026-05-28T12:00:00
FC-003781,SEC-002,2026-05-29,12,1,0.93,2026-05-28T12:00:00
FC-003782,SEC-002,2026-05-29,13,0,0.78,2026-05-28T12:00:00
FC-003783,SEC-002,2026-05-29,14,0,0.77,2026-05-28T12:00:00
FC-003784,SEC-002,2026-05-29,15,0,0.73,2026-05-28T12:00:00
FC-003785,SEC-002,2026-05-29,16,1,0.94,2026-05-28T12:00:00
FC-003786,SEC-002,2026-05-29,17,0,0.91,2026-05-28T12:00:00
FC-003787,SEC-002,2026-05-29,18,1,0.79,2026-05-28T12:00:00
FC-003788,SEC-002,2026-05-29,19,0,0.91,2026-05-28T12:00:00
FC-003789,SEC-002,2026-05-29,20,1,0.72,2026-05-28T12:00:00
FC-003790,SEC-002,2026-05-29,21,0,0.94,2026-05-28T12:00:00
FC-003791,SEC-002,2026-05-29,22,1,0.8,2026-05-28T12:00:00
FC-003792,SEC-002,2026-05-29,23,2,0.72,2026-05-28T12:00:00
FC-003793,SEC-003,2026-05-29,0,1,0.74,2026-05-28T12:00:00
FC-003794,SEC-003,2026-05-29,1,2,0.94,2026-05-28T12:00:00
FC-003795,SEC-003,2026-05-29,2,2,0.85,2026-05-28T12:00:00
FC-003796,SEC-003,2026-05-29,3,5,0.75,2026-05-28T12:00:00
FC-003797,SEC-003,2026-05-29,4,0,0.79,2026-05-28T12:00:00
FC-003798,SEC-003,2026-05-29,5,0,0.73,2026-05-28T12:00:00
FC-003799,SEC-003,2026-05-29,6,1,0.87,2026-05-28T12:00:00
FC-003800,SEC-003,2026-05-29,7,0,0.91,2026-05-28T12:00:00
FC-003801,SEC-003,2026-05-29,8,1,0.82,2026-05-28T12:00:00
FC-003802,SEC-003,2026-05-29,9,0,0.8,2026-05-28T12:00:00
FC-003803,SEC-003,2026-05-29,10,0,0.71,2026-05-28T12:00:00
FC-003804,SEC-003,2026-05-29,11,0,0.75,2026-05-28T12:00:00
FC-003805,SEC-003,2026-05-29,12,1,0.9,2026-05-28T12:00:00
FC-003806,SEC-003,2026-05-29,13,0,0.8,2026-05-28T12:00:00
FC-003807,SEC-003,2026-05-29,14,0,0.91,2026-05-28T12:00:00
FC-003808,SEC-003,2026-05-29,15,1,0.83,2026-05-28T12:00:00
FC-003809,SEC-003,2026-05-29,16,2,0.7,2026-05-28T12:00:00
FC-003810,SEC-003,2026-05-29,17,0,0.84,2026-05-28T12:00:00
FC-003811,SEC-003,2026-05-29,18,0,0.74,2026-05-28T12:00:00
FC-003812,SEC-003,2026-05-29,19,1,0.87,2026-05-28T12:00:00
FC-003813,SEC-003,2026-05-29,20,0,0.87,2026-05-28T12:00:00
FC-003814,SEC-003,2026-05-29,21,1,0.92,2026-05-28T12:00:00
FC-003815,SEC-003,2026-05-29,22,1,0.78,2026-05-28T12:00:00
FC-003816,SEC-003,2026-05-29,23,3,0.72,2026-05-28T12:00:00
FC-003817,SEC-004,2026-05-29,0,2,0.73,2026-05-28T12:00:00
FC-003818,SEC-004,2026-05-29,1,1,0.76,2026-05-28T12:00:00
FC-003819,SEC-004,2026-05-29,2,3,0.83,2026-05-28T12:00:00
FC-003820,SEC-004,2026-05-29,3,0,0.75,2026-05-28T12:00:00
FC-003821,SEC-004,2026-05-29,4,2,0.87,2026-05-28T12:00:00
FC-003822,SEC-004,2026-05-29,5,1,0.85,2026-05-28T12:00:00
FC-003823,SEC-004,2026-05-29,6,2,0.77,2026-05-28T12:00:00
FC-003824,SEC-004,2026-05-29,7,0,0.86,2026-05-28T12:00:00
FC-003825,SEC-004,2026-05-29,8,1,0.72,2026-05-28T12:00:00
FC-003826,SEC-004,2026-05-29,9,0,0.87,2026-05-28T12:00:00
FC-003827,SEC-004,2026-05-29,10,0,0.82,2026-05-28T12:00:00
FC-003828,SEC-004,2026-05-29,11,0,0.75,2026-05-28T12:00:00
FC-003829,SEC-004,2026-05-29,12,1,0.91,2026-05-28T12:00:00
FC-003830,SEC-004,2026-05-29,13,0,0.85,2026-05-28T12:00:00
FC-003831,SEC-004,2026-05-29,14,0,0.76,2026-05-28T12:00:00
FC-003832,SEC-004,2026-05-29,15,0,0.77,2026-05-28T12:00:00
FC-003833,SEC-004,2026-05-29,16,0,0.89,2026-05-28T12:00:00
FC-003834,SEC-004,2026-05-29,17,1,0.71,2026-05-28T12:00:00
FC-003835,SEC-004,2026-05-29,18,1,0.94,2026-05-28T12:00:00
FC-003836,SEC-004,2026-05-29,19,0,0.79,2026-05-28T12:00:00
FC-003837,SEC-004,2026-05-29,20,1,0.72,2026-05-28T12:00:00
FC-003838,SEC-004,2026-05-29,21,0,0.79,2026-05-28T12:00:00
FC-003839,SEC-004,2026-05-29,22,2,0.82,2026-05-28T12:00:00
FC-003840,SEC-004,2026-05-29,23,3,0.73,2026-05-28T12:00:00
FC-003841,SEC-005,2026-05-29,0,2,0.89,2026-05-28T12:00:00
FC-003842,SEC-005,2026-05-29,1,1,0.81,2026-05-28T12:00:00
FC-003843,SEC-005,2026-05-29,2,0,0.8,2026-05-28T12:00:00
FC-003844,SEC-005,2026-05-29,3,2,0.92,2026-05-28T12:00:00
FC-003845,SEC-005,2026-05-29,4,1,0.82,2026-05-28T12:00:00
FC-003846,SEC-005,2026-05-29,5,1,0.75,2026-05-28T12:00:00
FC-003847,SEC-005,2026-05-29,6,0,0.77,2026-05-28T12:00:00
FC-003848,SEC-005,2026-05-29,7,1,0.74,2026-05-28T12:00:00
FC-003849,SEC-005,2026-05-29,8,0,0.8,2026-05-28T12:00:00
FC-003850,SEC-005,2026-05-29,9,0,0.78,2026-05-28T12:00:00
FC-003851,SEC-005,2026-05-29,10,0,0.71,2026-05-28T12:00:00
FC-003852,SEC-005,2026-05-29,11,1,0.76,2026-05-28T12:00:00
FC-003853,SEC-005,2026-05-29,12,0,0.91,2026-05-28T12:00:00
FC-003854,SEC-005,2026-05-29,13,0,0.78,2026-05-28T12:00:00
FC-003855,SEC-005,2026-05-29,14,2,0.71,2026-05-28T12:00:00
FC-003856,SEC-005,2026-05-29,15,1,0.93,2026-05-28T12:00:00
FC-003857,SEC-005,2026-05-29,16,2,0.84,2026-05-28T12:00:00
FC-003858,SEC-005,2026-05-29,17,0,0.9,2026-05-28T12:00:00
FC-003859,SEC-005,2026-05-29,18,2,0.85,2026-05-28T12:00:00
FC-003860,SEC-005,2026-05-29,19,0,0.85,2026-05-28T12:00:00
FC-003861,SEC-005,2026-05-29,20,0,0.88,2026-05-28T12:00:00
FC-003862,SEC-005,2026-05-29,21,1,0.74,2026-05-28T12:00:00
FC-003863,SEC-005,2026-05-29,22,3,0.77,2026-05-28T12:00:00
FC-003864,SEC-005,2026-05-29,23,1,0.74,2026-05-28T12:00:00
FC-003865,SEC-006,2026-05-29,0,1,0.92,2026-05-28T12:00:00
FC-003866,SEC-006,2026-05-29,1,3,0.76,2026-05-28T12:00:00
FC-003867,SEC-006,2026-05-29,2,3,0.91,2026-05-28T12:00:00
FC-003868,SEC-006,2026-05-29,3,1,0.71,2026-05-28T12:00:00
FC-003869,SEC-006,2026-05-29,4,6,0.89,2026-05-28T12:00:00
FC-003870,SEC-006,2026-05-29,5,0,0.81,2026-05-28T12:00:00
FC-003871,SEC-006,2026-05-29,6,0,0.93,2026-05-28T12:00:00
FC-003872,SEC-006,2026-05-29,7,0,0.72,2026-05-28T12:00:00
FC-003873,SEC-006,2026-05-29,8,0,0.79,2026-05-28T12:00:00
FC-003874,SEC-006,2026-05-29,9,0,0.86,2026-05-28T12:00:00
FC-003875,SEC-006,2026-05-29,10,0,0.87,2026-05-28T12:00:00
FC-003876,SEC-006,2026-05-29,11,0,0.73,2026-05-28T12:00:00
FC-003877,SEC-006,2026-05-29,12,0,0.92,2026-05-28T12:00:00
FC-003878,SEC-006,2026-05-29,13,0,0.82,2026-05-28T12:00:00
FC-003879,SEC-006,2026-05-29,14,0,0.8,2026-05-28T12:00:00
FC-003880,SEC-006,2026-05-29,15,1,0.87,2026-05-28T12:00:00
FC-003881,SEC-006,2026-05-29,16,0,0.9,2026-05-28T12:00:00
FC-003882,SEC-006,2026-05-29,17,0,0.8,2026-05-28T12:00:00
FC-003883,SEC-006,2026-05-29,18,0,0.84,2026-05-28T12:00:00
FC-003884,SEC-006,2026-05-29,19,0,0.89,2026-05-28T12:00:00
FC-003885,SEC-006,2026-05-29,20,0,0.84,2026-05-28T12:00:00
FC-003886,SEC-006,2026-05-29,21,0,0.79,2026-05-28T12:00:00
FC-003887,SEC-006,2026-05-29,22,3,0.92,2026-05-28T12:00:00
FC-003888,SEC-006,2026-05-29,23,1,0.87,2026-05-28T12:00:00
FC-003889,SEC-001,2026-05-30,0,1,0.73,2026-05-29T12:00:00
FC-003890,SEC-001,2026-05-30,1,3,0.75,2026-05-29T12:00:00
FC-003891,SEC-001,2026-05-30,2,0,0.9,2026-05-29T12:00:00
FC-003892,SEC-001,2026-05-30,3,1,0.9,2026-05-29T12:00:00
FC-003893,SEC-001,2026-05-30,4,1,0.88,2026-05-29T12:00:00
FC-003894,SEC-001,2026-05-30,5,0,0.74,2026-05-29T12:00:00
FC-003895,SEC-001,2026-05-30,6,0,0.79,2026-05-29T12:00:00
FC-003896,SEC-001,2026-05-30,7,1,0.88,2026-05-29T12:00:00
FC-003897,SEC-001,2026-05-30,8,1,0.89,2026-05-29T12:00:00
FC-003898,SEC-001,2026-05-30,9,1,0.72,2026-05-29T12:00:00
FC-003899,SEC-001,2026-05-30,10,0,0.74,2026-05-29T12:00:00
FC-003900,SEC-001,2026-05-30,11,0,0.83,2026-05-29T12:00:00
FC-003901,SEC-001,2026-05-30,12,0,0.71,2026-05-29T12:00:00
FC-003902,SEC-001,2026-05-30,13,0,0.8,2026-05-29T12:00:00
FC-003903,SEC-001,2026-05-30,14,0,0.9,2026-05-29T12:00:00
FC-003904,SEC-001,2026-05-30,15,0,0.81,2026-05-29T12:00:00
FC-003905,SEC-001,2026-05-30,16,1,0.83,2026-05-29T12:00:00
FC-003906,SEC-001,2026-05-30,17,0,0.83,2026-05-29T12:00:00
FC-003907,SEC-001,2026-05-30,18,0,0.93,2026-05-29T12:00:00
FC-003908,SEC-001,2026-05-30,19,1,0.75,2026-05-29T12:00:00
FC-003909,SEC-001,2026-05-30,20,0,0.76,2026-05-29T12:00:00
FC-003910,SEC-001,2026-05-30,21,1,0.83,2026-05-29T12:00:00
FC-003911,SEC-001,2026-05-30,22,3,0.78,2026-05-29T12:00:00
FC-003912,SEC-001,2026-05-30,23,1,0.92,2026-05-29T12:00:00
FC-003913,SEC-002,2026-05-30,0,3,0.74,2026-05-29T12:00:00
FC-003914,SEC-002,2026-05-30,1,4,0.77,2026-05-29T12:00:00
FC-003915,SEC-002,2026-05-30,2,0,0.93,2026-05-29T12:00:00
FC-003916,SEC-002,2026-05-30,3,3,0.92,2026-05-29T12:00:00
FC-003917,SEC-002,2026-05-30,4,0,0.87,2026-05-29T12:00:00
FC-003918,SEC-002,2026-05-30,5,0,0.79,2026-05-29T12:00:00
FC-003919,SEC-002,2026-05-30,6,0,0.71,2026-05-29T12:00:00
FC-003920,SEC-002,2026-05-30,7,0,0.76,2026-05-29T12:00:00
FC-003921,SEC-002,2026-05-30,8,0,0.79,2026-05-29T12:00:00
FC-003922,SEC-002,2026-05-30,9,0,0.89,2026-05-29T12:00:00
FC-003923,SEC-002,2026-05-30,10,0,0.85,2026-05-29T12:00:00
FC-003924,SEC-002,2026-05-30,11,2,0.78,2026-05-29T12:00:00
FC-003925,SEC-002,2026-05-30,12,0,0.71,2026-05-29T12:00:00
FC-003926,SEC-002,2026-05-30,13,0,0.88,2026-05-29T12:00:00
FC-003927,SEC-002,2026-05-30,14,1,0.9,2026-05-29T12:00:00
FC-003928,SEC-002,2026-05-30,15,0,0.82,2026-05-29T12:00:00
FC-003929,SEC-002,2026-05-30,16,2,0.86,2026-05-29T12:00:00
FC-003930,SEC-002,2026-05-30,17,0,0.84,2026-05-29T12:00:00
FC-003931,SEC-002,2026-05-30,18,0,0.85,2026-05-29T12:00:00
FC-003932,SEC-002,2026-05-30,19,0,0.87,2026-05-29T12:00:00
FC-003933,SEC-002,2026-05-30,20,0,0.88,2026-05-29T12:00:00
FC-003934,SEC-002,2026-05-30,21,0,0.89,2026-05-29T12:00:00
FC-003935,SEC-002,2026-05-30,22,2,0.94,2026-05-29T12:00:00
FC-003936,SEC-002,2026-05-30,23,4,0.85,2026-05-29T12:00:00
FC-003937,SEC-003,2026-05-30,0,2,0.89,2026-05-29T12:00:00
FC-003938,SEC-003,2026-05-30,1,5,0.9,2026-05-29T12:00:00
FC-003939,SEC-003,2026-05-30,2,2,0.72,2026-05-29T12:00:00
FC-003940,SEC-003,2026-05-30,3,1,0.92,2026-05-29T12:00:00
FC-003941,SEC-003,2026-05-30,4,1,0.91,2026-05-29T12:00:00
FC-003942,SEC-003,2026-05-30,5,1,0.88,2026-05-29T12:00:00
FC-003943,SEC-003,2026-05-30,6,0,0.74,2026-05-29T12:00:00
FC-003944,SEC-003,2026-05-30,7,0,0.72,2026-05-29T12:00:00
FC-003945,SEC-003,2026-05-30,8,0,0.95,2026-05-29T12:00:00
FC-003946,SEC-003,2026-05-30,9,2,0.82,2026-05-29T12:00:00
FC-003947,SEC-003,2026-05-30,10,1,0.75,2026-05-29T12:00:00
FC-003948,SEC-003,2026-05-30,11,2,0.81,2026-05-29T12:00:00
FC-003949,SEC-003,2026-05-30,12,0,0.72,2026-05-29T12:00:00
FC-003950,SEC-003,2026-05-30,13,1,0.82,2026-05-29T12:00:00
FC-003951,SEC-003,2026-05-30,14,0,0.8,2026-05-29T12:00:00
FC-003952,SEC-003,2026-05-30,15,0,0.87,2026-05-29T12:00:00
FC-003953,SEC-003,2026-05-30,16,0,0.75,2026-05-29T12:00:00
FC-003954,SEC-003,2026-05-30,17,1,0.82,2026-05-29T12:00:00
FC-003955,SEC-003,2026-05-30,18,1,0.74,2026-05-29T12:00:00
FC-003956,SEC-003,2026-05-30,19,0,0.88,2026-05-29T12:00:00
FC-003957,SEC-003,2026-05-30,20,1,0.72,2026-05-29T12:00:00
FC-003958,SEC-003,2026-05-30,21,0,0.9,2026-05-29T12:00:00
FC-003959,SEC-003,2026-05-30,22,0,0.8,2026-05-29T12:00:00
FC-003960,SEC-003,2026-05-30,23,0,0.72,2026-05-29T12:00:00
FC-003961,SEC-004,2026-05-30,0,2,0.83,2026-05-29T12:00:00
FC-003962,SEC-004,2026-05-30,1,2,0.7,2026-05-29T12:00:00
FC-003963,SEC-004,2026-05-30,2,3,0.75,2026-05-29T12:00:00
FC-003964,SEC-004,2026-05-30,3,0,0.75,2026-05-29T12:00:00
FC-003965,SEC-004,2026-05-30,4,0,0.89,2026-05-29T12:00:00
FC-003966,SEC-004,2026-05-30,5,0,0.94,2026-05-29T12:00:00
FC-003967,SEC-004,2026-05-30,6,0,0.84,2026-05-29T12:00:00
FC-003968,SEC-004,2026-05-30,7,1,0.78,2026-05-29T12:00:00
FC-003969,SEC-004,2026-05-30,8,0,0.76,2026-05-29T12:00:00
FC-003970,SEC-004,2026-05-30,9,2,0.73,2026-05-29T12:00:00
FC-003971,SEC-004,2026-05-30,10,1,0.84,2026-05-29T12:00:00
FC-003972,SEC-004,2026-05-30,11,3,0.83,2026-05-29T12:00:00
FC-003973,SEC-004,2026-05-30,12,0,0.91,2026-05-29T12:00:00
FC-003974,SEC-004,2026-05-30,13,0,0.76,2026-05-29T12:00:00
FC-003975,SEC-004,2026-05-30,14,1,0.72,2026-05-29T12:00:00
FC-003976,SEC-004,2026-05-30,15,0,0.78,2026-05-29T12:00:00
FC-003977,SEC-004,2026-05-30,16,0,0.91,2026-05-29T12:00:00
FC-003978,SEC-004,2026-05-30,17,1,0.95,2026-05-29T12:00:00
FC-003979,SEC-004,2026-05-30,18,0,0.87,2026-05-29T12:00:00
FC-003980,SEC-004,2026-05-30,19,1,0.88,2026-05-29T12:00:00
FC-003981,SEC-004,2026-05-30,20,0,0.83,2026-05-29T12:00:00
FC-003982,SEC-004,2026-05-30,21,0,0.74,2026-05-29T12:00:00
FC-003983,SEC-004,2026-05-30,22,1,0.71,2026-05-29T12:00:00
FC-003984,SEC-004,2026-05-30,23,1,0.91,2026-05-29T12:00:00
FC-003985,SEC-005,2026-05-30,0,2,0.72,2026-05-29T12:00:00
FC-003986,SEC-005,2026-05-30,1,2,0.85,2026-05-29T12:00:00
FC-003987,SEC-005,2026-05-30,2,0,0.74,2026-05-29T12:00:00
FC-003988,SEC-005,2026-05-30,3,2,0.84,2026-05-29T12:00:00
FC-003989,SEC-005,2026-05-30,4,1,0.82,2026-05-29T12:00:00
FC-003990,SEC-005,2026-05-30,5,0,0.74,2026-05-29T12:00:00
FC-003991,SEC-005,2026-05-30,6,0,0.81,2026-05-29T12:00:00
FC-003992,SEC-005,2026-05-30,7,1,0.82,2026-05-29T12:00:00
FC-003993,SEC-005,2026-05-30,8,0,0.75,2026-05-29T12:00:00
FC-003994,SEC-005,2026-05-30,9,1,0.94,2026-05-29T12:00:00
FC-003995,SEC-005,2026-05-30,10,0,0.89,2026-05-29T12:00:00
FC-003996,SEC-005,2026-05-30,11,2,0.78,2026-05-29T12:00:00
FC-003997,SEC-005,2026-05-30,12,0,0.91,2026-05-29T12:00:00
FC-003998,SEC-005,2026-05-30,13,0,0.83,2026-05-29T12:00:00
FC-003999,SEC-005,2026-05-30,14,0,0.87,2026-05-29T12:00:00
FC-004000,SEC-005,2026-05-30,15,0,0.83,2026-05-29T12:00:00
FC-004001,SEC-005,2026-05-30,16,1,0.71,2026-05-29T12:00:00
FC-004002,SEC-005,2026-05-30,17,1,0.85,2026-05-29T12:00:00
FC-004003,SEC-005,2026-05-30,18,0,0.7,2026-05-29T12:00:00
FC-004004,SEC-005,2026-05-30,19,0,0.93,2026-05-29T12:00:00
FC-004005,SEC-005,2026-05-30,20,0,0.9,2026-05-29T12:00:00
FC-004006,SEC-005,2026-05-30,21,1,0.88,2026-05-29T12:00:00
FC-004007,SEC-005,2026-05-30,22,2,0.85,2026-05-29T12:00:00
FC-004008,SEC-005,2026-05-30,23,2,0.77,2026-05-29T12:00:00
FC-004009,SEC-006,2026-05-30,0,2,0.88,2026-05-29T12:00:00
FC-004010,SEC-006,2026-05-30,1,3,0.92,2026-05-29T12:00:00
FC-004011,SEC-006,2026-05-30,2,1,0.88,2026-05-29T12:00:00
FC-004012,SEC-006,2026-05-30,3,1,0.85,2026-05-29T12:00:00
FC-004013,SEC-006,2026-05-30,4,1,0.82,2026-05-29T12:00:00
FC-004014,SEC-006,2026-05-30,5,0,0.9,2026-05-29T12:00:00
FC-004015,SEC-006,2026-05-30,6,1,0.74,2026-05-29T12:00:00
FC-004016,SEC-006,2026-05-30,7,1,0.76,2026-05-29T12:00:00
FC-004017,SEC-006,2026-05-30,8,0,0.94,2026-05-29T12:00:00
FC-004018,SEC-006,2026-05-30,9,1,0.85,2026-05-29T12:00:00
FC-004019,SEC-006,2026-05-30,10,0,0.95,2026-05-29T12:00:00
FC-004020,SEC-006,2026-05-30,11,0,0.75,2026-05-29T12:00:00
FC-004021,SEC-006,2026-05-30,12,1,0.83,2026-05-29T12:00:00
FC-004022,SEC-006,2026-05-30,13,0,0.91,2026-05-29T12:00:00
FC-004023,SEC-006,2026-05-30,14,0,0.94,2026-05-29T12:00:00
FC-004024,SEC-006,2026-05-30,15,1,0.76,2026-05-29T12:00:00
FC-004025,SEC-006,2026-05-30,16,0,0.92,2026-05-29T12:00:00
FC-004026,SEC-006,2026-05-30,17,1,0.82,2026-05-29T12:00:00
FC-004027,SEC-006,2026-05-30,18,0,0.86,2026-05-29T12:00:00
FC-004028,SEC-006,2026-05-30,19,1,0.76,2026-05-29T12:00:00
FC-004029,SEC-006,2026-05-30,20,0,0.87,2026-05-29T12:00:00
FC-004030,SEC-006,2026-05-30,21,0,0.78,2026-05-29T12:00:00
FC-004031,SEC-006,2026-05-30,22,3,0.87,2026-05-29T12:00:00
FC-004032,SEC-006,2026-05-30,23,2,0.9,2026-05-29T12:00:00
FC-004033,SEC-001,2026-05-31,0,1,0.79,2026-05-30T12:00:00
FC-004034,SEC-001,2026-05-31,1,3,0.77,2026-05-30T12:00:00
FC-004035,SEC-001,2026-05-31,2,1,0.74,2026-05-30T12:00:00
FC-004036,SEC-001,2026-05-31,3,1,0.76,2026-05-30T12:00:00
FC-004037,SEC-001,2026-05-31,4,0,0.77,2026-05-30T12:00:00
FC-004038,SEC-001,2026-05-31,5,1,0.71,2026-05-30T12:00:00
FC-004039,SEC-001,2026-05-31,6,0,0.79,2026-05-30T12:00:00
FC-004040,SEC-001,2026-05-31,7,1,0.84,2026-05-30T12:00:00
FC-004041,SEC-001,2026-05-31,8,0,0.83,2026-05-30T12:00:00
FC-004042,SEC-001,2026-05-31,9,0,0.79,2026-05-30T12:00:00
FC-004043,SEC-001,2026-05-31,10,0,0.78,2026-05-30T12:00:00
FC-004044,SEC-001,2026-05-31,11,1,0.72,2026-05-30T12:00:00
FC-004045,SEC-001,2026-05-31,12,0,0.83,2026-05-30T12:00:00
FC-004046,SEC-001,2026-05-31,13,0,0.85,2026-05-30T12:00:00
FC-004047,SEC-001,2026-05-31,14,1,0.86,2026-05-30T12:00:00
FC-004048,SEC-001,2026-05-31,15,2,0.73,2026-05-30T12:00:00
FC-004049,SEC-001,2026-05-31,16,0,0.72,2026-05-30T12:00:00
FC-004050,SEC-001,2026-05-31,17,0,0.7,2026-05-30T12:00:00
FC-004051,SEC-001,2026-05-31,18,0,0.83,2026-05-30T12:00:00
FC-004052,SEC-001,2026-05-31,19,0,0.81,2026-05-30T12:00:00
FC-004053,SEC-001,2026-05-31,20,0,0.83,2026-05-30T12:00:00
FC-004054,SEC-001,2026-05-31,21,0,0.76,2026-05-30T12:00:00
FC-004055,SEC-001,2026-05-31,22,3,0.78,2026-05-30T12:00:00
FC-004056,SEC-001,2026-05-31,23,0,0.91,2026-05-30T12:00:00
FC-004057,SEC-002,2026-05-31,0,3,0.9,2026-05-30T12:00:00
FC-004058,SEC-002,2026-05-31,1,2,0.92,2026-05-30T12:00:00
FC-004059,SEC-002,2026-05-31,2,5,0.85,2026-05-30T12:00:00
FC-004060,SEC-002,2026-05-31,3,0,0.77,2026-05-30T12:00:00
FC-004061,SEC-002,2026-05-31,4,0,0.91,2026-05-30T12:00:00
FC-004062,SEC-002,2026-05-31,5,0,0.87,2026-05-30T12:00:00
FC-004063,SEC-002,2026-05-31,6,1,0.84,2026-05-30T12:00:00
FC-004064,SEC-002,2026-05-31,7,1,0.81,2026-05-30T12:00:00
FC-004065,SEC-002,2026-05-31,8,1,0.73,2026-05-30T12:00:00
FC-004066,SEC-002,2026-05-31,9,0,0.9,2026-05-30T12:00:00
FC-004067,SEC-002,2026-05-31,10,1,0.76,2026-05-30T12:00:00
FC-004068,SEC-002,2026-05-31,11,1,0.92,2026-05-30T12:00:00
FC-004069,SEC-002,2026-05-31,12,0,0.94,2026-05-30T12:00:00
FC-004070,SEC-002,2026-05-31,13,0,0.78,2026-05-30T12:00:00
FC-004071,SEC-002,2026-05-31,14,0,0.94,2026-05-30T12:00:00
FC-004072,SEC-002,2026-05-31,15,1,0.89,2026-05-30T12:00:00
FC-004073,SEC-002,2026-05-31,16,0,0.84,2026-05-30T12:00:00
FC-004074,SEC-002,2026-05-31,17,0,0.89,2026-05-30T12:00:00
FC-004075,SEC-002,2026-05-31,18,0,0.9,2026-05-30T12:00:00
FC-004076,SEC-002,2026-05-31,19,0,0.83,2026-05-30T12:00:00
FC-004077,SEC-002,2026-05-31,20,0,0.79,2026-05-30T12:00:00
FC-004078,SEC-002,2026-05-31,21,0,0.73,2026-05-30T12:00:00
FC-004079,SEC-002,2026-05-31,22,3,0.82,2026-05-30T12:00:00
FC-004080,SEC-002,2026-05-31,23,2,0.72,2026-05-30T12:00:00
FC-004081,SEC-003,2026-05-31,0,2,0.91,2026-05-30T12:00:00
FC-004082,SEC-003,2026-05-31,1,2,0.73,2026-05-30T12:00:00
FC-004083,SEC-003,2026-05-31,2,2,0.91,2026-05-30T12:00:00
FC-004084,SEC-003,2026-05-31,3,3,0.87,2026-05-30T12:00:00
FC-004085,SEC-003,2026-05-31,4,1,0.73,2026-05-30T12:00:00
FC-004086,SEC-003,2026-05-31,5,1,0.81,2026-05-30T12:00:00
FC-004087,SEC-003,2026-05-31,6,1,0.73,2026-05-30T12:00:00
FC-004088,SEC-003,2026-05-31,7,0,0.85,2026-05-30T12:00:00
FC-004089,SEC-003,2026-05-31,8,2,0.84,2026-05-30T12:00:00
FC-004090,SEC-003,2026-05-31,9,0,0.9,2026-05-30T12:00:00
FC-004091,SEC-003,2026-05-31,10,0,0.76,2026-05-30T12:00:00
FC-004092,SEC-003,2026-05-31,11,1,0.95,2026-05-30T12:00:00
FC-004093,SEC-003,2026-05-31,12,1,0.81,2026-05-30T12:00:00
FC-004094,SEC-003,2026-05-31,13,0,0.89,2026-05-30T12:00:00
FC-004095,SEC-003,2026-05-31,14,1,0.75,2026-05-30T12:00:00
FC-004096,SEC-003,2026-05-31,15,0,0.8,2026-05-30T12:00:00
FC-004097,SEC-003,2026-05-31,16,0,0.87,2026-05-30T12:00:00
FC-004098,SEC-003,2026-05-31,17,0,0.9,2026-05-30T12:00:00
FC-004099,SEC-003,2026-05-31,18,0,0.92,2026-05-30T12:00:00
FC-004100,SEC-003,2026-05-31,19,1,0.91,2026-05-30T12:00:00
FC-004101,SEC-003,2026-05-31,20,0,0.79,2026-05-30T12:00:00
FC-004102,SEC-003,2026-05-31,21,0,0.87,2026-05-30T12:00:00
FC-004103,SEC-003,2026-05-31,22,5,0.8,2026-05-30T12:00:00
FC-004104,SEC-003,2026-05-31,23,0,0.85,2026-05-30T12:00:00
FC-004105,SEC-004,2026-05-31,0,4,0.88,2026-05-30T12:00:00
FC-004106,SEC-004,2026-05-31,1,4,0.7,2026-05-30T12:00:00
FC-004107,SEC-004,2026-05-31,2,4,0.71,2026-05-30T12:00:00
FC-004108,SEC-004,2026-05-31,3,4,0.77,2026-05-30T12:00:00
FC-004109,SEC-004,2026-05-31,4,0,0.77,2026-05-30T12:00:00
FC-004110,SEC-004,2026-05-31,5,0,0.73,2026-05-30T12:00:00
FC-004111,SEC-004,2026-05-31,6,0,0.87,2026-05-30T12:00:00
FC-004112,SEC-004,2026-05-31,7,0,0.77,2026-05-30T12:00:00
FC-004113,SEC-004,2026-05-31,8,0,0.84,2026-05-30T12:00:00
FC-004114,SEC-004,2026-05-31,9,0,0.75,2026-05-30T12:00:00
FC-004115,SEC-004,2026-05-31,10,0,0.89,2026-05-30T12:00:00
FC-004116,SEC-004,2026-05-31,11,0,0.8,2026-05-30T12:00:00
FC-004117,SEC-004,2026-05-31,12,2,0.94,2026-05-30T12:00:00
FC-004118,SEC-004,2026-05-31,13,0,0.72,2026-05-30T12:00:00
FC-004119,SEC-004,2026-05-31,14,0,0.9,2026-05-30T12:00:00
FC-004120,SEC-004,2026-05-31,15,1,0.85,2026-05-30T12:00:00
FC-004121,SEC-004,2026-05-31,16,0,0.73,2026-05-30T12:00:00
FC-004122,SEC-004,2026-05-31,17,0,0.86,2026-05-30T12:00:00
FC-004123,SEC-004,2026-05-31,18,1,0.9,2026-05-30T12:00:00
FC-004124,SEC-004,2026-05-31,19,0,0.94,2026-05-30T12:00:00
FC-004125,SEC-004,2026-05-31,20,0,0.92,2026-05-30T12:00:00
FC-004126,SEC-004,2026-05-31,21,0,0.77,2026-05-30T12:00:00
FC-004127,SEC-004,2026-05-31,22,3,0.94,2026-05-30T12:00:00
FC-004128,SEC-004,2026-05-31,23,1,0.74,2026-05-30T12:00:00
FC-004129,SEC-005,2026-05-31,0,3,0.91,2026-05-30T12:00:00
FC-004130,SEC-005,2026-05-31,1,1,0.91,2026-05-30T12:00:00
FC-004131,SEC-005,2026-05-31,2,2,0.93,2026-05-30T12:00:00
FC-004132,SEC-005,2026-05-31,3,3,0.73,2026-05-30T12:00:00
FC-004133,SEC-005,2026-05-31,4,3,0.75,2026-05-30T12:00:00
FC-004134,SEC-005,2026-05-31,5,0,0.8,2026-05-30T12:00:00
FC-004135,SEC-005,2026-05-31,6,2,0.93,2026-05-30T12:00:00
FC-004136,SEC-005,2026-05-31,7,0,0.86,2026-05-30T12:00:00
FC-004137,SEC-005,2026-05-31,8,1,0.77,2026-05-30T12:00:00
FC-004138,SEC-005,2026-05-31,9,1,0.95,2026-05-30T12:00:00
FC-004139,SEC-005,2026-05-31,10,1,0.93,2026-05-30T12:00:00
FC-004140,SEC-005,2026-05-31,11,1,0.87,2026-05-30T12:00:00
FC-004141,SEC-005,2026-05-31,12,0,0.71,2026-05-30T12:00:00
FC-004142,SEC-005,2026-05-31,13,0,0.83,2026-05-30T12:00:00
FC-004143,SEC-005,2026-05-31,14,0,0.79,2026-05-30T12:00:00
FC-004144,SEC-005,2026-05-31,15,0,0.79,2026-05-30T12:00:00
FC-004145,SEC-005,2026-05-31,16,0,0.86,2026-05-30T12:00:00
FC-004146,SEC-005,2026-05-31,17,0,0.84,2026-05-30T12:00:00
FC-004147,SEC-005,2026-05-31,18,0,0.74,2026-05-30T12:00:00
FC-004148,SEC-005,2026-05-31,19,0,0.77,2026-05-30T12:00:00
FC-004149,SEC-005,2026-05-31,20,0,0.75,2026-05-30T12:00:00
FC-004150,SEC-005,2026-05-31,21,0,0.87,2026-05-30T12:00:00
FC-004151,SEC-005,2026-05-31,22,1,0.93,2026-05-30T12:00:00
FC-004152,SEC-005,2026-05-31,23,1,0.88,2026-05-30T12:00:00
FC-004153,SEC-006,2026-05-31,0,1,0.95,2026-05-30T12:00:00
FC-004154,SEC-006,2026-05-31,1,4,0.93,2026-05-30T12:00:00
FC-004155,SEC-006,2026-05-31,2,5,0.94,2026-05-30T12:00:00
FC-004156,SEC-006,2026-05-31,3,1,0.73,2026-05-30T12:00:00
FC-004157,SEC-006,2026-05-31,4,2,0.75,2026-05-30T12:00:00
FC-004158,SEC-006,2026-05-31,5,2,0.72,2026-05-30T12:00:00
FC-004159,SEC-006,2026-05-31,6,0,0.88,2026-05-30T12:00:00
FC-004160,SEC-006,2026-05-31,7,1,0.8,2026-05-30T12:00:00
FC-004161,SEC-006,2026-05-31,8,0,0.85,2026-05-30T12:00:00
FC-004162,SEC-006,2026-05-31,9,0,0.93,2026-05-30T12:00:00
FC-004163,SEC-006,2026-05-31,10,1,0.75,2026-05-30T12:00:00
FC-004164,SEC-006,2026-05-31,11,0,0.76,2026-05-30T12:00:00
FC-004165,SEC-006,2026-05-31,12,1,0.77,2026-05-30T12:00:00
FC-004166,SEC-006,2026-05-31,13,2,0.84,2026-05-30T12:00:00
FC-004167,SEC-006,2026-05-31,14,0,0.79,2026-05-30T12:00:00
FC-004168,SEC-006,2026-05-31,15,0,0.73,2026-05-30T12:00:00
FC-004169,SEC-006,2026-05-31,16,0,0.85,2026-05-30T12:00:00
FC-004170,SEC-006,2026-05-31,17,0,0.84,2026-05-30T12:00:00
FC-004171,SEC-006,2026-05-31,18,1,0.9,2026-05-30T12:00:00
FC-004172,SEC-006,2026-05-31,19,0,0.86,2026-05-30T12:00:00
FC-004173,SEC-006,2026-05-31,20,3,0.82,2026-05-30T12:00:00
FC-004174,SEC-006,2026-05-31,21,0,0.91,2026-05-30T12:00:00
FC-004175,SEC-006,2026-05-31,22,1,0.82,2026-05-30T12:00:00
FC-004176,SEC-006,2026-05-31,23,1,0.74,2026-05-30T12:00:00
FC-004177,SEC-001,2026-06-01,0,5,0.71,2026-05-31T12:00:00
FC-004178,SEC-001,2026-06-01,1,1,0.76,2026-05-31T12:00:00
FC-004179,SEC-001,2026-06-01,2,4,0.84,2026-05-31T12:00:00
FC-004180,SEC-001,2026-06-01,3,0,0.82,2026-05-31T12:00:00
FC-004181,SEC-001,2026-06-01,4,1,0.73,2026-05-31T12:00:00
FC-004182,SEC-001,2026-06-01,5,0,0.83,2026-05-31T12:00:00
FC-004183,SEC-001,2026-06-01,6,0,0.87,2026-05-31T12:00:00
FC-004184,SEC-001,2026-06-01,7,1,0.74,2026-05-31T12:00:00
FC-004185,SEC-001,2026-06-01,8,1,0.91,2026-05-31T12:00:00
FC-004186,SEC-001,2026-06-01,9,0,0.88,2026-05-31T12:00:00
FC-004187,SEC-001,2026-06-01,10,2,0.88,2026-05-31T12:00:00
FC-004188,SEC-001,2026-06-01,11,0,0.81,2026-05-31T12:00:00
FC-004189,SEC-001,2026-06-01,12,0,0.8,2026-05-31T12:00:00
FC-004190,SEC-001,2026-06-01,13,0,0.93,2026-05-31T12:00:00
FC-004191,SEC-001,2026-06-01,14,1,0.79,2026-05-31T12:00:00
FC-004192,SEC-001,2026-06-01,15,0,0.75,2026-05-31T12:00:00
FC-004193,SEC-001,2026-06-01,16,0,0.85,2026-05-31T12:00:00
FC-004194,SEC-001,2026-06-01,17,1,0.95,2026-05-31T12:00:00
FC-004195,SEC-001,2026-06-01,18,0,0.83,2026-05-31T12:00:00
FC-004196,SEC-001,2026-06-01,19,0,0.7,2026-05-31T12:00:00
FC-004197,SEC-001,2026-06-01,20,0,0.75,2026-05-31T12:00:00
FC-004198,SEC-001,2026-06-01,21,0,0.77,2026-05-31T12:00:00
FC-004199,SEC-001,2026-06-01,22,4,0.81,2026-05-31T12:00:00
FC-004200,SEC-001,2026-06-01,23,2,0.85,2026-05-31T12:00:00
FC-004201,SEC-002,2026-06-01,0,2,0.77,2026-05-31T12:00:00
FC-004202,SEC-002,2026-06-01,1,0,0.79,2026-05-31T12:00:00
FC-004203,SEC-002,2026-06-01,2,5,0.77,2026-05-31T12:00:00
FC-004204,SEC-002,2026-06-01,3,3,0.91,2026-05-31T12:00:00
FC-004205,SEC-002,2026-06-01,4,3,0.7,2026-05-31T12:00:00
FC-004206,SEC-002,2026-06-01,5,0,0.8,2026-05-31T12:00:00
FC-004207,SEC-002,2026-06-01,6,0,0.94,2026-05-31T12:00:00
FC-004208,SEC-002,2026-06-01,7,0,0.85,2026-05-31T12:00:00
FC-004209,SEC-002,2026-06-01,8,0,0.77,2026-05-31T12:00:00
FC-004210,SEC-002,2026-06-01,9,0,0.79,2026-05-31T12:00:00
FC-004211,SEC-002,2026-06-01,10,0,0.74,2026-05-31T12:00:00
FC-004212,SEC-002,2026-06-01,11,2,0.75,2026-05-31T12:00:00
FC-004213,SEC-002,2026-06-01,12,1,0.85,2026-05-31T12:00:00
FC-004214,SEC-002,2026-06-01,13,1,0.7,2026-05-31T12:00:00
FC-004215,SEC-002,2026-06-01,14,2,0.86,2026-05-31T12:00:00
FC-004216,SEC-002,2026-06-01,15,0,0.84,2026-05-31T12:00:00
FC-004217,SEC-002,2026-06-01,16,1,0.72,2026-05-31T12:00:00
FC-004218,SEC-002,2026-06-01,17,0,0.86,2026-05-31T12:00:00
FC-004219,SEC-002,2026-06-01,18,1,0.91,2026-05-31T12:00:00
FC-004220,SEC-002,2026-06-01,19,0,0.82,2026-05-31T12:00:00
FC-004221,SEC-002,2026-06-01,20,0,0.73,2026-05-31T12:00:00
FC-004222,SEC-002,2026-06-01,21,0,0.75,2026-05-31T12:00:00
FC-004223,SEC-002,2026-06-01,22,2,0.84,2026-05-31T12:00:00
FC-004224,SEC-002,2026-06-01,23,1,0.75,2026-05-31T12:00:00
FC-004225,SEC-003,2026-06-01,0,0,0.7,2026-05-31T12:00:00
FC-004226,SEC-003,2026-06-01,1,4,0.74,2026-05-31T12:00:00
FC-004227,SEC-003,2026-06-01,2,0,0.87,2026-05-31T12:00:00
FC-004228,SEC-003,2026-06-01,3,1,0.9,2026-05-31T12:00:00
FC-004229,SEC-003,2026-06-01,4,2,0.94,2026-05-31T12:00:00
FC-004230,SEC-003,2026-06-01,5,1,0.86,2026-05-31T12:00:00
FC-004231,SEC-003,2026-06-01,6,0,0.79,2026-05-31T12:00:00
FC-004232,SEC-003,2026-06-01,7,1,0.92,2026-05-31T12:00:00
FC-004233,SEC-003,2026-06-01,8,1,0.74,2026-05-31T12:00:00
FC-004234,SEC-003,2026-06-01,9,0,0.75,2026-05-31T12:00:00
FC-004235,SEC-003,2026-06-01,10,0,0.81,2026-05-31T12:00:00
FC-004236,SEC-003,2026-06-01,11,0,0.73,2026-05-31T12:00:00
FC-004237,SEC-003,2026-06-01,12,0,0.88,2026-05-31T12:00:00
FC-004238,SEC-003,2026-06-01,13,0,0.72,2026-05-31T12:00:00
FC-004239,SEC-003,2026-06-01,14,0,0.91,2026-05-31T12:00:00
FC-004240,SEC-003,2026-06-01,15,0,0.72,2026-05-31T12:00:00
FC-004241,SEC-003,2026-06-01,16,1,0.73,2026-05-31T12:00:00
FC-004242,SEC-003,2026-06-01,17,0,0.91,2026-05-31T12:00:00
FC-004243,SEC-003,2026-06-01,18,2,0.94,2026-05-31T12:00:00
FC-004244,SEC-003,2026-06-01,19,0,0.89,2026-05-31T12:00:00
FC-004245,SEC-003,2026-06-01,20,0,0.93,2026-05-31T12:00:00
FC-004246,SEC-003,2026-06-01,21,0,0.89,2026-05-31T12:00:00
FC-004247,SEC-003,2026-06-01,22,3,0.95,2026-05-31T12:00:00
FC-004248,SEC-003,2026-06-01,23,1,0.81,2026-05-31T12:00:00
FC-004249,SEC-004,2026-06-01,0,0,0.77,2026-05-31T12:00:00
FC-004250,SEC-004,2026-06-01,1,6,0.71,2026-05-31T12:00:00
FC-004251,SEC-004,2026-06-01,2,1,0.8,2026-05-31T12:00:00
FC-004252,SEC-004,2026-06-01,3,2,0.78,2026-05-31T12:00:00
FC-004253,SEC-004,2026-06-01,4,1,0.84,2026-05-31T12:00:00
FC-004254,SEC-004,2026-06-01,5,0,0.9,2026-05-31T12:00:00
FC-004255,SEC-004,2026-06-01,6,0,0.79,2026-05-31T12:00:00
FC-004256,SEC-004,2026-06-01,7,0,0.93,2026-05-31T12:00:00
FC-004257,SEC-004,2026-06-01,8,0,0.83,2026-05-31T12:00:00
FC-004258,SEC-004,2026-06-01,9,0,0.78,2026-05-31T12:00:00
FC-004259,SEC-004,2026-06-01,10,0,0.77,2026-05-31T12:00:00
FC-004260,SEC-004,2026-06-01,11,1,0.82,2026-05-31T12:00:00
FC-004261,SEC-004,2026-06-01,12,0,0.82,2026-05-31T12:00:00
FC-004262,SEC-004,2026-06-01,13,0,0.79,2026-05-31T12:00:00
FC-004263,SEC-004,2026-06-01,14,1,0.76,2026-05-31T12:00:00
FC-004264,SEC-004,2026-06-01,15,1,0.73,2026-05-31T12:00:00
FC-004265,SEC-004,2026-06-01,16,0,0.9,2026-05-31T12:00:00
FC-004266,SEC-004,2026-06-01,17,0,0.78,2026-05-31T12:00:00
FC-004267,SEC-004,2026-06-01,18,0,0.81,2026-05-31T12:00:00
FC-004268,SEC-004,2026-06-01,19,0,0.77,2026-05-31T12:00:00
FC-004269,SEC-004,2026-06-01,20,0,0.8,2026-05-31T12:00:00
FC-004270,SEC-004,2026-06-01,21,0,0.75,2026-05-31T12:00:00
FC-004271,SEC-004,2026-06-01,22,2,0.95,2026-05-31T12:00:00
FC-004272,SEC-004,2026-06-01,23,0,0.78,2026-05-31T12:00:00
FC-004273,SEC-005,2026-06-01,0,4,0.8,2026-05-31T12:00:00
FC-004274,SEC-005,2026-06-01,1,2,0.93,2026-05-31T12:00:00
FC-004275,SEC-005,2026-06-01,2,2,0.76,2026-05-31T12:00:00
FC-004276,SEC-005,2026-06-01,3,2,0.94,2026-05-31T12:00:00
FC-004277,SEC-005,2026-06-01,4,4,0.81,2026-05-31T12:00:00
FC-004278,SEC-005,2026-06-01,5,0,0.91,2026-05-31T12:00:00
FC-004279,SEC-005,2026-06-01,6,0,0.92,2026-05-31T12:00:00
FC-004280,SEC-005,2026-06-01,7,1,0.7,2026-05-31T12:00:00
FC-004281,SEC-005,2026-06-01,8,2,0.9,2026-05-31T12:00:00
FC-004282,SEC-005,2026-06-01,9,0,0.75,2026-05-31T12:00:00
FC-004283,SEC-005,2026-06-01,10,1,0.78,2026-05-31T12:00:00
FC-004284,SEC-005,2026-06-01,11,0,0.92,2026-05-31T12:00:00
FC-004285,SEC-005,2026-06-01,12,0,0.88,2026-05-31T12:00:00
FC-004286,SEC-005,2026-06-01,13,1,0.72,2026-05-31T12:00:00
FC-004287,SEC-005,2026-06-01,14,0,0.86,2026-05-31T12:00:00
FC-004288,SEC-005,2026-06-01,15,0,0.86,2026-05-31T12:00:00
FC-004289,SEC-005,2026-06-01,16,1,0.95,2026-05-31T12:00:00
FC-004290,SEC-005,2026-06-01,17,0,0.73,2026-05-31T12:00:00
FC-004291,SEC-005,2026-06-01,18,0,0.91,2026-05-31T12:00:00
FC-004292,SEC-005,2026-06-01,19,1,0.74,2026-05-31T12:00:00
FC-004293,SEC-005,2026-06-01,20,1,0.83,2026-05-31T12:00:00
FC-004294,SEC-005,2026-06-01,21,1,0.72,2026-05-31T12:00:00
FC-004295,SEC-005,2026-06-01,22,1,0.71,2026-05-31T12:00:00
FC-004296,SEC-005,2026-06-01,23,2,0.88,2026-05-31T12:00:00
FC-004297,SEC-006,2026-06-01,0,1,0.72,2026-05-31T12:00:00
FC-004298,SEC-006,2026-06-01,1,2,0.74,2026-05-31T12:00:00
FC-004299,SEC-006,2026-06-01,2,0,0.72,2026-05-31T12:00:00
FC-004300,SEC-006,2026-06-01,3,3,0.7,2026-05-31T12:00:00
FC-004301,SEC-006,2026-06-01,4,0,0.93,2026-05-31T12:00:00
FC-004302,SEC-006,2026-06-01,5,0,0.83,2026-05-31T12:00:00
FC-004303,SEC-006,2026-06-01,6,0,0.77,2026-05-31T12:00:00
FC-004304,SEC-006,2026-06-01,7,0,0.95,2026-05-31T12:00:00
FC-004305,SEC-006,2026-06-01,8,0,0.86,2026-05-31T12:00:00
FC-004306,SEC-006,2026-06-01,9,2,0.8,2026-05-31T12:00:00
FC-004307,SEC-006,2026-06-01,10,0,0.71,2026-05-31T12:00:00
FC-004308,SEC-006,2026-06-01,11,0,0.78,2026-05-31T12:00:00
FC-004309,SEC-006,2026-06-01,12,0,0.74,2026-05-31T12:00:00
FC-004310,SEC-006,2026-06-01,13,0,0.94,2026-05-31T12:00:00
FC-004311,SEC-006,2026-06-01,14,0,0.75,2026-05-31T12:00:00
FC-004312,SEC-006,2026-06-01,15,0,0.85,2026-05-31T12:00:00
FC-004313,SEC-006,2026-06-01,16,1,0.81,2026-05-31T12:00:00
FC-004314,SEC-006,2026-06-01,17,0,0.89,2026-05-31T12:00:00
FC-004315,SEC-006,2026-06-01,18,0,0.88,2026-05-31T12:00:00
FC-004316,SEC-006,2026-06-01,19,0,0.81,2026-05-31T12:00:00
FC-004317,SEC-006,2026-06-01,20,1,0.94,2026-05-31T12:00:00
FC-004318,SEC-006,2026-06-01,21,0,0.83,2026-05-31T12:00:00
FC-004319,SEC-006,2026-06-01,22,0,0.88,2026-05-31T12:00:00
FC-004320,SEC-006,2026-06-01,23,2,0.75,2026-05-31T12:00:00
FC-004321,SEC-001,2026-06-02,0,3,0.9,2026-06-01T12:00:00
FC-004322,SEC-001,2026-06-02,1,3,0.8,2026-06-01T12:00:00
FC-004323,SEC-001,2026-06-02,2,4,0.91,2026-06-01T12:00:00
FC-004324,SEC-001,2026-06-02,3,2,0.77,2026-06-01T12:00:00
FC-004325,SEC-001,2026-06-02,4,4,0.83,2026-06-01T12:00:00
FC-004326,SEC-001,2026-06-02,5,1,0.85,2026-06-01T12:00:00
FC-004327,SEC-001,2026-06-02,6,0,0.76,2026-06-01T12:00:00
FC-004328,SEC-001,2026-06-02,7,0,0.91,2026-06-01T12:00:00
FC-004329,SEC-001,2026-06-02,8,1,0.94,2026-06-01T12:00:00
FC-004330,SEC-001,2026-06-02,9,2,0.91,2026-06-01T12:00:00
FC-004331,SEC-001,2026-06-02,10,0,0.75,2026-06-01T12:00:00
FC-004332,SEC-001,2026-06-02,11,0,0.75,2026-06-01T12:00:00
FC-004333,SEC-001,2026-06-02,12,0,0.7,2026-06-01T12:00:00
FC-004334,SEC-001,2026-06-02,13,0,0.76,2026-06-01T12:00:00
FC-004335,SEC-001,2026-06-02,14,0,0.7,2026-06-01T12:00:00
FC-004336,SEC-001,2026-06-02,15,2,0.81,2026-06-01T12:00:00
FC-004337,SEC-001,2026-06-02,16,1,0.8,2026-06-01T12:00:00
FC-004338,SEC-001,2026-06-02,17,1,0.8,2026-06-01T12:00:00
FC-004339,SEC-001,2026-06-02,18,0,0.92,2026-06-01T12:00:00
FC-004340,SEC-001,2026-06-02,19,0,0.76,2026-06-01T12:00:00
FC-004341,SEC-001,2026-06-02,20,0,0.95,2026-06-01T12:00:00
FC-004342,SEC-001,2026-06-02,21,0,0.74,2026-06-01T12:00:00
FC-004343,SEC-001,2026-06-02,22,1,0.76,2026-06-01T12:00:00
FC-004344,SEC-001,2026-06-02,23,1,0.86,2026-06-01T12:00:00
FC-004345,SEC-002,2026-06-02,0,2,0.71,2026-06-01T12:00:00
FC-004346,SEC-002,2026-06-02,1,0,0.73,2026-06-01T12:00:00
FC-004347,SEC-002,2026-06-02,2,0,0.73,2026-06-01T12:00:00
FC-004348,SEC-002,2026-06-02,3,0,0.83,2026-06-01T12:00:00
FC-004349,SEC-002,2026-06-02,4,1,0.86,2026-06-01T12:00:00
FC-004350,SEC-002,2026-06-02,5,0,0.72,2026-06-01T12:00:00
FC-004351,SEC-002,2026-06-02,6,0,0.77,2026-06-01T12:00:00
FC-004352,SEC-002,2026-06-02,7,1,0.89,2026-06-01T12:00:00
FC-004353,SEC-002,2026-06-02,8,0,0.73,2026-06-01T12:00:00
FC-004354,SEC-002,2026-06-02,9,0,0.73,2026-06-01T12:00:00
FC-004355,SEC-002,2026-06-02,10,0,0.79,2026-06-01T12:00:00
FC-004356,SEC-002,2026-06-02,11,0,0.71,2026-06-01T12:00:00
FC-004357,SEC-002,2026-06-02,12,0,0.87,2026-06-01T12:00:00
FC-004358,SEC-002,2026-06-02,13,0,0.83,2026-06-01T12:00:00
FC-004359,SEC-002,2026-06-02,14,0,0.83,2026-06-01T12:00:00
FC-004360,SEC-002,2026-06-02,15,2,0.88,2026-06-01T12:00:00
FC-004361,SEC-002,2026-06-02,16,0,0.77,2026-06-01T12:00:00
FC-004362,SEC-002,2026-06-02,17,1,0.78,2026-06-01T12:00:00
FC-004363,SEC-002,2026-06-02,18,0,0.79,2026-06-01T12:00:00
FC-004364,SEC-002,2026-06-02,19,1,0.91,2026-06-01T12:00:00
FC-004365,SEC-002,2026-06-02,20,1,0.86,2026-06-01T12:00:00
FC-004366,SEC-002,2026-06-02,21,0,0.81,2026-06-01T12:00:00
FC-004367,SEC-002,2026-06-02,22,0,0.82,2026-06-01T12:00:00
FC-004368,SEC-002,2026-06-02,23,3,0.86,2026-06-01T12:00:00
FC-004369,SEC-003,2026-06-02,0,1,0.89,2026-06-01T12:00:00
FC-004370,SEC-003,2026-06-02,1,3,0.76,2026-06-01T12:00:00
FC-004371,SEC-003,2026-06-02,2,2,0.86,2026-06-01T12:00:00
FC-004372,SEC-003,2026-06-02,3,2,0.75,2026-06-01T12:00:00
FC-004373,SEC-003,2026-06-02,4,2,0.93,2026-06-01T12:00:00
FC-004374,SEC-003,2026-06-02,5,0,0.88,2026-06-01T12:00:00
FC-004375,SEC-003,2026-06-02,6,0,0.72,2026-06-01T12:00:00
FC-004376,SEC-003,2026-06-02,7,0,0.76,2026-06-01T12:00:00
FC-004377,SEC-003,2026-06-02,8,0,0.94,2026-06-01T12:00:00
FC-004378,SEC-003,2026-06-02,9,0,0.92,2026-06-01T12:00:00
FC-004379,SEC-003,2026-06-02,10,2,0.79,2026-06-01T12:00:00
FC-004380,SEC-003,2026-06-02,11,0,0.77,2026-06-01T12:00:00
FC-004381,SEC-003,2026-06-02,12,1,0.89,2026-06-01T12:00:00
FC-004382,SEC-003,2026-06-02,13,2,0.73,2026-06-01T12:00:00
FC-004383,SEC-003,2026-06-02,14,0,0.87,2026-06-01T12:00:00
FC-004384,SEC-003,2026-06-02,15,0,0.92,2026-06-01T12:00:00
FC-004385,SEC-003,2026-06-02,16,0,0.78,2026-06-01T12:00:00
FC-004386,SEC-003,2026-06-02,17,0,0.89,2026-06-01T12:00:00
FC-004387,SEC-003,2026-06-02,18,0,0.8,2026-06-01T12:00:00
FC-004388,SEC-003,2026-06-02,19,2,0.71,2026-06-01T12:00:00
FC-004389,SEC-003,2026-06-02,20,0,0.85,2026-06-01T12:00:00
FC-004390,SEC-003,2026-06-02,21,0,0.78,2026-06-01T12:00:00
FC-004391,SEC-003,2026-06-02,22,4,0.93,2026-06-01T12:00:00
FC-004392,SEC-003,2026-06-02,23,1,0.89,2026-06-01T12:00:00
FC-004393,SEC-004,2026-06-02,0,0,0.7,2026-06-01T12:00:00
FC-004394,SEC-004,2026-06-02,1,1,0.94,2026-06-01T12:00:00
FC-004395,SEC-004,2026-06-02,2,2,0.93,2026-06-01T12:00:00
FC-004396,SEC-004,2026-06-02,3,1,0.86,2026-06-01T12:00:00
FC-004397,SEC-004,2026-06-02,4,3,0.8,2026-06-01T12:00:00
FC-004398,SEC-004,2026-06-02,5,1,0.85,2026-06-01T12:00:00
FC-004399,SEC-004,2026-06-02,6,0,0.79,2026-06-01T12:00:00
FC-004400,SEC-004,2026-06-02,7,0,0.72,2026-06-01T12:00:00
FC-004401,SEC-004,2026-06-02,8,0,0.73,2026-06-01T12:00:00
FC-004402,SEC-004,2026-06-02,9,0,0.72,2026-06-01T12:00:00
FC-004403,SEC-004,2026-06-02,10,0,0.9,2026-06-01T12:00:00
FC-004404,SEC-004,2026-06-02,11,0,0.79,2026-06-01T12:00:00
FC-004405,SEC-004,2026-06-02,12,1,0.91,2026-06-01T12:00:00
FC-004406,SEC-004,2026-06-02,13,0,0.77,2026-06-01T12:00:00
FC-004407,SEC-004,2026-06-02,14,1,0.71,2026-06-01T12:00:00
FC-004408,SEC-004,2026-06-02,15,0,0.94,2026-06-01T12:00:00
FC-004409,SEC-004,2026-06-02,16,0,0.95,2026-06-01T12:00:00
FC-004410,SEC-004,2026-06-02,17,0,0.9,2026-06-01T12:00:00
FC-004411,SEC-004,2026-06-02,18,0,0.78,2026-06-01T12:00:00
FC-004412,SEC-004,2026-06-02,19,1,0.7,2026-06-01T12:00:00
FC-004413,SEC-004,2026-06-02,20,1,0.76,2026-06-01T12:00:00
FC-004414,SEC-004,2026-06-02,21,1,0.84,2026-06-01T12:00:00
FC-004415,SEC-004,2026-06-02,22,1,0.77,2026-06-01T12:00:00
FC-004416,SEC-004,2026-06-02,23,1,0.77,2026-06-01T12:00:00
FC-004417,SEC-005,2026-06-02,0,1,0.91,2026-06-01T12:00:00
FC-004418,SEC-005,2026-06-02,1,1,0.93,2026-06-01T12:00:00
FC-004419,SEC-005,2026-06-02,2,2,0.89,2026-06-01T12:00:00
FC-004420,SEC-005,2026-06-02,3,3,0.93,2026-06-01T12:00:00
FC-004421,SEC-005,2026-06-02,4,0,0.91,2026-06-01T12:00:00
FC-004422,SEC-005,2026-06-02,5,2,0.94,2026-06-01T12:00:00
FC-004423,SEC-005,2026-06-02,6,0,0.79,2026-06-01T12:00:00
FC-004424,SEC-005,2026-06-02,7,0,0.81,2026-06-01T12:00:00
FC-004425,SEC-005,2026-06-02,8,0,0.92,2026-06-01T12:00:00
FC-004426,SEC-005,2026-06-02,9,1,0.72,2026-06-01T12:00:00
FC-004427,SEC-005,2026-06-02,10,2,0.76,2026-06-01T12:00:00
FC-004428,SEC-005,2026-06-02,11,1,0.7,2026-06-01T12:00:00
FC-004429,SEC-005,2026-06-02,12,0,0.95,2026-06-01T12:00:00
FC-004430,SEC-005,2026-06-02,13,1,0.89,2026-06-01T12:00:00
FC-004431,SEC-005,2026-06-02,14,0,0.78,2026-06-01T12:00:00
FC-004432,SEC-005,2026-06-02,15,0,0.74,2026-06-01T12:00:00
FC-004433,SEC-005,2026-06-02,16,1,0.71,2026-06-01T12:00:00
FC-004434,SEC-005,2026-06-02,17,0,0.77,2026-06-01T12:00:00
FC-004435,SEC-005,2026-06-02,18,0,0.86,2026-06-01T12:00:00
FC-004436,SEC-005,2026-06-02,19,1,0.79,2026-06-01T12:00:00
FC-004437,SEC-005,2026-06-02,20,0,0.82,2026-06-01T12:00:00
FC-004438,SEC-005,2026-06-02,21,0,0.74,2026-06-01T12:00:00
FC-004439,SEC-005,2026-06-02,22,2,0.88,2026-06-01T12:00:00
FC-004440,SEC-005,2026-06-02,23,1,0.77,2026-06-01T12:00:00
FC-004441,SEC-006,2026-06-02,0,2,0.71,2026-06-01T12:00:00
FC-004442,SEC-006,2026-06-02,1,3,0.74,2026-06-01T12:00:00
FC-004443,SEC-006,2026-06-02,2,3,0.73,2026-06-01T12:00:00
FC-004444,SEC-006,2026-06-02,3,2,0.73,2026-06-01T12:00:00
FC-004445,SEC-006,2026-06-02,4,2,0.75,2026-06-01T12:00:00
FC-004446,SEC-006,2026-06-02,5,2,0.85,2026-06-01T12:00:00
FC-004447,SEC-006,2026-06-02,6,0,0.76,2026-06-01T12:00:00
FC-004448,SEC-006,2026-06-02,7,0,0.74,2026-06-01T12:00:00
FC-004449,SEC-006,2026-06-02,8,0,0.71,2026-06-01T12:00:00
FC-004450,SEC-006,2026-06-02,9,0,0.93,2026-06-01T12:00:00
FC-004451,SEC-006,2026-06-02,10,1,0.77,2026-06-01T12:00:00
FC-004452,SEC-006,2026-06-02,11,0,0.92,2026-06-01T12:00:00
FC-004453,SEC-006,2026-06-02,12,0,0.72,2026-06-01T12:00:00
FC-004454,SEC-006,2026-06-02,13,0,0.85,2026-06-01T12:00:00
FC-004455,SEC-006,2026-06-02,14,0,0.86,2026-06-01T12:00:00
FC-004456,SEC-006,2026-06-02,15,0,0.82,2026-06-01T12:00:00
FC-004457,SEC-006,2026-06-02,16,0,0.88,2026-06-01T12:00:00
FC-004458,SEC-006,2026-06-02,17,1,0.82,2026-06-01T12:00:00
FC-004459,SEC-006,2026-06-02,18,1,0.77,2026-06-01T12:00:00
FC-004460,SEC-006,2026-06-02,19,0,0.87,2026-06-01T12:00:00
FC-004461,SEC-006,2026-06-02,20,1,0.76,2026-06-01T12:00:00
FC-004462,SEC-006,2026-06-02,21,0,0.81,2026-06-01T12:00:00
FC-004463,SEC-006,2026-06-02,22,4,0.75,2026-06-01T12:00:00
FC-004464,SEC-006,2026-06-02,23,1,0.88,2026-06-01T12:00:00
FC-004465,SEC-001,2026-06-03,0,1,0.81,2026-06-02T12:00:00
FC-004466,SEC-001,2026-06-03,1,2,0.78,2026-06-02T12:00:00
FC-004467,SEC-001,2026-06-03,2,0,0.72,2026-06-02T12:00:00
FC-004468,SEC-001,2026-06-03,3,3,0.75,2026-06-02T12:00:00
FC-004469,SEC-001,2026-06-03,4,5,0.88,2026-06-02T12:00:00
FC-004470,SEC-001,2026-06-03,5,0,0.83,2026-06-02T12:00:00
FC-004471,SEC-001,2026-06-03,6,0,0.82,2026-06-02T12:00:00
FC-004472,SEC-001,2026-06-03,7,1,0.84,2026-06-02T12:00:00
FC-004473,SEC-001,2026-06-03,8,0,0.83,2026-06-02T12:00:00
FC-004474,SEC-001,2026-06-03,9,0,0.91,2026-06-02T12:00:00
FC-004475,SEC-001,2026-06-03,10,1,0.79,2026-06-02T12:00:00
FC-004476,SEC-001,2026-06-03,11,0,0.89,2026-06-02T12:00:00
FC-004477,SEC-001,2026-06-03,12,0,0.92,2026-06-02T12:00:00
FC-004478,SEC-001,2026-06-03,13,1,0.79,2026-06-02T12:00:00
FC-004479,SEC-001,2026-06-03,14,1,0.93,2026-06-02T12:00:00
FC-004480,SEC-001,2026-06-03,15,1,0.78,2026-06-02T12:00:00
FC-004481,SEC-001,2026-06-03,16,0,0.78,2026-06-02T12:00:00
FC-004482,SEC-001,2026-06-03,17,1,0.76,2026-06-02T12:00:00
FC-004483,SEC-001,2026-06-03,18,1,0.78,2026-06-02T12:00:00
FC-004484,SEC-001,2026-06-03,19,1,0.86,2026-06-02T12:00:00
FC-004485,SEC-001,2026-06-03,20,0,0.85,2026-06-02T12:00:00
FC-004486,SEC-001,2026-06-03,21,0,0.79,2026-06-02T12:00:00
FC-004487,SEC-001,2026-06-03,22,3,0.78,2026-06-02T12:00:00
FC-004488,SEC-001,2026-06-03,23,4,0.73,2026-06-02T12:00:00
FC-004489,SEC-002,2026-06-03,0,2,0.77,2026-06-02T12:00:00
FC-004490,SEC-002,2026-06-03,1,2,0.81,2026-06-02T12:00:00
FC-004491,SEC-002,2026-06-03,2,3,0.71,2026-06-02T12:00:00
FC-004492,SEC-002,2026-06-03,3,4,0.76,2026-06-02T12:00:00
FC-004493,SEC-002,2026-06-03,4,4,0.82,2026-06-02T12:00:00
FC-004494,SEC-002,2026-06-03,5,2,0.92,2026-06-02T12:00:00
FC-004495,SEC-002,2026-06-03,6,0,0.76,2026-06-02T12:00:00
FC-004496,SEC-002,2026-06-03,7,1,0.95,2026-06-02T12:00:00
FC-004497,SEC-002,2026-06-03,8,0,0.83,2026-06-02T12:00:00
FC-004498,SEC-002,2026-06-03,9,0,0.84,2026-06-02T12:00:00
FC-004499,SEC-002,2026-06-03,10,1,0.8,2026-06-02T12:00:00
FC-004500,SEC-002,2026-06-03,11,0,0.71,2026-06-02T12:00:00
FC-004501,SEC-002,2026-06-03,12,0,0.91,2026-06-02T12:00:00
FC-004502,SEC-002,2026-06-03,13,0,0.86,2026-06-02T12:00:00
FC-004503,SEC-002,2026-06-03,14,0,0.93,2026-06-02T12:00:00
FC-004504,SEC-002,2026-06-03,15,0,0.77,2026-06-02T12:00:00
FC-004505,SEC-002,2026-06-03,16,0,0.88,2026-06-02T12:00:00
FC-004506,SEC-002,2026-06-03,17,1,0.79,2026-06-02T12:00:00
FC-004507,SEC-002,2026-06-03,18,0,0.9,2026-06-02T12:00:00
FC-004508,SEC-002,2026-06-03,19,0,0.87,2026-06-02T12:00:00
FC-004509,SEC-002,2026-06-03,20,0,0.84,2026-06-02T12:00:00
FC-004510,SEC-002,2026-06-03,21,0,0.87,2026-06-02T12:00:00
FC-004511,SEC-002,2026-06-03,22,2,0.84,2026-06-02T12:00:00
FC-004512,SEC-002,2026-06-03,23,1,0.76,2026-06-02T12:00:00
FC-004513,SEC-003,2026-06-03,0,1,0.82,2026-06-02T12:00:00
FC-004514,SEC-003,2026-06-03,1,2,0.87,2026-06-02T12:00:00
FC-004515,SEC-003,2026-06-03,2,1,0.84,2026-06-02T12:00:00
FC-004516,SEC-003,2026-06-03,3,2,0.71,2026-06-02T12:00:00
FC-004517,SEC-003,2026-06-03,4,0,0.78,2026-06-02T12:00:00
FC-004518,SEC-003,2026-06-03,5,0,0.79,2026-06-02T12:00:00
FC-004519,SEC-003,2026-06-03,6,0,0.7,2026-06-02T12:00:00
FC-004520,SEC-003,2026-06-03,7,1,0.84,2026-06-02T12:00:00
FC-004521,SEC-003,2026-06-03,8,1,0.92,2026-06-02T12:00:00
FC-004522,SEC-003,2026-06-03,9,0,0.75,2026-06-02T12:00:00
FC-004523,SEC-003,2026-06-03,10,0,0.78,2026-06-02T12:00:00
FC-004524,SEC-003,2026-06-03,11,0,0.77,2026-06-02T12:00:00
FC-004525,SEC-003,2026-06-03,12,0,0.77,2026-06-02T12:00:00
FC-004526,SEC-003,2026-06-03,13,1,0.7,2026-06-02T12:00:00
FC-004527,SEC-003,2026-06-03,14,1,0.78,2026-06-02T12:00:00
FC-004528,SEC-003,2026-06-03,15,0,0.88,2026-06-02T12:00:00
FC-004529,SEC-003,2026-06-03,16,0,0.86,2026-06-02T12:00:00
FC-004530,SEC-003,2026-06-03,17,0,0.94,2026-06-02T12:00:00
FC-004531,SEC-003,2026-06-03,18,0,0.85,2026-06-02T12:00:00
FC-004532,SEC-003,2026-06-03,19,0,0.79,2026-06-02T12:00:00
FC-004533,SEC-003,2026-06-03,20,0,0.82,2026-06-02T12:00:00
FC-004534,SEC-003,2026-06-03,21,4,0.91,2026-06-02T12:00:00
FC-004535,SEC-003,2026-06-03,22,2,0.93,2026-06-02T12:00:00
FC-004536,SEC-003,2026-06-03,23,1,0.82,2026-06-02T12:00:00
FC-004537,SEC-004,2026-06-03,0,1,0.88,2026-06-02T12:00:00
FC-004538,SEC-004,2026-06-03,1,3,0.92,2026-06-02T12:00:00
FC-004539,SEC-004,2026-06-03,2,1,0.85,2026-06-02T12:00:00
FC-004540,SEC-004,2026-06-03,3,0,0.79,2026-06-02T12:00:00
FC-004541,SEC-004,2026-06-03,4,2,0.92,2026-06-02T12:00:00
FC-004542,SEC-004,2026-06-03,5,0,0.84,2026-06-02T12:00:00
FC-004543,SEC-004,2026-06-03,6,1,0.93,2026-06-02T12:00:00
FC-004544,SEC-004,2026-06-03,7,1,0.71,2026-06-02T12:00:00
FC-004545,SEC-004,2026-06-03,8,0,0.72,2026-06-02T12:00:00
FC-004546,SEC-004,2026-06-03,9,0,0.83,2026-06-02T12:00:00
FC-004547,SEC-004,2026-06-03,10,0,0.77,2026-06-02T12:00:00
FC-004548,SEC-004,2026-06-03,11,0,0.95,2026-06-02T12:00:00
FC-004549,SEC-004,2026-06-03,12,2,0.75,2026-06-02T12:00:00
FC-004550,SEC-004,2026-06-03,13,0,0.79,2026-06-02T12:00:00
FC-004551,SEC-004,2026-06-03,14,2,0.77,2026-06-02T12:00:00
FC-004552,SEC-004,2026-06-03,15,0,0.82,2026-06-02T12:00:00
FC-004553,SEC-004,2026-06-03,16,0,0.71,2026-06-02T12:00:00
FC-004554,SEC-004,2026-06-03,17,1,0.93,2026-06-02T12:00:00
FC-004555,SEC-004,2026-06-03,18,1,0.74,2026-06-02T12:00:00
FC-004556,SEC-004,2026-06-03,19,0,0.93,2026-06-02T12:00:00
FC-004557,SEC-004,2026-06-03,20,0,0.78,2026-06-02T12:00:00
FC-004558,SEC-004,2026-06-03,21,2,0.76,2026-06-02T12:00:00
FC-004559,SEC-004,2026-06-03,22,3,0.75,2026-06-02T12:00:00
FC-004560,SEC-004,2026-06-03,23,4,0.84,2026-06-02T12:00:00
FC-004561,SEC-005,2026-06-03,0,2,0.8,2026-06-02T12:00:00
FC-004562,SEC-005,2026-06-03,1,1,0.76,2026-06-02T12:00:00
FC-004563,SEC-005,2026-06-03,2,3,0.71,2026-06-02T12:00:00
FC-004564,SEC-005,2026-06-03,3,3,0.92,2026-06-02T12:00:00
FC-004565,SEC-005,2026-06-03,4,0,0.73,2026-06-02T12:00:00
FC-004566,SEC-005,2026-06-03,5,2,0.77,2026-06-02T12:00:00
FC-004567,SEC-005,2026-06-03,6,0,0.77,2026-06-02T12:00:00
FC-004568,SEC-005,2026-06-03,7,2,0.84,2026-06-02T12:00:00
FC-004569,SEC-005,2026-06-03,8,0,0.71,2026-06-02T12:00:00
FC-004570,SEC-005,2026-06-03,9,1,0.86,2026-06-02T12:00:00
FC-004571,SEC-005,2026-06-03,10,0,0.94,2026-06-02T12:00:00
FC-004572,SEC-005,2026-06-03,11,0,0.86,2026-06-02T12:00:00
FC-004573,SEC-005,2026-06-03,12,0,0.8,2026-06-02T12:00:00
FC-004574,SEC-005,2026-06-03,13,0,0.8,2026-06-02T12:00:00
FC-004575,SEC-005,2026-06-03,14,0,0.75,2026-06-02T12:00:00
FC-004576,SEC-005,2026-06-03,15,0,0.78,2026-06-02T12:00:00
FC-004577,SEC-005,2026-06-03,16,0,0.84,2026-06-02T12:00:00
FC-004578,SEC-005,2026-06-03,17,0,0.71,2026-06-02T12:00:00
FC-004579,SEC-005,2026-06-03,18,0,0.81,2026-06-02T12:00:00
FC-004580,SEC-005,2026-06-03,19,0,0.92,2026-06-02T12:00:00
FC-004581,SEC-005,2026-06-03,20,1,0.93,2026-06-02T12:00:00
FC-004582,SEC-005,2026-06-03,21,1,0.75,2026-06-02T12:00:00
FC-004583,SEC-005,2026-06-03,22,5,0.85,2026-06-02T12:00:00
FC-004584,SEC-005,2026-06-03,23,3,0.8,2026-06-02T12:00:00
FC-004585,SEC-006,2026-06-03,0,1,0.92,2026-06-02T12:00:00
FC-004586,SEC-006,2026-06-03,1,1,0.79,2026-06-02T12:00:00
FC-004587,SEC-006,2026-06-03,2,3,0.78,2026-06-02T12:00:00
FC-004588,SEC-006,2026-06-03,3,1,0.81,2026-06-02T12:00:00
FC-004589,SEC-006,2026-06-03,4,2,0.75,2026-06-02T12:00:00
FC-004590,SEC-006,2026-06-03,5,0,0.88,2026-06-02T12:00:00
FC-004591,SEC-006,2026-06-03,6,0,0.71,2026-06-02T12:00:00
FC-004592,SEC-006,2026-06-03,7,2,0.79,2026-06-02T12:00:00
FC-004593,SEC-006,2026-06-03,8,0,0.86,2026-06-02T12:00:00
FC-004594,SEC-006,2026-06-03,9,0,0.75,2026-06-02T12:00:00
FC-004595,SEC-006,2026-06-03,10,1,0.95,2026-06-02T12:00:00
FC-004596,SEC-006,2026-06-03,11,0,0.9,2026-06-02T12:00:00
FC-004597,SEC-006,2026-06-03,12,0,0.75,2026-06-02T12:00:00
FC-004598,SEC-006,2026-06-03,13,0,0.85,2026-06-02T12:00:00
FC-004599,SEC-006,2026-06-03,14,0,0.86,2026-06-02T12:00:00
FC-004600,SEC-006,2026-06-03,15,1,0.9,2026-06-02T12:00:00
FC-004601,SEC-006,2026-06-03,16,0,0.72,2026-06-02T12:00:00
FC-004602,SEC-006,2026-06-03,17,1,0.74,2026-06-02T12:00:00
FC-004603,SEC-006,2026-06-03,18,0,0.72,2026-06-02T12:00:00
FC-004604,SEC-006,2026-06-03,19,0,0.71,2026-06-02T12:00:00
FC-004605,SEC-006,2026-06-03,20,1,0.73,2026-06-02T12:00:00
FC-004606,SEC-006,2026-06-03,21,2,0.87,2026-06-02T12:00:00
FC-004607,SEC-006,2026-06-03,22,3,0.95,2026-06-02T12:00:00
FC-004608,SEC-006,2026-06-03,23,1,0.75,2026-06-02T12:00:00
FC-004609,SEC-001,2026-06-04,0,2,0.82,2026-06-03T12:00:00
FC-004610,SEC-001,2026-06-04,1,3,0.75,2026-06-03T12:00:00
FC-004611,SEC-001,2026-06-04,2,0,0.88,2026-06-03T12:00:00
FC-004612,SEC-001,2026-06-04,3,0,0.94,2026-06-03T12:00:00
FC-004613,SEC-001,2026-06-04,4,4,0.84,2026-06-03T12:00:00
FC-004614,SEC-001,2026-06-04,5,1,0.92,2026-06-03T12:00:00
FC-004615,SEC-001,2026-06-04,6,1,0.94,2026-06-03T12:00:00
FC-004616,SEC-001,2026-06-04,7,0,0.89,2026-06-03T12:00:00
FC-004617,SEC-001,2026-06-04,8,1,0.9,2026-06-03T12:00:00
FC-004618,SEC-001,2026-06-04,9,2,0.84,2026-06-03T12:00:00
FC-004619,SEC-001,2026-06-04,10,0,0.9,2026-06-03T12:00:00
FC-004620,SEC-001,2026-06-04,11,0,0.83,2026-06-03T12:00:00
FC-004621,SEC-001,2026-06-04,12,0,0.91,2026-06-03T12:00:00
FC-004622,SEC-001,2026-06-04,13,0,0.87,2026-06-03T12:00:00
FC-004623,SEC-001,2026-06-04,14,0,0.84,2026-06-03T12:00:00
FC-004624,SEC-001,2026-06-04,15,0,0.93,2026-06-03T12:00:00
FC-004625,SEC-001,2026-06-04,16,0,0.93,2026-06-03T12:00:00
FC-004626,SEC-001,2026-06-04,17,2,0.87,2026-06-03T12:00:00
FC-004627,SEC-001,2026-06-04,18,0,0.8,2026-06-03T12:00:00
FC-004628,SEC-001,2026-06-04,19,1,0.8,2026-06-03T12:00:00
FC-004629,SEC-001,2026-06-04,20,0,0.81,2026-06-03T12:00:00
FC-004630,SEC-001,2026-06-04,21,0,0.87,2026-06-03T12:00:00
FC-004631,SEC-001,2026-06-04,22,1,0.77,2026-06-03T12:00:00
FC-004632,SEC-001,2026-06-04,23,2,0.75,2026-06-03T12:00:00
FC-004633,SEC-002,2026-06-04,0,1,0.75,2026-06-03T12:00:00
FC-004634,SEC-002,2026-06-04,1,2,0.72,2026-06-03T12:00:00
FC-004635,SEC-002,2026-06-04,2,3,0.78,2026-06-03T12:00:00
FC-004636,SEC-002,2026-06-04,3,3,0.85,2026-06-03T12:00:00
FC-004637,SEC-002,2026-06-04,4,5,0.75,2026-06-03T12:00:00
FC-004638,SEC-002,2026-06-04,5,0,0.92,2026-06-03T12:00:00
FC-004639,SEC-002,2026-06-04,6,0,0.72,2026-06-03T12:00:00
FC-004640,SEC-002,2026-06-04,7,0,0.74,2026-06-03T12:00:00
FC-004641,SEC-002,2026-06-04,8,2,0.74,2026-06-03T12:00:00
FC-004642,SEC-002,2026-06-04,9,0,0.77,2026-06-03T12:00:00
FC-004643,SEC-002,2026-06-04,10,0,0.89,2026-06-03T12:00:00
FC-004644,SEC-002,2026-06-04,11,0,0.73,2026-06-03T12:00:00
FC-004645,SEC-002,2026-06-04,12,2,0.93,2026-06-03T12:00:00
FC-004646,SEC-002,2026-06-04,13,0,0.71,2026-06-03T12:00:00
FC-004647,SEC-002,2026-06-04,14,1,0.78,2026-06-03T12:00:00
FC-004648,SEC-002,2026-06-04,15,2,0.95,2026-06-03T12:00:00
FC-004649,SEC-002,2026-06-04,16,1,0.76,2026-06-03T12:00:00
FC-004650,SEC-002,2026-06-04,17,0,0.79,2026-06-03T12:00:00
FC-004651,SEC-002,2026-06-04,18,0,0.86,2026-06-03T12:00:00
FC-004652,SEC-002,2026-06-04,19,2,0.85,2026-06-03T12:00:00
FC-004653,SEC-002,2026-06-04,20,1,0.77,2026-06-03T12:00:00
FC-004654,SEC-002,2026-06-04,21,0,0.86,2026-06-03T12:00:00
FC-004655,SEC-002,2026-06-04,22,2,0.83,2026-06-03T12:00:00
FC-004656,SEC-002,2026-06-04,23,1,0.77,2026-06-03T12:00:00
FC-004657,SEC-003,2026-06-04,0,2,0.85,2026-06-03T12:00:00
FC-004658,SEC-003,2026-06-04,1,1,0.9,2026-06-03T12:00:00
FC-004659,SEC-003,2026-06-04,2,2,0.91,2026-06-03T12:00:00
FC-004660,SEC-003,2026-06-04,3,1,0.74,2026-06-03T12:00:00
FC-004661,SEC-003,2026-06-04,4,1,0.79,2026-06-03T12:00:00
FC-004662,SEC-003,2026-06-04,5,0,0.83,2026-06-03T12:00:00
FC-004663,SEC-003,2026-06-04,6,0,0.72,2026-06-03T12:00:00
FC-004664,SEC-003,2026-06-04,7,0,0.93,2026-06-03T12:00:00
FC-004665,SEC-003,2026-06-04,8,2,0.89,2026-06-03T12:00:00
FC-004666,SEC-003,2026-06-04,9,0,0.87,2026-06-03T12:00:00
FC-004667,SEC-003,2026-06-04,10,0,0.79,2026-06-03T12:00:00
FC-004668,SEC-003,2026-06-04,11,0,0.77,2026-06-03T12:00:00
FC-004669,SEC-003,2026-06-04,12,2,0.8,2026-06-03T12:00:00
FC-004670,SEC-003,2026-06-04,13,0,0.92,2026-06-03T12:00:00
FC-004671,SEC-003,2026-06-04,14,1,0.71,2026-06-03T12:00:00
FC-004672,SEC-003,2026-06-04,15,0,0.75,2026-06-03T12:00:00
FC-004673,SEC-003,2026-06-04,16,0,0.76,2026-06-03T12:00:00
FC-004674,SEC-003,2026-06-04,17,0,0.74,2026-06-03T12:00:00
FC-004675,SEC-003,2026-06-04,18,0,0.73,2026-06-03T12:00:00
FC-004676,SEC-003,2026-06-04,19,0,0.88,2026-06-03T12:00:00
FC-004677,SEC-003,2026-06-04,20,0,0.73,2026-06-03T12:00:00
FC-004678,SEC-003,2026-06-04,21,0,0.86,2026-06-03T12:00:00
FC-004679,SEC-003,2026-06-04,22,3,0.94,2026-06-03T12:00:00
FC-004680,SEC-003,2026-06-04,23,3,0.92,2026-06-03T12:00:00
FC-004681,SEC-004,2026-06-04,0,1,0.72,2026-06-03T12:00:00
FC-004682,SEC-004,2026-06-04,1,5,0.73,2026-06-03T12:00:00
FC-004683,SEC-004,2026-06-04,2,0,0.76,2026-06-03T12:00:00
FC-004684,SEC-004,2026-06-04,3,0,0.79,2026-06-03T12:00:00
FC-004685,SEC-004,2026-06-04,4,0,0.87,2026-06-03T12:00:00
FC-004686,SEC-004,2026-06-04,5,0,0.79,2026-06-03T12:00:00
FC-004687,SEC-004,2026-06-04,6,0,0.71,2026-06-03T12:00:00
FC-004688,SEC-004,2026-06-04,7,1,0.72,2026-06-03T12:00:00
FC-004689,SEC-004,2026-06-04,8,1,0.84,2026-06-03T12:00:00
FC-004690,SEC-004,2026-06-04,9,1,0.91,2026-06-03T12:00:00
FC-004691,SEC-004,2026-06-04,10,0,0.93,2026-06-03T12:00:00
FC-004692,SEC-004,2026-06-04,11,0,0.82,2026-06-03T12:00:00
FC-004693,SEC-004,2026-06-04,12,1,0.87,2026-06-03T12:00:00
FC-004694,SEC-004,2026-06-04,13,0,0.79,2026-06-03T12:00:00
FC-004695,SEC-004,2026-06-04,14,0,0.92,2026-06-03T12:00:00
FC-004696,SEC-004,2026-06-04,15,0,0.78,2026-06-03T12:00:00
FC-004697,SEC-004,2026-06-04,16,0,0.8,2026-06-03T12:00:00
FC-004698,SEC-004,2026-06-04,17,1,0.8,2026-06-03T12:00:00
FC-004699,SEC-004,2026-06-04,18,0,0.77,2026-06-03T12:00:00
FC-004700,SEC-004,2026-06-04,19,0,0.76,2026-06-03T12:00:00
FC-004701,SEC-004,2026-06-04,20,1,0.82,2026-06-03T12:00:00
FC-004702,SEC-004,2026-06-04,21,0,0.89,2026-06-03T12:00:00
FC-004703,SEC-004,2026-06-04,22,4,0.7,2026-06-03T12:00:00
FC-004704,SEC-004,2026-06-04,23,1,0.76,2026-06-03T12:00:00
FC-004705,SEC-005,2026-06-04,0,0,0.89,2026-06-03T12:00:00
FC-004706,SEC-005,2026-06-04,1,0,0.72,2026-06-03T12:00:00
FC-004707,SEC-005,2026-06-04,2,1,0.7,2026-06-03T12:00:00
FC-004708,SEC-005,2026-06-04,3,1,0.71,2026-06-03T12:00:00
FC-004709,SEC-005,2026-06-04,4,3,0.86,2026-06-03T12:00:00
FC-004710,SEC-005,2026-06-04,5,1,0.74,2026-06-03T12:00:00
FC-004711,SEC-005,2026-06-04,6,0,0.92,2026-06-03T12:00:00
FC-004712,SEC-005,2026-06-04,7,3,0.92,2026-06-03T12:00:00
FC-004713,SEC-005,2026-06-04,8,0,0.85,2026-06-03T12:00:00
FC-004714,SEC-005,2026-06-04,9,0,0.75,2026-06-03T12:00:00
FC-004715,SEC-005,2026-06-04,10,1,0.78,2026-06-03T12:00:00
FC-004716,SEC-005,2026-06-04,11,0,0.85,2026-06-03T12:00:00
FC-004717,SEC-005,2026-06-04,12,0,0.76,2026-06-03T12:00:00
FC-004718,SEC-005,2026-06-04,13,0,0.94,2026-06-03T12:00:00
FC-004719,SEC-005,2026-06-04,14,0,0.83,2026-06-03T12:00:00
FC-004720,SEC-005,2026-06-04,15,0,0.79,2026-06-03T12:00:00
FC-004721,SEC-005,2026-06-04,16,0,0.8,2026-06-03T12:00:00
FC-004722,SEC-005,2026-06-04,17,0,0.73,2026-06-03T12:00:00
FC-004723,SEC-005,2026-06-04,18,0,0.74,2026-06-03T12:00:00
FC-004724,SEC-005,2026-06-04,19,1,0.78,2026-06-03T12:00:00
FC-004725,SEC-005,2026-06-04,20,0,0.75,2026-06-03T12:00:00
FC-004726,SEC-005,2026-06-04,21,0,0.81,2026-06-03T12:00:00
FC-004727,SEC-005,2026-06-04,22,2,0.89,2026-06-03T12:00:00
FC-004728,SEC-005,2026-06-04,23,0,0.93,2026-06-03T12:00:00
FC-004729,SEC-006,2026-06-04,0,0,0.7,2026-06-03T12:00:00
FC-004730,SEC-006,2026-06-04,1,1,0.89,2026-06-03T12:00:00
FC-004731,SEC-006,2026-06-04,2,1,0.81,2026-06-03T12:00:00
FC-004732,SEC-006,2026-06-04,3,4,0.95,2026-06-03T12:00:00
FC-004733,SEC-006,2026-06-04,4,4,0.8,2026-06-03T12:00:00
FC-004734,SEC-006,2026-06-04,5,0,0.8,2026-06-03T12:00:00
FC-004735,SEC-006,2026-06-04,6,2,0.92,2026-06-03T12:00:00
FC-004736,SEC-006,2026-06-04,7,0,0.82,2026-06-03T12:00:00
FC-004737,SEC-006,2026-06-04,8,0,0.94,2026-06-03T12:00:00
FC-004738,SEC-006,2026-06-04,9,1,0.75,2026-06-03T12:00:00
FC-004739,SEC-006,2026-06-04,10,0,0.78,2026-06-03T12:00:00
FC-004740,SEC-006,2026-06-04,11,1,0.84,2026-06-03T12:00:00
FC-004741,SEC-006,2026-06-04,12,0,0.72,2026-06-03T12:00:00
FC-004742,SEC-006,2026-06-04,13,0,0.72,2026-06-03T12:00:00
FC-004743,SEC-006,2026-06-04,14,0,0.89,2026-06-03T12:00:00
FC-004744,SEC-006,2026-06-04,15,0,0.9,2026-06-03T12:00:00
FC-004745,SEC-006,2026-06-04,16,0,0.71,2026-06-03T12:00:00
FC-004746,SEC-006,2026-06-04,17,0,0.71,2026-06-03T12:00:00
FC-004747,SEC-006,2026-06-04,18,0,0.76,2026-06-03T12:00:00
FC-004748,SEC-006,2026-06-04,19,1,0.71,2026-06-03T12:00:00
FC-004749,SEC-006,2026-06-04,20,0,0.9,2026-06-03T12:00:00
FC-004750,SEC-006,2026-06-04,21,0,0.9,2026-06-03T12:00:00
FC-004751,SEC-006,2026-06-04,22,1,0.81,2026-06-03T12:00:00
FC-004752,SEC-006,2026-06-04,23,1,0.79,2026-06-03T12:00:00
FC-004753,SEC-001,2026-06-05,0,1,0.71,2026-06-04T12:00:00
FC-004754,SEC-001,2026-06-05,1,0,0.94,2026-06-04T12:00:00
FC-004755,SEC-001,2026-06-05,2,1,0.95,2026-06-04T12:00:00
FC-004756,SEC-001,2026-06-05,3,4,0.73,2026-06-04T12:00:00
FC-004757,SEC-001,2026-06-05,4,3,0.87,2026-06-04T12:00:00
FC-004758,SEC-001,2026-06-05,5,0,0.79,2026-06-04T12:00:00
FC-004759,SEC-001,2026-06-05,6,0,0.89,2026-06-04T12:00:00
FC-004760,SEC-001,2026-06-05,7,0,0.84,2026-06-04T12:00:00
FC-004761,SEC-001,2026-06-05,8,0,0.77,2026-06-04T12:00:00
FC-004762,SEC-001,2026-06-05,9,1,0.73,2026-06-04T12:00:00
FC-004763,SEC-001,2026-06-05,10,1,0.73,2026-06-04T12:00:00
FC-004764,SEC-001,2026-06-05,11,0,0.83,2026-06-04T12:00:00
FC-004765,SEC-001,2026-06-05,12,0,0.83,2026-06-04T12:00:00
FC-004766,SEC-001,2026-06-05,13,0,0.74,2026-06-04T12:00:00
FC-004767,SEC-001,2026-06-05,14,0,0.82,2026-06-04T12:00:00
FC-004768,SEC-001,2026-06-05,15,0,0.88,2026-06-04T12:00:00
FC-004769,SEC-001,2026-06-05,16,0,0.95,2026-06-04T12:00:00
FC-004770,SEC-001,2026-06-05,17,1,0.82,2026-06-04T12:00:00
FC-004771,SEC-001,2026-06-05,18,0,0.89,2026-06-04T12:00:00
FC-004772,SEC-001,2026-06-05,19,0,0.95,2026-06-04T12:00:00
FC-004773,SEC-001,2026-06-05,20,0,0.74,2026-06-04T12:00:00
FC-004774,SEC-001,2026-06-05,21,1,0.95,2026-06-04T12:00:00
FC-004775,SEC-001,2026-06-05,22,2,0.86,2026-06-04T12:00:00
FC-004776,SEC-001,2026-06-05,23,1,0.71,2026-06-04T12:00:00
FC-004777,SEC-002,2026-06-05,0,2,0.89,2026-06-04T12:00:00
FC-004778,SEC-002,2026-06-05,1,1,0.77,2026-06-04T12:00:00
FC-004779,SEC-002,2026-06-05,2,4,0.92,2026-06-04T12:00:00
FC-004780,SEC-002,2026-06-05,3,2,0.84,2026-06-04T12:00:00
FC-004781,SEC-002,2026-06-05,4,2,0.84,2026-06-04T12:00:00
FC-004782,SEC-002,2026-06-05,5,2,0.94,2026-06-04T12:00:00
FC-004783,SEC-002,2026-06-05,6,0,0.72,2026-06-04T12:00:00
FC-004784,SEC-002,2026-06-05,7,0,0.81,2026-06-04T12:00:00
FC-004785,SEC-002,2026-06-05,8,0,0.73,2026-06-04T12:00:00
FC-004786,SEC-002,2026-06-05,9,1,0.72,2026-06-04T12:00:00
FC-004787,SEC-002,2026-06-05,10,1,0.8,2026-06-04T12:00:00
FC-004788,SEC-002,2026-06-05,11,0,0.94,2026-06-04T12:00:00
FC-004789,SEC-002,2026-06-05,12,0,0.89,2026-06-04T12:00:00
FC-004790,SEC-002,2026-06-05,13,1,0.87,2026-06-04T12:00:00
FC-004791,SEC-002,2026-06-05,14,0,0.83,2026-06-04T12:00:00
FC-004792,SEC-002,2026-06-05,15,0,0.89,2026-06-04T12:00:00
FC-004793,SEC-002,2026-06-05,16,0,0.84,2026-06-04T12:00:00
FC-004794,SEC-002,2026-06-05,17,1,0.86,2026-06-04T12:00:00
FC-004795,SEC-002,2026-06-05,18,0,0.86,2026-06-04T12:00:00
FC-004796,SEC-002,2026-06-05,19,1,0.8,2026-06-04T12:00:00
FC-004797,SEC-002,2026-06-05,20,1,0.76,2026-06-04T12:00:00
FC-004798,SEC-002,2026-06-05,21,0,0.83,2026-06-04T12:00:00
FC-004799,SEC-002,2026-06-05,22,2,0.9,2026-06-04T12:00:00
FC-004800,SEC-002,2026-06-05,23,3,0.81,2026-06-04T12:00:00
FC-004801,SEC-003,2026-06-05,0,5,0.85,2026-06-04T12:00:00
FC-004802,SEC-003,2026-06-05,1,0,0.72,2026-06-04T12:00:00
FC-004803,SEC-003,2026-06-05,2,2,0.79,2026-06-04T12:00:00
FC-004804,SEC-003,2026-06-05,3,4,0.93,2026-06-04T12:00:00
FC-004805,SEC-003,2026-06-05,4,1,0.79,2026-06-04T12:00:00
FC-004806,SEC-003,2026-06-05,5,0,0.85,2026-06-04T12:00:00
FC-004807,SEC-003,2026-06-05,6,0,0.76,2026-06-04T12:00:00
FC-004808,SEC-003,2026-06-05,7,0,0.89,2026-06-04T12:00:00
FC-004809,SEC-003,2026-06-05,8,1,0.75,2026-06-04T12:00:00
FC-004810,SEC-003,2026-06-05,9,0,0.71,2026-06-04T12:00:00
FC-004811,SEC-003,2026-06-05,10,0,0.93,2026-06-04T12:00:00
FC-004812,SEC-003,2026-06-05,11,0,0.82,2026-06-04T12:00:00
FC-004813,SEC-003,2026-06-05,12,0,0.76,2026-06-04T12:00:00
FC-004814,SEC-003,2026-06-05,13,1,0.93,2026-06-04T12:00:00
FC-004815,SEC-003,2026-06-05,14,0,0.74,2026-06-04T12:00:00
FC-004816,SEC-003,2026-06-05,15,0,0.77,2026-06-04T12:00:00
FC-004817,SEC-003,2026-06-05,16,0,0.74,2026-06-04T12:00:00
FC-004818,SEC-003,2026-06-05,17,0,0.85,2026-06-04T12:00:00
FC-004819,SEC-003,2026-06-05,18,1,0.79,2026-06-04T12:00:00
FC-004820,SEC-003,2026-06-05,19,0,0.74,2026-06-04T12:00:00
FC-004821,SEC-003,2026-06-05,20,0,0.71,2026-06-04T12:00:00
FC-004822,SEC-003,2026-06-05,21,1,0.85,2026-06-04T12:00:00
FC-004823,SEC-003,2026-06-05,22,2,0.86,2026-06-04T12:00:00
FC-004824,SEC-003,2026-06-05,23,0,0.76,2026-06-04T12:00:00
FC-004825,SEC-004,2026-06-05,0,1,0.78,2026-06-04T12:00:00
FC-004826,SEC-004,2026-06-05,1,1,0.78,2026-06-04T12:00:00
FC-004827,SEC-004,2026-06-05,2,1,0.91,2026-06-04T12:00:00
FC-004828,SEC-004,2026-06-05,3,2,0.92,2026-06-04T12:00:00
FC-004829,SEC-004,2026-06-05,4,1,0.9,2026-06-04T12:00:00
FC-004830,SEC-004,2026-06-05,5,0,0.77,2026-06-04T12:00:00
FC-004831,SEC-004,2026-06-05,6,1,0.77,2026-06-04T12:00:00
FC-004832,SEC-004,2026-06-05,7,1,0.76,2026-06-04T12:00:00
FC-004833,SEC-004,2026-06-05,8,0,0.81,2026-06-04T12:00:00
FC-004834,SEC-004,2026-06-05,9,0,0.78,2026-06-04T12:00:00
FC-004835,SEC-004,2026-06-05,10,0,0.73,2026-06-04T12:00:00
FC-004836,SEC-004,2026-06-05,11,1,0.72,2026-06-04T12:00:00
FC-004837,SEC-004,2026-06-05,12,0,0.7,2026-06-04T12:00:00
FC-004838,SEC-004,2026-06-05,13,0,0.94,2026-06-04T12:00:00
FC-004839,SEC-004,2026-06-05,14,1,0.79,2026-06-04T12:00:00
FC-004840,SEC-004,2026-06-05,15,0,0.91,2026-06-04T12:00:00
FC-004841,SEC-004,2026-06-05,16,0,0.88,2026-06-04T12:00:00
FC-004842,SEC-004,2026-06-05,17,0,0.94,2026-06-04T12:00:00
FC-004843,SEC-004,2026-06-05,18,0,0.86,2026-06-04T12:00:00
FC-004844,SEC-004,2026-06-05,19,3,0.72,2026-06-04T12:00:00
FC-004845,SEC-004,2026-06-05,20,0,0.92,2026-06-04T12:00:00
FC-004846,SEC-004,2026-06-05,21,0,0.85,2026-06-04T12:00:00
FC-004847,SEC-004,2026-06-05,22,2,0.93,2026-06-04T12:00:00
FC-004848,SEC-004,2026-06-05,23,2,0.83,2026-06-04T12:00:00
FC-004849,SEC-005,2026-06-05,0,1,0.74,2026-06-04T12:00:00
FC-004850,SEC-005,2026-06-05,1,1,0.81,2026-06-04T12:00:00
FC-004851,SEC-005,2026-06-05,2,0,0.94,2026-06-04T12:00:00
FC-004852,SEC-005,2026-06-05,3,1,0.84,2026-06-04T12:00:00
FC-004853,SEC-005,2026-06-05,4,2,0.8,2026-06-04T12:00:00
FC-004854,SEC-005,2026-06-05,5,0,0.71,2026-06-04T12:00:00
FC-004855,SEC-005,2026-06-05,6,0,0.86,2026-06-04T12:00:00
FC-004856,SEC-005,2026-06-05,7,0,0.94,2026-06-04T12:00:00
FC-004857,SEC-005,2026-06-05,8,0,0.76,2026-06-04T12:00:00
FC-004858,SEC-005,2026-06-05,9,0,0.76,2026-06-04T12:00:00
FC-004859,SEC-005,2026-06-05,10,1,0.79,2026-06-04T12:00:00
FC-004860,SEC-005,2026-06-05,11,2,0.72,2026-06-04T12:00:00
FC-004861,SEC-005,2026-06-05,12,0,0.86,2026-06-04T12:00:00
FC-004862,SEC-005,2026-06-05,13,1,0.78,2026-06-04T12:00:00
FC-004863,SEC-005,2026-06-05,14,2,0.74,2026-06-04T12:00:00
FC-004864,SEC-005,2026-06-05,15,0,0.78,2026-06-04T12:00:00
FC-004865,SEC-005,2026-06-05,16,0,0.77,2026-06-04T12:00:00
FC-004866,SEC-005,2026-06-05,17,1,0.87,2026-06-04T12:00:00
FC-004867,SEC-005,2026-06-05,18,0,0.77,2026-06-04T12:00:00
FC-004868,SEC-005,2026-06-05,19,1,0.81,2026-06-04T12:00:00
FC-004869,SEC-005,2026-06-05,20,1,0.75,2026-06-04T12:00:00
FC-004870,SEC-005,2026-06-05,21,1,0.82,2026-06-04T12:00:00
FC-004871,SEC-005,2026-06-05,22,3,0.84,2026-06-04T12:00:00
FC-004872,SEC-005,2026-06-05,23,3,0.73,2026-06-04T12:00:00
FC-004873,SEC-006,2026-06-05,0,2,0.9,2026-06-04T12:00:00
FC-004874,SEC-006,2026-06-05,1,0,0.91,2026-06-04T12:00:00
FC-004875,SEC-006,2026-06-05,2,1,0.95,2026-06-04T12:00:00
FC-004876,SEC-006,2026-06-05,3,4,0.86,2026-06-04T12:00:00
FC-004877,SEC-006,2026-06-05,4,3,0.91,2026-06-04T12:00:00
FC-004878,SEC-006,2026-06-05,5,1,0.77,2026-06-04T12:00:00
FC-004879,SEC-006,2026-06-05,6,1,0.71,2026-06-04T12:00:00
FC-004880,SEC-006,2026-06-05,7,1,0.82,2026-06-04T12:00:00
FC-004881,SEC-006,2026-06-05,8,0,0.71,2026-06-04T12:00:00
FC-004882,SEC-006,2026-06-05,9,0,0.72,2026-06-04T12:00:00
FC-004883,SEC-006,2026-06-05,10,1,0.72,2026-06-04T12:00:00
FC-004884,SEC-006,2026-06-05,11,0,0.75,2026-06-04T12:00:00
FC-004885,SEC-006,2026-06-05,12,0,0.76,2026-06-04T12:00:00
FC-004886,SEC-006,2026-06-05,13,0,0.79,2026-06-04T12:00:00
FC-004887,SEC-006,2026-06-05,14,1,0.94,2026-06-04T12:00:00
FC-004888,SEC-006,2026-06-05,15,0,0.88,2026-06-04T12:00:00
FC-004889,SEC-006,2026-06-05,16,0,0.87,2026-06-04T12:00:00
FC-004890,SEC-006,2026-06-05,17,0,0.95,2026-06-04T12:00:00
FC-004891,SEC-006,2026-06-05,18,2,0.89,2026-06-04T12:00:00
FC-004892,SEC-006,2026-06-05,19,0,0.92,2026-06-04T12:00:00
FC-004893,SEC-006,2026-06-05,20,0,0.73,2026-06-04T12:00:00
FC-004894,SEC-006,2026-06-05,21,0,0.93,2026-06-04T12:00:00
FC-004895,SEC-006,2026-06-05,22,1,0.89,2026-06-04T12:00:00
FC-004896,SEC-006,2026-06-05,23,1,0.76,2026-06-04T12:00:00
FC-004897,SEC-001,2026-06-06,0,2,0.86,2026-06-05T12:00:00
FC-004898,SEC-001,2026-06-06,1,3,0.7,2026-06-05T12:00:00
FC-004899,SEC-001,2026-06-06,2,1,0.8,2026-06-05T12:00:00
FC-004900,SEC-001,2026-06-06,3,4,0.87,2026-06-05T12:00:00
FC-004901,SEC-001,2026-06-06,4,1,0.77,2026-06-05T12:00:00
FC-004902,SEC-001,2026-06-06,5,0,0.83,2026-06-05T12:00:00
FC-004903,SEC-001,2026-06-06,6,2,0.8,2026-06-05T12:00:00
FC-004904,SEC-001,2026-06-06,7,0,0.81,2026-06-05T12:00:00
FC-004905,SEC-001,2026-06-06,8,0,0.72,2026-06-05T12:00:00
FC-004906,SEC-001,2026-06-06,9,0,0.91,2026-06-05T12:00:00
FC-004907,SEC-001,2026-06-06,10,4,0.88,2026-06-05T12:00:00
FC-004908,SEC-001,2026-06-06,11,0,0.72,2026-06-05T12:00:00
FC-004909,SEC-001,2026-06-06,12,0,0.8,2026-06-05T12:00:00
FC-004910,SEC-001,2026-06-06,13,0,0.94,2026-06-05T12:00:00
FC-004911,SEC-001,2026-06-06,14,0,0.92,2026-06-05T12:00:00
FC-004912,SEC-001,2026-06-06,15,0,0.79,2026-06-05T12:00:00
FC-004913,SEC-001,2026-06-06,16,0,0.86,2026-06-05T12:00:00
FC-004914,SEC-001,2026-06-06,17,1,0.93,2026-06-05T12:00:00
FC-004915,SEC-001,2026-06-06,18,0,0.9,2026-06-05T12:00:00
FC-004916,SEC-001,2026-06-06,19,0,0.74,2026-06-05T12:00:00
FC-004917,SEC-001,2026-06-06,20,0,0.84,2026-06-05T12:00:00
FC-004918,SEC-001,2026-06-06,21,1,0.76,2026-06-05T12:00:00
FC-004919,SEC-001,2026-06-06,22,1,0.72,2026-06-05T12:00:00
FC-004920,SEC-001,2026-06-06,23,2,0.75,2026-06-05T12:00:00
FC-004921,SEC-002,2026-06-06,0,3,0.71,2026-06-05T12:00:00
FC-004922,SEC-002,2026-06-06,1,4,0.73,2026-06-05T12:00:00
FC-004923,SEC-002,2026-06-06,2,1,0.92,2026-06-05T12:00:00
FC-004924,SEC-002,2026-06-06,3,1,0.78,2026-06-05T12:00:00
FC-004925,SEC-002,2026-06-06,4,1,0.82,2026-06-05T12:00:00
FC-004926,SEC-002,2026-06-06,5,0,0.91,2026-06-05T12:00:00
FC-004927,SEC-002,2026-06-06,6,0,0.92,2026-06-05T12:00:00
FC-004928,SEC-002,2026-06-06,7,0,0.74,2026-06-05T12:00:00
FC-004929,SEC-002,2026-06-06,8,0,0.87,2026-06-05T12:00:00
FC-004930,SEC-002,2026-06-06,9,0,0.85,2026-06-05T12:00:00
FC-004931,SEC-002,2026-06-06,10,1,0.95,2026-06-05T12:00:00
FC-004932,SEC-002,2026-06-06,11,1,0.87,2026-06-05T12:00:00
FC-004933,SEC-002,2026-06-06,12,0,0.77,2026-06-05T12:00:00
FC-004934,SEC-002,2026-06-06,13,2,0.75,2026-06-05T12:00:00
FC-004935,SEC-002,2026-06-06,14,0,0.72,2026-06-05T12:00:00
FC-004936,SEC-002,2026-06-06,15,0,0.8,2026-06-05T12:00:00
FC-004937,SEC-002,2026-06-06,16,0,0.9,2026-06-05T12:00:00
FC-004938,SEC-002,2026-06-06,17,0,0.72,2026-06-05T12:00:00
FC-004939,SEC-002,2026-06-06,18,2,0.77,2026-06-05T12:00:00
FC-004940,SEC-002,2026-06-06,19,0,0.77,2026-06-05T12:00:00
FC-004941,SEC-002,2026-06-06,20,0,0.91,2026-06-05T12:00:00
FC-004942,SEC-002,2026-06-06,21,0,0.84,2026-06-05T12:00:00
FC-004943,SEC-002,2026-06-06,22,3,0.7,2026-06-05T12:00:00
FC-004944,SEC-002,2026-06-06,23,5,0.78,2026-06-05T12:00:00
FC-004945,SEC-003,2026-06-06,0,3,0.91,2026-06-05T12:00:00
FC-004946,SEC-003,2026-06-06,1,1,0.71,2026-06-05T12:00:00
FC-004947,SEC-003,2026-06-06,2,1,0.78,2026-06-05T12:00:00
FC-004948,SEC-003,2026-06-06,3,0,0.76,2026-06-05T12:00:00
FC-004949,SEC-003,2026-06-06,4,2,0.88,2026-06-05T12:00:00
FC-004950,SEC-003,2026-06-06,5,0,0.9,2026-06-05T12:00:00
FC-004951,SEC-003,2026-06-06,6,0,0.87,2026-06-05T12:00:00
FC-004952,SEC-003,2026-06-06,7,0,0.85,2026-06-05T12:00:00
FC-004953,SEC-003,2026-06-06,8,0,0.89,2026-06-05T12:00:00
FC-004954,SEC-003,2026-06-06,9,0,0.7,2026-06-05T12:00:00
FC-004955,SEC-003,2026-06-06,10,0,0.95,2026-06-05T12:00:00
FC-004956,SEC-003,2026-06-06,11,0,0.82,2026-06-05T12:00:00
FC-004957,SEC-003,2026-06-06,12,0,0.85,2026-06-05T12:00:00
FC-004958,SEC-003,2026-06-06,13,1,0.87,2026-06-05T12:00:00
FC-004959,SEC-003,2026-06-06,14,1,0.87,2026-06-05T12:00:00
FC-004960,SEC-003,2026-06-06,15,0,0.85,2026-06-05T12:00:00
FC-004961,SEC-003,2026-06-06,16,1,0.92,2026-06-05T12:00:00
FC-004962,SEC-003,2026-06-06,17,0,0.85,2026-06-05T12:00:00
FC-004963,SEC-003,2026-06-06,18,0,0.85,2026-06-05T12:00:00
FC-004964,SEC-003,2026-06-06,19,0,0.9,2026-06-05T12:00:00
FC-004965,SEC-003,2026-06-06,20,0,0.81,2026-06-05T12:00:00
FC-004966,SEC-003,2026-06-06,21,0,0.88,2026-06-05T12:00:00
FC-004967,SEC-003,2026-06-06,22,2,0.87,2026-06-05T12:00:00
FC-004968,SEC-003,2026-06-06,23,2,0.76,2026-06-05T12:00:00
FC-004969,SEC-004,2026-06-06,0,0,0.73,2026-06-05T12:00:00
FC-004970,SEC-004,2026-06-06,1,1,0.92,2026-06-05T12:00:00
FC-004971,SEC-004,2026-06-06,2,2,0.71,2026-06-05T12:00:00
FC-004972,SEC-004,2026-06-06,3,3,0.91,2026-06-05T12:00:00
FC-004973,SEC-004,2026-06-06,4,4,0.93,2026-06-05T12:00:00
FC-004974,SEC-004,2026-06-06,5,0,0.81,2026-06-05T12:00:00
FC-004975,SEC-004,2026-06-06,6,1,0.89,2026-06-05T12:00:00
FC-004976,SEC-004,2026-06-06,7,0,0.78,2026-06-05T12:00:00
FC-004977,SEC-004,2026-06-06,8,0,0.93,2026-06-05T12:00:00
FC-004978,SEC-004,2026-06-06,9,0,0.87,2026-06-05T12:00:00
FC-004979,SEC-004,2026-06-06,10,0,0.93,2026-06-05T12:00:00
FC-004980,SEC-004,2026-06-06,11,0,0.73,2026-06-05T12:00:00
FC-004981,SEC-004,2026-06-06,12,1,0.91,2026-06-05T12:00:00
FC-004982,SEC-004,2026-06-06,13,0,0.72,2026-06-05T12:00:00
FC-004983,SEC-004,2026-06-06,14,0,0.92,2026-06-05T12:00:00
FC-004984,SEC-004,2026-06-06,15,1,0.81,2026-06-05T12:00:00
FC-004985,SEC-004,2026-06-06,16,0,0.71,2026-06-05T12:00:00
FC-004986,SEC-004,2026-06-06,17,0,0.84,2026-06-05T12:00:00
FC-004987,SEC-004,2026-06-06,18,1,0.92,2026-06-05T12:00:00
FC-004988,SEC-004,2026-06-06,19,0,0.81,2026-06-05T12:00:00
FC-004989,SEC-004,2026-06-06,20,1,0.9,2026-06-05T12:00:00
FC-004990,SEC-004,2026-06-06,21,1,0.84,2026-06-05T12:00:00
FC-004991,SEC-004,2026-06-06,22,1,0.78,2026-06-05T12:00:00
FC-004992,SEC-004,2026-06-06,23,2,0.88,2026-06-05T12:00:00
FC-004993,SEC-005,2026-06-06,0,2,0.84,2026-06-05T12:00:00
FC-004994,SEC-005,2026-06-06,1,1,0.71,2026-06-05T12:00:00
FC-004995,SEC-005,2026-06-06,2,2,0.94,2026-06-05T12:00:00
FC-004996,SEC-005,2026-06-06,3,5,0.95,2026-06-05T12:00:00
FC-004997,SEC-005,2026-06-06,4,3,0.91,2026-06-05T12:00:00
FC-004998,SEC-005,2026-06-06,5,0,0.74,2026-06-05T12:00:00
FC-004999,SEC-005,2026-06-06,6,1,0.83,2026-06-05T12:00:00
FC-005000,SEC-005,2026-06-06,7,0,0.82,2026-06-05T12:00:00
FC-005001,SEC-005,2026-06-06,8,0,0.77,2026-06-05T12:00:00
FC-005002,SEC-005,2026-06-06,9,0,0.72,2026-06-05T12:00:00
FC-005003,SEC-005,2026-06-06,10,0,0.92,2026-06-05T12:00:00
FC-005004,SEC-005,2026-06-06,11,1,0.78,2026-06-05T12:00:00
FC-005005,SEC-005,2026-06-06,12,1,0.93,2026-06-05T12:00:00
FC-005006,SEC-005,2026-06-06,13,1,0.93,2026-06-05T12:00:00
FC-005007,SEC-005,2026-06-06,14,0,0.72,2026-06-05T12:00:00
FC-005008,SEC-005,2026-06-06,15,1,0.79,2026-06-05T12:00:00
FC-005009,SEC-005,2026-06-06,16,0,0.7,2026-06-05T12:00:00
FC-005010,SEC-005,2026-06-06,17,0,0.83,2026-06-05T12:00:00
FC-005011,SEC-005,2026-06-06,18,0,0.85,2026-06-05T12:00:00
FC-005012,SEC-005,2026-06-06,19,1,0.78,2026-06-05T12:00:00
FC-005013,SEC-005,2026-06-06,20,0,0.73,2026-06-05T12:00:00
FC-005014,SEC-005,2026-06-06,21,0,0.84,2026-06-05T12:00:00
FC-005015,SEC-005,2026-06-06,22,1,0.72,2026-06-05T12:00:00
FC-005016,SEC-005,2026-06-06,23,1,0.8,2026-06-05T12:00:00
FC-005017,SEC-006,2026-06-06,0,2,0.9,2026-06-05T12:00:00
FC-005018,SEC-006,2026-06-06,1,1,0.91,2026-06-05T12:00:00
FC-005019,SEC-006,2026-06-06,2,0,0.95,2026-06-05T12:00:00
FC-005020,SEC-006,2026-06-06,3,1,0.83,2026-06-05T12:00:00
FC-005021,SEC-006,2026-06-06,4,1,0.75,2026-06-05T12:00:00
FC-005022,SEC-006,2026-06-06,5,1,0.83,2026-06-05T12:00:00
FC-005023,SEC-006,2026-06-06,6,0,0.71,2026-06-05T12:00:00
FC-005024,SEC-006,2026-06-06,7,1,0.89,2026-06-05T12:00:00
FC-005025,SEC-006,2026-06-06,8,0,0.73,2026-06-05T12:00:00
FC-005026,SEC-006,2026-06-06,9,1,0.76,2026-06-05T12:00:00
FC-005027,SEC-006,2026-06-06,10,0,0.92,2026-06-05T12:00:00
FC-005028,SEC-006,2026-06-06,11,0,0.92,2026-06-05T12:00:00
FC-005029,SEC-006,2026-06-06,12,1,0.81,2026-06-05T12:00:00
FC-005030,SEC-006,2026-06-06,13,0,0.81,2026-06-05T12:00:00
FC-005031,SEC-006,2026-06-06,14,0,0.73,2026-06-05T12:00:00
FC-005032,SEC-006,2026-06-06,15,0,0.94,2026-06-05T12:00:00
FC-005033,SEC-006,2026-06-06,16,0,0.84,2026-06-05T12:00:00
FC-005034,SEC-006,2026-06-06,17,2,0.77,2026-06-05T12:00:00
FC-005035,SEC-006,2026-06-06,18,0,0.74,2026-06-05T12:00:00
FC-005036,SEC-006,2026-06-06,19,1,0.72,2026-06-05T12:00:00
FC-005037,SEC-006,2026-06-06,20,0,0.9,2026-06-05T12:00:00
FC-005038,SEC-006,2026-06-06,21,0,0.75,2026-06-05T12:00:00
FC-005039,SEC-006,2026-06-06,22,2,0.88,2026-06-05T12:00:00
FC-005040,SEC-006,2026-06-06,23,1,0.94,2026-06-05T12:00:00
FC-005041,SEC-001,2026-06-07,0,0,0.87,2026-06-06T12:00:00
FC-005042,SEC-001,2026-06-07,1,1,0.84,2026-06-06T12:00:00
FC-005043,SEC-001,2026-06-07,2,2,0.85,2026-06-06T12:00:00
FC-005044,SEC-001,2026-06-07,3,0,0.89,2026-06-06T12:00:00
FC-005045,SEC-001,2026-06-07,4,4,0.8,2026-06-06T12:00:00
FC-005046,SEC-001,2026-06-07,5,0,0.85,2026-06-06T12:00:00
FC-005047,SEC-001,2026-06-07,6,0,0.82,2026-06-06T12:00:00
FC-005048,SEC-001,2026-06-07,7,0,0.94,2026-06-06T12:00:00
FC-005049,SEC-001,2026-06-07,8,0,0.9,2026-06-06T12:00:00
FC-005050,SEC-001,2026-06-07,9,0,0.86,2026-06-06T12:00:00
FC-005051,SEC-001,2026-06-07,10,2,0.85,2026-06-06T12:00:00
FC-005052,SEC-001,2026-06-07,11,0,0.79,2026-06-06T12:00:00
FC-005053,SEC-001,2026-06-07,12,0,0.71,2026-06-06T12:00:00
FC-005054,SEC-001,2026-06-07,13,0,0.73,2026-06-06T12:00:00
FC-005055,SEC-001,2026-06-07,14,1,0.84,2026-06-06T12:00:00
FC-005056,SEC-001,2026-06-07,15,0,0.77,2026-06-06T12:00:00
FC-005057,SEC-001,2026-06-07,16,0,0.72,2026-06-06T12:00:00
FC-005058,SEC-001,2026-06-07,17,0,0.74,2026-06-06T12:00:00
FC-005059,SEC-001,2026-06-07,18,0,0.88,2026-06-06T12:00:00
FC-005060,SEC-001,2026-06-07,19,0,0.92,2026-06-06T12:00:00
FC-005061,SEC-001,2026-06-07,20,0,0.94,2026-06-06T12:00:00
FC-005062,SEC-001,2026-06-07,21,0,0.74,2026-06-06T12:00:00
FC-005063,SEC-001,2026-06-07,22,2,0.83,2026-06-06T12:00:00
FC-005064,SEC-001,2026-06-07,23,3,0.81,2026-06-06T12:00:00
FC-005065,SEC-002,2026-06-07,0,4,0.93,2026-06-06T12:00:00
FC-005066,SEC-002,2026-06-07,1,3,0.85,2026-06-06T12:00:00
FC-005067,SEC-002,2026-06-07,2,2,0.94,2026-06-06T12:00:00
FC-005068,SEC-002,2026-06-07,3,2,0.71,2026-06-06T12:00:00
FC-005069,SEC-002,2026-06-07,4,1,0.83,2026-06-06T12:00:00
FC-005070,SEC-002,2026-06-07,5,0,0.93,2026-06-06T12:00:00
FC-005071,SEC-002,2026-06-07,6,0,0.88,2026-06-06T12:00:00
FC-005072,SEC-002,2026-06-07,7,0,0.8,2026-06-06T12:00:00
FC-005073,SEC-002,2026-06-07,8,0,0.91,2026-06-06T12:00:00
FC-005074,SEC-002,2026-06-07,9,1,0.77,2026-06-06T12:00:00
FC-005075,SEC-002,2026-06-07,10,0,0.84,2026-06-06T12:00:00
FC-005076,SEC-002,2026-06-07,11,0,0.92,2026-06-06T12:00:00
FC-005077,SEC-002,2026-06-07,12,1,0.92,2026-06-06T12:00:00
FC-005078,SEC-002,2026-06-07,13,1,0.88,2026-06-06T12:00:00
FC-005079,SEC-002,2026-06-07,14,0,0.81,2026-06-06T12:00:00
FC-005080,SEC-002,2026-06-07,15,1,0.93,2026-06-06T12:00:00
FC-005081,SEC-002,2026-06-07,16,0,0.94,2026-06-06T12:00:00
FC-005082,SEC-002,2026-06-07,17,0,0.74,2026-06-06T12:00:00
FC-005083,SEC-002,2026-06-07,18,0,0.9,2026-06-06T12:00:00
FC-005084,SEC-002,2026-06-07,19,0,0.84,2026-06-06T12:00:00
FC-005085,SEC-002,2026-06-07,20,0,0.95,2026-06-06T12:00:00
FC-005086,SEC-002,2026-06-07,21,0,0.79,2026-06-06T12:00:00
FC-005087,SEC-002,2026-06-07,22,3,0.81,2026-06-06T12:00:00
FC-005088,SEC-002,2026-06-07,23,3,0.74,2026-06-06T12:00:00
FC-005089,SEC-003,2026-06-07,0,1,0.91,2026-06-06T12:00:00
FC-005090,SEC-003,2026-06-07,1,2,0.88,2026-06-06T12:00:00
FC-005091,SEC-003,2026-06-07,2,3,0.84,2026-06-06T12:00:00
FC-005092,SEC-003,2026-06-07,3,1,0.79,2026-06-06T12:00:00
FC-005093,SEC-003,2026-06-07,4,1,0.75,2026-06-06T12:00:00
FC-005094,SEC-003,2026-06-07,5,0,0.81,2026-06-06T12:00:00
FC-005095,SEC-003,2026-06-07,6,1,0.81,2026-06-06T12:00:00
FC-005096,SEC-003,2026-06-07,7,0,0.73,2026-06-06T12:00:00
FC-005097,SEC-003,2026-06-07,8,0,0.94,2026-06-06T12:00:00
FC-005098,SEC-003,2026-06-07,9,1,0.81,2026-06-06T12:00:00
FC-005099,SEC-003,2026-06-07,10,0,0.82,2026-06-06T12:00:00
FC-005100,SEC-003,2026-06-07,11,1,0.94,2026-06-06T12:00:00
FC-005101,SEC-003,2026-06-07,12,0,0.92,2026-06-06T12:00:00
FC-005102,SEC-003,2026-06-07,13,2,0.86,2026-06-06T12:00:00
FC-005103,SEC-003,2026-06-07,14,1,0.79,2026-06-06T12:00:00
FC-005104,SEC-003,2026-06-07,15,2,0.84,2026-06-06T12:00:00
FC-005105,SEC-003,2026-06-07,16,0,0.75,2026-06-06T12:00:00
FC-005106,SEC-003,2026-06-07,17,1,0.7,2026-06-06T12:00:00
FC-005107,SEC-003,2026-06-07,18,0,0.81,2026-06-06T12:00:00
FC-005108,SEC-003,2026-06-07,19,1,0.87,2026-06-06T12:00:00
FC-005109,SEC-003,2026-06-07,20,0,0.82,2026-06-06T12:00:00
FC-005110,SEC-003,2026-06-07,21,0,0.76,2026-06-06T12:00:00
FC-005111,SEC-003,2026-06-07,22,2,0.95,2026-06-06T12:00:00
FC-005112,SEC-003,2026-06-07,23,1,0.91,2026-06-06T12:00:00
FC-005113,SEC-004,2026-06-07,0,1,0.92,2026-06-06T12:00:00
FC-005114,SEC-004,2026-06-07,1,1,0.94,2026-06-06T12:00:00
FC-005115,SEC-004,2026-06-07,2,3,0.89,2026-06-06T12:00:00
FC-005116,SEC-004,2026-06-07,3,3,0.83,2026-06-06T12:00:00
FC-005117,SEC-004,2026-06-07,4,0,0.7,2026-06-06T12:00:00
FC-005118,SEC-004,2026-06-07,5,0,0.8,2026-06-06T12:00:00
FC-005119,SEC-004,2026-06-07,6,0,0.91,2026-06-06T12:00:00
FC-005120,SEC-004,2026-06-07,7,0,0.84,2026-06-06T12:00:00
FC-005121,SEC-004,2026-06-07,8,0,0.83,2026-06-06T12:00:00
FC-005122,SEC-004,2026-06-07,9,0,0.91,2026-06-06T12:00:00
FC-005123,SEC-004,2026-06-07,10,1,0.93,2026-06-06T12:00:00
FC-005124,SEC-004,2026-06-07,11,1,0.71,2026-06-06T12:00:00
FC-005125,SEC-004,2026-06-07,12,0,0.94,2026-06-06T12:00:00
FC-005126,SEC-004,2026-06-07,13,0,0.87,2026-06-06T12:00:00
FC-005127,SEC-004,2026-06-07,14,1,0.82,2026-06-06T12:00:00
FC-005128,SEC-004,2026-06-07,15,0,0.85,2026-06-06T12:00:00
FC-005129,SEC-004,2026-06-07,16,0,0.73,2026-06-06T12:00:00
FC-005130,SEC-004,2026-06-07,17,0,0.88,2026-06-06T12:00:00
FC-005131,SEC-004,2026-06-07,18,0,0.89,2026-06-06T12:00:00
FC-005132,SEC-004,2026-06-07,19,0,0.93,2026-06-06T12:00:00
FC-005133,SEC-004,2026-06-07,20,0,0.93,2026-06-06T12:00:00
FC-005134,SEC-004,2026-06-07,21,1,0.81,2026-06-06T12:00:00
FC-005135,SEC-004,2026-06-07,22,2,0.94,2026-06-06T12:00:00
FC-005136,SEC-004,2026-06-07,23,1,0.94,2026-06-06T12:00:00
FC-005137,SEC-005,2026-06-07,0,1,0.81,2026-06-06T12:00:00
FC-005138,SEC-005,2026-06-07,1,0,0.85,2026-06-06T12:00:00
FC-005139,SEC-005,2026-06-07,2,2,0.9,2026-06-06T12:00:00
FC-005140,SEC-005,2026-06-07,3,1,0.71,2026-06-06T12:00:00
FC-005141,SEC-005,2026-06-07,4,1,0.77,2026-06-06T12:00:00
FC-005142,SEC-005,2026-06-07,5,1,0.93,2026-06-06T12:00:00
FC-005143,SEC-005,2026-06-07,6,0,0.74,2026-06-06T12:00:00
FC-005144,SEC-005,2026-06-07,7,0,0.74,2026-06-06T12:00:00
FC-005145,SEC-005,2026-06-07,8,2,0.88,2026-06-06T12:00:00
FC-005146,SEC-005,2026-06-07,9,0,0.93,2026-06-06T12:00:00
FC-005147,SEC-005,2026-06-07,10,1,0.84,2026-06-06T12:00:00
FC-005148,SEC-005,2026-06-07,11,1,0.74,2026-06-06T12:00:00
FC-005149,SEC-005,2026-06-07,12,0,0.75,2026-06-06T12:00:00
FC-005150,SEC-005,2026-06-07,13,0,0.81,2026-06-06T12:00:00
FC-005151,SEC-005,2026-06-07,14,0,0.93,2026-06-06T12:00:00
FC-005152,SEC-005,2026-06-07,15,1,0.9,2026-06-06T12:00:00
FC-005153,SEC-005,2026-06-07,16,0,0.7,2026-06-06T12:00:00
FC-005154,SEC-005,2026-06-07,17,2,0.84,2026-06-06T12:00:00
FC-005155,SEC-005,2026-06-07,18,0,0.92,2026-06-06T12:00:00
FC-005156,SEC-005,2026-06-07,19,0,0.82,2026-06-06T12:00:00
FC-005157,SEC-005,2026-06-07,20,0,0.92,2026-06-06T12:00:00
FC-005158,SEC-005,2026-06-07,21,0,0.78,2026-06-06T12:00:00
FC-005159,SEC-005,2026-06-07,22,1,0.74,2026-06-06T12:00:00
FC-005160,SEC-005,2026-06-07,23,1,0.89,2026-06-06T12:00:00
FC-005161,SEC-006,2026-06-07,0,0,0.87,2026-06-06T12:00:00
FC-005162,SEC-006,2026-06-07,1,1,0.95,2026-06-06T12:00:00
FC-005163,SEC-006,2026-06-07,2,0,0.77,2026-06-06T12:00:00
FC-005164,SEC-006,2026-06-07,3,0,0.72,2026-06-06T12:00:00
FC-005165,SEC-006,2026-06-07,4,3,0.93,2026-06-06T12:00:00
FC-005166,SEC-006,2026-06-07,5,0,0.73,2026-06-06T12:00:00
FC-005167,SEC-006,2026-06-07,6,1,0.84,2026-06-06T12:00:00
FC-005168,SEC-006,2026-06-07,7,0,0.9,2026-06-06T12:00:00
FC-005169,SEC-006,2026-06-07,8,0,0.72,2026-06-06T12:00:00
FC-005170,SEC-006,2026-06-07,9,0,0.92,2026-06-06T12:00:00
FC-005171,SEC-006,2026-06-07,10,0,0.95,2026-06-06T12:00:00
FC-005172,SEC-006,2026-06-07,11,0,0.82,2026-06-06T12:00:00
FC-005173,SEC-006,2026-06-07,12,0,0.91,2026-06-06T12:00:00
FC-005174,SEC-006,2026-06-07,13,0,0.9,2026-06-06T12:00:00
FC-005175,SEC-006,2026-06-07,14,0,0.71,2026-06-06T12:00:00
FC-005176,SEC-006,2026-06-07,15,0,0.75,2026-06-06T12:00:00
FC-005177,SEC-006,2026-06-07,16,0,0.88,2026-06-06T12:00:00
FC-005178,SEC-006,2026-06-07,17,1,0.91,2026-06-06T12:00:00
FC-005179,SEC-006,2026-06-07,18,0,0.87,2026-06-06T12:00:00
FC-005180,SEC-006,2026-06-07,19,1,0.77,2026-06-06T12:00:00
FC-005181,SEC-006,2026-06-07,20,0,0.82,2026-06-06T12:00:00
FC-005182,SEC-006,2026-06-07,21,0,0.9,2026-06-06T12:00:00
FC-005183,SEC-006,2026-06-07,22,2,0.83,2026-06-06T12:00:00
FC-005184,SEC-006,2026-06-07,23,3,0.73,2026-06-06T12:00:00
FC-005185,SEC-001,2026-06-08,0,0,0.92,2026-06-07T12:00:00
FC-005186,SEC-001,2026-06-08,1,3,0.91,2026-06-07T12:00:00
FC-005187,SEC-001,2026-06-08,2,0,0.94,2026-06-07T12:00:00
FC-005188,SEC-001,2026-06-08,3,1,0.72,2026-06-07T12:00:00
FC-005189,SEC-001,2026-06-08,4,1,0.89,2026-06-07T12:00:00
FC-005190,SEC-001,2026-06-08,5,0,0.75,2026-06-07T12:00:00
FC-005191,SEC-001,2026-06-08,6,2,0.93,2026-06-07T12:00:00
FC-005192,SEC-001,2026-06-08,7,1,0.73,2026-06-07T12:00:00
FC-005193,SEC-001,2026-06-08,8,0,0.91,2026-06-07T12:00:00
FC-005194,SEC-001,2026-06-08,9,0,0.9,2026-06-07T12:00:00
FC-005195,SEC-001,2026-06-08,10,0,0.86,2026-06-07T12:00:00
FC-005196,SEC-001,2026-06-08,11,1,0.92,2026-06-07T12:00:00
FC-005197,SEC-001,2026-06-08,12,2,0.93,2026-06-07T12:00:00
FC-005198,SEC-001,2026-06-08,13,0,0.89,2026-06-07T12:00:00
FC-005199,SEC-001,2026-06-08,14,0,0.78,2026-06-07T12:00:00
FC-005200,SEC-001,2026-06-08,15,0,0.71,2026-06-07T12:00:00
FC-005201,SEC-001,2026-06-08,16,0,0.92,2026-06-07T12:00:00
FC-005202,SEC-001,2026-06-08,17,0,0.84,2026-06-07T12:00:00
FC-005203,SEC-001,2026-06-08,18,1,0.93,2026-06-07T12:00:00
FC-005204,SEC-001,2026-06-08,19,0,0.86,2026-06-07T12:00:00
FC-005205,SEC-001,2026-06-08,20,0,0.87,2026-06-07T12:00:00
FC-005206,SEC-001,2026-06-08,21,0,0.85,2026-06-07T12:00:00
FC-005207,SEC-001,2026-06-08,22,4,0.9,2026-06-07T12:00:00
FC-005208,SEC-001,2026-06-08,23,1,0.8,2026-06-07T12:00:00
FC-005209,SEC-002,2026-06-08,0,2,0.79,2026-06-07T12:00:00
FC-005210,SEC-002,2026-06-08,1,2,0.84,2026-06-07T12:00:00
FC-005211,SEC-002,2026-06-08,2,0,0.85,2026-06-07T12:00:00
FC-005212,SEC-002,2026-06-08,3,3,0.82,2026-06-07T12:00:00
FC-005213,SEC-002,2026-06-08,4,1,0.83,2026-06-07T12:00:00
FC-005214,SEC-002,2026-06-08,5,0,0.87,2026-06-07T12:00:00
FC-005215,SEC-002,2026-06-08,6,1,0.9,2026-06-07T12:00:00
FC-005216,SEC-002,2026-06-08,7,2,0.8,2026-06-07T12:00:00
FC-005217,SEC-002,2026-06-08,8,1,0.81,2026-06-07T12:00:00
FC-005218,SEC-002,2026-06-08,9,0,0.84,2026-06-07T12:00:00
FC-005219,SEC-002,2026-06-08,10,0,0.74,2026-06-07T12:00:00
FC-005220,SEC-002,2026-06-08,11,0,0.75,2026-06-07T12:00:00
FC-005221,SEC-002,2026-06-08,12,0,0.9,2026-06-07T12:00:00
FC-005222,SEC-002,2026-06-08,13,0,0.8,2026-06-07T12:00:00
FC-005223,SEC-002,2026-06-08,14,0,0.95,2026-06-07T12:00:00
FC-005224,SEC-002,2026-06-08,15,1,0.74,2026-06-07T12:00:00
FC-005225,SEC-002,2026-06-08,16,0,0.78,2026-06-07T12:00:00
FC-005226,SEC-002,2026-06-08,17,1,0.78,2026-06-07T12:00:00
FC-005227,SEC-002,2026-06-08,18,2,0.77,2026-06-07T12:00:00
FC-005228,SEC-002,2026-06-08,19,0,0.82,2026-06-07T12:00:00
FC-005229,SEC-002,2026-06-08,20,1,0.93,2026-06-07T12:00:00
FC-005230,SEC-002,2026-06-08,21,1,0.95,2026-06-07T12:00:00
FC-005231,SEC-002,2026-06-08,22,1,0.88,2026-06-07T12:00:00
FC-005232,SEC-002,2026-06-08,23,3,0.9,2026-06-07T12:00:00
FC-005233,SEC-003,2026-06-08,0,0,0.77,2026-06-07T12:00:00
FC-005234,SEC-003,2026-06-08,1,0,0.8,2026-06-07T12:00:00
FC-005235,SEC-003,2026-06-08,2,1,0.9,2026-06-07T12:00:00
FC-005236,SEC-003,2026-06-08,3,2,0.84,2026-06-07T12:00:00
FC-005237,SEC-003,2026-06-08,4,1,0.92,2026-06-07T12:00:00
FC-005238,SEC-003,2026-06-08,5,0,0.77,2026-06-07T12:00:00
FC-005239,SEC-003,2026-06-08,6,0,0.71,2026-06-07T12:00:00
FC-005240,SEC-003,2026-06-08,7,0,0.95,2026-06-07T12:00:00
FC-005241,SEC-003,2026-06-08,8,1,0.81,2026-06-07T12:00:00
FC-005242,SEC-003,2026-06-08,9,0,0.72,2026-06-07T12:00:00
FC-005243,SEC-003,2026-06-08,10,1,0.74,2026-06-07T12:00:00
FC-005244,SEC-003,2026-06-08,11,0,0.79,2026-06-07T12:00:00
FC-005245,SEC-003,2026-06-08,12,0,0.72,2026-06-07T12:00:00
FC-005246,SEC-003,2026-06-08,13,1,0.81,2026-06-07T12:00:00
FC-005247,SEC-003,2026-06-08,14,0,0.71,2026-06-07T12:00:00
FC-005248,SEC-003,2026-06-08,15,1,0.73,2026-06-07T12:00:00
FC-005249,SEC-003,2026-06-08,16,2,0.9,2026-06-07T12:00:00
FC-005250,SEC-003,2026-06-08,17,0,0.77,2026-06-07T12:00:00
FC-005251,SEC-003,2026-06-08,18,0,0.91,2026-06-07T12:00:00
FC-005252,SEC-003,2026-06-08,19,0,0.73,2026-06-07T12:00:00
FC-005253,SEC-003,2026-06-08,20,0,0.84,2026-06-07T12:00:00
FC-005254,SEC-003,2026-06-08,21,1,0.73,2026-06-07T12:00:00
FC-005255,SEC-003,2026-06-08,22,2,0.8,2026-06-07T12:00:00
FC-005256,SEC-003,2026-06-08,23,1,0.81,2026-06-07T12:00:00
FC-005257,SEC-004,2026-06-08,0,2,0.74,2026-06-07T12:00:00
FC-005258,SEC-004,2026-06-08,1,3,0.73,2026-06-07T12:00:00
FC-005259,SEC-004,2026-06-08,2,1,0.85,2026-06-07T12:00:00
FC-005260,SEC-004,2026-06-08,3,4,0.9,2026-06-07T12:00:00
FC-005261,SEC-004,2026-06-08,4,4,0.85,2026-06-07T12:00:00
FC-005262,SEC-004,2026-06-08,5,0,0.93,2026-06-07T12:00:00
FC-005263,SEC-004,2026-06-08,6,1,0.74,2026-06-07T12:00:00
FC-005264,SEC-004,2026-06-08,7,1,0.88,2026-06-07T12:00:00
FC-005265,SEC-004,2026-06-08,8,0,0.72,2026-06-07T12:00:00
FC-005266,SEC-004,2026-06-08,9,1,0.84,2026-06-07T12:00:00
FC-005267,SEC-004,2026-06-08,10,0,0.82,2026-06-07T12:00:00
FC-005268,SEC-004,2026-06-08,11,0,0.88,2026-06-07T12:00:00
FC-005269,SEC-004,2026-06-08,12,1,0.74,2026-06-07T12:00:00
FC-005270,SEC-004,2026-06-08,13,1,0.79,2026-06-07T12:00:00
FC-005271,SEC-004,2026-06-08,14,0,0.72,2026-06-07T12:00:00
FC-005272,SEC-004,2026-06-08,15,0,0.78,2026-06-07T12:00:00
FC-005273,SEC-004,2026-06-08,16,1,0.9,2026-06-07T12:00:00
FC-005274,SEC-004,2026-06-08,17,2,0.93,2026-06-07T12:00:00
FC-005275,SEC-004,2026-06-08,18,1,0.73,2026-06-07T12:00:00
FC-005276,SEC-004,2026-06-08,19,0,0.76,2026-06-07T12:00:00
FC-005277,SEC-004,2026-06-08,20,0,0.75,2026-06-07T12:00:00
FC-005278,SEC-004,2026-06-08,21,1,0.79,2026-06-07T12:00:00
FC-005279,SEC-004,2026-06-08,22,2,0.93,2026-06-07T12:00:00
FC-005280,SEC-004,2026-06-08,23,3,0.77,2026-06-07T12:00:00
FC-005281,SEC-005,2026-06-08,0,0,0.87,2026-06-07T12:00:00
FC-005282,SEC-005,2026-06-08,1,3,0.9,2026-06-07T12:00:00
FC-005283,SEC-005,2026-06-08,2,1,0.91,2026-06-07T12:00:00
FC-005284,SEC-005,2026-06-08,3,0,0.88,2026-06-07T12:00:00
FC-005285,SEC-005,2026-06-08,4,1,0.77,2026-06-07T12:00:00
FC-005286,SEC-005,2026-06-08,5,2,0.94,2026-06-07T12:00:00
FC-005287,SEC-005,2026-06-08,6,0,0.9,2026-06-07T12:00:00
FC-005288,SEC-005,2026-06-08,7,1,0.89,2026-06-07T12:00:00
FC-005289,SEC-005,2026-06-08,8,1,0.88,2026-06-07T12:00:00
FC-005290,SEC-005,2026-06-08,9,0,0.82,2026-06-07T12:00:00
FC-005291,SEC-005,2026-06-08,10,1,0.89,2026-06-07T12:00:00
FC-005292,SEC-005,2026-06-08,11,0,0.9,2026-06-07T12:00:00
FC-005293,SEC-005,2026-06-08,12,0,0.89,2026-06-07T12:00:00
FC-005294,SEC-005,2026-06-08,13,0,0.93,2026-06-07T12:00:00
FC-005295,SEC-005,2026-06-08,14,2,0.73,2026-06-07T12:00:00
FC-005296,SEC-005,2026-06-08,15,0,0.82,2026-06-07T12:00:00
FC-005297,SEC-005,2026-06-08,16,1,0.75,2026-06-07T12:00:00
FC-005298,SEC-005,2026-06-08,17,0,0.83,2026-06-07T12:00:00
FC-005299,SEC-005,2026-06-08,18,1,0.84,2026-06-07T12:00:00
FC-005300,SEC-005,2026-06-08,19,1,0.82,2026-06-07T12:00:00
FC-005301,SEC-005,2026-06-08,20,1,0.81,2026-06-07T12:00:00
FC-005302,SEC-005,2026-06-08,21,0,0.71,2026-06-07T12:00:00
FC-005303,SEC-005,2026-06-08,22,0,0.77,2026-06-07T12:00:00
FC-005304,SEC-005,2026-06-08,23,2,0.74,2026-06-07T12:00:00
FC-005305,SEC-006,2026-06-08,0,7,0.75,2026-06-07T12:00:00
FC-005306,SEC-006,2026-06-08,1,3,0.77,2026-06-07T12:00:00
FC-005307,SEC-006,2026-06-08,2,2,0.77,2026-06-07T12:00:00
FC-005308,SEC-006,2026-06-08,3,3,0.79,2026-06-07T12:00:00
FC-005309,SEC-006,2026-06-08,4,0,0.72,2026-06-07T12:00:00
FC-005310,SEC-006,2026-06-08,5,0,0.86,2026-06-07T12:00:00
FC-005311,SEC-006,2026-06-08,6,0,0.87,2026-06-07T12:00:00
FC-005312,SEC-006,2026-06-08,7,1,0.87,2026-06-07T12:00:00
FC-005313,SEC-006,2026-06-08,8,0,0.75,2026-06-07T12:00:00
FC-005314,SEC-006,2026-06-08,9,0,0.87,2026-06-07T12:00:00
FC-005315,SEC-006,2026-06-08,10,0,0.91,2026-06-07T12:00:00
FC-005316,SEC-006,2026-06-08,11,0,0.72,2026-06-07T12:00:00
FC-005317,SEC-006,2026-06-08,12,1,0.74,2026-06-07T12:00:00
FC-005318,SEC-006,2026-06-08,13,1,0.72,2026-06-07T12:00:00
FC-005319,SEC-006,2026-06-08,14,1,0.77,2026-06-07T12:00:00
FC-005320,SEC-006,2026-06-08,15,0,0.82,2026-06-07T12:00:00
FC-005321,SEC-006,2026-06-08,16,0,0.84,2026-06-07T12:00:00
FC-005322,SEC-006,2026-06-08,17,0,0.72,2026-06-07T12:00:00
FC-005323,SEC-006,2026-06-08,18,0,0.76,2026-06-07T12:00:00
FC-005324,SEC-006,2026-06-08,19,0,0.81,2026-06-07T12:00:00
FC-005325,SEC-006,2026-06-08,20,0,0.8,2026-06-07T12:00:00
FC-005326,SEC-006,2026-06-08,21,1,0.78,2026-06-07T12:00:00
FC-005327,SEC-006,2026-06-08,22,1,0.73,2026-06-07T12:00:00
FC-005328,SEC-006,2026-06-08,23,1,0.85,2026-06-07T12:00:00
FC-005329,SEC-001,2026-06-09,0,0,0.82,2026-06-08T12:00:00
FC-005330,SEC-001,2026-06-09,1,5,0.75,2026-06-08T12:00:00
FC-005331,SEC-001,2026-06-09,2,1,0.9,2026-06-08T12:00:00
FC-005332,SEC-001,2026-06-09,3,3,0.91,2026-06-08T12:00:00
FC-005333,SEC-001,2026-06-09,4,3,0.77,2026-06-08T12:00:00
FC-005334,SEC-001,2026-06-09,5,0,0.82,2026-06-08T12:00:00
FC-005335,SEC-001,2026-06-09,6,1,0.91,2026-06-08T12:00:00
FC-005336,SEC-001,2026-06-09,7,0,0.76,2026-06-08T12:00:00
FC-005337,SEC-001,2026-06-09,8,0,0.77,2026-06-08T12:00:00
FC-005338,SEC-001,2026-06-09,9,1,0.77,2026-06-08T12:00:00
FC-005339,SEC-001,2026-06-09,10,0,0.71,2026-06-08T12:00:00
FC-005340,SEC-001,2026-06-09,11,1,0.87,2026-06-08T12:00:00
FC-005341,SEC-001,2026-06-09,12,0,0.77,2026-06-08T12:00:00
FC-005342,SEC-001,2026-06-09,13,0,0.87,2026-06-08T12:00:00
FC-005343,SEC-001,2026-06-09,14,0,0.73,2026-06-08T12:00:00
FC-005344,SEC-001,2026-06-09,15,1,0.91,2026-06-08T12:00:00
FC-005345,SEC-001,2026-06-09,16,0,0.78,2026-06-08T12:00:00
FC-005346,SEC-001,2026-06-09,17,0,0.81,2026-06-08T12:00:00
FC-005347,SEC-001,2026-06-09,18,1,0.9,2026-06-08T12:00:00
FC-005348,SEC-001,2026-06-09,19,1,0.72,2026-06-08T12:00:00
FC-005349,SEC-001,2026-06-09,20,0,0.88,2026-06-08T12:00:00
FC-005350,SEC-001,2026-06-09,21,1,0.77,2026-06-08T12:00:00
FC-005351,SEC-001,2026-06-09,22,3,0.9,2026-06-08T12:00:00
FC-005352,SEC-001,2026-06-09,23,1,0.77,2026-06-08T12:00:00
FC-005353,SEC-002,2026-06-09,0,3,0.83,2026-06-08T12:00:00
FC-005354,SEC-002,2026-06-09,1,4,0.94,2026-06-08T12:00:00
FC-005355,SEC-002,2026-06-09,2,3,0.84,2026-06-08T12:00:00
FC-005356,SEC-002,2026-06-09,3,3,0.91,2026-06-08T12:00:00
FC-005357,SEC-002,2026-06-09,4,3,0.77,2026-06-08T12:00:00
FC-005358,SEC-002,2026-06-09,5,0,0.77,2026-06-08T12:00:00
FC-005359,SEC-002,2026-06-09,6,1,0.86,2026-06-08T12:00:00
FC-005360,SEC-002,2026-06-09,7,1,0.9,2026-06-08T12:00:00
FC-005361,SEC-002,2026-06-09,8,0,0.92,2026-06-08T12:00:00
FC-005362,SEC-002,2026-06-09,9,0,0.88,2026-06-08T12:00:00
FC-005363,SEC-002,2026-06-09,10,1,0.79,2026-06-08T12:00:00
FC-005364,SEC-002,2026-06-09,11,1,0.78,2026-06-08T12:00:00
FC-005365,SEC-002,2026-06-09,12,0,0.93,2026-06-08T12:00:00
FC-005366,SEC-002,2026-06-09,13,0,0.75,2026-06-08T12:00:00
FC-005367,SEC-002,2026-06-09,14,1,0.82,2026-06-08T12:00:00
FC-005368,SEC-002,2026-06-09,15,1,0.9,2026-06-08T12:00:00
FC-005369,SEC-002,2026-06-09,16,0,0.71,2026-06-08T12:00:00
FC-005370,SEC-002,2026-06-09,17,1,0.72,2026-06-08T12:00:00
FC-005371,SEC-002,2026-06-09,18,0,0.88,2026-06-08T12:00:00
FC-005372,SEC-002,2026-06-09,19,1,0.71,2026-06-08T12:00:00
FC-005373,SEC-002,2026-06-09,20,0,0.75,2026-06-08T12:00:00
FC-005374,SEC-002,2026-06-09,21,2,0.79,2026-06-08T12:00:00
FC-005375,SEC-002,2026-06-09,22,1,0.94,2026-06-08T12:00:00
FC-005376,SEC-002,2026-06-09,23,2,0.79,2026-06-08T12:00:00
FC-005377,SEC-003,2026-06-09,0,3,0.84,2026-06-08T12:00:00
FC-005378,SEC-003,2026-06-09,1,0,0.88,2026-06-08T12:00:00
FC-005379,SEC-003,2026-06-09,2,2,0.85,2026-06-08T12:00:00
FC-005380,SEC-003,2026-06-09,3,1,0.85,2026-06-08T12:00:00
FC-005381,SEC-003,2026-06-09,4,0,0.78,2026-06-08T12:00:00
FC-005382,SEC-003,2026-06-09,5,1,0.8,2026-06-08T12:00:00
FC-005383,SEC-003,2026-06-09,6,0,0.79,2026-06-08T12:00:00
FC-005384,SEC-003,2026-06-09,7,0,0.77,2026-06-08T12:00:00
FC-005385,SEC-003,2026-06-09,8,0,0.86,2026-06-08T12:00:00
FC-005386,SEC-003,2026-06-09,9,0,0.82,2026-06-08T12:00:00
FC-005387,SEC-003,2026-06-09,10,1,0.8,2026-06-08T12:00:00
FC-005388,SEC-003,2026-06-09,11,1,0.81,2026-06-08T12:00:00
FC-005389,SEC-003,2026-06-09,12,1,0.76,2026-06-08T12:00:00
FC-005390,SEC-003,2026-06-09,13,0,0.84,2026-06-08T12:00:00
FC-005391,SEC-003,2026-06-09,14,0,0.72,2026-06-08T12:00:00
FC-005392,SEC-003,2026-06-09,15,0,0.78,2026-06-08T12:00:00
FC-005393,SEC-003,2026-06-09,16,0,0.83,2026-06-08T12:00:00
FC-005394,SEC-003,2026-06-09,17,0,0.8,2026-06-08T12:00:00
FC-005395,SEC-003,2026-06-09,18,1,0.85,2026-06-08T12:00:00
FC-005396,SEC-003,2026-06-09,19,0,0.95,2026-06-08T12:00:00
FC-005397,SEC-003,2026-06-09,20,0,0.88,2026-06-08T12:00:00
FC-005398,SEC-003,2026-06-09,21,1,0.77,2026-06-08T12:00:00
FC-005399,SEC-003,2026-06-09,22,1,0.7,2026-06-08T12:00:00
FC-005400,SEC-003,2026-06-09,23,2,0.74,2026-06-08T12:00:00
FC-005401,SEC-004,2026-06-09,0,4,0.89,2026-06-08T12:00:00
FC-005402,SEC-004,2026-06-09,1,1,0.74,2026-06-08T12:00:00
FC-005403,SEC-004,2026-06-09,2,2,0.81,2026-06-08T12:00:00
FC-005404,SEC-004,2026-06-09,3,0,0.88,2026-06-08T12:00:00
FC-005405,SEC-004,2026-06-09,4,0,0.89,2026-06-08T12:00:00
FC-005406,SEC-004,2026-06-09,5,0,0.75,2026-06-08T12:00:00
FC-005407,SEC-004,2026-06-09,6,0,0.73,2026-06-08T12:00:00
FC-005408,SEC-004,2026-06-09,7,0,0.87,2026-06-08T12:00:00
FC-005409,SEC-004,2026-06-09,8,0,0.88,2026-06-08T12:00:00
FC-005410,SEC-004,2026-06-09,9,1,0.77,2026-06-08T12:00:00
FC-005411,SEC-004,2026-06-09,10,0,0.86,2026-06-08T12:00:00
FC-005412,SEC-004,2026-06-09,11,0,0.73,2026-06-08T12:00:00
FC-005413,SEC-004,2026-06-09,12,0,0.8,2026-06-08T12:00:00
FC-005414,SEC-004,2026-06-09,13,0,0.7,2026-06-08T12:00:00
FC-005415,SEC-004,2026-06-09,14,0,0.77,2026-06-08T12:00:00
FC-005416,SEC-004,2026-06-09,15,1,0.83,2026-06-08T12:00:00
FC-005417,SEC-004,2026-06-09,16,1,0.78,2026-06-08T12:00:00
FC-005418,SEC-004,2026-06-09,17,1,0.86,2026-06-08T12:00:00
FC-005419,SEC-004,2026-06-09,18,1,0.91,2026-06-08T12:00:00
FC-005420,SEC-004,2026-06-09,19,1,0.78,2026-06-08T12:00:00
FC-005421,SEC-004,2026-06-09,20,0,0.83,2026-06-08T12:00:00
FC-005422,SEC-004,2026-06-09,21,1,0.89,2026-06-08T12:00:00
FC-005423,SEC-004,2026-06-09,22,2,0.94,2026-06-08T12:00:00
FC-005424,SEC-004,2026-06-09,23,3,0.75,2026-06-08T12:00:00
FC-005425,SEC-005,2026-06-09,0,1,0.79,2026-06-08T12:00:00
FC-005426,SEC-005,2026-06-09,1,2,0.89,2026-06-08T12:00:00
FC-005427,SEC-005,2026-06-09,2,0,0.8,2026-06-08T12:00:00
FC-005428,SEC-005,2026-06-09,3,3,0.71,2026-06-08T12:00:00
FC-005429,SEC-005,2026-06-09,4,4,0.85,2026-06-08T12:00:00
FC-005430,SEC-005,2026-06-09,5,0,0.72,2026-06-08T12:00:00
FC-005431,SEC-005,2026-06-09,6,2,0.93,2026-06-08T12:00:00
FC-005432,SEC-005,2026-06-09,7,0,0.82,2026-06-08T12:00:00
FC-005433,SEC-005,2026-06-09,8,0,0.79,2026-06-08T12:00:00
FC-005434,SEC-005,2026-06-09,9,1,0.85,2026-06-08T12:00:00
FC-005435,SEC-005,2026-06-09,10,0,0.84,2026-06-08T12:00:00
FC-005436,SEC-005,2026-06-09,11,1,0.71,2026-06-08T12:00:00
FC-005437,SEC-005,2026-06-09,12,0,0.78,2026-06-08T12:00:00
FC-005438,SEC-005,2026-06-09,13,1,0.95,2026-06-08T12:00:00
FC-005439,SEC-005,2026-06-09,14,1,0.75,2026-06-08T12:00:00
FC-005440,SEC-005,2026-06-09,15,0,0.76,2026-06-08T12:00:00
FC-005441,SEC-005,2026-06-09,16,0,0.7,2026-06-08T12:00:00
FC-005442,SEC-005,2026-06-09,17,1,0.71,2026-06-08T12:00:00
FC-005443,SEC-005,2026-06-09,18,0,0.79,2026-06-08T12:00:00
FC-005444,SEC-005,2026-06-09,19,1,0.94,2026-06-08T12:00:00
FC-005445,SEC-005,2026-06-09,20,1,0.85,2026-06-08T12:00:00
FC-005446,SEC-005,2026-06-09,21,0,0.71,2026-06-08T12:00:00
FC-005447,SEC-005,2026-06-09,22,1,0.93,2026-06-08T12:00:00
FC-005448,SEC-005,2026-06-09,23,5,0.75,2026-06-08T12:00:00
FC-005449,SEC-006,2026-06-09,0,2,0.78,2026-06-08T12:00:00
FC-005450,SEC-006,2026-06-09,1,3,0.93,2026-06-08T12:00:00
FC-005451,SEC-006,2026-06-09,2,1,0.79,2026-06-08T12:00:00
FC-005452,SEC-006,2026-06-09,3,1,0.75,2026-06-08T12:00:00
FC-005453,SEC-006,2026-06-09,4,2,0.81,2026-06-08T12:00:00
FC-005454,SEC-006,2026-06-09,5,0,0.77,2026-06-08T12:00:00
FC-005455,SEC-006,2026-06-09,6,1,0.73,2026-06-08T12:00:00
FC-005456,SEC-006,2026-06-09,7,0,0.87,2026-06-08T12:00:00
FC-005457,SEC-006,2026-06-09,8,0,0.92,2026-06-08T12:00:00
FC-005458,SEC-006,2026-06-09,9,1,0.74,2026-06-08T12:00:00
FC-005459,SEC-006,2026-06-09,10,2,0.88,2026-06-08T12:00:00
FC-005460,SEC-006,2026-06-09,11,0,0.87,2026-06-08T12:00:00
FC-005461,SEC-006,2026-06-09,12,1,0.71,2026-06-08T12:00:00
FC-005462,SEC-006,2026-06-09,13,0,0.87,2026-06-08T12:00:00
FC-005463,SEC-006,2026-06-09,14,1,0.78,2026-06-08T12:00:00
FC-005464,SEC-006,2026-06-09,15,0,0.78,2026-06-08T12:00:00
FC-005465,SEC-006,2026-06-09,16,0,0.94,2026-06-08T12:00:00
FC-005466,SEC-006,2026-06-09,17,0,0.95,2026-06-08T12:00:00
FC-005467,SEC-006,2026-06-09,18,0,0.72,2026-06-08T12:00:00
FC-005468,SEC-006,2026-06-09,19,0,0.9,2026-06-08T12:00:00
FC-005469,SEC-006,2026-06-09,20,0,0.87,2026-06-08T12:00:00
FC-005470,SEC-006,2026-06-09,21,0,0.72,2026-06-08T12:00:00
FC-005471,SEC-006,2026-06-09,22,0,0.78,2026-06-08T12:00:00
FC-005472,SEC-006,2026-06-09,23,0,0.84,2026-06-08T12:00:00
FC-005473,SEC-001,2026-06-10,0,0,0.84,2026-06-09T12:00:00
FC-005474,SEC-001,2026-06-10,1,1,0.91,2026-06-09T12:00:00
FC-005475,SEC-001,2026-06-10,2,2,0.89,2026-06-09T12:00:00
FC-005476,SEC-001,2026-06-10,3,0,0.84,2026-06-09T12:00:00
FC-005477,SEC-001,2026-06-10,4,1,0.74,2026-06-09T12:00:00
FC-005478,SEC-001,2026-06-10,5,1,0.77,2026-06-09T12:00:00
FC-005479,SEC-001,2026-06-10,6,0,0.85,2026-06-09T12:00:00
FC-005480,SEC-001,2026-06-10,7,0,0.81,2026-06-09T12:00:00
FC-005481,SEC-001,2026-06-10,8,0,0.81,2026-06-09T12:00:00
FC-005482,SEC-001,2026-06-10,9,0,0.78,2026-06-09T12:00:00
FC-005483,SEC-001,2026-06-10,10,2,0.93,2026-06-09T12:00:00
FC-005484,SEC-001,2026-06-10,11,1,0.75,2026-06-09T12:00:00
FC-005485,SEC-001,2026-06-10,12,0,0.9,2026-06-09T12:00:00
FC-005486,SEC-001,2026-06-10,13,1,0.73,2026-06-09T12:00:00
FC-005487,SEC-001,2026-06-10,14,0,0.72,2026-06-09T12:00:00
FC-005488,SEC-001,2026-06-10,15,0,0.86,2026-06-09T12:00:00
FC-005489,SEC-001,2026-06-10,16,0,0.89,2026-06-09T12:00:00
FC-005490,SEC-001,2026-06-10,17,0,0.75,2026-06-09T12:00:00
FC-005491,SEC-001,2026-06-10,18,0,0.84,2026-06-09T12:00:00
FC-005492,SEC-001,2026-06-10,19,0,0.87,2026-06-09T12:00:00
FC-005493,SEC-001,2026-06-10,20,0,0.74,2026-06-09T12:00:00
FC-005494,SEC-001,2026-06-10,21,0,0.79,2026-06-09T12:00:00
FC-005495,SEC-001,2026-06-10,22,1,0.83,2026-06-09T12:00:00
FC-005496,SEC-001,2026-06-10,23,1,0.8,2026-06-09T12:00:00
FC-005497,SEC-002,2026-06-10,0,2,0.92,2026-06-09T12:00:00
FC-005498,SEC-002,2026-06-10,1,5,0.77,2026-06-09T12:00:00
FC-005499,SEC-002,2026-06-10,2,2,0.91,2026-06-09T12:00:00
FC-005500,SEC-002,2026-06-10,3,0,0.88,2026-06-09T12:00:00
FC-005501,SEC-002,2026-06-10,4,0,0.73,2026-06-09T12:00:00
FC-005502,SEC-002,2026-06-10,5,0,0.84,2026-06-09T12:00:00
FC-005503,SEC-002,2026-06-10,6,1,0.91,2026-06-09T12:00:00
FC-005504,SEC-002,2026-06-10,7,0,0.86,2026-06-09T12:00:00
FC-005505,SEC-002,2026-06-10,8,0,0.78,2026-06-09T12:00:00
FC-005506,SEC-002,2026-06-10,9,0,0.78,2026-06-09T12:00:00
FC-005507,SEC-002,2026-06-10,10,0,0.91,2026-06-09T12:00:00
FC-005508,SEC-002,2026-06-10,11,0,0.84,2026-06-09T12:00:00
FC-005509,SEC-002,2026-06-10,12,0,0.92,2026-06-09T12:00:00
FC-005510,SEC-002,2026-06-10,13,0,0.72,2026-06-09T12:00:00
FC-005511,SEC-002,2026-06-10,14,0,0.94,2026-06-09T12:00:00
FC-005512,SEC-002,2026-06-10,15,1,0.77,2026-06-09T12:00:00
FC-005513,SEC-002,2026-06-10,16,0,0.95,2026-06-09T12:00:00
FC-005514,SEC-002,2026-06-10,17,0,0.84,2026-06-09T12:00:00
FC-005515,SEC-002,2026-06-10,18,0,0.94,2026-06-09T12:00:00
FC-005516,SEC-002,2026-06-10,19,0,0.79,2026-06-09T12:00:00
FC-005517,SEC-002,2026-06-10,20,0,0.73,2026-06-09T12:00:00
FC-005518,SEC-002,2026-06-10,21,0,0.76,2026-06-09T12:00:00
FC-005519,SEC-002,2026-06-10,22,1,0.7,2026-06-09T12:00:00
FC-005520,SEC-002,2026-06-10,23,2,0.73,2026-06-09T12:00:00
FC-005521,SEC-003,2026-06-10,0,1,0.75,2026-06-09T12:00:00
FC-005522,SEC-003,2026-06-10,1,2,0.91,2026-06-09T12:00:00
FC-005523,SEC-003,2026-06-10,2,5,0.92,2026-06-09T12:00:00
FC-005524,SEC-003,2026-06-10,3,1,0.79,2026-06-09T12:00:00
FC-005525,SEC-003,2026-06-10,4,3,0.92,2026-06-09T12:00:00
FC-005526,SEC-003,2026-06-10,5,0,0.79,2026-06-09T12:00:00
FC-005527,SEC-003,2026-06-10,6,0,0.86,2026-06-09T12:00:00
FC-005528,SEC-003,2026-06-10,7,0,0.85,2026-06-09T12:00:00
FC-005529,SEC-003,2026-06-10,8,0,0.93,2026-06-09T12:00:00
FC-005530,SEC-003,2026-06-10,9,0,0.76,2026-06-09T12:00:00
FC-005531,SEC-003,2026-06-10,10,1,0.75,2026-06-09T12:00:00
FC-005532,SEC-003,2026-06-10,11,0,0.73,2026-06-09T12:00:00
FC-005533,SEC-003,2026-06-10,12,1,0.73,2026-06-09T12:00:00
FC-005534,SEC-003,2026-06-10,13,1,0.9,2026-06-09T12:00:00
FC-005535,SEC-003,2026-06-10,14,1,0.9,2026-06-09T12:00:00
FC-005536,SEC-003,2026-06-10,15,2,0.72,2026-06-09T12:00:00
FC-005537,SEC-003,2026-06-10,16,0,0.88,2026-06-09T12:00:00
FC-005538,SEC-003,2026-06-10,17,0,0.91,2026-06-09T12:00:00
FC-005539,SEC-003,2026-06-10,18,0,0.78,2026-06-09T12:00:00
FC-005540,SEC-003,2026-06-10,19,0,0.76,2026-06-09T12:00:00
FC-005541,SEC-003,2026-06-10,20,0,0.87,2026-06-09T12:00:00
FC-005542,SEC-003,2026-06-10,21,0,0.79,2026-06-09T12:00:00
FC-005543,SEC-003,2026-06-10,22,0,0.8,2026-06-09T12:00:00
FC-005544,SEC-003,2026-06-10,23,3,0.91,2026-06-09T12:00:00
FC-005545,SEC-004,2026-06-10,0,1,0.73,2026-06-09T12:00:00
FC-005546,SEC-004,2026-06-10,1,4,0.75,2026-06-09T12:00:00
FC-005547,SEC-004,2026-06-10,2,0,0.87,2026-06-09T12:00:00
FC-005548,SEC-004,2026-06-10,3,1,0.79,2026-06-09T12:00:00
FC-005549,SEC-004,2026-06-10,4,3,0.74,2026-06-09T12:00:00
FC-005550,SEC-004,2026-06-10,5,0,0.78,2026-06-09T12:00:00
FC-005551,SEC-004,2026-06-10,6,0,0.85,2026-06-09T12:00:00
FC-005552,SEC-004,2026-06-10,7,1,0.94,2026-06-09T12:00:00
FC-005553,SEC-004,2026-06-10,8,1,0.76,2026-06-09T12:00:00
FC-005554,SEC-004,2026-06-10,9,2,0.89,2026-06-09T12:00:00
FC-005555,SEC-004,2026-06-10,10,1,0.7,2026-06-09T12:00:00
FC-005556,SEC-004,2026-06-10,11,1,0.91,2026-06-09T12:00:00
FC-005557,SEC-004,2026-06-10,12,1,0.77,2026-06-09T12:00:00
FC-005558,SEC-004,2026-06-10,13,0,0.88,2026-06-09T12:00:00
FC-005559,SEC-004,2026-06-10,14,1,0.87,2026-06-09T12:00:00
FC-005560,SEC-004,2026-06-10,15,1,0.7,2026-06-09T12:00:00
FC-005561,SEC-004,2026-06-10,16,0,0.88,2026-06-09T12:00:00
FC-005562,SEC-004,2026-06-10,17,0,0.84,2026-06-09T12:00:00
FC-005563,SEC-004,2026-06-10,18,1,0.85,2026-06-09T12:00:00
FC-005564,SEC-004,2026-06-10,19,1,0.77,2026-06-09T12:00:00
FC-005565,SEC-004,2026-06-10,20,0,0.93,2026-06-09T12:00:00
FC-005566,SEC-004,2026-06-10,21,0,0.79,2026-06-09T12:00:00
FC-005567,SEC-004,2026-06-10,22,0,0.85,2026-06-09T12:00:00
FC-005568,SEC-004,2026-06-10,23,0,0.81,2026-06-09T12:00:00
FC-005569,SEC-005,2026-06-10,0,0,0.72,2026-06-09T12:00:00
FC-005570,SEC-005,2026-06-10,1,3,0.82,2026-06-09T12:00:00
FC-005571,SEC-005,2026-06-10,2,1,0.83,2026-06-09T12:00:00
FC-005572,SEC-005,2026-06-10,3,1,0.93,2026-06-09T12:00:00
FC-005573,SEC-005,2026-06-10,4,1,0.91,2026-06-09T12:00:00
FC-005574,SEC-005,2026-06-10,5,1,0.75,2026-06-09T12:00:00
FC-005575,SEC-005,2026-06-10,6,0,0.76,2026-06-09T12:00:00
FC-005576,SEC-005,2026-06-10,7,0,0.94,2026-06-09T12:00:00
FC-005577,SEC-005,2026-06-10,8,0,0.76,2026-06-09T12:00:00
FC-005578,SEC-005,2026-06-10,9,0,0.81,2026-06-09T12:00:00
FC-005579,SEC-005,2026-06-10,10,0,0.86,2026-06-09T12:00:00
FC-005580,SEC-005,2026-06-10,11,0,0.72,2026-06-09T12:00:00
FC-005581,SEC-005,2026-06-10,12,0,0.81,2026-06-09T12:00:00
FC-005582,SEC-005,2026-06-10,13,0,0.73,2026-06-09T12:00:00
FC-005583,SEC-005,2026-06-10,14,0,0.71,2026-06-09T12:00:00
FC-005584,SEC-005,2026-06-10,15,1,0.7,2026-06-09T12:00:00
FC-005585,SEC-005,2026-06-10,16,1,0.87,2026-06-09T12:00:00
FC-005586,SEC-005,2026-06-10,17,0,0.8,2026-06-09T12:00:00
FC-005587,SEC-005,2026-06-10,18,0,0.83,2026-06-09T12:00:00
FC-005588,SEC-005,2026-06-10,19,0,0.78,2026-06-09T12:00:00
FC-005589,SEC-005,2026-06-10,20,1,0.78,2026-06-09T12:00:00
FC-005590,SEC-005,2026-06-10,21,0,0.83,2026-06-09T12:00:00
FC-005591,SEC-005,2026-06-10,22,2,0.76,2026-06-09T12:00:00
FC-005592,SEC-005,2026-06-10,23,3,0.81,2026-06-09T12:00:00
FC-005593,SEC-006,2026-06-10,0,5,0.89,2026-06-09T12:00:00
FC-005594,SEC-006,2026-06-10,1,1,0.93,2026-06-09T12:00:00
FC-005595,SEC-006,2026-06-10,2,4,0.91,2026-06-09T12:00:00
FC-005596,SEC-006,2026-06-10,3,5,0.79,2026-06-09T12:00:00
FC-005597,SEC-006,2026-06-10,4,2,0.74,2026-06-09T12:00:00
FC-005598,SEC-006,2026-06-10,5,1,0.92,2026-06-09T12:00:00
FC-005599,SEC-006,2026-06-10,6,0,0.87,2026-06-09T12:00:00
FC-005600,SEC-006,2026-06-10,7,0,0.89,2026-06-09T12:00:00
FC-005601,SEC-006,2026-06-10,8,2,0.82,2026-06-09T12:00:00
FC-005602,SEC-006,2026-06-10,9,1,0.7,2026-06-09T12:00:00
FC-005603,SEC-006,2026-06-10,10,0,0.78,2026-06-09T12:00:00
FC-005604,SEC-006,2026-06-10,11,1,0.82,2026-06-09T12:00:00
FC-005605,SEC-006,2026-06-10,12,1,0.75,2026-06-09T12:00:00
FC-005606,SEC-006,2026-06-10,13,0,0.88,2026-06-09T12:00:00
FC-005607,SEC-006,2026-06-10,14,0,0.85,2026-06-09T12:00:00
FC-005608,SEC-006,2026-06-10,15,0,0.82,2026-06-09T12:00:00
FC-005609,SEC-006,2026-06-10,16,1,0.73,2026-06-09T12:00:00
FC-005610,SEC-006,2026-06-10,17,1,0.76,2026-06-09T12:00:00
FC-005611,SEC-006,2026-06-10,18,0,0.87,2026-06-09T12:00:00
FC-005612,SEC-006,2026-06-10,19,1,0.83,2026-06-09T12:00:00
FC-005613,SEC-006,2026-06-10,20,1,0.8,2026-06-09T12:00:00
FC-005614,SEC-006,2026-06-10,21,1,0.9,2026-06-09T12:00:00
FC-005615,SEC-006,2026-06-10,22,2,0.8,2026-06-09T12:00:00
FC-005616,SEC-006,2026-06-10,23,0,0.8,2026-06-09T12:00:00
FC-005617,SEC-001,2026-06-11,0,1,0.75,2026-06-10T12:00:00
FC-005618,SEC-001,2026-06-11,1,3,0.93,2026-06-10T12:00:00
FC-005619,SEC-001,2026-06-11,2,0,0.75,2026-06-10T12:00:00
FC-005620,SEC-001,2026-06-11,3,5,0.85,2026-06-10T12:00:00
FC-005621,SEC-001,2026-06-11,4,0,0.8,2026-06-10T12:00:00
FC-005622,SEC-001,2026-06-11,5,1,0.74,2026-06-10T12:00:00
FC-005623,SEC-001,2026-06-11,6,1,0.83,2026-06-10T12:00:00
FC-005624,SEC-001,2026-06-11,7,1,0.76,2026-06-10T12:00:00
FC-005625,SEC-001,2026-06-11,8,1,0.84,2026-06-10T12:00:00
FC-005626,SEC-001,2026-06-11,9,0,0.81,2026-06-10T12:00:00
FC-005627,SEC-001,2026-06-11,10,2,0.78,2026-06-10T12:00:00
FC-005628,SEC-001,2026-06-11,11,0,0.71,2026-06-10T12:00:00
FC-005629,SEC-001,2026-06-11,12,1,0.87,2026-06-10T12:00:00
FC-005630,SEC-001,2026-06-11,13,0,0.75,2026-06-10T12:00:00
FC-005631,SEC-001,2026-06-11,14,1,0.77,2026-06-10T12:00:00
FC-005632,SEC-001,2026-06-11,15,0,0.91,2026-06-10T12:00:00
FC-005633,SEC-001,2026-06-11,16,0,0.79,2026-06-10T12:00:00
FC-005634,SEC-001,2026-06-11,17,0,0.91,2026-06-10T12:00:00
FC-005635,SEC-001,2026-06-11,18,2,0.89,2026-06-10T12:00:00
FC-005636,SEC-001,2026-06-11,19,1,0.92,2026-06-10T12:00:00
FC-005637,SEC-001,2026-06-11,20,0,0.76,2026-06-10T12:00:00
FC-005638,SEC-001,2026-06-11,21,1,0.76,2026-06-10T12:00:00
FC-005639,SEC-001,2026-06-11,22,3,0.92,2026-06-10T12:00:00
FC-005640,SEC-001,2026-06-11,23,0,0.95,2026-06-10T12:00:00
FC-005641,SEC-002,2026-06-11,0,5,0.83,2026-06-10T12:00:00
FC-005642,SEC-002,2026-06-11,1,0,0.89,2026-06-10T12:00:00
FC-005643,SEC-002,2026-06-11,2,0,0.74,2026-06-10T12:00:00
FC-005644,SEC-002,2026-06-11,3,0,0.9,2026-06-10T12:00:00
FC-005645,SEC-002,2026-06-11,4,3,0.92,2026-06-10T12:00:00
FC-005646,SEC-002,2026-06-11,5,1,0.73,2026-06-10T12:00:00
FC-005647,SEC-002,2026-06-11,6,0,0.79,2026-06-10T12:00:00
FC-005648,SEC-002,2026-06-11,7,1,0.8,2026-06-10T12:00:00
FC-005649,SEC-002,2026-06-11,8,3,0.89,2026-06-10T12:00:00
FC-005650,SEC-002,2026-06-11,9,1,0.89,2026-06-10T12:00:00
FC-005651,SEC-002,2026-06-11,10,1,0.8,2026-06-10T12:00:00
FC-005652,SEC-002,2026-06-11,11,0,0.77,2026-06-10T12:00:00
FC-005653,SEC-002,2026-06-11,12,1,0.74,2026-06-10T12:00:00
FC-005654,SEC-002,2026-06-11,13,1,0.86,2026-06-10T12:00:00
FC-005655,SEC-002,2026-06-11,14,0,0.77,2026-06-10T12:00:00
FC-005656,SEC-002,2026-06-11,15,0,0.82,2026-06-10T12:00:00
FC-005657,SEC-002,2026-06-11,16,0,0.93,2026-06-10T12:00:00
FC-005658,SEC-002,2026-06-11,17,0,0.8,2026-06-10T12:00:00
FC-005659,SEC-002,2026-06-11,18,0,0.84,2026-06-10T12:00:00
FC-005660,SEC-002,2026-06-11,19,0,0.75,2026-06-10T12:00:00
FC-005661,SEC-002,2026-06-11,20,0,0.78,2026-06-10T12:00:00
FC-005662,SEC-002,2026-06-11,21,0,0.83,2026-06-10T12:00:00
FC-005663,SEC-002,2026-06-11,22,4,0.93,2026-06-10T12:00:00
FC-005664,SEC-002,2026-06-11,23,0,0.85,2026-06-10T12:00:00
FC-005665,SEC-003,2026-06-11,0,3,0.85,2026-06-10T12:00:00
FC-005666,SEC-003,2026-06-11,1,4,0.74,2026-06-10T12:00:00
FC-005667,SEC-003,2026-06-11,2,2,0.92,2026-06-10T12:00:00
FC-005668,SEC-003,2026-06-11,3,1,0.77,2026-06-10T12:00:00
FC-005669,SEC-003,2026-06-11,4,5,0.73,2026-06-10T12:00:00
FC-005670,SEC-003,2026-06-11,5,0,0.92,2026-06-10T12:00:00
FC-005671,SEC-003,2026-06-11,6,0,0.89,2026-06-10T12:00:00
FC-005672,SEC-003,2026-06-11,7,0,0.8,2026-06-10T12:00:00
FC-005673,SEC-003,2026-06-11,8,0,0.83,2026-06-10T12:00:00
FC-005674,SEC-003,2026-06-11,9,0,0.75,2026-06-10T12:00:00
FC-005675,SEC-003,2026-06-11,10,1,0.85,2026-06-10T12:00:00
FC-005676,SEC-003,2026-06-11,11,1,0.85,2026-06-10T12:00:00
FC-005677,SEC-003,2026-06-11,12,1,0.76,2026-06-10T12:00:00
FC-005678,SEC-003,2026-06-11,13,0,0.91,2026-06-10T12:00:00
FC-005679,SEC-003,2026-06-11,14,0,0.93,2026-06-10T12:00:00
FC-005680,SEC-003,2026-06-11,15,0,0.86,2026-06-10T12:00:00
FC-005681,SEC-003,2026-06-11,16,0,0.71,2026-06-10T12:00:00
FC-005682,SEC-003,2026-06-11,17,2,0.87,2026-06-10T12:00:00
FC-005683,SEC-003,2026-06-11,18,1,0.92,2026-06-10T12:00:00
FC-005684,SEC-003,2026-06-11,19,0,0.75,2026-06-10T12:00:00
FC-005685,SEC-003,2026-06-11,20,1,0.88,2026-06-10T12:00:00
FC-005686,SEC-003,2026-06-11,21,2,0.76,2026-06-10T12:00:00
FC-005687,SEC-003,2026-06-11,22,2,0.73,2026-06-10T12:00:00
FC-005688,SEC-003,2026-06-11,23,0,0.73,2026-06-10T12:00:00
FC-005689,SEC-004,2026-06-11,0,3,0.77,2026-06-10T12:00:00
FC-005690,SEC-004,2026-06-11,1,1,0.93,2026-06-10T12:00:00
FC-005691,SEC-004,2026-06-11,2,2,0.89,2026-06-10T12:00:00
FC-005692,SEC-004,2026-06-11,3,1,0.87,2026-06-10T12:00:00
FC-005693,SEC-004,2026-06-11,4,3,0.82,2026-06-10T12:00:00
FC-005694,SEC-004,2026-06-11,5,1,0.79,2026-06-10T12:00:00
FC-005695,SEC-004,2026-06-11,6,0,0.76,2026-06-10T12:00:00
FC-005696,SEC-004,2026-06-11,7,0,0.79,2026-06-10T12:00:00
FC-005697,SEC-004,2026-06-11,8,0,0.88,2026-06-10T12:00:00
FC-005698,SEC-004,2026-06-11,9,0,0.88,2026-06-10T12:00:00
FC-005699,SEC-004,2026-06-11,10,1,0.7,2026-06-10T12:00:00
FC-005700,SEC-004,2026-06-11,11,0,0.75,2026-06-10T12:00:00
FC-005701,SEC-004,2026-06-11,12,0,0.73,2026-06-10T12:00:00
FC-005702,SEC-004,2026-06-11,13,0,0.86,2026-06-10T12:00:00
FC-005703,SEC-004,2026-06-11,14,0,0.93,2026-06-10T12:00:00
FC-005704,SEC-004,2026-06-11,15,1,0.8,2026-06-10T12:00:00
FC-005705,SEC-004,2026-06-11,16,0,0.92,2026-06-10T12:00:00
FC-005706,SEC-004,2026-06-11,17,1,0.8,2026-06-10T12:00:00
FC-005707,SEC-004,2026-06-11,18,0,0.85,2026-06-10T12:00:00
FC-005708,SEC-004,2026-06-11,19,3,0.82,2026-06-10T12:00:00
FC-005709,SEC-004,2026-06-11,20,0,0.91,2026-06-10T12:00:00
FC-005710,SEC-004,2026-06-11,21,0,0.92,2026-06-10T12:00:00
FC-005711,SEC-004,2026-06-11,22,6,0.93,2026-06-10T12:00:00
FC-005712,SEC-004,2026-06-11,23,2,0.73,2026-06-10T12:00:00
FC-005713,SEC-005,2026-06-11,0,1,0.86,2026-06-10T12:00:00
FC-005714,SEC-005,2026-06-11,1,2,0.85,2026-06-10T12:00:00
FC-005715,SEC-005,2026-06-11,2,3,0.8,2026-06-10T12:00:00
FC-005716,SEC-005,2026-06-11,3,3,0.78,2026-06-10T12:00:00
FC-005717,SEC-005,2026-06-11,4,2,0.93,2026-06-10T12:00:00
FC-005718,SEC-005,2026-06-11,5,0,0.83,2026-06-10T12:00:00
FC-005719,SEC-005,2026-06-11,6,0,0.95,2026-06-10T12:00:00
FC-005720,SEC-005,2026-06-11,7,0,0.73,2026-06-10T12:00:00
FC-005721,SEC-005,2026-06-11,8,0,0.82,2026-06-10T12:00:00
FC-005722,SEC-005,2026-06-11,9,0,0.84,2026-06-10T12:00:00
FC-005723,SEC-005,2026-06-11,10,1,0.88,2026-06-10T12:00:00
FC-005724,SEC-005,2026-06-11,11,0,0.85,2026-06-10T12:00:00
FC-005725,SEC-005,2026-06-11,12,0,0.94,2026-06-10T12:00:00
FC-005726,SEC-005,2026-06-11,13,1,0.73,2026-06-10T12:00:00
FC-005727,SEC-005,2026-06-11,14,0,0.89,2026-06-10T12:00:00
FC-005728,SEC-005,2026-06-11,15,1,0.77,2026-06-10T12:00:00
FC-005729,SEC-005,2026-06-11,16,0,0.91,2026-06-10T12:00:00
FC-005730,SEC-005,2026-06-11,17,0,0.76,2026-06-10T12:00:00
FC-005731,SEC-005,2026-06-11,18,1,0.77,2026-06-10T12:00:00
FC-005732,SEC-005,2026-06-11,19,0,0.87,2026-06-10T12:00:00
FC-005733,SEC-005,2026-06-11,20,2,0.82,2026-06-10T12:00:00
FC-005734,SEC-005,2026-06-11,21,0,0.84,2026-06-10T12:00:00
FC-005735,SEC-005,2026-06-11,22,1,0.73,2026-06-10T12:00:00
FC-005736,SEC-005,2026-06-11,23,2,0.83,2026-06-10T12:00:00
FC-005737,SEC-006,2026-06-11,0,2,0.77,2026-06-10T12:00:00
FC-005738,SEC-006,2026-06-11,1,2,0.78,2026-06-10T12:00:00
FC-005739,SEC-006,2026-06-11,2,2,0.88,2026-06-10T12:00:00
FC-005740,SEC-006,2026-06-11,3,1,0.73,2026-06-10T12:00:00
FC-005741,SEC-006,2026-06-11,4,1,0.76,2026-06-10T12:00:00
FC-005742,SEC-006,2026-06-11,5,0,0.89,2026-06-10T12:00:00
FC-005743,SEC-006,2026-06-11,6,0,0.7,2026-06-10T12:00:00
FC-005744,SEC-006,2026-06-11,7,0,0.74,2026-06-10T12:00:00
FC-005745,SEC-006,2026-06-11,8,0,0.75,2026-06-10T12:00:00
FC-005746,SEC-006,2026-06-11,9,0,0.87,2026-06-10T12:00:00
FC-005747,SEC-006,2026-06-11,10,1,0.9,2026-06-10T12:00:00
FC-005748,SEC-006,2026-06-11,11,2,0.73,2026-06-10T12:00:00
FC-005749,SEC-006,2026-06-11,12,0,0.86,2026-06-10T12:00:00
FC-005750,SEC-006,2026-06-11,13,0,0.79,2026-06-10T12:00:00
FC-005751,SEC-006,2026-06-11,14,1,0.91,2026-06-10T12:00:00
FC-005752,SEC-006,2026-06-11,15,0,0.73,2026-06-10T12:00:00
FC-005753,SEC-006,2026-06-11,16,0,0.87,2026-06-10T12:00:00
FC-005754,SEC-006,2026-06-11,17,1,0.76,2026-06-10T12:00:00
FC-005755,SEC-006,2026-06-11,18,0,0.77,2026-06-10T12:00:00
FC-005756,SEC-006,2026-06-11,19,2,0.88,2026-06-10T12:00:00
FC-005757,SEC-006,2026-06-11,20,1,0.94,2026-06-10T12:00:00
FC-005758,SEC-006,2026-06-11,21,1,0.94,2026-06-10T12:00:00
FC-005759,SEC-006,2026-06-11,22,1,0.86,2026-06-10T12:00:00
FC-005760,SEC-006,2026-06-11,23,4,0.83,2026-06-10T12:00:00
FC-005761,SEC-001,2026-06-12,0,6,0.71,2026-06-11T12:00:00
FC-005762,SEC-001,2026-06-12,1,2,0.79,2026-06-11T12:00:00
FC-005763,SEC-001,2026-06-12,2,0,0.85,2026-06-11T12:00:00
FC-005764,SEC-001,2026-06-12,3,1,0.72,2026-06-11T12:00:00
FC-005765,SEC-001,2026-06-12,4,3,0.74,2026-06-11T12:00:00
FC-005766,SEC-001,2026-06-12,5,3,0.84,2026-06-11T12:00:00
FC-005767,SEC-001,2026-06-12,6,1,0.93,2026-06-11T12:00:00
FC-005768,SEC-001,2026-06-12,7,0,0.84,2026-06-11T12:00:00
FC-005769,SEC-001,2026-06-12,8,1,0.73,2026-06-11T12:00:00
FC-005770,SEC-001,2026-06-12,9,0,0.73,2026-06-11T12:00:00
FC-005771,SEC-001,2026-06-12,10,1,0.91,2026-06-11T12:00:00
FC-005772,SEC-001,2026-06-12,11,0,0.95,2026-06-11T12:00:00
FC-005773,SEC-001,2026-06-12,12,0,0.93,2026-06-11T12:00:00
FC-005774,SEC-001,2026-06-12,13,1,0.89,2026-06-11T12:00:00
FC-005775,SEC-001,2026-06-12,14,0,0.86,2026-06-11T12:00:00
FC-005776,SEC-001,2026-06-12,15,0,0.78,2026-06-11T12:00:00
FC-005777,SEC-001,2026-06-12,16,0,0.81,2026-06-11T12:00:00
FC-005778,SEC-001,2026-06-12,17,0,0.79,2026-06-11T12:00:00
FC-005779,SEC-001,2026-06-12,18,1,0.81,2026-06-11T12:00:00
FC-005780,SEC-001,2026-06-12,19,1,0.88,2026-06-11T12:00:00
FC-005781,SEC-001,2026-06-12,20,0,0.76,2026-06-11T12:00:00
FC-005782,SEC-001,2026-06-12,21,1,0.79,2026-06-11T12:00:00
FC-005783,SEC-001,2026-06-12,22,1,0.91,2026-06-11T12:00:00
FC-005784,SEC-001,2026-06-12,23,2,0.75,2026-06-11T12:00:00
FC-005785,SEC-002,2026-06-12,0,1,0.89,2026-06-11T12:00:00
FC-005786,SEC-002,2026-06-12,1,3,0.71,2026-06-11T12:00:00
FC-005787,SEC-002,2026-06-12,2,3,0.81,2026-06-11T12:00:00
FC-005788,SEC-002,2026-06-12,3,2,0.88,2026-06-11T12:00:00
FC-005789,SEC-002,2026-06-12,4,0,0.75,2026-06-11T12:00:00
FC-005790,SEC-002,2026-06-12,5,0,0.81,2026-06-11T12:00:00
FC-005791,SEC-002,2026-06-12,6,0,0.73,2026-06-11T12:00:00
FC-005792,SEC-002,2026-06-12,7,0,0.87,2026-06-11T12:00:00
FC-005793,SEC-002,2026-06-12,8,0,0.79,2026-06-11T12:00:00
FC-005794,SEC-002,2026-06-12,9,1,0.79,2026-06-11T12:00:00
FC-005795,SEC-002,2026-06-12,10,0,0.83,2026-06-11T12:00:00
FC-005796,SEC-002,2026-06-12,11,0,0.73,2026-06-11T12:00:00
FC-005797,SEC-002,2026-06-12,12,1,0.94,2026-06-11T12:00:00
FC-005798,SEC-002,2026-06-12,13,0,0.7,2026-06-11T12:00:00
FC-005799,SEC-002,2026-06-12,14,0,0.93,2026-06-11T12:00:00
FC-005800,SEC-002,2026-06-12,15,2,0.94,2026-06-11T12:00:00
FC-005801,SEC-002,2026-06-12,16,0,0.95,2026-06-11T12:00:00
FC-005802,SEC-002,2026-06-12,17,0,0.83,2026-06-11T12:00:00
FC-005803,SEC-002,2026-06-12,18,1,0.9,2026-06-11T12:00:00
FC-005804,SEC-002,2026-06-12,19,0,0.94,2026-06-11T12:00:00
FC-005805,SEC-002,2026-06-12,20,2,0.93,2026-06-11T12:00:00
FC-005806,SEC-002,2026-06-12,21,0,0.86,2026-06-11T12:00:00
FC-005807,SEC-002,2026-06-12,22,3,0.81,2026-06-11T12:00:00
FC-005808,SEC-002,2026-06-12,23,1,0.95,2026-06-11T12:00:00
FC-005809,SEC-003,2026-06-12,0,1,0.87,2026-06-11T12:00:00
FC-005810,SEC-003,2026-06-12,1,3,0.72,2026-06-11T12:00:00
FC-005811,SEC-003,2026-06-12,2,1,0.9,2026-06-11T12:00:00
FC-005812,SEC-003,2026-06-12,3,1,0.95,2026-06-11T12:00:00
FC-005813,SEC-003,2026-06-12,4,3,0.87,2026-06-11T12:00:00
FC-005814,SEC-003,2026-06-12,5,0,0.81,2026-06-11T12:00:00
FC-005815,SEC-003,2026-06-12,6,0,0.75,2026-06-11T12:00:00
FC-005816,SEC-003,2026-06-12,7,0,0.77,2026-06-11T12:00:00
FC-005817,SEC-003,2026-06-12,8,0,0.74,2026-06-11T12:00:00
FC-005818,SEC-003,2026-06-12,9,0,0.71,2026-06-11T12:00:00
FC-005819,SEC-003,2026-06-12,10,0,0.79,2026-06-11T12:00:00
FC-005820,SEC-003,2026-06-12,11,1,0.84,2026-06-11T12:00:00
FC-005821,SEC-003,2026-06-12,12,1,0.74,2026-06-11T12:00:00
FC-005822,SEC-003,2026-06-12,13,1,0.91,2026-06-11T12:00:00
FC-005823,SEC-003,2026-06-12,14,0,0.79,2026-06-11T12:00:00
FC-005824,SEC-003,2026-06-12,15,0,0.72,2026-06-11T12:00:00
FC-005825,SEC-003,2026-06-12,16,0,0.93,2026-06-11T12:00:00
FC-005826,SEC-003,2026-06-12,17,1,0.95,2026-06-11T12:00:00
FC-005827,SEC-003,2026-06-12,18,0,0.86,2026-06-11T12:00:00
FC-005828,SEC-003,2026-06-12,19,0,0.9,2026-06-11T12:00:00
FC-005829,SEC-003,2026-06-12,20,0,0.94,2026-06-11T12:00:00
FC-005830,SEC-003,2026-06-12,21,0,0.89,2026-06-11T12:00:00
FC-005831,SEC-003,2026-06-12,22,1,0.79,2026-06-11T12:00:00
FC-005832,SEC-003,2026-06-12,23,1,0.91,2026-06-11T12:00:00
FC-005833,SEC-004,2026-06-12,0,1,0.85,2026-06-11T12:00:00
FC-005834,SEC-004,2026-06-12,1,5,0.85,2026-06-11T12:00:00
FC-005835,SEC-004,2026-06-12,2,0,0.82,2026-06-11T12:00:00
FC-005836,SEC-004,2026-06-12,3,2,0.71,2026-06-11T12:00:00
FC-005837,SEC-004,2026-06-12,4,2,0.79,2026-06-11T12:00:00
FC-005838,SEC-004,2026-06-12,5,0,0.85,2026-06-11T12:00:00
FC-005839,SEC-004,2026-06-12,6,1,0.84,2026-06-11T12:00:00
FC-005840,SEC-004,2026-06-12,7,0,0.79,2026-06-11T12:00:00
FC-005841,SEC-004,2026-06-12,8,0,0.9,2026-06-11T12:00:00
FC-005842,SEC-004,2026-06-12,9,2,0.93,2026-06-11T12:00:00
FC-005843,SEC-004,2026-06-12,10,0,0.91,2026-06-11T12:00:00
FC-005844,SEC-004,2026-06-12,11,1,0.73,2026-06-11T12:00:00
FC-005845,SEC-004,2026-06-12,12,1,0.91,2026-06-11T12:00:00
FC-005846,SEC-004,2026-06-12,13,0,0.78,2026-06-11T12:00:00
FC-005847,SEC-004,2026-06-12,14,1,0.88,2026-06-11T12:00:00
FC-005848,SEC-004,2026-06-12,15,0,0.83,2026-06-11T12:00:00
FC-005849,SEC-004,2026-06-12,16,1,0.93,2026-06-11T12:00:00
FC-005850,SEC-004,2026-06-12,17,1,0.93,2026-06-11T12:00:00
FC-005851,SEC-004,2026-06-12,18,0,0.91,2026-06-11T12:00:00
FC-005852,SEC-004,2026-06-12,19,0,0.92,2026-06-11T12:00:00
FC-005853,SEC-004,2026-06-12,20,0,0.84,2026-06-11T12:00:00
FC-005854,SEC-004,2026-06-12,21,1,0.75,2026-06-11T12:00:00
FC-005855,SEC-004,2026-06-12,22,4,0.83,2026-06-11T12:00:00
FC-005856,SEC-004,2026-06-12,23,2,0.87,2026-06-11T12:00:00
FC-005857,SEC-005,2026-06-12,0,3,0.87,2026-06-11T12:00:00
FC-005858,SEC-005,2026-06-12,1,0,0.8,2026-06-11T12:00:00
FC-005859,SEC-005,2026-06-12,2,2,0.76,2026-06-11T12:00:00
FC-005860,SEC-005,2026-06-12,3,4,0.86,2026-06-11T12:00:00
FC-005861,SEC-005,2026-06-12,4,4,0.87,2026-06-11T12:00:00
FC-005862,SEC-005,2026-06-12,5,0,0.87,2026-06-11T12:00:00
FC-005863,SEC-005,2026-06-12,6,0,0.81,2026-06-11T12:00:00
FC-005864,SEC-005,2026-06-12,7,1,0.91,2026-06-11T12:00:00
FC-005865,SEC-005,2026-06-12,8,0,0.81,2026-06-11T12:00:00
FC-005866,SEC-005,2026-06-12,9,1,0.75,2026-06-11T12:00:00
FC-005867,SEC-005,2026-06-12,10,1,0.75,2026-06-11T12:00:00
FC-005868,SEC-005,2026-06-12,11,0,0.7,2026-06-11T12:00:00
FC-005869,SEC-005,2026-06-12,12,0,0.72,2026-06-11T12:00:00
FC-005870,SEC-005,2026-06-12,13,0,0.72,2026-06-11T12:00:00
FC-005871,SEC-005,2026-06-12,14,1,0.94,2026-06-11T12:00:00
FC-005872,SEC-005,2026-06-12,15,2,0.88,2026-06-11T12:00:00
FC-005873,SEC-005,2026-06-12,16,0,0.94,2026-06-11T12:00:00
FC-005874,SEC-005,2026-06-12,17,0,0.79,2026-06-11T12:00:00
FC-005875,SEC-005,2026-06-12,18,0,0.91,2026-06-11T12:00:00
FC-005876,SEC-005,2026-06-12,19,0,0.9,2026-06-11T12:00:00
FC-005877,SEC-005,2026-06-12,20,1,0.75,2026-06-11T12:00:00
FC-005878,SEC-005,2026-06-12,21,0,0.85,2026-06-11T12:00:00
FC-005879,SEC-005,2026-06-12,22,1,0.79,2026-06-11T12:00:00
FC-005880,SEC-005,2026-06-12,23,4,0.91,2026-06-11T12:00:00
FC-005881,SEC-006,2026-06-12,0,5,0.8,2026-06-11T12:00:00
FC-005882,SEC-006,2026-06-12,1,1,0.8,2026-06-11T12:00:00
FC-005883,SEC-006,2026-06-12,2,3,0.72,2026-06-11T12:00:00
FC-005884,SEC-006,2026-06-12,3,3,0.79,2026-06-11T12:00:00
FC-005885,SEC-006,2026-06-12,4,1,0.81,2026-06-11T12:00:00
FC-005886,SEC-006,2026-06-12,5,0,0.91,2026-06-11T12:00:00
FC-005887,SEC-006,2026-06-12,6,1,0.82,2026-06-11T12:00:00
FC-005888,SEC-006,2026-06-12,7,0,0.9,2026-06-11T12:00:00
FC-005889,SEC-006,2026-06-12,8,1,0.88,2026-06-11T12:00:00
FC-005890,SEC-006,2026-06-12,9,0,0.75,2026-06-11T12:00:00
FC-005891,SEC-006,2026-06-12,10,2,0.77,2026-06-11T12:00:00
FC-005892,SEC-006,2026-06-12,11,0,0.82,2026-06-11T12:00:00
FC-005893,SEC-006,2026-06-12,12,0,0.76,2026-06-11T12:00:00
FC-005894,SEC-006,2026-06-12,13,1,0.7,2026-06-11T12:00:00
FC-005895,SEC-006,2026-06-12,14,0,0.8,2026-06-11T12:00:00
FC-005896,SEC-006,2026-06-12,15,1,0.76,2026-06-11T12:00:00
FC-005897,SEC-006,2026-06-12,16,1,0.91,2026-06-11T12:00:00
FC-005898,SEC-006,2026-06-12,17,0,0.81,2026-06-11T12:00:00
FC-005899,SEC-006,2026-06-12,18,0,0.88,2026-06-11T12:00:00
FC-005900,SEC-006,2026-06-12,19,1,0.73,2026-06-11T12:00:00
FC-005901,SEC-006,2026-06-12,20,1,0.86,2026-06-11T12:00:00
FC-005902,SEC-006,2026-06-12,21,0,0.81,2026-06-11T12:00:00
FC-005903,SEC-006,2026-06-12,22,3,0.73,2026-06-11T12:00:00
FC-005904,SEC-006,2026-06-12,23,1,0.81,2026-06-11T12:00:00
FC-005905,SEC-001,2026-06-13,0,2,0.93,2026-06-12T12:00:00
FC-005906,SEC-001,2026-06-13,1,0,0.76,2026-06-12T12:00:00
FC-005907,SEC-001,2026-06-13,2,2,0.94,2026-06-12T12:00:00
FC-005908,SEC-001,2026-06-13,3,5,0.78,2026-06-12T12:00:00
FC-005909,SEC-001,2026-06-13,4,4,0.94,2026-06-12T12:00:00
FC-005910,SEC-001,2026-06-13,5,1,0.72,2026-06-12T12:00:00
FC-005911,SEC-001,2026-06-13,6,1,0.86,2026-06-12T12:00:00
FC-005912,SEC-001,2026-06-13,7,1,0.8,2026-06-12T12:00:00
FC-005913,SEC-001,2026-06-13,8,2,0.84,2026-06-12T12:00:00
FC-005914,SEC-001,2026-06-13,9,0,0.75,2026-06-12T12:00:00
FC-005915,SEC-001,2026-06-13,10,0,0.83,2026-06-12T12:00:00
FC-005916,SEC-001,2026-06-13,11,0,0.86,2026-06-12T12:00:00
FC-005917,SEC-001,2026-06-13,12,0,0.8,2026-06-12T12:00:00
FC-005918,SEC-001,2026-06-13,13,1,0.73,2026-06-12T12:00:00
FC-005919,SEC-001,2026-06-13,14,0,0.74,2026-06-12T12:00:00
FC-005920,SEC-001,2026-06-13,15,0,0.77,2026-06-12T12:00:00
FC-005921,SEC-001,2026-06-13,16,0,0.8,2026-06-12T12:00:00
FC-005922,SEC-001,2026-06-13,17,0,0.7,2026-06-12T12:00:00
FC-005923,SEC-001,2026-06-13,18,0,0.92,2026-06-12T12:00:00
FC-005924,SEC-001,2026-06-13,19,0,0.72,2026-06-12T12:00:00
FC-005925,SEC-001,2026-06-13,20,0,0.89,2026-06-12T12:00:00
FC-005926,SEC-001,2026-06-13,21,0,0.92,2026-06-12T12:00:00
FC-005927,SEC-001,2026-06-13,22,1,0.94,2026-06-12T12:00:00
FC-005928,SEC-001,2026-06-13,23,0,0.84,2026-06-12T12:00:00
FC-005929,SEC-002,2026-06-13,0,3,0.9,2026-06-12T12:00:00
FC-005930,SEC-002,2026-06-13,1,2,0.81,2026-06-12T12:00:00
FC-005931,SEC-002,2026-06-13,2,3,0.91,2026-06-12T12:00:00
FC-005932,SEC-002,2026-06-13,3,1,0.79,2026-06-12T12:00:00
FC-005933,SEC-002,2026-06-13,4,3,0.82,2026-06-12T12:00:00
FC-005934,SEC-002,2026-06-13,5,0,0.85,2026-06-12T12:00:00
FC-005935,SEC-002,2026-06-13,6,1,0.77,2026-06-12T12:00:00
FC-005936,SEC-002,2026-06-13,7,0,0.89,2026-06-12T12:00:00
FC-005937,SEC-002,2026-06-13,8,0,0.84,2026-06-12T12:00:00
FC-005938,SEC-002,2026-06-13,9,0,0.76,2026-06-12T12:00:00
FC-005939,SEC-002,2026-06-13,10,0,0.7,2026-06-12T12:00:00
FC-005940,SEC-002,2026-06-13,11,3,0.94,2026-06-12T12:00:00
FC-005941,SEC-002,2026-06-13,12,0,0.71,2026-06-12T12:00:00
FC-005942,SEC-002,2026-06-13,13,0,0.82,2026-06-12T12:00:00
FC-005943,SEC-002,2026-06-13,14,0,0.81,2026-06-12T12:00:00
FC-005944,SEC-002,2026-06-13,15,0,0.94,2026-06-12T12:00:00
FC-005945,SEC-002,2026-06-13,16,0,0.95,2026-06-12T12:00:00
FC-005946,SEC-002,2026-06-13,17,0,0.71,2026-06-12T12:00:00
FC-005947,SEC-002,2026-06-13,18,0,0.94,2026-06-12T12:00:00
FC-005948,SEC-002,2026-06-13,19,0,0.82,2026-06-12T12:00:00
FC-005949,SEC-002,2026-06-13,20,1,0.95,2026-06-12T12:00:00
FC-005950,SEC-002,2026-06-13,21,0,0.86,2026-06-12T12:00:00
FC-005951,SEC-002,2026-06-13,22,1,0.87,2026-06-12T12:00:00
FC-005952,SEC-002,2026-06-13,23,2,0.76,2026-06-12T12:00:00
FC-005953,SEC-003,2026-06-13,0,0,0.77,2026-06-12T12:00:00
FC-005954,SEC-003,2026-06-13,1,2,0.8,2026-06-12T12:00:00
FC-005955,SEC-003,2026-06-13,2,0,0.72,2026-06-12T12:00:00
FC-005956,SEC-003,2026-06-13,3,2,0.91,2026-06-12T12:00:00
FC-005957,SEC-003,2026-06-13,4,1,0.78,2026-06-12T12:00:00
FC-005958,SEC-003,2026-06-13,5,1,0.78,2026-06-12T12:00:00
FC-005959,SEC-003,2026-06-13,6,0,0.91,2026-06-12T12:00:00
FC-005960,SEC-003,2026-06-13,7,0,0.77,2026-06-12T12:00:00
FC-005961,SEC-003,2026-06-13,8,0,0.71,2026-06-12T12:00:00
FC-005962,SEC-003,2026-06-13,9,0,0.73,2026-06-12T12:00:00
FC-005963,SEC-003,2026-06-13,10,1,0.81,2026-06-12T12:00:00
FC-005964,SEC-003,2026-06-13,11,0,0.9,2026-06-12T12:00:00
FC-005965,SEC-003,2026-06-13,12,0,0.88,2026-06-12T12:00:00
FC-005966,SEC-003,2026-06-13,13,0,0.71,2026-06-12T12:00:00
FC-005967,SEC-003,2026-06-13,14,0,0.79,2026-06-12T12:00:00
FC-005968,SEC-003,2026-06-13,15,0,0.72,2026-06-12T12:00:00
FC-005969,SEC-003,2026-06-13,16,1,0.76,2026-06-12T12:00:00
FC-005970,SEC-003,2026-06-13,17,1,0.71,2026-06-12T12:00:00
FC-005971,SEC-003,2026-06-13,18,0,0.83,2026-06-12T12:00:00
FC-005972,SEC-003,2026-06-13,19,0,0.86,2026-06-12T12:00:00
FC-005973,SEC-003,2026-06-13,20,0,0.76,2026-06-12T12:00:00
FC-005974,SEC-003,2026-06-13,21,1,0.79,2026-06-12T12:00:00
FC-005975,SEC-003,2026-06-13,22,2,0.73,2026-06-12T12:00:00
FC-005976,SEC-003,2026-06-13,23,3,0.89,2026-06-12T12:00:00
FC-005977,SEC-004,2026-06-13,0,1,0.86,2026-06-12T12:00:00
FC-005978,SEC-004,2026-06-13,1,3,0.78,2026-06-12T12:00:00
FC-005979,SEC-004,2026-06-13,2,2,0.87,2026-06-12T12:00:00
FC-005980,SEC-004,2026-06-13,3,1,0.9,2026-06-12T12:00:00
FC-005981,SEC-004,2026-06-13,4,0,0.79,2026-06-12T12:00:00
FC-005982,SEC-004,2026-06-13,5,0,0.73,2026-06-12T12:00:00
FC-005983,SEC-004,2026-06-13,6,0,0.92,2026-06-12T12:00:00
FC-005984,SEC-004,2026-06-13,7,0,0.94,2026-06-12T12:00:00
FC-005985,SEC-004,2026-06-13,8,0,0.75,2026-06-12T12:00:00
FC-005986,SEC-004,2026-06-13,9,0,0.78,2026-06-12T12:00:00
FC-005987,SEC-004,2026-06-13,10,1,0.89,2026-06-12T12:00:00
FC-005988,SEC-004,2026-06-13,11,1,0.91,2026-06-12T12:00:00
FC-005989,SEC-004,2026-06-13,12,1,0.84,2026-06-12T12:00:00
FC-005990,SEC-004,2026-06-13,13,0,0.81,2026-06-12T12:00:00
FC-005991,SEC-004,2026-06-13,14,0,0.87,2026-06-12T12:00:00
FC-005992,SEC-004,2026-06-13,15,1,0.93,2026-06-12T12:00:00
FC-005993,SEC-004,2026-06-13,16,0,0.9,2026-06-12T12:00:00
FC-005994,SEC-004,2026-06-13,17,2,0.93,2026-06-12T12:00:00
FC-005995,SEC-004,2026-06-13,18,1,0.91,2026-06-12T12:00:00
FC-005996,SEC-004,2026-06-13,19,0,0.82,2026-06-12T12:00:00
FC-005997,SEC-004,2026-06-13,20,0,0.94,2026-06-12T12:00:00
FC-005998,SEC-004,2026-06-13,21,2,0.8,2026-06-12T12:00:00
FC-005999,SEC-004,2026-06-13,22,2,0.9,2026-06-12T12:00:00
FC-006000,SEC-004,2026-06-13,23,5,0.7,2026-06-12T12:00:00
FC-006001,SEC-005,2026-06-13,0,2,0.92,2026-06-12T12:00:00
FC-006002,SEC-005,2026-06-13,1,1,0.92,2026-06-12T12:00:00
FC-006003,SEC-005,2026-06-13,2,1,0.8,2026-06-12T12:00:00
FC-006004,SEC-005,2026-06-13,3,1,0.7,2026-06-12T12:00:00
FC-006005,SEC-005,2026-06-13,4,0,0.71,2026-06-12T12:00:00
FC-006006,SEC-005,2026-06-13,5,2,0.79,2026-06-12T12:00:00
FC-006007,SEC-005,2026-06-13,6,1,0.92,2026-06-12T12:00:00
FC-006008,SEC-005,2026-06-13,7,0,0.88,2026-06-12T12:00:00
FC-006009,SEC-005,2026-06-13,8,1,0.77,2026-06-12T12:00:00
FC-006010,SEC-005,2026-06-13,9,0,0.79,2026-06-12T12:00:00
FC-006011,SEC-005,2026-06-13,10,0,0.72,2026-06-12T12:00:00
FC-006012,SEC-005,2026-06-13,11,0,0.76,2026-06-12T12:00:00
FC-006013,SEC-005,2026-06-13,12,0,0.84,2026-06-12T12:00:00
FC-006014,SEC-005,2026-06-13,13,0,0.77,2026-06-12T12:00:00
FC-006015,SEC-005,2026-06-13,14,0,0.91,2026-06-12T12:00:00
FC-006016,SEC-005,2026-06-13,15,0,0.89,2026-06-12T12:00:00
FC-006017,SEC-005,2026-06-13,16,1,0.86,2026-06-12T12:00:00
FC-006018,SEC-005,2026-06-13,17,0,0.88,2026-06-12T12:00:00
FC-006019,SEC-005,2026-06-13,18,1,0.71,2026-06-12T12:00:00
FC-006020,SEC-005,2026-06-13,19,0,0.86,2026-06-12T12:00:00
FC-006021,SEC-005,2026-06-13,20,0,0.77,2026-06-12T12:00:00
FC-006022,SEC-005,2026-06-13,21,0,0.93,2026-06-12T12:00:00
FC-006023,SEC-005,2026-06-13,22,1,0.95,2026-06-12T12:00:00
FC-006024,SEC-005,2026-06-13,23,1,0.92,2026-06-12T12:00:00
FC-006025,SEC-006,2026-06-13,0,1,0.9,2026-06-12T12:00:00
FC-006026,SEC-006,2026-06-13,1,5,0.78,2026-06-12T12:00:00
FC-006027,SEC-006,2026-06-13,2,2,0.73,2026-06-12T12:00:00
FC-006028,SEC-006,2026-06-13,3,5,0.75,2026-06-12T12:00:00
FC-006029,SEC-006,2026-06-13,4,3,0.74,2026-06-12T12:00:00
FC-006030,SEC-006,2026-06-13,5,0,0.77,2026-06-12T12:00:00
FC-006031,SEC-006,2026-06-13,6,0,0.73,2026-06-12T12:00:00
FC-006032,SEC-006,2026-06-13,7,1,0.93,2026-06-12T12:00:00
FC-006033,SEC-006,2026-06-13,8,0,0.79,2026-06-12T12:00:00
FC-006034,SEC-006,2026-06-13,9,2,0.74,2026-06-12T12:00:00
FC-006035,SEC-006,2026-06-13,10,1,0.86,2026-06-12T12:00:00
FC-006036,SEC-006,2026-06-13,11,1,0.72,2026-06-12T12:00:00
FC-006037,SEC-006,2026-06-13,12,0,0.76,2026-06-12T12:00:00
FC-006038,SEC-006,2026-06-13,13,0,0.77,2026-06-12T12:00:00
FC-006039,SEC-006,2026-06-13,14,0,0.77,2026-06-12T12:00:00
FC-006040,SEC-006,2026-06-13,15,0,0.84,2026-06-12T12:00:00
FC-006041,SEC-006,2026-06-13,16,1,0.93,2026-06-12T12:00:00
FC-006042,SEC-006,2026-06-13,17,1,0.73,2026-06-12T12:00:00
FC-006043,SEC-006,2026-06-13,18,0,0.88,2026-06-12T12:00:00
FC-006044,SEC-006,2026-06-13,19,0,0.84,2026-06-12T12:00:00
FC-006045,SEC-006,2026-06-13,20,0,0.92,2026-06-12T12:00:00
FC-006046,SEC-006,2026-06-13,21,3,0.8,2026-06-12T12:00:00
FC-006047,SEC-006,2026-06-13,22,0,0.83,2026-06-12T12:00:00
FC-006048,SEC-006,2026-06-13,23,0,0.75,2026-06-12T12:00:00
FC-006049,SEC-001,2026-06-14,0,1,0.94,2026-06-13T12:00:00
FC-006050,SEC-001,2026-06-14,1,0,0.74,2026-06-13T12:00:00
FC-006051,SEC-001,2026-06-14,2,1,0.76,2026-06-13T12:00:00
FC-006052,SEC-001,2026-06-14,3,1,0.75,2026-06-13T12:00:00
FC-006053,SEC-001,2026-06-14,4,1,0.94,2026-06-13T12:00:00
FC-006054,SEC-001,2026-06-14,5,1,0.86,2026-06-13T12:00:00
FC-006055,SEC-001,2026-06-14,6,0,0.85,2026-06-13T12:00:00
FC-006056,SEC-001,2026-06-14,7,0,0.9,2026-06-13T12:00:00
FC-006057,SEC-001,2026-06-14,8,2,0.84,2026-06-13T12:00:00
FC-006058,SEC-001,2026-06-14,9,0,0.8,2026-06-13T12:00:00
FC-006059,SEC-001,2026-06-14,10,0,0.88,2026-06-13T12:00:00
FC-006060,SEC-001,2026-06-14,11,1,0.8,2026-06-13T12:00:00
FC-006061,SEC-001,2026-06-14,12,0,0.93,2026-06-13T12:00:00
FC-006062,SEC-001,2026-06-14,13,1,0.85,2026-06-13T12:00:00
FC-006063,SEC-001,2026-06-14,14,0,0.78,2026-06-13T12:00:00
FC-006064,SEC-001,2026-06-14,15,0,0.8,2026-06-13T12:00:00
FC-006065,SEC-001,2026-06-14,16,1,0.86,2026-06-13T12:00:00
FC-006066,SEC-001,2026-06-14,17,0,0.77,2026-06-13T12:00:00
FC-006067,SEC-001,2026-06-14,18,0,0.71,2026-06-13T12:00:00
FC-006068,SEC-001,2026-06-14,19,3,0.85,2026-06-13T12:00:00
FC-006069,SEC-001,2026-06-14,20,0,0.75,2026-06-13T12:00:00
FC-006070,SEC-001,2026-06-14,21,0,0.72,2026-06-13T12:00:00
FC-006071,SEC-001,2026-06-14,22,4,0.79,2026-06-13T12:00:00
FC-006072,SEC-001,2026-06-14,23,5,0.84,2026-06-13T12:00:00
FC-006073,SEC-002,2026-06-14,0,0,0.85,2026-06-13T12:00:00
FC-006074,SEC-002,2026-06-14,1,4,0.78,2026-06-13T12:00:00
FC-006075,SEC-002,2026-06-14,2,2,0.73,2026-06-13T12:00:00
FC-006076,SEC-002,2026-06-14,3,4,0.94,2026-06-13T12:00:00
FC-006077,SEC-002,2026-06-14,4,1,0.76,2026-06-13T12:00:00
FC-006078,SEC-002,2026-06-14,5,0,0.89,2026-06-13T12:00:00
FC-006079,SEC-002,2026-06-14,6,0,0.92,2026-06-13T12:00:00
FC-006080,SEC-002,2026-06-14,7,0,0.9,2026-06-13T12:00:00
FC-006081,SEC-002,2026-06-14,8,2,0.94,2026-06-13T12:00:00
FC-006082,SEC-002,2026-06-14,9,0,0.89,2026-06-13T12:00:00
FC-006083,SEC-002,2026-06-14,10,0,0.85,2026-06-13T12:00:00
FC-006084,SEC-002,2026-06-14,11,0,0.85,2026-06-13T12:00:00
FC-006085,SEC-002,2026-06-14,12,1,0.7,2026-06-13T12:00:00
FC-006086,SEC-002,2026-06-14,13,0,0.86,2026-06-13T12:00:00
FC-006087,SEC-002,2026-06-14,14,0,0.84,2026-06-13T12:00:00
FC-006088,SEC-002,2026-06-14,15,0,0.78,2026-06-13T12:00:00
FC-006089,SEC-002,2026-06-14,16,0,0.91,2026-06-13T12:00:00
FC-006090,SEC-002,2026-06-14,17,0,0.83,2026-06-13T12:00:00
FC-006091,SEC-002,2026-06-14,18,0,0.76,2026-06-13T12:00:00
FC-006092,SEC-002,2026-06-14,19,0,0.86,2026-06-13T12:00:00
FC-006093,SEC-002,2026-06-14,20,1,0.72,2026-06-13T12:00:00
FC-006094,SEC-002,2026-06-14,21,1,0.9,2026-06-13T12:00:00
FC-006095,SEC-002,2026-06-14,22,1,0.9,2026-06-13T12:00:00
FC-006096,SEC-002,2026-06-14,23,0,0.76,2026-06-13T12:00:00
FC-006097,SEC-003,2026-06-14,0,0,0.82,2026-06-13T12:00:00
FC-006098,SEC-003,2026-06-14,1,5,0.92,2026-06-13T12:00:00
FC-006099,SEC-003,2026-06-14,2,3,0.73,2026-06-13T12:00:00
FC-006100,SEC-003,2026-06-14,3,4,0.95,2026-06-13T12:00:00
FC-006101,SEC-003,2026-06-14,4,3,0.78,2026-06-13T12:00:00
FC-006102,SEC-003,2026-06-14,5,0,0.8,2026-06-13T12:00:00
FC-006103,SEC-003,2026-06-14,6,0,0.78,2026-06-13T12:00:00
FC-006104,SEC-003,2026-06-14,7,0,0.87,2026-06-13T12:00:00
FC-006105,SEC-003,2026-06-14,8,0,0.86,2026-06-13T12:00:00
FC-006106,SEC-003,2026-06-14,9,0,0.87,2026-06-13T12:00:00
FC-006107,SEC-003,2026-06-14,10,0,0.74,2026-06-13T12:00:00
FC-006108,SEC-003,2026-06-14,11,0,0.81,2026-06-13T12:00:00
FC-006109,SEC-003,2026-06-14,12,0,0.91,2026-06-13T12:00:00
FC-006110,SEC-003,2026-06-14,13,0,0.95,2026-06-13T12:00:00
FC-006111,SEC-003,2026-06-14,14,0,0.83,2026-06-13T12:00:00
FC-006112,SEC-003,2026-06-14,15,0,0.81,2026-06-13T12:00:00
FC-006113,SEC-003,2026-06-14,16,0,0.91,2026-06-13T12:00:00
FC-006114,SEC-003,2026-06-14,17,1,0.95,2026-06-13T12:00:00
FC-006115,SEC-003,2026-06-14,18,0,0.71,2026-06-13T12:00:00
FC-006116,SEC-003,2026-06-14,19,0,0.72,2026-06-13T12:00:00
FC-006117,SEC-003,2026-06-14,20,0,0.93,2026-06-13T12:00:00
FC-006118,SEC-003,2026-06-14,21,0,0.84,2026-06-13T12:00:00
FC-006119,SEC-003,2026-06-14,22,3,0.85,2026-06-13T12:00:00
FC-006120,SEC-003,2026-06-14,23,3,0.72,2026-06-13T12:00:00
FC-006121,SEC-004,2026-06-14,0,1,0.86,2026-06-13T12:00:00
FC-006122,SEC-004,2026-06-14,1,1,0.75,2026-06-13T12:00:00
FC-006123,SEC-004,2026-06-14,2,0,0.83,2026-06-13T12:00:00
FC-006124,SEC-004,2026-06-14,3,0,0.73,2026-06-13T12:00:00
FC-006125,SEC-004,2026-06-14,4,2,0.71,2026-06-13T12:00:00
FC-006126,SEC-004,2026-06-14,5,0,0.81,2026-06-13T12:00:00
FC-006127,SEC-004,2026-06-14,6,0,0.83,2026-06-13T12:00:00
FC-006128,SEC-004,2026-06-14,7,0,0.86,2026-06-13T12:00:00
FC-006129,SEC-004,2026-06-14,8,0,0.77,2026-06-13T12:00:00
FC-006130,SEC-004,2026-06-14,9,1,0.9,2026-06-13T12:00:00
FC-006131,SEC-004,2026-06-14,10,0,0.76,2026-06-13T12:00:00
FC-006132,SEC-004,2026-06-14,11,1,0.91,2026-06-13T12:00:00
FC-006133,SEC-004,2026-06-14,12,1,0.76,2026-06-13T12:00:00
FC-006134,SEC-004,2026-06-14,13,0,0.95,2026-06-13T12:00:00
FC-006135,SEC-004,2026-06-14,14,0,0.87,2026-06-13T12:00:00
FC-006136,SEC-004,2026-06-14,15,0,0.79,2026-06-13T12:00:00
FC-006137,SEC-004,2026-06-14,16,0,0.82,2026-06-13T12:00:00
FC-006138,SEC-004,2026-06-14,17,0,0.72,2026-06-13T12:00:00
FC-006139,SEC-004,2026-06-14,18,0,0.91,2026-06-13T12:00:00
FC-006140,SEC-004,2026-06-14,19,0,0.87,2026-06-13T12:00:00
FC-006141,SEC-004,2026-06-14,20,0,0.84,2026-06-13T12:00:00
FC-006142,SEC-004,2026-06-14,21,0,0.9,2026-06-13T12:00:00
FC-006143,SEC-004,2026-06-14,22,1,0.72,2026-06-13T12:00:00
FC-006144,SEC-004,2026-06-14,23,3,0.92,2026-06-13T12:00:00
FC-006145,SEC-005,2026-06-14,0,6,0.7,2026-06-13T12:00:00
FC-006146,SEC-005,2026-06-14,1,2,0.77,2026-06-13T12:00:00
FC-006147,SEC-005,2026-06-14,2,1,0.88,2026-06-13T12:00:00
FC-006148,SEC-005,2026-06-14,3,0,0.87,2026-06-13T12:00:00
FC-006149,SEC-005,2026-06-14,4,0,0.73,2026-06-13T12:00:00
FC-006150,SEC-005,2026-06-14,5,0,0.79,2026-06-13T12:00:00
FC-006151,SEC-005,2026-06-14,6,0,0.89,2026-06-13T12:00:00
FC-006152,SEC-005,2026-06-14,7,0,0.86,2026-06-13T12:00:00
FC-006153,SEC-005,2026-06-14,8,1,0.73,2026-06-13T12:00:00
FC-006154,SEC-005,2026-06-14,9,0,0.8,2026-06-13T12:00:00
FC-006155,SEC-005,2026-06-14,10,0,0.79,2026-06-13T12:00:00
FC-006156,SEC-005,2026-06-14,11,2,0.78,2026-06-13T12:00:00
FC-006157,SEC-005,2026-06-14,12,0,0.81,2026-06-13T12:00:00
FC-006158,SEC-005,2026-06-14,13,1,0.87,2026-06-13T12:00:00
FC-006159,SEC-005,2026-06-14,14,0,0.92,2026-06-13T12:00:00
FC-006160,SEC-005,2026-06-14,15,1,0.91,2026-06-13T12:00:00
FC-006161,SEC-005,2026-06-14,16,1,0.7,2026-06-13T12:00:00
FC-006162,SEC-005,2026-06-14,17,0,0.95,2026-06-13T12:00:00
FC-006163,SEC-005,2026-06-14,18,1,0.84,2026-06-13T12:00:00
FC-006164,SEC-005,2026-06-14,19,0,0.83,2026-06-13T12:00:00
FC-006165,SEC-005,2026-06-14,20,1,0.94,2026-06-13T12:00:00
FC-006166,SEC-005,2026-06-14,21,0,0.82,2026-06-13T12:00:00
FC-006167,SEC-005,2026-06-14,22,3,0.81,2026-06-13T12:00:00
FC-006168,SEC-005,2026-06-14,23,1,0.89,2026-06-13T12:00:00
FC-006169,SEC-006,2026-06-14,0,3,0.73,2026-06-13T12:00:00
FC-006170,SEC-006,2026-06-14,1,3,0.76,2026-06-13T12:00:00
FC-006171,SEC-006,2026-06-14,2,0,0.92,2026-06-13T12:00:00
FC-006172,SEC-006,2026-06-14,3,0,0.74,2026-06-13T12:00:00
FC-006173,SEC-006,2026-06-14,4,0,0.74,2026-06-13T12:00:00
FC-006174,SEC-006,2026-06-14,5,0,0.79,2026-06-13T12:00:00
FC-006175,SEC-006,2026-06-14,6,0,0.94,2026-06-13T12:00:00
FC-006176,SEC-006,2026-06-14,7,2,0.81,2026-06-13T12:00:00
FC-006177,SEC-006,2026-06-14,8,0,0.84,2026-06-13T12:00:00
FC-006178,SEC-006,2026-06-14,9,0,0.88,2026-06-13T12:00:00
FC-006179,SEC-006,2026-06-14,10,0,0.75,2026-06-13T12:00:00
FC-006180,SEC-006,2026-06-14,11,0,0.91,2026-06-13T12:00:00
FC-006181,SEC-006,2026-06-14,12,0,0.77,2026-06-13T12:00:00
FC-006182,SEC-006,2026-06-14,13,1,0.76,2026-06-13T12:00:00
FC-006183,SEC-006,2026-06-14,14,1,0.77,2026-06-13T12:00:00
FC-006184,SEC-006,2026-06-14,15,0,0.84,2026-06-13T12:00:00
FC-006185,SEC-006,2026-06-14,16,1,0.88,2026-06-13T12:00:00
FC-006186,SEC-006,2026-06-14,17,0,0.88,2026-06-13T12:00:00
FC-006187,SEC-006,2026-06-14,18,0,0.82,2026-06-13T12:00:00
FC-006188,SEC-006,2026-06-14,19,0,0.74,2026-06-13T12:00:00
FC-006189,SEC-006,2026-06-14,20,0,0.8,2026-06-13T12:00:00
FC-006190,SEC-006,2026-06-14,21,0,0.93,2026-06-13T12:00:00
FC-006191,SEC-006,2026-06-14,22,3,0.88,2026-06-13T12:00:00
FC-006192,SEC-006,2026-06-14,23,1,0.72,2026-06-13T12:00:00
FC-006193,SEC-001,2026-06-15,0,1,0.87,2026-06-14T12:00:00
FC-006194,SEC-001,2026-06-15,1,2,0.85,2026-06-14T12:00:00
FC-006195,SEC-001,2026-06-15,2,1,0.71,2026-06-14T12:00:00
FC-006196,SEC-001,2026-06-15,3,1,0.81,2026-06-14T12:00:00
FC-006197,SEC-001,2026-06-15,4,2,0.82,2026-06-14T12:00:00
FC-006198,SEC-001,2026-06-15,5,1,0.76,2026-06-14T12:00:00
FC-006199,SEC-001,2026-06-15,6,1,0.72,2026-06-14T12:00:00
FC-006200,SEC-001,2026-06-15,7,0,0.9,2026-06-14T12:00:00
FC-006201,SEC-001,2026-06-15,8,0,0.9,2026-06-14T12:00:00
FC-006202,SEC-001,2026-06-15,9,0,0.78,2026-06-14T12:00:00
FC-006203,SEC-001,2026-06-15,10,2,0.9,2026-06-14T12:00:00
FC-006204,SEC-001,2026-06-15,11,0,0.9,2026-06-14T12:00:00
FC-006205,SEC-001,2026-06-15,12,0,0.95,2026-06-14T12:00:00
FC-006206,SEC-001,2026-06-15,13,1,0.78,2026-06-14T12:00:00
FC-006207,SEC-001,2026-06-15,14,2,0.93,2026-06-14T12:00:00
FC-006208,SEC-001,2026-06-15,15,0,0.75,2026-06-14T12:00:00
FC-006209,SEC-001,2026-06-15,16,0,0.78,2026-06-14T12:00:00
FC-006210,SEC-001,2026-06-15,17,0,0.84,2026-06-14T12:00:00
FC-006211,SEC-001,2026-06-15,18,0,0.73,2026-06-14T12:00:00
FC-006212,SEC-001,2026-06-15,19,0,0.95,2026-06-14T12:00:00
FC-006213,SEC-001,2026-06-15,20,0,0.87,2026-06-14T12:00:00
FC-006214,SEC-001,2026-06-15,21,0,0.86,2026-06-14T12:00:00
FC-006215,SEC-001,2026-06-15,22,4,0.84,2026-06-14T12:00:00
FC-006216,SEC-001,2026-06-15,23,2,0.71,2026-06-14T12:00:00
FC-006217,SEC-002,2026-06-15,0,1,0.71,2026-06-14T12:00:00
FC-006218,SEC-002,2026-06-15,1,1,0.77,2026-06-14T12:00:00
FC-006219,SEC-002,2026-06-15,2,3,0.91,2026-06-14T12:00:00
FC-006220,SEC-002,2026-06-15,3,1,0.92,2026-06-14T12:00:00
FC-006221,SEC-002,2026-06-15,4,2,0.82,2026-06-14T12:00:00
FC-006222,SEC-002,2026-06-15,5,0,0.76,2026-06-14T12:00:00
FC-006223,SEC-002,2026-06-15,6,0,0.81,2026-06-14T12:00:00
FC-006224,SEC-002,2026-06-15,7,1,0.86,2026-06-14T12:00:00
FC-006225,SEC-002,2026-06-15,8,1,0.91,2026-06-14T12:00:00
FC-006226,SEC-002,2026-06-15,9,1,0.93,2026-06-14T12:00:00
FC-006227,SEC-002,2026-06-15,10,0,0.83,2026-06-14T12:00:00
FC-006228,SEC-002,2026-06-15,11,0,0.72,2026-06-14T12:00:00
FC-006229,SEC-002,2026-06-15,12,1,0.83,2026-06-14T12:00:00
FC-006230,SEC-002,2026-06-15,13,0,0.83,2026-06-14T12:00:00
FC-006231,SEC-002,2026-06-15,14,0,0.72,2026-06-14T12:00:00
FC-006232,SEC-002,2026-06-15,15,0,0.93,2026-06-14T12:00:00
FC-006233,SEC-002,2026-06-15,16,0,0.89,2026-06-14T12:00:00
FC-006234,SEC-002,2026-06-15,17,0,0.81,2026-06-14T12:00:00
FC-006235,SEC-002,2026-06-15,18,0,0.91,2026-06-14T12:00:00
FC-006236,SEC-002,2026-06-15,19,1,0.89,2026-06-14T12:00:00
FC-006237,SEC-002,2026-06-15,20,0,0.71,2026-06-14T12:00:00
FC-006238,SEC-002,2026-06-15,21,0,0.87,2026-06-14T12:00:00
FC-006239,SEC-002,2026-06-15,22,2,0.89,2026-06-14T12:00:00
FC-006240,SEC-002,2026-06-15,23,4,0.93,2026-06-14T12:00:00
FC-006241,SEC-003,2026-06-15,0,3,0.92,2026-06-14T12:00:00
FC-006242,SEC-003,2026-06-15,1,2,0.83,2026-06-14T12:00:00
FC-006243,SEC-003,2026-06-15,2,1,0.86,2026-06-14T12:00:00
FC-006244,SEC-003,2026-06-15,3,2,0.87,2026-06-14T12:00:00
FC-006245,SEC-003,2026-06-15,4,4,0.95,2026-06-14T12:00:00
FC-006246,SEC-003,2026-06-15,5,0,0.71,2026-06-14T12:00:00
FC-006247,SEC-003,2026-06-15,6,1,0.74,2026-06-14T12:00:00
FC-006248,SEC-003,2026-06-15,7,0,0.76,2026-06-14T12:00:00
FC-006249,SEC-003,2026-06-15,8,1,0.81,2026-06-14T12:00:00
FC-006250,SEC-003,2026-06-15,9,0,0.82,2026-06-14T12:00:00
FC-006251,SEC-003,2026-06-15,10,1,0.85,2026-06-14T12:00:00
FC-006252,SEC-003,2026-06-15,11,0,0.95,2026-06-14T12:00:00
FC-006253,SEC-003,2026-06-15,12,1,0.82,2026-06-14T12:00:00
FC-006254,SEC-003,2026-06-15,13,0,0.76,2026-06-14T12:00:00
FC-006255,SEC-003,2026-06-15,14,0,0.91,2026-06-14T12:00:00
FC-006256,SEC-003,2026-06-15,15,1,0.92,2026-06-14T12:00:00
FC-006257,SEC-003,2026-06-15,16,0,0.85,2026-06-14T12:00:00
FC-006258,SEC-003,2026-06-15,17,0,0.8,2026-06-14T12:00:00
FC-006259,SEC-003,2026-06-15,18,0,0.92,2026-06-14T12:00:00
FC-006260,SEC-003,2026-06-15,19,0,0.93,2026-06-14T12:00:00
FC-006261,SEC-003,2026-06-15,20,0,0.9,2026-06-14T12:00:00
FC-006262,SEC-003,2026-06-15,21,1,0.74,2026-06-14T12:00:00
FC-006263,SEC-003,2026-06-15,22,2,0.86,2026-06-14T12:00:00
FC-006264,SEC-003,2026-06-15,23,1,0.75,2026-06-14T12:00:00
FC-006265,SEC-004,2026-06-15,0,1,0.89,2026-06-14T12:00:00
FC-006266,SEC-004,2026-06-15,1,2,0.82,2026-06-14T12:00:00
FC-006267,SEC-004,2026-06-15,2,3,0.73,2026-06-14T12:00:00
FC-006268,SEC-004,2026-06-15,3,3,0.84,2026-06-14T12:00:00
FC-006269,SEC-004,2026-06-15,4,2,0.79,2026-06-14T12:00:00
FC-006270,SEC-004,2026-06-15,5,0,0.73,2026-06-14T12:00:00
FC-006271,SEC-004,2026-06-15,6,2,0.74,2026-06-14T12:00:00
FC-006272,SEC-004,2026-06-15,7,0,0.8,2026-06-14T12:00:00
FC-006273,SEC-004,2026-06-15,8,0,0.91,2026-06-14T12:00:00
FC-006274,SEC-004,2026-06-15,9,0,0.94,2026-06-14T12:00:00
FC-006275,SEC-004,2026-06-15,10,0,0.92,2026-06-14T12:00:00
FC-006276,SEC-004,2026-06-15,11,0,0.81,2026-06-14T12:00:00
FC-006277,SEC-004,2026-06-15,12,0,0.85,2026-06-14T12:00:00
FC-006278,SEC-004,2026-06-15,13,0,0.87,2026-06-14T12:00:00
FC-006279,SEC-004,2026-06-15,14,0,0.8,2026-06-14T12:00:00
FC-006280,SEC-004,2026-06-15,15,0,0.86,2026-06-14T12:00:00
FC-006281,SEC-004,2026-06-15,16,2,0.87,2026-06-14T12:00:00
FC-006282,SEC-004,2026-06-15,17,2,0.82,2026-06-14T12:00:00
FC-006283,SEC-004,2026-06-15,18,0,0.77,2026-06-14T12:00:00
FC-006284,SEC-004,2026-06-15,19,1,0.83,2026-06-14T12:00:00
FC-006285,SEC-004,2026-06-15,20,0,0.92,2026-06-14T12:00:00
FC-006286,SEC-004,2026-06-15,21,0,0.86,2026-06-14T12:00:00
FC-006287,SEC-004,2026-06-15,22,2,0.77,2026-06-14T12:00:00
FC-006288,SEC-004,2026-06-15,23,1,0.8,2026-06-14T12:00:00
FC-006289,SEC-005,2026-06-15,0,0,0.78,2026-06-14T12:00:00
FC-006290,SEC-005,2026-06-15,1,1,0.87,2026-06-14T12:00:00
FC-006291,SEC-005,2026-06-15,2,2,0.77,2026-06-14T12:00:00
FC-006292,SEC-005,2026-06-15,3,1,0.91,2026-06-14T12:00:00
FC-006293,SEC-005,2026-06-15,4,0,0.86,2026-06-14T12:00:00
FC-006294,SEC-005,2026-06-15,5,0,0.86,2026-06-14T12:00:00
FC-006295,SEC-005,2026-06-15,6,0,0.94,2026-06-14T12:00:00
FC-006296,SEC-005,2026-06-15,7,1,0.8,2026-06-14T12:00:00
FC-006297,SEC-005,2026-06-15,8,0,0.83,2026-06-14T12:00:00
FC-006298,SEC-005,2026-06-15,9,2,0.84,2026-06-14T12:00:00
FC-006299,SEC-005,2026-06-15,10,2,0.93,2026-06-14T12:00:00
FC-006300,SEC-005,2026-06-15,11,0,0.94,2026-06-14T12:00:00
FC-006301,SEC-005,2026-06-15,12,0,0.85,2026-06-14T12:00:00
FC-006302,SEC-005,2026-06-15,13,1,0.92,2026-06-14T12:00:00
FC-006303,SEC-005,2026-06-15,14,0,0.95,2026-06-14T12:00:00
FC-006304,SEC-005,2026-06-15,15,0,0.72,2026-06-14T12:00:00
FC-006305,SEC-005,2026-06-15,16,0,0.72,2026-06-14T12:00:00
FC-006306,SEC-005,2026-06-15,17,0,0.91,2026-06-14T12:00:00
FC-006307,SEC-005,2026-06-15,18,0,0.89,2026-06-14T12:00:00
FC-006308,SEC-005,2026-06-15,19,0,0.75,2026-06-14T12:00:00
FC-006309,SEC-005,2026-06-15,20,0,0.71,2026-06-14T12:00:00
FC-006310,SEC-005,2026-06-15,21,1,0.77,2026-06-14T12:00:00
FC-006311,SEC-005,2026-06-15,22,0,0.73,2026-06-14T12:00:00
FC-006312,SEC-005,2026-06-15,23,1,0.82,2026-06-14T12:00:00
FC-006313,SEC-006,2026-06-15,0,1,0.78,2026-06-14T12:00:00
FC-006314,SEC-006,2026-06-15,1,2,0.75,2026-06-14T12:00:00
FC-006315,SEC-006,2026-06-15,2,0,0.94,2026-06-14T12:00:00
FC-006316,SEC-006,2026-06-15,3,2,0.83,2026-06-14T12:00:00
FC-006317,SEC-006,2026-06-15,4,0,0.79,2026-06-14T12:00:00
FC-006318,SEC-006,2026-06-15,5,0,0.76,2026-06-14T12:00:00
FC-006319,SEC-006,2026-06-15,6,0,0.79,2026-06-14T12:00:00
FC-006320,SEC-006,2026-06-15,7,0,0.7,2026-06-14T12:00:00
FC-006321,SEC-006,2026-06-15,8,0,0.78,2026-06-14T12:00:00
FC-006322,SEC-006,2026-06-15,9,0,0.74,2026-06-14T12:00:00
FC-006323,SEC-006,2026-06-15,10,0,0.71,2026-06-14T12:00:00
FC-006324,SEC-006,2026-06-15,11,0,0.89,2026-06-14T12:00:00
FC-006325,SEC-006,2026-06-15,12,0,0.87,2026-06-14T12:00:00
FC-006326,SEC-006,2026-06-15,13,0,0.89,2026-06-14T12:00:00
FC-006327,SEC-006,2026-06-15,14,0,0.86,2026-06-14T12:00:00
FC-006328,SEC-006,2026-06-15,15,0,0.95,2026-06-14T12:00:00
FC-006329,SEC-006,2026-06-15,16,0,0.72,2026-06-14T12:00:00
FC-006330,SEC-006,2026-06-15,17,1,0.93,2026-06-14T12:00:00
FC-006331,SEC-006,2026-06-15,18,1,0.72,2026-06-14T12:00:00
FC-006332,SEC-006,2026-06-15,19,0,0.88,2026-06-14T12:00:00
FC-006333,SEC-006,2026-06-15,20,0,0.88,2026-06-14T12:00:00
FC-006334,SEC-006,2026-06-15,21,0,0.89,2026-06-14T12:00:00
FC-006335,SEC-006,2026-06-15,22,0,0.89,2026-06-14T12:00:00
FC-006336,SEC-006,2026-06-15,23,1,0.77,2026-06-14T12:00:00
FC-006337,SEC-001,2026-06-16,0,0,0.72,2026-06-15T12:00:00
FC-006338,SEC-001,2026-06-16,1,2,0.71,2026-06-15T12:00:00
FC-006339,SEC-001,2026-06-16,2,0,0.72,2026-06-15T12:00:00
FC-006340,SEC-001,2026-06-16,3,0,0.75,2026-06-15T12:00:00
FC-006341,SEC-001,2026-06-16,4,2,0.85,2026-06-15T12:00:00
FC-006342,SEC-001,2026-06-16,5,0,0.76,2026-06-15T12:00:00
FC-006343,SEC-001,2026-06-16,6,0,0.91,2026-06-15T12:00:00
FC-006344,SEC-001,2026-06-16,7,0,0.81,2026-06-15T12:00:00
FC-006345,SEC-001,2026-06-16,8,1,0.9,2026-06-15T12:00:00
FC-006346,SEC-001,2026-06-16,9,0,0.73,2026-06-15T12:00:00
FC-006347,SEC-001,2026-06-16,10,1,0.89,2026-06-15T12:00:00
FC-006348,SEC-001,2026-06-16,11,0,0.71,2026-06-15T12:00:00
FC-006349,SEC-001,2026-06-16,12,0,0.9,2026-06-15T12:00:00
FC-006350,SEC-001,2026-06-16,13,0,0.87,2026-06-15T12:00:00
FC-006351,SEC-001,2026-06-16,14,0,0.71,2026-06-15T12:00:00
FC-006352,SEC-001,2026-06-16,15,0,0.92,2026-06-15T12:00:00
FC-006353,SEC-001,2026-06-16,16,0,0.89,2026-06-15T12:00:00
FC-006354,SEC-001,2026-06-16,17,0,0.71,2026-06-15T12:00:00
FC-006355,SEC-001,2026-06-16,18,0,0.91,2026-06-15T12:00:00
FC-006356,SEC-001,2026-06-16,19,0,0.89,2026-06-15T12:00:00
FC-006357,SEC-001,2026-06-16,20,0,0.8,2026-06-15T12:00:00
FC-006358,SEC-001,2026-06-16,21,1,0.93,2026-06-15T12:00:00
FC-006359,SEC-001,2026-06-16,22,2,0.89,2026-06-15T12:00:00
FC-006360,SEC-001,2026-06-16,23,0,0.88,2026-06-15T12:00:00
FC-006361,SEC-002,2026-06-16,0,0,0.87,2026-06-15T12:00:00
FC-006362,SEC-002,2026-06-16,1,3,0.72,2026-06-15T12:00:00
FC-006363,SEC-002,2026-06-16,2,3,0.82,2026-06-15T12:00:00
FC-006364,SEC-002,2026-06-16,3,2,0.83,2026-06-15T12:00:00
FC-006365,SEC-002,2026-06-16,4,0,0.83,2026-06-15T12:00:00
FC-006366,SEC-002,2026-06-16,5,1,0.7,2026-06-15T12:00:00
FC-006367,SEC-002,2026-06-16,6,0,0.9,2026-06-15T12:00:00
FC-006368,SEC-002,2026-06-16,7,1,0.77,2026-06-15T12:00:00
FC-006369,SEC-002,2026-06-16,8,0,0.94,2026-06-15T12:00:00
FC-006370,SEC-002,2026-06-16,9,0,0.82,2026-06-15T12:00:00
FC-006371,SEC-002,2026-06-16,10,0,0.76,2026-06-15T12:00:00
FC-006372,SEC-002,2026-06-16,11,1,0.94,2026-06-15T12:00:00
FC-006373,SEC-002,2026-06-16,12,0,0.84,2026-06-15T12:00:00
FC-006374,SEC-002,2026-06-16,13,0,0.87,2026-06-15T12:00:00
FC-006375,SEC-002,2026-06-16,14,0,0.92,2026-06-15T12:00:00
FC-006376,SEC-002,2026-06-16,15,0,0.74,2026-06-15T12:00:00
FC-006377,SEC-002,2026-06-16,16,0,0.79,2026-06-15T12:00:00
FC-006378,SEC-002,2026-06-16,17,0,0.85,2026-06-15T12:00:00
FC-006379,SEC-002,2026-06-16,18,1,0.89,2026-06-15T12:00:00
FC-006380,SEC-002,2026-06-16,19,0,0.93,2026-06-15T12:00:00
FC-006381,SEC-002,2026-06-16,20,0,0.93,2026-06-15T12:00:00
FC-006382,SEC-002,2026-06-16,21,2,0.76,2026-06-15T12:00:00
FC-006383,SEC-002,2026-06-16,22,2,0.85,2026-06-15T12:00:00
FC-006384,SEC-002,2026-06-16,23,0,0.92,2026-06-15T12:00:00
FC-006385,SEC-003,2026-06-16,0,4,0.83,2026-06-15T12:00:00
FC-006386,SEC-003,2026-06-16,1,4,0.94,2026-06-15T12:00:00
FC-006387,SEC-003,2026-06-16,2,2,0.81,2026-06-15T12:00:00
FC-006388,SEC-003,2026-06-16,3,3,0.72,2026-06-15T12:00:00
FC-006389,SEC-003,2026-06-16,4,2,0.88,2026-06-15T12:00:00
FC-006390,SEC-003,2026-06-16,5,0,0.88,2026-06-15T12:00:00
FC-006391,SEC-003,2026-06-16,6,1,0.71,2026-06-15T12:00:00
FC-006392,SEC-003,2026-06-16,7,0,0.79,2026-06-15T12:00:00
FC-006393,SEC-003,2026-06-16,8,1,0.84,2026-06-15T12:00:00
FC-006394,SEC-003,2026-06-16,9,0,0.89,2026-06-15T12:00:00
FC-006395,SEC-003,2026-06-16,10,1,0.84,2026-06-15T12:00:00
FC-006396,SEC-003,2026-06-16,11,1,0.88,2026-06-15T12:00:00
FC-006397,SEC-003,2026-06-16,12,0,0.87,2026-06-15T12:00:00
FC-006398,SEC-003,2026-06-16,13,0,0.79,2026-06-15T12:00:00
FC-006399,SEC-003,2026-06-16,14,1,0.81,2026-06-15T12:00:00
FC-006400,SEC-003,2026-06-16,15,1,0.82,2026-06-15T12:00:00
FC-006401,SEC-003,2026-06-16,16,0,0.91,2026-06-15T12:00:00
FC-006402,SEC-003,2026-06-16,17,0,0.74,2026-06-15T12:00:00
FC-006403,SEC-003,2026-06-16,18,1,0.73,2026-06-15T12:00:00
FC-006404,SEC-003,2026-06-16,19,1,0.81,2026-06-15T12:00:00
FC-006405,SEC-003,2026-06-16,20,0,0.88,2026-06-15T12:00:00
FC-006406,SEC-003,2026-06-16,21,1,0.94,2026-06-15T12:00:00
FC-006407,SEC-003,2026-06-16,22,2,0.78,2026-06-15T12:00:00
FC-006408,SEC-003,2026-06-16,23,0,0.8,2026-06-15T12:00:00
FC-006409,SEC-004,2026-06-16,0,6,0.82,2026-06-15T12:00:00
FC-006410,SEC-004,2026-06-16,1,1,0.83,2026-06-15T12:00:00
FC-006411,SEC-004,2026-06-16,2,3,0.82,2026-06-15T12:00:00
FC-006412,SEC-004,2026-06-16,3,2,0.87,2026-06-15T12:00:00
FC-006413,SEC-004,2026-06-16,4,2,0.81,2026-06-15T12:00:00
FC-006414,SEC-004,2026-06-16,5,0,0.76,2026-06-15T12:00:00
FC-006415,SEC-004,2026-06-16,6,0,0.87,2026-06-15T12:00:00
FC-006416,SEC-004,2026-06-16,7,0,0.89,2026-06-15T12:00:00
FC-006417,SEC-004,2026-06-16,8,1,0.82,2026-06-15T12:00:00
FC-006418,SEC-004,2026-06-16,9,1,0.92,2026-06-15T12:00:00
FC-006419,SEC-004,2026-06-16,10,0,0.95,2026-06-15T12:00:00
FC-006420,SEC-004,2026-06-16,11,0,0.89,2026-06-15T12:00:00
FC-006421,SEC-004,2026-06-16,12,2,0.76,2026-06-15T12:00:00
FC-006422,SEC-004,2026-06-16,13,0,0.86,2026-06-15T12:00:00
FC-006423,SEC-004,2026-06-16,14,0,0.78,2026-06-15T12:00:00
FC-006424,SEC-004,2026-06-16,15,0,0.76,2026-06-15T12:00:00
FC-006425,SEC-004,2026-06-16,16,1,0.72,2026-06-15T12:00:00
FC-006426,SEC-004,2026-06-16,17,0,0.75,2026-06-15T12:00:00
FC-006427,SEC-004,2026-06-16,18,0,0.87,2026-06-15T12:00:00
FC-006428,SEC-004,2026-06-16,19,0,0.84,2026-06-15T12:00:00
FC-006429,SEC-004,2026-06-16,20,2,0.88,2026-06-15T12:00:00
FC-006430,SEC-004,2026-06-16,21,0,0.88,2026-06-15T12:00:00
FC-006431,SEC-004,2026-06-16,22,2,0.75,2026-06-15T12:00:00
FC-006432,SEC-004,2026-06-16,23,2,0.84,2026-06-15T12:00:00
FC-006433,SEC-005,2026-06-16,0,2,0.72,2026-06-15T12:00:00
FC-006434,SEC-005,2026-06-16,1,2,0.7,2026-06-15T12:00:00
FC-006435,SEC-005,2026-06-16,2,1,0.71,2026-06-15T12:00:00
FC-006436,SEC-005,2026-06-16,3,0,0.87,2026-06-15T12:00:00
FC-006437,SEC-005,2026-06-16,4,6,0.94,2026-06-15T12:00:00
FC-006438,SEC-005,2026-06-16,5,0,0.92,2026-06-15T12:00:00
FC-006439,SEC-005,2026-06-16,6,1,0.92,2026-06-15T12:00:00
FC-006440,SEC-005,2026-06-16,7,1,0.94,2026-06-15T12:00:00
FC-006441,SEC-005,2026-06-16,8,1,0.86,2026-06-15T12:00:00
FC-006442,SEC-005,2026-06-16,9,0,0.8,2026-06-15T12:00:00
FC-006443,SEC-005,2026-06-16,10,1,0.73,2026-06-15T12:00:00
FC-006444,SEC-005,2026-06-16,11,0,0.78,2026-06-15T12:00:00
FC-006445,SEC-005,2026-06-16,12,1,0.94,2026-06-15T12:00:00
FC-006446,SEC-005,2026-06-16,13,0,0.86,2026-06-15T12:00:00
FC-006447,SEC-005,2026-06-16,14,0,0.85,2026-06-15T12:00:00
FC-006448,SEC-005,2026-06-16,15,1,0.87,2026-06-15T12:00:00
FC-006449,SEC-005,2026-06-16,16,1,0.7,2026-06-15T12:00:00
FC-006450,SEC-005,2026-06-16,17,0,0.84,2026-06-15T12:00:00
FC-006451,SEC-005,2026-06-16,18,0,0.94,2026-06-15T12:00:00
FC-006452,SEC-005,2026-06-16,19,0,0.93,2026-06-15T12:00:00
FC-006453,SEC-005,2026-06-16,20,0,0.82,2026-06-15T12:00:00
FC-006454,SEC-005,2026-06-16,21,0,0.79,2026-06-15T12:00:00
FC-006455,SEC-005,2026-06-16,22,0,0.93,2026-06-15T12:00:00
FC-006456,SEC-005,2026-06-16,23,3,0.7,2026-06-15T12:00:00
FC-006457,SEC-006,2026-06-16,0,4,0.93,2026-06-15T12:00:00
FC-006458,SEC-006,2026-06-16,1,4,0.79,2026-06-15T12:00:00
FC-006459,SEC-006,2026-06-16,2,0,0.71,2026-06-15T12:00:00
FC-006460,SEC-006,2026-06-16,3,1,0.72,2026-06-15T12:00:00
FC-006461,SEC-006,2026-06-16,4,2,0.81,2026-06-15T12:00:00
FC-006462,SEC-006,2026-06-16,5,0,0.87,2026-06-15T12:00:00
FC-006463,SEC-006,2026-06-16,6,0,0.93,2026-06-15T12:00:00
FC-006464,SEC-006,2026-06-16,7,0,0.72,2026-06-15T12:00:00
FC-006465,SEC-006,2026-06-16,8,1,0.79,2026-06-15T12:00:00
FC-006466,SEC-006,2026-06-16,9,0,0.83,2026-06-15T12:00:00
FC-006467,SEC-006,2026-06-16,10,0,0.72,2026-06-15T12:00:00
FC-006468,SEC-006,2026-06-16,11,0,0.79,2026-06-15T12:00:00
FC-006469,SEC-006,2026-06-16,12,1,0.83,2026-06-15T12:00:00
FC-006470,SEC-006,2026-06-16,13,0,0.75,2026-06-15T12:00:00
FC-006471,SEC-006,2026-06-16,14,0,0.74,2026-06-15T12:00:00
FC-006472,SEC-006,2026-06-16,15,0,0.87,2026-06-15T12:00:00
FC-006473,SEC-006,2026-06-16,16,0,0.81,2026-06-15T12:00:00
FC-006474,SEC-006,2026-06-16,17,0,0.75,2026-06-15T12:00:00
FC-006475,SEC-006,2026-06-16,18,0,0.81,2026-06-15T12:00:00
FC-006476,SEC-006,2026-06-16,19,1,0.8,2026-06-15T12:00:00
FC-006477,SEC-006,2026-06-16,20,0,0.73,2026-06-15T12:00:00
FC-006478,SEC-006,2026-06-16,21,2,0.79,2026-06-15T12:00:00
FC-006479,SEC-006,2026-06-16,22,2,0.87,2026-06-15T12:00:00
FC-006480,SEC-006,2026-06-16,23,2,0.84,2026-06-15T12:00:00
FC-006481,SEC-001,2026-06-17,0,0,0.84,2026-06-16T12:00:00
FC-006482,SEC-001,2026-06-17,1,2,0.84,2026-06-16T12:00:00
FC-006483,SEC-001,2026-06-17,2,1,0.92,2026-06-16T12:00:00
FC-006484,SEC-001,2026-06-17,3,2,0.94,2026-06-16T12:00:00
FC-006485,SEC-001,2026-06-17,4,2,0.9,2026-06-16T12:00:00
FC-006486,SEC-001,2026-06-17,5,0,0.78,2026-06-16T12:00:00
FC-006487,SEC-001,2026-06-17,6,0,0.88,2026-06-16T12:00:00
FC-006488,SEC-001,2026-06-17,7,1,0.8,2026-06-16T12:00:00
FC-006489,SEC-001,2026-06-17,8,0,0.72,2026-06-16T12:00:00
FC-006490,SEC-001,2026-06-17,9,0,0.78,2026-06-16T12:00:00
FC-006491,SEC-001,2026-06-17,10,0,0.77,2026-06-16T12:00:00
FC-006492,SEC-001,2026-06-17,11,1,0.89,2026-06-16T12:00:00
FC-006493,SEC-001,2026-06-17,12,1,0.86,2026-06-16T12:00:00
FC-006494,SEC-001,2026-06-17,13,0,0.88,2026-06-16T12:00:00
FC-006495,SEC-001,2026-06-17,14,0,0.92,2026-06-16T12:00:00
FC-006496,SEC-001,2026-06-17,15,0,0.94,2026-06-16T12:00:00
FC-006497,SEC-001,2026-06-17,16,0,0.93,2026-06-16T12:00:00
FC-006498,SEC-001,2026-06-17,17,2,0.94,2026-06-16T12:00:00
FC-006499,SEC-001,2026-06-17,18,0,0.87,2026-06-16T12:00:00
FC-006500,SEC-001,2026-06-17,19,2,0.73,2026-06-16T12:00:00
FC-006501,SEC-001,2026-06-17,20,1,0.72,2026-06-16T12:00:00
FC-006502,SEC-001,2026-06-17,21,0,0.9,2026-06-16T12:00:00
FC-006503,SEC-001,2026-06-17,22,2,0.74,2026-06-16T12:00:00
FC-006504,SEC-001,2026-06-17,23,1,0.74,2026-06-16T12:00:00
FC-006505,SEC-002,2026-06-17,0,2,0.9,2026-06-16T12:00:00
FC-006506,SEC-002,2026-06-17,1,4,0.9,2026-06-16T12:00:00
FC-006507,SEC-002,2026-06-17,2,1,0.86,2026-06-16T12:00:00
FC-006508,SEC-002,2026-06-17,3,2,0.9,2026-06-16T12:00:00
FC-006509,SEC-002,2026-06-17,4,4,0.75,2026-06-16T12:00:00
FC-006510,SEC-002,2026-06-17,5,0,0.81,2026-06-16T12:00:00
FC-006511,SEC-002,2026-06-17,6,0,0.7,2026-06-16T12:00:00
FC-006512,SEC-002,2026-06-17,7,0,0.87,2026-06-16T12:00:00
FC-006513,SEC-002,2026-06-17,8,0,0.71,2026-06-16T12:00:00
FC-006514,SEC-002,2026-06-17,9,1,0.76,2026-06-16T12:00:00
FC-006515,SEC-002,2026-06-17,10,0,0.74,2026-06-16T12:00:00
FC-006516,SEC-002,2026-06-17,11,1,0.93,2026-06-16T12:00:00
FC-006517,SEC-002,2026-06-17,12,0,0.83,2026-06-16T12:00:00
FC-006518,SEC-002,2026-06-17,13,0,0.81,2026-06-16T12:00:00
FC-006519,SEC-002,2026-06-17,14,0,0.9,2026-06-16T12:00:00
FC-006520,SEC-002,2026-06-17,15,1,0.87,2026-06-16T12:00:00
FC-006521,SEC-002,2026-06-17,16,2,0.94,2026-06-16T12:00:00
FC-006522,SEC-002,2026-06-17,17,1,0.76,2026-06-16T12:00:00
FC-006523,SEC-002,2026-06-17,18,1,0.89,2026-06-16T12:00:00
FC-006524,SEC-002,2026-06-17,19,0,0.82,2026-06-16T12:00:00
FC-006525,SEC-002,2026-06-17,20,2,0.81,2026-06-16T12:00:00
FC-006526,SEC-002,2026-06-17,21,1,0.89,2026-06-16T12:00:00
FC-006527,SEC-002,2026-06-17,22,3,0.87,2026-06-16T12:00:00
FC-006528,SEC-002,2026-06-17,23,1,0.86,2026-06-16T12:00:00
FC-006529,SEC-003,2026-06-17,0,2,0.77,2026-06-16T12:00:00
FC-006530,SEC-003,2026-06-17,1,1,0.73,2026-06-16T12:00:00
FC-006531,SEC-003,2026-06-17,2,0,0.84,2026-06-16T12:00:00
FC-006532,SEC-003,2026-06-17,3,2,0.91,2026-06-16T12:00:00
FC-006533,SEC-003,2026-06-17,4,2,0.79,2026-06-16T12:00:00
FC-006534,SEC-003,2026-06-17,5,1,0.71,2026-06-16T12:00:00
FC-006535,SEC-003,2026-06-17,6,0,0.73,2026-06-16T12:00:00
FC-006536,SEC-003,2026-06-17,7,1,0.89,2026-06-16T12:00:00
FC-006537,SEC-003,2026-06-17,8,0,0.85,2026-06-16T12:00:00
FC-006538,SEC-003,2026-06-17,9,0,0.77,2026-06-16T12:00:00
FC-006539,SEC-003,2026-06-17,10,0,0.7,2026-06-16T12:00:00
FC-006540,SEC-003,2026-06-17,11,0,0.82,2026-06-16T12:00:00
FC-006541,SEC-003,2026-06-17,12,2,0.77,2026-06-16T12:00:00
FC-006542,SEC-003,2026-06-17,13,0,0.77,2026-06-16T12:00:00
FC-006543,SEC-003,2026-06-17,14,0,0.72,2026-06-16T12:00:00
FC-006544,SEC-003,2026-06-17,15,2,0.94,2026-06-16T12:00:00
FC-006545,SEC-003,2026-06-17,16,1,0.94,2026-06-16T12:00:00
FC-006546,SEC-003,2026-06-17,17,0,0.93,2026-06-16T12:00:00
FC-006547,SEC-003,2026-06-17,18,0,0.83,2026-06-16T12:00:00
FC-006548,SEC-003,2026-06-17,19,0,0.92,2026-06-16T12:00:00
FC-006549,SEC-003,2026-06-17,20,0,0.76,2026-06-16T12:00:00
FC-006550,SEC-003,2026-06-17,21,0,0.78,2026-06-16T12:00:00
FC-006551,SEC-003,2026-06-17,22,1,0.74,2026-06-16T12:00:00
FC-006552,SEC-003,2026-06-17,23,1,0.93,2026-06-16T12:00:00
FC-006553,SEC-004,2026-06-17,0,1,0.91,2026-06-16T12:00:00
FC-006554,SEC-004,2026-06-17,1,0,0.78,2026-06-16T12:00:00
FC-006555,SEC-004,2026-06-17,2,0,0.94,2026-06-16T12:00:00
FC-006556,SEC-004,2026-06-17,3,0,0.86,2026-06-16T12:00:00
FC-006557,SEC-004,2026-06-17,4,1,0.76,2026-06-16T12:00:00
FC-006558,SEC-004,2026-06-17,5,0,0.73,2026-06-16T12:00:00
FC-006559,SEC-004,2026-06-17,6,3,0.83,2026-06-16T12:00:00
FC-006560,SEC-004,2026-06-17,7,1,0.95,2026-06-16T12:00:00
FC-006561,SEC-004,2026-06-17,8,0,0.93,2026-06-16T12:00:00
FC-006562,SEC-004,2026-06-17,9,2,0.76,2026-06-16T12:00:00
FC-006563,SEC-004,2026-06-17,10,1,0.92,2026-06-16T12:00:00
FC-006564,SEC-004,2026-06-17,11,0,0.89,2026-06-16T12:00:00
FC-006565,SEC-004,2026-06-17,12,0,0.88,2026-06-16T12:00:00
FC-006566,SEC-004,2026-06-17,13,0,0.74,2026-06-16T12:00:00
FC-006567,SEC-004,2026-06-17,14,2,0.92,2026-06-16T12:00:00
FC-006568,SEC-004,2026-06-17,15,0,0.83,2026-06-16T12:00:00
FC-006569,SEC-004,2026-06-17,16,0,0.81,2026-06-16T12:00:00
FC-006570,SEC-004,2026-06-17,17,0,0.73,2026-06-16T12:00:00
FC-006571,SEC-004,2026-06-17,18,0,0.75,2026-06-16T12:00:00
FC-006572,SEC-004,2026-06-17,19,0,0.75,2026-06-16T12:00:00
FC-006573,SEC-004,2026-06-17,20,0,0.86,2026-06-16T12:00:00
FC-006574,SEC-004,2026-06-17,21,1,0.7,2026-06-16T12:00:00
FC-006575,SEC-004,2026-06-17,22,1,0.81,2026-06-16T12:00:00
FC-006576,SEC-004,2026-06-17,23,3,0.9,2026-06-16T12:00:00
FC-006577,SEC-005,2026-06-17,0,3,0.86,2026-06-16T12:00:00
FC-006578,SEC-005,2026-06-17,1,1,0.76,2026-06-16T12:00:00
FC-006579,SEC-005,2026-06-17,2,5,0.72,2026-06-16T12:00:00
FC-006580,SEC-005,2026-06-17,3,3,0.87,2026-06-16T12:00:00
FC-006581,SEC-005,2026-06-17,4,1,0.87,2026-06-16T12:00:00
FC-006582,SEC-005,2026-06-17,5,1,0.82,2026-06-16T12:00:00
FC-006583,SEC-005,2026-06-17,6,0,0.94,2026-06-16T12:00:00
FC-006584,SEC-005,2026-06-17,7,1,0.87,2026-06-16T12:00:00
FC-006585,SEC-005,2026-06-17,8,0,0.92,2026-06-16T12:00:00
FC-006586,SEC-005,2026-06-17,9,0,0.81,2026-06-16T12:00:00
FC-006587,SEC-005,2026-06-17,10,1,0.88,2026-06-16T12:00:00
FC-006588,SEC-005,2026-06-17,11,1,0.86,2026-06-16T12:00:00
FC-006589,SEC-005,2026-06-17,12,0,0.83,2026-06-16T12:00:00
FC-006590,SEC-005,2026-06-17,13,0,0.89,2026-06-16T12:00:00
FC-006591,SEC-005,2026-06-17,14,1,0.73,2026-06-16T12:00:00
FC-006592,SEC-005,2026-06-17,15,0,0.75,2026-06-16T12:00:00
FC-006593,SEC-005,2026-06-17,16,0,0.92,2026-06-16T12:00:00
FC-006594,SEC-005,2026-06-17,17,0,0.88,2026-06-16T12:00:00
FC-006595,SEC-005,2026-06-17,18,0,0.74,2026-06-16T12:00:00
FC-006596,SEC-005,2026-06-17,19,1,0.93,2026-06-16T12:00:00
FC-006597,SEC-005,2026-06-17,20,0,0.72,2026-06-16T12:00:00
FC-006598,SEC-005,2026-06-17,21,0,0.73,2026-06-16T12:00:00
FC-006599,SEC-005,2026-06-17,22,2,0.73,2026-06-16T12:00:00
FC-006600,SEC-005,2026-06-17,23,3,0.85,2026-06-16T12:00:00
FC-006601,SEC-006,2026-06-17,0,2,0.94,2026-06-16T12:00:00
FC-006602,SEC-006,2026-06-17,1,3,0.84,2026-06-16T12:00:00
FC-006603,SEC-006,2026-06-17,2,3,0.87,2026-06-16T12:00:00
FC-006604,SEC-006,2026-06-17,3,0,0.71,2026-06-16T12:00:00
FC-006605,SEC-006,2026-06-17,4,0,0.82,2026-06-16T12:00:00
FC-006606,SEC-006,2026-06-17,5,0,0.84,2026-06-16T12:00:00
FC-006607,SEC-006,2026-06-17,6,1,0.92,2026-06-16T12:00:00
FC-006608,SEC-006,2026-06-17,7,0,0.75,2026-06-16T12:00:00
FC-006609,SEC-006,2026-06-17,8,0,0.85,2026-06-16T12:00:00
FC-006610,SEC-006,2026-06-17,9,0,0.91,2026-06-16T12:00:00
FC-006611,SEC-006,2026-06-17,10,0,0.75,2026-06-16T12:00:00
FC-006612,SEC-006,2026-06-17,11,0,0.9,2026-06-16T12:00:00
FC-006613,SEC-006,2026-06-17,12,0,0.85,2026-06-16T12:00:00
FC-006614,SEC-006,2026-06-17,13,0,0.86,2026-06-16T12:00:00
FC-006615,SEC-006,2026-06-17,14,0,0.85,2026-06-16T12:00:00
FC-006616,SEC-006,2026-06-17,15,1,0.94,2026-06-16T12:00:00
FC-006617,SEC-006,2026-06-17,16,0,0.9,2026-06-16T12:00:00
FC-006618,SEC-006,2026-06-17,17,0,0.91,2026-06-16T12:00:00
FC-006619,SEC-006,2026-06-17,18,0,0.71,2026-06-16T12:00:00
FC-006620,SEC-006,2026-06-17,19,1,0.7,2026-06-16T12:00:00
FC-006621,SEC-006,2026-06-17,20,1,0.89,2026-06-16T12:00:00
FC-006622,SEC-006,2026-06-17,21,0,0.93,2026-06-16T12:00:00
FC-006623,SEC-006,2026-06-17,22,1,0.74,2026-06-16T12:00:00
FC-006624,SEC-006,2026-06-17,23,1,0.84,2026-06-16T12:00:00
FC-006625,SEC-001,2026-06-18,0,2,0.86,2026-06-17T12:00:00
FC-006626,SEC-001,2026-06-18,1,0,0.87,2026-06-17T12:00:00
FC-006627,SEC-001,2026-06-18,2,5,0.83,2026-06-17T12:00:00
FC-006628,SEC-001,2026-06-18,3,3,0.73,2026-06-17T12:00:00
FC-006629,SEC-001,2026-06-18,4,1,0.73,2026-06-17T12:00:00
FC-006630,SEC-001,2026-06-18,5,1,0.76,2026-06-17T12:00:00
FC-006631,SEC-001,2026-06-18,6,0,0.89,2026-06-17T12:00:00
FC-006632,SEC-001,2026-06-18,7,2,0.93,2026-06-17T12:00:00
FC-006633,SEC-001,2026-06-18,8,0,0.86,2026-06-17T12:00:00
FC-006634,SEC-001,2026-06-18,9,1,0.95,2026-06-17T12:00:00
FC-006635,SEC-001,2026-06-18,10,1,0.83,2026-06-17T12:00:00
FC-006636,SEC-001,2026-06-18,11,0,0.74,2026-06-17T12:00:00
FC-006637,SEC-001,2026-06-18,12,0,0.84,2026-06-17T12:00:00
FC-006638,SEC-001,2026-06-18,13,0,0.92,2026-06-17T12:00:00
FC-006639,SEC-001,2026-06-18,14,1,0.79,2026-06-17T12:00:00
FC-006640,SEC-001,2026-06-18,15,0,0.88,2026-06-17T12:00:00
FC-006641,SEC-001,2026-06-18,16,0,0.7,2026-06-17T12:00:00
FC-006642,SEC-001,2026-06-18,17,0,0.94,2026-06-17T12:00:00
FC-006643,SEC-001,2026-06-18,18,2,0.83,2026-06-17T12:00:00
FC-006644,SEC-001,2026-06-18,19,0,0.89,2026-06-17T12:00:00
FC-006645,SEC-001,2026-06-18,20,0,0.82,2026-06-17T12:00:00
FC-006646,SEC-001,2026-06-18,21,1,0.94,2026-06-17T12:00:00
FC-006647,SEC-001,2026-06-18,22,1,0.85,2026-06-17T12:00:00
FC-006648,SEC-001,2026-06-18,23,2,0.83,2026-06-17T12:00:00
FC-006649,SEC-002,2026-06-18,0,0,0.81,2026-06-17T12:00:00
FC-006650,SEC-002,2026-06-18,1,1,0.84,2026-06-17T12:00:00
FC-006651,SEC-002,2026-06-18,2,0,0.84,2026-06-17T12:00:00
FC-006652,SEC-002,2026-06-18,3,1,0.74,2026-06-17T12:00:00
FC-006653,SEC-002,2026-06-18,4,0,0.77,2026-06-17T12:00:00
FC-006654,SEC-002,2026-06-18,5,0,0.77,2026-06-17T12:00:00
FC-006655,SEC-002,2026-06-18,6,0,0.74,2026-06-17T12:00:00
FC-006656,SEC-002,2026-06-18,7,0,0.75,2026-06-17T12:00:00
FC-006657,SEC-002,2026-06-18,8,2,0.79,2026-06-17T12:00:00
FC-006658,SEC-002,2026-06-18,9,0,0.84,2026-06-17T12:00:00
FC-006659,SEC-002,2026-06-18,10,0,0.88,2026-06-17T12:00:00
FC-006660,SEC-002,2026-06-18,11,1,0.86,2026-06-17T12:00:00
FC-006661,SEC-002,2026-06-18,12,0,0.8,2026-06-17T12:00:00
FC-006662,SEC-002,2026-06-18,13,0,0.83,2026-06-17T12:00:00
FC-006663,SEC-002,2026-06-18,14,0,0.71,2026-06-17T12:00:00
FC-006664,SEC-002,2026-06-18,15,0,0.88,2026-06-17T12:00:00
FC-006665,SEC-002,2026-06-18,16,0,0.9,2026-06-17T12:00:00
FC-006666,SEC-002,2026-06-18,17,0,0.75,2026-06-17T12:00:00
FC-006667,SEC-002,2026-06-18,18,1,0.89,2026-06-17T12:00:00
FC-006668,SEC-002,2026-06-18,19,0,0.71,2026-06-17T12:00:00
FC-006669,SEC-002,2026-06-18,20,0,0.74,2026-06-17T12:00:00
FC-006670,SEC-002,2026-06-18,21,0,0.71,2026-06-17T12:00:00
FC-006671,SEC-002,2026-06-18,22,3,0.82,2026-06-17T12:00:00
FC-006672,SEC-002,2026-06-18,23,1,0.79,2026-06-17T12:00:00
FC-006673,SEC-003,2026-06-18,0,4,0.95,2026-06-17T12:00:00
FC-006674,SEC-003,2026-06-18,1,1,0.9,2026-06-17T12:00:00
FC-006675,SEC-003,2026-06-18,2,1,0.93,2026-06-17T12:00:00
FC-006676,SEC-003,2026-06-18,3,2,0.93,2026-06-17T12:00:00
FC-006677,SEC-003,2026-06-18,4,0,0.86,2026-06-17T12:00:00
FC-006678,SEC-003,2026-06-18,5,0,0.84,2026-06-17T12:00:00
FC-006679,SEC-003,2026-06-18,6,1,0.84,2026-06-17T12:00:00
FC-006680,SEC-003,2026-06-18,7,0,0.72,2026-06-17T12:00:00
FC-006681,SEC-003,2026-06-18,8,1,0.82,2026-06-17T12:00:00
FC-006682,SEC-003,2026-06-18,9,1,0.84,2026-06-17T12:00:00
FC-006683,SEC-003,2026-06-18,10,0,0.84,2026-06-17T12:00:00
FC-006684,SEC-003,2026-06-18,11,0,0.91,2026-06-17T12:00:00
FC-006685,SEC-003,2026-06-18,12,0,0.75,2026-06-17T12:00:00
FC-006686,SEC-003,2026-06-18,13,2,0.8,2026-06-17T12:00:00
FC-006687,SEC-003,2026-06-18,14,1,0.86,2026-06-17T12:00:00
FC-006688,SEC-003,2026-06-18,15,0,0.85,2026-06-17T12:00:00
FC-006689,SEC-003,2026-06-18,16,1,0.73,2026-06-17T12:00:00
FC-006690,SEC-003,2026-06-18,17,0,0.92,2026-06-17T12:00:00
FC-006691,SEC-003,2026-06-18,18,1,0.8,2026-06-17T12:00:00
FC-006692,SEC-003,2026-06-18,19,0,0.89,2026-06-17T12:00:00
FC-006693,SEC-003,2026-06-18,20,0,0.79,2026-06-17T12:00:00
FC-006694,SEC-003,2026-06-18,21,0,0.87,2026-06-17T12:00:00
FC-006695,SEC-003,2026-06-18,22,2,0.88,2026-06-17T12:00:00
FC-006696,SEC-003,2026-06-18,23,4,0.73,2026-06-17T12:00:00
FC-006697,SEC-004,2026-06-18,0,2,0.71,2026-06-17T12:00:00
FC-006698,SEC-004,2026-06-18,1,0,0.76,2026-06-17T12:00:00
FC-006699,SEC-004,2026-06-18,2,5,0.77,2026-06-17T12:00:00
FC-006700,SEC-004,2026-06-18,3,0,0.91,2026-06-17T12:00:00
FC-006701,SEC-004,2026-06-18,4,2,0.92,2026-06-17T12:00:00
FC-006702,SEC-004,2026-06-18,5,0,0.94,2026-06-17T12:00:00
FC-006703,SEC-004,2026-06-18,6,1,0.78,2026-06-17T12:00:00
FC-006704,SEC-004,2026-06-18,7,0,0.81,2026-06-17T12:00:00
FC-006705,SEC-004,2026-06-18,8,1,0.84,2026-06-17T12:00:00
FC-006706,SEC-004,2026-06-18,9,3,0.92,2026-06-17T12:00:00
FC-006707,SEC-004,2026-06-18,10,0,0.75,2026-06-17T12:00:00
FC-006708,SEC-004,2026-06-18,11,0,0.89,2026-06-17T12:00:00
FC-006709,SEC-004,2026-06-18,12,0,0.93,2026-06-17T12:00:00
FC-006710,SEC-004,2026-06-18,13,3,0.75,2026-06-17T12:00:00
FC-006711,SEC-004,2026-06-18,14,0,0.77,2026-06-17T12:00:00
FC-006712,SEC-004,2026-06-18,15,0,0.87,2026-06-17T12:00:00
FC-006713,SEC-004,2026-06-18,16,0,0.71,2026-06-17T12:00:00
FC-006714,SEC-004,2026-06-18,17,0,0.87,2026-06-17T12:00:00
FC-006715,SEC-004,2026-06-18,18,0,0.72,2026-06-17T12:00:00
FC-006716,SEC-004,2026-06-18,19,0,0.82,2026-06-17T12:00:00
FC-006717,SEC-004,2026-06-18,20,0,0.95,2026-06-17T12:00:00
FC-006718,SEC-004,2026-06-18,21,1,0.92,2026-06-17T12:00:00
FC-006719,SEC-004,2026-06-18,22,2,0.79,2026-06-17T12:00:00
FC-006720,SEC-004,2026-06-18,23,2,0.9,2026-06-17T12:00:00
FC-006721,SEC-005,2026-06-18,0,3,0.94,2026-06-17T12:00:00
FC-006722,SEC-005,2026-06-18,1,3,0.77,2026-06-17T12:00:00
FC-006723,SEC-005,2026-06-18,2,2,0.86,2026-06-17T12:00:00
FC-006724,SEC-005,2026-06-18,3,2,0.8,2026-06-17T12:00:00
FC-006725,SEC-005,2026-06-18,4,3,0.83,2026-06-17T12:00:00
FC-006726,SEC-005,2026-06-18,5,0,0.77,2026-06-17T12:00:00
FC-006727,SEC-005,2026-06-18,6,0,0.85,2026-06-17T12:00:00
FC-006728,SEC-005,2026-06-18,7,2,0.83,2026-06-17T12:00:00
FC-006729,SEC-005,2026-06-18,8,0,0.85,2026-06-17T12:00:00
FC-006730,SEC-005,2026-06-18,9,0,0.93,2026-06-17T12:00:00
FC-006731,SEC-005,2026-06-18,10,0,0.79,2026-06-17T12:00:00
FC-006732,SEC-005,2026-06-18,11,0,0.73,2026-06-17T12:00:00
FC-006733,SEC-005,2026-06-18,12,1,0.82,2026-06-17T12:00:00
FC-006734,SEC-005,2026-06-18,13,0,0.8,2026-06-17T12:00:00
FC-006735,SEC-005,2026-06-18,14,0,0.72,2026-06-17T12:00:00
FC-006736,SEC-005,2026-06-18,15,1,0.92,2026-06-17T12:00:00
FC-006737,SEC-005,2026-06-18,16,0,0.93,2026-06-17T12:00:00
FC-006738,SEC-005,2026-06-18,17,0,0.74,2026-06-17T12:00:00
FC-006739,SEC-005,2026-06-18,18,1,0.75,2026-06-17T12:00:00
FC-006740,SEC-005,2026-06-18,19,0,0.86,2026-06-17T12:00:00
FC-006741,SEC-005,2026-06-18,20,0,0.92,2026-06-17T12:00:00
FC-006742,SEC-005,2026-06-18,21,0,0.93,2026-06-17T12:00:00
FC-006743,SEC-005,2026-06-18,22,1,0.8,2026-06-17T12:00:00
FC-006744,SEC-005,2026-06-18,23,2,0.79,2026-06-17T12:00:00
FC-006745,SEC-006,2026-06-18,0,1,0.79,2026-06-17T12:00:00
FC-006746,SEC-006,2026-06-18,1,1,0.78,2026-06-17T12:00:00
FC-006747,SEC-006,2026-06-18,2,1,0.79,2026-06-17T12:00:00
FC-006748,SEC-006,2026-06-18,3,1,0.74,2026-06-17T12:00:00
FC-006749,SEC-006,2026-06-18,4,0,0.89,2026-06-17T12:00:00
FC-006750,SEC-006,2026-06-18,5,2,0.9,2026-06-17T12:00:00
FC-006751,SEC-006,2026-06-18,6,1,0.94,2026-06-17T12:00:00
FC-006752,SEC-006,2026-06-18,7,3,0.71,2026-06-17T12:00:00
FC-006753,SEC-006,2026-06-18,8,0,0.87,2026-06-17T12:00:00
FC-006754,SEC-006,2026-06-18,9,1,0.77,2026-06-17T12:00:00
FC-006755,SEC-006,2026-06-18,10,3,0.81,2026-06-17T12:00:00
FC-006756,SEC-006,2026-06-18,11,0,0.9,2026-06-17T12:00:00
FC-006757,SEC-006,2026-06-18,12,0,0.77,2026-06-17T12:00:00
FC-006758,SEC-006,2026-06-18,13,1,0.83,2026-06-17T12:00:00
FC-006759,SEC-006,2026-06-18,14,0,0.95,2026-06-17T12:00:00
FC-006760,SEC-006,2026-06-18,15,0,0.83,2026-06-17T12:00:00
FC-006761,SEC-006,2026-06-18,16,0,0.88,2026-06-17T12:00:00
FC-006762,SEC-006,2026-06-18,17,0,0.87,2026-06-17T12:00:00
FC-006763,SEC-006,2026-06-18,18,0,0.88,2026-06-17T12:00:00
FC-006764,SEC-006,2026-06-18,19,0,0.72,2026-06-17T12:00:00
FC-006765,SEC-006,2026-06-18,20,0,0.73,2026-06-17T12:00:00
FC-006766,SEC-006,2026-06-18,21,0,0.77,2026-06-17T12:00:00
FC-006767,SEC-006,2026-06-18,22,2,0.81,2026-06-17T12:00:00
FC-006768,SEC-006,2026-06-18,23,2,0.78,2026-06-17T12:00:00
FC-006769,SEC-001,2026-06-19,0,2,0.8,2026-06-18T12:00:00
FC-006770,SEC-001,2026-06-19,1,2,0.94,2026-06-18T12:00:00
FC-006771,SEC-001,2026-06-19,2,0,0.81,2026-06-18T12:00:00
FC-006772,SEC-001,2026-06-19,3,1,0.75,2026-06-18T12:00:00
FC-006773,SEC-001,2026-06-19,4,1,0.81,2026-06-18T12:00:00
FC-006774,SEC-001,2026-06-19,5,1,0.87,2026-06-18T12:00:00
FC-006775,SEC-001,2026-06-19,6,0,0.7,2026-06-18T12:00:00
FC-006776,SEC-001,2026-06-19,7,0,0.71,2026-06-18T12:00:00
FC-006777,SEC-001,2026-06-19,8,0,0.83,2026-06-18T12:00:00
FC-006778,SEC-001,2026-06-19,9,0,0.86,2026-06-18T12:00:00
FC-006779,SEC-001,2026-06-19,10,0,0.94,2026-06-18T12:00:00
FC-006780,SEC-001,2026-06-19,11,0,0.94,2026-06-18T12:00:00
FC-006781,SEC-001,2026-06-19,12,0,0.86,2026-06-18T12:00:00
FC-006782,SEC-001,2026-06-19,13,2,0.71,2026-06-18T12:00:00
FC-006783,SEC-001,2026-06-19,14,1,0.81,2026-06-18T12:00:00
FC-006784,SEC-001,2026-06-19,15,0,0.94,2026-06-18T12:00:00
FC-006785,SEC-001,2026-06-19,16,0,0.87,2026-06-18T12:00:00
FC-006786,SEC-001,2026-06-19,17,0,0.89,2026-06-18T12:00:00
FC-006787,SEC-001,2026-06-19,18,1,0.82,2026-06-18T12:00:00
FC-006788,SEC-001,2026-06-19,19,1,0.77,2026-06-18T12:00:00
FC-006789,SEC-001,2026-06-19,20,0,0.81,2026-06-18T12:00:00
FC-006790,SEC-001,2026-06-19,21,2,0.94,2026-06-18T12:00:00
FC-006791,SEC-001,2026-06-19,22,1,0.75,2026-06-18T12:00:00
FC-006792,SEC-001,2026-06-19,23,0,0.77,2026-06-18T12:00:00
FC-006793,SEC-002,2026-06-19,0,2,0.7,2026-06-18T12:00:00
FC-006794,SEC-002,2026-06-19,1,1,0.88,2026-06-18T12:00:00
FC-006795,SEC-002,2026-06-19,2,1,0.81,2026-06-18T12:00:00
FC-006796,SEC-002,2026-06-19,3,0,0.78,2026-06-18T12:00:00
FC-006797,SEC-002,2026-06-19,4,1,0.78,2026-06-18T12:00:00
FC-006798,SEC-002,2026-06-19,5,0,0.71,2026-06-18T12:00:00
FC-006799,SEC-002,2026-06-19,6,0,0.87,2026-06-18T12:00:00
FC-006800,SEC-002,2026-06-19,7,0,0.87,2026-06-18T12:00:00
FC-006801,SEC-002,2026-06-19,8,1,0.75,2026-06-18T12:00:00
FC-006802,SEC-002,2026-06-19,9,0,0.75,2026-06-18T12:00:00
FC-006803,SEC-002,2026-06-19,10,1,0.94,2026-06-18T12:00:00
FC-006804,SEC-002,2026-06-19,11,1,0.89,2026-06-18T12:00:00
FC-006805,SEC-002,2026-06-19,12,0,0.92,2026-06-18T12:00:00
FC-006806,SEC-002,2026-06-19,13,0,0.95,2026-06-18T12:00:00
FC-006807,SEC-002,2026-06-19,14,0,0.89,2026-06-18T12:00:00
FC-006808,SEC-002,2026-06-19,15,0,0.95,2026-06-18T12:00:00
FC-006809,SEC-002,2026-06-19,16,0,0.82,2026-06-18T12:00:00
FC-006810,SEC-002,2026-06-19,17,1,0.73,2026-06-18T12:00:00
FC-006811,SEC-002,2026-06-19,18,1,0.87,2026-06-18T12:00:00
FC-006812,SEC-002,2026-06-19,19,2,0.87,2026-06-18T12:00:00
FC-006813,SEC-002,2026-06-19,20,0,0.86,2026-06-18T12:00:00
FC-006814,SEC-002,2026-06-19,21,0,0.81,2026-06-18T12:00:00
FC-006815,SEC-002,2026-06-19,22,0,0.76,2026-06-18T12:00:00
FC-006816,SEC-002,2026-06-19,23,3,0.83,2026-06-18T12:00:00
FC-006817,SEC-003,2026-06-19,0,1,0.83,2026-06-18T12:00:00
FC-006818,SEC-003,2026-06-19,1,0,0.76,2026-06-18T12:00:00
FC-006819,SEC-003,2026-06-19,2,1,0.76,2026-06-18T12:00:00
FC-006820,SEC-003,2026-06-19,3,1,0.89,2026-06-18T12:00:00
FC-006821,SEC-003,2026-06-19,4,1,0.8,2026-06-18T12:00:00
FC-006822,SEC-003,2026-06-19,5,0,0.73,2026-06-18T12:00:00
FC-006823,SEC-003,2026-06-19,6,0,0.87,2026-06-18T12:00:00
FC-006824,SEC-003,2026-06-19,7,0,0.73,2026-06-18T12:00:00
FC-006825,SEC-003,2026-06-19,8,0,0.89,2026-06-18T12:00:00
FC-006826,SEC-003,2026-06-19,9,0,0.91,2026-06-18T12:00:00
FC-006827,SEC-003,2026-06-19,10,0,0.94,2026-06-18T12:00:00
FC-006828,SEC-003,2026-06-19,11,0,0.74,2026-06-18T12:00:00
FC-006829,SEC-003,2026-06-19,12,0,0.75,2026-06-18T12:00:00
FC-006830,SEC-003,2026-06-19,13,1,0.74,2026-06-18T12:00:00
FC-006831,SEC-003,2026-06-19,14,0,0.93,2026-06-18T12:00:00
FC-006832,SEC-003,2026-06-19,15,0,0.71,2026-06-18T12:00:00
FC-006833,SEC-003,2026-06-19,16,0,0.88,2026-06-18T12:00:00
FC-006834,SEC-003,2026-06-19,17,0,0.9,2026-06-18T12:00:00
FC-006835,SEC-003,2026-06-19,18,0,0.91,2026-06-18T12:00:00
FC-006836,SEC-003,2026-06-19,19,1,0.86,2026-06-18T12:00:00
FC-006837,SEC-003,2026-06-19,20,0,0.78,2026-06-18T12:00:00
FC-006838,SEC-003,2026-06-19,21,1,0.82,2026-06-18T12:00:00
FC-006839,SEC-003,2026-06-19,22,4,0.87,2026-06-18T12:00:00
FC-006840,SEC-003,2026-06-19,23,4,0.77,2026-06-18T12:00:00
FC-006841,SEC-004,2026-06-19,0,1,0.74,2026-06-18T12:00:00
FC-006842,SEC-004,2026-06-19,1,3,0.71,2026-06-18T12:00:00
FC-006843,SEC-004,2026-06-19,2,0,0.91,2026-06-18T12:00:00
FC-006844,SEC-004,2026-06-19,3,1,0.73,2026-06-18T12:00:00
FC-006845,SEC-004,2026-06-19,4,0,0.89,2026-06-18T12:00:00
FC-006846,SEC-004,2026-06-19,5,0,0.72,2026-06-18T12:00:00
FC-006847,SEC-004,2026-06-19,6,0,0.83,2026-06-18T12:00:00
FC-006848,SEC-004,2026-06-19,7,1,0.8,2026-06-18T12:00:00
FC-006849,SEC-004,2026-06-19,8,0,0.83,2026-06-18T12:00:00
FC-006850,SEC-004,2026-06-19,9,3,0.82,2026-06-18T12:00:00
FC-006851,SEC-004,2026-06-19,10,0,0.8,2026-06-18T12:00:00
FC-006852,SEC-004,2026-06-19,11,0,0.89,2026-06-18T12:00:00
FC-006853,SEC-004,2026-06-19,12,0,0.71,2026-06-18T12:00:00
FC-006854,SEC-004,2026-06-19,13,0,0.9,2026-06-18T12:00:00
FC-006855,SEC-004,2026-06-19,14,0,0.84,2026-06-18T12:00:00
FC-006856,SEC-004,2026-06-19,15,0,0.77,2026-06-18T12:00:00
FC-006857,SEC-004,2026-06-19,16,1,0.81,2026-06-18T12:00:00
FC-006858,SEC-004,2026-06-19,17,0,0.88,2026-06-18T12:00:00
FC-006859,SEC-004,2026-06-19,18,1,0.88,2026-06-18T12:00:00
FC-006860,SEC-004,2026-06-19,19,0,0.73,2026-06-18T12:00:00
FC-006861,SEC-004,2026-06-19,20,0,0.93,2026-06-18T12:00:00
FC-006862,SEC-004,2026-06-19,21,0,0.91,2026-06-18T12:00:00
FC-006863,SEC-004,2026-06-19,22,1,0.87,2026-06-18T12:00:00
FC-006864,SEC-004,2026-06-19,23,3,0.73,2026-06-18T12:00:00
FC-006865,SEC-005,2026-06-19,0,0,0.72,2026-06-18T12:00:00
FC-006866,SEC-005,2026-06-19,1,1,0.79,2026-06-18T12:00:00
FC-006867,SEC-005,2026-06-19,2,1,0.93,2026-06-18T12:00:00
FC-006868,SEC-005,2026-06-19,3,1,0.89,2026-06-18T12:00:00
FC-006869,SEC-005,2026-06-19,4,1,0.73,2026-06-18T12:00:00
FC-006870,SEC-005,2026-06-19,5,0,0.75,2026-06-18T12:00:00
FC-006871,SEC-005,2026-06-19,6,1,0.73,2026-06-18T12:00:00
FC-006872,SEC-005,2026-06-19,7,1,0.77,2026-06-18T12:00:00
FC-006873,SEC-005,2026-06-19,8,0,0.74,2026-06-18T12:00:00
FC-006874,SEC-005,2026-06-19,9,1,0.83,2026-06-18T12:00:00
FC-006875,SEC-005,2026-06-19,10,0,0.89,2026-06-18T12:00:00
FC-006876,SEC-005,2026-06-19,11,0,0.82,2026-06-18T12:00:00
FC-006877,SEC-005,2026-06-19,12,0,0.87,2026-06-18T12:00:00
FC-006878,SEC-005,2026-06-19,13,1,0.77,2026-06-18T12:00:00
FC-006879,SEC-005,2026-06-19,14,1,0.9,2026-06-18T12:00:00
FC-006880,SEC-005,2026-06-19,15,0,0.77,2026-06-18T12:00:00
FC-006881,SEC-005,2026-06-19,16,1,0.76,2026-06-18T12:00:00
FC-006882,SEC-005,2026-06-19,17,0,0.81,2026-06-18T12:00:00
FC-006883,SEC-005,2026-06-19,18,1,0.73,2026-06-18T12:00:00
FC-006884,SEC-005,2026-06-19,19,0,0.9,2026-06-18T12:00:00
FC-006885,SEC-005,2026-06-19,20,0,0.9,2026-06-18T12:00:00
FC-006886,SEC-005,2026-06-19,21,0,0.8,2026-06-18T12:00:00
FC-006887,SEC-005,2026-06-19,22,1,0.83,2026-06-18T12:00:00
FC-006888,SEC-005,2026-06-19,23,0,0.75,2026-06-18T12:00:00
FC-006889,SEC-006,2026-06-19,0,0,0.95,2026-06-18T12:00:00
FC-006890,SEC-006,2026-06-19,1,5,0.82,2026-06-18T12:00:00
FC-006891,SEC-006,2026-06-19,2,1,0.76,2026-06-18T12:00:00
FC-006892,SEC-006,2026-06-19,3,3,0.82,2026-06-18T12:00:00
FC-006893,SEC-006,2026-06-19,4,2,0.78,2026-06-18T12:00:00
FC-006894,SEC-006,2026-06-19,5,0,0.73,2026-06-18T12:00:00
FC-006895,SEC-006,2026-06-19,6,0,0.91,2026-06-18T12:00:00
FC-006896,SEC-006,2026-06-19,7,0,0.94,2026-06-18T12:00:00
FC-006897,SEC-006,2026-06-19,8,1,0.81,2026-06-18T12:00:00
FC-006898,SEC-006,2026-06-19,9,1,0.81,2026-06-18T12:00:00
FC-006899,SEC-006,2026-06-19,10,0,0.94,2026-06-18T12:00:00
FC-006900,SEC-006,2026-06-19,11,0,0.89,2026-06-18T12:00:00
FC-006901,SEC-006,2026-06-19,12,2,0.85,2026-06-18T12:00:00
FC-006902,SEC-006,2026-06-19,13,1,0.75,2026-06-18T12:00:00
FC-006903,SEC-006,2026-06-19,14,0,0.92,2026-06-18T12:00:00
FC-006904,SEC-006,2026-06-19,15,2,0.86,2026-06-18T12:00:00
FC-006905,SEC-006,2026-06-19,16,0,0.85,2026-06-18T12:00:00
FC-006906,SEC-006,2026-06-19,17,1,0.71,2026-06-18T12:00:00
FC-006907,SEC-006,2026-06-19,18,1,0.72,2026-06-18T12:00:00
FC-006908,SEC-006,2026-06-19,19,0,0.76,2026-06-18T12:00:00
FC-006909,SEC-006,2026-06-19,20,0,0.81,2026-06-18T12:00:00
FC-006910,SEC-006,2026-06-19,21,0,0.83,2026-06-18T12:00:00
FC-006911,SEC-006,2026-06-19,22,1,0.87,2026-06-18T12:00:00
FC-006912,SEC-006,2026-06-19,23,2,0.88,2026-06-18T12:00:00
FC-006913,SEC-001,2026-06-20,0,1,0.78,2026-06-19T12:00:00
FC-006914,SEC-001,2026-06-20,1,0,0.77,2026-06-19T12:00:00
FC-006915,SEC-001,2026-06-20,2,0,0.9,2026-06-19T12:00:00
FC-006916,SEC-001,2026-06-20,3,4,0.74,2026-06-19T12:00:00
FC-006917,SEC-001,2026-06-20,4,3,0.75,2026-06-19T12:00:00
FC-006918,SEC-001,2026-06-20,5,0,0.76,2026-06-19T12:00:00
FC-006919,SEC-001,2026-06-20,6,0,0.87,2026-06-19T12:00:00
FC-006920,SEC-001,2026-06-20,7,0,0.81,2026-06-19T12:00:00
FC-006921,SEC-001,2026-06-20,8,0,0.87,2026-06-19T12:00:00
FC-006922,SEC-001,2026-06-20,9,0,0.93,2026-06-19T12:00:00
FC-006923,SEC-001,2026-06-20,10,0,0.77,2026-06-19T12:00:00
FC-006924,SEC-001,2026-06-20,11,1,0.73,2026-06-19T12:00:00
FC-006925,SEC-001,2026-06-20,12,0,0.91,2026-06-19T12:00:00
FC-006926,SEC-001,2026-06-20,13,0,0.78,2026-06-19T12:00:00
FC-006927,SEC-001,2026-06-20,14,0,0.94,2026-06-19T12:00:00
FC-006928,SEC-001,2026-06-20,15,1,0.83,2026-06-19T12:00:00
FC-006929,SEC-001,2026-06-20,16,0,0.8,2026-06-19T12:00:00
FC-006930,SEC-001,2026-06-20,17,0,0.75,2026-06-19T12:00:00
FC-006931,SEC-001,2026-06-20,18,0,0.77,2026-06-19T12:00:00
FC-006932,SEC-001,2026-06-20,19,0,0.74,2026-06-19T12:00:00
FC-006933,SEC-001,2026-06-20,20,0,0.79,2026-06-19T12:00:00
FC-006934,SEC-001,2026-06-20,21,2,0.89,2026-06-19T12:00:00
FC-006935,SEC-001,2026-06-20,22,2,0.93,2026-06-19T12:00:00
FC-006936,SEC-001,2026-06-20,23,2,0.71,2026-06-19T12:00:00
FC-006937,SEC-002,2026-06-20,0,2,0.76,2026-06-19T12:00:00
FC-006938,SEC-002,2026-06-20,1,3,0.92,2026-06-19T12:00:00
FC-006939,SEC-002,2026-06-20,2,1,0.81,2026-06-19T12:00:00
FC-006940,SEC-002,2026-06-20,3,1,0.78,2026-06-19T12:00:00
FC-006941,SEC-002,2026-06-20,4,4,0.78,2026-06-19T12:00:00
FC-006942,SEC-002,2026-06-20,5,0,0.77,2026-06-19T12:00:00
FC-006943,SEC-002,2026-06-20,6,0,0.95,2026-06-19T12:00:00
FC-006944,SEC-002,2026-06-20,7,1,0.77,2026-06-19T12:00:00
FC-006945,SEC-002,2026-06-20,8,0,0.91,2026-06-19T12:00:00
FC-006946,SEC-002,2026-06-20,9,0,0.77,2026-06-19T12:00:00
FC-006947,SEC-002,2026-06-20,10,2,0.72,2026-06-19T12:00:00
FC-006948,SEC-002,2026-06-20,11,0,0.7,2026-06-19T12:00:00
FC-006949,SEC-002,2026-06-20,12,0,0.94,2026-06-19T12:00:00
FC-006950,SEC-002,2026-06-20,13,0,0.87,2026-06-19T12:00:00
FC-006951,SEC-002,2026-06-20,14,1,0.84,2026-06-19T12:00:00
FC-006952,SEC-002,2026-06-20,15,1,0.85,2026-06-19T12:00:00
FC-006953,SEC-002,2026-06-20,16,1,0.83,2026-06-19T12:00:00
FC-006954,SEC-002,2026-06-20,17,1,0.78,2026-06-19T12:00:00
FC-006955,SEC-002,2026-06-20,18,0,0.8,2026-06-19T12:00:00
FC-006956,SEC-002,2026-06-20,19,0,0.7,2026-06-19T12:00:00
FC-006957,SEC-002,2026-06-20,20,0,0.87,2026-06-19T12:00:00
FC-006958,SEC-002,2026-06-20,21,1,0.8,2026-06-19T12:00:00
FC-006959,SEC-002,2026-06-20,22,3,0.8,2026-06-19T12:00:00
FC-006960,SEC-002,2026-06-20,23,5,0.86,2026-06-19T12:00:00
FC-006961,SEC-003,2026-06-20,0,1,0.8,2026-06-19T12:00:00
FC-006962,SEC-003,2026-06-20,1,1,0.81,2026-06-19T12:00:00
FC-006963,SEC-003,2026-06-20,2,0,0.75,2026-06-19T12:00:00
FC-006964,SEC-003,2026-06-20,3,1,0.85,2026-06-19T12:00:00
FC-006965,SEC-003,2026-06-20,4,1,0.89,2026-06-19T12:00:00
FC-006966,SEC-003,2026-06-20,5,1,0.82,2026-06-19T12:00:00
FC-006967,SEC-003,2026-06-20,6,0,0.83,2026-06-19T12:00:00
FC-006968,SEC-003,2026-06-20,7,0,0.93,2026-06-19T12:00:00
FC-006969,SEC-003,2026-06-20,8,0,0.8,2026-06-19T12:00:00
FC-006970,SEC-003,2026-06-20,9,0,0.88,2026-06-19T12:00:00
FC-006971,SEC-003,2026-06-20,10,0,0.92,2026-06-19T12:00:00
FC-006972,SEC-003,2026-06-20,11,0,0.88,2026-06-19T12:00:00
FC-006973,SEC-003,2026-06-20,12,0,0.92,2026-06-19T12:00:00
FC-006974,SEC-003,2026-06-20,13,0,0.85,2026-06-19T12:00:00
FC-006975,SEC-003,2026-06-20,14,0,0.85,2026-06-19T12:00:00
FC-006976,SEC-003,2026-06-20,15,0,0.88,2026-06-19T12:00:00
FC-006977,SEC-003,2026-06-20,16,3,0.84,2026-06-19T12:00:00
FC-006978,SEC-003,2026-06-20,17,0,0.88,2026-06-19T12:00:00
FC-006979,SEC-003,2026-06-20,18,0,0.93,2026-06-19T12:00:00
FC-006980,SEC-003,2026-06-20,19,0,0.94,2026-06-19T12:00:00
FC-006981,SEC-003,2026-06-20,20,1,0.86,2026-06-19T12:00:00
FC-006982,SEC-003,2026-06-20,21,0,0.9,2026-06-19T12:00:00
FC-006983,SEC-003,2026-06-20,22,3,0.82,2026-06-19T12:00:00
FC-006984,SEC-003,2026-06-20,23,4,0.93,2026-06-19T12:00:00
FC-006985,SEC-004,2026-06-20,0,3,0.84,2026-06-19T12:00:00
FC-006986,SEC-004,2026-06-20,1,2,0.95,2026-06-19T12:00:00
FC-006987,SEC-004,2026-06-20,2,2,0.94,2026-06-19T12:00:00
FC-006988,SEC-004,2026-06-20,3,0,0.87,2026-06-19T12:00:00
FC-006989,SEC-004,2026-06-20,4,4,0.83,2026-06-19T12:00:00
FC-006990,SEC-004,2026-06-20,5,0,0.92,2026-06-19T12:00:00
FC-006991,SEC-004,2026-06-20,6,1,0.73,2026-06-19T12:00:00
FC-006992,SEC-004,2026-06-20,7,1,0.89,2026-06-19T12:00:00
FC-006993,SEC-004,2026-06-20,8,1,0.8,2026-06-19T12:00:00
FC-006994,SEC-004,2026-06-20,9,0,0.73,2026-06-19T12:00:00
FC-006995,SEC-004,2026-06-20,10,0,0.7,2026-06-19T12:00:00
FC-006996,SEC-004,2026-06-20,11,0,0.89,2026-06-19T12:00:00
FC-006997,SEC-004,2026-06-20,12,1,0.72,2026-06-19T12:00:00
FC-006998,SEC-004,2026-06-20,13,0,0.78,2026-06-19T12:00:00
FC-006999,SEC-004,2026-06-20,14,1,0.87,2026-06-19T12:00:00
FC-007000,SEC-004,2026-06-20,15,0,0.88,2026-06-19T12:00:00
FC-007001,SEC-004,2026-06-20,16,0,0.88,2026-06-19T12:00:00
FC-007002,SEC-004,2026-06-20,17,1,0.77,2026-06-19T12:00:00
FC-007003,SEC-004,2026-06-20,18,0,0.8,2026-06-19T12:00:00
FC-007004,SEC-004,2026-06-20,19,0,0.77,2026-06-19T12:00:00
FC-007005,SEC-004,2026-06-20,20,2,0.76,2026-06-19T12:00:00
FC-007006,SEC-004,2026-06-20,21,0,0.78,2026-06-19T12:00:00
FC-007007,SEC-004,2026-06-20,22,8,0.87,2026-06-19T12:00:00
FC-007008,SEC-004,2026-06-20,23,3,0.75,2026-06-19T12:00:00
FC-007009,SEC-005,2026-06-20,0,0,0.88,2026-06-19T12:00:00
FC-007010,SEC-005,2026-06-20,1,2,0.74,2026-06-19T12:00:00
FC-007011,SEC-005,2026-06-20,2,2,0.93,2026-06-19T12:00:00
FC-007012,SEC-005,2026-06-20,3,0,0.93,2026-06-19T12:00:00
FC-007013,SEC-005,2026-06-20,4,6,0.78,2026-06-19T12:00:00
FC-007014,SEC-005,2026-06-20,5,0,0.79,2026-06-19T12:00:00
FC-007015,SEC-005,2026-06-20,6,0,0.86,2026-06-19T12:00:00
FC-007016,SEC-005,2026-06-20,7,1,0.82,2026-06-19T12:00:00
FC-007017,SEC-005,2026-06-20,8,0,0.83,2026-06-19T12:00:00
FC-007018,SEC-005,2026-06-20,9,0,0.83,2026-06-19T12:00:00
FC-007019,SEC-005,2026-06-20,10,1,0.87,2026-06-19T12:00:00
FC-007020,SEC-005,2026-06-20,11,0,0.83,2026-06-19T12:00:00
FC-007021,SEC-005,2026-06-20,12,0,0.84,2026-06-19T12:00:00
FC-007022,SEC-005,2026-06-20,13,0,0.91,2026-06-19T12:00:00
FC-007023,SEC-005,2026-06-20,14,0,0.7,2026-06-19T12:00:00
FC-007024,SEC-005,2026-06-20,15,0,0.91,2026-06-19T12:00:00
FC-007025,SEC-005,2026-06-20,16,0,0.79,2026-06-19T12:00:00
FC-007026,SEC-005,2026-06-20,17,0,0.78,2026-06-19T12:00:00
FC-007027,SEC-005,2026-06-20,18,1,0.82,2026-06-19T12:00:00
FC-007028,SEC-005,2026-06-20,19,0,0.75,2026-06-19T12:00:00
FC-007029,SEC-005,2026-06-20,20,0,0.71,2026-06-19T12:00:00
FC-007030,SEC-005,2026-06-20,21,1,0.83,2026-06-19T12:00:00
FC-007031,SEC-005,2026-06-20,22,1,0.84,2026-06-19T12:00:00
FC-007032,SEC-005,2026-06-20,23,1,0.74,2026-06-19T12:00:00
FC-007033,SEC-006,2026-06-20,0,1,0.78,2026-06-19T12:00:00
FC-007034,SEC-006,2026-06-20,1,3,0.95,2026-06-19T12:00:00
FC-007035,SEC-006,2026-06-20,2,0,0.87,2026-06-19T12:00:00
FC-007036,SEC-006,2026-06-20,3,1,0.92,2026-06-19T12:00:00
FC-007037,SEC-006,2026-06-20,4,5,0.72,2026-06-19T12:00:00
FC-007038,SEC-006,2026-06-20,5,0,0.77,2026-06-19T12:00:00
FC-007039,SEC-006,2026-06-20,6,1,0.74,2026-06-19T12:00:00
FC-007040,SEC-006,2026-06-20,7,2,0.88,2026-06-19T12:00:00
FC-007041,SEC-006,2026-06-20,8,0,0.75,2026-06-19T12:00:00
FC-007042,SEC-006,2026-06-20,9,0,0.83,2026-06-19T12:00:00
FC-007043,SEC-006,2026-06-20,10,0,0.83,2026-06-19T12:00:00
FC-007044,SEC-006,2026-06-20,11,0,0.9,2026-06-19T12:00:00
FC-007045,SEC-006,2026-06-20,12,0,0.76,2026-06-19T12:00:00
FC-007046,SEC-006,2026-06-20,13,0,0.88,2026-06-19T12:00:00
FC-007047,SEC-006,2026-06-20,14,0,0.92,2026-06-19T12:00:00
FC-007048,SEC-006,2026-06-20,15,0,0.74,2026-06-19T12:00:00
FC-007049,SEC-006,2026-06-20,16,1,0.77,2026-06-19T12:00:00
FC-007050,SEC-006,2026-06-20,17,0,0.74,2026-06-19T12:00:00
FC-007051,SEC-006,2026-06-20,18,1,0.84,2026-06-19T12:00:00
FC-007052,SEC-006,2026-06-20,19,0,0.77,2026-06-19T12:00:00
FC-007053,SEC-006,2026-06-20,20,1,0.71,2026-06-19T12:00:00
FC-007054,SEC-006,2026-06-20,21,0,0.88,2026-06-19T12:00:00
FC-007055,SEC-006,2026-06-20,22,2,0.84,2026-06-19T12:00:00
FC-007056,SEC-006,2026-06-20,23,2,0.85,2026-06-19T12:00:00
FC-007057,SEC-001,2026-06-21,0,6,0.8,2026-06-20T12:00:00
FC-007058,SEC-001,2026-06-21,1,4,0.82,2026-06-20T12:00:00
FC-007059,SEC-001,2026-06-21,2,2,0.83,2026-06-20T12:00:00
FC-007060,SEC-001,2026-06-21,3,1,0.92,2026-06-20T12:00:00
FC-007061,SEC-001,2026-06-21,4,2,0.76,2026-06-20T12:00:00
FC-007062,SEC-001,2026-06-21,5,1,0.82,2026-06-20T12:00:00
FC-007063,SEC-001,2026-06-21,6,0,0.91,2026-06-20T12:00:00
FC-007064,SEC-001,2026-06-21,7,0,0.73,2026-06-20T12:00:00
FC-007065,SEC-001,2026-06-21,8,1,0.93,2026-06-20T12:00:00
FC-007066,SEC-001,2026-06-21,9,1,0.7,2026-06-20T12:00:00
FC-007067,SEC-001,2026-06-21,10,1,0.73,2026-06-20T12:00:00
FC-007068,SEC-001,2026-06-21,11,0,0.91,2026-06-20T12:00:00
FC-007069,SEC-001,2026-06-21,12,0,0.78,2026-06-20T12:00:00
FC-007070,SEC-001,2026-06-21,13,0,0.84,2026-06-20T12:00:00
FC-007071,SEC-001,2026-06-21,14,0,0.84,2026-06-20T12:00:00
FC-007072,SEC-001,2026-06-21,15,0,0.93,2026-06-20T12:00:00
FC-007073,SEC-001,2026-06-21,16,0,0.78,2026-06-20T12:00:00
FC-007074,SEC-001,2026-06-21,17,0,0.7,2026-06-20T12:00:00
FC-007075,SEC-001,2026-06-21,18,0,0.93,2026-06-20T12:00:00
FC-007076,SEC-001,2026-06-21,19,2,0.74,2026-06-20T12:00:00
FC-007077,SEC-001,2026-06-21,20,0,0.82,2026-06-20T12:00:00
FC-007078,SEC-001,2026-06-21,21,0,0.71,2026-06-20T12:00:00
FC-007079,SEC-001,2026-06-21,22,2,0.74,2026-06-20T12:00:00
FC-007080,SEC-001,2026-06-21,23,1,0.93,2026-06-20T12:00:00
FC-007081,SEC-002,2026-06-21,0,0,0.87,2026-06-20T12:00:00
FC-007082,SEC-002,2026-06-21,1,0,0.76,2026-06-20T12:00:00
FC-007083,SEC-002,2026-06-21,2,0,0.91,2026-06-20T12:00:00
FC-007084,SEC-002,2026-06-21,3,1,0.91,2026-06-20T12:00:00
FC-007085,SEC-002,2026-06-21,4,1,0.82,2026-06-20T12:00:00
FC-007086,SEC-002,2026-06-21,5,0,0.92,2026-06-20T12:00:00
FC-007087,SEC-002,2026-06-21,6,1,0.7,2026-06-20T12:00:00
FC-007088,SEC-002,2026-06-21,7,0,0.8,2026-06-20T12:00:00
FC-007089,SEC-002,2026-06-21,8,0,0.78,2026-06-20T12:00:00
FC-007090,SEC-002,2026-06-21,9,1,0.85,2026-06-20T12:00:00
FC-007091,SEC-002,2026-06-21,10,0,0.8,2026-06-20T12:00:00
FC-007092,SEC-002,2026-06-21,11,0,0.95,2026-06-20T12:00:00
FC-007093,SEC-002,2026-06-21,12,0,0.74,2026-06-20T12:00:00
FC-007094,SEC-002,2026-06-21,13,0,0.91,2026-06-20T12:00:00
FC-007095,SEC-002,2026-06-21,14,0,0.84,2026-06-20T12:00:00
FC-007096,SEC-002,2026-06-21,15,2,0.91,2026-06-20T12:00:00
FC-007097,SEC-002,2026-06-21,16,1,0.78,2026-06-20T12:00:00
FC-007098,SEC-002,2026-06-21,17,0,0.71,2026-06-20T12:00:00
FC-007099,SEC-002,2026-06-21,18,0,0.86,2026-06-20T12:00:00
FC-007100,SEC-002,2026-06-21,19,0,0.75,2026-06-20T12:00:00
FC-007101,SEC-002,2026-06-21,20,0,0.89,2026-06-20T12:00:00
FC-007102,SEC-002,2026-06-21,21,0,0.92,2026-06-20T12:00:00
FC-007103,SEC-002,2026-06-21,22,0,0.7,2026-06-20T12:00:00
FC-007104,SEC-002,2026-06-21,23,5,0.87,2026-06-20T12:00:00
FC-007105,SEC-003,2026-06-21,0,2,0.88,2026-06-20T12:00:00
FC-007106,SEC-003,2026-06-21,1,2,0.73,2026-06-20T12:00:00
FC-007107,SEC-003,2026-06-21,2,2,0.73,2026-06-20T12:00:00
FC-007108,SEC-003,2026-06-21,3,4,0.92,2026-06-20T12:00:00
FC-007109,SEC-003,2026-06-21,4,2,0.77,2026-06-20T12:00:00
FC-007110,SEC-003,2026-06-21,5,0,0.9,2026-06-20T12:00:00
FC-007111,SEC-003,2026-06-21,6,0,0.85,2026-06-20T12:00:00
FC-007112,SEC-003,2026-06-21,7,0,0.75,2026-06-20T12:00:00
FC-007113,SEC-003,2026-06-21,8,0,0.86,2026-06-20T12:00:00
FC-007114,SEC-003,2026-06-21,9,0,0.91,2026-06-20T12:00:00
FC-007115,SEC-003,2026-06-21,10,0,0.7,2026-06-20T12:00:00
FC-007116,SEC-003,2026-06-21,11,0,0.79,2026-06-20T12:00:00
FC-007117,SEC-003,2026-06-21,12,3,0.86,2026-06-20T12:00:00
FC-007118,SEC-003,2026-06-21,13,1,0.82,2026-06-20T12:00:00
FC-007119,SEC-003,2026-06-21,14,0,0.77,2026-06-20T12:00:00
FC-007120,SEC-003,2026-06-21,15,0,0.84,2026-06-20T12:00:00
FC-007121,SEC-003,2026-06-21,16,1,0.8,2026-06-20T12:00:00
FC-007122,SEC-003,2026-06-21,17,1,0.7,2026-06-20T12:00:00
FC-007123,SEC-003,2026-06-21,18,0,0.89,2026-06-20T12:00:00
FC-007124,SEC-003,2026-06-21,19,1,0.8,2026-06-20T12:00:00
FC-007125,SEC-003,2026-06-21,20,0,0.94,2026-06-20T12:00:00
FC-007126,SEC-003,2026-06-21,21,1,0.79,2026-06-20T12:00:00
FC-007127,SEC-003,2026-06-21,22,1,0.73,2026-06-20T12:00:00
FC-007128,SEC-003,2026-06-21,23,2,0.92,2026-06-20T12:00:00
FC-007129,SEC-004,2026-06-21,0,1,0.83,2026-06-20T12:00:00
FC-007130,SEC-004,2026-06-21,1,2,0.75,2026-06-20T12:00:00
FC-007131,SEC-004,2026-06-21,2,2,0.77,2026-06-20T12:00:00
FC-007132,SEC-004,2026-06-21,3,0,0.76,2026-06-20T12:00:00
FC-007133,SEC-004,2026-06-21,4,0,0.88,2026-06-20T12:00:00
FC-007134,SEC-004,2026-06-21,5,0,0.74,2026-06-20T12:00:00
FC-007135,SEC-004,2026-06-21,6,0,0.88,2026-06-20T12:00:00
FC-007136,SEC-004,2026-06-21,7,0,0.79,2026-06-20T12:00:00
FC-007137,SEC-004,2026-06-21,8,1,0.72,2026-06-20T12:00:00
FC-007138,SEC-004,2026-06-21,9,0,0.73,2026-06-20T12:00:00
FC-007139,SEC-004,2026-06-21,10,1,0.74,2026-06-20T12:00:00
FC-007140,SEC-004,2026-06-21,11,1,0.92,2026-06-20T12:00:00
FC-007141,SEC-004,2026-06-21,12,1,0.74,2026-06-20T12:00:00
FC-007142,SEC-004,2026-06-21,13,0,0.94,2026-06-20T12:00:00
FC-007143,SEC-004,2026-06-21,14,1,0.9,2026-06-20T12:00:00
FC-007144,SEC-004,2026-06-21,15,0,0.75,2026-06-20T12:00:00
FC-007145,SEC-004,2026-06-21,16,1,0.84,2026-06-20T12:00:00
FC-007146,SEC-004,2026-06-21,17,0,0.87,2026-06-20T12:00:00
FC-007147,SEC-004,2026-06-21,18,1,0.93,2026-06-20T12:00:00
FC-007148,SEC-004,2026-06-21,19,0,0.84,2026-06-20T12:00:00
FC-007149,SEC-004,2026-06-21,20,1,0.93,2026-06-20T12:00:00
FC-007150,SEC-004,2026-06-21,21,0,0.91,2026-06-20T12:00:00
FC-007151,SEC-004,2026-06-21,22,2,0.92,2026-06-20T12:00:00
FC-007152,SEC-004,2026-06-21,23,3,0.77,2026-06-20T12:00:00
FC-007153,SEC-005,2026-06-21,0,2,0.75,2026-06-20T12:00:00
FC-007154,SEC-005,2026-06-21,1,2,0.76,2026-06-20T12:00:00
FC-007155,SEC-005,2026-06-21,2,4,0.71,2026-06-20T12:00:00
FC-007156,SEC-005,2026-06-21,3,1,0.73,2026-06-20T12:00:00
FC-007157,SEC-005,2026-06-21,4,2,0.88,2026-06-20T12:00:00
FC-007158,SEC-005,2026-06-21,5,0,0.9,2026-06-20T12:00:00
FC-007159,SEC-005,2026-06-21,6,0,0.9,2026-06-20T12:00:00
FC-007160,SEC-005,2026-06-21,7,2,0.72,2026-06-20T12:00:00
FC-007161,SEC-005,2026-06-21,8,0,0.91,2026-06-20T12:00:00
FC-007162,SEC-005,2026-06-21,9,0,0.71,2026-06-20T12:00:00
FC-007163,SEC-005,2026-06-21,10,0,0.89,2026-06-20T12:00:00
FC-007164,SEC-005,2026-06-21,11,0,0.85,2026-06-20T12:00:00
FC-007165,SEC-005,2026-06-21,12,0,0.91,2026-06-20T12:00:00
FC-007166,SEC-005,2026-06-21,13,1,0.78,2026-06-20T12:00:00
FC-007167,SEC-005,2026-06-21,14,1,0.87,2026-06-20T12:00:00
FC-007168,SEC-005,2026-06-21,15,0,0.94,2026-06-20T12:00:00
FC-007169,SEC-005,2026-06-21,16,0,0.7,2026-06-20T12:00:00
FC-007170,SEC-005,2026-06-21,17,0,0.85,2026-06-20T12:00:00
FC-007171,SEC-005,2026-06-21,18,1,0.83,2026-06-20T12:00:00
FC-007172,SEC-005,2026-06-21,19,0,0.77,2026-06-20T12:00:00
FC-007173,SEC-005,2026-06-21,20,1,0.87,2026-06-20T12:00:00
FC-007174,SEC-005,2026-06-21,21,0,0.74,2026-06-20T12:00:00
FC-007175,SEC-005,2026-06-21,22,1,0.92,2026-06-20T12:00:00
FC-007176,SEC-005,2026-06-21,23,1,0.93,2026-06-20T12:00:00
FC-007177,SEC-006,2026-06-21,0,5,0.84,2026-06-20T12:00:00
FC-007178,SEC-006,2026-06-21,1,0,0.9,2026-06-20T12:00:00
FC-007179,SEC-006,2026-06-21,2,4,0.93,2026-06-20T12:00:00
FC-007180,SEC-006,2026-06-21,3,6,0.92,2026-06-20T12:00:00
FC-007181,SEC-006,2026-06-21,4,3,0.86,2026-06-20T12:00:00
FC-007182,SEC-006,2026-06-21,5,0,0.91,2026-06-20T12:00:00
FC-007183,SEC-006,2026-06-21,6,0,0.88,2026-06-20T12:00:00
FC-007184,SEC-006,2026-06-21,7,1,0.85,2026-06-20T12:00:00
FC-007185,SEC-006,2026-06-21,8,0,0.78,2026-06-20T12:00:00
FC-007186,SEC-006,2026-06-21,9,1,0.88,2026-06-20T12:00:00
FC-007187,SEC-006,2026-06-21,10,1,0.86,2026-06-20T12:00:00
FC-007188,SEC-006,2026-06-21,11,2,0.84,2026-06-20T12:00:00
FC-007189,SEC-006,2026-06-21,12,0,0.94,2026-06-20T12:00:00
FC-007190,SEC-006,2026-06-21,13,0,0.9,2026-06-20T12:00:00
FC-007191,SEC-006,2026-06-21,14,0,0.92,2026-06-20T12:00:00
FC-007192,SEC-006,2026-06-21,15,1,0.82,2026-06-20T12:00:00
FC-007193,SEC-006,2026-06-21,16,1,0.76,2026-06-20T12:00:00
FC-007194,SEC-006,2026-06-21,17,1,0.87,2026-06-20T12:00:00
FC-007195,SEC-006,2026-06-21,18,1,0.85,2026-06-20T12:00:00
FC-007196,SEC-006,2026-06-21,19,0,0.86,2026-06-20T12:00:00
FC-007197,SEC-006,2026-06-21,20,0,0.91,2026-06-20T12:00:00
FC-007198,SEC-006,2026-06-21,21,0,0.89,2026-06-20T12:00:00
FC-007199,SEC-006,2026-06-21,22,5,0.73,2026-06-20T12:00:00
FC-007200,SEC-006,2026-06-21,23,3,0.77,2026-06-20T12:00:00
FC-007201,SEC-001,2026-06-22,0,2,0.93,2026-06-21T12:00:00
FC-007202,SEC-001,2026-06-22,1,2,0.88,2026-06-21T12:00:00
FC-007203,SEC-001,2026-06-22,2,3,0.9,2026-06-21T12:00:00
FC-007204,SEC-001,2026-06-22,3,2,0.87,2026-06-21T12:00:00
FC-007205,SEC-001,2026-06-22,4,1,0.95,2026-06-21T12:00:00
FC-007206,SEC-001,2026-06-22,5,0,0.72,2026-06-21T12:00:00
FC-007207,SEC-001,2026-06-22,6,0,0.77,2026-06-21T12:00:00
FC-007208,SEC-001,2026-06-22,7,1,0.94,2026-06-21T12:00:00
FC-007209,SEC-001,2026-06-22,8,0,0.7,2026-06-21T12:00:00
FC-007210,SEC-001,2026-06-22,9,0,0.93,2026-06-21T12:00:00
FC-007211,SEC-001,2026-06-22,10,0,0.78,2026-06-21T12:00:00
FC-007212,SEC-001,2026-06-22,11,0,0.94,2026-06-21T12:00:00
FC-007213,SEC-001,2026-06-22,12,0,0.9,2026-06-21T12:00:00
FC-007214,SEC-001,2026-06-22,13,1,0.83,2026-06-21T12:00:00
FC-007215,SEC-001,2026-06-22,14,0,0.9,2026-06-21T12:00:00
FC-007216,SEC-001,2026-06-22,15,0,0.8,2026-06-21T12:00:00
FC-007217,SEC-001,2026-06-22,16,0,0.87,2026-06-21T12:00:00
FC-007218,SEC-001,2026-06-22,17,1,0.8,2026-06-21T12:00:00
FC-007219,SEC-001,2026-06-22,18,0,0.74,2026-06-21T12:00:00
FC-007220,SEC-001,2026-06-22,19,0,0.86,2026-06-21T12:00:00
FC-007221,SEC-001,2026-06-22,20,2,0.86,2026-06-21T12:00:00
FC-007222,SEC-001,2026-06-22,21,1,0.85,2026-06-21T12:00:00
FC-007223,SEC-001,2026-06-22,22,1,0.75,2026-06-21T12:00:00
FC-007224,SEC-001,2026-06-22,23,2,0.74,2026-06-21T12:00:00
FC-007225,SEC-002,2026-06-22,0,2,0.82,2026-06-21T12:00:00
FC-007226,SEC-002,2026-06-22,1,2,0.81,2026-06-21T12:00:00
FC-007227,SEC-002,2026-06-22,2,1,0.79,2026-06-21T12:00:00
FC-007228,SEC-002,2026-06-22,3,2,0.86,2026-06-21T12:00:00
FC-007229,SEC-002,2026-06-22,4,2,0.87,2026-06-21T12:00:00
FC-007230,SEC-002,2026-06-22,5,1,0.94,2026-06-21T12:00:00
FC-007231,SEC-002,2026-06-22,6,0,0.85,2026-06-21T12:00:00
FC-007232,SEC-002,2026-06-22,7,0,0.73,2026-06-21T12:00:00
FC-007233,SEC-002,2026-06-22,8,0,0.95,2026-06-21T12:00:00
FC-007234,SEC-002,2026-06-22,9,0,0.88,2026-06-21T12:00:00
FC-007235,SEC-002,2026-06-22,10,0,0.73,2026-06-21T12:00:00
FC-007236,SEC-002,2026-06-22,11,1,0.89,2026-06-21T12:00:00
FC-007237,SEC-002,2026-06-22,12,0,0.86,2026-06-21T12:00:00
FC-007238,SEC-002,2026-06-22,13,1,0.79,2026-06-21T12:00:00
FC-007239,SEC-002,2026-06-22,14,1,0.8,2026-06-21T12:00:00
FC-007240,SEC-002,2026-06-22,15,0,0.88,2026-06-21T12:00:00
FC-007241,SEC-002,2026-06-22,16,1,0.85,2026-06-21T12:00:00
FC-007242,SEC-002,2026-06-22,17,1,0.72,2026-06-21T12:00:00
FC-007243,SEC-002,2026-06-22,18,0,0.89,2026-06-21T12:00:00
FC-007244,SEC-002,2026-06-22,19,2,0.81,2026-06-21T12:00:00
FC-007245,SEC-002,2026-06-22,20,0,0.91,2026-06-21T12:00:00
FC-007246,SEC-002,2026-06-22,21,0,0.92,2026-06-21T12:00:00
FC-007247,SEC-002,2026-06-22,22,0,0.74,2026-06-21T12:00:00
FC-007248,SEC-002,2026-06-22,23,4,0.9,2026-06-21T12:00:00
FC-007249,SEC-003,2026-06-22,0,1,0.94,2026-06-21T12:00:00
FC-007250,SEC-003,2026-06-22,1,5,0.85,2026-06-21T12:00:00
FC-007251,SEC-003,2026-06-22,2,1,0.9,2026-06-21T12:00:00
FC-007252,SEC-003,2026-06-22,3,3,0.88,2026-06-21T12:00:00
FC-007253,SEC-003,2026-06-22,4,2,0.72,2026-06-21T12:00:00
FC-007254,SEC-003,2026-06-22,5,0,0.71,2026-06-21T12:00:00
FC-007255,SEC-003,2026-06-22,6,0,0.94,2026-06-21T12:00:00
FC-007256,SEC-003,2026-06-22,7,0,0.81,2026-06-21T12:00:00
FC-007257,SEC-003,2026-06-22,8,0,0.78,2026-06-21T12:00:00
FC-007258,SEC-003,2026-06-22,9,0,0.75,2026-06-21T12:00:00
FC-007259,SEC-003,2026-06-22,10,2,0.86,2026-06-21T12:00:00
FC-007260,SEC-003,2026-06-22,11,0,0.74,2026-06-21T12:00:00
FC-007261,SEC-003,2026-06-22,12,1,0.89,2026-06-21T12:00:00
FC-007262,SEC-003,2026-06-22,13,0,0.85,2026-06-21T12:00:00
FC-007263,SEC-003,2026-06-22,14,0,0.9,2026-06-21T12:00:00
FC-007264,SEC-003,2026-06-22,15,0,0.81,2026-06-21T12:00:00
FC-007265,SEC-003,2026-06-22,16,1,0.75,2026-06-21T12:00:00
FC-007266,SEC-003,2026-06-22,17,0,0.8,2026-06-21T12:00:00
FC-007267,SEC-003,2026-06-22,18,0,0.81,2026-06-21T12:00:00
FC-007268,SEC-003,2026-06-22,19,0,0.84,2026-06-21T12:00:00
FC-007269,SEC-003,2026-06-22,20,0,0.82,2026-06-21T12:00:00
FC-007270,SEC-003,2026-06-22,21,0,0.84,2026-06-21T12:00:00
FC-007271,SEC-003,2026-06-22,22,0,0.81,2026-06-21T12:00:00
FC-007272,SEC-003,2026-06-22,23,2,0.73,2026-06-21T12:00:00
FC-007273,SEC-004,2026-06-22,0,2,0.75,2026-06-21T12:00:00
FC-007274,SEC-004,2026-06-22,1,0,0.93,2026-06-21T12:00:00
FC-007275,SEC-004,2026-06-22,2,2,0.72,2026-06-21T12:00:00
FC-007276,SEC-004,2026-06-22,3,0,0.87,2026-06-21T12:00:00
FC-007277,SEC-004,2026-06-22,4,0,0.92,2026-06-21T12:00:00
FC-007278,SEC-004,2026-06-22,5,0,0.9,2026-06-21T12:00:00
FC-007279,SEC-004,2026-06-22,6,0,0.74,2026-06-21T12:00:00
FC-007280,SEC-004,2026-06-22,7,2,0.88,2026-06-21T12:00:00
FC-007281,SEC-004,2026-06-22,8,0,0.77,2026-06-21T12:00:00
FC-007282,SEC-004,2026-06-22,9,0,0.77,2026-06-21T12:00:00
FC-007283,SEC-004,2026-06-22,10,0,0.74,2026-06-21T12:00:00
FC-007284,SEC-004,2026-06-22,11,0,0.89,2026-06-21T12:00:00
FC-007285,SEC-004,2026-06-22,12,0,0.81,2026-06-21T12:00:00
FC-007286,SEC-004,2026-06-22,13,0,0.8,2026-06-21T12:00:00
FC-007287,SEC-004,2026-06-22,14,0,0.95,2026-06-21T12:00:00
FC-007288,SEC-004,2026-06-22,15,0,0.86,2026-06-21T12:00:00
FC-007289,SEC-004,2026-06-22,16,1,0.78,2026-06-21T12:00:00
FC-007290,SEC-004,2026-06-22,17,0,0.72,2026-06-21T12:00:00
FC-007291,SEC-004,2026-06-22,18,0,0.78,2026-06-21T12:00:00
FC-007292,SEC-004,2026-06-22,19,0,0.81,2026-06-21T12:00:00
FC-007293,SEC-004,2026-06-22,20,0,0.86,2026-06-21T12:00:00
FC-007294,SEC-004,2026-06-22,21,0,0.74,2026-06-21T12:00:00
FC-007295,SEC-004,2026-06-22,22,4,0.9,2026-06-21T12:00:00
FC-007296,SEC-004,2026-06-22,23,4,0.77,2026-06-21T12:00:00
FC-007297,SEC-005,2026-06-22,0,5,0.73,2026-06-21T12:00:00
FC-007298,SEC-005,2026-06-22,1,2,0.89,2026-06-21T12:00:00
FC-007299,SEC-005,2026-06-22,2,3,0.8,2026-06-21T12:00:00
FC-007300,SEC-005,2026-06-22,3,2,0.77,2026-06-21T12:00:00
FC-007301,SEC-005,2026-06-22,4,2,0.91,2026-06-21T12:00:00
FC-007302,SEC-005,2026-06-22,5,2,0.89,2026-06-21T12:00:00
FC-007303,SEC-005,2026-06-22,6,0,0.84,2026-06-21T12:00:00
FC-007304,SEC-005,2026-06-22,7,1,0.88,2026-06-21T12:00:00
FC-007305,SEC-005,2026-06-22,8,1,0.84,2026-06-21T12:00:00
FC-007306,SEC-005,2026-06-22,9,2,0.77,2026-06-21T12:00:00
FC-007307,SEC-005,2026-06-22,10,0,0.82,2026-06-21T12:00:00
FC-007308,SEC-005,2026-06-22,11,0,0.71,2026-06-21T12:00:00
FC-007309,SEC-005,2026-06-22,12,1,0.87,2026-06-21T12:00:00
FC-007310,SEC-005,2026-06-22,13,0,0.81,2026-06-21T12:00:00
FC-007311,SEC-005,2026-06-22,14,0,0.85,2026-06-21T12:00:00
FC-007312,SEC-005,2026-06-22,15,0,0.82,2026-06-21T12:00:00
FC-007313,SEC-005,2026-06-22,16,0,0.72,2026-06-21T12:00:00
FC-007314,SEC-005,2026-06-22,17,0,0.82,2026-06-21T12:00:00
FC-007315,SEC-005,2026-06-22,18,2,0.85,2026-06-21T12:00:00
FC-007316,SEC-005,2026-06-22,19,0,0.74,2026-06-21T12:00:00
FC-007317,SEC-005,2026-06-22,20,1,0.84,2026-06-21T12:00:00
FC-007318,SEC-005,2026-06-22,21,0,0.72,2026-06-21T12:00:00
FC-007319,SEC-005,2026-06-22,22,0,0.91,2026-06-21T12:00:00
FC-007320,SEC-005,2026-06-22,23,2,0.76,2026-06-21T12:00:00
FC-007321,SEC-006,2026-06-22,0,0,0.94,2026-06-21T12:00:00
FC-007322,SEC-006,2026-06-22,1,2,0.79,2026-06-21T12:00:00
FC-007323,SEC-006,2026-06-22,2,1,0.75,2026-06-21T12:00:00
FC-007324,SEC-006,2026-06-22,3,3,0.77,2026-06-21T12:00:00
FC-007325,SEC-006,2026-06-22,4,2,0.75,2026-06-21T12:00:00
FC-007326,SEC-006,2026-06-22,5,0,0.85,2026-06-21T12:00:00
FC-007327,SEC-006,2026-06-22,6,0,0.73,2026-06-21T12:00:00
FC-007328,SEC-006,2026-06-22,7,0,0.85,2026-06-21T12:00:00
FC-007329,SEC-006,2026-06-22,8,0,0.83,2026-06-21T12:00:00
FC-007330,SEC-006,2026-06-22,9,0,0.86,2026-06-21T12:00:00
FC-007331,SEC-006,2026-06-22,10,0,0.75,2026-06-21T12:00:00
FC-007332,SEC-006,2026-06-22,11,0,0.71,2026-06-21T12:00:00
FC-007333,SEC-006,2026-06-22,12,0,0.88,2026-06-21T12:00:00
FC-007334,SEC-006,2026-06-22,13,0,0.93,2026-06-21T12:00:00
FC-007335,SEC-006,2026-06-22,14,2,0.94,2026-06-21T12:00:00
FC-007336,SEC-006,2026-06-22,15,0,0.83,2026-06-21T12:00:00
FC-007337,SEC-006,2026-06-22,16,0,0.87,2026-06-21T12:00:00
FC-007338,SEC-006,2026-06-22,17,2,0.71,2026-06-21T12:00:00
FC-007339,SEC-006,2026-06-22,18,0,0.79,2026-06-21T12:00:00
FC-007340,SEC-006,2026-06-22,19,2,0.76,2026-06-21T12:00:00
FC-007341,SEC-006,2026-06-22,20,0,0.85,2026-06-21T12:00:00
FC-007342,SEC-006,2026-06-22,21,0,0.7,2026-06-21T12:00:00
FC-007343,SEC-006,2026-06-22,22,1,0.75,2026-06-21T12:00:00
FC-007344,SEC-006,2026-06-22,23,0,0.76,2026-06-21T12:00:00
FC-007345,SEC-001,2026-06-23,0,2,0.79,2026-06-22T12:00:00
FC-007346,SEC-001,2026-06-23,1,1,0.9,2026-06-22T12:00:00
FC-007347,SEC-001,2026-06-23,2,2,0.81,2026-06-22T12:00:00
FC-007348,SEC-001,2026-06-23,3,1,0.88,2026-06-22T12:00:00
FC-007349,SEC-001,2026-06-23,4,1,0.9,2026-06-22T12:00:00
FC-007350,SEC-001,2026-06-23,5,1,0.72,2026-06-22T12:00:00
FC-007351,SEC-001,2026-06-23,6,0,0.9,2026-06-22T12:00:00
FC-007352,SEC-001,2026-06-23,7,1,0.89,2026-06-22T12:00:00
FC-007353,SEC-001,2026-06-23,8,0,0.87,2026-06-22T12:00:00
FC-007354,SEC-001,2026-06-23,9,0,0.89,2026-06-22T12:00:00
FC-007355,SEC-001,2026-06-23,10,1,0.89,2026-06-22T12:00:00
FC-007356,SEC-001,2026-06-23,11,0,0.94,2026-06-22T12:00:00
FC-007357,SEC-001,2026-06-23,12,1,0.76,2026-06-22T12:00:00
FC-007358,SEC-001,2026-06-23,13,0,0.92,2026-06-22T12:00:00
FC-007359,SEC-001,2026-06-23,14,0,0.89,2026-06-22T12:00:00
FC-007360,SEC-001,2026-06-23,15,0,0.95,2026-06-22T12:00:00
FC-007361,SEC-001,2026-06-23,16,0,0.86,2026-06-22T12:00:00
FC-007362,SEC-001,2026-06-23,17,1,0.78,2026-06-22T12:00:00
FC-007363,SEC-001,2026-06-23,18,0,0.92,2026-06-22T12:00:00
FC-007364,SEC-001,2026-06-23,19,0,0.95,2026-06-22T12:00:00
FC-007365,SEC-001,2026-06-23,20,0,0.84,2026-06-22T12:00:00
FC-007366,SEC-001,2026-06-23,21,0,0.92,2026-06-22T12:00:00
FC-007367,SEC-001,2026-06-23,22,1,0.74,2026-06-22T12:00:00
FC-007368,SEC-001,2026-06-23,23,5,0.87,2026-06-22T12:00:00
FC-007369,SEC-002,2026-06-23,0,4,0.85,2026-06-22T12:00:00
FC-007370,SEC-002,2026-06-23,1,2,0.77,2026-06-22T12:00:00
FC-007371,SEC-002,2026-06-23,2,2,0.79,2026-06-22T12:00:00
FC-007372,SEC-002,2026-06-23,3,1,0.94,2026-06-22T12:00:00
FC-007373,SEC-002,2026-06-23,4,1,0.72,2026-06-22T12:00:00
FC-007374,SEC-002,2026-06-23,5,1,0.89,2026-06-22T12:00:00
FC-007375,SEC-002,2026-06-23,6,0,0.75,2026-06-22T12:00:00
FC-007376,SEC-002,2026-06-23,7,0,0.91,2026-06-22T12:00:00
FC-007377,SEC-002,2026-06-23,8,0,0.9,2026-06-22T12:00:00
FC-007378,SEC-002,2026-06-23,9,0,0.92,2026-06-22T12:00:00
FC-007379,SEC-002,2026-06-23,10,0,0.84,2026-06-22T12:00:00
FC-007380,SEC-002,2026-06-23,11,0,0.77,2026-06-22T12:00:00
FC-007381,SEC-002,2026-06-23,12,1,0.92,2026-06-22T12:00:00
FC-007382,SEC-002,2026-06-23,13,0,0.77,2026-06-22T12:00:00
FC-007383,SEC-002,2026-06-23,14,0,0.77,2026-06-22T12:00:00
FC-007384,SEC-002,2026-06-23,15,0,0.73,2026-06-22T12:00:00
FC-007385,SEC-002,2026-06-23,16,0,0.91,2026-06-22T12:00:00
FC-007386,SEC-002,2026-06-23,17,2,0.76,2026-06-22T12:00:00
FC-007387,SEC-002,2026-06-23,18,1,0.86,2026-06-22T12:00:00
FC-007388,SEC-002,2026-06-23,19,2,0.84,2026-06-22T12:00:00
FC-007389,SEC-002,2026-06-23,20,1,0.87,2026-06-22T12:00:00
FC-007390,SEC-002,2026-06-23,21,1,0.92,2026-06-22T12:00:00
FC-007391,SEC-002,2026-06-23,22,2,0.95,2026-06-22T12:00:00
FC-007392,SEC-002,2026-06-23,23,1,0.77,2026-06-22T12:00:00
FC-007393,SEC-003,2026-06-23,0,0,0.81,2026-06-22T12:00:00
FC-007394,SEC-003,2026-06-23,1,2,0.94,2026-06-22T12:00:00
FC-007395,SEC-003,2026-06-23,2,1,0.93,2026-06-22T12:00:00
FC-007396,SEC-003,2026-06-23,3,2,0.85,2026-06-22T12:00:00
FC-007397,SEC-003,2026-06-23,4,2,0.93,2026-06-22T12:00:00
FC-007398,SEC-003,2026-06-23,5,1,0.89,2026-06-22T12:00:00
FC-007399,SEC-003,2026-06-23,6,0,0.7,2026-06-22T12:00:00
FC-007400,SEC-003,2026-06-23,7,0,0.77,2026-06-22T12:00:00
FC-007401,SEC-003,2026-06-23,8,2,0.91,2026-06-22T12:00:00
FC-007402,SEC-003,2026-06-23,9,0,0.91,2026-06-22T12:00:00
FC-007403,SEC-003,2026-06-23,10,0,0.79,2026-06-22T12:00:00
FC-007404,SEC-003,2026-06-23,11,0,0.84,2026-06-22T12:00:00
FC-007405,SEC-003,2026-06-23,12,1,0.9,2026-06-22T12:00:00
FC-007406,SEC-003,2026-06-23,13,1,0.78,2026-06-22T12:00:00
FC-007407,SEC-003,2026-06-23,14,1,0.81,2026-06-22T12:00:00
FC-007408,SEC-003,2026-06-23,15,0,0.86,2026-06-22T12:00:00
FC-007409,SEC-003,2026-06-23,16,0,0.79,2026-06-22T12:00:00
FC-007410,SEC-003,2026-06-23,17,1,0.77,2026-06-22T12:00:00
FC-007411,SEC-003,2026-06-23,18,0,0.92,2026-06-22T12:00:00
FC-007412,SEC-003,2026-06-23,19,2,0.75,2026-06-22T12:00:00
FC-007413,SEC-003,2026-06-23,20,3,0.84,2026-06-22T12:00:00
FC-007414,SEC-003,2026-06-23,21,0,0.74,2026-06-22T12:00:00
FC-007415,SEC-003,2026-06-23,22,0,0.87,2026-06-22T12:00:00
FC-007416,SEC-003,2026-06-23,23,0,0.72,2026-06-22T12:00:00
FC-007417,SEC-004,2026-06-23,0,2,0.95,2026-06-22T12:00:00
FC-007418,SEC-004,2026-06-23,1,2,0.95,2026-06-22T12:00:00
FC-007419,SEC-004,2026-06-23,2,2,0.88,2026-06-22T12:00:00
FC-007420,SEC-004,2026-06-23,3,1,0.84,2026-06-22T12:00:00
FC-007421,SEC-004,2026-06-23,4,2,0.74,2026-06-22T12:00:00
FC-007422,SEC-004,2026-06-23,5,0,0.73,2026-06-22T12:00:00
FC-007423,SEC-004,2026-06-23,6,0,0.73,2026-06-22T12:00:00
FC-007424,SEC-004,2026-06-23,7,1,0.92,2026-06-22T12:00:00
FC-007425,SEC-004,2026-06-23,8,0,0.83,2026-06-22T12:00:00
FC-007426,SEC-004,2026-06-23,9,0,0.88,2026-06-22T12:00:00
FC-007427,SEC-004,2026-06-23,10,0,0.77,2026-06-22T12:00:00
FC-007428,SEC-004,2026-06-23,11,0,0.74,2026-06-22T12:00:00
FC-007429,SEC-004,2026-06-23,12,0,0.95,2026-06-22T12:00:00
FC-007430,SEC-004,2026-06-23,13,0,0.94,2026-06-22T12:00:00
FC-007431,SEC-004,2026-06-23,14,0,0.81,2026-06-22T12:00:00
FC-007432,SEC-004,2026-06-23,15,0,0.92,2026-06-22T12:00:00
FC-007433,SEC-004,2026-06-23,16,0,0.79,2026-06-22T12:00:00
FC-007434,SEC-004,2026-06-23,17,1,0.92,2026-06-22T12:00:00
FC-007435,SEC-004,2026-06-23,18,1,0.79,2026-06-22T12:00:00
FC-007436,SEC-004,2026-06-23,19,1,0.76,2026-06-22T12:00:00
FC-007437,SEC-004,2026-06-23,20,1,0.86,2026-06-22T12:00:00
FC-007438,SEC-004,2026-06-23,21,0,0.92,2026-06-22T12:00:00
FC-007439,SEC-004,2026-06-23,22,0,0.7,2026-06-22T12:00:00
FC-007440,SEC-004,2026-06-23,23,2,0.93,2026-06-22T12:00:00
FC-007441,SEC-005,2026-06-23,0,1,0.77,2026-06-22T12:00:00
FC-007442,SEC-005,2026-06-23,1,6,0.87,2026-06-22T12:00:00
FC-007443,SEC-005,2026-06-23,2,2,0.75,2026-06-22T12:00:00
FC-007444,SEC-005,2026-06-23,3,4,0.78,2026-06-22T12:00:00
FC-007445,SEC-005,2026-06-23,4,5,0.91,2026-06-22T12:00:00
FC-007446,SEC-005,2026-06-23,5,0,0.71,2026-06-22T12:00:00
FC-007447,SEC-005,2026-06-23,6,1,0.79,2026-06-22T12:00:00
FC-007448,SEC-005,2026-06-23,7,1,0.91,2026-06-22T12:00:00
FC-007449,SEC-005,2026-06-23,8,0,0.7,2026-06-22T12:00:00
FC-007450,SEC-005,2026-06-23,9,1,0.87,2026-06-22T12:00:00
FC-007451,SEC-005,2026-06-23,10,0,0.86,2026-06-22T12:00:00
FC-007452,SEC-005,2026-06-23,11,0,0.91,2026-06-22T12:00:00
FC-007453,SEC-005,2026-06-23,12,0,0.89,2026-06-22T12:00:00
FC-007454,SEC-005,2026-06-23,13,0,0.88,2026-06-22T12:00:00
FC-007455,SEC-005,2026-06-23,14,1,0.84,2026-06-22T12:00:00
FC-007456,SEC-005,2026-06-23,15,0,0.91,2026-06-22T12:00:00
FC-007457,SEC-005,2026-06-23,16,1,0.77,2026-06-22T12:00:00
FC-007458,SEC-005,2026-06-23,17,0,0.8,2026-06-22T12:00:00
FC-007459,SEC-005,2026-06-23,18,0,0.88,2026-06-22T12:00:00
FC-007460,SEC-005,2026-06-23,19,1,0.81,2026-06-22T12:00:00
FC-007461,SEC-005,2026-06-23,20,1,0.75,2026-06-22T12:00:00
FC-007462,SEC-005,2026-06-23,21,0,0.85,2026-06-22T12:00:00
FC-007463,SEC-005,2026-06-23,22,1,0.94,2026-06-22T12:00:00
FC-007464,SEC-005,2026-06-23,23,3,0.87,2026-06-22T12:00:00
FC-007465,SEC-006,2026-06-23,0,1,0.75,2026-06-22T12:00:00
FC-007466,SEC-006,2026-06-23,1,2,0.87,2026-06-22T12:00:00
FC-007467,SEC-006,2026-06-23,2,2,0.85,2026-06-22T12:00:00
FC-007468,SEC-006,2026-06-23,3,1,0.9,2026-06-22T12:00:00
FC-007469,SEC-006,2026-06-23,4,2,0.79,2026-06-22T12:00:00
FC-007470,SEC-006,2026-06-23,5,0,0.82,2026-06-22T12:00:00
FC-007471,SEC-006,2026-06-23,6,1,0.81,2026-06-22T12:00:00
FC-007472,SEC-006,2026-06-23,7,1,0.88,2026-06-22T12:00:00
FC-007473,SEC-006,2026-06-23,8,2,0.86,2026-06-22T12:00:00
FC-007474,SEC-006,2026-06-23,9,0,0.73,2026-06-22T12:00:00
FC-007475,SEC-006,2026-06-23,10,1,0.9,2026-06-22T12:00:00
FC-007476,SEC-006,2026-06-23,11,1,0.81,2026-06-22T12:00:00
FC-007477,SEC-006,2026-06-23,12,0,0.9,2026-06-22T12:00:00
FC-007478,SEC-006,2026-06-23,13,0,0.8,2026-06-22T12:00:00
FC-007479,SEC-006,2026-06-23,14,0,0.8,2026-06-22T12:00:00
FC-007480,SEC-006,2026-06-23,15,1,0.78,2026-06-22T12:00:00
FC-007481,SEC-006,2026-06-23,16,0,0.82,2026-06-22T12:00:00
FC-007482,SEC-006,2026-06-23,17,0,0.78,2026-06-22T12:00:00
FC-007483,SEC-006,2026-06-23,18,1,0.8,2026-06-22T12:00:00
FC-007484,SEC-006,2026-06-23,19,0,0.76,2026-06-22T12:00:00
FC-007485,SEC-006,2026-06-23,20,0,0.79,2026-06-22T12:00:00
FC-007486,SEC-006,2026-06-23,21,0,0.83,2026-06-22T12:00:00
FC-007487,SEC-006,2026-06-23,22,3,0.73,2026-06-22T12:00:00
FC-007488,SEC-006,2026-06-23,23,0,0.73,2026-06-22T12:00:00
FC-007489,SEC-001,2026-06-24,0,2,0.71,2026-06-23T12:00:00
FC-007490,SEC-001,2026-06-24,1,3,0.84,2026-06-23T12:00:00
FC-007491,SEC-001,2026-06-24,2,1,0.8,2026-06-23T12:00:00
FC-007492,SEC-001,2026-06-24,3,1,0.84,2026-06-23T12:00:00
FC-007493,SEC-001,2026-06-24,4,4,0.85,2026-06-23T12:00:00
FC-007494,SEC-001,2026-06-24,5,0,0.85,2026-06-23T12:00:00
FC-007495,SEC-001,2026-06-24,6,0,0.94,2026-06-23T12:00:00
FC-007496,SEC-001,2026-06-24,7,1,0.77,2026-06-23T12:00:00
FC-007497,SEC-001,2026-06-24,8,0,0.85,2026-06-23T12:00:00
FC-007498,SEC-001,2026-06-24,9,1,0.8,2026-06-23T12:00:00
FC-007499,SEC-001,2026-06-24,10,1,0.74,2026-06-23T12:00:00
FC-007500,SEC-001,2026-06-24,11,0,0.78,2026-06-23T12:00:00
FC-007501,SEC-001,2026-06-24,12,0,0.75,2026-06-23T12:00:00
FC-007502,SEC-001,2026-06-24,13,0,0.85,2026-06-23T12:00:00
FC-007503,SEC-001,2026-06-24,14,1,0.74,2026-06-23T12:00:00
FC-007504,SEC-001,2026-06-24,15,0,0.93,2026-06-23T12:00:00
FC-007505,SEC-001,2026-06-24,16,0,0.72,2026-06-23T12:00:00
FC-007506,SEC-001,2026-06-24,17,1,0.8,2026-06-23T12:00:00
FC-007507,SEC-001,2026-06-24,18,0,0.88,2026-06-23T12:00:00
FC-007508,SEC-001,2026-06-24,19,0,0.75,2026-06-23T12:00:00
FC-007509,SEC-001,2026-06-24,20,0,0.82,2026-06-23T12:00:00
FC-007510,SEC-001,2026-06-24,21,0,0.89,2026-06-23T12:00:00
FC-007511,SEC-001,2026-06-24,22,2,0.81,2026-06-23T12:00:00
FC-007512,SEC-001,2026-06-24,23,2,0.86,2026-06-23T12:00:00
FC-007513,SEC-002,2026-06-24,0,1,0.72,2026-06-23T12:00:00
FC-007514,SEC-002,2026-06-24,1,1,0.88,2026-06-23T12:00:00
FC-007515,SEC-002,2026-06-24,2,0,0.76,2026-06-23T12:00:00
FC-007516,SEC-002,2026-06-24,3,1,0.76,2026-06-23T12:00:00
FC-007517,SEC-002,2026-06-24,4,3,0.88,2026-06-23T12:00:00
FC-007518,SEC-002,2026-06-24,5,0,0.71,2026-06-23T12:00:00
FC-007519,SEC-002,2026-06-24,6,0,0.71,2026-06-23T12:00:00
FC-007520,SEC-002,2026-06-24,7,1,0.82,2026-06-23T12:00:00
FC-007521,SEC-002,2026-06-24,8,2,0.83,2026-06-23T12:00:00
FC-007522,SEC-002,2026-06-24,9,0,0.81,2026-06-23T12:00:00
FC-007523,SEC-002,2026-06-24,10,1,0.8,2026-06-23T12:00:00
FC-007524,SEC-002,2026-06-24,11,0,0.87,2026-06-23T12:00:00
FC-007525,SEC-002,2026-06-24,12,0,0.79,2026-06-23T12:00:00
FC-007526,SEC-002,2026-06-24,13,0,0.77,2026-06-23T12:00:00
FC-007527,SEC-002,2026-06-24,14,1,0.95,2026-06-23T12:00:00
FC-007528,SEC-002,2026-06-24,15,1,0.71,2026-06-23T12:00:00
FC-007529,SEC-002,2026-06-24,16,0,0.78,2026-06-23T12:00:00
FC-007530,SEC-002,2026-06-24,17,1,0.84,2026-06-23T12:00:00
FC-007531,SEC-002,2026-06-24,18,0,0.87,2026-06-23T12:00:00
FC-007532,SEC-002,2026-06-24,19,1,0.94,2026-06-23T12:00:00
FC-007533,SEC-002,2026-06-24,20,0,0.81,2026-06-23T12:00:00
FC-007534,SEC-002,2026-06-24,21,1,0.88,2026-06-23T12:00:00
FC-007535,SEC-002,2026-06-24,22,1,0.87,2026-06-23T12:00:00
FC-007536,SEC-002,2026-06-24,23,0,0.79,2026-06-23T12:00:00
FC-007537,SEC-003,2026-06-24,0,6,0.78,2026-06-23T12:00:00
FC-007538,SEC-003,2026-06-24,1,2,0.88,2026-06-23T12:00:00
FC-007539,SEC-003,2026-06-24,2,3,0.84,2026-06-23T12:00:00
FC-007540,SEC-003,2026-06-24,3,2,0.93,2026-06-23T12:00:00
FC-007541,SEC-003,2026-06-24,4,2,0.71,2026-06-23T12:00:00
FC-007542,SEC-003,2026-06-24,5,1,0.87,2026-06-23T12:00:00
FC-007543,SEC-003,2026-06-24,6,0,0.73,2026-06-23T12:00:00
FC-007544,SEC-003,2026-06-24,7,0,0.91,2026-06-23T12:00:00
FC-007545,SEC-003,2026-06-24,8,1,0.8,2026-06-23T12:00:00
FC-007546,SEC-003,2026-06-24,9,2,0.84,2026-06-23T12:00:00
FC-007547,SEC-003,2026-06-24,10,0,0.91,2026-06-23T12:00:00
FC-007548,SEC-003,2026-06-24,11,2,0.79,2026-06-23T12:00:00
FC-007549,SEC-003,2026-06-24,12,0,0.94,2026-06-23T12:00:00
FC-007550,SEC-003,2026-06-24,13,0,0.87,2026-06-23T12:00:00
FC-007551,SEC-003,2026-06-24,14,1,0.79,2026-06-23T12:00:00
FC-007552,SEC-003,2026-06-24,15,0,0.81,2026-06-23T12:00:00
FC-007553,SEC-003,2026-06-24,16,0,0.8,2026-06-23T12:00:00
FC-007554,SEC-003,2026-06-24,17,0,0.81,2026-06-23T12:00:00
FC-007555,SEC-003,2026-06-24,18,1,0.91,2026-06-23T12:00:00
FC-007556,SEC-003,2026-06-24,19,0,0.75,2026-06-23T12:00:00
FC-007557,SEC-003,2026-06-24,20,0,0.79,2026-06-23T12:00:00
FC-007558,SEC-003,2026-06-24,21,1,0.92,2026-06-23T12:00:00
FC-007559,SEC-003,2026-06-24,22,1,0.87,2026-06-23T12:00:00
FC-007560,SEC-003,2026-06-24,23,6,0.92,2026-06-23T12:00:00
FC-007561,SEC-004,2026-06-24,0,2,0.73,2026-06-23T12:00:00
FC-007562,SEC-004,2026-06-24,1,1,0.9,2026-06-23T12:00:00
FC-007563,SEC-004,2026-06-24,2,2,0.8,2026-06-23T12:00:00
FC-007564,SEC-004,2026-06-24,3,2,0.74,2026-06-23T12:00:00
FC-007565,SEC-004,2026-06-24,4,7,0.72,2026-06-23T12:00:00
FC-007566,SEC-004,2026-06-24,5,0,0.86,2026-06-23T12:00:00
FC-007567,SEC-004,2026-06-24,6,2,0.86,2026-06-23T12:00:00
FC-007568,SEC-004,2026-06-24,7,1,0.72,2026-06-23T12:00:00
FC-007569,SEC-004,2026-06-24,8,0,0.76,2026-06-23T12:00:00
FC-007570,SEC-004,2026-06-24,9,0,0.8,2026-06-23T12:00:00
FC-007571,SEC-004,2026-06-24,10,0,0.94,2026-06-23T12:00:00
FC-007572,SEC-004,2026-06-24,11,1,0.94,2026-06-23T12:00:00
FC-007573,SEC-004,2026-06-24,12,0,0.8,2026-06-23T12:00:00
FC-007574,SEC-004,2026-06-24,13,0,0.76,2026-06-23T12:00:00
FC-007575,SEC-004,2026-06-24,14,0,0.85,2026-06-23T12:00:00
FC-007576,SEC-004,2026-06-24,15,1,0.79,2026-06-23T12:00:00
FC-007577,SEC-004,2026-06-24,16,0,0.87,2026-06-23T12:00:00
FC-007578,SEC-004,2026-06-24,17,1,0.91,2026-06-23T12:00:00
FC-007579,SEC-004,2026-06-24,18,0,0.93,2026-06-23T12:00:00
FC-007580,SEC-004,2026-06-24,19,1,0.93,2026-06-23T12:00:00
FC-007581,SEC-004,2026-06-24,20,1,0.82,2026-06-23T12:00:00
FC-007582,SEC-004,2026-06-24,21,0,0.82,2026-06-23T12:00:00
FC-007583,SEC-004,2026-06-24,22,1,0.74,2026-06-23T12:00:00
FC-007584,SEC-004,2026-06-24,23,1,0.9,2026-06-23T12:00:00
FC-007585,SEC-005,2026-06-24,0,4,0.75,2026-06-23T12:00:00
FC-007586,SEC-005,2026-06-24,1,1,0.79,2026-06-23T12:00:00
FC-007587,SEC-005,2026-06-24,2,4,0.81,2026-06-23T12:00:00
FC-007588,SEC-005,2026-06-24,3,2,0.72,2026-06-23T12:00:00
FC-007589,SEC-005,2026-06-24,4,3,0.76,2026-06-23T12:00:00
FC-007590,SEC-005,2026-06-24,5,0,0.87,2026-06-23T12:00:00
FC-007591,SEC-005,2026-06-24,6,1,0.8,2026-06-23T12:00:00
FC-007592,SEC-005,2026-06-24,7,0,0.87,2026-06-23T12:00:00
FC-007593,SEC-005,2026-06-24,8,0,0.89,2026-06-23T12:00:00
FC-007594,SEC-005,2026-06-24,9,0,0.94,2026-06-23T12:00:00
FC-007595,SEC-005,2026-06-24,10,0,0.86,2026-06-23T12:00:00
FC-007596,SEC-005,2026-06-24,11,0,0.8,2026-06-23T12:00:00
FC-007597,SEC-005,2026-06-24,12,1,0.71,2026-06-23T12:00:00
FC-007598,SEC-005,2026-06-24,13,0,0.74,2026-06-23T12:00:00
FC-007599,SEC-005,2026-06-24,14,0,0.8,2026-06-23T12:00:00
FC-007600,SEC-005,2026-06-24,15,0,0.94,2026-06-23T12:00:00
FC-007601,SEC-005,2026-06-24,16,0,0.86,2026-06-23T12:00:00
FC-007602,SEC-005,2026-06-24,17,1,0.94,2026-06-23T12:00:00
FC-007603,SEC-005,2026-06-24,18,0,0.9,2026-06-23T12:00:00
FC-007604,SEC-005,2026-06-24,19,1,0.76,2026-06-23T12:00:00
FC-007605,SEC-005,2026-06-24,20,0,0.93,2026-06-23T12:00:00
FC-007606,SEC-005,2026-06-24,21,1,0.88,2026-06-23T12:00:00
FC-007607,SEC-005,2026-06-24,22,4,0.9,2026-06-23T12:00:00
FC-007608,SEC-005,2026-06-24,23,1,0.78,2026-06-23T12:00:00
FC-007609,SEC-006,2026-06-24,0,1,0.81,2026-06-23T12:00:00
FC-007610,SEC-006,2026-06-24,1,1,0.77,2026-06-23T12:00:00
FC-007611,SEC-006,2026-06-24,2,1,0.77,2026-06-23T12:00:00
FC-007612,SEC-006,2026-06-24,3,0,0.95,2026-06-23T12:00:00
FC-007613,SEC-006,2026-06-24,4,3,0.81,2026-06-23T12:00:00
FC-007614,SEC-006,2026-06-24,5,1,0.77,2026-06-23T12:00:00
FC-007615,SEC-006,2026-06-24,6,0,0.88,2026-06-23T12:00:00
FC-007616,SEC-006,2026-06-24,7,0,0.75,2026-06-23T12:00:00
FC-007617,SEC-006,2026-06-24,8,1,0.72,2026-06-23T12:00:00
FC-007618,SEC-006,2026-06-24,9,1,0.9,2026-06-23T12:00:00
FC-007619,SEC-006,2026-06-24,10,0,0.86,2026-06-23T12:00:00
FC-007620,SEC-006,2026-06-24,11,0,0.71,2026-06-23T12:00:00
FC-007621,SEC-006,2026-06-24,12,0,0.85,2026-06-23T12:00:00
FC-007622,SEC-006,2026-06-24,13,0,0.93,2026-06-23T12:00:00
FC-007623,SEC-006,2026-06-24,14,0,0.93,2026-06-23T12:00:00
FC-007624,SEC-006,2026-06-24,15,1,0.82,2026-06-23T12:00:00
FC-007625,SEC-006,2026-06-24,16,0,0.9,2026-06-23T12:00:00
FC-007626,SEC-006,2026-06-24,17,1,0.94,2026-06-23T12:00:00
FC-007627,SEC-006,2026-06-24,18,1,0.76,2026-06-23T12:00:00
FC-007628,SEC-006,2026-06-24,19,0,0.83,2026-06-23T12:00:00
FC-007629,SEC-006,2026-06-24,20,0,0.89,2026-06-23T12:00:00
FC-007630,SEC-006,2026-06-24,21,0,0.82,2026-06-23T12:00:00
FC-007631,SEC-006,2026-06-24,22,2,0.7,2026-06-23T12:00:00
FC-007632,SEC-006,2026-06-24,23,2,0.86,2026-06-23T12:00:00
FC-007633,SEC-001,2026-06-25,0,0,0.89,2026-06-24T12:00:00
FC-007634,SEC-001,2026-06-25,1,0,0.79,2026-06-24T12:00:00
FC-007635,SEC-001,2026-06-25,2,6,0.89,2026-06-24T12:00:00
FC-007636,SEC-001,2026-06-25,3,2,0.94,2026-06-24T12:00:00
FC-007637,SEC-001,2026-06-25,4,2,0.7,2026-06-24T12:00:00
FC-007638,SEC-001,2026-06-25,5,0,0.75,2026-06-24T12:00:00
FC-007639,SEC-001,2026-06-25,6,0,0.76,2026-06-24T12:00:00
FC-007640,SEC-001,2026-06-25,7,0,0.95,2026-06-24T12:00:00
FC-007641,SEC-001,2026-06-25,8,0,0.87,2026-06-24T12:00:00
FC-007642,SEC-001,2026-06-25,9,1,0.83,2026-06-24T12:00:00
FC-007643,SEC-001,2026-06-25,10,0,0.78,2026-06-24T12:00:00
FC-007644,SEC-001,2026-06-25,11,0,0.85,2026-06-24T12:00:00
FC-007645,SEC-001,2026-06-25,12,0,0.75,2026-06-24T12:00:00
FC-007646,SEC-001,2026-06-25,13,0,0.87,2026-06-24T12:00:00
FC-007647,SEC-001,2026-06-25,14,1,0.71,2026-06-24T12:00:00
FC-007648,SEC-001,2026-06-25,15,1,0.84,2026-06-24T12:00:00
FC-007649,SEC-001,2026-06-25,16,1,0.87,2026-06-24T12:00:00
FC-007650,SEC-001,2026-06-25,17,1,0.78,2026-06-24T12:00:00
FC-007651,SEC-001,2026-06-25,18,1,0.85,2026-06-24T12:00:00
FC-007652,SEC-001,2026-06-25,19,0,0.94,2026-06-24T12:00:00
FC-007653,SEC-001,2026-06-25,20,0,0.79,2026-06-24T12:00:00
FC-007654,SEC-001,2026-06-25,21,0,0.89,2026-06-24T12:00:00
FC-007655,SEC-001,2026-06-25,22,2,0.72,2026-06-24T12:00:00
FC-007656,SEC-001,2026-06-25,23,1,0.71,2026-06-24T12:00:00
FC-007657,SEC-002,2026-06-25,0,2,0.75,2026-06-24T12:00:00
FC-007658,SEC-002,2026-06-25,1,3,0.94,2026-06-24T12:00:00
FC-007659,SEC-002,2026-06-25,2,2,0.91,2026-06-24T12:00:00
FC-007660,SEC-002,2026-06-25,3,1,0.85,2026-06-24T12:00:00
FC-007661,SEC-002,2026-06-25,4,5,0.92,2026-06-24T12:00:00
FC-007662,SEC-002,2026-06-25,5,0,0.83,2026-06-24T12:00:00
FC-007663,SEC-002,2026-06-25,6,0,0.75,2026-06-24T12:00:00
FC-007664,SEC-002,2026-06-25,7,0,0.87,2026-06-24T12:00:00
FC-007665,SEC-002,2026-06-25,8,2,0.89,2026-06-24T12:00:00
FC-007666,SEC-002,2026-06-25,9,0,0.93,2026-06-24T12:00:00
FC-007667,SEC-002,2026-06-25,10,2,0.71,2026-06-24T12:00:00
FC-007668,SEC-002,2026-06-25,11,0,0.77,2026-06-24T12:00:00
FC-007669,SEC-002,2026-06-25,12,0,0.77,2026-06-24T12:00:00
FC-007670,SEC-002,2026-06-25,13,0,0.93,2026-06-24T12:00:00
FC-007671,SEC-002,2026-06-25,14,0,0.72,2026-06-24T12:00:00
FC-007672,SEC-002,2026-06-25,15,0,0.8,2026-06-24T12:00:00
FC-007673,SEC-002,2026-06-25,16,0,0.86,2026-06-24T12:00:00
FC-007674,SEC-002,2026-06-25,17,1,0.87,2026-06-24T12:00:00
FC-007675,SEC-002,2026-06-25,18,2,0.75,2026-06-24T12:00:00
FC-007676,SEC-002,2026-06-25,19,0,0.7,2026-06-24T12:00:00
FC-007677,SEC-002,2026-06-25,20,0,0.75,2026-06-24T12:00:00
FC-007678,SEC-002,2026-06-25,21,0,0.77,2026-06-24T12:00:00
FC-007679,SEC-002,2026-06-25,22,2,0.79,2026-06-24T12:00:00
FC-007680,SEC-002,2026-06-25,23,1,0.84,2026-06-24T12:00:00
FC-007681,SEC-003,2026-06-25,0,3,0.8,2026-06-24T12:00:00
FC-007682,SEC-003,2026-06-25,1,1,0.86,2026-06-24T12:00:00
FC-007683,SEC-003,2026-06-25,2,2,0.89,2026-06-24T12:00:00
FC-007684,SEC-003,2026-06-25,3,2,0.91,2026-06-24T12:00:00
FC-007685,SEC-003,2026-06-25,4,0,0.7,2026-06-24T12:00:00
FC-007686,SEC-003,2026-06-25,5,0,0.9,2026-06-24T12:00:00
FC-007687,SEC-003,2026-06-25,6,0,0.9,2026-06-24T12:00:00
FC-007688,SEC-003,2026-06-25,7,1,0.83,2026-06-24T12:00:00
FC-007689,SEC-003,2026-06-25,8,0,0.93,2026-06-24T12:00:00
FC-007690,SEC-003,2026-06-25,9,1,0.78,2026-06-24T12:00:00
FC-007691,SEC-003,2026-06-25,10,0,0.86,2026-06-24T12:00:00
FC-007692,SEC-003,2026-06-25,11,0,0.92,2026-06-24T12:00:00
FC-007693,SEC-003,2026-06-25,12,0,0.95,2026-06-24T12:00:00
FC-007694,SEC-003,2026-06-25,13,1,0.87,2026-06-24T12:00:00
FC-007695,SEC-003,2026-06-25,14,1,0.83,2026-06-24T12:00:00
FC-007696,SEC-003,2026-06-25,15,0,0.88,2026-06-24T12:00:00
FC-007697,SEC-003,2026-06-25,16,0,0.79,2026-06-24T12:00:00
FC-007698,SEC-003,2026-06-25,17,0,0.88,2026-06-24T12:00:00
FC-007699,SEC-003,2026-06-25,18,0,0.76,2026-06-24T12:00:00
FC-007700,SEC-003,2026-06-25,19,0,0.88,2026-06-24T12:00:00
FC-007701,SEC-003,2026-06-25,20,2,0.71,2026-06-24T12:00:00
FC-007702,SEC-003,2026-06-25,21,1,0.78,2026-06-24T12:00:00
FC-007703,SEC-003,2026-06-25,22,1,0.85,2026-06-24T12:00:00
FC-007704,SEC-003,2026-06-25,23,3,0.83,2026-06-24T12:00:00
FC-007705,SEC-004,2026-06-25,0,4,0.72,2026-06-24T12:00:00
FC-007706,SEC-004,2026-06-25,1,0,0.75,2026-06-24T12:00:00
FC-007707,SEC-004,2026-06-25,2,1,0.85,2026-06-24T12:00:00
FC-007708,SEC-004,2026-06-25,3,2,0.89,2026-06-24T12:00:00
FC-007709,SEC-004,2026-06-25,4,1,0.81,2026-06-24T12:00:00
FC-007710,SEC-004,2026-06-25,5,1,0.87,2026-06-24T12:00:00
FC-007711,SEC-004,2026-06-25,6,0,0.78,2026-06-24T12:00:00
FC-007712,SEC-004,2026-06-25,7,0,0.77,2026-06-24T12:00:00
FC-007713,SEC-004,2026-06-25,8,1,0.92,2026-06-24T12:00:00
FC-007714,SEC-004,2026-06-25,9,0,0.77,2026-06-24T12:00:00
FC-007715,SEC-004,2026-06-25,10,0,0.77,2026-06-24T12:00:00
FC-007716,SEC-004,2026-06-25,11,1,0.9,2026-06-24T12:00:00
FC-007717,SEC-004,2026-06-25,12,1,0.84,2026-06-24T12:00:00
FC-007718,SEC-004,2026-06-25,13,0,0.89,2026-06-24T12:00:00
FC-007719,SEC-004,2026-06-25,14,0,0.89,2026-06-24T12:00:00
FC-007720,SEC-004,2026-06-25,15,1,0.71,2026-06-24T12:00:00
FC-007721,SEC-004,2026-06-25,16,0,0.91,2026-06-24T12:00:00
FC-007722,SEC-004,2026-06-25,17,0,0.81,2026-06-24T12:00:00
FC-007723,SEC-004,2026-06-25,18,1,0.9,2026-06-24T12:00:00
FC-007724,SEC-004,2026-06-25,19,0,0.86,2026-06-24T12:00:00
FC-007725,SEC-004,2026-06-25,20,0,0.94,2026-06-24T12:00:00
FC-007726,SEC-004,2026-06-25,21,0,0.85,2026-06-24T12:00:00
FC-007727,SEC-004,2026-06-25,22,1,0.85,2026-06-24T12:00:00
FC-007728,SEC-004,2026-06-25,23,1,0.73,2026-06-24T12:00:00
FC-007729,SEC-005,2026-06-25,0,2,0.72,2026-06-24T12:00:00
FC-007730,SEC-005,2026-06-25,1,2,0.77,2026-06-24T12:00:00
FC-007731,SEC-005,2026-06-25,2,3,0.79,2026-06-24T12:00:00
FC-007732,SEC-005,2026-06-25,3,1,0.87,2026-06-24T12:00:00
FC-007733,SEC-005,2026-06-25,4,2,0.86,2026-06-24T12:00:00
FC-007734,SEC-005,2026-06-25,5,1,0.74,2026-06-24T12:00:00
FC-007735,SEC-005,2026-06-25,6,1,0.77,2026-06-24T12:00:00
FC-007736,SEC-005,2026-06-25,7,0,0.88,2026-06-24T12:00:00
FC-007737,SEC-005,2026-06-25,8,0,0.8,2026-06-24T12:00:00
FC-007738,SEC-005,2026-06-25,9,0,0.76,2026-06-24T12:00:00
FC-007739,SEC-005,2026-06-25,10,1,0.75,2026-06-24T12:00:00
FC-007740,SEC-005,2026-06-25,11,1,0.79,2026-06-24T12:00:00
FC-007741,SEC-005,2026-06-25,12,0,0.73,2026-06-24T12:00:00
FC-007742,SEC-005,2026-06-25,13,0,0.93,2026-06-24T12:00:00
FC-007743,SEC-005,2026-06-25,14,2,0.8,2026-06-24T12:00:00
FC-007744,SEC-005,2026-06-25,15,0,0.91,2026-06-24T12:00:00
FC-007745,SEC-005,2026-06-25,16,0,0.85,2026-06-24T12:00:00
FC-007746,SEC-005,2026-06-25,17,1,0.81,2026-06-24T12:00:00
FC-007747,SEC-005,2026-06-25,18,1,0.92,2026-06-24T12:00:00
FC-007748,SEC-005,2026-06-25,19,0,0.94,2026-06-24T12:00:00
FC-007749,SEC-005,2026-06-25,20,0,0.76,2026-06-24T12:00:00
FC-007750,SEC-005,2026-06-25,21,0,0.89,2026-06-24T12:00:00
FC-007751,SEC-005,2026-06-25,22,0,0.75,2026-06-24T12:00:00
FC-007752,SEC-005,2026-06-25,23,1,0.92,2026-06-24T12:00:00
FC-007753,SEC-006,2026-06-25,0,2,0.91,2026-06-24T12:00:00
FC-007754,SEC-006,2026-06-25,1,0,0.8,2026-06-24T12:00:00
FC-007755,SEC-006,2026-06-25,2,0,0.86,2026-06-24T12:00:00
FC-007756,SEC-006,2026-06-25,3,1,0.8,2026-06-24T12:00:00
FC-007757,SEC-006,2026-06-25,4,0,0.89,2026-06-24T12:00:00
FC-007758,SEC-006,2026-06-25,5,0,0.78,2026-06-24T12:00:00
FC-007759,SEC-006,2026-06-25,6,0,0.71,2026-06-24T12:00:00
FC-007760,SEC-006,2026-06-25,7,1,0.88,2026-06-24T12:00:00
FC-007761,SEC-006,2026-06-25,8,0,0.92,2026-06-24T12:00:00
FC-007762,SEC-006,2026-06-25,9,0,0.9,2026-06-24T12:00:00
FC-007763,SEC-006,2026-06-25,10,1,0.78,2026-06-24T12:00:00
FC-007764,SEC-006,2026-06-25,11,0,0.71,2026-06-24T12:00:00
FC-007765,SEC-006,2026-06-25,12,0,0.88,2026-06-24T12:00:00
FC-007766,SEC-006,2026-06-25,13,0,0.77,2026-06-24T12:00:00
FC-007767,SEC-006,2026-06-25,14,0,0.73,2026-06-24T12:00:00
FC-007768,SEC-006,2026-06-25,15,1,0.91,2026-06-24T12:00:00
FC-007769,SEC-006,2026-06-25,16,0,0.74,2026-06-24T12:00:00
FC-007770,SEC-006,2026-06-25,17,0,0.74,2026-06-24T12:00:00
FC-007771,SEC-006,2026-06-25,18,0,0.88,2026-06-24T12:00:00
FC-007772,SEC-006,2026-06-25,19,0,0.8,2026-06-24T12:00:00
FC-007773,SEC-006,2026-06-25,20,0,0.73,2026-06-24T12:00:00
FC-007774,SEC-006,2026-06-25,21,1,0.76,2026-06-24T12:00:00
FC-007775,SEC-006,2026-06-25,22,1,0.9,2026-06-24T12:00:00
FC-007776,SEC-006,2026-06-25,23,1,0.76,2026-06-24T12:00:00
FC-007777,SEC-001,2026-06-26,0,2,0.94,2026-06-25T12:00:00
FC-007778,SEC-001,2026-06-26,1,3,0.72,2026-06-25T12:00:00
FC-007779,SEC-001,2026-06-26,2,2,0.9,2026-06-25T12:00:00
FC-007780,SEC-001,2026-06-26,3,1,0.7,2026-06-25T12:00:00
FC-007781,SEC-001,2026-06-26,4,2,0.95,2026-06-25T12:00:00
FC-007782,SEC-001,2026-06-26,5,1,0.82,2026-06-25T12:00:00
FC-007783,SEC-001,2026-06-26,6,1,0.85,2026-06-25T12:00:00
FC-007784,SEC-001,2026-06-26,7,1,0.91,2026-06-25T12:00:00
FC-007785,SEC-001,2026-06-26,8,0,0.75,2026-06-25T12:00:00
FC-007786,SEC-001,2026-06-26,9,0,0.83,2026-06-25T12:00:00
FC-007787,SEC-001,2026-06-26,10,0,0.7,2026-06-25T12:00:00
FC-007788,SEC-001,2026-06-26,11,0,0.83,2026-06-25T12:00:00
FC-007789,SEC-001,2026-06-26,12,0,0.83,2026-06-25T12:00:00
FC-007790,SEC-001,2026-06-26,13,0,0.81,2026-06-25T12:00:00
FC-007791,SEC-001,2026-06-26,14,0,0.73,2026-06-25T12:00:00
FC-007792,SEC-001,2026-06-26,15,2,0.87,2026-06-25T12:00:00
FC-007793,SEC-001,2026-06-26,16,0,0.83,2026-06-25T12:00:00
FC-007794,SEC-001,2026-06-26,17,1,0.71,2026-06-25T12:00:00
FC-007795,SEC-001,2026-06-26,18,0,0.95,2026-06-25T12:00:00
FC-007796,SEC-001,2026-06-26,19,1,0.79,2026-06-25T12:00:00
FC-007797,SEC-001,2026-06-26,20,1,0.78,2026-06-25T12:00:00
FC-007798,SEC-001,2026-06-26,21,0,0.87,2026-06-25T12:00:00
FC-007799,SEC-001,2026-06-26,22,1,0.92,2026-06-25T12:00:00
FC-007800,SEC-001,2026-06-26,23,2,0.76,2026-06-25T12:00:00
FC-007801,SEC-002,2026-06-26,0,3,0.73,2026-06-25T12:00:00
FC-007802,SEC-002,2026-06-26,1,1,0.91,2026-06-25T12:00:00
FC-007803,SEC-002,2026-06-26,2,4,0.82,2026-06-25T12:00:00
FC-007804,SEC-002,2026-06-26,3,1,0.86,2026-06-25T12:00:00
FC-007805,SEC-002,2026-06-26,4,0,0.88,2026-06-25T12:00:00
FC-007806,SEC-002,2026-06-26,5,1,0.82,2026-06-25T12:00:00
FC-007807,SEC-002,2026-06-26,6,0,0.7,2026-06-25T12:00:00
FC-007808,SEC-002,2026-06-26,7,1,0.94,2026-06-25T12:00:00
FC-007809,SEC-002,2026-06-26,8,2,0.84,2026-06-25T12:00:00
FC-007810,SEC-002,2026-06-26,9,1,0.71,2026-06-25T12:00:00
FC-007811,SEC-002,2026-06-26,10,0,0.84,2026-06-25T12:00:00
FC-007812,SEC-002,2026-06-26,11,0,0.82,2026-06-25T12:00:00
FC-007813,SEC-002,2026-06-26,12,0,0.77,2026-06-25T12:00:00
FC-007814,SEC-002,2026-06-26,13,0,0.86,2026-06-25T12:00:00
FC-007815,SEC-002,2026-06-26,14,1,0.78,2026-06-25T12:00:00
FC-007816,SEC-002,2026-06-26,15,1,0.9,2026-06-25T12:00:00
FC-007817,SEC-002,2026-06-26,16,1,0.89,2026-06-25T12:00:00
FC-007818,SEC-002,2026-06-26,17,2,0.77,2026-06-25T12:00:00
FC-007819,SEC-002,2026-06-26,18,0,0.94,2026-06-25T12:00:00
FC-007820,SEC-002,2026-06-26,19,1,0.93,2026-06-25T12:00:00
FC-007821,SEC-002,2026-06-26,20,1,0.93,2026-06-25T12:00:00
FC-007822,SEC-002,2026-06-26,21,0,0.8,2026-06-25T12:00:00
FC-007823,SEC-002,2026-06-26,22,2,0.87,2026-06-25T12:00:00
FC-007824,SEC-002,2026-06-26,23,2,0.94,2026-06-25T12:00:00
FC-007825,SEC-003,2026-06-26,0,0,0.79,2026-06-25T12:00:00
FC-007826,SEC-003,2026-06-26,1,4,0.86,2026-06-25T12:00:00
FC-007827,SEC-003,2026-06-26,2,1,0.91,2026-06-25T12:00:00
FC-007828,SEC-003,2026-06-26,3,4,0.75,2026-06-25T12:00:00
FC-007829,SEC-003,2026-06-26,4,1,0.8,2026-06-25T12:00:00
FC-007830,SEC-003,2026-06-26,5,2,0.8,2026-06-25T12:00:00
FC-007831,SEC-003,2026-06-26,6,0,0.94,2026-06-25T12:00:00
FC-007832,SEC-003,2026-06-26,7,0,0.7,2026-06-25T12:00:00
FC-007833,SEC-003,2026-06-26,8,0,0.87,2026-06-25T12:00:00
FC-007834,SEC-003,2026-06-26,9,1,0.72,2026-06-25T12:00:00
FC-007835,SEC-003,2026-06-26,10,2,0.76,2026-06-25T12:00:00
FC-007836,SEC-003,2026-06-26,11,1,0.74,2026-06-25T12:00:00
FC-007837,SEC-003,2026-06-26,12,0,0.72,2026-06-25T12:00:00
FC-007838,SEC-003,2026-06-26,13,0,0.75,2026-06-25T12:00:00
FC-007839,SEC-003,2026-06-26,14,1,0.76,2026-06-25T12:00:00
FC-007840,SEC-003,2026-06-26,15,1,0.8,2026-06-25T12:00:00
FC-007841,SEC-003,2026-06-26,16,2,0.74,2026-06-25T12:00:00
FC-007842,SEC-003,2026-06-26,17,1,0.83,2026-06-25T12:00:00
FC-007843,SEC-003,2026-06-26,18,0,0.81,2026-06-25T12:00:00
FC-007844,SEC-003,2026-06-26,19,2,0.95,2026-06-25T12:00:00
FC-007845,SEC-003,2026-06-26,20,0,0.71,2026-06-25T12:00:00
FC-007846,SEC-003,2026-06-26,21,1,0.72,2026-06-25T12:00:00
FC-007847,SEC-003,2026-06-26,22,1,0.85,2026-06-25T12:00:00
FC-007848,SEC-003,2026-06-26,23,0,0.71,2026-06-25T12:00:00
FC-007849,SEC-004,2026-06-26,0,1,0.79,2026-06-25T12:00:00
FC-007850,SEC-004,2026-06-26,1,3,0.75,2026-06-25T12:00:00
FC-007851,SEC-004,2026-06-26,2,2,0.89,2026-06-25T12:00:00
FC-007852,SEC-004,2026-06-26,3,3,0.94,2026-06-25T12:00:00
FC-007853,SEC-004,2026-06-26,4,4,0.71,2026-06-25T12:00:00
FC-007854,SEC-004,2026-06-26,5,0,0.74,2026-06-25T12:00:00
FC-007855,SEC-004,2026-06-26,6,0,0.88,2026-06-25T12:00:00
FC-007856,SEC-004,2026-06-26,7,0,0.79,2026-06-25T12:00:00
FC-007857,SEC-004,2026-06-26,8,3,0.83,2026-06-25T12:00:00
FC-007858,SEC-004,2026-06-26,9,0,0.7,2026-06-25T12:00:00
FC-007859,SEC-004,2026-06-26,10,0,0.73,2026-06-25T12:00:00
FC-007860,SEC-004,2026-06-26,11,0,0.92,2026-06-25T12:00:00
FC-007861,SEC-004,2026-06-26,12,0,0.84,2026-06-25T12:00:00
FC-007862,SEC-004,2026-06-26,13,0,0.9,2026-06-25T12:00:00
FC-007863,SEC-004,2026-06-26,14,0,0.93,2026-06-25T12:00:00
FC-007864,SEC-004,2026-06-26,15,1,0.86,2026-06-25T12:00:00
FC-007865,SEC-004,2026-06-26,16,0,0.86,2026-06-25T12:00:00
FC-007866,SEC-004,2026-06-26,17,0,0.83,2026-06-25T12:00:00
FC-007867,SEC-004,2026-06-26,18,2,0.84,2026-06-25T12:00:00
FC-007868,SEC-004,2026-06-26,19,1,0.76,2026-06-25T12:00:00
FC-007869,SEC-004,2026-06-26,20,2,0.74,2026-06-25T12:00:00
FC-007870,SEC-004,2026-06-26,21,0,0.9,2026-06-25T12:00:00
FC-007871,SEC-004,2026-06-26,22,0,0.92,2026-06-25T12:00:00
FC-007872,SEC-004,2026-06-26,23,0,0.9,2026-06-25T12:00:00
FC-007873,SEC-005,2026-06-26,0,1,0.86,2026-06-25T12:00:00
FC-007874,SEC-005,2026-06-26,1,1,0.82,2026-06-25T12:00:00
FC-007875,SEC-005,2026-06-26,2,5,0.79,2026-06-25T12:00:00
FC-007876,SEC-005,2026-06-26,3,3,0.81,2026-06-25T12:00:00
FC-007877,SEC-005,2026-06-26,4,2,0.75,2026-06-25T12:00:00
FC-007878,SEC-005,2026-06-26,5,0,0.9,2026-06-25T12:00:00
FC-007879,SEC-005,2026-06-26,6,0,0.87,2026-06-25T12:00:00
FC-007880,SEC-005,2026-06-26,7,1,0.77,2026-06-25T12:00:00
FC-007881,SEC-005,2026-06-26,8,1,0.79,2026-06-25T12:00:00
FC-007882,SEC-005,2026-06-26,9,0,0.93,2026-06-25T12:00:00
FC-007883,SEC-005,2026-06-26,10,0,0.82,2026-06-25T12:00:00
FC-007884,SEC-005,2026-06-26,11,0,0.93,2026-06-25T12:00:00
FC-007885,SEC-005,2026-06-26,12,0,0.8,2026-06-25T12:00:00
FC-007886,SEC-005,2026-06-26,13,0,0.73,2026-06-25T12:00:00
FC-007887,SEC-005,2026-06-26,14,0,0.75,2026-06-25T12:00:00
FC-007888,SEC-005,2026-06-26,15,1,0.95,2026-06-25T12:00:00
FC-007889,SEC-005,2026-06-26,16,0,0.88,2026-06-25T12:00:00
FC-007890,SEC-005,2026-06-26,17,0,0.75,2026-06-25T12:00:00
FC-007891,SEC-005,2026-06-26,18,0,0.7,2026-06-25T12:00:00
FC-007892,SEC-005,2026-06-26,19,0,0.93,2026-06-25T12:00:00
FC-007893,SEC-005,2026-06-26,20,1,0.94,2026-06-25T12:00:00
FC-007894,SEC-005,2026-06-26,21,1,0.9,2026-06-25T12:00:00
FC-007895,SEC-005,2026-06-26,22,2,0.77,2026-06-25T12:00:00
FC-007896,SEC-005,2026-06-26,23,3,0.81,2026-06-25T12:00:00
FC-007897,SEC-006,2026-06-26,0,0,0.94,2026-06-25T12:00:00
FC-007898,SEC-006,2026-06-26,1,3,0.76,2026-06-25T12:00:00
FC-007899,SEC-006,2026-06-26,2,2,0.87,2026-06-25T12:00:00
FC-007900,SEC-006,2026-06-26,3,1,0.7,2026-06-25T12:00:00
FC-007901,SEC-006,2026-06-26,4,1,0.83,2026-06-25T12:00:00
FC-007902,SEC-006,2026-06-26,5,1,0.74,2026-06-25T12:00:00
FC-007903,SEC-006,2026-06-26,6,1,0.87,2026-06-25T12:00:00
FC-007904,SEC-006,2026-06-26,7,0,0.71,2026-06-25T12:00:00
FC-007905,SEC-006,2026-06-26,8,0,0.77,2026-06-25T12:00:00
FC-007906,SEC-006,2026-06-26,9,0,0.88,2026-06-25T12:00:00
FC-007907,SEC-006,2026-06-26,10,1,0.78,2026-06-25T12:00:00
FC-007908,SEC-006,2026-06-26,11,2,0.79,2026-06-25T12:00:00
FC-007909,SEC-006,2026-06-26,12,0,0.74,2026-06-25T12:00:00
FC-007910,SEC-006,2026-06-26,13,1,0.76,2026-06-25T12:00:00
FC-007911,SEC-006,2026-06-26,14,0,0.86,2026-06-25T12:00:00
FC-007912,SEC-006,2026-06-26,15,0,0.83,2026-06-25T12:00:00
FC-007913,SEC-006,2026-06-26,16,0,0.82,2026-06-25T12:00:00
FC-007914,SEC-006,2026-06-26,17,1,0.76,2026-06-25T12:00:00
FC-007915,SEC-006,2026-06-26,18,0,0.72,2026-06-25T12:00:00
FC-007916,SEC-006,2026-06-26,19,1,0.85,2026-06-25T12:00:00
FC-007917,SEC-006,2026-06-26,20,2,0.76,2026-06-25T12:00:00
FC-007918,SEC-006,2026-06-26,21,0,0.84,2026-06-25T12:00:00
FC-007919,SEC-006,2026-06-26,22,1,0.79,2026-06-25T12:00:00
FC-007920,SEC-006,2026-06-26,23,0,0.77,2026-06-25T12:00:00
FC-007921,SEC-001,2026-06-27,0,5,0.9,2026-06-26T12:00:00
FC-007922,SEC-001,2026-06-27,1,0,0.91,2026-06-26T12:00:00
FC-007923,SEC-001,2026-06-27,2,1,0.85,2026-06-26T12:00:00
FC-007924,SEC-001,2026-06-27,3,2,0.88,2026-06-26T12:00:00
FC-007925,SEC-001,2026-06-27,4,2,0.89,2026-06-26T12:00:00
FC-007926,SEC-001,2026-06-27,5,1,0.85,2026-06-26T12:00:00
FC-007927,SEC-001,2026-06-27,6,0,0.76,2026-06-26T12:00:00
FC-007928,SEC-001,2026-06-27,7,1,0.92,2026-06-26T12:00:00
FC-007929,SEC-001,2026-06-27,8,0,0.83,2026-06-26T12:00:00
FC-007930,SEC-001,2026-06-27,9,0,0.91,2026-06-26T12:00:00
FC-007931,SEC-001,2026-06-27,10,0,0.91,2026-06-26T12:00:00
FC-007932,SEC-001,2026-06-27,11,0,0.93,2026-06-26T12:00:00
FC-007933,SEC-001,2026-06-27,12,2,0.71,2026-06-26T12:00:00
FC-007934,SEC-001,2026-06-27,13,1,0.88,2026-06-26T12:00:00
FC-007935,SEC-001,2026-06-27,14,1,0.79,2026-06-26T12:00:00
FC-007936,SEC-001,2026-06-27,15,0,0.88,2026-06-26T12:00:00
FC-007937,SEC-001,2026-06-27,16,1,0.76,2026-06-26T12:00:00
FC-007938,SEC-001,2026-06-27,17,2,0.84,2026-06-26T12:00:00
FC-007939,SEC-001,2026-06-27,18,0,0.86,2026-06-26T12:00:00
FC-007940,SEC-001,2026-06-27,19,0,0.88,2026-06-26T12:00:00
FC-007941,SEC-001,2026-06-27,20,1,0.84,2026-06-26T12:00:00
FC-007942,SEC-001,2026-06-27,21,0,0.79,2026-06-26T12:00:00
FC-007943,SEC-001,2026-06-27,22,4,0.79,2026-06-26T12:00:00
FC-007944,SEC-001,2026-06-27,23,1,0.89,2026-06-26T12:00:00
FC-007945,SEC-002,2026-06-27,0,2,0.94,2026-06-26T12:00:00
FC-007946,SEC-002,2026-06-27,1,0,0.9,2026-06-26T12:00:00
FC-007947,SEC-002,2026-06-27,2,0,0.94,2026-06-26T12:00:00
FC-007948,SEC-002,2026-06-27,3,2,0.92,2026-06-26T12:00:00
FC-007949,SEC-002,2026-06-27,4,2,0.88,2026-06-26T12:00:00
FC-007950,SEC-002,2026-06-27,5,0,0.75,2026-06-26T12:00:00
FC-007951,SEC-002,2026-06-27,6,0,0.71,2026-06-26T12:00:00
FC-007952,SEC-002,2026-06-27,7,0,0.83,2026-06-26T12:00:00
FC-007953,SEC-002,2026-06-27,8,1,0.85,2026-06-26T12:00:00
FC-007954,SEC-002,2026-06-27,9,0,0.8,2026-06-26T12:00:00
FC-007955,SEC-002,2026-06-27,10,0,0.94,2026-06-26T12:00:00
FC-007956,SEC-002,2026-06-27,11,0,0.77,2026-06-26T12:00:00
FC-007957,SEC-002,2026-06-27,12,1,0.91,2026-06-26T12:00:00
FC-007958,SEC-002,2026-06-27,13,0,0.83,2026-06-26T12:00:00
FC-007959,SEC-002,2026-06-27,14,0,0.86,2026-06-26T12:00:00
FC-007960,SEC-002,2026-06-27,15,0,0.92,2026-06-26T12:00:00
FC-007961,SEC-002,2026-06-27,16,1,0.77,2026-06-26T12:00:00
FC-007962,SEC-002,2026-06-27,17,0,0.75,2026-06-26T12:00:00
FC-007963,SEC-002,2026-06-27,18,0,0.89,2026-06-26T12:00:00
FC-007964,SEC-002,2026-06-27,19,1,0.9,2026-06-26T12:00:00
FC-007965,SEC-002,2026-06-27,20,0,0.83,2026-06-26T12:00:00
FC-007966,SEC-002,2026-06-27,21,0,0.95,2026-06-26T12:00:00
FC-007967,SEC-002,2026-06-27,22,2,0.93,2026-06-26T12:00:00
FC-007968,SEC-002,2026-06-27,23,0,0.79,2026-06-26T12:00:00
FC-007969,SEC-003,2026-06-27,0,1,0.93,2026-06-26T12:00:00
FC-007970,SEC-003,2026-06-27,1,3,0.8,2026-06-26T12:00:00
FC-007971,SEC-003,2026-06-27,2,3,0.76,2026-06-26T12:00:00
FC-007972,SEC-003,2026-06-27,3,2,0.9,2026-06-26T12:00:00
FC-007973,SEC-003,2026-06-27,4,0,0.86,2026-06-26T12:00:00
FC-007974,SEC-003,2026-06-27,5,0,0.93,2026-06-26T12:00:00
FC-007975,SEC-003,2026-06-27,6,1,0.87,2026-06-26T12:00:00
FC-007976,SEC-003,2026-06-27,7,2,0.82,2026-06-26T12:00:00
FC-007977,SEC-003,2026-06-27,8,0,0.71,2026-06-26T12:00:00
FC-007978,SEC-003,2026-06-27,9,0,0.9,2026-06-26T12:00:00
FC-007979,SEC-003,2026-06-27,10,0,0.89,2026-06-26T12:00:00
FC-007980,SEC-003,2026-06-27,11,1,0.94,2026-06-26T12:00:00
FC-007981,SEC-003,2026-06-27,12,2,0.86,2026-06-26T12:00:00
FC-007982,SEC-003,2026-06-27,13,0,0.9,2026-06-26T12:00:00
FC-007983,SEC-003,2026-06-27,14,1,0.84,2026-06-26T12:00:00
FC-007984,SEC-003,2026-06-27,15,1,0.79,2026-06-26T12:00:00
FC-007985,SEC-003,2026-06-27,16,0,0.87,2026-06-26T12:00:00
FC-007986,SEC-003,2026-06-27,17,0,0.88,2026-06-26T12:00:00
FC-007987,SEC-003,2026-06-27,18,0,0.76,2026-06-26T12:00:00
FC-007988,SEC-003,2026-06-27,19,0,0.9,2026-06-26T12:00:00
FC-007989,SEC-003,2026-06-27,20,0,0.85,2026-06-26T12:00:00
FC-007990,SEC-003,2026-06-27,21,0,0.79,2026-06-26T12:00:00
FC-007991,SEC-003,2026-06-27,22,2,0.75,2026-06-26T12:00:00
FC-007992,SEC-003,2026-06-27,23,2,0.77,2026-06-26T12:00:00
FC-007993,SEC-004,2026-06-27,0,3,0.73,2026-06-26T12:00:00
FC-007994,SEC-004,2026-06-27,1,2,0.84,2026-06-26T12:00:00
FC-007995,SEC-004,2026-06-27,2,1,0.84,2026-06-26T12:00:00
FC-007996,SEC-004,2026-06-27,3,1,0.76,2026-06-26T12:00:00
FC-007997,SEC-004,2026-06-27,4,1,0.84,2026-06-26T12:00:00
FC-007998,SEC-004,2026-06-27,5,0,0.72,2026-06-26T12:00:00
FC-007999,SEC-004,2026-06-27,6,0,0.83,2026-06-26T12:00:00
FC-008000,SEC-004,2026-06-27,7,0,0.75,2026-06-26T12:00:00
FC-008001,SEC-004,2026-06-27,8,0,0.89,2026-06-26T12:00:00
FC-008002,SEC-004,2026-06-27,9,1,0.71,2026-06-26T12:00:00
FC-008003,SEC-004,2026-06-27,10,0,0.83,2026-06-26T12:00:00
FC-008004,SEC-004,2026-06-27,11,0,0.82,2026-06-26T12:00:00
FC-008005,SEC-004,2026-06-27,12,0,0.89,2026-06-26T12:00:00
FC-008006,SEC-004,2026-06-27,13,1,0.8,2026-06-26T12:00:00
FC-008007,SEC-004,2026-06-27,14,1,0.85,2026-06-26T12:00:00
FC-008008,SEC-004,2026-06-27,15,2,0.76,2026-06-26T12:00:00
FC-008009,SEC-004,2026-06-27,16,0,0.79,2026-06-26T12:00:00
FC-008010,SEC-004,2026-06-27,17,0,0.84,2026-06-26T12:00:00
FC-008011,SEC-004,2026-06-27,18,0,0.77,2026-06-26T12:00:00
FC-008012,SEC-004,2026-06-27,19,0,0.72,2026-06-26T12:00:00
FC-008013,SEC-004,2026-06-27,20,0,0.78,2026-06-26T12:00:00
FC-008014,SEC-004,2026-06-27,21,2,0.82,2026-06-26T12:00:00
FC-008015,SEC-004,2026-06-27,22,2,0.77,2026-06-26T12:00:00
FC-008016,SEC-004,2026-06-27,23,3,0.87,2026-06-26T12:00:00
FC-008017,SEC-005,2026-06-27,0,2,0.93,2026-06-26T12:00:00
FC-008018,SEC-005,2026-06-27,1,0,0.87,2026-06-26T12:00:00
FC-008019,SEC-005,2026-06-27,2,2,0.89,2026-06-26T12:00:00
FC-008020,SEC-005,2026-06-27,3,1,0.94,2026-06-26T12:00:00
FC-008021,SEC-005,2026-06-27,4,2,0.89,2026-06-26T12:00:00
FC-008022,SEC-005,2026-06-27,5,0,0.88,2026-06-26T12:00:00
FC-008023,SEC-005,2026-06-27,6,1,0.71,2026-06-26T12:00:00
FC-008024,SEC-005,2026-06-27,7,2,0.8,2026-06-26T12:00:00
FC-008025,SEC-005,2026-06-27,8,0,0.75,2026-06-26T12:00:00
FC-008026,SEC-005,2026-06-27,9,1,0.73,2026-06-26T12:00:00
FC-008027,SEC-005,2026-06-27,10,0,0.93,2026-06-26T12:00:00
FC-008028,SEC-005,2026-06-27,11,1,0.91,2026-06-26T12:00:00
FC-008029,SEC-005,2026-06-27,12,1,0.81,2026-06-26T12:00:00
FC-008030,SEC-005,2026-06-27,13,0,0.93,2026-06-26T12:00:00
FC-008031,SEC-005,2026-06-27,14,0,0.71,2026-06-26T12:00:00
FC-008032,SEC-005,2026-06-27,15,1,0.93,2026-06-26T12:00:00
FC-008033,SEC-005,2026-06-27,16,0,0.79,2026-06-26T12:00:00
FC-008034,SEC-005,2026-06-27,17,1,0.89,2026-06-26T12:00:00
FC-008035,SEC-005,2026-06-27,18,4,0.87,2026-06-26T12:00:00
FC-008036,SEC-005,2026-06-27,19,0,0.94,2026-06-26T12:00:00
FC-008037,SEC-005,2026-06-27,20,1,0.84,2026-06-26T12:00:00
FC-008038,SEC-005,2026-06-27,21,0,0.8,2026-06-26T12:00:00
FC-008039,SEC-005,2026-06-27,22,3,0.91,2026-06-26T12:00:00
FC-008040,SEC-005,2026-06-27,23,1,0.78,2026-06-26T12:00:00
FC-008041,SEC-006,2026-06-27,0,3,0.84,2026-06-26T12:00:00
FC-008042,SEC-006,2026-06-27,1,4,0.8,2026-06-26T12:00:00
FC-008043,SEC-006,2026-06-27,2,2,0.82,2026-06-26T12:00:00
FC-008044,SEC-006,2026-06-27,3,1,0.75,2026-06-26T12:00:00
FC-008045,SEC-006,2026-06-27,4,1,0.91,2026-06-26T12:00:00
FC-008046,SEC-006,2026-06-27,5,1,0.71,2026-06-26T12:00:00
FC-008047,SEC-006,2026-06-27,6,0,0.93,2026-06-26T12:00:00
FC-008048,SEC-006,2026-06-27,7,0,0.92,2026-06-26T12:00:00
FC-008049,SEC-006,2026-06-27,8,0,0.73,2026-06-26T12:00:00
FC-008050,SEC-006,2026-06-27,9,1,0.87,2026-06-26T12:00:00
FC-008051,SEC-006,2026-06-27,10,0,0.74,2026-06-26T12:00:00
FC-008052,SEC-006,2026-06-27,11,1,0.78,2026-06-26T12:00:00
FC-008053,SEC-006,2026-06-27,12,0,0.81,2026-06-26T12:00:00
FC-008054,SEC-006,2026-06-27,13,1,0.79,2026-06-26T12:00:00
FC-008055,SEC-006,2026-06-27,14,0,0.77,2026-06-26T12:00:00
FC-008056,SEC-006,2026-06-27,15,1,0.85,2026-06-26T12:00:00
FC-008057,SEC-006,2026-06-27,16,0,0.94,2026-06-26T12:00:00
FC-008058,SEC-006,2026-06-27,17,0,0.91,2026-06-26T12:00:00
FC-008059,SEC-006,2026-06-27,18,0,0.77,2026-06-26T12:00:00
FC-008060,SEC-006,2026-06-27,19,0,0.77,2026-06-26T12:00:00
FC-008061,SEC-006,2026-06-27,20,0,0.88,2026-06-26T12:00:00
FC-008062,SEC-006,2026-06-27,21,1,0.84,2026-06-26T12:00:00
FC-008063,SEC-006,2026-06-27,22,3,0.79,2026-06-26T12:00:00
FC-008064,SEC-006,2026-06-27,23,4,0.85,2026-06-26T12:00:00
FC-008065,SEC-001,2026-06-28,0,2,0.8,2026-06-27T12:00:00
FC-008066,SEC-001,2026-06-28,1,3,0.75,2026-06-27T12:00:00
FC-008067,SEC-001,2026-06-28,2,4,0.74,2026-06-27T12:00:00
FC-008068,SEC-001,2026-06-28,3,1,0.89,2026-06-27T12:00:00
FC-008069,SEC-001,2026-06-28,4,3,0.94,2026-06-27T12:00:00
FC-008070,SEC-001,2026-06-28,5,0,0.9,2026-06-27T12:00:00
FC-008071,SEC-001,2026-06-28,6,1,0.93,2026-06-27T12:00:00
FC-008072,SEC-001,2026-06-28,7,1,0.91,2026-06-27T12:00:00
FC-008073,SEC-001,2026-06-28,8,1,0.85,2026-06-27T12:00:00
FC-008074,SEC-001,2026-06-28,9,0,0.71,2026-06-27T12:00:00
FC-008075,SEC-001,2026-06-28,10,0,0.74,2026-06-27T12:00:00
FC-008076,SEC-001,2026-06-28,11,0,0.75,2026-06-27T12:00:00
FC-008077,SEC-001,2026-06-28,12,1,0.73,2026-06-27T12:00:00
FC-008078,SEC-001,2026-06-28,13,0,0.79,2026-06-27T12:00:00
FC-008079,SEC-001,2026-06-28,14,0,0.8,2026-06-27T12:00:00
FC-008080,SEC-001,2026-06-28,15,0,0.94,2026-06-27T12:00:00
FC-008081,SEC-001,2026-06-28,16,2,0.75,2026-06-27T12:00:00
FC-008082,SEC-001,2026-06-28,17,1,0.87,2026-06-27T12:00:00
FC-008083,SEC-001,2026-06-28,18,1,0.83,2026-06-27T12:00:00
FC-008084,SEC-001,2026-06-28,19,1,0.77,2026-06-27T12:00:00
FC-008085,SEC-001,2026-06-28,20,1,0.88,2026-06-27T12:00:00
FC-008086,SEC-001,2026-06-28,21,0,0.76,2026-06-27T12:00:00
FC-008087,SEC-001,2026-06-28,22,1,0.93,2026-06-27T12:00:00
FC-008088,SEC-001,2026-06-28,23,3,0.9,2026-06-27T12:00:00
FC-008089,SEC-002,2026-06-28,0,0,0.75,2026-06-27T12:00:00
FC-008090,SEC-002,2026-06-28,1,4,0.77,2026-06-27T12:00:00
FC-008091,SEC-002,2026-06-28,2,3,0.87,2026-06-27T12:00:00
FC-008092,SEC-002,2026-06-28,3,0,0.89,2026-06-27T12:00:00
FC-008093,SEC-002,2026-06-28,4,1,0.93,2026-06-27T12:00:00
FC-008094,SEC-002,2026-06-28,5,0,0.94,2026-06-27T12:00:00
FC-008095,SEC-002,2026-06-28,6,0,0.89,2026-06-27T12:00:00
FC-008096,SEC-002,2026-06-28,7,0,0.88,2026-06-27T12:00:00
FC-008097,SEC-002,2026-06-28,8,0,0.73,2026-06-27T12:00:00
FC-008098,SEC-002,2026-06-28,9,1,0.73,2026-06-27T12:00:00
FC-008099,SEC-002,2026-06-28,10,1,0.84,2026-06-27T12:00:00
FC-008100,SEC-002,2026-06-28,11,0,0.93,2026-06-27T12:00:00
FC-008101,SEC-002,2026-06-28,12,0,0.85,2026-06-27T12:00:00
FC-008102,SEC-002,2026-06-28,13,0,0.89,2026-06-27T12:00:00
FC-008103,SEC-002,2026-06-28,14,0,0.95,2026-06-27T12:00:00
FC-008104,SEC-002,2026-06-28,15,0,0.94,2026-06-27T12:00:00
FC-008105,SEC-002,2026-06-28,16,1,0.83,2026-06-27T12:00:00
FC-008106,SEC-002,2026-06-28,17,1,0.72,2026-06-27T12:00:00
FC-008107,SEC-002,2026-06-28,18,0,0.77,2026-06-27T12:00:00
FC-008108,SEC-002,2026-06-28,19,2,0.93,2026-06-27T12:00:00
FC-008109,SEC-002,2026-06-28,20,0,0.81,2026-06-27T12:00:00
FC-008110,SEC-002,2026-06-28,21,0,0.82,2026-06-27T12:00:00
FC-008111,SEC-002,2026-06-28,22,1,0.73,2026-06-27T12:00:00
FC-008112,SEC-002,2026-06-28,23,0,0.75,2026-06-27T12:00:00
FC-008113,SEC-003,2026-06-28,0,1,0.87,2026-06-27T12:00:00
FC-008114,SEC-003,2026-06-28,1,2,0.85,2026-06-27T12:00:00
FC-008115,SEC-003,2026-06-28,2,4,0.75,2026-06-27T12:00:00
FC-008116,SEC-003,2026-06-28,3,3,0.71,2026-06-27T12:00:00
FC-008117,SEC-003,2026-06-28,4,1,0.9,2026-06-27T12:00:00
FC-008118,SEC-003,2026-06-28,5,0,0.74,2026-06-27T12:00:00
FC-008119,SEC-003,2026-06-28,6,0,0.88,2026-06-27T12:00:00
FC-008120,SEC-003,2026-06-28,7,0,0.82,2026-06-27T12:00:00
FC-008121,SEC-003,2026-06-28,8,0,0.89,2026-06-27T12:00:00
FC-008122,SEC-003,2026-06-28,9,1,0.92,2026-06-27T12:00:00
FC-008123,SEC-003,2026-06-28,10,0,0.73,2026-06-27T12:00:00
FC-008124,SEC-003,2026-06-28,11,0,0.83,2026-06-27T12:00:00
FC-008125,SEC-003,2026-06-28,12,1,0.84,2026-06-27T12:00:00
FC-008126,SEC-003,2026-06-28,13,0,0.84,2026-06-27T12:00:00
FC-008127,SEC-003,2026-06-28,14,0,0.84,2026-06-27T12:00:00
FC-008128,SEC-003,2026-06-28,15,1,0.87,2026-06-27T12:00:00
FC-008129,SEC-003,2026-06-28,16,0,0.77,2026-06-27T12:00:00
FC-008130,SEC-003,2026-06-28,17,0,0.89,2026-06-27T12:00:00
FC-008131,SEC-003,2026-06-28,18,0,0.88,2026-06-27T12:00:00
FC-008132,SEC-003,2026-06-28,19,0,0.77,2026-06-27T12:00:00
FC-008133,SEC-003,2026-06-28,20,0,0.91,2026-06-27T12:00:00
FC-008134,SEC-003,2026-06-28,21,0,0.81,2026-06-27T12:00:00
FC-008135,SEC-003,2026-06-28,22,0,0.88,2026-06-27T12:00:00
FC-008136,SEC-003,2026-06-28,23,4,0.71,2026-06-27T12:00:00
FC-008137,SEC-004,2026-06-28,0,3,0.83,2026-06-27T12:00:00
FC-008138,SEC-004,2026-06-28,1,5,0.93,2026-06-27T12:00:00
FC-008139,SEC-004,2026-06-28,2,3,0.78,2026-06-27T12:00:00
FC-008140,SEC-004,2026-06-28,3,3,0.84,2026-06-27T12:00:00
FC-008141,SEC-004,2026-06-28,4,1,0.88,2026-06-27T12:00:00
FC-008142,SEC-004,2026-06-28,5,0,0.89,2026-06-27T12:00:00
FC-008143,SEC-004,2026-06-28,6,1,0.82,2026-06-27T12:00:00
FC-008144,SEC-004,2026-06-28,7,1,0.86,2026-06-27T12:00:00
FC-008145,SEC-004,2026-06-28,8,0,0.75,2026-06-27T12:00:00
FC-008146,SEC-004,2026-06-28,9,1,0.86,2026-06-27T12:00:00
FC-008147,SEC-004,2026-06-28,10,0,0.72,2026-06-27T12:00:00
FC-008148,SEC-004,2026-06-28,11,0,0.93,2026-06-27T12:00:00
FC-008149,SEC-004,2026-06-28,12,0,0.89,2026-06-27T12:00:00
FC-008150,SEC-004,2026-06-28,13,0,0.9,2026-06-27T12:00:00
FC-008151,SEC-004,2026-06-28,14,0,0.89,2026-06-27T12:00:00
FC-008152,SEC-004,2026-06-28,15,0,0.84,2026-06-27T12:00:00
FC-008153,SEC-004,2026-06-28,16,0,0.74,2026-06-27T12:00:00
FC-008154,SEC-004,2026-06-28,17,0,0.7,2026-06-27T12:00:00
FC-008155,SEC-004,2026-06-28,18,1,0.85,2026-06-27T12:00:00
FC-008156,SEC-004,2026-06-28,19,1,0.79,2026-06-27T12:00:00
FC-008157,SEC-004,2026-06-28,20,1,0.76,2026-06-27T12:00:00
FC-008158,SEC-004,2026-06-28,21,0,0.85,2026-06-27T12:00:00
FC-008159,SEC-004,2026-06-28,22,1,0.83,2026-06-27T12:00:00
FC-008160,SEC-004,2026-06-28,23,0,0.8,2026-06-27T12:00:00
FC-008161,SEC-005,2026-06-28,0,2,0.82,2026-06-27T12:00:00
FC-008162,SEC-005,2026-06-28,1,0,0.78,2026-06-27T12:00:00
FC-008163,SEC-005,2026-06-28,2,1,0.81,2026-06-27T12:00:00
FC-008164,SEC-005,2026-06-28,3,1,0.76,2026-06-27T12:00:00
FC-008165,SEC-005,2026-06-28,4,3,0.83,2026-06-27T12:00:00
FC-008166,SEC-005,2026-06-28,5,0,0.8,2026-06-27T12:00:00
FC-008167,SEC-005,2026-06-28,6,0,0.83,2026-06-27T12:00:00
FC-008168,SEC-005,2026-06-28,7,0,0.78,2026-06-27T12:00:00
FC-008169,SEC-005,2026-06-28,8,1,0.79,2026-06-27T12:00:00
FC-008170,SEC-005,2026-06-28,9,0,0.86,2026-06-27T12:00:00
FC-008171,SEC-005,2026-06-28,10,0,0.89,2026-06-27T12:00:00
FC-008172,SEC-005,2026-06-28,11,0,0.91,2026-06-27T12:00:00
FC-008173,SEC-005,2026-06-28,12,0,0.87,2026-06-27T12:00:00
FC-008174,SEC-005,2026-06-28,13,1,0.9,2026-06-27T12:00:00
FC-008175,SEC-005,2026-06-28,14,0,0.95,2026-06-27T12:00:00
FC-008176,SEC-005,2026-06-28,15,1,0.95,2026-06-27T12:00:00
FC-008177,SEC-005,2026-06-28,16,1,0.75,2026-06-27T12:00:00
FC-008178,SEC-005,2026-06-28,17,0,0.92,2026-06-27T12:00:00
FC-008179,SEC-005,2026-06-28,18,1,0.82,2026-06-27T12:00:00
FC-008180,SEC-005,2026-06-28,19,1,0.75,2026-06-27T12:00:00
FC-008181,SEC-005,2026-06-28,20,1,0.74,2026-06-27T12:00:00
FC-008182,SEC-005,2026-06-28,21,2,0.8,2026-06-27T12:00:00
FC-008183,SEC-005,2026-06-28,22,1,0.78,2026-06-27T12:00:00
FC-008184,SEC-005,2026-06-28,23,2,0.71,2026-06-27T12:00:00
FC-008185,SEC-006,2026-06-28,0,2,0.72,2026-06-27T12:00:00
FC-008186,SEC-006,2026-06-28,1,2,0.86,2026-06-27T12:00:00
FC-008187,SEC-006,2026-06-28,2,2,0.78,2026-06-27T12:00:00
FC-008188,SEC-006,2026-06-28,3,1,0.84,2026-06-27T12:00:00
FC-008189,SEC-006,2026-06-28,4,2,0.94,2026-06-27T12:00:00
FC-008190,SEC-006,2026-06-28,5,0,0.89,2026-06-27T12:00:00
FC-008191,SEC-006,2026-06-28,6,1,0.74,2026-06-27T12:00:00
FC-008192,SEC-006,2026-06-28,7,0,0.83,2026-06-27T12:00:00
FC-008193,SEC-006,2026-06-28,8,0,0.74,2026-06-27T12:00:00
FC-008194,SEC-006,2026-06-28,9,0,0.82,2026-06-27T12:00:00
FC-008195,SEC-006,2026-06-28,10,0,0.79,2026-06-27T12:00:00
FC-008196,SEC-006,2026-06-28,11,0,0.85,2026-06-27T12:00:00
FC-008197,SEC-006,2026-06-28,12,1,0.84,2026-06-27T12:00:00
FC-008198,SEC-006,2026-06-28,13,0,0.73,2026-06-27T12:00:00
FC-008199,SEC-006,2026-06-28,14,1,0.78,2026-06-27T12:00:00
FC-008200,SEC-006,2026-06-28,15,0,0.95,2026-06-27T12:00:00
FC-008201,SEC-006,2026-06-28,16,0,0.83,2026-06-27T12:00:00
FC-008202,SEC-006,2026-06-28,17,0,0.9,2026-06-27T12:00:00
FC-008203,SEC-006,2026-06-28,18,1,0.76,2026-06-27T12:00:00
FC-008204,SEC-006,2026-06-28,19,0,0.77,2026-06-27T12:00:00
FC-008205,SEC-006,2026-06-28,20,0,0.83,2026-06-27T12:00:00
FC-008206,SEC-006,2026-06-28,21,0,0.89,2026-06-27T12:00:00
FC-008207,SEC-006,2026-06-28,22,1,0.84,2026-06-27T12:00:00
FC-008208,SEC-006,2026-06-28,23,1,0.81,2026-06-27T12:00:00
FC-008209,SEC-001,2026-06-29,0,0,0.9,2026-06-28T12:00:00
FC-008210,SEC-001,2026-06-29,1,7,0.7,2026-06-28T12:00:00
FC-008211,SEC-001,2026-06-29,2,0,0.94,2026-06-28T12:00:00
FC-008212,SEC-001,2026-06-29,3,0,0.74,2026-06-28T12:00:00
FC-008213,SEC-001,2026-06-29,4,4,0.92,2026-06-28T12:00:00
FC-008214,SEC-001,2026-06-29,5,1,0.81,2026-06-28T12:00:00
FC-008215,SEC-001,2026-06-29,6,0,0.71,2026-06-28T12:00:00
FC-008216,SEC-001,2026-06-29,7,1,0.84,2026-06-28T12:00:00
FC-008217,SEC-001,2026-06-29,8,1,0.79,2026-06-28T12:00:00
FC-008218,SEC-001,2026-06-29,9,0,0.95,2026-06-28T12:00:00
FC-008219,SEC-001,2026-06-29,10,0,0.81,2026-06-28T12:00:00
FC-008220,SEC-001,2026-06-29,11,1,0.89,2026-06-28T12:00:00
FC-008221,SEC-001,2026-06-29,12,1,0.74,2026-06-28T12:00:00
FC-008222,SEC-001,2026-06-29,13,0,0.95,2026-06-28T12:00:00
FC-008223,SEC-001,2026-06-29,14,0,0.86,2026-06-28T12:00:00
FC-008224,SEC-001,2026-06-29,15,0,0.9,2026-06-28T12:00:00
FC-008225,SEC-001,2026-06-29,16,0,0.92,2026-06-28T12:00:00
FC-008226,SEC-001,2026-06-29,17,0,0.79,2026-06-28T12:00:00
FC-008227,SEC-001,2026-06-29,18,1,0.74,2026-06-28T12:00:00
FC-008228,SEC-001,2026-06-29,19,0,0.77,2026-06-28T12:00:00
FC-008229,SEC-001,2026-06-29,20,0,0.82,2026-06-28T12:00:00
FC-008230,SEC-001,2026-06-29,21,0,0.9,2026-06-28T12:00:00
FC-008231,SEC-001,2026-06-29,22,1,0.91,2026-06-28T12:00:00
FC-008232,SEC-001,2026-06-29,23,1,0.94,2026-06-28T12:00:00
FC-008233,SEC-002,2026-06-29,0,3,0.88,2026-06-28T12:00:00
FC-008234,SEC-002,2026-06-29,1,2,0.93,2026-06-28T12:00:00
FC-008235,SEC-002,2026-06-29,2,1,0.81,2026-06-28T12:00:00
FC-008236,SEC-002,2026-06-29,3,0,0.93,2026-06-28T12:00:00
FC-008237,SEC-002,2026-06-29,4,4,0.77,2026-06-28T12:00:00
FC-008238,SEC-002,2026-06-29,5,0,0.93,2026-06-28T12:00:00
FC-008239,SEC-002,2026-06-29,6,0,0.92,2026-06-28T12:00:00
FC-008240,SEC-002,2026-06-29,7,0,0.93,2026-06-28T12:00:00
FC-008241,SEC-002,2026-06-29,8,0,0.81,2026-06-28T12:00:00
FC-008242,SEC-002,2026-06-29,9,0,0.82,2026-06-28T12:00:00
FC-008243,SEC-002,2026-06-29,10,0,0.93,2026-06-28T12:00:00
FC-008244,SEC-002,2026-06-29,11,0,0.81,2026-06-28T12:00:00
FC-008245,SEC-002,2026-06-29,12,0,0.71,2026-06-28T12:00:00
FC-008246,SEC-002,2026-06-29,13,1,0.71,2026-06-28T12:00:00
FC-008247,SEC-002,2026-06-29,14,0,0.91,2026-06-28T12:00:00
FC-008248,SEC-002,2026-06-29,15,0,0.84,2026-06-28T12:00:00
FC-008249,SEC-002,2026-06-29,16,0,0.93,2026-06-28T12:00:00
FC-008250,SEC-002,2026-06-29,17,0,0.94,2026-06-28T12:00:00
FC-008251,SEC-002,2026-06-29,18,0,0.79,2026-06-28T12:00:00
FC-008252,SEC-002,2026-06-29,19,0,0.88,2026-06-28T12:00:00
FC-008253,SEC-002,2026-06-29,20,0,0.79,2026-06-28T12:00:00
FC-008254,SEC-002,2026-06-29,21,1,0.89,2026-06-28T12:00:00
FC-008255,SEC-002,2026-06-29,22,2,0.79,2026-06-28T12:00:00
FC-008256,SEC-002,2026-06-29,23,0,0.93,2026-06-28T12:00:00
FC-008257,SEC-003,2026-06-29,0,2,0.92,2026-06-28T12:00:00
FC-008258,SEC-003,2026-06-29,1,1,0.94,2026-06-28T12:00:00
FC-008259,SEC-003,2026-06-29,2,2,0.73,2026-06-28T12:00:00
FC-008260,SEC-003,2026-06-29,3,3,0.79,2026-06-28T12:00:00
FC-008261,SEC-003,2026-06-29,4,5,0.88,2026-06-28T12:00:00
FC-008262,SEC-003,2026-06-29,5,1,0.84,2026-06-28T12:00:00
FC-008263,SEC-003,2026-06-29,6,0,0.87,2026-06-28T12:00:00
FC-008264,SEC-003,2026-06-29,7,0,0.81,2026-06-28T12:00:00
FC-008265,SEC-003,2026-06-29,8,1,0.94,2026-06-28T12:00:00
FC-008266,SEC-003,2026-06-29,9,1,0.82,2026-06-28T12:00:00
FC-008267,SEC-003,2026-06-29,10,2,0.89,2026-06-28T12:00:00
FC-008268,SEC-003,2026-06-29,11,0,0.91,2026-06-28T12:00:00
FC-008269,SEC-003,2026-06-29,12,1,0.87,2026-06-28T12:00:00
FC-008270,SEC-003,2026-06-29,13,0,0.94,2026-06-28T12:00:00
FC-008271,SEC-003,2026-06-29,14,1,0.79,2026-06-28T12:00:00
FC-008272,SEC-003,2026-06-29,15,0,0.93,2026-06-28T12:00:00
FC-008273,SEC-003,2026-06-29,16,1,0.86,2026-06-28T12:00:00
FC-008274,SEC-003,2026-06-29,17,1,0.85,2026-06-28T12:00:00
FC-008275,SEC-003,2026-06-29,18,0,0.87,2026-06-28T12:00:00
FC-008276,SEC-003,2026-06-29,19,1,0.88,2026-06-28T12:00:00
FC-008277,SEC-003,2026-06-29,20,0,0.82,2026-06-28T12:00:00
FC-008278,SEC-003,2026-06-29,21,1,0.91,2026-06-28T12:00:00
FC-008279,SEC-003,2026-06-29,22,0,0.72,2026-06-28T12:00:00
FC-008280,SEC-003,2026-06-29,23,3,0.84,2026-06-28T12:00:00
FC-008281,SEC-004,2026-06-29,0,0,0.9,2026-06-28T12:00:00
FC-008282,SEC-004,2026-06-29,1,1,0.93,2026-06-28T12:00:00
FC-008283,SEC-004,2026-06-29,2,2,0.83,2026-06-28T12:00:00
FC-008284,SEC-004,2026-06-29,3,3,0.72,2026-06-28T12:00:00
FC-008285,SEC-004,2026-06-29,4,2,0.84,2026-06-28T12:00:00
FC-008286,SEC-004,2026-06-29,5,0,0.9,2026-06-28T12:00:00
FC-008287,SEC-004,2026-06-29,6,0,0.83,2026-06-28T12:00:00
FC-008288,SEC-004,2026-06-29,7,1,0.93,2026-06-28T12:00:00
FC-008289,SEC-004,2026-06-29,8,1,0.73,2026-06-28T12:00:00
FC-008290,SEC-004,2026-06-29,9,0,0.85,2026-06-28T12:00:00
FC-008291,SEC-004,2026-06-29,10,1,0.82,2026-06-28T12:00:00
FC-008292,SEC-004,2026-06-29,11,0,0.77,2026-06-28T12:00:00
FC-008293,SEC-004,2026-06-29,12,0,0.83,2026-06-28T12:00:00
FC-008294,SEC-004,2026-06-29,13,0,0.82,2026-06-28T12:00:00
FC-008295,SEC-004,2026-06-29,14,0,0.84,2026-06-28T12:00:00
FC-008296,SEC-004,2026-06-29,15,0,0.82,2026-06-28T12:00:00
FC-008297,SEC-004,2026-06-29,16,0,0.79,2026-06-28T12:00:00
FC-008298,SEC-004,2026-06-29,17,1,0.8,2026-06-28T12:00:00
FC-008299,SEC-004,2026-06-29,18,0,0.91,2026-06-28T12:00:00
FC-008300,SEC-004,2026-06-29,19,1,0.74,2026-06-28T12:00:00
FC-008301,SEC-004,2026-06-29,20,0,0.73,2026-06-28T12:00:00
FC-008302,SEC-004,2026-06-29,21,0,0.94,2026-06-28T12:00:00
FC-008303,SEC-004,2026-06-29,22,4,0.91,2026-06-28T12:00:00
FC-008304,SEC-004,2026-06-29,23,2,0.76,2026-06-28T12:00:00
FC-008305,SEC-005,2026-06-29,0,2,0.82,2026-06-28T12:00:00
FC-008306,SEC-005,2026-06-29,1,3,0.9,2026-06-28T12:00:00
FC-008307,SEC-005,2026-06-29,2,1,0.9,2026-06-28T12:00:00
FC-008308,SEC-005,2026-06-29,3,0,0.89,2026-06-28T12:00:00
FC-008309,SEC-005,2026-06-29,4,4,0.71,2026-06-28T12:00:00
FC-008310,SEC-005,2026-06-29,5,4,0.86,2026-06-28T12:00:00
FC-008311,SEC-005,2026-06-29,6,0,0.92,2026-06-28T12:00:00
FC-008312,SEC-005,2026-06-29,7,0,0.83,2026-06-28T12:00:00
FC-008313,SEC-005,2026-06-29,8,2,0.9,2026-06-28T12:00:00
FC-008314,SEC-005,2026-06-29,9,0,0.71,2026-06-28T12:00:00
FC-008315,SEC-005,2026-06-29,10,1,0.71,2026-06-28T12:00:00
FC-008316,SEC-005,2026-06-29,11,1,0.93,2026-06-28T12:00:00
FC-008317,SEC-005,2026-06-29,12,0,0.93,2026-06-28T12:00:00
FC-008318,SEC-005,2026-06-29,13,0,0.92,2026-06-28T12:00:00
FC-008319,SEC-005,2026-06-29,14,0,0.93,2026-06-28T12:00:00
FC-008320,SEC-005,2026-06-29,15,0,0.95,2026-06-28T12:00:00
FC-008321,SEC-005,2026-06-29,16,0,0.92,2026-06-28T12:00:00
FC-008322,SEC-005,2026-06-29,17,0,0.93,2026-06-28T12:00:00
FC-008323,SEC-005,2026-06-29,18,0,0.78,2026-06-28T12:00:00
FC-008324,SEC-005,2026-06-29,19,0,0.91,2026-06-28T12:00:00
FC-008325,SEC-005,2026-06-29,20,0,0.85,2026-06-28T12:00:00
FC-008326,SEC-005,2026-06-29,21,0,0.71,2026-06-28T12:00:00
FC-008327,SEC-005,2026-06-29,22,2,0.9,2026-06-28T12:00:00
FC-008328,SEC-005,2026-06-29,23,1,0.81,2026-06-28T12:00:00
FC-008329,SEC-006,2026-06-29,0,1,0.77,2026-06-28T12:00:00
FC-008330,SEC-006,2026-06-29,1,0,0.75,2026-06-28T12:00:00
FC-008331,SEC-006,2026-06-29,2,1,0.9,2026-06-28T12:00:00
FC-008332,SEC-006,2026-06-29,3,2,0.83,2026-06-28T12:00:00
FC-008333,SEC-006,2026-06-29,4,2,0.81,2026-06-28T12:00:00
FC-008334,SEC-006,2026-06-29,5,0,0.86,2026-06-28T12:00:00
FC-008335,SEC-006,2026-06-29,6,0,0.73,2026-06-28T12:00:00
FC-008336,SEC-006,2026-06-29,7,0,0.76,2026-06-28T12:00:00
FC-008337,SEC-006,2026-06-29,8,0,0.88,2026-06-28T12:00:00
FC-008338,SEC-006,2026-06-29,9,0,0.92,2026-06-28T12:00:00
FC-008339,SEC-006,2026-06-29,10,1,0.82,2026-06-28T12:00:00
FC-008340,SEC-006,2026-06-29,11,0,0.95,2026-06-28T12:00:00
FC-008341,SEC-006,2026-06-29,12,0,0.94,2026-06-28T12:00:00
FC-008342,SEC-006,2026-06-29,13,1,0.8,2026-06-28T12:00:00
FC-008343,SEC-006,2026-06-29,14,0,0.7,2026-06-28T12:00:00
FC-008344,SEC-006,2026-06-29,15,0,0.79,2026-06-28T12:00:00
FC-008345,SEC-006,2026-06-29,16,0,0.8,2026-06-28T12:00:00
FC-008346,SEC-006,2026-06-29,17,0,0.88,2026-06-28T12:00:00
FC-008347,SEC-006,2026-06-29,18,2,0.93,2026-06-28T12:00:00
FC-008348,SEC-006,2026-06-29,19,3,0.74,2026-06-28T12:00:00
FC-008349,SEC-006,2026-06-29,20,0,0.86,2026-06-28T12:00:00
FC-008350,SEC-006,2026-06-29,21,0,0.8,2026-06-28T12:00:00
FC-008351,SEC-006,2026-06-29,22,2,0.85,2026-06-28T12:00:00
FC-008352,SEC-006,2026-06-29,23,2,0.92,2026-06-28T12:00:00
FC-008353,SEC-001,2026-06-30,0,0,0.8,2026-06-29T12:00:00
FC-008354,SEC-001,2026-06-30,1,2,0.71,2026-06-29T12:00:00
FC-008355,SEC-001,2026-06-30,2,1,0.72,2026-06-29T12:00:00
FC-008356,SEC-001,2026-06-30,3,2,0.95,2026-06-29T12:00:00
FC-008357,SEC-001,2026-06-30,4,2,0.77,2026-06-29T12:00:00
FC-008358,SEC-001,2026-06-30,5,1,0.92,2026-06-29T12:00:00
FC-008359,SEC-001,2026-06-30,6,1,0.76,2026-06-29T12:00:00
FC-008360,SEC-001,2026-06-30,7,0,0.83,2026-06-29T12:00:00
FC-008361,SEC-001,2026-06-30,8,1,0.82,2026-06-29T12:00:00
FC-008362,SEC-001,2026-06-30,9,0,0.76,2026-06-29T12:00:00
FC-008363,SEC-001,2026-06-30,10,0,0.74,2026-06-29T12:00:00
FC-008364,SEC-001,2026-06-30,11,0,0.85,2026-06-29T12:00:00
FC-008365,SEC-001,2026-06-30,12,0,0.8,2026-06-29T12:00:00
FC-008366,SEC-001,2026-06-30,13,0,0.73,2026-06-29T12:00:00
FC-008367,SEC-001,2026-06-30,14,0,0.83,2026-06-29T12:00:00
FC-008368,SEC-001,2026-06-30,15,2,0.72,2026-06-29T12:00:00
FC-008369,SEC-001,2026-06-30,16,0,0.7,2026-06-29T12:00:00
FC-008370,SEC-001,2026-06-30,17,0,0.73,2026-06-29T12:00:00
FC-008371,SEC-001,2026-06-30,18,0,0.8,2026-06-29T12:00:00
FC-008372,SEC-001,2026-06-30,19,0,0.83,2026-06-29T12:00:00
FC-008373,SEC-001,2026-06-30,20,1,0.78,2026-06-29T12:00:00
FC-008374,SEC-001,2026-06-30,21,0,0.79,2026-06-29T12:00:00
FC-008375,SEC-001,2026-06-30,22,3,0.72,2026-06-29T12:00:00
FC-008376,SEC-001,2026-06-30,23,1,0.89,2026-06-29T12:00:00
FC-008377,SEC-002,2026-06-30,0,1,0.93,2026-06-29T12:00:00
FC-008378,SEC-002,2026-06-30,1,2,0.75,2026-06-29T12:00:00
FC-008379,SEC-002,2026-06-30,2,1,0.81,2026-06-29T12:00:00
FC-008380,SEC-002,2026-06-30,3,3,0.82,2026-06-29T12:00:00
FC-008381,SEC-002,2026-06-30,4,0,0.92,2026-06-29T12:00:00
FC-008382,SEC-002,2026-06-30,5,0,0.77,2026-06-29T12:00:00
FC-008383,SEC-002,2026-06-30,6,1,0.83,2026-06-29T12:00:00
FC-008384,SEC-002,2026-06-30,7,1,0.83,2026-06-29T12:00:00
FC-008385,SEC-002,2026-06-30,8,0,0.88,2026-06-29T12:00:00
FC-008386,SEC-002,2026-06-30,9,0,0.93,2026-06-29T12:00:00
FC-008387,SEC-002,2026-06-30,10,0,0.77,2026-06-29T12:00:00
FC-008388,SEC-002,2026-06-30,11,0,0.87,2026-06-29T12:00:00
FC-008389,SEC-002,2026-06-30,12,1,0.92,2026-06-29T12:00:00
FC-008390,SEC-002,2026-06-30,13,0,0.85,2026-06-29T12:00:00
FC-008391,SEC-002,2026-06-30,14,0,0.82,2026-06-29T12:00:00
FC-008392,SEC-002,2026-06-30,15,1,0.73,2026-06-29T12:00:00
FC-008393,SEC-002,2026-06-30,16,1,0.75,2026-06-29T12:00:00
FC-008394,SEC-002,2026-06-30,17,1,0.84,2026-06-29T12:00:00
FC-008395,SEC-002,2026-06-30,18,0,0.9,2026-06-29T12:00:00
FC-008396,SEC-002,2026-06-30,19,1,0.74,2026-06-29T12:00:00
FC-008397,SEC-002,2026-06-30,20,0,0.89,2026-06-29T12:00:00
FC-008398,SEC-002,2026-06-30,21,1,0.84,2026-06-29T12:00:00
FC-008399,SEC-002,2026-06-30,22,1,0.74,2026-06-29T12:00:00
FC-008400,SEC-002,2026-06-30,23,2,0.89,2026-06-29T12:00:00
FC-008401,SEC-003,2026-06-30,0,1,0.85,2026-06-29T12:00:00
FC-008402,SEC-003,2026-06-30,1,2,0.88,2026-06-29T12:00:00
FC-008403,SEC-003,2026-06-30,2,0,0.91,2026-06-29T12:00:00
FC-008404,SEC-003,2026-06-30,3,4,0.78,2026-06-29T12:00:00
FC-008405,SEC-003,2026-06-30,4,3,0.72,2026-06-29T12:00:00
FC-008406,SEC-003,2026-06-30,5,0,0.75,2026-06-29T12:00:00
FC-008407,SEC-003,2026-06-30,6,0,0.83,2026-06-29T12:00:00
FC-008408,SEC-003,2026-06-30,7,0,0.71,2026-06-29T12:00:00
FC-008409,SEC-003,2026-06-30,8,0,0.93,2026-06-29T12:00:00
FC-008410,SEC-003,2026-06-30,9,0,0.77,2026-06-29T12:00:00
FC-008411,SEC-003,2026-06-30,10,0,0.77,2026-06-29T12:00:00
FC-008412,SEC-003,2026-06-30,11,0,0.9,2026-06-29T12:00:00
FC-008413,SEC-003,2026-06-30,12,2,0.78,2026-06-29T12:00:00
FC-008414,SEC-003,2026-06-30,13,0,0.77,2026-06-29T12:00:00
FC-008415,SEC-003,2026-06-30,14,1,0.78,2026-06-29T12:00:00
FC-008416,SEC-003,2026-06-30,15,0,0.75,2026-06-29T12:00:00
FC-008417,SEC-003,2026-06-30,16,1,0.77,2026-06-29T12:00:00
FC-008418,SEC-003,2026-06-30,17,0,0.73,2026-06-29T12:00:00
FC-008419,SEC-003,2026-06-30,18,1,0.75,2026-06-29T12:00:00
FC-008420,SEC-003,2026-06-30,19,0,0.95,2026-06-29T12:00:00
FC-008421,SEC-003,2026-06-30,20,1,0.85,2026-06-29T12:00:00
FC-008422,SEC-003,2026-06-30,21,1,0.9,2026-06-29T12:00:00
FC-008423,SEC-003,2026-06-30,22,0,0.71,2026-06-29T12:00:00
FC-008424,SEC-003,2026-06-30,23,0,0.91,2026-06-29T12:00:00
FC-008425,SEC-004,2026-06-30,0,1,0.88,2026-06-29T12:00:00
FC-008426,SEC-004,2026-06-30,1,4,0.77,2026-06-29T12:00:00
FC-008427,SEC-004,2026-06-30,2,1,0.85,2026-06-29T12:00:00
FC-008428,SEC-004,2026-06-30,3,1,0.73,2026-06-29T12:00:00
FC-008429,SEC-004,2026-06-30,4,2,0.87,2026-06-29T12:00:00
FC-008430,SEC-004,2026-06-30,5,0,0.7,2026-06-29T12:00:00
FC-008431,SEC-004,2026-06-30,6,1,0.82,2026-06-29T12:00:00
FC-008432,SEC-004,2026-06-30,7,1,0.72,2026-06-29T12:00:00
FC-008433,SEC-004,2026-06-30,8,0,0.9,2026-06-29T12:00:00
FC-008434,SEC-004,2026-06-30,9,0,0.81,2026-06-29T12:00:00
FC-008435,SEC-004,2026-06-30,10,0,0.84,2026-06-29T12:00:00
FC-008436,SEC-004,2026-06-30,11,0,0.82,2026-06-29T12:00:00
FC-008437,SEC-004,2026-06-30,12,0,0.79,2026-06-29T12:00:00
FC-008438,SEC-004,2026-06-30,13,0,0.75,2026-06-29T12:00:00
FC-008439,SEC-004,2026-06-30,14,1,0.8,2026-06-29T12:00:00
FC-008440,SEC-004,2026-06-30,15,0,0.7,2026-06-29T12:00:00
FC-008441,SEC-004,2026-06-30,16,1,0.77,2026-06-29T12:00:00
FC-008442,SEC-004,2026-06-30,17,1,0.89,2026-06-29T12:00:00
FC-008443,SEC-004,2026-06-30,18,1,0.78,2026-06-29T12:00:00
FC-008444,SEC-004,2026-06-30,19,1,0.95,2026-06-29T12:00:00
FC-008445,SEC-004,2026-06-30,20,2,0.79,2026-06-29T12:00:00
FC-008446,SEC-004,2026-06-30,21,1,0.85,2026-06-29T12:00:00
FC-008447,SEC-004,2026-06-30,22,1,0.73,2026-06-29T12:00:00
FC-008448,SEC-004,2026-06-30,23,2,0.92,2026-06-29T12:00:00
FC-008449,SEC-005,2026-06-30,0,0,0.76,2026-06-29T12:00:00
FC-008450,SEC-005,2026-06-30,1,3,0.75,2026-06-29T12:00:00
FC-008451,SEC-005,2026-06-30,2,2,0.75,2026-06-29T12:00:00
FC-008452,SEC-005,2026-06-30,3,4,0.93,2026-06-29T12:00:00
FC-008453,SEC-005,2026-06-30,4,2,0.91,2026-06-29T12:00:00
FC-008454,SEC-005,2026-06-30,5,1,0.87,2026-06-29T12:00:00
FC-008455,SEC-005,2026-06-30,6,0,0.92,2026-06-29T12:00:00
FC-008456,SEC-005,2026-06-30,7,0,0.75,2026-06-29T12:00:00
FC-008457,SEC-005,2026-06-30,8,0,0.74,2026-06-29T12:00:00
FC-008458,SEC-005,2026-06-30,9,1,0.78,2026-06-29T12:00:00
FC-008459,SEC-005,2026-06-30,10,0,0.84,2026-06-29T12:00:00
FC-008460,SEC-005,2026-06-30,11,0,0.82,2026-06-29T12:00:00
FC-008461,SEC-005,2026-06-30,12,1,0.94,2026-06-29T12:00:00
FC-008462,SEC-005,2026-06-30,13,0,0.74,2026-06-29T12:00:00
FC-008463,SEC-005,2026-06-30,14,0,0.74,2026-06-29T12:00:00
FC-008464,SEC-005,2026-06-30,15,1,0.93,2026-06-29T12:00:00
FC-008465,SEC-005,2026-06-30,16,0,0.78,2026-06-29T12:00:00
FC-008466,SEC-005,2026-06-30,17,1,0.72,2026-06-29T12:00:00
FC-008467,SEC-005,2026-06-30,18,1,0.86,2026-06-29T12:00:00
FC-008468,SEC-005,2026-06-30,19,1,0.86,2026-06-29T12:00:00
FC-008469,SEC-005,2026-06-30,20,0,0.76,2026-06-29T12:00:00
FC-008470,SEC-005,2026-06-30,21,0,0.85,2026-06-29T12:00:00
FC-008471,SEC-005,2026-06-30,22,2,0.93,2026-06-29T12:00:00
FC-008472,SEC-005,2026-06-30,23,2,0.71,2026-06-29T12:00:00
FC-008473,SEC-006,2026-06-30,0,1,0.84,2026-06-29T12:00:00
FC-008474,SEC-006,2026-06-30,1,2,0.89,2026-06-29T12:00:00
FC-008475,SEC-006,2026-06-30,2,1,0.95,2026-06-29T12:00:00
FC-008476,SEC-006,2026-06-30,3,1,0.88,2026-06-29T12:00:00
FC-008477,SEC-006,2026-06-30,4,0,0.83,2026-06-29T12:00:00
FC-008478,SEC-006,2026-06-30,5,0,0.76,2026-06-29T12:00:00
FC-008479,SEC-006,2026-06-30,6,1,0.78,2026-06-29T12:00:00
FC-008480,SEC-006,2026-06-30,7,0,0.93,2026-06-29T12:00:00
FC-008481,SEC-006,2026-06-30,8,1,0.73,2026-06-29T12:00:00
FC-008482,SEC-006,2026-06-30,9,0,0.82,2026-06-29T12:00:00
FC-008483,SEC-006,2026-06-30,10,0,0.7,2026-06-29T12:00:00
FC-008484,SEC-006,2026-06-30,11,0,0.93,2026-06-29T12:00:00
FC-008485,SEC-006,2026-06-30,12,0,0.79,2026-06-29T12:00:00
FC-008486,SEC-006,2026-06-30,13,2,0.83,2026-06-29T12:00:00
FC-008487,SEC-006,2026-06-30,14,0,0.9,2026-06-29T12:00:00
FC-008488,SEC-006,2026-06-30,15,0,0.85,2026-06-29T12:00:00
FC-008489,SEC-006,2026-06-30,16,0,0.71,2026-06-29T12:00:00
FC-008490,SEC-006,2026-06-30,17,0,0.81,2026-06-29T12:00:00
FC-008491,SEC-006,2026-06-30,18,0,0.76,2026-06-29T12:00:00
FC-008492,SEC-006,2026-06-30,19,0,0.72,2026-06-29T12:00:00
FC-008493,SEC-006,2026-06-30,20,0,0.95,2026-06-29T12:00:00
FC-008494,SEC-006,2026-06-30,21,0,0.82,2026-06-29T12:00:00
FC-008495,SEC-006,2026-06-30,22,1,0.84,2026-06-29T12:00:00
FC-008496,SEC-006,2026-06-30,23,1,0.8,2026-06-29T12:00:00
FC-008497,SEC-001,2026-07-01,0,5,0.82,2026-06-30T12:00:00
FC-008498,SEC-001,2026-07-01,1,1,0.9,2026-06-30T12:00:00
FC-008499,SEC-001,2026-07-01,2,1,0.81,2026-06-30T12:00:00
FC-008500,SEC-001,2026-07-01,3,1,0.76,2026-06-30T12:00:00
FC-008501,SEC-001,2026-07-01,4,1,0.82,2026-06-30T12:00:00
FC-008502,SEC-001,2026-07-01,5,0,0.85,2026-06-30T12:00:00
FC-008503,SEC-001,2026-07-01,6,0,0.77,2026-06-30T12:00:00
FC-008504,SEC-001,2026-07-01,7,1,0.72,2026-06-30T12:00:00
FC-008505,SEC-001,2026-07-01,8,0,0.78,2026-06-30T12:00:00
FC-008506,SEC-001,2026-07-01,9,0,0.93,2026-06-30T12:00:00
FC-008507,SEC-001,2026-07-01,10,0,0.86,2026-06-30T12:00:00
FC-008508,SEC-001,2026-07-01,11,0,0.86,2026-06-30T12:00:00
FC-008509,SEC-001,2026-07-01,12,0,0.73,2026-06-30T12:00:00
FC-008510,SEC-001,2026-07-01,13,1,0.93,2026-06-30T12:00:00
FC-008511,SEC-001,2026-07-01,14,1,0.77,2026-06-30T12:00:00
FC-008512,SEC-001,2026-07-01,15,0,0.78,2026-06-30T12:00:00
FC-008513,SEC-001,2026-07-01,16,0,0.82,2026-06-30T12:00:00
FC-008514,SEC-001,2026-07-01,17,0,0.77,2026-06-30T12:00:00
FC-008515,SEC-001,2026-07-01,18,1,0.71,2026-06-30T12:00:00
FC-008516,SEC-001,2026-07-01,19,0,0.71,2026-06-30T12:00:00
FC-008517,SEC-001,2026-07-01,20,0,0.88,2026-06-30T12:00:00
FC-008518,SEC-001,2026-07-01,21,1,0.87,2026-06-30T12:00:00
FC-008519,SEC-001,2026-07-01,22,4,0.9,2026-06-30T12:00:00
FC-008520,SEC-001,2026-07-01,23,3,0.78,2026-06-30T12:00:00
FC-008521,SEC-002,2026-07-01,0,2,0.77,2026-06-30T12:00:00
FC-008522,SEC-002,2026-07-01,1,3,0.7,2026-06-30T12:00:00
FC-008523,SEC-002,2026-07-01,2,1,0.89,2026-06-30T12:00:00
FC-008524,SEC-002,2026-07-01,3,1,0.76,2026-06-30T12:00:00
FC-008525,SEC-002,2026-07-01,4,3,0.78,2026-06-30T12:00:00
FC-008526,SEC-002,2026-07-01,5,0,0.86,2026-06-30T12:00:00
FC-008527,SEC-002,2026-07-01,6,0,0.95,2026-06-30T12:00:00
FC-008528,SEC-002,2026-07-01,7,0,0.82,2026-06-30T12:00:00
FC-008529,SEC-002,2026-07-01,8,1,0.7,2026-06-30T12:00:00
FC-008530,SEC-002,2026-07-01,9,1,0.8,2026-06-30T12:00:00
FC-008531,SEC-002,2026-07-01,10,0,0.7,2026-06-30T12:00:00
FC-008532,SEC-002,2026-07-01,11,0,0.79,2026-06-30T12:00:00
FC-008533,SEC-002,2026-07-01,12,0,0.71,2026-06-30T12:00:00
FC-008534,SEC-002,2026-07-01,13,0,0.89,2026-06-30T12:00:00
FC-008535,SEC-002,2026-07-01,14,0,0.72,2026-06-30T12:00:00
FC-008536,SEC-002,2026-07-01,15,0,0.9,2026-06-30T12:00:00
FC-008537,SEC-002,2026-07-01,16,0,0.94,2026-06-30T12:00:00
FC-008538,SEC-002,2026-07-01,17,0,0.86,2026-06-30T12:00:00
FC-008539,SEC-002,2026-07-01,18,0,0.79,2026-06-30T12:00:00
FC-008540,SEC-002,2026-07-01,19,0,0.81,2026-06-30T12:00:00
FC-008541,SEC-002,2026-07-01,20,1,0.84,2026-06-30T12:00:00
FC-008542,SEC-002,2026-07-01,21,1,0.72,2026-06-30T12:00:00
FC-008543,SEC-002,2026-07-01,22,2,0.82,2026-06-30T12:00:00
FC-008544,SEC-002,2026-07-01,23,2,0.89,2026-06-30T12:00:00
FC-008545,SEC-003,2026-07-01,0,3,0.7,2026-06-30T12:00:00
FC-008546,SEC-003,2026-07-01,1,1,0.85,2026-06-30T12:00:00
FC-008547,SEC-003,2026-07-01,2,2,0.83,2026-06-30T12:00:00
FC-008548,SEC-003,2026-07-01,3,0,0.82,2026-06-30T12:00:00
FC-008549,SEC-003,2026-07-01,4,0,0.81,2026-06-30T12:00:00
FC-008550,SEC-003,2026-07-01,5,1,0.86,2026-06-30T12:00:00
FC-008551,SEC-003,2026-07-01,6,0,0.72,2026-06-30T12:00:00
FC-008552,SEC-003,2026-07-01,7,1,0.87,2026-06-30T12:00:00
FC-008553,SEC-003,2026-07-01,8,1,0.73,2026-06-30T12:00:00
FC-008554,SEC-003,2026-07-01,9,0,0.88,2026-06-30T12:00:00
FC-008555,SEC-003,2026-07-01,10,0,0.77,2026-06-30T12:00:00
FC-008556,SEC-003,2026-07-01,11,0,0.94,2026-06-30T12:00:00
FC-008557,SEC-003,2026-07-01,12,1,0.89,2026-06-30T12:00:00
FC-008558,SEC-003,2026-07-01,13,1,0.81,2026-06-30T12:00:00
FC-008559,SEC-003,2026-07-01,14,1,0.75,2026-06-30T12:00:00
FC-008560,SEC-003,2026-07-01,15,0,0.76,2026-06-30T12:00:00
FC-008561,SEC-003,2026-07-01,16,0,0.86,2026-06-30T12:00:00
FC-008562,SEC-003,2026-07-01,17,0,0.83,2026-06-30T12:00:00
FC-008563,SEC-003,2026-07-01,18,2,0.83,2026-06-30T12:00:00
FC-008564,SEC-003,2026-07-01,19,0,0.76,2026-06-30T12:00:00
FC-008565,SEC-003,2026-07-01,20,1,0.91,2026-06-30T12:00:00
FC-008566,SEC-003,2026-07-01,21,0,0.91,2026-06-30T12:00:00
FC-008567,SEC-003,2026-07-01,22,1,0.94,2026-06-30T12:00:00
FC-008568,SEC-003,2026-07-01,23,0,0.71,2026-06-30T12:00:00
FC-008569,SEC-004,2026-07-01,0,0,0.81,2026-06-30T12:00:00
FC-008570,SEC-004,2026-07-01,1,2,0.91,2026-06-30T12:00:00
FC-008571,SEC-004,2026-07-01,2,0,0.91,2026-06-30T12:00:00
FC-008572,SEC-004,2026-07-01,3,1,0.84,2026-06-30T12:00:00
FC-008573,SEC-004,2026-07-01,4,4,0.8,2026-06-30T12:00:00
FC-008574,SEC-004,2026-07-01,5,0,0.9,2026-06-30T12:00:00
FC-008575,SEC-004,2026-07-01,6,0,0.89,2026-06-30T12:00:00
FC-008576,SEC-004,2026-07-01,7,1,0.87,2026-06-30T12:00:00
FC-008577,SEC-004,2026-07-01,8,0,0.88,2026-06-30T12:00:00
FC-008578,SEC-004,2026-07-01,9,0,0.93,2026-06-30T12:00:00
FC-008579,SEC-004,2026-07-01,10,0,0.88,2026-06-30T12:00:00
FC-008580,SEC-004,2026-07-01,11,0,0.82,2026-06-30T12:00:00
FC-008581,SEC-004,2026-07-01,12,0,0.72,2026-06-30T12:00:00
FC-008582,SEC-004,2026-07-01,13,0,0.87,2026-06-30T12:00:00
FC-008583,SEC-004,2026-07-01,14,0,0.84,2026-06-30T12:00:00
FC-008584,SEC-004,2026-07-01,15,1,0.81,2026-06-30T12:00:00
FC-008585,SEC-004,2026-07-01,16,0,0.75,2026-06-30T12:00:00
FC-008586,SEC-004,2026-07-01,17,0,0.89,2026-06-30T12:00:00
FC-008587,SEC-004,2026-07-01,18,1,0.75,2026-06-30T12:00:00
FC-008588,SEC-004,2026-07-01,19,0,0.87,2026-06-30T12:00:00
FC-008589,SEC-004,2026-07-01,20,2,0.79,2026-06-30T12:00:00
FC-008590,SEC-004,2026-07-01,21,0,0.93,2026-06-30T12:00:00
FC-008591,SEC-004,2026-07-01,22,3,0.91,2026-06-30T12:00:00
FC-008592,SEC-004,2026-07-01,23,0,0.91,2026-06-30T12:00:00
FC-008593,SEC-005,2026-07-01,0,1,0.8,2026-06-30T12:00:00
FC-008594,SEC-005,2026-07-01,1,0,0.86,2026-06-30T12:00:00
FC-008595,SEC-005,2026-07-01,2,2,0.79,2026-06-30T12:00:00
FC-008596,SEC-005,2026-07-01,3,1,0.91,2026-06-30T12:00:00
FC-008597,SEC-005,2026-07-01,4,6,0.76,2026-06-30T12:00:00
FC-008598,SEC-005,2026-07-01,5,0,0.89,2026-06-30T12:00:00
FC-008599,SEC-005,2026-07-01,6,2,0.75,2026-06-30T12:00:00
FC-008600,SEC-005,2026-07-01,7,0,0.7,2026-06-30T12:00:00
FC-008601,SEC-005,2026-07-01,8,0,0.88,2026-06-30T12:00:00
FC-008602,SEC-005,2026-07-01,9,0,0.86,2026-06-30T12:00:00
FC-008603,SEC-005,2026-07-01,10,0,0.93,2026-06-30T12:00:00
FC-008604,SEC-005,2026-07-01,11,0,0.74,2026-06-30T12:00:00
FC-008605,SEC-005,2026-07-01,12,1,0.8,2026-06-30T12:00:00
FC-008606,SEC-005,2026-07-01,13,0,0.8,2026-06-30T12:00:00
FC-008607,SEC-005,2026-07-01,14,0,0.71,2026-06-30T12:00:00
FC-008608,SEC-005,2026-07-01,15,0,0.86,2026-06-30T12:00:00
FC-008609,SEC-005,2026-07-01,16,1,0.82,2026-06-30T12:00:00
FC-008610,SEC-005,2026-07-01,17,1,0.85,2026-06-30T12:00:00
FC-008611,SEC-005,2026-07-01,18,0,0.83,2026-06-30T12:00:00
FC-008612,SEC-005,2026-07-01,19,0,0.8,2026-06-30T12:00:00
FC-008613,SEC-005,2026-07-01,20,0,0.72,2026-06-30T12:00:00
FC-008614,SEC-005,2026-07-01,21,2,0.86,2026-06-30T12:00:00
FC-008615,SEC-005,2026-07-01,22,4,0.88,2026-06-30T12:00:00
FC-008616,SEC-005,2026-07-01,23,1,0.88,2026-06-30T12:00:00
FC-008617,SEC-006,2026-07-01,0,0,0.71,2026-06-30T12:00:00
FC-008618,SEC-006,2026-07-01,1,0,0.91,2026-06-30T12:00:00
FC-008619,SEC-006,2026-07-01,2,3,0.88,2026-06-30T12:00:00
FC-008620,SEC-006,2026-07-01,3,3,0.87,2026-06-30T12:00:00
FC-008621,SEC-006,2026-07-01,4,2,0.74,2026-06-30T12:00:00
FC-008622,SEC-006,2026-07-01,5,0,0.8,2026-06-30T12:00:00
FC-008623,SEC-006,2026-07-01,6,0,0.88,2026-06-30T12:00:00
FC-008624,SEC-006,2026-07-01,7,1,0.83,2026-06-30T12:00:00
FC-008625,SEC-006,2026-07-01,8,0,0.7,2026-06-30T12:00:00
FC-008626,SEC-006,2026-07-01,9,2,0.81,2026-06-30T12:00:00
FC-008627,SEC-006,2026-07-01,10,0,0.89,2026-06-30T12:00:00
FC-008628,SEC-006,2026-07-01,11,0,0.92,2026-06-30T12:00:00
FC-008629,SEC-006,2026-07-01,12,0,0.88,2026-06-30T12:00:00
FC-008630,SEC-006,2026-07-01,13,1,0.91,2026-06-30T12:00:00
FC-008631,SEC-006,2026-07-01,14,0,0.89,2026-06-30T12:00:00
FC-008632,SEC-006,2026-07-01,15,1,0.71,2026-06-30T12:00:00
FC-008633,SEC-006,2026-07-01,16,1,0.72,2026-06-30T12:00:00
FC-008634,SEC-006,2026-07-01,17,0,0.73,2026-06-30T12:00:00
FC-008635,SEC-006,2026-07-01,18,0,0.92,2026-06-30T12:00:00
FC-008636,SEC-006,2026-07-01,19,0,0.74,2026-06-30T12:00:00
FC-008637,SEC-006,2026-07-01,20,1,0.81,2026-06-30T12:00:00
FC-008638,SEC-006,2026-07-01,21,2,0.86,2026-06-30T12:00:00
FC-008639,SEC-006,2026-07-01,22,1,0.83,2026-06-30T12:00:00
FC-008640,SEC-006,2026-07-01,23,2,0.88,2026-06-30T12:00:00
FC-008641,SEC-001,2026-07-02,0,1,0.81,2026-07-01T12:00:00
FC-008642,SEC-001,2026-07-02,1,7,0.74,2026-07-01T12:00:00
FC-008643,SEC-001,2026-07-02,2,2,0.94,2026-07-01T12:00:00
FC-008644,SEC-001,2026-07-02,3,5,0.86,2026-07-01T12:00:00
FC-008645,SEC-001,2026-07-02,4,1,0.79,2026-07-01T12:00:00
FC-008646,SEC-001,2026-07-02,5,0,0.83,2026-07-01T12:00:00
FC-008647,SEC-001,2026-07-02,6,0,0.81,2026-07-01T12:00:00
FC-008648,SEC-001,2026-07-02,7,0,0.94,2026-07-01T12:00:00
FC-008649,SEC-001,2026-07-02,8,1,0.83,2026-07-01T12:00:00
FC-008650,SEC-001,2026-07-02,9,1,0.73,2026-07-01T12:00:00
FC-008651,SEC-001,2026-07-02,10,1,0.7,2026-07-01T12:00:00
FC-008652,SEC-001,2026-07-02,11,0,0.87,2026-07-01T12:00:00
FC-008653,SEC-001,2026-07-02,12,0,0.74,2026-07-01T12:00:00
FC-008654,SEC-001,2026-07-02,13,1,0.78,2026-07-01T12:00:00
FC-008655,SEC-001,2026-07-02,14,1,0.81,2026-07-01T12:00:00
FC-008656,SEC-001,2026-07-02,15,0,0.71,2026-07-01T12:00:00
FC-008657,SEC-001,2026-07-02,16,0,0.86,2026-07-01T12:00:00
FC-008658,SEC-001,2026-07-02,17,0,0.83,2026-07-01T12:00:00
FC-008659,SEC-001,2026-07-02,18,1,0.73,2026-07-01T12:00:00
FC-008660,SEC-001,2026-07-02,19,1,0.75,2026-07-01T12:00:00
FC-008661,SEC-001,2026-07-02,20,0,0.93,2026-07-01T12:00:00
FC-008662,SEC-001,2026-07-02,21,1,0.93,2026-07-01T12:00:00
FC-008663,SEC-001,2026-07-02,22,1,0.82,2026-07-01T12:00:00
FC-008664,SEC-001,2026-07-02,23,1,0.83,2026-07-01T12:00:00
FC-008665,SEC-002,2026-07-02,0,5,0.93,2026-07-01T12:00:00
FC-008666,SEC-002,2026-07-02,1,1,0.93,2026-07-01T12:00:00
FC-008667,SEC-002,2026-07-02,2,1,0.86,2026-07-01T12:00:00
FC-008668,SEC-002,2026-07-02,3,0,0.93,2026-07-01T12:00:00
FC-008669,SEC-002,2026-07-02,4,1,0.72,2026-07-01T12:00:00
FC-008670,SEC-002,2026-07-02,5,0,0.74,2026-07-01T12:00:00
FC-008671,SEC-002,2026-07-02,6,0,0.72,2026-07-01T12:00:00
FC-008672,SEC-002,2026-07-02,7,1,0.77,2026-07-01T12:00:00
FC-008673,SEC-002,2026-07-02,8,0,0.75,2026-07-01T12:00:00
FC-008674,SEC-002,2026-07-02,9,0,0.89,2026-07-01T12:00:00
FC-008675,SEC-002,2026-07-02,10,0,0.87,2026-07-01T12:00:00
FC-008676,SEC-002,2026-07-02,11,0,0.9,2026-07-01T12:00:00
FC-008677,SEC-002,2026-07-02,12,2,0.79,2026-07-01T12:00:00
FC-008678,SEC-002,2026-07-02,13,0,0.73,2026-07-01T12:00:00
FC-008679,SEC-002,2026-07-02,14,0,0.91,2026-07-01T12:00:00
FC-008680,SEC-002,2026-07-02,15,0,0.72,2026-07-01T12:00:00
FC-008681,SEC-002,2026-07-02,16,1,0.71,2026-07-01T12:00:00
FC-008682,SEC-002,2026-07-02,17,1,0.9,2026-07-01T12:00:00
FC-008683,SEC-002,2026-07-02,18,0,0.77,2026-07-01T12:00:00
FC-008684,SEC-002,2026-07-02,19,2,0.74,2026-07-01T12:00:00
FC-008685,SEC-002,2026-07-02,20,0,0.92,2026-07-01T12:00:00
FC-008686,SEC-002,2026-07-02,21,0,0.88,2026-07-01T12:00:00
FC-008687,SEC-002,2026-07-02,22,2,0.88,2026-07-01T12:00:00
FC-008688,SEC-002,2026-07-02,23,3,0.71,2026-07-01T12:00:00
FC-008689,SEC-003,2026-07-02,0,1,0.93,2026-07-01T12:00:00
FC-008690,SEC-003,2026-07-02,1,2,0.72,2026-07-01T12:00:00
FC-008691,SEC-003,2026-07-02,2,2,0.85,2026-07-01T12:00:00
FC-008692,SEC-003,2026-07-02,3,1,0.88,2026-07-01T12:00:00
FC-008693,SEC-003,2026-07-02,4,0,0.73,2026-07-01T12:00:00
FC-008694,SEC-003,2026-07-02,5,0,0.83,2026-07-01T12:00:00
FC-008695,SEC-003,2026-07-02,6,1,0.83,2026-07-01T12:00:00
FC-008696,SEC-003,2026-07-02,7,0,0.79,2026-07-01T12:00:00
FC-008697,SEC-003,2026-07-02,8,0,0.73,2026-07-01T12:00:00
FC-008698,SEC-003,2026-07-02,9,0,0.94,2026-07-01T12:00:00
FC-008699,SEC-003,2026-07-02,10,1,0.72,2026-07-01T12:00:00
FC-008700,SEC-003,2026-07-02,11,0,0.92,2026-07-01T12:00:00
FC-008701,SEC-003,2026-07-02,12,0,0.94,2026-07-01T12:00:00
FC-008702,SEC-003,2026-07-02,13,1,0.78,2026-07-01T12:00:00
FC-008703,SEC-003,2026-07-02,14,1,0.87,2026-07-01T12:00:00
FC-008704,SEC-003,2026-07-02,15,1,0.78,2026-07-01T12:00:00
FC-008705,SEC-003,2026-07-02,16,1,0.74,2026-07-01T12:00:00
FC-008706,SEC-003,2026-07-02,17,2,0.74,2026-07-01T12:00:00
FC-008707,SEC-003,2026-07-02,18,1,0.91,2026-07-01T12:00:00
FC-008708,SEC-003,2026-07-02,19,0,0.71,2026-07-01T12:00:00
FC-008709,SEC-003,2026-07-02,20,0,0.72,2026-07-01T12:00:00
FC-008710,SEC-003,2026-07-02,21,0,0.94,2026-07-01T12:00:00
FC-008711,SEC-003,2026-07-02,22,4,0.93,2026-07-01T12:00:00
FC-008712,SEC-003,2026-07-02,23,3,0.81,2026-07-01T12:00:00
FC-008713,SEC-004,2026-07-02,0,1,0.89,2026-07-01T12:00:00
FC-008714,SEC-004,2026-07-02,1,1,0.78,2026-07-01T12:00:00
FC-008715,SEC-004,2026-07-02,2,2,0.95,2026-07-01T12:00:00
FC-008716,SEC-004,2026-07-02,3,4,0.75,2026-07-01T12:00:00
FC-008717,SEC-004,2026-07-02,4,2,0.82,2026-07-01T12:00:00
FC-008718,SEC-004,2026-07-02,5,0,0.71,2026-07-01T12:00:00
FC-008719,SEC-004,2026-07-02,6,0,0.84,2026-07-01T12:00:00
FC-008720,SEC-004,2026-07-02,7,1,0.85,2026-07-01T12:00:00
FC-008721,SEC-004,2026-07-02,8,0,0.76,2026-07-01T12:00:00
FC-008722,SEC-004,2026-07-02,9,0,0.7,2026-07-01T12:00:00
FC-008723,SEC-004,2026-07-02,10,0,0.85,2026-07-01T12:00:00
FC-008724,SEC-004,2026-07-02,11,0,0.72,2026-07-01T12:00:00
FC-008725,SEC-004,2026-07-02,12,1,0.85,2026-07-01T12:00:00
FC-008726,SEC-004,2026-07-02,13,1,0.76,2026-07-01T12:00:00
FC-008727,SEC-004,2026-07-02,14,0,0.93,2026-07-01T12:00:00
FC-008728,SEC-004,2026-07-02,15,1,0.94,2026-07-01T12:00:00
FC-008729,SEC-004,2026-07-02,16,0,0.85,2026-07-01T12:00:00
FC-008730,SEC-004,2026-07-02,17,0,0.71,2026-07-01T12:00:00
FC-008731,SEC-004,2026-07-02,18,0,0.79,2026-07-01T12:00:00
FC-008732,SEC-004,2026-07-02,19,0,0.78,2026-07-01T12:00:00
FC-008733,SEC-004,2026-07-02,20,0,0.76,2026-07-01T12:00:00
FC-008734,SEC-004,2026-07-02,21,0,0.88,2026-07-01T12:00:00
FC-008735,SEC-004,2026-07-02,22,2,0.83,2026-07-01T12:00:00
FC-008736,SEC-004,2026-07-02,23,1,0.95,2026-07-01T12:00:00
FC-008737,SEC-005,2026-07-02,0,5,0.9,2026-07-01T12:00:00
FC-008738,SEC-005,2026-07-02,1,0,0.78,2026-07-01T12:00:00
FC-008739,SEC-005,2026-07-02,2,1,0.8,2026-07-01T12:00:00
FC-008740,SEC-005,2026-07-02,3,3,0.71,2026-07-01T12:00:00
FC-008741,SEC-005,2026-07-02,4,0,0.79,2026-07-01T12:00:00
FC-008742,SEC-005,2026-07-02,5,1,0.76,2026-07-01T12:00:00
FC-008743,SEC-005,2026-07-02,6,0,0.94,2026-07-01T12:00:00
FC-008744,SEC-005,2026-07-02,7,2,0.83,2026-07-01T12:00:00
FC-008745,SEC-005,2026-07-02,8,0,0.76,2026-07-01T12:00:00
FC-008746,SEC-005,2026-07-02,9,1,0.93,2026-07-01T12:00:00
FC-008747,SEC-005,2026-07-02,10,2,0.72,2026-07-01T12:00:00
FC-008748,SEC-005,2026-07-02,11,0,0.74,2026-07-01T12:00:00
FC-008749,SEC-005,2026-07-02,12,0,0.78,2026-07-01T12:00:00
FC-008750,SEC-005,2026-07-02,13,1,0.76,2026-07-01T12:00:00
FC-008751,SEC-005,2026-07-02,14,0,0.8,2026-07-01T12:00:00
FC-008752,SEC-005,2026-07-02,15,0,0.75,2026-07-01T12:00:00
FC-008753,SEC-005,2026-07-02,16,0,0.93,2026-07-01T12:00:00
FC-008754,SEC-005,2026-07-02,17,0,0.82,2026-07-01T12:00:00
FC-008755,SEC-005,2026-07-02,18,0,0.95,2026-07-01T12:00:00
FC-008756,SEC-005,2026-07-02,19,0,0.89,2026-07-01T12:00:00
FC-008757,SEC-005,2026-07-02,20,1,0.79,2026-07-01T12:00:00
FC-008758,SEC-005,2026-07-02,21,1,0.89,2026-07-01T12:00:00
FC-008759,SEC-005,2026-07-02,22,1,0.87,2026-07-01T12:00:00
FC-008760,SEC-005,2026-07-02,23,3,0.94,2026-07-01T12:00:00
FC-008761,SEC-006,2026-07-02,0,2,0.87,2026-07-01T12:00:00
FC-008762,SEC-006,2026-07-02,1,3,0.78,2026-07-01T12:00:00
FC-008763,SEC-006,2026-07-02,2,1,0.78,2026-07-01T12:00:00
FC-008764,SEC-006,2026-07-02,3,1,0.9,2026-07-01T12:00:00
FC-008765,SEC-006,2026-07-02,4,0,0.89,2026-07-01T12:00:00
FC-008766,SEC-006,2026-07-02,5,0,0.84,2026-07-01T12:00:00
FC-008767,SEC-006,2026-07-02,6,0,0.72,2026-07-01T12:00:00
FC-008768,SEC-006,2026-07-02,7,0,0.82,2026-07-01T12:00:00
FC-008769,SEC-006,2026-07-02,8,0,0.75,2026-07-01T12:00:00
FC-008770,SEC-006,2026-07-02,9,1,0.88,2026-07-01T12:00:00
FC-008771,SEC-006,2026-07-02,10,0,0.75,2026-07-01T12:00:00
FC-008772,SEC-006,2026-07-02,11,0,0.86,2026-07-01T12:00:00
FC-008773,SEC-006,2026-07-02,12,0,0.93,2026-07-01T12:00:00
FC-008774,SEC-006,2026-07-02,13,1,0.77,2026-07-01T12:00:00
FC-008775,SEC-006,2026-07-02,14,0,0.71,2026-07-01T12:00:00
FC-008776,SEC-006,2026-07-02,15,0,0.86,2026-07-01T12:00:00
FC-008777,SEC-006,2026-07-02,16,1,0.86,2026-07-01T12:00:00
FC-008778,SEC-006,2026-07-02,17,0,0.79,2026-07-01T12:00:00
FC-008779,SEC-006,2026-07-02,18,0,0.93,2026-07-01T12:00:00
FC-008780,SEC-006,2026-07-02,19,1,0.83,2026-07-01T12:00:00
FC-008781,SEC-006,2026-07-02,20,0,0.72,2026-07-01T12:00:00
FC-008782,SEC-006,2026-07-02,21,0,0.84,2026-07-01T12:00:00
FC-008783,SEC-006,2026-07-02,22,2,0.79,2026-07-01T12:00:00
FC-008784,SEC-006,2026-07-02,23,3,0.82,2026-07-01T12:00:00
FC-008785,SEC-001,2026-07-03,0,0,0.82,2026-07-02T12:00:00
FC-008786,SEC-001,2026-07-03,1,2,0.71,2026-07-02T12:00:00
FC-008787,SEC-001,2026-07-03,2,1,0.91,2026-07-02T12:00:00
FC-008788,SEC-001,2026-07-03,3,2,0.79,2026-07-02T12:00:00
FC-008789,SEC-001,2026-07-03,4,6,0.81,2026-07-02T12:00:00
FC-008790,SEC-001,2026-07-03,5,0,0.92,2026-07-02T12:00:00
FC-008791,SEC-001,2026-07-03,6,0,0.93,2026-07-02T12:00:00
FC-008792,SEC-001,2026-07-03,7,0,0.95,2026-07-02T12:00:00
FC-008793,SEC-001,2026-07-03,8,2,0.82,2026-07-02T12:00:00
FC-008794,SEC-001,2026-07-03,9,1,0.71,2026-07-02T12:00:00
FC-008795,SEC-001,2026-07-03,10,2,0.9,2026-07-02T12:00:00
FC-008796,SEC-001,2026-07-03,11,0,0.8,2026-07-02T12:00:00
FC-008797,SEC-001,2026-07-03,12,3,0.94,2026-07-02T12:00:00
FC-008798,SEC-001,2026-07-03,13,1,0.77,2026-07-02T12:00:00
FC-008799,SEC-001,2026-07-03,14,0,0.89,2026-07-02T12:00:00
FC-008800,SEC-001,2026-07-03,15,0,0.71,2026-07-02T12:00:00
FC-008801,SEC-001,2026-07-03,16,0,0.71,2026-07-02T12:00:00
FC-008802,SEC-001,2026-07-03,17,0,0.75,2026-07-02T12:00:00
FC-008803,SEC-001,2026-07-03,18,0,0.88,2026-07-02T12:00:00
FC-008804,SEC-001,2026-07-03,19,1,0.79,2026-07-02T12:00:00
FC-008805,SEC-001,2026-07-03,20,1,0.84,2026-07-02T12:00:00
FC-008806,SEC-001,2026-07-03,21,1,0.83,2026-07-02T12:00:00
FC-008807,SEC-001,2026-07-03,22,4,0.91,2026-07-02T12:00:00
FC-008808,SEC-001,2026-07-03,23,0,0.72,2026-07-02T12:00:00
FC-008809,SEC-002,2026-07-03,0,2,0.86,2026-07-02T12:00:00
FC-008810,SEC-002,2026-07-03,1,0,0.94,2026-07-02T12:00:00
FC-008811,SEC-002,2026-07-03,2,0,0.83,2026-07-02T12:00:00
FC-008812,SEC-002,2026-07-03,3,2,0.7,2026-07-02T12:00:00
FC-008813,SEC-002,2026-07-03,4,3,0.82,2026-07-02T12:00:00
FC-008814,SEC-002,2026-07-03,5,1,0.92,2026-07-02T12:00:00
FC-008815,SEC-002,2026-07-03,6,2,0.91,2026-07-02T12:00:00
FC-008816,SEC-002,2026-07-03,7,0,0.8,2026-07-02T12:00:00
FC-008817,SEC-002,2026-07-03,8,1,0.73,2026-07-02T12:00:00
FC-008818,SEC-002,2026-07-03,9,0,0.92,2026-07-02T12:00:00
FC-008819,SEC-002,2026-07-03,10,1,0.85,2026-07-02T12:00:00
FC-008820,SEC-002,2026-07-03,11,1,0.72,2026-07-02T12:00:00
FC-008821,SEC-002,2026-07-03,12,0,0.83,2026-07-02T12:00:00
FC-008822,SEC-002,2026-07-03,13,1,0.76,2026-07-02T12:00:00
FC-008823,SEC-002,2026-07-03,14,0,0.88,2026-07-02T12:00:00
FC-008824,SEC-002,2026-07-03,15,0,0.78,2026-07-02T12:00:00
FC-008825,SEC-002,2026-07-03,16,0,0.72,2026-07-02T12:00:00
FC-008826,SEC-002,2026-07-03,17,0,0.81,2026-07-02T12:00:00
FC-008827,SEC-002,2026-07-03,18,1,0.94,2026-07-02T12:00:00
FC-008828,SEC-002,2026-07-03,19,0,0.72,2026-07-02T12:00:00
FC-008829,SEC-002,2026-07-03,20,0,0.77,2026-07-02T12:00:00
FC-008830,SEC-002,2026-07-03,21,0,0.78,2026-07-02T12:00:00
FC-008831,SEC-002,2026-07-03,22,2,0.89,2026-07-02T12:00:00
FC-008832,SEC-002,2026-07-03,23,3,0.77,2026-07-02T12:00:00
FC-008833,SEC-003,2026-07-03,0,0,0.8,2026-07-02T12:00:00
FC-008834,SEC-003,2026-07-03,1,0,0.85,2026-07-02T12:00:00
FC-008835,SEC-003,2026-07-03,2,1,0.8,2026-07-02T12:00:00
FC-008836,SEC-003,2026-07-03,3,0,0.74,2026-07-02T12:00:00
FC-008837,SEC-003,2026-07-03,4,2,0.89,2026-07-02T12:00:00
FC-008838,SEC-003,2026-07-03,5,0,0.85,2026-07-02T12:00:00
FC-008839,SEC-003,2026-07-03,6,0,0.79,2026-07-02T12:00:00
FC-008840,SEC-003,2026-07-03,7,1,0.85,2026-07-02T12:00:00
FC-008841,SEC-003,2026-07-03,8,0,0.87,2026-07-02T12:00:00
FC-008842,SEC-003,2026-07-03,9,0,0.73,2026-07-02T12:00:00
FC-008843,SEC-003,2026-07-03,10,0,0.91,2026-07-02T12:00:00
FC-008844,SEC-003,2026-07-03,11,0,0.83,2026-07-02T12:00:00
FC-008845,SEC-003,2026-07-03,12,1,0.93,2026-07-02T12:00:00
FC-008846,SEC-003,2026-07-03,13,0,0.75,2026-07-02T12:00:00
FC-008847,SEC-003,2026-07-03,14,0,0.93,2026-07-02T12:00:00
FC-008848,SEC-003,2026-07-03,15,0,0.92,2026-07-02T12:00:00
FC-008849,SEC-003,2026-07-03,16,0,0.86,2026-07-02T12:00:00
FC-008850,SEC-003,2026-07-03,17,0,0.94,2026-07-02T12:00:00
FC-008851,SEC-003,2026-07-03,18,0,0.78,2026-07-02T12:00:00
FC-008852,SEC-003,2026-07-03,19,0,0.78,2026-07-02T12:00:00
FC-008853,SEC-003,2026-07-03,20,0,0.75,2026-07-02T12:00:00
FC-008854,SEC-003,2026-07-03,21,3,0.89,2026-07-02T12:00:00
FC-008855,SEC-003,2026-07-03,22,3,0.91,2026-07-02T12:00:00
FC-008856,SEC-003,2026-07-03,23,3,0.74,2026-07-02T12:00:00
FC-008857,SEC-004,2026-07-03,0,0,0.82,2026-07-02T12:00:00
FC-008858,SEC-004,2026-07-03,1,0,0.95,2026-07-02T12:00:00
FC-008859,SEC-004,2026-07-03,2,3,0.81,2026-07-02T12:00:00
FC-008860,SEC-004,2026-07-03,3,2,0.75,2026-07-02T12:00:00
FC-008861,SEC-004,2026-07-03,4,2,0.83,2026-07-02T12:00:00
FC-008862,SEC-004,2026-07-03,5,1,0.85,2026-07-02T12:00:00
FC-008863,SEC-004,2026-07-03,6,0,0.91,2026-07-02T12:00:00
FC-008864,SEC-004,2026-07-03,7,1,0.8,2026-07-02T12:00:00
FC-008865,SEC-004,2026-07-03,8,0,0.93,2026-07-02T12:00:00
FC-008866,SEC-004,2026-07-03,9,0,0.8,2026-07-02T12:00:00
FC-008867,SEC-004,2026-07-03,10,1,0.71,2026-07-02T12:00:00
FC-008868,SEC-004,2026-07-03,11,0,0.75,2026-07-02T12:00:00
FC-008869,SEC-004,2026-07-03,12,0,0.73,2026-07-02T12:00:00
FC-008870,SEC-004,2026-07-03,13,0,0.91,2026-07-02T12:00:00
FC-008871,SEC-004,2026-07-03,14,0,0.95,2026-07-02T12:00:00
FC-008872,SEC-004,2026-07-03,15,2,0.9,2026-07-02T12:00:00
FC-008873,SEC-004,2026-07-03,16,1,0.86,2026-07-02T12:00:00
FC-008874,SEC-004,2026-07-03,17,0,0.83,2026-07-02T12:00:00
FC-008875,SEC-004,2026-07-03,18,1,0.72,2026-07-02T12:00:00
FC-008876,SEC-004,2026-07-03,19,0,0.94,2026-07-02T12:00:00
FC-008877,SEC-004,2026-07-03,20,0,0.82,2026-07-02T12:00:00
FC-008878,SEC-004,2026-07-03,21,1,0.85,2026-07-02T12:00:00
FC-008879,SEC-004,2026-07-03,22,2,0.82,2026-07-02T12:00:00
FC-008880,SEC-004,2026-07-03,23,2,0.88,2026-07-02T12:00:00
FC-008881,SEC-005,2026-07-03,0,1,0.86,2026-07-02T12:00:00
FC-008882,SEC-005,2026-07-03,1,1,0.84,2026-07-02T12:00:00
FC-008883,SEC-005,2026-07-03,2,1,0.84,2026-07-02T12:00:00
FC-008884,SEC-005,2026-07-03,3,2,0.76,2026-07-02T12:00:00
FC-008885,SEC-005,2026-07-03,4,3,0.84,2026-07-02T12:00:00
FC-008886,SEC-005,2026-07-03,5,0,0.93,2026-07-02T12:00:00
FC-008887,SEC-005,2026-07-03,6,0,0.81,2026-07-02T12:00:00
FC-008888,SEC-005,2026-07-03,7,0,0.82,2026-07-02T12:00:00
FC-008889,SEC-005,2026-07-03,8,1,0.9,2026-07-02T12:00:00
FC-008890,SEC-005,2026-07-03,9,0,0.84,2026-07-02T12:00:00
FC-008891,SEC-005,2026-07-03,10,0,0.71,2026-07-02T12:00:00
FC-008892,SEC-005,2026-07-03,11,0,0.9,2026-07-02T12:00:00
FC-008893,SEC-005,2026-07-03,12,2,0.85,2026-07-02T12:00:00
FC-008894,SEC-005,2026-07-03,13,0,0.7,2026-07-02T12:00:00
FC-008895,SEC-005,2026-07-03,14,0,0.8,2026-07-02T12:00:00
FC-008896,SEC-005,2026-07-03,15,1,0.75,2026-07-02T12:00:00
FC-008897,SEC-005,2026-07-03,16,0,0.78,2026-07-02T12:00:00
FC-008898,SEC-005,2026-07-03,17,0,0.85,2026-07-02T12:00:00
FC-008899,SEC-005,2026-07-03,18,0,0.89,2026-07-02T12:00:00
FC-008900,SEC-005,2026-07-03,19,1,0.8,2026-07-02T12:00:00
FC-008901,SEC-005,2026-07-03,20,1,0.8,2026-07-02T12:00:00
FC-008902,SEC-005,2026-07-03,21,1,0.8,2026-07-02T12:00:00
FC-008903,SEC-005,2026-07-03,22,3,0.78,2026-07-02T12:00:00
FC-008904,SEC-005,2026-07-03,23,1,0.93,2026-07-02T12:00:00
FC-008905,SEC-006,2026-07-03,0,0,0.7,2026-07-02T12:00:00
FC-008906,SEC-006,2026-07-03,1,3,0.83,2026-07-02T12:00:00
FC-008907,SEC-006,2026-07-03,2,3,0.71,2026-07-02T12:00:00
FC-008908,SEC-006,2026-07-03,3,3,0.9,2026-07-02T12:00:00
FC-008909,SEC-006,2026-07-03,4,3,0.75,2026-07-02T12:00:00
FC-008910,SEC-006,2026-07-03,5,0,0.79,2026-07-02T12:00:00
FC-008911,SEC-006,2026-07-03,6,0,0.79,2026-07-02T12:00:00
FC-008912,SEC-006,2026-07-03,7,0,0.74,2026-07-02T12:00:00
FC-008913,SEC-006,2026-07-03,8,0,0.83,2026-07-02T12:00:00
FC-008914,SEC-006,2026-07-03,9,1,0.89,2026-07-02T12:00:00
FC-008915,SEC-006,2026-07-03,10,0,0.85,2026-07-02T12:00:00
FC-008916,SEC-006,2026-07-03,11,0,0.75,2026-07-02T12:00:00
FC-008917,SEC-006,2026-07-03,12,0,0.86,2026-07-02T12:00:00
FC-008918,SEC-006,2026-07-03,13,0,0.77,2026-07-02T12:00:00
FC-008919,SEC-006,2026-07-03,14,0,0.81,2026-07-02T12:00:00
FC-008920,SEC-006,2026-07-03,15,1,0.7,2026-07-02T12:00:00
FC-008921,SEC-006,2026-07-03,16,0,0.92,2026-07-02T12:00:00
FC-008922,SEC-006,2026-07-03,17,0,0.85,2026-07-02T12:00:00
FC-008923,SEC-006,2026-07-03,18,1,0.74,2026-07-02T12:00:00
FC-008924,SEC-006,2026-07-03,19,0,0.77,2026-07-02T12:00:00
FC-008925,SEC-006,2026-07-03,20,0,0.73,2026-07-02T12:00:00
FC-008926,SEC-006,2026-07-03,21,0,0.94,2026-07-02T12:00:00
FC-008927,SEC-006,2026-07-03,22,0,0.89,2026-07-02T12:00:00
FC-008928,SEC-006,2026-07-03,23,0,0.73,2026-07-02T12:00:00
FC-008929,SEC-001,2026-07-04,0,0,0.81,2026-07-03T12:00:00
FC-008930,SEC-001,2026-07-04,1,1,0.73,2026-07-03T12:00:00
FC-008931,SEC-001,2026-07-04,2,0,0.94,2026-07-03T12:00:00
FC-008932,SEC-001,2026-07-04,3,1,0.84,2026-07-03T12:00:00
FC-008933,SEC-001,2026-07-04,4,1,0.81,2026-07-03T12:00:00
FC-008934,SEC-001,2026-07-04,5,1,0.76,2026-07-03T12:00:00
FC-008935,SEC-001,2026-07-04,6,1,0.84,2026-07-03T12:00:00
FC-008936,SEC-001,2026-07-04,7,0,0.7,2026-07-03T12:00:00
FC-008937,SEC-001,2026-07-04,8,0,0.93,2026-07-03T12:00:00
FC-008938,SEC-001,2026-07-04,9,1,0.9,2026-07-03T12:00:00
FC-008939,SEC-001,2026-07-04,10,0,0.75,2026-07-03T12:00:00
FC-008940,SEC-001,2026-07-04,11,0,0.71,2026-07-03T12:00:00
FC-008941,SEC-001,2026-07-04,12,0,0.87,2026-07-03T12:00:00
FC-008942,SEC-001,2026-07-04,13,0,0.74,2026-07-03T12:00:00
FC-008943,SEC-001,2026-07-04,14,1,0.73,2026-07-03T12:00:00
FC-008944,SEC-001,2026-07-04,15,0,0.91,2026-07-03T12:00:00
FC-008945,SEC-001,2026-07-04,16,1,0.95,2026-07-03T12:00:00
FC-008946,SEC-001,2026-07-04,17,0,0.77,2026-07-03T12:00:00
FC-008947,SEC-001,2026-07-04,18,0,0.7,2026-07-03T12:00:00
FC-008948,SEC-001,2026-07-04,19,1,0.83,2026-07-03T12:00:00
FC-008949,SEC-001,2026-07-04,20,1,0.89,2026-07-03T12:00:00
FC-008950,SEC-001,2026-07-04,21,0,0.78,2026-07-03T12:00:00
FC-008951,SEC-001,2026-07-04,22,0,0.74,2026-07-03T12:00:00
FC-008952,SEC-001,2026-07-04,23,1,0.72,2026-07-03T12:00:00
FC-008953,SEC-002,2026-07-04,0,3,0.9,2026-07-03T12:00:00
FC-008954,SEC-002,2026-07-04,1,0,0.94,2026-07-03T12:00:00
FC-008955,SEC-002,2026-07-04,2,5,0.89,2026-07-03T12:00:00
FC-008956,SEC-002,2026-07-04,3,2,0.88,2026-07-03T12:00:00
FC-008957,SEC-002,2026-07-04,4,0,0.88,2026-07-03T12:00:00
FC-008958,SEC-002,2026-07-04,5,0,0.91,2026-07-03T12:00:00
FC-008959,SEC-002,2026-07-04,6,1,0.73,2026-07-03T12:00:00
FC-008960,SEC-002,2026-07-04,7,0,0.79,2026-07-03T12:00:00
FC-008961,SEC-002,2026-07-04,8,0,0.79,2026-07-03T12:00:00
FC-008962,SEC-002,2026-07-04,9,0,0.71,2026-07-03T12:00:00
FC-008963,SEC-002,2026-07-04,10,0,0.91,2026-07-03T12:00:00
FC-008964,SEC-002,2026-07-04,11,0,0.72,2026-07-03T12:00:00
FC-008965,SEC-002,2026-07-04,12,1,0.94,2026-07-03T12:00:00
FC-008966,SEC-002,2026-07-04,13,0,0.88,2026-07-03T12:00:00
FC-008967,SEC-002,2026-07-04,14,0,0.71,2026-07-03T12:00:00
FC-008968,SEC-002,2026-07-04,15,1,0.82,2026-07-03T12:00:00
FC-008969,SEC-002,2026-07-04,16,0,0.84,2026-07-03T12:00:00
FC-008970,SEC-002,2026-07-04,17,0,0.76,2026-07-03T12:00:00
FC-008971,SEC-002,2026-07-04,18,0,0.83,2026-07-03T12:00:00
FC-008972,SEC-002,2026-07-04,19,0,0.81,2026-07-03T12:00:00
FC-008973,SEC-002,2026-07-04,20,1,0.74,2026-07-03T12:00:00
FC-008974,SEC-002,2026-07-04,21,2,0.71,2026-07-03T12:00:00
FC-008975,SEC-002,2026-07-04,22,3,0.74,2026-07-03T12:00:00
FC-008976,SEC-002,2026-07-04,23,2,0.74,2026-07-03T12:00:00
FC-008977,SEC-003,2026-07-04,0,2,0.94,2026-07-03T12:00:00
FC-008978,SEC-003,2026-07-04,1,1,0.92,2026-07-03T12:00:00
FC-008979,SEC-003,2026-07-04,2,4,0.93,2026-07-03T12:00:00
FC-008980,SEC-003,2026-07-04,3,1,0.9,2026-07-03T12:00:00
FC-008981,SEC-003,2026-07-04,4,5,0.8,2026-07-03T12:00:00
FC-008982,SEC-003,2026-07-04,5,2,0.91,2026-07-03T12:00:00
FC-008983,SEC-003,2026-07-04,6,0,0.71,2026-07-03T12:00:00
FC-008984,SEC-003,2026-07-04,7,0,0.86,2026-07-03T12:00:00
FC-008985,SEC-003,2026-07-04,8,0,0.87,2026-07-03T12:00:00
FC-008986,SEC-003,2026-07-04,9,0,0.81,2026-07-03T12:00:00
FC-008987,SEC-003,2026-07-04,10,0,0.82,2026-07-03T12:00:00
FC-008988,SEC-003,2026-07-04,11,0,0.79,2026-07-03T12:00:00
FC-008989,SEC-003,2026-07-04,12,0,0.9,2026-07-03T12:00:00
FC-008990,SEC-003,2026-07-04,13,0,0.78,2026-07-03T12:00:00
FC-008991,SEC-003,2026-07-04,14,0,0.82,2026-07-03T12:00:00
FC-008992,SEC-003,2026-07-04,15,0,0.88,2026-07-03T12:00:00
FC-008993,SEC-003,2026-07-04,16,1,0.83,2026-07-03T12:00:00
FC-008994,SEC-003,2026-07-04,17,0,0.92,2026-07-03T12:00:00
FC-008995,SEC-003,2026-07-04,18,0,0.9,2026-07-03T12:00:00
FC-008996,SEC-003,2026-07-04,19,1,0.81,2026-07-03T12:00:00
FC-008997,SEC-003,2026-07-04,20,0,0.79,2026-07-03T12:00:00
FC-008998,SEC-003,2026-07-04,21,0,0.9,2026-07-03T12:00:00
FC-008999,SEC-003,2026-07-04,22,1,0.81,2026-07-03T12:00:00
FC-009000,SEC-003,2026-07-04,23,2,0.85,2026-07-03T12:00:00
FC-009001,SEC-004,2026-07-04,0,2,0.76,2026-07-03T12:00:00
FC-009002,SEC-004,2026-07-04,1,2,0.79,2026-07-03T12:00:00
FC-009003,SEC-004,2026-07-04,2,3,0.9,2026-07-03T12:00:00
FC-009004,SEC-004,2026-07-04,3,2,0.81,2026-07-03T12:00:00
FC-009005,SEC-004,2026-07-04,4,4,0.88,2026-07-03T12:00:00
FC-009006,SEC-004,2026-07-04,5,0,0.88,2026-07-03T12:00:00
FC-009007,SEC-004,2026-07-04,6,1,0.77,2026-07-03T12:00:00
FC-009008,SEC-004,2026-07-04,7,0,0.87,2026-07-03T12:00:00
FC-009009,SEC-004,2026-07-04,8,0,0.91,2026-07-03T12:00:00
FC-009010,SEC-004,2026-07-04,9,0,0.86,2026-07-03T12:00:00
FC-009011,SEC-004,2026-07-04,10,0,0.73,2026-07-03T12:00:00
FC-009012,SEC-004,2026-07-04,11,2,0.79,2026-07-03T12:00:00
FC-009013,SEC-004,2026-07-04,12,0,0.73,2026-07-03T12:00:00
FC-009014,SEC-004,2026-07-04,13,1,0.92,2026-07-03T12:00:00
FC-009015,SEC-004,2026-07-04,14,0,0.95,2026-07-03T12:00:00
FC-009016,SEC-004,2026-07-04,15,2,0.84,2026-07-03T12:00:00
FC-009017,SEC-004,2026-07-04,16,0,0.9,2026-07-03T12:00:00
FC-009018,SEC-004,2026-07-04,17,0,0.83,2026-07-03T12:00:00
FC-009019,SEC-004,2026-07-04,18,0,0.72,2026-07-03T12:00:00
FC-009020,SEC-004,2026-07-04,19,0,0.76,2026-07-03T12:00:00
FC-009021,SEC-004,2026-07-04,20,0,0.91,2026-07-03T12:00:00
FC-009022,SEC-004,2026-07-04,21,1,0.72,2026-07-03T12:00:00
FC-009023,SEC-004,2026-07-04,22,1,0.85,2026-07-03T12:00:00
FC-009024,SEC-004,2026-07-04,23,3,0.85,2026-07-03T12:00:00
FC-009025,SEC-005,2026-07-04,0,0,0.75,2026-07-03T12:00:00
FC-009026,SEC-005,2026-07-04,1,1,0.89,2026-07-03T12:00:00
FC-009027,SEC-005,2026-07-04,2,0,0.81,2026-07-03T12:00:00
FC-009028,SEC-005,2026-07-04,3,0,0.73,2026-07-03T12:00:00
FC-009029,SEC-005,2026-07-04,4,2,0.95,2026-07-03T12:00:00
FC-009030,SEC-005,2026-07-04,5,0,0.79,2026-07-03T12:00:00
FC-009031,SEC-005,2026-07-04,6,0,0.94,2026-07-03T12:00:00
FC-009032,SEC-005,2026-07-04,7,0,0.72,2026-07-03T12:00:00
FC-009033,SEC-005,2026-07-04,8,1,0.9,2026-07-03T12:00:00
FC-009034,SEC-005,2026-07-04,9,0,0.92,2026-07-03T12:00:00
FC-009035,SEC-005,2026-07-04,10,0,0.9,2026-07-03T12:00:00
FC-009036,SEC-005,2026-07-04,11,0,0.9,2026-07-03T12:00:00
FC-009037,SEC-005,2026-07-04,12,1,0.91,2026-07-03T12:00:00
FC-009038,SEC-005,2026-07-04,13,1,0.94,2026-07-03T12:00:00
FC-009039,SEC-005,2026-07-04,14,2,0.81,2026-07-03T12:00:00
FC-009040,SEC-005,2026-07-04,15,0,0.86,2026-07-03T12:00:00
FC-009041,SEC-005,2026-07-04,16,1,0.81,2026-07-03T12:00:00
FC-009042,SEC-005,2026-07-04,17,2,0.73,2026-07-03T12:00:00
FC-009043,SEC-005,2026-07-04,18,1,0.79,2026-07-03T12:00:00
FC-009044,SEC-005,2026-07-04,19,0,0.87,2026-07-03T12:00:00
FC-009045,SEC-005,2026-07-04,20,1,0.92,2026-07-03T12:00:00
FC-009046,SEC-005,2026-07-04,21,0,0.79,2026-07-03T12:00:00
FC-009047,SEC-005,2026-07-04,22,1,0.77,2026-07-03T12:00:00
FC-009048,SEC-005,2026-07-04,23,4,0.75,2026-07-03T12:00:00
FC-009049,SEC-006,2026-07-04,0,0,0.73,2026-07-03T12:00:00
FC-009050,SEC-006,2026-07-04,1,3,0.87,2026-07-03T12:00:00
FC-009051,SEC-006,2026-07-04,2,2,0.94,2026-07-03T12:00:00
FC-009052,SEC-006,2026-07-04,3,1,0.74,2026-07-03T12:00:00
FC-009053,SEC-006,2026-07-04,4,1,0.91,2026-07-03T12:00:00
FC-009054,SEC-006,2026-07-04,5,1,0.8,2026-07-03T12:00:00
FC-009055,SEC-006,2026-07-04,6,0,0.94,2026-07-03T12:00:00
FC-009056,SEC-006,2026-07-04,7,0,0.9,2026-07-03T12:00:00
FC-009057,SEC-006,2026-07-04,8,2,0.94,2026-07-03T12:00:00
FC-009058,SEC-006,2026-07-04,9,0,0.77,2026-07-03T12:00:00
FC-009059,SEC-006,2026-07-04,10,0,0.87,2026-07-03T12:00:00
FC-009060,SEC-006,2026-07-04,11,0,0.78,2026-07-03T12:00:00
FC-009061,SEC-006,2026-07-04,12,0,0.77,2026-07-03T12:00:00
FC-009062,SEC-006,2026-07-04,13,0,0.75,2026-07-03T12:00:00
FC-009063,SEC-006,2026-07-04,14,0,0.83,2026-07-03T12:00:00
FC-009064,SEC-006,2026-07-04,15,0,0.78,2026-07-03T12:00:00
FC-009065,SEC-006,2026-07-04,16,0,0.94,2026-07-03T12:00:00
FC-009066,SEC-006,2026-07-04,17,0,0.78,2026-07-03T12:00:00
FC-009067,SEC-006,2026-07-04,18,0,0.85,2026-07-03T12:00:00
FC-009068,SEC-006,2026-07-04,19,0,0.72,2026-07-03T12:00:00
FC-009069,SEC-006,2026-07-04,20,0,0.83,2026-07-03T12:00:00
FC-009070,SEC-006,2026-07-04,21,0,0.81,2026-07-03T12:00:00
FC-009071,SEC-006,2026-07-04,22,3,0.82,2026-07-03T12:00:00
FC-009072,SEC-006,2026-07-04,23,1,0.91,2026-07-03T12:00:00
FC-009073,SEC-001,2026-07-05,0,2,0.79,2026-07-04T12:00:00
FC-009074,SEC-001,2026-07-05,1,3,0.87,2026-07-04T12:00:00
FC-009075,SEC-001,2026-07-05,2,1,0.78,2026-07-04T12:00:00
FC-009076,SEC-001,2026-07-05,3,1,0.85,2026-07-04T12:00:00
FC-009077,SEC-001,2026-07-05,4,2,0.91,2026-07-04T12:00:00
FC-009078,SEC-001,2026-07-05,5,1,0.91,2026-07-04T12:00:00
FC-009079,SEC-001,2026-07-05,6,1,0.83,2026-07-04T12:00:00
FC-009080,SEC-001,2026-07-05,7,0,0.83,2026-07-04T12:00:00
FC-009081,SEC-001,2026-07-05,8,0,0.89,2026-07-04T12:00:00
FC-009082,SEC-001,2026-07-05,9,0,0.75,2026-07-04T12:00:00
FC-009083,SEC-001,2026-07-05,10,2,0.72,2026-07-04T12:00:00
FC-009084,SEC-001,2026-07-05,11,0,0.82,2026-07-04T12:00:00
FC-009085,SEC-001,2026-07-05,12,1,0.88,2026-07-04T12:00:00
FC-009086,SEC-001,2026-07-05,13,0,0.84,2026-07-04T12:00:00
FC-009087,SEC-001,2026-07-05,14,0,0.87,2026-07-04T12:00:00
FC-009088,SEC-001,2026-07-05,15,1,0.78,2026-07-04T12:00:00
FC-009089,SEC-001,2026-07-05,16,3,0.77,2026-07-04T12:00:00
FC-009090,SEC-001,2026-07-05,17,0,0.81,2026-07-04T12:00:00
FC-009091,SEC-001,2026-07-05,18,0,0.73,2026-07-04T12:00:00
FC-009092,SEC-001,2026-07-05,19,1,0.73,2026-07-04T12:00:00
FC-009093,SEC-001,2026-07-05,20,0,0.8,2026-07-04T12:00:00
FC-009094,SEC-001,2026-07-05,21,1,0.85,2026-07-04T12:00:00
FC-009095,SEC-001,2026-07-05,22,3,0.74,2026-07-04T12:00:00
FC-009096,SEC-001,2026-07-05,23,2,0.85,2026-07-04T12:00:00
FC-009097,SEC-002,2026-07-05,0,3,0.86,2026-07-04T12:00:00
FC-009098,SEC-002,2026-07-05,1,6,0.73,2026-07-04T12:00:00
FC-009099,SEC-002,2026-07-05,2,2,0.84,2026-07-04T12:00:00
FC-009100,SEC-002,2026-07-05,3,4,0.81,2026-07-04T12:00:00
FC-009101,SEC-002,2026-07-05,4,1,0.72,2026-07-04T12:00:00
FC-009102,SEC-002,2026-07-05,5,0,0.85,2026-07-04T12:00:00
FC-009103,SEC-002,2026-07-05,6,0,0.87,2026-07-04T12:00:00
FC-009104,SEC-002,2026-07-05,7,3,0.78,2026-07-04T12:00:00
FC-009105,SEC-002,2026-07-05,8,1,0.83,2026-07-04T12:00:00
FC-009106,SEC-002,2026-07-05,9,1,0.82,2026-07-04T12:00:00
FC-009107,SEC-002,2026-07-05,10,1,0.87,2026-07-04T12:00:00
FC-009108,SEC-002,2026-07-05,11,1,0.71,2026-07-04T12:00:00
FC-009109,SEC-002,2026-07-05,12,0,0.76,2026-07-04T12:00:00
FC-009110,SEC-002,2026-07-05,13,0,0.71,2026-07-04T12:00:00
FC-009111,SEC-002,2026-07-05,14,0,0.86,2026-07-04T12:00:00
FC-009112,SEC-002,2026-07-05,15,0,0.93,2026-07-04T12:00:00
FC-009113,SEC-002,2026-07-05,16,0,0.73,2026-07-04T12:00:00
FC-009114,SEC-002,2026-07-05,17,0,0.79,2026-07-04T12:00:00
FC-009115,SEC-002,2026-07-05,18,0,0.72,2026-07-04T12:00:00
FC-009116,SEC-002,2026-07-05,19,0,0.73,2026-07-04T12:00:00
FC-009117,SEC-002,2026-07-05,20,0,0.78,2026-07-04T12:00:00
FC-009118,SEC-002,2026-07-05,21,1,0.82,2026-07-04T12:00:00
FC-009119,SEC-002,2026-07-05,22,0,0.84,2026-07-04T12:00:00
FC-009120,SEC-002,2026-07-05,23,0,0.73,2026-07-04T12:00:00
FC-009121,SEC-003,2026-07-05,0,1,0.8,2026-07-04T12:00:00
FC-009122,SEC-003,2026-07-05,1,2,0.73,2026-07-04T12:00:00
FC-009123,SEC-003,2026-07-05,2,2,0.92,2026-07-04T12:00:00
FC-009124,SEC-003,2026-07-05,3,2,0.73,2026-07-04T12:00:00
FC-009125,SEC-003,2026-07-05,4,5,0.7,2026-07-04T12:00:00
FC-009126,SEC-003,2026-07-05,5,0,0.83,2026-07-04T12:00:00
FC-009127,SEC-003,2026-07-05,6,0,0.8,2026-07-04T12:00:00
FC-009128,SEC-003,2026-07-05,7,1,0.91,2026-07-04T12:00:00
FC-009129,SEC-003,2026-07-05,8,0,0.92,2026-07-04T12:00:00
FC-009130,SEC-003,2026-07-05,9,0,0.79,2026-07-04T12:00:00
FC-009131,SEC-003,2026-07-05,10,0,0.8,2026-07-04T12:00:00
FC-009132,SEC-003,2026-07-05,11,1,0.84,2026-07-04T12:00:00
FC-009133,SEC-003,2026-07-05,12,0,0.71,2026-07-04T12:00:00
FC-009134,SEC-003,2026-07-05,13,1,0.75,2026-07-04T12:00:00
FC-009135,SEC-003,2026-07-05,14,0,0.88,2026-07-04T12:00:00
FC-009136,SEC-003,2026-07-05,15,1,0.93,2026-07-04T12:00:00
FC-009137,SEC-003,2026-07-05,16,1,0.72,2026-07-04T12:00:00
FC-009138,SEC-003,2026-07-05,17,1,0.72,2026-07-04T12:00:00
FC-009139,SEC-003,2026-07-05,18,0,0.91,2026-07-04T12:00:00
FC-009140,SEC-003,2026-07-05,19,2,0.77,2026-07-04T12:00:00
FC-009141,SEC-003,2026-07-05,20,1,0.94,2026-07-04T12:00:00
FC-009142,SEC-003,2026-07-05,21,0,0.75,2026-07-04T12:00:00
FC-009143,SEC-003,2026-07-05,22,4,0.77,2026-07-04T12:00:00
FC-009144,SEC-003,2026-07-05,23,1,0.8,2026-07-04T12:00:00
FC-009145,SEC-004,2026-07-05,0,1,0.94,2026-07-04T12:00:00
FC-009146,SEC-004,2026-07-05,1,1,0.74,2026-07-04T12:00:00
FC-009147,SEC-004,2026-07-05,2,1,0.72,2026-07-04T12:00:00
FC-009148,SEC-004,2026-07-05,3,1,0.74,2026-07-04T12:00:00
FC-009149,SEC-004,2026-07-05,4,2,0.85,2026-07-04T12:00:00
FC-009150,SEC-004,2026-07-05,5,0,0.88,2026-07-04T12:00:00
FC-009151,SEC-004,2026-07-05,6,0,0.81,2026-07-04T12:00:00
FC-009152,SEC-004,2026-07-05,7,0,0.86,2026-07-04T12:00:00
FC-009153,SEC-004,2026-07-05,8,1,0.78,2026-07-04T12:00:00
FC-009154,SEC-004,2026-07-05,9,2,0.78,2026-07-04T12:00:00
FC-009155,SEC-004,2026-07-05,10,0,0.82,2026-07-04T12:00:00
FC-009156,SEC-004,2026-07-05,11,1,0.92,2026-07-04T12:00:00
FC-009157,SEC-004,2026-07-05,12,0,0.89,2026-07-04T12:00:00
FC-009158,SEC-004,2026-07-05,13,0,0.87,2026-07-04T12:00:00
FC-009159,SEC-004,2026-07-05,14,1,0.73,2026-07-04T12:00:00
FC-009160,SEC-004,2026-07-05,15,1,0.76,2026-07-04T12:00:00
FC-009161,SEC-004,2026-07-05,16,0,0.93,2026-07-04T12:00:00
FC-009162,SEC-004,2026-07-05,17,1,0.72,2026-07-04T12:00:00
FC-009163,SEC-004,2026-07-05,18,0,0.94,2026-07-04T12:00:00
FC-009164,SEC-004,2026-07-05,19,0,0.72,2026-07-04T12:00:00
FC-009165,SEC-004,2026-07-05,20,0,0.85,2026-07-04T12:00:00
FC-009166,SEC-004,2026-07-05,21,1,0.79,2026-07-04T12:00:00
FC-009167,SEC-004,2026-07-05,22,3,0.93,2026-07-04T12:00:00
FC-009168,SEC-004,2026-07-05,23,1,0.9,2026-07-04T12:00:00
FC-009169,SEC-005,2026-07-05,0,1,0.92,2026-07-04T12:00:00
FC-009170,SEC-005,2026-07-05,1,2,0.92,2026-07-04T12:00:00
FC-009171,SEC-005,2026-07-05,2,3,0.74,2026-07-04T12:00:00
FC-009172,SEC-005,2026-07-05,3,2,0.9,2026-07-04T12:00:00
FC-009173,SEC-005,2026-07-05,4,2,0.74,2026-07-04T12:00:00
FC-009174,SEC-005,2026-07-05,5,0,0.81,2026-07-04T12:00:00
FC-009175,SEC-005,2026-07-05,6,1,0.82,2026-07-04T12:00:00
FC-009176,SEC-005,2026-07-05,7,1,0.74,2026-07-04T12:00:00
FC-009177,SEC-005,2026-07-05,8,1,0.89,2026-07-04T12:00:00
FC-009178,SEC-005,2026-07-05,9,0,0.82,2026-07-04T12:00:00
FC-009179,SEC-005,2026-07-05,10,0,0.94,2026-07-04T12:00:00
FC-009180,SEC-005,2026-07-05,11,1,0.89,2026-07-04T12:00:00
FC-009181,SEC-005,2026-07-05,12,0,0.86,2026-07-04T12:00:00
FC-009182,SEC-005,2026-07-05,13,1,0.75,2026-07-04T12:00:00
FC-009183,SEC-005,2026-07-05,14,0,0.79,2026-07-04T12:00:00
FC-009184,SEC-005,2026-07-05,15,0,0.9,2026-07-04T12:00:00
FC-009185,SEC-005,2026-07-05,16,1,0.88,2026-07-04T12:00:00
FC-009186,SEC-005,2026-07-05,17,0,0.75,2026-07-04T12:00:00
FC-009187,SEC-005,2026-07-05,18,0,0.8,2026-07-04T12:00:00
FC-009188,SEC-005,2026-07-05,19,0,0.89,2026-07-04T12:00:00
FC-009189,SEC-005,2026-07-05,20,0,0.85,2026-07-04T12:00:00
FC-009190,SEC-005,2026-07-05,21,0,0.9,2026-07-04T12:00:00
FC-009191,SEC-005,2026-07-05,22,3,0.77,2026-07-04T12:00:00
FC-009192,SEC-005,2026-07-05,23,2,0.74,2026-07-04T12:00:00
FC-009193,SEC-006,2026-07-05,0,2,0.84,2026-07-04T12:00:00
FC-009194,SEC-006,2026-07-05,1,4,0.81,2026-07-04T12:00:00
FC-009195,SEC-006,2026-07-05,2,3,0.82,2026-07-04T12:00:00
FC-009196,SEC-006,2026-07-05,3,3,0.77,2026-07-04T12:00:00
FC-009197,SEC-006,2026-07-05,4,3,0.75,2026-07-04T12:00:00
FC-009198,SEC-006,2026-07-05,5,0,0.94,2026-07-04T12:00:00
FC-009199,SEC-006,2026-07-05,6,0,0.78,2026-07-04T12:00:00
FC-009200,SEC-006,2026-07-05,7,0,0.73,2026-07-04T12:00:00
FC-009201,SEC-006,2026-07-05,8,0,0.93,2026-07-04T12:00:00
FC-009202,SEC-006,2026-07-05,9,1,0.93,2026-07-04T12:00:00
FC-009203,SEC-006,2026-07-05,10,3,0.94,2026-07-04T12:00:00
FC-009204,SEC-006,2026-07-05,11,1,0.79,2026-07-04T12:00:00
FC-009205,SEC-006,2026-07-05,12,1,0.84,2026-07-04T12:00:00
FC-009206,SEC-006,2026-07-05,13,0,0.93,2026-07-04T12:00:00
FC-009207,SEC-006,2026-07-05,14,0,0.84,2026-07-04T12:00:00
FC-009208,SEC-006,2026-07-05,15,0,0.82,2026-07-04T12:00:00
FC-009209,SEC-006,2026-07-05,16,0,0.95,2026-07-04T12:00:00
FC-009210,SEC-006,2026-07-05,17,0,0.87,2026-07-04T12:00:00
FC-009211,SEC-006,2026-07-05,18,0,0.71,2026-07-04T12:00:00
FC-009212,SEC-006,2026-07-05,19,0,0.72,2026-07-04T12:00:00
FC-009213,SEC-006,2026-07-05,20,1,0.88,2026-07-04T12:00:00
FC-009214,SEC-006,2026-07-05,21,0,0.92,2026-07-04T12:00:00
FC-009215,SEC-006,2026-07-05,22,1,0.72,2026-07-04T12:00:00
FC-009216,SEC-006,2026-07-05,23,1,0.82,2026-07-04T12:00:00
FC-009217,SEC-001,2026-07-06,0,1,0.82,2026-07-05T12:00:00
FC-009218,SEC-001,2026-07-06,1,1,0.8,2026-07-05T12:00:00
FC-009219,SEC-001,2026-07-06,2,1,0.85,2026-07-05T12:00:00
FC-009220,SEC-001,2026-07-06,3,0,0.94,2026-07-05T12:00:00
FC-009221,SEC-001,2026-07-06,4,2,0.91,2026-07-05T12:00:00
FC-009222,SEC-001,2026-07-06,5,0,0.77,2026-07-05T12:00:00
FC-009223,SEC-001,2026-07-06,6,0,0.75,2026-07-05T12:00:00
FC-009224,SEC-001,2026-07-06,7,1,0.94,2026-07-05T12:00:00
FC-009225,SEC-001,2026-07-06,8,0,0.75,2026-07-05T12:00:00
FC-009226,SEC-001,2026-07-06,9,0,0.79,2026-07-05T12:00:00
FC-009227,SEC-001,2026-07-06,10,0,0.94,2026-07-05T12:00:00
FC-009228,SEC-001,2026-07-06,11,0,0.74,2026-07-05T12:00:00
FC-009229,SEC-001,2026-07-06,12,1,0.82,2026-07-05T12:00:00
FC-009230,SEC-001,2026-07-06,13,0,0.93,2026-07-05T12:00:00
FC-009231,SEC-001,2026-07-06,14,0,0.78,2026-07-05T12:00:00
FC-009232,SEC-001,2026-07-06,15,0,0.85,2026-07-05T12:00:00
FC-009233,SEC-001,2026-07-06,16,0,0.86,2026-07-05T12:00:00
FC-009234,SEC-001,2026-07-06,17,0,0.79,2026-07-05T12:00:00
FC-009235,SEC-001,2026-07-06,18,1,0.78,2026-07-05T12:00:00
FC-009236,SEC-001,2026-07-06,19,0,0.94,2026-07-05T12:00:00
FC-009237,SEC-001,2026-07-06,20,0,0.88,2026-07-05T12:00:00
FC-009238,SEC-001,2026-07-06,21,0,0.95,2026-07-05T12:00:00
FC-009239,SEC-001,2026-07-06,22,0,0.82,2026-07-05T12:00:00
FC-009240,SEC-001,2026-07-06,23,5,0.73,2026-07-05T12:00:00
FC-009241,SEC-002,2026-07-06,0,2,0.71,2026-07-05T12:00:00
FC-009242,SEC-002,2026-07-06,1,2,0.81,2026-07-05T12:00:00
FC-009243,SEC-002,2026-07-06,2,2,0.94,2026-07-05T12:00:00
FC-009244,SEC-002,2026-07-06,3,1,0.72,2026-07-05T12:00:00
FC-009245,SEC-002,2026-07-06,4,1,0.84,2026-07-05T12:00:00
FC-009246,SEC-002,2026-07-06,5,0,0.83,2026-07-05T12:00:00
FC-009247,SEC-002,2026-07-06,6,0,0.8,2026-07-05T12:00:00
FC-009248,SEC-002,2026-07-06,7,1,0.84,2026-07-05T12:00:00
FC-009249,SEC-002,2026-07-06,8,0,0.77,2026-07-05T12:00:00
FC-009250,SEC-002,2026-07-06,9,1,0.76,2026-07-05T12:00:00
FC-009251,SEC-002,2026-07-06,10,0,0.86,2026-07-05T12:00:00
FC-009252,SEC-002,2026-07-06,11,0,0.82,2026-07-05T12:00:00
FC-009253,SEC-002,2026-07-06,12,0,0.81,2026-07-05T12:00:00
FC-009254,SEC-002,2026-07-06,13,0,0.87,2026-07-05T12:00:00
FC-009255,SEC-002,2026-07-06,14,0,0.94,2026-07-05T12:00:00
FC-009256,SEC-002,2026-07-06,15,0,0.75,2026-07-05T12:00:00
FC-009257,SEC-002,2026-07-06,16,0,0.94,2026-07-05T12:00:00
FC-009258,SEC-002,2026-07-06,17,0,0.84,2026-07-05T12:00:00
FC-009259,SEC-002,2026-07-06,18,1,0.83,2026-07-05T12:00:00
FC-009260,SEC-002,2026-07-06,19,0,0.84,2026-07-05T12:00:00
FC-009261,SEC-002,2026-07-06,20,0,0.84,2026-07-05T12:00:00
FC-009262,SEC-002,2026-07-06,21,0,0.88,2026-07-05T12:00:00
FC-009263,SEC-002,2026-07-06,22,2,0.79,2026-07-05T12:00:00
FC-009264,SEC-002,2026-07-06,23,3,0.84,2026-07-05T12:00:00
FC-009265,SEC-003,2026-07-06,0,1,0.79,2026-07-05T12:00:00
FC-009266,SEC-003,2026-07-06,1,2,0.83,2026-07-05T12:00:00
FC-009267,SEC-003,2026-07-06,2,4,0.94,2026-07-05T12:00:00
FC-009268,SEC-003,2026-07-06,3,2,0.85,2026-07-05T12:00:00
FC-009269,SEC-003,2026-07-06,4,0,0.86,2026-07-05T12:00:00
FC-009270,SEC-003,2026-07-06,5,0,0.88,2026-07-05T12:00:00
FC-009271,SEC-003,2026-07-06,6,0,0.83,2026-07-05T12:00:00
FC-009272,SEC-003,2026-07-06,7,1,0.77,2026-07-05T12:00:00
FC-009273,SEC-003,2026-07-06,8,3,0.91,2026-07-05T12:00:00
FC-009274,SEC-003,2026-07-06,9,0,0.87,2026-07-05T12:00:00
FC-009275,SEC-003,2026-07-06,10,1,0.92,2026-07-05T12:00:00
FC-009276,SEC-003,2026-07-06,11,1,0.73,2026-07-05T12:00:00
FC-009277,SEC-003,2026-07-06,12,0,0.92,2026-07-05T12:00:00
FC-009278,SEC-003,2026-07-06,13,0,0.83,2026-07-05T12:00:00
FC-009279,SEC-003,2026-07-06,14,1,0.91,2026-07-05T12:00:00
FC-009280,SEC-003,2026-07-06,15,0,0.88,2026-07-05T12:00:00
FC-009281,SEC-003,2026-07-06,16,0,0.8,2026-07-05T12:00:00
FC-009282,SEC-003,2026-07-06,17,0,0.71,2026-07-05T12:00:00
FC-009283,SEC-003,2026-07-06,18,0,0.7,2026-07-05T12:00:00
FC-009284,SEC-003,2026-07-06,19,1,0.73,2026-07-05T12:00:00
FC-009285,SEC-003,2026-07-06,20,0,0.81,2026-07-05T12:00:00
FC-009286,SEC-003,2026-07-06,21,0,0.75,2026-07-05T12:00:00
FC-009287,SEC-003,2026-07-06,22,1,0.9,2026-07-05T12:00:00
FC-009288,SEC-003,2026-07-06,23,2,0.82,2026-07-05T12:00:00
FC-009289,SEC-004,2026-07-06,0,1,0.83,2026-07-05T12:00:00
FC-009290,SEC-004,2026-07-06,1,1,0.71,2026-07-05T12:00:00
FC-009291,SEC-004,2026-07-06,2,1,0.87,2026-07-05T12:00:00
FC-009292,SEC-004,2026-07-06,3,3,0.76,2026-07-05T12:00:00
FC-009293,SEC-004,2026-07-06,4,4,0.91,2026-07-05T12:00:00
FC-009294,SEC-004,2026-07-06,5,0,0.93,2026-07-05T12:00:00
FC-009295,SEC-004,2026-07-06,6,0,0.81,2026-07-05T12:00:00
FC-009296,SEC-004,2026-07-06,7,0,0.72,2026-07-05T12:00:00
FC-009297,SEC-004,2026-07-06,8,1,0.79,2026-07-05T12:00:00
FC-009298,SEC-004,2026-07-06,9,0,0.84,2026-07-05T12:00:00
FC-009299,SEC-004,2026-07-06,10,0,0.73,2026-07-05T12:00:00
FC-009300,SEC-004,2026-07-06,11,2,0.72,2026-07-05T12:00:00
FC-009301,SEC-004,2026-07-06,12,0,0.76,2026-07-05T12:00:00
FC-009302,SEC-004,2026-07-06,13,1,0.71,2026-07-05T12:00:00
FC-009303,SEC-004,2026-07-06,14,0,0.77,2026-07-05T12:00:00
FC-009304,SEC-004,2026-07-06,15,0,0.77,2026-07-05T12:00:00
FC-009305,SEC-004,2026-07-06,16,1,0.83,2026-07-05T12:00:00
FC-009306,SEC-004,2026-07-06,17,0,0.78,2026-07-05T12:00:00
FC-009307,SEC-004,2026-07-06,18,0,0.95,2026-07-05T12:00:00
FC-009308,SEC-004,2026-07-06,19,1,0.71,2026-07-05T12:00:00
FC-009309,SEC-004,2026-07-06,20,1,0.73,2026-07-05T12:00:00
FC-009310,SEC-004,2026-07-06,21,0,0.79,2026-07-05T12:00:00
FC-009311,SEC-004,2026-07-06,22,1,0.74,2026-07-05T12:00:00
FC-009312,SEC-004,2026-07-06,23,1,0.78,2026-07-05T12:00:00
FC-009313,SEC-005,2026-07-06,0,1,0.87,2026-07-05T12:00:00
FC-009314,SEC-005,2026-07-06,1,1,0.7,2026-07-05T12:00:00
FC-009315,SEC-005,2026-07-06,2,5,0.81,2026-07-05T12:00:00
FC-009316,SEC-005,2026-07-06,3,4,0.79,2026-07-05T12:00:00
FC-009317,SEC-005,2026-07-06,4,2,0.77,2026-07-05T12:00:00
FC-009318,SEC-005,2026-07-06,5,1,0.87,2026-07-05T12:00:00
FC-009319,SEC-005,2026-07-06,6,0,0.78,2026-07-05T12:00:00
FC-009320,SEC-005,2026-07-06,7,0,0.84,2026-07-05T12:00:00
FC-009321,SEC-005,2026-07-06,8,0,0.77,2026-07-05T12:00:00
FC-009322,SEC-005,2026-07-06,9,0,0.74,2026-07-05T12:00:00
FC-009323,SEC-005,2026-07-06,10,1,0.82,2026-07-05T12:00:00
FC-009324,SEC-005,2026-07-06,11,3,0.82,2026-07-05T12:00:00
FC-009325,SEC-005,2026-07-06,12,0,0.72,2026-07-05T12:00:00
FC-009326,SEC-005,2026-07-06,13,0,0.9,2026-07-05T12:00:00
FC-009327,SEC-005,2026-07-06,14,2,0.79,2026-07-05T12:00:00
FC-009328,SEC-005,2026-07-06,15,0,0.75,2026-07-05T12:00:00
FC-009329,SEC-005,2026-07-06,16,0,0.92,2026-07-05T12:00:00
FC-009330,SEC-005,2026-07-06,17,0,0.82,2026-07-05T12:00:00
FC-009331,SEC-005,2026-07-06,18,0,0.93,2026-07-05T12:00:00
FC-009332,SEC-005,2026-07-06,19,1,0.87,2026-07-05T12:00:00
FC-009333,SEC-005,2026-07-06,20,1,0.76,2026-07-05T12:00:00
FC-009334,SEC-005,2026-07-06,21,0,0.85,2026-07-05T12:00:00
FC-009335,SEC-005,2026-07-06,22,3,0.85,2026-07-05T12:00:00
FC-009336,SEC-005,2026-07-06,23,1,0.93,2026-07-05T12:00:00
FC-009337,SEC-006,2026-07-06,0,0,0.91,2026-07-05T12:00:00
FC-009338,SEC-006,2026-07-06,1,0,0.83,2026-07-05T12:00:00
FC-009339,SEC-006,2026-07-06,2,0,0.73,2026-07-05T12:00:00
FC-009340,SEC-006,2026-07-06,3,1,0.93,2026-07-05T12:00:00
FC-009341,SEC-006,2026-07-06,4,0,0.86,2026-07-05T12:00:00
FC-009342,SEC-006,2026-07-06,5,0,0.94,2026-07-05T12:00:00
FC-009343,SEC-006,2026-07-06,6,0,0.77,2026-07-05T12:00:00
FC-009344,SEC-006,2026-07-06,7,0,0.86,2026-07-05T12:00:00
FC-009345,SEC-006,2026-07-06,8,0,0.71,2026-07-05T12:00:00
FC-009346,SEC-006,2026-07-06,9,0,0.9,2026-07-05T12:00:00
FC-009347,SEC-006,2026-07-06,10,1,0.76,2026-07-05T12:00:00
FC-009348,SEC-006,2026-07-06,11,0,0.89,2026-07-05T12:00:00
FC-009349,SEC-006,2026-07-06,12,2,0.8,2026-07-05T12:00:00
FC-009350,SEC-006,2026-07-06,13,0,0.83,2026-07-05T12:00:00
FC-009351,SEC-006,2026-07-06,14,0,0.88,2026-07-05T12:00:00
FC-009352,SEC-006,2026-07-06,15,0,0.76,2026-07-05T12:00:00
FC-009353,SEC-006,2026-07-06,16,1,0.74,2026-07-05T12:00:00
FC-009354,SEC-006,2026-07-06,17,1,0.76,2026-07-05T12:00:00
FC-009355,SEC-006,2026-07-06,18,0,0.82,2026-07-05T12:00:00
FC-009356,SEC-006,2026-07-06,19,0,0.71,2026-07-05T12:00:00
FC-009357,SEC-006,2026-07-06,20,0,0.88,2026-07-05T12:00:00
FC-009358,SEC-006,2026-07-06,21,1,0.91,2026-07-05T12:00:00
FC-009359,SEC-006,2026-07-06,22,3,0.78,2026-07-05T12:00:00
FC-009360,SEC-006,2026-07-06,23,4,0.82,2026-07-05T12:00:00
FC-009361,SEC-001,2026-07-07,0,1,0.73,2026-07-06T12:00:00
FC-009362,SEC-001,2026-07-07,1,2,0.77,2026-07-06T12:00:00
FC-009363,SEC-001,2026-07-07,2,3,0.93,2026-07-06T12:00:00
FC-009364,SEC-001,2026-07-07,3,4,0.77,2026-07-06T12:00:00
FC-009365,SEC-001,2026-07-07,4,4,0.82,2026-07-06T12:00:00
FC-009366,SEC-001,2026-07-07,5,0,0.91,2026-07-06T12:00:00
FC-009367,SEC-001,2026-07-07,6,1,0.74,2026-07-06T12:00:00
FC-009368,SEC-001,2026-07-07,7,0,0.81,2026-07-06T12:00:00
FC-009369,SEC-001,2026-07-07,8,0,0.93,2026-07-06T12:00:00
FC-009370,SEC-001,2026-07-07,9,1,0.74,2026-07-06T12:00:00
FC-009371,SEC-001,2026-07-07,10,0,0.92,2026-07-06T12:00:00
FC-009372,SEC-001,2026-07-07,11,1,0.86,2026-07-06T12:00:00
FC-009373,SEC-001,2026-07-07,12,1,0.75,2026-07-06T12:00:00
FC-009374,SEC-001,2026-07-07,13,0,0.89,2026-07-06T12:00:00
FC-009375,SEC-001,2026-07-07,14,0,0.74,2026-07-06T12:00:00
FC-009376,SEC-001,2026-07-07,15,0,0.79,2026-07-06T12:00:00
FC-009377,SEC-001,2026-07-07,16,0,0.89,2026-07-06T12:00:00
FC-009378,SEC-001,2026-07-07,17,0,0.93,2026-07-06T12:00:00
FC-009379,SEC-001,2026-07-07,18,0,0.87,2026-07-06T12:00:00
FC-009380,SEC-001,2026-07-07,19,2,0.75,2026-07-06T12:00:00
FC-009381,SEC-001,2026-07-07,20,0,0.74,2026-07-06T12:00:00
FC-009382,SEC-001,2026-07-07,21,0,0.81,2026-07-06T12:00:00
FC-009383,SEC-001,2026-07-07,22,2,0.79,2026-07-06T12:00:00
FC-009384,SEC-001,2026-07-07,23,0,0.82,2026-07-06T12:00:00
FC-009385,SEC-002,2026-07-07,0,1,0.92,2026-07-06T12:00:00
FC-009386,SEC-002,2026-07-07,1,2,0.95,2026-07-06T12:00:00
FC-009387,SEC-002,2026-07-07,2,1,0.79,2026-07-06T12:00:00
FC-009388,SEC-002,2026-07-07,3,2,0.75,2026-07-06T12:00:00
FC-009389,SEC-002,2026-07-07,4,1,0.87,2026-07-06T12:00:00
FC-009390,SEC-002,2026-07-07,5,1,0.87,2026-07-06T12:00:00
FC-009391,SEC-002,2026-07-07,6,0,0.72,2026-07-06T12:00:00
FC-009392,SEC-002,2026-07-07,7,0,0.81,2026-07-06T12:00:00
FC-009393,SEC-002,2026-07-07,8,0,0.71,2026-07-06T12:00:00
FC-009394,SEC-002,2026-07-07,9,0,0.9,2026-07-06T12:00:00
FC-009395,SEC-002,2026-07-07,10,3,0.83,2026-07-06T12:00:00
FC-009396,SEC-002,2026-07-07,11,0,0.92,2026-07-06T12:00:00
FC-009397,SEC-002,2026-07-07,12,2,0.72,2026-07-06T12:00:00
FC-009398,SEC-002,2026-07-07,13,0,0.9,2026-07-06T12:00:00
FC-009399,SEC-002,2026-07-07,14,1,0.89,2026-07-06T12:00:00
FC-009400,SEC-002,2026-07-07,15,1,0.88,2026-07-06T12:00:00
FC-009401,SEC-002,2026-07-07,16,1,0.84,2026-07-06T12:00:00
FC-009402,SEC-002,2026-07-07,17,1,0.95,2026-07-06T12:00:00
FC-009403,SEC-002,2026-07-07,18,1,0.74,2026-07-06T12:00:00
FC-009404,SEC-002,2026-07-07,19,0,0.88,2026-07-06T12:00:00
FC-009405,SEC-002,2026-07-07,20,1,0.92,2026-07-06T12:00:00
FC-009406,SEC-002,2026-07-07,21,1,0.74,2026-07-06T12:00:00
FC-009407,SEC-002,2026-07-07,22,3,0.73,2026-07-06T12:00:00
FC-009408,SEC-002,2026-07-07,23,4,0.91,2026-07-06T12:00:00
FC-009409,SEC-003,2026-07-07,0,0,0.85,2026-07-06T12:00:00
FC-009410,SEC-003,2026-07-07,1,4,0.95,2026-07-06T12:00:00
FC-009411,SEC-003,2026-07-07,2,2,0.79,2026-07-06T12:00:00
FC-009412,SEC-003,2026-07-07,3,2,0.85,2026-07-06T12:00:00
FC-009413,SEC-003,2026-07-07,4,2,0.79,2026-07-06T12:00:00
FC-009414,SEC-003,2026-07-07,5,0,0.73,2026-07-06T12:00:00
FC-009415,SEC-003,2026-07-07,6,0,0.87,2026-07-06T12:00:00
FC-009416,SEC-003,2026-07-07,7,0,0.76,2026-07-06T12:00:00
FC-009417,SEC-003,2026-07-07,8,0,0.71,2026-07-06T12:00:00
FC-009418,SEC-003,2026-07-07,9,0,0.85,2026-07-06T12:00:00
FC-009419,SEC-003,2026-07-07,10,0,0.85,2026-07-06T12:00:00
FC-009420,SEC-003,2026-07-07,11,0,0.89,2026-07-06T12:00:00
FC-009421,SEC-003,2026-07-07,12,0,0.85,2026-07-06T12:00:00
FC-009422,SEC-003,2026-07-07,13,0,0.71,2026-07-06T12:00:00
FC-009423,SEC-003,2026-07-07,14,0,0.71,2026-07-06T12:00:00
FC-009424,SEC-003,2026-07-07,15,0,0.9,2026-07-06T12:00:00
FC-009425,SEC-003,2026-07-07,16,1,0.74,2026-07-06T12:00:00
FC-009426,SEC-003,2026-07-07,17,0,0.76,2026-07-06T12:00:00
FC-009427,SEC-003,2026-07-07,18,0,0.81,2026-07-06T12:00:00
FC-009428,SEC-003,2026-07-07,19,1,0.83,2026-07-06T12:00:00
FC-009429,SEC-003,2026-07-07,20,1,0.91,2026-07-06T12:00:00
FC-009430,SEC-003,2026-07-07,21,0,0.77,2026-07-06T12:00:00
FC-009431,SEC-003,2026-07-07,22,1,0.79,2026-07-06T12:00:00
FC-009432,SEC-003,2026-07-07,23,1,0.77,2026-07-06T12:00:00
FC-009433,SEC-004,2026-07-07,0,6,0.88,2026-07-06T12:00:00
FC-009434,SEC-004,2026-07-07,1,2,0.78,2026-07-06T12:00:00
FC-009435,SEC-004,2026-07-07,2,1,0.77,2026-07-06T12:00:00
FC-009436,SEC-004,2026-07-07,3,4,0.78,2026-07-06T12:00:00
FC-009437,SEC-004,2026-07-07,4,7,0.9,2026-07-06T12:00:00
FC-009438,SEC-004,2026-07-07,5,1,0.85,2026-07-06T12:00:00
FC-009439,SEC-004,2026-07-07,6,0,0.86,2026-07-06T12:00:00
FC-009440,SEC-004,2026-07-07,7,1,0.93,2026-07-06T12:00:00
FC-009441,SEC-004,2026-07-07,8,0,0.82,2026-07-06T12:00:00
FC-009442,SEC-004,2026-07-07,9,1,0.81,2026-07-06T12:00:00
FC-009443,SEC-004,2026-07-07,10,0,0.75,2026-07-06T12:00:00
FC-009444,SEC-004,2026-07-07,11,1,0.9,2026-07-06T12:00:00
FC-009445,SEC-004,2026-07-07,12,0,0.75,2026-07-06T12:00:00
FC-009446,SEC-004,2026-07-07,13,0,0.9,2026-07-06T12:00:00
FC-009447,SEC-004,2026-07-07,14,1,0.83,2026-07-06T12:00:00
FC-009448,SEC-004,2026-07-07,15,0,0.75,2026-07-06T12:00:00
FC-009449,SEC-004,2026-07-07,16,0,0.87,2026-07-06T12:00:00
FC-009450,SEC-004,2026-07-07,17,0,0.79,2026-07-06T12:00:00
FC-009451,SEC-004,2026-07-07,18,2,0.87,2026-07-06T12:00:00
FC-009452,SEC-004,2026-07-07,19,1,0.86,2026-07-06T12:00:00
FC-009453,SEC-004,2026-07-07,20,0,0.91,2026-07-06T12:00:00
FC-009454,SEC-004,2026-07-07,21,0,0.92,2026-07-06T12:00:00
FC-009455,SEC-004,2026-07-07,22,3,0.82,2026-07-06T12:00:00
FC-009456,SEC-004,2026-07-07,23,5,0.79,2026-07-06T12:00:00
FC-009457,SEC-005,2026-07-07,0,1,0.76,2026-07-06T12:00:00
FC-009458,SEC-005,2026-07-07,1,0,0.85,2026-07-06T12:00:00
FC-009459,SEC-005,2026-07-07,2,3,0.94,2026-07-06T12:00:00
FC-009460,SEC-005,2026-07-07,3,2,0.72,2026-07-06T12:00:00
FC-009461,SEC-005,2026-07-07,4,4,0.92,2026-07-06T12:00:00
FC-009462,SEC-005,2026-07-07,5,0,0.94,2026-07-06T12:00:00
FC-009463,SEC-005,2026-07-07,6,0,0.78,2026-07-06T12:00:00
FC-009464,SEC-005,2026-07-07,7,0,0.73,2026-07-06T12:00:00
FC-009465,SEC-005,2026-07-07,8,0,0.92,2026-07-06T12:00:00
FC-009466,SEC-005,2026-07-07,9,1,0.81,2026-07-06T12:00:00
FC-009467,SEC-005,2026-07-07,10,0,0.79,2026-07-06T12:00:00
FC-009468,SEC-005,2026-07-07,11,0,0.8,2026-07-06T12:00:00
FC-009469,SEC-005,2026-07-07,12,0,0.89,2026-07-06T12:00:00
FC-009470,SEC-005,2026-07-07,13,2,0.79,2026-07-06T12:00:00
FC-009471,SEC-005,2026-07-07,14,1,0.93,2026-07-06T12:00:00
FC-009472,SEC-005,2026-07-07,15,0,0.91,2026-07-06T12:00:00
FC-009473,SEC-005,2026-07-07,16,0,0.71,2026-07-06T12:00:00
FC-009474,SEC-005,2026-07-07,17,0,0.82,2026-07-06T12:00:00
FC-009475,SEC-005,2026-07-07,18,0,0.91,2026-07-06T12:00:00
FC-009476,SEC-005,2026-07-07,19,0,0.82,2026-07-06T12:00:00
FC-009477,SEC-005,2026-07-07,20,0,0.79,2026-07-06T12:00:00
FC-009478,SEC-005,2026-07-07,21,0,0.86,2026-07-06T12:00:00
FC-009479,SEC-005,2026-07-07,22,2,0.86,2026-07-06T12:00:00
FC-009480,SEC-005,2026-07-07,23,1,0.76,2026-07-06T12:00:00
FC-009481,SEC-006,2026-07-07,0,3,0.76,2026-07-06T12:00:00
FC-009482,SEC-006,2026-07-07,1,1,0.93,2026-07-06T12:00:00
FC-009483,SEC-006,2026-07-07,2,4,0.76,2026-07-06T12:00:00
FC-009484,SEC-006,2026-07-07,3,2,0.8,2026-07-06T12:00:00
FC-009485,SEC-006,2026-07-07,4,0,0.89,2026-07-06T12:00:00
FC-009486,SEC-006,2026-07-07,5,0,0.86,2026-07-06T12:00:00
FC-009487,SEC-006,2026-07-07,6,1,0.79,2026-07-06T12:00:00
FC-009488,SEC-006,2026-07-07,7,1,0.7,2026-07-06T12:00:00
FC-009489,SEC-006,2026-07-07,8,0,0.75,2026-07-06T12:00:00
FC-009490,SEC-006,2026-07-07,9,0,0.89,2026-07-06T12:00:00
FC-009491,SEC-006,2026-07-07,10,0,0.78,2026-07-06T12:00:00
FC-009492,SEC-006,2026-07-07,11,1,0.89,2026-07-06T12:00:00
FC-009493,SEC-006,2026-07-07,12,1,0.71,2026-07-06T12:00:00
FC-009494,SEC-006,2026-07-07,13,1,0.88,2026-07-06T12:00:00
FC-009495,SEC-006,2026-07-07,14,0,0.88,2026-07-06T12:00:00
FC-009496,SEC-006,2026-07-07,15,1,0.72,2026-07-06T12:00:00
FC-009497,SEC-006,2026-07-07,16,3,0.92,2026-07-06T12:00:00
FC-009498,SEC-006,2026-07-07,17,2,0.81,2026-07-06T12:00:00
FC-009499,SEC-006,2026-07-07,18,1,0.91,2026-07-06T12:00:00
FC-009500,SEC-006,2026-07-07,19,0,0.73,2026-07-06T12:00:00
FC-009501,SEC-006,2026-07-07,20,2,0.93,2026-07-06T12:00:00
FC-009502,SEC-006,2026-07-07,21,0,0.86,2026-07-06T12:00:00
FC-009503,SEC-006,2026-07-07,22,2,0.73,2026-07-06T12:00:00
FC-009504,SEC-006,2026-07-07,23,0,0.71,2026-07-06T12:00:00
FC-009505,SEC-001,2026-07-08,0,2,0.94,2026-07-07T12:00:00
FC-009506,SEC-001,2026-07-08,1,2,0.81,2026-07-07T12:00:00
FC-009507,SEC-001,2026-07-08,2,0,0.94,2026-07-07T12:00:00
FC-009508,SEC-001,2026-07-08,3,2,0.84,2026-07-07T12:00:00
FC-009509,SEC-001,2026-07-08,4,2,0.74,2026-07-07T12:00:00
FC-009510,SEC-001,2026-07-08,5,0,0.73,2026-07-07T12:00:00
FC-009511,SEC-001,2026-07-08,6,0,0.81,2026-07-07T12:00:00
FC-009512,SEC-001,2026-07-08,7,1,0.94,2026-07-07T12:00:00
FC-009513,SEC-001,2026-07-08,8,0,0.94,2026-07-07T12:00:00
FC-009514,SEC-001,2026-07-08,9,2,0.8,2026-07-07T12:00:00
FC-009515,SEC-001,2026-07-08,10,1,0.8,2026-07-07T12:00:00
FC-009516,SEC-001,2026-07-08,11,0,0.94,2026-07-07T12:00:00
FC-009517,SEC-001,2026-07-08,12,0,0.95,2026-07-07T12:00:00
FC-009518,SEC-001,2026-07-08,13,1,0.87,2026-07-07T12:00:00
FC-009519,SEC-001,2026-07-08,14,0,0.86,2026-07-07T12:00:00
FC-009520,SEC-001,2026-07-08,15,0,0.81,2026-07-07T12:00:00
FC-009521,SEC-001,2026-07-08,16,2,0.7,2026-07-07T12:00:00
FC-009522,SEC-001,2026-07-08,17,1,0.82,2026-07-07T12:00:00
FC-009523,SEC-001,2026-07-08,18,0,0.86,2026-07-07T12:00:00
FC-009524,SEC-001,2026-07-08,19,1,0.94,2026-07-07T12:00:00
FC-009525,SEC-001,2026-07-08,20,0,0.9,2026-07-07T12:00:00
FC-009526,SEC-001,2026-07-08,21,0,0.84,2026-07-07T12:00:00
FC-009527,SEC-001,2026-07-08,22,3,0.83,2026-07-07T12:00:00
FC-009528,SEC-001,2026-07-08,23,1,0.9,2026-07-07T12:00:00
FC-009529,SEC-002,2026-07-08,0,2,0.93,2026-07-07T12:00:00
FC-009530,SEC-002,2026-07-08,1,2,0.89,2026-07-07T12:00:00
FC-009531,SEC-002,2026-07-08,2,0,0.83,2026-07-07T12:00:00
FC-009532,SEC-002,2026-07-08,3,5,0.81,2026-07-07T12:00:00
FC-009533,SEC-002,2026-07-08,4,2,0.94,2026-07-07T12:00:00
FC-009534,SEC-002,2026-07-08,5,0,0.84,2026-07-07T12:00:00
FC-009535,SEC-002,2026-07-08,6,0,0.72,2026-07-07T12:00:00
FC-009536,SEC-002,2026-07-08,7,0,0.74,2026-07-07T12:00:00
FC-009537,SEC-002,2026-07-08,8,1,0.84,2026-07-07T12:00:00
FC-009538,SEC-002,2026-07-08,9,0,0.78,2026-07-07T12:00:00
FC-009539,SEC-002,2026-07-08,10,1,0.9,2026-07-07T12:00:00
FC-009540,SEC-002,2026-07-08,11,0,0.72,2026-07-07T12:00:00
FC-009541,SEC-002,2026-07-08,12,2,0.94,2026-07-07T12:00:00
FC-009542,SEC-002,2026-07-08,13,0,0.73,2026-07-07T12:00:00
FC-009543,SEC-002,2026-07-08,14,1,0.93,2026-07-07T12:00:00
FC-009544,SEC-002,2026-07-08,15,1,0.78,2026-07-07T12:00:00
FC-009545,SEC-002,2026-07-08,16,0,0.86,2026-07-07T12:00:00
FC-009546,SEC-002,2026-07-08,17,0,0.83,2026-07-07T12:00:00
FC-009547,SEC-002,2026-07-08,18,0,0.75,2026-07-07T12:00:00
FC-009548,SEC-002,2026-07-08,19,0,0.7,2026-07-07T12:00:00
FC-009549,SEC-002,2026-07-08,20,0,0.84,2026-07-07T12:00:00
FC-009550,SEC-002,2026-07-08,21,0,0.74,2026-07-07T12:00:00
FC-009551,SEC-002,2026-07-08,22,4,0.81,2026-07-07T12:00:00
FC-009552,SEC-002,2026-07-08,23,3,0.75,2026-07-07T12:00:00
FC-009553,SEC-003,2026-07-08,0,1,0.85,2026-07-07T12:00:00
FC-009554,SEC-003,2026-07-08,1,2,0.8,2026-07-07T12:00:00
FC-009555,SEC-003,2026-07-08,2,3,0.77,2026-07-07T12:00:00
FC-009556,SEC-003,2026-07-08,3,1,0.83,2026-07-07T12:00:00
FC-009557,SEC-003,2026-07-08,4,1,0.8,2026-07-07T12:00:00
FC-009558,SEC-003,2026-07-08,5,0,0.92,2026-07-07T12:00:00
FC-009559,SEC-003,2026-07-08,6,0,0.87,2026-07-07T12:00:00
FC-009560,SEC-003,2026-07-08,7,0,0.71,2026-07-07T12:00:00
FC-009561,SEC-003,2026-07-08,8,0,0.93,2026-07-07T12:00:00
FC-009562,SEC-003,2026-07-08,9,1,0.91,2026-07-07T12:00:00
FC-009563,SEC-003,2026-07-08,10,1,0.88,2026-07-07T12:00:00
FC-009564,SEC-003,2026-07-08,11,0,0.89,2026-07-07T12:00:00
FC-009565,SEC-003,2026-07-08,12,0,0.91,2026-07-07T12:00:00
FC-009566,SEC-003,2026-07-08,13,0,0.91,2026-07-07T12:00:00
FC-009567,SEC-003,2026-07-08,14,0,0.9,2026-07-07T12:00:00
FC-009568,SEC-003,2026-07-08,15,1,0.75,2026-07-07T12:00:00
FC-009569,SEC-003,2026-07-08,16,0,0.76,2026-07-07T12:00:00
FC-009570,SEC-003,2026-07-08,17,0,0.87,2026-07-07T12:00:00
FC-009571,SEC-003,2026-07-08,18,0,0.8,2026-07-07T12:00:00
FC-009572,SEC-003,2026-07-08,19,0,0.91,2026-07-07T12:00:00
FC-009573,SEC-003,2026-07-08,20,2,0.85,2026-07-07T12:00:00
FC-009574,SEC-003,2026-07-08,21,1,0.91,2026-07-07T12:00:00
FC-009575,SEC-003,2026-07-08,22,2,0.87,2026-07-07T12:00:00
FC-009576,SEC-003,2026-07-08,23,0,0.79,2026-07-07T12:00:00
FC-009577,SEC-004,2026-07-08,0,2,0.78,2026-07-07T12:00:00
FC-009578,SEC-004,2026-07-08,1,2,0.87,2026-07-07T12:00:00
FC-009579,SEC-004,2026-07-08,2,3,0.73,2026-07-07T12:00:00
FC-009580,SEC-004,2026-07-08,3,0,0.72,2026-07-07T12:00:00
FC-009581,SEC-004,2026-07-08,4,1,0.72,2026-07-07T12:00:00
FC-009582,SEC-004,2026-07-08,5,1,0.89,2026-07-07T12:00:00
FC-009583,SEC-004,2026-07-08,6,0,0.77,2026-07-07T12:00:00
FC-009584,SEC-004,2026-07-08,7,1,0.88,2026-07-07T12:00:00
FC-009585,SEC-004,2026-07-08,8,0,0.87,2026-07-07T12:00:00
FC-009586,SEC-004,2026-07-08,9,1,0.76,2026-07-07T12:00:00
FC-009587,SEC-004,2026-07-08,10,0,0.8,2026-07-07T12:00:00
FC-009588,SEC-004,2026-07-08,11,0,0.78,2026-07-07T12:00:00
FC-009589,SEC-004,2026-07-08,12,1,0.92,2026-07-07T12:00:00
FC-009590,SEC-004,2026-07-08,13,0,0.75,2026-07-07T12:00:00
FC-009591,SEC-004,2026-07-08,14,0,0.8,2026-07-07T12:00:00
FC-009592,SEC-004,2026-07-08,15,0,0.79,2026-07-07T12:00:00
FC-009593,SEC-004,2026-07-08,16,1,0.93,2026-07-07T12:00:00
FC-009594,SEC-004,2026-07-08,17,1,0.82,2026-07-07T12:00:00
FC-009595,SEC-004,2026-07-08,18,0,0.74,2026-07-07T12:00:00
FC-009596,SEC-004,2026-07-08,19,0,0.85,2026-07-07T12:00:00
FC-009597,SEC-004,2026-07-08,20,0,0.71,2026-07-07T12:00:00
FC-009598,SEC-004,2026-07-08,21,0,0.7,2026-07-07T12:00:00
FC-009599,SEC-004,2026-07-08,22,0,0.77,2026-07-07T12:00:00
FC-009600,SEC-004,2026-07-08,23,1,0.7,2026-07-07T12:00:00
FC-009601,SEC-005,2026-07-08,0,2,0.75,2026-07-07T12:00:00
FC-009602,SEC-005,2026-07-08,1,0,0.8,2026-07-07T12:00:00
FC-009603,SEC-005,2026-07-08,2,1,0.89,2026-07-07T12:00:00
FC-009604,SEC-005,2026-07-08,3,1,0.91,2026-07-07T12:00:00
FC-009605,SEC-005,2026-07-08,4,3,0.83,2026-07-07T12:00:00
FC-009606,SEC-005,2026-07-08,5,0,0.92,2026-07-07T12:00:00
FC-009607,SEC-005,2026-07-08,6,0,0.78,2026-07-07T12:00:00
FC-009608,SEC-005,2026-07-08,7,0,0.93,2026-07-07T12:00:00
FC-009609,SEC-005,2026-07-08,8,0,0.75,2026-07-07T12:00:00
FC-009610,SEC-005,2026-07-08,9,1,0.84,2026-07-07T12:00:00
FC-009611,SEC-005,2026-07-08,10,1,0.75,2026-07-07T12:00:00
FC-009612,SEC-005,2026-07-08,11,0,0.95,2026-07-07T12:00:00
FC-009613,SEC-005,2026-07-08,12,0,0.85,2026-07-07T12:00:00
FC-009614,SEC-005,2026-07-08,13,1,0.76,2026-07-07T12:00:00
FC-009615,SEC-005,2026-07-08,14,0,0.92,2026-07-07T12:00:00
FC-009616,SEC-005,2026-07-08,15,0,0.91,2026-07-07T12:00:00
FC-009617,SEC-005,2026-07-08,16,1,0.94,2026-07-07T12:00:00
FC-009618,SEC-005,2026-07-08,17,0,0.75,2026-07-07T12:00:00
FC-009619,SEC-005,2026-07-08,18,0,0.83,2026-07-07T12:00:00
FC-009620,SEC-005,2026-07-08,19,0,0.86,2026-07-07T12:00:00
FC-009621,SEC-005,2026-07-08,20,0,0.85,2026-07-07T12:00:00
FC-009622,SEC-005,2026-07-08,21,0,0.73,2026-07-07T12:00:00
FC-009623,SEC-005,2026-07-08,22,2,0.74,2026-07-07T12:00:00
FC-009624,SEC-005,2026-07-08,23,1,0.88,2026-07-07T12:00:00
FC-009625,SEC-006,2026-07-08,0,2,0.78,2026-07-07T12:00:00
FC-009626,SEC-006,2026-07-08,1,1,0.92,2026-07-07T12:00:00
FC-009627,SEC-006,2026-07-08,2,1,0.77,2026-07-07T12:00:00
FC-009628,SEC-006,2026-07-08,3,0,0.83,2026-07-07T12:00:00
FC-009629,SEC-006,2026-07-08,4,1,0.91,2026-07-07T12:00:00
FC-009630,SEC-006,2026-07-08,5,0,0.74,2026-07-07T12:00:00
FC-009631,SEC-006,2026-07-08,6,0,0.88,2026-07-07T12:00:00
FC-009632,SEC-006,2026-07-08,7,0,0.73,2026-07-07T12:00:00
FC-009633,SEC-006,2026-07-08,8,1,0.71,2026-07-07T12:00:00
FC-009634,SEC-006,2026-07-08,9,1,0.72,2026-07-07T12:00:00
FC-009635,SEC-006,2026-07-08,10,0,0.87,2026-07-07T12:00:00
FC-009636,SEC-006,2026-07-08,11,2,0.86,2026-07-07T12:00:00
FC-009637,SEC-006,2026-07-08,12,0,0.82,2026-07-07T12:00:00
FC-009638,SEC-006,2026-07-08,13,1,0.89,2026-07-07T12:00:00
FC-009639,SEC-006,2026-07-08,14,0,0.91,2026-07-07T12:00:00
FC-009640,SEC-006,2026-07-08,15,0,0.86,2026-07-07T12:00:00
FC-009641,SEC-006,2026-07-08,16,0,0.94,2026-07-07T12:00:00
FC-009642,SEC-006,2026-07-08,17,1,0.88,2026-07-07T12:00:00
FC-009643,SEC-006,2026-07-08,18,0,0.74,2026-07-07T12:00:00
FC-009644,SEC-006,2026-07-08,19,0,0.73,2026-07-07T12:00:00
FC-009645,SEC-006,2026-07-08,20,0,0.89,2026-07-07T12:00:00
FC-009646,SEC-006,2026-07-08,21,0,0.86,2026-07-07T12:00:00
FC-009647,SEC-006,2026-07-08,22,1,0.71,2026-07-07T12:00:00
FC-009648,SEC-006,2026-07-08,23,1,0.94,2026-07-07T12:00:00
FC-009649,SEC-001,2026-07-09,0,4,0.89,2026-07-08T12:00:00
FC-009650,SEC-001,2026-07-09,1,2,0.7,2026-07-08T12:00:00
FC-009651,SEC-001,2026-07-09,2,1,0.8,2026-07-08T12:00:00
FC-009652,SEC-001,2026-07-09,3,1,0.71,2026-07-08T12:00:00
FC-009653,SEC-001,2026-07-09,4,1,0.89,2026-07-08T12:00:00
FC-009654,SEC-001,2026-07-09,5,0,0.82,2026-07-08T12:00:00
FC-009655,SEC-001,2026-07-09,6,0,0.83,2026-07-08T12:00:00
FC-009656,SEC-001,2026-07-09,7,0,0.84,2026-07-08T12:00:00
FC-009657,SEC-001,2026-07-09,8,0,0.87,2026-07-08T12:00:00
FC-009658,SEC-001,2026-07-09,9,1,0.77,2026-07-08T12:00:00
FC-009659,SEC-001,2026-07-09,10,1,0.87,2026-07-08T12:00:00
FC-009660,SEC-001,2026-07-09,11,0,0.74,2026-07-08T12:00:00
FC-009661,SEC-001,2026-07-09,12,0,0.71,2026-07-08T12:00:00
FC-009662,SEC-001,2026-07-09,13,0,0.81,2026-07-08T12:00:00
FC-009663,SEC-001,2026-07-09,14,1,0.91,2026-07-08T12:00:00
FC-009664,SEC-001,2026-07-09,15,0,0.81,2026-07-08T12:00:00
FC-009665,SEC-001,2026-07-09,16,0,0.87,2026-07-08T12:00:00
FC-009666,SEC-001,2026-07-09,17,0,0.91,2026-07-08T12:00:00
FC-009667,SEC-001,2026-07-09,18,1,0.81,2026-07-08T12:00:00
FC-009668,SEC-001,2026-07-09,19,0,0.91,2026-07-08T12:00:00
FC-009669,SEC-001,2026-07-09,20,1,0.73,2026-07-08T12:00:00
FC-009670,SEC-001,2026-07-09,21,0,0.71,2026-07-08T12:00:00
FC-009671,SEC-001,2026-07-09,22,2,0.85,2026-07-08T12:00:00
FC-009672,SEC-001,2026-07-09,23,2,0.78,2026-07-08T12:00:00
FC-009673,SEC-002,2026-07-09,0,2,0.75,2026-07-08T12:00:00
FC-009674,SEC-002,2026-07-09,1,1,0.85,2026-07-08T12:00:00
FC-009675,SEC-002,2026-07-09,2,3,0.91,2026-07-08T12:00:00
FC-009676,SEC-002,2026-07-09,3,3,0.93,2026-07-08T12:00:00
FC-009677,SEC-002,2026-07-09,4,1,0.86,2026-07-08T12:00:00
FC-009678,SEC-002,2026-07-09,5,0,0.73,2026-07-08T12:00:00
FC-009679,SEC-002,2026-07-09,6,0,0.93,2026-07-08T12:00:00
FC-009680,SEC-002,2026-07-09,7,0,0.8,2026-07-08T12:00:00
FC-009681,SEC-002,2026-07-09,8,0,0.89,2026-07-08T12:00:00
FC-009682,SEC-002,2026-07-09,9,1,0.76,2026-07-08T12:00:00
FC-009683,SEC-002,2026-07-09,10,0,0.82,2026-07-08T12:00:00
FC-009684,SEC-002,2026-07-09,11,0,0.76,2026-07-08T12:00:00
FC-009685,SEC-002,2026-07-09,12,1,0.92,2026-07-08T12:00:00
FC-009686,SEC-002,2026-07-09,13,1,0.89,2026-07-08T12:00:00
FC-009687,SEC-002,2026-07-09,14,1,0.74,2026-07-08T12:00:00
FC-009688,SEC-002,2026-07-09,15,1,0.87,2026-07-08T12:00:00
FC-009689,SEC-002,2026-07-09,16,0,0.7,2026-07-08T12:00:00
FC-009690,SEC-002,2026-07-09,17,0,0.94,2026-07-08T12:00:00
FC-009691,SEC-002,2026-07-09,18,0,0.9,2026-07-08T12:00:00
FC-009692,SEC-002,2026-07-09,19,0,0.75,2026-07-08T12:00:00
FC-009693,SEC-002,2026-07-09,20,0,0.9,2026-07-08T12:00:00
FC-009694,SEC-002,2026-07-09,21,0,0.94,2026-07-08T12:00:00
FC-009695,SEC-002,2026-07-09,22,2,0.81,2026-07-08T12:00:00
FC-009696,SEC-002,2026-07-09,23,1,0.94,2026-07-08T12:00:00
FC-009697,SEC-003,2026-07-09,0,1,0.71,2026-07-08T12:00:00
FC-009698,SEC-003,2026-07-09,1,3,0.87,2026-07-08T12:00:00
FC-009699,SEC-003,2026-07-09,2,2,0.93,2026-07-08T12:00:00
FC-009700,SEC-003,2026-07-09,3,2,0.9,2026-07-08T12:00:00
FC-009701,SEC-003,2026-07-09,4,2,0.93,2026-07-08T12:00:00
FC-009702,SEC-003,2026-07-09,5,0,0.83,2026-07-08T12:00:00
FC-009703,SEC-003,2026-07-09,6,1,0.72,2026-07-08T12:00:00
FC-009704,SEC-003,2026-07-09,7,0,0.93,2026-07-08T12:00:00
FC-009705,SEC-003,2026-07-09,8,0,0.89,2026-07-08T12:00:00
FC-009706,SEC-003,2026-07-09,9,1,0.94,2026-07-08T12:00:00
FC-009707,SEC-003,2026-07-09,10,0,0.95,2026-07-08T12:00:00
FC-009708,SEC-003,2026-07-09,11,0,0.89,2026-07-08T12:00:00
FC-009709,SEC-003,2026-07-09,12,0,0.92,2026-07-08T12:00:00
FC-009710,SEC-003,2026-07-09,13,2,0.75,2026-07-08T12:00:00
FC-009711,SEC-003,2026-07-09,14,1,0.8,2026-07-08T12:00:00
FC-009712,SEC-003,2026-07-09,15,1,0.9,2026-07-08T12:00:00
FC-009713,SEC-003,2026-07-09,16,0,0.72,2026-07-08T12:00:00
FC-009714,SEC-003,2026-07-09,17,0,0.72,2026-07-08T12:00:00
FC-009715,SEC-003,2026-07-09,18,0,0.88,2026-07-08T12:00:00
FC-009716,SEC-003,2026-07-09,19,1,0.82,2026-07-08T12:00:00
FC-009717,SEC-003,2026-07-09,20,1,0.89,2026-07-08T12:00:00
FC-009718,SEC-003,2026-07-09,21,0,0.91,2026-07-08T12:00:00
FC-009719,SEC-003,2026-07-09,22,1,0.8,2026-07-08T12:00:00
FC-009720,SEC-003,2026-07-09,23,3,0.88,2026-07-08T12:00:00
FC-009721,SEC-004,2026-07-09,0,2,0.93,2026-07-08T12:00:00
FC-009722,SEC-004,2026-07-09,1,5,0.75,2026-07-08T12:00:00
FC-009723,SEC-004,2026-07-09,2,1,0.74,2026-07-08T12:00:00
FC-009724,SEC-004,2026-07-09,3,1,0.91,2026-07-08T12:00:00
FC-009725,SEC-004,2026-07-09,4,2,0.86,2026-07-08T12:00:00
FC-009726,SEC-004,2026-07-09,5,0,0.82,2026-07-08T12:00:00
FC-009727,SEC-004,2026-07-09,6,0,0.84,2026-07-08T12:00:00
FC-009728,SEC-004,2026-07-09,7,1,0.83,2026-07-08T12:00:00
FC-009729,SEC-004,2026-07-09,8,1,0.8,2026-07-08T12:00:00
FC-009730,SEC-004,2026-07-09,9,0,0.85,2026-07-08T12:00:00
FC-009731,SEC-004,2026-07-09,10,0,0.81,2026-07-08T12:00:00
FC-009732,SEC-004,2026-07-09,11,1,0.71,2026-07-08T12:00:00
FC-009733,SEC-004,2026-07-09,12,0,0.91,2026-07-08T12:00:00
FC-009734,SEC-004,2026-07-09,13,0,0.9,2026-07-08T12:00:00
FC-009735,SEC-004,2026-07-09,14,1,0.85,2026-07-08T12:00:00
FC-009736,SEC-004,2026-07-09,15,0,0.84,2026-07-08T12:00:00
FC-009737,SEC-004,2026-07-09,16,0,0.7,2026-07-08T12:00:00
FC-009738,SEC-004,2026-07-09,17,1,0.84,2026-07-08T12:00:00
FC-009739,SEC-004,2026-07-09,18,0,0.91,2026-07-08T12:00:00
FC-009740,SEC-004,2026-07-09,19,0,0.84,2026-07-08T12:00:00
FC-009741,SEC-004,2026-07-09,20,2,0.73,2026-07-08T12:00:00
FC-009742,SEC-004,2026-07-09,21,0,0.95,2026-07-08T12:00:00
FC-009743,SEC-004,2026-07-09,22,3,0.75,2026-07-08T12:00:00
FC-009744,SEC-004,2026-07-09,23,2,0.95,2026-07-08T12:00:00
FC-009745,SEC-005,2026-07-09,0,1,0.87,2026-07-08T12:00:00
FC-009746,SEC-005,2026-07-09,1,0,0.91,2026-07-08T12:00:00
FC-009747,SEC-005,2026-07-09,2,0,0.91,2026-07-08T12:00:00
FC-009748,SEC-005,2026-07-09,3,4,0.95,2026-07-08T12:00:00
FC-009749,SEC-005,2026-07-09,4,1,0.83,2026-07-08T12:00:00
FC-009750,SEC-005,2026-07-09,5,0,0.73,2026-07-08T12:00:00
FC-009751,SEC-005,2026-07-09,6,0,0.77,2026-07-08T12:00:00
FC-009752,SEC-005,2026-07-09,7,0,0.92,2026-07-08T12:00:00
FC-009753,SEC-005,2026-07-09,8,1,0.86,2026-07-08T12:00:00
FC-009754,SEC-005,2026-07-09,9,1,0.76,2026-07-08T12:00:00
FC-009755,SEC-005,2026-07-09,10,0,0.77,2026-07-08T12:00:00
FC-009756,SEC-005,2026-07-09,11,0,0.89,2026-07-08T12:00:00
FC-009757,SEC-005,2026-07-09,12,1,0.74,2026-07-08T12:00:00
FC-009758,SEC-005,2026-07-09,13,0,0.78,2026-07-08T12:00:00
FC-009759,SEC-005,2026-07-09,14,0,0.7,2026-07-08T12:00:00
FC-009760,SEC-005,2026-07-09,15,0,0.76,2026-07-08T12:00:00
FC-009761,SEC-005,2026-07-09,16,1,0.77,2026-07-08T12:00:00
FC-009762,SEC-005,2026-07-09,17,0,0.9,2026-07-08T12:00:00
FC-009763,SEC-005,2026-07-09,18,1,0.75,2026-07-08T12:00:00
FC-009764,SEC-005,2026-07-09,19,0,0.7,2026-07-08T12:00:00
FC-009765,SEC-005,2026-07-09,20,1,0.8,2026-07-08T12:00:00
FC-009766,SEC-005,2026-07-09,21,1,0.8,2026-07-08T12:00:00
FC-009767,SEC-005,2026-07-09,22,0,0.78,2026-07-08T12:00:00
FC-009768,SEC-005,2026-07-09,23,0,0.81,2026-07-08T12:00:00
FC-009769,SEC-006,2026-07-09,0,5,0.81,2026-07-08T12:00:00
FC-009770,SEC-006,2026-07-09,1,1,0.88,2026-07-08T12:00:00
FC-009771,SEC-006,2026-07-09,2,5,0.8,2026-07-08T12:00:00
FC-009772,SEC-006,2026-07-09,3,3,0.86,2026-07-08T12:00:00
FC-009773,SEC-006,2026-07-09,4,1,0.74,2026-07-08T12:00:00
FC-009774,SEC-006,2026-07-09,5,0,0.95,2026-07-08T12:00:00
FC-009775,SEC-006,2026-07-09,6,0,0.82,2026-07-08T12:00:00
FC-009776,SEC-006,2026-07-09,7,0,0.76,2026-07-08T12:00:00
FC-009777,SEC-006,2026-07-09,8,2,0.74,2026-07-08T12:00:00
FC-009778,SEC-006,2026-07-09,9,1,0.71,2026-07-08T12:00:00
FC-009779,SEC-006,2026-07-09,10,1,0.78,2026-07-08T12:00:00
FC-009780,SEC-006,2026-07-09,11,0,0.95,2026-07-08T12:00:00
FC-009781,SEC-006,2026-07-09,12,1,0.83,2026-07-08T12:00:00
FC-009782,SEC-006,2026-07-09,13,0,0.83,2026-07-08T12:00:00
FC-009783,SEC-006,2026-07-09,14,1,0.84,2026-07-08T12:00:00
FC-009784,SEC-006,2026-07-09,15,1,0.75,2026-07-08T12:00:00
FC-009785,SEC-006,2026-07-09,16,1,0.94,2026-07-08T12:00:00
FC-009786,SEC-006,2026-07-09,17,0,0.71,2026-07-08T12:00:00
FC-009787,SEC-006,2026-07-09,18,1,0.88,2026-07-08T12:00:00
FC-009788,SEC-006,2026-07-09,19,1,0.81,2026-07-08T12:00:00
FC-009789,SEC-006,2026-07-09,20,0,0.8,2026-07-08T12:00:00
FC-009790,SEC-006,2026-07-09,21,0,0.8,2026-07-08T12:00:00
FC-009791,SEC-006,2026-07-09,22,2,0.94,2026-07-08T12:00:00
FC-009792,SEC-006,2026-07-09,23,1,0.7,2026-07-08T12:00:00
FC-009793,SEC-001,2026-07-10,0,1,0.94,2026-07-09T12:00:00
FC-009794,SEC-001,2026-07-10,1,2,0.91,2026-07-09T12:00:00
FC-009795,SEC-001,2026-07-10,2,2,0.8,2026-07-09T12:00:00
FC-009796,SEC-001,2026-07-10,3,1,0.92,2026-07-09T12:00:00
FC-009797,SEC-001,2026-07-10,4,0,0.84,2026-07-09T12:00:00
FC-009798,SEC-001,2026-07-10,5,1,0.77,2026-07-09T12:00:00
FC-009799,SEC-001,2026-07-10,6,1,0.84,2026-07-09T12:00:00
FC-009800,SEC-001,2026-07-10,7,0,0.73,2026-07-09T12:00:00
FC-009801,SEC-001,2026-07-10,8,0,0.86,2026-07-09T12:00:00
FC-009802,SEC-001,2026-07-10,9,1,0.81,2026-07-09T12:00:00
FC-009803,SEC-001,2026-07-10,10,0,0.92,2026-07-09T12:00:00
FC-009804,SEC-001,2026-07-10,11,0,0.87,2026-07-09T12:00:00
FC-009805,SEC-001,2026-07-10,12,0,0.95,2026-07-09T12:00:00
FC-009806,SEC-001,2026-07-10,13,0,0.88,2026-07-09T12:00:00
FC-009807,SEC-001,2026-07-10,14,2,0.73,2026-07-09T12:00:00
FC-009808,SEC-001,2026-07-10,15,0,0.77,2026-07-09T12:00:00
FC-009809,SEC-001,2026-07-10,16,1,0.94,2026-07-09T12:00:00
FC-009810,SEC-001,2026-07-10,17,0,0.9,2026-07-09T12:00:00
FC-009811,SEC-001,2026-07-10,18,0,0.79,2026-07-09T12:00:00
FC-009812,SEC-001,2026-07-10,19,1,0.86,2026-07-09T12:00:00
FC-009813,SEC-001,2026-07-10,20,0,0.84,2026-07-09T12:00:00
FC-009814,SEC-001,2026-07-10,21,1,0.9,2026-07-09T12:00:00
FC-009815,SEC-001,2026-07-10,22,1,0.85,2026-07-09T12:00:00
FC-009816,SEC-001,2026-07-10,23,1,0.79,2026-07-09T12:00:00
FC-009817,SEC-002,2026-07-10,0,0,0.78,2026-07-09T12:00:00
FC-009818,SEC-002,2026-07-10,1,2,0.81,2026-07-09T12:00:00
FC-009819,SEC-002,2026-07-10,2,2,0.74,2026-07-09T12:00:00
FC-009820,SEC-002,2026-07-10,3,1,0.81,2026-07-09T12:00:00
FC-009821,SEC-002,2026-07-10,4,3,0.85,2026-07-09T12:00:00
FC-009822,SEC-002,2026-07-10,5,0,0.92,2026-07-09T12:00:00
FC-009823,SEC-002,2026-07-10,6,0,0.94,2026-07-09T12:00:00
FC-009824,SEC-002,2026-07-10,7,1,0.75,2026-07-09T12:00:00
FC-009825,SEC-002,2026-07-10,8,0,0.94,2026-07-09T12:00:00
FC-009826,SEC-002,2026-07-10,9,0,0.82,2026-07-09T12:00:00
FC-009827,SEC-002,2026-07-10,10,1,0.94,2026-07-09T12:00:00
FC-009828,SEC-002,2026-07-10,11,0,0.87,2026-07-09T12:00:00
FC-009829,SEC-002,2026-07-10,12,0,0.8,2026-07-09T12:00:00
FC-009830,SEC-002,2026-07-10,13,1,0.94,2026-07-09T12:00:00
FC-009831,SEC-002,2026-07-10,14,0,0.77,2026-07-09T12:00:00
FC-009832,SEC-002,2026-07-10,15,0,0.88,2026-07-09T12:00:00
FC-009833,SEC-002,2026-07-10,16,1,0.75,2026-07-09T12:00:00
FC-009834,SEC-002,2026-07-10,17,0,0.88,2026-07-09T12:00:00
FC-009835,SEC-002,2026-07-10,18,1,0.9,2026-07-09T12:00:00
FC-009836,SEC-002,2026-07-10,19,0,0.82,2026-07-09T12:00:00
FC-009837,SEC-002,2026-07-10,20,2,0.76,2026-07-09T12:00:00
FC-009838,SEC-002,2026-07-10,21,0,0.77,2026-07-09T12:00:00
FC-009839,SEC-002,2026-07-10,22,4,0.81,2026-07-09T12:00:00
FC-009840,SEC-002,2026-07-10,23,2,0.84,2026-07-09T12:00:00
FC-009841,SEC-003,2026-07-10,0,1,0.74,2026-07-09T12:00:00
FC-009842,SEC-003,2026-07-10,1,3,0.71,2026-07-09T12:00:00
FC-009843,SEC-003,2026-07-10,2,1,0.75,2026-07-09T12:00:00
FC-009844,SEC-003,2026-07-10,3,2,0.87,2026-07-09T12:00:00
FC-009845,SEC-003,2026-07-10,4,1,0.83,2026-07-09T12:00:00
FC-009846,SEC-003,2026-07-10,5,0,0.79,2026-07-09T12:00:00
FC-009847,SEC-003,2026-07-10,6,1,0.93,2026-07-09T12:00:00
FC-009848,SEC-003,2026-07-10,7,0,0.74,2026-07-09T12:00:00
FC-009849,SEC-003,2026-07-10,8,0,0.88,2026-07-09T12:00:00
FC-009850,SEC-003,2026-07-10,9,1,0.87,2026-07-09T12:00:00
FC-009851,SEC-003,2026-07-10,10,0,0.72,2026-07-09T12:00:00
FC-009852,SEC-003,2026-07-10,11,0,0.82,2026-07-09T12:00:00
FC-009853,SEC-003,2026-07-10,12,0,0.87,2026-07-09T12:00:00
FC-009854,SEC-003,2026-07-10,13,1,0.74,2026-07-09T12:00:00
FC-009855,SEC-003,2026-07-10,14,0,0.89,2026-07-09T12:00:00
FC-009856,SEC-003,2026-07-10,15,0,0.94,2026-07-09T12:00:00
FC-009857,SEC-003,2026-07-10,16,0,0.8,2026-07-09T12:00:00
FC-009858,SEC-003,2026-07-10,17,1,0.79,2026-07-09T12:00:00
FC-009859,SEC-003,2026-07-10,18,0,0.94,2026-07-09T12:00:00
FC-009860,SEC-003,2026-07-10,19,0,0.78,2026-07-09T12:00:00
FC-009861,SEC-003,2026-07-10,20,0,0.72,2026-07-09T12:00:00
FC-009862,SEC-003,2026-07-10,21,0,0.82,2026-07-09T12:00:00
FC-009863,SEC-003,2026-07-10,22,2,0.72,2026-07-09T12:00:00
FC-009864,SEC-003,2026-07-10,23,2,0.78,2026-07-09T12:00:00
FC-009865,SEC-004,2026-07-10,0,4,0.91,2026-07-09T12:00:00
FC-009866,SEC-004,2026-07-10,1,1,0.82,2026-07-09T12:00:00
FC-009867,SEC-004,2026-07-10,2,1,0.79,2026-07-09T12:00:00
FC-009868,SEC-004,2026-07-10,3,3,0.82,2026-07-09T12:00:00
FC-009869,SEC-004,2026-07-10,4,2,0.84,2026-07-09T12:00:00
FC-009870,SEC-004,2026-07-10,5,0,0.75,2026-07-09T12:00:00
FC-009871,SEC-004,2026-07-10,6,0,0.71,2026-07-09T12:00:00
FC-009872,SEC-004,2026-07-10,7,0,0.91,2026-07-09T12:00:00
FC-009873,SEC-004,2026-07-10,8,0,0.74,2026-07-09T12:00:00
FC-009874,SEC-004,2026-07-10,9,0,0.89,2026-07-09T12:00:00
FC-009875,SEC-004,2026-07-10,10,0,0.75,2026-07-09T12:00:00
FC-009876,SEC-004,2026-07-10,11,1,0.77,2026-07-09T12:00:00
FC-009877,SEC-004,2026-07-10,12,1,0.75,2026-07-09T12:00:00
FC-009878,SEC-004,2026-07-10,13,0,0.93,2026-07-09T12:00:00
FC-009879,SEC-004,2026-07-10,14,0,0.82,2026-07-09T12:00:00
FC-009880,SEC-004,2026-07-10,15,1,0.84,2026-07-09T12:00:00
FC-009881,SEC-004,2026-07-10,16,0,0.7,2026-07-09T12:00:00
FC-009882,SEC-004,2026-07-10,17,0,0.71,2026-07-09T12:00:00
FC-009883,SEC-004,2026-07-10,18,1,0.72,2026-07-09T12:00:00
FC-009884,SEC-004,2026-07-10,19,1,0.93,2026-07-09T12:00:00
FC-009885,SEC-004,2026-07-10,20,0,0.91,2026-07-09T12:00:00
FC-009886,SEC-004,2026-07-10,21,1,0.92,2026-07-09T12:00:00
FC-009887,SEC-004,2026-07-10,22,1,0.75,2026-07-09T12:00:00
FC-009888,SEC-004,2026-07-10,23,2,0.83,2026-07-09T12:00:00
FC-009889,SEC-005,2026-07-10,0,1,0.78,2026-07-09T12:00:00
FC-009890,SEC-005,2026-07-10,1,3,0.91,2026-07-09T12:00:00
FC-009891,SEC-005,2026-07-10,2,1,0.85,2026-07-09T12:00:00
FC-009892,SEC-005,2026-07-10,3,1,0.79,2026-07-09T12:00:00
FC-009893,SEC-005,2026-07-10,4,0,0.7,2026-07-09T12:00:00
FC-009894,SEC-005,2026-07-10,5,1,0.9,2026-07-09T12:00:00
FC-009895,SEC-005,2026-07-10,6,0,0.91,2026-07-09T12:00:00
FC-009896,SEC-005,2026-07-10,7,0,0.82,2026-07-09T12:00:00
FC-009897,SEC-005,2026-07-10,8,0,0.84,2026-07-09T12:00:00
FC-009898,SEC-005,2026-07-10,9,0,0.71,2026-07-09T12:00:00
FC-009899,SEC-005,2026-07-10,10,1,0.75,2026-07-09T12:00:00
FC-009900,SEC-005,2026-07-10,11,0,0.85,2026-07-09T12:00:00
FC-009901,SEC-005,2026-07-10,12,0,0.79,2026-07-09T12:00:00
FC-009902,SEC-005,2026-07-10,13,0,0.77,2026-07-09T12:00:00
FC-009903,SEC-005,2026-07-10,14,2,0.84,2026-07-09T12:00:00
FC-009904,SEC-005,2026-07-10,15,0,0.81,2026-07-09T12:00:00
FC-009905,SEC-005,2026-07-10,16,0,0.81,2026-07-09T12:00:00
FC-009906,SEC-005,2026-07-10,17,0,0.88,2026-07-09T12:00:00
FC-009907,SEC-005,2026-07-10,18,0,0.77,2026-07-09T12:00:00
FC-009908,SEC-005,2026-07-10,19,1,0.94,2026-07-09T12:00:00
FC-009909,SEC-005,2026-07-10,20,1,0.74,2026-07-09T12:00:00
FC-009910,SEC-005,2026-07-10,21,0,0.85,2026-07-09T12:00:00
FC-009911,SEC-005,2026-07-10,22,1,0.87,2026-07-09T12:00:00
FC-009912,SEC-005,2026-07-10,23,1,0.71,2026-07-09T12:00:00
FC-009913,SEC-006,2026-07-10,0,3,0.92,2026-07-09T12:00:00
FC-009914,SEC-006,2026-07-10,1,4,0.89,2026-07-09T12:00:00
FC-009915,SEC-006,2026-07-10,2,4,0.81,2026-07-09T12:00:00
FC-009916,SEC-006,2026-07-10,3,1,0.72,2026-07-09T12:00:00
FC-009917,SEC-006,2026-07-10,4,2,0.79,2026-07-09T12:00:00
FC-009918,SEC-006,2026-07-10,5,0,0.73,2026-07-09T12:00:00
FC-009919,SEC-006,2026-07-10,6,0,0.8,2026-07-09T12:00:00
FC-009920,SEC-006,2026-07-10,7,0,0.92,2026-07-09T12:00:00
FC-009921,SEC-006,2026-07-10,8,0,0.76,2026-07-09T12:00:00
FC-009922,SEC-006,2026-07-10,9,1,0.82,2026-07-09T12:00:00
FC-009923,SEC-006,2026-07-10,10,0,0.75,2026-07-09T12:00:00
FC-009924,SEC-006,2026-07-10,11,0,0.71,2026-07-09T12:00:00
FC-009925,SEC-006,2026-07-10,12,0,0.74,2026-07-09T12:00:00
FC-009926,SEC-006,2026-07-10,13,0,0.86,2026-07-09T12:00:00
FC-009927,SEC-006,2026-07-10,14,0,0.9,2026-07-09T12:00:00
FC-009928,SEC-006,2026-07-10,15,0,0.73,2026-07-09T12:00:00
FC-009929,SEC-006,2026-07-10,16,1,0.74,2026-07-09T12:00:00
FC-009930,SEC-006,2026-07-10,17,0,0.84,2026-07-09T12:00:00
FC-009931,SEC-006,2026-07-10,18,1,0.81,2026-07-09T12:00:00
FC-009932,SEC-006,2026-07-10,19,2,0.9,2026-07-09T12:00:00
FC-009933,SEC-006,2026-07-10,20,0,0.83,2026-07-09T12:00:00
FC-009934,SEC-006,2026-07-10,21,0,0.9,2026-07-09T12:00:00
FC-009935,SEC-006,2026-07-10,22,4,0.89,2026-07-09T12:00:00
FC-009936,SEC-006,2026-07-10,23,0,0.7,2026-07-09T12:00:00
FC-009937,SEC-001,2026-07-11,0,1,0.83,2026-07-10T12:00:00
FC-009938,SEC-001,2026-07-11,1,1,0.77,2026-07-10T12:00:00
FC-009939,SEC-001,2026-07-11,2,2,0.79,2026-07-10T12:00:00
FC-009940,SEC-001,2026-07-11,3,3,0.8,2026-07-10T12:00:00
FC-009941,SEC-001,2026-07-11,4,0,0.85,2026-07-10T12:00:00
FC-009942,SEC-001,2026-07-11,5,0,0.9,2026-07-10T12:00:00
FC-009943,SEC-001,2026-07-11,6,1,0.86,2026-07-10T12:00:00
FC-009944,SEC-001,2026-07-11,7,0,0.8,2026-07-10T12:00:00
FC-009945,SEC-001,2026-07-11,8,1,0.87,2026-07-10T12:00:00
FC-009946,SEC-001,2026-07-11,9,1,0.83,2026-07-10T12:00:00
FC-009947,SEC-001,2026-07-11,10,0,0.86,2026-07-10T12:00:00
FC-009948,SEC-001,2026-07-11,11,0,0.75,2026-07-10T12:00:00
FC-009949,SEC-001,2026-07-11,12,0,0.92,2026-07-10T12:00:00
FC-009950,SEC-001,2026-07-11,13,0,0.91,2026-07-10T12:00:00
FC-009951,SEC-001,2026-07-11,14,0,0.94,2026-07-10T12:00:00
FC-009952,SEC-001,2026-07-11,15,2,0.94,2026-07-10T12:00:00
FC-009953,SEC-001,2026-07-11,16,0,0.94,2026-07-10T12:00:00
FC-009954,SEC-001,2026-07-11,17,0,0.86,2026-07-10T12:00:00
FC-009955,SEC-001,2026-07-11,18,0,0.81,2026-07-10T12:00:00
FC-009956,SEC-001,2026-07-11,19,0,0.94,2026-07-10T12:00:00
FC-009957,SEC-001,2026-07-11,20,0,0.74,2026-07-10T12:00:00
FC-009958,SEC-001,2026-07-11,21,0,0.75,2026-07-10T12:00:00
FC-009959,SEC-001,2026-07-11,22,3,0.94,2026-07-10T12:00:00
FC-009960,SEC-001,2026-07-11,23,2,0.71,2026-07-10T12:00:00
FC-009961,SEC-002,2026-07-11,0,0,0.86,2026-07-10T12:00:00
FC-009962,SEC-002,2026-07-11,1,2,0.71,2026-07-10T12:00:00
FC-009963,SEC-002,2026-07-11,2,2,0.82,2026-07-10T12:00:00
FC-009964,SEC-002,2026-07-11,3,2,0.81,2026-07-10T12:00:00
FC-009965,SEC-002,2026-07-11,4,3,0.82,2026-07-10T12:00:00
FC-009966,SEC-002,2026-07-11,5,0,0.93,2026-07-10T12:00:00
FC-009967,SEC-002,2026-07-11,6,0,0.8,2026-07-10T12:00:00
FC-009968,SEC-002,2026-07-11,7,1,0.83,2026-07-10T12:00:00
FC-009969,SEC-002,2026-07-11,8,2,0.76,2026-07-10T12:00:00
FC-009970,SEC-002,2026-07-11,9,1,0.81,2026-07-10T12:00:00
FC-009971,SEC-002,2026-07-11,10,0,0.85,2026-07-10T12:00:00
FC-009972,SEC-002,2026-07-11,11,0,0.81,2026-07-10T12:00:00
FC-009973,SEC-002,2026-07-11,12,0,0.7,2026-07-10T12:00:00
FC-009974,SEC-002,2026-07-11,13,1,0.88,2026-07-10T12:00:00
FC-009975,SEC-002,2026-07-11,14,0,0.7,2026-07-10T12:00:00
FC-009976,SEC-002,2026-07-11,15,0,0.92,2026-07-10T12:00:00
FC-009977,SEC-002,2026-07-11,16,0,0.86,2026-07-10T12:00:00
FC-009978,SEC-002,2026-07-11,17,0,0.71,2026-07-10T12:00:00
FC-009979,SEC-002,2026-07-11,18,1,0.78,2026-07-10T12:00:00
FC-009980,SEC-002,2026-07-11,19,0,0.85,2026-07-10T12:00:00
FC-009981,SEC-002,2026-07-11,20,0,0.76,2026-07-10T12:00:00
FC-009982,SEC-002,2026-07-11,21,1,0.72,2026-07-10T12:00:00
FC-009983,SEC-002,2026-07-11,22,4,0.84,2026-07-10T12:00:00
FC-009984,SEC-002,2026-07-11,23,2,0.84,2026-07-10T12:00:00
FC-009985,SEC-003,2026-07-11,0,1,0.75,2026-07-10T12:00:00
FC-009986,SEC-003,2026-07-11,1,2,0.77,2026-07-10T12:00:00
FC-009987,SEC-003,2026-07-11,2,1,0.85,2026-07-10T12:00:00
FC-009988,SEC-003,2026-07-11,3,4,0.85,2026-07-10T12:00:00
FC-009989,SEC-003,2026-07-11,4,0,0.86,2026-07-10T12:00:00
FC-009990,SEC-003,2026-07-11,5,0,0.8,2026-07-10T12:00:00
FC-009991,SEC-003,2026-07-11,6,0,0.79,2026-07-10T12:00:00
FC-009992,SEC-003,2026-07-11,7,0,0.71,2026-07-10T12:00:00
FC-009993,SEC-003,2026-07-11,8,1,0.9,2026-07-10T12:00:00
FC-009994,SEC-003,2026-07-11,9,2,0.81,2026-07-10T12:00:00
FC-009995,SEC-003,2026-07-11,10,1,0.87,2026-07-10T12:00:00
FC-009996,SEC-003,2026-07-11,11,0,0.92,2026-07-10T12:00:00
FC-009997,SEC-003,2026-07-11,12,0,0.8,2026-07-10T12:00:00
FC-009998,SEC-003,2026-07-11,13,0,0.74,2026-07-10T12:00:00
FC-009999,SEC-003,2026-07-11,14,1,0.94,2026-07-10T12:00:00
FC-010000,SEC-003,2026-07-11,15,0,0.78,2026-07-10T12:00:00
FC-010001,SEC-003,2026-07-11,16,0,0.78,2026-07-10T12:00:00
FC-010002,SEC-003,2026-07-11,17,0,0.92,2026-07-10T12:00:00
FC-010003,SEC-003,2026-07-11,18,0,0.92,2026-07-10T12:00:00
FC-010004,SEC-003,2026-07-11,19,0,0.73,2026-07-10T12:00:00
FC-010005,SEC-003,2026-07-11,20,0,0.93,2026-07-10T12:00:00
FC-010006,SEC-003,2026-07-11,21,0,0.88,2026-07-10T12:00:00
FC-010007,SEC-003,2026-07-11,22,2,0.95,2026-07-10T12:00:00
FC-010008,SEC-003,2026-07-11,23,1,0.94,2026-07-10T12:00:00
FC-010009,SEC-004,2026-07-11,0,0,0.71,2026-07-10T12:00:00
FC-010010,SEC-004,2026-07-11,1,2,0.86,2026-07-10T12:00:00
FC-010011,SEC-004,2026-07-11,2,1,0.85,2026-07-10T12:00:00
FC-010012,SEC-004,2026-07-11,3,1,0.81,2026-07-10T12:00:00
FC-010013,SEC-004,2026-07-11,4,3,0.71,2026-07-10T12:00:00
FC-010014,SEC-004,2026-07-11,5,0,0.8,2026-07-10T12:00:00
FC-010015,SEC-004,2026-07-11,6,1,0.77,2026-07-10T12:00:00
FC-010016,SEC-004,2026-07-11,7,1,0.85,2026-07-10T12:00:00
FC-010017,SEC-004,2026-07-11,8,1,0.72,2026-07-10T12:00:00
FC-010018,SEC-004,2026-07-11,9,0,0.89,2026-07-10T12:00:00
FC-010019,SEC-004,2026-07-11,10,0,0.92,2026-07-10T12:00:00
FC-010020,SEC-004,2026-07-11,11,0,0.72,2026-07-10T12:00:00
FC-010021,SEC-004,2026-07-11,12,0,0.8,2026-07-10T12:00:00
FC-010022,SEC-004,2026-07-11,13,0,0.75,2026-07-10T12:00:00
FC-010023,SEC-004,2026-07-11,14,0,0.76,2026-07-10T12:00:00
FC-010024,SEC-004,2026-07-11,15,0,0.92,2026-07-10T12:00:00
FC-010025,SEC-004,2026-07-11,16,0,0.75,2026-07-10T12:00:00
FC-010026,SEC-004,2026-07-11,17,0,0.79,2026-07-10T12:00:00
FC-010027,SEC-004,2026-07-11,18,0,0.77,2026-07-10T12:00:00
FC-010028,SEC-004,2026-07-11,19,0,0.9,2026-07-10T12:00:00
FC-010029,SEC-004,2026-07-11,20,1,0.74,2026-07-10T12:00:00
FC-010030,SEC-004,2026-07-11,21,0,0.71,2026-07-10T12:00:00
FC-010031,SEC-004,2026-07-11,22,1,0.87,2026-07-10T12:00:00
FC-010032,SEC-004,2026-07-11,23,3,0.75,2026-07-10T12:00:00
FC-010033,SEC-005,2026-07-11,0,2,0.89,2026-07-10T12:00:00
FC-010034,SEC-005,2026-07-11,1,1,0.8,2026-07-10T12:00:00
FC-010035,SEC-005,2026-07-11,2,1,0.77,2026-07-10T12:00:00
FC-010036,SEC-005,2026-07-11,3,2,0.9,2026-07-10T12:00:00
FC-010037,SEC-005,2026-07-11,4,3,0.9,2026-07-10T12:00:00
FC-010038,SEC-005,2026-07-11,5,0,0.72,2026-07-10T12:00:00
FC-010039,SEC-005,2026-07-11,6,0,0.78,2026-07-10T12:00:00
FC-010040,SEC-005,2026-07-11,7,1,0.94,2026-07-10T12:00:00
FC-010041,SEC-005,2026-07-11,8,1,0.8,2026-07-10T12:00:00
FC-010042,SEC-005,2026-07-11,9,1,0.72,2026-07-10T12:00:00
FC-010043,SEC-005,2026-07-11,10,0,0.78,2026-07-10T12:00:00
FC-010044,SEC-005,2026-07-11,11,1,0.74,2026-07-10T12:00:00
FC-010045,SEC-005,2026-07-11,12,0,0.83,2026-07-10T12:00:00
FC-010046,SEC-005,2026-07-11,13,0,0.84,2026-07-10T12:00:00
FC-010047,SEC-005,2026-07-11,14,1,0.78,2026-07-10T12:00:00
FC-010048,SEC-005,2026-07-11,15,0,0.93,2026-07-10T12:00:00
FC-010049,SEC-005,2026-07-11,16,0,0.73,2026-07-10T12:00:00
FC-010050,SEC-005,2026-07-11,17,0,0.8,2026-07-10T12:00:00
FC-010051,SEC-005,2026-07-11,18,0,0.78,2026-07-10T12:00:00
FC-010052,SEC-005,2026-07-11,19,0,0.89,2026-07-10T12:00:00
FC-010053,SEC-005,2026-07-11,20,1,0.86,2026-07-10T12:00:00
FC-010054,SEC-005,2026-07-11,21,0,0.87,2026-07-10T12:00:00
FC-010055,SEC-005,2026-07-11,22,4,0.85,2026-07-10T12:00:00
FC-010056,SEC-005,2026-07-11,23,2,0.84,2026-07-10T12:00:00
FC-010057,SEC-006,2026-07-11,0,5,0.81,2026-07-10T12:00:00
FC-010058,SEC-006,2026-07-11,1,1,0.87,2026-07-10T12:00:00
FC-010059,SEC-006,2026-07-11,2,2,0.85,2026-07-10T12:00:00
FC-010060,SEC-006,2026-07-11,3,0,0.87,2026-07-10T12:00:00
FC-010061,SEC-006,2026-07-11,4,1,0.81,2026-07-10T12:00:00
FC-010062,SEC-006,2026-07-11,5,0,0.87,2026-07-10T12:00:00
FC-010063,SEC-006,2026-07-11,6,0,0.95,2026-07-10T12:00:00
FC-010064,SEC-006,2026-07-11,7,1,0.94,2026-07-10T12:00:00
FC-010065,SEC-006,2026-07-11,8,0,0.72,2026-07-10T12:00:00
FC-010066,SEC-006,2026-07-11,9,0,0.79,2026-07-10T12:00:00
FC-010067,SEC-006,2026-07-11,10,0,0.91,2026-07-10T12:00:00
FC-010068,SEC-006,2026-07-11,11,0,0.8,2026-07-10T12:00:00
FC-010069,SEC-006,2026-07-11,12,1,0.74,2026-07-10T12:00:00
FC-010070,SEC-006,2026-07-11,13,0,0.85,2026-07-10T12:00:00
FC-010071,SEC-006,2026-07-11,14,0,0.88,2026-07-10T12:00:00
FC-010072,SEC-006,2026-07-11,15,0,0.94,2026-07-10T12:00:00
FC-010073,SEC-006,2026-07-11,16,0,0.77,2026-07-10T12:00:00
FC-010074,SEC-006,2026-07-11,17,1,0.84,2026-07-10T12:00:00
FC-010075,SEC-006,2026-07-11,18,1,0.92,2026-07-10T12:00:00
FC-010076,SEC-006,2026-07-11,19,0,0.81,2026-07-10T12:00:00
FC-010077,SEC-006,2026-07-11,20,0,0.78,2026-07-10T12:00:00
FC-010078,SEC-006,2026-07-11,21,0,0.71,2026-07-10T12:00:00
FC-010079,SEC-006,2026-07-11,22,1,0.8,2026-07-10T12:00:00
FC-010080,SEC-006,2026-07-11,23,2,0.79,2026-07-10T12:00:00
FC-010081,SEC-001,2026-07-12,0,1,0.8,2026-07-11T12:00:00
FC-010082,SEC-001,2026-07-12,1,2,0.78,2026-07-11T12:00:00
FC-010083,SEC-001,2026-07-12,2,0,0.94,2026-07-11T12:00:00
FC-010084,SEC-001,2026-07-12,3,2,0.9,2026-07-11T12:00:00
FC-010085,SEC-001,2026-07-12,4,2,0.89,2026-07-11T12:00:00
FC-010086,SEC-001,2026-07-12,5,0,0.86,2026-07-11T12:00:00
FC-010087,SEC-001,2026-07-12,6,0,0.75,2026-07-11T12:00:00
FC-010088,SEC-001,2026-07-12,7,1,0.73,2026-07-11T12:00:00
FC-010089,SEC-001,2026-07-12,8,1,0.84,2026-07-11T12:00:00
FC-010090,SEC-001,2026-07-12,9,1,0.81,2026-07-11T12:00:00
FC-010091,SEC-001,2026-07-12,10,0,0.81,2026-07-11T12:00:00
FC-010092,SEC-001,2026-07-12,11,2,0.89,2026-07-11T12:00:00
FC-010093,SEC-001,2026-07-12,12,0,0.87,2026-07-11T12:00:00
FC-010094,SEC-001,2026-07-12,13,2,0.78,2026-07-11T12:00:00
FC-010095,SEC-001,2026-07-12,14,1,0.86,2026-07-11T12:00:00
FC-010096,SEC-001,2026-07-12,15,0,0.7,2026-07-11T12:00:00
FC-010097,SEC-001,2026-07-12,16,1,0.78,2026-07-11T12:00:00
FC-010098,SEC-001,2026-07-12,17,0,0.84,2026-07-11T12:00:00
FC-010099,SEC-001,2026-07-12,18,1,0.87,2026-07-11T12:00:00
FC-010100,SEC-001,2026-07-12,19,0,0.72,2026-07-11T12:00:00
FC-010101,SEC-001,2026-07-12,20,0,0.79,2026-07-11T12:00:00
FC-010102,SEC-001,2026-07-12,21,0,0.72,2026-07-11T12:00:00
FC-010103,SEC-001,2026-07-12,22,2,0.78,2026-07-11T12:00:00
FC-010104,SEC-001,2026-07-12,23,1,0.8,2026-07-11T12:00:00
FC-010105,SEC-002,2026-07-12,0,3,0.78,2026-07-11T12:00:00
FC-010106,SEC-002,2026-07-12,1,2,0.95,2026-07-11T12:00:00
FC-010107,SEC-002,2026-07-12,2,2,0.79,2026-07-11T12:00:00
FC-010108,SEC-002,2026-07-12,3,0,0.74,2026-07-11T12:00:00
FC-010109,SEC-002,2026-07-12,4,0,0.79,2026-07-11T12:00:00
FC-010110,SEC-002,2026-07-12,5,0,0.81,2026-07-11T12:00:00
FC-010111,SEC-002,2026-07-12,6,0,0.9,2026-07-11T12:00:00
FC-010112,SEC-002,2026-07-12,7,0,0.73,2026-07-11T12:00:00
FC-010113,SEC-002,2026-07-12,8,0,0.88,2026-07-11T12:00:00
FC-010114,SEC-002,2026-07-12,9,0,0.71,2026-07-11T12:00:00
FC-010115,SEC-002,2026-07-12,10,3,0.8,2026-07-11T12:00:00
FC-010116,SEC-002,2026-07-12,11,1,0.73,2026-07-11T12:00:00
FC-010117,SEC-002,2026-07-12,12,0,0.9,2026-07-11T12:00:00
FC-010118,SEC-002,2026-07-12,13,0,0.92,2026-07-11T12:00:00
FC-010119,SEC-002,2026-07-12,14,1,0.74,2026-07-11T12:00:00
FC-010120,SEC-002,2026-07-12,15,1,0.74,2026-07-11T12:00:00
FC-010121,SEC-002,2026-07-12,16,0,0.83,2026-07-11T12:00:00
FC-010122,SEC-002,2026-07-12,17,1,0.94,2026-07-11T12:00:00
FC-010123,SEC-002,2026-07-12,18,1,0.77,2026-07-11T12:00:00
FC-010124,SEC-002,2026-07-12,19,1,0.77,2026-07-11T12:00:00
FC-010125,SEC-002,2026-07-12,20,0,0.85,2026-07-11T12:00:00
FC-010126,SEC-002,2026-07-12,21,2,0.83,2026-07-11T12:00:00
FC-010127,SEC-002,2026-07-12,22,1,0.92,2026-07-11T12:00:00
FC-010128,SEC-002,2026-07-12,23,0,0.75,2026-07-11T12:00:00
FC-010129,SEC-003,2026-07-12,0,1,0.94,2026-07-11T12:00:00
FC-010130,SEC-003,2026-07-12,1,3,0.72,2026-07-11T12:00:00
FC-010131,SEC-003,2026-07-12,2,0,0.77,2026-07-11T12:00:00
FC-010132,SEC-003,2026-07-12,3,2,0.89,2026-07-11T12:00:00
FC-010133,SEC-003,2026-07-12,4,0,0.71,2026-07-11T12:00:00
FC-010134,SEC-003,2026-07-12,5,3,0.77,2026-07-11T12:00:00
FC-010135,SEC-003,2026-07-12,6,2,0.88,2026-07-11T12:00:00
FC-010136,SEC-003,2026-07-12,7,0,0.76,2026-07-11T12:00:00
FC-010137,SEC-003,2026-07-12,8,1,0.78,2026-07-11T12:00:00
FC-010138,SEC-003,2026-07-12,9,0,0.84,2026-07-11T12:00:00
FC-010139,SEC-003,2026-07-12,10,0,0.71,2026-07-11T12:00:00
FC-010140,SEC-003,2026-07-12,11,0,0.71,2026-07-11T12:00:00
FC-010141,SEC-003,2026-07-12,12,0,0.86,2026-07-11T12:00:00
FC-010142,SEC-003,2026-07-12,13,1,0.73,2026-07-11T12:00:00
FC-010143,SEC-003,2026-07-12,14,0,0.9,2026-07-11T12:00:00
FC-010144,SEC-003,2026-07-12,15,1,0.94,2026-07-11T12:00:00
FC-010145,SEC-003,2026-07-12,16,2,0.73,2026-07-11T12:00:00
FC-010146,SEC-003,2026-07-12,17,0,0.72,2026-07-11T12:00:00
FC-010147,SEC-003,2026-07-12,18,0,0.73,2026-07-11T12:00:00
FC-010148,SEC-003,2026-07-12,19,1,0.73,2026-07-11T12:00:00
FC-010149,SEC-003,2026-07-12,20,0,0.73,2026-07-11T12:00:00
FC-010150,SEC-003,2026-07-12,21,1,0.94,2026-07-11T12:00:00
FC-010151,SEC-003,2026-07-12,22,2,0.85,2026-07-11T12:00:00
FC-010152,SEC-003,2026-07-12,23,3,0.94,2026-07-11T12:00:00
FC-010153,SEC-004,2026-07-12,0,2,0.79,2026-07-11T12:00:00
FC-010154,SEC-004,2026-07-12,1,1,0.83,2026-07-11T12:00:00
FC-010155,SEC-004,2026-07-12,2,1,0.88,2026-07-11T12:00:00
FC-010156,SEC-004,2026-07-12,3,2,0.77,2026-07-11T12:00:00
FC-010157,SEC-004,2026-07-12,4,1,0.85,2026-07-11T12:00:00
FC-010158,SEC-004,2026-07-12,5,0,0.75,2026-07-11T12:00:00
FC-010159,SEC-004,2026-07-12,6,0,0.8,2026-07-11T12:00:00
FC-010160,SEC-004,2026-07-12,7,1,0.86,2026-07-11T12:00:00
FC-010161,SEC-004,2026-07-12,8,0,0.93,2026-07-11T12:00:00
FC-010162,SEC-004,2026-07-12,9,0,0.79,2026-07-11T12:00:00
FC-010163,SEC-004,2026-07-12,10,0,0.91,2026-07-11T12:00:00
FC-010164,SEC-004,2026-07-12,11,0,0.87,2026-07-11T12:00:00
FC-010165,SEC-004,2026-07-12,12,0,0.72,2026-07-11T12:00:00
FC-010166,SEC-004,2026-07-12,13,0,0.76,2026-07-11T12:00:00
FC-010167,SEC-004,2026-07-12,14,2,0.87,2026-07-11T12:00:00
FC-010168,SEC-004,2026-07-12,15,2,0.85,2026-07-11T12:00:00
FC-010169,SEC-004,2026-07-12,16,2,0.81,2026-07-11T12:00:00
FC-010170,SEC-004,2026-07-12,17,2,0.82,2026-07-11T12:00:00
FC-010171,SEC-004,2026-07-12,18,1,0.72,2026-07-11T12:00:00
FC-010172,SEC-004,2026-07-12,19,1,0.83,2026-07-11T12:00:00
FC-010173,SEC-004,2026-07-12,20,0,0.86,2026-07-11T12:00:00
FC-010174,SEC-004,2026-07-12,21,1,0.94,2026-07-11T12:00:00
FC-010175,SEC-004,2026-07-12,22,6,0.93,2026-07-11T12:00:00
FC-010176,SEC-004,2026-07-12,23,4,0.73,2026-07-11T12:00:00
FC-010177,SEC-005,2026-07-12,0,4,0.85,2026-07-11T12:00:00
FC-010178,SEC-005,2026-07-12,1,0,0.76,2026-07-11T12:00:00
FC-010179,SEC-005,2026-07-12,2,3,0.94,2026-07-11T12:00:00
FC-010180,SEC-005,2026-07-12,3,1,0.74,2026-07-11T12:00:00
FC-010181,SEC-005,2026-07-12,4,0,0.74,2026-07-11T12:00:00
FC-010182,SEC-005,2026-07-12,5,2,0.85,2026-07-11T12:00:00
FC-010183,SEC-005,2026-07-12,6,0,0.73,2026-07-11T12:00:00
FC-010184,SEC-005,2026-07-12,7,1,0.72,2026-07-11T12:00:00
FC-010185,SEC-005,2026-07-12,8,0,0.93,2026-07-11T12:00:00
FC-010186,SEC-005,2026-07-12,9,0,0.91,2026-07-11T12:00:00
FC-010187,SEC-005,2026-07-12,10,0,0.72,2026-07-11T12:00:00
FC-010188,SEC-005,2026-07-12,11,0,0.79,2026-07-11T12:00:00
FC-010189,SEC-005,2026-07-12,12,0,0.95,2026-07-11T12:00:00
FC-010190,SEC-005,2026-07-12,13,1,0.82,2026-07-11T12:00:00
FC-010191,SEC-005,2026-07-12,14,0,0.92,2026-07-11T12:00:00
FC-010192,SEC-005,2026-07-12,15,0,0.87,2026-07-11T12:00:00
FC-010193,SEC-005,2026-07-12,16,0,0.86,2026-07-11T12:00:00
FC-010194,SEC-005,2026-07-12,17,1,0.92,2026-07-11T12:00:00
FC-010195,SEC-005,2026-07-12,18,1,0.7,2026-07-11T12:00:00
FC-010196,SEC-005,2026-07-12,19,0,0.92,2026-07-11T12:00:00
FC-010197,SEC-005,2026-07-12,20,0,0.88,2026-07-11T12:00:00
FC-010198,SEC-005,2026-07-12,21,0,0.87,2026-07-11T12:00:00
FC-010199,SEC-005,2026-07-12,22,6,0.89,2026-07-11T12:00:00
FC-010200,SEC-005,2026-07-12,23,2,0.87,2026-07-11T12:00:00
FC-010201,SEC-006,2026-07-12,0,0,0.94,2026-07-11T12:00:00
FC-010202,SEC-006,2026-07-12,1,2,0.95,2026-07-11T12:00:00
FC-010203,SEC-006,2026-07-12,2,3,0.72,2026-07-11T12:00:00
FC-010204,SEC-006,2026-07-12,3,2,0.92,2026-07-11T12:00:00
FC-010205,SEC-006,2026-07-12,4,1,0.93,2026-07-11T12:00:00
FC-010206,SEC-006,2026-07-12,5,0,0.7,2026-07-11T12:00:00
FC-010207,SEC-006,2026-07-12,6,1,0.87,2026-07-11T12:00:00
FC-010208,SEC-006,2026-07-12,7,0,0.78,2026-07-11T12:00:00
FC-010209,SEC-006,2026-07-12,8,0,0.76,2026-07-11T12:00:00
FC-010210,SEC-006,2026-07-12,9,2,0.79,2026-07-11T12:00:00
FC-010211,SEC-006,2026-07-12,10,0,0.9,2026-07-11T12:00:00
FC-010212,SEC-006,2026-07-12,11,0,0.76,2026-07-11T12:00:00
FC-010213,SEC-006,2026-07-12,12,0,0.88,2026-07-11T12:00:00
FC-010214,SEC-006,2026-07-12,13,0,0.93,2026-07-11T12:00:00
FC-010215,SEC-006,2026-07-12,14,0,0.77,2026-07-11T12:00:00
FC-010216,SEC-006,2026-07-12,15,1,0.91,2026-07-11T12:00:00
FC-010217,SEC-006,2026-07-12,16,2,0.72,2026-07-11T12:00:00
FC-010218,SEC-006,2026-07-12,17,0,0.73,2026-07-11T12:00:00
FC-010219,SEC-006,2026-07-12,18,1,0.85,2026-07-11T12:00:00
FC-010220,SEC-006,2026-07-12,19,1,0.89,2026-07-11T12:00:00
FC-010221,SEC-006,2026-07-12,20,0,0.75,2026-07-11T12:00:00
FC-010222,SEC-006,2026-07-12,21,1,0.81,2026-07-11T12:00:00
FC-010223,SEC-006,2026-07-12,22,2,0.83,2026-07-11T12:00:00
FC-010224,SEC-006,2026-07-12,23,2,0.83,2026-07-11T12:00:00
FC-010225,SEC-001,2026-07-13,0,3,0.75,2026-07-12T12:00:00
FC-010226,SEC-001,2026-07-13,1,1,0.7,2026-07-12T12:00:00
FC-010227,SEC-001,2026-07-13,2,2,0.77,2026-07-12T12:00:00
FC-010228,SEC-001,2026-07-13,3,1,0.92,2026-07-12T12:00:00
FC-010229,SEC-001,2026-07-13,4,5,0.77,2026-07-12T12:00:00
FC-010230,SEC-001,2026-07-13,5,0,0.95,2026-07-12T12:00:00
FC-010231,SEC-001,2026-07-13,6,0,0.81,2026-07-12T12:00:00
FC-010232,SEC-001,2026-07-13,7,1,0.91,2026-07-12T12:00:00
FC-010233,SEC-001,2026-07-13,8,0,0.74,2026-07-12T12:00:00
FC-010234,SEC-001,2026-07-13,9,0,0.75,2026-07-12T12:00:00
FC-010235,SEC-001,2026-07-13,10,2,0.92,2026-07-12T12:00:00
FC-010236,SEC-001,2026-07-13,11,0,0.85,2026-07-12T12:00:00
FC-010237,SEC-001,2026-07-13,12,0,0.71,2026-07-12T12:00:00
FC-010238,SEC-001,2026-07-13,13,1,0.89,2026-07-12T12:00:00
FC-010239,SEC-001,2026-07-13,14,0,0.83,2026-07-12T12:00:00
FC-010240,SEC-001,2026-07-13,15,1,0.92,2026-07-12T12:00:00
FC-010241,SEC-001,2026-07-13,16,1,0.72,2026-07-12T12:00:00
FC-010242,SEC-001,2026-07-13,17,1,0.89,2026-07-12T12:00:00
FC-010243,SEC-001,2026-07-13,18,0,0.86,2026-07-12T12:00:00
FC-010244,SEC-001,2026-07-13,19,1,0.85,2026-07-12T12:00:00
FC-010245,SEC-001,2026-07-13,20,2,0.86,2026-07-12T12:00:00
FC-010246,SEC-001,2026-07-13,21,0,0.75,2026-07-12T12:00:00
FC-010247,SEC-001,2026-07-13,22,3,0.89,2026-07-12T12:00:00
FC-010248,SEC-001,2026-07-13,23,3,0.74,2026-07-12T12:00:00
FC-010249,SEC-002,2026-07-13,0,1,0.77,2026-07-12T12:00:00
FC-010250,SEC-002,2026-07-13,1,1,0.72,2026-07-12T12:00:00
FC-010251,SEC-002,2026-07-13,2,3,0.79,2026-07-12T12:00:00
FC-010252,SEC-002,2026-07-13,3,5,0.91,2026-07-12T12:00:00
FC-010253,SEC-002,2026-07-13,4,1,0.93,2026-07-12T12:00:00
FC-010254,SEC-002,2026-07-13,5,1,0.72,2026-07-12T12:00:00
FC-010255,SEC-002,2026-07-13,6,1,0.8,2026-07-12T12:00:00
FC-010256,SEC-002,2026-07-13,7,0,0.9,2026-07-12T12:00:00
FC-010257,SEC-002,2026-07-13,8,1,0.93,2026-07-12T12:00:00
FC-010258,SEC-002,2026-07-13,9,0,0.82,2026-07-12T12:00:00
FC-010259,SEC-002,2026-07-13,10,1,0.94,2026-07-12T12:00:00
FC-010260,SEC-002,2026-07-13,11,2,0.93,2026-07-12T12:00:00
FC-010261,SEC-002,2026-07-13,12,1,0.73,2026-07-12T12:00:00
FC-010262,SEC-002,2026-07-13,13,0,0.84,2026-07-12T12:00:00
FC-010263,SEC-002,2026-07-13,14,1,0.92,2026-07-12T12:00:00
FC-010264,SEC-002,2026-07-13,15,0,0.86,2026-07-12T12:00:00
FC-010265,SEC-002,2026-07-13,16,1,0.86,2026-07-12T12:00:00
FC-010266,SEC-002,2026-07-13,17,0,0.71,2026-07-12T12:00:00
FC-010267,SEC-002,2026-07-13,18,0,0.82,2026-07-12T12:00:00
FC-010268,SEC-002,2026-07-13,19,0,0.72,2026-07-12T12:00:00
FC-010269,SEC-002,2026-07-13,20,0,0.93,2026-07-12T12:00:00
FC-010270,SEC-002,2026-07-13,21,0,0.84,2026-07-12T12:00:00
FC-010271,SEC-002,2026-07-13,22,1,0.95,2026-07-12T12:00:00
FC-010272,SEC-002,2026-07-13,23,1,0.81,2026-07-12T12:00:00
FC-010273,SEC-003,2026-07-13,0,0,0.93,2026-07-12T12:00:00
FC-010274,SEC-003,2026-07-13,1,3,0.79,2026-07-12T12:00:00
FC-010275,SEC-003,2026-07-13,2,1,0.71,2026-07-12T12:00:00
FC-010276,SEC-003,2026-07-13,3,3,0.78,2026-07-12T12:00:00
FC-010277,SEC-003,2026-07-13,4,5,0.79,2026-07-12T12:00:00
FC-010278,SEC-003,2026-07-13,5,0,0.79,2026-07-12T12:00:00
FC-010279,SEC-003,2026-07-13,6,0,0.77,2026-07-12T12:00:00
FC-010280,SEC-003,2026-07-13,7,0,0.92,2026-07-12T12:00:00
FC-010281,SEC-003,2026-07-13,8,0,0.71,2026-07-12T12:00:00
FC-010282,SEC-003,2026-07-13,9,0,0.9,2026-07-12T12:00:00
FC-010283,SEC-003,2026-07-13,10,1,0.81,2026-07-12T12:00:00
FC-010284,SEC-003,2026-07-13,11,0,0.92,2026-07-12T12:00:00
FC-010285,SEC-003,2026-07-13,12,0,0.72,2026-07-12T12:00:00
FC-010286,SEC-003,2026-07-13,13,0,0.72,2026-07-12T12:00:00
FC-010287,SEC-003,2026-07-13,14,2,0.73,2026-07-12T12:00:00
FC-010288,SEC-003,2026-07-13,15,0,0.81,2026-07-12T12:00:00
FC-010289,SEC-003,2026-07-13,16,1,0.78,2026-07-12T12:00:00
FC-010290,SEC-003,2026-07-13,17,0,0.87,2026-07-12T12:00:00
FC-010291,SEC-003,2026-07-13,18,0,0.91,2026-07-12T12:00:00
FC-010292,SEC-003,2026-07-13,19,0,0.93,2026-07-12T12:00:00
FC-010293,SEC-003,2026-07-13,20,0,0.76,2026-07-12T12:00:00
FC-010294,SEC-003,2026-07-13,21,1,0.75,2026-07-12T12:00:00
FC-010295,SEC-003,2026-07-13,22,0,0.72,2026-07-12T12:00:00
FC-010296,SEC-003,2026-07-13,23,1,0.86,2026-07-12T12:00:00
FC-010297,SEC-004,2026-07-13,0,4,0.86,2026-07-12T12:00:00
FC-010298,SEC-004,2026-07-13,1,1,0.72,2026-07-12T12:00:00
FC-010299,SEC-004,2026-07-13,2,3,0.72,2026-07-12T12:00:00
FC-010300,SEC-004,2026-07-13,3,1,0.8,2026-07-12T12:00:00
FC-010301,SEC-004,2026-07-13,4,3,0.83,2026-07-12T12:00:00
FC-010302,SEC-004,2026-07-13,5,1,0.92,2026-07-12T12:00:00
FC-010303,SEC-004,2026-07-13,6,0,0.89,2026-07-12T12:00:00
FC-010304,SEC-004,2026-07-13,7,0,0.93,2026-07-12T12:00:00
FC-010305,SEC-004,2026-07-13,8,1,0.86,2026-07-12T12:00:00
FC-010306,SEC-004,2026-07-13,9,1,0.73,2026-07-12T12:00:00
FC-010307,SEC-004,2026-07-13,10,1,0.79,2026-07-12T12:00:00
FC-010308,SEC-004,2026-07-13,11,0,0.75,2026-07-12T12:00:00
FC-010309,SEC-004,2026-07-13,12,0,0.93,2026-07-12T12:00:00
FC-010310,SEC-004,2026-07-13,13,0,0.71,2026-07-12T12:00:00
FC-010311,SEC-004,2026-07-13,14,1,0.71,2026-07-12T12:00:00
FC-010312,SEC-004,2026-07-13,15,0,0.77,2026-07-12T12:00:00
FC-010313,SEC-004,2026-07-13,16,0,0.94,2026-07-12T12:00:00
FC-010314,SEC-004,2026-07-13,17,1,0.85,2026-07-12T12:00:00
FC-010315,SEC-004,2026-07-13,18,0,0.74,2026-07-12T12:00:00
FC-010316,SEC-004,2026-07-13,19,1,0.85,2026-07-12T12:00:00
FC-010317,SEC-004,2026-07-13,20,2,0.8,2026-07-12T12:00:00
FC-010318,SEC-004,2026-07-13,21,0,0.92,2026-07-12T12:00:00
FC-010319,SEC-004,2026-07-13,22,2,0.86,2026-07-12T12:00:00
FC-010320,SEC-004,2026-07-13,23,1,0.8,2026-07-12T12:00:00
FC-010321,SEC-005,2026-07-13,0,3,0.73,2026-07-12T12:00:00
FC-010322,SEC-005,2026-07-13,1,2,0.91,2026-07-12T12:00:00
FC-010323,SEC-005,2026-07-13,2,2,0.89,2026-07-12T12:00:00
FC-010324,SEC-005,2026-07-13,3,3,0.73,2026-07-12T12:00:00
FC-010325,SEC-005,2026-07-13,4,2,0.79,2026-07-12T12:00:00
FC-010326,SEC-005,2026-07-13,5,0,0.71,2026-07-12T12:00:00
FC-010327,SEC-005,2026-07-13,6,1,0.71,2026-07-12T12:00:00
FC-010328,SEC-005,2026-07-13,7,0,0.91,2026-07-12T12:00:00
FC-010329,SEC-005,2026-07-13,8,0,0.91,2026-07-12T12:00:00
FC-010330,SEC-005,2026-07-13,9,1,0.74,2026-07-12T12:00:00
FC-010331,SEC-005,2026-07-13,10,1,0.93,2026-07-12T12:00:00
FC-010332,SEC-005,2026-07-13,11,0,0.9,2026-07-12T12:00:00
FC-010333,SEC-005,2026-07-13,12,0,0.76,2026-07-12T12:00:00
FC-010334,SEC-005,2026-07-13,13,0,0.84,2026-07-12T12:00:00
FC-010335,SEC-005,2026-07-13,14,0,0.87,2026-07-12T12:00:00
FC-010336,SEC-005,2026-07-13,15,1,0.8,2026-07-12T12:00:00
FC-010337,SEC-005,2026-07-13,16,0,0.79,2026-07-12T12:00:00
FC-010338,SEC-005,2026-07-13,17,1,0.92,2026-07-12T12:00:00
FC-010339,SEC-005,2026-07-13,18,1,0.82,2026-07-12T12:00:00
FC-010340,SEC-005,2026-07-13,19,0,0.73,2026-07-12T12:00:00
FC-010341,SEC-005,2026-07-13,20,0,0.78,2026-07-12T12:00:00
FC-010342,SEC-005,2026-07-13,21,0,0.94,2026-07-12T12:00:00
FC-010343,SEC-005,2026-07-13,22,1,0.82,2026-07-12T12:00:00
FC-010344,SEC-005,2026-07-13,23,2,0.84,2026-07-12T12:00:00
FC-010345,SEC-006,2026-07-13,0,2,0.75,2026-07-12T12:00:00
FC-010346,SEC-006,2026-07-13,1,1,0.72,2026-07-12T12:00:00
FC-010347,SEC-006,2026-07-13,2,1,0.76,2026-07-12T12:00:00
FC-010348,SEC-006,2026-07-13,3,1,0.8,2026-07-12T12:00:00
FC-010349,SEC-006,2026-07-13,4,3,0.78,2026-07-12T12:00:00
FC-010350,SEC-006,2026-07-13,5,0,0.82,2026-07-12T12:00:00
FC-010351,SEC-006,2026-07-13,6,1,0.94,2026-07-12T12:00:00
FC-010352,SEC-006,2026-07-13,7,0,0.94,2026-07-12T12:00:00
FC-010353,SEC-006,2026-07-13,8,0,0.93,2026-07-12T12:00:00
FC-010354,SEC-006,2026-07-13,9,1,0.86,2026-07-12T12:00:00
FC-010355,SEC-006,2026-07-13,10,0,0.86,2026-07-12T12:00:00
FC-010356,SEC-006,2026-07-13,11,0,0.88,2026-07-12T12:00:00
FC-010357,SEC-006,2026-07-13,12,0,0.86,2026-07-12T12:00:00
FC-010358,SEC-006,2026-07-13,13,2,0.86,2026-07-12T12:00:00
FC-010359,SEC-006,2026-07-13,14,0,0.74,2026-07-12T12:00:00
FC-010360,SEC-006,2026-07-13,15,1,0.82,2026-07-12T12:00:00
FC-010361,SEC-006,2026-07-13,16,1,0.79,2026-07-12T12:00:00
FC-010362,SEC-006,2026-07-13,17,2,0.85,2026-07-12T12:00:00
FC-010363,SEC-006,2026-07-13,18,3,0.88,2026-07-12T12:00:00
FC-010364,SEC-006,2026-07-13,19,0,0.8,2026-07-12T12:00:00
FC-010365,SEC-006,2026-07-13,20,1,0.75,2026-07-12T12:00:00
FC-010366,SEC-006,2026-07-13,21,1,0.85,2026-07-12T12:00:00
FC-010367,SEC-006,2026-07-13,22,1,0.75,2026-07-12T12:00:00
FC-010368,SEC-006,2026-07-13,23,2,0.74,2026-07-12T12:00:00
FC-010369,SEC-001,2026-07-14,0,2,0.73,2026-07-13T12:00:00
FC-010370,SEC-001,2026-07-14,1,0,0.79,2026-07-13T12:00:00
FC-010371,SEC-001,2026-07-14,2,0,0.87,2026-07-13T12:00:00
FC-010372,SEC-001,2026-07-14,3,1,0.71,2026-07-13T12:00:00
FC-010373,SEC-001,2026-07-14,4,0,0.85,2026-07-13T12:00:00
FC-010374,SEC-001,2026-07-14,5,0,0.94,2026-07-13T12:00:00
FC-010375,SEC-001,2026-07-14,6,0,0.73,2026-07-13T12:00:00
FC-010376,SEC-001,2026-07-14,7,0,0.86,2026-07-13T12:00:00
FC-010377,SEC-001,2026-07-14,8,1,0.85,2026-07-13T12:00:00
FC-010378,SEC-001,2026-07-14,9,0,0.75,2026-07-13T12:00:00
FC-010379,SEC-001,2026-07-14,10,0,0.88,2026-07-13T12:00:00
FC-010380,SEC-001,2026-07-14,11,0,0.77,2026-07-13T12:00:00
FC-010381,SEC-001,2026-07-14,12,0,0.93,2026-07-13T12:00:00
FC-010382,SEC-001,2026-07-14,13,0,0.81,2026-07-13T12:00:00
FC-010383,SEC-001,2026-07-14,14,0,0.75,2026-07-13T12:00:00
FC-010384,SEC-001,2026-07-14,15,1,0.72,2026-07-13T12:00:00
FC-010385,SEC-001,2026-07-14,16,2,0.7,2026-07-13T12:00:00
FC-010386,SEC-001,2026-07-14,17,0,0.92,2026-07-13T12:00:00
FC-010387,SEC-001,2026-07-14,18,0,0.93,2026-07-13T12:00:00
FC-010388,SEC-001,2026-07-14,19,0,0.71,2026-07-13T12:00:00
FC-010389,SEC-001,2026-07-14,20,0,0.82,2026-07-13T12:00:00
FC-010390,SEC-001,2026-07-14,21,0,0.87,2026-07-13T12:00:00
FC-010391,SEC-001,2026-07-14,22,4,0.71,2026-07-13T12:00:00
FC-010392,SEC-001,2026-07-14,23,2,0.85,2026-07-13T12:00:00
FC-010393,SEC-002,2026-07-14,0,0,0.74,2026-07-13T12:00:00
FC-010394,SEC-002,2026-07-14,1,1,0.93,2026-07-13T12:00:00
FC-010395,SEC-002,2026-07-14,2,1,0.76,2026-07-13T12:00:00
FC-010396,SEC-002,2026-07-14,3,2,0.79,2026-07-13T12:00:00
FC-010397,SEC-002,2026-07-14,4,2,0.87,2026-07-13T12:00:00
FC-010398,SEC-002,2026-07-14,5,2,0.76,2026-07-13T12:00:00
FC-010399,SEC-002,2026-07-14,6,0,0.82,2026-07-13T12:00:00
FC-010400,SEC-002,2026-07-14,7,0,0.79,2026-07-13T12:00:00
FC-010401,SEC-002,2026-07-14,8,0,0.93,2026-07-13T12:00:00
FC-010402,SEC-002,2026-07-14,9,0,0.79,2026-07-13T12:00:00
FC-010403,SEC-002,2026-07-14,10,0,0.83,2026-07-13T12:00:00
FC-010404,SEC-002,2026-07-14,11,0,0.78,2026-07-13T12:00:00
FC-010405,SEC-002,2026-07-14,12,1,0.76,2026-07-13T12:00:00
FC-010406,SEC-002,2026-07-14,13,0,0.88,2026-07-13T12:00:00
FC-010407,SEC-002,2026-07-14,14,0,0.92,2026-07-13T12:00:00
FC-010408,SEC-002,2026-07-14,15,0,0.84,2026-07-13T12:00:00
FC-010409,SEC-002,2026-07-14,16,0,0.73,2026-07-13T12:00:00
FC-010410,SEC-002,2026-07-14,17,1,0.8,2026-07-13T12:00:00
FC-010411,SEC-002,2026-07-14,18,0,0.74,2026-07-13T12:00:00
FC-010412,SEC-002,2026-07-14,19,0,0.75,2026-07-13T12:00:00
FC-010413,SEC-002,2026-07-14,20,0,0.9,2026-07-13T12:00:00
FC-010414,SEC-002,2026-07-14,21,1,0.87,2026-07-13T12:00:00
FC-010415,SEC-002,2026-07-14,22,1,0.7,2026-07-13T12:00:00
FC-010416,SEC-002,2026-07-14,23,3,0.92,2026-07-13T12:00:00
FC-010417,SEC-003,2026-07-14,0,2,0.76,2026-07-13T12:00:00
FC-010418,SEC-003,2026-07-14,1,1,0.75,2026-07-13T12:00:00
FC-010419,SEC-003,2026-07-14,2,2,0.89,2026-07-13T12:00:00
FC-010420,SEC-003,2026-07-14,3,1,0.87,2026-07-13T12:00:00
FC-010421,SEC-003,2026-07-14,4,1,0.91,2026-07-13T12:00:00
FC-010422,SEC-003,2026-07-14,5,1,0.82,2026-07-13T12:00:00
FC-010423,SEC-003,2026-07-14,6,1,0.89,2026-07-13T12:00:00
FC-010424,SEC-003,2026-07-14,7,0,0.71,2026-07-13T12:00:00
FC-010425,SEC-003,2026-07-14,8,1,0.72,2026-07-13T12:00:00
FC-010426,SEC-003,2026-07-14,9,0,0.72,2026-07-13T12:00:00
FC-010427,SEC-003,2026-07-14,10,0,0.83,2026-07-13T12:00:00
FC-010428,SEC-003,2026-07-14,11,0,0.94,2026-07-13T12:00:00
FC-010429,SEC-003,2026-07-14,12,1,0.7,2026-07-13T12:00:00
FC-010430,SEC-003,2026-07-14,13,1,0.88,2026-07-13T12:00:00
FC-010431,SEC-003,2026-07-14,14,0,0.81,2026-07-13T12:00:00
FC-010432,SEC-003,2026-07-14,15,0,0.92,2026-07-13T12:00:00
FC-010433,SEC-003,2026-07-14,16,0,0.84,2026-07-13T12:00:00
FC-010434,SEC-003,2026-07-14,17,1,0.75,2026-07-13T12:00:00
FC-010435,SEC-003,2026-07-14,18,0,0.81,2026-07-13T12:00:00
FC-010436,SEC-003,2026-07-14,19,0,0.75,2026-07-13T12:00:00
FC-010437,SEC-003,2026-07-14,20,1,0.72,2026-07-13T12:00:00
FC-010438,SEC-003,2026-07-14,21,0,0.87,2026-07-13T12:00:00
FC-010439,SEC-003,2026-07-14,22,2,0.88,2026-07-13T12:00:00
FC-010440,SEC-003,2026-07-14,23,1,0.8,2026-07-13T12:00:00
FC-010441,SEC-004,2026-07-14,0,3,0.93,2026-07-13T12:00:00
FC-010442,SEC-004,2026-07-14,1,2,0.91,2026-07-13T12:00:00
FC-010443,SEC-004,2026-07-14,2,4,0.94,2026-07-13T12:00:00
FC-010444,SEC-004,2026-07-14,3,3,0.81,2026-07-13T12:00:00
FC-010445,SEC-004,2026-07-14,4,1,0.92,2026-07-13T12:00:00
FC-010446,SEC-004,2026-07-14,5,0,0.72,2026-07-13T12:00:00
FC-010447,SEC-004,2026-07-14,6,0,0.92,2026-07-13T12:00:00
FC-010448,SEC-004,2026-07-14,7,0,0.93,2026-07-13T12:00:00
FC-010449,SEC-004,2026-07-14,8,0,0.95,2026-07-13T12:00:00
FC-010450,SEC-004,2026-07-14,9,0,0.92,2026-07-13T12:00:00
FC-010451,SEC-004,2026-07-14,10,0,0.94,2026-07-13T12:00:00
FC-010452,SEC-004,2026-07-14,11,1,0.85,2026-07-13T12:00:00
FC-010453,SEC-004,2026-07-14,12,0,0.81,2026-07-13T12:00:00
FC-010454,SEC-004,2026-07-14,13,0,0.91,2026-07-13T12:00:00
FC-010455,SEC-004,2026-07-14,14,0,0.75,2026-07-13T12:00:00
FC-010456,SEC-004,2026-07-14,15,0,0.78,2026-07-13T12:00:00
FC-010457,SEC-004,2026-07-14,16,1,0.93,2026-07-13T12:00:00
FC-010458,SEC-004,2026-07-14,17,0,0.77,2026-07-13T12:00:00
FC-010459,SEC-004,2026-07-14,18,0,0.85,2026-07-13T12:00:00
FC-010460,SEC-004,2026-07-14,19,0,0.72,2026-07-13T12:00:00
FC-010461,SEC-004,2026-07-14,20,0,0.95,2026-07-13T12:00:00
FC-010462,SEC-004,2026-07-14,21,1,0.79,2026-07-13T12:00:00
FC-010463,SEC-004,2026-07-14,22,2,0.85,2026-07-13T12:00:00
FC-010464,SEC-004,2026-07-14,23,0,0.87,2026-07-13T12:00:00
FC-010465,SEC-005,2026-07-14,0,3,0.79,2026-07-13T12:00:00
FC-010466,SEC-005,2026-07-14,1,7,0.9,2026-07-13T12:00:00
FC-010467,SEC-005,2026-07-14,2,0,0.9,2026-07-13T12:00:00
FC-010468,SEC-005,2026-07-14,3,6,0.84,2026-07-13T12:00:00
FC-010469,SEC-005,2026-07-14,4,1,0.77,2026-07-13T12:00:00
FC-010470,SEC-005,2026-07-14,5,0,0.76,2026-07-13T12:00:00
FC-010471,SEC-005,2026-07-14,6,0,0.72,2026-07-13T12:00:00
FC-010472,SEC-005,2026-07-14,7,0,0.93,2026-07-13T12:00:00
FC-010473,SEC-005,2026-07-14,8,1,0.92,2026-07-13T12:00:00
FC-010474,SEC-005,2026-07-14,9,0,0.84,2026-07-13T12:00:00
FC-010475,SEC-005,2026-07-14,10,1,0.8,2026-07-13T12:00:00
FC-010476,SEC-005,2026-07-14,11,0,0.93,2026-07-13T12:00:00
FC-010477,SEC-005,2026-07-14,12,0,0.83,2026-07-13T12:00:00
FC-010478,SEC-005,2026-07-14,13,0,0.91,2026-07-13T12:00:00
FC-010479,SEC-005,2026-07-14,14,0,0.93,2026-07-13T12:00:00
FC-010480,SEC-005,2026-07-14,15,0,0.9,2026-07-13T12:00:00
FC-010481,SEC-005,2026-07-14,16,0,0.81,2026-07-13T12:00:00
FC-010482,SEC-005,2026-07-14,17,0,0.74,2026-07-13T12:00:00
FC-010483,SEC-005,2026-07-14,18,0,0.76,2026-07-13T12:00:00
FC-010484,SEC-005,2026-07-14,19,0,0.91,2026-07-13T12:00:00
FC-010485,SEC-005,2026-07-14,20,3,0.74,2026-07-13T12:00:00
FC-010486,SEC-005,2026-07-14,21,0,0.83,2026-07-13T12:00:00
FC-010487,SEC-005,2026-07-14,22,2,0.91,2026-07-13T12:00:00
FC-010488,SEC-005,2026-07-14,23,2,0.88,2026-07-13T12:00:00
FC-010489,SEC-006,2026-07-14,0,4,0.9,2026-07-13T12:00:00
FC-010490,SEC-006,2026-07-14,1,0,0.77,2026-07-13T12:00:00
FC-010491,SEC-006,2026-07-14,2,1,0.9,2026-07-13T12:00:00
FC-010492,SEC-006,2026-07-14,3,1,0.73,2026-07-13T12:00:00
FC-010493,SEC-006,2026-07-14,4,1,0.71,2026-07-13T12:00:00
FC-010494,SEC-006,2026-07-14,5,1,0.83,2026-07-13T12:00:00
FC-010495,SEC-006,2026-07-14,6,0,0.85,2026-07-13T12:00:00
FC-010496,SEC-006,2026-07-14,7,0,0.94,2026-07-13T12:00:00
FC-010497,SEC-006,2026-07-14,8,0,0.72,2026-07-13T12:00:00
FC-010498,SEC-006,2026-07-14,9,0,0.74,2026-07-13T12:00:00
FC-010499,SEC-006,2026-07-14,10,1,0.94,2026-07-13T12:00:00
FC-010500,SEC-006,2026-07-14,11,2,0.85,2026-07-13T12:00:00
FC-010501,SEC-006,2026-07-14,12,1,0.75,2026-07-13T12:00:00
FC-010502,SEC-006,2026-07-14,13,0,0.81,2026-07-13T12:00:00
FC-010503,SEC-006,2026-07-14,14,0,0.94,2026-07-13T12:00:00
FC-010504,SEC-006,2026-07-14,15,0,0.95,2026-07-13T12:00:00
FC-010505,SEC-006,2026-07-14,16,0,0.95,2026-07-13T12:00:00
FC-010506,SEC-006,2026-07-14,17,0,0.73,2026-07-13T12:00:00
FC-010507,SEC-006,2026-07-14,18,1,0.74,2026-07-13T12:00:00
FC-010508,SEC-006,2026-07-14,19,0,0.92,2026-07-13T12:00:00
FC-010509,SEC-006,2026-07-14,20,0,0.76,2026-07-13T12:00:00
FC-010510,SEC-006,2026-07-14,21,2,0.77,2026-07-13T12:00:00
FC-010511,SEC-006,2026-07-14,22,2,0.78,2026-07-13T12:00:00
FC-010512,SEC-006,2026-07-14,23,1,0.73,2026-07-13T12:00:00
FC-010513,SEC-001,2026-07-15,0,1,0.87,2026-07-14T12:00:00
FC-010514,SEC-001,2026-07-15,1,5,0.71,2026-07-14T12:00:00
FC-010515,SEC-001,2026-07-15,2,3,0.92,2026-07-14T12:00:00
FC-010516,SEC-001,2026-07-15,3,4,0.78,2026-07-14T12:00:00
FC-010517,SEC-001,2026-07-15,4,0,0.73,2026-07-14T12:00:00
FC-010518,SEC-001,2026-07-15,5,2,0.91,2026-07-14T12:00:00
FC-010519,SEC-001,2026-07-15,6,0,0.91,2026-07-14T12:00:00
FC-010520,SEC-001,2026-07-15,7,0,0.77,2026-07-14T12:00:00
FC-010521,SEC-001,2026-07-15,8,0,0.86,2026-07-14T12:00:00
FC-010522,SEC-001,2026-07-15,9,0,0.72,2026-07-14T12:00:00
FC-010523,SEC-001,2026-07-15,10,1,0.74,2026-07-14T12:00:00
FC-010524,SEC-001,2026-07-15,11,0,0.83,2026-07-14T12:00:00
FC-010525,SEC-001,2026-07-15,12,1,0.74,2026-07-14T12:00:00
FC-010526,SEC-001,2026-07-15,13,0,0.84,2026-07-14T12:00:00
FC-010527,SEC-001,2026-07-15,14,1,0.9,2026-07-14T12:00:00
FC-010528,SEC-001,2026-07-15,15,1,0.73,2026-07-14T12:00:00
FC-010529,SEC-001,2026-07-15,16,1,0.85,2026-07-14T12:00:00
FC-010530,SEC-001,2026-07-15,17,0,0.81,2026-07-14T12:00:00
FC-010531,SEC-001,2026-07-15,18,1,0.88,2026-07-14T12:00:00
FC-010532,SEC-001,2026-07-15,19,0,0.88,2026-07-14T12:00:00
FC-010533,SEC-001,2026-07-15,20,0,0.71,2026-07-14T12:00:00
FC-010534,SEC-001,2026-07-15,21,0,0.9,2026-07-14T12:00:00
FC-010535,SEC-001,2026-07-15,22,4,0.92,2026-07-14T12:00:00
FC-010536,SEC-001,2026-07-15,23,3,0.86,2026-07-14T12:00:00
FC-010537,SEC-002,2026-07-15,0,2,0.72,2026-07-14T12:00:00
FC-010538,SEC-002,2026-07-15,1,0,0.8,2026-07-14T12:00:00
FC-010539,SEC-002,2026-07-15,2,3,0.92,2026-07-14T12:00:00
FC-010540,SEC-002,2026-07-15,3,2,0.76,2026-07-14T12:00:00
FC-010541,SEC-002,2026-07-15,4,1,0.77,2026-07-14T12:00:00
FC-010542,SEC-002,2026-07-15,5,0,0.81,2026-07-14T12:00:00
FC-010543,SEC-002,2026-07-15,6,0,0.84,2026-07-14T12:00:00
FC-010544,SEC-002,2026-07-15,7,0,0.81,2026-07-14T12:00:00
FC-010545,SEC-002,2026-07-15,8,0,0.8,2026-07-14T12:00:00
FC-010546,SEC-002,2026-07-15,9,1,0.85,2026-07-14T12:00:00
FC-010547,SEC-002,2026-07-15,10,1,0.82,2026-07-14T12:00:00
FC-010548,SEC-002,2026-07-15,11,2,0.89,2026-07-14T12:00:00
FC-010549,SEC-002,2026-07-15,12,0,0.8,2026-07-14T12:00:00
FC-010550,SEC-002,2026-07-15,13,1,0.85,2026-07-14T12:00:00
FC-010551,SEC-002,2026-07-15,14,0,0.93,2026-07-14T12:00:00
FC-010552,SEC-002,2026-07-15,15,0,0.87,2026-07-14T12:00:00
FC-010553,SEC-002,2026-07-15,16,1,0.82,2026-07-14T12:00:00
FC-010554,SEC-002,2026-07-15,17,1,0.73,2026-07-14T12:00:00
FC-010555,SEC-002,2026-07-15,18,1,0.89,2026-07-14T12:00:00
FC-010556,SEC-002,2026-07-15,19,1,0.92,2026-07-14T12:00:00
FC-010557,SEC-002,2026-07-15,20,0,0.91,2026-07-14T12:00:00
FC-010558,SEC-002,2026-07-15,21,0,0.74,2026-07-14T12:00:00
FC-010559,SEC-002,2026-07-15,22,0,0.86,2026-07-14T12:00:00
FC-010560,SEC-002,2026-07-15,23,2,0.88,2026-07-14T12:00:00
FC-010561,SEC-003,2026-07-15,0,2,0.94,2026-07-14T12:00:00
FC-010562,SEC-003,2026-07-15,1,1,0.82,2026-07-14T12:00:00
FC-010563,SEC-003,2026-07-15,2,2,0.9,2026-07-14T12:00:00
FC-010564,SEC-003,2026-07-15,3,2,0.88,2026-07-14T12:00:00
FC-010565,SEC-003,2026-07-15,4,2,0.71,2026-07-14T12:00:00
FC-010566,SEC-003,2026-07-15,5,1,0.89,2026-07-14T12:00:00
FC-010567,SEC-003,2026-07-15,6,0,0.86,2026-07-14T12:00:00
FC-010568,SEC-003,2026-07-15,7,0,0.94,2026-07-14T12:00:00
FC-010569,SEC-003,2026-07-15,8,0,0.8,2026-07-14T12:00:00
FC-010570,SEC-003,2026-07-15,9,0,0.74,2026-07-14T12:00:00
FC-010571,SEC-003,2026-07-15,10,0,0.82,2026-07-14T12:00:00
FC-010572,SEC-003,2026-07-15,11,0,0.76,2026-07-14T12:00:00
FC-010573,SEC-003,2026-07-15,12,0,0.79,2026-07-14T12:00:00
FC-010574,SEC-003,2026-07-15,13,1,0.81,2026-07-14T12:00:00
FC-010575,SEC-003,2026-07-15,14,1,0.8,2026-07-14T12:00:00
FC-010576,SEC-003,2026-07-15,15,1,0.87,2026-07-14T12:00:00
FC-010577,SEC-003,2026-07-15,16,0,0.79,2026-07-14T12:00:00
FC-010578,SEC-003,2026-07-15,17,0,0.91,2026-07-14T12:00:00
FC-010579,SEC-003,2026-07-15,18,0,0.81,2026-07-14T12:00:00
FC-010580,SEC-003,2026-07-15,19,0,0.72,2026-07-14T12:00:00
FC-010581,SEC-003,2026-07-15,20,0,0.72,2026-07-14T12:00:00
FC-010582,SEC-003,2026-07-15,21,1,0.75,2026-07-14T12:00:00
FC-010583,SEC-003,2026-07-15,22,0,0.77,2026-07-14T12:00:00
FC-010584,SEC-003,2026-07-15,23,1,0.85,2026-07-14T12:00:00
FC-010585,SEC-004,2026-07-15,0,0,0.78,2026-07-14T12:00:00
FC-010586,SEC-004,2026-07-15,1,0,0.8,2026-07-14T12:00:00
FC-010587,SEC-004,2026-07-15,2,5,0.77,2026-07-14T12:00:00
FC-010588,SEC-004,2026-07-15,3,4,0.8,2026-07-14T12:00:00
FC-010589,SEC-004,2026-07-15,4,4,0.94,2026-07-14T12:00:00
FC-010590,SEC-004,2026-07-15,5,1,0.77,2026-07-14T12:00:00
FC-010591,SEC-004,2026-07-15,6,0,0.95,2026-07-14T12:00:00
FC-010592,SEC-004,2026-07-15,7,0,0.73,2026-07-14T12:00:00
FC-010593,SEC-004,2026-07-15,8,0,0.74,2026-07-14T12:00:00
FC-010594,SEC-004,2026-07-15,9,0,0.83,2026-07-14T12:00:00
FC-010595,SEC-004,2026-07-15,10,0,0.92,2026-07-14T12:00:00
FC-010596,SEC-004,2026-07-15,11,0,0.79,2026-07-14T12:00:00
FC-010597,SEC-004,2026-07-15,12,1,0.8,2026-07-14T12:00:00
FC-010598,SEC-004,2026-07-15,13,0,0.75,2026-07-14T12:00:00
FC-010599,SEC-004,2026-07-15,14,0,0.83,2026-07-14T12:00:00
FC-010600,SEC-004,2026-07-15,15,0,0.75,2026-07-14T12:00:00
FC-010601,SEC-004,2026-07-15,16,0,0.76,2026-07-14T12:00:00
FC-010602,SEC-004,2026-07-15,17,0,0.87,2026-07-14T12:00:00
FC-010603,SEC-004,2026-07-15,18,0,0.74,2026-07-14T12:00:00
FC-010604,SEC-004,2026-07-15,19,0,0.88,2026-07-14T12:00:00
FC-010605,SEC-004,2026-07-15,20,0,0.88,2026-07-14T12:00:00
FC-010606,SEC-004,2026-07-15,21,0,0.95,2026-07-14T12:00:00
FC-010607,SEC-004,2026-07-15,22,3,0.7,2026-07-14T12:00:00
FC-010608,SEC-004,2026-07-15,23,0,0.83,2026-07-14T12:00:00
FC-010609,SEC-005,2026-07-15,0,0,0.77,2026-07-14T12:00:00
FC-010610,SEC-005,2026-07-15,1,4,0.87,2026-07-14T12:00:00
FC-010611,SEC-005,2026-07-15,2,4,0.87,2026-07-14T12:00:00
FC-010612,SEC-005,2026-07-15,3,1,0.94,2026-07-14T12:00:00
FC-010613,SEC-005,2026-07-15,4,1,0.71,2026-07-14T12:00:00
FC-010614,SEC-005,2026-07-15,5,0,0.73,2026-07-14T12:00:00
FC-010615,SEC-005,2026-07-15,6,0,0.9,2026-07-14T12:00:00
FC-010616,SEC-005,2026-07-15,7,1,0.83,2026-07-14T12:00:00
FC-010617,SEC-005,2026-07-15,8,1,0.92,2026-07-14T12:00:00
FC-010618,SEC-005,2026-07-15,9,0,0.71,2026-07-14T12:00:00
FC-010619,SEC-005,2026-07-15,10,1,0.88,2026-07-14T12:00:00
FC-010620,SEC-005,2026-07-15,11,0,0.83,2026-07-14T12:00:00
FC-010621,SEC-005,2026-07-15,12,2,0.86,2026-07-14T12:00:00
FC-010622,SEC-005,2026-07-15,13,1,0.85,2026-07-14T12:00:00
FC-010623,SEC-005,2026-07-15,14,1,0.73,2026-07-14T12:00:00
FC-010624,SEC-005,2026-07-15,15,1,0.93,2026-07-14T12:00:00
FC-010625,SEC-005,2026-07-15,16,0,0.93,2026-07-14T12:00:00
FC-010626,SEC-005,2026-07-15,17,0,0.93,2026-07-14T12:00:00
FC-010627,SEC-005,2026-07-15,18,0,0.84,2026-07-14T12:00:00
FC-010628,SEC-005,2026-07-15,19,0,0.76,2026-07-14T12:00:00
FC-010629,SEC-005,2026-07-15,20,1,0.72,2026-07-14T12:00:00
FC-010630,SEC-005,2026-07-15,21,0,0.93,2026-07-14T12:00:00
FC-010631,SEC-005,2026-07-15,22,3,0.95,2026-07-14T12:00:00
FC-010632,SEC-005,2026-07-15,23,1,0.82,2026-07-14T12:00:00
FC-010633,SEC-006,2026-07-15,0,0,0.87,2026-07-14T12:00:00
FC-010634,SEC-006,2026-07-15,1,2,0.72,2026-07-14T12:00:00
FC-010635,SEC-006,2026-07-15,2,0,0.88,2026-07-14T12:00:00
FC-010636,SEC-006,2026-07-15,3,0,0.74,2026-07-14T12:00:00
FC-010637,SEC-006,2026-07-15,4,0,0.78,2026-07-14T12:00:00
FC-010638,SEC-006,2026-07-15,5,2,0.7,2026-07-14T12:00:00
FC-010639,SEC-006,2026-07-15,6,0,0.86,2026-07-14T12:00:00
FC-010640,SEC-006,2026-07-15,7,1,0.94,2026-07-14T12:00:00
FC-010641,SEC-006,2026-07-15,8,1,0.94,2026-07-14T12:00:00
FC-010642,SEC-006,2026-07-15,9,0,0.81,2026-07-14T12:00:00
FC-010643,SEC-006,2026-07-15,10,1,0.91,2026-07-14T12:00:00
FC-010644,SEC-006,2026-07-15,11,2,0.91,2026-07-14T12:00:00
FC-010645,SEC-006,2026-07-15,12,0,0.75,2026-07-14T12:00:00
FC-010646,SEC-006,2026-07-15,13,0,0.78,2026-07-14T12:00:00
FC-010647,SEC-006,2026-07-15,14,0,0.9,2026-07-14T12:00:00
FC-010648,SEC-006,2026-07-15,15,0,0.91,2026-07-14T12:00:00
FC-010649,SEC-006,2026-07-15,16,0,0.91,2026-07-14T12:00:00
FC-010650,SEC-006,2026-07-15,17,0,0.89,2026-07-14T12:00:00
FC-010651,SEC-006,2026-07-15,18,0,0.91,2026-07-14T12:00:00
FC-010652,SEC-006,2026-07-15,19,1,0.75,2026-07-14T12:00:00
FC-010653,SEC-006,2026-07-15,20,0,0.74,2026-07-14T12:00:00
FC-010654,SEC-006,2026-07-15,21,0,0.83,2026-07-14T12:00:00
FC-010655,SEC-006,2026-07-15,22,2,0.72,2026-07-14T12:00:00
FC-010656,SEC-006,2026-07-15,23,1,0.91,2026-07-14T12:00:00
FC-010657,SEC-001,2026-07-16,0,0,0.88,2026-07-15T12:00:00
FC-010658,SEC-001,2026-07-16,1,2,0.85,2026-07-15T12:00:00
FC-010659,SEC-001,2026-07-16,2,1,0.9,2026-07-15T12:00:00
FC-010660,SEC-001,2026-07-16,3,3,0.84,2026-07-15T12:00:00
FC-010661,SEC-001,2026-07-16,4,3,0.93,2026-07-15T12:00:00
FC-010662,SEC-001,2026-07-16,5,0,0.72,2026-07-15T12:00:00
FC-010663,SEC-001,2026-07-16,6,1,0.73,2026-07-15T12:00:00
FC-010664,SEC-001,2026-07-16,7,0,0.72,2026-07-15T12:00:00
FC-010665,SEC-001,2026-07-16,8,1,0.71,2026-07-15T12:00:00
FC-010666,SEC-001,2026-07-16,9,0,0.76,2026-07-15T12:00:00
FC-010667,SEC-001,2026-07-16,10,1,0.81,2026-07-15T12:00:00
FC-010668,SEC-001,2026-07-16,11,0,0.72,2026-07-15T12:00:00
FC-010669,SEC-001,2026-07-16,12,1,0.89,2026-07-15T12:00:00
FC-010670,SEC-001,2026-07-16,13,1,0.85,2026-07-15T12:00:00
FC-010671,SEC-001,2026-07-16,14,0,0.8,2026-07-15T12:00:00
FC-010672,SEC-001,2026-07-16,15,0,0.92,2026-07-15T12:00:00
FC-010673,SEC-001,2026-07-16,16,0,0.84,2026-07-15T12:00:00
FC-010674,SEC-001,2026-07-16,17,0,0.85,2026-07-15T12:00:00
FC-010675,SEC-001,2026-07-16,18,0,0.94,2026-07-15T12:00:00
FC-010676,SEC-001,2026-07-16,19,2,0.9,2026-07-15T12:00:00
FC-010677,SEC-001,2026-07-16,20,0,0.85,2026-07-15T12:00:00
FC-010678,SEC-001,2026-07-16,21,0,0.83,2026-07-15T12:00:00
FC-010679,SEC-001,2026-07-16,22,0,0.8,2026-07-15T12:00:00
FC-010680,SEC-001,2026-07-16,23,6,0.8,2026-07-15T12:00:00
FC-010681,SEC-002,2026-07-16,0,1,0.82,2026-07-15T12:00:00
FC-010682,SEC-002,2026-07-16,1,0,0.89,2026-07-15T12:00:00
FC-010683,SEC-002,2026-07-16,2,4,0.72,2026-07-15T12:00:00
FC-010684,SEC-002,2026-07-16,3,0,0.9,2026-07-15T12:00:00
FC-010685,SEC-002,2026-07-16,4,1,0.74,2026-07-15T12:00:00
FC-010686,SEC-002,2026-07-16,5,2,0.87,2026-07-15T12:00:00
FC-010687,SEC-002,2026-07-16,6,1,0.79,2026-07-15T12:00:00
FC-010688,SEC-002,2026-07-16,7,0,0.82,2026-07-15T12:00:00
FC-010689,SEC-002,2026-07-16,8,1,0.71,2026-07-15T12:00:00
FC-010690,SEC-002,2026-07-16,9,0,0.75,2026-07-15T12:00:00
FC-010691,SEC-002,2026-07-16,10,1,0.74,2026-07-15T12:00:00
FC-010692,SEC-002,2026-07-16,11,1,0.95,2026-07-15T12:00:00
FC-010693,SEC-002,2026-07-16,12,0,0.73,2026-07-15T12:00:00
FC-010694,SEC-002,2026-07-16,13,1,0.9,2026-07-15T12:00:00
FC-010695,SEC-002,2026-07-16,14,0,0.81,2026-07-15T12:00:00
FC-010696,SEC-002,2026-07-16,15,1,0.87,2026-07-15T12:00:00
FC-010697,SEC-002,2026-07-16,16,1,0.93,2026-07-15T12:00:00
FC-010698,SEC-002,2026-07-16,17,0,0.72,2026-07-15T12:00:00
FC-010699,SEC-002,2026-07-16,18,0,0.79,2026-07-15T12:00:00
FC-010700,SEC-002,2026-07-16,19,1,0.89,2026-07-15T12:00:00
FC-010701,SEC-002,2026-07-16,20,0,0.9,2026-07-15T12:00:00
FC-010702,SEC-002,2026-07-16,21,0,0.92,2026-07-15T12:00:00
FC-010703,SEC-002,2026-07-16,22,1,0.94,2026-07-15T12:00:00
FC-010704,SEC-002,2026-07-16,23,0,0.85,2026-07-15T12:00:00
FC-010705,SEC-003,2026-07-16,0,0,0.8,2026-07-15T12:00:00
FC-010706,SEC-003,2026-07-16,1,1,0.74,2026-07-15T12:00:00
FC-010707,SEC-003,2026-07-16,2,1,0.75,2026-07-15T12:00:00
FC-010708,SEC-003,2026-07-16,3,2,0.9,2026-07-15T12:00:00
FC-010709,SEC-003,2026-07-16,4,4,0.82,2026-07-15T12:00:00
FC-010710,SEC-003,2026-07-16,5,1,0.91,2026-07-15T12:00:00
FC-010711,SEC-003,2026-07-16,6,0,0.94,2026-07-15T12:00:00
FC-010712,SEC-003,2026-07-16,7,1,0.86,2026-07-15T12:00:00
FC-010713,SEC-003,2026-07-16,8,1,0.84,2026-07-15T12:00:00
FC-010714,SEC-003,2026-07-16,9,0,0.76,2026-07-15T12:00:00
FC-010715,SEC-003,2026-07-16,10,0,0.81,2026-07-15T12:00:00
FC-010716,SEC-003,2026-07-16,11,0,0.83,2026-07-15T12:00:00
FC-010717,SEC-003,2026-07-16,12,4,0.88,2026-07-15T12:00:00
FC-010718,SEC-003,2026-07-16,13,0,0.91,2026-07-15T12:00:00
FC-010719,SEC-003,2026-07-16,14,1,0.83,2026-07-15T12:00:00
FC-010720,SEC-003,2026-07-16,15,0,0.77,2026-07-15T12:00:00
FC-010721,SEC-003,2026-07-16,16,2,0.78,2026-07-15T12:00:00
FC-010722,SEC-003,2026-07-16,17,0,0.84,2026-07-15T12:00:00
FC-010723,SEC-003,2026-07-16,18,0,0.93,2026-07-15T12:00:00
FC-010724,SEC-003,2026-07-16,19,0,0.86,2026-07-15T12:00:00
FC-010725,SEC-003,2026-07-16,20,0,0.73,2026-07-15T12:00:00
FC-010726,SEC-003,2026-07-16,21,0,0.8,2026-07-15T12:00:00
FC-010727,SEC-003,2026-07-16,22,2,0.73,2026-07-15T12:00:00
FC-010728,SEC-003,2026-07-16,23,2,0.79,2026-07-15T12:00:00
FC-010729,SEC-004,2026-07-16,0,6,0.9,2026-07-15T12:00:00
FC-010730,SEC-004,2026-07-16,1,2,0.92,2026-07-15T12:00:00
FC-010731,SEC-004,2026-07-16,2,1,0.82,2026-07-15T12:00:00
FC-010732,SEC-004,2026-07-16,3,2,0.73,2026-07-15T12:00:00
FC-010733,SEC-004,2026-07-16,4,1,0.77,2026-07-15T12:00:00
FC-010734,SEC-004,2026-07-16,5,0,0.87,2026-07-15T12:00:00
FC-010735,SEC-004,2026-07-16,6,0,0.94,2026-07-15T12:00:00
FC-010736,SEC-004,2026-07-16,7,0,0.83,2026-07-15T12:00:00
FC-010737,SEC-004,2026-07-16,8,1,0.82,2026-07-15T12:00:00
FC-010738,SEC-004,2026-07-16,9,1,0.93,2026-07-15T12:00:00
FC-010739,SEC-004,2026-07-16,10,0,0.87,2026-07-15T12:00:00
FC-010740,SEC-004,2026-07-16,11,1,0.83,2026-07-15T12:00:00
FC-010741,SEC-004,2026-07-16,12,0,0.91,2026-07-15T12:00:00
FC-010742,SEC-004,2026-07-16,13,1,0.85,2026-07-15T12:00:00
FC-010743,SEC-004,2026-07-16,14,0,0.91,2026-07-15T12:00:00
FC-010744,SEC-004,2026-07-16,15,0,0.89,2026-07-15T12:00:00
FC-010745,SEC-004,2026-07-16,16,0,0.93,2026-07-15T12:00:00
FC-010746,SEC-004,2026-07-16,17,1,0.94,2026-07-15T12:00:00
FC-010747,SEC-004,2026-07-16,18,0,0.84,2026-07-15T12:00:00
FC-010748,SEC-004,2026-07-16,19,0,0.72,2026-07-15T12:00:00
FC-010749,SEC-004,2026-07-16,20,0,0.88,2026-07-15T12:00:00
FC-010750,SEC-004,2026-07-16,21,1,0.87,2026-07-15T12:00:00
FC-010751,SEC-004,2026-07-16,22,3,0.85,2026-07-15T12:00:00
FC-010752,SEC-004,2026-07-16,23,3,0.76,2026-07-15T12:00:00
FC-010753,SEC-005,2026-07-16,0,3,0.88,2026-07-15T12:00:00
FC-010754,SEC-005,2026-07-16,1,2,0.84,2026-07-15T12:00:00
FC-010755,SEC-005,2026-07-16,2,3,0.84,2026-07-15T12:00:00
FC-010756,SEC-005,2026-07-16,3,1,0.85,2026-07-15T12:00:00
FC-010757,SEC-005,2026-07-16,4,3,0.92,2026-07-15T12:00:00
FC-010758,SEC-005,2026-07-16,5,1,0.87,2026-07-15T12:00:00
FC-010759,SEC-005,2026-07-16,6,0,0.75,2026-07-15T12:00:00
FC-010760,SEC-005,2026-07-16,7,0,0.83,2026-07-15T12:00:00
FC-010761,SEC-005,2026-07-16,8,0,0.93,2026-07-15T12:00:00
FC-010762,SEC-005,2026-07-16,9,0,0.77,2026-07-15T12:00:00
FC-010763,SEC-005,2026-07-16,10,0,0.73,2026-07-15T12:00:00
FC-010764,SEC-005,2026-07-16,11,0,0.72,2026-07-15T12:00:00
FC-010765,SEC-005,2026-07-16,12,0,0.93,2026-07-15T12:00:00
FC-010766,SEC-005,2026-07-16,13,1,0.73,2026-07-15T12:00:00
FC-010767,SEC-005,2026-07-16,14,0,0.9,2026-07-15T12:00:00
FC-010768,SEC-005,2026-07-16,15,0,0.72,2026-07-15T12:00:00
FC-010769,SEC-005,2026-07-16,16,1,0.7,2026-07-15T12:00:00
FC-010770,SEC-005,2026-07-16,17,0,0.88,2026-07-15T12:00:00
FC-010771,SEC-005,2026-07-16,18,2,0.88,2026-07-15T12:00:00
FC-010772,SEC-005,2026-07-16,19,0,0.83,2026-07-15T12:00:00
FC-010773,SEC-005,2026-07-16,20,2,0.74,2026-07-15T12:00:00
FC-010774,SEC-005,2026-07-16,21,0,0.82,2026-07-15T12:00:00
FC-010775,SEC-005,2026-07-16,22,2,0.79,2026-07-15T12:00:00
FC-010776,SEC-005,2026-07-16,23,4,0.93,2026-07-15T12:00:00
FC-010777,SEC-006,2026-07-16,0,1,0.75,2026-07-15T12:00:00
FC-010778,SEC-006,2026-07-16,1,4,0.84,2026-07-15T12:00:00
FC-010779,SEC-006,2026-07-16,2,0,0.84,2026-07-15T12:00:00
FC-010780,SEC-006,2026-07-16,3,0,0.75,2026-07-15T12:00:00
FC-010781,SEC-006,2026-07-16,4,1,0.82,2026-07-15T12:00:00
FC-010782,SEC-006,2026-07-16,5,2,0.88,2026-07-15T12:00:00
FC-010783,SEC-006,2026-07-16,6,2,0.86,2026-07-15T12:00:00
FC-010784,SEC-006,2026-07-16,7,0,0.76,2026-07-15T12:00:00
FC-010785,SEC-006,2026-07-16,8,0,0.9,2026-07-15T12:00:00
FC-010786,SEC-006,2026-07-16,9,0,0.81,2026-07-15T12:00:00
FC-010787,SEC-006,2026-07-16,10,0,0.91,2026-07-15T12:00:00
FC-010788,SEC-006,2026-07-16,11,1,0.78,2026-07-15T12:00:00
FC-010789,SEC-006,2026-07-16,12,0,0.94,2026-07-15T12:00:00
FC-010790,SEC-006,2026-07-16,13,0,0.81,2026-07-15T12:00:00
FC-010791,SEC-006,2026-07-16,14,0,0.8,2026-07-15T12:00:00
FC-010792,SEC-006,2026-07-16,15,2,0.81,2026-07-15T12:00:00
FC-010793,SEC-006,2026-07-16,16,1,0.75,2026-07-15T12:00:00
FC-010794,SEC-006,2026-07-16,17,0,0.72,2026-07-15T12:00:00
FC-010795,SEC-006,2026-07-16,18,1,0.93,2026-07-15T12:00:00
FC-010796,SEC-006,2026-07-16,19,2,0.91,2026-07-15T12:00:00
FC-010797,SEC-006,2026-07-16,20,0,0.79,2026-07-15T12:00:00
FC-010798,SEC-006,2026-07-16,21,1,0.73,2026-07-15T12:00:00
FC-010799,SEC-006,2026-07-16,22,1,0.87,2026-07-15T12:00:00
FC-010800,SEC-006,2026-07-16,23,1,0.87,2026-07-15T12:00:00
FC-010801,SEC-001,2026-07-17,0,4,0.76,2026-07-16T12:00:00
FC-010802,SEC-001,2026-07-17,1,2,0.71,2026-07-16T12:00:00
FC-010803,SEC-001,2026-07-17,2,0,0.93,2026-07-16T12:00:00
FC-010804,SEC-001,2026-07-17,3,0,0.72,2026-07-16T12:00:00
FC-010805,SEC-001,2026-07-17,4,2,0.89,2026-07-16T12:00:00
FC-010806,SEC-001,2026-07-17,5,1,0.89,2026-07-16T12:00:00
FC-010807,SEC-001,2026-07-17,6,0,0.74,2026-07-16T12:00:00
FC-010808,SEC-001,2026-07-17,7,1,0.88,2026-07-16T12:00:00
FC-010809,SEC-001,2026-07-17,8,0,0.8,2026-07-16T12:00:00
FC-010810,SEC-001,2026-07-17,9,0,0.76,2026-07-16T12:00:00
FC-010811,SEC-001,2026-07-17,10,0,0.83,2026-07-16T12:00:00
FC-010812,SEC-001,2026-07-17,11,1,0.92,2026-07-16T12:00:00
FC-010813,SEC-001,2026-07-17,12,2,0.78,2026-07-16T12:00:00
FC-010814,SEC-001,2026-07-17,13,0,0.81,2026-07-16T12:00:00
FC-010815,SEC-001,2026-07-17,14,2,0.86,2026-07-16T12:00:00
FC-010816,SEC-001,2026-07-17,15,0,0.8,2026-07-16T12:00:00
FC-010817,SEC-001,2026-07-17,16,1,0.95,2026-07-16T12:00:00
FC-010818,SEC-001,2026-07-17,17,0,0.73,2026-07-16T12:00:00
FC-010819,SEC-001,2026-07-17,18,1,0.72,2026-07-16T12:00:00
FC-010820,SEC-001,2026-07-17,19,0,0.71,2026-07-16T12:00:00
FC-010821,SEC-001,2026-07-17,20,1,0.8,2026-07-16T12:00:00
FC-010822,SEC-001,2026-07-17,21,0,0.93,2026-07-16T12:00:00
FC-010823,SEC-001,2026-07-17,22,2,0.71,2026-07-16T12:00:00
FC-010824,SEC-001,2026-07-17,23,1,0.74,2026-07-16T12:00:00
FC-010825,SEC-002,2026-07-17,0,2,0.88,2026-07-16T12:00:00
FC-010826,SEC-002,2026-07-17,1,1,0.82,2026-07-16T12:00:00
FC-010827,SEC-002,2026-07-17,2,2,0.85,2026-07-16T12:00:00
FC-010828,SEC-002,2026-07-17,3,1,0.78,2026-07-16T12:00:00
FC-010829,SEC-002,2026-07-17,4,0,0.75,2026-07-16T12:00:00
FC-010830,SEC-002,2026-07-17,5,0,0.88,2026-07-16T12:00:00
FC-010831,SEC-002,2026-07-17,6,2,0.92,2026-07-16T12:00:00
FC-010832,SEC-002,2026-07-17,7,0,0.7,2026-07-16T12:00:00
FC-010833,SEC-002,2026-07-17,8,0,0.85,2026-07-16T12:00:00
FC-010834,SEC-002,2026-07-17,9,0,0.72,2026-07-16T12:00:00
FC-010835,SEC-002,2026-07-17,10,0,0.77,2026-07-16T12:00:00
FC-010836,SEC-002,2026-07-17,11,0,0.83,2026-07-16T12:00:00
FC-010837,SEC-002,2026-07-17,12,0,0.8,2026-07-16T12:00:00
FC-010838,SEC-002,2026-07-17,13,0,0.72,2026-07-16T12:00:00
FC-010839,SEC-002,2026-07-17,14,0,0.92,2026-07-16T12:00:00
FC-010840,SEC-002,2026-07-17,15,0,0.86,2026-07-16T12:00:00
FC-010841,SEC-002,2026-07-17,16,0,0.92,2026-07-16T12:00:00
FC-010842,SEC-002,2026-07-17,17,0,0.91,2026-07-16T12:00:00
FC-010843,SEC-002,2026-07-17,18,2,0.79,2026-07-16T12:00:00
FC-010844,SEC-002,2026-07-17,19,1,0.7,2026-07-16T12:00:00
FC-010845,SEC-002,2026-07-17,20,0,0.75,2026-07-16T12:00:00
FC-010846,SEC-002,2026-07-17,21,0,0.8,2026-07-16T12:00:00
FC-010847,SEC-002,2026-07-17,22,0,0.75,2026-07-16T12:00:00
FC-010848,SEC-002,2026-07-17,23,0,0.9,2026-07-16T12:00:00
FC-010849,SEC-003,2026-07-17,0,0,0.81,2026-07-16T12:00:00
FC-010850,SEC-003,2026-07-17,1,0,0.94,2026-07-16T12:00:00
FC-010851,SEC-003,2026-07-17,2,1,0.82,2026-07-16T12:00:00
FC-010852,SEC-003,2026-07-17,3,2,0.71,2026-07-16T12:00:00
FC-010853,SEC-003,2026-07-17,4,1,0.95,2026-07-16T12:00:00
FC-010854,SEC-003,2026-07-17,5,2,0.91,2026-07-16T12:00:00
FC-010855,SEC-003,2026-07-17,6,0,0.77,2026-07-16T12:00:00
FC-010856,SEC-003,2026-07-17,7,0,0.74,2026-07-16T12:00:00
FC-010857,SEC-003,2026-07-17,8,0,0.75,2026-07-16T12:00:00
FC-010858,SEC-003,2026-07-17,9,0,0.8,2026-07-16T12:00:00
FC-010859,SEC-003,2026-07-17,10,0,0.94,2026-07-16T12:00:00
FC-010860,SEC-003,2026-07-17,11,1,0.82,2026-07-16T12:00:00
FC-010861,SEC-003,2026-07-17,12,1,0.77,2026-07-16T12:00:00
FC-010862,SEC-003,2026-07-17,13,1,0.8,2026-07-16T12:00:00
FC-010863,SEC-003,2026-07-17,14,0,0.88,2026-07-16T12:00:00
FC-010864,SEC-003,2026-07-17,15,0,0.75,2026-07-16T12:00:00
FC-010865,SEC-003,2026-07-17,16,0,0.91,2026-07-16T12:00:00
FC-010866,SEC-003,2026-07-17,17,1,0.79,2026-07-16T12:00:00
FC-010867,SEC-003,2026-07-17,18,0,0.87,2026-07-16T12:00:00
FC-010868,SEC-003,2026-07-17,19,1,0.75,2026-07-16T12:00:00
FC-010869,SEC-003,2026-07-17,20,1,0.81,2026-07-16T12:00:00
FC-010870,SEC-003,2026-07-17,21,2,0.78,2026-07-16T12:00:00
FC-010871,SEC-003,2026-07-17,22,2,0.89,2026-07-16T12:00:00
FC-010872,SEC-003,2026-07-17,23,0,0.76,2026-07-16T12:00:00
FC-010873,SEC-004,2026-07-17,0,2,0.79,2026-07-16T12:00:00
FC-010874,SEC-004,2026-07-17,1,1,0.82,2026-07-16T12:00:00
FC-010875,SEC-004,2026-07-17,2,0,0.87,2026-07-16T12:00:00
FC-010876,SEC-004,2026-07-17,3,0,0.9,2026-07-16T12:00:00
FC-010877,SEC-004,2026-07-17,4,0,0.75,2026-07-16T12:00:00
FC-010878,SEC-004,2026-07-17,5,1,0.7,2026-07-16T12:00:00
FC-010879,SEC-004,2026-07-17,6,0,0.86,2026-07-16T12:00:00
FC-010880,SEC-004,2026-07-17,7,2,0.72,2026-07-16T12:00:00
FC-010881,SEC-004,2026-07-17,8,2,0.89,2026-07-16T12:00:00
FC-010882,SEC-004,2026-07-17,9,0,0.79,2026-07-16T12:00:00
FC-010883,SEC-004,2026-07-17,10,0,0.71,2026-07-16T12:00:00
FC-010884,SEC-004,2026-07-17,11,1,0.71,2026-07-16T12:00:00
FC-010885,SEC-004,2026-07-17,12,0,0.81,2026-07-16T12:00:00
FC-010886,SEC-004,2026-07-17,13,1,0.78,2026-07-16T12:00:00
FC-010887,SEC-004,2026-07-17,14,0,0.79,2026-07-16T12:00:00
FC-010888,SEC-004,2026-07-17,15,1,0.8,2026-07-16T12:00:00
FC-010889,SEC-004,2026-07-17,16,0,0.85,2026-07-16T12:00:00
FC-010890,SEC-004,2026-07-17,17,0,0.87,2026-07-16T12:00:00
FC-010891,SEC-004,2026-07-17,18,1,0.77,2026-07-16T12:00:00
FC-010892,SEC-004,2026-07-17,19,0,0.71,2026-07-16T12:00:00
FC-010893,SEC-004,2026-07-17,20,0,0.83,2026-07-16T12:00:00
FC-010894,SEC-004,2026-07-17,21,0,0.88,2026-07-16T12:00:00
FC-010895,SEC-004,2026-07-17,22,2,0.91,2026-07-16T12:00:00
FC-010896,SEC-004,2026-07-17,23,2,0.78,2026-07-16T12:00:00
FC-010897,SEC-005,2026-07-17,0,2,0.91,2026-07-16T12:00:00
FC-010898,SEC-005,2026-07-17,1,1,0.94,2026-07-16T12:00:00
FC-010899,SEC-005,2026-07-17,2,0,0.86,2026-07-16T12:00:00
FC-010900,SEC-005,2026-07-17,3,1,0.95,2026-07-16T12:00:00
FC-010901,SEC-005,2026-07-17,4,2,0.7,2026-07-16T12:00:00
FC-010902,SEC-005,2026-07-17,5,0,0.78,2026-07-16T12:00:00
FC-010903,SEC-005,2026-07-17,6,2,0.94,2026-07-16T12:00:00
FC-010904,SEC-005,2026-07-17,7,0,0.76,2026-07-16T12:00:00
FC-010905,SEC-005,2026-07-17,8,0,0.84,2026-07-16T12:00:00
FC-010906,SEC-005,2026-07-17,9,0,0.86,2026-07-16T12:00:00
FC-010907,SEC-005,2026-07-17,10,0,0.92,2026-07-16T12:00:00
FC-010908,SEC-005,2026-07-17,11,0,0.84,2026-07-16T12:00:00
FC-010909,SEC-005,2026-07-17,12,0,0.72,2026-07-16T12:00:00
FC-010910,SEC-005,2026-07-17,13,1,0.84,2026-07-16T12:00:00
FC-010911,SEC-005,2026-07-17,14,0,0.73,2026-07-16T12:00:00
FC-010912,SEC-005,2026-07-17,15,0,0.8,2026-07-16T12:00:00
FC-010913,SEC-005,2026-07-17,16,0,0.74,2026-07-16T12:00:00
FC-010914,SEC-005,2026-07-17,17,0,0.77,2026-07-16T12:00:00
FC-010915,SEC-005,2026-07-17,18,0,0.92,2026-07-16T12:00:00
FC-010916,SEC-005,2026-07-17,19,0,0.91,2026-07-16T12:00:00
FC-010917,SEC-005,2026-07-17,20,1,0.89,2026-07-16T12:00:00
FC-010918,SEC-005,2026-07-17,21,0,0.8,2026-07-16T12:00:00
FC-010919,SEC-005,2026-07-17,22,3,0.77,2026-07-16T12:00:00
FC-010920,SEC-005,2026-07-17,23,2,0.78,2026-07-16T12:00:00
FC-010921,SEC-006,2026-07-17,0,0,0.85,2026-07-16T12:00:00
FC-010922,SEC-006,2026-07-17,1,0,0.72,2026-07-16T12:00:00
FC-010923,SEC-006,2026-07-17,2,0,0.94,2026-07-16T12:00:00
FC-010924,SEC-006,2026-07-17,3,0,0.81,2026-07-16T12:00:00
FC-010925,SEC-006,2026-07-17,4,2,0.71,2026-07-16T12:00:00
FC-010926,SEC-006,2026-07-17,5,1,0.74,2026-07-16T12:00:00
FC-010927,SEC-006,2026-07-17,6,1,0.73,2026-07-16T12:00:00
FC-010928,SEC-006,2026-07-17,7,0,0.81,2026-07-16T12:00:00
FC-010929,SEC-006,2026-07-17,8,2,0.94,2026-07-16T12:00:00
FC-010930,SEC-006,2026-07-17,9,0,0.78,2026-07-16T12:00:00
FC-010931,SEC-006,2026-07-17,10,0,0.88,2026-07-16T12:00:00
FC-010932,SEC-006,2026-07-17,11,0,0.82,2026-07-16T12:00:00
FC-010933,SEC-006,2026-07-17,12,0,0.85,2026-07-16T12:00:00
FC-010934,SEC-006,2026-07-17,13,1,0.74,2026-07-16T12:00:00
FC-010935,SEC-006,2026-07-17,14,0,0.79,2026-07-16T12:00:00
FC-010936,SEC-006,2026-07-17,15,1,0.78,2026-07-16T12:00:00
FC-010937,SEC-006,2026-07-17,16,0,0.91,2026-07-16T12:00:00
FC-010938,SEC-006,2026-07-17,17,1,0.93,2026-07-16T12:00:00
FC-010939,SEC-006,2026-07-17,18,0,0.88,2026-07-16T12:00:00
FC-010940,SEC-006,2026-07-17,19,0,0.72,2026-07-16T12:00:00
FC-010941,SEC-006,2026-07-17,20,0,0.82,2026-07-16T12:00:00
FC-010942,SEC-006,2026-07-17,21,0,0.84,2026-07-16T12:00:00
FC-010943,SEC-006,2026-07-17,22,2,0.86,2026-07-16T12:00:00
FC-010944,SEC-006,2026-07-17,23,4,0.91,2026-07-16T12:00:00
FC-010945,SEC-001,2026-07-18,0,1,0.83,2026-07-17T12:00:00
FC-010946,SEC-001,2026-07-18,1,3,0.88,2026-07-17T12:00:00
FC-010947,SEC-001,2026-07-18,2,4,0.83,2026-07-17T12:00:00
FC-010948,SEC-001,2026-07-18,3,1,0.88,2026-07-17T12:00:00
FC-010949,SEC-001,2026-07-18,4,1,0.8,2026-07-17T12:00:00
FC-010950,SEC-001,2026-07-18,5,2,0.94,2026-07-17T12:00:00
FC-010951,SEC-001,2026-07-18,6,1,0.86,2026-07-17T12:00:00
FC-010952,SEC-001,2026-07-18,7,0,0.84,2026-07-17T12:00:00
FC-010953,SEC-001,2026-07-18,8,0,0.73,2026-07-17T12:00:00
FC-010954,SEC-001,2026-07-18,9,1,0.8,2026-07-17T12:00:00
FC-010955,SEC-001,2026-07-18,10,0,0.74,2026-07-17T12:00:00
FC-010956,SEC-001,2026-07-18,11,2,0.94,2026-07-17T12:00:00
FC-010957,SEC-001,2026-07-18,12,1,0.91,2026-07-17T12:00:00
FC-010958,SEC-001,2026-07-18,13,1,0.73,2026-07-17T12:00:00
FC-010959,SEC-001,2026-07-18,14,2,0.72,2026-07-17T12:00:00
FC-010960,SEC-001,2026-07-18,15,0,0.85,2026-07-17T12:00:00
FC-010961,SEC-001,2026-07-18,16,0,0.9,2026-07-17T12:00:00
FC-010962,SEC-001,2026-07-18,17,1,0.8,2026-07-17T12:00:00
FC-010963,SEC-001,2026-07-18,18,0,0.82,2026-07-17T12:00:00
FC-010964,SEC-001,2026-07-18,19,0,0.79,2026-07-17T12:00:00
FC-010965,SEC-001,2026-07-18,20,1,0.77,2026-07-17T12:00:00
FC-010966,SEC-001,2026-07-18,21,0,0.72,2026-07-17T12:00:00
FC-010967,SEC-001,2026-07-18,22,1,0.93,2026-07-17T12:00:00
FC-010968,SEC-001,2026-07-18,23,2,0.88,2026-07-17T12:00:00
FC-010969,SEC-002,2026-07-18,0,4,0.82,2026-07-17T12:00:00
FC-010970,SEC-002,2026-07-18,1,0,0.82,2026-07-17T12:00:00
FC-010971,SEC-002,2026-07-18,2,1,0.87,2026-07-17T12:00:00
FC-010972,SEC-002,2026-07-18,3,1,0.77,2026-07-17T12:00:00
FC-010973,SEC-002,2026-07-18,4,2,0.93,2026-07-17T12:00:00
FC-010974,SEC-002,2026-07-18,5,0,0.9,2026-07-17T12:00:00
FC-010975,SEC-002,2026-07-18,6,0,0.83,2026-07-17T12:00:00
FC-010976,SEC-002,2026-07-18,7,1,0.84,2026-07-17T12:00:00
FC-010977,SEC-002,2026-07-18,8,0,0.86,2026-07-17T12:00:00
FC-010978,SEC-002,2026-07-18,9,0,0.76,2026-07-17T12:00:00
FC-010979,SEC-002,2026-07-18,10,1,0.85,2026-07-17T12:00:00
FC-010980,SEC-002,2026-07-18,11,0,0.76,2026-07-17T12:00:00
FC-010981,SEC-002,2026-07-18,12,0,0.83,2026-07-17T12:00:00
FC-010982,SEC-002,2026-07-18,13,0,0.83,2026-07-17T12:00:00
FC-010983,SEC-002,2026-07-18,14,1,0.8,2026-07-17T12:00:00
FC-010984,SEC-002,2026-07-18,15,0,0.88,2026-07-17T12:00:00
FC-010985,SEC-002,2026-07-18,16,0,0.83,2026-07-17T12:00:00
FC-010986,SEC-002,2026-07-18,17,0,0.9,2026-07-17T12:00:00
FC-010987,SEC-002,2026-07-18,18,1,0.76,2026-07-17T12:00:00
FC-010988,SEC-002,2026-07-18,19,1,0.88,2026-07-17T12:00:00
FC-010989,SEC-002,2026-07-18,20,0,0.78,2026-07-17T12:00:00
FC-010990,SEC-002,2026-07-18,21,0,0.82,2026-07-17T12:00:00
FC-010991,SEC-002,2026-07-18,22,1,0.77,2026-07-17T12:00:00
FC-010992,SEC-002,2026-07-18,23,0,0.82,2026-07-17T12:00:00
FC-010993,SEC-003,2026-07-18,0,2,0.85,2026-07-17T12:00:00
FC-010994,SEC-003,2026-07-18,1,2,0.93,2026-07-17T12:00:00
FC-010995,SEC-003,2026-07-18,2,2,0.85,2026-07-17T12:00:00
FC-010996,SEC-003,2026-07-18,3,1,0.88,2026-07-17T12:00:00
FC-010997,SEC-003,2026-07-18,4,1,0.93,2026-07-17T12:00:00
FC-010998,SEC-003,2026-07-18,5,0,0.72,2026-07-17T12:00:00
FC-010999,SEC-003,2026-07-18,6,0,0.78,2026-07-17T12:00:00
FC-011000,SEC-003,2026-07-18,7,1,0.86,2026-07-17T12:00:00
FC-011001,SEC-003,2026-07-18,8,0,0.9,2026-07-17T12:00:00
FC-011002,SEC-003,2026-07-18,9,0,0.76,2026-07-17T12:00:00
FC-011003,SEC-003,2026-07-18,10,0,0.78,2026-07-17T12:00:00
FC-011004,SEC-003,2026-07-18,11,0,0.86,2026-07-17T12:00:00
FC-011005,SEC-003,2026-07-18,12,1,0.88,2026-07-17T12:00:00
FC-011006,SEC-003,2026-07-18,13,0,0.77,2026-07-17T12:00:00
FC-011007,SEC-003,2026-07-18,14,1,0.74,2026-07-17T12:00:00
FC-011008,SEC-003,2026-07-18,15,0,0.81,2026-07-17T12:00:00
FC-011009,SEC-003,2026-07-18,16,0,0.8,2026-07-17T12:00:00
FC-011010,SEC-003,2026-07-18,17,0,0.74,2026-07-17T12:00:00
FC-011011,SEC-003,2026-07-18,18,1,0.86,2026-07-17T12:00:00
FC-011012,SEC-003,2026-07-18,19,0,0.81,2026-07-17T12:00:00
FC-011013,SEC-003,2026-07-18,20,0,0.92,2026-07-17T12:00:00
FC-011014,SEC-003,2026-07-18,21,0,0.8,2026-07-17T12:00:00
FC-011015,SEC-003,2026-07-18,22,5,0.9,2026-07-17T12:00:00
FC-011016,SEC-003,2026-07-18,23,1,0.93,2026-07-17T12:00:00
FC-011017,SEC-004,2026-07-18,0,5,0.71,2026-07-17T12:00:00
FC-011018,SEC-004,2026-07-18,1,3,0.92,2026-07-17T12:00:00
FC-011019,SEC-004,2026-07-18,2,2,0.85,2026-07-17T12:00:00
FC-011020,SEC-004,2026-07-18,3,0,0.88,2026-07-17T12:00:00
FC-011021,SEC-004,2026-07-18,4,4,0.83,2026-07-17T12:00:00
FC-011022,SEC-004,2026-07-18,5,0,0.78,2026-07-17T12:00:00
FC-011023,SEC-004,2026-07-18,6,1,0.78,2026-07-17T12:00:00
FC-011024,SEC-004,2026-07-18,7,2,0.72,2026-07-17T12:00:00
FC-011025,SEC-004,2026-07-18,8,0,0.72,2026-07-17T12:00:00
FC-011026,SEC-004,2026-07-18,9,1,0.73,2026-07-17T12:00:00
FC-011027,SEC-004,2026-07-18,10,2,0.73,2026-07-17T12:00:00
FC-011028,SEC-004,2026-07-18,11,1,0.72,2026-07-17T12:00:00
FC-011029,SEC-004,2026-07-18,12,1,0.71,2026-07-17T12:00:00
FC-011030,SEC-004,2026-07-18,13,0,0.9,2026-07-17T12:00:00
FC-011031,SEC-004,2026-07-18,14,2,0.92,2026-07-17T12:00:00
FC-011032,SEC-004,2026-07-18,15,0,0.92,2026-07-17T12:00:00
FC-011033,SEC-004,2026-07-18,16,0,0.78,2026-07-17T12:00:00
FC-011034,SEC-004,2026-07-18,17,1,0.92,2026-07-17T12:00:00
FC-011035,SEC-004,2026-07-18,18,3,0.76,2026-07-17T12:00:00
FC-011036,SEC-004,2026-07-18,19,0,0.74,2026-07-17T12:00:00
FC-011037,SEC-004,2026-07-18,20,0,0.95,2026-07-17T12:00:00
FC-011038,SEC-004,2026-07-18,21,2,0.87,2026-07-17T12:00:00
FC-011039,SEC-004,2026-07-18,22,1,0.87,2026-07-17T12:00:00
FC-011040,SEC-004,2026-07-18,23,2,0.72,2026-07-17T12:00:00
FC-011041,SEC-005,2026-07-18,0,1,0.77,2026-07-17T12:00:00
FC-011042,SEC-005,2026-07-18,1,1,0.92,2026-07-17T12:00:00
FC-011043,SEC-005,2026-07-18,2,4,0.78,2026-07-17T12:00:00
FC-011044,SEC-005,2026-07-18,3,2,0.79,2026-07-17T12:00:00
FC-011045,SEC-005,2026-07-18,4,2,0.92,2026-07-17T12:00:00
FC-011046,SEC-005,2026-07-18,5,2,0.83,2026-07-17T12:00:00
FC-011047,SEC-005,2026-07-18,6,0,0.8,2026-07-17T12:00:00
FC-011048,SEC-005,2026-07-18,7,1,0.88,2026-07-17T12:00:00
FC-011049,SEC-005,2026-07-18,8,1,0.83,2026-07-17T12:00:00
FC-011050,SEC-005,2026-07-18,9,1,0.83,2026-07-17T12:00:00
FC-011051,SEC-005,2026-07-18,10,0,0.9,2026-07-17T12:00:00
FC-011052,SEC-005,2026-07-18,11,0,0.92,2026-07-17T12:00:00
FC-011053,SEC-005,2026-07-18,12,0,0.71,2026-07-17T12:00:00
FC-011054,SEC-005,2026-07-18,13,0,0.87,2026-07-17T12:00:00
FC-011055,SEC-005,2026-07-18,14,0,0.93,2026-07-17T12:00:00
FC-011056,SEC-005,2026-07-18,15,0,0.87,2026-07-17T12:00:00
FC-011057,SEC-005,2026-07-18,16,0,0.74,2026-07-17T12:00:00
FC-011058,SEC-005,2026-07-18,17,0,0.71,2026-07-17T12:00:00
FC-011059,SEC-005,2026-07-18,18,0,0.88,2026-07-17T12:00:00
FC-011060,SEC-005,2026-07-18,19,1,0.73,2026-07-17T12:00:00
FC-011061,SEC-005,2026-07-18,20,1,0.88,2026-07-17T12:00:00
FC-011062,SEC-005,2026-07-18,21,0,0.83,2026-07-17T12:00:00
FC-011063,SEC-005,2026-07-18,22,3,0.79,2026-07-17T12:00:00
FC-011064,SEC-005,2026-07-18,23,2,0.77,2026-07-17T12:00:00
FC-011065,SEC-006,2026-07-18,0,3,0.88,2026-07-17T12:00:00
FC-011066,SEC-006,2026-07-18,1,1,0.77,2026-07-17T12:00:00
FC-011067,SEC-006,2026-07-18,2,1,0.72,2026-07-17T12:00:00
FC-011068,SEC-006,2026-07-18,3,1,0.75,2026-07-17T12:00:00
FC-011069,SEC-006,2026-07-18,4,2,0.74,2026-07-17T12:00:00
FC-011070,SEC-006,2026-07-18,5,0,0.89,2026-07-17T12:00:00
FC-011071,SEC-006,2026-07-18,6,0,0.73,2026-07-17T12:00:00
FC-011072,SEC-006,2026-07-18,7,0,0.73,2026-07-17T12:00:00
FC-011073,SEC-006,2026-07-18,8,0,0.75,2026-07-17T12:00:00
FC-011074,SEC-006,2026-07-18,9,0,0.78,2026-07-17T12:00:00
FC-011075,SEC-006,2026-07-18,10,0,0.84,2026-07-17T12:00:00
FC-011076,SEC-006,2026-07-18,11,0,0.8,2026-07-17T12:00:00
FC-011077,SEC-006,2026-07-18,12,0,0.76,2026-07-17T12:00:00
FC-011078,SEC-006,2026-07-18,13,0,0.81,2026-07-17T12:00:00
FC-011079,SEC-006,2026-07-18,14,1,0.71,2026-07-17T12:00:00
FC-011080,SEC-006,2026-07-18,15,0,0.85,2026-07-17T12:00:00
FC-011081,SEC-006,2026-07-18,16,1,0.79,2026-07-17T12:00:00
FC-011082,SEC-006,2026-07-18,17,0,0.93,2026-07-17T12:00:00
FC-011083,SEC-006,2026-07-18,18,0,0.79,2026-07-17T12:00:00
FC-011084,SEC-006,2026-07-18,19,0,0.95,2026-07-17T12:00:00
FC-011085,SEC-006,2026-07-18,20,2,0.84,2026-07-17T12:00:00
FC-011086,SEC-006,2026-07-18,21,0,0.92,2026-07-17T12:00:00
FC-011087,SEC-006,2026-07-18,22,1,0.95,2026-07-17T12:00:00
FC-011088,SEC-006,2026-07-18,23,3,0.86,2026-07-17T12:00:00
FC-011089,SEC-001,2026-07-19,0,2,0.85,2026-07-18T12:00:00
FC-011090,SEC-001,2026-07-19,1,2,0.78,2026-07-18T12:00:00
FC-011091,SEC-001,2026-07-19,2,5,0.9,2026-07-18T12:00:00
FC-011092,SEC-001,2026-07-19,3,2,0.75,2026-07-18T12:00:00
FC-011093,SEC-001,2026-07-19,4,4,0.8,2026-07-18T12:00:00
FC-011094,SEC-001,2026-07-19,5,0,0.92,2026-07-18T12:00:00
FC-011095,SEC-001,2026-07-19,6,0,0.89,2026-07-18T12:00:00
FC-011096,SEC-001,2026-07-19,7,0,0.71,2026-07-18T12:00:00
FC-011097,SEC-001,2026-07-19,8,0,0.71,2026-07-18T12:00:00
FC-011098,SEC-001,2026-07-19,9,0,0.8,2026-07-18T12:00:00
FC-011099,SEC-001,2026-07-19,10,0,0.83,2026-07-18T12:00:00
FC-011100,SEC-001,2026-07-19,11,2,0.77,2026-07-18T12:00:00
FC-011101,SEC-001,2026-07-19,12,1,0.92,2026-07-18T12:00:00
FC-011102,SEC-001,2026-07-19,13,0,0.75,2026-07-18T12:00:00
FC-011103,SEC-001,2026-07-19,14,1,0.9,2026-07-18T12:00:00
FC-011104,SEC-001,2026-07-19,15,1,0.74,2026-07-18T12:00:00
FC-011105,SEC-001,2026-07-19,16,0,0.86,2026-07-18T12:00:00
FC-011106,SEC-001,2026-07-19,17,0,0.88,2026-07-18T12:00:00
FC-011107,SEC-001,2026-07-19,18,0,0.92,2026-07-18T12:00:00
FC-011108,SEC-001,2026-07-19,19,0,0.72,2026-07-18T12:00:00
FC-011109,SEC-001,2026-07-19,20,0,0.72,2026-07-18T12:00:00
FC-011110,SEC-001,2026-07-19,21,0,0.71,2026-07-18T12:00:00
FC-011111,SEC-001,2026-07-19,22,2,0.91,2026-07-18T12:00:00
FC-011112,SEC-001,2026-07-19,23,4,0.94,2026-07-18T12:00:00
FC-011113,SEC-002,2026-07-19,0,2,0.74,2026-07-18T12:00:00
FC-011114,SEC-002,2026-07-19,1,0,0.87,2026-07-18T12:00:00
FC-011115,SEC-002,2026-07-19,2,4,0.84,2026-07-18T12:00:00
FC-011116,SEC-002,2026-07-19,3,3,0.78,2026-07-18T12:00:00
FC-011117,SEC-002,2026-07-19,4,1,0.9,2026-07-18T12:00:00
FC-011118,SEC-002,2026-07-19,5,0,0.89,2026-07-18T12:00:00
FC-011119,SEC-002,2026-07-19,6,0,0.81,2026-07-18T12:00:00
FC-011120,SEC-002,2026-07-19,7,0,0.75,2026-07-18T12:00:00
FC-011121,SEC-002,2026-07-19,8,3,0.72,2026-07-18T12:00:00
FC-011122,SEC-002,2026-07-19,9,0,0.9,2026-07-18T12:00:00
FC-011123,SEC-002,2026-07-19,10,1,0.7,2026-07-18T12:00:00
FC-011124,SEC-002,2026-07-19,11,1,0.89,2026-07-18T12:00:00
FC-011125,SEC-002,2026-07-19,12,0,0.75,2026-07-18T12:00:00
FC-011126,SEC-002,2026-07-19,13,0,0.76,2026-07-18T12:00:00
FC-011127,SEC-002,2026-07-19,14,0,0.86,2026-07-18T12:00:00
FC-011128,SEC-002,2026-07-19,15,1,0.84,2026-07-18T12:00:00
FC-011129,SEC-002,2026-07-19,16,0,0.74,2026-07-18T12:00:00
FC-011130,SEC-002,2026-07-19,17,1,0.9,2026-07-18T12:00:00
FC-011131,SEC-002,2026-07-19,18,0,0.95,2026-07-18T12:00:00
FC-011132,SEC-002,2026-07-19,19,2,0.85,2026-07-18T12:00:00
FC-011133,SEC-002,2026-07-19,20,0,0.93,2026-07-18T12:00:00
FC-011134,SEC-002,2026-07-19,21,0,0.93,2026-07-18T12:00:00
FC-011135,SEC-002,2026-07-19,22,1,0.89,2026-07-18T12:00:00
FC-011136,SEC-002,2026-07-19,23,3,0.71,2026-07-18T12:00:00
FC-011137,SEC-003,2026-07-19,0,0,0.87,2026-07-18T12:00:00
FC-011138,SEC-003,2026-07-19,1,0,0.82,2026-07-18T12:00:00
FC-011139,SEC-003,2026-07-19,2,3,0.91,2026-07-18T12:00:00
FC-011140,SEC-003,2026-07-19,3,4,0.78,2026-07-18T12:00:00
FC-011141,SEC-003,2026-07-19,4,3,0.93,2026-07-18T12:00:00
FC-011142,SEC-003,2026-07-19,5,0,0.79,2026-07-18T12:00:00
FC-011143,SEC-003,2026-07-19,6,0,0.9,2026-07-18T12:00:00
FC-011144,SEC-003,2026-07-19,7,0,0.78,2026-07-18T12:00:00
FC-011145,SEC-003,2026-07-19,8,1,0.73,2026-07-18T12:00:00
FC-011146,SEC-003,2026-07-19,9,0,0.87,2026-07-18T12:00:00
FC-011147,SEC-003,2026-07-19,10,0,0.84,2026-07-18T12:00:00
FC-011148,SEC-003,2026-07-19,11,1,0.77,2026-07-18T12:00:00
FC-011149,SEC-003,2026-07-19,12,2,0.8,2026-07-18T12:00:00
FC-011150,SEC-003,2026-07-19,13,0,0.92,2026-07-18T12:00:00
FC-011151,SEC-003,2026-07-19,14,0,0.91,2026-07-18T12:00:00
FC-011152,SEC-003,2026-07-19,15,0,0.88,2026-07-18T12:00:00
FC-011153,SEC-003,2026-07-19,16,1,0.72,2026-07-18T12:00:00
FC-011154,SEC-003,2026-07-19,17,0,0.77,2026-07-18T12:00:00
FC-011155,SEC-003,2026-07-19,18,0,0.78,2026-07-18T12:00:00
FC-011156,SEC-003,2026-07-19,19,1,0.83,2026-07-18T12:00:00
FC-011157,SEC-003,2026-07-19,20,0,0.79,2026-07-18T12:00:00
FC-011158,SEC-003,2026-07-19,21,1,0.91,2026-07-18T12:00:00
FC-011159,SEC-003,2026-07-19,22,2,0.92,2026-07-18T12:00:00
FC-011160,SEC-003,2026-07-19,23,2,0.87,2026-07-18T12:00:00
FC-011161,SEC-004,2026-07-19,0,2,0.7,2026-07-18T12:00:00
FC-011162,SEC-004,2026-07-19,1,1,0.78,2026-07-18T12:00:00
FC-011163,SEC-004,2026-07-19,2,1,0.85,2026-07-18T12:00:00
FC-011164,SEC-004,2026-07-19,3,2,0.84,2026-07-18T12:00:00
FC-011165,SEC-004,2026-07-19,4,1,0.91,2026-07-18T12:00:00
FC-011166,SEC-004,2026-07-19,5,0,0.85,2026-07-18T12:00:00
FC-011167,SEC-004,2026-07-19,6,0,0.85,2026-07-18T12:00:00
FC-011168,SEC-004,2026-07-19,7,0,0.89,2026-07-18T12:00:00
FC-011169,SEC-004,2026-07-19,8,0,0.72,2026-07-18T12:00:00
FC-011170,SEC-004,2026-07-19,9,1,0.79,2026-07-18T12:00:00
FC-011171,SEC-004,2026-07-19,10,0,0.91,2026-07-18T12:00:00
FC-011172,SEC-004,2026-07-19,11,0,0.91,2026-07-18T12:00:00
FC-011173,SEC-004,2026-07-19,12,2,0.8,2026-07-18T12:00:00
FC-011174,SEC-004,2026-07-19,13,0,0.92,2026-07-18T12:00:00
FC-011175,SEC-004,2026-07-19,14,0,0.8,2026-07-18T12:00:00
FC-011176,SEC-004,2026-07-19,15,0,0.91,2026-07-18T12:00:00
FC-011177,SEC-004,2026-07-19,16,1,0.88,2026-07-18T12:00:00
FC-011178,SEC-004,2026-07-19,17,0,0.79,2026-07-18T12:00:00
FC-011179,SEC-004,2026-07-19,18,0,0.72,2026-07-18T12:00:00
FC-011180,SEC-004,2026-07-19,19,0,0.76,2026-07-18T12:00:00
FC-011181,SEC-004,2026-07-19,20,0,0.79,2026-07-18T12:00:00
FC-011182,SEC-004,2026-07-19,21,1,0.76,2026-07-18T12:00:00
FC-011183,SEC-004,2026-07-19,22,4,0.83,2026-07-18T12:00:00
FC-011184,SEC-004,2026-07-19,23,1,0.9,2026-07-18T12:00:00
FC-011185,SEC-005,2026-07-19,0,2,0.76,2026-07-18T12:00:00
FC-011186,SEC-005,2026-07-19,1,0,0.7,2026-07-18T12:00:00
FC-011187,SEC-005,2026-07-19,2,2,0.94,2026-07-18T12:00:00
FC-011188,SEC-005,2026-07-19,3,2,0.77,2026-07-18T12:00:00
FC-011189,SEC-005,2026-07-19,4,2,0.82,2026-07-18T12:00:00
FC-011190,SEC-005,2026-07-19,5,0,0.82,2026-07-18T12:00:00
FC-011191,SEC-005,2026-07-19,6,0,0.87,2026-07-18T12:00:00
FC-011192,SEC-005,2026-07-19,7,0,0.89,2026-07-18T12:00:00
FC-011193,SEC-005,2026-07-19,8,1,0.84,2026-07-18T12:00:00
FC-011194,SEC-005,2026-07-19,9,2,0.84,2026-07-18T12:00:00
FC-011195,SEC-005,2026-07-19,10,0,0.91,2026-07-18T12:00:00
FC-011196,SEC-005,2026-07-19,11,0,0.88,2026-07-18T12:00:00
FC-011197,SEC-005,2026-07-19,12,0,0.81,2026-07-18T12:00:00
FC-011198,SEC-005,2026-07-19,13,1,0.77,2026-07-18T12:00:00
FC-011199,SEC-005,2026-07-19,14,0,0.71,2026-07-18T12:00:00
FC-011200,SEC-005,2026-07-19,15,1,0.71,2026-07-18T12:00:00
FC-011201,SEC-005,2026-07-19,16,0,0.95,2026-07-18T12:00:00
FC-011202,SEC-005,2026-07-19,17,0,0.87,2026-07-18T12:00:00
FC-011203,SEC-005,2026-07-19,18,0,0.72,2026-07-18T12:00:00
FC-011204,SEC-005,2026-07-19,19,2,0.82,2026-07-18T12:00:00
FC-011205,SEC-005,2026-07-19,20,1,0.74,2026-07-18T12:00:00
FC-011206,SEC-005,2026-07-19,21,0,0.84,2026-07-18T12:00:00
FC-011207,SEC-005,2026-07-19,22,1,0.88,2026-07-18T12:00:00
FC-011208,SEC-005,2026-07-19,23,5,0.82,2026-07-18T12:00:00
FC-011209,SEC-006,2026-07-19,0,2,0.74,2026-07-18T12:00:00
FC-011210,SEC-006,2026-07-19,1,1,0.89,2026-07-18T12:00:00
FC-011211,SEC-006,2026-07-19,2,3,0.83,2026-07-18T12:00:00
FC-011212,SEC-006,2026-07-19,3,1,0.79,2026-07-18T12:00:00
FC-011213,SEC-006,2026-07-19,4,4,0.79,2026-07-18T12:00:00
FC-011214,SEC-006,2026-07-19,5,2,0.86,2026-07-18T12:00:00
FC-011215,SEC-006,2026-07-19,6,0,0.71,2026-07-18T12:00:00
FC-011216,SEC-006,2026-07-19,7,1,0.75,2026-07-18T12:00:00
FC-011217,SEC-006,2026-07-19,8,1,0.75,2026-07-18T12:00:00
FC-011218,SEC-006,2026-07-19,9,0,0.77,2026-07-18T12:00:00
FC-011219,SEC-006,2026-07-19,10,1,0.84,2026-07-18T12:00:00
FC-011220,SEC-006,2026-07-19,11,0,0.81,2026-07-18T12:00:00
FC-011221,SEC-006,2026-07-19,12,0,0.92,2026-07-18T12:00:00
FC-011222,SEC-006,2026-07-19,13,1,0.87,2026-07-18T12:00:00
FC-011223,SEC-006,2026-07-19,14,1,0.71,2026-07-18T12:00:00
FC-011224,SEC-006,2026-07-19,15,2,0.86,2026-07-18T12:00:00
FC-011225,SEC-006,2026-07-19,16,1,0.94,2026-07-18T12:00:00
FC-011226,SEC-006,2026-07-19,17,0,0.9,2026-07-18T12:00:00
FC-011227,SEC-006,2026-07-19,18,0,0.94,2026-07-18T12:00:00
FC-011228,SEC-006,2026-07-19,19,1,0.71,2026-07-18T12:00:00
FC-011229,SEC-006,2026-07-19,20,0,0.92,2026-07-18T12:00:00
FC-011230,SEC-006,2026-07-19,21,1,0.76,2026-07-18T12:00:00
FC-011231,SEC-006,2026-07-19,22,4,0.75,2026-07-18T12:00:00
FC-011232,SEC-006,2026-07-19,23,2,0.93,2026-07-18T12:00:00
FC-011233,SEC-001,2026-07-20,0,1,0.9,2026-07-19T12:00:00
FC-011234,SEC-001,2026-07-20,1,1,0.91,2026-07-19T12:00:00
FC-011235,SEC-001,2026-07-20,2,0,0.94,2026-07-19T12:00:00
FC-011236,SEC-001,2026-07-20,3,2,0.76,2026-07-19T12:00:00
FC-011237,SEC-001,2026-07-20,4,1,0.82,2026-07-19T12:00:00
FC-011238,SEC-001,2026-07-20,5,1,0.82,2026-07-19T12:00:00
FC-011239,SEC-001,2026-07-20,6,0,0.71,2026-07-19T12:00:00
FC-011240,SEC-001,2026-07-20,7,0,0.75,2026-07-19T12:00:00
FC-011241,SEC-001,2026-07-20,8,0,0.92,2026-07-19T12:00:00
FC-011242,SEC-001,2026-07-20,9,0,0.94,2026-07-19T12:00:00
FC-011243,SEC-001,2026-07-20,10,1,0.75,2026-07-19T12:00:00
FC-011244,SEC-001,2026-07-20,11,2,0.86,2026-07-19T12:00:00
FC-011245,SEC-001,2026-07-20,12,0,0.93,2026-07-19T12:00:00
FC-011246,SEC-001,2026-07-20,13,0,0.93,2026-07-19T12:00:00
FC-011247,SEC-001,2026-07-20,14,0,0.83,2026-07-19T12:00:00
FC-011248,SEC-001,2026-07-20,15,0,0.88,2026-07-19T12:00:00
FC-011249,SEC-001,2026-07-20,16,3,0.79,2026-07-19T12:00:00
FC-011250,SEC-001,2026-07-20,17,1,0.85,2026-07-19T12:00:00
FC-011251,SEC-001,2026-07-20,18,1,0.87,2026-07-19T12:00:00
FC-011252,SEC-001,2026-07-20,19,0,0.93,2026-07-19T12:00:00
FC-011253,SEC-001,2026-07-20,20,0,0.76,2026-07-19T12:00:00
FC-011254,SEC-001,2026-07-20,21,0,0.87,2026-07-19T12:00:00
FC-011255,SEC-001,2026-07-20,22,1,0.94,2026-07-19T12:00:00
FC-011256,SEC-001,2026-07-20,23,0,0.9,2026-07-19T12:00:00
FC-011257,SEC-002,2026-07-20,0,2,0.73,2026-07-19T12:00:00
FC-011258,SEC-002,2026-07-20,1,0,0.8,2026-07-19T12:00:00
FC-011259,SEC-002,2026-07-20,2,1,0.9,2026-07-19T12:00:00
FC-011260,SEC-002,2026-07-20,3,1,0.86,2026-07-19T12:00:00
FC-011261,SEC-002,2026-07-20,4,2,0.79,2026-07-19T12:00:00
FC-011262,SEC-002,2026-07-20,5,0,0.71,2026-07-19T12:00:00
FC-011263,SEC-002,2026-07-20,6,1,0.94,2026-07-19T12:00:00
FC-011264,SEC-002,2026-07-20,7,0,0.77,2026-07-19T12:00:00
FC-011265,SEC-002,2026-07-20,8,0,0.88,2026-07-19T12:00:00
FC-011266,SEC-002,2026-07-20,9,0,0.91,2026-07-19T12:00:00
FC-011267,SEC-002,2026-07-20,10,1,0.71,2026-07-19T12:00:00
FC-011268,SEC-002,2026-07-20,11,2,0.77,2026-07-19T12:00:00
FC-011269,SEC-002,2026-07-20,12,0,0.89,2026-07-19T12:00:00
FC-011270,SEC-002,2026-07-20,13,0,0.8,2026-07-19T12:00:00
FC-011271,SEC-002,2026-07-20,14,1,0.81,2026-07-19T12:00:00
FC-011272,SEC-002,2026-07-20,15,0,0.72,2026-07-19T12:00:00
FC-011273,SEC-002,2026-07-20,16,0,0.83,2026-07-19T12:00:00
FC-011274,SEC-002,2026-07-20,17,0,0.8,2026-07-19T12:00:00
FC-011275,SEC-002,2026-07-20,18,0,0.92,2026-07-19T12:00:00
FC-011276,SEC-002,2026-07-20,19,0,0.74,2026-07-19T12:00:00
FC-011277,SEC-002,2026-07-20,20,0,0.74,2026-07-19T12:00:00
FC-011278,SEC-002,2026-07-20,21,2,0.8,2026-07-19T12:00:00
FC-011279,SEC-002,2026-07-20,22,4,0.95,2026-07-19T12:00:00
FC-011280,SEC-002,2026-07-20,23,3,0.91,2026-07-19T12:00:00
FC-011281,SEC-003,2026-07-20,0,1,0.93,2026-07-19T12:00:00
FC-011282,SEC-003,2026-07-20,1,3,0.76,2026-07-19T12:00:00
FC-011283,SEC-003,2026-07-20,2,2,0.72,2026-07-19T12:00:00
FC-011284,SEC-003,2026-07-20,3,3,0.9,2026-07-19T12:00:00
FC-011285,SEC-003,2026-07-20,4,3,0.74,2026-07-19T12:00:00
FC-011286,SEC-003,2026-07-20,5,0,0.87,2026-07-19T12:00:00
FC-011287,SEC-003,2026-07-20,6,0,0.77,2026-07-19T12:00:00
FC-011288,SEC-003,2026-07-20,7,0,0.89,2026-07-19T12:00:00
FC-011289,SEC-003,2026-07-20,8,1,0.72,2026-07-19T12:00:00
FC-011290,SEC-003,2026-07-20,9,0,0.82,2026-07-19T12:00:00
FC-011291,SEC-003,2026-07-20,10,0,0.79,2026-07-19T12:00:00
FC-011292,SEC-003,2026-07-20,11,1,0.88,2026-07-19T12:00:00
FC-011293,SEC-003,2026-07-20,12,0,0.81,2026-07-19T12:00:00
FC-011294,SEC-003,2026-07-20,13,0,0.82,2026-07-19T12:00:00
FC-011295,SEC-003,2026-07-20,14,0,0.73,2026-07-19T12:00:00
FC-011296,SEC-003,2026-07-20,15,0,0.82,2026-07-19T12:00:00
FC-011297,SEC-003,2026-07-20,16,0,0.77,2026-07-19T12:00:00
FC-011298,SEC-003,2026-07-20,17,0,0.74,2026-07-19T12:00:00
FC-011299,SEC-003,2026-07-20,18,1,0.72,2026-07-19T12:00:00
FC-011300,SEC-003,2026-07-20,19,0,0.79,2026-07-19T12:00:00
FC-011301,SEC-003,2026-07-20,20,0,0.73,2026-07-19T12:00:00
FC-011302,SEC-003,2026-07-20,21,0,0.87,2026-07-19T12:00:00
FC-011303,SEC-003,2026-07-20,22,0,0.91,2026-07-19T12:00:00
FC-011304,SEC-003,2026-07-20,23,3,0.93,2026-07-19T12:00:00
FC-011305,SEC-004,2026-07-20,0,3,0.74,2026-07-19T12:00:00
FC-011306,SEC-004,2026-07-20,1,3,0.81,2026-07-19T12:00:00
FC-011307,SEC-004,2026-07-20,2,2,0.85,2026-07-19T12:00:00
FC-011308,SEC-004,2026-07-20,3,1,0.76,2026-07-19T12:00:00
FC-011309,SEC-004,2026-07-20,4,1,0.7,2026-07-19T12:00:00
FC-011310,SEC-004,2026-07-20,5,2,0.85,2026-07-19T12:00:00
FC-011311,SEC-004,2026-07-20,6,2,0.71,2026-07-19T12:00:00
FC-011312,SEC-004,2026-07-20,7,0,0.75,2026-07-19T12:00:00
FC-011313,SEC-004,2026-07-20,8,0,0.85,2026-07-19T12:00:00
FC-011314,SEC-004,2026-07-20,9,0,0.79,2026-07-19T12:00:00
FC-011315,SEC-004,2026-07-20,10,0,0.73,2026-07-19T12:00:00
FC-011316,SEC-004,2026-07-20,11,0,0.72,2026-07-19T12:00:00
FC-011317,SEC-004,2026-07-20,12,0,0.9,2026-07-19T12:00:00
FC-011318,SEC-004,2026-07-20,13,1,0.86,2026-07-19T12:00:00
FC-011319,SEC-004,2026-07-20,14,2,0.84,2026-07-19T12:00:00
FC-011320,SEC-004,2026-07-20,15,1,0.81,2026-07-19T12:00:00
FC-011321,SEC-004,2026-07-20,16,3,0.84,2026-07-19T12:00:00
FC-011322,SEC-004,2026-07-20,17,0,0.93,2026-07-19T12:00:00
FC-011323,SEC-004,2026-07-20,18,0,0.81,2026-07-19T12:00:00
FC-011324,SEC-004,2026-07-20,19,0,0.78,2026-07-19T12:00:00
FC-011325,SEC-004,2026-07-20,20,0,0.77,2026-07-19T12:00:00
FC-011326,SEC-004,2026-07-20,21,0,0.74,2026-07-19T12:00:00
FC-011327,SEC-004,2026-07-20,22,1,0.7,2026-07-19T12:00:00
FC-011328,SEC-004,2026-07-20,23,2,0.9,2026-07-19T12:00:00
FC-011329,SEC-005,2026-07-20,0,1,0.92,2026-07-19T12:00:00
FC-011330,SEC-005,2026-07-20,1,4,0.79,2026-07-19T12:00:00
FC-011331,SEC-005,2026-07-20,2,1,0.81,2026-07-19T12:00:00
FC-011332,SEC-005,2026-07-20,3,1,0.78,2026-07-19T12:00:00
FC-011333,SEC-005,2026-07-20,4,5,0.82,2026-07-19T12:00:00
FC-011334,SEC-005,2026-07-20,5,0,0.88,2026-07-19T12:00:00
FC-011335,SEC-005,2026-07-20,6,0,0.71,2026-07-19T12:00:00
FC-011336,SEC-005,2026-07-20,7,0,0.8,2026-07-19T12:00:00
FC-011337,SEC-005,2026-07-20,8,0,0.95,2026-07-19T12:00:00
FC-011338,SEC-005,2026-07-20,9,0,0.73,2026-07-19T12:00:00
FC-011339,SEC-005,2026-07-20,10,0,0.8,2026-07-19T12:00:00
FC-011340,SEC-005,2026-07-20,11,0,0.83,2026-07-19T12:00:00
FC-011341,SEC-005,2026-07-20,12,0,0.79,2026-07-19T12:00:00
FC-011342,SEC-005,2026-07-20,13,0,0.81,2026-07-19T12:00:00
FC-011343,SEC-005,2026-07-20,14,0,0.94,2026-07-19T12:00:00
FC-011344,SEC-005,2026-07-20,15,0,0.73,2026-07-19T12:00:00
FC-011345,SEC-005,2026-07-20,16,0,0.72,2026-07-19T12:00:00
FC-011346,SEC-005,2026-07-20,17,1,0.85,2026-07-19T12:00:00
FC-011347,SEC-005,2026-07-20,18,0,0.72,2026-07-19T12:00:00
FC-011348,SEC-005,2026-07-20,19,2,0.77,2026-07-19T12:00:00
FC-011349,SEC-005,2026-07-20,20,1,0.88,2026-07-19T12:00:00
FC-011350,SEC-005,2026-07-20,21,1,0.84,2026-07-19T12:00:00
FC-011351,SEC-005,2026-07-20,22,3,0.72,2026-07-19T12:00:00
FC-011352,SEC-005,2026-07-20,23,4,0.78,2026-07-19T12:00:00
FC-011353,SEC-006,2026-07-20,0,2,0.77,2026-07-19T12:00:00
FC-011354,SEC-006,2026-07-20,1,2,0.76,2026-07-19T12:00:00
FC-011355,SEC-006,2026-07-20,2,2,0.82,2026-07-19T12:00:00
FC-011356,SEC-006,2026-07-20,3,1,0.77,2026-07-19T12:00:00
FC-011357,SEC-006,2026-07-20,4,1,0.79,2026-07-19T12:00:00
FC-011358,SEC-006,2026-07-20,5,2,0.81,2026-07-19T12:00:00
FC-011359,SEC-006,2026-07-20,6,0,0.75,2026-07-19T12:00:00
FC-011360,SEC-006,2026-07-20,7,1,0.79,2026-07-19T12:00:00
FC-011361,SEC-006,2026-07-20,8,0,0.84,2026-07-19T12:00:00
FC-011362,SEC-006,2026-07-20,9,0,0.92,2026-07-19T12:00:00
FC-011363,SEC-006,2026-07-20,10,0,0.82,2026-07-19T12:00:00
FC-011364,SEC-006,2026-07-20,11,0,0.93,2026-07-19T12:00:00
FC-011365,SEC-006,2026-07-20,12,2,0.75,2026-07-19T12:00:00
FC-011366,SEC-006,2026-07-20,13,0,0.86,2026-07-19T12:00:00
FC-011367,SEC-006,2026-07-20,14,0,0.82,2026-07-19T12:00:00
FC-011368,SEC-006,2026-07-20,15,0,0.77,2026-07-19T12:00:00
FC-011369,SEC-006,2026-07-20,16,2,0.87,2026-07-19T12:00:00
FC-011370,SEC-006,2026-07-20,17,0,0.77,2026-07-19T12:00:00
FC-011371,SEC-006,2026-07-20,18,0,0.83,2026-07-19T12:00:00
FC-011372,SEC-006,2026-07-20,19,1,0.74,2026-07-19T12:00:00
FC-011373,SEC-006,2026-07-20,20,1,0.91,2026-07-19T12:00:00
FC-011374,SEC-006,2026-07-20,21,0,0.88,2026-07-19T12:00:00
FC-011375,SEC-006,2026-07-20,22,2,0.83,2026-07-19T12:00:00
FC-011376,SEC-006,2026-07-20,23,2,0.75,2026-07-19T12:00:00
FC-011377,SEC-001,2026-07-21,0,3,0.73,2026-07-20T12:00:00
FC-011378,SEC-001,2026-07-21,1,0,0.83,2026-07-20T12:00:00
FC-011379,SEC-001,2026-07-21,2,1,0.77,2026-07-20T12:00:00
FC-011380,SEC-001,2026-07-21,3,1,0.75,2026-07-20T12:00:00
FC-011381,SEC-001,2026-07-21,4,6,0.73,2026-07-20T12:00:00
FC-011382,SEC-001,2026-07-21,5,0,0.74,2026-07-20T12:00:00
FC-011383,SEC-001,2026-07-21,6,1,0.84,2026-07-20T12:00:00
FC-011384,SEC-001,2026-07-21,7,0,0.73,2026-07-20T12:00:00
FC-011385,SEC-001,2026-07-21,8,1,0.86,2026-07-20T12:00:00
FC-011386,SEC-001,2026-07-21,9,1,0.81,2026-07-20T12:00:00
FC-011387,SEC-001,2026-07-21,10,0,0.71,2026-07-20T12:00:00
FC-011388,SEC-001,2026-07-21,11,0,0.77,2026-07-20T12:00:00
FC-011389,SEC-001,2026-07-21,12,1,0.7,2026-07-20T12:00:00
FC-011390,SEC-001,2026-07-21,13,1,0.87,2026-07-20T12:00:00
FC-011391,SEC-001,2026-07-21,14,0,0.89,2026-07-20T12:00:00
FC-011392,SEC-001,2026-07-21,15,0,0.89,2026-07-20T12:00:00
FC-011393,SEC-001,2026-07-21,16,0,0.88,2026-07-20T12:00:00
FC-011394,SEC-001,2026-07-21,17,0,0.84,2026-07-20T12:00:00
FC-011395,SEC-001,2026-07-21,18,0,0.93,2026-07-20T12:00:00
FC-011396,SEC-001,2026-07-21,19,1,0.88,2026-07-20T12:00:00
FC-011397,SEC-001,2026-07-21,20,0,0.84,2026-07-20T12:00:00
FC-011398,SEC-001,2026-07-21,21,0,0.81,2026-07-20T12:00:00
FC-011399,SEC-001,2026-07-21,22,1,0.72,2026-07-20T12:00:00
FC-011400,SEC-001,2026-07-21,23,2,0.74,2026-07-20T12:00:00
FC-011401,SEC-002,2026-07-21,0,0,0.94,2026-07-20T12:00:00
FC-011402,SEC-002,2026-07-21,1,3,0.87,2026-07-20T12:00:00
FC-011403,SEC-002,2026-07-21,2,0,0.83,2026-07-20T12:00:00
FC-011404,SEC-002,2026-07-21,3,1,0.77,2026-07-20T12:00:00
FC-011405,SEC-002,2026-07-21,4,1,0.9,2026-07-20T12:00:00
FC-011406,SEC-002,2026-07-21,5,0,0.93,2026-07-20T12:00:00
FC-011407,SEC-002,2026-07-21,6,0,0.82,2026-07-20T12:00:00
FC-011408,SEC-002,2026-07-21,7,2,0.89,2026-07-20T12:00:00
FC-011409,SEC-002,2026-07-21,8,0,0.76,2026-07-20T12:00:00
FC-011410,SEC-002,2026-07-21,9,0,0.71,2026-07-20T12:00:00
FC-011411,SEC-002,2026-07-21,10,1,0.72,2026-07-20T12:00:00
FC-011412,SEC-002,2026-07-21,11,0,0.76,2026-07-20T12:00:00
FC-011413,SEC-002,2026-07-21,12,0,0.94,2026-07-20T12:00:00
FC-011414,SEC-002,2026-07-21,13,0,0.86,2026-07-20T12:00:00
FC-011415,SEC-002,2026-07-21,14,3,0.94,2026-07-20T12:00:00
FC-011416,SEC-002,2026-07-21,15,0,0.87,2026-07-20T12:00:00
FC-011417,SEC-002,2026-07-21,16,0,0.73,2026-07-20T12:00:00
FC-011418,SEC-002,2026-07-21,17,0,0.88,2026-07-20T12:00:00
FC-011419,SEC-002,2026-07-21,18,0,0.8,2026-07-20T12:00:00
FC-011420,SEC-002,2026-07-21,19,1,0.85,2026-07-20T12:00:00
FC-011421,SEC-002,2026-07-21,20,0,0.75,2026-07-20T12:00:00
FC-011422,SEC-002,2026-07-21,21,0,0.74,2026-07-20T12:00:00
FC-011423,SEC-002,2026-07-21,22,1,0.74,2026-07-20T12:00:00
FC-011424,SEC-002,2026-07-21,23,1,0.86,2026-07-20T12:00:00
FC-011425,SEC-003,2026-07-21,0,0,0.89,2026-07-20T12:00:00
FC-011426,SEC-003,2026-07-21,1,3,0.86,2026-07-20T12:00:00
FC-011427,SEC-003,2026-07-21,2,2,0.79,2026-07-20T12:00:00
FC-011428,SEC-003,2026-07-21,3,1,0.71,2026-07-20T12:00:00
FC-011429,SEC-003,2026-07-21,4,3,0.94,2026-07-20T12:00:00
FC-011430,SEC-003,2026-07-21,5,0,0.83,2026-07-20T12:00:00
FC-011431,SEC-003,2026-07-21,6,1,0.92,2026-07-20T12:00:00
FC-011432,SEC-003,2026-07-21,7,0,0.78,2026-07-20T12:00:00
FC-011433,SEC-003,2026-07-21,8,1,0.81,2026-07-20T12:00:00
FC-011434,SEC-003,2026-07-21,9,1,0.77,2026-07-20T12:00:00
FC-011435,SEC-003,2026-07-21,10,0,0.86,2026-07-20T12:00:00
FC-011436,SEC-003,2026-07-21,11,0,0.78,2026-07-20T12:00:00
FC-011437,SEC-003,2026-07-21,12,0,0.88,2026-07-20T12:00:00
FC-011438,SEC-003,2026-07-21,13,0,0.75,2026-07-20T12:00:00
FC-011439,SEC-003,2026-07-21,14,1,0.91,2026-07-20T12:00:00
FC-011440,SEC-003,2026-07-21,15,0,0.75,2026-07-20T12:00:00
FC-011441,SEC-003,2026-07-21,16,0,0.82,2026-07-20T12:00:00
FC-011442,SEC-003,2026-07-21,17,0,0.86,2026-07-20T12:00:00
FC-011443,SEC-003,2026-07-21,18,1,0.89,2026-07-20T12:00:00
FC-011444,SEC-003,2026-07-21,19,1,0.74,2026-07-20T12:00:00
FC-011445,SEC-003,2026-07-21,20,0,0.8,2026-07-20T12:00:00
FC-011446,SEC-003,2026-07-21,21,0,0.81,2026-07-20T12:00:00
FC-011447,SEC-003,2026-07-21,22,1,0.8,2026-07-20T12:00:00
FC-011448,SEC-003,2026-07-21,23,2,0.84,2026-07-20T12:00:00
FC-011449,SEC-004,2026-07-21,0,1,0.76,2026-07-20T12:00:00
FC-011450,SEC-004,2026-07-21,1,3,0.79,2026-07-20T12:00:00
FC-011451,SEC-004,2026-07-21,2,2,0.77,2026-07-20T12:00:00
FC-011452,SEC-004,2026-07-21,3,2,0.93,2026-07-20T12:00:00
FC-011453,SEC-004,2026-07-21,4,2,0.88,2026-07-20T12:00:00
FC-011454,SEC-004,2026-07-21,5,2,0.8,2026-07-20T12:00:00
FC-011455,SEC-004,2026-07-21,6,0,0.8,2026-07-20T12:00:00
FC-011456,SEC-004,2026-07-21,7,1,0.78,2026-07-20T12:00:00
FC-011457,SEC-004,2026-07-21,8,2,0.76,2026-07-20T12:00:00
FC-011458,SEC-004,2026-07-21,9,0,0.94,2026-07-20T12:00:00
FC-011459,SEC-004,2026-07-21,10,1,0.92,2026-07-20T12:00:00
FC-011460,SEC-004,2026-07-21,11,0,0.79,2026-07-20T12:00:00
FC-011461,SEC-004,2026-07-21,12,1,0.83,2026-07-20T12:00:00
FC-011462,SEC-004,2026-07-21,13,0,0.95,2026-07-20T12:00:00
FC-011463,SEC-004,2026-07-21,14,0,0.85,2026-07-20T12:00:00
FC-011464,SEC-004,2026-07-21,15,1,0.88,2026-07-20T12:00:00
FC-011465,SEC-004,2026-07-21,16,0,0.91,2026-07-20T12:00:00
FC-011466,SEC-004,2026-07-21,17,0,0.83,2026-07-20T12:00:00
FC-011467,SEC-004,2026-07-21,18,1,0.89,2026-07-20T12:00:00
FC-011468,SEC-004,2026-07-21,19,0,0.72,2026-07-20T12:00:00
FC-011469,SEC-004,2026-07-21,20,0,0.93,2026-07-20T12:00:00
FC-011470,SEC-004,2026-07-21,21,0,0.82,2026-07-20T12:00:00
FC-011471,SEC-004,2026-07-21,22,2,0.87,2026-07-20T12:00:00
FC-011472,SEC-004,2026-07-21,23,0,0.76,2026-07-20T12:00:00
FC-011473,SEC-005,2026-07-21,0,4,0.89,2026-07-20T12:00:00
FC-011474,SEC-005,2026-07-21,1,2,0.84,2026-07-20T12:00:00
FC-011475,SEC-005,2026-07-21,2,1,0.9,2026-07-20T12:00:00
FC-011476,SEC-005,2026-07-21,3,2,0.94,2026-07-20T12:00:00
FC-011477,SEC-005,2026-07-21,4,2,0.78,2026-07-20T12:00:00
FC-011478,SEC-005,2026-07-21,5,1,0.88,2026-07-20T12:00:00
FC-011479,SEC-005,2026-07-21,6,0,0.89,2026-07-20T12:00:00
FC-011480,SEC-005,2026-07-21,7,0,0.9,2026-07-20T12:00:00
FC-011481,SEC-005,2026-07-21,8,1,0.73,2026-07-20T12:00:00
FC-011482,SEC-005,2026-07-21,9,0,0.92,2026-07-20T12:00:00
FC-011483,SEC-005,2026-07-21,10,0,0.91,2026-07-20T12:00:00
FC-011484,SEC-005,2026-07-21,11,0,0.76,2026-07-20T12:00:00
FC-011485,SEC-005,2026-07-21,12,0,0.71,2026-07-20T12:00:00
FC-011486,SEC-005,2026-07-21,13,0,0.83,2026-07-20T12:00:00
FC-011487,SEC-005,2026-07-21,14,2,0.75,2026-07-20T12:00:00
FC-011488,SEC-005,2026-07-21,15,0,0.88,2026-07-20T12:00:00
FC-011489,SEC-005,2026-07-21,16,0,0.93,2026-07-20T12:00:00
FC-011490,SEC-005,2026-07-21,17,0,0.92,2026-07-20T12:00:00
FC-011491,SEC-005,2026-07-21,18,0,0.73,2026-07-20T12:00:00
FC-011492,SEC-005,2026-07-21,19,1,0.91,2026-07-20T12:00:00
FC-011493,SEC-005,2026-07-21,20,0,0.81,2026-07-20T12:00:00
FC-011494,SEC-005,2026-07-21,21,0,0.92,2026-07-20T12:00:00
FC-011495,SEC-005,2026-07-21,22,4,0.93,2026-07-20T12:00:00
FC-011496,SEC-005,2026-07-21,23,2,0.9,2026-07-20T12:00:00
FC-011497,SEC-006,2026-07-21,0,4,0.86,2026-07-20T12:00:00
FC-011498,SEC-006,2026-07-21,1,2,0.81,2026-07-20T12:00:00
FC-011499,SEC-006,2026-07-21,2,1,0.73,2026-07-20T12:00:00
FC-011500,SEC-006,2026-07-21,3,5,0.94,2026-07-20T12:00:00
FC-011501,SEC-006,2026-07-21,4,0,0.89,2026-07-20T12:00:00
FC-011502,SEC-006,2026-07-21,5,0,0.84,2026-07-20T12:00:00
FC-011503,SEC-006,2026-07-21,6,0,0.75,2026-07-20T12:00:00
FC-011504,SEC-006,2026-07-21,7,1,0.87,2026-07-20T12:00:00
FC-011505,SEC-006,2026-07-21,8,0,0.86,2026-07-20T12:00:00
FC-011506,SEC-006,2026-07-21,9,0,0.74,2026-07-20T12:00:00
FC-011507,SEC-006,2026-07-21,10,0,0.86,2026-07-20T12:00:00
FC-011508,SEC-006,2026-07-21,11,0,0.85,2026-07-20T12:00:00
FC-011509,SEC-006,2026-07-21,12,0,0.86,2026-07-20T12:00:00
FC-011510,SEC-006,2026-07-21,13,0,0.76,2026-07-20T12:00:00
FC-011511,SEC-006,2026-07-21,14,0,0.95,2026-07-20T12:00:00
FC-011512,SEC-006,2026-07-21,15,0,0.74,2026-07-20T12:00:00
FC-011513,SEC-006,2026-07-21,16,0,0.78,2026-07-20T12:00:00
FC-011514,SEC-006,2026-07-21,17,0,0.9,2026-07-20T12:00:00
FC-011515,SEC-006,2026-07-21,18,0,0.86,2026-07-20T12:00:00
FC-011516,SEC-006,2026-07-21,19,0,0.72,2026-07-20T12:00:00
FC-011517,SEC-006,2026-07-21,20,0,0.95,2026-07-20T12:00:00
FC-011518,SEC-006,2026-07-21,21,0,0.93,2026-07-20T12:00:00
FC-011519,SEC-006,2026-07-21,22,2,0.77,2026-07-20T12:00:00
FC-011520,SEC-006,2026-07-21,23,1,0.91,2026-07-20T12:00:00
FC-011521,SEC-001,2026-07-22,0,1,0.92,2026-07-21T12:00:00
FC-011522,SEC-001,2026-07-22,1,2,0.84,2026-07-21T12:00:00
FC-011523,SEC-001,2026-07-22,2,1,0.87,2026-07-21T12:00:00
FC-011524,SEC-001,2026-07-22,3,2,0.83,2026-07-21T12:00:00
FC-011525,SEC-001,2026-07-22,4,3,0.72,2026-07-21T12:00:00
FC-011526,SEC-001,2026-07-22,5,0,0.7,2026-07-21T12:00:00
FC-011527,SEC-001,2026-07-22,6,0,0.76,2026-07-21T12:00:00
FC-011528,SEC-001,2026-07-22,7,0,0.77,2026-07-21T12:00:00
FC-011529,SEC-001,2026-07-22,8,0,0.77,2026-07-21T12:00:00
FC-011530,SEC-001,2026-07-22,9,1,0.76,2026-07-21T12:00:00
FC-011531,SEC-001,2026-07-22,10,1,0.93,2026-07-21T12:00:00
FC-011532,SEC-001,2026-07-22,11,0,0.84,2026-07-21T12:00:00
FC-011533,SEC-001,2026-07-22,12,1,0.71,2026-07-21T12:00:00
FC-011534,SEC-001,2026-07-22,13,2,0.84,2026-07-21T12:00:00
FC-011535,SEC-001,2026-07-22,14,0,0.8,2026-07-21T12:00:00
FC-011536,SEC-001,2026-07-22,15,1,0.8,2026-07-21T12:00:00
FC-011537,SEC-001,2026-07-22,16,0,0.83,2026-07-21T12:00:00
FC-011538,SEC-001,2026-07-22,17,1,0.86,2026-07-21T12:00:00
FC-011539,SEC-001,2026-07-22,18,1,0.78,2026-07-21T12:00:00
FC-011540,SEC-001,2026-07-22,19,0,0.75,2026-07-21T12:00:00
FC-011541,SEC-001,2026-07-22,20,0,0.76,2026-07-21T12:00:00
FC-011542,SEC-001,2026-07-22,21,1,0.95,2026-07-21T12:00:00
FC-011543,SEC-001,2026-07-22,22,2,0.74,2026-07-21T12:00:00
FC-011544,SEC-001,2026-07-22,23,4,0.92,2026-07-21T12:00:00
FC-011545,SEC-002,2026-07-22,0,5,0.76,2026-07-21T12:00:00
FC-011546,SEC-002,2026-07-22,1,3,0.76,2026-07-21T12:00:00
FC-011547,SEC-002,2026-07-22,2,2,0.85,2026-07-21T12:00:00
FC-011548,SEC-002,2026-07-22,3,2,0.75,2026-07-21T12:00:00
FC-011549,SEC-002,2026-07-22,4,1,0.77,2026-07-21T12:00:00
FC-011550,SEC-002,2026-07-22,5,1,0.81,2026-07-21T12:00:00
FC-011551,SEC-002,2026-07-22,6,0,0.79,2026-07-21T12:00:00
FC-011552,SEC-002,2026-07-22,7,0,0.84,2026-07-21T12:00:00
FC-011553,SEC-002,2026-07-22,8,1,0.78,2026-07-21T12:00:00
FC-011554,SEC-002,2026-07-22,9,0,0.93,2026-07-21T12:00:00
FC-011555,SEC-002,2026-07-22,10,0,0.87,2026-07-21T12:00:00
FC-011556,SEC-002,2026-07-22,11,0,0.93,2026-07-21T12:00:00
FC-011557,SEC-002,2026-07-22,12,0,0.93,2026-07-21T12:00:00
FC-011558,SEC-002,2026-07-22,13,0,0.74,2026-07-21T12:00:00
FC-011559,SEC-002,2026-07-22,14,0,0.79,2026-07-21T12:00:00
FC-011560,SEC-002,2026-07-22,15,0,0.83,2026-07-21T12:00:00
FC-011561,SEC-002,2026-07-22,16,1,0.83,2026-07-21T12:00:00
FC-011562,SEC-002,2026-07-22,17,1,0.71,2026-07-21T12:00:00
FC-011563,SEC-002,2026-07-22,18,0,0.93,2026-07-21T12:00:00
FC-011564,SEC-002,2026-07-22,19,0,0.74,2026-07-21T12:00:00
FC-011565,SEC-002,2026-07-22,20,1,0.82,2026-07-21T12:00:00
FC-011566,SEC-002,2026-07-22,21,0,0.72,2026-07-21T12:00:00
FC-011567,SEC-002,2026-07-22,22,3,0.75,2026-07-21T12:00:00
FC-011568,SEC-002,2026-07-22,23,0,0.86,2026-07-21T12:00:00
FC-011569,SEC-003,2026-07-22,0,3,0.87,2026-07-21T12:00:00
FC-011570,SEC-003,2026-07-22,1,2,0.92,2026-07-21T12:00:00
FC-011571,SEC-003,2026-07-22,2,0,0.92,2026-07-21T12:00:00
FC-011572,SEC-003,2026-07-22,3,3,0.74,2026-07-21T12:00:00
FC-011573,SEC-003,2026-07-22,4,1,0.85,2026-07-21T12:00:00
FC-011574,SEC-003,2026-07-22,5,0,0.79,2026-07-21T12:00:00
FC-011575,SEC-003,2026-07-22,6,0,0.75,2026-07-21T12:00:00
FC-011576,SEC-003,2026-07-22,7,0,0.73,2026-07-21T12:00:00
FC-011577,SEC-003,2026-07-22,8,0,0.85,2026-07-21T12:00:00
FC-011578,SEC-003,2026-07-22,9,0,0.86,2026-07-21T12:00:00
FC-011579,SEC-003,2026-07-22,10,0,0.8,2026-07-21T12:00:00
FC-011580,SEC-003,2026-07-22,11,0,0.81,2026-07-21T12:00:00
FC-011581,SEC-003,2026-07-22,12,1,0.92,2026-07-21T12:00:00
FC-011582,SEC-003,2026-07-22,13,1,0.73,2026-07-21T12:00:00
FC-011583,SEC-003,2026-07-22,14,0,0.9,2026-07-21T12:00:00
FC-011584,SEC-003,2026-07-22,15,0,0.82,2026-07-21T12:00:00
FC-011585,SEC-003,2026-07-22,16,2,0.72,2026-07-21T12:00:00
FC-011586,SEC-003,2026-07-22,17,0,0.89,2026-07-21T12:00:00
FC-011587,SEC-003,2026-07-22,18,2,0.7,2026-07-21T12:00:00
FC-011588,SEC-003,2026-07-22,19,3,0.84,2026-07-21T12:00:00
FC-011589,SEC-003,2026-07-22,20,0,0.71,2026-07-21T12:00:00
FC-011590,SEC-003,2026-07-22,21,0,0.79,2026-07-21T12:00:00
FC-011591,SEC-003,2026-07-22,22,1,0.93,2026-07-21T12:00:00
FC-011592,SEC-003,2026-07-22,23,2,0.83,2026-07-21T12:00:00
FC-011593,SEC-004,2026-07-22,0,2,0.73,2026-07-21T12:00:00
FC-011594,SEC-004,2026-07-22,1,2,0.82,2026-07-21T12:00:00
FC-011595,SEC-004,2026-07-22,2,2,0.87,2026-07-21T12:00:00
FC-011596,SEC-004,2026-07-22,3,0,0.83,2026-07-21T12:00:00
FC-011597,SEC-004,2026-07-22,4,5,0.85,2026-07-21T12:00:00
FC-011598,SEC-004,2026-07-22,5,0,0.76,2026-07-21T12:00:00
FC-011599,SEC-004,2026-07-22,6,0,0.72,2026-07-21T12:00:00
FC-011600,SEC-004,2026-07-22,7,4,0.83,2026-07-21T12:00:00
FC-011601,SEC-004,2026-07-22,8,0,0.78,2026-07-21T12:00:00
FC-011602,SEC-004,2026-07-22,9,1,0.82,2026-07-21T12:00:00
FC-011603,SEC-004,2026-07-22,10,0,0.91,2026-07-21T12:00:00
FC-011604,SEC-004,2026-07-22,11,1,0.93,2026-07-21T12:00:00
FC-011605,SEC-004,2026-07-22,12,0,0.75,2026-07-21T12:00:00
FC-011606,SEC-004,2026-07-22,13,2,0.71,2026-07-21T12:00:00
FC-011607,SEC-004,2026-07-22,14,0,0.79,2026-07-21T12:00:00
FC-011608,SEC-004,2026-07-22,15,0,0.84,2026-07-21T12:00:00
FC-011609,SEC-004,2026-07-22,16,0,0.93,2026-07-21T12:00:00
FC-011610,SEC-004,2026-07-22,17,0,0.95,2026-07-21T12:00:00
FC-011611,SEC-004,2026-07-22,18,0,0.8,2026-07-21T12:00:00
FC-011612,SEC-004,2026-07-22,19,0,0.81,2026-07-21T12:00:00
FC-011613,SEC-004,2026-07-22,20,0,0.7,2026-07-21T12:00:00
FC-011614,SEC-004,2026-07-22,21,0,0.75,2026-07-21T12:00:00
FC-011615,SEC-004,2026-07-22,22,3,0.82,2026-07-21T12:00:00
FC-011616,SEC-004,2026-07-22,23,4,0.86,2026-07-21T12:00:00
FC-011617,SEC-005,2026-07-22,0,1,0.75,2026-07-21T12:00:00
FC-011618,SEC-005,2026-07-22,1,1,0.84,2026-07-21T12:00:00
FC-011619,SEC-005,2026-07-22,2,2,0.8,2026-07-21T12:00:00
FC-011620,SEC-005,2026-07-22,3,0,0.82,2026-07-21T12:00:00
FC-011621,SEC-005,2026-07-22,4,1,0.74,2026-07-21T12:00:00
FC-011622,SEC-005,2026-07-22,5,3,0.91,2026-07-21T12:00:00
FC-011623,SEC-005,2026-07-22,6,1,0.75,2026-07-21T12:00:00
FC-011624,SEC-005,2026-07-22,7,0,0.81,2026-07-21T12:00:00
FC-011625,SEC-005,2026-07-22,8,0,0.73,2026-07-21T12:00:00
FC-011626,SEC-005,2026-07-22,9,0,0.93,2026-07-21T12:00:00
FC-011627,SEC-005,2026-07-22,10,1,0.93,2026-07-21T12:00:00
FC-011628,SEC-005,2026-07-22,11,0,0.84,2026-07-21T12:00:00
FC-011629,SEC-005,2026-07-22,12,0,0.87,2026-07-21T12:00:00
FC-011630,SEC-005,2026-07-22,13,0,0.89,2026-07-21T12:00:00
FC-011631,SEC-005,2026-07-22,14,1,0.91,2026-07-21T12:00:00
FC-011632,SEC-005,2026-07-22,15,2,0.72,2026-07-21T12:00:00
FC-011633,SEC-005,2026-07-22,16,0,0.75,2026-07-21T12:00:00
FC-011634,SEC-005,2026-07-22,17,1,0.78,2026-07-21T12:00:00
FC-011635,SEC-005,2026-07-22,18,2,0.83,2026-07-21T12:00:00
FC-011636,SEC-005,2026-07-22,19,0,0.94,2026-07-21T12:00:00
FC-011637,SEC-005,2026-07-22,20,0,0.75,2026-07-21T12:00:00
FC-011638,SEC-005,2026-07-22,21,0,0.85,2026-07-21T12:00:00
FC-011639,SEC-005,2026-07-22,22,3,0.94,2026-07-21T12:00:00
FC-011640,SEC-005,2026-07-22,23,2,0.85,2026-07-21T12:00:00
FC-011641,SEC-006,2026-07-22,0,0,0.82,2026-07-21T12:00:00
FC-011642,SEC-006,2026-07-22,1,5,0.71,2026-07-21T12:00:00
FC-011643,SEC-006,2026-07-22,2,4,0.84,2026-07-21T12:00:00
FC-011644,SEC-006,2026-07-22,3,2,0.78,2026-07-21T12:00:00
FC-011645,SEC-006,2026-07-22,4,2,0.81,2026-07-21T12:00:00
FC-011646,SEC-006,2026-07-22,5,1,0.79,2026-07-21T12:00:00
FC-011647,SEC-006,2026-07-22,6,0,0.86,2026-07-21T12:00:00
FC-011648,SEC-006,2026-07-22,7,1,0.87,2026-07-21T12:00:00
FC-011649,SEC-006,2026-07-22,8,0,0.8,2026-07-21T12:00:00
FC-011650,SEC-006,2026-07-22,9,1,0.78,2026-07-21T12:00:00
FC-011651,SEC-006,2026-07-22,10,0,0.77,2026-07-21T12:00:00
FC-011652,SEC-006,2026-07-22,11,0,0.91,2026-07-21T12:00:00
FC-011653,SEC-006,2026-07-22,12,0,0.9,2026-07-21T12:00:00
FC-011654,SEC-006,2026-07-22,13,0,0.81,2026-07-21T12:00:00
FC-011655,SEC-006,2026-07-22,14,0,0.86,2026-07-21T12:00:00
FC-011656,SEC-006,2026-07-22,15,0,0.78,2026-07-21T12:00:00
FC-011657,SEC-006,2026-07-22,16,0,0.88,2026-07-21T12:00:00
FC-011658,SEC-006,2026-07-22,17,0,0.77,2026-07-21T12:00:00
FC-011659,SEC-006,2026-07-22,18,0,0.83,2026-07-21T12:00:00
FC-011660,SEC-006,2026-07-22,19,0,0.76,2026-07-21T12:00:00
FC-011661,SEC-006,2026-07-22,20,0,0.83,2026-07-21T12:00:00
FC-011662,SEC-006,2026-07-22,21,1,0.88,2026-07-21T12:00:00
FC-011663,SEC-006,2026-07-22,22,4,0.84,2026-07-21T12:00:00
FC-011664,SEC-006,2026-07-22,23,2,0.91,2026-07-21T12:00:00
FC-011665,SEC-001,2026-07-23,0,1,0.93,2026-07-22T12:00:00
FC-011666,SEC-001,2026-07-23,1,1,0.83,2026-07-22T12:00:00
FC-011667,SEC-001,2026-07-23,2,2,0.88,2026-07-22T12:00:00
FC-011668,SEC-001,2026-07-23,3,2,0.72,2026-07-22T12:00:00
FC-011669,SEC-001,2026-07-23,4,1,0.89,2026-07-22T12:00:00
FC-011670,SEC-001,2026-07-23,5,1,0.74,2026-07-22T12:00:00
FC-011671,SEC-001,2026-07-23,6,1,0.81,2026-07-22T12:00:00
FC-011672,SEC-001,2026-07-23,7,0,0.8,2026-07-22T12:00:00
FC-011673,SEC-001,2026-07-23,8,0,0.77,2026-07-22T12:00:00
FC-011674,SEC-001,2026-07-23,9,0,0.83,2026-07-22T12:00:00
FC-011675,SEC-001,2026-07-23,10,1,0.92,2026-07-22T12:00:00
FC-011676,SEC-001,2026-07-23,11,1,0.82,2026-07-22T12:00:00
FC-011677,SEC-001,2026-07-23,12,0,0.79,2026-07-22T12:00:00
FC-011678,SEC-001,2026-07-23,13,1,0.91,2026-07-22T12:00:00
FC-011679,SEC-001,2026-07-23,14,2,0.94,2026-07-22T12:00:00
FC-011680,SEC-001,2026-07-23,15,0,0.9,2026-07-22T12:00:00
FC-011681,SEC-001,2026-07-23,16,0,0.91,2026-07-22T12:00:00
FC-011682,SEC-001,2026-07-23,17,0,0.76,2026-07-22T12:00:00
FC-011683,SEC-001,2026-07-23,18,0,0.94,2026-07-22T12:00:00
FC-011684,SEC-001,2026-07-23,19,1,0.86,2026-07-22T12:00:00
FC-011685,SEC-001,2026-07-23,20,0,0.89,2026-07-22T12:00:00
FC-011686,SEC-001,2026-07-23,21,1,0.94,2026-07-22T12:00:00
FC-011687,SEC-001,2026-07-23,22,2,0.78,2026-07-22T12:00:00
FC-011688,SEC-001,2026-07-23,23,5,0.93,2026-07-22T12:00:00
FC-011689,SEC-002,2026-07-23,0,4,0.71,2026-07-22T12:00:00
FC-011690,SEC-002,2026-07-23,1,2,0.71,2026-07-22T12:00:00
FC-011691,SEC-002,2026-07-23,2,1,0.92,2026-07-22T12:00:00
FC-011692,SEC-002,2026-07-23,3,4,0.71,2026-07-22T12:00:00
FC-011693,SEC-002,2026-07-23,4,1,0.84,2026-07-22T12:00:00
FC-011694,SEC-002,2026-07-23,5,0,0.9,2026-07-22T12:00:00
FC-011695,SEC-002,2026-07-23,6,0,0.93,2026-07-22T12:00:00
FC-011696,SEC-002,2026-07-23,7,1,0.94,2026-07-22T12:00:00
FC-011697,SEC-002,2026-07-23,8,1,0.82,2026-07-22T12:00:00
FC-011698,SEC-002,2026-07-23,9,0,0.8,2026-07-22T12:00:00
FC-011699,SEC-002,2026-07-23,10,0,0.87,2026-07-22T12:00:00
FC-011700,SEC-002,2026-07-23,11,1,0.82,2026-07-22T12:00:00
FC-011701,SEC-002,2026-07-23,12,1,0.83,2026-07-22T12:00:00
FC-011702,SEC-002,2026-07-23,13,1,0.71,2026-07-22T12:00:00
FC-011703,SEC-002,2026-07-23,14,0,0.75,2026-07-22T12:00:00
FC-011704,SEC-002,2026-07-23,15,1,0.92,2026-07-22T12:00:00
FC-011705,SEC-002,2026-07-23,16,0,0.73,2026-07-22T12:00:00
FC-011706,SEC-002,2026-07-23,17,0,0.9,2026-07-22T12:00:00
FC-011707,SEC-002,2026-07-23,18,1,0.91,2026-07-22T12:00:00
FC-011708,SEC-002,2026-07-23,19,0,0.78,2026-07-22T12:00:00
FC-011709,SEC-002,2026-07-23,20,0,0.93,2026-07-22T12:00:00
FC-011710,SEC-002,2026-07-23,21,1,0.89,2026-07-22T12:00:00
FC-011711,SEC-002,2026-07-23,22,2,0.86,2026-07-22T12:00:00
FC-011712,SEC-002,2026-07-23,23,2,0.75,2026-07-22T12:00:00
FC-011713,SEC-003,2026-07-23,0,3,0.75,2026-07-22T12:00:00
FC-011714,SEC-003,2026-07-23,1,1,0.92,2026-07-22T12:00:00
FC-011715,SEC-003,2026-07-23,2,2,0.73,2026-07-22T12:00:00
FC-011716,SEC-003,2026-07-23,3,0,0.91,2026-07-22T12:00:00
FC-011717,SEC-003,2026-07-23,4,2,0.83,2026-07-22T12:00:00
FC-011718,SEC-003,2026-07-23,5,0,0.92,2026-07-22T12:00:00
FC-011719,SEC-003,2026-07-23,6,1,0.82,2026-07-22T12:00:00
FC-011720,SEC-003,2026-07-23,7,0,0.77,2026-07-22T12:00:00
FC-011721,SEC-003,2026-07-23,8,0,0.94,2026-07-22T12:00:00
FC-011722,SEC-003,2026-07-23,9,0,0.8,2026-07-22T12:00:00
FC-011723,SEC-003,2026-07-23,10,0,0.77,2026-07-22T12:00:00
FC-011724,SEC-003,2026-07-23,11,1,0.87,2026-07-22T12:00:00
FC-011725,SEC-003,2026-07-23,12,0,0.83,2026-07-22T12:00:00
FC-011726,SEC-003,2026-07-23,13,0,0.76,2026-07-22T12:00:00
FC-011727,SEC-003,2026-07-23,14,0,0.8,2026-07-22T12:00:00
FC-011728,SEC-003,2026-07-23,15,1,0.88,2026-07-22T12:00:00
FC-011729,SEC-003,2026-07-23,16,0,0.87,2026-07-22T12:00:00
FC-011730,SEC-003,2026-07-23,17,1,0.73,2026-07-22T12:00:00
FC-011731,SEC-003,2026-07-23,18,1,0.95,2026-07-22T12:00:00
FC-011732,SEC-003,2026-07-23,19,1,0.88,2026-07-22T12:00:00
FC-011733,SEC-003,2026-07-23,20,1,0.78,2026-07-22T12:00:00
FC-011734,SEC-003,2026-07-23,21,1,0.81,2026-07-22T12:00:00
FC-011735,SEC-003,2026-07-23,22,0,0.91,2026-07-22T12:00:00
FC-011736,SEC-003,2026-07-23,23,2,0.87,2026-07-22T12:00:00
FC-011737,SEC-004,2026-07-23,0,0,0.77,2026-07-22T12:00:00
FC-011738,SEC-004,2026-07-23,1,2,0.94,2026-07-22T12:00:00
FC-011739,SEC-004,2026-07-23,2,2,0.94,2026-07-22T12:00:00
FC-011740,SEC-004,2026-07-23,3,3,0.72,2026-07-22T12:00:00
FC-011741,SEC-004,2026-07-23,4,1,0.9,2026-07-22T12:00:00
FC-011742,SEC-004,2026-07-23,5,0,0.83,2026-07-22T12:00:00
FC-011743,SEC-004,2026-07-23,6,0,0.87,2026-07-22T12:00:00
FC-011744,SEC-004,2026-07-23,7,1,0.8,2026-07-22T12:00:00
FC-011745,SEC-004,2026-07-23,8,1,0.86,2026-07-22T12:00:00
FC-011746,SEC-004,2026-07-23,9,0,0.87,2026-07-22T12:00:00
FC-011747,SEC-004,2026-07-23,10,0,0.72,2026-07-22T12:00:00
FC-011748,SEC-004,2026-07-23,11,0,0.94,2026-07-22T12:00:00
FC-011749,SEC-004,2026-07-23,12,0,0.72,2026-07-22T12:00:00
FC-011750,SEC-004,2026-07-23,13,1,0.73,2026-07-22T12:00:00
FC-011751,SEC-004,2026-07-23,14,1,0.89,2026-07-22T12:00:00
FC-011752,SEC-004,2026-07-23,15,0,0.74,2026-07-22T12:00:00
FC-011753,SEC-004,2026-07-23,16,1,0.8,2026-07-22T12:00:00
FC-011754,SEC-004,2026-07-23,17,1,0.95,2026-07-22T12:00:00
FC-011755,SEC-004,2026-07-23,18,1,0.89,2026-07-22T12:00:00
FC-011756,SEC-004,2026-07-23,19,0,0.81,2026-07-22T12:00:00
FC-011757,SEC-004,2026-07-23,20,1,0.8,2026-07-22T12:00:00
FC-011758,SEC-004,2026-07-23,21,0,0.9,2026-07-22T12:00:00
FC-011759,SEC-004,2026-07-23,22,2,0.88,2026-07-22T12:00:00
FC-011760,SEC-004,2026-07-23,23,2,0.88,2026-07-22T12:00:00
FC-011761,SEC-005,2026-07-23,0,2,0.83,2026-07-22T12:00:00
FC-011762,SEC-005,2026-07-23,1,1,0.79,2026-07-22T12:00:00
FC-011763,SEC-005,2026-07-23,2,0,0.8,2026-07-22T12:00:00
FC-011764,SEC-005,2026-07-23,3,2,0.72,2026-07-22T12:00:00
FC-011765,SEC-005,2026-07-23,4,4,0.92,2026-07-22T12:00:00
FC-011766,SEC-005,2026-07-23,5,0,0.89,2026-07-22T12:00:00
FC-011767,SEC-005,2026-07-23,6,2,0.84,2026-07-22T12:00:00
FC-011768,SEC-005,2026-07-23,7,2,0.89,2026-07-22T12:00:00
FC-011769,SEC-005,2026-07-23,8,0,0.74,2026-07-22T12:00:00
FC-011770,SEC-005,2026-07-23,9,0,0.81,2026-07-22T12:00:00
FC-011771,SEC-005,2026-07-23,10,0,0.85,2026-07-22T12:00:00
FC-011772,SEC-005,2026-07-23,11,0,0.85,2026-07-22T12:00:00
FC-011773,SEC-005,2026-07-23,12,0,0.82,2026-07-22T12:00:00
FC-011774,SEC-005,2026-07-23,13,0,0.78,2026-07-22T12:00:00
FC-011775,SEC-005,2026-07-23,14,1,0.92,2026-07-22T12:00:00
FC-011776,SEC-005,2026-07-23,15,0,0.94,2026-07-22T12:00:00
FC-011777,SEC-005,2026-07-23,16,0,0.92,2026-07-22T12:00:00
FC-011778,SEC-005,2026-07-23,17,0,0.84,2026-07-22T12:00:00
FC-011779,SEC-005,2026-07-23,18,0,0.73,2026-07-22T12:00:00
FC-011780,SEC-005,2026-07-23,19,2,0.92,2026-07-22T12:00:00
FC-011781,SEC-005,2026-07-23,20,0,0.72,2026-07-22T12:00:00
FC-011782,SEC-005,2026-07-23,21,0,0.88,2026-07-22T12:00:00
FC-011783,SEC-005,2026-07-23,22,2,0.82,2026-07-22T12:00:00
FC-011784,SEC-005,2026-07-23,23,2,0.77,2026-07-22T12:00:00
FC-011785,SEC-006,2026-07-23,0,1,0.73,2026-07-22T12:00:00
FC-011786,SEC-006,2026-07-23,1,2,0.94,2026-07-22T12:00:00
FC-011787,SEC-006,2026-07-23,2,1,0.73,2026-07-22T12:00:00
FC-011788,SEC-006,2026-07-23,3,1,0.93,2026-07-22T12:00:00
FC-011789,SEC-006,2026-07-23,4,2,0.9,2026-07-22T12:00:00
FC-011790,SEC-006,2026-07-23,5,1,0.8,2026-07-22T12:00:00
FC-011791,SEC-006,2026-07-23,6,1,0.73,2026-07-22T12:00:00
FC-011792,SEC-006,2026-07-23,7,2,0.76,2026-07-22T12:00:00
FC-011793,SEC-006,2026-07-23,8,0,0.75,2026-07-22T12:00:00
FC-011794,SEC-006,2026-07-23,9,1,0.91,2026-07-22T12:00:00
FC-011795,SEC-006,2026-07-23,10,1,0.87,2026-07-22T12:00:00
FC-011796,SEC-006,2026-07-23,11,0,0.73,2026-07-22T12:00:00
FC-011797,SEC-006,2026-07-23,12,0,0.82,2026-07-22T12:00:00
FC-011798,SEC-006,2026-07-23,13,0,0.85,2026-07-22T12:00:00
FC-011799,SEC-006,2026-07-23,14,1,0.71,2026-07-22T12:00:00
FC-011800,SEC-006,2026-07-23,15,1,0.81,2026-07-22T12:00:00
FC-011801,SEC-006,2026-07-23,16,0,0.93,2026-07-22T12:00:00
FC-011802,SEC-006,2026-07-23,17,0,0.87,2026-07-22T12:00:00
FC-011803,SEC-006,2026-07-23,18,0,0.86,2026-07-22T12:00:00
FC-011804,SEC-006,2026-07-23,19,0,0.92,2026-07-22T12:00:00
FC-011805,SEC-006,2026-07-23,20,0,0.88,2026-07-22T12:00:00
FC-011806,SEC-006,2026-07-23,21,2,0.85,2026-07-22T12:00:00
FC-011807,SEC-006,2026-07-23,22,1,0.76,2026-07-22T12:00:00
FC-011808,SEC-006,2026-07-23,23,3,0.88,2026-07-22T12:00:00
FC-011809,SEC-001,2026-07-24,0,3,0.95,2026-07-23T12:00:00
FC-011810,SEC-001,2026-07-24,1,2,0.94,2026-07-23T12:00:00
FC-011811,SEC-001,2026-07-24,2,4,0.75,2026-07-23T12:00:00
FC-011812,SEC-001,2026-07-24,3,5,0.82,2026-07-23T12:00:00
FC-011813,SEC-001,2026-07-24,4,1,0.78,2026-07-23T12:00:00
FC-011814,SEC-001,2026-07-24,5,0,0.74,2026-07-23T12:00:00
FC-011815,SEC-001,2026-07-24,6,1,0.85,2026-07-23T12:00:00
FC-011816,SEC-001,2026-07-24,7,0,0.86,2026-07-23T12:00:00
FC-011817,SEC-001,2026-07-24,8,0,0.75,2026-07-23T12:00:00
FC-011818,SEC-001,2026-07-24,9,0,0.85,2026-07-23T12:00:00
FC-011819,SEC-001,2026-07-24,10,0,0.74,2026-07-23T12:00:00
FC-011820,SEC-001,2026-07-24,11,0,0.71,2026-07-23T12:00:00
FC-011821,SEC-001,2026-07-24,12,0,0.79,2026-07-23T12:00:00
FC-011822,SEC-001,2026-07-24,13,1,0.82,2026-07-23T12:00:00
FC-011823,SEC-001,2026-07-24,14,0,0.92,2026-07-23T12:00:00
FC-011824,SEC-001,2026-07-24,15,1,0.71,2026-07-23T12:00:00
FC-011825,SEC-001,2026-07-24,16,3,0.84,2026-07-23T12:00:00
FC-011826,SEC-001,2026-07-24,17,0,0.85,2026-07-23T12:00:00
FC-011827,SEC-001,2026-07-24,18,0,0.73,2026-07-23T12:00:00
FC-011828,SEC-001,2026-07-24,19,0,0.86,2026-07-23T12:00:00
FC-011829,SEC-001,2026-07-24,20,0,0.8,2026-07-23T12:00:00
FC-011830,SEC-001,2026-07-24,21,0,0.9,2026-07-23T12:00:00
FC-011831,SEC-001,2026-07-24,22,1,0.7,2026-07-23T12:00:00
FC-011832,SEC-001,2026-07-24,23,2,0.94,2026-07-23T12:00:00
FC-011833,SEC-002,2026-07-24,0,2,0.71,2026-07-23T12:00:00
FC-011834,SEC-002,2026-07-24,1,1,0.83,2026-07-23T12:00:00
FC-011835,SEC-002,2026-07-24,2,2,0.89,2026-07-23T12:00:00
FC-011836,SEC-002,2026-07-24,3,0,0.86,2026-07-23T12:00:00
FC-011837,SEC-002,2026-07-24,4,2,0.72,2026-07-23T12:00:00
FC-011838,SEC-002,2026-07-24,5,2,0.86,2026-07-23T12:00:00
FC-011839,SEC-002,2026-07-24,6,1,0.9,2026-07-23T12:00:00
FC-011840,SEC-002,2026-07-24,7,0,0.74,2026-07-23T12:00:00
FC-011841,SEC-002,2026-07-24,8,0,0.85,2026-07-23T12:00:00
FC-011842,SEC-002,2026-07-24,9,0,0.89,2026-07-23T12:00:00
FC-011843,SEC-002,2026-07-24,10,3,0.8,2026-07-23T12:00:00
FC-011844,SEC-002,2026-07-24,11,1,0.74,2026-07-23T12:00:00
FC-011845,SEC-002,2026-07-24,12,0,0.93,2026-07-23T12:00:00
FC-011846,SEC-002,2026-07-24,13,1,0.86,2026-07-23T12:00:00
FC-011847,SEC-002,2026-07-24,14,0,0.82,2026-07-23T12:00:00
FC-011848,SEC-002,2026-07-24,15,0,0.92,2026-07-23T12:00:00
FC-011849,SEC-002,2026-07-24,16,0,0.87,2026-07-23T12:00:00
FC-011850,SEC-002,2026-07-24,17,0,0.73,2026-07-23T12:00:00
FC-011851,SEC-002,2026-07-24,18,1,0.87,2026-07-23T12:00:00
FC-011852,SEC-002,2026-07-24,19,0,0.75,2026-07-23T12:00:00
FC-011853,SEC-002,2026-07-24,20,0,0.9,2026-07-23T12:00:00
FC-011854,SEC-002,2026-07-24,21,1,0.73,2026-07-23T12:00:00
FC-011855,SEC-002,2026-07-24,22,0,0.81,2026-07-23T12:00:00
FC-011856,SEC-002,2026-07-24,23,1,0.71,2026-07-23T12:00:00
FC-011857,SEC-003,2026-07-24,0,3,0.75,2026-07-23T12:00:00
FC-011858,SEC-003,2026-07-24,1,4,0.83,2026-07-23T12:00:00
FC-011859,SEC-003,2026-07-24,2,1,0.85,2026-07-23T12:00:00
FC-011860,SEC-003,2026-07-24,3,0,0.75,2026-07-23T12:00:00
FC-011861,SEC-003,2026-07-24,4,1,0.89,2026-07-23T12:00:00
FC-011862,SEC-003,2026-07-24,5,0,0.79,2026-07-23T12:00:00
FC-011863,SEC-003,2026-07-24,6,0,0.76,2026-07-23T12:00:00
FC-011864,SEC-003,2026-07-24,7,0,0.87,2026-07-23T12:00:00
FC-011865,SEC-003,2026-07-24,8,1,0.95,2026-07-23T12:00:00
FC-011866,SEC-003,2026-07-24,9,0,0.77,2026-07-23T12:00:00
FC-011867,SEC-003,2026-07-24,10,0,0.71,2026-07-23T12:00:00
FC-011868,SEC-003,2026-07-24,11,0,0.74,2026-07-23T12:00:00
FC-011869,SEC-003,2026-07-24,12,1,0.72,2026-07-23T12:00:00
FC-011870,SEC-003,2026-07-24,13,0,0.75,2026-07-23T12:00:00
FC-011871,SEC-003,2026-07-24,14,0,0.71,2026-07-23T12:00:00
FC-011872,SEC-003,2026-07-24,15,0,0.83,2026-07-23T12:00:00
FC-011873,SEC-003,2026-07-24,16,2,0.7,2026-07-23T12:00:00
FC-011874,SEC-003,2026-07-24,17,0,0.77,2026-07-23T12:00:00
FC-011875,SEC-003,2026-07-24,18,0,0.74,2026-07-23T12:00:00
FC-011876,SEC-003,2026-07-24,19,2,0.91,2026-07-23T12:00:00
FC-011877,SEC-003,2026-07-24,20,1,0.72,2026-07-23T12:00:00
FC-011878,SEC-003,2026-07-24,21,0,0.92,2026-07-23T12:00:00
FC-011879,SEC-003,2026-07-24,22,3,0.84,2026-07-23T12:00:00
FC-011880,SEC-003,2026-07-24,23,2,0.73,2026-07-23T12:00:00
FC-011881,SEC-004,2026-07-24,0,1,0.91,2026-07-23T12:00:00
FC-011882,SEC-004,2026-07-24,1,1,0.93,2026-07-23T12:00:00
FC-011883,SEC-004,2026-07-24,2,2,0.85,2026-07-23T12:00:00
FC-011884,SEC-004,2026-07-24,3,0,0.76,2026-07-23T12:00:00
FC-011885,SEC-004,2026-07-24,4,2,0.75,2026-07-23T12:00:00
FC-011886,SEC-004,2026-07-24,5,0,0.93,2026-07-23T12:00:00
FC-011887,SEC-004,2026-07-24,6,1,0.76,2026-07-23T12:00:00
FC-011888,SEC-004,2026-07-24,7,0,0.87,2026-07-23T12:00:00
FC-011889,SEC-004,2026-07-24,8,0,0.89,2026-07-23T12:00:00
FC-011890,SEC-004,2026-07-24,9,0,0.75,2026-07-23T12:00:00
FC-011891,SEC-004,2026-07-24,10,1,0.87,2026-07-23T12:00:00
FC-011892,SEC-004,2026-07-24,11,1,0.89,2026-07-23T12:00:00
FC-011893,SEC-004,2026-07-24,12,2,0.87,2026-07-23T12:00:00
FC-011894,SEC-004,2026-07-24,13,0,0.83,2026-07-23T12:00:00
FC-011895,SEC-004,2026-07-24,14,0,0.93,2026-07-23T12:00:00
FC-011896,SEC-004,2026-07-24,15,0,0.74,2026-07-23T12:00:00
FC-011897,SEC-004,2026-07-24,16,1,0.73,2026-07-23T12:00:00
FC-011898,SEC-004,2026-07-24,17,1,0.77,2026-07-23T12:00:00
FC-011899,SEC-004,2026-07-24,18,0,0.74,2026-07-23T12:00:00
FC-011900,SEC-004,2026-07-24,19,0,0.8,2026-07-23T12:00:00
FC-011901,SEC-004,2026-07-24,20,1,0.86,2026-07-23T12:00:00
FC-011902,SEC-004,2026-07-24,21,1,0.78,2026-07-23T12:00:00
FC-011903,SEC-004,2026-07-24,22,1,0.91,2026-07-23T12:00:00
FC-011904,SEC-004,2026-07-24,23,0,0.82,2026-07-23T12:00:00
FC-011905,SEC-005,2026-07-24,0,1,0.74,2026-07-23T12:00:00
FC-011906,SEC-005,2026-07-24,1,1,0.87,2026-07-23T12:00:00
FC-011907,SEC-005,2026-07-24,2,4,0.92,2026-07-23T12:00:00
FC-011908,SEC-005,2026-07-24,3,3,0.8,2026-07-23T12:00:00
FC-011909,SEC-005,2026-07-24,4,2,0.92,2026-07-23T12:00:00
FC-011910,SEC-005,2026-07-24,5,0,0.71,2026-07-23T12:00:00
FC-011911,SEC-005,2026-07-24,6,0,0.73,2026-07-23T12:00:00
FC-011912,SEC-005,2026-07-24,7,0,0.77,2026-07-23T12:00:00
FC-011913,SEC-005,2026-07-24,8,0,0.72,2026-07-23T12:00:00
FC-011914,SEC-005,2026-07-24,9,1,0.71,2026-07-23T12:00:00
FC-011915,SEC-005,2026-07-24,10,0,0.86,2026-07-23T12:00:00
FC-011916,SEC-005,2026-07-24,11,0,0.73,2026-07-23T12:00:00
FC-011917,SEC-005,2026-07-24,12,0,0.77,2026-07-23T12:00:00
FC-011918,SEC-005,2026-07-24,13,1,0.72,2026-07-23T12:00:00
FC-011919,SEC-005,2026-07-24,14,1,0.71,2026-07-23T12:00:00
FC-011920,SEC-005,2026-07-24,15,0,0.95,2026-07-23T12:00:00
FC-011921,SEC-005,2026-07-24,16,2,0.94,2026-07-23T12:00:00
FC-011922,SEC-005,2026-07-24,17,0,0.78,2026-07-23T12:00:00
FC-011923,SEC-005,2026-07-24,18,0,0.94,2026-07-23T12:00:00
FC-011924,SEC-005,2026-07-24,19,0,0.75,2026-07-23T12:00:00
FC-011925,SEC-005,2026-07-24,20,0,0.71,2026-07-23T12:00:00
FC-011926,SEC-005,2026-07-24,21,0,0.84,2026-07-23T12:00:00
FC-011927,SEC-005,2026-07-24,22,2,0.89,2026-07-23T12:00:00
FC-011928,SEC-005,2026-07-24,23,2,0.87,2026-07-23T12:00:00
FC-011929,SEC-006,2026-07-24,0,0,0.9,2026-07-23T12:00:00
FC-011930,SEC-006,2026-07-24,1,1,0.76,2026-07-23T12:00:00
FC-011931,SEC-006,2026-07-24,2,3,0.73,2026-07-23T12:00:00
FC-011932,SEC-006,2026-07-24,3,3,0.72,2026-07-23T12:00:00
FC-011933,SEC-006,2026-07-24,4,2,0.85,2026-07-23T12:00:00
FC-011934,SEC-006,2026-07-24,5,0,0.9,2026-07-23T12:00:00
FC-011935,SEC-006,2026-07-24,6,0,0.78,2026-07-23T12:00:00
FC-011936,SEC-006,2026-07-24,7,1,0.9,2026-07-23T12:00:00
FC-011937,SEC-006,2026-07-24,8,0,0.7,2026-07-23T12:00:00
FC-011938,SEC-006,2026-07-24,9,0,0.74,2026-07-23T12:00:00
FC-011939,SEC-006,2026-07-24,10,2,0.89,2026-07-23T12:00:00
FC-011940,SEC-006,2026-07-24,11,0,0.87,2026-07-23T12:00:00
FC-011941,SEC-006,2026-07-24,12,0,0.85,2026-07-23T12:00:00
FC-011942,SEC-006,2026-07-24,13,0,0.83,2026-07-23T12:00:00
FC-011943,SEC-006,2026-07-24,14,0,0.76,2026-07-23T12:00:00
FC-011944,SEC-006,2026-07-24,15,2,0.94,2026-07-23T12:00:00
FC-011945,SEC-006,2026-07-24,16,0,0.86,2026-07-23T12:00:00
FC-011946,SEC-006,2026-07-24,17,2,0.74,2026-07-23T12:00:00
FC-011947,SEC-006,2026-07-24,18,0,0.88,2026-07-23T12:00:00
FC-011948,SEC-006,2026-07-24,19,0,0.76,2026-07-23T12:00:00
FC-011949,SEC-006,2026-07-24,20,0,0.8,2026-07-23T12:00:00
FC-011950,SEC-006,2026-07-24,21,1,0.81,2026-07-23T12:00:00
FC-011951,SEC-006,2026-07-24,22,6,0.91,2026-07-23T12:00:00
FC-011952,SEC-006,2026-07-24,23,0,0.85,2026-07-23T12:00:00
FC-011953,SEC-001,2026-07-25,0,2,0.84,2026-07-24T12:00:00
FC-011954,SEC-001,2026-07-25,1,1,0.79,2026-07-24T12:00:00
FC-011955,SEC-001,2026-07-25,2,3,0.92,2026-07-24T12:00:00
FC-011956,SEC-001,2026-07-25,3,0,0.95,2026-07-24T12:00:00
FC-011957,SEC-001,2026-07-25,4,1,0.79,2026-07-24T12:00:00
FC-011958,SEC-001,2026-07-25,5,1,0.89,2026-07-24T12:00:00
FC-011959,SEC-001,2026-07-25,6,0,0.82,2026-07-24T12:00:00
FC-011960,SEC-001,2026-07-25,7,0,0.73,2026-07-24T12:00:00
FC-011961,SEC-001,2026-07-25,8,1,0.9,2026-07-24T12:00:00
FC-011962,SEC-001,2026-07-25,9,0,0.78,2026-07-24T12:00:00
FC-011963,SEC-001,2026-07-25,10,0,0.83,2026-07-24T12:00:00
FC-011964,SEC-001,2026-07-25,11,0,0.72,2026-07-24T12:00:00
FC-011965,SEC-001,2026-07-25,12,0,0.74,2026-07-24T12:00:00
FC-011966,SEC-001,2026-07-25,13,0,0.79,2026-07-24T12:00:00
FC-011967,SEC-001,2026-07-25,14,0,0.93,2026-07-24T12:00:00
FC-011968,SEC-001,2026-07-25,15,2,0.93,2026-07-24T12:00:00
FC-011969,SEC-001,2026-07-25,16,0,0.95,2026-07-24T12:00:00
FC-011970,SEC-001,2026-07-25,17,0,0.77,2026-07-24T12:00:00
FC-011971,SEC-001,2026-07-25,18,0,0.84,2026-07-24T12:00:00
FC-011972,SEC-001,2026-07-25,19,1,0.76,2026-07-24T12:00:00
FC-011973,SEC-001,2026-07-25,20,0,0.7,2026-07-24T12:00:00
FC-011974,SEC-001,2026-07-25,21,1,0.89,2026-07-24T12:00:00
FC-011975,SEC-001,2026-07-25,22,0,0.82,2026-07-24T12:00:00
FC-011976,SEC-001,2026-07-25,23,3,0.75,2026-07-24T12:00:00
FC-011977,SEC-002,2026-07-25,0,0,0.89,2026-07-24T12:00:00
FC-011978,SEC-002,2026-07-25,1,0,0.8,2026-07-24T12:00:00
FC-011979,SEC-002,2026-07-25,2,1,0.92,2026-07-24T12:00:00
FC-011980,SEC-002,2026-07-25,3,2,0.83,2026-07-24T12:00:00
FC-011981,SEC-002,2026-07-25,4,1,0.71,2026-07-24T12:00:00
FC-011982,SEC-002,2026-07-25,5,1,0.89,2026-07-24T12:00:00
FC-011983,SEC-002,2026-07-25,6,0,0.89,2026-07-24T12:00:00
FC-011984,SEC-002,2026-07-25,7,0,0.72,2026-07-24T12:00:00
FC-011985,SEC-002,2026-07-25,8,0,0.88,2026-07-24T12:00:00
FC-011986,SEC-002,2026-07-25,9,1,0.75,2026-07-24T12:00:00
FC-011987,SEC-002,2026-07-25,10,0,0.92,2026-07-24T12:00:00
FC-011988,SEC-002,2026-07-25,11,1,0.87,2026-07-24T12:00:00
FC-011989,SEC-002,2026-07-25,12,0,0.8,2026-07-24T12:00:00
FC-011990,SEC-002,2026-07-25,13,0,0.71,2026-07-24T12:00:00
FC-011991,SEC-002,2026-07-25,14,0,0.87,2026-07-24T12:00:00
FC-011992,SEC-002,2026-07-25,15,0,0.86,2026-07-24T12:00:00
FC-011993,SEC-002,2026-07-25,16,0,0.81,2026-07-24T12:00:00
FC-011994,SEC-002,2026-07-25,17,1,0.73,2026-07-24T12:00:00
FC-011995,SEC-002,2026-07-25,18,2,0.88,2026-07-24T12:00:00
FC-011996,SEC-002,2026-07-25,19,0,0.73,2026-07-24T12:00:00
FC-011997,SEC-002,2026-07-25,20,0,0.84,2026-07-24T12:00:00
FC-011998,SEC-002,2026-07-25,21,0,0.93,2026-07-24T12:00:00
FC-011999,SEC-002,2026-07-25,22,2,0.82,2026-07-24T12:00:00
FC-012000,SEC-002,2026-07-25,23,0,0.94,2026-07-24T12:00:00
FC-012001,SEC-003,2026-07-25,0,1,0.92,2026-07-24T12:00:00
FC-012002,SEC-003,2026-07-25,1,0,0.85,2026-07-24T12:00:00
FC-012003,SEC-003,2026-07-25,2,1,0.81,2026-07-24T12:00:00
FC-012004,SEC-003,2026-07-25,3,2,0.71,2026-07-24T12:00:00
FC-012005,SEC-003,2026-07-25,4,1,0.77,2026-07-24T12:00:00
FC-012006,SEC-003,2026-07-25,5,1,0.9,2026-07-24T12:00:00
FC-012007,SEC-003,2026-07-25,6,3,0.73,2026-07-24T12:00:00
FC-012008,SEC-003,2026-07-25,7,0,0.9,2026-07-24T12:00:00
FC-012009,SEC-003,2026-07-25,8,1,0.88,2026-07-24T12:00:00
FC-012010,SEC-003,2026-07-25,9,0,0.94,2026-07-24T12:00:00
FC-012011,SEC-003,2026-07-25,10,0,0.87,2026-07-24T12:00:00
FC-012012,SEC-003,2026-07-25,11,0,0.78,2026-07-24T12:00:00
FC-012013,SEC-003,2026-07-25,12,1,0.76,2026-07-24T12:00:00
FC-012014,SEC-003,2026-07-25,13,0,0.79,2026-07-24T12:00:00
FC-012015,SEC-003,2026-07-25,14,0,0.78,2026-07-24T12:00:00
FC-012016,SEC-003,2026-07-25,15,0,0.71,2026-07-24T12:00:00
FC-012017,SEC-003,2026-07-25,16,0,0.79,2026-07-24T12:00:00
FC-012018,SEC-003,2026-07-25,17,1,0.77,2026-07-24T12:00:00
FC-012019,SEC-003,2026-07-25,18,0,0.92,2026-07-24T12:00:00
FC-012020,SEC-003,2026-07-25,19,0,0.72,2026-07-24T12:00:00
FC-012021,SEC-003,2026-07-25,20,0,0.81,2026-07-24T12:00:00
FC-012022,SEC-003,2026-07-25,21,0,0.78,2026-07-24T12:00:00
FC-012023,SEC-003,2026-07-25,22,2,0.8,2026-07-24T12:00:00
FC-012024,SEC-003,2026-07-25,23,2,0.83,2026-07-24T12:00:00
FC-012025,SEC-004,2026-07-25,0,0,0.87,2026-07-24T12:00:00
FC-012026,SEC-004,2026-07-25,1,0,0.76,2026-07-24T12:00:00
FC-012027,SEC-004,2026-07-25,2,0,0.74,2026-07-24T12:00:00
FC-012028,SEC-004,2026-07-25,3,1,0.88,2026-07-24T12:00:00
FC-012029,SEC-004,2026-07-25,4,1,0.89,2026-07-24T12:00:00
FC-012030,SEC-004,2026-07-25,5,0,0.85,2026-07-24T12:00:00
FC-012031,SEC-004,2026-07-25,6,1,0.76,2026-07-24T12:00:00
FC-012032,SEC-004,2026-07-25,7,0,0.9,2026-07-24T12:00:00
FC-012033,SEC-004,2026-07-25,8,0,0.93,2026-07-24T12:00:00
FC-012034,SEC-004,2026-07-25,9,0,0.73,2026-07-24T12:00:00
FC-012035,SEC-004,2026-07-25,10,0,0.93,2026-07-24T12:00:00
FC-012036,SEC-004,2026-07-25,11,0,0.85,2026-07-24T12:00:00
FC-012037,SEC-004,2026-07-25,12,0,0.81,2026-07-24T12:00:00
FC-012038,SEC-004,2026-07-25,13,1,0.85,2026-07-24T12:00:00
FC-012039,SEC-004,2026-07-25,14,0,0.75,2026-07-24T12:00:00
FC-012040,SEC-004,2026-07-25,15,1,0.94,2026-07-24T12:00:00
FC-012041,SEC-004,2026-07-25,16,1,0.86,2026-07-24T12:00:00
FC-012042,SEC-004,2026-07-25,17,0,0.8,2026-07-24T12:00:00
FC-012043,SEC-004,2026-07-25,18,0,0.76,2026-07-24T12:00:00
FC-012044,SEC-004,2026-07-25,19,2,0.71,2026-07-24T12:00:00
FC-012045,SEC-004,2026-07-25,20,0,0.74,2026-07-24T12:00:00
FC-012046,SEC-004,2026-07-25,21,0,0.74,2026-07-24T12:00:00
FC-012047,SEC-004,2026-07-25,22,2,0.9,2026-07-24T12:00:00
FC-012048,SEC-004,2026-07-25,23,3,0.83,2026-07-24T12:00:00
FC-012049,SEC-005,2026-07-25,0,0,0.76,2026-07-24T12:00:00
FC-012050,SEC-005,2026-07-25,1,4,0.73,2026-07-24T12:00:00
FC-012051,SEC-005,2026-07-25,2,0,0.93,2026-07-24T12:00:00
FC-012052,SEC-005,2026-07-25,3,0,0.74,2026-07-24T12:00:00
FC-012053,SEC-005,2026-07-25,4,4,0.81,2026-07-24T12:00:00
FC-012054,SEC-005,2026-07-25,5,2,0.75,2026-07-24T12:00:00
FC-012055,SEC-005,2026-07-25,6,0,0.73,2026-07-24T12:00:00
FC-012056,SEC-005,2026-07-25,7,0,0.72,2026-07-24T12:00:00
FC-012057,SEC-005,2026-07-25,8,1,0.83,2026-07-24T12:00:00
FC-012058,SEC-005,2026-07-25,9,0,0.85,2026-07-24T12:00:00
FC-012059,SEC-005,2026-07-25,10,0,0.81,2026-07-24T12:00:00
FC-012060,SEC-005,2026-07-25,11,0,0.89,2026-07-24T12:00:00
FC-012061,SEC-005,2026-07-25,12,0,0.87,2026-07-24T12:00:00
FC-012062,SEC-005,2026-07-25,13,0,0.75,2026-07-24T12:00:00
FC-012063,SEC-005,2026-07-25,14,3,0.9,2026-07-24T12:00:00
FC-012064,SEC-005,2026-07-25,15,0,0.72,2026-07-24T12:00:00
FC-012065,SEC-005,2026-07-25,16,0,0.87,2026-07-24T12:00:00
FC-012066,SEC-005,2026-07-25,17,0,0.79,2026-07-24T12:00:00
FC-012067,SEC-005,2026-07-25,18,2,0.94,2026-07-24T12:00:00
FC-012068,SEC-005,2026-07-25,19,1,0.95,2026-07-24T12:00:00
FC-012069,SEC-005,2026-07-25,20,0,0.85,2026-07-24T12:00:00
FC-012070,SEC-005,2026-07-25,21,0,0.95,2026-07-24T12:00:00
FC-012071,SEC-005,2026-07-25,22,1,0.85,2026-07-24T12:00:00
FC-012072,SEC-005,2026-07-25,23,1,0.88,2026-07-24T12:00:00
FC-012073,SEC-006,2026-07-25,0,4,0.89,2026-07-24T12:00:00
FC-012074,SEC-006,2026-07-25,1,1,0.92,2026-07-24T12:00:00
FC-012075,SEC-006,2026-07-25,2,3,0.76,2026-07-24T12:00:00
FC-012076,SEC-006,2026-07-25,3,1,0.72,2026-07-24T12:00:00
FC-012077,SEC-006,2026-07-25,4,2,0.73,2026-07-24T12:00:00
FC-012078,SEC-006,2026-07-25,5,0,0.8,2026-07-24T12:00:00
FC-012079,SEC-006,2026-07-25,6,0,0.81,2026-07-24T12:00:00
FC-012080,SEC-006,2026-07-25,7,0,0.74,2026-07-24T12:00:00
FC-012081,SEC-006,2026-07-25,8,0,0.83,2026-07-24T12:00:00
FC-012082,SEC-006,2026-07-25,9,0,0.94,2026-07-24T12:00:00
FC-012083,SEC-006,2026-07-25,10,1,0.89,2026-07-24T12:00:00
FC-012084,SEC-006,2026-07-25,11,1,0.83,2026-07-24T12:00:00
FC-012085,SEC-006,2026-07-25,12,1,0.86,2026-07-24T12:00:00
FC-012086,SEC-006,2026-07-25,13,0,0.83,2026-07-24T12:00:00
FC-012087,SEC-006,2026-07-25,14,0,0.71,2026-07-24T12:00:00
FC-012088,SEC-006,2026-07-25,15,2,0.76,2026-07-24T12:00:00
FC-012089,SEC-006,2026-07-25,16,0,0.91,2026-07-24T12:00:00
FC-012090,SEC-006,2026-07-25,17,1,0.76,2026-07-24T12:00:00
FC-012091,SEC-006,2026-07-25,18,0,0.84,2026-07-24T12:00:00
FC-012092,SEC-006,2026-07-25,19,0,0.93,2026-07-24T12:00:00
FC-012093,SEC-006,2026-07-25,20,0,0.9,2026-07-24T12:00:00
FC-012094,SEC-006,2026-07-25,21,0,0.84,2026-07-24T12:00:00
FC-012095,SEC-006,2026-07-25,22,1,0.86,2026-07-24T12:00:00
FC-012096,SEC-006,2026-07-25,23,0,0.88,2026-07-24T12:00:00
FC-012097,SEC-001,2026-07-26,0,2,0.77,2026-07-25T12:00:00
FC-012098,SEC-001,2026-07-26,1,1,0.85,2026-07-25T12:00:00
FC-012099,SEC-001,2026-07-26,2,2,0.94,2026-07-25T12:00:00
FC-012100,SEC-001,2026-07-26,3,3,0.93,2026-07-25T12:00:00
FC-012101,SEC-001,2026-07-26,4,3,0.83,2026-07-25T12:00:00
FC-012102,SEC-001,2026-07-26,5,0,0.88,2026-07-25T12:00:00
FC-012103,SEC-001,2026-07-26,6,0,0.88,2026-07-25T12:00:00
FC-012104,SEC-001,2026-07-26,7,0,0.78,2026-07-25T12:00:00
FC-012105,SEC-001,2026-07-26,8,0,0.84,2026-07-25T12:00:00
FC-012106,SEC-001,2026-07-26,9,1,0.85,2026-07-25T12:00:00
FC-012107,SEC-001,2026-07-26,10,1,0.72,2026-07-25T12:00:00
FC-012108,SEC-001,2026-07-26,11,0,0.95,2026-07-25T12:00:00
FC-012109,SEC-001,2026-07-26,12,0,0.88,2026-07-25T12:00:00
FC-012110,SEC-001,2026-07-26,13,0,0.88,2026-07-25T12:00:00
FC-012111,SEC-001,2026-07-26,14,1,0.93,2026-07-25T12:00:00
FC-012112,SEC-001,2026-07-26,15,0,0.92,2026-07-25T12:00:00
FC-012113,SEC-001,2026-07-26,16,0,0.73,2026-07-25T12:00:00
FC-012114,SEC-001,2026-07-26,17,1,0.87,2026-07-25T12:00:00
FC-012115,SEC-001,2026-07-26,18,0,0.82,2026-07-25T12:00:00
FC-012116,SEC-001,2026-07-26,19,2,0.86,2026-07-25T12:00:00
FC-012117,SEC-001,2026-07-26,20,1,0.93,2026-07-25T12:00:00
FC-012118,SEC-001,2026-07-26,21,0,0.91,2026-07-25T12:00:00
FC-012119,SEC-001,2026-07-26,22,4,0.79,2026-07-25T12:00:00
FC-012120,SEC-001,2026-07-26,23,3,0.81,2026-07-25T12:00:00
FC-012121,SEC-002,2026-07-26,0,2,0.86,2026-07-25T12:00:00
FC-012122,SEC-002,2026-07-26,1,1,0.9,2026-07-25T12:00:00
FC-012123,SEC-002,2026-07-26,2,1,0.71,2026-07-25T12:00:00
FC-012124,SEC-002,2026-07-26,3,3,0.91,2026-07-25T12:00:00
FC-012125,SEC-002,2026-07-26,4,1,0.71,2026-07-25T12:00:00
FC-012126,SEC-002,2026-07-26,5,0,0.78,2026-07-25T12:00:00
FC-012127,SEC-002,2026-07-26,6,0,0.76,2026-07-25T12:00:00
FC-012128,SEC-002,2026-07-26,7,0,0.89,2026-07-25T12:00:00
FC-012129,SEC-002,2026-07-26,8,0,0.9,2026-07-25T12:00:00
FC-012130,SEC-002,2026-07-26,9,0,0.88,2026-07-25T12:00:00
FC-012131,SEC-002,2026-07-26,10,2,0.85,2026-07-25T12:00:00
FC-012132,SEC-002,2026-07-26,11,0,0.84,2026-07-25T12:00:00
FC-012133,SEC-002,2026-07-26,12,0,0.81,2026-07-25T12:00:00
FC-012134,SEC-002,2026-07-26,13,0,0.76,2026-07-25T12:00:00
FC-012135,SEC-002,2026-07-26,14,0,0.93,2026-07-25T12:00:00
FC-012136,SEC-002,2026-07-26,15,0,0.89,2026-07-25T12:00:00
FC-012137,SEC-002,2026-07-26,16,0,0.76,2026-07-25T12:00:00
FC-012138,SEC-002,2026-07-26,17,1,0.84,2026-07-25T12:00:00
FC-012139,SEC-002,2026-07-26,18,0,0.71,2026-07-25T12:00:00
FC-012140,SEC-002,2026-07-26,19,1,0.83,2026-07-25T12:00:00
FC-012141,SEC-002,2026-07-26,20,1,0.82,2026-07-25T12:00:00
FC-012142,SEC-002,2026-07-26,21,3,0.81,2026-07-25T12:00:00
FC-012143,SEC-002,2026-07-26,22,2,0.72,2026-07-25T12:00:00
FC-012144,SEC-002,2026-07-26,23,5,0.92,2026-07-25T12:00:00
FC-012145,SEC-003,2026-07-26,0,1,0.84,2026-07-25T12:00:00
FC-012146,SEC-003,2026-07-26,1,2,0.93,2026-07-25T12:00:00
FC-012147,SEC-003,2026-07-26,2,1,0.94,2026-07-25T12:00:00
FC-012148,SEC-003,2026-07-26,3,1,0.88,2026-07-25T12:00:00
FC-012149,SEC-003,2026-07-26,4,0,0.92,2026-07-25T12:00:00
FC-012150,SEC-003,2026-07-26,5,0,0.79,2026-07-25T12:00:00
FC-012151,SEC-003,2026-07-26,6,0,0.86,2026-07-25T12:00:00
FC-012152,SEC-003,2026-07-26,7,0,0.94,2026-07-25T12:00:00
FC-012153,SEC-003,2026-07-26,8,1,0.73,2026-07-25T12:00:00
FC-012154,SEC-003,2026-07-26,9,0,0.88,2026-07-25T12:00:00
FC-012155,SEC-003,2026-07-26,10,0,0.88,2026-07-25T12:00:00
FC-012156,SEC-003,2026-07-26,11,0,0.9,2026-07-25T12:00:00
FC-012157,SEC-003,2026-07-26,12,1,0.75,2026-07-25T12:00:00
FC-012158,SEC-003,2026-07-26,13,2,0.8,2026-07-25T12:00:00
FC-012159,SEC-003,2026-07-26,14,0,0.74,2026-07-25T12:00:00
FC-012160,SEC-003,2026-07-26,15,0,0.94,2026-07-25T12:00:00
FC-012161,SEC-003,2026-07-26,16,1,0.8,2026-07-25T12:00:00
FC-012162,SEC-003,2026-07-26,17,0,0.9,2026-07-25T12:00:00
FC-012163,SEC-003,2026-07-26,18,2,0.92,2026-07-25T12:00:00
FC-012164,SEC-003,2026-07-26,19,1,0.82,2026-07-25T12:00:00
FC-012165,SEC-003,2026-07-26,20,0,0.76,2026-07-25T12:00:00
FC-012166,SEC-003,2026-07-26,21,0,0.92,2026-07-25T12:00:00
FC-012167,SEC-003,2026-07-26,22,0,0.81,2026-07-25T12:00:00
FC-012168,SEC-003,2026-07-26,23,2,0.7,2026-07-25T12:00:00
FC-012169,SEC-004,2026-07-26,0,1,0.84,2026-07-25T12:00:00
FC-012170,SEC-004,2026-07-26,1,1,0.94,2026-07-25T12:00:00
FC-012171,SEC-004,2026-07-26,2,3,0.94,2026-07-25T12:00:00
FC-012172,SEC-004,2026-07-26,3,1,0.82,2026-07-25T12:00:00
FC-012173,SEC-004,2026-07-26,4,0,0.79,2026-07-25T12:00:00
FC-012174,SEC-004,2026-07-26,5,1,0.81,2026-07-25T12:00:00
FC-012175,SEC-004,2026-07-26,6,0,0.81,2026-07-25T12:00:00
FC-012176,SEC-004,2026-07-26,7,0,0.76,2026-07-25T12:00:00
FC-012177,SEC-004,2026-07-26,8,0,0.74,2026-07-25T12:00:00
FC-012178,SEC-004,2026-07-26,9,2,0.92,2026-07-25T12:00:00
FC-012179,SEC-004,2026-07-26,10,0,0.73,2026-07-25T12:00:00
FC-012180,SEC-004,2026-07-26,11,1,0.87,2026-07-25T12:00:00
FC-012181,SEC-004,2026-07-26,12,0,0.87,2026-07-25T12:00:00
FC-012182,SEC-004,2026-07-26,13,1,0.79,2026-07-25T12:00:00
FC-012183,SEC-004,2026-07-26,14,1,0.87,2026-07-25T12:00:00
FC-012184,SEC-004,2026-07-26,15,1,0.81,2026-07-25T12:00:00
FC-012185,SEC-004,2026-07-26,16,0,0.78,2026-07-25T12:00:00
FC-012186,SEC-004,2026-07-26,17,0,0.81,2026-07-25T12:00:00
FC-012187,SEC-004,2026-07-26,18,1,0.92,2026-07-25T12:00:00
FC-012188,SEC-004,2026-07-26,19,1,0.83,2026-07-25T12:00:00
FC-012189,SEC-004,2026-07-26,20,0,0.73,2026-07-25T12:00:00
FC-012190,SEC-004,2026-07-26,21,0,0.91,2026-07-25T12:00:00
FC-012191,SEC-004,2026-07-26,22,1,0.91,2026-07-25T12:00:00
FC-012192,SEC-004,2026-07-26,23,0,0.71,2026-07-25T12:00:00
FC-012193,SEC-005,2026-07-26,0,1,0.79,2026-07-25T12:00:00
FC-012194,SEC-005,2026-07-26,1,5,0.91,2026-07-25T12:00:00
FC-012195,SEC-005,2026-07-26,2,3,0.87,2026-07-25T12:00:00
FC-012196,SEC-005,2026-07-26,3,0,0.79,2026-07-25T12:00:00
FC-012197,SEC-005,2026-07-26,4,2,0.76,2026-07-25T12:00:00
FC-012198,SEC-005,2026-07-26,5,0,0.89,2026-07-25T12:00:00
FC-012199,SEC-005,2026-07-26,6,0,0.76,2026-07-25T12:00:00
FC-012200,SEC-005,2026-07-26,7,0,0.82,2026-07-25T12:00:00
FC-012201,SEC-005,2026-07-26,8,2,0.88,2026-07-25T12:00:00
FC-012202,SEC-005,2026-07-26,9,0,0.75,2026-07-25T12:00:00
FC-012203,SEC-005,2026-07-26,10,1,0.92,2026-07-25T12:00:00
FC-012204,SEC-005,2026-07-26,11,0,0.75,2026-07-25T12:00:00
FC-012205,SEC-005,2026-07-26,12,1,0.81,2026-07-25T12:00:00
FC-012206,SEC-005,2026-07-26,13,1,0.92,2026-07-25T12:00:00
FC-012207,SEC-005,2026-07-26,14,0,0.81,2026-07-25T12:00:00
FC-012208,SEC-005,2026-07-26,15,0,0.7,2026-07-25T12:00:00
FC-012209,SEC-005,2026-07-26,16,2,0.86,2026-07-25T12:00:00
FC-012210,SEC-005,2026-07-26,17,2,0.79,2026-07-25T12:00:00
FC-012211,SEC-005,2026-07-26,18,1,0.88,2026-07-25T12:00:00
FC-012212,SEC-005,2026-07-26,19,1,0.76,2026-07-25T12:00:00
FC-012213,SEC-005,2026-07-26,20,1,0.85,2026-07-25T12:00:00
FC-012214,SEC-005,2026-07-26,21,1,0.9,2026-07-25T12:00:00
FC-012215,SEC-005,2026-07-26,22,2,0.77,2026-07-25T12:00:00
FC-012216,SEC-005,2026-07-26,23,2,0.75,2026-07-25T12:00:00
FC-012217,SEC-006,2026-07-26,0,1,0.77,2026-07-25T12:00:00
FC-012218,SEC-006,2026-07-26,1,1,0.84,2026-07-25T12:00:00
FC-012219,SEC-006,2026-07-26,2,3,0.95,2026-07-25T12:00:00
FC-012220,SEC-006,2026-07-26,3,0,0.76,2026-07-25T12:00:00
FC-012221,SEC-006,2026-07-26,4,0,0.74,2026-07-25T12:00:00
FC-012222,SEC-006,2026-07-26,5,0,0.85,2026-07-25T12:00:00
FC-012223,SEC-006,2026-07-26,6,0,0.72,2026-07-25T12:00:00
FC-012224,SEC-006,2026-07-26,7,0,0.82,2026-07-25T12:00:00
FC-012225,SEC-006,2026-07-26,8,1,0.71,2026-07-25T12:00:00
FC-012226,SEC-006,2026-07-26,9,0,0.75,2026-07-25T12:00:00
FC-012227,SEC-006,2026-07-26,10,1,0.83,2026-07-25T12:00:00
FC-012228,SEC-006,2026-07-26,11,1,0.72,2026-07-25T12:00:00
FC-012229,SEC-006,2026-07-26,12,0,0.9,2026-07-25T12:00:00
FC-012230,SEC-006,2026-07-26,13,0,0.73,2026-07-25T12:00:00
FC-012231,SEC-006,2026-07-26,14,0,0.81,2026-07-25T12:00:00
FC-012232,SEC-006,2026-07-26,15,0,0.9,2026-07-25T12:00:00
FC-012233,SEC-006,2026-07-26,16,0,0.9,2026-07-25T12:00:00
FC-012234,SEC-006,2026-07-26,17,0,0.84,2026-07-25T12:00:00
FC-012235,SEC-006,2026-07-26,18,0,0.85,2026-07-25T12:00:00
FC-012236,SEC-006,2026-07-26,19,1,0.88,2026-07-25T12:00:00
FC-012237,SEC-006,2026-07-26,20,0,0.93,2026-07-25T12:00:00
FC-012238,SEC-006,2026-07-26,21,1,0.79,2026-07-25T12:00:00
FC-012239,SEC-006,2026-07-26,22,3,0.77,2026-07-25T12:00:00
FC-012240,SEC-006,2026-07-26,23,3,0.77,2026-07-25T12:00:00
FC-012241,SEC-001,2026-07-27,0,1,0.78,2026-07-26T12:00:00
FC-012242,SEC-001,2026-07-27,1,3,0.89,2026-07-26T12:00:00
FC-012243,SEC-001,2026-07-27,2,0,0.87,2026-07-26T12:00:00
FC-012244,SEC-001,2026-07-27,3,1,0.72,2026-07-26T12:00:00
FC-012245,SEC-001,2026-07-27,4,0,0.91,2026-07-26T12:00:00
FC-012246,SEC-001,2026-07-27,5,0,0.77,2026-07-26T12:00:00
FC-012247,SEC-001,2026-07-27,6,0,0.9,2026-07-26T12:00:00
FC-012248,SEC-001,2026-07-27,7,0,0.89,2026-07-26T12:00:00
FC-012249,SEC-001,2026-07-27,8,0,0.77,2026-07-26T12:00:00
FC-012250,SEC-001,2026-07-27,9,2,0.72,2026-07-26T12:00:00
FC-012251,SEC-001,2026-07-27,10,0,0.79,2026-07-26T12:00:00
FC-012252,SEC-001,2026-07-27,11,1,0.92,2026-07-26T12:00:00
FC-012253,SEC-001,2026-07-27,12,1,0.82,2026-07-26T12:00:00
FC-012254,SEC-001,2026-07-27,13,0,0.7,2026-07-26T12:00:00
FC-012255,SEC-001,2026-07-27,14,2,0.92,2026-07-26T12:00:00
FC-012256,SEC-001,2026-07-27,15,0,0.88,2026-07-26T12:00:00
FC-012257,SEC-001,2026-07-27,16,0,0.92,2026-07-26T12:00:00
FC-012258,SEC-001,2026-07-27,17,0,0.84,2026-07-26T12:00:00
FC-012259,SEC-001,2026-07-27,18,0,0.9,2026-07-26T12:00:00
FC-012260,SEC-001,2026-07-27,19,0,0.84,2026-07-26T12:00:00
FC-012261,SEC-001,2026-07-27,20,0,0.82,2026-07-26T12:00:00
FC-012262,SEC-001,2026-07-27,21,1,0.73,2026-07-26T12:00:00
FC-012263,SEC-001,2026-07-27,22,1,0.88,2026-07-26T12:00:00
FC-012264,SEC-001,2026-07-27,23,2,0.78,2026-07-26T12:00:00
FC-012265,SEC-002,2026-07-27,0,1,0.84,2026-07-26T12:00:00
FC-012266,SEC-002,2026-07-27,1,5,0.78,2026-07-26T12:00:00
FC-012267,SEC-002,2026-07-27,2,3,0.85,2026-07-26T12:00:00
FC-012268,SEC-002,2026-07-27,3,0,0.94,2026-07-26T12:00:00
FC-012269,SEC-002,2026-07-27,4,1,0.75,2026-07-26T12:00:00
FC-012270,SEC-002,2026-07-27,5,1,0.76,2026-07-26T12:00:00
FC-012271,SEC-002,2026-07-27,6,0,0.77,2026-07-26T12:00:00
FC-012272,SEC-002,2026-07-27,7,2,0.87,2026-07-26T12:00:00
FC-012273,SEC-002,2026-07-27,8,0,0.94,2026-07-26T12:00:00
FC-012274,SEC-002,2026-07-27,9,0,0.89,2026-07-26T12:00:00
FC-012275,SEC-002,2026-07-27,10,0,0.84,2026-07-26T12:00:00
FC-012276,SEC-002,2026-07-27,11,1,0.89,2026-07-26T12:00:00
FC-012277,SEC-002,2026-07-27,12,0,0.88,2026-07-26T12:00:00
FC-012278,SEC-002,2026-07-27,13,1,0.76,2026-07-26T12:00:00
FC-012279,SEC-002,2026-07-27,14,1,0.92,2026-07-26T12:00:00
FC-012280,SEC-002,2026-07-27,15,0,0.88,2026-07-26T12:00:00
FC-012281,SEC-002,2026-07-27,16,1,0.84,2026-07-26T12:00:00
FC-012282,SEC-002,2026-07-27,17,1,0.76,2026-07-26T12:00:00
FC-012283,SEC-002,2026-07-27,18,1,0.75,2026-07-26T12:00:00
FC-012284,SEC-002,2026-07-27,19,0,0.81,2026-07-26T12:00:00
FC-012285,SEC-002,2026-07-27,20,0,0.83,2026-07-26T12:00:00
FC-012286,SEC-002,2026-07-27,21,0,0.75,2026-07-26T12:00:00
FC-012287,SEC-002,2026-07-27,22,4,0.86,2026-07-26T12:00:00
FC-012288,SEC-002,2026-07-27,23,1,0.78,2026-07-26T12:00:00
FC-012289,SEC-003,2026-07-27,0,1,0.83,2026-07-26T12:00:00
FC-012290,SEC-003,2026-07-27,1,1,0.78,2026-07-26T12:00:00
FC-012291,SEC-003,2026-07-27,2,1,0.93,2026-07-26T12:00:00
FC-012292,SEC-003,2026-07-27,3,3,0.74,2026-07-26T12:00:00
FC-012293,SEC-003,2026-07-27,4,3,0.86,2026-07-26T12:00:00
FC-012294,SEC-003,2026-07-27,5,1,0.9,2026-07-26T12:00:00
FC-012295,SEC-003,2026-07-27,6,0,0.93,2026-07-26T12:00:00
FC-012296,SEC-003,2026-07-27,7,0,0.85,2026-07-26T12:00:00
FC-012297,SEC-003,2026-07-27,8,0,0.78,2026-07-26T12:00:00
FC-012298,SEC-003,2026-07-27,9,0,0.89,2026-07-26T12:00:00
FC-012299,SEC-003,2026-07-27,10,2,0.72,2026-07-26T12:00:00
FC-012300,SEC-003,2026-07-27,11,0,0.94,2026-07-26T12:00:00
FC-012301,SEC-003,2026-07-27,12,0,0.83,2026-07-26T12:00:00
FC-012302,SEC-003,2026-07-27,13,0,0.78,2026-07-26T12:00:00
FC-012303,SEC-003,2026-07-27,14,0,0.85,2026-07-26T12:00:00
FC-012304,SEC-003,2026-07-27,15,0,0.72,2026-07-26T12:00:00
FC-012305,SEC-003,2026-07-27,16,0,0.79,2026-07-26T12:00:00
FC-012306,SEC-003,2026-07-27,17,0,0.82,2026-07-26T12:00:00
FC-012307,SEC-003,2026-07-27,18,0,0.8,2026-07-26T12:00:00
FC-012308,SEC-003,2026-07-27,19,1,0.73,2026-07-26T12:00:00
FC-012309,SEC-003,2026-07-27,20,0,0.95,2026-07-26T12:00:00
FC-012310,SEC-003,2026-07-27,21,0,0.75,2026-07-26T12:00:00
FC-012311,SEC-003,2026-07-27,22,1,0.75,2026-07-26T12:00:00
FC-012312,SEC-003,2026-07-27,23,0,0.71,2026-07-26T12:00:00
FC-012313,SEC-004,2026-07-27,0,0,0.76,2026-07-26T12:00:00
FC-012314,SEC-004,2026-07-27,1,2,0.77,2026-07-26T12:00:00
FC-012315,SEC-004,2026-07-27,2,0,0.71,2026-07-26T12:00:00
FC-012316,SEC-004,2026-07-27,3,0,0.9,2026-07-26T12:00:00
FC-012317,SEC-004,2026-07-27,4,1,0.82,2026-07-26T12:00:00
FC-012318,SEC-004,2026-07-27,5,0,0.77,2026-07-26T12:00:00
FC-012319,SEC-004,2026-07-27,6,0,0.74,2026-07-26T12:00:00
FC-012320,SEC-004,2026-07-27,7,0,0.93,2026-07-26T12:00:00
FC-012321,SEC-004,2026-07-27,8,1,0.71,2026-07-26T12:00:00
FC-012322,SEC-004,2026-07-27,9,0,0.77,2026-07-26T12:00:00
FC-012323,SEC-004,2026-07-27,10,0,0.87,2026-07-26T12:00:00
FC-012324,SEC-004,2026-07-27,11,1,0.92,2026-07-26T12:00:00
FC-012325,SEC-004,2026-07-27,12,0,0.85,2026-07-26T12:00:00
FC-012326,SEC-004,2026-07-27,13,0,0.85,2026-07-26T12:00:00
FC-012327,SEC-004,2026-07-27,14,2,0.86,2026-07-26T12:00:00
FC-012328,SEC-004,2026-07-27,15,0,0.93,2026-07-26T12:00:00
FC-012329,SEC-004,2026-07-27,16,0,0.77,2026-07-26T12:00:00
FC-012330,SEC-004,2026-07-27,17,0,0.81,2026-07-26T12:00:00
FC-012331,SEC-004,2026-07-27,18,0,0.75,2026-07-26T12:00:00
FC-012332,SEC-004,2026-07-27,19,1,0.86,2026-07-26T12:00:00
FC-012333,SEC-004,2026-07-27,20,0,0.82,2026-07-26T12:00:00
FC-012334,SEC-004,2026-07-27,21,1,0.85,2026-07-26T12:00:00
FC-012335,SEC-004,2026-07-27,22,2,0.92,2026-07-26T12:00:00
FC-012336,SEC-004,2026-07-27,23,3,0.83,2026-07-26T12:00:00
FC-012337,SEC-005,2026-07-27,0,2,0.93,2026-07-26T12:00:00
FC-012338,SEC-005,2026-07-27,1,2,0.89,2026-07-26T12:00:00
FC-012339,SEC-005,2026-07-27,2,2,0.9,2026-07-26T12:00:00
FC-012340,SEC-005,2026-07-27,3,0,0.73,2026-07-26T12:00:00
FC-012341,SEC-005,2026-07-27,4,1,0.91,2026-07-26T12:00:00
FC-012342,SEC-005,2026-07-27,5,0,0.75,2026-07-26T12:00:00
FC-012343,SEC-005,2026-07-27,6,0,0.81,2026-07-26T12:00:00
FC-012344,SEC-005,2026-07-27,7,1,0.92,2026-07-26T12:00:00
FC-012345,SEC-005,2026-07-27,8,0,0.93,2026-07-26T12:00:00
FC-012346,SEC-005,2026-07-27,9,0,0.85,2026-07-26T12:00:00
FC-012347,SEC-005,2026-07-27,10,0,0.85,2026-07-26T12:00:00
FC-012348,SEC-005,2026-07-27,11,0,0.72,2026-07-26T12:00:00
FC-012349,SEC-005,2026-07-27,12,3,0.82,2026-07-26T12:00:00
FC-012350,SEC-005,2026-07-27,13,0,0.84,2026-07-26T12:00:00
FC-012351,SEC-005,2026-07-27,14,1,0.71,2026-07-26T12:00:00
FC-012352,SEC-005,2026-07-27,15,1,0.78,2026-07-26T12:00:00
FC-012353,SEC-005,2026-07-27,16,0,0.84,2026-07-26T12:00:00
FC-012354,SEC-005,2026-07-27,17,0,0.91,2026-07-26T12:00:00
FC-012355,SEC-005,2026-07-27,18,2,0.81,2026-07-26T12:00:00
FC-012356,SEC-005,2026-07-27,19,0,0.72,2026-07-26T12:00:00
FC-012357,SEC-005,2026-07-27,20,0,0.83,2026-07-26T12:00:00
FC-012358,SEC-005,2026-07-27,21,0,0.88,2026-07-26T12:00:00
FC-012359,SEC-005,2026-07-27,22,1,0.82,2026-07-26T12:00:00
FC-012360,SEC-005,2026-07-27,23,7,0.72,2026-07-26T12:00:00
FC-012361,SEC-006,2026-07-27,0,3,0.76,2026-07-26T12:00:00
FC-012362,SEC-006,2026-07-27,1,2,0.81,2026-07-26T12:00:00
FC-012363,SEC-006,2026-07-27,2,2,0.91,2026-07-26T12:00:00
FC-012364,SEC-006,2026-07-27,3,4,0.75,2026-07-26T12:00:00
FC-012365,SEC-006,2026-07-27,4,1,0.78,2026-07-26T12:00:00
FC-012366,SEC-006,2026-07-27,5,2,0.82,2026-07-26T12:00:00
FC-012367,SEC-006,2026-07-27,6,0,0.77,2026-07-26T12:00:00
FC-012368,SEC-006,2026-07-27,7,0,0.95,2026-07-26T12:00:00
FC-012369,SEC-006,2026-07-27,8,0,0.7,2026-07-26T12:00:00
FC-012370,SEC-006,2026-07-27,9,0,0.74,2026-07-26T12:00:00
FC-012371,SEC-006,2026-07-27,10,0,0.73,2026-07-26T12:00:00
FC-012372,SEC-006,2026-07-27,11,0,0.73,2026-07-26T12:00:00
FC-012373,SEC-006,2026-07-27,12,1,0.91,2026-07-26T12:00:00
FC-012374,SEC-006,2026-07-27,13,1,0.83,2026-07-26T12:00:00
FC-012375,SEC-006,2026-07-27,14,0,0.81,2026-07-26T12:00:00
FC-012376,SEC-006,2026-07-27,15,0,0.86,2026-07-26T12:00:00
FC-012377,SEC-006,2026-07-27,16,0,0.89,2026-07-26T12:00:00
FC-012378,SEC-006,2026-07-27,17,0,0.84,2026-07-26T12:00:00
FC-012379,SEC-006,2026-07-27,18,0,0.81,2026-07-26T12:00:00
FC-012380,SEC-006,2026-07-27,19,1,0.71,2026-07-26T12:00:00
FC-012381,SEC-006,2026-07-27,20,0,0.82,2026-07-26T12:00:00
FC-012382,SEC-006,2026-07-27,21,0,0.85,2026-07-26T12:00:00
FC-012383,SEC-006,2026-07-27,22,0,0.78,2026-07-26T12:00:00
FC-012384,SEC-006,2026-07-27,23,0,0.87,2026-07-26T12:00:00
FC-012385,SEC-001,2026-07-28,0,1,0.85,2026-07-27T12:00:00
FC-012386,SEC-001,2026-07-28,1,3,0.95,2026-07-27T12:00:00
FC-012387,SEC-001,2026-07-28,2,6,0.82,2026-07-27T12:00:00
FC-012388,SEC-001,2026-07-28,3,2,0.89,2026-07-27T12:00:00
FC-012389,SEC-001,2026-07-28,4,3,0.72,2026-07-27T12:00:00
FC-012390,SEC-001,2026-07-28,5,0,0.8,2026-07-27T12:00:00
FC-012391,SEC-001,2026-07-28,6,0,0.79,2026-07-27T12:00:00
FC-012392,SEC-001,2026-07-28,7,0,0.83,2026-07-27T12:00:00
FC-012393,SEC-001,2026-07-28,8,1,0.87,2026-07-27T12:00:00
FC-012394,SEC-001,2026-07-28,9,0,0.76,2026-07-27T12:00:00
FC-012395,SEC-001,2026-07-28,10,0,0.87,2026-07-27T12:00:00
FC-012396,SEC-001,2026-07-28,11,0,0.75,2026-07-27T12:00:00
FC-012397,SEC-001,2026-07-28,12,0,0.8,2026-07-27T12:00:00
FC-012398,SEC-001,2026-07-28,13,1,0.94,2026-07-27T12:00:00
FC-012399,SEC-001,2026-07-28,14,0,0.94,2026-07-27T12:00:00
FC-012400,SEC-001,2026-07-28,15,0,0.72,2026-07-27T12:00:00
FC-012401,SEC-001,2026-07-28,16,0,0.71,2026-07-27T12:00:00
FC-012402,SEC-001,2026-07-28,17,0,0.93,2026-07-27T12:00:00
FC-012403,SEC-001,2026-07-28,18,1,0.75,2026-07-27T12:00:00
FC-012404,SEC-001,2026-07-28,19,0,0.92,2026-07-27T12:00:00
FC-012405,SEC-001,2026-07-28,20,0,0.7,2026-07-27T12:00:00
FC-012406,SEC-001,2026-07-28,21,1,0.76,2026-07-27T12:00:00
FC-012407,SEC-001,2026-07-28,22,1,0.82,2026-07-27T12:00:00
FC-012408,SEC-001,2026-07-28,23,0,0.77,2026-07-27T12:00:00
FC-012409,SEC-002,2026-07-28,0,0,0.75,2026-07-27T12:00:00
FC-012410,SEC-002,2026-07-28,1,2,0.91,2026-07-27T12:00:00
FC-012411,SEC-002,2026-07-28,2,3,0.91,2026-07-27T12:00:00
FC-012412,SEC-002,2026-07-28,3,3,0.94,2026-07-27T12:00:00
FC-012413,SEC-002,2026-07-28,4,2,0.71,2026-07-27T12:00:00
FC-012414,SEC-002,2026-07-28,5,4,0.83,2026-07-27T12:00:00
FC-012415,SEC-002,2026-07-28,6,2,0.89,2026-07-27T12:00:00
FC-012416,SEC-002,2026-07-28,7,0,0.82,2026-07-27T12:00:00
FC-012417,SEC-002,2026-07-28,8,0,0.86,2026-07-27T12:00:00
FC-012418,SEC-002,2026-07-28,9,0,0.93,2026-07-27T12:00:00
FC-012419,SEC-002,2026-07-28,10,0,0.91,2026-07-27T12:00:00
FC-012420,SEC-002,2026-07-28,11,0,0.77,2026-07-27T12:00:00
FC-012421,SEC-002,2026-07-28,12,0,0.8,2026-07-27T12:00:00
FC-012422,SEC-002,2026-07-28,13,0,0.72,2026-07-27T12:00:00
FC-012423,SEC-002,2026-07-28,14,0,0.76,2026-07-27T12:00:00
FC-012424,SEC-002,2026-07-28,15,0,0.87,2026-07-27T12:00:00
FC-012425,SEC-002,2026-07-28,16,1,0.91,2026-07-27T12:00:00
FC-012426,SEC-002,2026-07-28,17,0,0.94,2026-07-27T12:00:00
FC-012427,SEC-002,2026-07-28,18,1,0.74,2026-07-27T12:00:00
FC-012428,SEC-002,2026-07-28,19,0,0.81,2026-07-27T12:00:00
FC-012429,SEC-002,2026-07-28,20,0,0.78,2026-07-27T12:00:00
FC-012430,SEC-002,2026-07-28,21,0,0.87,2026-07-27T12:00:00
FC-012431,SEC-002,2026-07-28,22,2,0.78,2026-07-27T12:00:00
FC-012432,SEC-002,2026-07-28,23,0,0.76,2026-07-27T12:00:00
FC-012433,SEC-003,2026-07-28,0,1,0.76,2026-07-27T12:00:00
FC-012434,SEC-003,2026-07-28,1,0,0.79,2026-07-27T12:00:00
FC-012435,SEC-003,2026-07-28,2,1,0.78,2026-07-27T12:00:00
FC-012436,SEC-003,2026-07-28,3,2,0.84,2026-07-27T12:00:00
FC-012437,SEC-003,2026-07-28,4,3,0.84,2026-07-27T12:00:00
FC-012438,SEC-003,2026-07-28,5,0,0.81,2026-07-27T12:00:00
FC-012439,SEC-003,2026-07-28,6,0,0.84,2026-07-27T12:00:00
FC-012440,SEC-003,2026-07-28,7,2,0.71,2026-07-27T12:00:00
FC-012441,SEC-003,2026-07-28,8,1,0.88,2026-07-27T12:00:00
FC-012442,SEC-003,2026-07-28,9,0,0.75,2026-07-27T12:00:00
FC-012443,SEC-003,2026-07-28,10,0,0.72,2026-07-27T12:00:00
FC-012444,SEC-003,2026-07-28,11,0,0.75,2026-07-27T12:00:00
FC-012445,SEC-003,2026-07-28,12,1,0.73,2026-07-27T12:00:00
FC-012446,SEC-003,2026-07-28,13,0,0.76,2026-07-27T12:00:00
FC-012447,SEC-003,2026-07-28,14,1,0.91,2026-07-27T12:00:00
FC-012448,SEC-003,2026-07-28,15,0,0.88,2026-07-27T12:00:00
FC-012449,SEC-003,2026-07-28,16,0,0.88,2026-07-27T12:00:00
FC-012450,SEC-003,2026-07-28,17,0,0.93,2026-07-27T12:00:00
FC-012451,SEC-003,2026-07-28,18,1,0.75,2026-07-27T12:00:00
FC-012452,SEC-003,2026-07-28,19,0,0.89,2026-07-27T12:00:00
FC-012453,SEC-003,2026-07-28,20,0,0.83,2026-07-27T12:00:00
FC-012454,SEC-003,2026-07-28,21,1,0.81,2026-07-27T12:00:00
FC-012455,SEC-003,2026-07-28,22,2,0.93,2026-07-27T12:00:00
FC-012456,SEC-003,2026-07-28,23,4,0.82,2026-07-27T12:00:00
FC-012457,SEC-004,2026-07-28,0,1,0.8,2026-07-27T12:00:00
FC-012458,SEC-004,2026-07-28,1,1,0.72,2026-07-27T12:00:00
FC-012459,SEC-004,2026-07-28,2,0,0.89,2026-07-27T12:00:00
FC-012460,SEC-004,2026-07-28,3,2,0.84,2026-07-27T12:00:00
FC-012461,SEC-004,2026-07-28,4,2,0.75,2026-07-27T12:00:00
FC-012462,SEC-004,2026-07-28,5,0,0.83,2026-07-27T12:00:00
FC-012463,SEC-004,2026-07-28,6,0,0.9,2026-07-27T12:00:00
FC-012464,SEC-004,2026-07-28,7,1,0.83,2026-07-27T12:00:00
FC-012465,SEC-004,2026-07-28,8,3,0.71,2026-07-27T12:00:00
FC-012466,SEC-004,2026-07-28,9,1,0.79,2026-07-27T12:00:00
FC-012467,SEC-004,2026-07-28,10,0,0.77,2026-07-27T12:00:00
FC-012468,SEC-004,2026-07-28,11,0,0.95,2026-07-27T12:00:00
FC-012469,SEC-004,2026-07-28,12,0,0.7,2026-07-27T12:00:00
FC-012470,SEC-004,2026-07-28,13,0,0.78,2026-07-27T12:00:00
FC-012471,SEC-004,2026-07-28,14,0,0.93,2026-07-27T12:00:00
FC-012472,SEC-004,2026-07-28,15,0,0.83,2026-07-27T12:00:00
FC-012473,SEC-004,2026-07-28,16,0,0.79,2026-07-27T12:00:00
FC-012474,SEC-004,2026-07-28,17,0,0.74,2026-07-27T12:00:00
FC-012475,SEC-004,2026-07-28,18,0,0.89,2026-07-27T12:00:00
FC-012476,SEC-004,2026-07-28,19,0,0.93,2026-07-27T12:00:00
FC-012477,SEC-004,2026-07-28,20,0,0.92,2026-07-27T12:00:00
FC-012478,SEC-004,2026-07-28,21,1,0.92,2026-07-27T12:00:00
FC-012479,SEC-004,2026-07-28,22,3,0.86,2026-07-27T12:00:00
FC-012480,SEC-004,2026-07-28,23,0,0.86,2026-07-27T12:00:00
FC-012481,SEC-005,2026-07-28,0,2,0.82,2026-07-27T12:00:00
FC-012482,SEC-005,2026-07-28,1,2,0.9,2026-07-27T12:00:00
FC-012483,SEC-005,2026-07-28,2,2,0.72,2026-07-27T12:00:00
FC-012484,SEC-005,2026-07-28,3,0,0.94,2026-07-27T12:00:00
FC-012485,SEC-005,2026-07-28,4,1,0.77,2026-07-27T12:00:00
FC-012486,SEC-005,2026-07-28,5,1,0.72,2026-07-27T12:00:00
FC-012487,SEC-005,2026-07-28,6,0,0.81,2026-07-27T12:00:00
FC-012488,SEC-005,2026-07-28,7,0,0.84,2026-07-27T12:00:00
FC-012489,SEC-005,2026-07-28,8,0,0.85,2026-07-27T12:00:00
FC-012490,SEC-005,2026-07-28,9,1,0.78,2026-07-27T12:00:00
FC-012491,SEC-005,2026-07-28,10,1,0.72,2026-07-27T12:00:00
FC-012492,SEC-005,2026-07-28,11,0,0.79,2026-07-27T12:00:00
FC-012493,SEC-005,2026-07-28,12,1,0.74,2026-07-27T12:00:00
FC-012494,SEC-005,2026-07-28,13,0,0.88,2026-07-27T12:00:00
FC-012495,SEC-005,2026-07-28,14,1,0.86,2026-07-27T12:00:00
FC-012496,SEC-005,2026-07-28,15,0,0.73,2026-07-27T12:00:00
FC-012497,SEC-005,2026-07-28,16,1,0.87,2026-07-27T12:00:00
FC-012498,SEC-005,2026-07-28,17,0,0.78,2026-07-27T12:00:00
FC-012499,SEC-005,2026-07-28,18,0,0.79,2026-07-27T12:00:00
FC-012500,SEC-005,2026-07-28,19,0,0.93,2026-07-27T12:00:00
FC-012501,SEC-005,2026-07-28,20,0,0.8,2026-07-27T12:00:00
FC-012502,SEC-005,2026-07-28,21,1,0.89,2026-07-27T12:00:00
FC-012503,SEC-005,2026-07-28,22,2,0.76,2026-07-27T12:00:00
FC-012504,SEC-005,2026-07-28,23,1,0.74,2026-07-27T12:00:00
FC-012505,SEC-006,2026-07-28,0,3,0.94,2026-07-27T12:00:00
FC-012506,SEC-006,2026-07-28,1,0,0.7,2026-07-27T12:00:00
FC-012507,SEC-006,2026-07-28,2,0,0.81,2026-07-27T12:00:00
FC-012508,SEC-006,2026-07-28,3,1,0.89,2026-07-27T12:00:00
FC-012509,SEC-006,2026-07-28,4,5,0.9,2026-07-27T12:00:00
FC-012510,SEC-006,2026-07-28,5,0,0.86,2026-07-27T12:00:00
FC-012511,SEC-006,2026-07-28,6,1,0.75,2026-07-27T12:00:00
FC-012512,SEC-006,2026-07-28,7,0,0.71,2026-07-27T12:00:00
FC-012513,SEC-006,2026-07-28,8,1,0.73,2026-07-27T12:00:00
FC-012514,SEC-006,2026-07-28,9,1,0.71,2026-07-27T12:00:00
FC-012515,SEC-006,2026-07-28,10,0,0.77,2026-07-27T12:00:00
FC-012516,SEC-006,2026-07-28,11,0,0.74,2026-07-27T12:00:00
FC-012517,SEC-006,2026-07-28,12,0,0.77,2026-07-27T12:00:00
FC-012518,SEC-006,2026-07-28,13,2,0.93,2026-07-27T12:00:00
FC-012519,SEC-006,2026-07-28,14,1,0.7,2026-07-27T12:00:00
FC-012520,SEC-006,2026-07-28,15,1,0.74,2026-07-27T12:00:00
FC-012521,SEC-006,2026-07-28,16,0,0.93,2026-07-27T12:00:00
FC-012522,SEC-006,2026-07-28,17,0,0.95,2026-07-27T12:00:00
FC-012523,SEC-006,2026-07-28,18,0,0.83,2026-07-27T12:00:00
FC-012524,SEC-006,2026-07-28,19,0,0.78,2026-07-27T12:00:00
FC-012525,SEC-006,2026-07-28,20,0,0.95,2026-07-27T12:00:00
FC-012526,SEC-006,2026-07-28,21,0,0.75,2026-07-27T12:00:00
FC-012527,SEC-006,2026-07-28,22,1,0.82,2026-07-27T12:00:00
FC-012528,SEC-006,2026-07-28,23,1,0.77,2026-07-27T12:00:00
FC-012529,SEC-001,2026-07-29,0,1,0.71,2026-07-28T12:00:00
FC-012530,SEC-001,2026-07-29,1,5,0.85,2026-07-28T12:00:00
FC-012531,SEC-001,2026-07-29,2,5,0.74,2026-07-28T12:00:00
FC-012532,SEC-001,2026-07-29,3,0,0.71,2026-07-28T12:00:00
FC-012533,SEC-001,2026-07-29,4,0,0.71,2026-07-28T12:00:00
FC-012534,SEC-001,2026-07-29,5,1,0.78,2026-07-28T12:00:00
FC-012535,SEC-001,2026-07-29,6,1,0.89,2026-07-28T12:00:00
FC-012536,SEC-001,2026-07-29,7,1,0.84,2026-07-28T12:00:00
FC-012537,SEC-001,2026-07-29,8,0,0.91,2026-07-28T12:00:00
FC-012538,SEC-001,2026-07-29,9,0,0.81,2026-07-28T12:00:00
FC-012539,SEC-001,2026-07-29,10,1,0.74,2026-07-28T12:00:00
FC-012540,SEC-001,2026-07-29,11,0,0.92,2026-07-28T12:00:00
FC-012541,SEC-001,2026-07-29,12,1,0.76,2026-07-28T12:00:00
FC-012542,SEC-001,2026-07-29,13,0,0.8,2026-07-28T12:00:00
FC-012543,SEC-001,2026-07-29,14,0,0.77,2026-07-28T12:00:00
FC-012544,SEC-001,2026-07-29,15,2,0.87,2026-07-28T12:00:00
FC-012545,SEC-001,2026-07-29,16,0,0.78,2026-07-28T12:00:00
FC-012546,SEC-001,2026-07-29,17,1,0.72,2026-07-28T12:00:00
FC-012547,SEC-001,2026-07-29,18,0,0.73,2026-07-28T12:00:00
FC-012548,SEC-001,2026-07-29,19,0,0.73,2026-07-28T12:00:00
FC-012549,SEC-001,2026-07-29,20,2,0.92,2026-07-28T12:00:00
FC-012550,SEC-001,2026-07-29,21,0,0.73,2026-07-28T12:00:00
FC-012551,SEC-001,2026-07-29,22,4,0.84,2026-07-28T12:00:00
FC-012552,SEC-001,2026-07-29,23,1,0.81,2026-07-28T12:00:00
FC-012553,SEC-002,2026-07-29,0,1,0.79,2026-07-28T12:00:00
FC-012554,SEC-002,2026-07-29,1,1,0.83,2026-07-28T12:00:00
FC-012555,SEC-002,2026-07-29,2,2,0.86,2026-07-28T12:00:00
FC-012556,SEC-002,2026-07-29,3,1,0.82,2026-07-28T12:00:00
FC-012557,SEC-002,2026-07-29,4,2,0.86,2026-07-28T12:00:00
FC-012558,SEC-002,2026-07-29,5,0,0.93,2026-07-28T12:00:00
FC-012559,SEC-002,2026-07-29,6,0,0.92,2026-07-28T12:00:00
FC-012560,SEC-002,2026-07-29,7,1,0.92,2026-07-28T12:00:00
FC-012561,SEC-002,2026-07-29,8,0,0.89,2026-07-28T12:00:00
FC-012562,SEC-002,2026-07-29,9,1,0.73,2026-07-28T12:00:00
FC-012563,SEC-002,2026-07-29,10,0,0.83,2026-07-28T12:00:00
FC-012564,SEC-002,2026-07-29,11,1,0.85,2026-07-28T12:00:00
FC-012565,SEC-002,2026-07-29,12,0,0.81,2026-07-28T12:00:00
FC-012566,SEC-002,2026-07-29,13,0,0.84,2026-07-28T12:00:00
FC-012567,SEC-002,2026-07-29,14,0,0.85,2026-07-28T12:00:00
FC-012568,SEC-002,2026-07-29,15,0,0.76,2026-07-28T12:00:00
FC-012569,SEC-002,2026-07-29,16,2,0.75,2026-07-28T12:00:00
FC-012570,SEC-002,2026-07-29,17,3,0.84,2026-07-28T12:00:00
FC-012571,SEC-002,2026-07-29,18,0,0.83,2026-07-28T12:00:00
FC-012572,SEC-002,2026-07-29,19,0,0.82,2026-07-28T12:00:00
FC-012573,SEC-002,2026-07-29,20,0,0.74,2026-07-28T12:00:00
FC-012574,SEC-002,2026-07-29,21,0,0.83,2026-07-28T12:00:00
FC-012575,SEC-002,2026-07-29,22,3,0.7,2026-07-28T12:00:00
FC-012576,SEC-002,2026-07-29,23,2,0.81,2026-07-28T12:00:00
FC-012577,SEC-003,2026-07-29,0,1,0.72,2026-07-28T12:00:00
FC-012578,SEC-003,2026-07-29,1,5,0.82,2026-07-28T12:00:00
FC-012579,SEC-003,2026-07-29,2,2,0.79,2026-07-28T12:00:00
FC-012580,SEC-003,2026-07-29,3,3,0.81,2026-07-28T12:00:00
FC-012581,SEC-003,2026-07-29,4,0,0.79,2026-07-28T12:00:00
FC-012582,SEC-003,2026-07-29,5,0,0.76,2026-07-28T12:00:00
FC-012583,SEC-003,2026-07-29,6,1,0.72,2026-07-28T12:00:00
FC-012584,SEC-003,2026-07-29,7,2,0.8,2026-07-28T12:00:00
FC-012585,SEC-003,2026-07-29,8,0,0.86,2026-07-28T12:00:00
FC-012586,SEC-003,2026-07-29,9,0,0.87,2026-07-28T12:00:00
FC-012587,SEC-003,2026-07-29,10,0,0.89,2026-07-28T12:00:00
FC-012588,SEC-003,2026-07-29,11,0,0.73,2026-07-28T12:00:00
FC-012589,SEC-003,2026-07-29,12,0,0.81,2026-07-28T12:00:00
FC-012590,SEC-003,2026-07-29,13,2,0.81,2026-07-28T12:00:00
FC-012591,SEC-003,2026-07-29,14,0,0.78,2026-07-28T12:00:00
FC-012592,SEC-003,2026-07-29,15,1,0.7,2026-07-28T12:00:00
FC-012593,SEC-003,2026-07-29,16,0,0.95,2026-07-28T12:00:00
FC-012594,SEC-003,2026-07-29,17,0,0.88,2026-07-28T12:00:00
FC-012595,SEC-003,2026-07-29,18,0,0.84,2026-07-28T12:00:00
FC-012596,SEC-003,2026-07-29,19,1,0.73,2026-07-28T12:00:00
FC-012597,SEC-003,2026-07-29,20,0,0.71,2026-07-28T12:00:00
FC-012598,SEC-003,2026-07-29,21,0,0.75,2026-07-28T12:00:00
FC-012599,SEC-003,2026-07-29,22,2,0.71,2026-07-28T12:00:00
FC-012600,SEC-003,2026-07-29,23,2,0.92,2026-07-28T12:00:00
FC-012601,SEC-004,2026-07-29,0,3,0.86,2026-07-28T12:00:00
FC-012602,SEC-004,2026-07-29,1,1,0.73,2026-07-28T12:00:00
FC-012603,SEC-004,2026-07-29,2,3,0.85,2026-07-28T12:00:00
FC-012604,SEC-004,2026-07-29,3,2,0.88,2026-07-28T12:00:00
FC-012605,SEC-004,2026-07-29,4,0,0.87,2026-07-28T12:00:00
FC-012606,SEC-004,2026-07-29,5,1,0.81,2026-07-28T12:00:00
FC-012607,SEC-004,2026-07-29,6,0,0.78,2026-07-28T12:00:00
FC-012608,SEC-004,2026-07-29,7,0,0.86,2026-07-28T12:00:00
FC-012609,SEC-004,2026-07-29,8,0,0.77,2026-07-28T12:00:00
FC-012610,SEC-004,2026-07-29,9,0,0.94,2026-07-28T12:00:00
FC-012611,SEC-004,2026-07-29,10,0,0.92,2026-07-28T12:00:00
FC-012612,SEC-004,2026-07-29,11,0,0.84,2026-07-28T12:00:00
FC-012613,SEC-004,2026-07-29,12,0,0.84,2026-07-28T12:00:00
FC-012614,SEC-004,2026-07-29,13,0,0.78,2026-07-28T12:00:00
FC-012615,SEC-004,2026-07-29,14,0,0.7,2026-07-28T12:00:00
FC-012616,SEC-004,2026-07-29,15,0,0.9,2026-07-28T12:00:00
FC-012617,SEC-004,2026-07-29,16,0,0.74,2026-07-28T12:00:00
FC-012618,SEC-004,2026-07-29,17,0,0.93,2026-07-28T12:00:00
FC-012619,SEC-004,2026-07-29,18,0,0.84,2026-07-28T12:00:00
FC-012620,SEC-004,2026-07-29,19,0,0.71,2026-07-28T12:00:00
FC-012621,SEC-004,2026-07-29,20,1,0.92,2026-07-28T12:00:00
FC-012622,SEC-004,2026-07-29,21,0,0.84,2026-07-28T12:00:00
FC-012623,SEC-004,2026-07-29,22,2,0.7,2026-07-28T12:00:00
FC-012624,SEC-004,2026-07-29,23,3,0.86,2026-07-28T12:00:00
FC-012625,SEC-005,2026-07-29,0,3,0.84,2026-07-28T12:00:00
FC-012626,SEC-005,2026-07-29,1,1,0.85,2026-07-28T12:00:00
FC-012627,SEC-005,2026-07-29,2,2,0.8,2026-07-28T12:00:00
FC-012628,SEC-005,2026-07-29,3,2,0.88,2026-07-28T12:00:00
FC-012629,SEC-005,2026-07-29,4,1,0.77,2026-07-28T12:00:00
FC-012630,SEC-005,2026-07-29,5,0,0.74,2026-07-28T12:00:00
FC-012631,SEC-005,2026-07-29,6,0,0.9,2026-07-28T12:00:00
FC-012632,SEC-005,2026-07-29,7,1,0.84,2026-07-28T12:00:00
FC-012633,SEC-005,2026-07-29,8,0,0.76,2026-07-28T12:00:00
FC-012634,SEC-005,2026-07-29,9,0,0.84,2026-07-28T12:00:00
FC-012635,SEC-005,2026-07-29,10,0,0.76,2026-07-28T12:00:00
FC-012636,SEC-005,2026-07-29,11,0,0.74,2026-07-28T12:00:00
FC-012637,SEC-005,2026-07-29,12,0,0.79,2026-07-28T12:00:00
FC-012638,SEC-005,2026-07-29,13,0,0.8,2026-07-28T12:00:00
FC-012639,SEC-005,2026-07-29,14,0,0.9,2026-07-28T12:00:00
FC-012640,SEC-005,2026-07-29,15,0,0.77,2026-07-28T12:00:00
FC-012641,SEC-005,2026-07-29,16,0,0.75,2026-07-28T12:00:00
FC-012642,SEC-005,2026-07-29,17,1,0.85,2026-07-28T12:00:00
FC-012643,SEC-005,2026-07-29,18,0,0.88,2026-07-28T12:00:00
FC-012644,SEC-005,2026-07-29,19,0,0.81,2026-07-28T12:00:00
FC-012645,SEC-005,2026-07-29,20,0,0.83,2026-07-28T12:00:00
FC-012646,SEC-005,2026-07-29,21,1,0.86,2026-07-28T12:00:00
FC-012647,SEC-005,2026-07-29,22,1,0.73,2026-07-28T12:00:00
FC-012648,SEC-005,2026-07-29,23,0,0.76,2026-07-28T12:00:00
FC-012649,SEC-006,2026-07-29,0,3,0.72,2026-07-28T12:00:00
FC-012650,SEC-006,2026-07-29,1,3,0.89,2026-07-28T12:00:00
FC-012651,SEC-006,2026-07-29,2,4,0.82,2026-07-28T12:00:00
FC-012652,SEC-006,2026-07-29,3,2,0.93,2026-07-28T12:00:00
FC-012653,SEC-006,2026-07-29,4,0,0.88,2026-07-28T12:00:00
FC-012654,SEC-006,2026-07-29,5,1,0.9,2026-07-28T12:00:00
FC-012655,SEC-006,2026-07-29,6,1,0.85,2026-07-28T12:00:00
FC-012656,SEC-006,2026-07-29,7,0,0.79,2026-07-28T12:00:00
FC-012657,SEC-006,2026-07-29,8,0,0.78,2026-07-28T12:00:00
FC-012658,SEC-006,2026-07-29,9,1,0.81,2026-07-28T12:00:00
FC-012659,SEC-006,2026-07-29,10,0,0.78,2026-07-28T12:00:00
FC-012660,SEC-006,2026-07-29,11,1,0.9,2026-07-28T12:00:00
FC-012661,SEC-006,2026-07-29,12,0,0.83,2026-07-28T12:00:00
FC-012662,SEC-006,2026-07-29,13,0,0.79,2026-07-28T12:00:00
FC-012663,SEC-006,2026-07-29,14,0,0.81,2026-07-28T12:00:00
FC-012664,SEC-006,2026-07-29,15,0,0.79,2026-07-28T12:00:00
FC-012665,SEC-006,2026-07-29,16,0,0.93,2026-07-28T12:00:00
FC-012666,SEC-006,2026-07-29,17,0,0.72,2026-07-28T12:00:00
FC-012667,SEC-006,2026-07-29,18,0,0.9,2026-07-28T12:00:00
FC-012668,SEC-006,2026-07-29,19,1,0.9,2026-07-28T12:00:00
FC-012669,SEC-006,2026-07-29,20,0,0.95,2026-07-28T12:00:00
FC-012670,SEC-006,2026-07-29,21,0,0.82,2026-07-28T12:00:00
FC-012671,SEC-006,2026-07-29,22,1,0.91,2026-07-28T12:00:00
FC-012672,SEC-006,2026-07-29,23,2,0.92,2026-07-28T12:00:00
FC-012673,SEC-001,2026-07-30,0,1,0.76,2026-07-29T12:00:00
FC-012674,SEC-001,2026-07-30,1,5,0.84,2026-07-29T12:00:00
FC-012675,SEC-001,2026-07-30,2,3,0.84,2026-07-29T12:00:00
FC-012676,SEC-001,2026-07-30,3,1,0.87,2026-07-29T12:00:00
FC-012677,SEC-001,2026-07-30,4,0,0.7,2026-07-29T12:00:00
FC-012678,SEC-001,2026-07-30,5,1,0.92,2026-07-29T12:00:00
FC-012679,SEC-001,2026-07-30,6,0,0.94,2026-07-29T12:00:00
FC-012680,SEC-001,2026-07-30,7,1,0.93,2026-07-29T12:00:00
FC-012681,SEC-001,2026-07-30,8,0,0.73,2026-07-29T12:00:00
FC-012682,SEC-001,2026-07-30,9,0,0.74,2026-07-29T12:00:00
FC-012683,SEC-001,2026-07-30,10,0,0.87,2026-07-29T12:00:00
FC-012684,SEC-001,2026-07-30,11,0,0.81,2026-07-29T12:00:00
FC-012685,SEC-001,2026-07-30,12,0,0.86,2026-07-29T12:00:00
FC-012686,SEC-001,2026-07-30,13,0,0.86,2026-07-29T12:00:00
FC-012687,SEC-001,2026-07-30,14,2,0.74,2026-07-29T12:00:00
FC-012688,SEC-001,2026-07-30,15,0,0.9,2026-07-29T12:00:00
FC-012689,SEC-001,2026-07-30,16,0,0.87,2026-07-29T12:00:00
FC-012690,SEC-001,2026-07-30,17,0,0.83,2026-07-29T12:00:00
FC-012691,SEC-001,2026-07-30,18,1,0.94,2026-07-29T12:00:00
FC-012692,SEC-001,2026-07-30,19,1,0.85,2026-07-29T12:00:00
FC-012693,SEC-001,2026-07-30,20,0,0.82,2026-07-29T12:00:00
FC-012694,SEC-001,2026-07-30,21,0,0.71,2026-07-29T12:00:00
FC-012695,SEC-001,2026-07-30,22,2,0.75,2026-07-29T12:00:00
FC-012696,SEC-001,2026-07-30,23,0,0.87,2026-07-29T12:00:00
FC-012697,SEC-002,2026-07-30,0,3,0.81,2026-07-29T12:00:00
FC-012698,SEC-002,2026-07-30,1,3,0.71,2026-07-29T12:00:00
FC-012699,SEC-002,2026-07-30,2,2,0.79,2026-07-29T12:00:00
FC-012700,SEC-002,2026-07-30,3,1,0.72,2026-07-29T12:00:00
FC-012701,SEC-002,2026-07-30,4,2,0.91,2026-07-29T12:00:00
FC-012702,SEC-002,2026-07-30,5,0,0.73,2026-07-29T12:00:00
FC-012703,SEC-002,2026-07-30,6,1,0.89,2026-07-29T12:00:00
FC-012704,SEC-002,2026-07-30,7,0,0.83,2026-07-29T12:00:00
FC-012705,SEC-002,2026-07-30,8,0,0.73,2026-07-29T12:00:00
FC-012706,SEC-002,2026-07-30,9,0,0.71,2026-07-29T12:00:00
FC-012707,SEC-002,2026-07-30,10,0,0.9,2026-07-29T12:00:00
FC-012708,SEC-002,2026-07-30,11,0,0.89,2026-07-29T12:00:00
FC-012709,SEC-002,2026-07-30,12,0,0.93,2026-07-29T12:00:00
FC-012710,SEC-002,2026-07-30,13,0,0.87,2026-07-29T12:00:00
FC-012711,SEC-002,2026-07-30,14,1,0.82,2026-07-29T12:00:00
FC-012712,SEC-002,2026-07-30,15,1,0.86,2026-07-29T12:00:00
FC-012713,SEC-002,2026-07-30,16,0,0.78,2026-07-29T12:00:00
FC-012714,SEC-002,2026-07-30,17,0,0.92,2026-07-29T12:00:00
FC-012715,SEC-002,2026-07-30,18,0,0.76,2026-07-29T12:00:00
FC-012716,SEC-002,2026-07-30,19,1,0.8,2026-07-29T12:00:00
FC-012717,SEC-002,2026-07-30,20,0,0.87,2026-07-29T12:00:00
FC-012718,SEC-002,2026-07-30,21,0,0.82,2026-07-29T12:00:00
FC-012719,SEC-002,2026-07-30,22,3,0.75,2026-07-29T12:00:00
FC-012720,SEC-002,2026-07-30,23,3,0.8,2026-07-29T12:00:00
FC-012721,SEC-003,2026-07-30,0,3,0.77,2026-07-29T12:00:00
FC-012722,SEC-003,2026-07-30,1,2,0.73,2026-07-29T12:00:00
FC-012723,SEC-003,2026-07-30,2,3,0.84,2026-07-29T12:00:00
FC-012724,SEC-003,2026-07-30,3,1,0.88,2026-07-29T12:00:00
FC-012725,SEC-003,2026-07-30,4,0,0.92,2026-07-29T12:00:00
FC-012726,SEC-003,2026-07-30,5,0,0.87,2026-07-29T12:00:00
FC-012727,SEC-003,2026-07-30,6,0,0.74,2026-07-29T12:00:00
FC-012728,SEC-003,2026-07-30,7,0,0.74,2026-07-29T12:00:00
FC-012729,SEC-003,2026-07-30,8,0,0.88,2026-07-29T12:00:00
FC-012730,SEC-003,2026-07-30,9,0,0.94,2026-07-29T12:00:00
FC-012731,SEC-003,2026-07-30,10,0,0.9,2026-07-29T12:00:00
FC-012732,SEC-003,2026-07-30,11,1,0.77,2026-07-29T12:00:00
FC-012733,SEC-003,2026-07-30,12,0,0.87,2026-07-29T12:00:00
FC-012734,SEC-003,2026-07-30,13,1,0.8,2026-07-29T12:00:00
FC-012735,SEC-003,2026-07-30,14,1,0.72,2026-07-29T12:00:00
FC-012736,SEC-003,2026-07-30,15,0,0.94,2026-07-29T12:00:00
FC-012737,SEC-003,2026-07-30,16,0,0.77,2026-07-29T12:00:00
FC-012738,SEC-003,2026-07-30,17,1,0.91,2026-07-29T12:00:00
FC-012739,SEC-003,2026-07-30,18,0,0.88,2026-07-29T12:00:00
FC-012740,SEC-003,2026-07-30,19,0,0.84,2026-07-29T12:00:00
FC-012741,SEC-003,2026-07-30,20,0,0.71,2026-07-29T12:00:00
FC-012742,SEC-003,2026-07-30,21,1,0.94,2026-07-29T12:00:00
FC-012743,SEC-003,2026-07-30,22,2,0.83,2026-07-29T12:00:00
FC-012744,SEC-003,2026-07-30,23,7,0.85,2026-07-29T12:00:00
FC-012745,SEC-004,2026-07-30,0,1,0.72,2026-07-29T12:00:00
FC-012746,SEC-004,2026-07-30,1,1,0.95,2026-07-29T12:00:00
FC-012747,SEC-004,2026-07-30,2,2,0.83,2026-07-29T12:00:00
FC-012748,SEC-004,2026-07-30,3,0,0.84,2026-07-29T12:00:00
FC-012749,SEC-004,2026-07-30,4,2,0.83,2026-07-29T12:00:00
FC-012750,SEC-004,2026-07-30,5,0,0.93,2026-07-29T12:00:00
FC-012751,SEC-004,2026-07-30,6,0,0.77,2026-07-29T12:00:00
FC-012752,SEC-004,2026-07-30,7,0,0.78,2026-07-29T12:00:00
FC-012753,SEC-004,2026-07-30,8,0,0.73,2026-07-29T12:00:00
FC-012754,SEC-004,2026-07-30,9,0,0.81,2026-07-29T12:00:00
FC-012755,SEC-004,2026-07-30,10,1,0.78,2026-07-29T12:00:00
FC-012756,SEC-004,2026-07-30,11,0,0.75,2026-07-29T12:00:00
FC-012757,SEC-004,2026-07-30,12,1,0.92,2026-07-29T12:00:00
FC-012758,SEC-004,2026-07-30,13,0,0.92,2026-07-29T12:00:00
FC-012759,SEC-004,2026-07-30,14,0,0.76,2026-07-29T12:00:00
FC-012760,SEC-004,2026-07-30,15,0,0.73,2026-07-29T12:00:00
FC-012761,SEC-004,2026-07-30,16,0,0.71,2026-07-29T12:00:00
FC-012762,SEC-004,2026-07-30,17,0,0.88,2026-07-29T12:00:00
FC-012763,SEC-004,2026-07-30,18,0,0.75,2026-07-29T12:00:00
FC-012764,SEC-004,2026-07-30,19,2,0.8,2026-07-29T12:00:00
FC-012765,SEC-004,2026-07-30,20,0,0.74,2026-07-29T12:00:00
FC-012766,SEC-004,2026-07-30,21,0,0.79,2026-07-29T12:00:00
FC-012767,SEC-004,2026-07-30,22,0,0.93,2026-07-29T12:00:00
FC-012768,SEC-004,2026-07-30,23,1,0.72,2026-07-29T12:00:00
FC-012769,SEC-005,2026-07-30,0,1,0.92,2026-07-29T12:00:00
FC-012770,SEC-005,2026-07-30,1,4,0.73,2026-07-29T12:00:00
FC-012771,SEC-005,2026-07-30,2,2,0.82,2026-07-29T12:00:00
FC-012772,SEC-005,2026-07-30,3,1,0.71,2026-07-29T12:00:00
FC-012773,SEC-005,2026-07-30,4,2,0.94,2026-07-29T12:00:00
FC-012774,SEC-005,2026-07-30,5,0,0.85,2026-07-29T12:00:00
FC-012775,SEC-005,2026-07-30,6,0,0.87,2026-07-29T12:00:00
FC-012776,SEC-005,2026-07-30,7,0,0.72,2026-07-29T12:00:00
FC-012777,SEC-005,2026-07-30,8,1,0.76,2026-07-29T12:00:00
FC-012778,SEC-005,2026-07-30,9,0,0.87,2026-07-29T12:00:00
FC-012779,SEC-005,2026-07-30,10,0,0.93,2026-07-29T12:00:00
FC-012780,SEC-005,2026-07-30,11,0,0.81,2026-07-29T12:00:00
FC-012781,SEC-005,2026-07-30,12,1,0.76,2026-07-29T12:00:00
FC-012782,SEC-005,2026-07-30,13,0,0.71,2026-07-29T12:00:00
FC-012783,SEC-005,2026-07-30,14,1,0.76,2026-07-29T12:00:00
FC-012784,SEC-005,2026-07-30,15,0,0.88,2026-07-29T12:00:00
FC-012785,SEC-005,2026-07-30,16,0,0.81,2026-07-29T12:00:00
FC-012786,SEC-005,2026-07-30,17,0,0.81,2026-07-29T12:00:00
FC-012787,SEC-005,2026-07-30,18,0,0.83,2026-07-29T12:00:00
FC-012788,SEC-005,2026-07-30,19,1,0.82,2026-07-29T12:00:00
FC-012789,SEC-005,2026-07-30,20,0,0.85,2026-07-29T12:00:00
FC-012790,SEC-005,2026-07-30,21,1,0.76,2026-07-29T12:00:00
FC-012791,SEC-005,2026-07-30,22,1,0.85,2026-07-29T12:00:00
FC-012792,SEC-005,2026-07-30,23,3,0.72,2026-07-29T12:00:00
FC-012793,SEC-006,2026-07-30,0,0,0.93,2026-07-29T12:00:00
FC-012794,SEC-006,2026-07-30,1,2,0.84,2026-07-29T12:00:00
FC-012795,SEC-006,2026-07-30,2,1,0.94,2026-07-29T12:00:00
FC-012796,SEC-006,2026-07-30,3,3,0.77,2026-07-29T12:00:00
FC-012797,SEC-006,2026-07-30,4,4,0.79,2026-07-29T12:00:00
FC-012798,SEC-006,2026-07-30,5,2,0.82,2026-07-29T12:00:00
FC-012799,SEC-006,2026-07-30,6,0,0.76,2026-07-29T12:00:00
FC-012800,SEC-006,2026-07-30,7,1,0.83,2026-07-29T12:00:00
FC-012801,SEC-006,2026-07-30,8,0,0.92,2026-07-29T12:00:00
FC-012802,SEC-006,2026-07-30,9,0,0.92,2026-07-29T12:00:00
FC-012803,SEC-006,2026-07-30,10,0,0.92,2026-07-29T12:00:00
FC-012804,SEC-006,2026-07-30,11,0,0.72,2026-07-29T12:00:00
FC-012805,SEC-006,2026-07-30,12,1,0.92,2026-07-29T12:00:00
FC-012806,SEC-006,2026-07-30,13,0,0.72,2026-07-29T12:00:00
FC-012807,SEC-006,2026-07-30,14,0,0.9,2026-07-29T12:00:00
FC-012808,SEC-006,2026-07-30,15,0,0.82,2026-07-29T12:00:00
FC-012809,SEC-006,2026-07-30,16,0,0.85,2026-07-29T12:00:00
FC-012810,SEC-006,2026-07-30,17,0,0.93,2026-07-29T12:00:00
FC-012811,SEC-006,2026-07-30,18,1,0.9,2026-07-29T12:00:00
FC-012812,SEC-006,2026-07-30,19,0,0.89,2026-07-29T12:00:00
FC-012813,SEC-006,2026-07-30,20,0,0.85,2026-07-29T12:00:00
FC-012814,SEC-006,2026-07-30,21,0,0.76,2026-07-29T12:00:00
FC-012815,SEC-006,2026-07-30,22,0,0.83,2026-07-29T12:00:00
FC-012816,SEC-006,2026-07-30,23,2,0.75,2026-07-29T12:00:00
FC-012817,SEC-001,2026-07-31,0,3,0.92,2026-07-30T12:00:00
FC-012818,SEC-001,2026-07-31,1,1,0.76,2026-07-30T12:00:00
FC-012819,SEC-001,2026-07-31,2,0,0.74,2026-07-30T12:00:00
FC-012820,SEC-001,2026-07-31,3,1,0.71,2026-07-30T12:00:00
FC-012821,SEC-001,2026-07-31,4,2,0.78,2026-07-30T12:00:00
FC-012822,SEC-001,2026-07-31,5,0,0.81,2026-07-30T12:00:00
FC-012823,SEC-001,2026-07-31,6,1,0.74,2026-07-30T12:00:00
FC-012824,SEC-001,2026-07-31,7,0,0.93,2026-07-30T12:00:00
FC-012825,SEC-001,2026-07-31,8,1,0.87,2026-07-30T12:00:00
FC-012826,SEC-001,2026-07-31,9,0,0.88,2026-07-30T12:00:00
FC-012827,SEC-001,2026-07-31,10,1,0.82,2026-07-30T12:00:00
FC-012828,SEC-001,2026-07-31,11,0,0.8,2026-07-30T12:00:00
FC-012829,SEC-001,2026-07-31,12,0,0.8,2026-07-30T12:00:00
FC-012830,SEC-001,2026-07-31,13,1,0.93,2026-07-30T12:00:00
FC-012831,SEC-001,2026-07-31,14,0,0.76,2026-07-30T12:00:00
FC-012832,SEC-001,2026-07-31,15,0,0.92,2026-07-30T12:00:00
FC-012833,SEC-001,2026-07-31,16,1,0.88,2026-07-30T12:00:00
FC-012834,SEC-001,2026-07-31,17,1,0.9,2026-07-30T12:00:00
FC-012835,SEC-001,2026-07-31,18,0,0.89,2026-07-30T12:00:00
FC-012836,SEC-001,2026-07-31,19,1,0.74,2026-07-30T12:00:00
FC-012837,SEC-001,2026-07-31,20,0,0.88,2026-07-30T12:00:00
FC-012838,SEC-001,2026-07-31,21,0,0.73,2026-07-30T12:00:00
FC-012839,SEC-001,2026-07-31,22,0,0.83,2026-07-30T12:00:00
FC-012840,SEC-001,2026-07-31,23,6,0.74,2026-07-30T12:00:00
FC-012841,SEC-002,2026-07-31,0,0,0.76,2026-07-30T12:00:00
FC-012842,SEC-002,2026-07-31,1,0,0.79,2026-07-30T12:00:00
FC-012843,SEC-002,2026-07-31,2,0,0.8,2026-07-30T12:00:00
FC-012844,SEC-002,2026-07-31,3,3,0.85,2026-07-30T12:00:00
FC-012845,SEC-002,2026-07-31,4,3,0.94,2026-07-30T12:00:00
FC-012846,SEC-002,2026-07-31,5,0,0.83,2026-07-30T12:00:00
FC-012847,SEC-002,2026-07-31,6,0,0.77,2026-07-30T12:00:00
FC-012848,SEC-002,2026-07-31,7,0,0.73,2026-07-30T12:00:00
FC-012849,SEC-002,2026-07-31,8,1,0.75,2026-07-30T12:00:00
FC-012850,SEC-002,2026-07-31,9,2,0.77,2026-07-30T12:00:00
FC-012851,SEC-002,2026-07-31,10,0,0.71,2026-07-30T12:00:00
FC-012852,SEC-002,2026-07-31,11,0,0.91,2026-07-30T12:00:00
FC-012853,SEC-002,2026-07-31,12,0,0.92,2026-07-30T12:00:00
FC-012854,SEC-002,2026-07-31,13,1,0.9,2026-07-30T12:00:00
FC-012855,SEC-002,2026-07-31,14,0,0.74,2026-07-30T12:00:00
FC-012856,SEC-002,2026-07-31,15,1,0.89,2026-07-30T12:00:00
FC-012857,SEC-002,2026-07-31,16,1,0.85,2026-07-30T12:00:00
FC-012858,SEC-002,2026-07-31,17,1,0.74,2026-07-30T12:00:00
FC-012859,SEC-002,2026-07-31,18,1,0.76,2026-07-30T12:00:00
FC-012860,SEC-002,2026-07-31,19,0,0.93,2026-07-30T12:00:00
FC-012861,SEC-002,2026-07-31,20,0,0.76,2026-07-30T12:00:00
FC-012862,SEC-002,2026-07-31,21,1,0.84,2026-07-30T12:00:00
FC-012863,SEC-002,2026-07-31,22,3,0.7,2026-07-30T12:00:00
FC-012864,SEC-002,2026-07-31,23,3,0.73,2026-07-30T12:00:00
FC-012865,SEC-003,2026-07-31,0,0,0.7,2026-07-30T12:00:00
FC-012866,SEC-003,2026-07-31,1,2,0.79,2026-07-30T12:00:00
FC-012867,SEC-003,2026-07-31,2,2,0.78,2026-07-30T12:00:00
FC-012868,SEC-003,2026-07-31,3,2,0.86,2026-07-30T12:00:00
FC-012869,SEC-003,2026-07-31,4,2,0.94,2026-07-30T12:00:00
FC-012870,SEC-003,2026-07-31,5,0,0.83,2026-07-30T12:00:00
FC-012871,SEC-003,2026-07-31,6,0,0.8,2026-07-30T12:00:00
FC-012872,SEC-003,2026-07-31,7,0,0.72,2026-07-30T12:00:00
FC-012873,SEC-003,2026-07-31,8,0,0.76,2026-07-30T12:00:00
FC-012874,SEC-003,2026-07-31,9,1,0.81,2026-07-30T12:00:00
FC-012875,SEC-003,2026-07-31,10,1,0.9,2026-07-30T12:00:00
FC-012876,SEC-003,2026-07-31,11,0,0.74,2026-07-30T12:00:00
FC-012877,SEC-003,2026-07-31,12,0,0.8,2026-07-30T12:00:00
FC-012878,SEC-003,2026-07-31,13,1,0.82,2026-07-30T12:00:00
FC-012879,SEC-003,2026-07-31,14,0,0.86,2026-07-30T12:00:00
FC-012880,SEC-003,2026-07-31,15,1,0.81,2026-07-30T12:00:00
FC-012881,SEC-003,2026-07-31,16,0,0.88,2026-07-30T12:00:00
FC-012882,SEC-003,2026-07-31,17,1,0.95,2026-07-30T12:00:00
FC-012883,SEC-003,2026-07-31,18,1,0.9,2026-07-30T12:00:00
FC-012884,SEC-003,2026-07-31,19,0,0.75,2026-07-30T12:00:00
FC-012885,SEC-003,2026-07-31,20,0,0.78,2026-07-30T12:00:00
FC-012886,SEC-003,2026-07-31,21,0,0.87,2026-07-30T12:00:00
FC-012887,SEC-003,2026-07-31,22,1,0.93,2026-07-30T12:00:00
FC-012888,SEC-003,2026-07-31,23,1,0.91,2026-07-30T12:00:00
FC-012889,SEC-004,2026-07-31,0,2,0.71,2026-07-30T12:00:00
FC-012890,SEC-004,2026-07-31,1,1,0.73,2026-07-30T12:00:00
FC-012891,SEC-004,2026-07-31,2,3,0.83,2026-07-30T12:00:00
FC-012892,SEC-004,2026-07-31,3,6,0.8,2026-07-30T12:00:00
FC-012893,SEC-004,2026-07-31,4,2,0.79,2026-07-30T12:00:00
FC-012894,SEC-004,2026-07-31,5,0,0.91,2026-07-30T12:00:00
FC-012895,SEC-004,2026-07-31,6,0,0.74,2026-07-30T12:00:00
FC-012896,SEC-004,2026-07-31,7,0,0.78,2026-07-30T12:00:00
FC-012897,SEC-004,2026-07-31,8,0,0.73,2026-07-30T12:00:00
FC-012898,SEC-004,2026-07-31,9,0,0.75,2026-07-30T12:00:00
FC-012899,SEC-004,2026-07-31,10,0,0.77,2026-07-30T12:00:00
FC-012900,SEC-004,2026-07-31,11,0,0.8,2026-07-30T12:00:00
FC-012901,SEC-004,2026-07-31,12,0,0.77,2026-07-30T12:00:00
FC-012902,SEC-004,2026-07-31,13,0,0.74,2026-07-30T12:00:00
FC-012903,SEC-004,2026-07-31,14,0,0.74,2026-07-30T12:00:00
FC-012904,SEC-004,2026-07-31,15,1,0.93,2026-07-30T12:00:00
FC-012905,SEC-004,2026-07-31,16,0,0.8,2026-07-30T12:00:00
FC-012906,SEC-004,2026-07-31,17,0,0.95,2026-07-30T12:00:00
FC-012907,SEC-004,2026-07-31,18,0,0.84,2026-07-30T12:00:00
FC-012908,SEC-004,2026-07-31,19,1,0.94,2026-07-30T12:00:00
FC-012909,SEC-004,2026-07-31,20,0,0.89,2026-07-30T12:00:00
FC-012910,SEC-004,2026-07-31,21,0,0.79,2026-07-30T12:00:00
FC-012911,SEC-004,2026-07-31,22,2,0.72,2026-07-30T12:00:00
FC-012912,SEC-004,2026-07-31,23,1,0.75,2026-07-30T12:00:00
FC-012913,SEC-005,2026-07-31,0,5,0.76,2026-07-30T12:00:00
FC-012914,SEC-005,2026-07-31,1,0,0.77,2026-07-30T12:00:00
FC-012915,SEC-005,2026-07-31,2,0,0.77,2026-07-30T12:00:00
FC-012916,SEC-005,2026-07-31,3,3,0.93,2026-07-30T12:00:00
FC-012917,SEC-005,2026-07-31,4,0,0.81,2026-07-30T12:00:00
FC-012918,SEC-005,2026-07-31,5,1,0.89,2026-07-30T12:00:00
FC-012919,SEC-005,2026-07-31,6,1,0.89,2026-07-30T12:00:00
FC-012920,SEC-005,2026-07-31,7,0,0.76,2026-07-30T12:00:00
FC-012921,SEC-005,2026-07-31,8,0,0.88,2026-07-30T12:00:00
FC-012922,SEC-005,2026-07-31,9,0,0.84,2026-07-30T12:00:00
FC-012923,SEC-005,2026-07-31,10,0,0.8,2026-07-30T12:00:00
FC-012924,SEC-005,2026-07-31,11,0,0.76,2026-07-30T12:00:00
FC-012925,SEC-005,2026-07-31,12,1,0.84,2026-07-30T12:00:00
FC-012926,SEC-005,2026-07-31,13,1,0.94,2026-07-30T12:00:00
FC-012927,SEC-005,2026-07-31,14,0,0.73,2026-07-30T12:00:00
FC-012928,SEC-005,2026-07-31,15,0,0.94,2026-07-30T12:00:00
FC-012929,SEC-005,2026-07-31,16,0,0.7,2026-07-30T12:00:00
FC-012930,SEC-005,2026-07-31,17,1,0.77,2026-07-30T12:00:00
FC-012931,SEC-005,2026-07-31,18,1,0.79,2026-07-30T12:00:00
FC-012932,SEC-005,2026-07-31,19,0,0.86,2026-07-30T12:00:00
FC-012933,SEC-005,2026-07-31,20,0,0.82,2026-07-30T12:00:00
FC-012934,SEC-005,2026-07-31,21,0,0.8,2026-07-30T12:00:00
FC-012935,SEC-005,2026-07-31,22,1,0.91,2026-07-30T12:00:00
FC-012936,SEC-005,2026-07-31,23,1,0.86,2026-07-30T12:00:00
FC-012937,SEC-006,2026-07-31,0,4,0.9,2026-07-30T12:00:00
FC-012938,SEC-006,2026-07-31,1,1,0.71,2026-07-30T12:00:00
FC-012939,SEC-006,2026-07-31,2,1,0.85,2026-07-30T12:00:00
FC-012940,SEC-006,2026-07-31,3,4,0.93,2026-07-30T12:00:00
FC-012941,SEC-006,2026-07-31,4,0,0.71,2026-07-30T12:00:00
FC-012942,SEC-006,2026-07-31,5,0,0.9,2026-07-30T12:00:00
FC-012943,SEC-006,2026-07-31,6,0,0.93,2026-07-30T12:00:00
FC-012944,SEC-006,2026-07-31,7,0,0.85,2026-07-30T12:00:00
FC-012945,SEC-006,2026-07-31,8,1,0.79,2026-07-30T12:00:00
FC-012946,SEC-006,2026-07-31,9,0,0.72,2026-07-30T12:00:00
FC-012947,SEC-006,2026-07-31,10,1,0.94,2026-07-30T12:00:00
FC-012948,SEC-006,2026-07-31,11,0,0.93,2026-07-30T12:00:00
FC-012949,SEC-006,2026-07-31,12,1,0.93,2026-07-30T12:00:00
FC-012950,SEC-006,2026-07-31,13,0,0.72,2026-07-30T12:00:00
FC-012951,SEC-006,2026-07-31,14,0,0.87,2026-07-30T12:00:00
FC-012952,SEC-006,2026-07-31,15,0,0.81,2026-07-30T12:00:00
FC-012953,SEC-006,2026-07-31,16,0,0.94,2026-07-30T12:00:00
FC-012954,SEC-006,2026-07-31,17,1,0.9,2026-07-30T12:00:00
FC-012955,SEC-006,2026-07-31,18,0,0.74,2026-07-30T12:00:00
FC-012956,SEC-006,2026-07-31,19,0,0.91,2026-07-30T12:00:00
FC-012957,SEC-006,2026-07-31,20,2,0.81,2026-07-30T12:00:00
FC-012958,SEC-006,2026-07-31,21,0,0.84,2026-07-30T12:00:00
FC-012959,SEC-006,2026-07-31,22,1,0.86,2026-07-30T12:00:00
FC-012960,SEC-006,2026-07-31,23,2,0.8,2026-07-30T12:00:00
FC-012961,SEC-001,2026-08-01,0,2,0.76,2026-07-31T12:00:00
FC-012962,SEC-001,2026-08-01,1,3,0.84,2026-07-31T12:00:00
FC-012963,SEC-001,2026-08-01,2,1,0.89,2026-07-31T12:00:00
FC-012964,SEC-001,2026-08-01,3,1,0.77,2026-07-31T12:00:00
FC-012965,SEC-001,2026-08-01,4,2,0.82,2026-07-31T12:00:00
FC-012966,SEC-001,2026-08-01,5,0,0.93,2026-07-31T12:00:00
FC-012967,SEC-001,2026-08-01,6,1,0.75,2026-07-31T12:00:00
FC-012968,SEC-001,2026-08-01,7,0,0.75,2026-07-31T12:00:00
FC-012969,SEC-001,2026-08-01,8,0,0.76,2026-07-31T12:00:00
FC-012970,SEC-001,2026-08-01,9,1,0.78,2026-07-31T12:00:00
FC-012971,SEC-001,2026-08-01,10,0,0.88,2026-07-31T12:00:00
FC-012972,SEC-001,2026-08-01,11,2,0.74,2026-07-31T12:00:00
FC-012973,SEC-001,2026-08-01,12,2,0.94,2026-07-31T12:00:00
FC-012974,SEC-001,2026-08-01,13,0,0.84,2026-07-31T12:00:00
FC-012975,SEC-001,2026-08-01,14,0,0.94,2026-07-31T12:00:00
FC-012976,SEC-001,2026-08-01,15,0,0.94,2026-07-31T12:00:00
FC-012977,SEC-001,2026-08-01,16,1,0.87,2026-07-31T12:00:00
FC-012978,SEC-001,2026-08-01,17,1,0.8,2026-07-31T12:00:00
FC-012979,SEC-001,2026-08-01,18,0,0.91,2026-07-31T12:00:00
FC-012980,SEC-001,2026-08-01,19,2,0.92,2026-07-31T12:00:00
FC-012981,SEC-001,2026-08-01,20,1,0.77,2026-07-31T12:00:00
FC-012982,SEC-001,2026-08-01,21,0,0.72,2026-07-31T12:00:00
FC-012983,SEC-001,2026-08-01,22,1,0.78,2026-07-31T12:00:00
FC-012984,SEC-001,2026-08-01,23,1,0.94,2026-07-31T12:00:00
FC-012985,SEC-002,2026-08-01,0,1,0.75,2026-07-31T12:00:00
FC-012986,SEC-002,2026-08-01,1,1,0.91,2026-07-31T12:00:00
FC-012987,SEC-002,2026-08-01,2,1,0.81,2026-07-31T12:00:00
FC-012988,SEC-002,2026-08-01,3,1,0.94,2026-07-31T12:00:00
FC-012989,SEC-002,2026-08-01,4,2,0.78,2026-07-31T12:00:00
FC-012990,SEC-002,2026-08-01,5,0,0.77,2026-07-31T12:00:00
FC-012991,SEC-002,2026-08-01,6,0,0.72,2026-07-31T12:00:00
FC-012992,SEC-002,2026-08-01,7,0,0.7,2026-07-31T12:00:00
FC-012993,SEC-002,2026-08-01,8,0,0.93,2026-07-31T12:00:00
FC-012994,SEC-002,2026-08-01,9,0,0.72,2026-07-31T12:00:00
FC-012995,SEC-002,2026-08-01,10,0,0.85,2026-07-31T12:00:00
FC-012996,SEC-002,2026-08-01,11,0,0.8,2026-07-31T12:00:00
FC-012997,SEC-002,2026-08-01,12,0,0.94,2026-07-31T12:00:00
FC-012998,SEC-002,2026-08-01,13,2,0.76,2026-07-31T12:00:00
FC-012999,SEC-002,2026-08-01,14,0,0.8,2026-07-31T12:00:00
FC-013000,SEC-002,2026-08-01,15,1,0.78,2026-07-31T12:00:00
FC-013001,SEC-002,2026-08-01,16,2,0.87,2026-07-31T12:00:00
FC-013002,SEC-002,2026-08-01,17,1,0.81,2026-07-31T12:00:00
FC-013003,SEC-002,2026-08-01,18,0,0.89,2026-07-31T12:00:00
FC-013004,SEC-002,2026-08-01,19,0,0.94,2026-07-31T12:00:00
FC-013005,SEC-002,2026-08-01,20,0,0.93,2026-07-31T12:00:00
FC-013006,SEC-002,2026-08-01,21,2,0.82,2026-07-31T12:00:00
FC-013007,SEC-002,2026-08-01,22,1,0.73,2026-07-31T12:00:00
FC-013008,SEC-002,2026-08-01,23,2,0.78,2026-07-31T12:00:00
FC-013009,SEC-003,2026-08-01,0,1,0.83,2026-07-31T12:00:00
FC-013010,SEC-003,2026-08-01,1,2,0.77,2026-07-31T12:00:00
FC-013011,SEC-003,2026-08-01,2,1,0.94,2026-07-31T12:00:00
FC-013012,SEC-003,2026-08-01,3,3,0.89,2026-07-31T12:00:00
FC-013013,SEC-003,2026-08-01,4,2,0.89,2026-07-31T12:00:00
FC-013014,SEC-003,2026-08-01,5,1,0.83,2026-07-31T12:00:00
FC-013015,SEC-003,2026-08-01,6,1,0.78,2026-07-31T12:00:00
FC-013016,SEC-003,2026-08-01,7,0,0.7,2026-07-31T12:00:00
FC-013017,SEC-003,2026-08-01,8,0,0.73,2026-07-31T12:00:00
FC-013018,SEC-003,2026-08-01,9,0,0.91,2026-07-31T12:00:00
FC-013019,SEC-003,2026-08-01,10,2,0.79,2026-07-31T12:00:00
FC-013020,SEC-003,2026-08-01,11,1,0.74,2026-07-31T12:00:00
FC-013021,SEC-003,2026-08-01,12,0,0.74,2026-07-31T12:00:00
FC-013022,SEC-003,2026-08-01,13,2,0.71,2026-07-31T12:00:00
FC-013023,SEC-003,2026-08-01,14,0,0.92,2026-07-31T12:00:00
FC-013024,SEC-003,2026-08-01,15,1,0.81,2026-07-31T12:00:00
FC-013025,SEC-003,2026-08-01,16,0,0.8,2026-07-31T12:00:00
FC-013026,SEC-003,2026-08-01,17,1,0.83,2026-07-31T12:00:00
FC-013027,SEC-003,2026-08-01,18,0,0.88,2026-07-31T12:00:00
FC-013028,SEC-003,2026-08-01,19,1,0.73,2026-07-31T12:00:00
FC-013029,SEC-003,2026-08-01,20,0,0.83,2026-07-31T12:00:00
FC-013030,SEC-003,2026-08-01,21,1,0.89,2026-07-31T12:00:00
FC-013031,SEC-003,2026-08-01,22,2,0.8,2026-07-31T12:00:00
FC-013032,SEC-003,2026-08-01,23,4,0.79,2026-07-31T12:00:00
FC-013033,SEC-004,2026-08-01,0,1,0.76,2026-07-31T12:00:00
FC-013034,SEC-004,2026-08-01,1,1,0.75,2026-07-31T12:00:00
FC-013035,SEC-004,2026-08-01,2,0,0.76,2026-07-31T12:00:00
FC-013036,SEC-004,2026-08-01,3,1,0.73,2026-07-31T12:00:00
FC-013037,SEC-004,2026-08-01,4,2,0.9,2026-07-31T12:00:00
FC-013038,SEC-004,2026-08-01,5,1,0.91,2026-07-31T12:00:00
FC-013039,SEC-004,2026-08-01,6,1,0.91,2026-07-31T12:00:00
FC-013040,SEC-004,2026-08-01,7,0,0.81,2026-07-31T12:00:00
FC-013041,SEC-004,2026-08-01,8,0,0.71,2026-07-31T12:00:00
FC-013042,SEC-004,2026-08-01,9,0,0.75,2026-07-31T12:00:00
FC-013043,SEC-004,2026-08-01,10,0,0.71,2026-07-31T12:00:00
FC-013044,SEC-004,2026-08-01,11,0,0.81,2026-07-31T12:00:00
FC-013045,SEC-004,2026-08-01,12,0,0.75,2026-07-31T12:00:00
FC-013046,SEC-004,2026-08-01,13,0,0.79,2026-07-31T12:00:00
FC-013047,SEC-004,2026-08-01,14,0,0.76,2026-07-31T12:00:00
FC-013048,SEC-004,2026-08-01,15,1,0.8,2026-07-31T12:00:00
FC-013049,SEC-004,2026-08-01,16,1,0.72,2026-07-31T12:00:00
FC-013050,SEC-004,2026-08-01,17,0,0.93,2026-07-31T12:00:00
FC-013051,SEC-004,2026-08-01,18,1,0.72,2026-07-31T12:00:00
FC-013052,SEC-004,2026-08-01,19,0,0.82,2026-07-31T12:00:00
FC-013053,SEC-004,2026-08-01,20,0,0.89,2026-07-31T12:00:00
FC-013054,SEC-004,2026-08-01,21,0,0.82,2026-07-31T12:00:00
FC-013055,SEC-004,2026-08-01,22,1,0.91,2026-07-31T12:00:00
FC-013056,SEC-004,2026-08-01,23,5,0.83,2026-07-31T12:00:00
FC-013057,SEC-005,2026-08-01,0,1,0.7,2026-07-31T12:00:00
FC-013058,SEC-005,2026-08-01,1,0,0.81,2026-07-31T12:00:00
FC-013059,SEC-005,2026-08-01,2,2,0.73,2026-07-31T12:00:00
FC-013060,SEC-005,2026-08-01,3,1,0.85,2026-07-31T12:00:00
FC-013061,SEC-005,2026-08-01,4,1,0.91,2026-07-31T12:00:00
FC-013062,SEC-005,2026-08-01,5,0,0.75,2026-07-31T12:00:00
FC-013063,SEC-005,2026-08-01,6,0,0.74,2026-07-31T12:00:00
FC-013064,SEC-005,2026-08-01,7,0,0.79,2026-07-31T12:00:00
FC-013065,SEC-005,2026-08-01,8,1,0.74,2026-07-31T12:00:00
FC-013066,SEC-005,2026-08-01,9,1,0.94,2026-07-31T12:00:00
FC-013067,SEC-005,2026-08-01,10,1,0.83,2026-07-31T12:00:00
FC-013068,SEC-005,2026-08-01,11,0,0.95,2026-07-31T12:00:00
FC-013069,SEC-005,2026-08-01,12,0,0.79,2026-07-31T12:00:00
FC-013070,SEC-005,2026-08-01,13,1,0.78,2026-07-31T12:00:00
FC-013071,SEC-005,2026-08-01,14,0,0.89,2026-07-31T12:00:00
FC-013072,SEC-005,2026-08-01,15,0,0.82,2026-07-31T12:00:00
FC-013073,SEC-005,2026-08-01,16,0,0.88,2026-07-31T12:00:00
FC-013074,SEC-005,2026-08-01,17,0,0.7,2026-07-31T12:00:00
FC-013075,SEC-005,2026-08-01,18,0,0.82,2026-07-31T12:00:00
FC-013076,SEC-005,2026-08-01,19,0,0.87,2026-07-31T12:00:00
FC-013077,SEC-005,2026-08-01,20,0,0.81,2026-07-31T12:00:00
FC-013078,SEC-005,2026-08-01,21,2,0.9,2026-07-31T12:00:00
FC-013079,SEC-005,2026-08-01,22,4,0.72,2026-07-31T12:00:00
FC-013080,SEC-005,2026-08-01,23,0,0.73,2026-07-31T12:00:00
FC-013081,SEC-006,2026-08-01,0,0,0.89,2026-07-31T12:00:00
FC-013082,SEC-006,2026-08-01,1,1,0.7,2026-07-31T12:00:00
FC-013083,SEC-006,2026-08-01,2,1,0.84,2026-07-31T12:00:00
FC-013084,SEC-006,2026-08-01,3,1,0.71,2026-07-31T12:00:00
FC-013085,SEC-006,2026-08-01,4,2,0.77,2026-07-31T12:00:00
FC-013086,SEC-006,2026-08-01,5,1,0.93,2026-07-31T12:00:00
FC-013087,SEC-006,2026-08-01,6,0,0.92,2026-07-31T12:00:00
FC-013088,SEC-006,2026-08-01,7,1,0.8,2026-07-31T12:00:00
FC-013089,SEC-006,2026-08-01,8,0,0.83,2026-07-31T12:00:00
FC-013090,SEC-006,2026-08-01,9,1,0.72,2026-07-31T12:00:00
FC-013091,SEC-006,2026-08-01,10,0,0.72,2026-07-31T12:00:00
FC-013092,SEC-006,2026-08-01,11,1,0.83,2026-07-31T12:00:00
FC-013093,SEC-006,2026-08-01,12,0,0.71,2026-07-31T12:00:00
FC-013094,SEC-006,2026-08-01,13,1,0.79,2026-07-31T12:00:00
FC-013095,SEC-006,2026-08-01,14,0,0.79,2026-07-31T12:00:00
FC-013096,SEC-006,2026-08-01,15,0,0.93,2026-07-31T12:00:00
FC-013097,SEC-006,2026-08-01,16,0,0.86,2026-07-31T12:00:00
FC-013098,SEC-006,2026-08-01,17,1,0.92,2026-07-31T12:00:00
FC-013099,SEC-006,2026-08-01,18,1,0.81,2026-07-31T12:00:00
FC-013100,SEC-006,2026-08-01,19,1,0.84,2026-07-31T12:00:00
FC-013101,SEC-006,2026-08-01,20,1,0.71,2026-07-31T12:00:00
FC-013102,SEC-006,2026-08-01,21,1,0.88,2026-07-31T12:00:00
FC-013103,SEC-006,2026-08-01,22,1,0.8,2026-07-31T12:00:00
FC-013104,SEC-006,2026-08-01,23,0,0.71,2026-07-31T12:00:00
