history_id,task_id,actual_start,actual_end,work_done,completion_status,actual_duration_minutes,team_lead
HIST-00002,TASK-00002,2024-02-13T00:20:00,2024-02-13T02:20:00,Rectified deferred defect: Excessive Rail Wear.,COMPLETED,120,T-101 (Engineering Gang)
HIST-00001,TASK-00001,2024-02-05T00:00:00,2024-02-05T00:00:00,Task deferred: Scheduled window could not be granted due to traffic overhead.,DEFERRED,0,T-202
HIST-00004,TASK-00004,2026-01-29T00:21:00,2026-01-29T02:21:00,Rectified deferred defect: Track Parameter Deviation.,COMPLETED,120,T-201 (Signal Staff)
HIST-00003,TASK-00003,2026-01-24T00:00:00,2026-01-24T00:00:00,Task deferred: Scheduled window could not be granted due to traffic overhead.,DEFERRED,0,T-302
HIST-00005,TASK-00005,2026-07-20T01:01:00,2026-07-20T05:31:00,Rectified defect: Track Parameter Deviation. Restored parameter to nominal bounds.,COMPLETED,270,T-202
HIST-00008,TASK-00008,2024-04-12T23:56:00,2024-04-13T02:16:00,Rectified defect: Excessive Rail Wear. Restored parameter to nominal bounds.,COMPLETED,140,T-101 (Engineering Gang)
HIST-00012,TASK-00013,2025-07-17T08:58:00,2025-07-17T12:37:00,Rectified defect: Excessive Rail Wear. Restored parameter to nominal bounds.,COMPLETED,219,T-201 (Signal Staff)
HIST-00013,TASK-00014,2025-03-29T00:56:00,2025-03-29T01:58:00,Rectified defect: Track Parameter Deviation. Restored parameter to nominal bounds.,COMPLETED,62,T-202
HIST-00015,TASK-00016,2026-06-12T08:24:00,2026-06-12T12:24:00,Rectified deferred defect: Excessive Rail Wear.,COMPLETED,240,T-202
HIST-00014,TASK-00015,2026-06-05T08:00:00,2026-06-05T08:00:00,Task deferred: Scheduled window could not be granted due to traffic overhead.,DEFERRED,0,T-302
HIST-00016,TASK-00017,2026-04-16T00:58:00,2026-04-16T02:03:00,Rectified defect: Track Parameter Deviation. Restored parameter to nominal bounds.,COMPLETED,65,T-101 (Engineering Gang)
HIST-00021,TASK-00022,2024-01-14T11:58:00,2024-01-14T15:46:00,Rectified defect: Excessive Rail Wear. Restored parameter to nominal bounds.,COMPLETED,228,T-201 (Signal Staff)
HIST-00024,TASK-00025,2025-11-08T00:29:00,2025-11-08T02:33:00,Rectified defect: Track Parameter Deviation. Restored parameter to nominal bounds.,COMPLETED,124,T-302
HIST-00035,TASK-00039,2025-09-05T00:27:00,2025-09-05T01:25:00,Rectified defect: Track Parameter Deviation. Restored parameter to nominal bounds.,COMPLETED,58,T-202
HIST-00038,TASK-00042,2025-11-17T00:03:00,2025-11-17T01:58:00,Rectified defect: Excessive Rail Wear. Restored parameter to nominal bounds.,COMPLETED,115,T-302
HIST-00040,TASK-00044,2024-04-22T00:19:00,2024-04-22T01:19:00,Rectified deferred defect: REPETITIVE: Track Parameter Deviation.,COMPLETED,60,T-102
HIST-00039,TASK-00043,2024-04-20T00:00:00,2024-04-20T00:00:00,Task deferred: Scheduled window could not be granted due to traffic overhead.,DEFERRED,0,T-202
HIST-00041,TASK-00045,2025-03-21T11:11:00,2025-03-21T14:51:00,Rectified defect: Track Parameter Deviation. Restored parameter to nominal bounds.,COMPLETED,220,T-201 (Signal Staff)
HIST-00049,TASK-00053,2024-01-04T05:23:00,2024-01-04T10:00:00,Rectified defect: Excessive Rail Wear. Restored parameter to nominal bounds.,COMPLETED,277,T-202
HIST-00050,TASK-00054,2024-09-30T10:47:00,2024-09-30T14:29:00,Rectified defect: Track Parameter Deviation. Restored parameter to nominal bounds.,COMPLETED,222,T-202
HIST-00051,TASK-00055,2025-09-28T00:32:00,2025-09-28T02:53:00,Rectified defect: Excessive Rail Wear. Restored parameter to nominal bounds.,COMPLETED,141,T-301 (OHE Gang)
HIST-00060,TASK-00064,2026-07-01T23:49:00,2026-07-02T02:04:00,Rectified defect: Excessive Rail Wear. Restored parameter to nominal bounds.,COMPLETED,135,T-301 (OHE Gang)
HIST-00061,TASK-00065,2026-07-10T00:41:00,2026-07-10T03:00:00,Rectified defect: Excessive Rail Wear. Restored parameter to nominal bounds.,COMPLETED,139,T-102
HIST-00070,TASK-00076,2024-04-19T03:56:00,2024-04-19T08:32:00,Rectified defect: Track Parameter Deviation. Restored parameter to nominal bounds.,COMPLETED,276,T-202
HIST-00071,TASK-00077,2025-05-02T00:15:00,2025-05-02T02:13:00,Rectified defect: Track Parameter Deviation. Restored parameter to nominal bounds.,COMPLETED,118,T-102
HIST-00072,TASK-00078,2026-07-24T05:15:00,2026-07-24T09:15:00,Rectified defect: Track Parameter Deviation. Restored parameter to nominal bounds.,COMPLETED,240,T-201 (Signal Staff)
HIST-00078,TASK-00084,2024-04-11T00:42:00,2024-04-11T02:54:00,Rectified defect: Excessive Rail Wear. Restored parameter to nominal bounds.,COMPLETED,132,T-201 (Signal Staff)
HIST-00080,TASK-00086,2026-01-08T00:22:00,2026-01-08T02:22:00,Rectified deferred defect: Excessive Rail Wear.,COMPLETED,120,T-101 (Engineering Gang)
HIST-00079,TASK-00085,2026-01-03T00:00:00,2026-01-03T00:00:00,Task deferred: Scheduled window could not be granted due to traffic overhead.,DEFERRED,0,T-102
HIST-00082,TASK-00088,2026-04-09T00:03:00,2026-04-09T02:03:00,Rectified deferred defect: Track Parameter Deviation.,COMPLETED,120,T-102
HIST-00081,TASK-00087,2026-03-31T00:00:00,2026-03-31T00:00:00,Task deferred: Scheduled window could not be granted due to traffic overhead.,DEFERRED,0,T-102
HIST-00084,TASK-00090,2024-08-30T00:23:00,2024-08-30T01:32:00,Rectified defect: Track Parameter Deviation. Restored parameter to nominal bounds.,COMPLETED,69,T-202
HIST-00086,TASK-00092,2024-12-20T05:26:00,2024-12-20T09:26:00,Rectified deferred defect: Excessive Rail Wear.,COMPLETED,240,T-302
HIST-00085,TASK-00091,2024-12-16T05:00:00,2024-12-16T05:00:00,Task deferred: Scheduled window could not be granted due to traffic overhead.,DEFERRED,0,T-201 (Signal Staff)
HIST-00087,TASK-00093,2025-03-27T00:58:00,2025-03-27T01:58:00,Rectified defect: REPETITIVE: Track Parameter Deviation. Restored parameter to nominal bounds.,COMPLETED,60,T-102
HIST-00088,TASK-00094,2023-11-03T23:57:00,2023-11-04T02:07:00,Rectified defect: Track Parameter Deviation. Restored parameter to nominal bounds.,COMPLETED,130,T-301 (OHE Gang)
HIST-00089,TASK-00095,2026-04-20T09:34:00,2026-04-20T14:29:00,Rectified defect: Excessive Rail Wear. Restored parameter to nominal bounds.,COMPLETED,295,T-301 (OHE Gang)
HIST-00090,TASK-00096,2023-10-18T00:06:00,2023-10-18T01:54:00,Rectified defect: Track Parameter Deviation. Restored parameter to nominal bounds.,COMPLETED,108,T-102
HIST-00091,TASK-00097,2024-09-14T23:45:00,2024-09-15T00:57:00,Rectified defect: Track Parameter Deviation. Restored parameter to nominal bounds.,COMPLETED,72,T-302
HIST-00093,TASK-00099,2024-06-17T11:02:00,2024-06-17T15:02:00,Rectified deferred defect: Track Parameter Deviation.,COMPLETED,240,T-202
HIST-00092,TASK-00098,2024-06-12T11:00:00,2024-06-12T11:00:00,Task deferred: Scheduled window could not be granted due to traffic overhead.,DEFERRED,0,T-301 (OHE Gang)
HIST-00110,TASK-00118,2025-09-16T03:05:00,2025-09-16T07:05:00,Rectified deferred defect: REPETITIVE: Excessive Rail Wear.,COMPLETED,240,T-202
HIST-00109,TASK-00117,2025-09-13T03:00:00,2025-09-13T03:00:00,Task deferred: Scheduled window could not be granted due to traffic overhead.,DEFERRED,0,T-201 (Signal Staff)
HIST-00111,TASK-00119,2026-06-16T05:04:00,2026-06-16T09:26:00,Rectified defect: Excessive Rail Wear. Restored parameter to nominal bounds.,COMPLETED,262,T-201 (Signal Staff)
HIST-00138,TASK-00148,2025-06-29T23:54:00,2025-06-30T01:51:00,Rectified defect: Track Parameter Deviation. Restored parameter to nominal bounds.,COMPLETED,117,T-102
HIST-00139,TASK-00149,2024-03-19T11:59:00,2024-03-19T15:58:00,Rectified defect: Track Parameter Deviation. Restored parameter to nominal bounds.,COMPLETED,239,T-101 (Engineering Gang)
HIST-00155,TASK-00165,2026-07-26T23:48:00,2026-07-27T01:01:00,Rectified defect: Track Parameter Deviation. Restored parameter to nominal bounds.,COMPLETED,73,T-301 (OHE Gang)
HIST-00156,TASK-00166,2026-07-26T05:30:00,2026-07-26T09:11:00,Rectified defect: Track Parameter Deviation. Restored parameter to nominal bounds.,COMPLETED,221,T-201 (Signal Staff)
HIST-00161,TASK-00171,2024-12-03T00:03:00,2024-12-03T02:03:00,Rectified deferred defect: Excessive Rail Wear.,COMPLETED,120,T-301 (OHE Gang)
HIST-00160,TASK-00170,2024-12-01T00:00:00,2024-12-01T00:00:00,Task deferred: Scheduled window could not be granted due to traffic overhead.,DEFERRED,0,T-202
HIST-00162,TASK-00172,2025-11-24T23:52:00,2025-11-25T02:04:00,Rectified defect: Excessive Rail Wear. Restored parameter to nominal bounds.,COMPLETED,132,T-101 (Engineering Gang)
HIST-00166,TASK-00177,2024-02-21T00:01:00,2024-02-21T02:25:00,Rectified defect: Excessive Rail Wear. Restored parameter to nominal bounds.,COMPLETED,144,T-102
HIST-00167,TASK-00178,2026-03-21T04:58:00,2026-03-21T09:09:00,Rectified defect: REPETITIVE: Track Parameter Deviation. Restored parameter to nominal bounds.,COMPLETED,251,T-102
HIST-00173,TASK-00184,2026-03-16T00:09:00,2026-03-16T02:05:00,Rectified defect: REPETITIVE: Excessive Rail Wear. Restored parameter to nominal bounds.,COMPLETED,116,T-101 (Engineering Gang)
HIST-00174,TASK-00185,2025-07-08T02:11:00,2025-07-08T06:23:00,Rectified defect: Excessive Rail Wear. Restored parameter to nominal bounds.,COMPLETED,252,T-302
HIST-00175,TASK-00186,2026-04-09T00:45:00,2026-04-09T03:01:00,Rectified defect: Excessive Rail Wear. Restored parameter to nominal bounds.,COMPLETED,136,T-102
HIST-00176,TASK-00187,2025-02-21T00:28:00,2025-02-21T01:32:00,Rectified defect: Track Parameter Deviation. Restored parameter to nominal bounds.,COMPLETED,64,T-101 (Engineering Gang)
HIST-00177,TASK-00188,2026-02-02T00:21:00,2026-02-02T02:22:00,Rectified defect: Excessive Rail Wear. Restored parameter to nominal bounds.,COMPLETED,121,T-302
HIST-00178,TASK-00189,2026-05-03T00:51:00,2026-05-03T03:14:00,Rectified defect: Track Parameter Deviation. Restored parameter to nominal bounds.,COMPLETED,143,T-102
HIST-00203,TASK-00214,2025-12-30T08:21:00,2025-12-30T12:21:00,Rectified deferred defect: Excessive Rail Wear.,COMPLETED,240,T-301 (OHE Gang)
HIST-00202,TASK-00213,2025-12-27T08:00:00,2025-12-27T08:00:00,Task deferred: Scheduled window could not be granted due to traffic overhead.,DEFERRED,0,T-201 (Signal Staff)
HIST-00204,TASK-00215,2024-11-11T23:53:00,2024-11-12T02:21:00,Rectified defect: Excessive Rail Wear. Restored parameter to nominal bounds.,COMPLETED,148,T-201 (Signal Staff)
HIST-00226,TASK-00237,2024-05-27T00:09:00,2024-05-27T02:26:00,Rectified defect: Excessive Rail Wear. Restored parameter to nominal bounds.,COMPLETED,137,T-302
HIST-00228,TASK-00239,2025-07-31T00:09:00,2025-07-31T02:17:00,Rectified defect: Excessive Rail Wear. Restored parameter to nominal bounds.,COMPLETED,128,T-302
HIST-00230,TASK-00241,2024-09-29T23:48:00,2024-09-30T02:02:00,Rectified defect: Excessive Rail Wear. Restored parameter to nominal bounds.,COMPLETED,134,T-302
HIST-00231,TASK-00242,2025-12-30T23:53:00,2025-12-31T00:49:00,Rectified defect: Track Parameter Deviation. Restored parameter to nominal bounds.,COMPLETED,56,T-101 (Engineering Gang)
HIST-00250,TASK-00261,2025-12-06T00:52:00,2025-12-06T01:53:00,Rectified defect: Track Parameter Deviation. Restored parameter to nominal bounds.,COMPLETED,61,T-101 (Engineering Gang)
HIST-00272,TASK-00284,2026-01-01T23:58:00,2026-01-02T01:57:00,Rectified defect: REPETITIVE: Track Parameter Deviation. Restored parameter to nominal bounds.,COMPLETED,119,T-202
HIST-00284,TASK-00296,2025-11-12T03:56:00,2025-11-12T08:15:00,Rectified defect: Excessive Rail Wear. Restored parameter to nominal bounds.,COMPLETED,259,T-202
HIST-00285,TASK-00297,2024-03-16T23:48:00,2024-03-17T01:39:00,Rectified defect: Track Parameter Deviation. Restored parameter to nominal bounds.,COMPLETED,111,T-201 (Signal Staff)
HIST-00286,TASK-00298,2025-09-03T00:49:00,2025-09-03T03:04:00,Rectified defect: Excessive Rail Wear. Restored parameter to nominal bounds.,COMPLETED,135,T-301 (OHE Gang)
HIST-00287,TASK-00299,2025-01-04T00:16:00,2025-01-04T02:19:00,Rectified defect: Excessive Rail Wear. Restored parameter to nominal bounds.,COMPLETED,123,T-302
HIST-00292,TASK-00304,2024-10-01T10:09:00,2024-10-01T15:05:00,Rectified defect: Track Parameter Deviation. Restored parameter to nominal bounds.,COMPLETED,296,T-201 (Signal Staff)
HIST-00296,TASK-00308,2026-01-28T00:42:00,2026-01-28T03:07:00,Rectified defect: Excessive Rail Wear. Restored parameter to nominal bounds.,COMPLETED,145,T-302
HIST-00323,TASK-00337,2025-08-14T00:48:00,2025-08-14T02:01:00,Rectified defect: Track Parameter Deviation. Restored parameter to nominal bounds.,COMPLETED,73,T-102
HIST-00325,TASK-00339,2025-01-14T00:13:00,2025-01-14T02:13:00,Rectified deferred defect: Excessive Rail Wear.,COMPLETED,120,T-101 (Engineering Gang)
HIST-00324,TASK-00338,2025-01-11T00:00:00,2025-01-11T00:00:00,Task deferred: Scheduled window could not be granted due to traffic overhead.,DEFERRED,0,T-101 (Engineering Gang)
HIST-00329,TASK-00344,2024-04-12T03:59:00,2024-04-12T07:56:00,Rectified defect: Excessive Rail Wear. Restored parameter to nominal bounds.,COMPLETED,237,T-101 (Engineering Gang)
HIST-00331,TASK-00346,2025-12-20T02:51:00,2025-12-20T07:49:00,Rectified defect: Track Parameter Deviation. Restored parameter to nominal bounds.,COMPLETED,298,T-102
HIST-00345,TASK-00360,2025-11-01T00:18:00,2025-11-01T02:36:00,Rectified defect: Excessive Rail Wear. Restored parameter to nominal bounds.,COMPLETED,138,T-201 (Signal Staff)
HIST-00346,TASK-00361,2026-05-14T23:53:00,2026-05-15T00:48:00,Rectified defect: Track Parameter Deviation. Restored parameter to nominal bounds.,COMPLETED,55,T-301 (OHE Gang)
HIST-00355,TASK-00370,2025-02-01T11:06:00,2025-02-01T14:47:00,Rectified defect: Excessive Rail Wear. Restored parameter to nominal bounds.,COMPLETED,221,T-202
HIST-00356,TASK-00371,2025-02-16T00:01:00,2025-02-16T02:27:00,Rectified defect: Excessive Rail Wear. Restored parameter to nominal bounds.,COMPLETED,146,T-202
HIST-00360,TASK-00375,2025-05-24T00:06:00,2025-05-24T01:08:00,Rectified defect: Track Parameter Deviation. Restored parameter to nominal bounds.,COMPLETED,62,T-102
HIST-00365,TASK-00380,2024-05-29T08:04:00,2024-05-29T12:04:00,Rectified deferred defect: Track Parameter Deviation.,COMPLETED,240,T-101 (Engineering Gang)
HIST-00364,TASK-00379,2024-05-25T08:00:00,2024-05-25T08:00:00,Task deferred: Scheduled window could not be granted due to traffic overhead.,DEFERRED,0,T-301 (OHE Gang)
HIST-00374,TASK-00389,2024-09-15T00:56:00,2024-09-15T01:56:00,Rectified defect: Track Parameter Deviation. Restored parameter to nominal bounds.,COMPLETED,60,T-101 (Engineering Gang)
HIST-00378,TASK-00393,2024-03-18T01:00:00,2024-03-18T03:19:00,Rectified defect: Excessive Rail Wear. Restored parameter to nominal bounds.,COMPLETED,139,T-301 (OHE Gang)
HIST-00379,TASK-00394,2025-12-07T00:05:00,2025-12-07T02:15:00,Rectified defect: REPETITIVE: Excessive Rail Wear. Restored parameter to nominal bounds.,COMPLETED,130,T-102
HIST-00382,TASK-00397,2025-08-09T01:56:00,2025-08-09T06:23:00,Rectified defect: Excessive Rail Wear. Restored parameter to nominal bounds.,COMPLETED,267,T-301 (OHE Gang)
HIST-00387,TASK-00402,2024-11-19T06:33:00,2024-11-19T11:13:00,Rectified defect: REPETITIVE: Excessive Rail Wear. Restored parameter to nominal bounds.,COMPLETED,280,T-302
HIST-00397,TASK-00412,2023-12-13T00:23:00,2023-12-13T02:13:00,Rectified defect: Excessive Rail Wear. Restored parameter to nominal bounds.,COMPLETED,110,T-102
HIST-00398,TASK-00413,2024-06-05T11:17:00,2024-06-05T15:39:00,Rectified defect: Excessive Rail Wear. Restored parameter to nominal bounds.,COMPLETED,262,T-302
HIST-00400,TASK-00415,2025-01-08T00:06:00,2025-01-08T02:06:00,Rectified deferred defect: Track Parameter Deviation.,COMPLETED,120,T-101 (Engineering Gang)
HIST-00399,TASK-00414,2025-01-06T00:00:00,2025-01-06T00:00:00,Task deferred: Scheduled window could not be granted due to traffic overhead.,DEFERRED,0,T-101 (Engineering Gang)
HIST-00401,TASK-00416,2026-01-16T00:18:00,2026-01-16T01:28:00,Rectified defect: Track Parameter Deviation. Restored parameter to nominal bounds.,COMPLETED,70,T-201 (Signal Staff)
HIST-00410,TASK-00425,2023-12-11T23:48:00,2023-12-12T02:11:00,Rectified defect: Excessive Rail Wear. Restored parameter to nominal bounds.,COMPLETED,143,T-202
HIST-00423,TASK-00439,2024-04-18T11:21:00,2024-04-18T15:21:00,Rectified deferred defect: Excessive Rail Wear.,COMPLETED,240,T-302
HIST-00422,TASK-00438,2024-04-15T11:00:00,2024-04-15T11:00:00,Task deferred: Scheduled window could not be granted due to traffic overhead.,DEFERRED,0,T-101 (Engineering Gang)
HIST-00425,TASK-00441,2024-02-12T00:05:00,2024-02-12T02:05:00,Rectified deferred defect: Excessive Rail Wear.,COMPLETED,120,T-101 (Engineering Gang)
HIST-00424,TASK-00440,2024-02-10T00:00:00,2024-02-10T00:00:00,Task deferred: Scheduled window could not be granted due to traffic overhead.,DEFERRED,0,T-101 (Engineering Gang)
HIST-00431,TASK-00447,2024-06-29T00:27:00,2024-06-29T01:27:00,Rectified deferred defect: Track Parameter Deviation.,COMPLETED,60,T-201 (Signal Staff)
HIST-00430,TASK-00446,2024-06-23T00:00:00,2024-06-23T00:00:00,Task deferred: Scheduled window could not be granted due to traffic overhead.,DEFERRED,0,T-201 (Signal Staff)
HIST-00433,TASK-00449,2025-09-05T00:01:00,2025-09-05T02:01:00,Rectified deferred defect: Excessive Rail Wear.,COMPLETED,120,T-201 (Signal Staff)
HIST-00432,TASK-00448,2025-08-31T00:00:00,2025-08-31T00:00:00,Task deferred: Scheduled window could not be granted due to traffic overhead.,DEFERRED,0,T-301 (OHE Gang)
HIST-00434,TASK-00450,2025-04-03T07:04:00,2025-04-03T11:21:00,Rectified defect: Excessive Rail Wear. Restored parameter to nominal bounds.,COMPLETED,257,T-202
HIST-00438,TASK-00454,2026-03-16T00:29:00,2026-03-16T02:29:00,Rectified deferred defect: Excessive Rail Wear.,COMPLETED,120,T-201 (Signal Staff)
HIST-00437,TASK-00453,2026-03-08T00:00:00,2026-03-08T00:00:00,Task deferred: Scheduled window could not be granted due to traffic overhead.,DEFERRED,0,T-101 (Engineering Gang)
HIST-00452,TASK-00469,2024-06-27T00:19:00,2024-06-27T01:14:00,Rectified defect: Track Parameter Deviation. Restored parameter to nominal bounds.,COMPLETED,55,T-101 (Engineering Gang)
HIST-00458,TASK-00475,2024-06-05T10:47:00,2024-06-05T15:33:00,Rectified defect: Track Parameter Deviation. Restored parameter to nominal bounds.,COMPLETED,286,T-302
HIST-00459,TASK-00476,2025-03-02T12:54:00,2025-03-02T17:42:00,Rectified defect: Track Parameter Deviation. Restored parameter to nominal bounds.,COMPLETED,288,T-302
HIST-00460,TASK-00477,2025-06-02T00:05:00,2025-06-02T02:17:00,Rectified defect: REPETITIVE: Excessive Rail Wear. Restored parameter to nominal bounds.,COMPLETED,132,T-302
HIST-00463,TASK-00480,2023-08-26T00:32:00,2023-08-26T01:30:00,Rectified defect: Track Parameter Deviation. Restored parameter to nominal bounds.,COMPLETED,58,T-202
HIST-00464,TASK-00481,2025-11-21T00:24:00,2025-11-21T01:18:00,Rectified defect: Track Parameter Deviation. Restored parameter to nominal bounds.,COMPLETED,54,T-301 (OHE Gang)
HIST-00472,TASK-00491,2025-01-03T08:19:00,2025-01-03T12:25:00,Rectified defect: Excessive Rail Wear. Restored parameter to nominal bounds.,COMPLETED,246,T-301 (OHE Gang)
HIST-00485,TASK-00505,2026-04-25T00:17:00,2026-04-25T01:23:00,Rectified defect: Track Parameter Deviation. Restored parameter to nominal bounds.,COMPLETED,66,T-301 (OHE Gang)
HIST-00491,TASK-00512,2025-01-11T10:51:00,2025-01-11T15:40:00,Rectified defect: Track Parameter Deviation. Restored parameter to nominal bounds.,COMPLETED,289,T-302
HIST-00492,TASK-00513,2026-04-28T00:20:00,2026-04-28T01:17:00,Rectified defect: Track Parameter Deviation. Restored parameter to nominal bounds.,COMPLETED,57,T-102
HIST-00500,TASK-00521,2023-11-06T00:39:00,2023-11-06T01:53:00,Rectified defect: Track Parameter Deviation. Restored parameter to nominal bounds.,COMPLETED,74,T-101 (Engineering Gang)
HIST-00508,TASK-00532,2024-11-01T00:27:00,2024-11-01T02:27:00,Rectified defect: Excessive Rail Wear. Restored parameter to nominal bounds.,COMPLETED,120,T-301 (OHE Gang)
HIST-00510,TASK-00534,2026-01-27T06:29:00,2026-01-27T11:23:00,Rectified defect: Excessive Rail Wear. Restored parameter to nominal bounds.,COMPLETED,294,T-102
HIST-00517,TASK-00541,2025-01-19T06:56:00,2025-01-19T11:09:00,Rectified defect: Excessive Rail Wear. Restored parameter to nominal bounds.,COMPLETED,253,T-101 (Engineering Gang)
HIST-00519,TASK-00543,2025-10-24T00:18:00,2025-10-24T02:18:00,Rectified deferred defect: Excessive Rail Wear.,COMPLETED,120,T-201 (Signal Staff)
HIST-00518,TASK-00542,2025-10-19T00:00:00,2025-10-19T00:00:00,Task deferred: Scheduled window could not be granted due to traffic overhead.,DEFERRED,0,T-301 (OHE Gang)
HIST-00520,TASK-00544,2024-05-18T00:04:00,2024-05-18T01:53:00,Rectified defect: Track Parameter Deviation. Restored parameter to nominal bounds.,COMPLETED,109,T-101 (Engineering Gang)
HIST-00521,TASK-00545,2024-08-12T04:13:00,2024-08-12T08:30:00,Rectified defect: Track Parameter Deviation. Restored parameter to nominal bounds.,COMPLETED,257,T-102
HIST-00522,TASK-00546,2025-02-08T07:03:00,2025-02-08T10:54:00,Rectified defect: Excessive Rail Wear. Restored parameter to nominal bounds.,COMPLETED,231,T-301 (OHE Gang)
HIST-00525,TASK-00549,2024-06-15T00:16:00,2024-06-15T01:21:00,Rectified defect: Track Parameter Deviation. Restored parameter to nominal bounds.,COMPLETED,65,T-202
HIST-00529,TASK-00553,2024-12-25T05:00:00,2024-12-25T09:00:00,Rectified deferred defect: Excessive Rail Wear.,COMPLETED,240,T-202
HIST-00528,TASK-00552,2024-12-21T05:00:00,2024-12-21T05:00:00,Task deferred: Scheduled window could not be granted due to traffic overhead.,DEFERRED,0,T-202
HIST-00533,TASK-00557,2025-05-04T00:04:00,2025-05-04T01:06:00,Rectified defect: REPETITIVE: Track Parameter Deviation. Restored parameter to nominal bounds.,COMPLETED,62,T-101 (Engineering Gang)
HIST-00534,TASK-00558,2025-07-11T11:44:00,2025-07-11T16:36:00,Rectified defect: Excessive Rail Wear. Restored parameter to nominal bounds.,COMPLETED,292,T-202
HIST-00538,TASK-00562,2023-12-15T00:36:00,2023-12-15T01:33:00,Rectified defect: Track Parameter Deviation. Restored parameter to nominal bounds.,COMPLETED,57,T-201 (Signal Staff)
HIST-00539,TASK-00563,2024-09-17T00:35:00,2024-09-17T01:49:00,Rectified defect: Track Parameter Deviation. Restored parameter to nominal bounds.,COMPLETED,74,T-301 (OHE Gang)
HIST-00554,TASK-00578,2024-05-03T00:59:00,2024-05-03T03:09:00,Rectified defect: Track Parameter Deviation. Restored parameter to nominal bounds.,COMPLETED,130,T-201 (Signal Staff)
HIST-00555,TASK-00579,2026-05-14T00:39:00,2026-05-14T01:42:00,Rectified defect: Track Parameter Deviation. Restored parameter to nominal bounds.,COMPLETED,63,T-102
HIST-00560,TASK-00584,2026-07-19T01:34:00,2026-07-19T05:51:00,Rectified defect: Excessive Rail Wear. Restored parameter to nominal bounds.,COMPLETED,257,T-301 (OHE Gang)
HIST-00573,TASK-00597,2025-12-14T00:03:00,2025-12-14T02:03:00,Rectified deferred defect: Excessive Rail Wear.,COMPLETED,120,T-302
HIST-00572,TASK-00596,2025-12-06T00:00:00,2025-12-06T00:00:00,Task deferred: Scheduled window could not be granted due to traffic overhead.,DEFERRED,0,T-101 (Engineering Gang)
HIST-00584,TASK-00608,2024-05-05T00:43:00,2024-05-05T02:45:00,Rectified defect: Excessive Rail Wear. Restored parameter to nominal bounds.,COMPLETED,122,T-302
HIST-00586,TASK-00610,2025-01-03T00:46:00,2025-01-03T02:35:00,Rectified defect: Excessive Rail Wear. Restored parameter to nominal bounds.,COMPLETED,109,T-202
HIST-00588,TASK-00612,2024-06-16T00:58:00,2024-06-16T01:58:00,Rectified defect: REPETITIVE: Track Parameter Deviation. Restored parameter to nominal bounds.,COMPLETED,60,T-202
HIST-00591,TASK-00615,2023-09-18T00:25:00,2023-09-18T01:25:00,Rectified deferred defect: Track Parameter Deviation.,COMPLETED,60,T-102
HIST-00590,TASK-00614,2023-09-12T00:00:00,2023-09-12T00:00:00,Task deferred: Scheduled window could not be granted due to traffic overhead.,DEFERRED,0,T-302
HIST-00592,TASK-00616,2024-04-02T07:29:00,2024-04-02T12:07:00,Rectified defect: Track Parameter Deviation. Restored parameter to nominal bounds.,COMPLETED,278,T-101 (Engineering Gang)
HIST-00594,TASK-00618,2026-01-23T00:14:00,2026-01-23T01:14:00,Rectified deferred defect: Track Parameter Deviation.,COMPLETED,60,T-101 (Engineering Gang)
HIST-00593,TASK-00617,2026-01-16T00:00:00,2026-01-16T00:00:00,Task deferred: Scheduled window could not be granted due to traffic overhead.,DEFERRED,0,T-102
HIST-00605,TASK-00629,2025-02-01T00:12:00,2025-02-01T02:10:00,Rectified defect: Excessive Rail Wear. Restored parameter to nominal bounds.,COMPLETED,118,T-102
HIST-00606,TASK-00630,2025-08-01T00:05:00,2025-08-01T02:28:00,Rectified defect: Excessive Rail Wear. Restored parameter to nominal bounds.,COMPLETED,143,T-101 (Engineering Gang)
HIST-00610,TASK-00634,2025-06-30T23:59:00,2025-07-01T01:02:00,Rectified defect: Track Parameter Deviation. Restored parameter to nominal bounds.,COMPLETED,63,T-202
HIST-00612,TASK-00636,2025-12-31T00:03:00,2025-12-31T01:03:00,Rectified deferred defect: Excessive Rail Wear.,COMPLETED,60,T-301 (OHE Gang)
HIST-00611,TASK-00635,2025-12-22T00:00:00,2025-12-22T00:00:00,Task deferred: Scheduled window could not be granted due to traffic overhead.,DEFERRED,0,T-102
HIST-00613,TASK-00637,2026-06-14T00:45:00,2026-06-14T02:38:00,Rectified defect: Excessive Rail Wear. Restored parameter to nominal bounds.,COMPLETED,113,T-201 (Signal Staff)
HIST-00614,TASK-00638,2024-06-25T05:59:00,2024-06-25T10:26:00,Rectified defect: Excessive Rail Wear. Restored parameter to nominal bounds.,COMPLETED,267,T-202
HIST-00615,TASK-00639,2024-10-06T00:35:00,2024-10-06T01:44:00,Rectified defect: Track Parameter Deviation. Restored parameter to nominal bounds.,COMPLETED,69,T-202
HIST-00616,TASK-00640,2025-06-24T23:53:00,2025-06-25T02:10:00,Rectified defect: Excessive Rail Wear. Restored parameter to nominal bounds.,COMPLETED,137,T-202
HIST-00617,TASK-00641,2024-10-17T10:56:00,2024-10-17T15:03:00,Rectified defect: Excessive Rail Wear. Restored parameter to nominal bounds.,COMPLETED,247,T-302
HIST-00618,TASK-00642,2025-10-12T01:51:00,2025-10-12T06:44:00,Rectified defect: Track Parameter Deviation. Restored parameter to nominal bounds.,COMPLETED,293,T-102
HIST-00619,TASK-00643,2026-01-13T00:25:00,2026-01-13T02:37:00,Rectified defect: Excessive Rail Wear. Restored parameter to nominal bounds.,COMPLETED,132,T-301 (OHE Gang)
HIST-00625,TASK-00650,2024-07-04T03:59:00,2024-07-04T08:09:00,Rectified defect: Track Parameter Deviation. Restored parameter to nominal bounds.,COMPLETED,250,T-302
HIST-00629,TASK-00655,2024-10-14T04:04:00,2024-10-14T08:42:00,Rectified defect: Excessive Rail Wear. Restored parameter to nominal bounds.,COMPLETED,278,T-202
HIST-00631,TASK-00657,2025-02-01T00:06:00,2025-02-01T01:06:00,Rectified deferred defect: Track Parameter Deviation.,COMPLETED,60,T-102
HIST-00630,TASK-00656,2025-01-26T00:00:00,2025-01-26T00:00:00,Task deferred: Scheduled window could not be granted due to traffic overhead.,DEFERRED,0,T-302
HIST-00632,TASK-00658,2026-04-07T12:00:00,2026-04-07T16:11:00,Rectified defect: Track Parameter Deviation. Restored parameter to nominal bounds.,COMPLETED,251,T-102
HIST-00638,TASK-00664,2023-12-30T00:17:00,2023-12-30T02:18:00,Rectified defect: Excessive Rail Wear. Restored parameter to nominal bounds.,COMPLETED,121,T-302
HIST-00640,TASK-00667,2024-09-26T07:23:00,2024-09-26T11:23:00,Rectified deferred defect: Track Parameter Deviation.,COMPLETED,240,T-201 (Signal Staff)
HIST-00639,TASK-00666,2024-09-23T07:00:00,2024-09-23T07:00:00,Task deferred: Scheduled window could not be granted due to traffic overhead.,DEFERRED,0,T-302
HIST-00660,TASK-00690,2026-03-20T23:52:00,2026-03-21T02:19:00,Rectified defect: Excessive Rail Wear. Restored parameter to nominal bounds.,COMPLETED,147,T-102
HIST-00662,TASK-00692,2024-01-20T03:48:00,2024-01-20T08:22:00,Rectified defect: Excessive Rail Wear. Restored parameter to nominal bounds.,COMPLETED,274,T-201 (Signal Staff)
HIST-00664,TASK-00694,2025-10-20T06:08:00,2025-10-20T10:08:00,Rectified deferred defect: Track Parameter Deviation.,COMPLETED,240,T-201 (Signal Staff)
HIST-00663,TASK-00693,2025-10-11T06:00:00,2025-10-11T06:00:00,Task deferred: Scheduled window could not be granted due to traffic overhead.,DEFERRED,0,T-201 (Signal Staff)
HIST-00666,TASK-00696,2026-01-15T02:51:00,2026-01-15T07:13:00,Rectified defect: Excessive Rail Wear. Restored parameter to nominal bounds.,COMPLETED,262,T-302
HIST-00676,TASK-00706,2024-04-11T00:31:00,2024-04-11T02:57:00,Rectified defect: Excessive Rail Wear. Restored parameter to nominal bounds.,COMPLETED,146,T-201 (Signal Staff)
HIST-00677,TASK-00707,2026-07-07T00:16:00,2026-07-07T01:20:00,Rectified defect: Track Parameter Deviation. Restored parameter to nominal bounds.,COMPLETED,64,T-101 (Engineering Gang)
HIST-00678,TASK-00708,2024-10-25T05:32:00,2024-10-25T10:28:00,Rectified defect: Excessive Rail Wear. Restored parameter to nominal bounds.,COMPLETED,296,T-201 (Signal Staff)
HIST-00679,TASK-00709,2025-02-16T00:18:00,2025-02-16T01:28:00,Rectified defect: Track Parameter Deviation. Restored parameter to nominal bounds.,COMPLETED,70,T-101 (Engineering Gang)
HIST-00689,TASK-00719,2023-11-16T05:48:00,2023-11-16T09:38:00,Rectified defect: Track Parameter Deviation. Restored parameter to nominal bounds.,COMPLETED,230,T-301 (OHE Gang)
HIST-00690,TASK-00720,2024-05-16T00:22:00,2024-05-16T02:44:00,Rectified defect: Track Parameter Deviation. Restored parameter to nominal bounds.,COMPLETED,142,T-102
HIST-00692,TASK-00722,2026-05-19T00:17:00,2026-05-19T02:17:00,Rectified deferred defect: REPETITIVE: Excessive Rail Wear.,COMPLETED,120,T-102
HIST-00691,TASK-00721,2026-05-11T00:00:00,2026-05-11T00:00:00,Task deferred: Scheduled window could not be granted due to traffic overhead.,DEFERRED,0,T-201 (Signal Staff)
HIST-00693,TASK-00723,2025-05-03T10:04:00,2025-05-03T15:00:00,Rectified defect: Track Parameter Deviation. Restored parameter to nominal bounds.,COMPLETED,296,T-201 (Signal Staff)
HIST-00696,TASK-00726,2024-03-03T12:49:00,2024-03-03T16:27:00,Rectified defect: Excessive Rail Wear. Restored parameter to nominal bounds.,COMPLETED,218,T-201 (Signal Staff)
HIST-00698,TASK-00728,2025-07-26T00:03:00,2025-07-26T02:04:00,Rectified defect: Excessive Rail Wear. Restored parameter to nominal bounds.,COMPLETED,121,T-301 (OHE Gang)
HIST-00699,TASK-00729,2024-12-30T04:09:00,2024-12-30T08:45:00,Rectified defect: Excessive Rail Wear. Restored parameter to nominal bounds.,COMPLETED,276,T-202
HIST-00700,TASK-00730,2025-07-15T00:04:00,2025-07-15T01:03:00,Rectified defect: Track Parameter Deviation. Restored parameter to nominal bounds.,COMPLETED,59,T-201 (Signal Staff)
HIST-00702,TASK-00732,2025-10-05T00:23:00,2025-10-05T02:23:00,Rectified deferred defect: Excessive Rail Wear.,COMPLETED,120,T-101 (Engineering Gang)
HIST-00701,TASK-00731,2025-09-30T00:00:00,2025-09-30T00:00:00,Task deferred: Scheduled window could not be granted due to traffic overhead.,DEFERRED,0,T-302
HIST-00703,TASK-00733,2025-04-01T08:56:00,2025-04-01T12:50:00,Rectified defect: Excessive Rail Wear. Restored parameter to nominal bounds.,COMPLETED,234,T-202
HIST-00708,TASK-00738,2023-10-07T23:45:00,2023-10-08T02:01:00,Rectified defect: Excessive Rail Wear. Restored parameter to nominal bounds.,COMPLETED,136,T-102
HIST-00710,TASK-00740,2025-12-29T00:47:00,2025-12-29T01:58:00,Rectified defect: Track Parameter Deviation. Restored parameter to nominal bounds.,COMPLETED,71,T-201 (Signal Staff)
HIST-00720,TASK-00751,2025-11-05T00:03:00,2025-11-05T02:03:00,Rectified deferred defect: Track Parameter Deviation.,COMPLETED,120,T-102
HIST-00719,TASK-00750,2025-10-29T00:00:00,2025-10-29T00:00:00,Task deferred: Scheduled window could not be granted due to traffic overhead.,DEFERRED,0,T-101 (Engineering Gang)
HIST-00735,TASK-00767,2026-04-18T04:07:00,2026-04-18T08:17:00,Rectified defect: Excessive Rail Wear. Restored parameter to nominal bounds.,COMPLETED,250,T-102
HIST-00742,TASK-00775,2023-10-03T00:04:00,2023-10-03T02:04:00,Rectified deferred defect: REPETITIVE: Excessive Rail Wear.,COMPLETED,120,T-302
HIST-00741,TASK-00774,2023-09-25T00:00:00,2023-09-25T00:00:00,Task deferred: Scheduled window could not be granted due to traffic overhead.,DEFERRED,0,T-301 (OHE Gang)
HIST-00746,TASK-00780,2024-10-29T00:34:00,2024-10-29T02:48:00,Rectified defect: Excessive Rail Wear. Restored parameter to nominal bounds.,COMPLETED,134,T-302
HIST-00752,TASK-00786,2024-04-04T06:30:00,2024-04-04T10:30:00,Rectified deferred defect: Track Parameter Deviation.,COMPLETED,240,T-201 (Signal Staff)
HIST-00751,TASK-00785,2024-03-26T06:00:00,2024-03-26T06:00:00,Task deferred: Scheduled window could not be granted due to traffic overhead.,DEFERRED,0,T-101 (Engineering Gang)
HIST-00763,TASK-00798,2024-12-09T01:53:00,2024-12-09T06:42:00,Rectified defect: REPETITIVE: Excessive Rail Wear. Restored parameter to nominal bounds.,COMPLETED,289,T-201 (Signal Staff)
HIST-00773,TASK-00808,2023-11-22T00:26:00,2023-11-22T02:52:00,Rectified defect: Track Parameter Deviation. Restored parameter to nominal bounds.,COMPLETED,146,T-302
HIST-00792,TASK-00828,2024-09-03T00:49:00,2024-09-03T03:11:00,Rectified defect: Excessive Rail Wear. Restored parameter to nominal bounds.,COMPLETED,142,T-102
HIST-00793,TASK-00829,2025-01-16T11:57:00,2025-01-16T16:18:00,Rectified defect: Track Parameter Deviation. Restored parameter to nominal bounds.,COMPLETED,261,T-202
HIST-00797,TASK-00835,2025-06-06T00:55:00,2025-06-06T02:55:00,Rectified defect: Excessive Rail Wear. Restored parameter to nominal bounds.,COMPLETED,120,T-102
HIST-00798,TASK-00836,2026-05-26T01:35:00,2026-05-26T05:33:00,Rectified defect: Excessive Rail Wear. Restored parameter to nominal bounds.,COMPLETED,238,T-301 (OHE Gang)
HIST-00802,TASK-00840,2025-03-30T02:03:00,2025-03-30T06:03:00,Rectified deferred defect: Track Parameter Deviation.,COMPLETED,240,T-202
HIST-00801,TASK-00839,2025-03-20T02:00:00,2025-03-20T02:00:00,Task deferred: Scheduled window could not be granted due to traffic overhead.,DEFERRED,0,T-202
HIST-00803,TASK-00841,2026-01-10T09:26:00,2026-01-10T14:04:00,Rectified defect: Track Parameter Deviation. Restored parameter to nominal bounds.,COMPLETED,278,T-101 (Engineering Gang)
HIST-00805,TASK-00843,2023-11-22T00:54:00,2023-11-22T02:59:00,Rectified defect: Excessive Rail Wear. Restored parameter to nominal bounds.,COMPLETED,125,T-202
HIST-00815,TASK-00854,2024-10-11T00:02:00,2024-10-11T02:02:00,Rectified deferred defect: Excessive Rail Wear.,COMPLETED,120,T-102
HIST-00814,TASK-00853,2024-10-03T00:00:00,2024-10-03T00:00:00,Task deferred: Scheduled window could not be granted due to traffic overhead.,DEFERRED,0,T-302
HIST-00828,TASK-00867,2024-12-10T00:11:00,2024-12-10T02:25:00,Rectified defect: Excessive Rail Wear. Restored parameter to nominal bounds.,COMPLETED,134,T-302
HIST-00831,TASK-00870,2025-08-24T00:40:00,2025-08-24T02:47:00,Rectified defect: REPETITIVE: Excessive Rail Wear. Restored parameter to nominal bounds.,COMPLETED,127,T-301 (OHE Gang)
HIST-00834,TASK-00873,2025-09-03T11:13:00,2025-09-03T15:13:00,Rectified deferred defect: Excessive Rail Wear.,COMPLETED,240,T-102
HIST-00833,TASK-00872,2025-08-26T11:00:00,2025-08-26T11:00:00,Task deferred: Scheduled window could not be granted due to traffic overhead.,DEFERRED,0,T-101 (Engineering Gang)
HIST-00838,TASK-00877,2025-12-26T23:54:00,2025-12-27T02:01:00,Rectified defect: Excessive Rail Wear. Restored parameter to nominal bounds.,COMPLETED,127,T-102
HIST-00840,TASK-00879,2026-07-18T00:10:00,2026-07-18T01:10:00,Rectified deferred defect: Track Parameter Deviation.,COMPLETED,60,T-302
HIST-00839,TASK-00878,2026-07-10T00:00:00,2026-07-10T00:00:00,Task deferred: Scheduled window could not be granted due to traffic overhead.,DEFERRED,0,T-202
HIST-00845,TASK-00884,2026-03-29T00:56:00,2026-03-29T02:06:00,Rectified defect: REPETITIVE: Track Parameter Deviation. Restored parameter to nominal bounds.,COMPLETED,70,T-301 (OHE Gang)
HIST-00851,TASK-00891,2024-04-10T00:05:00,2024-04-10T01:12:00,Rectified defect: Track Parameter Deviation. Restored parameter to nominal bounds.,COMPLETED,67,T-301 (OHE Gang)
HIST-00860,TASK-00900,2025-03-09T00:57:00,2025-03-09T05:35:00,Rectified defect: Track Parameter Deviation. Restored parameter to nominal bounds.,COMPLETED,278,T-201 (Signal Staff)
HIST-00862,TASK-00902,2024-08-13T08:21:00,2024-08-13T12:21:00,Rectified deferred defect: Excessive Rail Wear.,COMPLETED,240,T-201 (Signal Staff)
HIST-00861,TASK-00901,2024-08-09T08:00:00,2024-08-09T08:00:00,Task deferred: Scheduled window could not be granted due to traffic overhead.,DEFERRED,0,T-301 (OHE Gang)
HIST-00873,TASK-00913,2024-07-07T00:42:00,2024-07-07T03:02:00,Rectified defect: Excessive Rail Wear. Restored parameter to nominal bounds.,COMPLETED,140,T-302
HIST-00878,TASK-00918,2023-12-20T00:06:00,2023-12-20T01:17:00,Rectified defect: Track Parameter Deviation. Restored parameter to nominal bounds.,COMPLETED,71,T-101 (Engineering Gang)
HIST-00879,TASK-00919,2024-02-25T08:59:00,2024-02-25T13:17:00,Rectified defect: Track Parameter Deviation. Restored parameter to nominal bounds.,COMPLETED,258,T-102
HIST-00882,TASK-00922,2026-01-26T00:12:00,2026-01-26T02:20:00,Rectified defect: REPETITIVE: Excessive Rail Wear. Restored parameter to nominal bounds.,COMPLETED,128,T-101 (Engineering Gang)
HIST-00884,TASK-00924,2024-12-09T00:19:00,2024-12-09T02:19:00,Rectified deferred defect: Excessive Rail Wear.,COMPLETED,120,T-101 (Engineering Gang)
HIST-00883,TASK-00923,2024-11-30T00:00:00,2024-11-30T00:00:00,Task deferred: Scheduled window could not be granted due to traffic overhead.,DEFERRED,0,T-102
HIST-00895,TASK-00935,2024-02-21T05:09:00,2024-02-21T09:15:00,Rectified defect: REPETITIVE: Excessive Rail Wear. Restored parameter to nominal bounds.,COMPLETED,246,T-102
HIST-00896,TASK-00936,2024-11-20T00:48:00,2024-11-20T03:05:00,Rectified defect: Excessive Rail Wear. Restored parameter to nominal bounds.,COMPLETED,137,T-302
HIST-00897,TASK-00937,2025-06-16T05:14:00,2025-06-16T08:58:00,Rectified defect: Track Parameter Deviation. Restored parameter to nominal bounds.,COMPLETED,224,T-102
HIST-00898,TASK-00938,2025-12-15T00:12:00,2025-12-15T02:19:00,Rectified defect: Excessive Rail Wear. Restored parameter to nominal bounds.,COMPLETED,127,T-302
HIST-00910,TASK-00950,2024-05-26T07:58:00,2024-05-26T12:26:00,Rectified defect: Track Parameter Deviation. Restored parameter to nominal bounds.,COMPLETED,268,T-101 (Engineering Gang)
HIST-00913,TASK-00953,2025-10-26T23:52:00,2025-10-27T01:49:00,Rectified defect: Excessive Rail Wear. Restored parameter to nominal bounds.,COMPLETED,117,T-102
HIST-00914,TASK-00954,2026-05-07T23:57:00,2026-05-08T01:08:00,Rectified defect: Track Parameter Deviation. Restored parameter to nominal bounds.,COMPLETED,71,T-202
HIST-00915,TASK-00955,2026-07-18T08:00:00,2026-07-18T11:46:00,Rectified defect: Track Parameter Deviation. Restored parameter to nominal bounds.,COMPLETED,226,T-102
HIST-00917,TASK-00957,2024-02-21T01:18:00,2024-02-21T05:18:00,Rectified deferred defect: Excessive Rail Wear.,COMPLETED,240,T-202
HIST-00916,TASK-00956,2024-02-18T01:00:00,2024-02-18T01:00:00,Task deferred: Scheduled window could not be granted due to traffic overhead.,DEFERRED,0,T-202
HIST-00919,TASK-00959,2025-11-20T00:13:00,2025-11-20T02:13:00,Rectified deferred defect: Excessive Rail Wear.,COMPLETED,120,T-102
HIST-00918,TASK-00958,2025-11-13T00:00:00,2025-11-13T00:00:00,Task deferred: Scheduled window could not be granted due to traffic overhead.,DEFERRED,0,T-301 (OHE Gang)
HIST-00920,TASK-00960,2026-02-07T12:48:00,2026-02-07T17:31:00,Rectified defect: REPETITIVE: Track Parameter Deviation. Restored parameter to nominal bounds.,COMPLETED,283,T-202
HIST-00923,TASK-00963,2024-03-15T00:42:00,2024-03-15T02:36:00,Rectified defect: Track Parameter Deviation. Restored parameter to nominal bounds.,COMPLETED,114,T-302
HIST-00925,TASK-00965,2025-06-13T05:26:00,2025-06-13T09:26:00,Rectified deferred defect: Track Parameter Deviation.,COMPLETED,240,T-102
HIST-00924,TASK-00964,2025-06-05T05:00:00,2025-06-05T05:00:00,Task deferred: Scheduled window could not be granted due to traffic overhead.,DEFERRED,0,T-201 (Signal Staff)
HIST-00926,TASK-00966,2026-03-25T00:24:00,2026-03-25T01:23:00,Rectified defect: Track Parameter Deviation. Restored parameter to nominal bounds.,COMPLETED,59,T-201 (Signal Staff)
HIST-00930,TASK-00972,2025-06-18T00:03:00,2025-06-18T01:02:00,Rectified defect: Track Parameter Deviation. Restored parameter to nominal bounds.,COMPLETED,59,T-302
HIST-00932,TASK-00974,2023-08-16T00:04:00,2023-08-16T02:04:00,Rectified deferred defect: Excessive Rail Wear.,COMPLETED,120,T-202
HIST-00931,TASK-00973,2023-08-13T00:00:00,2023-08-13T00:00:00,Task deferred: Scheduled window could not be granted due to traffic overhead.,DEFERRED,0,T-202
HIST-00958,TASK-01001,2025-10-01T03:22:00,2025-10-01T07:22:00,Rectified deferred defect: Track Parameter Deviation.,COMPLETED,240,T-201 (Signal Staff)
HIST-00957,TASK-01000,2025-09-24T03:00:00,2025-09-24T03:00:00,Task deferred: Scheduled window could not be granted due to traffic overhead.,DEFERRED,0,T-302
HIST-00959,TASK-01002,2025-05-15T10:14:00,2025-05-15T13:30:00,Emergency restoration completed for ad-hoc fault: Sudden Rail Fracture,COMPLETED,196,T-201 (Signal Staff)
HIST-00960,TASK-01003,2025-05-11T07:22:00,2025-05-11T10:23:00,Emergency restoration completed for ad-hoc fault: Turnout Obstruction,COMPLETED,181,T-202
HIST-00964,TASK-01007,2024-09-20T09:11:00,2024-09-20T12:31:00,Emergency restoration completed for ad-hoc fault: Sleeper Dislodgement,COMPLETED,200,T-102
HIST-00968,TASK-01011,2023-12-31T23:30:00,2024-01-01T02:49:00,Emergency restoration completed for ad-hoc fault: Sleeper Dislodgement,COMPLETED,199,T-202
HIST-00969,TASK-01012,2026-02-18T21:19:00,2026-02-19T00:30:00,Emergency restoration completed for ad-hoc fault: Sudden Rail Fracture,COMPLETED,191,T-202
HIST-00971,TASK-01014,2025-07-12T21:11:00,2025-07-13T00:29:00,Emergency restoration completed for ad-hoc fault: Sleeper Dislodgement,COMPLETED,198,T-202
HIST-00972,TASK-01015,2026-03-25T23:13:00,2026-03-26T02:34:00,Emergency restoration completed for ad-hoc fault: Turnout Obstruction,COMPLETED,201,T-201 (Signal Staff)
HIST-00975,TASK-01018,2025-12-16T14:05:00,2025-12-16T17:13:00,Emergency restoration completed for ad-hoc fault: Sleeper Dislodgement,COMPLETED,188,T-301 (OHE Gang)
HIST-00978,TASK-01021,2023-09-21T05:09:00,2023-09-21T08:23:00,Emergency restoration completed for ad-hoc fault: Sleeper Dislodgement,COMPLETED,194,T-202
HIST-00985,TASK-01028,2025-12-14T05:27:00,2025-12-14T08:48:00,Emergency restoration completed for ad-hoc fault: Sleeper Dislodgement,COMPLETED,201,T-102
HIST-00986,TASK-01029,2024-10-01T10:30:00,2024-10-01T13:38:00,Emergency restoration completed for ad-hoc fault: Turnout Obstruction,COMPLETED,188,T-202
HIST-00987,TASK-01030,2025-12-13T08:03:00,2025-12-13T11:06:00,Emergency restoration completed for ad-hoc fault: Sudden Rail Fracture,COMPLETED,183,T-101 (Engineering Gang)
HIST-00989,TASK-01032,2023-12-09T12:21:00,2023-12-09T15:42:00,Emergency restoration completed for ad-hoc fault: Sudden Rail Fracture,COMPLETED,201,T-302
HIST-00990,TASK-01033,2024-06-10T08:17:00,2024-06-10T11:26:00,Emergency restoration completed for ad-hoc fault: Sudden Rail Fracture,COMPLETED,189,T-302
HIST-00992,TASK-01035,2025-06-11T13:08:00,2025-06-11T15:59:00,Emergency restoration completed for ad-hoc fault: Turnout Obstruction,COMPLETED,171,T-201 (Signal Staff)
HIST-00993,TASK-01036,2024-03-15T18:12:00,2024-03-15T21:32:00,Emergency restoration completed for ad-hoc fault: Turnout Obstruction,COMPLETED,200,T-101 (Engineering Gang)
HIST-01001,TASK-01044,2024-07-02T19:23:00,2024-07-02T22:26:00,Emergency restoration completed for ad-hoc fault: Sudden Rail Fracture,COMPLETED,183,T-102
HIST-01002,TASK-01045,2026-01-03T09:23:00,2026-01-03T12:21:00,Emergency restoration completed for ad-hoc fault: Turnout Obstruction,COMPLETED,178,T-101 (Engineering Gang)
HIST-01005,TASK-01048,2025-10-06T23:19:00,2025-10-07T02:15:00,Emergency restoration completed for ad-hoc fault: Turnout Obstruction,COMPLETED,176,T-102
HIST-01007,TASK-01050,2026-06-29T17:02:00,2026-06-29T20:24:00,Emergency restoration completed for ad-hoc fault: Sudden Rail Fracture,COMPLETED,202,T-101 (Engineering Gang)
HIST-01008,TASK-01051,2024-01-13T23:16:00,2024-01-14T02:39:00,Emergency restoration completed for ad-hoc fault: Sleeper Dislodgement,COMPLETED,203,T-302
HIST-01024,TASK-01067,2023-12-14T00:22:00,2023-12-14T05:19:00,Routine PM: Annual Track Parameter Tamping & Alignment Check.,COMPLETED,297,T-102
HIST-01025,TASK-01068,2024-12-13T00:01:00,2024-12-13T04:50:00,Routine PM: Annual Track Parameter Tamping & Alignment Check.,COMPLETED,289,T-102
HIST-01026,TASK-01069,2025-12-12T23:40:00,2025-12-13T04:26:00,Routine PM: Annual Track Parameter Tamping & Alignment Check.,COMPLETED,286,T-302
HIST-01027,TASK-01070,2024-01-06T23:53:00,2024-01-07T04:39:00,Routine PM: Annual Track Parameter Tamping & Alignment Check.,COMPLETED,286,T-302
HIST-01028,TASK-01071,2025-01-06T00:06:00,2025-01-06T05:19:00,Routine PM: Annual Track Parameter Tamping & Alignment Check.,COMPLETED,313,T-101 (Engineering Gang)
HIST-01029,TASK-01072,2026-01-05T23:57:00,2026-01-06T05:04:00,Routine PM: Annual Track Parameter Tamping & Alignment Check.,COMPLETED,307,T-201 (Signal Staff)
HIST-01030,TASK-01073,2024-07-31T00:26:00,2024-07-31T05:37:00,Routine PM: Annual Track Parameter Tamping & Alignment Check.,COMPLETED,311,T-201 (Signal Staff)
HIST-01031,TASK-01074,2025-07-30T23:45:00,2025-07-31T04:58:00,Routine PM: Annual Track Parameter Tamping & Alignment Check.,COMPLETED,313,T-301 (OHE Gang)
HIST-01032,TASK-01075,2026-07-30T23:31:00,2026-07-31T04:19:00,Routine PM: Annual Track Parameter Tamping & Alignment Check.,COMPLETED,288,T-102
HIST-01051,TASK-01094,2024-06-11T23:50:00,2024-06-12T05:01:00,Routine PM: Annual Track Parameter Tamping & Alignment Check.,COMPLETED,311,T-101 (Engineering Gang)
HIST-01052,TASK-01095,2025-06-12T00:14:00,2025-06-12T04:59:00,Routine PM: Annual Track Parameter Tamping & Alignment Check.,COMPLETED,285,T-202
HIST-01053,TASK-01096,2026-06-11T23:49:00,2026-06-12T04:37:00,Routine PM: Annual Track Parameter Tamping & Alignment Check.,COMPLETED,288,T-201 (Signal Staff)
HIST-01054,TASK-01097,2024-07-29T23:54:00,2024-07-30T04:53:00,Routine PM: Annual Track Parameter Tamping & Alignment Check.,COMPLETED,299,T-101 (Engineering Gang)
HIST-01055,TASK-01098,2025-07-29T23:35:00,2025-07-30T04:41:00,Routine PM: Annual Track Parameter Tamping & Alignment Check.,COMPLETED,306,T-102
HIST-01056,TASK-01099,2026-07-30T00:03:00,2026-07-30T04:55:00,Routine PM: Annual Track Parameter Tamping & Alignment Check.,COMPLETED,292,T-101 (Engineering Gang)
HIST-01069,TASK-01112,2023-08-24T00:23:00,2023-08-24T05:25:00,Routine PM: Annual Track Parameter Tamping & Alignment Check.,COMPLETED,302,T-102
HIST-01070,TASK-01113,2024-08-23T00:19:00,2024-08-23T05:14:00,Routine PM: Annual Track Parameter Tamping & Alignment Check.,COMPLETED,295,T-102
HIST-01071,TASK-01114,2025-08-22T23:51:00,2025-08-23T04:39:00,Routine PM: Annual Track Parameter Tamping & Alignment Check.,COMPLETED,288,T-302
HIST-01084,TASK-01127,2024-04-19T23:35:00,2024-04-20T04:46:00,Routine PM: Annual Track Parameter Tamping & Alignment Check.,COMPLETED,311,T-201 (Signal Staff)
HIST-01085,TASK-01128,2025-04-19T23:54:00,2025-04-20T05:02:00,Routine PM: Annual Track Parameter Tamping & Alignment Check.,COMPLETED,308,T-301 (OHE Gang)
HIST-01086,TASK-01129,2026-04-19T23:44:00,2026-04-20T04:37:00,Routine PM: Annual Track Parameter Tamping & Alignment Check.,COMPLETED,293,T-102
HIST-01087,TASK-01130,2024-01-13T23:35:00,2024-01-14T04:27:00,Routine PM: Annual Track Parameter Tamping & Alignment Check.,COMPLETED,292,T-201 (Signal Staff)
HIST-01088,TASK-01131,2025-01-13T00:16:00,2025-01-13T05:29:00,Routine PM: Annual Track Parameter Tamping & Alignment Check.,COMPLETED,313,T-302
HIST-01089,TASK-01132,2026-01-13T00:00:00,2026-01-13T04:48:00,Routine PM: Annual Track Parameter Tamping & Alignment Check.,COMPLETED,288,T-202
HIST-01132,TASK-01175,2024-02-01T00:27:00,2024-02-01T05:13:00,Routine PM: Annual Track Parameter Tamping & Alignment Check.,COMPLETED,286,T-301 (OHE Gang)
HIST-01133,TASK-01176,2025-01-31T00:28:00,2025-01-31T05:23:00,Routine PM: Annual Track Parameter Tamping & Alignment Check.,COMPLETED,295,T-302
HIST-01134,TASK-01177,2026-01-31T00:13:00,2026-01-31T05:00:00,Routine PM: Annual Track Parameter Tamping & Alignment Check.,COMPLETED,287,T-301 (OHE Gang)
HIST-01135,TASK-01178,2023-12-20T00:20:00,2023-12-20T05:34:00,Routine PM: Annual Track Parameter Tamping & Alignment Check.,COMPLETED,314,T-202
HIST-01136,TASK-01179,2024-12-19T00:07:00,2024-12-19T05:08:00,Routine PM: Annual Track Parameter Tamping & Alignment Check.,COMPLETED,301,T-301 (OHE Gang)
HIST-01137,TASK-01180,2025-12-18T23:59:00,2025-12-19T05:10:00,Routine PM: Annual Track Parameter Tamping & Alignment Check.,COMPLETED,311,T-202
HIST-01162,TASK-01205,2023-08-23T23:51:00,2023-08-24T04:36:00,Routine PM: Annual Track Parameter Tamping & Alignment Check.,COMPLETED,285,T-102
HIST-01163,TASK-01206,2024-08-23T00:26:00,2024-08-23T05:14:00,Routine PM: Annual Track Parameter Tamping & Alignment Check.,COMPLETED,288,T-102
HIST-01164,TASK-01207,2025-08-22T23:32:00,2025-08-23T04:35:00,Routine PM: Annual Track Parameter Tamping & Alignment Check.,COMPLETED,303,T-102
HIST-01165,TASK-01208,2024-01-13T00:28:00,2024-01-13T05:35:00,Routine PM: Annual Track Parameter Tamping & Alignment Check.,COMPLETED,307,T-301 (OHE Gang)
HIST-01166,TASK-01209,2025-01-12T00:29:00,2025-01-12T05:35:00,Routine PM: Annual Track Parameter Tamping & Alignment Check.,COMPLETED,306,T-101 (Engineering Gang)
HIST-01167,TASK-01210,2026-01-12T00:24:00,2026-01-12T05:22:00,Routine PM: Annual Track Parameter Tamping & Alignment Check.,COMPLETED,298,T-101 (Engineering Gang)
HIST-01198,TASK-01241,2023-09-23T00:03:00,2023-09-23T05:17:00,Routine PM: Annual Track Parameter Tamping & Alignment Check.,COMPLETED,314,T-201 (Signal Staff)
HIST-01199,TASK-01242,2024-09-21T23:48:00,2024-09-22T04:35:00,Routine PM: Annual Track Parameter Tamping & Alignment Check.,COMPLETED,287,T-301 (OHE Gang)
HIST-01200,TASK-01243,2025-09-22T00:25:00,2025-09-22T05:30:00,Routine PM: Annual Track Parameter Tamping & Alignment Check.,COMPLETED,305,T-302
HIST-01243,TASK-01286,2024-03-11T00:05:00,2024-03-11T05:14:00,Routine PM: Annual Track Parameter Tamping & Alignment Check.,COMPLETED,309,T-201 (Signal Staff)
HIST-01244,TASK-01287,2025-03-11T00:26:00,2025-03-11T05:18:00,Routine PM: Annual Track Parameter Tamping & Alignment Check.,COMPLETED,292,T-302
HIST-01245,TASK-01288,2026-03-11T00:00:00,2026-03-11T05:04:00,Routine PM: Annual Track Parameter Tamping & Alignment Check.,COMPLETED,304,T-302
HIST-01276,TASK-01319,2023-09-05T23:58:00,2023-09-06T04:48:00,Routine PM: Annual Track Parameter Tamping & Alignment Check.,COMPLETED,290,T-301 (OHE Gang)
HIST-01277,TASK-01320,2024-09-05T00:22:00,2024-09-05T05:22:00,Routine PM: Annual Track Parameter Tamping & Alignment Check.,COMPLETED,300,T-101 (Engineering Gang)
HIST-01278,TASK-01321,2025-09-05T00:25:00,2025-09-05T05:30:00,Routine PM: Annual Track Parameter Tamping & Alignment Check.,COMPLETED,305,T-301 (OHE Gang)
HIST-01279,TASK-01322,2024-03-24T00:21:00,2024-03-24T05:32:00,Routine PM: Annual Track Parameter Tamping & Alignment Check.,COMPLETED,311,T-201 (Signal Staff)
HIST-01280,TASK-01323,2025-03-23T23:44:00,2025-03-24T04:58:00,Routine PM: Annual Track Parameter Tamping & Alignment Check.,COMPLETED,314,T-302
HIST-01281,TASK-01324,2026-03-23T23:54:00,2026-03-24T04:53:00,Routine PM: Annual Track Parameter Tamping & Alignment Check.,COMPLETED,299,T-101 (Engineering Gang)
HIST-01282,TASK-01325,2023-09-18T00:13:00,2023-09-18T05:15:00,Routine PM: Annual Track Parameter Tamping & Alignment Check.,COMPLETED,302,T-102
HIST-01283,TASK-01326,2024-09-17T00:01:00,2024-09-17T04:47:00,Routine PM: Annual Track Parameter Tamping & Alignment Check.,COMPLETED,286,T-101 (Engineering Gang)
HIST-01284,TASK-01327,2025-09-16T23:47:00,2025-09-17T04:53:00,Routine PM: Annual Track Parameter Tamping & Alignment Check.,COMPLETED,306,T-101 (Engineering Gang)
HIST-01327,TASK-01370,2024-03-27T00:16:00,2024-03-27T05:13:00,Routine PM: Annual Track Parameter Tamping & Alignment Check.,COMPLETED,297,T-201 (Signal Staff)
HIST-01328,TASK-01371,2025-03-27T00:07:00,2025-03-27T05:00:00,Routine PM: Annual Track Parameter Tamping & Alignment Check.,COMPLETED,293,T-201 (Signal Staff)
HIST-01329,TASK-01372,2026-03-27T00:23:00,2026-03-27T05:31:00,Routine PM: Annual Track Parameter Tamping & Alignment Check.,COMPLETED,308,T-302
HIST-01336,TASK-01379,2024-06-25T00:22:00,2024-06-25T05:24:00,Routine PM: Annual Track Parameter Tamping & Alignment Check.,COMPLETED,302,T-101 (Engineering Gang)
HIST-01337,TASK-01380,2025-06-25T00:25:00,2025-06-25T05:24:00,Routine PM: Annual Track Parameter Tamping & Alignment Check.,COMPLETED,299,T-302
HIST-01338,TASK-01381,2026-06-25T00:17:00,2026-06-25T05:17:00,Routine PM: Annual Track Parameter Tamping & Alignment Check.,COMPLETED,300,T-202
HIST-01339,TASK-01382,2023-11-29T00:13:00,2023-11-29T05:00:00,Routine PM: Annual Track Parameter Tamping & Alignment Check.,COMPLETED,287,T-201 (Signal Staff)
HIST-01340,TASK-01383,2024-11-28T00:09:00,2024-11-28T05:03:00,Routine PM: Annual Track Parameter Tamping & Alignment Check.,COMPLETED,294,T-201 (Signal Staff)
HIST-01341,TASK-01384,2025-11-28T00:13:00,2025-11-28T05:12:00,Routine PM: Annual Track Parameter Tamping & Alignment Check.,COMPLETED,299,T-301 (OHE Gang)
HIST-01342,TASK-01385,2024-06-11T23:48:00,2024-06-12T04:38:00,Routine PM: Annual Track Parameter Tamping & Alignment Check.,COMPLETED,290,T-101 (Engineering Gang)
HIST-01343,TASK-01386,2025-06-11T23:34:00,2025-06-12T04:45:00,Routine PM: Annual Track Parameter Tamping & Alignment Check.,COMPLETED,311,T-102
HIST-01344,TASK-01387,2026-06-11T23:53:00,2026-06-12T04:51:00,Routine PM: Annual Track Parameter Tamping & Alignment Check.,COMPLETED,298,T-301 (OHE Gang)
HIST-01387,TASK-01430,2023-09-20T00:13:00,2023-09-20T05:02:00,Routine PM: Annual Track Parameter Tamping & Alignment Check.,COMPLETED,289,T-201 (Signal Staff)
HIST-01388,TASK-01431,2024-09-18T23:47:00,2024-09-19T05:01:00,Routine PM: Annual Track Parameter Tamping & Alignment Check.,COMPLETED,314,T-302
HIST-01389,TASK-01432,2025-09-18T23:50:00,2025-09-19T04:44:00,Routine PM: Annual Track Parameter Tamping & Alignment Check.,COMPLETED,294,T-102
HIST-01414,TASK-01457,2024-03-30T23:55:00,2024-03-31T04:57:00,Routine PM: Annual Track Parameter Tamping & Alignment Check.,COMPLETED,302,T-101 (Engineering Gang)
HIST-01415,TASK-01458,2025-03-30T23:45:00,2025-03-31T04:50:00,Routine PM: Annual Track Parameter Tamping & Alignment Check.,COMPLETED,305,T-102
HIST-01416,TASK-01459,2026-03-31T00:01:00,2026-03-31T04:54:00,Routine PM: Annual Track Parameter Tamping & Alignment Check.,COMPLETED,293,T-202
HIST-01423,TASK-01466,2024-06-29T23:48:00,2024-06-30T04:51:00,Routine PM: Annual Track Parameter Tamping & Alignment Check.,COMPLETED,303,T-302
HIST-01424,TASK-01467,2025-06-29T23:48:00,2025-06-30T04:56:00,Routine PM: Annual Track Parameter Tamping & Alignment Check.,COMPLETED,308,T-301 (OHE Gang)
HIST-01425,TASK-01468,2026-06-29T23:59:00,2026-06-30T04:52:00,Routine PM: Annual Track Parameter Tamping & Alignment Check.,COMPLETED,293,T-102
HIST-01474,TASK-01517,2024-06-11T23:40:00,2024-06-12T04:49:00,Routine PM: Annual Track Parameter Tamping & Alignment Check.,COMPLETED,309,T-301 (OHE Gang)
HIST-01475,TASK-01518,2025-06-11T23:45:00,2025-06-12T04:55:00,Routine PM: Annual Track Parameter Tamping & Alignment Check.,COMPLETED,310,T-301 (OHE Gang)
HIST-01476,TASK-01519,2026-06-11T23:31:00,2026-06-12T04:24:00,Routine PM: Annual Track Parameter Tamping & Alignment Check.,COMPLETED,293,T-301 (OHE Gang)
HIST-01477,TASK-01520,2024-03-07T00:03:00,2024-03-07T05:00:00,Routine PM: Annual Track Parameter Tamping & Alignment Check.,COMPLETED,297,T-102
HIST-01478,TASK-01521,2025-03-07T00:08:00,2025-03-07T04:54:00,Routine PM: Annual Track Parameter Tamping & Alignment Check.,COMPLETED,286,T-101 (Engineering Gang)
HIST-01479,TASK-01522,2026-03-07T00:08:00,2026-03-07T04:58:00,Routine PM: Annual Track Parameter Tamping & Alignment Check.,COMPLETED,290,T-201 (Signal Staff)
HIST-01492,TASK-01535,2024-01-22T00:27:00,2024-01-22T05:16:00,Routine PM: Annual Track Parameter Tamping & Alignment Check.,COMPLETED,289,T-101 (Engineering Gang)
HIST-01493,TASK-01536,2025-01-21T00:05:00,2025-01-21T04:58:00,Routine PM: Annual Track Parameter Tamping & Alignment Check.,COMPLETED,293,T-301 (OHE Gang)
HIST-01494,TASK-01537,2026-01-20T23:58:00,2026-01-21T04:54:00,Routine PM: Annual Track Parameter Tamping & Alignment Check.,COMPLETED,296,T-102
HIST-01495,TASK-01538,2023-09-26T23:56:00,2023-09-27T05:07:00,Routine PM: Annual Track Parameter Tamping & Alignment Check.,COMPLETED,311,T-302
HIST-01496,TASK-01539,2024-09-26T00:12:00,2024-09-26T05:25:00,Routine PM: Annual Track Parameter Tamping & Alignment Check.,COMPLETED,313,T-202
HIST-01497,TASK-01540,2025-09-26T00:23:00,2025-09-26T05:32:00,Routine PM: Annual Track Parameter Tamping & Alignment Check.,COMPLETED,309,T-302
HIST-01510,TASK-01553,2024-04-04T00:13:00,2024-04-04T05:03:00,Routine PM: Annual Track Parameter Tamping & Alignment Check.,COMPLETED,290,T-301 (OHE Gang)
HIST-01511,TASK-01554,2025-04-03T23:49:00,2025-04-04T04:54:00,Routine PM: Annual Track Parameter Tamping & Alignment Check.,COMPLETED,305,T-101 (Engineering Gang)
HIST-01512,TASK-01555,2026-04-04T00:25:00,2026-04-04T05:28:00,Routine PM: Annual Track Parameter Tamping & Alignment Check.,COMPLETED,303,T-202
HIST-01549,TASK-01592,2023-08-23T00:26:00,2023-08-23T05:36:00,Routine PM: Annual Track Parameter Tamping & Alignment Check.,COMPLETED,310,T-302
HIST-01550,TASK-01593,2024-08-21T23:42:00,2024-08-22T04:44:00,Routine PM: Annual Track Parameter Tamping & Alignment Check.,COMPLETED,302,T-101 (Engineering Gang)
HIST-01551,TASK-01594,2025-08-21T23:45:00,2025-08-22T04:52:00,Routine PM: Annual Track Parameter Tamping & Alignment Check.,COMPLETED,307,T-302
HIST-01576,TASK-01619,2024-05-08T23:48:00,2024-05-09T04:45:00,Routine PM: Annual Track Parameter Tamping & Alignment Check.,COMPLETED,297,T-302
HIST-01577,TASK-01620,2025-05-09T00:14:00,2025-05-09T05:20:00,Routine PM: Annual Track Parameter Tamping & Alignment Check.,COMPLETED,306,T-102
HIST-01578,TASK-01621,2026-05-09T00:18:00,2026-05-09T05:11:00,Routine PM: Annual Track Parameter Tamping & Alignment Check.,COMPLETED,293,T-102
HIST-01585,TASK-01628,2023-09-12T00:20:00,2023-09-12T05:22:00,Routine PM: Annual Track Parameter Tamping & Alignment Check.,COMPLETED,302,T-101 (Engineering Gang)
HIST-01586,TASK-01629,2024-09-11T00:12:00,2024-09-11T05:00:00,Routine PM: Annual Track Parameter Tamping & Alignment Check.,COMPLETED,288,T-102
HIST-01587,TASK-01630,2025-09-10T23:51:00,2025-09-11T05:02:00,Routine PM: Annual Track Parameter Tamping & Alignment Check.,COMPLETED,311,T-302
HIST-01588,TASK-01631,2023-10-18T23:32:00,2023-10-19T04:24:00,Routine PM: Annual Track Parameter Tamping & Alignment Check.,COMPLETED,292,T-202
HIST-01589,TASK-01632,2024-10-18T00:28:00,2024-10-18T05:14:00,Routine PM: Annual Track Parameter Tamping & Alignment Check.,COMPLETED,286,T-102
HIST-01590,TASK-01633,2025-10-17T23:48:00,2025-10-18T04:39:00,Routine PM: Annual Track Parameter Tamping & Alignment Check.,COMPLETED,291,T-101 (Engineering Gang)
HIST-01591,TASK-01634,2024-07-03T23:55:00,2024-07-04T05:04:00,Routine PM: Annual Track Parameter Tamping & Alignment Check.,COMPLETED,309,T-202
HIST-01592,TASK-01635,2025-07-03T23:46:00,2025-07-04T04:45:00,Routine PM: Annual Track Parameter Tamping & Alignment Check.,COMPLETED,299,T-102
HIST-01593,TASK-01636,2026-07-03T23:42:00,2026-07-04T04:45:00,Routine PM: Annual Track Parameter Tamping & Alignment Check.,COMPLETED,303,T-101 (Engineering Gang)
HIST-01594,TASK-01637,2023-10-30T23:49:00,2023-10-31T04:52:00,Routine PM: Annual Track Parameter Tamping & Alignment Check.,COMPLETED,303,T-301 (OHE Gang)
HIST-01595,TASK-01638,2024-10-30T00:22:00,2024-10-30T05:33:00,Routine PM: Annual Track Parameter Tamping & Alignment Check.,COMPLETED,311,T-301 (OHE Gang)
HIST-01596,TASK-01639,2025-10-29T23:30:00,2025-10-30T04:35:00,Routine PM: Annual Track Parameter Tamping & Alignment Check.,COMPLETED,305,T-201 (Signal Staff)
HIST-01597,TASK-01640,2024-07-05T23:36:00,2024-07-06T04:38:00,Routine PM: Annual Track Parameter Tamping & Alignment Check.,COMPLETED,302,T-101 (Engineering Gang)
HIST-01598,TASK-01641,2025-07-06T00:28:00,2025-07-06T05:29:00,Routine PM: Annual Track Parameter Tamping & Alignment Check.,COMPLETED,301,T-202
HIST-01599,TASK-01642,2026-07-06T00:17:00,2026-07-06T05:22:00,Routine PM: Annual Track Parameter Tamping & Alignment Check.,COMPLETED,305,T-101 (Engineering Gang)
HIST-01600,TASK-01643,2023-09-18T23:41:00,2023-09-19T04:27:00,Routine PM: Annual Track Parameter Tamping & Alignment Check.,COMPLETED,286,T-201 (Signal Staff)
HIST-01601,TASK-01644,2024-09-18T00:18:00,2024-09-18T05:14:00,Routine PM: Annual Track Parameter Tamping & Alignment Check.,COMPLETED,296,T-201 (Signal Staff)
HIST-01602,TASK-01645,2025-09-18T00:09:00,2025-09-18T05:14:00,Routine PM: Annual Track Parameter Tamping & Alignment Check.,COMPLETED,305,T-302
HIST-01603,TASK-01646,2023-09-21T00:17:00,2023-09-21T05:13:00,Routine PM: Annual Track Parameter Tamping & Alignment Check.,COMPLETED,296,T-302
HIST-01604,TASK-01647,2024-09-19T23:46:00,2024-09-20T04:58:00,Routine PM: Annual Track Parameter Tamping & Alignment Check.,COMPLETED,312,T-102
HIST-01605,TASK-01648,2025-09-19T23:35:00,2025-09-20T04:49:00,Routine PM: Annual Track Parameter Tamping & Alignment Check.,COMPLETED,314,T-102
HIST-01606,TASK-01649,2024-03-15T00:12:00,2024-03-15T05:09:00,Routine PM: Annual Track Parameter Tamping & Alignment Check.,COMPLETED,297,T-102
HIST-01607,TASK-01650,2025-03-14T23:34:00,2025-03-15T04:48:00,Routine PM: Annual Track Parameter Tamping & Alignment Check.,COMPLETED,314,T-102
HIST-01608,TASK-01651,2026-03-15T00:14:00,2026-03-15T05:16:00,Routine PM: Annual Track Parameter Tamping & Alignment Check.,COMPLETED,302,T-301 (OHE Gang)
HIST-01609,TASK-01652,2023-11-16T23:58:00,2023-11-17T04:53:00,Routine PM: Annual Track Parameter Tamping & Alignment Check.,COMPLETED,295,T-301 (OHE Gang)
HIST-01610,TASK-01653,2024-11-15T23:38:00,2024-11-16T04:52:00,Routine PM: Annual Track Parameter Tamping & Alignment Check.,COMPLETED,314,T-302
HIST-01611,TASK-01654,2025-11-15T23:31:00,2025-11-16T04:32:00,Routine PM: Annual Track Parameter Tamping & Alignment Check.,COMPLETED,301,T-101 (Engineering Gang)
HIST-01630,TASK-01673,2023-11-07T23:34:00,2023-11-08T04:26:00,Routine PM: Annual Track Parameter Tamping & Alignment Check.,COMPLETED,292,T-202
HIST-01631,TASK-01674,2024-11-06T23:37:00,2024-11-07T04:23:00,Routine PM: Annual Track Parameter Tamping & Alignment Check.,COMPLETED,286,T-102
HIST-01632,TASK-01675,2025-11-06T23:40:00,2025-11-07T04:49:00,Routine PM: Annual Track Parameter Tamping & Alignment Check.,COMPLETED,309,T-101 (Engineering Gang)
HIST-01657,TASK-01700,2023-08-31T23:30:00,2023-09-01T04:15:00,Routine PM: Annual Track Parameter Tamping & Alignment Check.,COMPLETED,285,T-102
HIST-01658,TASK-01701,2024-08-31T00:30:00,2024-08-31T05:38:00,Routine PM: Annual Track Parameter Tamping & Alignment Check.,COMPLETED,308,T-301 (OHE Gang)
HIST-01659,TASK-01702,2025-08-30T23:51:00,2025-08-31T04:43:00,Routine PM: Annual Track Parameter Tamping & Alignment Check.,COMPLETED,292,T-301 (OHE Gang)
HIST-01696,TASK-01739,2023-11-22T00:10:00,2023-11-22T05:08:00,Routine PM: Annual Track Parameter Tamping & Alignment Check.,COMPLETED,298,T-201 (Signal Staff)
HIST-01697,TASK-01740,2024-11-20T23:51:00,2024-11-21T04:41:00,Routine PM: Annual Track Parameter Tamping & Alignment Check.,COMPLETED,290,T-102
HIST-01698,TASK-01741,2025-11-20T23:58:00,2025-11-21T05:10:00,Routine PM: Annual Track Parameter Tamping & Alignment Check.,COMPLETED,312,T-202
HIST-01699,TASK-01742,2024-06-09T00:23:00,2024-06-09T05:25:00,Routine PM: Annual Track Parameter Tamping & Alignment Check.,COMPLETED,302,T-302
HIST-01700,TASK-01743,2025-06-09T00:01:00,2025-06-09T05:07:00,Routine PM: Annual Track Parameter Tamping & Alignment Check.,COMPLETED,306,T-201 (Signal Staff)
HIST-01701,TASK-01744,2026-06-09T00:13:00,2026-06-09T05:22:00,Routine PM: Annual Track Parameter Tamping & Alignment Check.,COMPLETED,309,T-301 (OHE Gang)
HIST-01702,TASK-01745,2023-09-29T23:54:00,2023-09-30T04:57:00,Routine PM: Annual Track Parameter Tamping & Alignment Check.,COMPLETED,303,T-102
HIST-01703,TASK-01746,2024-09-28T23:32:00,2024-09-29T04:23:00,Routine PM: Annual Track Parameter Tamping & Alignment Check.,COMPLETED,291,T-201 (Signal Staff)
HIST-01704,TASK-01747,2025-09-29T00:12:00,2025-09-29T05:16:00,Routine PM: Annual Track Parameter Tamping & Alignment Check.,COMPLETED,304,T-302
HIST-01783,TASK-01826,2024-07-19T23:42:00,2024-07-20T04:53:00,Routine PM: Annual Track Parameter Tamping & Alignment Check.,COMPLETED,311,T-201 (Signal Staff)
HIST-01784,TASK-01827,2025-07-19T23:49:00,2025-07-20T04:37:00,Routine PM: Annual Track Parameter Tamping & Alignment Check.,COMPLETED,288,T-102
HIST-01785,TASK-01828,2026-07-20T00:14:00,2026-07-20T05:23:00,Routine PM: Annual Track Parameter Tamping & Alignment Check.,COMPLETED,309,T-301 (OHE Gang)
HIST-01786,TASK-01829,2024-03-10T23:36:00,2024-03-11T04:45:00,Routine PM: Annual Track Parameter Tamping & Alignment Check.,COMPLETED,309,T-101 (Engineering Gang)
HIST-01787,TASK-01830,2025-03-10T23:36:00,2025-03-11T04:40:00,Routine PM: Annual Track Parameter Tamping & Alignment Check.,COMPLETED,304,T-202
HIST-01788,TASK-01831,2026-03-11T00:11:00,2026-03-11T04:59:00,Routine PM: Annual Track Parameter Tamping & Alignment Check.,COMPLETED,288,T-302
HIST-01819,TASK-01862,2023-08-19T23:53:00,2023-08-20T04:55:00,Routine PM: Annual Track Parameter Tamping & Alignment Check.,COMPLETED,302,T-101 (Engineering Gang)
HIST-01820,TASK-01863,2024-08-19T00:12:00,2024-08-19T05:23:00,Routine PM: Annual Track Parameter Tamping & Alignment Check.,COMPLETED,311,T-202
HIST-01821,TASK-01864,2025-08-19T00:19:00,2025-08-19T05:20:00,Routine PM: Annual Track Parameter Tamping & Alignment Check.,COMPLETED,301,T-101 (Engineering Gang)
HIST-01840,TASK-01883,2024-06-14T23:49:00,2024-06-15T04:59:00,Routine PM: Annual Track Parameter Tamping & Alignment Check.,COMPLETED,310,T-201 (Signal Staff)
HIST-01841,TASK-01884,2025-06-15T00:12:00,2025-06-15T05:13:00,Routine PM: Annual Track Parameter Tamping & Alignment Check.,COMPLETED,301,T-201 (Signal Staff)
HIST-01842,TASK-01885,2026-06-14T23:51:00,2026-06-15T04:52:00,Routine PM: Annual Track Parameter Tamping & Alignment Check.,COMPLETED,301,T-201 (Signal Staff)
HIST-01879,TASK-01922,2023-09-13T00:05:00,2023-09-13T05:09:00,Routine PM: Annual Track Parameter Tamping & Alignment Check.,COMPLETED,304,T-101 (Engineering Gang)
HIST-01880,TASK-01923,2024-09-11T23:52:00,2024-09-12T04:50:00,Routine PM: Annual Track Parameter Tamping & Alignment Check.,COMPLETED,298,T-101 (Engineering Gang)
HIST-01881,TASK-01924,2025-09-11T23:35:00,2025-09-12T04:37:00,Routine PM: Annual Track Parameter Tamping & Alignment Check.,COMPLETED,302,T-102
HIST-01882,TASK-01925,2024-01-09T00:25:00,2024-01-09T05:16:00,Routine PM: Annual Track Parameter Tamping & Alignment Check.,COMPLETED,291,T-302
HIST-01883,TASK-01926,2025-01-08T00:12:00,2025-01-08T05:26:00,Routine PM: Annual Track Parameter Tamping & Alignment Check.,COMPLETED,314,T-102
HIST-01884,TASK-01927,2026-01-07T23:50:00,2026-01-08T04:55:00,Routine PM: Annual Track Parameter Tamping & Alignment Check.,COMPLETED,305,T-302
HIST-01885,TASK-01928,2024-06-25T23:38:00,2024-06-26T04:32:00,Routine PM: Annual Track Parameter Tamping & Alignment Check.,COMPLETED,294,T-302
HIST-01886,TASK-01929,2025-06-26T00:18:00,2025-06-26T05:14:00,Routine PM: Annual Track Parameter Tamping & Alignment Check.,COMPLETED,296,T-302
HIST-01887,TASK-01930,2026-06-25T23:56:00,2026-06-26T04:56:00,Routine PM: Annual Track Parameter Tamping & Alignment Check.,COMPLETED,300,T-302
HIST-01894,TASK-01937,2024-07-11T00:13:00,2024-07-11T05:06:00,Routine PM: Annual Track Parameter Tamping & Alignment Check.,COMPLETED,293,T-102
HIST-01895,TASK-01938,2025-07-11T00:13:00,2025-07-11T04:59:00,Routine PM: Annual Track Parameter Tamping & Alignment Check.,COMPLETED,286,T-201 (Signal Staff)
HIST-01896,TASK-01939,2026-07-11T00:28:00,2026-07-11T05:23:00,Routine PM: Annual Track Parameter Tamping & Alignment Check.,COMPLETED,295,T-202
HIST-01939,TASK-01982,2023-12-02T00:18:00,2023-12-02T05:08:00,Routine PM: Annual Track Parameter Tamping & Alignment Check.,COMPLETED,290,T-101 (Engineering Gang)
HIST-01940,TASK-01983,2024-11-30T23:57:00,2024-12-01T05:00:00,Routine PM: Annual Track Parameter Tamping & Alignment Check.,COMPLETED,303,T-301 (OHE Gang)
HIST-01941,TASK-01984,2025-12-01T00:11:00,2025-12-01T04:59:00,Routine PM: Annual Track Parameter Tamping & Alignment Check.,COMPLETED,288,T-101 (Engineering Gang)
HIST-01942,TASK-01985,2024-05-08T23:36:00,2024-05-09T04:38:00,Routine PM: Annual Track Parameter Tamping & Alignment Check.,COMPLETED,302,T-302
HIST-01943,TASK-01986,2025-05-08T23:37:00,2025-05-09T04:27:00,Routine PM: Annual Track Parameter Tamping & Alignment Check.,COMPLETED,290,T-302
HIST-01944,TASK-01987,2026-05-08T23:58:00,2026-05-09T05:08:00,Routine PM: Annual Track Parameter Tamping & Alignment Check.,COMPLETED,310,T-301 (OHE Gang)
HIST-01999,TASK-02042,2023-11-25T23:38:00,2023-11-26T04:37:00,Routine PM: Annual Track Parameter Tamping & Alignment Check.,COMPLETED,299,T-101 (Engineering Gang)
HIST-02000,TASK-02043,2024-11-24T23:39:00,2024-11-25T04:30:00,Routine PM: Annual Track Parameter Tamping & Alignment Check.,COMPLETED,291,T-102
HIST-02001,TASK-02044,2025-11-24T23:46:00,2025-11-25T04:50:00,Routine PM: Annual Track Parameter Tamping & Alignment Check.,COMPLETED,304,T-101 (Engineering Gang)
HIST-02002,TASK-02045,2023-10-21T00:03:00,2023-10-21T05:10:00,Routine PM: Annual Track Parameter Tamping & Alignment Check.,COMPLETED,307,T-101 (Engineering Gang)
HIST-02003,TASK-02046,2024-10-19T23:54:00,2024-10-20T04:39:00,Routine PM: Annual Track Parameter Tamping & Alignment Check.,COMPLETED,285,T-302
HIST-02004,TASK-02047,2025-10-20T00:24:00,2025-10-20T05:23:00,Routine PM: Annual Track Parameter Tamping & Alignment Check.,COMPLETED,299,T-201 (Signal Staff)
HIST-02005,TASK-02048,2024-01-13T23:47:00,2024-01-14T04:38:00,Routine PM: Annual Track Parameter Tamping & Alignment Check.,COMPLETED,291,T-301 (OHE Gang)
HIST-02006,TASK-02049,2025-01-13T00:13:00,2025-01-13T05:10:00,Routine PM: Annual Track Parameter Tamping & Alignment Check.,COMPLETED,297,T-201 (Signal Staff)
HIST-02007,TASK-02050,2026-01-13T00:11:00,2026-01-13T05:25:00,Routine PM: Annual Track Parameter Tamping & Alignment Check.,COMPLETED,314,T-302
HIST-02008,TASK-02051,2024-02-23T23:43:00,2024-02-24T04:35:00,Routine PM: Annual Track Parameter Tamping & Alignment Check.,COMPLETED,292,T-301 (OHE Gang)
HIST-02009,TASK-02052,2025-02-22T23:55:00,2025-02-23T04:48:00,Routine PM: Annual Track Parameter Tamping & Alignment Check.,COMPLETED,293,T-302
HIST-02010,TASK-02053,2026-02-22T23:55:00,2026-02-23T04:59:00,Routine PM: Annual Track Parameter Tamping & Alignment Check.,COMPLETED,304,T-202
HIST-02023,TASK-02066,2023-12-18T23:51:00,2023-12-19T04:44:00,Routine PM: Annual Track Parameter Tamping & Alignment Check.,COMPLETED,293,T-102
HIST-02024,TASK-02067,2024-12-17T23:39:00,2024-12-18T04:50:00,Routine PM: Annual Track Parameter Tamping & Alignment Check.,COMPLETED,311,T-301 (OHE Gang)
HIST-02025,TASK-02068,2025-12-17T23:32:00,2025-12-18T04:43:00,Routine PM: Annual Track Parameter Tamping & Alignment Check.,COMPLETED,311,T-302
HIST-02038,TASK-02081,2023-09-17T00:03:00,2023-09-17T05:11:00,Routine PM: Annual Track Parameter Tamping & Alignment Check.,COMPLETED,308,T-202
HIST-02039,TASK-02082,2024-09-15T23:46:00,2024-09-16T04:57:00,Routine PM: Annual Track Parameter Tamping & Alignment Check.,COMPLETED,311,T-202
HIST-02040,TASK-02083,2025-09-16T00:06:00,2025-09-16T05:14:00,Routine PM: Annual Track Parameter Tamping & Alignment Check.,COMPLETED,308,T-301 (OHE Gang)
HIST-02059,TASK-02102,2023-09-05T23:46:00,2023-09-06T04:38:00,Routine PM: Annual Track Parameter Tamping & Alignment Check.,COMPLETED,292,T-101 (Engineering Gang)
HIST-02060,TASK-02103,2024-09-04T23:55:00,2024-09-05T04:47:00,Routine PM: Annual Track Parameter Tamping & Alignment Check.,COMPLETED,292,T-101 (Engineering Gang)
HIST-02061,TASK-02104,2025-09-05T00:06:00,2025-09-05T04:54:00,Routine PM: Annual Track Parameter Tamping & Alignment Check.,COMPLETED,288,T-101 (Engineering Gang)
HIST-02062,TASK-02105,2024-03-22T00:24:00,2024-03-22T05:25:00,Routine PM: Annual Track Parameter Tamping & Alignment Check.,COMPLETED,301,T-101 (Engineering Gang)
HIST-02063,TASK-02106,2025-03-22T00:17:00,2025-03-22T05:27:00,Routine PM: Annual Track Parameter Tamping & Alignment Check.,COMPLETED,310,T-102
HIST-02064,TASK-02107,2026-03-22T00:18:00,2026-03-22T05:10:00,Routine PM: Annual Track Parameter Tamping & Alignment Check.,COMPLETED,292,T-202
HIST-02065,TASK-02108,2023-09-25T00:18:00,2023-09-25T05:23:00,Routine PM: Annual Track Parameter Tamping & Alignment Check.,COMPLETED,305,T-101 (Engineering Gang)
HIST-02066,TASK-02109,2024-09-24T00:24:00,2024-09-24T05:18:00,Routine PM: Annual Track Parameter Tamping & Alignment Check.,COMPLETED,294,T-302
HIST-02067,TASK-02110,2025-09-23T23:39:00,2025-09-24T04:49:00,Routine PM: Annual Track Parameter Tamping & Alignment Check.,COMPLETED,310,T-201 (Signal Staff)
HIST-02068,TASK-02111,2024-05-21T23:55:00,2024-05-22T04:43:00,Routine PM: Annual Track Parameter Tamping & Alignment Check.,COMPLETED,288,T-201 (Signal Staff)
HIST-02069,TASK-02112,2025-05-21T23:43:00,2025-05-22T04:32:00,Routine PM: Annual Track Parameter Tamping & Alignment Check.,COMPLETED,289,T-102
HIST-02070,TASK-02113,2026-05-22T00:13:00,2026-05-22T05:23:00,Routine PM: Annual Track Parameter Tamping & Alignment Check.,COMPLETED,310,T-101 (Engineering Gang)
HIST-02071,TASK-02114,2023-12-31T23:30:00,2024-01-01T04:36:00,Routine PM: Annual Track Parameter Tamping & Alignment Check.,COMPLETED,306,T-201 (Signal Staff)
HIST-02072,TASK-02115,2024-12-31T00:10:00,2024-12-31T05:03:00,Routine PM: Annual Track Parameter Tamping & Alignment Check.,COMPLETED,293,T-301 (OHE Gang)
HIST-02073,TASK-02116,2025-12-30T23:49:00,2025-12-31T04:38:00,Routine PM: Annual Track Parameter Tamping & Alignment Check.,COMPLETED,289,T-301 (OHE Gang)
HIST-02110,TASK-02153,2024-05-13T00:24:00,2024-05-13T05:15:00,Routine PM: Annual Track Parameter Tamping & Alignment Check.,COMPLETED,291,T-202
HIST-02111,TASK-02154,2025-05-13T00:16:00,2025-05-13T05:24:00,Routine PM: Annual Track Parameter Tamping & Alignment Check.,COMPLETED,308,T-201 (Signal Staff)
HIST-02112,TASK-02155,2026-05-13T00:02:00,2026-05-13T05:15:00,Routine PM: Annual Track Parameter Tamping & Alignment Check.,COMPLETED,313,T-301 (OHE Gang)
HIST-02125,TASK-02168,2023-12-06T00:06:00,2023-12-06T05:12:00,Routine PM: Annual Track Parameter Tamping & Alignment Check.,COMPLETED,306,T-302
HIST-02126,TASK-02169,2024-12-05T00:11:00,2024-12-05T05:06:00,Routine PM: Annual Track Parameter Tamping & Alignment Check.,COMPLETED,295,T-301 (OHE Gang)
HIST-02127,TASK-02170,2025-12-04T23:56:00,2025-12-05T05:08:00,Routine PM: Annual Track Parameter Tamping & Alignment Check.,COMPLETED,312,T-302
HIST-02158,TASK-02201,2023-10-21T00:13:00,2023-10-21T05:18:00,Routine PM: Annual Track Parameter Tamping & Alignment Check.,COMPLETED,305,T-302
HIST-02159,TASK-02202,2024-10-20T00:12:00,2024-10-20T05:18:00,Routine PM: Annual Track Parameter Tamping & Alignment Check.,COMPLETED,306,T-302
HIST-02160,TASK-02203,2025-10-19T23:36:00,2025-10-20T04:44:00,Routine PM: Annual Track Parameter Tamping & Alignment Check.,COMPLETED,308,T-302
HIST-02161,TASK-02204,2024-07-21T23:33:00,2024-07-22T04:44:00,Routine PM: Annual Track Parameter Tamping & Alignment Check.,COMPLETED,311,T-301 (OHE Gang)
HIST-02162,TASK-02205,2025-07-21T23:52:00,2025-07-22T04:59:00,Routine PM: Annual Track Parameter Tamping & Alignment Check.,COMPLETED,307,T-201 (Signal Staff)
HIST-02163,TASK-02206,2026-07-22T00:11:00,2026-07-22T05:05:00,Routine PM: Annual Track Parameter Tamping & Alignment Check.,COMPLETED,294,T-101 (Engineering Gang)
HIST-02230,TASK-02273,2024-03-24T23:41:00,2024-03-25T04:51:00,Routine PM: Annual Track Parameter Tamping & Alignment Check.,COMPLETED,310,T-102
HIST-02231,TASK-02274,2025-03-25T00:24:00,2025-03-25T05:11:00,Routine PM: Annual Track Parameter Tamping & Alignment Check.,COMPLETED,287,T-201 (Signal Staff)
HIST-02232,TASK-02275,2026-03-25T00:18:00,2026-03-25T05:14:00,Routine PM: Annual Track Parameter Tamping & Alignment Check.,COMPLETED,296,T-201 (Signal Staff)
HIST-02251,TASK-02294,2023-12-15T00:20:00,2023-12-15T05:07:00,Routine PM: Annual Track Parameter Tamping & Alignment Check.,COMPLETED,287,T-202
HIST-02252,TASK-02295,2024-12-13T23:36:00,2024-12-14T04:49:00,Routine PM: Annual Track Parameter Tamping & Alignment Check.,COMPLETED,313,T-302
HIST-02253,TASK-02296,2025-12-14T00:23:00,2025-12-14T05:16:00,Routine PM: Annual Track Parameter Tamping & Alignment Check.,COMPLETED,293,T-101 (Engineering Gang)
HIST-02266,TASK-02309,2024-03-09T23:57:00,2024-03-10T04:49:00,Routine PM: Annual Track Parameter Tamping & Alignment Check.,COMPLETED,292,T-201 (Signal Staff)
HIST-02267,TASK-02310,2025-03-10T00:00:00,2025-03-10T04:52:00,Routine PM: Annual Track Parameter Tamping & Alignment Check.,COMPLETED,292,T-302
HIST-02268,TASK-02311,2026-03-09T23:57:00,2026-03-10T05:00:00,Routine PM: Annual Track Parameter Tamping & Alignment Check.,COMPLETED,303,T-102
HIST-02281,TASK-02324,2024-06-23T00:20:00,2024-06-23T05:11:00,Routine PM: Annual Track Parameter Tamping & Alignment Check.,COMPLETED,291,T-301 (OHE Gang)
HIST-02282,TASK-02325,2025-06-22T23:35:00,2025-06-23T04:41:00,Routine PM: Annual Track Parameter Tamping & Alignment Check.,COMPLETED,306,T-201 (Signal Staff)
HIST-02283,TASK-02326,2026-06-22T23:42:00,2026-06-23T04:49:00,Routine PM: Annual Track Parameter Tamping & Alignment Check.,COMPLETED,307,T-101 (Engineering Gang)
HIST-02308,TASK-02351,2024-02-05T23:52:00,2024-02-06T04:37:00,Routine PM: Annual Track Parameter Tamping & Alignment Check.,COMPLETED,285,T-302
HIST-02309,TASK-02352,2025-02-04T23:31:00,2025-02-05T04:35:00,Routine PM: Annual Track Parameter Tamping & Alignment Check.,COMPLETED,304,T-301 (OHE Gang)
HIST-02310,TASK-02353,2026-02-05T00:23:00,2026-02-05T05:35:00,Routine PM: Annual Track Parameter Tamping & Alignment Check.,COMPLETED,312,T-302
HIST-02335,TASK-02378,2024-04-23T23:51:00,2024-04-24T04:55:00,Routine PM: Annual Track Parameter Tamping & Alignment Check.,COMPLETED,304,T-201 (Signal Staff)
HIST-02336,TASK-02379,2025-04-24T00:17:00,2025-04-24T05:28:00,Routine PM: Annual Track Parameter Tamping & Alignment Check.,COMPLETED,311,T-301 (OHE Gang)
HIST-02337,TASK-02380,2026-04-24T00:22:00,2026-04-24T05:20:00,Routine PM: Annual Track Parameter Tamping & Alignment Check.,COMPLETED,298,T-302
HIST-02344,TASK-02387,2024-02-16T00:26:00,2024-02-16T05:22:00,Routine PM: Annual Track Parameter Tamping & Alignment Check.,COMPLETED,296,T-301 (OHE Gang)
HIST-02345,TASK-02388,2025-02-15T00:24:00,2025-02-15T05:15:00,Routine PM: Annual Track Parameter Tamping & Alignment Check.,COMPLETED,291,T-301 (OHE Gang)
HIST-02346,TASK-02389,2026-02-15T00:30:00,2026-02-15T05:17:00,Routine PM: Annual Track Parameter Tamping & Alignment Check.,COMPLETED,287,T-301 (OHE Gang)
HIST-02347,TASK-02390,2023-12-20T23:46:00,2023-12-21T04:50:00,Routine PM: Annual Track Parameter Tamping & Alignment Check.,COMPLETED,304,T-102
HIST-02348,TASK-02391,2024-12-19T23:48:00,2024-12-20T04:39:00,Routine PM: Annual Track Parameter Tamping & Alignment Check.,COMPLETED,291,T-201 (Signal Staff)
HIST-02349,TASK-02392,2025-12-20T00:01:00,2025-12-20T04:46:00,Routine PM: Annual Track Parameter Tamping & Alignment Check.,COMPLETED,285,T-101 (Engineering Gang)
HIST-02380,TASK-02423,2023-12-22T00:25:00,2023-12-22T05:39:00,Routine PM: Annual Track Parameter Tamping & Alignment Check.,COMPLETED,314,T-202
HIST-02381,TASK-02424,2024-12-21T00:27:00,2024-12-21T05:18:00,Routine PM: Annual Track Parameter Tamping & Alignment Check.,COMPLETED,291,T-201 (Signal Staff)
HIST-02382,TASK-02425,2025-12-21T00:12:00,2025-12-21T05:14:00,Routine PM: Annual Track Parameter Tamping & Alignment Check.,COMPLETED,302,T-301 (OHE Gang)
HIST-02401,TASK-02444,2024-07-17T23:35:00,2024-07-18T04:29:00,Routine PM: Annual Track Parameter Tamping & Alignment Check.,COMPLETED,294,T-201 (Signal Staff)
HIST-02402,TASK-02445,2025-07-17T23:37:00,2025-07-18T04:44:00,Routine PM: Annual Track Parameter Tamping & Alignment Check.,COMPLETED,307,T-102
HIST-02403,TASK-02446,2026-07-18T00:01:00,2026-07-18T04:58:00,Routine PM: Annual Track Parameter Tamping & Alignment Check.,COMPLETED,297,T-101 (Engineering Gang)
HIST-02416,TASK-02459,2024-05-22T23:55:00,2024-05-23T04:45:00,Routine PM: Annual Track Parameter Tamping & Alignment Check.,COMPLETED,290,T-201 (Signal Staff)
HIST-02417,TASK-02460,2025-05-23T00:17:00,2025-05-23T05:09:00,Routine PM: Annual Track Parameter Tamping & Alignment Check.,COMPLETED,292,T-102
HIST-02418,TASK-02461,2026-05-23T00:08:00,2026-05-23T05:15:00,Routine PM: Annual Track Parameter Tamping & Alignment Check.,COMPLETED,307,T-202
HIST-02425,TASK-02468,2023-08-27T00:00:00,2023-08-27T04:45:00,Routine PM: Annual Track Parameter Tamping & Alignment Check.,COMPLETED,285,T-202
HIST-02426,TASK-02469,2024-08-26T00:21:00,2024-08-26T05:35:00,Routine PM: Annual Track Parameter Tamping & Alignment Check.,COMPLETED,314,T-202
HIST-02427,TASK-02470,2025-08-25T23:32:00,2025-08-26T04:40:00,Routine PM: Annual Track Parameter Tamping & Alignment Check.,COMPLETED,308,T-302
HIST-02446,TASK-02489,2024-03-31T00:25:00,2024-03-31T05:19:00,Routine PM: Annual Track Parameter Tamping & Alignment Check.,COMPLETED,294,T-101 (Engineering Gang)
HIST-02447,TASK-02490,2025-03-30T23:32:00,2025-03-31T04:40:00,Routine PM: Annual Track Parameter Tamping & Alignment Check.,COMPLETED,308,T-201 (Signal Staff)
HIST-02448,TASK-02491,2026-03-31T00:17:00,2026-03-31T05:11:00,Routine PM: Annual Track Parameter Tamping & Alignment Check.,COMPLETED,294,T-302
HIST-02467,TASK-02510,2023-12-24T00:19:00,2023-12-24T05:06:00,Routine PM: Annual Track Parameter Tamping & Alignment Check.,COMPLETED,287,T-102
HIST-02468,TASK-02511,2024-12-22T23:49:00,2024-12-23T04:34:00,Routine PM: Annual Track Parameter Tamping & Alignment Check.,COMPLETED,285,T-302
HIST-02469,TASK-02512,2025-12-22T23:33:00,2025-12-23T04:19:00,Routine PM: Annual Track Parameter Tamping & Alignment Check.,COMPLETED,286,T-302
HIST-02482,TASK-02525,2023-10-20T00:04:00,2023-10-20T05:08:00,Routine PM: Annual Track Parameter Tamping & Alignment Check.,COMPLETED,304,T-201 (Signal Staff)
HIST-02483,TASK-02526,2024-10-18T23:56:00,2024-10-19T05:05:00,Routine PM: Annual Track Parameter Tamping & Alignment Check.,COMPLETED,309,T-302
HIST-02484,TASK-02527,2025-10-19T00:19:00,2025-10-19T05:16:00,Routine PM: Annual Track Parameter Tamping & Alignment Check.,COMPLETED,297,T-301 (OHE Gang)
HIST-02515,TASK-02558,2024-01-05T23:33:00,2024-01-06T04:22:00,Routine PM: Annual Track Parameter Tamping & Alignment Check.,COMPLETED,289,T-301 (OHE Gang)
HIST-02516,TASK-02559,2025-01-05T00:22:00,2025-01-05T05:33:00,Routine PM: Annual Track Parameter Tamping & Alignment Check.,COMPLETED,311,T-101 (Engineering Gang)
HIST-02517,TASK-02560,2026-01-04T23:49:00,2026-01-05T04:54:00,Routine PM: Annual Track Parameter Tamping & Alignment Check.,COMPLETED,305,T-202
HIST-02518,TASK-02561,2024-05-09T23:54:00,2024-05-10T05:00:00,Routine PM: Annual Track Parameter Tamping & Alignment Check.,COMPLETED,306,T-302
HIST-02519,TASK-02562,2025-05-10T00:09:00,2025-05-10T05:15:00,Routine PM: Annual Track Parameter Tamping & Alignment Check.,COMPLETED,306,T-202
HIST-02520,TASK-02563,2026-05-10T00:10:00,2026-05-10T05:13:00,Routine PM: Annual Track Parameter Tamping & Alignment Check.,COMPLETED,303,T-202
HIST-02533,TASK-02576,2023-08-26T00:14:00,2023-08-26T05:18:00,Routine PM: Annual Track Parameter Tamping & Alignment Check.,COMPLETED,304,T-201 (Signal Staff)
HIST-02534,TASK-02577,2024-08-25T00:27:00,2024-08-25T05:14:00,Routine PM: Annual Track Parameter Tamping & Alignment Check.,COMPLETED,287,T-302
HIST-02535,TASK-02578,2025-08-25T00:23:00,2025-08-25T05:11:00,Routine PM: Annual Track Parameter Tamping & Alignment Check.,COMPLETED,288,T-102
HIST-02590,TASK-02633,2024-03-05T00:25:00,2024-03-05T05:24:00,Routine PM: Annual Track Parameter Tamping & Alignment Check.,COMPLETED,299,T-202
HIST-02591,TASK-02634,2025-03-05T00:02:00,2025-03-05T05:07:00,Routine PM: Annual Track Parameter Tamping & Alignment Check.,COMPLETED,305,T-201 (Signal Staff)
HIST-02592,TASK-02635,2026-03-04T23:57:00,2026-03-05T04:57:00,Routine PM: Annual Track Parameter Tamping & Alignment Check.,COMPLETED,300,T-201 (Signal Staff)
HIST-02629,TASK-02672,2023-12-02T00:28:00,2023-12-02T05:20:00,Routine PM: Annual Track Parameter Tamping & Alignment Check.,COMPLETED,292,T-101 (Engineering Gang)
HIST-02630,TASK-02673,2024-12-01T00:28:00,2024-12-01T05:23:00,Routine PM: Annual Track Parameter Tamping & Alignment Check.,COMPLETED,295,T-301 (OHE Gang)
HIST-02631,TASK-02674,2025-11-30T23:42:00,2025-12-01T04:32:00,Routine PM: Annual Track Parameter Tamping & Alignment Check.,COMPLETED,290,T-302
HIST-02674,TASK-02717,2024-02-20T23:42:00,2024-02-21T04:44:00,Routine PM: Annual Track Parameter Tamping & Alignment Check.,COMPLETED,302,T-302
HIST-02675,TASK-02718,2025-02-19T23:30:00,2025-02-20T04:22:00,Routine PM: Annual Track Parameter Tamping & Alignment Check.,COMPLETED,292,T-302
HIST-02676,TASK-02719,2026-02-20T00:19:00,2026-02-20T05:21:00,Routine PM: Annual Track Parameter Tamping & Alignment Check.,COMPLETED,302,T-302
HIST-02677,TASK-02720,2024-03-05T00:22:00,2024-03-05T05:30:00,Routine PM: Annual Track Parameter Tamping & Alignment Check.,COMPLETED,308,T-102
HIST-02678,TASK-02721,2025-03-04T23:58:00,2025-03-05T05:03:00,Routine PM: Annual Track Parameter Tamping & Alignment Check.,COMPLETED,305,T-202
HIST-02679,TASK-02722,2026-03-05T00:25:00,2026-03-05T05:30:00,Routine PM: Annual Track Parameter Tamping & Alignment Check.,COMPLETED,305,T-301 (OHE Gang)
HIST-02680,TASK-02723,2023-11-02T23:34:00,2023-11-03T04:48:00,Routine PM: Annual Track Parameter Tamping & Alignment Check.,COMPLETED,314,T-301 (OHE Gang)
HIST-02681,TASK-02724,2024-11-02T00:13:00,2024-11-02T05:13:00,Routine PM: Annual Track Parameter Tamping & Alignment Check.,COMPLETED,300,T-102
HIST-02682,TASK-02725,2025-11-02T00:03:00,2025-11-02T05:14:00,Routine PM: Annual Track Parameter Tamping & Alignment Check.,COMPLETED,311,T-101 (Engineering Gang)
HIST-02713,TASK-02756,2024-01-24T23:50:00,2024-01-25T05:01:00,Routine PM: Annual Track Parameter Tamping & Alignment Check.,COMPLETED,311,T-302
HIST-02714,TASK-02757,2025-01-24T00:06:00,2025-01-24T05:02:00,Routine PM: Annual Track Parameter Tamping & Alignment Check.,COMPLETED,296,T-301 (OHE Gang)
HIST-02715,TASK-02758,2026-01-24T00:23:00,2026-01-24T05:18:00,Routine PM: Annual Track Parameter Tamping & Alignment Check.,COMPLETED,295,T-101 (Engineering Gang)
HIST-02734,TASK-02777,2023-11-08T00:15:00,2023-11-08T05:06:00,Routine PM: Annual Track Parameter Tamping & Alignment Check.,COMPLETED,291,T-302
HIST-02735,TASK-02778,2024-11-06T23:31:00,2024-11-07T04:19:00,Routine PM: Annual Track Parameter Tamping & Alignment Check.,COMPLETED,288,T-102
HIST-02736,TASK-02779,2025-11-07T00:07:00,2025-11-07T05:16:00,Routine PM: Annual Track Parameter Tamping & Alignment Check.,COMPLETED,309,T-301 (OHE Gang)
HIST-02749,TASK-02792,2024-02-07T00:16:00,2024-02-07T05:19:00,Routine PM: Annual Track Parameter Tamping & Alignment Check.,COMPLETED,303,T-101 (Engineering Gang)
HIST-02750,TASK-02793,2025-02-06T00:09:00,2025-02-06T05:16:00,Routine PM: Annual Track Parameter Tamping & Alignment Check.,COMPLETED,307,T-302
HIST-02751,TASK-02794,2026-02-05T23:47:00,2026-02-06T04:36:00,Routine PM: Annual Track Parameter Tamping & Alignment Check.,COMPLETED,289,T-302
HIST-02776,TASK-02819,2024-06-30T23:51:00,2024-07-01T05:01:00,Routine PM: Annual Track Parameter Tamping & Alignment Check.,COMPLETED,310,T-202
HIST-02777,TASK-02820,2025-07-01T00:18:00,2025-07-01T05:06:00,Routine PM: Annual Track Parameter Tamping & Alignment Check.,COMPLETED,288,T-201 (Signal Staff)
HIST-02778,TASK-02821,2026-06-30T23:36:00,2026-07-01T04:29:00,Routine PM: Annual Track Parameter Tamping & Alignment Check.,COMPLETED,293,T-102
HIST-02857,TASK-02900,2023-12-18T00:11:00,2023-12-18T05:15:00,Routine PM: Annual Track Parameter Tamping & Alignment Check.,COMPLETED,304,T-101 (Engineering Gang)
HIST-02858,TASK-02901,2024-12-17T00:10:00,2024-12-17T05:10:00,Routine PM: Annual Track Parameter Tamping & Alignment Check.,COMPLETED,300,T-202
HIST-02859,TASK-02902,2025-12-16T23:36:00,2025-12-17T04:30:00,Routine PM: Annual Track Parameter Tamping & Alignment Check.,COMPLETED,294,T-102
HIST-02878,TASK-02921,2023-10-08T00:01:00,2023-10-08T05:00:00,Routine PM: Annual Track Parameter Tamping & Alignment Check.,COMPLETED,299,T-302
HIST-02879,TASK-02922,2024-10-07T00:04:00,2024-10-07T04:59:00,Routine PM: Annual Track Parameter Tamping & Alignment Check.,COMPLETED,295,T-301 (OHE Gang)
HIST-02880,TASK-02923,2025-10-06T23:39:00,2025-10-07T04:51:00,Routine PM: Annual Track Parameter Tamping & Alignment Check.,COMPLETED,312,T-102
HIST-02881,TASK-02924,2024-01-20T00:28:00,2024-01-20T05:17:00,Routine PM: Annual Track Parameter Tamping & Alignment Check.,COMPLETED,289,T-302
HIST-02882,TASK-02925,2025-01-18T23:47:00,2025-01-19T04:38:00,Routine PM: Annual Track Parameter Tamping & Alignment Check.,COMPLETED,291,T-301 (OHE Gang)
HIST-02883,TASK-02926,2026-01-18T23:39:00,2026-01-19T04:39:00,Routine PM: Annual Track Parameter Tamping & Alignment Check.,COMPLETED,300,T-201 (Signal Staff)
HIST-02884,TASK-02927,2023-11-01T23:31:00,2023-11-02T04:21:00,Routine PM: Annual Track Parameter Tamping & Alignment Check.,COMPLETED,290,T-101 (Engineering Gang)
HIST-02885,TASK-02928,2024-10-31T23:47:00,2024-11-01T04:34:00,Routine PM: Annual Track Parameter Tamping & Alignment Check.,COMPLETED,287,T-102
HIST-02886,TASK-02929,2025-10-31T23:48:00,2025-11-01T05:00:00,Routine PM: Annual Track Parameter Tamping & Alignment Check.,COMPLETED,312,T-102
HIST-02929,TASK-02972,2024-07-09T00:00:00,2024-07-09T05:05:00,Routine PM: Annual Track Parameter Tamping & Alignment Check.,COMPLETED,305,T-202
HIST-02930,TASK-02973,2025-07-08T23:58:00,2025-07-09T05:11:00,Routine PM: Annual Track Parameter Tamping & Alignment Check.,COMPLETED,313,T-202
HIST-02931,TASK-02974,2026-07-09T00:18:00,2026-07-09T05:29:00,Routine PM: Annual Track Parameter Tamping & Alignment Check.,COMPLETED,311,T-101 (Engineering Gang)
HIST-02938,TASK-02981,2024-02-02T23:32:00,2024-02-03T04:25:00,Routine PM: Annual Track Parameter Tamping & Alignment Check.,COMPLETED,293,T-202
HIST-02939,TASK-02982,2025-02-02T00:21:00,2025-02-02T05:06:00,Routine PM: Annual Track Parameter Tamping & Alignment Check.,COMPLETED,285,T-302
HIST-02940,TASK-02983,2026-02-01T23:45:00,2026-02-02T04:48:00,Routine PM: Annual Track Parameter Tamping & Alignment Check.,COMPLETED,303,T-301 (OHE Gang)
HIST-02995,TASK-03038,2024-03-09T23:54:00,2024-03-10T04:58:00,Routine PM: Annual Track Parameter Tamping & Alignment Check.,COMPLETED,304,T-101 (Engineering Gang)
HIST-02996,TASK-03039,2025-03-10T00:04:00,2025-03-10T05:17:00,Routine PM: Annual Track Parameter Tamping & Alignment Check.,COMPLETED,313,T-102
HIST-02997,TASK-03040,2026-03-10T00:07:00,2026-03-10T05:03:00,Routine PM: Annual Track Parameter Tamping & Alignment Check.,COMPLETED,296,T-301 (OHE Gang)
HIST-03046,TASK-03089,2023-10-08T23:44:00,2023-10-09T04:34:00,Routine PM: Annual Track Parameter Tamping & Alignment Check.,COMPLETED,290,T-102
HIST-03047,TASK-03090,2024-10-07T23:57:00,2024-10-08T05:06:00,Routine PM: Annual Track Parameter Tamping & Alignment Check.,COMPLETED,309,T-101 (Engineering Gang)
HIST-03048,TASK-03091,2025-10-08T00:30:00,2025-10-08T05:37:00,Routine PM: Annual Track Parameter Tamping & Alignment Check.,COMPLETED,307,T-301 (OHE Gang)
HIST-03055,TASK-03098,2023-11-22T00:17:00,2023-11-22T05:19:00,Routine PM: Annual Track Parameter Tamping & Alignment Check.,COMPLETED,302,T-202
HIST-03056,TASK-03099,2024-11-21T00:15:00,2024-11-21T05:02:00,Routine PM: Annual Track Parameter Tamping & Alignment Check.,COMPLETED,287,T-301 (OHE Gang)
HIST-03057,TASK-03100,2025-11-20T23:55:00,2025-11-21T04:49:00,Routine PM: Annual Track Parameter Tamping & Alignment Check.,COMPLETED,294,T-301 (OHE Gang)
HIST-03070,TASK-03113,2023-10-08T00:24:00,2023-10-08T05:17:00,Routine PM: Annual Track Parameter Tamping & Alignment Check.,COMPLETED,293,T-102
HIST-03071,TASK-03114,2024-10-07T00:12:00,2024-10-07T04:57:00,Routine PM: Annual Track Parameter Tamping & Alignment Check.,COMPLETED,285,T-301 (OHE Gang)
HIST-03072,TASK-03115,2025-10-06T23:42:00,2025-10-07T04:53:00,Routine PM: Annual Track Parameter Tamping & Alignment Check.,COMPLETED,311,T-301 (OHE Gang)
HIST-03091,TASK-03134,2023-09-28T23:43:00,2023-09-29T04:37:00,Routine PM: Annual Track Parameter Tamping & Alignment Check.,COMPLETED,294,T-102
HIST-03092,TASK-03135,2024-09-28T00:16:00,2024-09-28T05:07:00,Routine PM: Annual Track Parameter Tamping & Alignment Check.,COMPLETED,291,T-302
HIST-03093,TASK-03136,2025-09-28T00:15:00,2025-09-28T05:08:00,Routine PM: Annual Track Parameter Tamping & Alignment Check.,COMPLETED,293,T-201 (Signal Staff)
HIST-03118,TASK-03161,2024-01-26T23:45:00,2024-01-27T04:51:00,Routine PM: Annual Track Parameter Tamping & Alignment Check.,COMPLETED,306,T-301 (OHE Gang)
HIST-03119,TASK-03162,2025-01-25T23:36:00,2025-01-26T04:27:00,Routine PM: Annual Track Parameter Tamping & Alignment Check.,COMPLETED,291,T-202
HIST-03120,TASK-03163,2026-01-25T23:57:00,2026-01-26T04:45:00,Routine PM: Annual Track Parameter Tamping & Alignment Check.,COMPLETED,288,T-201 (Signal Staff)
HIST-03140,TASK-03183,2024-05-24T00:29:00,2024-05-24T05:40:00,Routine PM: Annual Track Parameter Tamping & Alignment Check.,COMPLETED,311,T-102
HIST-03141,TASK-03184,2025-05-23T23:50:00,2025-05-24T04:57:00,Routine PM: Annual Track Parameter Tamping & Alignment Check.,COMPLETED,307,T-202
HIST-03142,TASK-03185,2026-05-23T23:54:00,2026-05-24T04:59:00,Routine PM: Annual Track Parameter Tamping & Alignment Check.,COMPLETED,305,T-102
HIST-03167,TASK-03210,2024-06-27T00:07:00,2024-06-27T04:55:00,Routine PM: Annual Track Parameter Tamping & Alignment Check.,COMPLETED,288,T-202
HIST-03168,TASK-03211,2025-06-26T23:59:00,2025-06-27T05:10:00,Routine PM: Annual Track Parameter Tamping & Alignment Check.,COMPLETED,311,T-102
HIST-03169,TASK-03212,2026-06-26T23:56:00,2026-06-27T04:48:00,Routine PM: Annual Track Parameter Tamping & Alignment Check.,COMPLETED,292,T-301 (OHE Gang)
HIST-03194,TASK-03237,2023-09-01T00:07:00,2023-09-01T05:04:00,Routine PM: Annual Track Parameter Tamping & Alignment Check.,COMPLETED,297,T-102
HIST-03195,TASK-03238,2024-08-30T23:39:00,2024-08-31T04:33:00,Routine PM: Annual Track Parameter Tamping & Alignment Check.,COMPLETED,294,T-201 (Signal Staff)
HIST-03196,TASK-03239,2025-08-31T00:05:00,2025-08-31T05:18:00,Routine PM: Annual Track Parameter Tamping & Alignment Check.,COMPLETED,313,T-301 (OHE Gang)
HIST-03239,TASK-03282,2023-10-14T23:57:00,2023-10-15T05:05:00,Routine PM: Annual Track Parameter Tamping & Alignment Check.,COMPLETED,308,T-102
HIST-03240,TASK-03283,2024-10-14T00:12:00,2024-10-14T05:20:00,Routine PM: Annual Track Parameter Tamping & Alignment Check.,COMPLETED,308,T-301 (OHE Gang)
HIST-03241,TASK-03284,2025-10-14T00:12:00,2025-10-14T05:22:00,Routine PM: Annual Track Parameter Tamping & Alignment Check.,COMPLETED,310,T-301 (OHE Gang)
HIST-03242,TASK-03285,2024-06-07T23:32:00,2024-06-08T04:23:00,Routine PM: Annual Track Parameter Tamping & Alignment Check.,COMPLETED,291,T-302
HIST-03243,TASK-03286,2025-06-08T00:17:00,2025-06-08T05:18:00,Routine PM: Annual Track Parameter Tamping & Alignment Check.,COMPLETED,301,T-301 (OHE Gang)
HIST-03244,TASK-03287,2026-06-08T00:29:00,2026-06-08T05:41:00,Routine PM: Annual Track Parameter Tamping & Alignment Check.,COMPLETED,312,T-102
HIST-03245,TASK-03288,2024-07-30T00:00:00,2024-07-30T05:07:00,Routine PM: Annual Track Parameter Tamping & Alignment Check.,COMPLETED,307,T-302
HIST-03246,TASK-03289,2025-07-29T23:42:00,2025-07-30T04:33:00,Routine PM: Annual Track Parameter Tamping & Alignment Check.,COMPLETED,291,T-302
HIST-03247,TASK-03290,2026-07-30T00:13:00,2026-07-30T05:17:00,Routine PM: Annual Track Parameter Tamping & Alignment Check.,COMPLETED,304,T-302
HIST-03248,TASK-03291,2024-07-02T23:32:00,2024-07-03T04:45:00,Routine PM: Annual Track Parameter Tamping & Alignment Check.,COMPLETED,313,T-302
HIST-03249,TASK-03292,2025-07-03T00:23:00,2025-07-03T05:35:00,Routine PM: Annual Track Parameter Tamping & Alignment Check.,COMPLETED,312,T-102
HIST-03250,TASK-03293,2026-07-02T23:37:00,2026-07-03T04:38:00,Routine PM: Annual Track Parameter Tamping & Alignment Check.,COMPLETED,301,T-201 (Signal Staff)
HIST-03281,TASK-03324,2023-10-25T00:03:00,2023-10-25T05:14:00,Routine PM: Annual Track Parameter Tamping & Alignment Check.,COMPLETED,311,T-202
HIST-03282,TASK-03325,2024-10-23T23:45:00,2024-10-24T04:48:00,Routine PM: Annual Track Parameter Tamping & Alignment Check.,COMPLETED,303,T-201 (Signal Staff)
HIST-03283,TASK-03326,2025-10-24T00:06:00,2025-10-24T05:19:00,Routine PM: Annual Track Parameter Tamping & Alignment Check.,COMPLETED,313,T-101 (Engineering Gang)
HIST-03308,TASK-03351,2023-12-17T00:06:00,2023-12-17T04:53:00,Routine PM: Annual Track Parameter Tamping & Alignment Check.,COMPLETED,287,T-201 (Signal Staff)
HIST-03309,TASK-03352,2024-12-15T23:41:00,2024-12-16T04:26:00,Routine PM: Annual Track Parameter Tamping & Alignment Check.,COMPLETED,285,T-301 (OHE Gang)
HIST-03310,TASK-03353,2025-12-15T23:36:00,2025-12-16T04:42:00,Routine PM: Annual Track Parameter Tamping & Alignment Check.,COMPLETED,306,T-201 (Signal Staff)
HIST-03311,TASK-03354,2024-07-08T00:01:00,2024-07-08T04:49:00,Routine PM: Annual Track Parameter Tamping & Alignment Check.,COMPLETED,288,T-101 (Engineering Gang)
HIST-03312,TASK-03355,2025-07-07T23:33:00,2025-07-08T04:47:00,Routine PM: Annual Track Parameter Tamping & Alignment Check.,COMPLETED,314,T-202
HIST-03313,TASK-03356,2026-07-07T23:59:00,2026-07-08T04:49:00,Routine PM: Annual Track Parameter Tamping & Alignment Check.,COMPLETED,290,T-301 (OHE Gang)
HIST-03350,TASK-03393,2024-03-14T00:02:00,2024-03-14T05:00:00,Routine PM: Annual Track Parameter Tamping & Alignment Check.,COMPLETED,298,T-301 (OHE Gang)
HIST-03351,TASK-03394,2025-03-14T00:25:00,2025-03-14T05:14:00,Routine PM: Annual Track Parameter Tamping & Alignment Check.,COMPLETED,289,T-301 (OHE Gang)
HIST-03352,TASK-03395,2026-03-13T23:54:00,2026-03-14T05:07:00,Routine PM: Annual Track Parameter Tamping & Alignment Check.,COMPLETED,313,T-102
HIST-03407,TASK-03450,2024-07-02T00:29:00,2024-07-02T05:42:00,Routine PM: Annual Track Parameter Tamping & Alignment Check.,COMPLETED,313,T-301 (OHE Gang)
HIST-03408,TASK-03451,2025-07-01T23:47:00,2025-07-02T04:49:00,Routine PM: Annual Track Parameter Tamping & Alignment Check.,COMPLETED,302,T-102
HIST-03409,TASK-03452,2026-07-02T00:05:00,2026-07-02T05:03:00,Routine PM: Annual Track Parameter Tamping & Alignment Check.,COMPLETED,298,T-301 (OHE Gang)
HIST-03410,TASK-03453,2024-01-30T23:32:00,2024-01-31T04:38:00,Routine PM: Annual Track Parameter Tamping & Alignment Check.,COMPLETED,306,T-301 (OHE Gang)
HIST-03411,TASK-03454,2025-01-29T23:37:00,2025-01-30T04:32:00,Routine PM: Annual Track Parameter Tamping & Alignment Check.,COMPLETED,295,T-101 (Engineering Gang)
HIST-03412,TASK-03455,2026-01-30T00:08:00,2026-01-30T04:54:00,Routine PM: Annual Track Parameter Tamping & Alignment Check.,COMPLETED,286,T-201 (Signal Staff)
HIST-03431,TASK-03474,2024-06-16T23:31:00,2024-06-17T04:29:00,Routine PM: Annual Track Parameter Tamping & Alignment Check.,COMPLETED,298,T-101 (Engineering Gang)
HIST-03432,TASK-03475,2025-06-17T00:24:00,2025-06-17T05:24:00,Routine PM: Annual Track Parameter Tamping & Alignment Check.,COMPLETED,300,T-201 (Signal Staff)
HIST-03433,TASK-03476,2026-06-17T00:01:00,2026-06-17T04:58:00,Routine PM: Annual Track Parameter Tamping & Alignment Check.,COMPLETED,297,T-101 (Engineering Gang)
HIST-03434,TASK-03477,2023-08-20T23:40:00,2023-08-21T04:46:00,Routine PM: Annual Track Parameter Tamping & Alignment Check.,COMPLETED,306,T-301 (OHE Gang)
HIST-03435,TASK-03478,2024-08-20T00:22:00,2024-08-20T05:09:00,Routine PM: Annual Track Parameter Tamping & Alignment Check.,COMPLETED,287,T-201 (Signal Staff)
HIST-03436,TASK-03479,2025-08-19T23:31:00,2025-08-20T04:43:00,Routine PM: Annual Track Parameter Tamping & Alignment Check.,COMPLETED,312,T-301 (OHE Gang)
HIST-03449,TASK-03492,2024-07-03T00:20:00,2024-07-03T05:24:00,Routine PM: Annual Track Parameter Tamping & Alignment Check.,COMPLETED,304,T-302
HIST-03450,TASK-03493,2025-07-03T00:13:00,2025-07-03T05:00:00,Routine PM: Annual Track Parameter Tamping & Alignment Check.,COMPLETED,287,T-302
HIST-03451,TASK-03494,2026-07-02T23:44:00,2026-07-03T04:36:00,Routine PM: Annual Track Parameter Tamping & Alignment Check.,COMPLETED,292,T-102
HIST-03464,TASK-03507,2023-10-26T23:41:00,2023-10-27T04:52:00,Routine PM: Annual Track Parameter Tamping & Alignment Check.,COMPLETED,311,T-301 (OHE Gang)
HIST-03465,TASK-03508,2024-10-25T23:48:00,2024-10-26T04:48:00,Routine PM: Annual Track Parameter Tamping & Alignment Check.,COMPLETED,300,T-302
HIST-03466,TASK-03509,2025-10-26T00:22:00,2025-10-26T05:28:00,Routine PM: Annual Track Parameter Tamping & Alignment Check.,COMPLETED,306,T-301 (OHE Gang)
HIST-03503,TASK-03546,2024-02-01T23:32:00,2024-02-02T04:35:00,Routine PM: Annual Track Parameter Tamping & Alignment Check.,COMPLETED,303,T-101 (Engineering Gang)
HIST-03504,TASK-03547,2025-01-31T23:36:00,2025-02-01T04:28:00,Routine PM: Annual Track Parameter Tamping & Alignment Check.,COMPLETED,292,T-301 (OHE Gang)
HIST-03505,TASK-03548,2026-02-01T00:29:00,2026-02-01T05:32:00,Routine PM: Annual Track Parameter Tamping & Alignment Check.,COMPLETED,303,T-202
HIST-03530,TASK-03573,2023-09-27T00:00:00,2023-09-27T05:12:00,Routine PM: Annual Track Parameter Tamping & Alignment Check.,COMPLETED,312,T-301 (OHE Gang)
HIST-03531,TASK-03574,2024-09-25T23:39:00,2024-09-26T04:26:00,Routine PM: Annual Track Parameter Tamping & Alignment Check.,COMPLETED,287,T-202
HIST-03532,TASK-03575,2025-09-25T23:36:00,2025-09-26T04:27:00,Routine PM: Annual Track Parameter Tamping & Alignment Check.,COMPLETED,291,T-102
HIST-03533,TASK-03576,2024-06-22T00:09:00,2024-06-22T05:22:00,Routine PM: Annual Track Parameter Tamping & Alignment Check.,COMPLETED,313,T-301 (OHE Gang)
HIST-03534,TASK-03577,2025-06-21T23:46:00,2025-06-22T04:46:00,Routine PM: Annual Track Parameter Tamping & Alignment Check.,COMPLETED,300,T-202
HIST-03535,TASK-03578,2026-06-21T23:43:00,2026-06-22T04:42:00,Routine PM: Annual Track Parameter Tamping & Alignment Check.,COMPLETED,299,T-102
HIST-03548,TASK-03591,2023-09-10T00:30:00,2023-09-10T05:35:00,Routine PM: Annual Track Parameter Tamping & Alignment Check.,COMPLETED,305,T-102
HIST-03549,TASK-03592,2024-09-08T23:45:00,2024-09-09T04:34:00,Routine PM: Annual Track Parameter Tamping & Alignment Check.,COMPLETED,289,T-202
HIST-03550,TASK-03593,2025-09-09T00:28:00,2025-09-09T05:40:00,Routine PM: Annual Track Parameter Tamping & Alignment Check.,COMPLETED,312,T-202
HIST-03563,TASK-03606,2024-05-30T00:15:00,2024-05-30T05:20:00,Routine PM: Annual Track Parameter Tamping & Alignment Check.,COMPLETED,305,T-202
HIST-03564,TASK-03607,2025-05-30T00:15:00,2025-05-30T05:20:00,Routine PM: Annual Track Parameter Tamping & Alignment Check.,COMPLETED,305,T-202
HIST-03565,TASK-03608,2026-05-29T23:37:00,2026-05-30T04:49:00,Routine PM: Annual Track Parameter Tamping & Alignment Check.,COMPLETED,312,T-202
HIST-03572,TASK-03615,2024-01-25T23:51:00,2024-01-26T04:41:00,Routine PM: Annual Track Parameter Tamping & Alignment Check.,COMPLETED,290,T-301 (OHE Gang)
HIST-03573,TASK-03616,2025-01-24T23:42:00,2025-01-25T04:32:00,Routine PM: Annual Track Parameter Tamping & Alignment Check.,COMPLETED,290,T-202
HIST-03574,TASK-03617,2026-01-25T00:13:00,2026-01-25T05:11:00,Routine PM: Annual Track Parameter Tamping & Alignment Check.,COMPLETED,298,T-101 (Engineering Gang)
HIST-03575,TASK-03618,2024-06-15T23:58:00,2024-06-16T04:46:00,Routine PM: Annual Track Parameter Tamping & Alignment Check.,COMPLETED,288,T-101 (Engineering Gang)
HIST-03576,TASK-03619,2025-06-15T23:47:00,2025-06-16T04:33:00,Routine PM: Annual Track Parameter Tamping & Alignment Check.,COMPLETED,286,T-202
HIST-03577,TASK-03620,2026-06-16T00:13:00,2026-06-16T05:26:00,Routine PM: Annual Track Parameter Tamping & Alignment Check.,COMPLETED,313,T-201 (Signal Staff)
HIST-03578,TASK-03621,2024-01-11T23:39:00,2024-01-12T04:32:00,Routine PM: Annual Track Parameter Tamping & Alignment Check.,COMPLETED,293,T-201 (Signal Staff)
HIST-03579,TASK-03622,2025-01-11T00:22:00,2025-01-11T05:25:00,Routine PM: Annual Track Parameter Tamping & Alignment Check.,COMPLETED,303,T-101 (Engineering Gang)
HIST-03580,TASK-03623,2026-01-11T00:25:00,2026-01-11T05:10:00,Routine PM: Annual Track Parameter Tamping & Alignment Check.,COMPLETED,285,T-302
HIST-03629,TASK-03672,2023-09-28T23:33:00,2023-09-29T04:22:00,Routine PM: Annual Track Parameter Tamping & Alignment Check.,COMPLETED,289,T-201 (Signal Staff)
HIST-03630,TASK-03673,2024-09-27T23:44:00,2024-09-28T04:42:00,Routine PM: Annual Track Parameter Tamping & Alignment Check.,COMPLETED,298,T-301 (OHE Gang)
HIST-03631,TASK-03674,2025-09-27T23:32:00,2025-09-28T04:28:00,Routine PM: Annual Track Parameter Tamping & Alignment Check.,COMPLETED,296,T-102
HIST-03692,TASK-03735,2024-01-24T23:44:00,2024-01-25T04:30:00,Routine PM: Annual Track Parameter Tamping & Alignment Check.,COMPLETED,286,T-202
HIST-03693,TASK-03736,2025-01-23T23:36:00,2025-01-24T04:31:00,Routine PM: Annual Track Parameter Tamping & Alignment Check.,COMPLETED,295,T-101 (Engineering Gang)
HIST-03694,TASK-03737,2026-01-24T00:04:00,2026-01-24T05:14:00,Routine PM: Annual Track Parameter Tamping & Alignment Check.,COMPLETED,310,T-102
HIST-03695,TASK-03738,2024-05-09T00:13:00,2024-05-09T05:21:00,Routine PM: Annual Track Parameter Tamping & Alignment Check.,COMPLETED,308,T-202
HIST-03696,TASK-03739,2025-05-08T23:46:00,2025-05-09T04:42:00,Routine PM: Annual Track Parameter Tamping & Alignment Check.,COMPLETED,296,T-101 (Engineering Gang)
HIST-03697,TASK-03740,2026-05-09T00:24:00,2026-05-09T05:37:00,Routine PM: Annual Track Parameter Tamping & Alignment Check.,COMPLETED,313,T-202
HIST-03698,TASK-03741,2023-12-07T00:13:00,2023-12-07T05:25:00,Routine PM: Annual Track Parameter Tamping & Alignment Check.,COMPLETED,312,T-201 (Signal Staff)
HIST-03699,TASK-03742,2024-12-06T00:21:00,2024-12-06T05:14:00,Routine PM: Annual Track Parameter Tamping & Alignment Check.,COMPLETED,293,T-102
HIST-03700,TASK-03743,2025-12-05T23:34:00,2025-12-06T04:38:00,Routine PM: Annual Track Parameter Tamping & Alignment Check.,COMPLETED,304,T-302
HIST-03713,TASK-03756,2024-01-22T00:21:00,2024-01-22T05:18:00,Routine PM: Annual Track Parameter Tamping & Alignment Check.,COMPLETED,297,T-101 (Engineering Gang)
HIST-03714,TASK-03757,2025-01-21T00:09:00,2025-01-21T05:22:00,Routine PM: Annual Track Parameter Tamping & Alignment Check.,COMPLETED,313,T-201 (Signal Staff)
HIST-03715,TASK-03758,2026-01-21T00:15:00,2026-01-21T05:16:00,Routine PM: Annual Track Parameter Tamping & Alignment Check.,COMPLETED,301,T-302
HIST-03716,TASK-03759,2024-01-09T23:34:00,2024-01-10T04:38:00,Routine PM: Annual Track Parameter Tamping & Alignment Check.,COMPLETED,304,T-201 (Signal Staff)
HIST-03717,TASK-03760,2025-01-08T23:57:00,2025-01-09T04:56:00,Routine PM: Annual Track Parameter Tamping & Alignment Check.,COMPLETED,299,T-202
HIST-03718,TASK-03761,2026-01-09T00:30:00,2026-01-09T05:15:00,Routine PM: Annual Track Parameter Tamping & Alignment Check.,COMPLETED,285,T-202
HIST-03749,TASK-03792,2023-09-05T23:50:00,2023-09-06T04:37:00,Routine PM: Annual Track Parameter Tamping & Alignment Check.,COMPLETED,287,T-302
HIST-03750,TASK-03793,2024-09-04T23:32:00,2024-09-05T04:20:00,Routine PM: Annual Track Parameter Tamping & Alignment Check.,COMPLETED,288,T-101 (Engineering Gang)
HIST-03751,TASK-03794,2025-09-05T00:18:00,2025-09-05T05:30:00,Routine PM: Annual Track Parameter Tamping & Alignment Check.,COMPLETED,312,T-202
HIST-03770,TASK-03813,2024-01-23T23:50:00,2024-01-24T04:36:00,Routine PM: Annual Track Parameter Tamping & Alignment Check.,COMPLETED,286,T-201 (Signal Staff)
HIST-03771,TASK-03814,2025-01-23T00:15:00,2025-01-23T05:08:00,Routine PM: Annual Track Parameter Tamping & Alignment Check.,COMPLETED,293,T-302
HIST-03772,TASK-03815,2026-01-22T23:40:00,2026-01-23T04:52:00,Routine PM: Annual Track Parameter Tamping & Alignment Check.,COMPLETED,312,T-101 (Engineering Gang)
HIST-03797,TASK-03840,2024-03-15T23:55:00,2024-03-16T05:06:00,Routine PM: Annual Track Parameter Tamping & Alignment Check.,COMPLETED,311,T-102
HIST-03798,TASK-03841,2025-03-15T23:41:00,2025-03-16T04:43:00,Routine PM: Annual Track Parameter Tamping & Alignment Check.,COMPLETED,302,T-101 (Engineering Gang)
HIST-03799,TASK-03842,2026-03-16T00:10:00,2026-03-16T04:59:00,Routine PM: Annual Track Parameter Tamping & Alignment Check.,COMPLETED,289,T-302
HIST-03806,TASK-03849,2024-01-30T00:25:00,2024-01-30T05:17:00,Routine PM: Annual Track Parameter Tamping & Alignment Check.,COMPLETED,292,T-301 (OHE Gang)
HIST-03807,TASK-03850,2025-01-29T00:10:00,2025-01-29T05:10:00,Routine PM: Annual Track Parameter Tamping & Alignment Check.,COMPLETED,300,T-301 (OHE Gang)
HIST-03808,TASK-03851,2026-01-29T00:16:00,2026-01-29T05:10:00,Routine PM: Annual Track Parameter Tamping & Alignment Check.,COMPLETED,294,T-102
HIST-03833,TASK-03876,2023-10-22T00:19:00,2023-10-22T05:26:00,Routine PM: Annual Track Parameter Tamping & Alignment Check.,COMPLETED,307,T-202
HIST-03834,TASK-03877,2024-10-21T00:16:00,2024-10-21T05:23:00,Routine PM: Annual Track Parameter Tamping & Alignment Check.,COMPLETED,307,T-301 (OHE Gang)
HIST-03835,TASK-03878,2025-10-21T00:19:00,2025-10-21T05:18:00,Routine PM: Annual Track Parameter Tamping & Alignment Check.,COMPLETED,299,T-301 (OHE Gang)
HIST-03836,TASK-03879,2024-01-18T00:08:00,2024-01-18T05:20:00,Routine PM: Annual Track Parameter Tamping & Alignment Check.,COMPLETED,312,T-201 (Signal Staff)
HIST-03837,TASK-03880,2025-01-17T00:12:00,2025-01-17T04:57:00,Routine PM: Annual Track Parameter Tamping & Alignment Check.,COMPLETED,285,T-201 (Signal Staff)
HIST-03838,TASK-03881,2026-01-17T00:23:00,2026-01-17T05:28:00,Routine PM: Annual Track Parameter Tamping & Alignment Check.,COMPLETED,305,T-202
HIST-03852,TASK-03895,2024-02-23T23:42:00,2024-02-24T04:53:00,Routine PM: Annual Track Parameter Tamping & Alignment Check.,COMPLETED,311,T-102
HIST-03853,TASK-03896,2025-02-23T00:26:00,2025-02-23T05:30:00,Routine PM: Annual Track Parameter Tamping & Alignment Check.,COMPLETED,304,T-101 (Engineering Gang)
HIST-03854,TASK-03897,2026-02-22T23:53:00,2026-02-23T05:04:00,Routine PM: Annual Track Parameter Tamping & Alignment Check.,COMPLETED,311,T-302
HIST-03879,TASK-03922,2024-01-07T00:30:00,2024-01-07T05:20:00,Routine PM: Annual Track Parameter Tamping & Alignment Check.,COMPLETED,290,T-302
HIST-03880,TASK-03923,2025-01-05T23:42:00,2025-01-06T04:52:00,Routine PM: Annual Track Parameter Tamping & Alignment Check.,COMPLETED,310,T-302
HIST-03881,TASK-03924,2026-01-06T00:02:00,2026-01-06T05:13:00,Routine PM: Annual Track Parameter Tamping & Alignment Check.,COMPLETED,311,T-101 (Engineering Gang)
HIST-03888,TASK-03931,2024-01-12T00:01:00,2024-01-12T05:12:00,Routine PM: Annual Track Parameter Tamping & Alignment Check.,COMPLETED,311,T-201 (Signal Staff)
HIST-03889,TASK-03932,2025-01-11T00:20:00,2025-01-11T05:20:00,Routine PM: Annual Track Parameter Tamping & Alignment Check.,COMPLETED,300,T-202
HIST-03890,TASK-03933,2026-01-11T00:00:00,2026-01-11T05:09:00,Routine PM: Annual Track Parameter Tamping & Alignment Check.,COMPLETED,309,T-201 (Signal Staff)
HIST-03891,TASK-03934,2024-07-13T23:49:00,2024-07-14T04:44:00,Routine PM: Annual Track Parameter Tamping & Alignment Check.,COMPLETED,295,T-202
HIST-03892,TASK-03935,2025-07-13T23:59:00,2025-07-14T05:11:00,Routine PM: Annual Track Parameter Tamping & Alignment Check.,COMPLETED,312,T-202
HIST-03893,TASK-03936,2026-07-14T00:30:00,2026-07-14T05:32:00,Routine PM: Annual Track Parameter Tamping & Alignment Check.,COMPLETED,302,T-201 (Signal Staff)
HIST-03906,TASK-03949,2024-03-23T00:08:00,2024-03-23T04:58:00,Routine PM: Annual Track Parameter Tamping & Alignment Check.,COMPLETED,290,T-201 (Signal Staff)
HIST-03907,TASK-03950,2025-03-22T23:45:00,2025-03-23T04:46:00,Routine PM: Annual Track Parameter Tamping & Alignment Check.,COMPLETED,301,T-201 (Signal Staff)
HIST-03908,TASK-03951,2026-03-23T00:29:00,2026-03-23T05:41:00,Routine PM: Annual Track Parameter Tamping & Alignment Check.,COMPLETED,312,T-101 (Engineering Gang)
HIST-03933,TASK-03976,2024-02-11T00:20:00,2024-02-11T05:29:00,Routine PM: Annual Track Parameter Tamping & Alignment Check.,COMPLETED,309,T-202
HIST-03934,TASK-03977,2025-02-10T00:27:00,2025-02-10T05:35:00,Routine PM: Annual Track Parameter Tamping & Alignment Check.,COMPLETED,308,T-201 (Signal Staff)
HIST-03935,TASK-03978,2026-02-09T23:51:00,2026-02-10T04:48:00,Routine PM: Annual Track Parameter Tamping & Alignment Check.,COMPLETED,297,T-302
HIST-03960,TASK-04003,2023-09-05T23:55:00,2023-09-06T05:01:00,Routine PM: Annual Track Parameter Tamping & Alignment Check.,COMPLETED,306,T-302
HIST-03961,TASK-04004,2024-09-05T00:20:00,2024-09-05T05:05:00,Routine PM: Annual Track Parameter Tamping & Alignment Check.,COMPLETED,285,T-201 (Signal Staff)
HIST-03962,TASK-04005,2025-09-05T00:18:00,2025-09-05T05:32:00,Routine PM: Annual Track Parameter Tamping & Alignment Check.,COMPLETED,314,T-201 (Signal Staff)
HIST-03963,TASK-04006,2023-11-09T23:44:00,2023-11-10T04:49:00,Routine PM: Annual Track Parameter Tamping & Alignment Check.,COMPLETED,305,T-302
HIST-03964,TASK-04007,2024-11-08T23:37:00,2024-11-09T04:38:00,Routine PM: Annual Track Parameter Tamping & Alignment Check.,COMPLETED,301,T-201 (Signal Staff)
HIST-03965,TASK-04008,2025-11-08T23:39:00,2025-11-09T04:41:00,Routine PM: Annual Track Parameter Tamping & Alignment Check.,COMPLETED,302,T-101 (Engineering Gang)
HIST-03972,TASK-04015,2023-12-31T23:49:00,2024-01-01T05:01:00,Routine PM: Annual Track Parameter Tamping & Alignment Check.,COMPLETED,312,T-201 (Signal Staff)
HIST-03973,TASK-04016,2024-12-30T23:31:00,2024-12-31T04:16:00,Routine PM: Annual Track Parameter Tamping & Alignment Check.,COMPLETED,285,T-302
HIST-03974,TASK-04017,2025-12-30T23:48:00,2025-12-31T04:56:00,Routine PM: Annual Track Parameter Tamping & Alignment Check.,COMPLETED,308,T-302
HIST-03999,TASK-04042,2024-07-26T00:18:00,2024-07-26T05:28:00,Routine PM: Annual Track Parameter Tamping & Alignment Check.,COMPLETED,310,T-201 (Signal Staff)
HIST-04000,TASK-04043,2025-07-26T00:06:00,2025-07-26T05:04:00,Routine PM: Annual Track Parameter Tamping & Alignment Check.,COMPLETED,298,T-301 (OHE Gang)
HIST-04001,TASK-04044,2026-07-26T00:02:00,2026-07-26T05:12:00,Routine PM: Annual Track Parameter Tamping & Alignment Check.,COMPLETED,310,T-301 (OHE Gang)
HIST-04008,TASK-04051,2024-06-13T23:43:00,2024-06-14T04:49:00,Routine PM: Annual Track Parameter Tamping & Alignment Check.,COMPLETED,306,T-202
HIST-04009,TASK-04052,2025-06-14T00:10:00,2025-06-14T05:14:00,Routine PM: Annual Track Parameter Tamping & Alignment Check.,COMPLETED,304,T-102
HIST-04010,TASK-04053,2026-06-13T23:35:00,2026-06-14T04:36:00,Routine PM: Annual Track Parameter Tamping & Alignment Check.,COMPLETED,301,T-202
HIST-04023,TASK-04066,2023-10-20T00:13:00,2023-10-20T05:13:00,Routine PM: Annual Track Parameter Tamping & Alignment Check.,COMPLETED,300,T-201 (Signal Staff)
HIST-04024,TASK-04067,2024-10-18T23:40:00,2024-10-19T04:40:00,Routine PM: Annual Track Parameter Tamping & Alignment Check.,COMPLETED,300,T-102
HIST-04025,TASK-04068,2025-10-19T00:25:00,2025-10-19T05:23:00,Routine PM: Annual Track Parameter Tamping & Alignment Check.,COMPLETED,298,T-302
HIST-04062,TASK-04105,2024-03-14T23:50:00,2024-03-15T04:55:00,Routine PM: Annual Track Parameter Tamping & Alignment Check.,COMPLETED,305,T-202
HIST-04063,TASK-04106,2025-03-15T00:06:00,2025-03-15T05:18:00,Routine PM: Annual Track Parameter Tamping & Alignment Check.,COMPLETED,312,T-302
HIST-04064,TASK-04107,2026-03-15T00:17:00,2026-03-15T05:08:00,Routine PM: Annual Track Parameter Tamping & Alignment Check.,COMPLETED,291,T-102
HIST-04083,TASK-04126,2024-05-27T23:46:00,2024-05-28T04:37:00,Routine PM: Annual Track Parameter Tamping & Alignment Check.,COMPLETED,291,T-102
HIST-04084,TASK-04127,2025-05-28T00:27:00,2025-05-28T05:15:00,Routine PM: Annual Track Parameter Tamping & Alignment Check.,COMPLETED,288,T-101 (Engineering Gang)
HIST-04085,TASK-04128,2026-05-28T00:03:00,2026-05-28T04:53:00,Routine PM: Annual Track Parameter Tamping & Alignment Check.,COMPLETED,290,T-302
HIST-04122,TASK-04165,2024-01-25T00:28:00,2024-01-25T05:17:00,Routine PM: Annual Track Parameter Tamping & Alignment Check.,COMPLETED,289,T-101 (Engineering Gang)
HIST-04123,TASK-04166,2025-01-23T23:36:00,2025-01-24T04:29:00,Routine PM: Annual Track Parameter Tamping & Alignment Check.,COMPLETED,293,T-201 (Signal Staff)
HIST-04124,TASK-04167,2026-01-23T23:32:00,2026-01-24T04:39:00,Routine PM: Annual Track Parameter Tamping & Alignment Check.,COMPLETED,307,T-102
HIST-04149,TASK-04192,2023-09-01T00:03:00,2023-09-01T05:10:00,Routine PM: Annual Track Parameter Tamping & Alignment Check.,COMPLETED,307,T-202
HIST-04150,TASK-04193,2024-08-31T00:29:00,2024-08-31T05:15:00,Routine PM: Annual Track Parameter Tamping & Alignment Check.,COMPLETED,286,T-101 (Engineering Gang)
HIST-04151,TASK-04194,2025-08-31T00:19:00,2025-08-31T05:04:00,Routine PM: Annual Track Parameter Tamping & Alignment Check.,COMPLETED,285,T-201 (Signal Staff)
HIST-04152,TASK-04195,2024-01-05T23:36:00,2024-01-06T04:50:00,Routine PM: Annual Track Parameter Tamping & Alignment Check.,COMPLETED,314,T-102
HIST-04153,TASK-04196,2025-01-04T23:32:00,2025-01-05T04:23:00,Routine PM: Annual Track Parameter Tamping & Alignment Check.,COMPLETED,291,T-302
HIST-04154,TASK-04197,2026-01-04T23:46:00,2026-01-05T04:36:00,Routine PM: Annual Track Parameter Tamping & Alignment Check.,COMPLETED,290,T-201 (Signal Staff)
HIST-04167,TASK-04210,2023-10-08T00:01:00,2023-10-08T04:50:00,Routine PM: Annual Track Parameter Tamping & Alignment Check.,COMPLETED,289,T-301 (OHE Gang)
HIST-04168,TASK-04211,2024-10-07T00:04:00,2024-10-07T05:12:00,Routine PM: Annual Track Parameter Tamping & Alignment Check.,COMPLETED,308,T-101 (Engineering Gang)
HIST-04169,TASK-04212,2025-10-07T00:15:00,2025-10-07T05:10:00,Routine PM: Annual Track Parameter Tamping & Alignment Check.,COMPLETED,295,T-101 (Engineering Gang)
HIST-04182,TASK-04225,2024-05-14T00:27:00,2024-05-14T05:32:00,Routine PM: Annual Track Parameter Tamping & Alignment Check.,COMPLETED,305,T-202
HIST-04183,TASK-04226,2025-05-13T23:57:00,2025-05-14T04:46:00,Routine PM: Annual Track Parameter Tamping & Alignment Check.,COMPLETED,289,T-201 (Signal Staff)
HIST-04184,TASK-04227,2026-05-13T23:58:00,2026-05-14T04:58:00,Routine PM: Annual Track Parameter Tamping & Alignment Check.,COMPLETED,300,T-302
HIST-04215,TASK-04258,2024-01-08T23:50:00,2024-01-09T04:49:00,Routine PM: Annual Track Parameter Tamping & Alignment Check.,COMPLETED,299,T-302
HIST-04216,TASK-04259,2025-01-08T00:27:00,2025-01-08T05:23:00,Routine PM: Annual Track Parameter Tamping & Alignment Check.,COMPLETED,296,T-301 (OHE Gang)
HIST-04217,TASK-04260,2026-01-07T23:43:00,2026-01-08T04:28:00,Routine PM: Annual Track Parameter Tamping & Alignment Check.,COMPLETED,285,T-201 (Signal Staff)
HIST-04242,TASK-04285,2024-07-07T23:44:00,2024-07-08T04:51:00,Routine PM: Annual Track Parameter Tamping & Alignment Check.,COMPLETED,307,T-202
HIST-04243,TASK-04286,2025-07-08T00:19:00,2025-07-08T05:10:00,Routine PM: Annual Track Parameter Tamping & Alignment Check.,COMPLETED,291,T-202
HIST-04244,TASK-04287,2026-07-07T23:42:00,2026-07-08T04:48:00,Routine PM: Annual Track Parameter Tamping & Alignment Check.,COMPLETED,306,T-202
HIST-04257,TASK-04300,2024-02-15T23:38:00,2024-02-16T04:26:00,Routine PM: Annual Track Parameter Tamping & Alignment Check.,COMPLETED,288,T-202
HIST-04258,TASK-04301,2025-02-15T00:03:00,2025-02-15T04:48:00,Routine PM: Annual Track Parameter Tamping & Alignment Check.,COMPLETED,285,T-202
HIST-04259,TASK-04302,2026-02-14T23:46:00,2026-02-15T04:58:00,Routine PM: Annual Track Parameter Tamping & Alignment Check.,COMPLETED,312,T-202
HIST-04272,TASK-04315,2024-05-13T23:34:00,2024-05-14T04:48:00,Routine PM: Annual Track Parameter Tamping & Alignment Check.,COMPLETED,314,T-101 (Engineering Gang)
HIST-04273,TASK-04316,2025-05-13T23:52:00,2025-05-14T04:56:00,Routine PM: Annual Track Parameter Tamping & Alignment Check.,COMPLETED,304,T-102
HIST-04274,TASK-04317,2026-05-13T23:46:00,2026-05-14T04:58:00,Routine PM: Annual Track Parameter Tamping & Alignment Check.,COMPLETED,312,T-202
HIST-04293,TASK-04336,2024-04-09T23:38:00,2024-04-10T04:39:00,Routine PM: Annual Track Parameter Tamping & Alignment Check.,COMPLETED,301,T-302
HIST-04294,TASK-04337,2025-04-10T00:15:00,2025-04-10T05:08:00,Routine PM: Annual Track Parameter Tamping & Alignment Check.,COMPLETED,293,T-201 (Signal Staff)
HIST-04295,TASK-04338,2026-04-10T00:02:00,2026-04-10T05:06:00,Routine PM: Annual Track Parameter Tamping & Alignment Check.,COMPLETED,304,T-302
HIST-04320,TASK-04363,2024-03-17T00:21:00,2024-03-17T05:32:00,Routine PM: Annual Track Parameter Tamping & Alignment Check.,COMPLETED,311,T-202
HIST-04321,TASK-04364,2025-03-17T00:00:00,2025-03-17T05:07:00,Routine PM: Annual Track Parameter Tamping & Alignment Check.,COMPLETED,307,T-302
HIST-04322,TASK-04365,2026-03-16T23:57:00,2026-03-17T05:02:00,Routine PM: Annual Track Parameter Tamping & Alignment Check.,COMPLETED,305,T-201 (Signal Staff)
HIST-04335,TASK-04378,2024-07-18T23:40:00,2024-07-19T04:50:00,Routine PM: Annual Track Parameter Tamping & Alignment Check.,COMPLETED,310,T-301 (OHE Gang)
HIST-04336,TASK-04379,2025-07-18T23:46:00,2025-07-19T04:40:00,Routine PM: Annual Track Parameter Tamping & Alignment Check.,COMPLETED,294,T-102
HIST-04337,TASK-04380,2026-07-18T23:51:00,2026-07-19T04:41:00,Routine PM: Annual Track Parameter Tamping & Alignment Check.,COMPLETED,290,T-201 (Signal Staff)
HIST-04338,TASK-04381,2023-10-19T23:36:00,2023-10-20T04:30:00,Routine PM: Annual Track Parameter Tamping & Alignment Check.,COMPLETED,294,T-202
HIST-04339,TASK-04382,2024-10-19T00:09:00,2024-10-19T05:03:00,Routine PM: Annual Track Parameter Tamping & Alignment Check.,COMPLETED,294,T-101 (Engineering Gang)
HIST-04340,TASK-04383,2025-10-18T23:42:00,2025-10-19T04:45:00,Routine PM: Annual Track Parameter Tamping & Alignment Check.,COMPLETED,303,T-202
HIST-04347,TASK-04390,2024-07-18T00:13:00,2024-07-18T05:20:00,Routine PM: Annual Track Parameter Tamping & Alignment Check.,COMPLETED,307,T-202
HIST-04348,TASK-04391,2025-07-17T23:53:00,2025-07-18T04:59:00,Routine PM: Annual Track Parameter Tamping & Alignment Check.,COMPLETED,306,T-101 (Engineering Gang)
HIST-04349,TASK-04392,2026-07-18T00:23:00,2026-07-18T05:20:00,Routine PM: Annual Track Parameter Tamping & Alignment Check.,COMPLETED,297,T-201 (Signal Staff)
HIST-04350,TASK-04393,2024-03-13T00:27:00,2024-03-13T05:15:00,Routine PM: Annual Track Parameter Tamping & Alignment Check.,COMPLETED,288,T-101 (Engineering Gang)
HIST-04351,TASK-04394,2025-03-13T00:21:00,2025-03-13T05:10:00,Routine PM: Annual Track Parameter Tamping & Alignment Check.,COMPLETED,289,T-102
HIST-04352,TASK-04395,2026-03-12T23:48:00,2026-03-13T04:34:00,Routine PM: Annual Track Parameter Tamping & Alignment Check.,COMPLETED,286,T-202
HIST-04353,TASK-04396,2024-07-11T23:37:00,2024-07-12T04:23:00,Routine PM: Annual Track Parameter Tamping & Alignment Check.,COMPLETED,286,T-201 (Signal Staff)
HIST-04354,TASK-04397,2025-07-11T23:31:00,2025-07-12T04:36:00,Routine PM: Annual Track Parameter Tamping & Alignment Check.,COMPLETED,305,T-202
HIST-04355,TASK-04398,2026-07-12T00:20:00,2026-07-12T05:23:00,Routine PM: Annual Track Parameter Tamping & Alignment Check.,COMPLETED,303,T-202
HIST-04434,TASK-04477,2024-02-01T23:59:00,2024-02-02T05:00:00,Routine PM: Annual Track Parameter Tamping & Alignment Check.,COMPLETED,301,T-202
HIST-04435,TASK-04478,2025-02-01T00:10:00,2025-02-01T04:56:00,Routine PM: Annual Track Parameter Tamping & Alignment Check.,COMPLETED,286,T-102
HIST-04436,TASK-04479,2026-01-31T23:59:00,2026-02-01T05:02:00,Routine PM: Annual Track Parameter Tamping & Alignment Check.,COMPLETED,303,T-302
HIST-04437,TASK-04480,2024-01-03T00:09:00,2024-01-03T05:21:00,Routine PM: Annual Track Parameter Tamping & Alignment Check.,COMPLETED,312,T-101 (Engineering Gang)
HIST-04438,TASK-04481,2025-01-02T00:21:00,2025-01-02T05:14:00,Routine PM: Annual Track Parameter Tamping & Alignment Check.,COMPLETED,293,T-202
HIST-04439,TASK-04482,2026-01-02T00:03:00,2026-01-02T05:14:00,Routine PM: Annual Track Parameter Tamping & Alignment Check.,COMPLETED,311,T-101 (Engineering Gang)
HIST-04458,TASK-04501,2023-11-17T23:54:00,2023-11-18T04:51:00,Routine PM: Annual Track Parameter Tamping & Alignment Check.,COMPLETED,297,T-301 (OHE Gang)
HIST-04459,TASK-04502,2024-11-17T00:02:00,2024-11-17T05:12:00,Routine PM: Annual Track Parameter Tamping & Alignment Check.,COMPLETED,310,T-202
HIST-04460,TASK-04503,2025-11-17T00:11:00,2025-11-17T04:59:00,Routine PM: Annual Track Parameter Tamping & Alignment Check.,COMPLETED,288,T-302
HIST-04485,TASK-04528,2024-04-02T23:42:00,2024-04-03T04:45:00,Routine PM: Annual Track Parameter Tamping & Alignment Check.,COMPLETED,303,T-201 (Signal Staff)
HIST-04486,TASK-04529,2025-04-03T00:06:00,2025-04-03T05:09:00,Routine PM: Annual Track Parameter Tamping & Alignment Check.,COMPLETED,303,T-101 (Engineering Gang)
HIST-04487,TASK-04530,2026-04-03T00:17:00,2026-04-03T05:16:00,Routine PM: Annual Track Parameter Tamping & Alignment Check.,COMPLETED,299,T-102
HIST-04488,TASK-04531,2024-02-05T23:58:00,2024-02-06T04:57:00,Routine PM: Annual Track Parameter Tamping & Alignment Check.,COMPLETED,299,T-202
HIST-04489,TASK-04532,2025-02-05T00:21:00,2025-02-05T05:31:00,Routine PM: Annual Track Parameter Tamping & Alignment Check.,COMPLETED,310,T-102
HIST-04490,TASK-04533,2026-02-04T23:37:00,2026-02-05T04:37:00,Routine PM: Annual Track Parameter Tamping & Alignment Check.,COMPLETED,300,T-201 (Signal Staff)
HIST-04491,TASK-04534,2024-01-10T23:46:00,2024-01-11T04:35:00,Routine PM: Annual Track Parameter Tamping & Alignment Check.,COMPLETED,289,T-101 (Engineering Gang)
HIST-04492,TASK-04535,2025-01-09T23:35:00,2025-01-10T04:35:00,Routine PM: Annual Track Parameter Tamping & Alignment Check.,COMPLETED,300,T-202
HIST-04493,TASK-04536,2026-01-09T23:50:00,2026-01-10T04:42:00,Routine PM: Annual Track Parameter Tamping & Alignment Check.,COMPLETED,292,T-301 (OHE Gang)
HIST-04530,TASK-04573,2023-11-09T23:42:00,2023-11-10T04:46:00,Routine PM: Annual Track Parameter Tamping & Alignment Check.,COMPLETED,304,T-101 (Engineering Gang)
HIST-04531,TASK-04574,2024-11-09T00:22:00,2024-11-09T05:24:00,Routine PM: Annual Track Parameter Tamping & Alignment Check.,COMPLETED,302,T-101 (Engineering Gang)
HIST-04532,TASK-04575,2025-11-08T23:59:00,2025-11-09T05:11:00,Routine PM: Annual Track Parameter Tamping & Alignment Check.,COMPLETED,312,T-301 (OHE Gang)
HIST-04533,TASK-04576,2024-02-28T23:47:00,2024-02-29T04:39:00,Routine PM: Annual Track Parameter Tamping & Alignment Check.,COMPLETED,292,T-101 (Engineering Gang)
HIST-04534,TASK-04577,2025-02-27T23:45:00,2025-02-28T04:30:00,Routine PM: Annual Track Parameter Tamping & Alignment Check.,COMPLETED,285,T-101 (Engineering Gang)
HIST-04535,TASK-04578,2026-02-27T23:54:00,2026-02-28T04:59:00,Routine PM: Annual Track Parameter Tamping & Alignment Check.,COMPLETED,305,T-301 (OHE Gang)
HIST-04536,TASK-04579,2024-02-15T00:15:00,2024-02-15T05:21:00,Routine PM: Annual Track Parameter Tamping & Alignment Check.,COMPLETED,306,T-302
HIST-04537,TASK-04580,2025-02-14T00:09:00,2025-02-14T05:12:00,Routine PM: Annual Track Parameter Tamping & Alignment Check.,COMPLETED,303,T-202
HIST-04538,TASK-04581,2026-02-13T23:35:00,2026-02-14T04:45:00,Routine PM: Annual Track Parameter Tamping & Alignment Check.,COMPLETED,310,T-102
HIST-04551,TASK-04594,2024-07-17T00:28:00,2024-07-17T05:23:00,Routine PM: Annual Track Parameter Tamping & Alignment Check.,COMPLETED,295,T-202
HIST-04552,TASK-04595,2025-07-16T23:43:00,2025-07-17T04:29:00,Routine PM: Annual Track Parameter Tamping & Alignment Check.,COMPLETED,286,T-301 (OHE Gang)
HIST-04553,TASK-04596,2026-07-17T00:25:00,2026-07-17T05:16:00,Routine PM: Annual Track Parameter Tamping & Alignment Check.,COMPLETED,291,T-202
HIST-04560,TASK-04603,2024-06-23T00:05:00,2024-06-23T05:08:00,Routine PM: Annual Track Parameter Tamping & Alignment Check.,COMPLETED,303,T-102
HIST-04561,TASK-04604,2025-06-22T23:40:00,2025-06-23T04:39:00,Routine PM: Annual Track Parameter Tamping & Alignment Check.,COMPLETED,299,T-101 (Engineering Gang)
HIST-04562,TASK-04605,2026-06-23T00:14:00,2026-06-23T05:08:00,Routine PM: Annual Track Parameter Tamping & Alignment Check.,COMPLETED,294,T-301 (OHE Gang)
HIST-04569,TASK-04612,2024-02-16T00:29:00,2024-02-16T05:22:00,Routine PM: Annual Track Parameter Tamping & Alignment Check.,COMPLETED,293,T-201 (Signal Staff)
HIST-04570,TASK-04613,2025-02-14T23:57:00,2025-02-15T04:43:00,Routine PM: Annual Track Parameter Tamping & Alignment Check.,COMPLETED,286,T-102
HIST-04571,TASK-04614,2026-02-14T23:38:00,2026-02-15T04:39:00,Routine PM: Annual Track Parameter Tamping & Alignment Check.,COMPLETED,301,T-302
HIST-04572,TASK-04615,2024-06-05T00:12:00,2024-06-05T05:02:00,Routine PM: Annual Track Parameter Tamping & Alignment Check.,COMPLETED,290,T-201 (Signal Staff)
HIST-04573,TASK-04616,2025-06-05T00:03:00,2025-06-05T04:55:00,Routine PM: Annual Track Parameter Tamping & Alignment Check.,COMPLETED,292,T-301 (OHE Gang)
HIST-04574,TASK-04617,2026-06-05T00:24:00,2026-06-05T05:22:00,Routine PM: Annual Track Parameter Tamping & Alignment Check.,COMPLETED,298,T-202
HIST-04587,TASK-04630,2024-03-10T23:57:00,2024-03-11T04:52:00,Routine PM: Annual Track Parameter Tamping & Alignment Check.,COMPLETED,295,T-102
HIST-04588,TASK-04631,2025-03-10T23:33:00,2025-03-11T04:24:00,Routine PM: Annual Track Parameter Tamping & Alignment Check.,COMPLETED,291,T-302
HIST-04589,TASK-04632,2026-03-10T23:30:00,2026-03-11T04:17:00,Routine PM: Annual Track Parameter Tamping & Alignment Check.,COMPLETED,287,T-201 (Signal Staff)
HIST-04590,TASK-04633,2024-07-01T23:34:00,2024-07-02T04:26:00,Routine PM: Annual Track Parameter Tamping & Alignment Check.,COMPLETED,292,T-302
HIST-04591,TASK-04634,2025-07-02T00:18:00,2025-07-02T05:30:00,Routine PM: Annual Track Parameter Tamping & Alignment Check.,COMPLETED,312,T-202
HIST-04592,TASK-04635,2026-07-02T00:01:00,2026-07-02T04:56:00,Routine PM: Annual Track Parameter Tamping & Alignment Check.,COMPLETED,295,T-201 (Signal Staff)
HIST-04611,TASK-04654,2023-12-24T00:00:00,2023-12-24T04:48:00,Routine PM: Annual Track Parameter Tamping & Alignment Check.,COMPLETED,288,T-301 (OHE Gang)
HIST-04612,TASK-04655,2024-12-23T00:00:00,2024-12-23T05:08:00,Routine PM: Annual Track Parameter Tamping & Alignment Check.,COMPLETED,308,T-102
HIST-04613,TASK-04656,2025-12-23T00:27:00,2025-12-23T05:15:00,Routine PM: Annual Track Parameter Tamping & Alignment Check.,COMPLETED,288,T-202
HIST-04626,TASK-04669,2023-10-19T23:37:00,2023-10-20T04:30:00,Routine PM: Annual Track Parameter Tamping & Alignment Check.,COMPLETED,293,T-301 (OHE Gang)
HIST-04627,TASK-04670,2024-10-18T23:42:00,2024-10-19T04:54:00,Routine PM: Annual Track Parameter Tamping & Alignment Check.,COMPLETED,312,T-101 (Engineering Gang)
HIST-04628,TASK-04671,2025-10-18T23:51:00,2025-10-19T04:55:00,Routine PM: Annual Track Parameter Tamping & Alignment Check.,COMPLETED,304,T-301 (OHE Gang)
HIST-04671,TASK-04714,2023-11-08T00:26:00,2023-11-08T05:25:00,Routine PM: Annual Track Parameter Tamping & Alignment Check.,COMPLETED,299,T-201 (Signal Staff)
HIST-04672,TASK-04715,2024-11-07T00:02:00,2024-11-07T05:10:00,Routine PM: Annual Track Parameter Tamping & Alignment Check.,COMPLETED,308,T-202
HIST-04673,TASK-04716,2025-11-07T00:08:00,2025-11-07T05:05:00,Routine PM: Annual Track Parameter Tamping & Alignment Check.,COMPLETED,297,T-102
HIST-04686,TASK-04729,2024-07-19T23:32:00,2024-07-20T04:44:00,Routine PM: Annual Track Parameter Tamping & Alignment Check.,COMPLETED,312,T-302
HIST-04687,TASK-04730,2025-07-19T23:33:00,2025-07-20T04:47:00,Routine PM: Annual Track Parameter Tamping & Alignment Check.,COMPLETED,314,T-201 (Signal Staff)
HIST-04688,TASK-04731,2026-07-19T23:59:00,2026-07-20T04:53:00,Routine PM: Annual Track Parameter Tamping & Alignment Check.,COMPLETED,294,T-102
HIST-04701,TASK-04744,2023-10-10T00:05:00,2023-10-10T04:51:00,Routine PM: Annual Track Parameter Tamping & Alignment Check.,COMPLETED,286,T-301 (OHE Gang)
HIST-04702,TASK-04745,2024-10-08T23:33:00,2024-10-09T04:37:00,Routine PM: Annual Track Parameter Tamping & Alignment Check.,COMPLETED,304,T-302
HIST-04703,TASK-04746,2025-10-09T00:16:00,2025-10-09T05:22:00,Routine PM: Annual Track Parameter Tamping & Alignment Check.,COMPLETED,306,T-202
HIST-04704,TASK-04747,2024-06-09T23:37:00,2024-06-10T04:31:00,Routine PM: Annual Track Parameter Tamping & Alignment Check.,COMPLETED,294,T-301 (OHE Gang)
HIST-04705,TASK-04748,2025-06-10T00:17:00,2025-06-10T05:05:00,Routine PM: Annual Track Parameter Tamping & Alignment Check.,COMPLETED,288,T-101 (Engineering Gang)
HIST-04706,TASK-04749,2026-06-09T23:52:00,2026-06-10T05:00:00,Routine PM: Annual Track Parameter Tamping & Alignment Check.,COMPLETED,308,T-202
HIST-04719,TASK-04762,2023-08-29T00:04:00,2023-08-29T05:17:00,Routine PM: Annual Track Parameter Tamping & Alignment Check.,COMPLETED,313,T-102
HIST-04720,TASK-04763,2024-08-27T23:48:00,2024-08-28T04:54:00,Routine PM: Annual Track Parameter Tamping & Alignment Check.,COMPLETED,306,T-301 (OHE Gang)
HIST-04721,TASK-04764,2025-08-27T23:38:00,2025-08-28T04:34:00,Routine PM: Annual Track Parameter Tamping & Alignment Check.,COMPLETED,296,T-201 (Signal Staff)
HIST-04722,TASK-04765,2024-06-03T00:14:00,2024-06-03T05:20:00,Routine PM: Annual Track Parameter Tamping & Alignment Check.,COMPLETED,306,T-302
HIST-04723,TASK-04766,2025-06-03T00:21:00,2025-06-03T05:31:00,Routine PM: Annual Track Parameter Tamping & Alignment Check.,COMPLETED,310,T-202
HIST-04724,TASK-04767,2026-06-03T00:11:00,2026-06-03T05:06:00,Routine PM: Annual Track Parameter Tamping & Alignment Check.,COMPLETED,295,T-302
HIST-04791,TASK-04834,2023-11-21T00:11:00,2023-11-21T05:04:00,Routine PM: Annual Track Parameter Tamping & Alignment Check.,COMPLETED,293,T-101 (Engineering Gang)
HIST-04792,TASK-04835,2024-11-19T23:46:00,2024-11-20T04:34:00,Routine PM: Annual Track Parameter Tamping & Alignment Check.,COMPLETED,288,T-101 (Engineering Gang)
HIST-04793,TASK-04836,2025-11-20T00:13:00,2025-11-20T05:08:00,Routine PM: Annual Track Parameter Tamping & Alignment Check.,COMPLETED,295,T-102
HIST-04794,TASK-04837,2024-06-20T00:10:00,2024-06-20T05:06:00,Routine PM: Annual Track Parameter Tamping & Alignment Check.,COMPLETED,296,T-102
HIST-04795,TASK-04838,2025-06-20T00:29:00,2025-06-20T05:22:00,Routine PM: Annual Track Parameter Tamping & Alignment Check.,COMPLETED,293,T-102
HIST-04796,TASK-04839,2026-06-20T00:29:00,2026-06-20T05:18:00,Routine PM: Annual Track Parameter Tamping & Alignment Check.,COMPLETED,289,T-101 (Engineering Gang)
HIST-04797,TASK-04840,2023-11-19T00:28:00,2023-11-19T05:39:00,Routine PM: Annual Track Parameter Tamping & Alignment Check.,COMPLETED,311,T-301 (OHE Gang)
HIST-04798,TASK-04841,2024-11-18T00:13:00,2024-11-18T05:07:00,Routine PM: Annual Track Parameter Tamping & Alignment Check.,COMPLETED,294,T-301 (OHE Gang)
HIST-04799,TASK-04842,2025-11-17T23:42:00,2025-11-18T04:38:00,Routine PM: Annual Track Parameter Tamping & Alignment Check.,COMPLETED,296,T-102
HIST-04800,TASK-04843,2024-05-02T00:11:00,2024-05-02T05:24:00,Routine PM: Annual Track Parameter Tamping & Alignment Check.,COMPLETED,313,T-102
HIST-04801,TASK-04844,2025-05-02T00:09:00,2025-05-02T05:22:00,Routine PM: Annual Track Parameter Tamping & Alignment Check.,COMPLETED,313,T-102
HIST-04802,TASK-04845,2026-05-02T00:12:00,2026-05-02T05:06:00,Routine PM: Annual Track Parameter Tamping & Alignment Check.,COMPLETED,294,T-102
HIST-04821,TASK-04864,2023-11-04T00:02:00,2023-11-04T05:00:00,Routine PM: Annual Track Parameter Tamping & Alignment Check.,COMPLETED,298,T-301 (OHE Gang)
HIST-04822,TASK-04865,2024-11-03T00:15:00,2024-11-03T05:12:00,Routine PM: Annual Track Parameter Tamping & Alignment Check.,COMPLETED,297,T-301 (OHE Gang)
HIST-04823,TASK-04866,2025-11-03T00:19:00,2025-11-03T05:06:00,Routine PM: Annual Track Parameter Tamping & Alignment Check.,COMPLETED,287,T-101 (Engineering Gang)
HIST-04854,TASK-04897,2024-05-15T00:22:00,2024-05-15T05:11:00,Routine PM: Annual Track Parameter Tamping & Alignment Check.,COMPLETED,289,T-102
HIST-04855,TASK-04898,2025-05-14T23:30:00,2025-05-15T04:34:00,Routine PM: Annual Track Parameter Tamping & Alignment Check.,COMPLETED,304,T-302
HIST-04856,TASK-04899,2026-05-14T23:48:00,2026-05-15T04:38:00,Routine PM: Annual Track Parameter Tamping & Alignment Check.,COMPLETED,290,T-202
HIST-04857,TASK-04900,2024-02-28T00:21:00,2024-02-28T05:32:00,Routine PM: Annual Track Parameter Tamping & Alignment Check.,COMPLETED,311,T-102
HIST-04858,TASK-04901,2025-02-26T23:51:00,2025-02-27T04:39:00,Routine PM: Annual Track Parameter Tamping & Alignment Check.,COMPLETED,288,T-301 (OHE Gang)
HIST-04859,TASK-04902,2026-02-27T00:13:00,2026-02-27T05:05:00,Routine PM: Annual Track Parameter Tamping & Alignment Check.,COMPLETED,292,T-202
HIST-04860,TASK-04903,2024-02-23T23:51:00,2024-02-24T04:49:00,Routine PM: Annual Track Parameter Tamping & Alignment Check.,COMPLETED,298,T-201 (Signal Staff)
HIST-04861,TASK-04904,2025-02-22T23:31:00,2025-02-23T04:42:00,Routine PM: Annual Track Parameter Tamping & Alignment Check.,COMPLETED,311,T-201 (Signal Staff)
HIST-04862,TASK-04905,2026-02-23T00:22:00,2026-02-23T05:07:00,Routine PM: Annual Track Parameter Tamping & Alignment Check.,COMPLETED,285,T-202
HIST-04875,TASK-04918,2024-06-12T23:56:00,2024-06-13T04:48:00,Routine PM: Annual Track Parameter Tamping & Alignment Check.,COMPLETED,292,T-201 (Signal Staff)
HIST-04876,TASK-04919,2025-06-12T23:31:00,2025-06-13T04:34:00,Routine PM: Annual Track Parameter Tamping & Alignment Check.,COMPLETED,303,T-101 (Engineering Gang)
HIST-04877,TASK-04920,2026-06-12T23:59:00,2026-06-13T05:06:00,Routine PM: Annual Track Parameter Tamping & Alignment Check.,COMPLETED,307,T-301 (OHE Gang)
HIST-04884,TASK-04927,2023-12-29T00:18:00,2023-12-29T05:30:00,Routine PM: Annual Track Parameter Tamping & Alignment Check.,COMPLETED,312,T-102
HIST-04885,TASK-04928,2024-12-27T23:35:00,2024-12-28T04:40:00,Routine PM: Annual Track Parameter Tamping & Alignment Check.,COMPLETED,305,T-202
HIST-04886,TASK-04929,2025-12-27T23:43:00,2025-12-28T04:57:00,Routine PM: Annual Track Parameter Tamping & Alignment Check.,COMPLETED,314,T-102
HIST-04887,TASK-04930,2023-11-14T23:47:00,2023-11-15T04:56:00,Routine PM: Annual Track Parameter Tamping & Alignment Check.,COMPLETED,309,T-202
HIST-04888,TASK-04931,2024-11-14T00:17:00,2024-11-14T05:17:00,Routine PM: Annual Track Parameter Tamping & Alignment Check.,COMPLETED,300,T-301 (OHE Gang)
HIST-04889,TASK-04932,2025-11-14T00:25:00,2025-11-14T05:13:00,Routine PM: Annual Track Parameter Tamping & Alignment Check.,COMPLETED,288,T-302
HIST-04890,TASK-04933,2024-07-13T23:57:00,2024-07-14T04:48:00,Routine PM: Annual Track Parameter Tamping & Alignment Check.,COMPLETED,291,T-201 (Signal Staff)
HIST-04891,TASK-04934,2025-07-14T00:02:00,2025-07-14T04:50:00,Routine PM: Annual Track Parameter Tamping & Alignment Check.,COMPLETED,288,T-102
HIST-04892,TASK-04935,2026-07-13T23:30:00,2026-07-14T04:44:00,Routine PM: Annual Track Parameter Tamping & Alignment Check.,COMPLETED,314,T-302
HIST-04917,TASK-04960,2024-06-13T23:55:00,2024-06-14T04:55:00,Routine PM: Annual Track Parameter Tamping & Alignment Check.,COMPLETED,300,T-202
HIST-04918,TASK-04961,2025-06-14T00:07:00,2025-06-14T04:52:00,Routine PM: Annual Track Parameter Tamping & Alignment Check.,COMPLETED,285,T-301 (OHE Gang)
HIST-04919,TASK-04962,2026-06-13T23:33:00,2026-06-14T04:34:00,Routine PM: Annual Track Parameter Tamping & Alignment Check.,COMPLETED,301,T-201 (Signal Staff)
HIST-04932,TASK-04975,2024-07-12T00:22:00,2024-07-12T05:29:00,Routine PM: Annual Track Parameter Tamping & Alignment Check.,COMPLETED,307,T-302
HIST-04933,TASK-04976,2025-07-11T23:46:00,2025-07-12T04:45:00,Routine PM: Annual Track Parameter Tamping & Alignment Check.,COMPLETED,299,T-101 (Engineering Gang)
HIST-04934,TASK-04977,2026-07-12T00:10:00,2026-07-12T05:11:00,Routine PM: Annual Track Parameter Tamping & Alignment Check.,COMPLETED,301,T-201 (Signal Staff)
HIST-04953,TASK-04996,2023-08-17T23:54:00,2023-08-18T05:00:00,Routine PM: Annual Track Parameter Tamping & Alignment Check.,COMPLETED,306,T-101 (Engineering Gang)
HIST-04954,TASK-04997,2024-08-16T23:54:00,2024-08-17T04:59:00,Routine PM: Annual Track Parameter Tamping & Alignment Check.,COMPLETED,305,T-102
HIST-04955,TASK-04998,2025-08-17T00:05:00,2025-08-17T05:12:00,Routine PM: Annual Track Parameter Tamping & Alignment Check.,COMPLETED,307,T-102
HIST-04962,TASK-05005,2024-06-03T23:55:00,2024-06-04T04:58:00,Routine PM: Annual Track Parameter Tamping & Alignment Check.,COMPLETED,303,T-201 (Signal Staff)
HIST-04963,TASK-05006,2025-06-04T00:19:00,2025-06-04T05:12:00,Routine PM: Annual Track Parameter Tamping & Alignment Check.,COMPLETED,293,T-301 (OHE Gang)
HIST-04964,TASK-05007,2026-06-03T23:33:00,2026-06-04T04:27:00,Routine PM: Annual Track Parameter Tamping & Alignment Check.,COMPLETED,294,T-102
HIST-05043,TASK-05086,2023-11-18T00:08:00,2023-11-18T05:05:00,Routine PM: Annual Track Parameter Tamping & Alignment Check.,COMPLETED,297,T-302
HIST-05044,TASK-05087,2024-11-17T00:06:00,2024-11-17T05:12:00,Routine PM: Annual Track Parameter Tamping & Alignment Check.,COMPLETED,306,T-302
HIST-05045,TASK-05088,2025-11-17T00:20:00,2025-11-17T05:10:00,Routine PM: Annual Track Parameter Tamping & Alignment Check.,COMPLETED,290,T-102
HIST-05046,TASK-05089,2024-06-28T23:36:00,2024-06-29T04:31:00,Routine PM: Annual Track Parameter Tamping & Alignment Check.,COMPLETED,295,T-301 (OHE Gang)
HIST-05047,TASK-05090,2025-06-29T00:15:00,2025-06-29T05:16:00,Routine PM: Annual Track Parameter Tamping & Alignment Check.,COMPLETED,301,T-202
HIST-05048,TASK-05091,2026-06-28T23:59:00,2026-06-29T05:11:00,Routine PM: Annual Track Parameter Tamping & Alignment Check.,COMPLETED,312,T-202
HIST-05061,TASK-05104,2024-02-20T00:25:00,2024-02-20T05:10:00,Routine PM: Annual Track Parameter Tamping & Alignment Check.,COMPLETED,285,T-201 (Signal Staff)
HIST-05062,TASK-05105,2025-02-19T00:26:00,2025-02-19T05:28:00,Routine PM: Annual Track Parameter Tamping & Alignment Check.,COMPLETED,302,T-202
HIST-05063,TASK-05106,2026-02-18T23:42:00,2026-02-19T04:42:00,Routine PM: Annual Track Parameter Tamping & Alignment Check.,COMPLETED,300,T-101 (Engineering Gang)
HIST-05088,TASK-05131,2024-05-31T00:29:00,2024-05-31T05:14:00,Routine PM: Annual Track Parameter Tamping & Alignment Check.,COMPLETED,285,T-202
HIST-05089,TASK-05132,2025-05-30T23:34:00,2025-05-31T04:39:00,Routine PM: Annual Track Parameter Tamping & Alignment Check.,COMPLETED,305,T-302
HIST-05090,TASK-05133,2026-05-31T00:06:00,2026-05-31T05:09:00,Routine PM: Annual Track Parameter Tamping & Alignment Check.,COMPLETED,303,T-302
HIST-05103,TASK-05146,2023-08-28T00:21:00,2023-08-28T05:07:00,Routine PM: Annual Track Parameter Tamping & Alignment Check.,COMPLETED,286,T-301 (OHE Gang)
HIST-05104,TASK-05147,2024-08-26T23:49:00,2024-08-27T04:42:00,Routine PM: Annual Track Parameter Tamping & Alignment Check.,COMPLETED,293,T-301 (OHE Gang)
HIST-05105,TASK-05148,2025-08-26T23:57:00,2025-08-27T05:07:00,Routine PM: Annual Track Parameter Tamping & Alignment Check.,COMPLETED,310,T-102
HIST-05130,TASK-05173,2024-05-02T00:05:00,2024-05-02T05:11:00,Routine PM: Annual Track Parameter Tamping & Alignment Check.,COMPLETED,306,T-102
HIST-05131,TASK-05174,2025-05-01T23:58:00,2025-05-02T04:53:00,Routine PM: Annual Track Parameter Tamping & Alignment Check.,COMPLETED,295,T-302
HIST-05132,TASK-05175,2026-05-02T00:29:00,2026-05-02T05:22:00,Routine PM: Annual Track Parameter Tamping & Alignment Check.,COMPLETED,293,T-301 (OHE Gang)
HIST-05133,TASK-05176,2024-05-12T23:51:00,2024-05-13T04:56:00,Routine PM: Annual Track Parameter Tamping & Alignment Check.,COMPLETED,305,T-102
HIST-05134,TASK-05177,2025-05-13T00:05:00,2025-05-13T05:01:00,Routine PM: Annual Track Parameter Tamping & Alignment Check.,COMPLETED,296,T-301 (OHE Gang)
HIST-05135,TASK-05178,2026-05-12T23:53:00,2026-05-13T04:40:00,Routine PM: Annual Track Parameter Tamping & Alignment Check.,COMPLETED,287,T-302
HIST-05160,TASK-05203,2024-04-12T00:04:00,2024-04-12T05:18:00,Routine PM: Annual Track Parameter Tamping & Alignment Check.,COMPLETED,314,T-102
HIST-05161,TASK-05204,2025-04-11T23:41:00,2025-04-12T04:30:00,Routine PM: Annual Track Parameter Tamping & Alignment Check.,COMPLETED,289,T-101 (Engineering Gang)
HIST-05162,TASK-05205,2026-04-11T23:55:00,2026-04-12T04:46:00,Routine PM: Annual Track Parameter Tamping & Alignment Check.,COMPLETED,291,T-102
HIST-05175,TASK-05218,2023-10-07T00:01:00,2023-10-07T04:46:00,Routine PM: Annual Track Parameter Tamping & Alignment Check.,COMPLETED,285,T-302
HIST-05176,TASK-05219,2024-10-05T23:52:00,2024-10-06T04:54:00,Routine PM: Annual Track Parameter Tamping & Alignment Check.,COMPLETED,302,T-202
HIST-05177,TASK-05220,2025-10-05T23:56:00,2025-10-06T04:54:00,Routine PM: Annual Track Parameter Tamping & Alignment Check.,COMPLETED,298,T-101 (Engineering Gang)
HIST-05178,TASK-05221,2024-02-02T23:53:00,2024-02-03T04:58:00,Routine PM: Annual Track Parameter Tamping & Alignment Check.,COMPLETED,305,T-201 (Signal Staff)
HIST-05179,TASK-05222,2025-02-01T23:41:00,2025-02-02T04:37:00,Routine PM: Annual Track Parameter Tamping & Alignment Check.,COMPLETED,296,T-101 (Engineering Gang)
HIST-05180,TASK-05223,2026-02-02T00:17:00,2026-02-02T05:06:00,Routine PM: Annual Track Parameter Tamping & Alignment Check.,COMPLETED,289,T-102
HIST-05181,TASK-05224,2024-02-22T23:51:00,2024-02-23T04:40:00,Routine PM: Annual Track Parameter Tamping & Alignment Check.,COMPLETED,289,T-302
HIST-05182,TASK-05225,2025-02-22T00:29:00,2025-02-22T05:36:00,Routine PM: Annual Track Parameter Tamping & Alignment Check.,COMPLETED,307,T-301 (OHE Gang)
HIST-05183,TASK-05226,2026-02-22T00:15:00,2026-02-22T05:14:00,Routine PM: Annual Track Parameter Tamping & Alignment Check.,COMPLETED,299,T-102
HIST-05196,TASK-05239,2023-12-19T23:48:00,2023-12-20T04:53:00,Routine PM: Annual Track Parameter Tamping & Alignment Check.,COMPLETED,305,T-201 (Signal Staff)
HIST-05197,TASK-05240,2024-12-18T23:39:00,2024-12-19T04:40:00,Routine PM: Annual Track Parameter Tamping & Alignment Check.,COMPLETED,301,T-201 (Signal Staff)
HIST-05198,TASK-05241,2025-12-19T00:26:00,2025-12-19T05:29:00,Routine PM: Annual Track Parameter Tamping & Alignment Check.,COMPLETED,303,T-201 (Signal Staff)
HIST-05223,TASK-05266,2023-12-30T23:47:00,2023-12-31T04:54:00,Routine PM: Annual Track Parameter Tamping & Alignment Check.,COMPLETED,307,T-102
HIST-05224,TASK-05267,2024-12-30T00:28:00,2024-12-30T05:41:00,Routine PM: Annual Track Parameter Tamping & Alignment Check.,COMPLETED,313,T-201 (Signal Staff)
HIST-05225,TASK-05268,2025-12-29T23:35:00,2025-12-30T04:24:00,Routine PM: Annual Track Parameter Tamping & Alignment Check.,COMPLETED,289,T-202
HIST-05244,TASK-05287,2024-01-09T00:18:00,2024-01-09T05:29:00,Routine PM: Annual Track Parameter Tamping & Alignment Check.,COMPLETED,311,T-202
HIST-05245,TASK-05288,2025-01-08T00:17:00,2025-01-08T05:10:00,Routine PM: Annual Track Parameter Tamping & Alignment Check.,COMPLETED,293,T-201 (Signal Staff)
HIST-05246,TASK-05289,2026-01-07T23:57:00,2026-01-08T04:56:00,Routine PM: Annual Track Parameter Tamping & Alignment Check.,COMPLETED,299,T-301 (OHE Gang)
HIST-05253,TASK-05296,2024-03-25T00:26:00,2024-03-25T05:25:00,Routine PM: Annual Track Parameter Tamping & Alignment Check.,COMPLETED,299,T-101 (Engineering Gang)
HIST-05254,TASK-05297,2025-03-25T00:17:00,2025-03-25T05:12:00,Routine PM: Annual Track Parameter Tamping & Alignment Check.,COMPLETED,295,T-301 (OHE Gang)
HIST-05255,TASK-05298,2026-03-25T00:04:00,2026-03-25T04:54:00,Routine PM: Annual Track Parameter Tamping & Alignment Check.,COMPLETED,290,T-202
HIST-05286,TASK-05329,2024-02-09T00:05:00,2024-02-09T05:10:00,Routine PM: Annual Track Parameter Tamping & Alignment Check.,COMPLETED,305,T-202
HIST-05287,TASK-05330,2025-02-08T00:15:00,2025-02-08T05:14:00,Routine PM: Annual Track Parameter Tamping & Alignment Check.,COMPLETED,299,T-102
HIST-05288,TASK-05331,2026-02-07T23:42:00,2026-02-08T04:47:00,Routine PM: Annual Track Parameter Tamping & Alignment Check.,COMPLETED,305,T-302
HIST-05289,TASK-05332,2024-04-13T23:52:00,2024-04-14T04:38:00,Routine PM: Annual Track Parameter Tamping & Alignment Check.,COMPLETED,286,T-201 (Signal Staff)
HIST-05290,TASK-05333,2025-04-14T00:01:00,2025-04-14T05:05:00,Routine PM: Annual Track Parameter Tamping & Alignment Check.,COMPLETED,304,T-202
HIST-05291,TASK-05334,2026-04-13T23:39:00,2026-04-14T04:35:00,Routine PM: Annual Track Parameter Tamping & Alignment Check.,COMPLETED,296,T-201 (Signal Staff)
HIST-05340,TASK-05383,2024-04-10T23:55:00,2024-04-11T05:03:00,Routine PM: Annual Track Parameter Tamping & Alignment Check.,COMPLETED,308,T-302
HIST-05341,TASK-05384,2025-04-11T00:16:00,2025-04-11T05:22:00,Routine PM: Annual Track Parameter Tamping & Alignment Check.,COMPLETED,306,T-102
HIST-05342,TASK-05385,2026-04-11T00:09:00,2026-04-11T05:19:00,Routine PM: Annual Track Parameter Tamping & Alignment Check.,COMPLETED,310,T-101 (Engineering Gang)
HIST-05379,TASK-05422,2023-11-22T00:01:00,2023-11-22T04:47:00,Routine PM: Annual Track Parameter Tamping & Alignment Check.,COMPLETED,286,T-302
HIST-05380,TASK-05423,2024-11-21T00:04:00,2024-11-21T04:57:00,Routine PM: Annual Track Parameter Tamping & Alignment Check.,COMPLETED,293,T-301 (OHE Gang)
HIST-05381,TASK-05424,2025-11-20T23:54:00,2025-11-21T04:55:00,Routine PM: Annual Track Parameter Tamping & Alignment Check.,COMPLETED,301,T-302
HIST-05394,TASK-05437,2024-05-31T00:01:00,2024-05-31T04:48:00,Routine PM: Annual Track Parameter Tamping & Alignment Check.,COMPLETED,287,T-102
HIST-05395,TASK-05438,2025-05-31T00:06:00,2025-05-31T04:57:00,Routine PM: Annual Track Parameter Tamping & Alignment Check.,COMPLETED,291,T-302
HIST-05396,TASK-05439,2026-05-30T23:32:00,2026-05-31T04:33:00,Routine PM: Annual Track Parameter Tamping & Alignment Check.,COMPLETED,301,T-102
HIST-05397,TASK-05440,2023-11-08T00:11:00,2023-11-08T05:15:00,Routine PM: Annual Track Parameter Tamping & Alignment Check.,COMPLETED,304,T-102
HIST-05398,TASK-05441,2024-11-06T23:50:00,2024-11-07T04:47:00,Routine PM: Annual Track Parameter Tamping & Alignment Check.,COMPLETED,297,T-302
HIST-05399,TASK-05442,2025-11-07T00:08:00,2025-11-07T05:11:00,Routine PM: Annual Track Parameter Tamping & Alignment Check.,COMPLETED,303,T-202
HIST-05400,TASK-05443,2023-08-15T23:57:00,2023-08-16T05:02:00,Routine PM: Annual Track Parameter Tamping & Alignment Check.,COMPLETED,305,T-301 (OHE Gang)
HIST-05401,TASK-05444,2024-08-14T23:37:00,2024-08-15T04:37:00,Routine PM: Annual Track Parameter Tamping & Alignment Check.,COMPLETED,300,T-202
HIST-05402,TASK-05445,2025-08-15T00:22:00,2025-08-15T05:18:00,Routine PM: Annual Track Parameter Tamping & Alignment Check.,COMPLETED,296,T-202
HIST-05403,TASK-05446,2024-02-15T23:54:00,2024-02-16T04:51:00,Routine PM: Annual Track Parameter Tamping & Alignment Check.,COMPLETED,297,T-101 (Engineering Gang)
HIST-05404,TASK-05447,2025-02-14T23:35:00,2025-02-15T04:44:00,Routine PM: Annual Track Parameter Tamping & Alignment Check.,COMPLETED,309,T-202
HIST-05405,TASK-05448,2026-02-14T23:41:00,2026-02-15T04:42:00,Routine PM: Annual Track Parameter Tamping & Alignment Check.,COMPLETED,301,T-201 (Signal Staff)
HIST-05424,TASK-05467,2024-05-12T00:19:00,2024-05-12T05:11:00,Routine PM: Annual Track Parameter Tamping & Alignment Check.,COMPLETED,292,T-101 (Engineering Gang)
HIST-05425,TASK-05468,2025-05-11T23:42:00,2025-05-12T04:50:00,Routine PM: Annual Track Parameter Tamping & Alignment Check.,COMPLETED,308,T-301 (OHE Gang)
HIST-05426,TASK-05469,2026-05-12T00:04:00,2026-05-12T04:50:00,Routine PM: Annual Track Parameter Tamping & Alignment Check.,COMPLETED,286,T-302
HIST-05427,TASK-05470,2024-05-24T00:19:00,2024-05-24T05:17:00,Routine PM: Annual Track Parameter Tamping & Alignment Check.,COMPLETED,298,T-102
HIST-05428,TASK-05471,2025-05-24T00:10:00,2025-05-24T05:24:00,Routine PM: Annual Track Parameter Tamping & Alignment Check.,COMPLETED,314,T-201 (Signal Staff)
HIST-05429,TASK-05472,2026-05-23T23:46:00,2026-05-24T04:53:00,Routine PM: Annual Track Parameter Tamping & Alignment Check.,COMPLETED,307,T-202
HIST-05436,TASK-05479,2024-04-03T00:24:00,2024-04-03T05:37:00,Routine PM: Annual Track Parameter Tamping & Alignment Check.,COMPLETED,313,T-102
HIST-05437,TASK-05480,2025-04-03T00:02:00,2025-04-03T05:10:00,Routine PM: Annual Track Parameter Tamping & Alignment Check.,COMPLETED,308,T-301 (OHE Gang)
HIST-05438,TASK-05481,2026-04-02T23:33:00,2026-04-03T04:32:00,Routine PM: Annual Track Parameter Tamping & Alignment Check.,COMPLETED,299,T-302
HIST-05439,TASK-05482,2024-07-01T00:21:00,2024-07-01T05:11:00,Routine PM: Annual Track Parameter Tamping & Alignment Check.,COMPLETED,290,T-202
HIST-05440,TASK-05483,2025-06-30T23:35:00,2025-07-01T04:48:00,Routine PM: Annual Track Parameter Tamping & Alignment Check.,COMPLETED,313,T-101 (Engineering Gang)
HIST-05441,TASK-05484,2026-06-30T23:54:00,2026-07-01T04:58:00,Routine PM: Annual Track Parameter Tamping & Alignment Check.,COMPLETED,304,T-101 (Engineering Gang)
HIST-05448,TASK-05491,2024-04-14T00:10:00,2024-04-14T05:13:00,Routine PM: Annual Track Parameter Tamping & Alignment Check.,COMPLETED,303,T-202
HIST-05449,TASK-05492,2025-04-13T23:47:00,2025-04-14T04:51:00,Routine PM: Annual Track Parameter Tamping & Alignment Check.,COMPLETED,304,T-101 (Engineering Gang)
HIST-05450,TASK-05493,2026-04-13T23:31:00,2026-04-14T04:39:00,Routine PM: Annual Track Parameter Tamping & Alignment Check.,COMPLETED,308,T-101 (Engineering Gang)
HIST-05451,TASK-05494,2023-08-23T00:26:00,2023-08-23T05:35:00,Routine PM: Annual Track Parameter Tamping & Alignment Check.,COMPLETED,309,T-201 (Signal Staff)
HIST-05452,TASK-05495,2024-08-21T23:45:00,2024-08-22T04:31:00,Routine PM: Annual Track Parameter Tamping & Alignment Check.,COMPLETED,286,T-302
HIST-05453,TASK-05496,2025-08-22T00:10:00,2025-08-22T05:00:00,Routine PM: Annual Track Parameter Tamping & Alignment Check.,COMPLETED,290,T-101 (Engineering Gang)
HIST-05466,TASK-05509,2024-03-21T00:05:00,2024-03-21T05:07:00,Routine PM: Annual Track Parameter Tamping & Alignment Check.,COMPLETED,302,T-101 (Engineering Gang)
HIST-05467,TASK-05510,2025-03-20T23:53:00,2025-03-21T05:05:00,Routine PM: Annual Track Parameter Tamping & Alignment Check.,COMPLETED,312,T-302
HIST-05468,TASK-05511,2026-03-21T00:04:00,2026-03-21T05:11:00,Routine PM: Annual Track Parameter Tamping & Alignment Check.,COMPLETED,307,T-201 (Signal Staff)
HIST-05475,TASK-05518,2024-07-25T00:08:00,2024-07-25T05:15:00,Routine PM: Annual Track Parameter Tamping & Alignment Check.,COMPLETED,307,T-202
HIST-05476,TASK-05519,2025-07-25T00:20:00,2025-07-25T05:11:00,Routine PM: Annual Track Parameter Tamping & Alignment Check.,COMPLETED,291,T-202
HIST-05477,TASK-05520,2026-07-25T00:26:00,2026-07-25T05:14:00,Routine PM: Annual Track Parameter Tamping & Alignment Check.,COMPLETED,288,T-302
HIST-05538,TASK-05581,2023-12-21T23:36:00,2023-12-22T04:33:00,Routine PM: Annual Track Parameter Tamping & Alignment Check.,COMPLETED,297,T-201 (Signal Staff)
HIST-05539,TASK-05582,2024-12-21T00:10:00,2024-12-21T05:15:00,Routine PM: Annual Track Parameter Tamping & Alignment Check.,COMPLETED,305,T-302
HIST-05540,TASK-05583,2025-12-21T00:19:00,2025-12-21T05:15:00,Routine PM: Annual Track Parameter Tamping & Alignment Check.,COMPLETED,296,T-102
HIST-05541,TASK-05584,2023-11-14T23:47:00,2023-11-15T04:32:00,Routine PM: Annual Track Parameter Tamping & Alignment Check.,COMPLETED,285,T-202
HIST-05542,TASK-05585,2024-11-13T23:54:00,2024-11-14T04:43:00,Routine PM: Annual Track Parameter Tamping & Alignment Check.,COMPLETED,289,T-302
HIST-05543,TASK-05586,2025-11-14T00:01:00,2025-11-14T04:47:00,Routine PM: Annual Track Parameter Tamping & Alignment Check.,COMPLETED,286,T-302
HIST-05592,TASK-05635,2024-06-18T00:15:00,2024-06-18T05:07:00,Routine PM: Annual Track Parameter Tamping & Alignment Check.,COMPLETED,292,T-302
HIST-05593,TASK-05636,2025-06-17T23:55:00,2025-06-18T04:50:00,Routine PM: Annual Track Parameter Tamping & Alignment Check.,COMPLETED,295,T-201 (Signal Staff)
HIST-05594,TASK-05637,2026-06-17T23:39:00,2026-06-18T04:51:00,Routine PM: Annual Track Parameter Tamping & Alignment Check.,COMPLETED,312,T-101 (Engineering Gang)
HIST-05607,TASK-05650,2023-10-19T23:50:00,2023-10-20T04:52:00,Routine PM: Annual Track Parameter Tamping & Alignment Check.,COMPLETED,302,T-201 (Signal Staff)
HIST-05608,TASK-05651,2024-10-18T23:38:00,2024-10-19T04:49:00,Routine PM: Annual Track Parameter Tamping & Alignment Check.,COMPLETED,311,T-102
HIST-05609,TASK-05652,2025-10-18T23:53:00,2025-10-19T04:52:00,Routine PM: Annual Track Parameter Tamping & Alignment Check.,COMPLETED,299,T-101 (Engineering Gang)
HIST-05628,TASK-05671,2024-02-11T23:57:00,2024-02-12T04:47:00,Routine PM: Annual Track Parameter Tamping & Alignment Check.,COMPLETED,290,T-202
HIST-05629,TASK-05672,2025-02-11T00:24:00,2025-02-11T05:22:00,Routine PM: Annual Track Parameter Tamping & Alignment Check.,COMPLETED,298,T-201 (Signal Staff)
HIST-05630,TASK-05673,2026-02-11T00:15:00,2026-02-11T05:09:00,Routine PM: Annual Track Parameter Tamping & Alignment Check.,COMPLETED,294,T-301 (OHE Gang)
HIST-05631,TASK-05674,2024-07-04T23:31:00,2024-07-05T04:39:00,Routine PM: Annual Track Parameter Tamping & Alignment Check.,COMPLETED,308,T-302
HIST-05632,TASK-05675,2025-07-05T00:29:00,2025-07-05T05:43:00,Routine PM: Annual Track Parameter Tamping & Alignment Check.,COMPLETED,314,T-302
HIST-05633,TASK-05676,2026-07-04T23:31:00,2026-07-05T04:33:00,Routine PM: Annual Track Parameter Tamping & Alignment Check.,COMPLETED,302,T-101 (Engineering Gang)
HIST-05634,TASK-05677,2023-12-30T00:20:00,2023-12-30T05:18:00,Routine PM: Annual Track Parameter Tamping & Alignment Check.,COMPLETED,298,T-102
HIST-05635,TASK-05678,2024-12-28T23:35:00,2024-12-29T04:42:00,Routine PM: Annual Track Parameter Tamping & Alignment Check.,COMPLETED,307,T-102
HIST-05636,TASK-05679,2025-12-29T00:05:00,2025-12-29T04:54:00,Routine PM: Annual Track Parameter Tamping & Alignment Check.,COMPLETED,289,T-302
HIST-05637,TASK-05680,2024-06-23T00:04:00,2024-06-23T04:54:00,Routine PM: Annual Track Parameter Tamping & Alignment Check.,COMPLETED,290,T-202
HIST-05638,TASK-05681,2025-06-23T00:11:00,2025-06-23T04:59:00,Routine PM: Annual Track Parameter Tamping & Alignment Check.,COMPLETED,288,T-301 (OHE Gang)
HIST-05639,TASK-05682,2026-06-22T23:54:00,2026-06-23T04:55:00,Routine PM: Annual Track Parameter Tamping & Alignment Check.,COMPLETED,301,T-101 (Engineering Gang)
HIST-05640,TASK-05683,2024-03-06T23:42:00,2024-03-07T04:38:00,Routine PM: Annual Track Parameter Tamping & Alignment Check.,COMPLETED,296,T-202
HIST-05641,TASK-05684,2025-03-07T00:01:00,2025-03-07T04:46:00,Routine PM: Annual Track Parameter Tamping & Alignment Check.,COMPLETED,285,T-202
HIST-05642,TASK-05685,2026-03-06T23:57:00,2026-03-07T05:07:00,Routine PM: Annual Track Parameter Tamping & Alignment Check.,COMPLETED,310,T-301 (OHE Gang)
HIST-05661,TASK-05704,2023-12-30T23:49:00,2023-12-31T04:59:00,Routine PM: Annual Track Parameter Tamping & Alignment Check.,COMPLETED,310,T-302
HIST-05662,TASK-05705,2024-12-30T00:04:00,2024-12-30T05:11:00,Routine PM: Annual Track Parameter Tamping & Alignment Check.,COMPLETED,307,T-301 (OHE Gang)
HIST-05663,TASK-05706,2025-12-30T00:16:00,2025-12-30T05:12:00,Routine PM: Annual Track Parameter Tamping & Alignment Check.,COMPLETED,296,T-202
HIST-05676,TASK-05719,2024-05-22T00:29:00,2024-05-22T05:28:00,Routine PM: Annual Track Parameter Tamping & Alignment Check.,COMPLETED,299,T-301 (OHE Gang)
HIST-05677,TASK-05720,2025-05-22T00:03:00,2025-05-22T04:55:00,Routine PM: Annual Track Parameter Tamping & Alignment Check.,COMPLETED,292,T-201 (Signal Staff)
HIST-05678,TASK-05721,2026-05-21T23:57:00,2026-05-22T04:45:00,Routine PM: Annual Track Parameter Tamping & Alignment Check.,COMPLETED,288,T-201 (Signal Staff)
HIST-05703,TASK-05746,2023-12-22T00:29:00,2023-12-22T05:20:00,Routine PM: Annual Track Parameter Tamping & Alignment Check.,COMPLETED,291,T-102
HIST-05704,TASK-05747,2024-12-21T00:20:00,2024-12-21T05:06:00,Routine PM: Annual Track Parameter Tamping & Alignment Check.,COMPLETED,286,T-201 (Signal Staff)
HIST-05705,TASK-05748,2025-12-21T00:23:00,2025-12-21T05:13:00,Routine PM: Annual Track Parameter Tamping & Alignment Check.,COMPLETED,290,T-101 (Engineering Gang)
HIST-05736,TASK-05779,2023-11-18T00:21:00,2023-11-18T05:30:00,Routine PM: Annual Track Parameter Tamping & Alignment Check.,COMPLETED,309,T-202
HIST-05737,TASK-05780,2024-11-17T00:14:00,2024-11-17T05:21:00,Routine PM: Annual Track Parameter Tamping & Alignment Check.,COMPLETED,307,T-301 (OHE Gang)
HIST-05738,TASK-05781,2025-11-17T00:13:00,2025-11-17T05:16:00,Routine PM: Annual Track Parameter Tamping & Alignment Check.,COMPLETED,303,T-202
HIST-05781,TASK-05824,2024-03-08T00:07:00,2024-03-08T05:08:00,Routine PM: Annual Track Parameter Tamping & Alignment Check.,COMPLETED,301,T-101 (Engineering Gang)
HIST-05782,TASK-05825,2025-03-08T00:27:00,2025-03-08T05:31:00,Routine PM: Annual Track Parameter Tamping & Alignment Check.,COMPLETED,304,T-201 (Signal Staff)
HIST-05783,TASK-05826,2026-03-07T23:47:00,2026-03-08T04:43:00,Routine PM: Annual Track Parameter Tamping & Alignment Check.,COMPLETED,296,T-302
HIST-05784,TASK-05827,2023-12-25T00:04:00,2023-12-25T05:17:00,Routine PM: Annual Track Parameter Tamping & Alignment Check.,COMPLETED,313,T-201 (Signal Staff)
HIST-05785,TASK-05828,2024-12-23T23:31:00,2024-12-24T04:45:00,Routine PM: Annual Track Parameter Tamping & Alignment Check.,COMPLETED,314,T-301 (OHE Gang)
HIST-05786,TASK-05829,2025-12-24T00:09:00,2025-12-24T05:02:00,Routine PM: Annual Track Parameter Tamping & Alignment Check.,COMPLETED,293,T-202
HIST-05799,TASK-05842,2023-08-26T00:03:00,2023-08-26T04:51:00,Routine PM: Annual Track Parameter Tamping & Alignment Check.,COMPLETED,288,T-102
HIST-05800,TASK-05843,2024-08-24T23:58:00,2024-08-25T04:46:00,Routine PM: Annual Track Parameter Tamping & Alignment Check.,COMPLETED,288,T-202
HIST-05801,TASK-05844,2025-08-24T23:36:00,2025-08-25T04:34:00,Routine PM: Annual Track Parameter Tamping & Alignment Check.,COMPLETED,298,T-102
HIST-05802,TASK-05845,2024-02-20T23:36:00,2024-02-21T04:21:00,Routine PM: Annual Track Parameter Tamping & Alignment Check.,COMPLETED,285,T-301 (OHE Gang)
HIST-05803,TASK-05846,2025-02-20T00:08:00,2025-02-20T04:57:00,Routine PM: Annual Track Parameter Tamping & Alignment Check.,COMPLETED,289,T-101 (Engineering Gang)
HIST-05804,TASK-05847,2026-02-20T00:04:00,2026-02-20T05:00:00,Routine PM: Annual Track Parameter Tamping & Alignment Check.,COMPLETED,296,T-201 (Signal Staff)
HIST-05805,TASK-05848,2024-04-26T23:48:00,2024-04-27T04:50:00,Routine PM: Annual Track Parameter Tamping & Alignment Check.,COMPLETED,302,T-301 (OHE Gang)
HIST-05806,TASK-05849,2025-04-27T00:14:00,2025-04-27T05:09:00,Routine PM: Annual Track Parameter Tamping & Alignment Check.,COMPLETED,295,T-202
HIST-05807,TASK-05850,2026-04-26T23:42:00,2026-04-27T04:44:00,Routine PM: Annual Track Parameter Tamping & Alignment Check.,COMPLETED,302,T-101 (Engineering Gang)
HIST-05814,TASK-05857,2024-05-22T00:02:00,2024-05-22T05:08:00,Routine PM: Annual Track Parameter Tamping & Alignment Check.,COMPLETED,306,T-101 (Engineering Gang)
HIST-05815,TASK-05858,2025-05-22T00:00:00,2025-05-22T05:03:00,Routine PM: Annual Track Parameter Tamping & Alignment Check.,COMPLETED,303,T-302
HIST-05816,TASK-05859,2026-05-22T00:17:00,2026-05-22T05:18:00,Routine PM: Annual Track Parameter Tamping & Alignment Check.,COMPLETED,301,T-102
HIST-05853,TASK-05896,2024-03-02T00:17:00,2024-03-02T05:14:00,Routine PM: Annual Track Parameter Tamping & Alignment Check.,COMPLETED,297,T-301 (OHE Gang)
HIST-05854,TASK-05897,2025-03-02T00:14:00,2025-03-02T05:03:00,Routine PM: Annual Track Parameter Tamping & Alignment Check.,COMPLETED,289,T-301 (OHE Gang)
HIST-05855,TASK-05898,2026-03-02T00:11:00,2026-03-02T05:04:00,Routine PM: Annual Track Parameter Tamping & Alignment Check.,COMPLETED,293,T-101 (Engineering Gang)
HIST-05862,TASK-05905,2023-12-12T23:57:00,2023-12-13T04:48:00,Routine PM: Annual Track Parameter Tamping & Alignment Check.,COMPLETED,291,T-101 (Engineering Gang)
HIST-05863,TASK-05906,2024-12-12T00:13:00,2024-12-12T05:21:00,Routine PM: Annual Track Parameter Tamping & Alignment Check.,COMPLETED,308,T-102
HIST-05864,TASK-05907,2025-12-12T00:17:00,2025-12-12T05:17:00,Routine PM: Annual Track Parameter Tamping & Alignment Check.,COMPLETED,300,T-101 (Engineering Gang)
HIST-05865,TASK-05908,2024-06-01T23:38:00,2024-06-02T04:52:00,Routine PM: Annual Track Parameter Tamping & Alignment Check.,COMPLETED,314,T-102
HIST-05866,TASK-05909,2025-06-01T23:37:00,2025-06-02T04:44:00,Routine PM: Annual Track Parameter Tamping & Alignment Check.,COMPLETED,307,T-102
HIST-05867,TASK-05910,2026-06-01T23:56:00,2026-06-02T04:46:00,Routine PM: Annual Track Parameter Tamping & Alignment Check.,COMPLETED,290,T-202
HIST-05868,TASK-05911,2024-07-10T23:44:00,2024-07-11T04:39:00,Routine PM: Annual Track Parameter Tamping & Alignment Check.,COMPLETED,295,T-102
HIST-05869,TASK-05912,2025-07-10T23:30:00,2025-07-11T04:17:00,Routine PM: Annual Track Parameter Tamping & Alignment Check.,COMPLETED,287,T-302
HIST-05870,TASK-05913,2026-07-10T23:58:00,2026-07-11T04:48:00,Routine PM: Annual Track Parameter Tamping & Alignment Check.,COMPLETED,290,T-102
HIST-05895,TASK-05938,2024-06-10T23:56:00,2024-06-11T04:48:00,Routine PM: Annual Track Parameter Tamping & Alignment Check.,COMPLETED,292,T-202
HIST-05896,TASK-05939,2025-06-10T23:59:00,2025-06-11T05:06:00,Routine PM: Annual Track Parameter Tamping & Alignment Check.,COMPLETED,307,T-102
HIST-05897,TASK-05940,2026-06-10T23:54:00,2026-06-11T04:44:00,Routine PM: Annual Track Parameter Tamping & Alignment Check.,COMPLETED,290,T-202
HIST-05910,TASK-05953,2023-09-22T00:07:00,2023-09-22T05:19:00,Routine PM: Annual Track Parameter Tamping & Alignment Check.,COMPLETED,312,T-301 (OHE Gang)
HIST-05911,TASK-05954,2024-09-21T00:14:00,2024-09-21T05:20:00,Routine PM: Annual Track Parameter Tamping & Alignment Check.,COMPLETED,306,T-302
HIST-05912,TASK-05955,2025-09-20T23:53:00,2025-09-21T05:04:00,Routine PM: Annual Track Parameter Tamping & Alignment Check.,COMPLETED,311,T-102
HIST-05931,TASK-05974,2023-11-05T00:28:00,2023-11-05T05:14:00,Routine PM: Annual Track Parameter Tamping & Alignment Check.,COMPLETED,286,T-101 (Engineering Gang)
HIST-05932,TASK-05975,2024-11-03T23:50:00,2024-11-04T04:39:00,Routine PM: Annual Track Parameter Tamping & Alignment Check.,COMPLETED,289,T-202
HIST-05933,TASK-05976,2025-11-03T23:40:00,2025-11-04T04:38:00,Routine PM: Annual Track Parameter Tamping & Alignment Check.,COMPLETED,298,T-101 (Engineering Gang)
HIST-05940,TASK-05983,2023-12-18T23:34:00,2023-12-19T04:20:00,Routine PM: Annual Track Parameter Tamping & Alignment Check.,COMPLETED,286,T-101 (Engineering Gang)
HIST-05941,TASK-05984,2024-12-18T00:09:00,2024-12-18T05:20:00,Routine PM: Annual Track Parameter Tamping & Alignment Check.,COMPLETED,311,T-101 (Engineering Gang)
HIST-05942,TASK-05985,2025-12-18T00:13:00,2025-12-18T05:20:00,Routine PM: Annual Track Parameter Tamping & Alignment Check.,COMPLETED,307,T-102
HIST-05979,TASK-06022,2023-12-27T23:41:00,2023-12-28T04:29:00,Routine PM: Annual Track Parameter Tamping & Alignment Check.,COMPLETED,288,T-301 (OHE Gang)
HIST-05980,TASK-06023,2024-12-26T23:59:00,2024-12-27T04:48:00,Routine PM: Annual Track Parameter Tamping & Alignment Check.,COMPLETED,289,T-302
HIST-05981,TASK-06024,2025-12-27T00:07:00,2025-12-27T04:54:00,Routine PM: Annual Track Parameter Tamping & Alignment Check.,COMPLETED,287,T-201 (Signal Staff)
HIST-05982,TASK-06025,2024-02-26T00:15:00,2024-02-26T05:01:00,Routine PM: Annual Track Parameter Tamping & Alignment Check.,COMPLETED,286,T-101 (Engineering Gang)
HIST-05983,TASK-06026,2025-02-24T23:44:00,2025-02-25T04:35:00,Routine PM: Annual Track Parameter Tamping & Alignment Check.,COMPLETED,291,T-202
HIST-05984,TASK-06027,2026-02-24T23:35:00,2026-02-25T04:28:00,Routine PM: Annual Track Parameter Tamping & Alignment Check.,COMPLETED,293,T-202
HIST-05985,TASK-06028,2023-10-20T23:58:00,2023-10-21T04:55:00,Routine PM: Annual Track Parameter Tamping & Alignment Check.,COMPLETED,297,T-301 (OHE Gang)
HIST-05986,TASK-06029,2024-10-20T00:12:00,2024-10-20T05:08:00,Routine PM: Annual Track Parameter Tamping & Alignment Check.,COMPLETED,296,T-201 (Signal Staff)
HIST-05987,TASK-06030,2025-10-19T23:43:00,2025-10-20T04:50:00,Routine PM: Annual Track Parameter Tamping & Alignment Check.,COMPLETED,307,T-301 (OHE Gang)
HIST-05994,TASK-06037,2024-07-21T23:43:00,2024-07-22T04:29:00,Routine PM: Annual Track Parameter Tamping & Alignment Check.,COMPLETED,286,T-202
HIST-05995,TASK-06038,2025-07-22T00:13:00,2025-07-22T05:11:00,Routine PM: Annual Track Parameter Tamping & Alignment Check.,COMPLETED,298,T-101 (Engineering Gang)
HIST-05996,TASK-06039,2026-07-21T23:45:00,2026-07-22T04:55:00,Routine PM: Annual Track Parameter Tamping & Alignment Check.,COMPLETED,310,T-202
HIST-05997,TASK-06040,2023-12-02T23:46:00,2023-12-03T04:43:00,Routine PM: Annual Track Parameter Tamping & Alignment Check.,COMPLETED,297,T-102
HIST-05998,TASK-06041,2024-12-01T23:40:00,2024-12-02T04:26:00,Routine PM: Annual Track Parameter Tamping & Alignment Check.,COMPLETED,286,T-102
HIST-05999,TASK-06042,2025-12-01T23:51:00,2025-12-02T05:05:00,Routine PM: Annual Track Parameter Tamping & Alignment Check.,COMPLETED,314,T-201 (Signal Staff)
HIST-06030,TASK-06073,2024-05-08T00:11:00,2024-05-08T05:24:00,Routine PM: Annual Track Parameter Tamping & Alignment Check.,COMPLETED,313,T-301 (OHE Gang)
HIST-06031,TASK-06074,2025-05-08T00:05:00,2025-05-08T04:53:00,Routine PM: Annual Track Parameter Tamping & Alignment Check.,COMPLETED,288,T-101 (Engineering Gang)
HIST-06032,TASK-06075,2026-05-07T23:38:00,2026-05-08T04:52:00,Routine PM: Annual Track Parameter Tamping & Alignment Check.,COMPLETED,314,T-301 (OHE Gang)
HIST-06039,TASK-06082,2023-09-20T00:21:00,2023-09-20T05:20:00,Routine PM: Annual Track Parameter Tamping & Alignment Check.,COMPLETED,299,T-102
HIST-06040,TASK-06083,2024-09-19T00:28:00,2024-09-19T05:36:00,Routine PM: Annual Track Parameter Tamping & Alignment Check.,COMPLETED,308,T-102
HIST-06041,TASK-06084,2025-09-18T23:32:00,2025-09-19T04:41:00,Routine PM: Annual Track Parameter Tamping & Alignment Check.,COMPLETED,309,T-302
HIST-06042,TASK-06085,2024-03-09T00:25:00,2024-03-09T05:25:00,Routine PM: Annual Track Parameter Tamping & Alignment Check.,COMPLETED,300,T-302
HIST-06043,TASK-06086,2025-03-09T00:05:00,2025-03-09T04:54:00,Routine PM: Annual Track Parameter Tamping & Alignment Check.,COMPLETED,289,T-201 (Signal Staff)
HIST-06044,TASK-06087,2026-03-08T23:54:00,2026-03-09T05:00:00,Routine PM: Annual Track Parameter Tamping & Alignment Check.,COMPLETED,306,T-102
HIST-06045,TASK-06088,2024-01-10T23:33:00,2024-01-11T04:38:00,Routine PM: Annual Track Parameter Tamping & Alignment Check.,COMPLETED,305,T-101 (Engineering Gang)
HIST-06046,TASK-06089,2025-01-10T00:12:00,2025-01-10T04:57:00,Routine PM: Annual Track Parameter Tamping & Alignment Check.,COMPLETED,285,T-302
HIST-06047,TASK-06090,2026-01-10T00:00:00,2026-01-10T04:59:00,Routine PM: Annual Track Parameter Tamping & Alignment Check.,COMPLETED,299,T-301 (OHE Gang)
HIST-06066,TASK-06109,2023-11-06T23:36:00,2023-11-07T04:32:00,Routine PM: Annual Track Parameter Tamping & Alignment Check.,COMPLETED,296,T-302
HIST-06067,TASK-06110,2024-11-06T00:17:00,2024-11-06T05:21:00,Routine PM: Annual Track Parameter Tamping & Alignment Check.,COMPLETED,304,T-202
HIST-06068,TASK-06111,2025-11-06T00:23:00,2025-11-06T05:17:00,Routine PM: Annual Track Parameter Tamping & Alignment Check.,COMPLETED,294,T-301 (OHE Gang)
HIST-06075,TASK-06118,2024-06-05T23:42:00,2024-06-06T04:55:00,Routine PM: Annual Track Parameter Tamping & Alignment Check.,COMPLETED,313,T-202
HIST-06076,TASK-06119,2025-06-05T23:39:00,2025-06-06T04:47:00,Routine PM: Annual Track Parameter Tamping & Alignment Check.,COMPLETED,308,T-202
HIST-06077,TASK-06120,2026-06-06T00:10:00,2026-06-06T05:24:00,Routine PM: Annual Track Parameter Tamping & Alignment Check.,COMPLETED,314,T-302
HIST-06078,TASK-06121,2024-03-11T00:26:00,2024-03-11T05:22:00,Routine PM: Annual Track Parameter Tamping & Alignment Check.,COMPLETED,296,T-202
HIST-06079,TASK-06122,2025-03-11T00:03:00,2025-03-11T04:48:00,Routine PM: Annual Track Parameter Tamping & Alignment Check.,COMPLETED,285,T-101 (Engineering Gang)
HIST-06080,TASK-06123,2026-03-10T23:55:00,2026-03-11T04:58:00,Routine PM: Annual Track Parameter Tamping & Alignment Check.,COMPLETED,303,T-301 (OHE Gang)
HIST-06081,TASK-06124,2023-11-16T00:03:00,2023-11-16T04:58:00,Routine PM: Annual Track Parameter Tamping & Alignment Check.,COMPLETED,295,T-301 (OHE Gang)
HIST-06082,TASK-06125,2024-11-15T00:16:00,2024-11-15T05:06:00,Routine PM: Annual Track Parameter Tamping & Alignment Check.,COMPLETED,290,T-301 (OHE Gang)
HIST-06083,TASK-06126,2025-11-14T23:41:00,2025-11-15T04:45:00,Routine PM: Annual Track Parameter Tamping & Alignment Check.,COMPLETED,304,T-302
HIST-06084,TASK-06127,2024-03-19T23:36:00,2024-03-20T04:49:00,Routine PM: Annual Track Parameter Tamping & Alignment Check.,COMPLETED,313,T-101 (Engineering Gang)
HIST-06085,TASK-06128,2025-03-19T23:57:00,2025-03-20T05:06:00,Routine PM: Annual Track Parameter Tamping & Alignment Check.,COMPLETED,309,T-201 (Signal Staff)
HIST-06086,TASK-06129,2026-03-20T00:11:00,2026-03-20T05:09:00,Routine PM: Annual Track Parameter Tamping & Alignment Check.,COMPLETED,298,T-102
HIST-06099,TASK-06142,2024-02-15T00:25:00,2024-02-15T05:17:00,Routine PM: Annual Track Parameter Tamping & Alignment Check.,COMPLETED,292,T-301 (OHE Gang)
HIST-06100,TASK-06143,2025-02-14T00:05:00,2025-02-14T05:12:00,Routine PM: Annual Track Parameter Tamping & Alignment Check.,COMPLETED,307,T-202
HIST-06101,TASK-06144,2026-02-13T23:48:00,2026-02-14T04:51:00,Routine PM: Annual Track Parameter Tamping & Alignment Check.,COMPLETED,303,T-301 (OHE Gang)
HIST-06102,TASK-06145,2023-10-08T00:19:00,2023-10-08T05:13:00,Routine PM: Annual Track Parameter Tamping & Alignment Check.,COMPLETED,294,T-101 (Engineering Gang)
HIST-06103,TASK-06146,2024-10-06T23:46:00,2024-10-07T04:31:00,Routine PM: Annual Track Parameter Tamping & Alignment Check.,COMPLETED,285,T-202
HIST-06104,TASK-06147,2025-10-07T00:25:00,2025-10-07T05:32:00,Routine PM: Annual Track Parameter Tamping & Alignment Check.,COMPLETED,307,T-202
HIST-06111,TASK-06154,2023-09-02T00:10:00,2023-09-02T04:56:00,Routine PM: Annual Track Parameter Tamping & Alignment Check.,COMPLETED,286,T-202
HIST-06112,TASK-06155,2024-09-01T00:03:00,2024-09-01T04:56:00,Routine PM: Annual Track Parameter Tamping & Alignment Check.,COMPLETED,293,T-101 (Engineering Gang)
HIST-06113,TASK-06156,2025-08-31T23:49:00,2025-09-01T04:54:00,Routine PM: Annual Track Parameter Tamping & Alignment Check.,COMPLETED,305,T-102
HIST-06114,TASK-06157,2023-12-13T23:44:00,2023-12-14T04:29:00,Routine PM: Annual Track Parameter Tamping & Alignment Check.,COMPLETED,285,T-202
HIST-06115,TASK-06158,2024-12-13T00:14:00,2024-12-13T05:28:00,Routine PM: Annual Track Parameter Tamping & Alignment Check.,COMPLETED,314,T-202
HIST-06116,TASK-06159,2025-12-12T23:49:00,2025-12-13T04:48:00,Routine PM: Annual Track Parameter Tamping & Alignment Check.,COMPLETED,299,T-302
HIST-06123,TASK-06166,2023-12-17T00:19:00,2023-12-17T05:17:00,Routine PM: Annual Track Parameter Tamping & Alignment Check.,COMPLETED,298,T-102
HIST-06124,TASK-06167,2024-12-16T00:17:00,2024-12-16T05:13:00,Routine PM: Annual Track Parameter Tamping & Alignment Check.,COMPLETED,296,T-102
HIST-06125,TASK-06168,2025-12-16T00:05:00,2025-12-16T05:00:00,Routine PM: Annual Track Parameter Tamping & Alignment Check.,COMPLETED,295,T-102
HIST-06150,TASK-06193,2023-09-12T23:41:00,2023-09-13T04:48:00,Routine PM: Annual Track Parameter Tamping & Alignment Check.,COMPLETED,307,T-201 (Signal Staff)
HIST-06151,TASK-06194,2024-09-11T23:46:00,2024-09-12T04:40:00,Routine PM: Annual Track Parameter Tamping & Alignment Check.,COMPLETED,294,T-302
HIST-06152,TASK-06195,2025-09-12T00:04:00,2025-09-12T04:53:00,Routine PM: Annual Track Parameter Tamping & Alignment Check.,COMPLETED,289,T-102
HIST-06153,TASK-06196,2023-08-20T00:02:00,2023-08-20T05:16:00,Routine PM: Annual Track Parameter Tamping & Alignment Check.,COMPLETED,314,T-302
HIST-06154,TASK-06197,2024-08-19T00:01:00,2024-08-19T04:47:00,Routine PM: Annual Track Parameter Tamping & Alignment Check.,COMPLETED,286,T-201 (Signal Staff)
HIST-06155,TASK-06198,2025-08-18T23:59:00,2025-08-19T04:59:00,Routine PM: Annual Track Parameter Tamping & Alignment Check.,COMPLETED,300,T-301 (OHE Gang)
HIST-06180,TASK-06223,2023-10-22T00:12:00,2023-10-22T05:08:00,Routine PM: Annual Track Parameter Tamping & Alignment Check.,COMPLETED,296,T-302
HIST-06181,TASK-06224,2024-10-21T00:28:00,2024-10-21T05:21:00,Routine PM: Annual Track Parameter Tamping & Alignment Check.,COMPLETED,293,T-301 (OHE Gang)
HIST-06182,TASK-06225,2025-10-20T23:36:00,2025-10-21T04:41:00,Routine PM: Annual Track Parameter Tamping & Alignment Check.,COMPLETED,305,T-302
HIST-06201,TASK-06244,2023-11-28T00:20:00,2023-11-28T05:33:00,Routine PM: Annual Track Parameter Tamping & Alignment Check.,COMPLETED,313,T-202
HIST-06202,TASK-06245,2024-11-27T00:22:00,2024-11-27T05:13:00,Routine PM: Annual Track Parameter Tamping & Alignment Check.,COMPLETED,291,T-201 (Signal Staff)
HIST-06203,TASK-06246,2025-11-27T00:15:00,2025-11-27T05:26:00,Routine PM: Annual Track Parameter Tamping & Alignment Check.,COMPLETED,311,T-201 (Signal Staff)
HIST-06204,TASK-06247,2023-11-09T00:01:00,2023-11-09T04:50:00,Routine PM: Annual Track Parameter Tamping & Alignment Check.,COMPLETED,289,T-301 (OHE Gang)
HIST-06205,TASK-06248,2024-11-07T23:46:00,2024-11-08T04:35:00,Routine PM: Annual Track Parameter Tamping & Alignment Check.,COMPLETED,289,T-101 (Engineering Gang)
HIST-06206,TASK-06249,2025-11-08T00:27:00,2025-11-08T05:35:00,Routine PM: Annual Track Parameter Tamping & Alignment Check.,COMPLETED,308,T-102
HIST-06207,TASK-06250,2023-09-14T00:03:00,2023-09-14T04:54:00,Routine PM: Annual Track Parameter Tamping & Alignment Check.,COMPLETED,291,T-202
HIST-06208,TASK-06251,2024-09-13T00:29:00,2024-09-13T05:33:00,Routine PM: Annual Track Parameter Tamping & Alignment Check.,COMPLETED,304,T-101 (Engineering Gang)
HIST-06209,TASK-06252,2025-09-12T23:46:00,2025-09-13T04:53:00,Routine PM: Annual Track Parameter Tamping & Alignment Check.,COMPLETED,307,T-202
HIST-06210,TASK-06253,2024-07-12T00:08:00,2024-07-12T05:01:00,Routine PM: Annual Track Parameter Tamping & Alignment Check.,COMPLETED,293,T-302
HIST-06211,TASK-06254,2025-07-11T23:40:00,2025-07-12T04:54:00,Routine PM: Annual Track Parameter Tamping & Alignment Check.,COMPLETED,314,T-201 (Signal Staff)
HIST-06212,TASK-06255,2026-07-11T23:43:00,2026-07-12T04:48:00,Routine PM: Annual Track Parameter Tamping & Alignment Check.,COMPLETED,305,T-201 (Signal Staff)
HIST-00006,TASK-00006,2025-11-13T23:56:00,2025-11-14T00:38:00,Rectified defect: Poor Signal Aspect Visibility. Restored parameter to nominal bounds.,COMPLETED,42,T-102
HIST-00010,TASK-00011,2025-01-18T00:22:00,2025-01-18T01:52:00,Rectified deferred defect: Voltage Fluctuation.,COMPLETED,90,T-302
HIST-00009,TASK-00010,2025-01-08T00:00:00,2025-01-08T00:00:00,Task deferred: Scheduled window could not be granted due to traffic overhead.,DEFERRED,0,T-202
HIST-00011,TASK-00012,2026-07-25T10:50:00,2026-07-25T14:07:00,Rectified defect: Voltage Fluctuation. Restored parameter to nominal bounds.,COMPLETED,197,T-302
HIST-00017,TASK-00018,2026-01-23T01:17:00,2026-01-23T04:34:00,Rectified defect: REPETITIVE: Voltage Fluctuation. Restored parameter to nominal bounds.,COMPLETED,197,T-202
HIST-00018,TASK-00019,2026-03-15T23:47:00,2026-03-16T00:33:00,Rectified defect: Voltage Fluctuation. Restored parameter to nominal bounds.,COMPLETED,46,T-101 (Engineering Gang)
HIST-00019,TASK-00020,2026-03-24T09:54:00,2026-03-24T12:58:00,Rectified defect: Voltage Fluctuation. Restored parameter to nominal bounds.,COMPLETED,184,T-202
HIST-00020,TASK-00021,2024-04-24T12:29:00,2024-04-24T15:24:00,Rectified defect: Voltage Fluctuation. Restored parameter to nominal bounds.,COMPLETED,175,T-302
HIST-00022,TASK-00023,2024-08-29T02:33:00,2024-08-29T05:56:00,Rectified defect: Voltage Fluctuation. Restored parameter to nominal bounds.,COMPLETED,203,T-302
HIST-00023,TASK-00024,2024-02-25T23:49:00,2024-02-26T00:35:00,Rectified defect: Voltage Fluctuation. Restored parameter to nominal bounds.,COMPLETED,46,T-302
HIST-00025,TASK-00026,2025-06-09T23:57:00,2025-06-10T00:44:00,Rectified defect: REPETITIVE: Poor Signal Aspect Visibility. Restored parameter to nominal bounds.,COMPLETED,47,T-301 (OHE Gang)
HIST-00026,TASK-00028,2024-12-31T00:47:00,2024-12-31T02:37:00,Rectified defect: Voltage Fluctuation. Restored parameter to nominal bounds.,COMPLETED,110,T-102
HIST-00027,TASK-00029,2025-01-27T00:09:00,2025-01-27T01:42:00,Rectified defect: Poor Signal Aspect Visibility. Restored parameter to nominal bounds.,COMPLETED,93,T-202
HIST-00028,TASK-00030,2026-03-15T23:47:00,2026-03-16T00:29:00,Rectified defect: Voltage Fluctuation. Restored parameter to nominal bounds.,COMPLETED,42,T-202
HIST-00029,TASK-00032,2024-03-04T03:50:00,2024-03-04T07:08:00,Rectified defect: Voltage Fluctuation. Restored parameter to nominal bounds.,COMPLETED,198,T-302
HIST-00030,TASK-00033,2023-09-23T23:52:00,2023-09-24T00:38:00,Rectified defect: Voltage Fluctuation. Restored parameter to nominal bounds.,COMPLETED,46,T-302
HIST-00031,TASK-00035,2026-04-01T00:20:00,2026-04-01T02:09:00,Rectified defect: Voltage Fluctuation. Restored parameter to nominal bounds.,COMPLETED,109,T-202
HIST-00033,TASK-00037,2024-04-27T00:28:00,2024-04-27T01:13:00,Rectified deferred defect: REPETITIVE: Voltage Fluctuation.,COMPLETED,45,T-102
HIST-00032,TASK-00036,2024-04-20T00:00:00,2024-04-20T00:00:00,Task deferred: Scheduled window could not be granted due to traffic overhead.,DEFERRED,0,T-301 (OHE Gang)
HIST-00034,TASK-00038,2024-10-12T23:51:00,2024-10-13T01:33:00,Rectified defect: Voltage Fluctuation. Restored parameter to nominal bounds.,COMPLETED,102,T-102
HIST-00042,TASK-00046,2024-12-21T04:38:00,2024-12-21T07:46:00,Rectified defect: Poor Signal Aspect Visibility. Restored parameter to nominal bounds.,COMPLETED,188,T-301 (OHE Gang)
HIST-00043,TASK-00047,2025-02-21T00:49:00,2025-02-21T02:27:00,Rectified defect: Poor Signal Aspect Visibility. Restored parameter to nominal bounds.,COMPLETED,98,T-101 (Engineering Gang)
HIST-00044,TASK-00048,2026-05-04T23:47:00,2026-05-05T00:30:00,Rectified defect: Voltage Fluctuation. Restored parameter to nominal bounds.,COMPLETED,43,T-302
HIST-00045,TASK-00049,2024-05-28T00:53:00,2024-05-28T02:24:00,Rectified defect: Voltage Fluctuation. Restored parameter to nominal bounds.,COMPLETED,91,T-102
HIST-00046,TASK-00050,2025-05-20T01:35:00,2025-05-20T04:28:00,Rectified defect: Voltage Fluctuation. Restored parameter to nominal bounds.,COMPLETED,173,T-202
HIST-00047,TASK-00051,2024-07-20T00:28:00,2024-07-20T01:11:00,Rectified defect: Poor Signal Aspect Visibility. Restored parameter to nominal bounds.,COMPLETED,43,T-302
HIST-00052,TASK-00056,2024-12-19T00:21:00,2024-12-19T01:05:00,Rectified defect: Poor Signal Aspect Visibility. Restored parameter to nominal bounds.,COMPLETED,44,T-101 (Engineering Gang)
HIST-00055,TASK-00059,2025-11-29T00:06:00,2025-11-29T00:59:00,Rectified defect: Voltage Fluctuation. Restored parameter to nominal bounds.,COMPLETED,53,T-101 (Engineering Gang)
HIST-00058,TASK-00062,2025-08-10T23:48:00,2025-08-11T01:39:00,Rectified defect: Voltage Fluctuation. Restored parameter to nominal bounds.,COMPLETED,111,T-102
HIST-00059,TASK-00063,2026-06-08T00:26:00,2026-06-08T01:14:00,Rectified defect: Voltage Fluctuation. Restored parameter to nominal bounds.,COMPLETED,48,T-302
HIST-00062,TASK-00066,2024-01-14T01:00:00,2024-01-14T01:52:00,Rectified defect: Poor Signal Aspect Visibility. Restored parameter to nominal bounds.,COMPLETED,52,T-101 (Engineering Gang)
HIST-00063,TASK-00067,2025-04-30T00:31:00,2025-04-30T01:20:00,Rectified defect: Voltage Fluctuation. Restored parameter to nominal bounds.,COMPLETED,49,T-202
HIST-00065,TASK-00069,2025-09-16T00:05:00,2025-09-16T00:50:00,Rectified deferred defect: Poor Signal Aspect Visibility.,COMPLETED,45,T-101 (Engineering Gang)
HIST-00064,TASK-00068,2025-09-09T00:00:00,2025-09-09T00:00:00,Task deferred: Scheduled window could not be granted due to traffic overhead.,DEFERRED,0,T-201 (Signal Staff)
HIST-00066,TASK-00070,2025-01-04T00:14:00,2025-01-04T01:44:00,Rectified defect: Voltage Fluctuation. Restored parameter to nominal bounds.,COMPLETED,90,T-201 (Signal Staff)
HIST-00067,TASK-00071,2025-06-26T05:23:00,2025-06-26T08:47:00,Rectified defect: Voltage Fluctuation. Restored parameter to nominal bounds.,COMPLETED,204,T-101 (Engineering Gang)
HIST-00068,TASK-00072,2025-11-14T00:49:00,2025-11-14T01:41:00,Rectified defect: Poor Signal Aspect Visibility. Restored parameter to nominal bounds.,COMPLETED,52,T-202
HIST-00069,TASK-00073,2026-05-29T01:00:00,2026-05-29T02:26:00,Rectified defect: Voltage Fluctuation. Restored parameter to nominal bounds.,COMPLETED,86,T-302
HIST-00073,TASK-00079,2024-10-06T00:16:00,2024-10-06T01:04:00,Rectified defect: Poor Signal Aspect Visibility. Restored parameter to nominal bounds.,COMPLETED,48,T-302
HIST-00075,TASK-00081,2025-03-24T00:58:00,2025-03-24T02:24:00,Rectified defect: Voltage Fluctuation. Restored parameter to nominal bounds.,COMPLETED,86,T-101 (Engineering Gang)
HIST-00076,TASK-00082,2025-11-04T23:45:00,2025-11-05T00:30:00,Rectified defect: Poor Signal Aspect Visibility. Restored parameter to nominal bounds.,COMPLETED,45,T-101 (Engineering Gang)
HIST-00077,TASK-00083,2025-10-30T00:47:00,2025-10-30T01:32:00,Rectified defect: Poor Signal Aspect Visibility. Restored parameter to nominal bounds.,COMPLETED,45,T-202
HIST-00083,TASK-00089,2025-05-21T00:13:00,2025-05-21T01:01:00,Rectified defect: Poor Signal Aspect Visibility. Restored parameter to nominal bounds.,COMPLETED,48,T-301 (OHE Gang)
HIST-00095,TASK-00102,2024-03-29T00:15:00,2024-03-29T01:00:00,Rectified deferred defect: Poor Signal Aspect Visibility.,COMPLETED,45,T-201 (Signal Staff)
HIST-00094,TASK-00101,2024-03-26T00:00:00,2024-03-26T00:00:00,Task deferred: Scheduled window could not be granted due to traffic overhead.,DEFERRED,0,T-201 (Signal Staff)
HIST-00096,TASK-00103,2025-10-09T23:48:00,2025-10-10T00:35:00,Rectified defect: Poor Signal Aspect Visibility. Restored parameter to nominal bounds.,COMPLETED,47,T-301 (OHE Gang)
HIST-00097,TASK-00104,2025-11-29T00:17:00,2025-11-29T01:49:00,Rectified defect: Voltage Fluctuation. Restored parameter to nominal bounds.,COMPLETED,92,T-102
HIST-00098,TASK-00105,2026-01-06T00:24:00,2026-01-06T01:13:00,Rectified defect: Poor Signal Aspect Visibility. Restored parameter to nominal bounds.,COMPLETED,49,T-202
HIST-00100,TASK-00107,2023-11-24T00:12:00,2023-11-24T00:57:00,Rectified deferred defect: Poor Signal Aspect Visibility.,COMPLETED,45,T-201 (Signal Staff)
HIST-00099,TASK-00106,2023-11-19T00:00:00,2023-11-19T00:00:00,Task deferred: Scheduled window could not be granted due to traffic overhead.,DEFERRED,0,T-102
HIST-00102,TASK-00109,2025-10-19T00:16:00,2025-10-19T01:01:00,Rectified deferred defect: Poor Signal Aspect Visibility.,COMPLETED,45,T-202
HIST-00101,TASK-00108,2025-10-09T00:00:00,2025-10-09T00:00:00,Task deferred: Scheduled window could not be granted due to traffic overhead.,DEFERRED,0,T-301 (OHE Gang)
HIST-00103,TASK-00110,2024-07-07T00:58:00,2024-07-07T02:46:00,Rectified defect: Voltage Fluctuation. Restored parameter to nominal bounds.,COMPLETED,108,T-102
HIST-00104,TASK-00111,2025-03-16T00:34:00,2025-03-16T01:18:00,Rectified defect: REPETITIVE: Voltage Fluctuation. Restored parameter to nominal bounds.,COMPLETED,44,T-201 (Signal Staff)
HIST-00106,TASK-00113,2025-07-23T00:00:00,2025-07-23T00:45:00,Rectified deferred defect: Poor Signal Aspect Visibility.,COMPLETED,45,T-301 (OHE Gang)
HIST-00105,TASK-00112,2025-07-21T00:00:00,2025-07-21T00:00:00,Task deferred: Scheduled window could not be granted due to traffic overhead.,DEFERRED,0,T-102
HIST-00108,TASK-00115,2024-02-10T00:00:00,2024-02-10T01:30:00,Rectified deferred defect: Voltage Fluctuation.,COMPLETED,90,T-102
HIST-00107,TASK-00114,2024-02-07T00:00:00,2024-02-07T00:00:00,Task deferred: Scheduled window could not be granted due to traffic overhead.,DEFERRED,0,T-201 (Signal Staff)
HIST-00113,TASK-00121,2024-02-06T00:12:00,2024-02-06T00:57:00,Rectified deferred defect: Voltage Fluctuation.,COMPLETED,45,T-102
HIST-00112,TASK-00120,2024-01-30T00:00:00,2024-01-30T00:00:00,Task deferred: Scheduled window could not be granted due to traffic overhead.,DEFERRED,0,T-302
HIST-00114,TASK-00122,2025-08-11T00:09:00,2025-08-11T01:03:00,Rectified defect: Voltage Fluctuation. Restored parameter to nominal bounds.,COMPLETED,54,T-201 (Signal Staff)
HIST-00115,TASK-00124,2024-11-17T01:51:00,2024-11-17T05:22:00,Rectified defect: Poor Signal Aspect Visibility. Restored parameter to nominal bounds.,COMPLETED,211,T-102
HIST-00116,TASK-00126,2025-09-20T00:16:00,2025-09-20T01:48:00,Rectified defect: Poor Signal Aspect Visibility. Restored parameter to nominal bounds.,COMPLETED,92,T-202
HIST-00118,TASK-00128,2025-12-10T00:21:00,2025-12-10T01:06:00,Rectified deferred defect: REPETITIVE: Voltage Fluctuation.,COMPLETED,45,T-102
HIST-00117,TASK-00127,2025-12-03T00:00:00,2025-12-03T00:00:00,Task deferred: Scheduled window could not be granted due to traffic overhead.,DEFERRED,0,T-302
HIST-00120,TASK-00130,2023-10-18T00:04:00,2023-10-18T00:49:00,Rectified deferred defect: Voltage Fluctuation.,COMPLETED,45,T-202
HIST-00119,TASK-00129,2023-10-09T00:00:00,2023-10-09T00:00:00,Task deferred: Scheduled window could not be granted due to traffic overhead.,DEFERRED,0,T-102
HIST-00123,TASK-00133,2023-11-29T00:47:00,2023-11-29T02:14:00,Rectified defect: Voltage Fluctuation. Restored parameter to nominal bounds.,COMPLETED,87,T-202
HIST-00124,TASK-00134,2024-03-18T00:31:00,2024-03-18T01:18:00,Rectified defect: Voltage Fluctuation. Restored parameter to nominal bounds.,COMPLETED,47,T-201 (Signal Staff)
HIST-00125,TASK-00135,2025-09-17T05:46:00,2025-09-17T08:55:00,Rectified defect: Voltage Fluctuation. Restored parameter to nominal bounds.,COMPLETED,189,T-301 (OHE Gang)
HIST-00126,TASK-00136,2026-06-20T00:04:00,2026-06-20T01:32:00,Rectified defect: Voltage Fluctuation. Restored parameter to nominal bounds.,COMPLETED,88,T-201 (Signal Staff)
HIST-00127,TASK-00137,2026-07-19T23:51:00,2026-07-20T01:23:00,Rectified defect: Voltage Fluctuation. Restored parameter to nominal bounds.,COMPLETED,92,T-202
HIST-00128,TASK-00138,2024-07-31T00:23:00,2024-07-31T01:05:00,Rectified defect: Poor Signal Aspect Visibility. Restored parameter to nominal bounds.,COMPLETED,42,T-302
HIST-00130,TASK-00140,2025-12-22T00:29:00,2025-12-22T01:14:00,Rectified deferred defect: Poor Signal Aspect Visibility.,COMPLETED,45,T-102
HIST-00129,TASK-00139,2025-12-19T00:00:00,2025-12-19T00:00:00,Task deferred: Scheduled window could not be granted due to traffic overhead.,DEFERRED,0,T-102
HIST-00132,TASK-00142,2025-10-22T06:04:00,2025-10-22T09:04:00,Rectified deferred defect: Voltage Fluctuation.,COMPLETED,180,T-102
HIST-00131,TASK-00141,2025-10-17T06:00:00,2025-10-17T06:00:00,Task deferred: Scheduled window could not be granted due to traffic overhead.,DEFERRED,0,T-101 (Engineering Gang)
HIST-00133,TASK-00143,2026-05-08T00:13:00,2026-05-08T00:53:00,Rectified defect: Poor Signal Aspect Visibility. Restored parameter to nominal bounds.,COMPLETED,40,T-102
HIST-00135,TASK-00145,2024-06-04T00:27:00,2024-06-04T01:48:00,Rectified defect: Voltage Fluctuation. Restored parameter to nominal bounds.,COMPLETED,81,T-301 (OHE Gang)
HIST-00136,TASK-00146,2025-05-04T00:35:00,2025-05-04T02:18:00,Rectified defect: Poor Signal Aspect Visibility. Restored parameter to nominal bounds.,COMPLETED,103,T-201 (Signal Staff)
HIST-00137,TASK-00147,2025-08-07T00:04:00,2025-08-07T00:55:00,Rectified defect: Voltage Fluctuation. Restored parameter to nominal bounds.,COMPLETED,51,T-101 (Engineering Gang)
HIST-00142,TASK-00152,2024-10-29T05:26:00,2024-10-29T08:26:00,Rectified deferred defect: Poor Signal Aspect Visibility.,COMPLETED,180,T-102
HIST-00141,TASK-00151,2024-10-23T05:00:00,2024-10-23T05:00:00,Task deferred: Scheduled window could not be granted due to traffic overhead.,DEFERRED,0,T-301 (OHE Gang)
HIST-00143,TASK-00153,2024-11-22T03:51:00,2024-11-22T07:24:00,Rectified defect: REPETITIVE: Voltage Fluctuation. Restored parameter to nominal bounds.,COMPLETED,213,T-202
HIST-00144,TASK-00154,2023-08-23T00:53:00,2023-08-23T01:46:00,Rectified defect: Voltage Fluctuation. Restored parameter to nominal bounds.,COMPLETED,53,T-302
HIST-00145,TASK-00155,2025-09-28T00:12:00,2025-09-28T01:33:00,Rectified defect: Voltage Fluctuation. Restored parameter to nominal bounds.,COMPLETED,81,T-201 (Signal Staff)
HIST-00147,TASK-00157,2023-11-24T00:19:00,2023-11-24T01:04:00,Rectified deferred defect: Poor Signal Aspect Visibility.,COMPLETED,45,T-102
HIST-00146,TASK-00156,2023-11-21T00:00:00,2023-11-21T00:00:00,Task deferred: Scheduled window could not be granted due to traffic overhead.,DEFERRED,0,T-202
HIST-00150,TASK-00160,2025-02-17T00:24:00,2025-02-17T01:04:00,Rectified defect: Poor Signal Aspect Visibility. Restored parameter to nominal bounds.,COMPLETED,40,T-301 (OHE Gang)
HIST-00152,TASK-00162,2024-07-20T10:11:00,2024-07-20T13:11:00,Rectified deferred defect: Voltage Fluctuation.,COMPLETED,180,T-201 (Signal Staff)
HIST-00151,TASK-00161,2024-07-10T10:00:00,2024-07-10T10:00:00,Task deferred: Scheduled window could not be granted due to traffic overhead.,DEFERRED,0,T-201 (Signal Staff)
HIST-00153,TASK-00163,2024-08-30T23:45:00,2024-08-31T00:32:00,Rectified defect: REPETITIVE: Voltage Fluctuation. Restored parameter to nominal bounds.,COMPLETED,47,T-202
HIST-00154,TASK-00164,2026-04-14T00:46:00,2026-04-14T01:41:00,Rectified defect: REPETITIVE: Voltage Fluctuation. Restored parameter to nominal bounds.,COMPLETED,55,T-201 (Signal Staff)
HIST-00157,TASK-00167,2025-09-20T23:47:00,2025-09-21T00:36:00,Rectified defect: Poor Signal Aspect Visibility. Restored parameter to nominal bounds.,COMPLETED,49,T-101 (Engineering Gang)
HIST-00159,TASK-00169,2025-09-19T06:24:00,2025-09-19T09:24:00,Rectified deferred defect: Voltage Fluctuation.,COMPLETED,180,T-101 (Engineering Gang)
HIST-00158,TASK-00168,2025-09-14T06:00:00,2025-09-14T06:00:00,Task deferred: Scheduled window could not be granted due to traffic overhead.,DEFERRED,0,T-301 (OHE Gang)
HIST-00164,TASK-00175,2025-04-27T00:30:00,2025-04-27T01:15:00,Rectified deferred defect: Voltage Fluctuation.,COMPLETED,45,T-301 (OHE Gang)
HIST-00163,TASK-00174,2025-04-18T00:00:00,2025-04-18T00:00:00,Task deferred: Scheduled window could not be granted due to traffic overhead.,DEFERRED,0,T-301 (OHE Gang)
HIST-00165,TASK-00176,2025-05-05T00:12:00,2025-05-05T01:05:00,Rectified defect: Poor Signal Aspect Visibility. Restored parameter to nominal bounds.,COMPLETED,53,T-202
HIST-00169,TASK-00180,2024-08-09T00:26:00,2024-08-09T01:10:00,Rectified defect: Poor Signal Aspect Visibility. Restored parameter to nominal bounds.,COMPLETED,44,T-301 (OHE Gang)
HIST-00170,TASK-00181,2026-07-07T01:52:00,2026-07-07T04:40:00,Rectified defect: REPETITIVE: Voltage Fluctuation. Restored parameter to nominal bounds.,COMPLETED,168,T-102
HIST-00172,TASK-00183,2023-10-24T00:42:00,2023-10-24T02:10:00,Rectified defect: Poor Signal Aspect Visibility. Restored parameter to nominal bounds.,COMPLETED,88,T-101 (Engineering Gang)
HIST-00180,TASK-00191,2025-06-06T00:25:00,2025-06-06T01:07:00,Rectified defect: Poor Signal Aspect Visibility. Restored parameter to nominal bounds.,COMPLETED,42,T-201 (Signal Staff)
HIST-00181,TASK-00192,2026-01-28T00:48:00,2026-01-28T01:31:00,Rectified defect: Poor Signal Aspect Visibility. Restored parameter to nominal bounds.,COMPLETED,43,T-302
HIST-00184,TASK-00195,2025-02-01T00:11:00,2025-02-01T00:56:00,Rectified deferred defect: Voltage Fluctuation.,COMPLETED,45,T-302
HIST-00183,TASK-00194,2025-01-23T00:00:00,2025-01-23T00:00:00,Task deferred: Scheduled window could not be granted due to traffic overhead.,DEFERRED,0,T-201 (Signal Staff)
HIST-00186,TASK-00197,2026-02-04T00:30:00,2026-02-04T01:15:00,Rectified deferred defect: Poor Signal Aspect Visibility.,COMPLETED,45,T-301 (OHE Gang)
HIST-00185,TASK-00196,2026-01-27T00:00:00,2026-01-27T00:00:00,Task deferred: Scheduled window could not be granted due to traffic overhead.,DEFERRED,0,T-101 (Engineering Gang)
HIST-00187,TASK-00198,2026-04-02T00:06:00,2026-04-02T01:01:00,Rectified defect: Poor Signal Aspect Visibility. Restored parameter to nominal bounds.,COMPLETED,55,T-302
HIST-00188,TASK-00199,2024-10-01T06:02:00,2024-10-01T09:45:00,Rectified defect: Voltage Fluctuation. Restored parameter to nominal bounds.,COMPLETED,223,T-301 (OHE Gang)
HIST-00189,TASK-00200,2025-02-14T00:49:00,2025-02-14T01:36:00,Rectified defect: Poor Signal Aspect Visibility. Restored parameter to nominal bounds.,COMPLETED,47,T-301 (OHE Gang)
HIST-00190,TASK-00201,2024-05-21T09:53:00,2024-05-21T12:44:00,Rectified defect: Voltage Fluctuation. Restored parameter to nominal bounds.,COMPLETED,171,T-202
HIST-00191,TASK-00202,2025-07-02T00:26:00,2025-07-02T01:14:00,Rectified defect: Poor Signal Aspect Visibility. Restored parameter to nominal bounds.,COMPLETED,48,T-302
HIST-00192,TASK-00203,2026-03-28T00:05:00,2026-03-28T00:52:00,Rectified defect: Poor Signal Aspect Visibility. Restored parameter to nominal bounds.,COMPLETED,47,T-301 (OHE Gang)
HIST-00193,TASK-00204,2023-12-23T00:24:00,2023-12-23T01:17:00,Rectified defect: Poor Signal Aspect Visibility. Restored parameter to nominal bounds.,COMPLETED,53,T-102
HIST-00194,TASK-00205,2025-12-10T00:52:00,2025-12-10T01:35:00,Rectified defect: Poor Signal Aspect Visibility. Restored parameter to nominal bounds.,COMPLETED,43,T-101 (Engineering Gang)
HIST-00196,TASK-00207,2026-05-19T23:53:00,2026-05-20T01:15:00,Rectified defect: Poor Signal Aspect Visibility. Restored parameter to nominal bounds.,COMPLETED,82,T-102
HIST-00199,TASK-00210,2025-05-04T07:27:00,2025-05-04T10:27:00,Rectified deferred defect: Voltage Fluctuation.,COMPLETED,180,T-301 (OHE Gang)
HIST-00198,TASK-00209,2025-04-25T07:00:00,2025-04-25T07:00:00,Task deferred: Scheduled window could not be granted due to traffic overhead.,DEFERRED,0,T-302
HIST-00200,TASK-00211,2024-02-07T00:53:00,2024-02-07T01:36:00,Rectified defect: Poor Signal Aspect Visibility. Restored parameter to nominal bounds.,COMPLETED,43,T-202
HIST-00201,TASK-00212,2025-03-01T00:12:00,2025-03-01T00:54:00,Rectified defect: Poor Signal Aspect Visibility. Restored parameter to nominal bounds.,COMPLETED,42,T-301 (OHE Gang)
HIST-00209,TASK-00220,2024-11-22T00:23:00,2024-11-22T01:08:00,Rectified deferred defect: Voltage Fluctuation.,COMPLETED,45,T-202
HIST-00208,TASK-00219,2024-11-14T00:00:00,2024-11-14T00:00:00,Task deferred: Scheduled window could not be granted due to traffic overhead.,DEFERRED,0,T-302
HIST-00211,TASK-00222,2025-08-07T01:05:00,2025-08-07T04:05:00,Rectified deferred defect: Poor Signal Aspect Visibility.,COMPLETED,180,T-102
HIST-00210,TASK-00221,2025-07-31T01:00:00,2025-07-31T01:00:00,Task deferred: Scheduled window could not be granted due to traffic overhead.,DEFERRED,0,T-302
HIST-00213,TASK-00224,2025-10-09T00:06:00,2025-10-09T01:36:00,Rectified deferred defect: Poor Signal Aspect Visibility.,COMPLETED,90,T-302
HIST-00212,TASK-00223,2025-10-03T00:00:00,2025-10-03T00:00:00,Task deferred: Scheduled window could not be granted due to traffic overhead.,DEFERRED,0,T-102
HIST-00214,TASK-00225,2026-04-29T23:59:00,2026-04-30T01:23:00,Rectified defect: Voltage Fluctuation. Restored parameter to nominal bounds.,COMPLETED,84,T-102
HIST-00216,TASK-00227,2025-02-11T00:06:00,2025-02-11T00:51:00,Rectified deferred defect: Poor Signal Aspect Visibility.,COMPLETED,45,T-302
HIST-00215,TASK-00226,2025-02-02T00:00:00,2025-02-02T00:00:00,Task deferred: Scheduled window could not be granted due to traffic overhead.,DEFERRED,0,T-301 (OHE Gang)
HIST-00217,TASK-00228,2025-08-02T00:03:00,2025-08-02T00:52:00,Rectified defect: Poor Signal Aspect Visibility. Restored parameter to nominal bounds.,COMPLETED,49,T-301 (OHE Gang)
HIST-00219,TASK-00230,2025-10-31T00:00:00,2025-10-31T00:45:00,Rectified deferred defect: Voltage Fluctuation.,COMPLETED,45,T-102
HIST-00218,TASK-00229,2025-10-26T00:00:00,2025-10-26T00:00:00,Task deferred: Scheduled window could not be granted due to traffic overhead.,DEFERRED,0,T-302
HIST-00220,TASK-00231,2026-04-02T00:34:00,2026-04-02T01:21:00,Rectified defect: Voltage Fluctuation. Restored parameter to nominal bounds.,COMPLETED,47,T-302
HIST-00222,TASK-00233,2023-09-27T00:08:00,2023-09-27T00:53:00,Rectified deferred defect: Voltage Fluctuation.,COMPLETED,45,T-202
HIST-00221,TASK-00232,2023-09-17T00:00:00,2023-09-17T00:00:00,Task deferred: Scheduled window could not be granted due to traffic overhead.,DEFERRED,0,T-201 (Signal Staff)
HIST-00223,TASK-00234,2024-07-16T23:49:00,2024-07-17T00:40:00,Rectified defect: Voltage Fluctuation. Restored parameter to nominal bounds.,COMPLETED,51,T-301 (OHE Gang)
HIST-00224,TASK-00235,2025-06-02T00:04:00,2025-06-02T00:53:00,Rectified defect: Poor Signal Aspect Visibility. Restored parameter to nominal bounds.,COMPLETED,49,T-201 (Signal Staff)
HIST-00225,TASK-00236,2026-05-20T00:26:00,2026-05-20T02:06:00,Rectified defect: Voltage Fluctuation. Restored parameter to nominal bounds.,COMPLETED,100,T-201 (Signal Staff)
HIST-00229,TASK-00240,2026-05-07T00:03:00,2026-05-07T00:50:00,Rectified defect: REPETITIVE: Voltage Fluctuation. Restored parameter to nominal bounds.,COMPLETED,47,T-102
HIST-00235,TASK-00246,2024-10-24T00:27:00,2024-10-24T01:12:00,Rectified deferred defect: Poor Signal Aspect Visibility.,COMPLETED,45,T-202
HIST-00234,TASK-00245,2024-10-22T00:00:00,2024-10-22T00:00:00,Task deferred: Scheduled window could not be granted due to traffic overhead.,DEFERRED,0,T-302
HIST-00238,TASK-00249,2024-05-19T09:16:00,2024-05-19T12:43:00,Rectified defect: Poor Signal Aspect Visibility. Restored parameter to nominal bounds.,COMPLETED,207,T-302
HIST-00239,TASK-00250,2024-08-22T00:01:00,2024-08-22T01:40:00,Rectified defect: Poor Signal Aspect Visibility. Restored parameter to nominal bounds.,COMPLETED,99,T-302
HIST-00240,TASK-00251,2025-05-14T09:59:00,2025-05-14T13:24:00,Rectified defect: REPETITIVE: Poor Signal Aspect Visibility. Restored parameter to nominal bounds.,COMPLETED,205,T-101 (Engineering Gang)
HIST-00241,TASK-00252,2025-07-15T00:13:00,2025-07-15T01:44:00,Rectified defect: Voltage Fluctuation. Restored parameter to nominal bounds.,COMPLETED,91,T-302
HIST-00242,TASK-00253,2026-02-20T23:49:00,2026-02-21T00:33:00,Rectified defect: Voltage Fluctuation. Restored parameter to nominal bounds.,COMPLETED,44,T-202
HIST-00244,TASK-00255,2026-04-18T00:00:00,2026-04-18T01:30:00,Rectified deferred defect: Poor Signal Aspect Visibility.,COMPLETED,90,T-201 (Signal Staff)
HIST-00243,TASK-00254,2026-04-15T00:00:00,2026-04-15T00:00:00,Task deferred: Scheduled window could not be granted due to traffic overhead.,DEFERRED,0,T-201 (Signal Staff)
HIST-00245,TASK-00256,2024-01-07T11:52:00,2024-01-07T14:34:00,Rectified defect: Poor Signal Aspect Visibility. Restored parameter to nominal bounds.,COMPLETED,162,T-201 (Signal Staff)
HIST-00246,TASK-00257,2025-06-07T00:32:00,2025-06-07T02:05:00,Rectified defect: REPETITIVE: Poor Signal Aspect Visibility. Restored parameter to nominal bounds.,COMPLETED,93,T-202
HIST-00248,TASK-00259,2024-07-20T00:16:00,2024-07-20T01:01:00,Rectified deferred defect: Poor Signal Aspect Visibility.,COMPLETED,45,T-202
HIST-00247,TASK-00258,2024-07-14T00:00:00,2024-07-14T00:00:00,Task deferred: Scheduled window could not be granted due to traffic overhead.,DEFERRED,0,T-202
HIST-00249,TASK-00260,2026-02-14T23:47:00,2026-02-15T01:38:00,Rectified defect: Voltage Fluctuation. Restored parameter to nominal bounds.,COMPLETED,111,T-101 (Engineering Gang)
HIST-00251,TASK-00262,2023-09-16T02:07:00,2023-09-16T05:22:00,Rectified defect: REPETITIVE: Voltage Fluctuation. Restored parameter to nominal bounds.,COMPLETED,195,T-102
HIST-00252,TASK-00263,2024-07-03T00:20:00,2024-07-03T01:07:00,Rectified defect: Poor Signal Aspect Visibility. Restored parameter to nominal bounds.,COMPLETED,47,T-102
HIST-00253,TASK-00264,2024-12-01T00:36:00,2024-12-01T01:30:00,Rectified defect: Poor Signal Aspect Visibility. Restored parameter to nominal bounds.,COMPLETED,54,T-102
HIST-00254,TASK-00265,2026-02-06T00:03:00,2026-02-06T01:24:00,Rectified defect: Voltage Fluctuation. Restored parameter to nominal bounds.,COMPLETED,81,T-201 (Signal Staff)
HIST-00255,TASK-00266,2024-10-29T00:04:00,2024-10-29T00:51:00,Rectified defect: Poor Signal Aspect Visibility. Restored parameter to nominal bounds.,COMPLETED,47,T-202
HIST-00256,TASK-00267,2024-12-30T00:13:00,2024-12-30T01:00:00,Rectified defect: Poor Signal Aspect Visibility. Restored parameter to nominal bounds.,COMPLETED,47,T-201 (Signal Staff)
HIST-00257,TASK-00269,2026-02-26T01:00:00,2026-02-26T02:30:00,Rectified defect: Voltage Fluctuation. Restored parameter to nominal bounds.,COMPLETED,90,T-202
HIST-00259,TASK-00271,2025-05-10T00:01:00,2025-05-10T00:46:00,Rectified deferred defect: Voltage Fluctuation.,COMPLETED,45,T-201 (Signal Staff)
HIST-00258,TASK-00270,2025-05-06T00:00:00,2025-05-06T00:00:00,Task deferred: Scheduled window could not be granted due to traffic overhead.,DEFERRED,0,T-301 (OHE Gang)
HIST-00260,TASK-00272,2025-08-29T23:58:00,2025-08-30T00:46:00,Rectified defect: Poor Signal Aspect Visibility. Restored parameter to nominal bounds.,COMPLETED,48,T-202
HIST-00261,TASK-00273,2026-06-17T00:38:00,2026-06-17T01:33:00,Rectified defect: Poor Signal Aspect Visibility. Restored parameter to nominal bounds.,COMPLETED,55,T-202
HIST-00265,TASK-00277,2025-02-08T10:05:00,2025-02-08T13:05:00,Rectified deferred defect: Voltage Fluctuation.,COMPLETED,180,T-201 (Signal Staff)
HIST-00264,TASK-00276,2025-02-05T10:00:00,2025-02-05T10:00:00,Task deferred: Scheduled window could not be granted due to traffic overhead.,DEFERRED,0,T-101 (Engineering Gang)
HIST-00266,TASK-00278,2025-03-14T00:28:00,2025-03-14T02:15:00,Rectified defect: Poor Signal Aspect Visibility. Restored parameter to nominal bounds.,COMPLETED,107,T-102
HIST-00268,TASK-00280,2026-01-15T00:13:00,2026-01-15T01:43:00,Rectified deferred defect: REPETITIVE: Poor Signal Aspect Visibility.,COMPLETED,90,T-302
HIST-00267,TASK-00279,2026-01-08T00:00:00,2026-01-08T00:00:00,Task deferred: Scheduled window could not be granted due to traffic overhead.,DEFERRED,0,T-302
HIST-00273,TASK-00285,2024-02-19T00:15:00,2024-02-19T00:56:00,Rectified defect: Voltage Fluctuation. Restored parameter to nominal bounds.,COMPLETED,41,T-201 (Signal Staff)
HIST-00274,TASK-00286,2024-12-15T00:01:00,2024-12-15T00:50:00,Rectified defect: Poor Signal Aspect Visibility. Restored parameter to nominal bounds.,COMPLETED,49,T-302
HIST-00275,TASK-00287,2025-08-06T00:28:00,2025-08-06T01:11:00,Rectified defect: Poor Signal Aspect Visibility. Restored parameter to nominal bounds.,COMPLETED,43,T-201 (Signal Staff)
HIST-00276,TASK-00288,2026-07-03T00:52:00,2026-07-03T01:37:00,Rectified defect: Poor Signal Aspect Visibility. Restored parameter to nominal bounds.,COMPLETED,45,T-102
HIST-00279,TASK-00291,2023-10-24T00:19:00,2023-10-24T01:08:00,Rectified defect: Poor Signal Aspect Visibility. Restored parameter to nominal bounds.,COMPLETED,49,T-302
HIST-00280,TASK-00292,2024-07-08T00:37:00,2024-07-08T01:25:00,Rectified defect: Poor Signal Aspect Visibility. Restored parameter to nominal bounds.,COMPLETED,48,T-302
HIST-00281,TASK-00293,2023-09-08T00:07:00,2023-09-08T00:50:00,Rectified defect: Poor Signal Aspect Visibility. Restored parameter to nominal bounds.,COMPLETED,43,T-201 (Signal Staff)
HIST-00283,TASK-00295,2023-12-28T00:22:00,2023-12-28T01:52:00,Rectified deferred defect: Voltage Fluctuation.,COMPLETED,90,T-101 (Engineering Gang)
HIST-00282,TASK-00294,2023-12-24T00:00:00,2023-12-24T00:00:00,Task deferred: Scheduled window could not be granted due to traffic overhead.,DEFERRED,0,T-102
HIST-00289,TASK-00301,2024-09-30T00:03:00,2024-09-30T01:33:00,Rectified deferred defect: Voltage Fluctuation.,COMPLETED,90,T-301 (OHE Gang)
HIST-00288,TASK-00300,2024-09-25T00:00:00,2024-09-25T00:00:00,Task deferred: Scheduled window could not be granted due to traffic overhead.,DEFERRED,0,T-102
HIST-00290,TASK-00302,2025-10-13T12:15:00,2025-10-13T15:32:00,Rectified defect: Voltage Fluctuation. Restored parameter to nominal bounds.,COMPLETED,197,T-202
HIST-00291,TASK-00303,2026-03-12T05:12:00,2026-03-12T08:07:00,Rectified defect: Voltage Fluctuation. Restored parameter to nominal bounds.,COMPLETED,175,T-301 (OHE Gang)
HIST-00293,TASK-00305,2024-12-13T00:03:00,2024-12-13T01:37:00,Rectified defect: Voltage Fluctuation. Restored parameter to nominal bounds.,COMPLETED,94,T-301 (OHE Gang)
HIST-00294,TASK-00306,2025-05-22T00:52:00,2025-05-22T01:37:00,Rectified defect: REPETITIVE: Poor Signal Aspect Visibility. Restored parameter to nominal bounds.,COMPLETED,45,T-301 (OHE Gang)
HIST-00295,TASK-00307,2026-02-23T23:52:00,2026-02-24T00:34:00,Rectified defect: Voltage Fluctuation. Restored parameter to nominal bounds.,COMPLETED,42,T-102
HIST-00299,TASK-00311,2023-12-19T00:21:00,2023-12-19T01:17:00,Rectified defect: Voltage Fluctuation. Restored parameter to nominal bounds.,COMPLETED,56,T-201 (Signal Staff)
HIST-00300,TASK-00312,2024-08-02T10:08:00,2024-08-02T12:56:00,Rectified defect: Poor Signal Aspect Visibility. Restored parameter to nominal bounds.,COMPLETED,168,T-201 (Signal Staff)
HIST-00301,TASK-00313,2025-03-30T03:25:00,2025-03-30T06:32:00,Rectified defect: Poor Signal Aspect Visibility. Restored parameter to nominal bounds.,COMPLETED,187,T-301 (OHE Gang)
HIST-00303,TASK-00316,2024-08-19T23:48:00,2024-08-20T01:29:00,Rectified defect: Voltage Fluctuation. Restored parameter to nominal bounds.,COMPLETED,101,T-301 (OHE Gang)
HIST-00305,TASK-00318,2025-01-13T00:19:00,2025-01-13T01:04:00,Rectified deferred defect: Poor Signal Aspect Visibility.,COMPLETED,45,T-102
HIST-00304,TASK-00317,2025-01-04T00:00:00,2025-01-04T00:00:00,Task deferred: Scheduled window could not be granted due to traffic overhead.,DEFERRED,0,T-101 (Engineering Gang)
HIST-00306,TASK-00319,2025-02-08T23:56:00,2025-02-09T00:49:00,Rectified defect: Voltage Fluctuation. Restored parameter to nominal bounds.,COMPLETED,53,T-201 (Signal Staff)
HIST-00307,TASK-00320,2025-12-31T23:58:00,2026-01-01T00:42:00,Rectified defect: Voltage Fluctuation. Restored parameter to nominal bounds.,COMPLETED,44,T-101 (Engineering Gang)
HIST-00308,TASK-00321,2024-03-31T00:07:00,2024-03-31T00:59:00,Rectified defect: Voltage Fluctuation. Restored parameter to nominal bounds.,COMPLETED,52,T-301 (OHE Gang)
HIST-00309,TASK-00322,2024-12-01T00:35:00,2024-12-01T01:16:00,Rectified defect: Voltage Fluctuation. Restored parameter to nominal bounds.,COMPLETED,41,T-201 (Signal Staff)
HIST-00310,TASK-00323,2025-04-01T05:51:00,2025-04-01T09:07:00,Rectified defect: Voltage Fluctuation. Restored parameter to nominal bounds.,COMPLETED,196,T-201 (Signal Staff)
HIST-00311,TASK-00324,2026-05-26T10:43:00,2026-05-26T13:29:00,Rectified defect: Voltage Fluctuation. Restored parameter to nominal bounds.,COMPLETED,166,T-201 (Signal Staff)
HIST-00312,TASK-00325,2023-09-18T23:56:00,2023-09-19T00:41:00,Rectified defect: Poor Signal Aspect Visibility. Restored parameter to nominal bounds.,COMPLETED,45,T-102
HIST-00313,TASK-00326,2025-09-03T00:07:00,2025-09-03T00:54:00,Rectified defect: Voltage Fluctuation. Restored parameter to nominal bounds.,COMPLETED,47,T-302
HIST-00317,TASK-00331,2024-06-01T00:20:00,2024-06-01T01:12:00,Rectified defect: Voltage Fluctuation. Restored parameter to nominal bounds.,COMPLETED,52,T-101 (Engineering Gang)
HIST-00318,TASK-00332,2024-08-08T00:03:00,2024-08-08T00:52:00,Rectified defect: Poor Signal Aspect Visibility. Restored parameter to nominal bounds.,COMPLETED,49,T-302
HIST-00319,TASK-00333,2025-07-19T00:42:00,2025-07-19T02:16:00,Rectified defect: Voltage Fluctuation. Restored parameter to nominal bounds.,COMPLETED,94,T-102
HIST-00321,TASK-00335,2025-11-01T00:26:00,2025-11-01T01:11:00,Rectified deferred defect: Poor Signal Aspect Visibility.,COMPLETED,45,T-102
HIST-00320,TASK-00334,2025-10-26T00:00:00,2025-10-26T00:00:00,Task deferred: Scheduled window could not be granted due to traffic overhead.,DEFERRED,0,T-102
HIST-00322,TASK-00336,2026-04-02T00:27:00,2026-04-02T01:17:00,Rectified defect: Poor Signal Aspect Visibility. Restored parameter to nominal bounds.,COMPLETED,50,T-101 (Engineering Gang)
HIST-00327,TASK-00341,2024-03-28T07:04:00,2024-03-28T10:04:00,Rectified deferred defect: Voltage Fluctuation.,COMPLETED,180,T-201 (Signal Staff)
HIST-00326,TASK-00340,2024-03-18T07:00:00,2024-03-18T07:00:00,Task deferred: Scheduled window could not be granted due to traffic overhead.,DEFERRED,0,T-301 (OHE Gang)
HIST-00328,TASK-00342,2026-07-10T00:55:00,2026-07-10T02:33:00,Rectified defect: Voltage Fluctuation. Restored parameter to nominal bounds.,COMPLETED,98,T-301 (OHE Gang)
HIST-00333,TASK-00348,2024-09-07T00:04:00,2024-09-07T01:34:00,Rectified deferred defect: Voltage Fluctuation.,COMPLETED,90,T-101 (Engineering Gang)
HIST-00332,TASK-00347,2024-09-01T00:00:00,2024-09-01T00:00:00,Task deferred: Scheduled window could not be granted due to traffic overhead.,DEFERRED,0,T-201 (Signal Staff)
HIST-00334,TASK-00349,2025-01-16T00:44:00,2025-01-16T01:29:00,Rectified defect: Voltage Fluctuation. Restored parameter to nominal bounds.,COMPLETED,45,T-201 (Signal Staff)
HIST-00336,TASK-00351,2026-01-12T00:22:00,2026-01-12T01:07:00,Rectified deferred defect: Poor Signal Aspect Visibility.,COMPLETED,45,T-101 (Engineering Gang)
HIST-00335,TASK-00350,2026-01-05T00:00:00,2026-01-05T00:00:00,Task deferred: Scheduled window could not be granted due to traffic overhead.,DEFERRED,0,T-102
HIST-00337,TASK-00352,2026-05-26T00:03:00,2026-05-26T01:32:00,Rectified defect: Voltage Fluctuation. Restored parameter to nominal bounds.,COMPLETED,89,T-201 (Signal Staff)
HIST-00339,TASK-00354,2026-07-28T12:16:00,2026-07-28T15:16:00,Rectified deferred defect: Voltage Fluctuation.,COMPLETED,180,T-301 (OHE Gang)
HIST-00338,TASK-00353,2026-07-19T12:00:00,2026-07-19T12:00:00,Task deferred: Scheduled window could not be granted due to traffic overhead.,DEFERRED,0,T-102
HIST-00340,TASK-00355,2024-02-20T00:51:00,2024-02-20T01:37:00,Rectified defect: Poor Signal Aspect Visibility. Restored parameter to nominal bounds.,COMPLETED,46,T-102
HIST-00341,TASK-00356,2024-08-30T00:21:00,2024-08-30T01:02:00,Rectified defect: Poor Signal Aspect Visibility. Restored parameter to nominal bounds.,COMPLETED,41,T-302
HIST-00343,TASK-00358,2025-08-02T00:26:00,2025-08-02T01:11:00,Rectified deferred defect: Poor Signal Aspect Visibility.,COMPLETED,45,T-301 (OHE Gang)
HIST-00342,TASK-00357,2025-07-26T00:00:00,2025-07-26T00:00:00,Task deferred: Scheduled window could not be granted due to traffic overhead.,DEFERRED,0,T-101 (Engineering Gang)
HIST-00344,TASK-00359,2023-11-13T00:30:00,2023-11-13T02:05:00,Rectified defect: REPETITIVE: Voltage Fluctuation. Restored parameter to nominal bounds.,COMPLETED,95,T-302
HIST-00347,TASK-00362,2024-07-28T00:46:00,2024-07-28T02:15:00,Rectified defect: Poor Signal Aspect Visibility. Restored parameter to nominal bounds.,COMPLETED,89,T-302
HIST-00348,TASK-00363,2026-01-12T09:36:00,2026-01-12T12:31:00,Rectified defect: Poor Signal Aspect Visibility. Restored parameter to nominal bounds.,COMPLETED,175,T-201 (Signal Staff)
HIST-00349,TASK-00364,2026-01-30T00:07:00,2026-01-30T00:50:00,Rectified defect: Voltage Fluctuation. Restored parameter to nominal bounds.,COMPLETED,43,T-101 (Engineering Gang)
HIST-00350,TASK-00365,2023-11-21T02:08:00,2023-11-21T05:47:00,Rectified defect: REPETITIVE: Voltage Fluctuation. Restored parameter to nominal bounds.,COMPLETED,219,T-301 (OHE Gang)
HIST-00351,TASK-00366,2024-07-04T23:53:00,2024-07-05T00:34:00,Rectified defect: Poor Signal Aspect Visibility. Restored parameter to nominal bounds.,COMPLETED,41,T-102
HIST-00352,TASK-00367,2025-03-03T23:57:00,2025-03-04T00:52:00,Rectified defect: REPETITIVE: Voltage Fluctuation. Restored parameter to nominal bounds.,COMPLETED,55,T-302
HIST-00353,TASK-00368,2025-09-21T00:35:00,2025-09-21T01:24:00,Rectified defect: Poor Signal Aspect Visibility. Restored parameter to nominal bounds.,COMPLETED,49,T-202
HIST-00354,TASK-00369,2025-05-23T07:02:00,2025-05-23T10:22:00,Rectified defect: REPETITIVE: Voltage Fluctuation. Restored parameter to nominal bounds.,COMPLETED,200,T-101 (Engineering Gang)
HIST-00357,TASK-00372,2024-11-30T23:54:00,2024-12-01T00:45:00,Rectified defect: Poor Signal Aspect Visibility. Restored parameter to nominal bounds.,COMPLETED,51,T-302
HIST-00359,TASK-00374,2026-04-10T00:30:00,2026-04-10T01:15:00,Rectified deferred defect: Voltage Fluctuation.,COMPLETED,45,T-101 (Engineering Gang)
HIST-00358,TASK-00373,2026-04-01T00:00:00,2026-04-01T00:00:00,Task deferred: Scheduled window could not be granted due to traffic overhead.,DEFERRED,0,T-102
HIST-00362,TASK-00377,2025-07-10T10:02:00,2025-07-10T13:02:00,Rectified deferred defect: Voltage Fluctuation.,COMPLETED,180,T-301 (OHE Gang)
HIST-00361,TASK-00376,2025-06-30T10:00:00,2025-06-30T10:00:00,Task deferred: Scheduled window could not be granted due to traffic overhead.,DEFERRED,0,T-301 (OHE Gang)
HIST-00363,TASK-00378,2026-01-17T01:00:00,2026-01-17T01:56:00,Rectified defect: Voltage Fluctuation. Restored parameter to nominal bounds.,COMPLETED,56,T-301 (OHE Gang)
HIST-00367,TASK-00382,2024-06-25T01:26:00,2024-06-25T04:26:00,Rectified deferred defect: Poor Signal Aspect Visibility.,COMPLETED,180,T-201 (Signal Staff)
HIST-00366,TASK-00381,2024-06-18T01:00:00,2024-06-18T01:00:00,Task deferred: Scheduled window could not be granted due to traffic overhead.,DEFERRED,0,T-302
HIST-00368,TASK-00383,2024-08-28T00:04:00,2024-08-28T00:52:00,Rectified defect: Voltage Fluctuation. Restored parameter to nominal bounds.,COMPLETED,48,T-302
HIST-00370,TASK-00385,2026-05-29T00:04:00,2026-05-29T00:49:00,Rectified deferred defect: Voltage Fluctuation.,COMPLETED,45,T-302
HIST-00369,TASK-00384,2026-05-25T00:00:00,2026-05-25T00:00:00,Task deferred: Scheduled window could not be granted due to traffic overhead.,DEFERRED,0,T-201 (Signal Staff)
HIST-00372,TASK-00387,2024-12-07T00:20:00,2024-12-07T01:05:00,Rectified deferred defect: REPETITIVE: Poor Signal Aspect Visibility.,COMPLETED,45,T-201 (Signal Staff)
HIST-00371,TASK-00386,2024-11-27T00:00:00,2024-11-27T00:00:00,Task deferred: Scheduled window could not be granted due to traffic overhead.,DEFERRED,0,T-202
HIST-00373,TASK-00388,2025-11-19T00:57:00,2025-11-19T01:39:00,Rectified defect: Poor Signal Aspect Visibility. Restored parameter to nominal bounds.,COMPLETED,42,T-302
HIST-00375,TASK-00390,2024-05-21T07:12:00,2024-05-21T10:31:00,Rectified defect: Voltage Fluctuation. Restored parameter to nominal bounds.,COMPLETED,199,T-102
HIST-00380,TASK-00395,2026-03-21T01:23:00,2026-03-21T05:01:00,Rectified defect: Voltage Fluctuation. Restored parameter to nominal bounds.,COMPLETED,218,T-202
HIST-00381,TASK-00396,2026-01-07T00:11:00,2026-01-07T01:01:00,Rectified defect: Poor Signal Aspect Visibility. Restored parameter to nominal bounds.,COMPLETED,50,T-101 (Engineering Gang)
HIST-00383,TASK-00398,2023-12-06T23:46:00,2023-12-07T00:30:00,Rectified defect: Poor Signal Aspect Visibility. Restored parameter to nominal bounds.,COMPLETED,44,T-201 (Signal Staff)
HIST-00384,TASK-00399,2025-03-21T00:01:00,2025-03-21T01:23:00,Rectified defect: Voltage Fluctuation. Restored parameter to nominal bounds.,COMPLETED,82,T-202
HIST-00385,TASK-00400,2025-08-26T00:17:00,2025-08-26T01:59:00,Rectified defect: Voltage Fluctuation. Restored parameter to nominal bounds.,COMPLETED,102,T-201 (Signal Staff)
HIST-00386,TASK-00401,2026-03-25T00:26:00,2026-03-25T02:08:00,Rectified defect: Voltage Fluctuation. Restored parameter to nominal bounds.,COMPLETED,102,T-301 (OHE Gang)
HIST-00388,TASK-00403,2025-06-30T00:55:00,2025-06-30T01:40:00,Rectified defect: Poor Signal Aspect Visibility. Restored parameter to nominal bounds.,COMPLETED,45,T-201 (Signal Staff)
HIST-00389,TASK-00404,2025-09-20T23:55:00,2025-09-21T01:21:00,Rectified defect: Voltage Fluctuation. Restored parameter to nominal bounds.,COMPLETED,86,T-201 (Signal Staff)
HIST-00392,TASK-00407,2024-04-30T00:06:00,2024-04-30T00:57:00,Rectified defect: Poor Signal Aspect Visibility. Restored parameter to nominal bounds.,COMPLETED,51,T-101 (Engineering Gang)
HIST-00393,TASK-00408,2024-10-05T00:52:00,2024-10-05T01:46:00,Rectified defect: Voltage Fluctuation. Restored parameter to nominal bounds.,COMPLETED,54,T-202
HIST-00403,TASK-00418,2024-10-05T23:58:00,2024-10-06T01:24:00,Rectified defect: Voltage Fluctuation. Restored parameter to nominal bounds.,COMPLETED,86,T-202
HIST-00405,TASK-00420,2024-11-19T00:07:00,2024-11-19T00:52:00,Rectified deferred defect: Poor Signal Aspect Visibility.,COMPLETED,45,T-302
HIST-00404,TASK-00419,2024-11-10T00:00:00,2024-11-10T00:00:00,Task deferred: Scheduled window could not be granted due to traffic overhead.,DEFERRED,0,T-101 (Engineering Gang)
HIST-00406,TASK-00421,2026-01-22T10:42:00,2026-01-22T13:52:00,Rectified defect: Voltage Fluctuation. Restored parameter to nominal bounds.,COMPLETED,190,T-301 (OHE Gang)
HIST-00408,TASK-00423,2025-09-14T00:25:00,2025-09-14T01:10:00,Rectified deferred defect: Poor Signal Aspect Visibility.,COMPLETED,45,T-201 (Signal Staff)
HIST-00407,TASK-00422,2025-09-08T00:00:00,2025-09-08T00:00:00,Task deferred: Scheduled window could not be granted due to traffic overhead.,DEFERRED,0,T-101 (Engineering Gang)
HIST-00409,TASK-00424,2024-12-26T10:16:00,2024-12-26T13:58:00,Rectified defect: Voltage Fluctuation. Restored parameter to nominal bounds.,COMPLETED,222,T-202
HIST-00412,TASK-00427,2026-06-13T00:20:00,2026-06-13T01:01:00,Rectified defect: Voltage Fluctuation. Restored parameter to nominal bounds.,COMPLETED,41,T-101 (Engineering Gang)
HIST-00413,TASK-00429,2024-01-10T00:04:00,2024-01-10T00:56:00,Rectified defect: Voltage Fluctuation. Restored parameter to nominal bounds.,COMPLETED,52,T-101 (Engineering Gang)
HIST-00414,TASK-00430,2025-12-02T23:59:00,2025-12-03T00:55:00,Rectified defect: Voltage Fluctuation. Restored parameter to nominal bounds.,COMPLETED,56,T-101 (Engineering Gang)
HIST-00416,TASK-00432,2024-06-25T00:01:00,2024-06-25T00:54:00,Rectified defect: Poor Signal Aspect Visibility. Restored parameter to nominal bounds.,COMPLETED,53,T-301 (OHE Gang)
HIST-00417,TASK-00433,2025-09-19T00:36:00,2025-09-19T01:23:00,Rectified defect: Poor Signal Aspect Visibility. Restored parameter to nominal bounds.,COMPLETED,47,T-202
HIST-00418,TASK-00434,2026-04-13T00:27:00,2026-04-13T01:09:00,Rectified defect: Poor Signal Aspect Visibility. Restored parameter to nominal bounds.,COMPLETED,42,T-101 (Engineering Gang)
HIST-00427,TASK-00443,2024-02-28T00:44:00,2024-02-28T01:33:00,Rectified defect: Voltage Fluctuation. Restored parameter to nominal bounds.,COMPLETED,49,T-101 (Engineering Gang)
HIST-00428,TASK-00444,2025-10-29T00:02:00,2025-10-29T00:45:00,Rectified defect: Poor Signal Aspect Visibility. Restored parameter to nominal bounds.,COMPLETED,43,T-102
HIST-00429,TASK-00445,2026-05-21T00:31:00,2026-05-21T01:22:00,Rectified defect: REPETITIVE: Voltage Fluctuation. Restored parameter to nominal bounds.,COMPLETED,51,T-201 (Signal Staff)
HIST-00435,TASK-00451,2025-01-08T00:18:00,2025-01-08T01:10:00,Rectified defect: Poor Signal Aspect Visibility. Restored parameter to nominal bounds.,COMPLETED,52,T-102
HIST-00436,TASK-00452,2024-08-23T00:49:00,2024-08-23T01:38:00,Rectified defect: Poor Signal Aspect Visibility. Restored parameter to nominal bounds.,COMPLETED,49,T-102
HIST-00439,TASK-00455,2024-06-18T00:05:00,2024-06-18T00:59:00,Rectified defect: Poor Signal Aspect Visibility. Restored parameter to nominal bounds.,COMPLETED,54,T-202
HIST-00440,TASK-00456,2023-10-25T03:06:00,2023-10-25T05:59:00,Rectified defect: Voltage Fluctuation. Restored parameter to nominal bounds.,COMPLETED,173,T-101 (Engineering Gang)
HIST-00442,TASK-00458,2024-07-31T00:11:00,2024-07-31T01:41:00,Rectified deferred defect: REPETITIVE: Poor Signal Aspect Visibility.,COMPLETED,90,T-101 (Engineering Gang)
HIST-00441,TASK-00457,2024-07-24T00:00:00,2024-07-24T00:00:00,Task deferred: Scheduled window could not be granted due to traffic overhead.,DEFERRED,0,T-302
HIST-00443,TASK-00459,2025-09-01T00:19:00,2025-09-01T01:11:00,Rectified defect: Voltage Fluctuation. Restored parameter to nominal bounds.,COMPLETED,52,T-101 (Engineering Gang)
HIST-00445,TASK-00461,2025-04-02T00:08:00,2025-04-02T01:38:00,Rectified deferred defect: Voltage Fluctuation.,COMPLETED,90,T-101 (Engineering Gang)
HIST-00444,TASK-00460,2025-03-29T00:00:00,2025-03-29T00:00:00,Task deferred: Scheduled window could not be granted due to traffic overhead.,DEFERRED,0,T-301 (OHE Gang)
HIST-00446,TASK-00462,2025-08-03T23:58:00,2025-08-04T00:43:00,Rectified defect: Poor Signal Aspect Visibility. Restored parameter to nominal bounds.,COMPLETED,45,T-302
HIST-00447,TASK-00463,2024-06-04T00:12:00,2024-06-04T01:06:00,Rectified defect: Voltage Fluctuation. Restored parameter to nominal bounds.,COMPLETED,54,T-302
HIST-00448,TASK-00464,2024-11-08T00:23:00,2024-11-08T01:10:00,Rectified defect: Poor Signal Aspect Visibility. Restored parameter to nominal bounds.,COMPLETED,47,T-202
HIST-00450,TASK-00466,2025-10-09T00:13:00,2025-10-09T00:58:00,Rectified deferred defect: Poor Signal Aspect Visibility.,COMPLETED,45,T-201 (Signal Staff)
HIST-00449,TASK-00465,2025-10-02T00:00:00,2025-10-02T00:00:00,Task deferred: Scheduled window could not be granted due to traffic overhead.,DEFERRED,0,T-101 (Engineering Gang)
HIST-00451,TASK-00467,2024-08-16T23:56:00,2024-08-17T01:31:00,Rectified defect: Voltage Fluctuation. Restored parameter to nominal bounds.,COMPLETED,95,T-102
HIST-00453,TASK-00470,2025-11-09T00:56:00,2025-11-09T01:42:00,Rectified defect: REPETITIVE: Voltage Fluctuation. Restored parameter to nominal bounds.,COMPLETED,46,T-301 (OHE Gang)
HIST-00454,TASK-00471,2025-12-20T00:39:00,2025-12-20T02:18:00,Rectified defect: Voltage Fluctuation. Restored parameter to nominal bounds.,COMPLETED,99,T-201 (Signal Staff)
HIST-00456,TASK-00473,2026-01-27T00:17:00,2026-01-27T01:02:00,Rectified deferred defect: Poor Signal Aspect Visibility.,COMPLETED,45,T-201 (Signal Staff)
HIST-00455,TASK-00472,2026-01-24T00:00:00,2026-01-24T00:00:00,Task deferred: Scheduled window could not be granted due to traffic overhead.,DEFERRED,0,T-102
HIST-00457,TASK-00474,2026-07-02T23:50:00,2026-07-03T00:36:00,Rectified defect: Voltage Fluctuation. Restored parameter to nominal bounds.,COMPLETED,46,T-201 (Signal Staff)
HIST-00465,TASK-00482,2024-08-01T00:29:00,2024-08-01T01:15:00,Rectified defect: Poor Signal Aspect Visibility. Restored parameter to nominal bounds.,COMPLETED,46,T-202
HIST-00466,TASK-00483,2025-06-15T00:17:00,2025-06-15T01:11:00,Rectified defect: Poor Signal Aspect Visibility. Restored parameter to nominal bounds.,COMPLETED,54,T-201 (Signal Staff)
HIST-00468,TASK-00485,2025-12-28T00:30:00,2025-12-28T01:15:00,Rectified deferred defect: REPETITIVE: Poor Signal Aspect Visibility.,COMPLETED,45,T-301 (OHE Gang)
HIST-00467,TASK-00484,2025-12-25T00:00:00,2025-12-25T00:00:00,Task deferred: Scheduled window could not be granted due to traffic overhead.,DEFERRED,0,T-201 (Signal Staff)
HIST-00469,TASK-00486,2026-06-24T01:00:00,2026-06-24T01:50:00,Rectified defect: Poor Signal Aspect Visibility. Restored parameter to nominal bounds.,COMPLETED,50,T-102
HIST-00470,TASK-00487,2026-02-25T00:29:00,2026-02-25T01:10:00,Rectified defect: Poor Signal Aspect Visibility. Restored parameter to nominal bounds.,COMPLETED,41,T-102
HIST-00471,TASK-00489,2026-02-19T01:45:00,2026-02-19T04:27:00,Rectified defect: Poor Signal Aspect Visibility. Restored parameter to nominal bounds.,COMPLETED,162,T-301 (OHE Gang)
HIST-00473,TASK-00492,2023-11-21T00:48:00,2023-11-21T01:43:00,Rectified defect: REPETITIVE: Voltage Fluctuation. Restored parameter to nominal bounds.,COMPLETED,55,T-302
HIST-00474,TASK-00493,2025-08-11T00:38:00,2025-08-11T01:31:00,Rectified defect: Poor Signal Aspect Visibility. Restored parameter to nominal bounds.,COMPLETED,53,T-301 (OHE Gang)
HIST-00475,TASK-00494,2025-10-09T00:10:00,2025-10-09T00:56:00,Rectified defect: Poor Signal Aspect Visibility. Restored parameter to nominal bounds.,COMPLETED,46,T-101 (Engineering Gang)
HIST-00477,TASK-00496,2024-04-10T00:06:00,2024-04-10T00:51:00,Rectified deferred defect: Poor Signal Aspect Visibility.,COMPLETED,45,T-302
HIST-00476,TASK-00495,2024-04-01T00:00:00,2024-04-01T00:00:00,Task deferred: Scheduled window could not be granted due to traffic overhead.,DEFERRED,0,T-201 (Signal Staff)
HIST-00478,TASK-00497,2025-05-22T23:45:00,2025-05-23T00:26:00,Rectified defect: REPETITIVE: Poor Signal Aspect Visibility. Restored parameter to nominal bounds.,COMPLETED,41,T-202
HIST-00479,TASK-00498,2025-12-18T00:19:00,2025-12-18T01:10:00,Rectified defect: Voltage Fluctuation. Restored parameter to nominal bounds.,COMPLETED,51,T-201 (Signal Staff)
HIST-00480,TASK-00499,2026-06-21T00:04:00,2026-06-21T00:47:00,Rectified defect: Voltage Fluctuation. Restored parameter to nominal bounds.,COMPLETED,43,T-102
HIST-00481,TASK-00500,2024-02-13T06:33:00,2024-02-13T10:05:00,Rectified defect: Voltage Fluctuation. Restored parameter to nominal bounds.,COMPLETED,212,T-301 (OHE Gang)
HIST-00482,TASK-00501,2024-10-31T00:39:00,2024-10-31T01:26:00,Rectified defect: Voltage Fluctuation. Restored parameter to nominal bounds.,COMPLETED,47,T-201 (Signal Staff)
HIST-00487,TASK-00507,2023-09-13T00:21:00,2023-09-13T01:06:00,Rectified deferred defect: Poor Signal Aspect Visibility.,COMPLETED,45,T-101 (Engineering Gang)
HIST-00486,TASK-00506,2023-09-07T00:00:00,2023-09-07T00:00:00,Task deferred: Scheduled window could not be granted due to traffic overhead.,DEFERRED,0,T-201 (Signal Staff)
HIST-00488,TASK-00508,2024-07-21T00:42:00,2024-07-21T01:22:00,Rectified defect: Voltage Fluctuation. Restored parameter to nominal bounds.,COMPLETED,40,T-201 (Signal Staff)
HIST-00489,TASK-00509,2025-08-04T08:58:00,2025-08-04T12:35:00,Rectified defect: Voltage Fluctuation. Restored parameter to nominal bounds.,COMPLETED,217,T-201 (Signal Staff)
HIST-00490,TASK-00510,2026-01-22T00:33:00,2026-01-22T01:25:00,Rectified defect: Poor Signal Aspect Visibility. Restored parameter to nominal bounds.,COMPLETED,52,T-102
HIST-00494,TASK-00515,2024-04-05T00:18:00,2024-04-05T01:03:00,Rectified deferred defect: Poor Signal Aspect Visibility.,COMPLETED,45,T-301 (OHE Gang)
HIST-00493,TASK-00514,2024-03-29T00:00:00,2024-03-29T00:00:00,Task deferred: Scheduled window could not be granted due to traffic overhead.,DEFERRED,0,T-301 (OHE Gang)
HIST-00495,TASK-00516,2024-11-21T00:39:00,2024-11-21T01:24:00,Rectified defect: Poor Signal Aspect Visibility. Restored parameter to nominal bounds.,COMPLETED,45,T-301 (OHE Gang)
HIST-00496,TASK-00517,2024-02-12T09:57:00,2024-02-12T13:19:00,Rectified defect: Voltage Fluctuation. Restored parameter to nominal bounds.,COMPLETED,202,T-202
HIST-00497,TASK-00518,2024-07-11T01:01:00,2024-07-11T03:56:00,Rectified defect: Poor Signal Aspect Visibility. Restored parameter to nominal bounds.,COMPLETED,175,T-201 (Signal Staff)
HIST-00499,TASK-00520,2025-09-12T00:03:00,2025-09-12T01:33:00,Rectified deferred defect: Poor Signal Aspect Visibility.,COMPLETED,90,T-301 (OHE Gang)
HIST-00498,TASK-00519,2025-09-07T00:00:00,2025-09-07T00:00:00,Task deferred: Scheduled window could not be granted due to traffic overhead.,DEFERRED,0,T-302
HIST-00503,TASK-00524,2025-10-17T23:49:00,2025-10-18T00:31:00,Rectified defect: Voltage Fluctuation. Restored parameter to nominal bounds.,COMPLETED,42,T-201 (Signal Staff)
HIST-00504,TASK-00526,2025-12-25T00:37:00,2025-12-25T01:25:00,Rectified defect: REPETITIVE: Poor Signal Aspect Visibility. Restored parameter to nominal bounds.,COMPLETED,48,T-101 (Engineering Gang)
HIST-00507,TASK-00530,2025-11-15T10:36:00,2025-11-15T14:06:00,Rectified defect: Voltage Fluctuation. Restored parameter to nominal bounds.,COMPLETED,210,T-201 (Signal Staff)
HIST-00509,TASK-00533,2025-07-07T00:33:00,2025-07-07T01:15:00,Rectified defect: Voltage Fluctuation. Restored parameter to nominal bounds.,COMPLETED,42,T-202
HIST-00511,TASK-00535,2024-04-20T00:50:00,2024-04-20T01:37:00,Rectified defect: Voltage Fluctuation. Restored parameter to nominal bounds.,COMPLETED,47,T-101 (Engineering Gang)
HIST-00512,TASK-00536,2024-05-12T23:57:00,2024-05-13T00:45:00,Rectified defect: Voltage Fluctuation. Restored parameter to nominal bounds.,COMPLETED,48,T-202
HIST-00513,TASK-00537,2024-06-14T00:05:00,2024-06-14T00:47:00,Rectified defect: Poor Signal Aspect Visibility. Restored parameter to nominal bounds.,COMPLETED,42,T-201 (Signal Staff)
HIST-00514,TASK-00538,2024-09-15T01:00:00,2024-09-15T01:49:00,Rectified defect: Poor Signal Aspect Visibility. Restored parameter to nominal bounds.,COMPLETED,49,T-101 (Engineering Gang)
HIST-00523,TASK-00547,2024-10-08T23:58:00,2024-10-09T00:52:00,Rectified defect: Voltage Fluctuation. Restored parameter to nominal bounds.,COMPLETED,54,T-302
HIST-00524,TASK-00548,2026-01-27T00:02:00,2026-01-27T00:44:00,Rectified defect: Voltage Fluctuation. Restored parameter to nominal bounds.,COMPLETED,42,T-302
HIST-00526,TASK-00550,2026-03-05T23:59:00,2026-03-06T00:40:00,Rectified defect: Poor Signal Aspect Visibility. Restored parameter to nominal bounds.,COMPLETED,41,T-201 (Signal Staff)
HIST-00527,TASK-00551,2026-03-13T12:22:00,2026-03-13T15:35:00,Rectified defect: Voltage Fluctuation. Restored parameter to nominal bounds.,COMPLETED,193,T-301 (OHE Gang)
HIST-00530,TASK-00554,2026-03-12T00:34:00,2026-03-12T01:21:00,Rectified defect: Voltage Fluctuation. Restored parameter to nominal bounds.,COMPLETED,47,T-202
HIST-00535,TASK-00559,2025-01-25T23:56:00,2025-01-26T01:26:00,Rectified defect: REPETITIVE: Voltage Fluctuation. Restored parameter to nominal bounds.,COMPLETED,90,T-302
HIST-00536,TASK-00560,2025-04-11T00:03:00,2025-04-11T00:51:00,Rectified defect: Poor Signal Aspect Visibility. Restored parameter to nominal bounds.,COMPLETED,48,T-101 (Engineering Gang)
HIST-00537,TASK-00561,2025-05-17T00:40:00,2025-05-17T01:28:00,Rectified defect: Poor Signal Aspect Visibility. Restored parameter to nominal bounds.,COMPLETED,48,T-201 (Signal Staff)
HIST-00541,TASK-00565,2024-05-22T23:47:00,2024-05-23T00:42:00,Rectified defect: REPETITIVE: Poor Signal Aspect Visibility. Restored parameter to nominal bounds.,COMPLETED,55,T-301 (OHE Gang)
HIST-00542,TASK-00566,2025-02-17T00:33:00,2025-02-17T01:22:00,Rectified defect: Poor Signal Aspect Visibility. Restored parameter to nominal bounds.,COMPLETED,49,T-102
HIST-00546,TASK-00570,2025-09-23T00:17:00,2025-09-23T01:42:00,Rectified defect: Voltage Fluctuation. Restored parameter to nominal bounds.,COMPLETED,85,T-301 (OHE Gang)
HIST-00547,TASK-00571,2023-10-24T00:56:00,2023-10-24T01:46:00,Rectified defect: Voltage Fluctuation. Restored parameter to nominal bounds.,COMPLETED,50,T-201 (Signal Staff)
HIST-00548,TASK-00572,2024-12-02T00:25:00,2024-12-02T01:49:00,Rectified defect: Voltage Fluctuation. Restored parameter to nominal bounds.,COMPLETED,84,T-201 (Signal Staff)
HIST-00549,TASK-00573,2026-07-06T00:45:00,2026-07-06T01:39:00,Rectified defect: REPETITIVE: Poor Signal Aspect Visibility. Restored parameter to nominal bounds.,COMPLETED,54,T-102
HIST-00550,TASK-00574,2023-11-16T00:11:00,2023-11-16T01:02:00,Rectified defect: Poor Signal Aspect Visibility. Restored parameter to nominal bounds.,COMPLETED,51,T-101 (Engineering Gang)
HIST-00551,TASK-00575,2024-05-29T09:11:00,2024-05-29T12:48:00,Rectified defect: Voltage Fluctuation. Restored parameter to nominal bounds.,COMPLETED,217,T-102
HIST-00552,TASK-00576,2025-02-10T00:14:00,2025-02-10T01:05:00,Rectified defect: Poor Signal Aspect Visibility. Restored parameter to nominal bounds.,COMPLETED,51,T-101 (Engineering Gang)
HIST-00553,TASK-00577,2025-10-04T23:55:00,2025-10-05T00:44:00,Rectified defect: Poor Signal Aspect Visibility. Restored parameter to nominal bounds.,COMPLETED,49,T-201 (Signal Staff)
HIST-00556,TASK-00580,2025-03-27T00:50:00,2025-03-27T01:37:00,Rectified defect: Voltage Fluctuation. Restored parameter to nominal bounds.,COMPLETED,47,T-101 (Engineering Gang)
HIST-00557,TASK-00581,2025-06-08T00:54:00,2025-06-08T01:44:00,Rectified defect: Voltage Fluctuation. Restored parameter to nominal bounds.,COMPLETED,50,T-101 (Engineering Gang)
HIST-00558,TASK-00582,2025-10-12T23:54:00,2025-10-13T01:15:00,Rectified defect: Voltage Fluctuation. Restored parameter to nominal bounds.,COMPLETED,81,T-201 (Signal Staff)
HIST-00559,TASK-00583,2026-02-15T00:59:00,2026-02-15T02:40:00,Rectified defect: Voltage Fluctuation. Restored parameter to nominal bounds.,COMPLETED,101,T-102
HIST-00561,TASK-00585,2024-01-17T00:37:00,2024-01-17T01:23:00,Rectified defect: Voltage Fluctuation. Restored parameter to nominal bounds.,COMPLETED,46,T-302
HIST-00562,TASK-00586,2024-04-29T00:53:00,2024-04-29T01:42:00,Rectified defect: Voltage Fluctuation. Restored parameter to nominal bounds.,COMPLETED,49,T-301 (OHE Gang)
HIST-00563,TASK-00587,2025-07-21T23:55:00,2025-07-22T00:50:00,Rectified defect: Poor Signal Aspect Visibility. Restored parameter to nominal bounds.,COMPLETED,55,T-202
HIST-00565,TASK-00589,2025-08-22T00:14:00,2025-08-22T00:59:00,Rectified deferred defect: Poor Signal Aspect Visibility.,COMPLETED,45,T-301 (OHE Gang)
HIST-00564,TASK-00588,2025-08-13T00:00:00,2025-08-13T00:00:00,Task deferred: Scheduled window could not be granted due to traffic overhead.,DEFERRED,0,T-302
HIST-00567,TASK-00591,2025-10-17T00:06:00,2025-10-17T00:51:00,Rectified deferred defect: Poor Signal Aspect Visibility.,COMPLETED,45,T-301 (OHE Gang)
HIST-00566,TASK-00590,2025-10-09T00:00:00,2025-10-09T00:00:00,Task deferred: Scheduled window could not be granted due to traffic overhead.,DEFERRED,0,T-302
HIST-00568,TASK-00592,2025-10-25T00:27:00,2025-10-25T01:17:00,Rectified defect: Poor Signal Aspect Visibility. Restored parameter to nominal bounds.,COMPLETED,50,T-102
HIST-00570,TASK-00594,2024-10-14T05:26:00,2024-10-14T08:26:00,Rectified deferred defect: Poor Signal Aspect Visibility.,COMPLETED,180,T-102
HIST-00569,TASK-00593,2024-10-08T05:00:00,2024-10-08T05:00:00,Task deferred: Scheduled window could not be granted due to traffic overhead.,DEFERRED,0,T-301 (OHE Gang)
HIST-00571,TASK-00595,2026-03-05T00:46:00,2026-03-05T02:27:00,Rectified defect: Voltage Fluctuation. Restored parameter to nominal bounds.,COMPLETED,101,T-301 (OHE Gang)
HIST-00574,TASK-00598,2024-08-04T23:45:00,2024-08-05T01:06:00,Rectified defect: Poor Signal Aspect Visibility. Restored parameter to nominal bounds.,COMPLETED,81,T-202
HIST-00575,TASK-00599,2026-04-25T00:23:00,2026-04-25T02:11:00,Rectified defect: Voltage Fluctuation. Restored parameter to nominal bounds.,COMPLETED,108,T-301 (OHE Gang)
HIST-00578,TASK-00602,2024-03-20T00:19:00,2024-03-20T01:11:00,Rectified defect: Voltage Fluctuation. Restored parameter to nominal bounds.,COMPLETED,52,T-202
HIST-00580,TASK-00604,2023-12-18T00:14:00,2023-12-18T00:59:00,Rectified deferred defect: Poor Signal Aspect Visibility.,COMPLETED,45,T-302
HIST-00579,TASK-00603,2023-12-13T00:00:00,2023-12-13T00:00:00,Task deferred: Scheduled window could not be granted due to traffic overhead.,DEFERRED,0,T-301 (OHE Gang)
HIST-00581,TASK-00605,2024-08-19T00:02:00,2024-08-19T00:50:00,Rectified defect: Voltage Fluctuation. Restored parameter to nominal bounds.,COMPLETED,48,T-101 (Engineering Gang)
HIST-00582,TASK-00606,2026-04-19T06:57:00,2026-04-19T10:22:00,Rectified defect: Voltage Fluctuation. Restored parameter to nominal bounds.,COMPLETED,205,T-101 (Engineering Gang)
HIST-00583,TASK-00607,2026-04-02T23:57:00,2026-04-03T01:26:00,Rectified defect: Poor Signal Aspect Visibility. Restored parameter to nominal bounds.,COMPLETED,89,T-102
HIST-00585,TASK-00609,2025-01-04T00:24:00,2025-01-04T01:19:00,Rectified defect: Poor Signal Aspect Visibility. Restored parameter to nominal bounds.,COMPLETED,55,T-201 (Signal Staff)
HIST-00587,TASK-00611,2025-03-26T00:28:00,2025-03-26T01:21:00,Rectified defect: Voltage Fluctuation. Restored parameter to nominal bounds.,COMPLETED,53,T-101 (Engineering Gang)
HIST-00595,TASK-00619,2026-04-05T00:31:00,2026-04-05T01:17:00,Rectified defect: Poor Signal Aspect Visibility. Restored parameter to nominal bounds.,COMPLETED,46,T-301 (OHE Gang)
HIST-00596,TASK-00620,2024-06-04T00:47:00,2024-06-04T01:32:00,Rectified defect: REPETITIVE: Poor Signal Aspect Visibility. Restored parameter to nominal bounds.,COMPLETED,45,T-302
HIST-00597,TASK-00621,2025-04-12T23:47:00,2025-04-13T00:39:00,Rectified defect: Voltage Fluctuation. Restored parameter to nominal bounds.,COMPLETED,52,T-301 (OHE Gang)
HIST-00598,TASK-00622,2025-09-02T00:58:00,2025-09-02T01:53:00,Rectified defect: Voltage Fluctuation. Restored parameter to nominal bounds.,COMPLETED,55,T-202
HIST-00609,TASK-00633,2024-09-22T00:54:00,2024-09-22T01:47:00,Rectified defect: Poor Signal Aspect Visibility. Restored parameter to nominal bounds.,COMPLETED,53,T-201 (Signal Staff)
HIST-00620,TASK-00645,2026-06-12T00:35:00,2026-06-12T02:05:00,Rectified defect: Voltage Fluctuation. Restored parameter to nominal bounds.,COMPLETED,90,T-201 (Signal Staff)
HIST-00622,TASK-00647,2024-01-20T00:23:00,2024-01-20T02:04:00,Rectified defect: Voltage Fluctuation. Restored parameter to nominal bounds.,COMPLETED,101,T-102
HIST-00624,TASK-00649,2025-04-20T07:12:00,2025-04-20T10:12:00,Rectified deferred defect: Poor Signal Aspect Visibility.,COMPLETED,180,T-101 (Engineering Gang)
HIST-00623,TASK-00648,2025-04-11T07:00:00,2025-04-11T07:00:00,Task deferred: Scheduled window could not be granted due to traffic overhead.,DEFERRED,0,T-101 (Engineering Gang)
HIST-00626,TASK-00651,2024-06-25T00:44:00,2024-06-25T01:38:00,Rectified defect: Voltage Fluctuation. Restored parameter to nominal bounds.,COMPLETED,54,T-101 (Engineering Gang)
HIST-00627,TASK-00652,2025-02-06T00:50:00,2025-02-06T02:25:00,Rectified defect: Voltage Fluctuation. Restored parameter to nominal bounds.,COMPLETED,95,T-201 (Signal Staff)
HIST-00628,TASK-00653,2025-03-13T00:41:00,2025-03-13T01:25:00,Rectified defect: Poor Signal Aspect Visibility. Restored parameter to nominal bounds.,COMPLETED,44,T-102
HIST-00641,TASK-00668,2024-06-07T00:23:00,2024-06-07T01:15:00,Rectified defect: Poor Signal Aspect Visibility. Restored parameter to nominal bounds.,COMPLETED,52,T-301 (OHE Gang)
HIST-00643,TASK-00670,2025-06-06T00:30:00,2025-06-06T01:15:00,Rectified deferred defect: Voltage Fluctuation.,COMPLETED,45,T-302
HIST-00642,TASK-00669,2025-05-30T00:00:00,2025-05-30T00:00:00,Task deferred: Scheduled window could not be granted due to traffic overhead.,DEFERRED,0,T-202
HIST-00646,TASK-00674,2025-01-18T00:03:00,2025-01-18T01:53:00,Rectified defect: Voltage Fluctuation. Restored parameter to nominal bounds.,COMPLETED,110,T-102
HIST-00647,TASK-00675,2025-02-18T00:28:00,2025-02-18T02:10:00,Rectified defect: Voltage Fluctuation. Restored parameter to nominal bounds.,COMPLETED,102,T-102
HIST-00648,TASK-00677,2025-08-23T23:54:00,2025-08-24T00:43:00,Rectified defect: Poor Signal Aspect Visibility. Restored parameter to nominal bounds.,COMPLETED,49,T-201 (Signal Staff)
HIST-00650,TASK-00679,2026-04-23T00:28:00,2026-04-23T01:13:00,Rectified deferred defect: Poor Signal Aspect Visibility.,COMPLETED,45,T-201 (Signal Staff)
HIST-00649,TASK-00678,2026-04-19T00:00:00,2026-04-19T00:00:00,Task deferred: Scheduled window could not be granted due to traffic overhead.,DEFERRED,0,T-202
HIST-00651,TASK-00680,2024-09-07T23:51:00,2024-09-08T00:47:00,Rectified defect: Poor Signal Aspect Visibility. Restored parameter to nominal bounds.,COMPLETED,56,T-101 (Engineering Gang)
HIST-00652,TASK-00681,2025-08-02T00:34:00,2025-08-02T01:25:00,Rectified defect: REPETITIVE: Poor Signal Aspect Visibility. Restored parameter to nominal bounds.,COMPLETED,51,T-102
HIST-00653,TASK-00682,2024-08-26T00:57:00,2024-08-26T01:44:00,Rectified defect: REPETITIVE: Poor Signal Aspect Visibility. Restored parameter to nominal bounds.,COMPLETED,47,T-302
HIST-00654,TASK-00683,2024-11-28T00:43:00,2024-11-28T01:34:00,Rectified defect: Voltage Fluctuation. Restored parameter to nominal bounds.,COMPLETED,51,T-302
HIST-00656,TASK-00685,2024-08-02T00:29:00,2024-08-02T02:09:00,Rectified defect: Voltage Fluctuation. Restored parameter to nominal bounds.,COMPLETED,100,T-102
HIST-00658,TASK-00687,2024-09-20T00:29:00,2024-09-20T01:14:00,Rectified deferred defect: Voltage Fluctuation.,COMPLETED,45,T-202
HIST-00657,TASK-00686,2024-09-11T00:00:00,2024-09-11T00:00:00,Task deferred: Scheduled window could not be granted due to traffic overhead.,DEFERRED,0,T-202
HIST-00659,TASK-00688,2025-12-05T00:39:00,2025-12-05T01:29:00,Rectified defect: Poor Signal Aspect Visibility. Restored parameter to nominal bounds.,COMPLETED,50,T-202
HIST-00661,TASK-00691,2026-03-27T00:18:00,2026-03-27T01:13:00,Rectified defect: Voltage Fluctuation. Restored parameter to nominal bounds.,COMPLETED,55,T-202
HIST-00665,TASK-00695,2026-01-04T23:47:00,2026-01-05T01:26:00,Rectified defect: Voltage Fluctuation. Restored parameter to nominal bounds.,COMPLETED,99,T-101 (Engineering Gang)
HIST-00667,TASK-00697,2024-10-08T09:46:00,2024-10-08T12:46:00,Rectified defect: Voltage Fluctuation. Restored parameter to nominal bounds.,COMPLETED,180,T-301 (OHE Gang)
HIST-00668,TASK-00698,2025-05-01T00:29:00,2025-05-01T01:10:00,Rectified defect: Poor Signal Aspect Visibility. Restored parameter to nominal bounds.,COMPLETED,41,T-302
HIST-00669,TASK-00699,2026-06-21T00:20:00,2026-06-21T01:06:00,Rectified defect: REPETITIVE: Poor Signal Aspect Visibility. Restored parameter to nominal bounds.,COMPLETED,46,T-202
HIST-00670,TASK-00700,2023-08-14T00:24:00,2023-08-14T01:58:00,Rectified defect: Poor Signal Aspect Visibility. Restored parameter to nominal bounds.,COMPLETED,94,T-301 (OHE Gang)
HIST-00671,TASK-00701,2024-12-31T07:24:00,2024-12-31T10:30:00,Rectified defect: Voltage Fluctuation. Restored parameter to nominal bounds.,COMPLETED,186,T-101 (Engineering Gang)
HIST-00672,TASK-00702,2026-07-24T02:37:00,2026-07-24T05:59:00,Rectified defect: Poor Signal Aspect Visibility. Restored parameter to nominal bounds.,COMPLETED,202,T-201 (Signal Staff)
HIST-00675,TASK-00705,2026-06-25T23:57:00,2026-06-26T01:22:00,Rectified defect: Voltage Fluctuation. Restored parameter to nominal bounds.,COMPLETED,85,T-302
HIST-00680,TASK-00710,2025-03-19T23:49:00,2025-03-20T00:32:00,Rectified defect: Voltage Fluctuation. Restored parameter to nominal bounds.,COMPLETED,43,T-102
HIST-00686,TASK-00716,2024-01-02T00:51:00,2024-01-02T01:38:00,Rectified defect: REPETITIVE: Poor Signal Aspect Visibility. Restored parameter to nominal bounds.,COMPLETED,47,T-302
HIST-00687,TASK-00717,2026-03-24T00:41:00,2026-03-24T01:30:00,Rectified defect: Poor Signal Aspect Visibility. Restored parameter to nominal bounds.,COMPLETED,49,T-301 (OHE Gang)
HIST-00688,TASK-00718,2025-01-30T00:24:00,2025-01-30T01:11:00,Rectified defect: REPETITIVE: Poor Signal Aspect Visibility. Restored parameter to nominal bounds.,COMPLETED,47,T-301 (OHE Gang)
HIST-00695,TASK-00725,2025-11-14T00:16:00,2025-11-14T01:01:00,Rectified deferred defect: Poor Signal Aspect Visibility.,COMPLETED,45,T-101 (Engineering Gang)
HIST-00694,TASK-00724,2025-11-12T00:00:00,2025-11-12T00:00:00,Task deferred: Scheduled window could not be granted due to traffic overhead.,DEFERRED,0,T-102
HIST-00704,TASK-00734,2024-05-01T00:33:00,2024-05-01T01:28:00,Rectified defect: Poor Signal Aspect Visibility. Restored parameter to nominal bounds.,COMPLETED,55,T-301 (OHE Gang)
HIST-00705,TASK-00735,2025-03-25T00:23:00,2025-03-25T01:12:00,Rectified defect: Poor Signal Aspect Visibility. Restored parameter to nominal bounds.,COMPLETED,49,T-102
HIST-00706,TASK-00736,2026-05-03T00:14:00,2026-05-03T02:02:00,Rectified defect: Voltage Fluctuation. Restored parameter to nominal bounds.,COMPLETED,108,T-301 (OHE Gang)
HIST-00707,TASK-00737,2026-07-15T00:56:00,2026-07-15T01:43:00,Rectified defect: Poor Signal Aspect Visibility. Restored parameter to nominal bounds.,COMPLETED,47,T-102
HIST-00722,TASK-00753,2023-08-19T00:08:00,2023-08-19T01:38:00,Rectified deferred defect: Voltage Fluctuation.,COMPLETED,90,T-101 (Engineering Gang)
HIST-00721,TASK-00752,2023-08-12T00:00:00,2023-08-12T00:00:00,Task deferred: Scheduled window could not be granted due to traffic overhead.,DEFERRED,0,T-102
HIST-00724,TASK-00755,2023-09-11T05:21:00,2023-09-11T08:21:00,Rectified deferred defect: Voltage Fluctuation.,COMPLETED,180,T-102
HIST-00723,TASK-00754,2023-09-07T05:00:00,2023-09-07T05:00:00,Task deferred: Scheduled window could not be granted due to traffic overhead.,DEFERRED,0,T-101 (Engineering Gang)
HIST-00725,TASK-00756,2024-02-18T00:34:00,2024-02-18T01:29:00,Rectified defect: REPETITIVE: Poor Signal Aspect Visibility. Restored parameter to nominal bounds.,COMPLETED,55,T-201 (Signal Staff)
HIST-00727,TASK-00758,2026-07-23T00:14:00,2026-07-23T00:59:00,Rectified deferred defect: Voltage Fluctuation.,COMPLETED,45,T-102
HIST-00726,TASK-00757,2026-07-13T00:00:00,2026-07-13T00:00:00,Task deferred: Scheduled window could not be granted due to traffic overhead.,DEFERRED,0,T-301 (OHE Gang)
HIST-00728,TASK-00759,2024-03-09T07:31:00,2024-03-09T10:34:00,Rectified defect: Voltage Fluctuation. Restored parameter to nominal bounds.,COMPLETED,183,T-301 (OHE Gang)
HIST-00729,TASK-00760,2026-07-17T00:13:00,2026-07-17T00:58:00,Rectified defect: Voltage Fluctuation. Restored parameter to nominal bounds.,COMPLETED,45,T-101 (Engineering Gang)
HIST-00730,TASK-00762,2024-02-04T00:15:00,2024-02-04T01:06:00,Rectified defect: REPETITIVE: Poor Signal Aspect Visibility. Restored parameter to nominal bounds.,COMPLETED,51,T-202
HIST-00731,TASK-00763,2024-03-26T00:06:00,2024-03-26T01:56:00,Rectified defect: Voltage Fluctuation. Restored parameter to nominal bounds.,COMPLETED,110,T-101 (Engineering Gang)
HIST-00736,TASK-00769,2025-03-11T00:24:00,2025-03-11T01:13:00,Rectified defect: REPETITIVE: Voltage Fluctuation. Restored parameter to nominal bounds.,COMPLETED,49,T-101 (Engineering Gang)
HIST-00737,TASK-00770,2026-01-11T00:42:00,2026-01-11T01:23:00,Rectified defect: Voltage Fluctuation. Restored parameter to nominal bounds.,COMPLETED,41,T-302
HIST-00739,TASK-00772,2026-03-11T00:17:00,2026-03-11T01:02:00,Rectified deferred defect: Voltage Fluctuation.,COMPLETED,45,T-302
HIST-00738,TASK-00771,2026-03-07T00:00:00,2026-03-07T00:00:00,Task deferred: Scheduled window could not be granted due to traffic overhead.,DEFERRED,0,T-301 (OHE Gang)
HIST-00743,TASK-00777,2025-02-24T06:57:00,2025-02-24T10:37:00,Rectified defect: Voltage Fluctuation. Restored parameter to nominal bounds.,COMPLETED,220,T-302
HIST-00744,TASK-00778,2025-01-02T23:58:00,2025-01-03T00:39:00,Rectified defect: Voltage Fluctuation. Restored parameter to nominal bounds.,COMPLETED,41,T-302
HIST-00745,TASK-00779,2025-02-09T00:09:00,2025-02-09T00:54:00,Rectified defect: Poor Signal Aspect Visibility. Restored parameter to nominal bounds.,COMPLETED,45,T-202
HIST-00748,TASK-00782,2026-01-15T00:18:00,2026-01-15T01:03:00,Rectified deferred defect: Poor Signal Aspect Visibility.,COMPLETED,45,T-101 (Engineering Gang)
HIST-00747,TASK-00781,2026-01-10T00:00:00,2026-01-10T00:00:00,Task deferred: Scheduled window could not be granted due to traffic overhead.,DEFERRED,0,T-202
HIST-00749,TASK-00783,2023-09-21T00:23:00,2023-09-21T01:12:00,Rectified defect: Voltage Fluctuation. Restored parameter to nominal bounds.,COMPLETED,49,T-302
HIST-00750,TASK-00784,2025-09-06T00:53:00,2025-09-06T01:40:00,Rectified defect: Poor Signal Aspect Visibility. Restored parameter to nominal bounds.,COMPLETED,47,T-101 (Engineering Gang)
HIST-00754,TASK-00788,2024-06-30T11:24:00,2024-06-30T14:24:00,Rectified deferred defect: Voltage Fluctuation.,COMPLETED,180,T-302
HIST-00753,TASK-00787,2024-06-21T11:00:00,2024-06-21T11:00:00,Task deferred: Scheduled window could not be granted due to traffic overhead.,DEFERRED,0,T-301 (OHE Gang)
HIST-00755,TASK-00789,2025-04-08T00:56:00,2025-04-08T01:45:00,Rectified defect: Poor Signal Aspect Visibility. Restored parameter to nominal bounds.,COMPLETED,49,T-301 (OHE Gang)
HIST-00756,TASK-00791,2023-12-05T01:38:00,2023-12-05T04:38:00,Rectified defect: Voltage Fluctuation. Restored parameter to nominal bounds.,COMPLETED,180,T-301 (OHE Gang)
HIST-00759,TASK-00794,2024-01-13T23:58:00,2024-01-14T01:43:00,Rectified defect: Voltage Fluctuation. Restored parameter to nominal bounds.,COMPLETED,105,T-101 (Engineering Gang)
HIST-00760,TASK-00795,2026-03-15T23:48:00,2026-03-16T00:35:00,Rectified defect: Poor Signal Aspect Visibility. Restored parameter to nominal bounds.,COMPLETED,47,T-201 (Signal Staff)
HIST-00761,TASK-00796,2025-08-26T00:39:00,2025-08-26T01:31:00,Rectified defect: Poor Signal Aspect Visibility. Restored parameter to nominal bounds.,COMPLETED,52,T-102
HIST-00762,TASK-00797,2026-04-17T23:55:00,2026-04-18T00:43:00,Rectified defect: Voltage Fluctuation. Restored parameter to nominal bounds.,COMPLETED,48,T-301 (OHE Gang)
HIST-00765,TASK-00800,2025-05-19T00:22:00,2025-05-19T01:13:00,Rectified defect: Poor Signal Aspect Visibility. Restored parameter to nominal bounds.,COMPLETED,51,T-301 (OHE Gang)
HIST-00766,TASK-00801,2024-08-17T00:05:00,2024-08-17T01:00:00,Rectified defect: Poor Signal Aspect Visibility. Restored parameter to nominal bounds.,COMPLETED,55,T-101 (Engineering Gang)
HIST-00768,TASK-00803,2025-08-20T01:14:00,2025-08-20T04:14:00,Rectified deferred defect: Voltage Fluctuation.,COMPLETED,180,T-301 (OHE Gang)
HIST-00767,TASK-00802,2025-08-17T01:00:00,2025-08-17T01:00:00,Task deferred: Scheduled window could not be granted due to traffic overhead.,DEFERRED,0,T-301 (OHE Gang)
HIST-00770,TASK-00805,2025-10-12T00:16:00,2025-10-12T01:01:00,Rectified deferred defect: Poor Signal Aspect Visibility.,COMPLETED,45,T-302
HIST-00769,TASK-00804,2025-10-03T00:00:00,2025-10-03T00:00:00,Task deferred: Scheduled window could not be granted due to traffic overhead.,DEFERRED,0,T-101 (Engineering Gang)
HIST-00772,TASK-00807,2025-12-12T00:18:00,2025-12-12T01:03:00,Rectified deferred defect: Voltage Fluctuation.,COMPLETED,45,T-101 (Engineering Gang)
HIST-00771,TASK-00806,2025-12-05T00:00:00,2025-12-05T00:00:00,Task deferred: Scheduled window could not be granted due to traffic overhead.,DEFERRED,0,T-101 (Engineering Gang)
HIST-00779,TASK-00814,2024-06-09T00:18:00,2024-06-09T01:03:00,Rectified deferred defect: Poor Signal Aspect Visibility.,COMPLETED,45,T-101 (Engineering Gang)
HIST-00778,TASK-00813,2024-06-04T00:00:00,2024-06-04T00:00:00,Task deferred: Scheduled window could not be granted due to traffic overhead.,DEFERRED,0,T-102
HIST-00780,TASK-00815,2025-08-07T00:24:00,2025-08-07T01:17:00,Rectified defect: Poor Signal Aspect Visibility. Restored parameter to nominal bounds.,COMPLETED,53,T-302
HIST-00781,TASK-00816,2026-02-03T00:15:00,2026-02-03T01:06:00,Rectified defect: Poor Signal Aspect Visibility. Restored parameter to nominal bounds.,COMPLETED,51,T-101 (Engineering Gang)
HIST-00782,TASK-00817,2026-03-02T00:20:00,2026-03-02T01:14:00,Rectified defect: Poor Signal Aspect Visibility. Restored parameter to nominal bounds.,COMPLETED,54,T-101 (Engineering Gang)
HIST-00783,TASK-00818,2023-12-27T03:46:00,2023-12-27T06:57:00,Rectified defect: Poor Signal Aspect Visibility. Restored parameter to nominal bounds.,COMPLETED,191,T-101 (Engineering Gang)
HIST-00785,TASK-00820,2026-02-25T00:28:00,2026-02-25T01:58:00,Rectified deferred defect: Poor Signal Aspect Visibility.,COMPLETED,90,T-301 (OHE Gang)
HIST-00784,TASK-00819,2026-02-21T00:00:00,2026-02-21T00:00:00,Task deferred: Scheduled window could not be granted due to traffic overhead.,DEFERRED,0,T-202
HIST-00787,TASK-00822,2024-08-27T00:09:00,2024-08-27T00:54:00,Rectified deferred defect: Poor Signal Aspect Visibility.,COMPLETED,45,T-301 (OHE Gang)
HIST-00786,TASK-00821,2024-08-21T00:00:00,2024-08-21T00:00:00,Task deferred: Scheduled window could not be granted due to traffic overhead.,DEFERRED,0,T-102
HIST-00788,TASK-00823,2026-02-10T00:02:00,2026-02-10T00:47:00,Rectified defect: Poor Signal Aspect Visibility. Restored parameter to nominal bounds.,COMPLETED,45,T-302
HIST-00789,TASK-00824,2026-03-16T00:32:00,2026-03-16T01:21:00,Rectified defect: Voltage Fluctuation. Restored parameter to nominal bounds.,COMPLETED,49,T-101 (Engineering Gang)
HIST-00794,TASK-00831,2023-12-04T00:25:00,2023-12-04T01:58:00,Rectified defect: REPETITIVE: Voltage Fluctuation. Restored parameter to nominal bounds.,COMPLETED,93,T-202
HIST-00795,TASK-00833,2025-06-07T00:57:00,2025-06-07T01:47:00,Rectified defect: REPETITIVE: Poor Signal Aspect Visibility. Restored parameter to nominal bounds.,COMPLETED,50,T-201 (Signal Staff)
HIST-00796,TASK-00834,2025-08-27T00:14:00,2025-08-27T01:39:00,Rectified defect: Voltage Fluctuation. Restored parameter to nominal bounds.,COMPLETED,85,T-302
HIST-00809,TASK-00847,2023-08-22T00:40:00,2023-08-22T01:32:00,Rectified defect: Poor Signal Aspect Visibility. Restored parameter to nominal bounds.,COMPLETED,52,T-201 (Signal Staff)
HIST-00810,TASK-00848,2024-04-13T00:49:00,2024-04-13T01:34:00,Rectified defect: Poor Signal Aspect Visibility. Restored parameter to nominal bounds.,COMPLETED,45,T-102
HIST-00811,TASK-00849,2024-08-18T00:29:00,2024-08-18T01:24:00,Rectified defect: Voltage Fluctuation. Restored parameter to nominal bounds.,COMPLETED,55,T-202
HIST-00813,TASK-00851,2023-10-18T00:23:00,2023-10-18T01:08:00,Rectified defect: Poor Signal Aspect Visibility. Restored parameter to nominal bounds.,COMPLETED,45,T-202
HIST-00816,TASK-00855,2024-07-27T00:34:00,2024-07-27T01:23:00,Rectified defect: Voltage Fluctuation. Restored parameter to nominal bounds.,COMPLETED,49,T-202
HIST-00817,TASK-00856,2024-03-14T00:05:00,2024-03-14T00:52:00,Rectified defect: Poor Signal Aspect Visibility. Restored parameter to nominal bounds.,COMPLETED,47,T-101 (Engineering Gang)
HIST-00819,TASK-00858,2025-01-27T00:16:00,2025-01-27T01:01:00,Rectified deferred defect: REPETITIVE: Poor Signal Aspect Visibility.,COMPLETED,45,T-302
HIST-00818,TASK-00857,2025-01-20T00:00:00,2025-01-20T00:00:00,Task deferred: Scheduled window could not be granted due to traffic overhead.,DEFERRED,0,T-302
HIST-00820,TASK-00859,2025-09-16T00:23:00,2025-09-16T01:11:00,Rectified defect: Voltage Fluctuation. Restored parameter to nominal bounds.,COMPLETED,48,T-202
HIST-00825,TASK-00864,2024-04-06T01:51:00,2024-04-06T05:04:00,Rectified defect: Poor Signal Aspect Visibility. Restored parameter to nominal bounds.,COMPLETED,193,T-301 (OHE Gang)
HIST-00826,TASK-00865,2026-06-01T00:38:00,2026-06-01T02:30:00,Rectified defect: Voltage Fluctuation. Restored parameter to nominal bounds.,COMPLETED,112,T-102
HIST-00827,TASK-00866,2026-07-01T00:25:00,2026-07-01T02:14:00,Rectified defect: Voltage Fluctuation. Restored parameter to nominal bounds.,COMPLETED,109,T-101 (Engineering Gang)
HIST-00832,TASK-00871,2024-05-14T00:35:00,2024-05-14T01:30:00,Rectified defect: REPETITIVE: Voltage Fluctuation. Restored parameter to nominal bounds.,COMPLETED,55,T-201 (Signal Staff)
HIST-00841,TASK-00880,2024-05-13T00:04:00,2024-05-13T00:50:00,Rectified defect: Poor Signal Aspect Visibility. Restored parameter to nominal bounds.,COMPLETED,46,T-201 (Signal Staff)
HIST-00843,TASK-00882,2026-07-12T00:02:00,2026-07-12T00:47:00,Rectified deferred defect: Voltage Fluctuation.,COMPLETED,45,T-101 (Engineering Gang)
HIST-00842,TASK-00881,2026-07-10T00:00:00,2026-07-10T00:00:00,Task deferred: Scheduled window could not be granted due to traffic overhead.,DEFERRED,0,T-301 (OHE Gang)
HIST-00848,TASK-00887,2025-04-03T00:17:00,2025-04-03T00:58:00,Rectified defect: Voltage Fluctuation. Restored parameter to nominal bounds.,COMPLETED,41,T-201 (Signal Staff)
HIST-00849,TASK-00888,2026-01-04T00:26:00,2026-01-04T01:06:00,Rectified defect: Voltage Fluctuation. Restored parameter to nominal bounds.,COMPLETED,40,T-301 (OHE Gang)
HIST-00850,TASK-00890,2026-05-22T04:41:00,2026-05-22T08:17:00,Rectified defect: Poor Signal Aspect Visibility. Restored parameter to nominal bounds.,COMPLETED,216,T-302
HIST-00853,TASK-00893,2025-12-03T00:24:00,2025-12-03T01:09:00,Rectified deferred defect: Poor Signal Aspect Visibility.,COMPLETED,45,T-301 (OHE Gang)
HIST-00852,TASK-00892,2025-11-25T00:00:00,2025-11-25T00:00:00,Task deferred: Scheduled window could not be granted due to traffic overhead.,DEFERRED,0,T-102
HIST-00854,TASK-00894,2024-07-08T00:49:00,2024-07-08T01:38:00,Rectified defect: Voltage Fluctuation. Restored parameter to nominal bounds.,COMPLETED,49,T-102
HIST-00855,TASK-00895,2025-03-10T23:57:00,2025-03-11T00:51:00,Rectified defect: Voltage Fluctuation. Restored parameter to nominal bounds.,COMPLETED,54,T-102
HIST-00856,TASK-00896,2026-05-26T00:38:00,2026-05-26T01:31:00,Rectified defect: Voltage Fluctuation. Restored parameter to nominal bounds.,COMPLETED,53,T-102
HIST-00858,TASK-00898,2024-05-14T00:09:00,2024-05-14T00:54:00,Rectified deferred defect: Voltage Fluctuation.,COMPLETED,45,T-102
HIST-00857,TASK-00897,2024-05-04T00:00:00,2024-05-04T00:00:00,Task deferred: Scheduled window could not be granted due to traffic overhead.,DEFERRED,0,T-301 (OHE Gang)
HIST-00859,TASK-00899,2025-06-30T00:15:00,2025-06-30T00:57:00,Rectified defect: Poor Signal Aspect Visibility. Restored parameter to nominal bounds.,COMPLETED,42,T-302
HIST-00863,TASK-00903,2024-07-20T00:33:00,2024-07-20T01:14:00,Rectified defect: Poor Signal Aspect Visibility. Restored parameter to nominal bounds.,COMPLETED,41,T-202
HIST-00867,TASK-00907,2023-08-13T05:08:00,2023-08-13T08:08:00,Rectified defect: Voltage Fluctuation. Restored parameter to nominal bounds.,COMPLETED,180,T-201 (Signal Staff)
HIST-00868,TASK-00908,2024-03-01T00:45:00,2024-03-01T01:30:00,Rectified defect: Poor Signal Aspect Visibility. Restored parameter to nominal bounds.,COMPLETED,45,T-202
HIST-00869,TASK-00909,2024-03-22T23:45:00,2024-03-23T00:33:00,Rectified defect: Poor Signal Aspect Visibility. Restored parameter to nominal bounds.,COMPLETED,48,T-202
HIST-00871,TASK-00911,2025-03-27T00:21:00,2025-03-27T01:06:00,Rectified deferred defect: Poor Signal Aspect Visibility.,COMPLETED,45,T-302
HIST-00870,TASK-00910,2025-03-25T00:00:00,2025-03-25T00:00:00,Task deferred: Scheduled window could not be granted due to traffic overhead.,DEFERRED,0,T-101 (Engineering Gang)
HIST-00872,TASK-00912,2026-06-08T00:18:00,2026-06-08T01:09:00,Rectified defect: Voltage Fluctuation. Restored parameter to nominal bounds.,COMPLETED,51,T-202
HIST-00880,TASK-00920,2025-06-23T00:35:00,2025-06-23T01:30:00,Rectified defect: Poor Signal Aspect Visibility. Restored parameter to nominal bounds.,COMPLETED,55,T-302
HIST-00881,TASK-00921,2025-09-10T00:18:00,2025-09-10T01:11:00,Rectified defect: Voltage Fluctuation. Restored parameter to nominal bounds.,COMPLETED,53,T-301 (OHE Gang)
HIST-00887,TASK-00927,2024-11-28T00:12:00,2024-11-28T00:57:00,Rectified deferred defect: Voltage Fluctuation.,COMPLETED,45,T-102
HIST-00886,TASK-00926,2024-11-18T00:00:00,2024-11-18T00:00:00,Task deferred: Scheduled window could not be granted due to traffic overhead.,DEFERRED,0,T-102
HIST-00888,TASK-00928,2024-12-25T00:05:00,2024-12-25T00:47:00,Rectified defect: Voltage Fluctuation. Restored parameter to nominal bounds.,COMPLETED,42,T-101 (Engineering Gang)
HIST-00889,TASK-00929,2025-06-03T00:35:00,2025-06-03T02:01:00,Rectified defect: REPETITIVE: Voltage Fluctuation. Restored parameter to nominal bounds.,COMPLETED,86,T-101 (Engineering Gang)
HIST-00891,TASK-00931,2025-07-31T00:22:00,2025-07-31T01:07:00,Rectified deferred defect: Poor Signal Aspect Visibility.,COMPLETED,45,T-202
HIST-00890,TASK-00930,2025-07-21T00:00:00,2025-07-21T00:00:00,Task deferred: Scheduled window could not be granted due to traffic overhead.,DEFERRED,0,T-102
HIST-00893,TASK-00933,2023-09-29T00:59:00,2023-09-29T02:33:00,Rectified defect: Poor Signal Aspect Visibility. Restored parameter to nominal bounds.,COMPLETED,94,T-101 (Engineering Gang)
HIST-00894,TASK-00934,2026-01-06T00:14:00,2026-01-06T01:04:00,Rectified defect: Voltage Fluctuation. Restored parameter to nominal bounds.,COMPLETED,50,T-201 (Signal Staff)
HIST-00899,TASK-00939,2024-08-14T00:19:00,2024-08-14T01:10:00,Rectified defect: Voltage Fluctuation. Restored parameter to nominal bounds.,COMPLETED,51,T-301 (OHE Gang)
HIST-00901,TASK-00941,2024-11-17T00:25:00,2024-11-17T01:10:00,Rectified deferred defect: Voltage Fluctuation.,COMPLETED,45,T-301 (OHE Gang)
HIST-00900,TASK-00940,2024-11-08T00:00:00,2024-11-08T00:00:00,Task deferred: Scheduled window could not be granted due to traffic overhead.,DEFERRED,0,T-101 (Engineering Gang)
HIST-00902,TASK-00942,2025-09-04T00:58:00,2025-09-04T01:40:00,Rectified defect: REPETITIVE: Voltage Fluctuation. Restored parameter to nominal bounds.,COMPLETED,42,T-101 (Engineering Gang)
HIST-00904,TASK-00944,2025-11-20T00:19:00,2025-11-20T01:49:00,Rectified deferred defect: Voltage Fluctuation.,COMPLETED,90,T-301 (OHE Gang)
HIST-00903,TASK-00943,2025-11-17T00:00:00,2025-11-17T00:00:00,Task deferred: Scheduled window could not be granted due to traffic overhead.,DEFERRED,0,T-101 (Engineering Gang)
HIST-00905,TASK-00945,2026-01-05T23:48:00,2026-01-06T00:36:00,Rectified defect: Voltage Fluctuation. Restored parameter to nominal bounds.,COMPLETED,48,T-202
HIST-00907,TASK-00947,2023-08-31T00:11:00,2023-08-31T00:56:00,Rectified deferred defect: Poor Signal Aspect Visibility.,COMPLETED,45,T-302
HIST-00906,TASK-00946,2023-08-28T00:00:00,2023-08-28T00:00:00,Task deferred: Scheduled window could not be granted due to traffic overhead.,DEFERRED,0,T-301 (OHE Gang)
HIST-00908,TASK-00948,2025-07-12T00:18:00,2025-07-12T01:04:00,Rectified defect: Poor Signal Aspect Visibility. Restored parameter to nominal bounds.,COMPLETED,46,T-202
HIST-00909,TASK-00949,2026-05-09T23:46:00,2026-05-10T00:41:00,Rectified defect: Voltage Fluctuation. Restored parameter to nominal bounds.,COMPLETED,55,T-301 (OHE Gang)
HIST-00935,TASK-00978,2025-05-08T00:08:00,2025-05-08T01:38:00,Rectified deferred defect: Poor Signal Aspect Visibility.,COMPLETED,90,T-301 (OHE Gang)
HIST-00934,TASK-00977,2025-05-06T00:00:00,2025-05-06T00:00:00,Task deferred: Scheduled window could not be granted due to traffic overhead.,DEFERRED,0,T-301 (OHE Gang)
HIST-00936,TASK-00979,2026-06-25T09:59:00,2026-06-25T12:59:00,Rectified defect: Poor Signal Aspect Visibility. Restored parameter to nominal bounds.,COMPLETED,180,T-101 (Engineering Gang)
HIST-00937,TASK-00980,2023-12-24T00:44:00,2023-12-24T02:17:00,Rectified defect: Voltage Fluctuation. Restored parameter to nominal bounds.,COMPLETED,93,T-302
HIST-00938,TASK-00981,2024-05-12T23:59:00,2024-05-13T00:50:00,Rectified defect: REPETITIVE: Voltage Fluctuation. Restored parameter to nominal bounds.,COMPLETED,51,T-202
HIST-00939,TASK-00982,2024-06-03T00:32:00,2024-06-03T01:18:00,Rectified defect: Poor Signal Aspect Visibility. Restored parameter to nominal bounds.,COMPLETED,46,T-102
HIST-00940,TASK-00983,2026-07-29T23:52:00,2026-07-30T00:40:00,Rectified defect: Poor Signal Aspect Visibility. Restored parameter to nominal bounds.,COMPLETED,48,T-102
HIST-00942,TASK-00985,2023-11-25T00:20:00,2023-11-25T01:05:00,Rectified deferred defect: Poor Signal Aspect Visibility.,COMPLETED,45,T-301 (OHE Gang)
HIST-00941,TASK-00984,2023-11-20T00:00:00,2023-11-20T00:00:00,Task deferred: Scheduled window could not be granted due to traffic overhead.,DEFERRED,0,T-202
HIST-00943,TASK-00986,2024-11-11T00:16:00,2024-11-11T01:03:00,Rectified defect: Voltage Fluctuation. Restored parameter to nominal bounds.,COMPLETED,47,T-202
HIST-00945,TASK-00988,2025-05-09T00:11:00,2025-05-09T00:56:00,Rectified deferred defect: Poor Signal Aspect Visibility.,COMPLETED,45,T-101 (Engineering Gang)
HIST-00944,TASK-00987,2025-05-03T00:00:00,2025-05-03T00:00:00,Task deferred: Scheduled window could not be granted due to traffic overhead.,DEFERRED,0,T-102
HIST-00946,TASK-00989,2025-05-18T11:00:00,2025-05-18T14:38:00,Rectified defect: Voltage Fluctuation. Restored parameter to nominal bounds.,COMPLETED,218,T-202
HIST-00948,TASK-00991,2026-05-09T00:10:00,2026-05-09T00:55:00,Rectified deferred defect: REPETITIVE: Voltage Fluctuation.,COMPLETED,45,T-201 (Signal Staff)
HIST-00947,TASK-00990,2026-05-04T00:00:00,2026-05-04T00:00:00,Task deferred: Scheduled window could not be granted due to traffic overhead.,DEFERRED,0,T-101 (Engineering Gang)
HIST-00950,TASK-00993,2023-09-11T00:02:00,2023-09-11T00:47:00,Rectified deferred defect: Poor Signal Aspect Visibility.,COMPLETED,45,T-202
HIST-00949,TASK-00992,2023-09-05T00:00:00,2023-09-05T00:00:00,Task deferred: Scheduled window could not be granted due to traffic overhead.,DEFERRED,0,T-302
HIST-00955,TASK-00998,2024-08-27T00:52:00,2024-08-27T02:14:00,Rectified defect: Poor Signal Aspect Visibility. Restored parameter to nominal bounds.,COMPLETED,82,T-201 (Signal Staff)
HIST-00956,TASK-00999,2025-08-16T04:45:00,2025-08-16T08:05:00,Rectified defect: Poor Signal Aspect Visibility. Restored parameter to nominal bounds.,COMPLETED,200,T-301 (OHE Gang)
HIST-00962,TASK-01005,2024-03-15T16:09:00,2024-03-15T18:11:00,Emergency restoration completed for ad-hoc fault: Point Machine Jammed,COMPLETED,122,T-301 (OHE Gang)
HIST-00963,TASK-01006,2026-04-08T18:20:00,2026-04-08T20:31:00,Emergency restoration completed for ad-hoc fault: Point Machine Jammed,COMPLETED,131,T-102
HIST-00967,TASK-01010,2025-05-27T10:21:00,2025-05-27T12:35:00,Emergency restoration completed for ad-hoc fault: Point Machine Jammed,COMPLETED,134,T-101 (Engineering Gang)
HIST-00970,TASK-01013,2025-01-23T06:13:00,2025-01-23T08:15:00,Emergency restoration completed for ad-hoc fault: Lightning Surge Interlocking failure,COMPLETED,122,T-301 (OHE Gang)
HIST-00976,TASK-01019,2026-02-09T20:20:00,2026-02-09T22:21:00,Emergency restoration completed for ad-hoc fault: Lightning Surge Interlocking failure,COMPLETED,121,T-102
HIST-00979,TASK-01022,2025-12-21T07:10:00,2025-12-21T09:25:00,Emergency restoration completed for ad-hoc fault: Track Circuit Cable Cut,COMPLETED,135,T-102
HIST-00981,TASK-01024,2024-05-25T16:27:00,2024-05-25T18:29:00,Emergency restoration completed for ad-hoc fault: Track Circuit Cable Cut,COMPLETED,122,T-201 (Signal Staff)
HIST-00983,TASK-01026,2025-02-14T08:00:00,2025-02-14T10:17:00,Emergency restoration completed for ad-hoc fault: Lightning Surge Interlocking failure,COMPLETED,137,T-102
HIST-00984,TASK-01027,2023-08-16T14:25:00,2023-08-16T16:37:00,Emergency restoration completed for ad-hoc fault: Track Circuit Cable Cut,COMPLETED,132,T-302
HIST-00991,TASK-01034,2023-10-23T21:08:00,2023-10-23T23:13:00,Emergency restoration completed for ad-hoc fault: Lightning Surge Interlocking failure,COMPLETED,125,T-301 (OHE Gang)
HIST-00996,TASK-01039,2026-03-28T04:17:00,2026-03-28T06:14:00,Emergency restoration completed for ad-hoc fault: Point Machine Jammed,COMPLETED,117,T-302
HIST-00998,TASK-01041,2023-12-09T07:23:00,2023-12-09T09:35:00,Emergency restoration completed for ad-hoc fault: Point Machine Jammed,COMPLETED,132,T-102
HIST-01003,TASK-01046,2025-09-06T10:23:00,2025-09-06T12:17:00,Emergency restoration completed for ad-hoc fault: Track Circuit Cable Cut,COMPLETED,114,T-201 (Signal Staff)
HIST-01009,TASK-01052,2026-07-23T03:05:00,2026-07-23T05:13:00,Emergency restoration completed for ad-hoc fault: Point Machine Jammed,COMPLETED,128,T-302
HIST-01010,TASK-01053,2024-08-09T02:27:00,2024-08-09T04:28:00,Emergency restoration completed for ad-hoc fault: Lightning Surge Interlocking failure,COMPLETED,121,T-202
HIST-01012,TASK-01055,2023-08-20T23:31:00,2023-08-21T01:36:00,Routine PM: Quarterly Point Machine Overhaul & Lubrication.,COMPLETED,125,T-101 (Engineering Gang)
HIST-01013,TASK-01056,2023-11-18T23:59:00,2023-11-19T02:00:00,Routine PM: Quarterly Point Machine Overhaul & Lubrication.,COMPLETED,121,T-201 (Signal Staff)
HIST-01014,TASK-01057,2024-02-17T00:18:00,2024-02-17T02:15:00,Routine PM: Quarterly Point Machine Overhaul & Lubrication.,COMPLETED,117,T-201 (Signal Staff)
HIST-01015,TASK-01058,2024-05-16T23:55:00,2024-05-17T01:59:00,Routine PM: Quarterly Point Machine Overhaul & Lubrication.,COMPLETED,124,T-201 (Signal Staff)
HIST-01016,TASK-01059,2024-08-14T23:39:00,2024-08-15T01:35:00,Routine PM: Quarterly Point Machine Overhaul & Lubrication.,COMPLETED,116,T-302
HIST-01017,TASK-01060,2024-11-12T23:31:00,2024-11-13T01:25:00,Routine PM: Quarterly Point Machine Overhaul & Lubrication.,COMPLETED,114,T-302
HIST-01018,TASK-01061,2025-02-10T23:58:00,2025-02-11T02:03:00,Routine PM: Quarterly Point Machine Overhaul & Lubrication.,COMPLETED,125,T-201 (Signal Staff)
HIST-01019,TASK-01062,2025-05-11T23:31:00,2025-05-12T01:35:00,Routine PM: Quarterly Point Machine Overhaul & Lubrication.,COMPLETED,124,T-302
HIST-01020,TASK-01063,2025-08-10T00:26:00,2025-08-10T02:26:00,Routine PM: Quarterly Point Machine Overhaul & Lubrication.,COMPLETED,120,T-101 (Engineering Gang)
HIST-01021,TASK-01064,2025-11-08T00:23:00,2025-11-08T02:24:00,Routine PM: Quarterly Point Machine Overhaul & Lubrication.,COMPLETED,121,T-101 (Engineering Gang)
HIST-01022,TASK-01065,2026-02-05T23:34:00,2026-02-06T01:38:00,Routine PM: Quarterly Point Machine Overhaul & Lubrication.,COMPLETED,124,T-301 (OHE Gang)
HIST-01023,TASK-01066,2026-05-06T23:54:00,2026-05-07T01:55:00,Routine PM: Quarterly Point Machine Overhaul & Lubrication.,COMPLETED,121,T-101 (Engineering Gang)
HIST-01033,TASK-01076,2023-09-07T23:56:00,2023-09-08T01:51:00,Routine PM: Quarterly Point Machine Overhaul & Lubrication.,COMPLETED,115,T-101 (Engineering Gang)
HIST-01034,TASK-01077,2023-12-06T23:32:00,2023-12-07T01:29:00,Routine PM: Quarterly Point Machine Overhaul & Lubrication.,COMPLETED,117,T-202
HIST-01035,TASK-01078,2024-03-05T23:47:00,2024-03-06T01:45:00,Routine PM: Quarterly Point Machine Overhaul & Lubrication.,COMPLETED,118,T-101 (Engineering Gang)
HIST-01036,TASK-01079,2024-06-04T00:01:00,2024-06-04T01:57:00,Routine PM: Quarterly Point Machine Overhaul & Lubrication.,COMPLETED,116,T-301 (OHE Gang)
HIST-01037,TASK-01080,2024-09-02T00:12:00,2024-09-02T02:06:00,Routine PM: Quarterly Point Machine Overhaul & Lubrication.,COMPLETED,114,T-302
HIST-01038,TASK-01081,2024-12-01T00:30:00,2024-12-01T02:28:00,Routine PM: Quarterly Point Machine Overhaul & Lubrication.,COMPLETED,118,T-201 (Signal Staff)
HIST-01039,TASK-01082,2025-02-28T23:44:00,2025-03-01T01:45:00,Routine PM: Quarterly Point Machine Overhaul & Lubrication.,COMPLETED,121,T-101 (Engineering Gang)
HIST-01040,TASK-01083,2025-05-30T00:07:00,2025-05-30T02:05:00,Routine PM: Quarterly Point Machine Overhaul & Lubrication.,COMPLETED,118,T-201 (Signal Staff)
HIST-01041,TASK-01084,2025-08-27T23:33:00,2025-08-28T01:37:00,Routine PM: Quarterly Point Machine Overhaul & Lubrication.,COMPLETED,124,T-202
HIST-01042,TASK-01085,2025-11-26T00:23:00,2025-11-26T02:28:00,Routine PM: Quarterly Point Machine Overhaul & Lubrication.,COMPLETED,125,T-201 (Signal Staff)
HIST-01043,TASK-01086,2026-02-23T23:48:00,2026-02-24T01:53:00,Routine PM: Quarterly Point Machine Overhaul & Lubrication.,COMPLETED,125,T-102
HIST-01044,TASK-01087,2026-05-24T23:49:00,2026-05-25T01:44:00,Routine PM: Quarterly Point Machine Overhaul & Lubrication.,COMPLETED,115,T-201 (Signal Staff)
HIST-01057,TASK-01100,2023-09-18T23:55:00,2023-09-19T01:53:00,Routine PM: Quarterly Point Machine Overhaul & Lubrication.,COMPLETED,118,T-101 (Engineering Gang)
HIST-01058,TASK-01101,2023-12-17T23:44:00,2023-12-18T01:44:00,Routine PM: Quarterly Point Machine Overhaul & Lubrication.,COMPLETED,120,T-302
HIST-01059,TASK-01102,2024-03-17T00:27:00,2024-03-17T02:32:00,Routine PM: Quarterly Point Machine Overhaul & Lubrication.,COMPLETED,125,T-301 (OHE Gang)
HIST-01060,TASK-01103,2024-06-15T00:02:00,2024-06-15T02:04:00,Routine PM: Quarterly Point Machine Overhaul & Lubrication.,COMPLETED,122,T-302
HIST-01061,TASK-01104,2024-09-13T00:15:00,2024-09-13T02:20:00,Routine PM: Quarterly Point Machine Overhaul & Lubrication.,COMPLETED,125,T-102
HIST-01062,TASK-01105,2024-12-12T00:25:00,2024-12-12T02:27:00,Routine PM: Quarterly Point Machine Overhaul & Lubrication.,COMPLETED,122,T-302
HIST-01063,TASK-01106,2025-03-11T23:40:00,2025-03-12T01:34:00,Routine PM: Quarterly Point Machine Overhaul & Lubrication.,COMPLETED,114,T-202
HIST-01064,TASK-01107,2025-06-09T23:36:00,2025-06-10T01:39:00,Routine PM: Quarterly Point Machine Overhaul & Lubrication.,COMPLETED,123,T-202
HIST-01065,TASK-01108,2025-09-07T23:31:00,2025-09-08T01:26:00,Routine PM: Quarterly Point Machine Overhaul & Lubrication.,COMPLETED,115,T-201 (Signal Staff)
HIST-01066,TASK-01109,2025-12-06T23:30:00,2025-12-07T01:25:00,Routine PM: Quarterly Point Machine Overhaul & Lubrication.,COMPLETED,115,T-301 (OHE Gang)
HIST-01067,TASK-01110,2026-03-06T23:36:00,2026-03-07T01:37:00,Routine PM: Quarterly Point Machine Overhaul & Lubrication.,COMPLETED,121,T-202
HIST-01068,TASK-01111,2026-06-05T00:29:00,2026-06-05T02:30:00,Routine PM: Quarterly Point Machine Overhaul & Lubrication.,COMPLETED,121,T-102
HIST-01072,TASK-01115,2023-10-29T00:29:00,2023-10-29T02:24:00,Routine PM: Quarterly Point Machine Overhaul & Lubrication.,COMPLETED,115,T-102
HIST-01073,TASK-01116,2024-01-27T00:00:00,2024-01-27T02:01:00,Routine PM: Quarterly Point Machine Overhaul & Lubrication.,COMPLETED,121,T-101 (Engineering Gang)
HIST-01074,TASK-01117,2024-04-25T23:47:00,2024-04-26T01:45:00,Routine PM: Quarterly Point Machine Overhaul & Lubrication.,COMPLETED,118,T-102
HIST-01075,TASK-01118,2024-07-25T00:11:00,2024-07-25T02:06:00,Routine PM: Quarterly Point Machine Overhaul & Lubrication.,COMPLETED,115,T-201 (Signal Staff)
HIST-01076,TASK-01119,2024-10-23T00:13:00,2024-10-23T02:14:00,Routine PM: Quarterly Point Machine Overhaul & Lubrication.,COMPLETED,121,T-202
HIST-01077,TASK-01120,2025-01-21T00:10:00,2025-01-21T02:15:00,Routine PM: Quarterly Point Machine Overhaul & Lubrication.,COMPLETED,125,T-201 (Signal Staff)
HIST-01078,TASK-01121,2025-04-21T00:16:00,2025-04-21T02:17:00,Routine PM: Quarterly Point Machine Overhaul & Lubrication.,COMPLETED,121,T-102
HIST-01079,TASK-01122,2025-07-19T23:52:00,2025-07-20T01:51:00,Routine PM: Quarterly Point Machine Overhaul & Lubrication.,COMPLETED,119,T-302
HIST-01080,TASK-01123,2025-10-18T00:25:00,2025-10-18T02:26:00,Routine PM: Quarterly Point Machine Overhaul & Lubrication.,COMPLETED,121,T-302
HIST-01081,TASK-01124,2026-01-16T00:01:00,2026-01-16T02:04:00,Routine PM: Quarterly Point Machine Overhaul & Lubrication.,COMPLETED,123,T-201 (Signal Staff)
HIST-01082,TASK-01125,2026-04-15T23:30:00,2026-04-16T01:25:00,Routine PM: Quarterly Point Machine Overhaul & Lubrication.,COMPLETED,115,T-101 (Engineering Gang)
HIST-01083,TASK-01126,2026-07-14T23:46:00,2026-07-15T01:50:00,Routine PM: Quarterly Point Machine Overhaul & Lubrication.,COMPLETED,124,T-202
HIST-01090,TASK-01133,2023-10-11T00:30:00,2023-10-11T02:27:00,Routine PM: Quarterly Point Machine Overhaul & Lubrication.,COMPLETED,117,T-201 (Signal Staff)
HIST-01091,TASK-01134,2024-01-08T23:34:00,2024-01-09T01:38:00,Routine PM: Quarterly Point Machine Overhaul & Lubrication.,COMPLETED,124,T-301 (OHE Gang)
HIST-01092,TASK-01135,2024-04-08T00:07:00,2024-04-08T02:05:00,Routine PM: Quarterly Point Machine Overhaul & Lubrication.,COMPLETED,118,T-101 (Engineering Gang)
HIST-01093,TASK-01136,2024-07-07T00:05:00,2024-07-07T02:10:00,Routine PM: Quarterly Point Machine Overhaul & Lubrication.,COMPLETED,125,T-101 (Engineering Gang)
HIST-01094,TASK-01137,2024-10-04T23:39:00,2024-10-05T01:40:00,Routine PM: Quarterly Point Machine Overhaul & Lubrication.,COMPLETED,121,T-101 (Engineering Gang)
HIST-01095,TASK-01138,2025-01-02T23:57:00,2025-01-03T01:59:00,Routine PM: Quarterly Point Machine Overhaul & Lubrication.,COMPLETED,122,T-301 (OHE Gang)
HIST-01096,TASK-01139,2025-04-02T23:49:00,2025-04-03T01:48:00,Routine PM: Quarterly Point Machine Overhaul & Lubrication.,COMPLETED,119,T-301 (OHE Gang)
HIST-01097,TASK-01140,2025-07-01T23:57:00,2025-07-02T02:01:00,Routine PM: Quarterly Point Machine Overhaul & Lubrication.,COMPLETED,124,T-301 (OHE Gang)
HIST-01098,TASK-01141,2025-09-29T23:38:00,2025-09-30T01:41:00,Routine PM: Quarterly Point Machine Overhaul & Lubrication.,COMPLETED,123,T-302
HIST-01099,TASK-01142,2025-12-28T23:38:00,2025-12-29T01:39:00,Routine PM: Quarterly Point Machine Overhaul & Lubrication.,COMPLETED,121,T-201 (Signal Staff)
HIST-01100,TASK-01143,2026-03-28T23:56:00,2026-03-29T01:57:00,Routine PM: Quarterly Point Machine Overhaul & Lubrication.,COMPLETED,121,T-101 (Engineering Gang)
HIST-01101,TASK-01144,2026-06-27T00:20:00,2026-06-27T02:21:00,Routine PM: Quarterly Point Machine Overhaul & Lubrication.,COMPLETED,121,T-202
HIST-01102,TASK-01145,2023-10-21T00:30:00,2023-10-21T02:25:00,Routine PM: Quarterly Point Machine Overhaul & Lubrication.,COMPLETED,115,T-301 (OHE Gang)
HIST-01103,TASK-01146,2024-01-18T23:33:00,2024-01-19T01:34:00,Routine PM: Quarterly Point Machine Overhaul & Lubrication.,COMPLETED,121,T-101 (Engineering Gang)
HIST-01104,TASK-01147,2024-04-17T23:46:00,2024-04-18T01:48:00,Routine PM: Quarterly Point Machine Overhaul & Lubrication.,COMPLETED,122,T-302
HIST-01105,TASK-01148,2024-07-16T23:49:00,2024-07-17T01:48:00,Routine PM: Quarterly Point Machine Overhaul & Lubrication.,COMPLETED,119,T-201 (Signal Staff)
HIST-01106,TASK-01149,2024-10-15T00:23:00,2024-10-15T02:19:00,Routine PM: Quarterly Point Machine Overhaul & Lubrication.,COMPLETED,116,T-101 (Engineering Gang)
HIST-01107,TASK-01150,2025-01-12T23:58:00,2025-01-13T01:55:00,Routine PM: Quarterly Point Machine Overhaul & Lubrication.,COMPLETED,117,T-102
HIST-01108,TASK-01151,2025-04-12T23:33:00,2025-04-13T01:36:00,Routine PM: Quarterly Point Machine Overhaul & Lubrication.,COMPLETED,123,T-101 (Engineering Gang)
HIST-01109,TASK-01152,2025-07-11T23:40:00,2025-07-12T01:36:00,Routine PM: Quarterly Point Machine Overhaul & Lubrication.,COMPLETED,116,T-201 (Signal Staff)
HIST-01110,TASK-01153,2025-10-09T23:51:00,2025-10-10T01:48:00,Routine PM: Quarterly Point Machine Overhaul & Lubrication.,COMPLETED,117,T-201 (Signal Staff)
HIST-01111,TASK-01154,2026-01-08T00:12:00,2026-01-08T02:13:00,Routine PM: Quarterly Point Machine Overhaul & Lubrication.,COMPLETED,121,T-201 (Signal Staff)
HIST-01112,TASK-01155,2026-04-07T23:46:00,2026-04-08T01:48:00,Routine PM: Quarterly Point Machine Overhaul & Lubrication.,COMPLETED,122,T-102
HIST-01113,TASK-01156,2026-07-06T23:56:00,2026-07-07T01:52:00,Routine PM: Quarterly Point Machine Overhaul & Lubrication.,COMPLETED,116,T-201 (Signal Staff)
HIST-01114,TASK-01157,2023-10-23T23:31:00,2023-10-24T01:35:00,Routine PM: Quarterly Point Machine Overhaul & Lubrication.,COMPLETED,124,T-301 (OHE Gang)
HIST-01115,TASK-01158,2024-01-21T23:49:00,2024-01-22T01:54:00,Routine PM: Quarterly Point Machine Overhaul & Lubrication.,COMPLETED,125,T-102
HIST-01116,TASK-01159,2024-04-20T23:53:00,2024-04-21T01:50:00,Routine PM: Quarterly Point Machine Overhaul & Lubrication.,COMPLETED,117,T-101 (Engineering Gang)
HIST-01117,TASK-01160,2024-07-19T23:36:00,2024-07-20T01:34:00,Routine PM: Quarterly Point Machine Overhaul & Lubrication.,COMPLETED,118,T-102
HIST-01118,TASK-01161,2024-10-18T00:09:00,2024-10-18T02:03:00,Routine PM: Quarterly Point Machine Overhaul & Lubrication.,COMPLETED,114,T-202
HIST-01119,TASK-01162,2025-01-15T23:47:00,2025-01-16T01:47:00,Routine PM: Quarterly Point Machine Overhaul & Lubrication.,COMPLETED,120,T-202
HIST-01120,TASK-01163,2025-04-15T23:37:00,2025-04-16T01:36:00,Routine PM: Quarterly Point Machine Overhaul & Lubrication.,COMPLETED,119,T-202
HIST-01121,TASK-01164,2025-07-14T23:43:00,2025-07-15T01:39:00,Routine PM: Quarterly Point Machine Overhaul & Lubrication.,COMPLETED,116,T-202
HIST-01122,TASK-01165,2025-10-13T00:17:00,2025-10-13T02:15:00,Routine PM: Quarterly Point Machine Overhaul & Lubrication.,COMPLETED,118,T-302
HIST-01123,TASK-01166,2026-01-11T00:27:00,2026-01-11T02:22:00,Routine PM: Quarterly Point Machine Overhaul & Lubrication.,COMPLETED,115,T-202
HIST-01124,TASK-01167,2026-04-10T23:40:00,2026-04-11T01:43:00,Routine PM: Quarterly Point Machine Overhaul & Lubrication.,COMPLETED,123,T-102
HIST-01125,TASK-01168,2026-07-10T00:11:00,2026-07-10T02:12:00,Routine PM: Quarterly Point Machine Overhaul & Lubrication.,COMPLETED,121,T-301 (OHE Gang)
HIST-01138,TASK-01181,2023-10-29T00:26:00,2023-10-29T02:22:00,Routine PM: Quarterly Point Machine Overhaul & Lubrication.,COMPLETED,116,T-102
HIST-01139,TASK-01182,2024-01-26T23:37:00,2024-01-27T01:31:00,Routine PM: Quarterly Point Machine Overhaul & Lubrication.,COMPLETED,114,T-202
HIST-01140,TASK-01183,2024-04-25T23:52:00,2024-04-26T01:53:00,Routine PM: Quarterly Point Machine Overhaul & Lubrication.,COMPLETED,121,T-101 (Engineering Gang)
HIST-01141,TASK-01184,2024-07-24T23:46:00,2024-07-25T01:42:00,Routine PM: Quarterly Point Machine Overhaul & Lubrication.,COMPLETED,116,T-302
HIST-01142,TASK-01185,2024-10-23T00:24:00,2024-10-23T02:19:00,Routine PM: Quarterly Point Machine Overhaul & Lubrication.,COMPLETED,115,T-302
HIST-01143,TASK-01186,2025-01-20T23:51:00,2025-01-21T01:46:00,Routine PM: Quarterly Point Machine Overhaul & Lubrication.,COMPLETED,115,T-201 (Signal Staff)
HIST-01144,TASK-01187,2025-04-20T23:41:00,2025-04-21T01:46:00,Routine PM: Quarterly Point Machine Overhaul & Lubrication.,COMPLETED,125,T-302
HIST-01145,TASK-01188,2025-07-20T00:25:00,2025-07-20T02:27:00,Routine PM: Quarterly Point Machine Overhaul & Lubrication.,COMPLETED,122,T-102
HIST-01146,TASK-01189,2025-10-17T23:51:00,2025-10-18T01:54:00,Routine PM: Quarterly Point Machine Overhaul & Lubrication.,COMPLETED,123,T-101 (Engineering Gang)
HIST-01147,TASK-01190,2026-01-16T00:04:00,2026-01-16T02:07:00,Routine PM: Quarterly Point Machine Overhaul & Lubrication.,COMPLETED,123,T-101 (Engineering Gang)
HIST-01148,TASK-01191,2026-04-16T00:25:00,2026-04-16T02:29:00,Routine PM: Quarterly Point Machine Overhaul & Lubrication.,COMPLETED,124,T-202
HIST-01149,TASK-01192,2026-07-14T23:32:00,2026-07-15T01:35:00,Routine PM: Quarterly Point Machine Overhaul & Lubrication.,COMPLETED,123,T-201 (Signal Staff)
HIST-01150,TASK-01193,2023-10-22T00:24:00,2023-10-22T02:20:00,Routine PM: Quarterly Point Machine Overhaul & Lubrication.,COMPLETED,116,T-202
HIST-01151,TASK-01194,2024-01-20T00:19:00,2024-01-20T02:24:00,Routine PM: Quarterly Point Machine Overhaul & Lubrication.,COMPLETED,125,T-101 (Engineering Gang)
HIST-01152,TASK-01195,2024-04-19T00:24:00,2024-04-19T02:28:00,Routine PM: Quarterly Point Machine Overhaul & Lubrication.,COMPLETED,124,T-201 (Signal Staff)
HIST-01153,TASK-01196,2024-07-17T23:30:00,2024-07-18T01:35:00,Routine PM: Quarterly Point Machine Overhaul & Lubrication.,COMPLETED,125,T-102
HIST-01154,TASK-01197,2024-10-15T23:44:00,2024-10-16T01:48:00,Routine PM: Quarterly Point Machine Overhaul & Lubrication.,COMPLETED,124,T-302
HIST-01155,TASK-01198,2025-01-14T00:12:00,2025-01-14T02:12:00,Routine PM: Quarterly Point Machine Overhaul & Lubrication.,COMPLETED,120,T-101 (Engineering Gang)
HIST-01156,TASK-01199,2025-04-13T23:44:00,2025-04-14T01:44:00,Routine PM: Quarterly Point Machine Overhaul & Lubrication.,COMPLETED,120,T-202
HIST-01157,TASK-01200,2025-07-12T23:48:00,2025-07-13T01:42:00,Routine PM: Quarterly Point Machine Overhaul & Lubrication.,COMPLETED,114,T-302
HIST-01158,TASK-01201,2025-10-10T23:57:00,2025-10-11T01:58:00,Routine PM: Quarterly Point Machine Overhaul & Lubrication.,COMPLETED,121,T-102
HIST-01159,TASK-01202,2026-01-09T00:20:00,2026-01-09T02:18:00,Routine PM: Quarterly Point Machine Overhaul & Lubrication.,COMPLETED,118,T-201 (Signal Staff)
HIST-01160,TASK-01203,2026-04-09T00:14:00,2026-04-09T02:16:00,Routine PM: Quarterly Point Machine Overhaul & Lubrication.,COMPLETED,122,T-101 (Engineering Gang)
HIST-01161,TASK-01204,2026-07-08T00:07:00,2026-07-08T02:11:00,Routine PM: Quarterly Point Machine Overhaul & Lubrication.,COMPLETED,124,T-101 (Engineering Gang)
HIST-01168,TASK-01211,2023-09-23T23:45:00,2023-09-24T01:45:00,Routine PM: Quarterly Point Machine Overhaul & Lubrication.,COMPLETED,120,T-102
HIST-01169,TASK-01212,2023-12-23T00:00:00,2023-12-23T01:56:00,Routine PM: Quarterly Point Machine Overhaul & Lubrication.,COMPLETED,116,T-302
HIST-01170,TASK-01213,2024-03-21T23:49:00,2024-03-22T01:45:00,Routine PM: Quarterly Point Machine Overhaul & Lubrication.,COMPLETED,116,T-302
HIST-01171,TASK-01214,2024-06-20T00:29:00,2024-06-20T02:30:00,Routine PM: Quarterly Point Machine Overhaul & Lubrication.,COMPLETED,121,T-302
HIST-01172,TASK-01215,2024-09-18T00:21:00,2024-09-18T02:19:00,Routine PM: Quarterly Point Machine Overhaul & Lubrication.,COMPLETED,118,T-102
HIST-01173,TASK-01216,2024-12-16T23:57:00,2024-12-17T01:58:00,Routine PM: Quarterly Point Machine Overhaul & Lubrication.,COMPLETED,121,T-202
HIST-01174,TASK-01217,2025-03-17T00:28:00,2025-03-17T02:27:00,Routine PM: Quarterly Point Machine Overhaul & Lubrication.,COMPLETED,119,T-201 (Signal Staff)
HIST-01175,TASK-01218,2025-06-15T00:06:00,2025-06-15T02:04:00,Routine PM: Quarterly Point Machine Overhaul & Lubrication.,COMPLETED,118,T-302
HIST-01176,TASK-01219,2025-09-12T23:56:00,2025-09-13T01:52:00,Routine PM: Quarterly Point Machine Overhaul & Lubrication.,COMPLETED,116,T-302
HIST-01177,TASK-01220,2025-12-12T00:00:00,2025-12-12T01:56:00,Routine PM: Quarterly Point Machine Overhaul & Lubrication.,COMPLETED,116,T-301 (OHE Gang)
HIST-01178,TASK-01221,2026-03-12T00:30:00,2026-03-12T02:26:00,Routine PM: Quarterly Point Machine Overhaul & Lubrication.,COMPLETED,116,T-101 (Engineering Gang)
HIST-01179,TASK-01222,2026-06-09T23:42:00,2026-06-10T01:44:00,Routine PM: Quarterly Point Machine Overhaul & Lubrication.,COMPLETED,122,T-302
HIST-01186,TASK-01229,2023-10-21T00:11:00,2023-10-21T02:15:00,Routine PM: Quarterly Point Machine Overhaul & Lubrication.,COMPLETED,124,T-201 (Signal Staff)
HIST-01187,TASK-01230,2024-01-19T00:30:00,2024-01-19T02:30:00,Routine PM: Quarterly Point Machine Overhaul & Lubrication.,COMPLETED,120,T-202
HIST-01188,TASK-01231,2024-04-17T23:58:00,2024-04-18T01:56:00,Routine PM: Quarterly Point Machine Overhaul & Lubrication.,COMPLETED,118,T-302
HIST-01189,TASK-01232,2024-07-17T00:05:00,2024-07-17T02:00:00,Routine PM: Quarterly Point Machine Overhaul & Lubrication.,COMPLETED,115,T-302
HIST-01190,TASK-01233,2024-10-15T00:17:00,2024-10-15T02:16:00,Routine PM: Quarterly Point Machine Overhaul & Lubrication.,COMPLETED,119,T-301 (OHE Gang)
HIST-01191,TASK-01234,2025-01-13T00:21:00,2025-01-13T02:23:00,Routine PM: Quarterly Point Machine Overhaul & Lubrication.,COMPLETED,122,T-101 (Engineering Gang)
HIST-01192,TASK-01235,2025-04-13T00:07:00,2025-04-13T02:02:00,Routine PM: Quarterly Point Machine Overhaul & Lubrication.,COMPLETED,115,T-101 (Engineering Gang)
HIST-01193,TASK-01236,2025-07-11T23:40:00,2025-07-12T01:42:00,Routine PM: Quarterly Point Machine Overhaul & Lubrication.,COMPLETED,122,T-201 (Signal Staff)
HIST-01194,TASK-01237,2025-10-10T00:25:00,2025-10-10T02:21:00,Routine PM: Quarterly Point Machine Overhaul & Lubrication.,COMPLETED,116,T-302
HIST-01195,TASK-01238,2026-01-07T23:45:00,2026-01-08T01:44:00,Routine PM: Quarterly Point Machine Overhaul & Lubrication.,COMPLETED,119,T-302
HIST-01196,TASK-01239,2026-04-08T00:12:00,2026-04-08T02:08:00,Routine PM: Quarterly Point Machine Overhaul & Lubrication.,COMPLETED,116,T-201 (Signal Staff)
HIST-01197,TASK-01240,2026-07-07T00:04:00,2026-07-07T01:58:00,Routine PM: Quarterly Point Machine Overhaul & Lubrication.,COMPLETED,114,T-201 (Signal Staff)
HIST-01201,TASK-01244,2023-08-31T00:21:00,2023-08-31T02:20:00,Routine PM: Quarterly Point Machine Overhaul & Lubrication.,COMPLETED,119,T-202
HIST-01202,TASK-01245,2023-11-28T23:39:00,2023-11-29T01:37:00,Routine PM: Quarterly Point Machine Overhaul & Lubrication.,COMPLETED,118,T-101 (Engineering Gang)
HIST-01203,TASK-01246,2024-02-26T23:36:00,2024-02-27T01:38:00,Routine PM: Quarterly Point Machine Overhaul & Lubrication.,COMPLETED,122,T-301 (OHE Gang)
HIST-01204,TASK-01247,2024-05-26T23:59:00,2024-05-27T01:57:00,Routine PM: Quarterly Point Machine Overhaul & Lubrication.,COMPLETED,118,T-201 (Signal Staff)
HIST-01205,TASK-01248,2024-08-24T23:31:00,2024-08-25T01:30:00,Routine PM: Quarterly Point Machine Overhaul & Lubrication.,COMPLETED,119,T-301 (OHE Gang)
HIST-01206,TASK-01249,2024-11-22T23:59:00,2024-11-23T01:59:00,Routine PM: Quarterly Point Machine Overhaul & Lubrication.,COMPLETED,120,T-201 (Signal Staff)
HIST-01207,TASK-01250,2025-02-21T00:16:00,2025-02-21T02:14:00,Routine PM: Quarterly Point Machine Overhaul & Lubrication.,COMPLETED,118,T-101 (Engineering Gang)
HIST-01208,TASK-01251,2025-05-21T23:47:00,2025-05-22T01:50:00,Routine PM: Quarterly Point Machine Overhaul & Lubrication.,COMPLETED,123,T-301 (OHE Gang)
HIST-01209,TASK-01252,2025-08-20T00:29:00,2025-08-20T02:27:00,Routine PM: Quarterly Point Machine Overhaul & Lubrication.,COMPLETED,118,T-102
HIST-01210,TASK-01253,2025-11-18T00:25:00,2025-11-18T02:22:00,Routine PM: Quarterly Point Machine Overhaul & Lubrication.,COMPLETED,117,T-201 (Signal Staff)
HIST-01211,TASK-01254,2026-02-15T23:34:00,2026-02-16T01:35:00,Routine PM: Quarterly Point Machine Overhaul & Lubrication.,COMPLETED,121,T-102
HIST-01212,TASK-01255,2026-05-17T00:02:00,2026-05-17T02:02:00,Routine PM: Quarterly Point Machine Overhaul & Lubrication.,COMPLETED,120,T-202
HIST-01219,TASK-01262,2023-10-15T00:02:00,2023-10-15T02:04:00,Routine PM: Quarterly Point Machine Overhaul & Lubrication.,COMPLETED,122,T-101 (Engineering Gang)
HIST-01220,TASK-01263,2024-01-12T23:55:00,2024-01-13T01:53:00,Routine PM: Quarterly Point Machine Overhaul & Lubrication.,COMPLETED,118,T-102
HIST-01221,TASK-01264,2024-04-11T23:30:00,2024-04-12T01:30:00,Routine PM: Quarterly Point Machine Overhaul & Lubrication.,COMPLETED,120,T-101 (Engineering Gang)
HIST-01222,TASK-01265,2024-07-11T00:26:00,2024-07-11T02:28:00,Routine PM: Quarterly Point Machine Overhaul & Lubrication.,COMPLETED,122,T-301 (OHE Gang)
HIST-01223,TASK-01266,2024-10-09T00:27:00,2024-10-09T02:21:00,Routine PM: Quarterly Point Machine Overhaul & Lubrication.,COMPLETED,114,T-302
HIST-01224,TASK-01267,2025-01-07T00:09:00,2025-01-07T02:03:00,Routine PM: Quarterly Point Machine Overhaul & Lubrication.,COMPLETED,114,T-302
HIST-01225,TASK-01268,2025-04-06T23:38:00,2025-04-07T01:35:00,Routine PM: Quarterly Point Machine Overhaul & Lubrication.,COMPLETED,117,T-102
HIST-01226,TASK-01269,2025-07-06T00:21:00,2025-07-06T02:23:00,Routine PM: Quarterly Point Machine Overhaul & Lubrication.,COMPLETED,122,T-202
HIST-01227,TASK-01270,2025-10-04T00:03:00,2025-10-04T02:06:00,Routine PM: Quarterly Point Machine Overhaul & Lubrication.,COMPLETED,123,T-102
HIST-01228,TASK-01271,2026-01-01T23:34:00,2026-01-02T01:33:00,Routine PM: Quarterly Point Machine Overhaul & Lubrication.,COMPLETED,119,T-301 (OHE Gang)
HIST-01229,TASK-01272,2026-04-02T00:14:00,2026-04-02T02:12:00,Routine PM: Quarterly Point Machine Overhaul & Lubrication.,COMPLETED,118,T-202
HIST-01230,TASK-01273,2026-06-30T23:59:00,2026-07-01T01:55:00,Routine PM: Quarterly Point Machine Overhaul & Lubrication.,COMPLETED,116,T-102
HIST-01231,TASK-01274,2023-09-09T23:35:00,2023-09-10T01:32:00,Routine PM: Quarterly Point Machine Overhaul & Lubrication.,COMPLETED,117,T-201 (Signal Staff)
HIST-01232,TASK-01275,2023-12-09T00:14:00,2023-12-09T02:09:00,Routine PM: Quarterly Point Machine Overhaul & Lubrication.,COMPLETED,115,T-101 (Engineering Gang)
HIST-01233,TASK-01276,2024-03-07T23:42:00,2024-03-08T01:41:00,Routine PM: Quarterly Point Machine Overhaul & Lubrication.,COMPLETED,119,T-201 (Signal Staff)
HIST-01234,TASK-01277,2024-06-06T00:18:00,2024-06-06T02:13:00,Routine PM: Quarterly Point Machine Overhaul & Lubrication.,COMPLETED,115,T-302
HIST-01235,TASK-01278,2024-09-03T23:42:00,2024-09-04T01:42:00,Routine PM: Quarterly Point Machine Overhaul & Lubrication.,COMPLETED,120,T-101 (Engineering Gang)
HIST-01236,TASK-01279,2024-12-02T23:49:00,2024-12-03T01:47:00,Routine PM: Quarterly Point Machine Overhaul & Lubrication.,COMPLETED,118,T-302
HIST-01237,TASK-01280,2025-03-02T23:44:00,2025-03-03T01:38:00,Routine PM: Quarterly Point Machine Overhaul & Lubrication.,COMPLETED,114,T-302
HIST-01238,TASK-01281,2025-06-01T00:03:00,2025-06-01T02:06:00,Routine PM: Quarterly Point Machine Overhaul & Lubrication.,COMPLETED,123,T-201 (Signal Staff)
HIST-01239,TASK-01282,2025-08-29T23:47:00,2025-08-30T01:47:00,Routine PM: Quarterly Point Machine Overhaul & Lubrication.,COMPLETED,120,T-302
HIST-01240,TASK-01283,2025-11-27T23:35:00,2025-11-28T01:33:00,Routine PM: Quarterly Point Machine Overhaul & Lubrication.,COMPLETED,118,T-102
HIST-01241,TASK-01284,2026-02-25T23:56:00,2026-02-26T01:53:00,Routine PM: Quarterly Point Machine Overhaul & Lubrication.,COMPLETED,117,T-201 (Signal Staff)
HIST-01242,TASK-01285,2026-05-27T00:16:00,2026-05-27T02:15:00,Routine PM: Quarterly Point Machine Overhaul & Lubrication.,COMPLETED,119,T-202
HIST-01264,TASK-01307,2023-09-15T23:58:00,2023-09-16T01:59:00,Routine PM: Quarterly Point Machine Overhaul & Lubrication.,COMPLETED,121,T-201 (Signal Staff)
HIST-01265,TASK-01308,2023-12-15T00:08:00,2023-12-15T02:09:00,Routine PM: Quarterly Point Machine Overhaul & Lubrication.,COMPLETED,121,T-301 (OHE Gang)
HIST-01266,TASK-01309,2024-03-14T00:27:00,2024-03-14T02:28:00,Routine PM: Quarterly Point Machine Overhaul & Lubrication.,COMPLETED,121,T-201 (Signal Staff)
HIST-01267,TASK-01310,2024-06-12T00:30:00,2024-06-12T02:33:00,Routine PM: Quarterly Point Machine Overhaul & Lubrication.,COMPLETED,123,T-101 (Engineering Gang)
HIST-01268,TASK-01311,2024-09-10T00:19:00,2024-09-10T02:19:00,Routine PM: Quarterly Point Machine Overhaul & Lubrication.,COMPLETED,120,T-201 (Signal Staff)
HIST-01269,TASK-01312,2024-12-09T00:20:00,2024-12-09T02:16:00,Routine PM: Quarterly Point Machine Overhaul & Lubrication.,COMPLETED,116,T-102
HIST-01270,TASK-01313,2025-03-09T00:11:00,2025-03-09T02:16:00,Routine PM: Quarterly Point Machine Overhaul & Lubrication.,COMPLETED,125,T-101 (Engineering Gang)
HIST-01271,TASK-01314,2025-06-06T23:47:00,2025-06-07T01:46:00,Routine PM: Quarterly Point Machine Overhaul & Lubrication.,COMPLETED,119,T-301 (OHE Gang)
HIST-01272,TASK-01315,2025-09-04T23:45:00,2025-09-05T01:46:00,Routine PM: Quarterly Point Machine Overhaul & Lubrication.,COMPLETED,121,T-201 (Signal Staff)
HIST-01273,TASK-01316,2025-12-04T00:22:00,2025-12-04T02:25:00,Routine PM: Quarterly Point Machine Overhaul & Lubrication.,COMPLETED,123,T-202
HIST-01274,TASK-01317,2026-03-04T00:03:00,2026-03-04T02:05:00,Routine PM: Quarterly Point Machine Overhaul & Lubrication.,COMPLETED,122,T-201 (Signal Staff)
HIST-01275,TASK-01318,2026-06-02T00:30:00,2026-06-02T02:35:00,Routine PM: Quarterly Point Machine Overhaul & Lubrication.,COMPLETED,125,T-201 (Signal Staff)
HIST-01285,TASK-01328,2023-09-04T00:05:00,2023-09-04T02:09:00,Routine PM: Quarterly Point Machine Overhaul & Lubrication.,COMPLETED,124,T-101 (Engineering Gang)
HIST-01286,TASK-01329,2023-12-02T23:46:00,2023-12-03T01:43:00,Routine PM: Quarterly Point Machine Overhaul & Lubrication.,COMPLETED,117,T-101 (Engineering Gang)
HIST-01287,TASK-01330,2024-03-02T00:26:00,2024-03-02T02:30:00,Routine PM: Quarterly Point Machine Overhaul & Lubrication.,COMPLETED,124,T-101 (Engineering Gang)
HIST-01288,TASK-01331,2024-05-31T00:05:00,2024-05-31T02:01:00,Routine PM: Quarterly Point Machine Overhaul & Lubrication.,COMPLETED,116,T-102
HIST-01289,TASK-01332,2024-08-28T23:38:00,2024-08-29T01:35:00,Routine PM: Quarterly Point Machine Overhaul & Lubrication.,COMPLETED,117,T-102
HIST-01290,TASK-01333,2024-11-26T23:49:00,2024-11-27T01:49:00,Routine PM: Quarterly Point Machine Overhaul & Lubrication.,COMPLETED,120,T-102
HIST-01291,TASK-01334,2025-02-24T23:41:00,2025-02-25T01:37:00,Routine PM: Quarterly Point Machine Overhaul & Lubrication.,COMPLETED,116,T-102
HIST-01292,TASK-01335,2025-05-26T00:04:00,2025-05-26T02:05:00,Routine PM: Quarterly Point Machine Overhaul & Lubrication.,COMPLETED,121,T-202
HIST-01293,TASK-01336,2025-08-23T23:57:00,2025-08-24T01:59:00,Routine PM: Quarterly Point Machine Overhaul & Lubrication.,COMPLETED,122,T-102
HIST-01294,TASK-01337,2025-11-22T00:29:00,2025-11-22T02:25:00,Routine PM: Quarterly Point Machine Overhaul & Lubrication.,COMPLETED,116,T-201 (Signal Staff)
HIST-01295,TASK-01338,2026-02-20T00:21:00,2026-02-20T02:20:00,Routine PM: Quarterly Point Machine Overhaul & Lubrication.,COMPLETED,119,T-102
HIST-01296,TASK-01339,2026-05-20T23:31:00,2026-05-21T01:33:00,Routine PM: Quarterly Point Machine Overhaul & Lubrication.,COMPLETED,122,T-201 (Signal Staff)
HIST-01303,TASK-01346,2023-09-13T00:26:00,2023-09-13T02:24:00,Routine PM: Quarterly Point Machine Overhaul & Lubrication.,COMPLETED,118,T-302
HIST-01304,TASK-01347,2023-12-11T23:45:00,2023-12-12T01:47:00,Routine PM: Quarterly Point Machine Overhaul & Lubrication.,COMPLETED,122,T-102
HIST-01305,TASK-01348,2024-03-11T00:17:00,2024-03-11T02:21:00,Routine PM: Quarterly Point Machine Overhaul & Lubrication.,COMPLETED,124,T-301 (OHE Gang)
HIST-01306,TASK-01349,2024-06-08T23:56:00,2024-06-09T01:59:00,Routine PM: Quarterly Point Machine Overhaul & Lubrication.,COMPLETED,123,T-202
HIST-01307,TASK-01350,2024-09-06T23:47:00,2024-09-07T01:45:00,Routine PM: Quarterly Point Machine Overhaul & Lubrication.,COMPLETED,118,T-301 (OHE Gang)
HIST-01308,TASK-01351,2024-12-06T00:00:00,2024-12-06T01:59:00,Routine PM: Quarterly Point Machine Overhaul & Lubrication.,COMPLETED,119,T-302
HIST-01309,TASK-01352,2025-03-06T00:01:00,2025-03-06T02:05:00,Routine PM: Quarterly Point Machine Overhaul & Lubrication.,COMPLETED,124,T-301 (OHE Gang)
HIST-01310,TASK-01353,2025-06-04T00:06:00,2025-06-04T02:01:00,Routine PM: Quarterly Point Machine Overhaul & Lubrication.,COMPLETED,115,T-202
HIST-01311,TASK-01354,2025-09-01T23:47:00,2025-09-02T01:52:00,Routine PM: Quarterly Point Machine Overhaul & Lubrication.,COMPLETED,125,T-202
HIST-01312,TASK-01355,2025-11-30T23:44:00,2025-12-01T01:42:00,Routine PM: Quarterly Point Machine Overhaul & Lubrication.,COMPLETED,118,T-202
HIST-01313,TASK-01356,2026-03-01T00:13:00,2026-03-01T02:18:00,Routine PM: Quarterly Point Machine Overhaul & Lubrication.,COMPLETED,125,T-202
HIST-01314,TASK-01357,2026-05-30T00:28:00,2026-05-30T02:30:00,Routine PM: Quarterly Point Machine Overhaul & Lubrication.,COMPLETED,122,T-102
HIST-01315,TASK-01358,2023-09-21T23:49:00,2023-09-22T01:49:00,Routine PM: Quarterly Point Machine Overhaul & Lubrication.,COMPLETED,120,T-202
HIST-01316,TASK-01359,2023-12-21T00:27:00,2023-12-21T02:22:00,Routine PM: Quarterly Point Machine Overhaul & Lubrication.,COMPLETED,115,T-202
HIST-01317,TASK-01360,2024-03-20T00:26:00,2024-03-20T02:31:00,Routine PM: Quarterly Point Machine Overhaul & Lubrication.,COMPLETED,125,T-101 (Engineering Gang)
HIST-01318,TASK-01361,2024-06-17T23:48:00,2024-06-18T01:43:00,Routine PM: Quarterly Point Machine Overhaul & Lubrication.,COMPLETED,115,T-301 (OHE Gang)
HIST-01319,TASK-01362,2024-09-15T23:50:00,2024-09-16T01:44:00,Routine PM: Quarterly Point Machine Overhaul & Lubrication.,COMPLETED,114,T-301 (OHE Gang)
HIST-01320,TASK-01363,2024-12-15T00:23:00,2024-12-15T02:27:00,Routine PM: Quarterly Point Machine Overhaul & Lubrication.,COMPLETED,124,T-102
HIST-01321,TASK-01364,2025-03-15T00:10:00,2025-03-15T02:04:00,Routine PM: Quarterly Point Machine Overhaul & Lubrication.,COMPLETED,114,T-101 (Engineering Gang)
HIST-01322,TASK-01365,2025-06-13T00:00:00,2025-06-13T02:03:00,Routine PM: Quarterly Point Machine Overhaul & Lubrication.,COMPLETED,123,T-201 (Signal Staff)
HIST-01323,TASK-01366,2025-09-11T00:09:00,2025-09-11T02:06:00,Routine PM: Quarterly Point Machine Overhaul & Lubrication.,COMPLETED,117,T-202
HIST-01324,TASK-01367,2025-12-10T00:05:00,2025-12-10T02:05:00,Routine PM: Quarterly Point Machine Overhaul & Lubrication.,COMPLETED,120,T-101 (Engineering Gang)
HIST-01325,TASK-01368,2026-03-10T00:28:00,2026-03-10T02:26:00,Routine PM: Quarterly Point Machine Overhaul & Lubrication.,COMPLETED,118,T-101 (Engineering Gang)
HIST-01326,TASK-01369,2026-06-08T00:16:00,2026-06-08T02:10:00,Routine PM: Quarterly Point Machine Overhaul & Lubrication.,COMPLETED,114,T-201 (Signal Staff)
HIST-01345,TASK-01388,2023-09-25T00:00:00,2023-09-25T01:57:00,Routine PM: Quarterly Point Machine Overhaul & Lubrication.,COMPLETED,117,T-102
HIST-01346,TASK-01389,2023-12-23T23:43:00,2023-12-24T01:44:00,Routine PM: Quarterly Point Machine Overhaul & Lubrication.,COMPLETED,121,T-202
HIST-01347,TASK-01390,2024-03-22T23:34:00,2024-03-23T01:39:00,Routine PM: Quarterly Point Machine Overhaul & Lubrication.,COMPLETED,125,T-302
HIST-01348,TASK-01391,2024-06-21T00:28:00,2024-06-21T02:29:00,Routine PM: Quarterly Point Machine Overhaul & Lubrication.,COMPLETED,121,T-302
HIST-01349,TASK-01392,2024-09-19T00:17:00,2024-09-19T02:20:00,Routine PM: Quarterly Point Machine Overhaul & Lubrication.,COMPLETED,123,T-301 (OHE Gang)
HIST-01350,TASK-01393,2024-12-17T23:55:00,2024-12-18T01:49:00,Routine PM: Quarterly Point Machine Overhaul & Lubrication.,COMPLETED,114,T-301 (OHE Gang)
HIST-01351,TASK-01394,2025-03-17T23:50:00,2025-03-18T01:49:00,Routine PM: Quarterly Point Machine Overhaul & Lubrication.,COMPLETED,119,T-202
HIST-01352,TASK-01395,2025-06-16T00:15:00,2025-06-16T02:16:00,Routine PM: Quarterly Point Machine Overhaul & Lubrication.,COMPLETED,121,T-301 (OHE Gang)
HIST-01353,TASK-01396,2025-09-13T23:37:00,2025-09-14T01:31:00,Routine PM: Quarterly Point Machine Overhaul & Lubrication.,COMPLETED,114,T-102
HIST-01354,TASK-01397,2025-12-12T23:30:00,2025-12-13T01:33:00,Routine PM: Quarterly Point Machine Overhaul & Lubrication.,COMPLETED,123,T-302
HIST-01355,TASK-01398,2026-03-12T23:57:00,2026-03-13T02:02:00,Routine PM: Quarterly Point Machine Overhaul & Lubrication.,COMPLETED,125,T-101 (Engineering Gang)
HIST-01356,TASK-01399,2026-06-10T23:56:00,2026-06-11T02:00:00,Routine PM: Quarterly Point Machine Overhaul & Lubrication.,COMPLETED,124,T-302
HIST-01363,TASK-01406,2023-09-11T23:44:00,2023-09-12T01:47:00,Routine PM: Quarterly Point Machine Overhaul & Lubrication.,COMPLETED,123,T-102
HIST-01364,TASK-01407,2023-12-11T00:25:00,2023-12-11T02:26:00,Routine PM: Quarterly Point Machine Overhaul & Lubrication.,COMPLETED,121,T-102
HIST-01365,TASK-01408,2024-03-09T23:51:00,2024-03-10T01:50:00,Routine PM: Quarterly Point Machine Overhaul & Lubrication.,COMPLETED,119,T-301 (OHE Gang)
HIST-01366,TASK-01409,2024-06-07T23:46:00,2024-06-08T01:44:00,Routine PM: Quarterly Point Machine Overhaul & Lubrication.,COMPLETED,118,T-101 (Engineering Gang)
HIST-01367,TASK-01410,2024-09-05T23:54:00,2024-09-06T01:54:00,Routine PM: Quarterly Point Machine Overhaul & Lubrication.,COMPLETED,120,T-301 (OHE Gang)
HIST-01368,TASK-01411,2024-12-05T00:19:00,2024-12-05T02:24:00,Routine PM: Quarterly Point Machine Overhaul & Lubrication.,COMPLETED,125,T-102
HIST-01369,TASK-01412,2025-03-04T23:31:00,2025-03-05T01:29:00,Routine PM: Quarterly Point Machine Overhaul & Lubrication.,COMPLETED,118,T-201 (Signal Staff)
HIST-01370,TASK-01413,2025-06-03T00:25:00,2025-06-03T02:25:00,Routine PM: Quarterly Point Machine Overhaul & Lubrication.,COMPLETED,120,T-201 (Signal Staff)
HIST-01371,TASK-01414,2025-09-01T00:22:00,2025-09-01T02:23:00,Routine PM: Quarterly Point Machine Overhaul & Lubrication.,COMPLETED,121,T-202
HIST-01372,TASK-01415,2025-11-30T00:15:00,2025-11-30T02:16:00,Routine PM: Quarterly Point Machine Overhaul & Lubrication.,COMPLETED,121,T-102
HIST-01373,TASK-01416,2026-02-28T00:07:00,2026-02-28T02:05:00,Routine PM: Quarterly Point Machine Overhaul & Lubrication.,COMPLETED,118,T-302
HIST-01374,TASK-01417,2026-05-28T23:33:00,2026-05-29T01:33:00,Routine PM: Quarterly Point Machine Overhaul & Lubrication.,COMPLETED,120,T-302
HIST-01390,TASK-01433,2023-08-19T00:28:00,2023-08-19T02:22:00,Routine PM: Quarterly Point Machine Overhaul & Lubrication.,COMPLETED,114,T-201 (Signal Staff)
HIST-01391,TASK-01434,2023-11-16T23:51:00,2023-11-17T01:49:00,Routine PM: Quarterly Point Machine Overhaul & Lubrication.,COMPLETED,118,T-202
HIST-01392,TASK-01435,2024-02-15T00:01:00,2024-02-15T01:56:00,Routine PM: Quarterly Point Machine Overhaul & Lubrication.,COMPLETED,115,T-201 (Signal Staff)
HIST-01393,TASK-01436,2024-05-14T23:33:00,2024-05-15T01:31:00,Routine PM: Quarterly Point Machine Overhaul & Lubrication.,COMPLETED,118,T-201 (Signal Staff)
HIST-01394,TASK-01437,2024-08-13T00:30:00,2024-08-13T02:29:00,Routine PM: Quarterly Point Machine Overhaul & Lubrication.,COMPLETED,119,T-102
HIST-01395,TASK-01438,2024-11-11T00:25:00,2024-11-11T02:25:00,Routine PM: Quarterly Point Machine Overhaul & Lubrication.,COMPLETED,120,T-201 (Signal Staff)
HIST-01396,TASK-01439,2025-02-08T23:58:00,2025-02-09T02:00:00,Routine PM: Quarterly Point Machine Overhaul & Lubrication.,COMPLETED,122,T-302
HIST-01397,TASK-01440,2025-05-10T00:13:00,2025-05-10T02:11:00,Routine PM: Quarterly Point Machine Overhaul & Lubrication.,COMPLETED,118,T-101 (Engineering Gang)
HIST-01398,TASK-01441,2025-08-07T23:48:00,2025-08-08T01:43:00,Routine PM: Quarterly Point Machine Overhaul & Lubrication.,COMPLETED,115,T-102
HIST-01399,TASK-01442,2025-11-06T00:01:00,2025-11-06T02:00:00,Routine PM: Quarterly Point Machine Overhaul & Lubrication.,COMPLETED,119,T-102
HIST-01400,TASK-01443,2026-02-04T00:01:00,2026-02-04T02:02:00,Routine PM: Quarterly Point Machine Overhaul & Lubrication.,COMPLETED,121,T-202
HIST-01401,TASK-01444,2026-05-05T00:12:00,2026-05-05T02:14:00,Routine PM: Quarterly Point Machine Overhaul & Lubrication.,COMPLETED,122,T-201 (Signal Staff)
HIST-01402,TASK-01445,2023-09-01T00:16:00,2023-09-01T02:21:00,Routine PM: Quarterly Point Machine Overhaul & Lubrication.,COMPLETED,125,T-301 (OHE Gang)
HIST-01403,TASK-01446,2023-11-30T00:25:00,2023-11-30T02:26:00,Routine PM: Quarterly Point Machine Overhaul & Lubrication.,COMPLETED,121,T-102
HIST-01404,TASK-01447,2024-02-27T23:43:00,2024-02-28T01:42:00,Routine PM: Quarterly Point Machine Overhaul & Lubrication.,COMPLETED,119,T-202
HIST-01405,TASK-01448,2024-05-27T23:56:00,2024-05-28T01:55:00,Routine PM: Quarterly Point Machine Overhaul & Lubrication.,COMPLETED,119,T-301 (OHE Gang)
HIST-01406,TASK-01449,2024-08-26T00:19:00,2024-08-26T02:18:00,Routine PM: Quarterly Point Machine Overhaul & Lubrication.,COMPLETED,119,T-101 (Engineering Gang)
HIST-01407,TASK-01450,2024-11-24T00:21:00,2024-11-24T02:16:00,Routine PM: Quarterly Point Machine Overhaul & Lubrication.,COMPLETED,115,T-202
HIST-01408,TASK-01451,2025-02-21T23:49:00,2025-02-22T01:47:00,Routine PM: Quarterly Point Machine Overhaul & Lubrication.,COMPLETED,118,T-302
HIST-01409,TASK-01452,2025-05-22T23:31:00,2025-05-23T01:36:00,Routine PM: Quarterly Point Machine Overhaul & Lubrication.,COMPLETED,125,T-202
HIST-01410,TASK-01453,2025-08-21T00:15:00,2025-08-21T02:16:00,Routine PM: Quarterly Point Machine Overhaul & Lubrication.,COMPLETED,121,T-302
HIST-01411,TASK-01454,2025-11-18T23:47:00,2025-11-19T01:51:00,Routine PM: Quarterly Point Machine Overhaul & Lubrication.,COMPLETED,124,T-201 (Signal Staff)
HIST-01412,TASK-01455,2026-02-17T00:05:00,2026-02-17T02:10:00,Routine PM: Quarterly Point Machine Overhaul & Lubrication.,COMPLETED,125,T-202
HIST-01413,TASK-01456,2026-05-17T23:38:00,2026-05-18T01:36:00,Routine PM: Quarterly Point Machine Overhaul & Lubrication.,COMPLETED,118,T-202
HIST-01426,TASK-01469,2023-08-21T23:58:00,2023-08-22T01:53:00,Routine PM: Quarterly Point Machine Overhaul & Lubrication.,COMPLETED,115,T-301 (OHE Gang)
HIST-01427,TASK-01470,2023-11-19T23:47:00,2023-11-20T01:45:00,Routine PM: Quarterly Point Machine Overhaul & Lubrication.,COMPLETED,118,T-201 (Signal Staff)
HIST-01428,TASK-01471,2024-02-18T00:00:00,2024-02-18T02:00:00,Routine PM: Quarterly Point Machine Overhaul & Lubrication.,COMPLETED,120,T-101 (Engineering Gang)
HIST-01429,TASK-01472,2024-05-17T23:33:00,2024-05-18T01:34:00,Routine PM: Quarterly Point Machine Overhaul & Lubrication.,COMPLETED,121,T-301 (OHE Gang)
HIST-01430,TASK-01473,2024-08-15T23:59:00,2024-08-16T02:02:00,Routine PM: Quarterly Point Machine Overhaul & Lubrication.,COMPLETED,123,T-201 (Signal Staff)
HIST-01431,TASK-01474,2024-11-14T00:05:00,2024-11-14T02:04:00,Routine PM: Quarterly Point Machine Overhaul & Lubrication.,COMPLETED,119,T-101 (Engineering Gang)
HIST-01432,TASK-01475,2025-02-11T23:59:00,2025-02-12T01:56:00,Routine PM: Quarterly Point Machine Overhaul & Lubrication.,COMPLETED,117,T-101 (Engineering Gang)
HIST-01433,TASK-01476,2025-05-13T00:25:00,2025-05-13T02:26:00,Routine PM: Quarterly Point Machine Overhaul & Lubrication.,COMPLETED,121,T-202
HIST-01434,TASK-01477,2025-08-10T23:37:00,2025-08-11T01:42:00,Routine PM: Quarterly Point Machine Overhaul & Lubrication.,COMPLETED,125,T-102
HIST-01435,TASK-01478,2025-11-09T00:21:00,2025-11-09T02:15:00,Routine PM: Quarterly Point Machine Overhaul & Lubrication.,COMPLETED,114,T-102
HIST-01436,TASK-01479,2026-02-07T00:04:00,2026-02-07T02:00:00,Routine PM: Quarterly Point Machine Overhaul & Lubrication.,COMPLETED,116,T-202
HIST-01437,TASK-01480,2026-05-08T00:30:00,2026-05-08T02:34:00,Routine PM: Quarterly Point Machine Overhaul & Lubrication.,COMPLETED,124,T-201 (Signal Staff)
HIST-01438,TASK-01481,2023-09-24T23:56:00,2023-09-25T01:56:00,Routine PM: Quarterly Point Machine Overhaul & Lubrication.,COMPLETED,120,T-202
HIST-01439,TASK-01482,2023-12-24T00:08:00,2023-12-24T02:10:00,Routine PM: Quarterly Point Machine Overhaul & Lubrication.,COMPLETED,122,T-302
HIST-01440,TASK-01483,2024-03-23T00:27:00,2024-03-23T02:21:00,Routine PM: Quarterly Point Machine Overhaul & Lubrication.,COMPLETED,114,T-302
HIST-01441,TASK-01484,2024-06-21T00:11:00,2024-06-21T02:09:00,Routine PM: Quarterly Point Machine Overhaul & Lubrication.,COMPLETED,118,T-102
HIST-01442,TASK-01485,2024-09-19T00:00:00,2024-09-19T01:59:00,Routine PM: Quarterly Point Machine Overhaul & Lubrication.,COMPLETED,119,T-302
HIST-01443,TASK-01486,2024-12-18T00:00:00,2024-12-18T01:58:00,Routine PM: Quarterly Point Machine Overhaul & Lubrication.,COMPLETED,118,T-101 (Engineering Gang)
HIST-01444,TASK-01487,2025-03-17T23:42:00,2025-03-18T01:42:00,Routine PM: Quarterly Point Machine Overhaul & Lubrication.,COMPLETED,120,T-302
HIST-01445,TASK-01488,2025-06-16T00:09:00,2025-06-16T02:05:00,Routine PM: Quarterly Point Machine Overhaul & Lubrication.,COMPLETED,116,T-202
HIST-01446,TASK-01489,2025-09-14T00:10:00,2025-09-14T02:06:00,Routine PM: Quarterly Point Machine Overhaul & Lubrication.,COMPLETED,116,T-301 (OHE Gang)
HIST-01447,TASK-01490,2025-12-12T23:55:00,2025-12-13T02:00:00,Routine PM: Quarterly Point Machine Overhaul & Lubrication.,COMPLETED,125,T-102
HIST-01448,TASK-01491,2026-03-13T00:23:00,2026-03-13T02:24:00,Routine PM: Quarterly Point Machine Overhaul & Lubrication.,COMPLETED,121,T-102
HIST-01449,TASK-01492,2026-06-11T00:14:00,2026-06-11T02:17:00,Routine PM: Quarterly Point Machine Overhaul & Lubrication.,COMPLETED,123,T-302
HIST-01450,TASK-01493,2023-10-05T00:22:00,2023-10-05T02:18:00,Routine PM: Quarterly Point Machine Overhaul & Lubrication.,COMPLETED,116,T-102
HIST-01451,TASK-01494,2024-01-03T00:19:00,2024-01-03T02:18:00,Routine PM: Quarterly Point Machine Overhaul & Lubrication.,COMPLETED,119,T-202
HIST-01452,TASK-01495,2024-04-01T23:55:00,2024-04-02T01:51:00,Routine PM: Quarterly Point Machine Overhaul & Lubrication.,COMPLETED,116,T-102
HIST-01453,TASK-01496,2024-07-01T00:16:00,2024-07-01T02:15:00,Routine PM: Quarterly Point Machine Overhaul & Lubrication.,COMPLETED,119,T-202
HIST-01454,TASK-01497,2024-09-28T23:56:00,2024-09-29T01:50:00,Routine PM: Quarterly Point Machine Overhaul & Lubrication.,COMPLETED,114,T-201 (Signal Staff)
HIST-01455,TASK-01498,2024-12-28T00:20:00,2024-12-28T02:16:00,Routine PM: Quarterly Point Machine Overhaul & Lubrication.,COMPLETED,116,T-202
HIST-01456,TASK-01499,2025-03-27T23:55:00,2025-03-28T01:51:00,Routine PM: Quarterly Point Machine Overhaul & Lubrication.,COMPLETED,116,T-202
HIST-01457,TASK-01500,2025-06-25T23:37:00,2025-06-26T01:33:00,Routine PM: Quarterly Point Machine Overhaul & Lubrication.,COMPLETED,116,T-201 (Signal Staff)
HIST-01458,TASK-01501,2025-09-23T23:39:00,2025-09-24T01:41:00,Routine PM: Quarterly Point Machine Overhaul & Lubrication.,COMPLETED,122,T-102
HIST-01459,TASK-01502,2025-12-22T23:38:00,2025-12-23T01:35:00,Routine PM: Quarterly Point Machine Overhaul & Lubrication.,COMPLETED,117,T-202
HIST-01460,TASK-01503,2026-03-23T00:03:00,2026-03-23T02:02:00,Routine PM: Quarterly Point Machine Overhaul & Lubrication.,COMPLETED,119,T-101 (Engineering Gang)
HIST-01461,TASK-01504,2026-06-21T00:09:00,2026-06-21T02:06:00,Routine PM: Quarterly Point Machine Overhaul & Lubrication.,COMPLETED,117,T-102
HIST-01498,TASK-01541,2023-09-30T23:33:00,2023-10-01T01:35:00,Routine PM: Quarterly Point Machine Overhaul & Lubrication.,COMPLETED,122,T-301 (OHE Gang)
HIST-01499,TASK-01542,2023-12-29T23:34:00,2023-12-30T01:28:00,Routine PM: Quarterly Point Machine Overhaul & Lubrication.,COMPLETED,114,T-101 (Engineering Gang)
HIST-01500,TASK-01543,2024-03-29T00:04:00,2024-03-29T02:01:00,Routine PM: Quarterly Point Machine Overhaul & Lubrication.,COMPLETED,117,T-302
HIST-01501,TASK-01544,2024-06-27T00:11:00,2024-06-27T02:16:00,Routine PM: Quarterly Point Machine Overhaul & Lubrication.,COMPLETED,125,T-102
HIST-01502,TASK-01545,2024-09-25T00:26:00,2024-09-25T02:22:00,Routine PM: Quarterly Point Machine Overhaul & Lubrication.,COMPLETED,116,T-201 (Signal Staff)
HIST-01503,TASK-01546,2024-12-24T00:10:00,2024-12-24T02:08:00,Routine PM: Quarterly Point Machine Overhaul & Lubrication.,COMPLETED,118,T-201 (Signal Staff)
HIST-01504,TASK-01547,2025-03-23T23:43:00,2025-03-24T01:40:00,Routine PM: Quarterly Point Machine Overhaul & Lubrication.,COMPLETED,117,T-102
HIST-01505,TASK-01548,2025-06-21T23:53:00,2025-06-22T01:55:00,Routine PM: Quarterly Point Machine Overhaul & Lubrication.,COMPLETED,122,T-301 (OHE Gang)
HIST-01506,TASK-01549,2025-09-19T23:48:00,2025-09-20T01:47:00,Routine PM: Quarterly Point Machine Overhaul & Lubrication.,COMPLETED,119,T-101 (Engineering Gang)
HIST-01507,TASK-01550,2025-12-18T23:38:00,2025-12-19T01:41:00,Routine PM: Quarterly Point Machine Overhaul & Lubrication.,COMPLETED,123,T-101 (Engineering Gang)
HIST-01508,TASK-01551,2026-03-18T23:44:00,2026-03-19T01:47:00,Routine PM: Quarterly Point Machine Overhaul & Lubrication.,COMPLETED,123,T-202
HIST-01509,TASK-01552,2026-06-16T23:47:00,2026-06-17T01:49:00,Routine PM: Quarterly Point Machine Overhaul & Lubrication.,COMPLETED,122,T-102
HIST-01519,TASK-01562,2023-09-01T00:23:00,2023-09-01T02:28:00,Routine PM: Quarterly Point Machine Overhaul & Lubrication.,COMPLETED,125,T-302
HIST-01520,TASK-01563,2023-11-30T00:25:00,2023-11-30T02:24:00,Routine PM: Quarterly Point Machine Overhaul & Lubrication.,COMPLETED,119,T-302
HIST-01521,TASK-01564,2024-02-28T00:11:00,2024-02-28T02:05:00,Routine PM: Quarterly Point Machine Overhaul & Lubrication.,COMPLETED,114,T-302
HIST-01522,TASK-01565,2024-05-28T00:02:00,2024-05-28T01:57:00,Routine PM: Quarterly Point Machine Overhaul & Lubrication.,COMPLETED,115,T-201 (Signal Staff)
HIST-01523,TASK-01566,2024-08-26T00:20:00,2024-08-26T02:25:00,Routine PM: Quarterly Point Machine Overhaul & Lubrication.,COMPLETED,125,T-202
HIST-01524,TASK-01567,2024-11-23T23:48:00,2024-11-24T01:53:00,Routine PM: Quarterly Point Machine Overhaul & Lubrication.,COMPLETED,125,T-102
HIST-01525,TASK-01568,2025-02-22T00:20:00,2025-02-22T02:17:00,Routine PM: Quarterly Point Machine Overhaul & Lubrication.,COMPLETED,117,T-101 (Engineering Gang)
HIST-01526,TASK-01569,2025-05-22T23:45:00,2025-05-23T01:47:00,Routine PM: Quarterly Point Machine Overhaul & Lubrication.,COMPLETED,122,T-301 (OHE Gang)
HIST-01527,TASK-01570,2025-08-21T00:19:00,2025-08-21T02:13:00,Routine PM: Quarterly Point Machine Overhaul & Lubrication.,COMPLETED,114,T-302
HIST-01528,TASK-01571,2025-11-18T23:47:00,2025-11-19T01:48:00,Routine PM: Quarterly Point Machine Overhaul & Lubrication.,COMPLETED,121,T-202
HIST-01529,TASK-01572,2026-02-17T00:25:00,2026-02-17T02:27:00,Routine PM: Quarterly Point Machine Overhaul & Lubrication.,COMPLETED,122,T-101 (Engineering Gang)
HIST-01530,TASK-01573,2026-05-17T23:53:00,2026-05-18T01:55:00,Routine PM: Quarterly Point Machine Overhaul & Lubrication.,COMPLETED,122,T-202
HIST-01537,TASK-01580,2023-09-29T00:19:00,2023-09-29T02:20:00,Routine PM: Quarterly Point Machine Overhaul & Lubrication.,COMPLETED,121,T-201 (Signal Staff)
HIST-01538,TASK-01581,2023-12-28T00:10:00,2023-12-28T02:09:00,Routine PM: Quarterly Point Machine Overhaul & Lubrication.,COMPLETED,119,T-301 (OHE Gang)
HIST-01539,TASK-01582,2024-03-26T23:45:00,2024-03-27T01:48:00,Routine PM: Quarterly Point Machine Overhaul & Lubrication.,COMPLETED,123,T-201 (Signal Staff)
HIST-01540,TASK-01583,2024-06-24T23:37:00,2024-06-25T01:34:00,Routine PM: Quarterly Point Machine Overhaul & Lubrication.,COMPLETED,117,T-301 (OHE Gang)
HIST-01541,TASK-01584,2024-09-22T23:54:00,2024-09-23T01:51:00,Routine PM: Quarterly Point Machine Overhaul & Lubrication.,COMPLETED,117,T-202
HIST-01542,TASK-01585,2024-12-22T00:20:00,2024-12-22T02:17:00,Routine PM: Quarterly Point Machine Overhaul & Lubrication.,COMPLETED,117,T-201 (Signal Staff)
HIST-01543,TASK-01586,2025-03-22T00:05:00,2025-03-22T01:59:00,Routine PM: Quarterly Point Machine Overhaul & Lubrication.,COMPLETED,114,T-301 (OHE Gang)
HIST-01544,TASK-01587,2025-06-19T23:46:00,2025-06-20T01:48:00,Routine PM: Quarterly Point Machine Overhaul & Lubrication.,COMPLETED,122,T-101 (Engineering Gang)
HIST-01545,TASK-01588,2025-09-18T00:07:00,2025-09-18T02:12:00,Routine PM: Quarterly Point Machine Overhaul & Lubrication.,COMPLETED,125,T-302
HIST-01546,TASK-01589,2025-12-17T00:18:00,2025-12-17T02:14:00,Routine PM: Quarterly Point Machine Overhaul & Lubrication.,COMPLETED,116,T-202
HIST-01547,TASK-01590,2026-03-16T23:52:00,2026-03-17T01:57:00,Routine PM: Quarterly Point Machine Overhaul & Lubrication.,COMPLETED,125,T-101 (Engineering Gang)
HIST-01548,TASK-01591,2026-06-15T00:00:00,2026-06-15T02:00:00,Routine PM: Quarterly Point Machine Overhaul & Lubrication.,COMPLETED,120,T-201 (Signal Staff)
HIST-01552,TASK-01595,2023-09-11T00:30:00,2023-09-11T02:26:00,Routine PM: Quarterly Point Machine Overhaul & Lubrication.,COMPLETED,116,T-202
HIST-01553,TASK-01596,2023-12-09T23:40:00,2023-12-10T01:44:00,Routine PM: Quarterly Point Machine Overhaul & Lubrication.,COMPLETED,124,T-201 (Signal Staff)
HIST-01554,TASK-01597,2024-03-08T23:31:00,2024-03-09T01:35:00,Routine PM: Quarterly Point Machine Overhaul & Lubrication.,COMPLETED,124,T-302
HIST-01555,TASK-01598,2024-06-06T23:53:00,2024-06-07T01:56:00,Routine PM: Quarterly Point Machine Overhaul & Lubrication.,COMPLETED,123,T-301 (OHE Gang)
HIST-01556,TASK-01599,2024-09-05T00:15:00,2024-09-05T02:13:00,Routine PM: Quarterly Point Machine Overhaul & Lubrication.,COMPLETED,118,T-302
HIST-01557,TASK-01600,2024-12-03T23:54:00,2024-12-04T01:57:00,Routine PM: Quarterly Point Machine Overhaul & Lubrication.,COMPLETED,123,T-202
HIST-01558,TASK-01601,2025-03-03T23:49:00,2025-03-04T01:50:00,Routine PM: Quarterly Point Machine Overhaul & Lubrication.,COMPLETED,121,T-301 (OHE Gang)
HIST-01559,TASK-01602,2025-06-01T23:54:00,2025-06-02T01:57:00,Routine PM: Quarterly Point Machine Overhaul & Lubrication.,COMPLETED,123,T-302
HIST-01560,TASK-01603,2025-08-31T00:29:00,2025-08-31T02:28:00,Routine PM: Quarterly Point Machine Overhaul & Lubrication.,COMPLETED,119,T-302
HIST-01561,TASK-01604,2025-11-28T23:44:00,2025-11-29T01:48:00,Routine PM: Quarterly Point Machine Overhaul & Lubrication.,COMPLETED,124,T-201 (Signal Staff)
HIST-01562,TASK-01605,2026-02-27T00:08:00,2026-02-27T02:04:00,Routine PM: Quarterly Point Machine Overhaul & Lubrication.,COMPLETED,116,T-202
HIST-01563,TASK-01606,2026-05-28T00:19:00,2026-05-28T02:16:00,Routine PM: Quarterly Point Machine Overhaul & Lubrication.,COMPLETED,117,T-101 (Engineering Gang)
HIST-01618,TASK-01661,2023-10-04T00:26:00,2023-10-04T02:24:00,Routine PM: Quarterly Point Machine Overhaul & Lubrication.,COMPLETED,118,T-302
HIST-01619,TASK-01662,2024-01-01T23:47:00,2024-01-02T01:43:00,Routine PM: Quarterly Point Machine Overhaul & Lubrication.,COMPLETED,116,T-101 (Engineering Gang)
HIST-01620,TASK-01663,2024-04-01T00:05:00,2024-04-01T02:03:00,Routine PM: Quarterly Point Machine Overhaul & Lubrication.,COMPLETED,118,T-301 (OHE Gang)
HIST-01621,TASK-01664,2024-06-29T23:39:00,2024-06-30T01:39:00,Routine PM: Quarterly Point Machine Overhaul & Lubrication.,COMPLETED,120,T-302
HIST-01622,TASK-01665,2024-09-27T23:45:00,2024-09-28T01:40:00,Routine PM: Quarterly Point Machine Overhaul & Lubrication.,COMPLETED,115,T-102
HIST-01623,TASK-01666,2024-12-26T23:38:00,2024-12-27T01:34:00,Routine PM: Quarterly Point Machine Overhaul & Lubrication.,COMPLETED,116,T-301 (OHE Gang)
HIST-01624,TASK-01667,2025-03-26T23:54:00,2025-03-27T01:58:00,Routine PM: Quarterly Point Machine Overhaul & Lubrication.,COMPLETED,124,T-301 (OHE Gang)
HIST-01625,TASK-01668,2025-06-24T23:47:00,2025-06-25T01:46:00,Routine PM: Quarterly Point Machine Overhaul & Lubrication.,COMPLETED,119,T-101 (Engineering Gang)
HIST-01626,TASK-01669,2025-09-22T23:54:00,2025-09-23T01:48:00,Routine PM: Quarterly Point Machine Overhaul & Lubrication.,COMPLETED,114,T-102
HIST-01627,TASK-01670,2025-12-21T23:33:00,2025-12-22T01:32:00,Routine PM: Quarterly Point Machine Overhaul & Lubrication.,COMPLETED,119,T-302
HIST-01628,TASK-01671,2026-03-21T23:45:00,2026-03-22T01:44:00,Routine PM: Quarterly Point Machine Overhaul & Lubrication.,COMPLETED,119,T-102
HIST-01629,TASK-01672,2026-06-20T00:03:00,2026-06-20T02:03:00,Routine PM: Quarterly Point Machine Overhaul & Lubrication.,COMPLETED,120,T-202
HIST-01633,TASK-01676,2023-10-19T00:12:00,2023-10-19T02:09:00,Routine PM: Quarterly Point Machine Overhaul & Lubrication.,COMPLETED,117,T-202
HIST-01634,TASK-01677,2024-01-17T00:21:00,2024-01-17T02:26:00,Routine PM: Quarterly Point Machine Overhaul & Lubrication.,COMPLETED,125,T-202
HIST-01635,TASK-01678,2024-04-16T00:16:00,2024-04-16T02:10:00,Routine PM: Quarterly Point Machine Overhaul & Lubrication.,COMPLETED,114,T-101 (Engineering Gang)
HIST-01636,TASK-01679,2024-07-15T00:11:00,2024-07-15T02:06:00,Routine PM: Quarterly Point Machine Overhaul & Lubrication.,COMPLETED,115,T-101 (Engineering Gang)
HIST-01637,TASK-01680,2024-10-13T00:17:00,2024-10-13T02:15:00,Routine PM: Quarterly Point Machine Overhaul & Lubrication.,COMPLETED,118,T-102
HIST-01638,TASK-01681,2025-01-10T23:47:00,2025-01-11T01:46:00,Routine PM: Quarterly Point Machine Overhaul & Lubrication.,COMPLETED,119,T-302
HIST-01639,TASK-01682,2025-04-10T23:57:00,2025-04-11T01:59:00,Routine PM: Quarterly Point Machine Overhaul & Lubrication.,COMPLETED,122,T-202
HIST-01640,TASK-01683,2025-07-10T00:10:00,2025-07-10T02:08:00,Routine PM: Quarterly Point Machine Overhaul & Lubrication.,COMPLETED,118,T-301 (OHE Gang)
HIST-01641,TASK-01684,2025-10-07T23:58:00,2025-10-08T01:59:00,Routine PM: Quarterly Point Machine Overhaul & Lubrication.,COMPLETED,121,T-201 (Signal Staff)
HIST-01642,TASK-01685,2026-01-06T00:21:00,2026-01-06T02:23:00,Routine PM: Quarterly Point Machine Overhaul & Lubrication.,COMPLETED,122,T-102
HIST-01643,TASK-01686,2026-04-06T00:10:00,2026-04-06T02:09:00,Routine PM: Quarterly Point Machine Overhaul & Lubrication.,COMPLETED,119,T-302
HIST-01644,TASK-01687,2026-07-04T23:50:00,2026-07-05T01:51:00,Routine PM: Quarterly Point Machine Overhaul & Lubrication.,COMPLETED,121,T-302
HIST-01645,TASK-01688,2023-09-20T00:19:00,2023-09-20T02:18:00,Routine PM: Quarterly Point Machine Overhaul & Lubrication.,COMPLETED,119,T-202
HIST-01646,TASK-01689,2023-12-18T23:35:00,2023-12-19T01:39:00,Routine PM: Quarterly Point Machine Overhaul & Lubrication.,COMPLETED,124,T-101 (Engineering Gang)
HIST-01647,TASK-01690,2024-03-18T00:22:00,2024-03-18T02:22:00,Routine PM: Quarterly Point Machine Overhaul & Lubrication.,COMPLETED,120,T-202
HIST-01648,TASK-01691,2024-06-16T00:15:00,2024-06-16T02:16:00,Routine PM: Quarterly Point Machine Overhaul & Lubrication.,COMPLETED,121,T-302
HIST-01649,TASK-01692,2024-09-13T23:43:00,2024-09-14T01:45:00,Routine PM: Quarterly Point Machine Overhaul & Lubrication.,COMPLETED,122,T-102
HIST-01650,TASK-01693,2024-12-13T00:03:00,2024-12-13T02:00:00,Routine PM: Quarterly Point Machine Overhaul & Lubrication.,COMPLETED,117,T-302
HIST-01651,TASK-01694,2025-03-13T00:24:00,2025-03-13T02:22:00,Routine PM: Quarterly Point Machine Overhaul & Lubrication.,COMPLETED,118,T-201 (Signal Staff)
HIST-01652,TASK-01695,2025-06-10T23:43:00,2025-06-11T01:46:00,Routine PM: Quarterly Point Machine Overhaul & Lubrication.,COMPLETED,123,T-202
HIST-01653,TASK-01696,2025-09-08T23:30:00,2025-09-09T01:27:00,Routine PM: Quarterly Point Machine Overhaul & Lubrication.,COMPLETED,117,T-201 (Signal Staff)
HIST-01654,TASK-01697,2025-12-07T23:42:00,2025-12-08T01:39:00,Routine PM: Quarterly Point Machine Overhaul & Lubrication.,COMPLETED,117,T-201 (Signal Staff)
HIST-01655,TASK-01698,2026-03-07T23:31:00,2026-03-08T01:28:00,Routine PM: Quarterly Point Machine Overhaul & Lubrication.,COMPLETED,117,T-202
HIST-01656,TASK-01699,2026-06-05T23:41:00,2026-06-06T01:35:00,Routine PM: Quarterly Point Machine Overhaul & Lubrication.,COMPLETED,114,T-102
HIST-01660,TASK-01703,2023-09-10T00:21:00,2023-09-10T02:23:00,Routine PM: Quarterly Point Machine Overhaul & Lubrication.,COMPLETED,122,T-202
HIST-01661,TASK-01704,2023-12-08T23:57:00,2023-12-09T02:00:00,Routine PM: Quarterly Point Machine Overhaul & Lubrication.,COMPLETED,123,T-302
HIST-01662,TASK-01705,2024-03-07T23:35:00,2024-03-08T01:40:00,Routine PM: Quarterly Point Machine Overhaul & Lubrication.,COMPLETED,125,T-201 (Signal Staff)
HIST-01663,TASK-01706,2024-06-06T00:03:00,2024-06-06T01:58:00,Routine PM: Quarterly Point Machine Overhaul & Lubrication.,COMPLETED,115,T-101 (Engineering Gang)
HIST-01664,TASK-01707,2024-09-03T23:36:00,2024-09-04T01:35:00,Routine PM: Quarterly Point Machine Overhaul & Lubrication.,COMPLETED,119,T-201 (Signal Staff)
HIST-01665,TASK-01708,2024-12-03T00:22:00,2024-12-03T02:27:00,Routine PM: Quarterly Point Machine Overhaul & Lubrication.,COMPLETED,125,T-201 (Signal Staff)
HIST-01666,TASK-01709,2025-03-02T23:33:00,2025-03-03T01:29:00,Routine PM: Quarterly Point Machine Overhaul & Lubrication.,COMPLETED,116,T-301 (OHE Gang)
HIST-01667,TASK-01710,2025-06-01T00:02:00,2025-06-01T01:57:00,Routine PM: Quarterly Point Machine Overhaul & Lubrication.,COMPLETED,115,T-102
HIST-01668,TASK-01711,2025-08-30T00:21:00,2025-08-30T02:26:00,Routine PM: Quarterly Point Machine Overhaul & Lubrication.,COMPLETED,125,T-102
HIST-01669,TASK-01712,2025-11-27T23:44:00,2025-11-28T01:46:00,Routine PM: Quarterly Point Machine Overhaul & Lubrication.,COMPLETED,122,T-101 (Engineering Gang)
HIST-01670,TASK-01713,2026-02-26T00:04:00,2026-02-26T02:07:00,Routine PM: Quarterly Point Machine Overhaul & Lubrication.,COMPLETED,123,T-101 (Engineering Gang)
HIST-01671,TASK-01714,2026-05-27T00:20:00,2026-05-27T02:25:00,Routine PM: Quarterly Point Machine Overhaul & Lubrication.,COMPLETED,125,T-301 (OHE Gang)
HIST-01672,TASK-01715,2023-10-25T00:29:00,2023-10-25T02:34:00,Routine PM: Quarterly Point Machine Overhaul & Lubrication.,COMPLETED,125,T-302
HIST-01673,TASK-01716,2024-01-23T00:10:00,2024-01-23T02:04:00,Routine PM: Quarterly Point Machine Overhaul & Lubrication.,COMPLETED,114,T-302
HIST-01674,TASK-01717,2024-04-22T00:02:00,2024-04-22T02:04:00,Routine PM: Quarterly Point Machine Overhaul & Lubrication.,COMPLETED,122,T-302
HIST-01675,TASK-01718,2024-07-20T23:35:00,2024-07-21T01:30:00,Routine PM: Quarterly Point Machine Overhaul & Lubrication.,COMPLETED,115,T-301 (OHE Gang)
HIST-01676,TASK-01719,2024-10-19T00:02:00,2024-10-19T01:56:00,Routine PM: Quarterly Point Machine Overhaul & Lubrication.,COMPLETED,114,T-301 (OHE Gang)
HIST-01677,TASK-01720,2025-01-17T00:14:00,2025-01-17T02:18:00,Routine PM: Quarterly Point Machine Overhaul & Lubrication.,COMPLETED,124,T-101 (Engineering Gang)
HIST-01678,TASK-01721,2025-04-16T23:55:00,2025-04-17T02:00:00,Routine PM: Quarterly Point Machine Overhaul & Lubrication.,COMPLETED,125,T-302
HIST-01679,TASK-01722,2025-07-16T00:23:00,2025-07-16T02:26:00,Routine PM: Quarterly Point Machine Overhaul & Lubrication.,COMPLETED,123,T-102
HIST-01680,TASK-01723,2025-10-13T23:38:00,2025-10-14T01:33:00,Routine PM: Quarterly Point Machine Overhaul & Lubrication.,COMPLETED,115,T-201 (Signal Staff)
HIST-01681,TASK-01724,2026-01-11T23:58:00,2026-01-12T01:53:00,Routine PM: Quarterly Point Machine Overhaul & Lubrication.,COMPLETED,115,T-102
HIST-01682,TASK-01725,2026-04-12T00:03:00,2026-04-12T01:58:00,Routine PM: Quarterly Point Machine Overhaul & Lubrication.,COMPLETED,115,T-202
HIST-01683,TASK-01726,2026-07-11T00:03:00,2026-07-11T02:07:00,Routine PM: Quarterly Point Machine Overhaul & Lubrication.,COMPLETED,124,T-302
HIST-01684,TASK-01727,2023-10-12T23:56:00,2023-10-13T02:00:00,Routine PM: Quarterly Point Machine Overhaul & Lubrication.,COMPLETED,124,T-201 (Signal Staff)
HIST-01685,TASK-01728,2024-01-11T00:28:00,2024-01-11T02:26:00,Routine PM: Quarterly Point Machine Overhaul & Lubrication.,COMPLETED,118,T-101 (Engineering Gang)
HIST-01686,TASK-01729,2024-04-09T23:51:00,2024-04-10T01:46:00,Routine PM: Quarterly Point Machine Overhaul & Lubrication.,COMPLETED,115,T-102
HIST-01687,TASK-01730,2024-07-09T00:00:00,2024-07-09T01:56:00,Routine PM: Quarterly Point Machine Overhaul & Lubrication.,COMPLETED,116,T-302
HIST-01688,TASK-01731,2024-10-06T23:58:00,2024-10-07T01:53:00,Routine PM: Quarterly Point Machine Overhaul & Lubrication.,COMPLETED,115,T-101 (Engineering Gang)
HIST-01689,TASK-01732,2025-01-04T23:58:00,2025-01-05T02:01:00,Routine PM: Quarterly Point Machine Overhaul & Lubrication.,COMPLETED,123,T-102
HIST-01690,TASK-01733,2025-04-05T00:04:00,2025-04-05T02:02:00,Routine PM: Quarterly Point Machine Overhaul & Lubrication.,COMPLETED,118,T-302
HIST-01691,TASK-01734,2025-07-03T23:57:00,2025-07-04T01:54:00,Routine PM: Quarterly Point Machine Overhaul & Lubrication.,COMPLETED,117,T-302
HIST-01692,TASK-01735,2025-10-02T00:23:00,2025-10-02T02:20:00,Routine PM: Quarterly Point Machine Overhaul & Lubrication.,COMPLETED,117,T-301 (OHE Gang)
HIST-01693,TASK-01736,2025-12-31T00:00:00,2025-12-31T02:04:00,Routine PM: Quarterly Point Machine Overhaul & Lubrication.,COMPLETED,124,T-301 (OHE Gang)
HIST-01694,TASK-01737,2026-03-31T00:25:00,2026-03-31T02:26:00,Routine PM: Quarterly Point Machine Overhaul & Lubrication.,COMPLETED,121,T-301 (OHE Gang)
HIST-01695,TASK-01738,2026-06-28T23:57:00,2026-06-29T01:57:00,Routine PM: Quarterly Point Machine Overhaul & Lubrication.,COMPLETED,120,T-301 (OHE Gang)
HIST-01705,TASK-01748,2023-10-16T00:17:00,2023-10-16T02:20:00,Routine PM: Quarterly Point Machine Overhaul & Lubrication.,COMPLETED,123,T-101 (Engineering Gang)
HIST-01706,TASK-01749,2024-01-13T23:46:00,2024-01-14T01:48:00,Routine PM: Quarterly Point Machine Overhaul & Lubrication.,COMPLETED,122,T-101 (Engineering Gang)
HIST-01707,TASK-01750,2024-04-13T00:26:00,2024-04-13T02:27:00,Routine PM: Quarterly Point Machine Overhaul & Lubrication.,COMPLETED,121,T-302
HIST-01708,TASK-01751,2024-07-12T00:11:00,2024-07-12T02:16:00,Routine PM: Quarterly Point Machine Overhaul & Lubrication.,COMPLETED,125,T-302
HIST-01709,TASK-01752,2024-10-09T23:58:00,2024-10-10T02:01:00,Routine PM: Quarterly Point Machine Overhaul & Lubrication.,COMPLETED,123,T-101 (Engineering Gang)
HIST-01710,TASK-01753,2025-01-07T23:52:00,2025-01-08T01:53:00,Routine PM: Quarterly Point Machine Overhaul & Lubrication.,COMPLETED,121,T-101 (Engineering Gang)
HIST-01711,TASK-01754,2025-04-08T00:09:00,2025-04-08T02:10:00,Routine PM: Quarterly Point Machine Overhaul & Lubrication.,COMPLETED,121,T-102
HIST-01712,TASK-01755,2025-07-07T00:16:00,2025-07-07T02:18:00,Routine PM: Quarterly Point Machine Overhaul & Lubrication.,COMPLETED,122,T-302
HIST-01713,TASK-01756,2025-10-04T23:44:00,2025-10-05T01:39:00,Routine PM: Quarterly Point Machine Overhaul & Lubrication.,COMPLETED,115,T-101 (Engineering Gang)
HIST-01714,TASK-01757,2026-01-03T00:11:00,2026-01-03T02:08:00,Routine PM: Quarterly Point Machine Overhaul & Lubrication.,COMPLETED,117,T-102
HIST-01715,TASK-01758,2026-04-02T23:39:00,2026-04-03T01:37:00,Routine PM: Quarterly Point Machine Overhaul & Lubrication.,COMPLETED,118,T-202
HIST-01716,TASK-01759,2026-07-01T23:56:00,2026-07-02T01:50:00,Routine PM: Quarterly Point Machine Overhaul & Lubrication.,COMPLETED,114,T-101 (Engineering Gang)
HIST-01717,TASK-01760,2023-10-01T00:10:00,2023-10-01T02:15:00,Routine PM: Quarterly Point Machine Overhaul & Lubrication.,COMPLETED,125,T-202
HIST-01718,TASK-01761,2023-12-30T00:15:00,2023-12-30T02:13:00,Routine PM: Quarterly Point Machine Overhaul & Lubrication.,COMPLETED,118,T-302
HIST-01719,TASK-01762,2024-03-29T00:10:00,2024-03-29T02:14:00,Routine PM: Quarterly Point Machine Overhaul & Lubrication.,COMPLETED,124,T-201 (Signal Staff)
HIST-01720,TASK-01763,2024-06-27T00:21:00,2024-06-27T02:24:00,Routine PM: Quarterly Point Machine Overhaul & Lubrication.,COMPLETED,123,T-301 (OHE Gang)
HIST-01721,TASK-01764,2024-09-24T23:35:00,2024-09-25T01:33:00,Routine PM: Quarterly Point Machine Overhaul & Lubrication.,COMPLETED,118,T-302
HIST-01722,TASK-01765,2024-12-24T00:22:00,2024-12-24T02:22:00,Routine PM: Quarterly Point Machine Overhaul & Lubrication.,COMPLETED,120,T-101 (Engineering Gang)
HIST-01723,TASK-01766,2025-03-23T23:57:00,2025-03-24T01:53:00,Routine PM: Quarterly Point Machine Overhaul & Lubrication.,COMPLETED,116,T-302
HIST-01724,TASK-01767,2025-06-22T00:18:00,2025-06-22T02:18:00,Routine PM: Quarterly Point Machine Overhaul & Lubrication.,COMPLETED,120,T-301 (OHE Gang)
HIST-01725,TASK-01768,2025-09-20T00:16:00,2025-09-20T02:18:00,Routine PM: Quarterly Point Machine Overhaul & Lubrication.,COMPLETED,122,T-102
HIST-01726,TASK-01769,2025-12-18T23:55:00,2025-12-19T01:49:00,Routine PM: Quarterly Point Machine Overhaul & Lubrication.,COMPLETED,114,T-201 (Signal Staff)
HIST-01727,TASK-01770,2026-03-18T23:31:00,2026-03-19T01:36:00,Routine PM: Quarterly Point Machine Overhaul & Lubrication.,COMPLETED,125,T-202
HIST-01728,TASK-01771,2026-06-17T00:04:00,2026-06-17T01:58:00,Routine PM: Quarterly Point Machine Overhaul & Lubrication.,COMPLETED,114,T-101 (Engineering Gang)
HIST-01729,TASK-01772,2023-10-20T23:43:00,2023-10-21T01:40:00,Routine PM: Quarterly Point Machine Overhaul & Lubrication.,COMPLETED,117,T-201 (Signal Staff)
HIST-01730,TASK-01773,2024-01-18T23:47:00,2024-01-19T01:50:00,Routine PM: Quarterly Point Machine Overhaul & Lubrication.,COMPLETED,123,T-201 (Signal Staff)
HIST-01731,TASK-01774,2024-04-17T23:56:00,2024-04-18T01:52:00,Routine PM: Quarterly Point Machine Overhaul & Lubrication.,COMPLETED,116,T-102
HIST-01732,TASK-01775,2024-07-17T00:03:00,2024-07-17T01:57:00,Routine PM: Quarterly Point Machine Overhaul & Lubrication.,COMPLETED,114,T-202
HIST-01733,TASK-01776,2024-10-15T00:01:00,2024-10-15T02:00:00,Routine PM: Quarterly Point Machine Overhaul & Lubrication.,COMPLETED,119,T-302
HIST-01734,TASK-01777,2025-01-13T00:28:00,2025-01-13T02:31:00,Routine PM: Quarterly Point Machine Overhaul & Lubrication.,COMPLETED,123,T-201 (Signal Staff)
HIST-01735,TASK-01778,2025-04-12T23:48:00,2025-04-13T01:47:00,Routine PM: Quarterly Point Machine Overhaul & Lubrication.,COMPLETED,119,T-301 (OHE Gang)
HIST-01736,TASK-01779,2025-07-12T00:27:00,2025-07-12T02:29:00,Routine PM: Quarterly Point Machine Overhaul & Lubrication.,COMPLETED,122,T-101 (Engineering Gang)
HIST-01737,TASK-01780,2025-10-10T00:15:00,2025-10-10T02:14:00,Routine PM: Quarterly Point Machine Overhaul & Lubrication.,COMPLETED,119,T-102
HIST-01738,TASK-01781,2026-01-07T23:39:00,2026-01-08T01:34:00,Routine PM: Quarterly Point Machine Overhaul & Lubrication.,COMPLETED,115,T-202
HIST-01739,TASK-01782,2026-04-08T00:01:00,2026-04-08T02:03:00,Routine PM: Quarterly Point Machine Overhaul & Lubrication.,COMPLETED,122,T-201 (Signal Staff)
HIST-01740,TASK-01783,2026-07-06T23:31:00,2026-07-07T01:32:00,Routine PM: Quarterly Point Machine Overhaul & Lubrication.,COMPLETED,121,T-301 (OHE Gang)
HIST-01741,TASK-01784,2023-10-17T23:49:00,2023-10-18T01:44:00,Routine PM: Quarterly Point Machine Overhaul & Lubrication.,COMPLETED,115,T-302
HIST-01742,TASK-01785,2024-01-15T23:42:00,2024-01-16T01:37:00,Routine PM: Quarterly Point Machine Overhaul & Lubrication.,COMPLETED,115,T-202
HIST-01743,TASK-01786,2024-04-14T23:45:00,2024-04-15T01:47:00,Routine PM: Quarterly Point Machine Overhaul & Lubrication.,COMPLETED,122,T-202
HIST-01744,TASK-01787,2024-07-14T00:00:00,2024-07-14T01:54:00,Routine PM: Quarterly Point Machine Overhaul & Lubrication.,COMPLETED,114,T-302
HIST-01745,TASK-01788,2024-10-12T00:30:00,2024-10-12T02:31:00,Routine PM: Quarterly Point Machine Overhaul & Lubrication.,COMPLETED,121,T-202
HIST-01746,TASK-01789,2025-01-10T00:24:00,2025-01-10T02:22:00,Routine PM: Quarterly Point Machine Overhaul & Lubrication.,COMPLETED,118,T-102
HIST-01747,TASK-01790,2025-04-10T00:13:00,2025-04-10T02:09:00,Routine PM: Quarterly Point Machine Overhaul & Lubrication.,COMPLETED,116,T-302
HIST-01748,TASK-01791,2025-07-09T00:07:00,2025-07-09T02:01:00,Routine PM: Quarterly Point Machine Overhaul & Lubrication.,COMPLETED,114,T-301 (OHE Gang)
HIST-01749,TASK-01792,2025-10-06T23:52:00,2025-10-07T01:49:00,Routine PM: Quarterly Point Machine Overhaul & Lubrication.,COMPLETED,117,T-201 (Signal Staff)
HIST-01750,TASK-01793,2026-01-04T23:54:00,2026-01-05T01:49:00,Routine PM: Quarterly Point Machine Overhaul & Lubrication.,COMPLETED,115,T-102
HIST-01751,TASK-01794,2026-04-05T00:27:00,2026-04-05T02:23:00,Routine PM: Quarterly Point Machine Overhaul & Lubrication.,COMPLETED,116,T-101 (Engineering Gang)
HIST-01752,TASK-01795,2026-07-04T00:25:00,2026-07-04T02:30:00,Routine PM: Quarterly Point Machine Overhaul & Lubrication.,COMPLETED,125,T-301 (OHE Gang)
HIST-01753,TASK-01796,2023-10-20T23:36:00,2023-10-21T01:31:00,Routine PM: Quarterly Point Machine Overhaul & Lubrication.,COMPLETED,115,T-202
HIST-01754,TASK-01797,2024-01-19T00:28:00,2024-01-19T02:27:00,Routine PM: Quarterly Point Machine Overhaul & Lubrication.,COMPLETED,119,T-102
HIST-01755,TASK-01798,2024-04-17T23:44:00,2024-04-18T01:41:00,Routine PM: Quarterly Point Machine Overhaul & Lubrication.,COMPLETED,117,T-301 (OHE Gang)
HIST-01756,TASK-01799,2024-07-17T00:21:00,2024-07-17T02:16:00,Routine PM: Quarterly Point Machine Overhaul & Lubrication.,COMPLETED,115,T-102
HIST-01757,TASK-01800,2024-10-15T00:25:00,2024-10-15T02:27:00,Routine PM: Quarterly Point Machine Overhaul & Lubrication.,COMPLETED,122,T-301 (OHE Gang)
HIST-01758,TASK-01801,2025-01-13T00:28:00,2025-01-13T02:33:00,Routine PM: Quarterly Point Machine Overhaul & Lubrication.,COMPLETED,125,T-102
HIST-01759,TASK-01802,2025-04-12T23:51:00,2025-04-13T01:53:00,Routine PM: Quarterly Point Machine Overhaul & Lubrication.,COMPLETED,122,T-201 (Signal Staff)
HIST-01760,TASK-01803,2025-07-11T23:49:00,2025-07-12T01:47:00,Routine PM: Quarterly Point Machine Overhaul & Lubrication.,COMPLETED,118,T-202
HIST-01761,TASK-01804,2025-10-09T23:55:00,2025-10-10T01:55:00,Routine PM: Quarterly Point Machine Overhaul & Lubrication.,COMPLETED,120,T-301 (OHE Gang)
HIST-01762,TASK-01805,2026-01-08T00:30:00,2026-01-08T02:33:00,Routine PM: Quarterly Point Machine Overhaul & Lubrication.,COMPLETED,123,T-102
HIST-01763,TASK-01806,2026-04-08T00:07:00,2026-04-08T02:03:00,Routine PM: Quarterly Point Machine Overhaul & Lubrication.,COMPLETED,116,T-102
HIST-01764,TASK-01807,2026-07-06T23:53:00,2026-07-07T01:47:00,Routine PM: Quarterly Point Machine Overhaul & Lubrication.,COMPLETED,114,T-101 (Engineering Gang)
HIST-01765,TASK-01808,2023-09-15T23:53:00,2023-09-16T01:55:00,Routine PM: Quarterly Point Machine Overhaul & Lubrication.,COMPLETED,122,T-201 (Signal Staff)
HIST-01766,TASK-01809,2023-12-15T00:10:00,2023-12-15T02:10:00,Routine PM: Quarterly Point Machine Overhaul & Lubrication.,COMPLETED,120,T-301 (OHE Gang)
HIST-01767,TASK-01810,2024-03-13T23:46:00,2024-03-14T01:47:00,Routine PM: Quarterly Point Machine Overhaul & Lubrication.,COMPLETED,121,T-101 (Engineering Gang)
HIST-01768,TASK-01811,2024-06-12T00:15:00,2024-06-12T02:16:00,Routine PM: Quarterly Point Machine Overhaul & Lubrication.,COMPLETED,121,T-301 (OHE Gang)
HIST-01769,TASK-01812,2024-09-09T23:30:00,2024-09-10T01:31:00,Routine PM: Quarterly Point Machine Overhaul & Lubrication.,COMPLETED,121,T-301 (OHE Gang)
HIST-01770,TASK-01813,2024-12-09T00:21:00,2024-12-09T02:25:00,Routine PM: Quarterly Point Machine Overhaul & Lubrication.,COMPLETED,124,T-301 (OHE Gang)
HIST-01771,TASK-01814,2025-03-09T00:13:00,2025-03-09T02:10:00,Routine PM: Quarterly Point Machine Overhaul & Lubrication.,COMPLETED,117,T-202
HIST-01772,TASK-01815,2025-06-06T23:32:00,2025-06-07T01:31:00,Routine PM: Quarterly Point Machine Overhaul & Lubrication.,COMPLETED,119,T-102
HIST-01773,TASK-01816,2025-09-04T23:49:00,2025-09-05T01:49:00,Routine PM: Quarterly Point Machine Overhaul & Lubrication.,COMPLETED,120,T-202
HIST-01774,TASK-01817,2025-12-03T23:49:00,2025-12-04T01:44:00,Routine PM: Quarterly Point Machine Overhaul & Lubrication.,COMPLETED,115,T-202
HIST-01775,TASK-01818,2026-03-04T00:12:00,2026-03-04T02:08:00,Routine PM: Quarterly Point Machine Overhaul & Lubrication.,COMPLETED,116,T-201 (Signal Staff)
HIST-01776,TASK-01819,2026-06-01T23:59:00,2026-06-02T01:58:00,Routine PM: Quarterly Point Machine Overhaul & Lubrication.,COMPLETED,119,T-102
HIST-01795,TASK-01838,2023-09-16T23:48:00,2023-09-17T01:48:00,Routine PM: Quarterly Point Machine Overhaul & Lubrication.,COMPLETED,120,T-302
HIST-01796,TASK-01839,2023-12-15T23:30:00,2023-12-16T01:32:00,Routine PM: Quarterly Point Machine Overhaul & Lubrication.,COMPLETED,122,T-201 (Signal Staff)
HIST-01797,TASK-01840,2024-03-14T23:59:00,2024-03-15T01:58:00,Routine PM: Quarterly Point Machine Overhaul & Lubrication.,COMPLETED,119,T-201 (Signal Staff)
HIST-01798,TASK-01841,2024-06-13T00:26:00,2024-06-13T02:25:00,Routine PM: Quarterly Point Machine Overhaul & Lubrication.,COMPLETED,119,T-102
HIST-01799,TASK-01842,2024-09-11T00:14:00,2024-09-11T02:09:00,Routine PM: Quarterly Point Machine Overhaul & Lubrication.,COMPLETED,115,T-301 (OHE Gang)
HIST-01800,TASK-01843,2024-12-09T23:54:00,2024-12-10T01:55:00,Routine PM: Quarterly Point Machine Overhaul & Lubrication.,COMPLETED,121,T-301 (OHE Gang)
HIST-01801,TASK-01844,2025-03-09T23:42:00,2025-03-10T01:45:00,Routine PM: Quarterly Point Machine Overhaul & Lubrication.,COMPLETED,123,T-202
HIST-01802,TASK-01845,2025-06-07T23:30:00,2025-06-08T01:33:00,Routine PM: Quarterly Point Machine Overhaul & Lubrication.,COMPLETED,123,T-101 (Engineering Gang)
HIST-01803,TASK-01846,2025-09-06T00:13:00,2025-09-06T02:12:00,Routine PM: Quarterly Point Machine Overhaul & Lubrication.,COMPLETED,119,T-301 (OHE Gang)
HIST-01804,TASK-01847,2025-12-05T00:01:00,2025-12-05T02:01:00,Routine PM: Quarterly Point Machine Overhaul & Lubrication.,COMPLETED,120,T-301 (OHE Gang)
HIST-01805,TASK-01848,2026-03-04T23:30:00,2026-03-05T01:34:00,Routine PM: Quarterly Point Machine Overhaul & Lubrication.,COMPLETED,124,T-101 (Engineering Gang)
HIST-01806,TASK-01849,2026-06-03T00:12:00,2026-06-03T02:08:00,Routine PM: Quarterly Point Machine Overhaul & Lubrication.,COMPLETED,116,T-202
HIST-01807,TASK-01850,2023-09-04T23:40:00,2023-09-05T01:40:00,Routine PM: Quarterly Point Machine Overhaul & Lubrication.,COMPLETED,120,T-101 (Engineering Gang)
HIST-01808,TASK-01851,2023-12-04T00:25:00,2023-12-04T02:23:00,Routine PM: Quarterly Point Machine Overhaul & Lubrication.,COMPLETED,118,T-101 (Engineering Gang)
HIST-01809,TASK-01852,2024-03-03T00:08:00,2024-03-03T02:09:00,Routine PM: Quarterly Point Machine Overhaul & Lubrication.,COMPLETED,121,T-102
HIST-01810,TASK-01853,2024-05-31T23:50:00,2024-06-01T01:50:00,Routine PM: Quarterly Point Machine Overhaul & Lubrication.,COMPLETED,120,T-301 (OHE Gang)
HIST-01811,TASK-01854,2024-08-29T23:32:00,2024-08-30T01:27:00,Routine PM: Quarterly Point Machine Overhaul & Lubrication.,COMPLETED,115,T-202
HIST-01812,TASK-01855,2024-11-27T23:45:00,2024-11-28T01:44:00,Routine PM: Quarterly Point Machine Overhaul & Lubrication.,COMPLETED,119,T-301 (OHE Gang)
HIST-01813,TASK-01856,2025-02-25T23:50:00,2025-02-26T01:45:00,Routine PM: Quarterly Point Machine Overhaul & Lubrication.,COMPLETED,115,T-102
HIST-01814,TASK-01857,2025-05-27T00:10:00,2025-05-27T02:07:00,Routine PM: Quarterly Point Machine Overhaul & Lubrication.,COMPLETED,117,T-102
HIST-01815,TASK-01858,2025-08-24T23:38:00,2025-08-25T01:38:00,Routine PM: Quarterly Point Machine Overhaul & Lubrication.,COMPLETED,120,T-201 (Signal Staff)
HIST-01816,TASK-01859,2025-11-22T23:45:00,2025-11-23T01:45:00,Routine PM: Quarterly Point Machine Overhaul & Lubrication.,COMPLETED,120,T-102
HIST-01817,TASK-01860,2026-02-20T23:50:00,2026-02-21T01:49:00,Routine PM: Quarterly Point Machine Overhaul & Lubrication.,COMPLETED,119,T-102
HIST-01818,TASK-01861,2026-05-21T23:32:00,2026-05-22T01:37:00,Routine PM: Quarterly Point Machine Overhaul & Lubrication.,COMPLETED,125,T-202
HIST-01828,TASK-01871,2023-08-22T00:28:00,2023-08-22T02:31:00,Routine PM: Quarterly Point Machine Overhaul & Lubrication.,COMPLETED,123,T-201 (Signal Staff)
HIST-01829,TASK-01872,2023-11-19T23:30:00,2023-11-20T01:29:00,Routine PM: Quarterly Point Machine Overhaul & Lubrication.,COMPLETED,119,T-101 (Engineering Gang)
HIST-01830,TASK-01873,2024-02-18T00:24:00,2024-02-18T02:24:00,Routine PM: Quarterly Point Machine Overhaul & Lubrication.,COMPLETED,120,T-102
HIST-01831,TASK-01874,2024-05-18T00:06:00,2024-05-18T02:08:00,Routine PM: Quarterly Point Machine Overhaul & Lubrication.,COMPLETED,122,T-201 (Signal Staff)
HIST-01832,TASK-01875,2024-08-15T23:43:00,2024-08-16T01:47:00,Routine PM: Quarterly Point Machine Overhaul & Lubrication.,COMPLETED,124,T-202
HIST-01833,TASK-01876,2024-11-13T23:59:00,2024-11-14T01:57:00,Routine PM: Quarterly Point Machine Overhaul & Lubrication.,COMPLETED,118,T-302
HIST-01834,TASK-01877,2025-02-11T23:55:00,2025-02-12T01:51:00,Routine PM: Quarterly Point Machine Overhaul & Lubrication.,COMPLETED,116,T-301 (OHE Gang)
HIST-01835,TASK-01878,2025-05-12T23:47:00,2025-05-13T01:41:00,Routine PM: Quarterly Point Machine Overhaul & Lubrication.,COMPLETED,114,T-302
HIST-01836,TASK-01879,2025-08-10T23:34:00,2025-08-11T01:39:00,Routine PM: Quarterly Point Machine Overhaul & Lubrication.,COMPLETED,125,T-202
HIST-01837,TASK-01880,2025-11-08T23:33:00,2025-11-09T01:32:00,Routine PM: Quarterly Point Machine Overhaul & Lubrication.,COMPLETED,119,T-302
HIST-01838,TASK-01881,2026-02-07T00:27:00,2026-02-07T02:22:00,Routine PM: Quarterly Point Machine Overhaul & Lubrication.,COMPLETED,115,T-302
HIST-01839,TASK-01882,2026-05-07T23:38:00,2026-05-08T01:39:00,Routine PM: Quarterly Point Machine Overhaul & Lubrication.,COMPLETED,121,T-201 (Signal Staff)
HIST-01843,TASK-01886,2023-09-24T00:07:00,2023-09-24T02:03:00,Routine PM: Quarterly Point Machine Overhaul & Lubrication.,COMPLETED,116,T-102
HIST-01844,TASK-01887,2023-12-22T23:42:00,2023-12-23T01:42:00,Routine PM: Quarterly Point Machine Overhaul & Lubrication.,COMPLETED,120,T-302
HIST-01845,TASK-01888,2024-03-22T00:22:00,2024-03-22T02:22:00,Routine PM: Quarterly Point Machine Overhaul & Lubrication.,COMPLETED,120,T-302
HIST-01846,TASK-01889,2024-06-20T00:11:00,2024-06-20T02:08:00,Routine PM: Quarterly Point Machine Overhaul & Lubrication.,COMPLETED,117,T-301 (OHE Gang)
HIST-01847,TASK-01890,2024-09-17T23:52:00,2024-09-18T01:53:00,Routine PM: Quarterly Point Machine Overhaul & Lubrication.,COMPLETED,121,T-101 (Engineering Gang)
HIST-01848,TASK-01891,2024-12-17T00:09:00,2024-12-17T02:04:00,Routine PM: Quarterly Point Machine Overhaul & Lubrication.,COMPLETED,115,T-302
HIST-01849,TASK-01892,2025-03-16T23:44:00,2025-03-17T01:49:00,Routine PM: Quarterly Point Machine Overhaul & Lubrication.,COMPLETED,125,T-301 (OHE Gang)
HIST-01850,TASK-01893,2025-06-14T23:53:00,2025-06-15T01:57:00,Routine PM: Quarterly Point Machine Overhaul & Lubrication.,COMPLETED,124,T-202
HIST-01851,TASK-01894,2025-09-12T23:52:00,2025-09-13T01:51:00,Routine PM: Quarterly Point Machine Overhaul & Lubrication.,COMPLETED,119,T-201 (Signal Staff)
HIST-01852,TASK-01895,2025-12-12T00:27:00,2025-12-12T02:27:00,Routine PM: Quarterly Point Machine Overhaul & Lubrication.,COMPLETED,120,T-201 (Signal Staff)
HIST-01853,TASK-01896,2026-03-11T23:46:00,2026-03-12T01:44:00,Routine PM: Quarterly Point Machine Overhaul & Lubrication.,COMPLETED,118,T-201 (Signal Staff)
HIST-01854,TASK-01897,2026-06-10T00:11:00,2026-06-10T02:11:00,Routine PM: Quarterly Point Machine Overhaul & Lubrication.,COMPLETED,120,T-202
HIST-01861,TASK-01904,2023-08-23T00:20:00,2023-08-23T02:24:00,Routine PM: Quarterly Point Machine Overhaul & Lubrication.,COMPLETED,124,T-202
HIST-01862,TASK-01905,2023-11-20T23:49:00,2023-11-21T01:43:00,Routine PM: Quarterly Point Machine Overhaul & Lubrication.,COMPLETED,114,T-102
HIST-01863,TASK-01906,2024-02-19T00:06:00,2024-02-19T02:03:00,Routine PM: Quarterly Point Machine Overhaul & Lubrication.,COMPLETED,117,T-302
HIST-01864,TASK-01907,2024-05-18T23:40:00,2024-05-19T01:41:00,Routine PM: Quarterly Point Machine Overhaul & Lubrication.,COMPLETED,121,T-201 (Signal Staff)
HIST-01865,TASK-01908,2024-08-16T23:59:00,2024-08-17T02:00:00,Routine PM: Quarterly Point Machine Overhaul & Lubrication.,COMPLETED,121,T-202
HIST-01866,TASK-01909,2024-11-15T00:09:00,2024-11-15T02:11:00,Routine PM: Quarterly Point Machine Overhaul & Lubrication.,COMPLETED,122,T-302
HIST-01867,TASK-01910,2025-02-12T23:36:00,2025-02-13T01:33:00,Routine PM: Quarterly Point Machine Overhaul & Lubrication.,COMPLETED,117,T-301 (OHE Gang)
HIST-01868,TASK-01911,2025-05-14T00:29:00,2025-05-14T02:29:00,Routine PM: Quarterly Point Machine Overhaul & Lubrication.,COMPLETED,120,T-101 (Engineering Gang)
HIST-01869,TASK-01912,2025-08-12T00:05:00,2025-08-12T02:10:00,Routine PM: Quarterly Point Machine Overhaul & Lubrication.,COMPLETED,125,T-101 (Engineering Gang)
HIST-01870,TASK-01913,2025-11-10T00:00:00,2025-11-10T02:01:00,Routine PM: Quarterly Point Machine Overhaul & Lubrication.,COMPLETED,121,T-202
HIST-01871,TASK-01914,2026-02-07T23:47:00,2026-02-08T01:45:00,Routine PM: Quarterly Point Machine Overhaul & Lubrication.,COMPLETED,118,T-202
HIST-01872,TASK-01915,2026-05-08T23:49:00,2026-05-09T01:49:00,Routine PM: Quarterly Point Machine Overhaul & Lubrication.,COMPLETED,120,T-102
HIST-01897,TASK-01940,2023-08-20T23:55:00,2023-08-21T01:59:00,Routine PM: Quarterly Point Machine Overhaul & Lubrication.,COMPLETED,124,T-102
HIST-01898,TASK-01941,2023-11-19T00:27:00,2023-11-19T02:22:00,Routine PM: Quarterly Point Machine Overhaul & Lubrication.,COMPLETED,115,T-302
HIST-01899,TASK-01942,2024-02-16T23:47:00,2024-02-17T01:50:00,Routine PM: Quarterly Point Machine Overhaul & Lubrication.,COMPLETED,123,T-101 (Engineering Gang)
HIST-01900,TASK-01943,2024-05-17T00:09:00,2024-05-17T02:14:00,Routine PM: Quarterly Point Machine Overhaul & Lubrication.,COMPLETED,125,T-102
HIST-01901,TASK-01944,2024-08-15T00:14:00,2024-08-15T02:13:00,Routine PM: Quarterly Point Machine Overhaul & Lubrication.,COMPLETED,119,T-201 (Signal Staff)
HIST-01902,TASK-01945,2024-11-13T00:23:00,2024-11-13T02:20:00,Routine PM: Quarterly Point Machine Overhaul & Lubrication.,COMPLETED,117,T-102
HIST-01903,TASK-01946,2025-02-11T00:01:00,2025-02-11T01:58:00,Routine PM: Quarterly Point Machine Overhaul & Lubrication.,COMPLETED,117,T-102
HIST-01904,TASK-01947,2025-05-11T23:45:00,2025-05-12T01:50:00,Routine PM: Quarterly Point Machine Overhaul & Lubrication.,COMPLETED,125,T-101 (Engineering Gang)
HIST-01905,TASK-01948,2025-08-10T00:30:00,2025-08-10T02:32:00,Routine PM: Quarterly Point Machine Overhaul & Lubrication.,COMPLETED,122,T-201 (Signal Staff)
HIST-01906,TASK-01949,2025-11-07T23:51:00,2025-11-08T01:50:00,Routine PM: Quarterly Point Machine Overhaul & Lubrication.,COMPLETED,119,T-302
HIST-01907,TASK-01950,2026-02-06T00:04:00,2026-02-06T02:05:00,Routine PM: Quarterly Point Machine Overhaul & Lubrication.,COMPLETED,121,T-202
HIST-01908,TASK-01951,2026-05-06T23:36:00,2026-05-07T01:40:00,Routine PM: Quarterly Point Machine Overhaul & Lubrication.,COMPLETED,124,T-302
HIST-01909,TASK-01952,2023-08-22T23:32:00,2023-08-23T01:34:00,Routine PM: Quarterly Point Machine Overhaul & Lubrication.,COMPLETED,122,T-102
HIST-01910,TASK-01953,2023-11-20T23:45:00,2023-11-21T01:42:00,Routine PM: Quarterly Point Machine Overhaul & Lubrication.,COMPLETED,117,T-102
HIST-01911,TASK-01954,2024-02-18T23:49:00,2024-02-19T01:50:00,Routine PM: Quarterly Point Machine Overhaul & Lubrication.,COMPLETED,121,T-302
HIST-01912,TASK-01955,2024-05-18T23:35:00,2024-05-19T01:35:00,Routine PM: Quarterly Point Machine Overhaul & Lubrication.,COMPLETED,120,T-301 (OHE Gang)
HIST-01913,TASK-01956,2024-08-17T00:26:00,2024-08-17T02:29:00,Routine PM: Quarterly Point Machine Overhaul & Lubrication.,COMPLETED,123,T-101 (Engineering Gang)
HIST-01914,TASK-01957,2024-11-15T00:13:00,2024-11-15T02:08:00,Routine PM: Quarterly Point Machine Overhaul & Lubrication.,COMPLETED,115,T-201 (Signal Staff)
HIST-01915,TASK-01958,2025-02-12T23:30:00,2025-02-13T01:27:00,Routine PM: Quarterly Point Machine Overhaul & Lubrication.,COMPLETED,117,T-202
HIST-01916,TASK-01959,2025-05-14T00:00:00,2025-05-14T02:04:00,Routine PM: Quarterly Point Machine Overhaul & Lubrication.,COMPLETED,124,T-102
HIST-01917,TASK-01960,2025-08-11T23:45:00,2025-08-12T01:41:00,Routine PM: Quarterly Point Machine Overhaul & Lubrication.,COMPLETED,116,T-102
HIST-01918,TASK-01961,2025-11-10T00:05:00,2025-11-10T02:08:00,Routine PM: Quarterly Point Machine Overhaul & Lubrication.,COMPLETED,123,T-201 (Signal Staff)
HIST-01919,TASK-01962,2026-02-08T00:29:00,2026-02-08T02:29:00,Routine PM: Quarterly Point Machine Overhaul & Lubrication.,COMPLETED,120,T-102
HIST-01920,TASK-01963,2026-05-08T23:54:00,2026-05-09T01:52:00,Routine PM: Quarterly Point Machine Overhaul & Lubrication.,COMPLETED,118,T-102
HIST-01921,TASK-01964,2023-10-01T00:16:00,2023-10-01T02:14:00,Routine PM: Quarterly Point Machine Overhaul & Lubrication.,COMPLETED,118,T-201 (Signal Staff)
HIST-01922,TASK-01965,2023-12-29T23:51:00,2023-12-30T01:51:00,Routine PM: Quarterly Point Machine Overhaul & Lubrication.,COMPLETED,120,T-202
HIST-01923,TASK-01966,2024-03-28T23:50:00,2024-03-29T01:55:00,Routine PM: Quarterly Point Machine Overhaul & Lubrication.,COMPLETED,125,T-202
HIST-01924,TASK-01967,2024-06-26T23:53:00,2024-06-27T01:47:00,Routine PM: Quarterly Point Machine Overhaul & Lubrication.,COMPLETED,114,T-102
HIST-01925,TASK-01968,2024-09-25T00:18:00,2024-09-25T02:16:00,Routine PM: Quarterly Point Machine Overhaul & Lubrication.,COMPLETED,118,T-202
HIST-01926,TASK-01969,2024-12-24T00:00:00,2024-12-24T02:00:00,Routine PM: Quarterly Point Machine Overhaul & Lubrication.,COMPLETED,120,T-302
HIST-01927,TASK-01970,2025-03-23T23:55:00,2025-03-24T01:52:00,Routine PM: Quarterly Point Machine Overhaul & Lubrication.,COMPLETED,117,T-202
HIST-01928,TASK-01971,2025-06-22T00:00:00,2025-06-22T01:55:00,Routine PM: Quarterly Point Machine Overhaul & Lubrication.,COMPLETED,115,T-101 (Engineering Gang)
HIST-01929,TASK-01972,2025-09-19T23:33:00,2025-09-20T01:27:00,Routine PM: Quarterly Point Machine Overhaul & Lubrication.,COMPLETED,114,T-301 (OHE Gang)
HIST-01930,TASK-01973,2025-12-18T23:52:00,2025-12-19T01:49:00,Routine PM: Quarterly Point Machine Overhaul & Lubrication.,COMPLETED,117,T-302
HIST-01931,TASK-01974,2026-03-18T23:46:00,2026-03-19T01:44:00,Routine PM: Quarterly Point Machine Overhaul & Lubrication.,COMPLETED,118,T-201 (Signal Staff)
HIST-01932,TASK-01975,2026-06-16T23:45:00,2026-06-17T01:42:00,Routine PM: Quarterly Point Machine Overhaul & Lubrication.,COMPLETED,117,T-202
HIST-01951,TASK-01994,2023-08-26T23:35:00,2023-08-27T01:35:00,Routine PM: Quarterly Point Machine Overhaul & Lubrication.,COMPLETED,120,T-101 (Engineering Gang)
HIST-01952,TASK-01995,2023-11-25T00:15:00,2023-11-25T02:17:00,Routine PM: Quarterly Point Machine Overhaul & Lubrication.,COMPLETED,122,T-102
HIST-01953,TASK-01996,2024-02-23T00:14:00,2024-02-23T02:17:00,Routine PM: Quarterly Point Machine Overhaul & Lubrication.,COMPLETED,123,T-301 (OHE Gang)
HIST-01954,TASK-01997,2024-05-23T00:30:00,2024-05-23T02:33:00,Routine PM: Quarterly Point Machine Overhaul & Lubrication.,COMPLETED,123,T-102
HIST-01955,TASK-01998,2024-08-20T23:33:00,2024-08-21T01:36:00,Routine PM: Quarterly Point Machine Overhaul & Lubrication.,COMPLETED,123,T-202
HIST-01956,TASK-01999,2024-11-19T00:09:00,2024-11-19T02:14:00,Routine PM: Quarterly Point Machine Overhaul & Lubrication.,COMPLETED,125,T-202
HIST-01957,TASK-02000,2025-02-17T00:03:00,2025-02-17T02:00:00,Routine PM: Quarterly Point Machine Overhaul & Lubrication.,COMPLETED,117,T-201 (Signal Staff)
HIST-01958,TASK-02001,2025-05-17T23:58:00,2025-05-18T01:53:00,Routine PM: Quarterly Point Machine Overhaul & Lubrication.,COMPLETED,115,T-301 (OHE Gang)
HIST-01959,TASK-02002,2025-08-15T23:44:00,2025-08-16T01:46:00,Routine PM: Quarterly Point Machine Overhaul & Lubrication.,COMPLETED,122,T-202
HIST-01960,TASK-02003,2025-11-14T00:19:00,2025-11-14T02:16:00,Routine PM: Quarterly Point Machine Overhaul & Lubrication.,COMPLETED,117,T-301 (OHE Gang)
HIST-01961,TASK-02004,2026-02-12T00:08:00,2026-02-12T02:04:00,Routine PM: Quarterly Point Machine Overhaul & Lubrication.,COMPLETED,116,T-302
HIST-01962,TASK-02005,2026-05-12T23:49:00,2026-05-13T01:52:00,Routine PM: Quarterly Point Machine Overhaul & Lubrication.,COMPLETED,123,T-102
HIST-01969,TASK-02012,2023-08-23T00:04:00,2023-08-23T02:01:00,Routine PM: Quarterly Point Machine Overhaul & Lubrication.,COMPLETED,117,T-101 (Engineering Gang)
HIST-01970,TASK-02013,2023-11-21T00:20:00,2023-11-21T02:21:00,Routine PM: Quarterly Point Machine Overhaul & Lubrication.,COMPLETED,121,T-302
HIST-01971,TASK-02014,2024-02-18T23:50:00,2024-02-19T01:45:00,Routine PM: Quarterly Point Machine Overhaul & Lubrication.,COMPLETED,115,T-101 (Engineering Gang)
HIST-01972,TASK-02015,2024-05-19T00:27:00,2024-05-19T02:29:00,Routine PM: Quarterly Point Machine Overhaul & Lubrication.,COMPLETED,122,T-202
HIST-01973,TASK-02016,2024-08-17T00:17:00,2024-08-17T02:11:00,Routine PM: Quarterly Point Machine Overhaul & Lubrication.,COMPLETED,114,T-101 (Engineering Gang)
HIST-01974,TASK-02017,2024-11-15T00:25:00,2024-11-15T02:22:00,Routine PM: Quarterly Point Machine Overhaul & Lubrication.,COMPLETED,117,T-302
HIST-01975,TASK-02018,2025-02-12T23:34:00,2025-02-13T01:29:00,Routine PM: Quarterly Point Machine Overhaul & Lubrication.,COMPLETED,115,T-102
HIST-01976,TASK-02019,2025-05-13T23:31:00,2025-05-14T01:29:00,Routine PM: Quarterly Point Machine Overhaul & Lubrication.,COMPLETED,118,T-302
HIST-01977,TASK-02020,2025-08-12T00:24:00,2025-08-12T02:23:00,Routine PM: Quarterly Point Machine Overhaul & Lubrication.,COMPLETED,119,T-101 (Engineering Gang)
HIST-01978,TASK-02021,2025-11-09T23:38:00,2025-11-10T01:42:00,Routine PM: Quarterly Point Machine Overhaul & Lubrication.,COMPLETED,124,T-202
HIST-01979,TASK-02022,2026-02-08T00:18:00,2026-02-08T02:23:00,Routine PM: Quarterly Point Machine Overhaul & Lubrication.,COMPLETED,125,T-301 (OHE Gang)
HIST-01980,TASK-02023,2026-05-09T00:09:00,2026-05-09T02:07:00,Routine PM: Quarterly Point Machine Overhaul & Lubrication.,COMPLETED,118,T-102
HIST-01981,TASK-02024,2023-10-09T00:06:00,2023-10-09T02:03:00,Routine PM: Quarterly Point Machine Overhaul & Lubrication.,COMPLETED,117,T-202
HIST-01982,TASK-02025,2024-01-07T00:25:00,2024-01-07T02:29:00,Routine PM: Quarterly Point Machine Overhaul & Lubrication.,COMPLETED,124,T-302
HIST-01983,TASK-02026,2024-04-05T23:40:00,2024-04-06T01:38:00,Routine PM: Quarterly Point Machine Overhaul & Lubrication.,COMPLETED,118,T-101 (Engineering Gang)
HIST-01984,TASK-02027,2024-07-04T23:44:00,2024-07-05T01:38:00,Routine PM: Quarterly Point Machine Overhaul & Lubrication.,COMPLETED,114,T-202
HIST-01985,TASK-02028,2024-10-02T23:45:00,2024-10-03T01:44:00,Routine PM: Quarterly Point Machine Overhaul & Lubrication.,COMPLETED,119,T-201 (Signal Staff)
HIST-01986,TASK-02029,2024-12-31T23:36:00,2025-01-01T01:39:00,Routine PM: Quarterly Point Machine Overhaul & Lubrication.,COMPLETED,123,T-302
HIST-01987,TASK-02030,2025-04-01T00:14:00,2025-04-01T02:10:00,Routine PM: Quarterly Point Machine Overhaul & Lubrication.,COMPLETED,116,T-202
HIST-01988,TASK-02031,2025-06-30T00:28:00,2025-06-30T02:25:00,Routine PM: Quarterly Point Machine Overhaul & Lubrication.,COMPLETED,117,T-201 (Signal Staff)
HIST-01989,TASK-02032,2025-09-28T00:17:00,2025-09-28T02:13:00,Routine PM: Quarterly Point Machine Overhaul & Lubrication.,COMPLETED,116,T-302
HIST-01990,TASK-02033,2025-12-26T23:46:00,2025-12-27T01:43:00,Routine PM: Quarterly Point Machine Overhaul & Lubrication.,COMPLETED,117,T-302
HIST-01991,TASK-02034,2026-03-26T23:41:00,2026-03-27T01:37:00,Routine PM: Quarterly Point Machine Overhaul & Lubrication.,COMPLETED,116,T-301 (OHE Gang)
HIST-01992,TASK-02035,2026-06-25T00:14:00,2026-06-25T02:14:00,Routine PM: Quarterly Point Machine Overhaul & Lubrication.,COMPLETED,120,T-302
HIST-02011,TASK-02054,2023-10-25T00:12:00,2023-10-25T02:17:00,Routine PM: Quarterly Point Machine Overhaul & Lubrication.,COMPLETED,125,T-101 (Engineering Gang)
HIST-02012,TASK-02055,2024-01-23T00:21:00,2024-01-23T02:17:00,Routine PM: Quarterly Point Machine Overhaul & Lubrication.,COMPLETED,116,T-201 (Signal Staff)
HIST-02013,TASK-02056,2024-04-21T23:36:00,2024-04-22T01:34:00,Routine PM: Quarterly Point Machine Overhaul & Lubrication.,COMPLETED,118,T-302
HIST-02014,TASK-02057,2024-07-21T00:26:00,2024-07-21T02:21:00,Routine PM: Quarterly Point Machine Overhaul & Lubrication.,COMPLETED,115,T-302
HIST-02015,TASK-02058,2024-10-19T00:10:00,2024-10-19T02:15:00,Routine PM: Quarterly Point Machine Overhaul & Lubrication.,COMPLETED,125,T-201 (Signal Staff)
HIST-02016,TASK-02059,2025-01-17T00:30:00,2025-01-17T02:28:00,Routine PM: Quarterly Point Machine Overhaul & Lubrication.,COMPLETED,118,T-101 (Engineering Gang)
HIST-02017,TASK-02060,2025-04-17T00:00:00,2025-04-17T01:55:00,Routine PM: Quarterly Point Machine Overhaul & Lubrication.,COMPLETED,115,T-201 (Signal Staff)
HIST-02018,TASK-02061,2025-07-16T00:12:00,2025-07-16T02:10:00,Routine PM: Quarterly Point Machine Overhaul & Lubrication.,COMPLETED,118,T-202
HIST-02019,TASK-02062,2025-10-13T23:53:00,2025-10-14T01:47:00,Routine PM: Quarterly Point Machine Overhaul & Lubrication.,COMPLETED,114,T-302
HIST-02020,TASK-02063,2026-01-12T00:17:00,2026-01-12T02:20:00,Routine PM: Quarterly Point Machine Overhaul & Lubrication.,COMPLETED,123,T-301 (OHE Gang)
HIST-02021,TASK-02064,2026-04-12T00:04:00,2026-04-12T02:02:00,Routine PM: Quarterly Point Machine Overhaul & Lubrication.,COMPLETED,118,T-102
HIST-02022,TASK-02065,2026-07-10T23:33:00,2026-07-11T01:34:00,Routine PM: Quarterly Point Machine Overhaul & Lubrication.,COMPLETED,121,T-201 (Signal Staff)
HIST-02026,TASK-02069,2023-10-01T00:21:00,2023-10-01T02:24:00,Routine PM: Quarterly Point Machine Overhaul & Lubrication.,COMPLETED,123,T-201 (Signal Staff)
HIST-02027,TASK-02070,2023-12-29T23:32:00,2023-12-30T01:35:00,Routine PM: Quarterly Point Machine Overhaul & Lubrication.,COMPLETED,123,T-101 (Engineering Gang)
HIST-02028,TASK-02071,2024-03-28T23:37:00,2024-03-29T01:42:00,Routine PM: Quarterly Point Machine Overhaul & Lubrication.,COMPLETED,125,T-202
HIST-02029,TASK-02072,2024-06-26T23:31:00,2024-06-27T01:25:00,Routine PM: Quarterly Point Machine Overhaul & Lubrication.,COMPLETED,114,T-301 (OHE Gang)
HIST-02030,TASK-02073,2024-09-25T00:11:00,2024-09-25T02:11:00,Routine PM: Quarterly Point Machine Overhaul & Lubrication.,COMPLETED,120,T-202
HIST-02031,TASK-02074,2024-12-23T23:38:00,2024-12-24T01:37:00,Routine PM: Quarterly Point Machine Overhaul & Lubrication.,COMPLETED,119,T-302
HIST-02032,TASK-02075,2025-03-23T23:40:00,2025-03-24T01:36:00,Routine PM: Quarterly Point Machine Overhaul & Lubrication.,COMPLETED,116,T-101 (Engineering Gang)
HIST-02033,TASK-02076,2025-06-22T00:02:00,2025-06-22T02:01:00,Routine PM: Quarterly Point Machine Overhaul & Lubrication.,COMPLETED,119,T-301 (OHE Gang)
HIST-02034,TASK-02077,2025-09-19T23:56:00,2025-09-20T01:56:00,Routine PM: Quarterly Point Machine Overhaul & Lubrication.,COMPLETED,120,T-302
HIST-02035,TASK-02078,2025-12-18T23:44:00,2025-12-19T01:40:00,Routine PM: Quarterly Point Machine Overhaul & Lubrication.,COMPLETED,116,T-301 (OHE Gang)
HIST-02036,TASK-02079,2026-03-19T00:30:00,2026-03-19T02:28:00,Routine PM: Quarterly Point Machine Overhaul & Lubrication.,COMPLETED,118,T-201 (Signal Staff)
HIST-02037,TASK-02080,2026-06-17T00:02:00,2026-06-17T02:00:00,Routine PM: Quarterly Point Machine Overhaul & Lubrication.,COMPLETED,118,T-202
HIST-02041,TASK-02084,2023-10-22T00:20:00,2023-10-22T02:18:00,Routine PM: Quarterly Point Machine Overhaul & Lubrication.,COMPLETED,118,T-202
HIST-02042,TASK-02085,2024-01-19T23:32:00,2024-01-20T01:26:00,Routine PM: Quarterly Point Machine Overhaul & Lubrication.,COMPLETED,114,T-301 (OHE Gang)
HIST-02043,TASK-02086,2024-04-19T00:15:00,2024-04-19T02:13:00,Routine PM: Quarterly Point Machine Overhaul & Lubrication.,COMPLETED,118,T-302
HIST-02044,TASK-02087,2024-07-17T23:43:00,2024-07-18T01:46:00,Routine PM: Quarterly Point Machine Overhaul & Lubrication.,COMPLETED,123,T-201 (Signal Staff)
HIST-02045,TASK-02088,2024-10-16T00:28:00,2024-10-16T02:28:00,Routine PM: Quarterly Point Machine Overhaul & Lubrication.,COMPLETED,120,T-102
HIST-02046,TASK-02089,2025-01-14T00:09:00,2025-01-14T02:14:00,Routine PM: Quarterly Point Machine Overhaul & Lubrication.,COMPLETED,125,T-201 (Signal Staff)
HIST-02047,TASK-02090,2025-04-13T23:55:00,2025-04-14T01:56:00,Routine PM: Quarterly Point Machine Overhaul & Lubrication.,COMPLETED,121,T-101 (Engineering Gang)
HIST-02048,TASK-02091,2025-07-13T00:06:00,2025-07-13T02:08:00,Routine PM: Quarterly Point Machine Overhaul & Lubrication.,COMPLETED,122,T-101 (Engineering Gang)
HIST-02049,TASK-02092,2025-10-10T23:49:00,2025-10-11T01:46:00,Routine PM: Quarterly Point Machine Overhaul & Lubrication.,COMPLETED,117,T-301 (OHE Gang)
HIST-02050,TASK-02093,2026-01-08T23:31:00,2026-01-09T01:26:00,Routine PM: Quarterly Point Machine Overhaul & Lubrication.,COMPLETED,115,T-301 (OHE Gang)
HIST-02051,TASK-02094,2026-04-08T23:30:00,2026-04-09T01:27:00,Routine PM: Quarterly Point Machine Overhaul & Lubrication.,COMPLETED,117,T-302
HIST-02052,TASK-02095,2026-07-08T00:23:00,2026-07-08T02:21:00,Routine PM: Quarterly Point Machine Overhaul & Lubrication.,COMPLETED,118,T-301 (OHE Gang)
HIST-02080,TASK-02123,2023-09-04T23:46:00,2023-09-05T01:47:00,Routine PM: Quarterly Point Machine Overhaul & Lubrication.,COMPLETED,121,T-301 (OHE Gang)
HIST-02081,TASK-02124,2023-12-03T23:33:00,2023-12-04T01:34:00,Routine PM: Quarterly Point Machine Overhaul & Lubrication.,COMPLETED,121,T-102
HIST-02082,TASK-02125,2024-03-03T00:06:00,2024-03-03T02:01:00,Routine PM: Quarterly Point Machine Overhaul & Lubrication.,COMPLETED,115,T-201 (Signal Staff)
HIST-02083,TASK-02126,2024-05-31T23:51:00,2024-06-01T01:47:00,Routine PM: Quarterly Point Machine Overhaul & Lubrication.,COMPLETED,116,T-201 (Signal Staff)
HIST-02084,TASK-02127,2024-08-30T00:08:00,2024-08-30T02:05:00,Routine PM: Quarterly Point Machine Overhaul & Lubrication.,COMPLETED,117,T-102
HIST-02085,TASK-02128,2024-11-27T23:37:00,2024-11-28T01:38:00,Routine PM: Quarterly Point Machine Overhaul & Lubrication.,COMPLETED,121,T-102
HIST-02086,TASK-02129,2025-02-25T23:56:00,2025-02-26T01:52:00,Routine PM: Quarterly Point Machine Overhaul & Lubrication.,COMPLETED,116,T-301 (OHE Gang)
HIST-02087,TASK-02130,2025-05-27T00:27:00,2025-05-27T02:29:00,Routine PM: Quarterly Point Machine Overhaul & Lubrication.,COMPLETED,122,T-202
HIST-02088,TASK-02131,2025-08-24T23:47:00,2025-08-25T01:45:00,Routine PM: Quarterly Point Machine Overhaul & Lubrication.,COMPLETED,118,T-102
HIST-02089,TASK-02132,2025-11-23T00:21:00,2025-11-23T02:19:00,Routine PM: Quarterly Point Machine Overhaul & Lubrication.,COMPLETED,118,T-101 (Engineering Gang)
HIST-02090,TASK-02133,2026-02-21T00:27:00,2026-02-21T02:30:00,Routine PM: Quarterly Point Machine Overhaul & Lubrication.,COMPLETED,123,T-202
HIST-02091,TASK-02134,2026-05-22T00:25:00,2026-05-22T02:24:00,Routine PM: Quarterly Point Machine Overhaul & Lubrication.,COMPLETED,119,T-202
HIST-02098,TASK-02141,2023-09-26T23:57:00,2023-09-27T01:56:00,Routine PM: Quarterly Point Machine Overhaul & Lubrication.,COMPLETED,119,T-302
HIST-02099,TASK-02142,2023-12-25T23:40:00,2023-12-26T01:39:00,Routine PM: Quarterly Point Machine Overhaul & Lubrication.,COMPLETED,119,T-102
HIST-02100,TASK-02143,2024-03-25T00:17:00,2024-03-25T02:22:00,Routine PM: Quarterly Point Machine Overhaul & Lubrication.,COMPLETED,125,T-201 (Signal Staff)
HIST-02101,TASK-02144,2024-06-22T23:57:00,2024-06-23T01:53:00,Routine PM: Quarterly Point Machine Overhaul & Lubrication.,COMPLETED,116,T-201 (Signal Staff)
HIST-02102,TASK-02145,2024-09-20T23:48:00,2024-09-21T01:45:00,Routine PM: Quarterly Point Machine Overhaul & Lubrication.,COMPLETED,117,T-202
HIST-02103,TASK-02146,2024-12-20T00:12:00,2024-12-20T02:12:00,Routine PM: Quarterly Point Machine Overhaul & Lubrication.,COMPLETED,120,T-102
HIST-02104,TASK-02147,2025-03-20T00:15:00,2025-03-20T02:14:00,Routine PM: Quarterly Point Machine Overhaul & Lubrication.,COMPLETED,119,T-102
HIST-02105,TASK-02148,2025-06-17T23:42:00,2025-06-18T01:42:00,Routine PM: Quarterly Point Machine Overhaul & Lubrication.,COMPLETED,120,T-302
HIST-02106,TASK-02149,2025-09-15T23:41:00,2025-09-16T01:43:00,Routine PM: Quarterly Point Machine Overhaul & Lubrication.,COMPLETED,122,T-201 (Signal Staff)
HIST-02107,TASK-02150,2025-12-15T00:30:00,2025-12-15T02:30:00,Routine PM: Quarterly Point Machine Overhaul & Lubrication.,COMPLETED,120,T-101 (Engineering Gang)
HIST-02108,TASK-02151,2026-03-14T23:47:00,2026-03-15T01:46:00,Routine PM: Quarterly Point Machine Overhaul & Lubrication.,COMPLETED,119,T-202
HIST-02109,TASK-02152,2026-06-12T23:40:00,2026-06-13T01:35:00,Routine PM: Quarterly Point Machine Overhaul & Lubrication.,COMPLETED,115,T-201 (Signal Staff)
HIST-02113,TASK-02156,2023-09-07T00:16:00,2023-09-07T02:11:00,Routine PM: Quarterly Point Machine Overhaul & Lubrication.,COMPLETED,115,T-301 (OHE Gang)
HIST-02114,TASK-02157,2023-12-06T00:08:00,2023-12-06T02:13:00,Routine PM: Quarterly Point Machine Overhaul & Lubrication.,COMPLETED,125,T-102
HIST-02115,TASK-02158,2024-03-04T23:39:00,2024-03-05T01:38:00,Routine PM: Quarterly Point Machine Overhaul & Lubrication.,COMPLETED,119,T-101 (Engineering Gang)
HIST-02116,TASK-02159,2024-06-03T00:19:00,2024-06-03T02:19:00,Routine PM: Quarterly Point Machine Overhaul & Lubrication.,COMPLETED,120,T-302
HIST-02117,TASK-02160,2024-08-31T23:48:00,2024-09-01T01:53:00,Routine PM: Quarterly Point Machine Overhaul & Lubrication.,COMPLETED,125,T-101 (Engineering Gang)
HIST-02118,TASK-02161,2024-11-30T00:26:00,2024-11-30T02:28:00,Routine PM: Quarterly Point Machine Overhaul & Lubrication.,COMPLETED,122,T-101 (Engineering Gang)
HIST-02119,TASK-02162,2025-02-27T23:47:00,2025-02-28T01:44:00,Routine PM: Quarterly Point Machine Overhaul & Lubrication.,COMPLETED,117,T-201 (Signal Staff)
HIST-02120,TASK-02163,2025-05-28T23:49:00,2025-05-29T01:47:00,Routine PM: Quarterly Point Machine Overhaul & Lubrication.,COMPLETED,118,T-201 (Signal Staff)
HIST-02121,TASK-02164,2025-08-26T23:41:00,2025-08-27T01:42:00,Routine PM: Quarterly Point Machine Overhaul & Lubrication.,COMPLETED,121,T-201 (Signal Staff)
HIST-02122,TASK-02165,2025-11-24T23:46:00,2025-11-25T01:49:00,Routine PM: Quarterly Point Machine Overhaul & Lubrication.,COMPLETED,123,T-102
HIST-02123,TASK-02166,2026-02-22T23:58:00,2026-02-23T02:00:00,Routine PM: Quarterly Point Machine Overhaul & Lubrication.,COMPLETED,122,T-202
HIST-02124,TASK-02167,2026-05-24T00:12:00,2026-05-24T02:15:00,Routine PM: Quarterly Point Machine Overhaul & Lubrication.,COMPLETED,123,T-202
HIST-02134,TASK-02177,2023-10-20T00:11:00,2023-10-20T02:16:00,Routine PM: Quarterly Point Machine Overhaul & Lubrication.,COMPLETED,125,T-301 (OHE Gang)
HIST-02135,TASK-02178,2024-01-18T00:20:00,2024-01-18T02:21:00,Routine PM: Quarterly Point Machine Overhaul & Lubrication.,COMPLETED,121,T-302
HIST-02136,TASK-02179,2024-04-17T00:27:00,2024-04-17T02:30:00,Routine PM: Quarterly Point Machine Overhaul & Lubrication.,COMPLETED,123,T-202
HIST-02137,TASK-02180,2024-07-15T23:31:00,2024-07-16T01:29:00,Routine PM: Quarterly Point Machine Overhaul & Lubrication.,COMPLETED,118,T-101 (Engineering Gang)
HIST-02138,TASK-02181,2024-10-14T00:07:00,2024-10-14T02:08:00,Routine PM: Quarterly Point Machine Overhaul & Lubrication.,COMPLETED,121,T-301 (OHE Gang)
HIST-02139,TASK-02182,2025-01-11T23:51:00,2025-01-12T01:51:00,Routine PM: Quarterly Point Machine Overhaul & Lubrication.,COMPLETED,120,T-301 (OHE Gang)
HIST-02140,TASK-02183,2025-04-12T00:06:00,2025-04-12T02:04:00,Routine PM: Quarterly Point Machine Overhaul & Lubrication.,COMPLETED,118,T-202
HIST-02141,TASK-02184,2025-07-11T00:14:00,2025-07-11T02:19:00,Routine PM: Quarterly Point Machine Overhaul & Lubrication.,COMPLETED,125,T-301 (OHE Gang)
HIST-02142,TASK-02185,2025-10-09T00:21:00,2025-10-09T02:25:00,Routine PM: Quarterly Point Machine Overhaul & Lubrication.,COMPLETED,124,T-201 (Signal Staff)
HIST-02143,TASK-02186,2026-01-06T23:44:00,2026-01-07T01:40:00,Routine PM: Quarterly Point Machine Overhaul & Lubrication.,COMPLETED,116,T-302
HIST-02144,TASK-02187,2026-04-07T00:13:00,2026-04-07T02:09:00,Routine PM: Quarterly Point Machine Overhaul & Lubrication.,COMPLETED,116,T-101 (Engineering Gang)
HIST-02145,TASK-02188,2026-07-06T00:00:00,2026-07-06T01:54:00,Routine PM: Quarterly Point Machine Overhaul & Lubrication.,COMPLETED,114,T-102
HIST-02146,TASK-02189,2023-08-24T00:05:00,2023-08-24T02:04:00,Routine PM: Quarterly Point Machine Overhaul & Lubrication.,COMPLETED,119,T-301 (OHE Gang)
HIST-02147,TASK-02190,2023-11-22T00:02:00,2023-11-22T02:05:00,Routine PM: Quarterly Point Machine Overhaul & Lubrication.,COMPLETED,123,T-102
HIST-02148,TASK-02191,2024-02-20T00:13:00,2024-02-20T02:12:00,Routine PM: Quarterly Point Machine Overhaul & Lubrication.,COMPLETED,119,T-102
HIST-02149,TASK-02192,2024-05-20T00:16:00,2024-05-20T02:17:00,Routine PM: Quarterly Point Machine Overhaul & Lubrication.,COMPLETED,121,T-301 (OHE Gang)
HIST-02150,TASK-02193,2024-08-17T23:40:00,2024-08-18T01:42:00,Routine PM: Quarterly Point Machine Overhaul & Lubrication.,COMPLETED,122,T-101 (Engineering Gang)
HIST-02151,TASK-02194,2024-11-15T23:47:00,2024-11-16T01:47:00,Routine PM: Quarterly Point Machine Overhaul & Lubrication.,COMPLETED,120,T-302
HIST-02152,TASK-02195,2025-02-13T23:53:00,2025-02-14T01:58:00,Routine PM: Quarterly Point Machine Overhaul & Lubrication.,COMPLETED,125,T-102
HIST-02153,TASK-02196,2025-05-15T00:25:00,2025-05-15T02:23:00,Routine PM: Quarterly Point Machine Overhaul & Lubrication.,COMPLETED,118,T-202
HIST-02154,TASK-02197,2025-08-13T00:10:00,2025-08-13T02:13:00,Routine PM: Quarterly Point Machine Overhaul & Lubrication.,COMPLETED,123,T-202
HIST-02155,TASK-02198,2025-11-10T23:38:00,2025-11-11T01:39:00,Routine PM: Quarterly Point Machine Overhaul & Lubrication.,COMPLETED,121,T-201 (Signal Staff)
HIST-02156,TASK-02199,2026-02-08T23:59:00,2026-02-09T02:03:00,Routine PM: Quarterly Point Machine Overhaul & Lubrication.,COMPLETED,124,T-302
HIST-02157,TASK-02200,2026-05-09T23:30:00,2026-05-10T01:32:00,Routine PM: Quarterly Point Machine Overhaul & Lubrication.,COMPLETED,122,T-301 (OHE Gang)
HIST-02176,TASK-02219,2023-08-23T23:48:00,2023-08-24T01:53:00,Routine PM: Quarterly Point Machine Overhaul & Lubrication.,COMPLETED,125,T-301 (OHE Gang)
HIST-02177,TASK-02220,2023-11-22T00:25:00,2023-11-22T02:19:00,Routine PM: Quarterly Point Machine Overhaul & Lubrication.,COMPLETED,114,T-302
HIST-02178,TASK-02221,2024-02-20T00:27:00,2024-02-20T02:31:00,Routine PM: Quarterly Point Machine Overhaul & Lubrication.,COMPLETED,124,T-201 (Signal Staff)
HIST-02179,TASK-02222,2024-05-20T00:00:00,2024-05-20T01:54:00,Routine PM: Quarterly Point Machine Overhaul & Lubrication.,COMPLETED,114,T-201 (Signal Staff)
HIST-02180,TASK-02223,2024-08-18T00:26:00,2024-08-18T02:30:00,Routine PM: Quarterly Point Machine Overhaul & Lubrication.,COMPLETED,124,T-301 (OHE Gang)
HIST-02181,TASK-02224,2024-11-15T23:42:00,2024-11-16T01:45:00,Routine PM: Quarterly Point Machine Overhaul & Lubrication.,COMPLETED,123,T-101 (Engineering Gang)
HIST-02182,TASK-02225,2025-02-14T00:08:00,2025-02-14T02:02:00,Routine PM: Quarterly Point Machine Overhaul & Lubrication.,COMPLETED,114,T-302
HIST-02183,TASK-02226,2025-05-15T00:23:00,2025-05-15T02:28:00,Routine PM: Quarterly Point Machine Overhaul & Lubrication.,COMPLETED,125,T-202
HIST-02184,TASK-02227,2025-08-12T23:45:00,2025-08-13T01:46:00,Routine PM: Quarterly Point Machine Overhaul & Lubrication.,COMPLETED,121,T-101 (Engineering Gang)
HIST-02185,TASK-02228,2025-11-11T00:09:00,2025-11-11T02:13:00,Routine PM: Quarterly Point Machine Overhaul & Lubrication.,COMPLETED,124,T-302
HIST-02186,TASK-02229,2026-02-08T23:53:00,2026-02-09T01:49:00,Routine PM: Quarterly Point Machine Overhaul & Lubrication.,COMPLETED,116,T-101 (Engineering Gang)
HIST-02187,TASK-02230,2026-05-10T00:17:00,2026-05-10T02:22:00,Routine PM: Quarterly Point Machine Overhaul & Lubrication.,COMPLETED,125,T-201 (Signal Staff)
HIST-02194,TASK-02237,2023-09-13T23:32:00,2023-09-14T01:31:00,Routine PM: Quarterly Point Machine Overhaul & Lubrication.,COMPLETED,119,T-302
HIST-02195,TASK-02238,2023-12-13T00:17:00,2023-12-13T02:11:00,Routine PM: Quarterly Point Machine Overhaul & Lubrication.,COMPLETED,114,T-202
HIST-02196,TASK-02239,2024-03-11T23:35:00,2024-03-12T01:37:00,Routine PM: Quarterly Point Machine Overhaul & Lubrication.,COMPLETED,122,T-302
HIST-02197,TASK-02240,2024-06-09T23:34:00,2024-06-10T01:36:00,Routine PM: Quarterly Point Machine Overhaul & Lubrication.,COMPLETED,122,T-101 (Engineering Gang)
HIST-02198,TASK-02241,2024-09-07T23:38:00,2024-09-08T01:35:00,Routine PM: Quarterly Point Machine Overhaul & Lubrication.,COMPLETED,117,T-301 (OHE Gang)
HIST-02199,TASK-02242,2024-12-07T00:03:00,2024-12-07T02:06:00,Routine PM: Quarterly Point Machine Overhaul & Lubrication.,COMPLETED,123,T-301 (OHE Gang)
HIST-02200,TASK-02243,2025-03-06T23:55:00,2025-03-07T01:56:00,Routine PM: Quarterly Point Machine Overhaul & Lubrication.,COMPLETED,121,T-301 (OHE Gang)
HIST-02201,TASK-02244,2025-06-05T00:30:00,2025-06-05T02:25:00,Routine PM: Quarterly Point Machine Overhaul & Lubrication.,COMPLETED,115,T-101 (Engineering Gang)
HIST-02202,TASK-02245,2025-09-03T00:17:00,2025-09-03T02:17:00,Routine PM: Quarterly Point Machine Overhaul & Lubrication.,COMPLETED,120,T-301 (OHE Gang)
HIST-02203,TASK-02246,2025-12-02T00:15:00,2025-12-02T02:16:00,Routine PM: Quarterly Point Machine Overhaul & Lubrication.,COMPLETED,121,T-101 (Engineering Gang)
HIST-02204,TASK-02247,2026-03-01T23:31:00,2026-03-02T01:28:00,Routine PM: Quarterly Point Machine Overhaul & Lubrication.,COMPLETED,117,T-202
HIST-02205,TASK-02248,2026-05-30T23:34:00,2026-05-31T01:37:00,Routine PM: Quarterly Point Machine Overhaul & Lubrication.,COMPLETED,123,T-302
HIST-02206,TASK-02249,2023-08-22T23:58:00,2023-08-23T01:54:00,Routine PM: Quarterly Point Machine Overhaul & Lubrication.,COMPLETED,116,T-201 (Signal Staff)
HIST-02207,TASK-02250,2023-11-21T00:14:00,2023-11-21T02:08:00,Routine PM: Quarterly Point Machine Overhaul & Lubrication.,COMPLETED,114,T-301 (OHE Gang)
HIST-02208,TASK-02251,2024-02-19T00:28:00,2024-02-19T02:28:00,Routine PM: Quarterly Point Machine Overhaul & Lubrication.,COMPLETED,120,T-101 (Engineering Gang)
HIST-02209,TASK-02252,2024-05-18T23:48:00,2024-05-19T01:48:00,Routine PM: Quarterly Point Machine Overhaul & Lubrication.,COMPLETED,120,T-201 (Signal Staff)
HIST-02210,TASK-02253,2024-08-16T23:31:00,2024-08-17T01:33:00,Routine PM: Quarterly Point Machine Overhaul & Lubrication.,COMPLETED,122,T-102
HIST-02211,TASK-02254,2024-11-14T23:48:00,2024-11-15T01:42:00,Routine PM: Quarterly Point Machine Overhaul & Lubrication.,COMPLETED,114,T-301 (OHE Gang)
HIST-02212,TASK-02255,2025-02-12T23:35:00,2025-02-13T01:30:00,Routine PM: Quarterly Point Machine Overhaul & Lubrication.,COMPLETED,115,T-101 (Engineering Gang)
HIST-02213,TASK-02256,2025-05-13T23:59:00,2025-05-14T01:53:00,Routine PM: Quarterly Point Machine Overhaul & Lubrication.,COMPLETED,114,T-301 (OHE Gang)
HIST-02214,TASK-02257,2025-08-12T00:13:00,2025-08-12T02:18:00,Routine PM: Quarterly Point Machine Overhaul & Lubrication.,COMPLETED,125,T-101 (Engineering Gang)
HIST-02215,TASK-02258,2025-11-09T23:31:00,2025-11-10T01:34:00,Routine PM: Quarterly Point Machine Overhaul & Lubrication.,COMPLETED,123,T-301 (OHE Gang)
HIST-02216,TASK-02259,2026-02-08T00:20:00,2026-02-08T02:14:00,Routine PM: Quarterly Point Machine Overhaul & Lubrication.,COMPLETED,114,T-101 (Engineering Gang)
HIST-02217,TASK-02260,2026-05-08T23:53:00,2026-05-09T01:55:00,Routine PM: Quarterly Point Machine Overhaul & Lubrication.,COMPLETED,122,T-202
HIST-02218,TASK-02261,2023-10-13T00:05:00,2023-10-13T02:02:00,Routine PM: Quarterly Point Machine Overhaul & Lubrication.,COMPLETED,117,T-102
HIST-02219,TASK-02262,2024-01-10T23:56:00,2024-01-11T01:50:00,Routine PM: Quarterly Point Machine Overhaul & Lubrication.,COMPLETED,114,T-102
HIST-02220,TASK-02263,2024-04-09T23:58:00,2024-04-10T02:03:00,Routine PM: Quarterly Point Machine Overhaul & Lubrication.,COMPLETED,125,T-301 (OHE Gang)
HIST-02221,TASK-02264,2024-07-09T00:11:00,2024-07-09T02:06:00,Routine PM: Quarterly Point Machine Overhaul & Lubrication.,COMPLETED,115,T-101 (Engineering Gang)
HIST-02222,TASK-02265,2024-10-06T23:46:00,2024-10-07T01:46:00,Routine PM: Quarterly Point Machine Overhaul & Lubrication.,COMPLETED,120,T-301 (OHE Gang)
HIST-02223,TASK-02266,2025-01-05T00:29:00,2025-01-05T02:23:00,Routine PM: Quarterly Point Machine Overhaul & Lubrication.,COMPLETED,114,T-102
HIST-02224,TASK-02267,2025-04-04T23:31:00,2025-04-05T01:31:00,Routine PM: Quarterly Point Machine Overhaul & Lubrication.,COMPLETED,120,T-101 (Engineering Gang)
HIST-02225,TASK-02268,2025-07-03T23:47:00,2025-07-04T01:49:00,Routine PM: Quarterly Point Machine Overhaul & Lubrication.,COMPLETED,122,T-102
HIST-02226,TASK-02269,2025-10-02T00:00:00,2025-10-02T01:54:00,Routine PM: Quarterly Point Machine Overhaul & Lubrication.,COMPLETED,114,T-201 (Signal Staff)
HIST-02227,TASK-02270,2025-12-30T23:34:00,2025-12-31T01:32:00,Routine PM: Quarterly Point Machine Overhaul & Lubrication.,COMPLETED,118,T-201 (Signal Staff)
HIST-02228,TASK-02271,2026-03-31T00:04:00,2026-03-31T02:02:00,Routine PM: Quarterly Point Machine Overhaul & Lubrication.,COMPLETED,118,T-101 (Engineering Gang)
HIST-02229,TASK-02272,2026-06-28T23:51:00,2026-06-29T01:46:00,Routine PM: Quarterly Point Machine Overhaul & Lubrication.,COMPLETED,115,T-101 (Engineering Gang)
HIST-02239,TASK-02282,2023-08-24T23:41:00,2023-08-25T01:36:00,Routine PM: Quarterly Point Machine Overhaul & Lubrication.,COMPLETED,115,T-102
HIST-02240,TASK-02283,2023-11-22T23:39:00,2023-11-23T01:36:00,Routine PM: Quarterly Point Machine Overhaul & Lubrication.,COMPLETED,117,T-101 (Engineering Gang)
HIST-02241,TASK-02284,2024-02-21T00:04:00,2024-02-21T02:05:00,Routine PM: Quarterly Point Machine Overhaul & Lubrication.,COMPLETED,121,T-301 (OHE Gang)
HIST-02242,TASK-02285,2024-05-20T23:50:00,2024-05-21T01:53:00,Routine PM: Quarterly Point Machine Overhaul & Lubrication.,COMPLETED,123,T-302
HIST-02243,TASK-02286,2024-08-18T23:41:00,2024-08-19T01:38:00,Routine PM: Quarterly Point Machine Overhaul & Lubrication.,COMPLETED,117,T-101 (Engineering Gang)
HIST-02244,TASK-02287,2024-11-17T00:05:00,2024-11-17T02:05:00,Routine PM: Quarterly Point Machine Overhaul & Lubrication.,COMPLETED,120,T-302
HIST-02245,TASK-02288,2025-02-15T00:20:00,2025-02-15T02:14:00,Routine PM: Quarterly Point Machine Overhaul & Lubrication.,COMPLETED,114,T-202
HIST-02246,TASK-02289,2025-05-15T23:57:00,2025-05-16T01:59:00,Routine PM: Quarterly Point Machine Overhaul & Lubrication.,COMPLETED,122,T-201 (Signal Staff)
HIST-02247,TASK-02290,2025-08-13T23:50:00,2025-08-14T01:53:00,Routine PM: Quarterly Point Machine Overhaul & Lubrication.,COMPLETED,123,T-201 (Signal Staff)
HIST-02248,TASK-02291,2025-11-12T00:22:00,2025-11-12T02:18:00,Routine PM: Quarterly Point Machine Overhaul & Lubrication.,COMPLETED,116,T-101 (Engineering Gang)
HIST-02249,TASK-02292,2026-02-09T23:36:00,2026-02-10T01:38:00,Routine PM: Quarterly Point Machine Overhaul & Lubrication.,COMPLETED,122,T-202
HIST-02250,TASK-02293,2026-05-11T00:17:00,2026-05-11T02:18:00,Routine PM: Quarterly Point Machine Overhaul & Lubrication.,COMPLETED,121,T-202
HIST-02254,TASK-02297,2023-08-19T00:21:00,2023-08-19T02:22:00,Routine PM: Quarterly Point Machine Overhaul & Lubrication.,COMPLETED,121,T-302
HIST-02255,TASK-02298,2023-11-17T00:02:00,2023-11-17T01:57:00,Routine PM: Quarterly Point Machine Overhaul & Lubrication.,COMPLETED,115,T-302
HIST-02256,TASK-02299,2024-02-15T00:25:00,2024-02-15T02:26:00,Routine PM: Quarterly Point Machine Overhaul & Lubrication.,COMPLETED,121,T-302
HIST-02257,TASK-02300,2024-05-14T23:37:00,2024-05-15T01:42:00,Routine PM: Quarterly Point Machine Overhaul & Lubrication.,COMPLETED,125,T-202
HIST-02258,TASK-02301,2024-08-12T23:38:00,2024-08-13T01:39:00,Routine PM: Quarterly Point Machine Overhaul & Lubrication.,COMPLETED,121,T-302
HIST-02259,TASK-02302,2024-11-10T23:41:00,2024-11-11T01:41:00,Routine PM: Quarterly Point Machine Overhaul & Lubrication.,COMPLETED,120,T-102
HIST-02260,TASK-02303,2025-02-09T00:24:00,2025-02-09T02:28:00,Routine PM: Quarterly Point Machine Overhaul & Lubrication.,COMPLETED,124,T-302
HIST-02261,TASK-02304,2025-05-09T23:34:00,2025-05-10T01:32:00,Routine PM: Quarterly Point Machine Overhaul & Lubrication.,COMPLETED,118,T-202
HIST-02262,TASK-02305,2025-08-08T00:25:00,2025-08-08T02:29:00,Routine PM: Quarterly Point Machine Overhaul & Lubrication.,COMPLETED,124,T-202
HIST-02263,TASK-02306,2025-11-05T23:39:00,2025-11-06T01:42:00,Routine PM: Quarterly Point Machine Overhaul & Lubrication.,COMPLETED,123,T-301 (OHE Gang)
HIST-02264,TASK-02307,2026-02-04T00:10:00,2026-02-04T02:06:00,Routine PM: Quarterly Point Machine Overhaul & Lubrication.,COMPLETED,116,T-302
HIST-02265,TASK-02308,2026-05-04T23:51:00,2026-05-05T01:54:00,Routine PM: Quarterly Point Machine Overhaul & Lubrication.,COMPLETED,123,T-201 (Signal Staff)
HIST-02269,TASK-02312,2023-10-10T00:27:00,2023-10-10T02:24:00,Routine PM: Quarterly Point Machine Overhaul & Lubrication.,COMPLETED,117,T-101 (Engineering Gang)
HIST-02270,TASK-02313,2024-01-08T00:26:00,2024-01-08T02:20:00,Routine PM: Quarterly Point Machine Overhaul & Lubrication.,COMPLETED,114,T-301 (OHE Gang)
HIST-02271,TASK-02314,2024-04-06T23:34:00,2024-04-07T01:39:00,Routine PM: Quarterly Point Machine Overhaul & Lubrication.,COMPLETED,125,T-201 (Signal Staff)
HIST-02272,TASK-02315,2024-07-06T00:06:00,2024-07-06T02:07:00,Routine PM: Quarterly Point Machine Overhaul & Lubrication.,COMPLETED,121,T-201 (Signal Staff)
HIST-02273,TASK-02316,2024-10-04T00:14:00,2024-10-04T02:18:00,Routine PM: Quarterly Point Machine Overhaul & Lubrication.,COMPLETED,124,T-201 (Signal Staff)
HIST-02274,TASK-02317,2025-01-02T00:22:00,2025-01-02T02:19:00,Routine PM: Quarterly Point Machine Overhaul & Lubrication.,COMPLETED,117,T-101 (Engineering Gang)
HIST-02275,TASK-02318,2025-04-02T00:17:00,2025-04-02T02:16:00,Routine PM: Quarterly Point Machine Overhaul & Lubrication.,COMPLETED,119,T-102
HIST-02276,TASK-02319,2025-07-01T00:01:00,2025-07-01T02:02:00,Routine PM: Quarterly Point Machine Overhaul & Lubrication.,COMPLETED,121,T-201 (Signal Staff)
HIST-02277,TASK-02320,2025-09-29T00:12:00,2025-09-29T02:10:00,Routine PM: Quarterly Point Machine Overhaul & Lubrication.,COMPLETED,118,T-102
HIST-02278,TASK-02321,2025-12-28T00:02:00,2025-12-28T01:56:00,Routine PM: Quarterly Point Machine Overhaul & Lubrication.,COMPLETED,114,T-102
HIST-02279,TASK-02322,2026-03-27T23:30:00,2026-03-28T01:30:00,Routine PM: Quarterly Point Machine Overhaul & Lubrication.,COMPLETED,120,T-201 (Signal Staff)
HIST-02280,TASK-02323,2026-06-25T23:46:00,2026-06-26T01:51:00,Routine PM: Quarterly Point Machine Overhaul & Lubrication.,COMPLETED,125,T-202
HIST-02290,TASK-02333,2023-10-30T00:21:00,2023-10-30T02:26:00,Routine PM: Quarterly Point Machine Overhaul & Lubrication.,COMPLETED,125,T-302
HIST-02291,TASK-02334,2024-01-27T23:37:00,2024-01-28T01:39:00,Routine PM: Quarterly Point Machine Overhaul & Lubrication.,COMPLETED,122,T-102
HIST-02292,TASK-02335,2024-04-27T00:11:00,2024-04-27T02:15:00,Routine PM: Quarterly Point Machine Overhaul & Lubrication.,COMPLETED,124,T-102
HIST-02293,TASK-02336,2024-07-25T23:33:00,2024-07-26T01:37:00,Routine PM: Quarterly Point Machine Overhaul & Lubrication.,COMPLETED,124,T-202
HIST-02294,TASK-02337,2024-10-24T00:28:00,2024-10-24T02:32:00,Routine PM: Quarterly Point Machine Overhaul & Lubrication.,COMPLETED,124,T-202
HIST-02295,TASK-02338,2025-01-21T23:57:00,2025-01-22T02:00:00,Routine PM: Quarterly Point Machine Overhaul & Lubrication.,COMPLETED,123,T-101 (Engineering Gang)
HIST-02296,TASK-02339,2025-04-22T00:24:00,2025-04-22T02:29:00,Routine PM: Quarterly Point Machine Overhaul & Lubrication.,COMPLETED,125,T-202
HIST-02297,TASK-02340,2025-07-20T23:47:00,2025-07-21T01:41:00,Routine PM: Quarterly Point Machine Overhaul & Lubrication.,COMPLETED,114,T-201 (Signal Staff)
HIST-02298,TASK-02341,2025-10-19T00:09:00,2025-10-19T02:03:00,Routine PM: Quarterly Point Machine Overhaul & Lubrication.,COMPLETED,114,T-202
HIST-02299,TASK-02342,2026-01-16T23:41:00,2026-01-17T01:42:00,Routine PM: Quarterly Point Machine Overhaul & Lubrication.,COMPLETED,121,T-302
HIST-02300,TASK-02343,2026-04-17T00:30:00,2026-04-17T02:35:00,Routine PM: Quarterly Point Machine Overhaul & Lubrication.,COMPLETED,125,T-102
HIST-02301,TASK-02344,2026-07-16T00:27:00,2026-07-16T02:26:00,Routine PM: Quarterly Point Machine Overhaul & Lubrication.,COMPLETED,119,T-102
HIST-02311,TASK-02354,2023-08-22T00:05:00,2023-08-22T02:01:00,Routine PM: Quarterly Point Machine Overhaul & Lubrication.,COMPLETED,116,T-102
HIST-02312,TASK-02355,2023-11-20T00:10:00,2023-11-20T02:11:00,Routine PM: Quarterly Point Machine Overhaul & Lubrication.,COMPLETED,121,T-301 (OHE Gang)
HIST-02313,TASK-02356,2024-02-17T23:33:00,2024-02-18T01:35:00,Routine PM: Quarterly Point Machine Overhaul & Lubrication.,COMPLETED,122,T-202
HIST-02314,TASK-02357,2024-05-18T00:18:00,2024-05-18T02:18:00,Routine PM: Quarterly Point Machine Overhaul & Lubrication.,COMPLETED,120,T-101 (Engineering Gang)
HIST-02315,TASK-02358,2024-08-15T23:52:00,2024-08-16T01:57:00,Routine PM: Quarterly Point Machine Overhaul & Lubrication.,COMPLETED,125,T-301 (OHE Gang)
HIST-02316,TASK-02359,2024-11-14T00:27:00,2024-11-14T02:26:00,Routine PM: Quarterly Point Machine Overhaul & Lubrication.,COMPLETED,119,T-301 (OHE Gang)
HIST-02317,TASK-02360,2025-02-11T23:49:00,2025-02-12T01:52:00,Routine PM: Quarterly Point Machine Overhaul & Lubrication.,COMPLETED,123,T-202
HIST-02318,TASK-02361,2025-05-13T00:06:00,2025-05-13T02:08:00,Routine PM: Quarterly Point Machine Overhaul & Lubrication.,COMPLETED,122,T-101 (Engineering Gang)
HIST-02319,TASK-02362,2025-08-11T00:24:00,2025-08-11T02:19:00,Routine PM: Quarterly Point Machine Overhaul & Lubrication.,COMPLETED,115,T-201 (Signal Staff)
HIST-02320,TASK-02363,2025-11-08T23:56:00,2025-11-09T01:50:00,Routine PM: Quarterly Point Machine Overhaul & Lubrication.,COMPLETED,114,T-101 (Engineering Gang)
HIST-02321,TASK-02364,2026-02-06T23:53:00,2026-02-07T01:47:00,Routine PM: Quarterly Point Machine Overhaul & Lubrication.,COMPLETED,114,T-201 (Signal Staff)
HIST-02322,TASK-02365,2026-05-08T00:08:00,2026-05-08T02:09:00,Routine PM: Quarterly Point Machine Overhaul & Lubrication.,COMPLETED,121,T-202
HIST-02323,TASK-02366,2023-08-20T23:58:00,2023-08-21T01:56:00,Routine PM: Quarterly Point Machine Overhaul & Lubrication.,COMPLETED,118,T-202
HIST-02324,TASK-02367,2023-11-18T23:37:00,2023-11-19T01:40:00,Routine PM: Quarterly Point Machine Overhaul & Lubrication.,COMPLETED,123,T-202
HIST-02325,TASK-02368,2024-02-16T23:37:00,2024-02-17T01:39:00,Routine PM: Quarterly Point Machine Overhaul & Lubrication.,COMPLETED,122,T-301 (OHE Gang)
HIST-02326,TASK-02369,2024-05-17T00:09:00,2024-05-17T02:13:00,Routine PM: Quarterly Point Machine Overhaul & Lubrication.,COMPLETED,124,T-201 (Signal Staff)
HIST-02327,TASK-02370,2024-08-14T23:56:00,2024-08-15T01:55:00,Routine PM: Quarterly Point Machine Overhaul & Lubrication.,COMPLETED,119,T-301 (OHE Gang)
HIST-02328,TASK-02371,2024-11-13T00:09:00,2024-11-13T02:03:00,Routine PM: Quarterly Point Machine Overhaul & Lubrication.,COMPLETED,114,T-201 (Signal Staff)
HIST-02329,TASK-02372,2025-02-11T00:23:00,2025-02-11T02:28:00,Routine PM: Quarterly Point Machine Overhaul & Lubrication.,COMPLETED,125,T-102
HIST-02330,TASK-02373,2025-05-11T23:58:00,2025-05-12T01:55:00,Routine PM: Quarterly Point Machine Overhaul & Lubrication.,COMPLETED,117,T-302
HIST-02331,TASK-02374,2025-08-09T23:35:00,2025-08-10T01:40:00,Routine PM: Quarterly Point Machine Overhaul & Lubrication.,COMPLETED,125,T-102
HIST-02332,TASK-02375,2025-11-07T23:57:00,2025-11-08T01:56:00,Routine PM: Quarterly Point Machine Overhaul & Lubrication.,COMPLETED,119,T-301 (OHE Gang)
HIST-02333,TASK-02376,2026-02-05T23:31:00,2026-02-06T01:36:00,Routine PM: Quarterly Point Machine Overhaul & Lubrication.,COMPLETED,125,T-302
HIST-02334,TASK-02377,2026-05-07T00:20:00,2026-05-07T02:14:00,Routine PM: Quarterly Point Machine Overhaul & Lubrication.,COMPLETED,114,T-201 (Signal Staff)
HIST-02356,TASK-02399,2023-09-17T00:28:00,2023-09-17T02:23:00,Routine PM: Quarterly Point Machine Overhaul & Lubrication.,COMPLETED,115,T-102
HIST-02357,TASK-02400,2023-12-15T23:30:00,2023-12-16T01:31:00,Routine PM: Quarterly Point Machine Overhaul & Lubrication.,COMPLETED,121,T-202
HIST-02358,TASK-02401,2024-03-14T23:31:00,2024-03-15T01:31:00,Routine PM: Quarterly Point Machine Overhaul & Lubrication.,COMPLETED,120,T-301 (OHE Gang)
HIST-02359,TASK-02402,2024-06-13T00:01:00,2024-06-13T02:03:00,Routine PM: Quarterly Point Machine Overhaul & Lubrication.,COMPLETED,122,T-202
HIST-02360,TASK-02403,2024-09-11T00:21:00,2024-09-11T02:24:00,Routine PM: Quarterly Point Machine Overhaul & Lubrication.,COMPLETED,123,T-101 (Engineering Gang)
HIST-02361,TASK-02404,2024-12-10T00:26:00,2024-12-10T02:24:00,Routine PM: Quarterly Point Machine Overhaul & Lubrication.,COMPLETED,118,T-101 (Engineering Gang)
HIST-02362,TASK-02405,2025-03-10T00:06:00,2025-03-10T02:00:00,Routine PM: Quarterly Point Machine Overhaul & Lubrication.,COMPLETED,114,T-102
HIST-02363,TASK-02406,2025-06-07T23:46:00,2025-06-08T01:43:00,Routine PM: Quarterly Point Machine Overhaul & Lubrication.,COMPLETED,117,T-202
HIST-02364,TASK-02407,2025-09-05T23:33:00,2025-09-06T01:30:00,Routine PM: Quarterly Point Machine Overhaul & Lubrication.,COMPLETED,117,T-202
HIST-02365,TASK-02408,2025-12-04T23:48:00,2025-12-05T01:50:00,Routine PM: Quarterly Point Machine Overhaul & Lubrication.,COMPLETED,122,T-302
HIST-02366,TASK-02409,2026-03-05T00:27:00,2026-03-05T02:31:00,Routine PM: Quarterly Point Machine Overhaul & Lubrication.,COMPLETED,124,T-302
HIST-02367,TASK-02410,2026-06-02T23:34:00,2026-06-03T01:33:00,Routine PM: Quarterly Point Machine Overhaul & Lubrication.,COMPLETED,119,T-302
HIST-02368,TASK-02411,2023-09-02T23:38:00,2023-09-03T01:40:00,Routine PM: Quarterly Point Machine Overhaul & Lubrication.,COMPLETED,122,T-102
HIST-02369,TASK-02412,2023-12-02T00:14:00,2023-12-02T02:18:00,Routine PM: Quarterly Point Machine Overhaul & Lubrication.,COMPLETED,124,T-102
HIST-02370,TASK-02413,2024-02-29T23:38:00,2024-03-01T01:37:00,Routine PM: Quarterly Point Machine Overhaul & Lubrication.,COMPLETED,119,T-101 (Engineering Gang)
HIST-02371,TASK-02414,2024-05-29T23:51:00,2024-05-30T01:48:00,Routine PM: Quarterly Point Machine Overhaul & Lubrication.,COMPLETED,117,T-302
HIST-02372,TASK-02415,2024-08-28T00:20:00,2024-08-28T02:24:00,Routine PM: Quarterly Point Machine Overhaul & Lubrication.,COMPLETED,124,T-101 (Engineering Gang)
HIST-02373,TASK-02416,2024-11-25T23:40:00,2024-11-26T01:42:00,Routine PM: Quarterly Point Machine Overhaul & Lubrication.,COMPLETED,122,T-101 (Engineering Gang)
HIST-02374,TASK-02417,2025-02-24T00:17:00,2025-02-24T02:21:00,Routine PM: Quarterly Point Machine Overhaul & Lubrication.,COMPLETED,124,T-202
HIST-02375,TASK-02418,2025-05-25T00:11:00,2025-05-25T02:08:00,Routine PM: Quarterly Point Machine Overhaul & Lubrication.,COMPLETED,117,T-102
HIST-02376,TASK-02419,2025-08-22T23:52:00,2025-08-23T01:54:00,Routine PM: Quarterly Point Machine Overhaul & Lubrication.,COMPLETED,122,T-202
HIST-02377,TASK-02420,2025-11-20T23:39:00,2025-11-21T01:43:00,Routine PM: Quarterly Point Machine Overhaul & Lubrication.,COMPLETED,124,T-302
HIST-02378,TASK-02421,2026-02-19T00:03:00,2026-02-19T02:04:00,Routine PM: Quarterly Point Machine Overhaul & Lubrication.,COMPLETED,121,T-102
HIST-02379,TASK-02422,2026-05-20T00:04:00,2026-05-20T02:04:00,Routine PM: Quarterly Point Machine Overhaul & Lubrication.,COMPLETED,120,T-102
HIST-02389,TASK-02432,2023-10-11T00:27:00,2023-10-11T02:23:00,Routine PM: Quarterly Point Machine Overhaul & Lubrication.,COMPLETED,116,T-302
HIST-02390,TASK-02433,2024-01-09T00:11:00,2024-01-09T02:05:00,Routine PM: Quarterly Point Machine Overhaul & Lubrication.,COMPLETED,114,T-101 (Engineering Gang)
HIST-02391,TASK-02434,2024-04-08T00:02:00,2024-04-08T01:59:00,Routine PM: Quarterly Point Machine Overhaul & Lubrication.,COMPLETED,117,T-301 (OHE Gang)
HIST-02392,TASK-02435,2024-07-06T23:44:00,2024-07-07T01:47:00,Routine PM: Quarterly Point Machine Overhaul & Lubrication.,COMPLETED,123,T-102
HIST-02393,TASK-02436,2024-10-05T00:08:00,2024-10-05T02:05:00,Routine PM: Quarterly Point Machine Overhaul & Lubrication.,COMPLETED,117,T-102
HIST-02394,TASK-02437,2025-01-03T00:18:00,2025-01-03T02:14:00,Routine PM: Quarterly Point Machine Overhaul & Lubrication.,COMPLETED,116,T-202
HIST-02395,TASK-02438,2025-04-03T00:15:00,2025-04-03T02:11:00,Routine PM: Quarterly Point Machine Overhaul & Lubrication.,COMPLETED,116,T-301 (OHE Gang)
HIST-02396,TASK-02439,2025-07-01T23:41:00,2025-07-02T01:43:00,Routine PM: Quarterly Point Machine Overhaul & Lubrication.,COMPLETED,122,T-101 (Engineering Gang)
HIST-02397,TASK-02440,2025-09-29T23:30:00,2025-09-30T01:25:00,Routine PM: Quarterly Point Machine Overhaul & Lubrication.,COMPLETED,115,T-202
HIST-02398,TASK-02441,2025-12-28T23:40:00,2025-12-29T01:41:00,Routine PM: Quarterly Point Machine Overhaul & Lubrication.,COMPLETED,121,T-202
HIST-02399,TASK-02442,2026-03-29T00:29:00,2026-03-29T02:32:00,Routine PM: Quarterly Point Machine Overhaul & Lubrication.,COMPLETED,123,T-201 (Signal Staff)
HIST-02400,TASK-02443,2026-06-27T00:24:00,2026-06-27T02:20:00,Routine PM: Quarterly Point Machine Overhaul & Lubrication.,COMPLETED,116,T-102
HIST-02404,TASK-02447,2023-10-21T00:29:00,2023-10-21T02:30:00,Routine PM: Quarterly Point Machine Overhaul & Lubrication.,COMPLETED,121,T-101 (Engineering Gang)
HIST-02405,TASK-02448,2024-01-18T23:35:00,2024-01-19T01:29:00,Routine PM: Quarterly Point Machine Overhaul & Lubrication.,COMPLETED,114,T-102
HIST-02406,TASK-02449,2024-04-18T00:25:00,2024-04-18T02:22:00,Routine PM: Quarterly Point Machine Overhaul & Lubrication.,COMPLETED,117,T-202
HIST-02407,TASK-02450,2024-07-16T23:58:00,2024-07-17T01:58:00,Routine PM: Quarterly Point Machine Overhaul & Lubrication.,COMPLETED,120,T-201 (Signal Staff)
HIST-02408,TASK-02451,2024-10-15T00:15:00,2024-10-15T02:12:00,Routine PM: Quarterly Point Machine Overhaul & Lubrication.,COMPLETED,117,T-302
HIST-02409,TASK-02452,2025-01-12T23:53:00,2025-01-13T01:57:00,Routine PM: Quarterly Point Machine Overhaul & Lubrication.,COMPLETED,124,T-301 (OHE Gang)
HIST-02410,TASK-02453,2025-04-13T00:05:00,2025-04-13T02:00:00,Routine PM: Quarterly Point Machine Overhaul & Lubrication.,COMPLETED,115,T-202
HIST-02411,TASK-02454,2025-07-11T23:43:00,2025-07-12T01:43:00,Routine PM: Quarterly Point Machine Overhaul & Lubrication.,COMPLETED,120,T-301 (OHE Gang)
HIST-02412,TASK-02455,2025-10-09T23:46:00,2025-10-10T01:48:00,Routine PM: Quarterly Point Machine Overhaul & Lubrication.,COMPLETED,122,T-101 (Engineering Gang)
HIST-02413,TASK-02456,2026-01-08T00:10:00,2026-01-08T02:11:00,Routine PM: Quarterly Point Machine Overhaul & Lubrication.,COMPLETED,121,T-302
HIST-02414,TASK-02457,2026-04-07T23:48:00,2026-04-08T01:49:00,Routine PM: Quarterly Point Machine Overhaul & Lubrication.,COMPLETED,121,T-101 (Engineering Gang)
HIST-02415,TASK-02458,2026-07-07T00:14:00,2026-07-07T02:10:00,Routine PM: Quarterly Point Machine Overhaul & Lubrication.,COMPLETED,116,T-202
HIST-02434,TASK-02477,2023-09-04T00:08:00,2023-09-04T02:13:00,Routine PM: Quarterly Point Machine Overhaul & Lubrication.,COMPLETED,125,T-302
HIST-02435,TASK-02478,2023-12-02T23:46:00,2023-12-03T01:44:00,Routine PM: Quarterly Point Machine Overhaul & Lubrication.,COMPLETED,118,T-101 (Engineering Gang)
HIST-02436,TASK-02479,2024-03-02T00:02:00,2024-03-02T01:58:00,Routine PM: Quarterly Point Machine Overhaul & Lubrication.,COMPLETED,116,T-102
HIST-02437,TASK-02480,2024-05-31T00:05:00,2024-05-31T02:05:00,Routine PM: Quarterly Point Machine Overhaul & Lubrication.,COMPLETED,120,T-301 (OHE Gang)
HIST-02438,TASK-02481,2024-08-29T00:11:00,2024-08-29T02:10:00,Routine PM: Quarterly Point Machine Overhaul & Lubrication.,COMPLETED,119,T-302
HIST-02439,TASK-02482,2024-11-26T23:49:00,2024-11-27T01:44:00,Routine PM: Quarterly Point Machine Overhaul & Lubrication.,COMPLETED,115,T-301 (OHE Gang)
HIST-02440,TASK-02483,2025-02-24T23:31:00,2025-02-25T01:30:00,Routine PM: Quarterly Point Machine Overhaul & Lubrication.,COMPLETED,119,T-301 (OHE Gang)
HIST-02441,TASK-02484,2025-05-25T23:44:00,2025-05-26T01:44:00,Routine PM: Quarterly Point Machine Overhaul & Lubrication.,COMPLETED,120,T-201 (Signal Staff)
HIST-02442,TASK-02485,2025-08-23T23:32:00,2025-08-24T01:35:00,Routine PM: Quarterly Point Machine Overhaul & Lubrication.,COMPLETED,123,T-202
HIST-02443,TASK-02486,2025-11-21T23:52:00,2025-11-22T01:55:00,Routine PM: Quarterly Point Machine Overhaul & Lubrication.,COMPLETED,123,T-101 (Engineering Gang)
HIST-02444,TASK-02487,2026-02-20T00:11:00,2026-02-20T02:13:00,Routine PM: Quarterly Point Machine Overhaul & Lubrication.,COMPLETED,122,T-101 (Engineering Gang)
HIST-02445,TASK-02488,2026-05-20T23:58:00,2026-05-21T01:58:00,Routine PM: Quarterly Point Machine Overhaul & Lubrication.,COMPLETED,120,T-102
HIST-02455,TASK-02498,2023-10-10T00:17:00,2023-10-10T02:13:00,Routine PM: Quarterly Point Machine Overhaul & Lubrication.,COMPLETED,116,T-202
HIST-02456,TASK-02499,2024-01-07T23:50:00,2024-01-08T01:49:00,Routine PM: Quarterly Point Machine Overhaul & Lubrication.,COMPLETED,119,T-302
HIST-02457,TASK-02500,2024-04-06T23:34:00,2024-04-07T01:35:00,Routine PM: Quarterly Point Machine Overhaul & Lubrication.,COMPLETED,121,T-202
HIST-02458,TASK-02501,2024-07-06T00:26:00,2024-07-06T02:29:00,Routine PM: Quarterly Point Machine Overhaul & Lubrication.,COMPLETED,123,T-302
HIST-02459,TASK-02502,2024-10-03T23:40:00,2024-10-04T01:45:00,Routine PM: Quarterly Point Machine Overhaul & Lubrication.,COMPLETED,125,T-301 (OHE Gang)
HIST-02460,TASK-02503,2025-01-02T00:11:00,2025-01-02T02:07:00,Routine PM: Quarterly Point Machine Overhaul & Lubrication.,COMPLETED,116,T-301 (OHE Gang)
HIST-02461,TASK-02504,2025-04-02T00:04:00,2025-04-02T02:02:00,Routine PM: Quarterly Point Machine Overhaul & Lubrication.,COMPLETED,118,T-102
HIST-02462,TASK-02505,2025-07-01T00:03:00,2025-07-01T01:58:00,Routine PM: Quarterly Point Machine Overhaul & Lubrication.,COMPLETED,115,T-102
HIST-02463,TASK-02506,2025-09-29T00:13:00,2025-09-29T02:11:00,Routine PM: Quarterly Point Machine Overhaul & Lubrication.,COMPLETED,118,T-102
HIST-02464,TASK-02507,2025-12-28T00:00:00,2025-12-28T01:56:00,Routine PM: Quarterly Point Machine Overhaul & Lubrication.,COMPLETED,116,T-102
HIST-02465,TASK-02508,2026-03-27T23:34:00,2026-03-28T01:31:00,Routine PM: Quarterly Point Machine Overhaul & Lubrication.,COMPLETED,117,T-102
HIST-02466,TASK-02509,2026-06-25T23:31:00,2026-06-26T01:25:00,Routine PM: Quarterly Point Machine Overhaul & Lubrication.,COMPLETED,114,T-302
HIST-02470,TASK-02513,2023-10-29T23:39:00,2023-10-30T01:36:00,Routine PM: Quarterly Point Machine Overhaul & Lubrication.,COMPLETED,117,T-302
HIST-02471,TASK-02514,2024-01-28T00:02:00,2024-01-28T02:05:00,Routine PM: Quarterly Point Machine Overhaul & Lubrication.,COMPLETED,123,T-302
HIST-02472,TASK-02515,2024-04-26T23:51:00,2024-04-27T01:56:00,Routine PM: Quarterly Point Machine Overhaul & Lubrication.,COMPLETED,125,T-302
HIST-02473,TASK-02516,2024-07-26T00:28:00,2024-07-26T02:27:00,Routine PM: Quarterly Point Machine Overhaul & Lubrication.,COMPLETED,119,T-201 (Signal Staff)
HIST-02474,TASK-02517,2024-10-23T23:58:00,2024-10-24T01:58:00,Routine PM: Quarterly Point Machine Overhaul & Lubrication.,COMPLETED,120,T-302
HIST-02475,TASK-02518,2025-01-22T00:21:00,2025-01-22T02:26:00,Routine PM: Quarterly Point Machine Overhaul & Lubrication.,COMPLETED,125,T-102
HIST-02476,TASK-02519,2025-04-22T00:00:00,2025-04-22T01:59:00,Routine PM: Quarterly Point Machine Overhaul & Lubrication.,COMPLETED,119,T-301 (OHE Gang)
HIST-02477,TASK-02520,2025-07-20T23:46:00,2025-07-21T01:40:00,Routine PM: Quarterly Point Machine Overhaul & Lubrication.,COMPLETED,114,T-201 (Signal Staff)
HIST-02478,TASK-02521,2025-10-18T23:49:00,2025-10-19T01:54:00,Routine PM: Quarterly Point Machine Overhaul & Lubrication.,COMPLETED,125,T-102
HIST-02479,TASK-02522,2026-01-17T00:18:00,2026-01-17T02:13:00,Routine PM: Quarterly Point Machine Overhaul & Lubrication.,COMPLETED,115,T-301 (OHE Gang)
HIST-02480,TASK-02523,2026-04-16T23:37:00,2026-04-17T01:41:00,Routine PM: Quarterly Point Machine Overhaul & Lubrication.,COMPLETED,124,T-102
HIST-02481,TASK-02524,2026-07-15T23:47:00,2026-07-16T01:48:00,Routine PM: Quarterly Point Machine Overhaul & Lubrication.,COMPLETED,121,T-101 (Engineering Gang)
HIST-02491,TASK-02534,2023-10-27T23:45:00,2023-10-28T01:46:00,Routine PM: Quarterly Point Machine Overhaul & Lubrication.,COMPLETED,121,T-301 (OHE Gang)
HIST-02492,TASK-02535,2024-01-26T00:09:00,2024-01-26T02:07:00,Routine PM: Quarterly Point Machine Overhaul & Lubrication.,COMPLETED,118,T-201 (Signal Staff)
HIST-02493,TASK-02536,2024-04-24T23:55:00,2024-04-25T01:56:00,Routine PM: Quarterly Point Machine Overhaul & Lubrication.,COMPLETED,121,T-302
HIST-02494,TASK-02537,2024-07-24T00:30:00,2024-07-24T02:26:00,Routine PM: Quarterly Point Machine Overhaul & Lubrication.,COMPLETED,116,T-302
HIST-02495,TASK-02538,2024-10-21T23:33:00,2024-10-22T01:37:00,Routine PM: Quarterly Point Machine Overhaul & Lubrication.,COMPLETED,124,T-301 (OHE Gang)
HIST-02496,TASK-02539,2025-01-19T23:58:00,2025-01-20T01:52:00,Routine PM: Quarterly Point Machine Overhaul & Lubrication.,COMPLETED,114,T-301 (OHE Gang)
HIST-02497,TASK-02540,2025-04-20T00:26:00,2025-04-20T02:23:00,Routine PM: Quarterly Point Machine Overhaul & Lubrication.,COMPLETED,117,T-102
HIST-02498,TASK-02541,2025-07-18T23:52:00,2025-07-19T01:52:00,Routine PM: Quarterly Point Machine Overhaul & Lubrication.,COMPLETED,120,T-302
HIST-02499,TASK-02542,2025-10-17T00:14:00,2025-10-17T02:10:00,Routine PM: Quarterly Point Machine Overhaul & Lubrication.,COMPLETED,116,T-302
HIST-02500,TASK-02543,2026-01-15T00:19:00,2026-01-15T02:21:00,Routine PM: Quarterly Point Machine Overhaul & Lubrication.,COMPLETED,122,T-101 (Engineering Gang)
HIST-02501,TASK-02544,2026-04-14T23:34:00,2026-04-15T01:39:00,Routine PM: Quarterly Point Machine Overhaul & Lubrication.,COMPLETED,125,T-302
HIST-02502,TASK-02545,2026-07-14T00:11:00,2026-07-14T02:10:00,Routine PM: Quarterly Point Machine Overhaul & Lubrication.,COMPLETED,119,T-302
HIST-02503,TASK-02546,2023-09-06T00:23:00,2023-09-06T02:22:00,Routine PM: Quarterly Point Machine Overhaul & Lubrication.,COMPLETED,119,T-301 (OHE Gang)
HIST-02504,TASK-02547,2023-12-05T00:24:00,2023-12-05T02:20:00,Routine PM: Quarterly Point Machine Overhaul & Lubrication.,COMPLETED,116,T-202
HIST-02505,TASK-02548,2024-03-03T23:51:00,2024-03-04T01:55:00,Routine PM: Quarterly Point Machine Overhaul & Lubrication.,COMPLETED,124,T-201 (Signal Staff)
HIST-02506,TASK-02549,2024-06-02T00:25:00,2024-06-02T02:29:00,Routine PM: Quarterly Point Machine Overhaul & Lubrication.,COMPLETED,124,T-102
HIST-02507,TASK-02550,2024-08-30T23:34:00,2024-08-31T01:38:00,Routine PM: Quarterly Point Machine Overhaul & Lubrication.,COMPLETED,124,T-301 (OHE Gang)
HIST-02508,TASK-02551,2024-11-29T00:19:00,2024-11-29T02:21:00,Routine PM: Quarterly Point Machine Overhaul & Lubrication.,COMPLETED,122,T-201 (Signal Staff)
HIST-02509,TASK-02552,2025-02-26T23:47:00,2025-02-27T01:48:00,Routine PM: Quarterly Point Machine Overhaul & Lubrication.,COMPLETED,121,T-302
HIST-02510,TASK-02553,2025-05-28T00:19:00,2025-05-28T02:16:00,Routine PM: Quarterly Point Machine Overhaul & Lubrication.,COMPLETED,117,T-101 (Engineering Gang)
HIST-02511,TASK-02554,2025-08-25T23:38:00,2025-08-26T01:41:00,Routine PM: Quarterly Point Machine Overhaul & Lubrication.,COMPLETED,123,T-202
HIST-02512,TASK-02555,2025-11-24T00:14:00,2025-11-24T02:15:00,Routine PM: Quarterly Point Machine Overhaul & Lubrication.,COMPLETED,121,T-302
HIST-02513,TASK-02556,2026-02-21T23:45:00,2026-02-22T01:45:00,Routine PM: Quarterly Point Machine Overhaul & Lubrication.,COMPLETED,120,T-301 (OHE Gang)
HIST-02514,TASK-02557,2026-05-22T23:47:00,2026-05-23T01:51:00,Routine PM: Quarterly Point Machine Overhaul & Lubrication.,COMPLETED,124,T-201 (Signal Staff)
HIST-02521,TASK-02564,2023-10-11T23:55:00,2023-10-12T01:51:00,Routine PM: Quarterly Point Machine Overhaul & Lubrication.,COMPLETED,116,T-301 (OHE Gang)
HIST-02522,TASK-02565,2024-01-10T00:30:00,2024-01-10T02:31:00,Routine PM: Quarterly Point Machine Overhaul & Lubrication.,COMPLETED,121,T-102
HIST-02523,TASK-02566,2024-04-08T23:40:00,2024-04-09T01:37:00,Routine PM: Quarterly Point Machine Overhaul & Lubrication.,COMPLETED,117,T-102
HIST-02524,TASK-02567,2024-07-07T23:36:00,2024-07-08T01:31:00,Routine PM: Quarterly Point Machine Overhaul & Lubrication.,COMPLETED,115,T-102
HIST-02525,TASK-02568,2024-10-06T00:05:00,2024-10-06T02:04:00,Routine PM: Quarterly Point Machine Overhaul & Lubrication.,COMPLETED,119,T-102
HIST-02526,TASK-02569,2025-01-04T00:20:00,2025-01-04T02:25:00,Routine PM: Quarterly Point Machine Overhaul & Lubrication.,COMPLETED,125,T-101 (Engineering Gang)
HIST-02527,TASK-02570,2025-04-03T23:51:00,2025-04-04T01:55:00,Routine PM: Quarterly Point Machine Overhaul & Lubrication.,COMPLETED,124,T-101 (Engineering Gang)
HIST-02528,TASK-02571,2025-07-03T00:23:00,2025-07-03T02:27:00,Routine PM: Quarterly Point Machine Overhaul & Lubrication.,COMPLETED,124,T-201 (Signal Staff)
HIST-02529,TASK-02572,2025-09-30T23:34:00,2025-10-01T01:36:00,Routine PM: Quarterly Point Machine Overhaul & Lubrication.,COMPLETED,122,T-201 (Signal Staff)
HIST-02530,TASK-02573,2025-12-29T23:54:00,2025-12-30T01:59:00,Routine PM: Quarterly Point Machine Overhaul & Lubrication.,COMPLETED,125,T-101 (Engineering Gang)
HIST-02531,TASK-02574,2026-03-29T23:45:00,2026-03-30T01:47:00,Routine PM: Quarterly Point Machine Overhaul & Lubrication.,COMPLETED,122,T-302
HIST-02532,TASK-02575,2026-06-28T00:01:00,2026-06-28T01:57:00,Routine PM: Quarterly Point Machine Overhaul & Lubrication.,COMPLETED,116,T-301 (OHE Gang)
HIST-02548,TASK-02591,2023-10-12T23:36:00,2023-10-13T01:34:00,Routine PM: Quarterly Point Machine Overhaul & Lubrication.,COMPLETED,118,T-102
HIST-02549,TASK-02592,2024-01-10T23:35:00,2024-01-11T01:36:00,Routine PM: Quarterly Point Machine Overhaul & Lubrication.,COMPLETED,121,T-202
HIST-02550,TASK-02593,2024-04-10T00:12:00,2024-04-10T02:12:00,Routine PM: Quarterly Point Machine Overhaul & Lubrication.,COMPLETED,120,T-102
HIST-02551,TASK-02594,2024-07-09T00:09:00,2024-07-09T02:04:00,Routine PM: Quarterly Point Machine Overhaul & Lubrication.,COMPLETED,115,T-102
HIST-02552,TASK-02595,2024-10-07T00:04:00,2024-10-07T02:02:00,Routine PM: Quarterly Point Machine Overhaul & Lubrication.,COMPLETED,118,T-201 (Signal Staff)
HIST-02553,TASK-02596,2025-01-04T23:42:00,2025-01-05T01:47:00,Routine PM: Quarterly Point Machine Overhaul & Lubrication.,COMPLETED,125,T-201 (Signal Staff)
HIST-02554,TASK-02597,2025-04-05T00:08:00,2025-04-05T02:08:00,Routine PM: Quarterly Point Machine Overhaul & Lubrication.,COMPLETED,120,T-101 (Engineering Gang)
HIST-02555,TASK-02598,2025-07-04T00:20:00,2025-07-04T02:21:00,Routine PM: Quarterly Point Machine Overhaul & Lubrication.,COMPLETED,121,T-301 (OHE Gang)
HIST-02556,TASK-02599,2025-10-02T00:18:00,2025-10-02T02:12:00,Routine PM: Quarterly Point Machine Overhaul & Lubrication.,COMPLETED,114,T-102
HIST-02557,TASK-02600,2025-12-30T23:45:00,2025-12-31T01:42:00,Routine PM: Quarterly Point Machine Overhaul & Lubrication.,COMPLETED,117,T-301 (OHE Gang)
HIST-02558,TASK-02601,2026-03-30T23:38:00,2026-03-31T01:43:00,Routine PM: Quarterly Point Machine Overhaul & Lubrication.,COMPLETED,125,T-102
HIST-02559,TASK-02602,2026-06-29T00:23:00,2026-06-29T02:27:00,Routine PM: Quarterly Point Machine Overhaul & Lubrication.,COMPLETED,124,T-101 (Engineering Gang)
HIST-02566,TASK-02609,2023-10-13T00:00:00,2023-10-13T02:01:00,Routine PM: Quarterly Point Machine Overhaul & Lubrication.,COMPLETED,121,T-302
HIST-02567,TASK-02610,2024-01-11T00:08:00,2024-01-11T02:04:00,Routine PM: Quarterly Point Machine Overhaul & Lubrication.,COMPLETED,116,T-101 (Engineering Gang)
HIST-02568,TASK-02611,2024-04-09T23:43:00,2024-04-10T01:38:00,Routine PM: Quarterly Point Machine Overhaul & Lubrication.,COMPLETED,115,T-102
HIST-02569,TASK-02612,2024-07-09T00:27:00,2024-07-09T02:31:00,Routine PM: Quarterly Point Machine Overhaul & Lubrication.,COMPLETED,124,T-301 (OHE Gang)
HIST-02570,TASK-02613,2024-10-06T23:45:00,2024-10-07T01:45:00,Routine PM: Quarterly Point Machine Overhaul & Lubrication.,COMPLETED,120,T-201 (Signal Staff)
HIST-02571,TASK-02614,2025-01-04T23:55:00,2025-01-05T01:59:00,Routine PM: Quarterly Point Machine Overhaul & Lubrication.,COMPLETED,124,T-201 (Signal Staff)
HIST-02572,TASK-02615,2025-04-04T23:52:00,2025-04-05T01:49:00,Routine PM: Quarterly Point Machine Overhaul & Lubrication.,COMPLETED,117,T-101 (Engineering Gang)
HIST-02573,TASK-02616,2025-07-04T00:24:00,2025-07-04T02:20:00,Routine PM: Quarterly Point Machine Overhaul & Lubrication.,COMPLETED,116,T-301 (OHE Gang)
HIST-02574,TASK-02617,2025-10-01T23:45:00,2025-10-02T01:41:00,Routine PM: Quarterly Point Machine Overhaul & Lubrication.,COMPLETED,116,T-302
HIST-02575,TASK-02618,2025-12-31T00:17:00,2025-12-31T02:19:00,Routine PM: Quarterly Point Machine Overhaul & Lubrication.,COMPLETED,122,T-201 (Signal Staff)
HIST-02576,TASK-02619,2026-03-31T00:22:00,2026-03-31T02:24:00,Routine PM: Quarterly Point Machine Overhaul & Lubrication.,COMPLETED,122,T-101 (Engineering Gang)
HIST-02577,TASK-02620,2026-06-28T23:36:00,2026-06-29T01:31:00,Routine PM: Quarterly Point Machine Overhaul & Lubrication.,COMPLETED,115,T-301 (OHE Gang)
HIST-02578,TASK-02621,2023-10-05T23:58:00,2023-10-06T01:55:00,Routine PM: Quarterly Point Machine Overhaul & Lubrication.,COMPLETED,117,T-202
HIST-02579,TASK-02622,2024-01-03T23:34:00,2024-01-04T01:31:00,Routine PM: Quarterly Point Machine Overhaul & Lubrication.,COMPLETED,117,T-202
HIST-02580,TASK-02623,2024-04-03T00:12:00,2024-04-03T02:13:00,Routine PM: Quarterly Point Machine Overhaul & Lubrication.,COMPLETED,121,T-202
HIST-02581,TASK-02624,2024-07-02T00:18:00,2024-07-02T02:22:00,Routine PM: Quarterly Point Machine Overhaul & Lubrication.,COMPLETED,124,T-102
HIST-02582,TASK-02625,2024-09-30T00:00:00,2024-09-30T01:54:00,Routine PM: Quarterly Point Machine Overhaul & Lubrication.,COMPLETED,114,T-101 (Engineering Gang)
HIST-02583,TASK-02626,2024-12-29T00:14:00,2024-12-29T02:17:00,Routine PM: Quarterly Point Machine Overhaul & Lubrication.,COMPLETED,123,T-101 (Engineering Gang)
HIST-02584,TASK-02627,2025-03-28T23:53:00,2025-03-29T01:52:00,Routine PM: Quarterly Point Machine Overhaul & Lubrication.,COMPLETED,119,T-302
HIST-02585,TASK-02628,2025-06-27T00:16:00,2025-06-27T02:11:00,Routine PM: Quarterly Point Machine Overhaul & Lubrication.,COMPLETED,115,T-202
HIST-02586,TASK-02629,2025-09-24T23:42:00,2025-09-25T01:38:00,Routine PM: Quarterly Point Machine Overhaul & Lubrication.,COMPLETED,116,T-101 (Engineering Gang)
HIST-02587,TASK-02630,2025-12-24T00:27:00,2025-12-24T02:24:00,Routine PM: Quarterly Point Machine Overhaul & Lubrication.,COMPLETED,117,T-201 (Signal Staff)
HIST-02588,TASK-02631,2026-03-23T23:51:00,2026-03-24T01:48:00,Routine PM: Quarterly Point Machine Overhaul & Lubrication.,COMPLETED,117,T-102
HIST-02589,TASK-02632,2026-06-22T00:21:00,2026-06-22T02:25:00,Routine PM: Quarterly Point Machine Overhaul & Lubrication.,COMPLETED,124,T-201 (Signal Staff)
HIST-02593,TASK-02636,2023-10-08T00:10:00,2023-10-08T02:14:00,Routine PM: Quarterly Point Machine Overhaul & Lubrication.,COMPLETED,124,T-301 (OHE Gang)
HIST-02594,TASK-02637,2024-01-06T00:12:00,2024-01-06T02:09:00,Routine PM: Quarterly Point Machine Overhaul & Lubrication.,COMPLETED,117,T-301 (OHE Gang)
HIST-02595,TASK-02638,2024-04-05T00:27:00,2024-04-05T02:27:00,Routine PM: Quarterly Point Machine Overhaul & Lubrication.,COMPLETED,120,T-101 (Engineering Gang)
HIST-02596,TASK-02639,2024-07-03T23:31:00,2024-07-04T01:32:00,Routine PM: Quarterly Point Machine Overhaul & Lubrication.,COMPLETED,121,T-201 (Signal Staff)
HIST-02597,TASK-02640,2024-10-02T00:18:00,2024-10-02T02:13:00,Routine PM: Quarterly Point Machine Overhaul & Lubrication.,COMPLETED,115,T-102
HIST-02598,TASK-02641,2024-12-31T00:25:00,2024-12-31T02:24:00,Routine PM: Quarterly Point Machine Overhaul & Lubrication.,COMPLETED,119,T-201 (Signal Staff)
HIST-02599,TASK-02642,2025-03-31T00:06:00,2025-03-31T02:01:00,Routine PM: Quarterly Point Machine Overhaul & Lubrication.,COMPLETED,115,T-101 (Engineering Gang)
HIST-02600,TASK-02643,2025-06-28T23:54:00,2025-06-29T01:57:00,Routine PM: Quarterly Point Machine Overhaul & Lubrication.,COMPLETED,123,T-101 (Engineering Gang)
HIST-02601,TASK-02644,2025-09-26T23:47:00,2025-09-27T01:42:00,Routine PM: Quarterly Point Machine Overhaul & Lubrication.,COMPLETED,115,T-202
HIST-02602,TASK-02645,2025-12-25T23:48:00,2025-12-26T01:43:00,Routine PM: Quarterly Point Machine Overhaul & Lubrication.,COMPLETED,115,T-202
HIST-02603,TASK-02646,2026-03-26T00:25:00,2026-03-26T02:20:00,Routine PM: Quarterly Point Machine Overhaul & Lubrication.,COMPLETED,115,T-101 (Engineering Gang)
HIST-02604,TASK-02647,2026-06-23T23:35:00,2026-06-24T01:36:00,Routine PM: Quarterly Point Machine Overhaul & Lubrication.,COMPLETED,121,T-201 (Signal Staff)
HIST-02611,TASK-02654,2023-08-30T23:36:00,2023-08-31T01:31:00,Routine PM: Quarterly Point Machine Overhaul & Lubrication.,COMPLETED,115,T-101 (Engineering Gang)
HIST-02612,TASK-02655,2023-11-28T23:43:00,2023-11-29T01:43:00,Routine PM: Quarterly Point Machine Overhaul & Lubrication.,COMPLETED,120,T-302
HIST-02613,TASK-02656,2024-02-27T00:07:00,2024-02-27T02:08:00,Routine PM: Quarterly Point Machine Overhaul & Lubrication.,COMPLETED,121,T-201 (Signal Staff)
HIST-02614,TASK-02657,2024-05-27T00:07:00,2024-05-27T02:10:00,Routine PM: Quarterly Point Machine Overhaul & Lubrication.,COMPLETED,123,T-202
HIST-02615,TASK-02658,2024-08-25T00:26:00,2024-08-25T02:30:00,Routine PM: Quarterly Point Machine Overhaul & Lubrication.,COMPLETED,124,T-101 (Engineering Gang)
HIST-02616,TASK-02659,2024-11-22T23:36:00,2024-11-23T01:34:00,Routine PM: Quarterly Point Machine Overhaul & Lubrication.,COMPLETED,118,T-101 (Engineering Gang)
HIST-02617,TASK-02660,2025-02-21T00:19:00,2025-02-21T02:20:00,Routine PM: Quarterly Point Machine Overhaul & Lubrication.,COMPLETED,121,T-302
HIST-02618,TASK-02661,2025-05-21T23:53:00,2025-05-22T01:54:00,Routine PM: Quarterly Point Machine Overhaul & Lubrication.,COMPLETED,121,T-301 (OHE Gang)
HIST-02619,TASK-02662,2025-08-20T00:01:00,2025-08-20T02:06:00,Routine PM: Quarterly Point Machine Overhaul & Lubrication.,COMPLETED,125,T-101 (Engineering Gang)
HIST-02620,TASK-02663,2025-11-17T23:57:00,2025-11-18T01:57:00,Routine PM: Quarterly Point Machine Overhaul & Lubrication.,COMPLETED,120,T-101 (Engineering Gang)
HIST-02621,TASK-02664,2026-02-16T00:16:00,2026-02-16T02:17:00,Routine PM: Quarterly Point Machine Overhaul & Lubrication.,COMPLETED,121,T-102
HIST-02622,TASK-02665,2026-05-17T00:02:00,2026-05-17T01:56:00,Routine PM: Quarterly Point Machine Overhaul & Lubrication.,COMPLETED,114,T-201 (Signal Staff)
HIST-02632,TASK-02675,2023-08-28T23:37:00,2023-08-29T01:41:00,Routine PM: Quarterly Point Machine Overhaul & Lubrication.,COMPLETED,124,T-301 (OHE Gang)
HIST-02633,TASK-02676,2023-11-26T23:47:00,2023-11-27T01:47:00,Routine PM: Quarterly Point Machine Overhaul & Lubrication.,COMPLETED,120,T-202
HIST-02634,TASK-02677,2024-02-25T00:10:00,2024-02-25T02:12:00,Routine PM: Quarterly Point Machine Overhaul & Lubrication.,COMPLETED,122,T-302
HIST-02635,TASK-02678,2024-05-25T00:09:00,2024-05-25T02:04:00,Routine PM: Quarterly Point Machine Overhaul & Lubrication.,COMPLETED,115,T-101 (Engineering Gang)
HIST-02636,TASK-02679,2024-08-23T00:18:00,2024-08-23T02:20:00,Routine PM: Quarterly Point Machine Overhaul & Lubrication.,COMPLETED,122,T-202
HIST-02637,TASK-02680,2024-11-21T00:17:00,2024-11-21T02:22:00,Routine PM: Quarterly Point Machine Overhaul & Lubrication.,COMPLETED,125,T-202
HIST-02638,TASK-02681,2025-02-18T23:54:00,2025-02-19T01:58:00,Routine PM: Quarterly Point Machine Overhaul & Lubrication.,COMPLETED,124,T-202
HIST-02639,TASK-02682,2025-05-20T00:21:00,2025-05-20T02:22:00,Routine PM: Quarterly Point Machine Overhaul & Lubrication.,COMPLETED,121,T-202
HIST-02640,TASK-02683,2025-08-18T00:25:00,2025-08-18T02:19:00,Routine PM: Quarterly Point Machine Overhaul & Lubrication.,COMPLETED,114,T-102
HIST-02641,TASK-02684,2025-11-15T23:48:00,2025-11-16T01:42:00,Routine PM: Quarterly Point Machine Overhaul & Lubrication.,COMPLETED,114,T-302
HIST-02642,TASK-02685,2026-02-13T23:56:00,2026-02-14T01:53:00,Routine PM: Quarterly Point Machine Overhaul & Lubrication.,COMPLETED,117,T-302
HIST-02643,TASK-02686,2026-05-15T00:06:00,2026-05-15T02:01:00,Routine PM: Quarterly Point Machine Overhaul & Lubrication.,COMPLETED,115,T-301 (OHE Gang)
HIST-02650,TASK-02693,2023-09-12T00:17:00,2023-09-12T02:15:00,Routine PM: Quarterly Point Machine Overhaul & Lubrication.,COMPLETED,118,T-202
HIST-02651,TASK-02694,2023-12-10T23:54:00,2023-12-11T01:51:00,Routine PM: Quarterly Point Machine Overhaul & Lubrication.,COMPLETED,117,T-202
HIST-02652,TASK-02695,2024-03-09T23:49:00,2024-03-10T01:47:00,Routine PM: Quarterly Point Machine Overhaul & Lubrication.,COMPLETED,118,T-201 (Signal Staff)
HIST-02653,TASK-02696,2024-06-08T00:11:00,2024-06-08T02:08:00,Routine PM: Quarterly Point Machine Overhaul & Lubrication.,COMPLETED,117,T-202
HIST-02654,TASK-02697,2024-09-06T00:01:00,2024-09-06T01:57:00,Routine PM: Quarterly Point Machine Overhaul & Lubrication.,COMPLETED,116,T-101 (Engineering Gang)
HIST-02655,TASK-02698,2024-12-04T23:30:00,2024-12-05T01:34:00,Routine PM: Quarterly Point Machine Overhaul & Lubrication.,COMPLETED,124,T-102
HIST-02656,TASK-02699,2025-03-04T23:32:00,2025-03-05T01:37:00,Routine PM: Quarterly Point Machine Overhaul & Lubrication.,COMPLETED,125,T-301 (OHE Gang)
HIST-02657,TASK-02700,2025-06-02T23:42:00,2025-06-03T01:40:00,Routine PM: Quarterly Point Machine Overhaul & Lubrication.,COMPLETED,118,T-302
HIST-02658,TASK-02701,2025-09-01T00:20:00,2025-09-01T02:14:00,Routine PM: Quarterly Point Machine Overhaul & Lubrication.,COMPLETED,114,T-201 (Signal Staff)
HIST-02659,TASK-02702,2025-11-29T23:41:00,2025-11-30T01:44:00,Routine PM: Quarterly Point Machine Overhaul & Lubrication.,COMPLETED,123,T-301 (OHE Gang)
HIST-02660,TASK-02703,2026-02-27T23:57:00,2026-02-28T01:59:00,Routine PM: Quarterly Point Machine Overhaul & Lubrication.,COMPLETED,122,T-301 (OHE Gang)
HIST-02661,TASK-02704,2026-05-29T00:13:00,2026-05-29T02:18:00,Routine PM: Quarterly Point Machine Overhaul & Lubrication.,COMPLETED,125,T-202
HIST-02662,TASK-02705,2023-10-24T00:17:00,2023-10-24T02:21:00,Routine PM: Quarterly Point Machine Overhaul & Lubrication.,COMPLETED,124,T-302
HIST-02663,TASK-02706,2024-01-22T00:14:00,2024-01-22T02:17:00,Routine PM: Quarterly Point Machine Overhaul & Lubrication.,COMPLETED,123,T-202
HIST-02664,TASK-02707,2024-04-20T23:31:00,2024-04-21T01:35:00,Routine PM: Quarterly Point Machine Overhaul & Lubrication.,COMPLETED,124,T-301 (OHE Gang)
HIST-02665,TASK-02708,2024-07-20T00:08:00,2024-07-20T02:07:00,Routine PM: Quarterly Point Machine Overhaul & Lubrication.,COMPLETED,119,T-301 (OHE Gang)
HIST-02666,TASK-02709,2024-10-17T23:56:00,2024-10-18T01:53:00,Routine PM: Quarterly Point Machine Overhaul & Lubrication.,COMPLETED,117,T-302
HIST-02667,TASK-02710,2025-01-15T23:51:00,2025-01-16T01:48:00,Routine PM: Quarterly Point Machine Overhaul & Lubrication.,COMPLETED,117,T-101 (Engineering Gang)
HIST-02668,TASK-02711,2025-04-16T00:13:00,2025-04-16T02:11:00,Routine PM: Quarterly Point Machine Overhaul & Lubrication.,COMPLETED,118,T-302
HIST-02669,TASK-02712,2025-07-14T23:43:00,2025-07-15T01:38:00,Routine PM: Quarterly Point Machine Overhaul & Lubrication.,COMPLETED,115,T-301 (OHE Gang)
HIST-02670,TASK-02713,2025-10-12T23:32:00,2025-10-13T01:36:00,Routine PM: Quarterly Point Machine Overhaul & Lubrication.,COMPLETED,124,T-302
HIST-02671,TASK-02714,2026-01-11T00:27:00,2026-01-11T02:26:00,Routine PM: Quarterly Point Machine Overhaul & Lubrication.,COMPLETED,119,T-302
HIST-02672,TASK-02715,2026-04-11T00:20:00,2026-04-11T02:17:00,Routine PM: Quarterly Point Machine Overhaul & Lubrication.,COMPLETED,117,T-101 (Engineering Gang)
HIST-02673,TASK-02716,2026-07-10T00:28:00,2026-07-10T02:29:00,Routine PM: Quarterly Point Machine Overhaul & Lubrication.,COMPLETED,121,T-201 (Signal Staff)
HIST-02689,TASK-02732,2023-10-20T00:20:00,2023-10-20T02:16:00,Routine PM: Quarterly Point Machine Overhaul & Lubrication.,COMPLETED,116,T-302
HIST-02690,TASK-02733,2024-01-18T00:22:00,2024-01-18T02:27:00,Routine PM: Quarterly Point Machine Overhaul & Lubrication.,COMPLETED,125,T-101 (Engineering Gang)
HIST-02691,TASK-02734,2024-04-16T23:42:00,2024-04-17T01:41:00,Routine PM: Quarterly Point Machine Overhaul & Lubrication.,COMPLETED,119,T-201 (Signal Staff)
HIST-02692,TASK-02735,2024-07-15T23:58:00,2024-07-16T01:57:00,Routine PM: Quarterly Point Machine Overhaul & Lubrication.,COMPLETED,119,T-101 (Engineering Gang)
HIST-02693,TASK-02736,2024-10-13T23:39:00,2024-10-14T01:33:00,Routine PM: Quarterly Point Machine Overhaul & Lubrication.,COMPLETED,114,T-202
HIST-02694,TASK-02737,2025-01-12T00:20:00,2025-01-12T02:20:00,Routine PM: Quarterly Point Machine Overhaul & Lubrication.,COMPLETED,120,T-202
HIST-02695,TASK-02738,2025-04-12T00:11:00,2025-04-12T02:13:00,Routine PM: Quarterly Point Machine Overhaul & Lubrication.,COMPLETED,122,T-202
HIST-02696,TASK-02739,2025-07-10T23:52:00,2025-07-11T01:48:00,Routine PM: Quarterly Point Machine Overhaul & Lubrication.,COMPLETED,116,T-101 (Engineering Gang)
HIST-02697,TASK-02740,2025-10-08T23:59:00,2025-10-09T01:56:00,Routine PM: Quarterly Point Machine Overhaul & Lubrication.,COMPLETED,117,T-102
HIST-02698,TASK-02741,2026-01-07T00:30:00,2026-01-07T02:30:00,Routine PM: Quarterly Point Machine Overhaul & Lubrication.,COMPLETED,120,T-201 (Signal Staff)
HIST-02699,TASK-02742,2026-04-06T23:46:00,2026-04-07T01:51:00,Routine PM: Quarterly Point Machine Overhaul & Lubrication.,COMPLETED,125,T-302
HIST-02700,TASK-02743,2026-07-06T00:07:00,2026-07-06T02:05:00,Routine PM: Quarterly Point Machine Overhaul & Lubrication.,COMPLETED,118,T-302
HIST-02701,TASK-02744,2023-08-31T00:29:00,2023-08-31T02:26:00,Routine PM: Quarterly Point Machine Overhaul & Lubrication.,COMPLETED,117,T-301 (OHE Gang)
HIST-02702,TASK-02745,2023-11-28T23:33:00,2023-11-29T01:35:00,Routine PM: Quarterly Point Machine Overhaul & Lubrication.,COMPLETED,122,T-202
HIST-02703,TASK-02746,2024-02-26T23:36:00,2024-02-27T01:32:00,Routine PM: Quarterly Point Machine Overhaul & Lubrication.,COMPLETED,116,T-302
HIST-02704,TASK-02747,2024-05-26T23:54:00,2024-05-27T01:48:00,Routine PM: Quarterly Point Machine Overhaul & Lubrication.,COMPLETED,114,T-101 (Engineering Gang)
HIST-02705,TASK-02748,2024-08-24T23:30:00,2024-08-25T01:24:00,Routine PM: Quarterly Point Machine Overhaul & Lubrication.,COMPLETED,114,T-301 (OHE Gang)
HIST-02706,TASK-02749,2024-11-23T00:02:00,2024-11-23T02:05:00,Routine PM: Quarterly Point Machine Overhaul & Lubrication.,COMPLETED,123,T-301 (OHE Gang)
HIST-02707,TASK-02750,2025-02-21T00:16:00,2025-02-21T02:17:00,Routine PM: Quarterly Point Machine Overhaul & Lubrication.,COMPLETED,121,T-302
HIST-02708,TASK-02751,2025-05-22T00:24:00,2025-05-22T02:27:00,Routine PM: Quarterly Point Machine Overhaul & Lubrication.,COMPLETED,123,T-302
HIST-02709,TASK-02752,2025-08-19T23:38:00,2025-08-20T01:40:00,Routine PM: Quarterly Point Machine Overhaul & Lubrication.,COMPLETED,122,T-302
HIST-02710,TASK-02753,2025-11-17T23:46:00,2025-11-18T01:46:00,Routine PM: Quarterly Point Machine Overhaul & Lubrication.,COMPLETED,120,T-101 (Engineering Gang)
HIST-02711,TASK-02754,2026-02-15T23:30:00,2026-02-16T01:34:00,Routine PM: Quarterly Point Machine Overhaul & Lubrication.,COMPLETED,124,T-202
HIST-02712,TASK-02755,2026-05-16T23:48:00,2026-05-17T01:50:00,Routine PM: Quarterly Point Machine Overhaul & Lubrication.,COMPLETED,122,T-201 (Signal Staff)
HIST-02722,TASK-02765,2023-09-26T23:39:00,2023-09-27T01:40:00,Routine PM: Quarterly Point Machine Overhaul & Lubrication.,COMPLETED,121,T-101 (Engineering Gang)
HIST-02723,TASK-02766,2023-12-26T00:01:00,2023-12-26T02:04:00,Routine PM: Quarterly Point Machine Overhaul & Lubrication.,COMPLETED,123,T-101 (Engineering Gang)
HIST-02724,TASK-02767,2024-03-24T23:37:00,2024-03-25T01:32:00,Routine PM: Quarterly Point Machine Overhaul & Lubrication.,COMPLETED,115,T-301 (OHE Gang)
HIST-02725,TASK-02768,2024-06-23T00:02:00,2024-06-23T02:07:00,Routine PM: Quarterly Point Machine Overhaul & Lubrication.,COMPLETED,125,T-201 (Signal Staff)
HIST-02726,TASK-02769,2024-09-20T23:46:00,2024-09-21T01:49:00,Routine PM: Quarterly Point Machine Overhaul & Lubrication.,COMPLETED,123,T-101 (Engineering Gang)
HIST-02727,TASK-02770,2024-12-20T00:08:00,2024-12-20T02:06:00,Routine PM: Quarterly Point Machine Overhaul & Lubrication.,COMPLETED,118,T-301 (OHE Gang)
HIST-02728,TASK-02771,2025-03-20T00:29:00,2025-03-20T02:32:00,Routine PM: Quarterly Point Machine Overhaul & Lubrication.,COMPLETED,123,T-302
HIST-02729,TASK-02772,2025-06-17T23:56:00,2025-06-18T01:59:00,Routine PM: Quarterly Point Machine Overhaul & Lubrication.,COMPLETED,123,T-201 (Signal Staff)
HIST-02730,TASK-02773,2025-09-15T23:37:00,2025-09-16T01:35:00,Routine PM: Quarterly Point Machine Overhaul & Lubrication.,COMPLETED,118,T-102
HIST-02731,TASK-02774,2025-12-15T00:15:00,2025-12-15T02:15:00,Routine PM: Quarterly Point Machine Overhaul & Lubrication.,COMPLETED,120,T-202
HIST-02732,TASK-02775,2026-03-14T23:35:00,2026-03-15T01:40:00,Routine PM: Quarterly Point Machine Overhaul & Lubrication.,COMPLETED,125,T-302
HIST-02733,TASK-02776,2026-06-12T23:33:00,2026-06-13T01:27:00,Routine PM: Quarterly Point Machine Overhaul & Lubrication.,COMPLETED,114,T-101 (Engineering Gang)
HIST-02737,TASK-02780,2023-10-02T00:10:00,2023-10-02T02:15:00,Routine PM: Quarterly Point Machine Overhaul & Lubrication.,COMPLETED,125,T-302
HIST-02738,TASK-02781,2023-12-30T23:59:00,2023-12-31T02:03:00,Routine PM: Quarterly Point Machine Overhaul & Lubrication.,COMPLETED,124,T-201 (Signal Staff)
HIST-02739,TASK-02782,2024-03-29T23:44:00,2024-03-30T01:44:00,Routine PM: Quarterly Point Machine Overhaul & Lubrication.,COMPLETED,120,T-302
HIST-02740,TASK-02783,2024-06-28T00:21:00,2024-06-28T02:26:00,Routine PM: Quarterly Point Machine Overhaul & Lubrication.,COMPLETED,125,T-201 (Signal Staff)
HIST-02741,TASK-02784,2024-09-25T23:54:00,2024-09-26T01:54:00,Routine PM: Quarterly Point Machine Overhaul & Lubrication.,COMPLETED,120,T-101 (Engineering Gang)
HIST-02742,TASK-02785,2024-12-24T23:48:00,2024-12-25T01:44:00,Routine PM: Quarterly Point Machine Overhaul & Lubrication.,COMPLETED,116,T-301 (OHE Gang)
HIST-02743,TASK-02786,2025-03-24T23:55:00,2025-03-25T01:59:00,Routine PM: Quarterly Point Machine Overhaul & Lubrication.,COMPLETED,124,T-201 (Signal Staff)
HIST-02744,TASK-02787,2025-06-23T00:21:00,2025-06-23T02:21:00,Routine PM: Quarterly Point Machine Overhaul & Lubrication.,COMPLETED,120,T-302
HIST-02745,TASK-02788,2025-09-21T00:01:00,2025-09-21T01:58:00,Routine PM: Quarterly Point Machine Overhaul & Lubrication.,COMPLETED,117,T-202
HIST-02746,TASK-02789,2025-12-20T00:11:00,2025-12-20T02:05:00,Routine PM: Quarterly Point Machine Overhaul & Lubrication.,COMPLETED,114,T-201 (Signal Staff)
HIST-02747,TASK-02790,2026-03-20T00:02:00,2026-03-20T02:04:00,Routine PM: Quarterly Point Machine Overhaul & Lubrication.,COMPLETED,122,T-302
HIST-02748,TASK-02791,2026-06-18T00:06:00,2026-06-18T02:09:00,Routine PM: Quarterly Point Machine Overhaul & Lubrication.,COMPLETED,123,T-101 (Engineering Gang)
HIST-02758,TASK-02801,2023-10-28T23:35:00,2023-10-29T01:39:00,Routine PM: Quarterly Point Machine Overhaul & Lubrication.,COMPLETED,124,T-301 (OHE Gang)
HIST-02759,TASK-02802,2024-01-27T00:17:00,2024-01-27T02:16:00,Routine PM: Quarterly Point Machine Overhaul & Lubrication.,COMPLETED,119,T-202
HIST-02760,TASK-02803,2024-04-26T00:02:00,2024-04-26T02:04:00,Routine PM: Quarterly Point Machine Overhaul & Lubrication.,COMPLETED,122,T-302
HIST-02761,TASK-02804,2024-07-25T00:26:00,2024-07-25T02:21:00,Routine PM: Quarterly Point Machine Overhaul & Lubrication.,COMPLETED,115,T-301 (OHE Gang)
HIST-02762,TASK-02805,2024-10-22T23:51:00,2024-10-23T01:46:00,Routine PM: Quarterly Point Machine Overhaul & Lubrication.,COMPLETED,115,T-301 (OHE Gang)
HIST-02763,TASK-02806,2025-01-21T00:07:00,2025-01-21T02:05:00,Routine PM: Quarterly Point Machine Overhaul & Lubrication.,COMPLETED,118,T-301 (OHE Gang)
HIST-02764,TASK-02807,2025-04-20T23:40:00,2025-04-21T01:41:00,Routine PM: Quarterly Point Machine Overhaul & Lubrication.,COMPLETED,121,T-301 (OHE Gang)
HIST-02765,TASK-02808,2025-07-19T23:45:00,2025-07-20T01:46:00,Routine PM: Quarterly Point Machine Overhaul & Lubrication.,COMPLETED,121,T-201 (Signal Staff)
HIST-02766,TASK-02809,2025-10-17T23:38:00,2025-10-18T01:33:00,Routine PM: Quarterly Point Machine Overhaul & Lubrication.,COMPLETED,115,T-201 (Signal Staff)
HIST-02767,TASK-02810,2026-01-15T23:38:00,2026-01-16T01:38:00,Routine PM: Quarterly Point Machine Overhaul & Lubrication.,COMPLETED,120,T-201 (Signal Staff)
HIST-02768,TASK-02811,2026-04-15T23:46:00,2026-04-16T01:49:00,Routine PM: Quarterly Point Machine Overhaul & Lubrication.,COMPLETED,123,T-102
HIST-02769,TASK-02812,2026-07-15T00:29:00,2026-07-15T02:30:00,Routine PM: Quarterly Point Machine Overhaul & Lubrication.,COMPLETED,121,T-201 (Signal Staff)
HIST-02779,TASK-02822,2023-09-02T00:16:00,2023-09-02T02:14:00,Routine PM: Quarterly Point Machine Overhaul & Lubrication.,COMPLETED,118,T-101 (Engineering Gang)
HIST-02780,TASK-02823,2023-11-30T23:43:00,2023-12-01T01:37:00,Routine PM: Quarterly Point Machine Overhaul & Lubrication.,COMPLETED,114,T-201 (Signal Staff)
HIST-02781,TASK-02824,2024-02-28T23:47:00,2024-02-29T01:51:00,Routine PM: Quarterly Point Machine Overhaul & Lubrication.,COMPLETED,124,T-201 (Signal Staff)
HIST-02782,TASK-02825,2024-05-28T23:31:00,2024-05-29T01:25:00,Routine PM: Quarterly Point Machine Overhaul & Lubrication.,COMPLETED,114,T-101 (Engineering Gang)
HIST-02783,TASK-02826,2024-08-26T23:43:00,2024-08-27T01:37:00,Routine PM: Quarterly Point Machine Overhaul & Lubrication.,COMPLETED,114,T-102
HIST-02784,TASK-02827,2024-11-24T23:49:00,2024-11-25T01:52:00,Routine PM: Quarterly Point Machine Overhaul & Lubrication.,COMPLETED,123,T-201 (Signal Staff)
HIST-02785,TASK-02828,2025-02-22T23:35:00,2025-02-23T01:32:00,Routine PM: Quarterly Point Machine Overhaul & Lubrication.,COMPLETED,117,T-102
HIST-02786,TASK-02829,2025-05-24T00:11:00,2025-05-24T02:10:00,Routine PM: Quarterly Point Machine Overhaul & Lubrication.,COMPLETED,119,T-302
HIST-02787,TASK-02830,2025-08-22T00:25:00,2025-08-22T02:27:00,Routine PM: Quarterly Point Machine Overhaul & Lubrication.,COMPLETED,122,T-301 (OHE Gang)
HIST-02788,TASK-02831,2025-11-19T23:51:00,2025-11-20T01:52:00,Routine PM: Quarterly Point Machine Overhaul & Lubrication.,COMPLETED,121,T-202
HIST-02789,TASK-02832,2026-02-17T23:38:00,2026-02-18T01:40:00,Routine PM: Quarterly Point Machine Overhaul & Lubrication.,COMPLETED,122,T-102
HIST-02790,TASK-02833,2026-05-19T00:00:00,2026-05-19T01:54:00,Routine PM: Quarterly Point Machine Overhaul & Lubrication.,COMPLETED,114,T-302
HIST-02791,TASK-02834,2023-08-31T23:57:00,2023-09-01T01:51:00,Routine PM: Quarterly Point Machine Overhaul & Lubrication.,COMPLETED,114,T-301 (OHE Gang)
HIST-02792,TASK-02835,2023-11-30T00:06:00,2023-11-30T02:05:00,Routine PM: Quarterly Point Machine Overhaul & Lubrication.,COMPLETED,119,T-202
HIST-02793,TASK-02836,2024-02-28T00:29:00,2024-02-28T02:30:00,Routine PM: Quarterly Point Machine Overhaul & Lubrication.,COMPLETED,121,T-202
HIST-02794,TASK-02837,2024-05-28T00:07:00,2024-05-28T02:09:00,Routine PM: Quarterly Point Machine Overhaul & Lubrication.,COMPLETED,122,T-202
HIST-02795,TASK-02838,2024-08-26T00:29:00,2024-08-26T02:28:00,Routine PM: Quarterly Point Machine Overhaul & Lubrication.,COMPLETED,119,T-201 (Signal Staff)
HIST-02796,TASK-02839,2024-11-23T23:52:00,2024-11-24T01:50:00,Routine PM: Quarterly Point Machine Overhaul & Lubrication.,COMPLETED,118,T-202
HIST-02797,TASK-02840,2025-02-21T23:57:00,2025-02-22T01:58:00,Routine PM: Quarterly Point Machine Overhaul & Lubrication.,COMPLETED,121,T-301 (OHE Gang)
HIST-02798,TASK-02841,2025-05-22T23:34:00,2025-05-23T01:28:00,Routine PM: Quarterly Point Machine Overhaul & Lubrication.,COMPLETED,114,T-301 (OHE Gang)
HIST-02799,TASK-02842,2025-08-20T23:30:00,2025-08-21T01:34:00,Routine PM: Quarterly Point Machine Overhaul & Lubrication.,COMPLETED,124,T-302
HIST-02800,TASK-02843,2025-11-18T23:57:00,2025-11-19T02:00:00,Routine PM: Quarterly Point Machine Overhaul & Lubrication.,COMPLETED,123,T-202
HIST-02801,TASK-02844,2026-02-17T00:09:00,2026-02-17T02:07:00,Routine PM: Quarterly Point Machine Overhaul & Lubrication.,COMPLETED,118,T-201 (Signal Staff)
HIST-02802,TASK-02845,2026-05-18T00:14:00,2026-05-18T02:13:00,Routine PM: Quarterly Point Machine Overhaul & Lubrication.,COMPLETED,119,T-102
HIST-02803,TASK-02846,2023-09-08T23:43:00,2023-09-09T01:43:00,Routine PM: Quarterly Point Machine Overhaul & Lubrication.,COMPLETED,120,T-202
HIST-02804,TASK-02847,2023-12-07T23:31:00,2023-12-08T01:36:00,Routine PM: Quarterly Point Machine Overhaul & Lubrication.,COMPLETED,125,T-102
HIST-02805,TASK-02848,2024-03-06T23:37:00,2024-03-07T01:41:00,Routine PM: Quarterly Point Machine Overhaul & Lubrication.,COMPLETED,124,T-202
HIST-02806,TASK-02849,2024-06-05T00:25:00,2024-06-05T02:22:00,Routine PM: Quarterly Point Machine Overhaul & Lubrication.,COMPLETED,117,T-301 (OHE Gang)
HIST-02807,TASK-02850,2024-09-02T23:33:00,2024-09-03T01:34:00,Routine PM: Quarterly Point Machine Overhaul & Lubrication.,COMPLETED,121,T-301 (OHE Gang)
HIST-02808,TASK-02851,2024-12-02T00:10:00,2024-12-02T02:06:00,Routine PM: Quarterly Point Machine Overhaul & Lubrication.,COMPLETED,116,T-101 (Engineering Gang)
HIST-02809,TASK-02852,2025-03-01T23:36:00,2025-03-02T01:30:00,Routine PM: Quarterly Point Machine Overhaul & Lubrication.,COMPLETED,114,T-102
HIST-02810,TASK-02853,2025-05-31T00:22:00,2025-05-31T02:25:00,Routine PM: Quarterly Point Machine Overhaul & Lubrication.,COMPLETED,123,T-101 (Engineering Gang)
HIST-02811,TASK-02854,2025-08-29T00:16:00,2025-08-29T02:13:00,Routine PM: Quarterly Point Machine Overhaul & Lubrication.,COMPLETED,117,T-201 (Signal Staff)
HIST-02812,TASK-02855,2025-11-27T00:14:00,2025-11-27T02:12:00,Routine PM: Quarterly Point Machine Overhaul & Lubrication.,COMPLETED,118,T-202
HIST-02813,TASK-02856,2026-02-25T00:16:00,2026-02-25T02:12:00,Routine PM: Quarterly Point Machine Overhaul & Lubrication.,COMPLETED,116,T-302
HIST-02814,TASK-02857,2026-05-26T00:15:00,2026-05-26T02:19:00,Routine PM: Quarterly Point Machine Overhaul & Lubrication.,COMPLETED,124,T-201 (Signal Staff)
HIST-02821,TASK-02864,2023-10-16T23:32:00,2023-10-17T01:31:00,Routine PM: Quarterly Point Machine Overhaul & Lubrication.,COMPLETED,119,T-101 (Engineering Gang)
HIST-02822,TASK-02865,2024-01-15T00:08:00,2024-01-15T02:13:00,Routine PM: Quarterly Point Machine Overhaul & Lubrication.,COMPLETED,125,T-302
HIST-02823,TASK-02866,2024-04-14T00:07:00,2024-04-14T02:04:00,Routine PM: Quarterly Point Machine Overhaul & Lubrication.,COMPLETED,117,T-101 (Engineering Gang)
HIST-02824,TASK-02867,2024-07-13T00:20:00,2024-07-13T02:15:00,Routine PM: Quarterly Point Machine Overhaul & Lubrication.,COMPLETED,115,T-301 (OHE Gang)
HIST-02825,TASK-02868,2024-10-11T00:01:00,2024-10-11T02:01:00,Routine PM: Quarterly Point Machine Overhaul & Lubrication.,COMPLETED,120,T-102
HIST-02826,TASK-02869,2025-01-08T23:38:00,2025-01-09T01:34:00,Routine PM: Quarterly Point Machine Overhaul & Lubrication.,COMPLETED,116,T-101 (Engineering Gang)
HIST-02827,TASK-02870,2025-04-09T00:28:00,2025-04-09T02:24:00,Routine PM: Quarterly Point Machine Overhaul & Lubrication.,COMPLETED,116,T-101 (Engineering Gang)
HIST-02828,TASK-02871,2025-07-07T23:50:00,2025-07-08T01:51:00,Routine PM: Quarterly Point Machine Overhaul & Lubrication.,COMPLETED,121,T-202
HIST-02829,TASK-02872,2025-10-05T23:55:00,2025-10-06T01:49:00,Routine PM: Quarterly Point Machine Overhaul & Lubrication.,COMPLETED,114,T-102
HIST-02830,TASK-02873,2026-01-03T23:49:00,2026-01-04T01:44:00,Routine PM: Quarterly Point Machine Overhaul & Lubrication.,COMPLETED,115,T-102
HIST-02831,TASK-02874,2026-04-04T00:25:00,2026-04-04T02:21:00,Routine PM: Quarterly Point Machine Overhaul & Lubrication.,COMPLETED,116,T-301 (OHE Gang)
HIST-02832,TASK-02875,2026-07-02T23:51:00,2026-07-03T01:54:00,Routine PM: Quarterly Point Machine Overhaul & Lubrication.,COMPLETED,123,T-202
HIST-02833,TASK-02876,2023-09-21T00:15:00,2023-09-21T02:13:00,Routine PM: Quarterly Point Machine Overhaul & Lubrication.,COMPLETED,118,T-202
HIST-02834,TASK-02877,2023-12-20T00:24:00,2023-12-20T02:20:00,Routine PM: Quarterly Point Machine Overhaul & Lubrication.,COMPLETED,116,T-101 (Engineering Gang)
HIST-02835,TASK-02878,2024-03-19T00:21:00,2024-03-19T02:18:00,Routine PM: Quarterly Point Machine Overhaul & Lubrication.,COMPLETED,117,T-302
HIST-02836,TASK-02879,2024-06-17T00:05:00,2024-06-17T02:04:00,Routine PM: Quarterly Point Machine Overhaul & Lubrication.,COMPLETED,119,T-101 (Engineering Gang)
HIST-02837,TASK-02880,2024-09-15T00:03:00,2024-09-15T02:05:00,Routine PM: Quarterly Point Machine Overhaul & Lubrication.,COMPLETED,122,T-301 (OHE Gang)
HIST-02838,TASK-02881,2024-12-14T00:11:00,2024-12-14T02:13:00,Routine PM: Quarterly Point Machine Overhaul & Lubrication.,COMPLETED,122,T-302
HIST-02839,TASK-02882,2025-03-13T23:34:00,2025-03-14T01:28:00,Routine PM: Quarterly Point Machine Overhaul & Lubrication.,COMPLETED,114,T-102
HIST-02840,TASK-02883,2025-06-12T00:03:00,2025-06-12T02:00:00,Routine PM: Quarterly Point Machine Overhaul & Lubrication.,COMPLETED,117,T-301 (OHE Gang)
HIST-02841,TASK-02884,2025-09-09T23:47:00,2025-09-10T01:41:00,Routine PM: Quarterly Point Machine Overhaul & Lubrication.,COMPLETED,114,T-201 (Signal Staff)
HIST-02842,TASK-02885,2025-12-09T00:16:00,2025-12-09T02:15:00,Routine PM: Quarterly Point Machine Overhaul & Lubrication.,COMPLETED,119,T-301 (OHE Gang)
HIST-02843,TASK-02886,2026-03-09T00:19:00,2026-03-09T02:19:00,Routine PM: Quarterly Point Machine Overhaul & Lubrication.,COMPLETED,120,T-301 (OHE Gang)
HIST-02844,TASK-02887,2026-06-06T23:40:00,2026-06-07T01:37:00,Routine PM: Quarterly Point Machine Overhaul & Lubrication.,COMPLETED,117,T-201 (Signal Staff)
HIST-02845,TASK-02888,2023-10-11T00:08:00,2023-10-11T02:11:00,Routine PM: Quarterly Point Machine Overhaul & Lubrication.,COMPLETED,123,T-102
HIST-02846,TASK-02889,2024-01-08T23:54:00,2024-01-09T01:53:00,Routine PM: Quarterly Point Machine Overhaul & Lubrication.,COMPLETED,119,T-101 (Engineering Gang)
HIST-02847,TASK-02890,2024-04-07T23:48:00,2024-04-08T01:45:00,Routine PM: Quarterly Point Machine Overhaul & Lubrication.,COMPLETED,117,T-102
HIST-02848,TASK-02891,2024-07-07T00:20:00,2024-07-07T02:25:00,Routine PM: Quarterly Point Machine Overhaul & Lubrication.,COMPLETED,125,T-102
HIST-02849,TASK-02892,2024-10-04T23:37:00,2024-10-05T01:32:00,Routine PM: Quarterly Point Machine Overhaul & Lubrication.,COMPLETED,115,T-202
HIST-02850,TASK-02893,2025-01-02T23:34:00,2025-01-03T01:32:00,Routine PM: Quarterly Point Machine Overhaul & Lubrication.,COMPLETED,118,T-202
HIST-02851,TASK-02894,2025-04-02T23:40:00,2025-04-03T01:42:00,Routine PM: Quarterly Point Machine Overhaul & Lubrication.,COMPLETED,122,T-302
HIST-02852,TASK-02895,2025-07-01T23:58:00,2025-07-02T01:59:00,Routine PM: Quarterly Point Machine Overhaul & Lubrication.,COMPLETED,121,T-301 (OHE Gang)
HIST-02853,TASK-02896,2025-09-30T00:22:00,2025-09-30T02:21:00,Routine PM: Quarterly Point Machine Overhaul & Lubrication.,COMPLETED,119,T-301 (OHE Gang)
HIST-02854,TASK-02897,2025-12-29T00:07:00,2025-12-29T02:06:00,Routine PM: Quarterly Point Machine Overhaul & Lubrication.,COMPLETED,119,T-202
HIST-02855,TASK-02898,2026-03-29T00:17:00,2026-03-29T02:14:00,Routine PM: Quarterly Point Machine Overhaul & Lubrication.,COMPLETED,117,T-302
HIST-02856,TASK-02899,2026-06-26T23:38:00,2026-06-27T01:37:00,Routine PM: Quarterly Point Machine Overhaul & Lubrication.,COMPLETED,119,T-201 (Signal Staff)
HIST-02866,TASK-02909,2023-08-23T00:00:00,2023-08-23T02:04:00,Routine PM: Quarterly Point Machine Overhaul & Lubrication.,COMPLETED,124,T-302
HIST-02867,TASK-02910,2023-11-20T23:33:00,2023-11-21T01:36:00,Routine PM: Quarterly Point Machine Overhaul & Lubrication.,COMPLETED,123,T-302
HIST-02868,TASK-02911,2024-02-19T00:10:00,2024-02-19T02:08:00,Routine PM: Quarterly Point Machine Overhaul & Lubrication.,COMPLETED,118,T-201 (Signal Staff)
HIST-02869,TASK-02912,2024-05-18T23:31:00,2024-05-19T01:36:00,Routine PM: Quarterly Point Machine Overhaul & Lubrication.,COMPLETED,125,T-101 (Engineering Gang)
HIST-02870,TASK-02913,2024-08-17T00:01:00,2024-08-17T01:57:00,Routine PM: Quarterly Point Machine Overhaul & Lubrication.,COMPLETED,116,T-301 (OHE Gang)
HIST-02871,TASK-02914,2024-11-14T23:36:00,2024-11-15T01:31:00,Routine PM: Quarterly Point Machine Overhaul & Lubrication.,COMPLETED,115,T-201 (Signal Staff)
HIST-02872,TASK-02915,2025-02-12T23:52:00,2025-02-13T01:53:00,Routine PM: Quarterly Point Machine Overhaul & Lubrication.,COMPLETED,121,T-101 (Engineering Gang)
HIST-02873,TASK-02916,2025-05-14T00:10:00,2025-05-14T02:06:00,Routine PM: Quarterly Point Machine Overhaul & Lubrication.,COMPLETED,116,T-302
HIST-02874,TASK-02917,2025-08-12T00:05:00,2025-08-12T02:03:00,Routine PM: Quarterly Point Machine Overhaul & Lubrication.,COMPLETED,118,T-102
HIST-02875,TASK-02918,2025-11-10T00:14:00,2025-11-10T02:09:00,Routine PM: Quarterly Point Machine Overhaul & Lubrication.,COMPLETED,115,T-101 (Engineering Gang)
HIST-02876,TASK-02919,2026-02-07T23:53:00,2026-02-08T01:51:00,Routine PM: Quarterly Point Machine Overhaul & Lubrication.,COMPLETED,118,T-302
HIST-02877,TASK-02920,2026-05-09T00:28:00,2026-05-09T02:29:00,Routine PM: Quarterly Point Machine Overhaul & Lubrication.,COMPLETED,121,T-301 (OHE Gang)
HIST-02887,TASK-02930,2023-08-20T23:59:00,2023-08-21T01:54:00,Routine PM: Quarterly Point Machine Overhaul & Lubrication.,COMPLETED,115,T-301 (OHE Gang)
HIST-02888,TASK-02931,2023-11-18T23:40:00,2023-11-19T01:42:00,Routine PM: Quarterly Point Machine Overhaul & Lubrication.,COMPLETED,122,T-302
HIST-02889,TASK-02932,2024-02-16T23:36:00,2024-02-17T01:38:00,Routine PM: Quarterly Point Machine Overhaul & Lubrication.,COMPLETED,122,T-202
HIST-02890,TASK-02933,2024-05-16T23:59:00,2024-05-17T01:58:00,Routine PM: Quarterly Point Machine Overhaul & Lubrication.,COMPLETED,119,T-202
HIST-02891,TASK-02934,2024-08-14T23:56:00,2024-08-15T01:55:00,Routine PM: Quarterly Point Machine Overhaul & Lubrication.,COMPLETED,119,T-201 (Signal Staff)
HIST-02892,TASK-02935,2024-11-12T23:58:00,2024-11-13T01:54:00,Routine PM: Quarterly Point Machine Overhaul & Lubrication.,COMPLETED,116,T-101 (Engineering Gang)
HIST-02893,TASK-02936,2025-02-10T23:33:00,2025-02-11T01:33:00,Routine PM: Quarterly Point Machine Overhaul & Lubrication.,COMPLETED,120,T-201 (Signal Staff)
HIST-02894,TASK-02937,2025-05-11T23:37:00,2025-05-12T01:39:00,Routine PM: Quarterly Point Machine Overhaul & Lubrication.,COMPLETED,122,T-301 (OHE Gang)
HIST-02895,TASK-02938,2025-08-09T23:54:00,2025-08-10T01:56:00,Routine PM: Quarterly Point Machine Overhaul & Lubrication.,COMPLETED,122,T-202
HIST-02896,TASK-02939,2025-11-07T23:42:00,2025-11-08T01:45:00,Routine PM: Quarterly Point Machine Overhaul & Lubrication.,COMPLETED,123,T-101 (Engineering Gang)
HIST-02897,TASK-02940,2026-02-05T23:53:00,2026-02-06T01:55:00,Routine PM: Quarterly Point Machine Overhaul & Lubrication.,COMPLETED,122,T-102
HIST-02898,TASK-02941,2026-05-07T00:16:00,2026-05-07T02:14:00,Routine PM: Quarterly Point Machine Overhaul & Lubrication.,COMPLETED,118,T-102
HIST-02899,TASK-02942,2023-10-26T23:54:00,2023-10-27T01:58:00,Routine PM: Quarterly Point Machine Overhaul & Lubrication.,COMPLETED,124,T-101 (Engineering Gang)
HIST-02900,TASK-02943,2024-01-25T00:13:00,2024-01-25T02:15:00,Routine PM: Quarterly Point Machine Overhaul & Lubrication.,COMPLETED,122,T-301 (OHE Gang)
HIST-02901,TASK-02944,2024-04-24T00:28:00,2024-04-24T02:28:00,Routine PM: Quarterly Point Machine Overhaul & Lubrication.,COMPLETED,120,T-301 (OHE Gang)
HIST-02902,TASK-02945,2024-07-22T23:47:00,2024-07-23T01:49:00,Routine PM: Quarterly Point Machine Overhaul & Lubrication.,COMPLETED,122,T-201 (Signal Staff)
HIST-02903,TASK-02946,2024-10-20T23:43:00,2024-10-21T01:41:00,Routine PM: Quarterly Point Machine Overhaul & Lubrication.,COMPLETED,118,T-202
HIST-02904,TASK-02947,2025-01-19T00:28:00,2025-01-19T02:25:00,Routine PM: Quarterly Point Machine Overhaul & Lubrication.,COMPLETED,117,T-101 (Engineering Gang)
HIST-02905,TASK-02948,2025-04-19T00:27:00,2025-04-19T02:29:00,Routine PM: Quarterly Point Machine Overhaul & Lubrication.,COMPLETED,122,T-101 (Engineering Gang)
HIST-02906,TASK-02949,2025-07-18T00:20:00,2025-07-18T02:24:00,Routine PM: Quarterly Point Machine Overhaul & Lubrication.,COMPLETED,124,T-201 (Signal Staff)
HIST-02907,TASK-02950,2025-10-15T23:32:00,2025-10-16T01:32:00,Routine PM: Quarterly Point Machine Overhaul & Lubrication.,COMPLETED,120,T-102
HIST-02908,TASK-02951,2026-01-14T00:01:00,2026-01-14T01:59:00,Routine PM: Quarterly Point Machine Overhaul & Lubrication.,COMPLETED,118,T-101 (Engineering Gang)
HIST-02909,TASK-02952,2026-04-13T23:49:00,2026-04-14T01:43:00,Routine PM: Quarterly Point Machine Overhaul & Lubrication.,COMPLETED,114,T-102
HIST-02910,TASK-02953,2026-07-12T23:39:00,2026-07-13T01:35:00,Routine PM: Quarterly Point Machine Overhaul & Lubrication.,COMPLETED,116,T-201 (Signal Staff)
HIST-02917,TASK-02960,2023-09-19T00:13:00,2023-09-19T02:16:00,Routine PM: Quarterly Point Machine Overhaul & Lubrication.,COMPLETED,123,T-301 (OHE Gang)
HIST-02918,TASK-02961,2023-12-18T00:27:00,2023-12-18T02:23:00,Routine PM: Quarterly Point Machine Overhaul & Lubrication.,COMPLETED,116,T-101 (Engineering Gang)
HIST-02919,TASK-02962,2024-03-17T00:01:00,2024-03-17T02:04:00,Routine PM: Quarterly Point Machine Overhaul & Lubrication.,COMPLETED,123,T-301 (OHE Gang)
HIST-02920,TASK-02963,2024-06-14T23:43:00,2024-06-15T01:37:00,Routine PM: Quarterly Point Machine Overhaul & Lubrication.,COMPLETED,114,T-302
HIST-02921,TASK-02964,2024-09-12T23:32:00,2024-09-13T01:37:00,Routine PM: Quarterly Point Machine Overhaul & Lubrication.,COMPLETED,125,T-102
HIST-02922,TASK-02965,2024-12-11T23:40:00,2024-12-12T01:35:00,Routine PM: Quarterly Point Machine Overhaul & Lubrication.,COMPLETED,115,T-202
HIST-02923,TASK-02966,2025-03-11T23:59:00,2025-03-12T01:56:00,Routine PM: Quarterly Point Machine Overhaul & Lubrication.,COMPLETED,117,T-202
HIST-02924,TASK-02967,2025-06-10T00:25:00,2025-06-10T02:22:00,Routine PM: Quarterly Point Machine Overhaul & Lubrication.,COMPLETED,117,T-202
HIST-02925,TASK-02968,2025-09-08T00:06:00,2025-09-08T02:02:00,Routine PM: Quarterly Point Machine Overhaul & Lubrication.,COMPLETED,116,T-102
HIST-02926,TASK-02969,2025-12-07T00:01:00,2025-12-07T02:06:00,Routine PM: Quarterly Point Machine Overhaul & Lubrication.,COMPLETED,125,T-201 (Signal Staff)
HIST-02927,TASK-02970,2026-03-07T00:04:00,2026-03-07T02:06:00,Routine PM: Quarterly Point Machine Overhaul & Lubrication.,COMPLETED,122,T-101 (Engineering Gang)
HIST-02928,TASK-02971,2026-06-04T23:35:00,2026-06-05T01:34:00,Routine PM: Quarterly Point Machine Overhaul & Lubrication.,COMPLETED,119,T-102
HIST-02941,TASK-02984,2023-09-20T00:05:00,2023-09-20T02:07:00,Routine PM: Quarterly Point Machine Overhaul & Lubrication.,COMPLETED,122,T-102
HIST-02942,TASK-02985,2023-12-19T00:05:00,2023-12-19T02:02:00,Routine PM: Quarterly Point Machine Overhaul & Lubrication.,COMPLETED,117,T-101 (Engineering Gang)
HIST-02943,TASK-02986,2024-03-17T23:47:00,2024-03-18T01:51:00,Routine PM: Quarterly Point Machine Overhaul & Lubrication.,COMPLETED,124,T-302
HIST-02944,TASK-02987,2024-06-15T23:40:00,2024-06-16T01:39:00,Routine PM: Quarterly Point Machine Overhaul & Lubrication.,COMPLETED,119,T-102
HIST-02945,TASK-02988,2024-09-14T00:16:00,2024-09-14T02:18:00,Routine PM: Quarterly Point Machine Overhaul & Lubrication.,COMPLETED,122,T-301 (OHE Gang)
HIST-02946,TASK-02989,2024-12-13T00:10:00,2024-12-13T02:07:00,Routine PM: Quarterly Point Machine Overhaul & Lubrication.,COMPLETED,117,T-102
HIST-02947,TASK-02990,2025-03-13T00:07:00,2025-03-13T02:03:00,Routine PM: Quarterly Point Machine Overhaul & Lubrication.,COMPLETED,116,T-302
HIST-02948,TASK-02991,2025-06-11T00:07:00,2025-06-11T02:07:00,Routine PM: Quarterly Point Machine Overhaul & Lubrication.,COMPLETED,120,T-101 (Engineering Gang)
HIST-02949,TASK-02992,2025-09-08T23:38:00,2025-09-09T01:33:00,Routine PM: Quarterly Point Machine Overhaul & Lubrication.,COMPLETED,115,T-301 (OHE Gang)
HIST-02950,TASK-02993,2025-12-08T00:12:00,2025-12-08T02:10:00,Routine PM: Quarterly Point Machine Overhaul & Lubrication.,COMPLETED,118,T-302
HIST-02951,TASK-02994,2026-03-07T23:54:00,2026-03-08T01:55:00,Routine PM: Quarterly Point Machine Overhaul & Lubrication.,COMPLETED,121,T-302
HIST-02952,TASK-02995,2026-06-06T00:18:00,2026-06-06T02:12:00,Routine PM: Quarterly Point Machine Overhaul & Lubrication.,COMPLETED,114,T-102
HIST-02965,TASK-03008,2023-09-19T00:19:00,2023-09-19T02:16:00,Routine PM: Quarterly Point Machine Overhaul & Lubrication.,COMPLETED,117,T-102
HIST-02966,TASK-03009,2023-12-17T23:30:00,2023-12-18T01:27:00,Routine PM: Quarterly Point Machine Overhaul & Lubrication.,COMPLETED,117,T-301 (OHE Gang)
HIST-02967,TASK-03010,2024-03-17T00:25:00,2024-03-17T02:20:00,Routine PM: Quarterly Point Machine Overhaul & Lubrication.,COMPLETED,115,T-202
HIST-02968,TASK-03011,2024-06-15T00:07:00,2024-06-15T02:01:00,Routine PM: Quarterly Point Machine Overhaul & Lubrication.,COMPLETED,114,T-102
HIST-02969,TASK-03012,2024-09-12T23:50:00,2024-09-13T01:53:00,Routine PM: Quarterly Point Machine Overhaul & Lubrication.,COMPLETED,123,T-302
HIST-02970,TASK-03013,2024-12-11T23:45:00,2024-12-12T01:41:00,Routine PM: Quarterly Point Machine Overhaul & Lubrication.,COMPLETED,116,T-201 (Signal Staff)
HIST-02971,TASK-03014,2025-03-12T00:13:00,2025-03-12T02:11:00,Routine PM: Quarterly Point Machine Overhaul & Lubrication.,COMPLETED,118,T-202
HIST-02972,TASK-03015,2025-06-09T23:34:00,2025-06-10T01:37:00,Routine PM: Quarterly Point Machine Overhaul & Lubrication.,COMPLETED,123,T-101 (Engineering Gang)
HIST-02973,TASK-03016,2025-09-08T00:22:00,2025-09-08T02:21:00,Routine PM: Quarterly Point Machine Overhaul & Lubrication.,COMPLETED,119,T-301 (OHE Gang)
HIST-02974,TASK-03017,2025-12-06T23:37:00,2025-12-07T01:33:00,Routine PM: Quarterly Point Machine Overhaul & Lubrication.,COMPLETED,116,T-202
HIST-02975,TASK-03018,2026-03-07T00:15:00,2026-03-07T02:11:00,Routine PM: Quarterly Point Machine Overhaul & Lubrication.,COMPLETED,116,T-102
HIST-02976,TASK-03019,2026-06-04T23:41:00,2026-06-05T01:44:00,Routine PM: Quarterly Point Machine Overhaul & Lubrication.,COMPLETED,123,T-202
HIST-02983,TASK-03026,2023-10-05T23:53:00,2023-10-06T01:55:00,Routine PM: Quarterly Point Machine Overhaul & Lubrication.,COMPLETED,122,T-201 (Signal Staff)
HIST-02984,TASK-03027,2024-01-03T23:40:00,2024-01-04T01:42:00,Routine PM: Quarterly Point Machine Overhaul & Lubrication.,COMPLETED,122,T-301 (OHE Gang)
HIST-02985,TASK-03028,2024-04-03T00:23:00,2024-04-03T02:23:00,Routine PM: Quarterly Point Machine Overhaul & Lubrication.,COMPLETED,120,T-202
HIST-02986,TASK-03029,2024-07-02T00:25:00,2024-07-02T02:29:00,Routine PM: Quarterly Point Machine Overhaul & Lubrication.,COMPLETED,124,T-102
HIST-02987,TASK-03030,2024-09-29T23:57:00,2024-09-30T01:51:00,Routine PM: Quarterly Point Machine Overhaul & Lubrication.,COMPLETED,114,T-202
HIST-02988,TASK-03031,2024-12-29T00:05:00,2024-12-29T02:01:00,Routine PM: Quarterly Point Machine Overhaul & Lubrication.,COMPLETED,116,T-302
HIST-02989,TASK-03032,2025-03-28T23:48:00,2025-03-29T01:42:00,Routine PM: Quarterly Point Machine Overhaul & Lubrication.,COMPLETED,114,T-201 (Signal Staff)
HIST-02990,TASK-03033,2025-06-27T00:16:00,2025-06-27T02:19:00,Routine PM: Quarterly Point Machine Overhaul & Lubrication.,COMPLETED,123,T-201 (Signal Staff)
HIST-02991,TASK-03034,2025-09-25T00:00:00,2025-09-25T02:00:00,Routine PM: Quarterly Point Machine Overhaul & Lubrication.,COMPLETED,120,T-102
HIST-02992,TASK-03035,2025-12-24T00:24:00,2025-12-24T02:25:00,Routine PM: Quarterly Point Machine Overhaul & Lubrication.,COMPLETED,121,T-301 (OHE Gang)
HIST-02993,TASK-03036,2026-03-24T00:23:00,2026-03-24T02:24:00,Routine PM: Quarterly Point Machine Overhaul & Lubrication.,COMPLETED,121,T-201 (Signal Staff)
HIST-02994,TASK-03037,2026-06-22T00:24:00,2026-06-22T02:22:00,Routine PM: Quarterly Point Machine Overhaul & Lubrication.,COMPLETED,118,T-202
HIST-02998,TASK-03041,2023-09-14T23:33:00,2023-09-15T01:27:00,Routine PM: Quarterly Point Machine Overhaul & Lubrication.,COMPLETED,114,T-201 (Signal Staff)
HIST-02999,TASK-03042,2023-12-14T00:21:00,2023-12-14T02:16:00,Routine PM: Quarterly Point Machine Overhaul & Lubrication.,COMPLETED,115,T-301 (OHE Gang)
HIST-03000,TASK-03043,2024-03-12T23:30:00,2024-03-13T01:31:00,Routine PM: Quarterly Point Machine Overhaul & Lubrication.,COMPLETED,121,T-302
HIST-03001,TASK-03044,2024-06-10T23:56:00,2024-06-11T01:57:00,Routine PM: Quarterly Point Machine Overhaul & Lubrication.,COMPLETED,121,T-101 (Engineering Gang)
HIST-03002,TASK-03045,2024-09-08T23:47:00,2024-09-09T01:46:00,Routine PM: Quarterly Point Machine Overhaul & Lubrication.,COMPLETED,119,T-101 (Engineering Gang)
HIST-03003,TASK-03046,2024-12-08T00:09:00,2024-12-08T02:04:00,Routine PM: Quarterly Point Machine Overhaul & Lubrication.,COMPLETED,115,T-101 (Engineering Gang)
HIST-03004,TASK-03047,2025-03-07T23:45:00,2025-03-08T01:49:00,Routine PM: Quarterly Point Machine Overhaul & Lubrication.,COMPLETED,124,T-102
HIST-03005,TASK-03048,2025-06-06T00:21:00,2025-06-06T02:16:00,Routine PM: Quarterly Point Machine Overhaul & Lubrication.,COMPLETED,115,T-201 (Signal Staff)
HIST-03006,TASK-03049,2025-09-04T00:13:00,2025-09-04T02:08:00,Routine PM: Quarterly Point Machine Overhaul & Lubrication.,COMPLETED,115,T-102
HIST-03007,TASK-03050,2025-12-02T23:48:00,2025-12-03T01:47:00,Routine PM: Quarterly Point Machine Overhaul & Lubrication.,COMPLETED,119,T-201 (Signal Staff)
HIST-03008,TASK-03051,2026-03-03T00:01:00,2026-03-03T02:04:00,Routine PM: Quarterly Point Machine Overhaul & Lubrication.,COMPLETED,123,T-201 (Signal Staff)
HIST-03009,TASK-03052,2026-06-01T00:07:00,2026-06-01T02:03:00,Routine PM: Quarterly Point Machine Overhaul & Lubrication.,COMPLETED,116,T-201 (Signal Staff)
HIST-03010,TASK-03053,2023-10-07T00:16:00,2023-10-07T02:18:00,Routine PM: Quarterly Point Machine Overhaul & Lubrication.,COMPLETED,122,T-202
HIST-03011,TASK-03054,2024-01-04T23:47:00,2024-01-05T01:51:00,Routine PM: Quarterly Point Machine Overhaul & Lubrication.,COMPLETED,124,T-301 (OHE Gang)
HIST-03012,TASK-03055,2024-04-03T23:46:00,2024-04-04T01:41:00,Routine PM: Quarterly Point Machine Overhaul & Lubrication.,COMPLETED,115,T-102
HIST-03013,TASK-03056,2024-07-03T00:17:00,2024-07-03T02:21:00,Routine PM: Quarterly Point Machine Overhaul & Lubrication.,COMPLETED,124,T-202
HIST-03014,TASK-03057,2024-09-30T23:45:00,2024-10-01T01:47:00,Routine PM: Quarterly Point Machine Overhaul & Lubrication.,COMPLETED,122,T-201 (Signal Staff)
HIST-03015,TASK-03058,2024-12-30T00:30:00,2024-12-30T02:28:00,Routine PM: Quarterly Point Machine Overhaul & Lubrication.,COMPLETED,118,T-202
HIST-03016,TASK-03059,2025-03-30T00:25:00,2025-03-30T02:30:00,Routine PM: Quarterly Point Machine Overhaul & Lubrication.,COMPLETED,125,T-201 (Signal Staff)
HIST-03017,TASK-03060,2025-06-27T23:39:00,2025-06-28T01:42:00,Routine PM: Quarterly Point Machine Overhaul & Lubrication.,COMPLETED,123,T-101 (Engineering Gang)
HIST-03018,TASK-03061,2025-09-26T00:13:00,2025-09-26T02:12:00,Routine PM: Quarterly Point Machine Overhaul & Lubrication.,COMPLETED,119,T-202
HIST-03019,TASK-03062,2025-12-24T23:35:00,2025-12-25T01:38:00,Routine PM: Quarterly Point Machine Overhaul & Lubrication.,COMPLETED,123,T-202
HIST-03020,TASK-03063,2026-03-25T00:23:00,2026-03-25T02:21:00,Routine PM: Quarterly Point Machine Overhaul & Lubrication.,COMPLETED,118,T-202
HIST-03021,TASK-03064,2026-06-22T23:36:00,2026-06-23T01:37:00,Routine PM: Quarterly Point Machine Overhaul & Lubrication.,COMPLETED,121,T-302
HIST-03022,TASK-03065,2023-10-08T00:28:00,2023-10-08T02:22:00,Routine PM: Quarterly Point Machine Overhaul & Lubrication.,COMPLETED,114,T-202
HIST-03023,TASK-03066,2024-01-05T23:31:00,2024-01-06T01:32:00,Routine PM: Quarterly Point Machine Overhaul & Lubrication.,COMPLETED,121,T-202
HIST-03024,TASK-03067,2024-04-05T00:22:00,2024-04-05T02:25:00,Routine PM: Quarterly Point Machine Overhaul & Lubrication.,COMPLETED,123,T-202
HIST-03025,TASK-03068,2024-07-04T00:04:00,2024-07-04T02:04:00,Routine PM: Quarterly Point Machine Overhaul & Lubrication.,COMPLETED,120,T-101 (Engineering Gang)
HIST-03026,TASK-03069,2024-10-01T23:46:00,2024-10-02T01:40:00,Routine PM: Quarterly Point Machine Overhaul & Lubrication.,COMPLETED,114,T-201 (Signal Staff)
HIST-03027,TASK-03070,2024-12-30T23:44:00,2024-12-31T01:42:00,Routine PM: Quarterly Point Machine Overhaul & Lubrication.,COMPLETED,118,T-201 (Signal Staff)
HIST-03028,TASK-03071,2025-03-30T23:58:00,2025-03-31T01:53:00,Routine PM: Quarterly Point Machine Overhaul & Lubrication.,COMPLETED,115,T-301 (OHE Gang)
HIST-03029,TASK-03072,2025-06-29T00:19:00,2025-06-29T02:16:00,Routine PM: Quarterly Point Machine Overhaul & Lubrication.,COMPLETED,117,T-201 (Signal Staff)
HIST-03030,TASK-03073,2025-09-26T23:41:00,2025-09-27T01:40:00,Routine PM: Quarterly Point Machine Overhaul & Lubrication.,COMPLETED,119,T-202
HIST-03031,TASK-03074,2025-12-25T23:46:00,2025-12-26T01:41:00,Routine PM: Quarterly Point Machine Overhaul & Lubrication.,COMPLETED,115,T-102
HIST-03032,TASK-03075,2026-03-25T23:44:00,2026-03-26T01:47:00,Routine PM: Quarterly Point Machine Overhaul & Lubrication.,COMPLETED,123,T-302
HIST-03033,TASK-03076,2026-06-24T00:15:00,2026-06-24T02:17:00,Routine PM: Quarterly Point Machine Overhaul & Lubrication.,COMPLETED,122,T-102
HIST-03034,TASK-03077,2023-09-06T23:41:00,2023-09-07T01:45:00,Routine PM: Quarterly Point Machine Overhaul & Lubrication.,COMPLETED,124,T-101 (Engineering Gang)
HIST-03035,TASK-03078,2023-12-06T00:21:00,2023-12-06T02:18:00,Routine PM: Quarterly Point Machine Overhaul & Lubrication.,COMPLETED,117,T-301 (OHE Gang)
HIST-03036,TASK-03079,2024-03-04T23:45:00,2024-03-05T01:40:00,Routine PM: Quarterly Point Machine Overhaul & Lubrication.,COMPLETED,115,T-101 (Engineering Gang)
HIST-03037,TASK-03080,2024-06-03T00:19:00,2024-06-03T02:14:00,Routine PM: Quarterly Point Machine Overhaul & Lubrication.,COMPLETED,115,T-202
HIST-03038,TASK-03081,2024-09-01T00:25:00,2024-09-01T02:25:00,Routine PM: Quarterly Point Machine Overhaul & Lubrication.,COMPLETED,120,T-201 (Signal Staff)
HIST-03039,TASK-03082,2024-11-30T00:06:00,2024-11-30T02:11:00,Routine PM: Quarterly Point Machine Overhaul & Lubrication.,COMPLETED,125,T-102
HIST-03040,TASK-03083,2025-02-27T23:46:00,2025-02-28T01:44:00,Routine PM: Quarterly Point Machine Overhaul & Lubrication.,COMPLETED,118,T-101 (Engineering Gang)
HIST-03041,TASK-03084,2025-05-29T00:15:00,2025-05-29T02:16:00,Routine PM: Quarterly Point Machine Overhaul & Lubrication.,COMPLETED,121,T-301 (OHE Gang)
HIST-03042,TASK-03085,2025-08-27T00:22:00,2025-08-27T02:24:00,Routine PM: Quarterly Point Machine Overhaul & Lubrication.,COMPLETED,122,T-101 (Engineering Gang)
HIST-03043,TASK-03086,2025-11-24T23:57:00,2025-11-25T01:51:00,Routine PM: Quarterly Point Machine Overhaul & Lubrication.,COMPLETED,114,T-102
HIST-03044,TASK-03087,2026-02-22T23:41:00,2026-02-23T01:44:00,Routine PM: Quarterly Point Machine Overhaul & Lubrication.,COMPLETED,123,T-301 (OHE Gang)
HIST-03045,TASK-03088,2026-05-24T00:23:00,2026-05-24T02:24:00,Routine PM: Quarterly Point Machine Overhaul & Lubrication.,COMPLETED,121,T-301 (OHE Gang)
HIST-03058,TASK-03101,2023-08-22T00:19:00,2023-08-22T02:17:00,Routine PM: Quarterly Point Machine Overhaul & Lubrication.,COMPLETED,118,T-201 (Signal Staff)
HIST-03059,TASK-03102,2023-11-19T23:57:00,2023-11-20T01:57:00,Routine PM: Quarterly Point Machine Overhaul & Lubrication.,COMPLETED,120,T-302
HIST-03060,TASK-03103,2024-02-18T00:24:00,2024-02-18T02:24:00,Routine PM: Quarterly Point Machine Overhaul & Lubrication.,COMPLETED,120,T-101 (Engineering Gang)
HIST-03061,TASK-03104,2024-05-17T23:54:00,2024-05-18T01:53:00,Routine PM: Quarterly Point Machine Overhaul & Lubrication.,COMPLETED,119,T-302
HIST-03062,TASK-03105,2024-08-16T00:25:00,2024-08-16T02:24:00,Routine PM: Quarterly Point Machine Overhaul & Lubrication.,COMPLETED,119,T-301 (OHE Gang)
HIST-03063,TASK-03106,2024-11-13T23:52:00,2024-11-14T01:53:00,Routine PM: Quarterly Point Machine Overhaul & Lubrication.,COMPLETED,121,T-202
HIST-03064,TASK-03107,2025-02-11T23:34:00,2025-02-12T01:39:00,Routine PM: Quarterly Point Machine Overhaul & Lubrication.,COMPLETED,125,T-202
HIST-03065,TASK-03108,2025-05-12T23:54:00,2025-05-13T01:59:00,Routine PM: Quarterly Point Machine Overhaul & Lubrication.,COMPLETED,125,T-102
HIST-03066,TASK-03109,2025-08-11T00:07:00,2025-08-11T02:06:00,Routine PM: Quarterly Point Machine Overhaul & Lubrication.,COMPLETED,119,T-101 (Engineering Gang)
HIST-03067,TASK-03110,2025-11-09T00:17:00,2025-11-09T02:13:00,Routine PM: Quarterly Point Machine Overhaul & Lubrication.,COMPLETED,116,T-201 (Signal Staff)
HIST-03068,TASK-03111,2026-02-06T23:54:00,2026-02-07T01:51:00,Routine PM: Quarterly Point Machine Overhaul & Lubrication.,COMPLETED,117,T-301 (OHE Gang)
HIST-03069,TASK-03112,2026-05-08T00:06:00,2026-05-08T02:08:00,Routine PM: Quarterly Point Machine Overhaul & Lubrication.,COMPLETED,122,T-301 (OHE Gang)
HIST-03079,TASK-03122,2023-08-29T00:21:00,2023-08-29T02:23:00,Routine PM: Quarterly Point Machine Overhaul & Lubrication.,COMPLETED,122,T-202
HIST-03080,TASK-03123,2023-11-27T00:23:00,2023-11-27T02:22:00,Routine PM: Quarterly Point Machine Overhaul & Lubrication.,COMPLETED,119,T-202
HIST-03081,TASK-03124,2024-02-24T23:35:00,2024-02-25T01:37:00,Routine PM: Quarterly Point Machine Overhaul & Lubrication.,COMPLETED,122,T-302
HIST-03082,TASK-03125,2024-05-25T00:06:00,2024-05-25T02:00:00,Routine PM: Quarterly Point Machine Overhaul & Lubrication.,COMPLETED,114,T-201 (Signal Staff)
HIST-03083,TASK-03126,2024-08-22T23:46:00,2024-08-23T01:45:00,Routine PM: Quarterly Point Machine Overhaul & Lubrication.,COMPLETED,119,T-101 (Engineering Gang)
HIST-03084,TASK-03127,2024-11-20T23:59:00,2024-11-21T01:56:00,Routine PM: Quarterly Point Machine Overhaul & Lubrication.,COMPLETED,117,T-101 (Engineering Gang)
HIST-03085,TASK-03128,2025-02-19T00:12:00,2025-02-19T02:08:00,Routine PM: Quarterly Point Machine Overhaul & Lubrication.,COMPLETED,116,T-301 (OHE Gang)
HIST-03086,TASK-03129,2025-05-20T00:04:00,2025-05-20T02:00:00,Routine PM: Quarterly Point Machine Overhaul & Lubrication.,COMPLETED,116,T-202
HIST-03087,TASK-03130,2025-08-17T23:50:00,2025-08-18T01:44:00,Routine PM: Quarterly Point Machine Overhaul & Lubrication.,COMPLETED,114,T-302
HIST-03088,TASK-03131,2025-11-15T23:43:00,2025-11-16T01:39:00,Routine PM: Quarterly Point Machine Overhaul & Lubrication.,COMPLETED,116,T-102
HIST-03089,TASK-03132,2026-02-13T23:36:00,2026-02-14T01:30:00,Routine PM: Quarterly Point Machine Overhaul & Lubrication.,COMPLETED,114,T-301 (OHE Gang)
HIST-03090,TASK-03133,2026-05-14T23:43:00,2026-05-15T01:45:00,Routine PM: Quarterly Point Machine Overhaul & Lubrication.,COMPLETED,122,T-301 (OHE Gang)
HIST-03094,TASK-03137,2023-08-24T00:14:00,2023-08-24T02:13:00,Routine PM: Quarterly Point Machine Overhaul & Lubrication.,COMPLETED,119,T-101 (Engineering Gang)
HIST-03095,TASK-03138,2023-11-22T00:08:00,2023-11-22T02:10:00,Routine PM: Quarterly Point Machine Overhaul & Lubrication.,COMPLETED,122,T-302
HIST-03096,TASK-03139,2024-02-19T23:34:00,2024-02-20T01:38:00,Routine PM: Quarterly Point Machine Overhaul & Lubrication.,COMPLETED,124,T-102
HIST-03097,TASK-03140,2024-05-19T23:44:00,2024-05-20T01:49:00,Routine PM: Quarterly Point Machine Overhaul & Lubrication.,COMPLETED,125,T-201 (Signal Staff)
HIST-03098,TASK-03141,2024-08-18T00:18:00,2024-08-18T02:16:00,Routine PM: Quarterly Point Machine Overhaul & Lubrication.,COMPLETED,118,T-102
HIST-03099,TASK-03142,2024-11-16T00:10:00,2024-11-16T02:05:00,Routine PM: Quarterly Point Machine Overhaul & Lubrication.,COMPLETED,115,T-301 (OHE Gang)
HIST-03100,TASK-03143,2025-02-14T00:25:00,2025-02-14T02:22:00,Routine PM: Quarterly Point Machine Overhaul & Lubrication.,COMPLETED,117,T-201 (Signal Staff)
HIST-03101,TASK-03144,2025-05-14T23:45:00,2025-05-15T01:50:00,Routine PM: Quarterly Point Machine Overhaul & Lubrication.,COMPLETED,125,T-302
HIST-03102,TASK-03145,2025-08-13T00:02:00,2025-08-13T02:07:00,Routine PM: Quarterly Point Machine Overhaul & Lubrication.,COMPLETED,125,T-201 (Signal Staff)
HIST-03103,TASK-03146,2025-11-10T23:50:00,2025-11-11T01:47:00,Routine PM: Quarterly Point Machine Overhaul & Lubrication.,COMPLETED,117,T-102
HIST-03104,TASK-03147,2026-02-09T00:21:00,2026-02-09T02:19:00,Routine PM: Quarterly Point Machine Overhaul & Lubrication.,COMPLETED,118,T-202
HIST-03105,TASK-03148,2026-05-09T23:39:00,2026-05-10T01:41:00,Routine PM: Quarterly Point Machine Overhaul & Lubrication.,COMPLETED,122,T-201 (Signal Staff)
HIST-03106,TASK-03149,2023-08-19T23:55:00,2023-08-20T02:00:00,Routine PM: Quarterly Point Machine Overhaul & Lubrication.,COMPLETED,125,T-201 (Signal Staff)
HIST-03107,TASK-03150,2023-11-18T00:06:00,2023-11-18T02:11:00,Routine PM: Quarterly Point Machine Overhaul & Lubrication.,COMPLETED,125,T-202
HIST-03108,TASK-03151,2024-02-16T00:27:00,2024-02-16T02:29:00,Routine PM: Quarterly Point Machine Overhaul & Lubrication.,COMPLETED,122,T-301 (OHE Gang)
HIST-03109,TASK-03152,2024-05-16T00:19:00,2024-05-16T02:19:00,Routine PM: Quarterly Point Machine Overhaul & Lubrication.,COMPLETED,120,T-101 (Engineering Gang)
HIST-03110,TASK-03153,2024-08-13T23:41:00,2024-08-14T01:46:00,Routine PM: Quarterly Point Machine Overhaul & Lubrication.,COMPLETED,125,T-301 (OHE Gang)
HIST-03111,TASK-03154,2024-11-11T23:52:00,2024-11-12T01:51:00,Routine PM: Quarterly Point Machine Overhaul & Lubrication.,COMPLETED,119,T-302
HIST-03112,TASK-03155,2025-02-10T00:05:00,2025-02-10T02:04:00,Routine PM: Quarterly Point Machine Overhaul & Lubrication.,COMPLETED,119,T-302
HIST-03113,TASK-03156,2025-05-10T23:36:00,2025-05-11T01:39:00,Routine PM: Quarterly Point Machine Overhaul & Lubrication.,COMPLETED,123,T-302
HIST-03114,TASK-03157,2025-08-09T00:11:00,2025-08-09T02:11:00,Routine PM: Quarterly Point Machine Overhaul & Lubrication.,COMPLETED,120,T-101 (Engineering Gang)
HIST-03115,TASK-03158,2025-11-06T23:57:00,2025-11-07T01:59:00,Routine PM: Quarterly Point Machine Overhaul & Lubrication.,COMPLETED,122,T-301 (OHE Gang)
HIST-03116,TASK-03159,2026-02-05T00:30:00,2026-02-05T02:27:00,Routine PM: Quarterly Point Machine Overhaul & Lubrication.,COMPLETED,117,T-202
HIST-03117,TASK-03160,2026-05-05T23:42:00,2026-05-06T01:37:00,Routine PM: Quarterly Point Machine Overhaul & Lubrication.,COMPLETED,115,T-301 (OHE Gang)
HIST-03121,TASK-03164,2023-10-07T23:59:00,2023-10-08T02:01:00,Routine PM: Quarterly Point Machine Overhaul & Lubrication.,COMPLETED,122,T-102
HIST-03122,TASK-03165,2024-01-05T23:35:00,2024-01-06T01:34:00,Routine PM: Quarterly Point Machine Overhaul & Lubrication.,COMPLETED,119,T-102
HIST-03123,TASK-03166,2024-04-05T00:22:00,2024-04-05T02:16:00,Routine PM: Quarterly Point Machine Overhaul & Lubrication.,COMPLETED,114,T-301 (OHE Gang)
HIST-03124,TASK-03167,2024-07-03T23:45:00,2024-07-04T01:41:00,Routine PM: Quarterly Point Machine Overhaul & Lubrication.,COMPLETED,116,T-302
HIST-03125,TASK-03168,2024-10-01T23:31:00,2024-10-02T01:30:00,Routine PM: Quarterly Point Machine Overhaul & Lubrication.,COMPLETED,119,T-302
HIST-03126,TASK-03169,2024-12-31T00:20:00,2024-12-31T02:22:00,Routine PM: Quarterly Point Machine Overhaul & Lubrication.,COMPLETED,122,T-201 (Signal Staff)
HIST-03127,TASK-03170,2025-03-30T23:54:00,2025-03-31T01:53:00,Routine PM: Quarterly Point Machine Overhaul & Lubrication.,COMPLETED,119,T-201 (Signal Staff)
HIST-03128,TASK-03171,2025-06-29T00:01:00,2025-06-29T02:03:00,Routine PM: Quarterly Point Machine Overhaul & Lubrication.,COMPLETED,122,T-102
HIST-03129,TASK-03172,2025-09-26T23:30:00,2025-09-27T01:29:00,Routine PM: Quarterly Point Machine Overhaul & Lubrication.,COMPLETED,119,T-301 (OHE Gang)
HIST-03130,TASK-03173,2025-12-25T23:45:00,2025-12-26T01:48:00,Routine PM: Quarterly Point Machine Overhaul & Lubrication.,COMPLETED,123,T-201 (Signal Staff)
HIST-03131,TASK-03174,2026-03-25T23:36:00,2026-03-26T01:35:00,Routine PM: Quarterly Point Machine Overhaul & Lubrication.,COMPLETED,119,T-202
HIST-03132,TASK-03175,2026-06-24T00:22:00,2026-06-24T02:25:00,Routine PM: Quarterly Point Machine Overhaul & Lubrication.,COMPLETED,123,T-301 (OHE Gang)
HIST-03143,TASK-03186,2023-09-17T23:30:00,2023-09-18T01:34:00,Routine PM: Quarterly Point Machine Overhaul & Lubrication.,COMPLETED,124,T-101 (Engineering Gang)
HIST-03144,TASK-03187,2023-12-17T00:08:00,2023-12-17T02:11:00,Routine PM: Quarterly Point Machine Overhaul & Lubrication.,COMPLETED,123,T-302
HIST-03145,TASK-03188,2024-03-15T23:53:00,2024-03-16T01:51:00,Routine PM: Quarterly Point Machine Overhaul & Lubrication.,COMPLETED,118,T-101 (Engineering Gang)
HIST-03146,TASK-03189,2024-06-13T23:58:00,2024-06-14T02:03:00,Routine PM: Quarterly Point Machine Overhaul & Lubrication.,COMPLETED,125,T-301 (OHE Gang)
HIST-03147,TASK-03190,2024-09-12T00:21:00,2024-09-12T02:15:00,Routine PM: Quarterly Point Machine Overhaul & Lubrication.,COMPLETED,114,T-102
HIST-03148,TASK-03191,2024-12-11T00:23:00,2024-12-11T02:18:00,Routine PM: Quarterly Point Machine Overhaul & Lubrication.,COMPLETED,115,T-101 (Engineering Gang)
HIST-03149,TASK-03192,2025-03-10T23:48:00,2025-03-11T01:50:00,Routine PM: Quarterly Point Machine Overhaul & Lubrication.,COMPLETED,122,T-202
HIST-03150,TASK-03193,2025-06-09T00:24:00,2025-06-09T02:26:00,Routine PM: Quarterly Point Machine Overhaul & Lubrication.,COMPLETED,122,T-301 (OHE Gang)
HIST-03151,TASK-03194,2025-09-06T23:33:00,2025-09-07T01:29:00,Routine PM: Quarterly Point Machine Overhaul & Lubrication.,COMPLETED,116,T-102
HIST-03152,TASK-03195,2025-12-05T23:38:00,2025-12-06T01:42:00,Routine PM: Quarterly Point Machine Overhaul & Lubrication.,COMPLETED,124,T-102
HIST-03153,TASK-03196,2026-03-05T23:51:00,2026-03-06T01:48:00,Routine PM: Quarterly Point Machine Overhaul & Lubrication.,COMPLETED,117,T-102
HIST-03154,TASK-03197,2026-06-03T23:56:00,2026-06-04T01:59:00,Routine PM: Quarterly Point Machine Overhaul & Lubrication.,COMPLETED,123,T-302
HIST-03155,TASK-03198,2023-08-23T00:07:00,2023-08-23T02:04:00,Routine PM: Quarterly Point Machine Overhaul & Lubrication.,COMPLETED,117,T-301 (OHE Gang)
HIST-03156,TASK-03199,2023-11-20T23:38:00,2023-11-21T01:36:00,Routine PM: Quarterly Point Machine Overhaul & Lubrication.,COMPLETED,118,T-302
HIST-03157,TASK-03200,2024-02-19T00:18:00,2024-02-19T02:12:00,Routine PM: Quarterly Point Machine Overhaul & Lubrication.,COMPLETED,114,T-301 (OHE Gang)
HIST-03158,TASK-03201,2024-05-18T23:55:00,2024-05-19T01:51:00,Routine PM: Quarterly Point Machine Overhaul & Lubrication.,COMPLETED,116,T-302
HIST-03159,TASK-03202,2024-08-17T00:16:00,2024-08-17T02:10:00,Routine PM: Quarterly Point Machine Overhaul & Lubrication.,COMPLETED,114,T-202
HIST-03160,TASK-03203,2024-11-14T23:51:00,2024-11-15T01:52:00,Routine PM: Quarterly Point Machine Overhaul & Lubrication.,COMPLETED,121,T-201 (Signal Staff)
HIST-03161,TASK-03204,2025-02-13T00:02:00,2025-02-13T02:05:00,Routine PM: Quarterly Point Machine Overhaul & Lubrication.,COMPLETED,123,T-201 (Signal Staff)
HIST-03162,TASK-03205,2025-05-13T23:42:00,2025-05-14T01:37:00,Routine PM: Quarterly Point Machine Overhaul & Lubrication.,COMPLETED,115,T-201 (Signal Staff)
HIST-03163,TASK-03206,2025-08-11T23:39:00,2025-08-12T01:40:00,Routine PM: Quarterly Point Machine Overhaul & Lubrication.,COMPLETED,121,T-102
HIST-03164,TASK-03207,2025-11-10T00:01:00,2025-11-10T02:01:00,Routine PM: Quarterly Point Machine Overhaul & Lubrication.,COMPLETED,120,T-301 (OHE Gang)
HIST-03165,TASK-03208,2026-02-07T23:42:00,2026-02-08T01:47:00,Routine PM: Quarterly Point Machine Overhaul & Lubrication.,COMPLETED,125,T-202
HIST-03166,TASK-03209,2026-05-09T00:14:00,2026-05-09T02:16:00,Routine PM: Quarterly Point Machine Overhaul & Lubrication.,COMPLETED,122,T-301 (OHE Gang)
HIST-03170,TASK-03213,2023-10-20T00:29:00,2023-10-20T02:27:00,Routine PM: Quarterly Point Machine Overhaul & Lubrication.,COMPLETED,118,T-302
HIST-03171,TASK-03214,2024-01-18T00:06:00,2024-01-18T02:01:00,Routine PM: Quarterly Point Machine Overhaul & Lubrication.,COMPLETED,115,T-301 (OHE Gang)
HIST-03172,TASK-03215,2024-04-17T00:15:00,2024-04-17T02:16:00,Routine PM: Quarterly Point Machine Overhaul & Lubrication.,COMPLETED,121,T-301 (OHE Gang)
HIST-03173,TASK-03216,2024-07-15T23:44:00,2024-07-16T01:43:00,Routine PM: Quarterly Point Machine Overhaul & Lubrication.,COMPLETED,119,T-102
HIST-03174,TASK-03217,2024-10-13T23:42:00,2024-10-14T01:41:00,Routine PM: Quarterly Point Machine Overhaul & Lubrication.,COMPLETED,119,T-201 (Signal Staff)
HIST-03175,TASK-03218,2025-01-12T00:02:00,2025-01-12T02:01:00,Routine PM: Quarterly Point Machine Overhaul & Lubrication.,COMPLETED,119,T-101 (Engineering Gang)
HIST-03176,TASK-03219,2025-04-11T23:59:00,2025-04-12T02:02:00,Routine PM: Quarterly Point Machine Overhaul & Lubrication.,COMPLETED,123,T-102
HIST-03177,TASK-03220,2025-07-10T23:53:00,2025-07-11T01:57:00,Routine PM: Quarterly Point Machine Overhaul & Lubrication.,COMPLETED,124,T-302
HIST-03178,TASK-03221,2025-10-08T23:51:00,2025-10-09T01:52:00,Routine PM: Quarterly Point Machine Overhaul & Lubrication.,COMPLETED,121,T-301 (OHE Gang)
HIST-03179,TASK-03222,2026-01-06T23:52:00,2026-01-07T01:57:00,Routine PM: Quarterly Point Machine Overhaul & Lubrication.,COMPLETED,125,T-202
HIST-03180,TASK-03223,2026-04-06T23:47:00,2026-04-07T01:52:00,Routine PM: Quarterly Point Machine Overhaul & Lubrication.,COMPLETED,125,T-101 (Engineering Gang)
HIST-03181,TASK-03224,2026-07-05T23:57:00,2026-07-06T01:58:00,Routine PM: Quarterly Point Machine Overhaul & Lubrication.,COMPLETED,121,T-202
HIST-03182,TASK-03225,2023-09-28T00:02:00,2023-09-28T02:05:00,Routine PM: Quarterly Point Machine Overhaul & Lubrication.,COMPLETED,123,T-201 (Signal Staff)
HIST-03183,TASK-03226,2023-12-27T00:08:00,2023-12-27T02:05:00,Routine PM: Quarterly Point Machine Overhaul & Lubrication.,COMPLETED,117,T-102
HIST-03184,TASK-03227,2024-03-25T23:45:00,2024-03-26T01:48:00,Routine PM: Quarterly Point Machine Overhaul & Lubrication.,COMPLETED,123,T-101 (Engineering Gang)
HIST-03185,TASK-03228,2024-06-24T00:08:00,2024-06-24T02:08:00,Routine PM: Quarterly Point Machine Overhaul & Lubrication.,COMPLETED,120,T-102
HIST-03186,TASK-03229,2024-09-22T00:15:00,2024-09-22T02:10:00,Routine PM: Quarterly Point Machine Overhaul & Lubrication.,COMPLETED,115,T-301 (OHE Gang)
HIST-03187,TASK-03230,2024-12-20T23:50:00,2024-12-21T01:52:00,Routine PM: Quarterly Point Machine Overhaul & Lubrication.,COMPLETED,122,T-301 (OHE Gang)
HIST-03188,TASK-03231,2025-03-20T23:37:00,2025-03-21T01:36:00,Routine PM: Quarterly Point Machine Overhaul & Lubrication.,COMPLETED,119,T-201 (Signal Staff)
HIST-03189,TASK-03232,2025-06-19T00:14:00,2025-06-19T02:17:00,Routine PM: Quarterly Point Machine Overhaul & Lubrication.,COMPLETED,123,T-202
HIST-03190,TASK-03233,2025-09-16T23:49:00,2025-09-17T01:53:00,Routine PM: Quarterly Point Machine Overhaul & Lubrication.,COMPLETED,124,T-101 (Engineering Gang)
HIST-03191,TASK-03234,2025-12-15T23:49:00,2025-12-16T01:53:00,Routine PM: Quarterly Point Machine Overhaul & Lubrication.,COMPLETED,124,T-302
HIST-03192,TASK-03235,2026-03-15T23:37:00,2026-03-16T01:34:00,Routine PM: Quarterly Point Machine Overhaul & Lubrication.,COMPLETED,117,T-101 (Engineering Gang)
HIST-03193,TASK-03236,2026-06-13T23:52:00,2026-06-14T01:49:00,Routine PM: Quarterly Point Machine Overhaul & Lubrication.,COMPLETED,117,T-302
HIST-03197,TASK-03240,2023-10-17T23:46:00,2023-10-18T01:40:00,Routine PM: Quarterly Point Machine Overhaul & Lubrication.,COMPLETED,114,T-101 (Engineering Gang)
HIST-03198,TASK-03241,2024-01-16T00:30:00,2024-01-16T02:33:00,Routine PM: Quarterly Point Machine Overhaul & Lubrication.,COMPLETED,123,T-201 (Signal Staff)
HIST-03199,TASK-03242,2024-04-15T00:17:00,2024-04-15T02:19:00,Routine PM: Quarterly Point Machine Overhaul & Lubrication.,COMPLETED,122,T-102
HIST-03200,TASK-03243,2024-07-14T00:10:00,2024-07-14T02:12:00,Routine PM: Quarterly Point Machine Overhaul & Lubrication.,COMPLETED,122,T-101 (Engineering Gang)
HIST-03201,TASK-03244,2024-10-11T23:42:00,2024-10-12T01:40:00,Routine PM: Quarterly Point Machine Overhaul & Lubrication.,COMPLETED,118,T-102
HIST-03202,TASK-03245,2025-01-09T23:57:00,2025-01-10T01:55:00,Routine PM: Quarterly Point Machine Overhaul & Lubrication.,COMPLETED,118,T-201 (Signal Staff)
HIST-03203,TASK-03246,2025-04-09T23:33:00,2025-04-10T01:38:00,Routine PM: Quarterly Point Machine Overhaul & Lubrication.,COMPLETED,125,T-302
HIST-03204,TASK-03247,2025-07-09T00:26:00,2025-07-09T02:25:00,Routine PM: Quarterly Point Machine Overhaul & Lubrication.,COMPLETED,119,T-202
HIST-03205,TASK-03248,2025-10-07T00:01:00,2025-10-07T01:58:00,Routine PM: Quarterly Point Machine Overhaul & Lubrication.,COMPLETED,117,T-302
HIST-03206,TASK-03249,2026-01-05T00:11:00,2026-01-05T02:05:00,Routine PM: Quarterly Point Machine Overhaul & Lubrication.,COMPLETED,114,T-101 (Engineering Gang)
HIST-03207,TASK-03250,2026-04-04T23:55:00,2026-04-05T01:57:00,Routine PM: Quarterly Point Machine Overhaul & Lubrication.,COMPLETED,122,T-301 (OHE Gang)
HIST-03208,TASK-03251,2026-07-04T00:19:00,2026-07-04T02:22:00,Routine PM: Quarterly Point Machine Overhaul & Lubrication.,COMPLETED,123,T-101 (Engineering Gang)
HIST-03215,TASK-03258,2023-09-04T00:06:00,2023-09-04T02:01:00,Routine PM: Quarterly Point Machine Overhaul & Lubrication.,COMPLETED,115,T-101 (Engineering Gang)
HIST-03216,TASK-03259,2023-12-03T00:07:00,2023-12-03T02:02:00,Routine PM: Quarterly Point Machine Overhaul & Lubrication.,COMPLETED,115,T-301 (OHE Gang)
HIST-03217,TASK-03260,2024-03-01T23:35:00,2024-03-02T01:38:00,Routine PM: Quarterly Point Machine Overhaul & Lubrication.,COMPLETED,123,T-201 (Signal Staff)
HIST-03218,TASK-03261,2024-05-31T00:09:00,2024-05-31T02:03:00,Routine PM: Quarterly Point Machine Overhaul & Lubrication.,COMPLETED,114,T-201 (Signal Staff)
HIST-03219,TASK-03262,2024-08-29T00:07:00,2024-08-29T02:09:00,Routine PM: Quarterly Point Machine Overhaul & Lubrication.,COMPLETED,122,T-101 (Engineering Gang)
HIST-03220,TASK-03263,2024-11-26T23:34:00,2024-11-27T01:37:00,Routine PM: Quarterly Point Machine Overhaul & Lubrication.,COMPLETED,123,T-101 (Engineering Gang)
HIST-03221,TASK-03264,2025-02-24T23:49:00,2025-02-25T01:48:00,Routine PM: Quarterly Point Machine Overhaul & Lubrication.,COMPLETED,119,T-302
HIST-03222,TASK-03265,2025-05-26T00:23:00,2025-05-26T02:27:00,Routine PM: Quarterly Point Machine Overhaul & Lubrication.,COMPLETED,124,T-201 (Signal Staff)
HIST-03223,TASK-03266,2025-08-24T00:09:00,2025-08-24T02:09:00,Routine PM: Quarterly Point Machine Overhaul & Lubrication.,COMPLETED,120,T-302
HIST-03224,TASK-03267,2025-11-21T23:52:00,2025-11-22T01:57:00,Routine PM: Quarterly Point Machine Overhaul & Lubrication.,COMPLETED,125,T-301 (OHE Gang)
HIST-03225,TASK-03268,2026-02-19T23:38:00,2026-02-20T01:34:00,Routine PM: Quarterly Point Machine Overhaul & Lubrication.,COMPLETED,116,T-202
HIST-03226,TASK-03269,2026-05-20T23:42:00,2026-05-21T01:44:00,Routine PM: Quarterly Point Machine Overhaul & Lubrication.,COMPLETED,122,T-101 (Engineering Gang)
HIST-03257,TASK-03300,2023-10-20T23:37:00,2023-10-21T01:39:00,Routine PM: Quarterly Point Machine Overhaul & Lubrication.,COMPLETED,122,T-302
HIST-03258,TASK-03301,2024-01-19T00:21:00,2024-01-19T02:24:00,Routine PM: Quarterly Point Machine Overhaul & Lubrication.,COMPLETED,123,T-202
HIST-03259,TASK-03302,2024-04-18T00:21:00,2024-04-18T02:26:00,Routine PM: Quarterly Point Machine Overhaul & Lubrication.,COMPLETED,125,T-101 (Engineering Gang)
HIST-03260,TASK-03303,2024-07-16T23:39:00,2024-07-17T01:44:00,Routine PM: Quarterly Point Machine Overhaul & Lubrication.,COMPLETED,125,T-201 (Signal Staff)
HIST-03261,TASK-03304,2024-10-15T00:28:00,2024-10-15T02:28:00,Routine PM: Quarterly Point Machine Overhaul & Lubrication.,COMPLETED,120,T-201 (Signal Staff)
HIST-03262,TASK-03305,2025-01-13T00:26:00,2025-01-13T02:24:00,Routine PM: Quarterly Point Machine Overhaul & Lubrication.,COMPLETED,118,T-202
HIST-03263,TASK-03306,2025-04-13T00:13:00,2025-04-13T02:12:00,Routine PM: Quarterly Point Machine Overhaul & Lubrication.,COMPLETED,119,T-101 (Engineering Gang)
HIST-03264,TASK-03307,2025-07-12T00:19:00,2025-07-12T02:21:00,Routine PM: Quarterly Point Machine Overhaul & Lubrication.,COMPLETED,122,T-302
HIST-03265,TASK-03308,2025-10-10T00:20:00,2025-10-10T02:18:00,Routine PM: Quarterly Point Machine Overhaul & Lubrication.,COMPLETED,118,T-202
HIST-03266,TASK-03309,2026-01-08T00:26:00,2026-01-08T02:23:00,Routine PM: Quarterly Point Machine Overhaul & Lubrication.,COMPLETED,117,T-301 (OHE Gang)
HIST-03267,TASK-03310,2026-04-07T23:57:00,2026-04-08T01:54:00,Routine PM: Quarterly Point Machine Overhaul & Lubrication.,COMPLETED,117,T-302
HIST-03268,TASK-03311,2026-07-06T23:34:00,2026-07-07T01:38:00,Routine PM: Quarterly Point Machine Overhaul & Lubrication.,COMPLETED,124,T-202
HIST-03269,TASK-03312,2023-09-08T23:52:00,2023-09-09T01:49:00,Routine PM: Quarterly Point Machine Overhaul & Lubrication.,COMPLETED,117,T-102
HIST-03270,TASK-03313,2023-12-08T00:14:00,2023-12-08T02:10:00,Routine PM: Quarterly Point Machine Overhaul & Lubrication.,COMPLETED,116,T-102
HIST-03271,TASK-03314,2024-03-06T23:45:00,2024-03-07T01:46:00,Routine PM: Quarterly Point Machine Overhaul & Lubrication.,COMPLETED,121,T-202
HIST-03272,TASK-03315,2024-06-05T00:14:00,2024-06-05T02:12:00,Routine PM: Quarterly Point Machine Overhaul & Lubrication.,COMPLETED,118,T-301 (OHE Gang)
HIST-03273,TASK-03316,2024-09-03T00:21:00,2024-09-03T02:15:00,Routine PM: Quarterly Point Machine Overhaul & Lubrication.,COMPLETED,114,T-201 (Signal Staff)
HIST-03274,TASK-03317,2024-12-01T23:44:00,2024-12-02T01:44:00,Routine PM: Quarterly Point Machine Overhaul & Lubrication.,COMPLETED,120,T-301 (OHE Gang)
HIST-03275,TASK-03318,2025-03-02T00:09:00,2025-03-02T02:04:00,Routine PM: Quarterly Point Machine Overhaul & Lubrication.,COMPLETED,115,T-201 (Signal Staff)
HIST-03276,TASK-03319,2025-05-30T23:34:00,2025-05-31T01:33:00,Routine PM: Quarterly Point Machine Overhaul & Lubrication.,COMPLETED,119,T-301 (OHE Gang)
HIST-03277,TASK-03320,2025-08-29T00:09:00,2025-08-29T02:03:00,Routine PM: Quarterly Point Machine Overhaul & Lubrication.,COMPLETED,114,T-301 (OHE Gang)
HIST-03278,TASK-03321,2025-11-26T23:30:00,2025-11-27T01:31:00,Routine PM: Quarterly Point Machine Overhaul & Lubrication.,COMPLETED,121,T-202
HIST-03279,TASK-03322,2026-02-25T00:11:00,2026-02-25T02:05:00,Routine PM: Quarterly Point Machine Overhaul & Lubrication.,COMPLETED,114,T-201 (Signal Staff)
HIST-03280,TASK-03323,2026-05-26T00:09:00,2026-05-26T02:11:00,Routine PM: Quarterly Point Machine Overhaul & Lubrication.,COMPLETED,122,T-102
HIST-03284,TASK-03327,2023-08-18T23:54:00,2023-08-19T01:58:00,Routine PM: Quarterly Point Machine Overhaul & Lubrication.,COMPLETED,124,T-102
HIST-03285,TASK-03328,2023-11-16T23:44:00,2023-11-17T01:40:00,Routine PM: Quarterly Point Machine Overhaul & Lubrication.,COMPLETED,116,T-202
HIST-03286,TASK-03329,2024-02-14T23:41:00,2024-02-15T01:40:00,Routine PM: Quarterly Point Machine Overhaul & Lubrication.,COMPLETED,119,T-301 (OHE Gang)
HIST-03287,TASK-03330,2024-05-15T00:22:00,2024-05-15T02:18:00,Routine PM: Quarterly Point Machine Overhaul & Lubrication.,COMPLETED,116,T-301 (OHE Gang)
HIST-03288,TASK-03331,2024-08-13T00:04:00,2024-08-13T02:06:00,Routine PM: Quarterly Point Machine Overhaul & Lubrication.,COMPLETED,122,T-201 (Signal Staff)
HIST-03289,TASK-03332,2024-11-11T00:14:00,2024-11-11T02:11:00,Routine PM: Quarterly Point Machine Overhaul & Lubrication.,COMPLETED,117,T-102
HIST-03290,TASK-03333,2025-02-08T23:55:00,2025-02-09T01:55:00,Routine PM: Quarterly Point Machine Overhaul & Lubrication.,COMPLETED,120,T-202
HIST-03291,TASK-03334,2025-05-10T00:15:00,2025-05-10T02:11:00,Routine PM: Quarterly Point Machine Overhaul & Lubrication.,COMPLETED,116,T-202
HIST-03292,TASK-03335,2025-08-07T23:53:00,2025-08-08T01:53:00,Routine PM: Quarterly Point Machine Overhaul & Lubrication.,COMPLETED,120,T-302
HIST-03293,TASK-03336,2025-11-05T23:51:00,2025-11-06T01:53:00,Routine PM: Quarterly Point Machine Overhaul & Lubrication.,COMPLETED,122,T-101 (Engineering Gang)
HIST-03294,TASK-03337,2026-02-03T23:34:00,2026-02-04T01:28:00,Routine PM: Quarterly Point Machine Overhaul & Lubrication.,COMPLETED,114,T-101 (Engineering Gang)
HIST-03295,TASK-03338,2026-05-05T00:10:00,2026-05-05T02:12:00,Routine PM: Quarterly Point Machine Overhaul & Lubrication.,COMPLETED,122,T-302
HIST-03296,TASK-03339,2023-10-01T00:13:00,2023-10-01T02:10:00,Routine PM: Quarterly Point Machine Overhaul & Lubrication.,COMPLETED,117,T-301 (OHE Gang)
HIST-03297,TASK-03340,2023-12-30T00:05:00,2023-12-30T02:09:00,Routine PM: Quarterly Point Machine Overhaul & Lubrication.,COMPLETED,124,T-102
HIST-03298,TASK-03341,2024-03-29T00:08:00,2024-03-29T02:03:00,Routine PM: Quarterly Point Machine Overhaul & Lubrication.,COMPLETED,115,T-102
HIST-03299,TASK-03342,2024-06-26T23:47:00,2024-06-27T01:41:00,Routine PM: Quarterly Point Machine Overhaul & Lubrication.,COMPLETED,114,T-101 (Engineering Gang)
HIST-03300,TASK-03343,2024-09-25T00:21:00,2024-09-25T02:23:00,Routine PM: Quarterly Point Machine Overhaul & Lubrication.,COMPLETED,122,T-302
HIST-03301,TASK-03344,2024-12-24T00:05:00,2024-12-24T02:09:00,Routine PM: Quarterly Point Machine Overhaul & Lubrication.,COMPLETED,124,T-102
HIST-03302,TASK-03345,2025-03-23T23:30:00,2025-03-24T01:35:00,Routine PM: Quarterly Point Machine Overhaul & Lubrication.,COMPLETED,125,T-302
HIST-03303,TASK-03346,2025-06-21T23:38:00,2025-06-22T01:34:00,Routine PM: Quarterly Point Machine Overhaul & Lubrication.,COMPLETED,116,T-302
HIST-03304,TASK-03347,2025-09-20T00:11:00,2025-09-20T02:10:00,Routine PM: Quarterly Point Machine Overhaul & Lubrication.,COMPLETED,119,T-301 (OHE Gang)
HIST-03305,TASK-03348,2025-12-19T00:09:00,2025-12-19T02:10:00,Routine PM: Quarterly Point Machine Overhaul & Lubrication.,COMPLETED,121,T-201 (Signal Staff)
HIST-03306,TASK-03349,2026-03-18T23:52:00,2026-03-19T01:55:00,Routine PM: Quarterly Point Machine Overhaul & Lubrication.,COMPLETED,123,T-302
HIST-03307,TASK-03350,2026-06-17T00:27:00,2026-06-17T02:28:00,Routine PM: Quarterly Point Machine Overhaul & Lubrication.,COMPLETED,121,T-202
HIST-03320,TASK-03363,2023-09-28T23:36:00,2023-09-29T01:35:00,Routine PM: Quarterly Point Machine Overhaul & Lubrication.,COMPLETED,119,T-102
HIST-03321,TASK-03364,2023-12-27T23:57:00,2023-12-28T02:01:00,Routine PM: Quarterly Point Machine Overhaul & Lubrication.,COMPLETED,124,T-202
HIST-03322,TASK-03365,2024-03-27T00:09:00,2024-03-27T02:05:00,Routine PM: Quarterly Point Machine Overhaul & Lubrication.,COMPLETED,116,T-201 (Signal Staff)
HIST-03323,TASK-03366,2024-06-25T00:01:00,2024-06-25T01:58:00,Routine PM: Quarterly Point Machine Overhaul & Lubrication.,COMPLETED,117,T-201 (Signal Staff)
HIST-03324,TASK-03367,2024-09-22T23:36:00,2024-09-23T01:40:00,Routine PM: Quarterly Point Machine Overhaul & Lubrication.,COMPLETED,124,T-201 (Signal Staff)
HIST-03325,TASK-03368,2024-12-21T23:49:00,2024-12-22T01:47:00,Routine PM: Quarterly Point Machine Overhaul & Lubrication.,COMPLETED,118,T-302
HIST-03326,TASK-03369,2025-03-21T23:52:00,2025-03-22T01:52:00,Routine PM: Quarterly Point Machine Overhaul & Lubrication.,COMPLETED,120,T-302
HIST-03327,TASK-03370,2025-06-20T00:09:00,2025-06-20T02:14:00,Routine PM: Quarterly Point Machine Overhaul & Lubrication.,COMPLETED,125,T-102
HIST-03328,TASK-03371,2025-09-18T00:29:00,2025-09-18T02:27:00,Routine PM: Quarterly Point Machine Overhaul & Lubrication.,COMPLETED,118,T-201 (Signal Staff)
HIST-03329,TASK-03372,2025-12-16T23:34:00,2025-12-17T01:34:00,Routine PM: Quarterly Point Machine Overhaul & Lubrication.,COMPLETED,120,T-201 (Signal Staff)
HIST-03330,TASK-03373,2026-03-17T00:08:00,2026-03-17T02:13:00,Routine PM: Quarterly Point Machine Overhaul & Lubrication.,COMPLETED,125,T-301 (OHE Gang)
HIST-03331,TASK-03374,2026-06-15T00:24:00,2026-06-15T02:25:00,Routine PM: Quarterly Point Machine Overhaul & Lubrication.,COMPLETED,121,T-202
HIST-03338,TASK-03381,2023-09-22T00:19:00,2023-09-22T02:19:00,Routine PM: Quarterly Point Machine Overhaul & Lubrication.,COMPLETED,120,T-202
HIST-03339,TASK-03382,2023-12-20T23:57:00,2023-12-21T02:01:00,Routine PM: Quarterly Point Machine Overhaul & Lubrication.,COMPLETED,124,T-102
HIST-03340,TASK-03383,2024-03-19T23:57:00,2024-03-20T01:56:00,Routine PM: Quarterly Point Machine Overhaul & Lubrication.,COMPLETED,119,T-301 (OHE Gang)
HIST-03341,TASK-03384,2024-06-18T00:27:00,2024-06-18T02:28:00,Routine PM: Quarterly Point Machine Overhaul & Lubrication.,COMPLETED,121,T-302
HIST-03342,TASK-03385,2024-09-16T00:01:00,2024-09-16T02:00:00,Routine PM: Quarterly Point Machine Overhaul & Lubrication.,COMPLETED,119,T-101 (Engineering Gang)
HIST-03343,TASK-03386,2024-12-14T23:50:00,2024-12-15T01:45:00,Routine PM: Quarterly Point Machine Overhaul & Lubrication.,COMPLETED,115,T-102
HIST-03344,TASK-03387,2025-03-15T00:25:00,2025-03-15T02:23:00,Routine PM: Quarterly Point Machine Overhaul & Lubrication.,COMPLETED,118,T-101 (Engineering Gang)
HIST-03345,TASK-03388,2025-06-12T23:55:00,2025-06-13T01:54:00,Routine PM: Quarterly Point Machine Overhaul & Lubrication.,COMPLETED,119,T-302
HIST-03346,TASK-03389,2025-09-11T00:19:00,2025-09-11T02:19:00,Routine PM: Quarterly Point Machine Overhaul & Lubrication.,COMPLETED,120,T-301 (OHE Gang)
HIST-03347,TASK-03390,2025-12-10T00:25:00,2025-12-10T02:23:00,Routine PM: Quarterly Point Machine Overhaul & Lubrication.,COMPLETED,118,T-101 (Engineering Gang)
HIST-03348,TASK-03391,2026-03-09T23:53:00,2026-03-10T01:54:00,Routine PM: Quarterly Point Machine Overhaul & Lubrication.,COMPLETED,121,T-101 (Engineering Gang)
HIST-03349,TASK-03392,2026-06-07T23:50:00,2026-06-08T01:51:00,Routine PM: Quarterly Point Machine Overhaul & Lubrication.,COMPLETED,121,T-301 (OHE Gang)
HIST-03359,TASK-03402,2023-09-21T23:36:00,2023-09-22T01:35:00,Routine PM: Quarterly Point Machine Overhaul & Lubrication.,COMPLETED,119,T-102
HIST-03360,TASK-03403,2023-12-20T23:51:00,2023-12-21T01:45:00,Routine PM: Quarterly Point Machine Overhaul & Lubrication.,COMPLETED,114,T-302
HIST-03361,TASK-03404,2024-03-20T00:10:00,2024-03-20T02:05:00,Routine PM: Quarterly Point Machine Overhaul & Lubrication.,COMPLETED,115,T-302
HIST-03362,TASK-03405,2024-06-18T00:09:00,2024-06-18T02:04:00,Routine PM: Quarterly Point Machine Overhaul & Lubrication.,COMPLETED,115,T-301 (OHE Gang)
HIST-03363,TASK-03406,2024-09-15T23:41:00,2024-09-16T01:36:00,Routine PM: Quarterly Point Machine Overhaul & Lubrication.,COMPLETED,115,T-201 (Signal Staff)
HIST-03364,TASK-03407,2024-12-15T00:05:00,2024-12-15T01:59:00,Routine PM: Quarterly Point Machine Overhaul & Lubrication.,COMPLETED,114,T-202
HIST-03365,TASK-03408,2025-03-15T00:22:00,2025-03-15T02:24:00,Routine PM: Quarterly Point Machine Overhaul & Lubrication.,COMPLETED,122,T-301 (OHE Gang)
HIST-03366,TASK-03409,2025-06-12T23:46:00,2025-06-13T01:48:00,Routine PM: Quarterly Point Machine Overhaul & Lubrication.,COMPLETED,122,T-102
HIST-03367,TASK-03410,2025-09-11T00:26:00,2025-09-11T02:30:00,Routine PM: Quarterly Point Machine Overhaul & Lubrication.,COMPLETED,124,T-102
HIST-03368,TASK-03411,2025-12-09T23:54:00,2025-12-10T01:50:00,Routine PM: Quarterly Point Machine Overhaul & Lubrication.,COMPLETED,116,T-302
HIST-03369,TASK-03412,2026-03-09T23:36:00,2026-03-10T01:40:00,Routine PM: Quarterly Point Machine Overhaul & Lubrication.,COMPLETED,124,T-301 (OHE Gang)
HIST-03370,TASK-03413,2026-06-08T00:02:00,2026-06-08T02:01:00,Routine PM: Quarterly Point Machine Overhaul & Lubrication.,COMPLETED,119,T-202
HIST-03377,TASK-03420,2023-09-13T23:51:00,2023-09-14T01:51:00,Routine PM: Quarterly Point Machine Overhaul & Lubrication.,COMPLETED,120,T-302
HIST-03378,TASK-03421,2023-12-12T23:48:00,2023-12-13T01:48:00,Routine PM: Quarterly Point Machine Overhaul & Lubrication.,COMPLETED,120,T-302
HIST-03379,TASK-03422,2024-03-12T00:23:00,2024-03-12T02:24:00,Routine PM: Quarterly Point Machine Overhaul & Lubrication.,COMPLETED,121,T-202
HIST-03380,TASK-03423,2024-06-10T00:23:00,2024-06-10T02:26:00,Routine PM: Quarterly Point Machine Overhaul & Lubrication.,COMPLETED,123,T-102
HIST-03381,TASK-03424,2024-09-08T00:07:00,2024-09-08T02:05:00,Routine PM: Quarterly Point Machine Overhaul & Lubrication.,COMPLETED,118,T-301 (OHE Gang)
HIST-03382,TASK-03425,2024-12-07T00:29:00,2024-12-07T02:32:00,Routine PM: Quarterly Point Machine Overhaul & Lubrication.,COMPLETED,123,T-302
HIST-03383,TASK-03426,2025-03-07T00:08:00,2025-03-07T02:10:00,Routine PM: Quarterly Point Machine Overhaul & Lubrication.,COMPLETED,122,T-201 (Signal Staff)
HIST-03384,TASK-03427,2025-06-04T23:38:00,2025-06-05T01:38:00,Routine PM: Quarterly Point Machine Overhaul & Lubrication.,COMPLETED,120,T-102
HIST-03385,TASK-03428,2025-09-03T00:11:00,2025-09-03T02:13:00,Routine PM: Quarterly Point Machine Overhaul & Lubrication.,COMPLETED,122,T-101 (Engineering Gang)
HIST-03386,TASK-03429,2025-12-01T23:38:00,2025-12-02T01:43:00,Routine PM: Quarterly Point Machine Overhaul & Lubrication.,COMPLETED,125,T-202
HIST-03387,TASK-03430,2026-03-02T00:14:00,2026-03-02T02:08:00,Routine PM: Quarterly Point Machine Overhaul & Lubrication.,COMPLETED,114,T-202
HIST-03388,TASK-03431,2026-05-30T23:35:00,2026-05-31T01:34:00,Routine PM: Quarterly Point Machine Overhaul & Lubrication.,COMPLETED,119,T-301 (OHE Gang)
HIST-03395,TASK-03438,2023-09-26T00:08:00,2023-09-26T02:11:00,Routine PM: Quarterly Point Machine Overhaul & Lubrication.,COMPLETED,123,T-302
HIST-03396,TASK-03439,2023-12-25T00:24:00,2023-12-25T02:19:00,Routine PM: Quarterly Point Machine Overhaul & Lubrication.,COMPLETED,115,T-302
HIST-03397,TASK-03440,2024-03-23T23:58:00,2024-03-24T02:02:00,Routine PM: Quarterly Point Machine Overhaul & Lubrication.,COMPLETED,124,T-301 (OHE Gang)
HIST-03398,TASK-03441,2024-06-21T23:33:00,2024-06-22T01:27:00,Routine PM: Quarterly Point Machine Overhaul & Lubrication.,COMPLETED,114,T-302
HIST-03399,TASK-03442,2024-09-19T23:53:00,2024-09-20T01:54:00,Routine PM: Quarterly Point Machine Overhaul & Lubrication.,COMPLETED,121,T-301 (OHE Gang)
HIST-03400,TASK-03443,2024-12-19T00:19:00,2024-12-19T02:19:00,Routine PM: Quarterly Point Machine Overhaul & Lubrication.,COMPLETED,120,T-301 (OHE Gang)
HIST-03401,TASK-03444,2025-03-19T00:28:00,2025-03-19T02:30:00,Routine PM: Quarterly Point Machine Overhaul & Lubrication.,COMPLETED,122,T-301 (OHE Gang)
HIST-03402,TASK-03445,2025-06-16T23:52:00,2025-06-17T01:53:00,Routine PM: Quarterly Point Machine Overhaul & Lubrication.,COMPLETED,121,T-301 (OHE Gang)
HIST-03403,TASK-03446,2025-09-14T23:40:00,2025-09-15T01:35:00,Routine PM: Quarterly Point Machine Overhaul & Lubrication.,COMPLETED,115,T-302
HIST-03404,TASK-03447,2025-12-13T23:49:00,2025-12-14T01:44:00,Routine PM: Quarterly Point Machine Overhaul & Lubrication.,COMPLETED,115,T-302
HIST-03405,TASK-03448,2026-03-14T00:02:00,2026-03-14T02:06:00,Routine PM: Quarterly Point Machine Overhaul & Lubrication.,COMPLETED,124,T-101 (Engineering Gang)
HIST-03406,TASK-03449,2026-06-12T00:26:00,2026-06-12T02:26:00,Routine PM: Quarterly Point Machine Overhaul & Lubrication.,COMPLETED,120,T-202
HIST-03419,TASK-03462,2023-09-12T00:18:00,2023-09-12T02:16:00,Routine PM: Quarterly Point Machine Overhaul & Lubrication.,COMPLETED,118,T-101 (Engineering Gang)
HIST-03420,TASK-03463,2023-12-10T23:40:00,2023-12-11T01:43:00,Routine PM: Quarterly Point Machine Overhaul & Lubrication.,COMPLETED,123,T-301 (OHE Gang)
HIST-03421,TASK-03464,2024-03-10T00:20:00,2024-03-10T02:24:00,Routine PM: Quarterly Point Machine Overhaul & Lubrication.,COMPLETED,124,T-201 (Signal Staff)
HIST-03422,TASK-03465,2024-06-07T23:54:00,2024-06-08T01:58:00,Routine PM: Quarterly Point Machine Overhaul & Lubrication.,COMPLETED,124,T-301 (OHE Gang)
HIST-03423,TASK-03466,2024-09-06T00:19:00,2024-09-06T02:22:00,Routine PM: Quarterly Point Machine Overhaul & Lubrication.,COMPLETED,123,T-202
HIST-03424,TASK-03467,2024-12-05T00:23:00,2024-12-05T02:21:00,Routine PM: Quarterly Point Machine Overhaul & Lubrication.,COMPLETED,118,T-201 (Signal Staff)
HIST-03425,TASK-03468,2025-03-05T00:01:00,2025-03-05T02:00:00,Routine PM: Quarterly Point Machine Overhaul & Lubrication.,COMPLETED,119,T-101 (Engineering Gang)
HIST-03426,TASK-03469,2025-06-03T00:14:00,2025-06-03T02:12:00,Routine PM: Quarterly Point Machine Overhaul & Lubrication.,COMPLETED,118,T-202
HIST-03427,TASK-03470,2025-09-01T00:24:00,2025-09-01T02:19:00,Routine PM: Quarterly Point Machine Overhaul & Lubrication.,COMPLETED,115,T-201 (Signal Staff)
HIST-03428,TASK-03471,2025-11-29T23:56:00,2025-11-30T01:57:00,Routine PM: Quarterly Point Machine Overhaul & Lubrication.,COMPLETED,121,T-302
HIST-03429,TASK-03472,2026-02-27T23:37:00,2026-02-28T01:40:00,Routine PM: Quarterly Point Machine Overhaul & Lubrication.,COMPLETED,123,T-102
HIST-03430,TASK-03473,2026-05-29T00:06:00,2026-05-29T02:08:00,Routine PM: Quarterly Point Machine Overhaul & Lubrication.,COMPLETED,122,T-301 (OHE Gang)
HIST-03437,TASK-03480,2023-10-01T00:07:00,2023-10-01T02:09:00,Routine PM: Quarterly Point Machine Overhaul & Lubrication.,COMPLETED,122,T-102
HIST-03438,TASK-03481,2023-12-30T00:07:00,2023-12-30T02:02:00,Routine PM: Quarterly Point Machine Overhaul & Lubrication.,COMPLETED,115,T-102
HIST-03439,TASK-03482,2024-03-28T23:43:00,2024-03-29T01:45:00,Routine PM: Quarterly Point Machine Overhaul & Lubrication.,COMPLETED,122,T-202
HIST-03440,TASK-03483,2024-06-26T23:46:00,2024-06-27T01:50:00,Routine PM: Quarterly Point Machine Overhaul & Lubrication.,COMPLETED,124,T-202
HIST-03441,TASK-03484,2024-09-24T23:52:00,2024-09-25T01:57:00,Routine PM: Quarterly Point Machine Overhaul & Lubrication.,COMPLETED,125,T-302
HIST-03442,TASK-03485,2024-12-23T23:57:00,2024-12-24T01:53:00,Routine PM: Quarterly Point Machine Overhaul & Lubrication.,COMPLETED,116,T-102
HIST-03443,TASK-03486,2025-03-23T23:52:00,2025-03-24T01:52:00,Routine PM: Quarterly Point Machine Overhaul & Lubrication.,COMPLETED,120,T-202
HIST-03444,TASK-03487,2025-06-22T00:14:00,2025-06-22T02:16:00,Routine PM: Quarterly Point Machine Overhaul & Lubrication.,COMPLETED,122,T-202
HIST-03445,TASK-03488,2025-09-20T00:14:00,2025-09-20T02:09:00,Routine PM: Quarterly Point Machine Overhaul & Lubrication.,COMPLETED,115,T-302
HIST-03446,TASK-03489,2025-12-19T00:04:00,2025-12-19T02:06:00,Routine PM: Quarterly Point Machine Overhaul & Lubrication.,COMPLETED,122,T-302
HIST-03447,TASK-03490,2026-03-19T00:03:00,2026-03-19T02:02:00,Routine PM: Quarterly Point Machine Overhaul & Lubrication.,COMPLETED,119,T-101 (Engineering Gang)
HIST-03448,TASK-03491,2026-06-16T23:37:00,2026-06-17T01:37:00,Routine PM: Quarterly Point Machine Overhaul & Lubrication.,COMPLETED,120,T-101 (Engineering Gang)
HIST-03452,TASK-03495,2023-09-26T00:26:00,2023-09-26T02:28:00,Routine PM: Quarterly Point Machine Overhaul & Lubrication.,COMPLETED,122,T-201 (Signal Staff)
HIST-03453,TASK-03496,2023-12-24T23:43:00,2023-12-25T01:39:00,Routine PM: Quarterly Point Machine Overhaul & Lubrication.,COMPLETED,116,T-301 (OHE Gang)
HIST-03454,TASK-03497,2024-03-23T23:45:00,2024-03-24T01:40:00,Routine PM: Quarterly Point Machine Overhaul & Lubrication.,COMPLETED,115,T-101 (Engineering Gang)
HIST-03455,TASK-03498,2024-06-22T00:10:00,2024-06-22T02:14:00,Routine PM: Quarterly Point Machine Overhaul & Lubrication.,COMPLETED,124,T-101 (Engineering Gang)
HIST-03456,TASK-03499,2024-09-20T00:12:00,2024-09-20T02:11:00,Routine PM: Quarterly Point Machine Overhaul & Lubrication.,COMPLETED,119,T-101 (Engineering Gang)
HIST-03457,TASK-03500,2024-12-18T23:39:00,2024-12-19T01:38:00,Routine PM: Quarterly Point Machine Overhaul & Lubrication.,COMPLETED,119,T-102
HIST-03458,TASK-03501,2025-03-19T00:19:00,2025-03-19T02:20:00,Routine PM: Quarterly Point Machine Overhaul & Lubrication.,COMPLETED,121,T-201 (Signal Staff)
HIST-03459,TASK-03502,2025-06-16T23:45:00,2025-06-17T01:47:00,Routine PM: Quarterly Point Machine Overhaul & Lubrication.,COMPLETED,122,T-102
HIST-03460,TASK-03503,2025-09-15T00:18:00,2025-09-15T02:21:00,Routine PM: Quarterly Point Machine Overhaul & Lubrication.,COMPLETED,123,T-302
HIST-03461,TASK-03504,2025-12-13T23:32:00,2025-12-14T01:36:00,Routine PM: Quarterly Point Machine Overhaul & Lubrication.,COMPLETED,124,T-302
HIST-03462,TASK-03505,2026-03-13T23:34:00,2026-03-14T01:30:00,Routine PM: Quarterly Point Machine Overhaul & Lubrication.,COMPLETED,116,T-201 (Signal Staff)
HIST-03463,TASK-03506,2026-06-11T23:41:00,2026-06-12T01:43:00,Routine PM: Quarterly Point Machine Overhaul & Lubrication.,COMPLETED,122,T-202
HIST-03467,TASK-03510,2023-08-30T00:08:00,2023-08-30T02:07:00,Routine PM: Quarterly Point Machine Overhaul & Lubrication.,COMPLETED,119,T-202
HIST-03468,TASK-03511,2023-11-27T23:36:00,2023-11-28T01:34:00,Routine PM: Quarterly Point Machine Overhaul & Lubrication.,COMPLETED,118,T-301 (OHE Gang)
HIST-03469,TASK-03512,2024-02-26T00:07:00,2024-02-26T02:05:00,Routine PM: Quarterly Point Machine Overhaul & Lubrication.,COMPLETED,118,T-101 (Engineering Gang)
HIST-03470,TASK-03513,2024-05-26T00:21:00,2024-05-26T02:24:00,Routine PM: Quarterly Point Machine Overhaul & Lubrication.,COMPLETED,123,T-301 (OHE Gang)
HIST-03471,TASK-03514,2024-08-23T23:39:00,2024-08-24T01:41:00,Routine PM: Quarterly Point Machine Overhaul & Lubrication.,COMPLETED,122,T-301 (OHE Gang)
HIST-03472,TASK-03515,2024-11-22T00:09:00,2024-11-22T02:10:00,Routine PM: Quarterly Point Machine Overhaul & Lubrication.,COMPLETED,121,T-101 (Engineering Gang)
HIST-03473,TASK-03516,2025-02-20T00:15:00,2025-02-20T02:18:00,Routine PM: Quarterly Point Machine Overhaul & Lubrication.,COMPLETED,123,T-302
HIST-03474,TASK-03517,2025-05-20T23:41:00,2025-05-21T01:41:00,Routine PM: Quarterly Point Machine Overhaul & Lubrication.,COMPLETED,120,T-201 (Signal Staff)
HIST-03475,TASK-03518,2025-08-18T23:38:00,2025-08-19T01:35:00,Routine PM: Quarterly Point Machine Overhaul & Lubrication.,COMPLETED,117,T-101 (Engineering Gang)
HIST-03476,TASK-03519,2025-11-17T00:01:00,2025-11-17T01:55:00,Routine PM: Quarterly Point Machine Overhaul & Lubrication.,COMPLETED,114,T-101 (Engineering Gang)
HIST-03477,TASK-03520,2026-02-15T00:04:00,2026-02-15T02:07:00,Routine PM: Quarterly Point Machine Overhaul & Lubrication.,COMPLETED,123,T-302
HIST-03478,TASK-03521,2026-05-16T00:23:00,2026-05-16T02:28:00,Routine PM: Quarterly Point Machine Overhaul & Lubrication.,COMPLETED,125,T-201 (Signal Staff)
HIST-03479,TASK-03522,2023-08-27T23:45:00,2023-08-28T01:44:00,Routine PM: Quarterly Point Machine Overhaul & Lubrication.,COMPLETED,119,T-302
HIST-03480,TASK-03523,2023-11-25T23:47:00,2023-11-26T01:43:00,Routine PM: Quarterly Point Machine Overhaul & Lubrication.,COMPLETED,116,T-101 (Engineering Gang)
HIST-03481,TASK-03524,2024-02-23T23:44:00,2024-02-24T01:49:00,Routine PM: Quarterly Point Machine Overhaul & Lubrication.,COMPLETED,125,T-101 (Engineering Gang)
HIST-03482,TASK-03525,2024-05-24T00:23:00,2024-05-24T02:21:00,Routine PM: Quarterly Point Machine Overhaul & Lubrication.,COMPLETED,118,T-302
HIST-03483,TASK-03526,2024-08-22T00:00:00,2024-08-22T02:00:00,Routine PM: Quarterly Point Machine Overhaul & Lubrication.,COMPLETED,120,T-301 (OHE Gang)
HIST-03484,TASK-03527,2024-11-20T00:15:00,2024-11-20T02:18:00,Routine PM: Quarterly Point Machine Overhaul & Lubrication.,COMPLETED,123,T-101 (Engineering Gang)
HIST-03485,TASK-03528,2025-02-18T00:01:00,2025-02-18T01:57:00,Routine PM: Quarterly Point Machine Overhaul & Lubrication.,COMPLETED,116,T-201 (Signal Staff)
HIST-03486,TASK-03529,2025-05-19T00:28:00,2025-05-19T02:26:00,Routine PM: Quarterly Point Machine Overhaul & Lubrication.,COMPLETED,118,T-101 (Engineering Gang)
HIST-03487,TASK-03530,2025-08-16T23:44:00,2025-08-17T01:42:00,Routine PM: Quarterly Point Machine Overhaul & Lubrication.,COMPLETED,118,T-201 (Signal Staff)
HIST-03488,TASK-03531,2025-11-15T00:18:00,2025-11-15T02:13:00,Routine PM: Quarterly Point Machine Overhaul & Lubrication.,COMPLETED,115,T-101 (Engineering Gang)
HIST-03489,TASK-03532,2026-02-13T00:10:00,2026-02-13T02:14:00,Routine PM: Quarterly Point Machine Overhaul & Lubrication.,COMPLETED,124,T-201 (Signal Staff)
HIST-03490,TASK-03533,2026-05-14T00:09:00,2026-05-14T02:14:00,Routine PM: Quarterly Point Machine Overhaul & Lubrication.,COMPLETED,125,T-302
HIST-03491,TASK-03534,2023-10-17T00:09:00,2023-10-17T02:08:00,Routine PM: Quarterly Point Machine Overhaul & Lubrication.,COMPLETED,119,T-301 (OHE Gang)
HIST-03492,TASK-03535,2024-01-14T23:48:00,2024-01-15T01:46:00,Routine PM: Quarterly Point Machine Overhaul & Lubrication.,COMPLETED,118,T-101 (Engineering Gang)
HIST-03493,TASK-03536,2024-04-13T23:35:00,2024-04-14T01:33:00,Routine PM: Quarterly Point Machine Overhaul & Lubrication.,COMPLETED,118,T-102
HIST-03494,TASK-03537,2024-07-12T23:30:00,2024-07-13T01:31:00,Routine PM: Quarterly Point Machine Overhaul & Lubrication.,COMPLETED,121,T-102
HIST-03495,TASK-03538,2024-10-10T23:40:00,2024-10-11T01:34:00,Routine PM: Quarterly Point Machine Overhaul & Lubrication.,COMPLETED,114,T-201 (Signal Staff)
HIST-03496,TASK-03539,2025-01-09T00:30:00,2025-01-09T02:25:00,Routine PM: Quarterly Point Machine Overhaul & Lubrication.,COMPLETED,115,T-201 (Signal Staff)
HIST-03497,TASK-03540,2025-04-08T23:47:00,2025-04-09T01:41:00,Routine PM: Quarterly Point Machine Overhaul & Lubrication.,COMPLETED,114,T-302
HIST-03498,TASK-03541,2025-07-07T23:54:00,2025-07-08T01:53:00,Routine PM: Quarterly Point Machine Overhaul & Lubrication.,COMPLETED,119,T-302
HIST-03499,TASK-03542,2025-10-06T00:10:00,2025-10-06T02:11:00,Routine PM: Quarterly Point Machine Overhaul & Lubrication.,COMPLETED,121,T-302
HIST-03500,TASK-03543,2026-01-04T00:22:00,2026-01-04T02:18:00,Routine PM: Quarterly Point Machine Overhaul & Lubrication.,COMPLETED,116,T-201 (Signal Staff)
HIST-03501,TASK-03544,2026-04-04T00:23:00,2026-04-04T02:23:00,Routine PM: Quarterly Point Machine Overhaul & Lubrication.,COMPLETED,120,T-101 (Engineering Gang)
HIST-03502,TASK-03545,2026-07-03T00:18:00,2026-07-03T02:20:00,Routine PM: Quarterly Point Machine Overhaul & Lubrication.,COMPLETED,122,T-302
HIST-03506,TASK-03549,2023-10-28T23:50:00,2023-10-29T01:44:00,Routine PM: Quarterly Point Machine Overhaul & Lubrication.,COMPLETED,114,T-201 (Signal Staff)
HIST-03507,TASK-03550,2024-01-27T00:22:00,2024-01-27T02:22:00,Routine PM: Quarterly Point Machine Overhaul & Lubrication.,COMPLETED,120,T-202
HIST-03508,TASK-03551,2024-04-25T23:48:00,2024-04-26T01:48:00,Routine PM: Quarterly Point Machine Overhaul & Lubrication.,COMPLETED,120,T-202
HIST-03509,TASK-03552,2024-07-25T00:29:00,2024-07-25T02:30:00,Routine PM: Quarterly Point Machine Overhaul & Lubrication.,COMPLETED,121,T-301 (OHE Gang)
HIST-03510,TASK-03553,2024-10-22T23:47:00,2024-10-23T01:49:00,Routine PM: Quarterly Point Machine Overhaul & Lubrication.,COMPLETED,122,T-302
HIST-03511,TASK-03554,2025-01-21T00:07:00,2025-01-21T02:04:00,Routine PM: Quarterly Point Machine Overhaul & Lubrication.,COMPLETED,117,T-202
HIST-03512,TASK-03555,2025-04-20T23:58:00,2025-04-21T01:53:00,Routine PM: Quarterly Point Machine Overhaul & Lubrication.,COMPLETED,115,T-301 (OHE Gang)
HIST-03513,TASK-03556,2025-07-19T23:59:00,2025-07-20T02:03:00,Routine PM: Quarterly Point Machine Overhaul & Lubrication.,COMPLETED,124,T-302
HIST-03514,TASK-03557,2025-10-18T00:27:00,2025-10-18T02:30:00,Routine PM: Quarterly Point Machine Overhaul & Lubrication.,COMPLETED,123,T-301 (OHE Gang)
HIST-03515,TASK-03558,2026-01-16T00:01:00,2026-01-16T01:58:00,Routine PM: Quarterly Point Machine Overhaul & Lubrication.,COMPLETED,117,T-301 (OHE Gang)
HIST-03516,TASK-03559,2026-04-15T23:38:00,2026-04-16T01:40:00,Routine PM: Quarterly Point Machine Overhaul & Lubrication.,COMPLETED,122,T-102
HIST-03517,TASK-03560,2026-07-15T00:23:00,2026-07-15T02:21:00,Routine PM: Quarterly Point Machine Overhaul & Lubrication.,COMPLETED,118,T-201 (Signal Staff)
HIST-03518,TASK-03561,2023-10-26T23:46:00,2023-10-27T01:47:00,Routine PM: Quarterly Point Machine Overhaul & Lubrication.,COMPLETED,121,T-301 (OHE Gang)
HIST-03519,TASK-03562,2024-01-25T00:22:00,2024-01-25T02:20:00,Routine PM: Quarterly Point Machine Overhaul & Lubrication.,COMPLETED,118,T-101 (Engineering Gang)
HIST-03520,TASK-03563,2024-04-24T00:25:00,2024-04-24T02:22:00,Routine PM: Quarterly Point Machine Overhaul & Lubrication.,COMPLETED,117,T-301 (OHE Gang)
HIST-03521,TASK-03564,2024-07-22T23:49:00,2024-07-23T01:48:00,Routine PM: Quarterly Point Machine Overhaul & Lubrication.,COMPLETED,119,T-301 (OHE Gang)
HIST-03522,TASK-03565,2024-10-21T00:01:00,2024-10-21T01:58:00,Routine PM: Quarterly Point Machine Overhaul & Lubrication.,COMPLETED,117,T-101 (Engineering Gang)
HIST-03523,TASK-03566,2025-01-19T00:21:00,2025-01-19T02:18:00,Routine PM: Quarterly Point Machine Overhaul & Lubrication.,COMPLETED,117,T-301 (OHE Gang)
HIST-03524,TASK-03567,2025-04-18T23:40:00,2025-04-19T01:37:00,Routine PM: Quarterly Point Machine Overhaul & Lubrication.,COMPLETED,117,T-302
HIST-03525,TASK-03568,2025-07-18T00:26:00,2025-07-18T02:26:00,Routine PM: Quarterly Point Machine Overhaul & Lubrication.,COMPLETED,120,T-202
HIST-03526,TASK-03569,2025-10-16T00:04:00,2025-10-16T02:05:00,Routine PM: Quarterly Point Machine Overhaul & Lubrication.,COMPLETED,121,T-102
HIST-03527,TASK-03570,2026-01-13T23:49:00,2026-01-14T01:47:00,Routine PM: Quarterly Point Machine Overhaul & Lubrication.,COMPLETED,118,T-101 (Engineering Gang)
HIST-03528,TASK-03571,2026-04-14T00:26:00,2026-04-14T02:26:00,Routine PM: Quarterly Point Machine Overhaul & Lubrication.,COMPLETED,120,T-201 (Signal Staff)
HIST-03529,TASK-03572,2026-07-13T00:27:00,2026-07-13T02:21:00,Routine PM: Quarterly Point Machine Overhaul & Lubrication.,COMPLETED,114,T-201 (Signal Staff)
HIST-03536,TASK-03579,2023-09-01T00:17:00,2023-09-01T02:20:00,Routine PM: Quarterly Point Machine Overhaul & Lubrication.,COMPLETED,123,T-102
HIST-03537,TASK-03580,2023-11-30T00:17:00,2023-11-30T02:12:00,Routine PM: Quarterly Point Machine Overhaul & Lubrication.,COMPLETED,115,T-301 (OHE Gang)
HIST-03538,TASK-03581,2024-02-27T23:46:00,2024-02-28T01:50:00,Routine PM: Quarterly Point Machine Overhaul & Lubrication.,COMPLETED,124,T-201 (Signal Staff)
HIST-03539,TASK-03582,2024-05-27T23:46:00,2024-05-28T01:41:00,Routine PM: Quarterly Point Machine Overhaul & Lubrication.,COMPLETED,115,T-301 (OHE Gang)
HIST-03540,TASK-03583,2024-08-26T00:18:00,2024-08-26T02:23:00,Routine PM: Quarterly Point Machine Overhaul & Lubrication.,COMPLETED,125,T-101 (Engineering Gang)
HIST-03541,TASK-03584,2024-11-24T00:15:00,2024-11-24T02:11:00,Routine PM: Quarterly Point Machine Overhaul & Lubrication.,COMPLETED,116,T-202
HIST-03542,TASK-03585,2025-02-22T00:13:00,2025-02-22T02:09:00,Routine PM: Quarterly Point Machine Overhaul & Lubrication.,COMPLETED,116,T-101 (Engineering Gang)
HIST-03543,TASK-03586,2025-05-22T23:41:00,2025-05-23T01:38:00,Routine PM: Quarterly Point Machine Overhaul & Lubrication.,COMPLETED,117,T-201 (Signal Staff)
HIST-03544,TASK-03587,2025-08-20T23:41:00,2025-08-21T01:37:00,Routine PM: Quarterly Point Machine Overhaul & Lubrication.,COMPLETED,116,T-102
HIST-03545,TASK-03588,2025-11-19T00:28:00,2025-11-19T02:23:00,Routine PM: Quarterly Point Machine Overhaul & Lubrication.,COMPLETED,115,T-102
HIST-03546,TASK-03589,2026-02-16T23:49:00,2026-02-17T01:53:00,Routine PM: Quarterly Point Machine Overhaul & Lubrication.,COMPLETED,124,T-202
HIST-03547,TASK-03590,2026-05-18T00:00:00,2026-05-18T01:58:00,Routine PM: Quarterly Point Machine Overhaul & Lubrication.,COMPLETED,118,T-102
HIST-03551,TASK-03594,2023-10-26T00:27:00,2023-10-26T02:26:00,Routine PM: Quarterly Point Machine Overhaul & Lubrication.,COMPLETED,119,T-102
HIST-03552,TASK-03595,2024-01-23T23:43:00,2024-01-24T01:39:00,Routine PM: Quarterly Point Machine Overhaul & Lubrication.,COMPLETED,116,T-301 (OHE Gang)
HIST-03553,TASK-03596,2024-04-22T23:40:00,2024-04-23T01:35:00,Routine PM: Quarterly Point Machine Overhaul & Lubrication.,COMPLETED,115,T-101 (Engineering Gang)
HIST-03554,TASK-03597,2024-07-22T00:03:00,2024-07-22T02:01:00,Routine PM: Quarterly Point Machine Overhaul & Lubrication.,COMPLETED,118,T-202
HIST-03555,TASK-03598,2024-10-19T23:42:00,2024-10-20T01:47:00,Routine PM: Quarterly Point Machine Overhaul & Lubrication.,COMPLETED,125,T-102
HIST-03556,TASK-03599,2025-01-17T23:53:00,2025-01-18T01:51:00,Routine PM: Quarterly Point Machine Overhaul & Lubrication.,COMPLETED,118,T-202
HIST-03557,TASK-03600,2025-04-18T00:27:00,2025-04-18T02:30:00,Routine PM: Quarterly Point Machine Overhaul & Lubrication.,COMPLETED,123,T-201 (Signal Staff)
HIST-03558,TASK-03601,2025-07-16T23:56:00,2025-07-17T02:01:00,Routine PM: Quarterly Point Machine Overhaul & Lubrication.,COMPLETED,125,T-201 (Signal Staff)
HIST-03559,TASK-03602,2025-10-15T00:30:00,2025-10-15T02:25:00,Routine PM: Quarterly Point Machine Overhaul & Lubrication.,COMPLETED,115,T-202
HIST-03560,TASK-03603,2026-01-12T23:47:00,2026-01-13T01:50:00,Routine PM: Quarterly Point Machine Overhaul & Lubrication.,COMPLETED,123,T-301 (OHE Gang)
HIST-03561,TASK-03604,2026-04-13T00:26:00,2026-04-13T02:21:00,Routine PM: Quarterly Point Machine Overhaul & Lubrication.,COMPLETED,115,T-101 (Engineering Gang)
HIST-03562,TASK-03605,2026-07-12T00:05:00,2026-07-12T02:05:00,Routine PM: Quarterly Point Machine Overhaul & Lubrication.,COMPLETED,120,T-202
HIST-03581,TASK-03624,2023-08-26T00:13:00,2023-08-26T02:15:00,Routine PM: Quarterly Point Machine Overhaul & Lubrication.,COMPLETED,122,T-102
HIST-03582,TASK-03625,2023-11-23T23:44:00,2023-11-24T01:39:00,Routine PM: Quarterly Point Machine Overhaul & Lubrication.,COMPLETED,115,T-201 (Signal Staff)
HIST-03583,TASK-03626,2024-02-21T23:44:00,2024-02-22T01:39:00,Routine PM: Quarterly Point Machine Overhaul & Lubrication.,COMPLETED,115,T-302
HIST-03584,TASK-03627,2024-05-21T23:44:00,2024-05-22T01:38:00,Routine PM: Quarterly Point Machine Overhaul & Lubrication.,COMPLETED,114,T-202
HIST-03585,TASK-03628,2024-08-20T00:11:00,2024-08-20T02:14:00,Routine PM: Quarterly Point Machine Overhaul & Lubrication.,COMPLETED,123,T-102
HIST-03586,TASK-03629,2024-11-18T00:18:00,2024-11-18T02:23:00,Routine PM: Quarterly Point Machine Overhaul & Lubrication.,COMPLETED,125,T-301 (OHE Gang)
HIST-03587,TASK-03630,2025-02-15T23:46:00,2025-02-16T01:45:00,Routine PM: Quarterly Point Machine Overhaul & Lubrication.,COMPLETED,119,T-201 (Signal Staff)
HIST-03588,TASK-03631,2025-05-17T00:23:00,2025-05-17T02:23:00,Routine PM: Quarterly Point Machine Overhaul & Lubrication.,COMPLETED,120,T-101 (Engineering Gang)
HIST-03589,TASK-03632,2025-08-15T00:29:00,2025-08-15T02:28:00,Routine PM: Quarterly Point Machine Overhaul & Lubrication.,COMPLETED,119,T-201 (Signal Staff)
HIST-03590,TASK-03633,2025-11-12T23:35:00,2025-11-13T01:39:00,Routine PM: Quarterly Point Machine Overhaul & Lubrication.,COMPLETED,124,T-201 (Signal Staff)
HIST-03591,TASK-03634,2026-02-10T23:53:00,2026-02-11T01:52:00,Routine PM: Quarterly Point Machine Overhaul & Lubrication.,COMPLETED,119,T-202
HIST-03592,TASK-03635,2026-05-12T00:30:00,2026-05-12T02:31:00,Routine PM: Quarterly Point Machine Overhaul & Lubrication.,COMPLETED,121,T-202
HIST-03593,TASK-03636,2023-08-24T23:33:00,2023-08-25T01:28:00,Routine PM: Quarterly Point Machine Overhaul & Lubrication.,COMPLETED,115,T-101 (Engineering Gang)
HIST-03594,TASK-03637,2023-11-23T00:06:00,2023-11-23T02:11:00,Routine PM: Quarterly Point Machine Overhaul & Lubrication.,COMPLETED,125,T-302
HIST-03595,TASK-03638,2024-02-20T23:41:00,2024-02-21T01:40:00,Routine PM: Quarterly Point Machine Overhaul & Lubrication.,COMPLETED,119,T-201 (Signal Staff)
HIST-03596,TASK-03639,2024-05-20T23:47:00,2024-05-21T01:44:00,Routine PM: Quarterly Point Machine Overhaul & Lubrication.,COMPLETED,117,T-202
HIST-03597,TASK-03640,2024-08-18T23:53:00,2024-08-19T01:49:00,Routine PM: Quarterly Point Machine Overhaul & Lubrication.,COMPLETED,116,T-101 (Engineering Gang)
HIST-03598,TASK-03641,2024-11-16T23:58:00,2024-11-17T01:56:00,Routine PM: Quarterly Point Machine Overhaul & Lubrication.,COMPLETED,118,T-202
HIST-03599,TASK-03642,2025-02-15T00:10:00,2025-02-15T02:13:00,Routine PM: Quarterly Point Machine Overhaul & Lubrication.,COMPLETED,123,T-301 (OHE Gang)
HIST-03600,TASK-03643,2025-05-15T23:39:00,2025-05-16T01:42:00,Routine PM: Quarterly Point Machine Overhaul & Lubrication.,COMPLETED,123,T-202
HIST-03601,TASK-03644,2025-08-13T23:43:00,2025-08-14T01:38:00,Routine PM: Quarterly Point Machine Overhaul & Lubrication.,COMPLETED,115,T-202
HIST-03602,TASK-03645,2025-11-11T23:59:00,2025-11-12T01:58:00,Routine PM: Quarterly Point Machine Overhaul & Lubrication.,COMPLETED,119,T-202
HIST-03603,TASK-03646,2026-02-09T23:52:00,2026-02-10T01:47:00,Routine PM: Quarterly Point Machine Overhaul & Lubrication.,COMPLETED,115,T-102
HIST-03604,TASK-03647,2026-05-10T23:52:00,2026-05-11T01:56:00,Routine PM: Quarterly Point Machine Overhaul & Lubrication.,COMPLETED,124,T-101 (Engineering Gang)
HIST-03605,TASK-03648,2023-08-29T00:26:00,2023-08-29T02:26:00,Routine PM: Quarterly Point Machine Overhaul & Lubrication.,COMPLETED,120,T-101 (Engineering Gang)
HIST-03606,TASK-03649,2023-11-26T23:53:00,2023-11-27T01:50:00,Routine PM: Quarterly Point Machine Overhaul & Lubrication.,COMPLETED,117,T-101 (Engineering Gang)
HIST-03607,TASK-03650,2024-02-25T00:18:00,2024-02-25T02:13:00,Routine PM: Quarterly Point Machine Overhaul & Lubrication.,COMPLETED,115,T-102
HIST-03608,TASK-03651,2024-05-24T23:54:00,2024-05-25T01:48:00,Routine PM: Quarterly Point Machine Overhaul & Lubrication.,COMPLETED,114,T-302
HIST-03609,TASK-03652,2024-08-23T00:25:00,2024-08-23T02:20:00,Routine PM: Quarterly Point Machine Overhaul & Lubrication.,COMPLETED,115,T-101 (Engineering Gang)
HIST-03610,TASK-03653,2024-11-20T23:54:00,2024-11-21T01:49:00,Routine PM: Quarterly Point Machine Overhaul & Lubrication.,COMPLETED,115,T-102
HIST-03611,TASK-03654,2025-02-18T23:53:00,2025-02-19T01:48:00,Routine PM: Quarterly Point Machine Overhaul & Lubrication.,COMPLETED,115,T-101 (Engineering Gang)
HIST-03612,TASK-03655,2025-05-19T23:31:00,2025-05-20T01:27:00,Routine PM: Quarterly Point Machine Overhaul & Lubrication.,COMPLETED,116,T-102
HIST-03613,TASK-03656,2025-08-18T00:18:00,2025-08-18T02:18:00,Routine PM: Quarterly Point Machine Overhaul & Lubrication.,COMPLETED,120,T-102
HIST-03614,TASK-03657,2025-11-16T00:25:00,2025-11-16T02:22:00,Routine PM: Quarterly Point Machine Overhaul & Lubrication.,COMPLETED,117,T-202
HIST-03615,TASK-03658,2026-02-14T00:19:00,2026-02-14T02:24:00,Routine PM: Quarterly Point Machine Overhaul & Lubrication.,COMPLETED,125,T-102
HIST-03616,TASK-03659,2026-05-15T00:11:00,2026-05-15T02:07:00,Routine PM: Quarterly Point Machine Overhaul & Lubrication.,COMPLETED,116,T-301 (OHE Gang)
HIST-03617,TASK-03660,2023-10-12T00:10:00,2023-10-12T02:13:00,Routine PM: Quarterly Point Machine Overhaul & Lubrication.,COMPLETED,123,T-101 (Engineering Gang)
HIST-03618,TASK-03661,2024-01-10T00:17:00,2024-01-10T02:19:00,Routine PM: Quarterly Point Machine Overhaul & Lubrication.,COMPLETED,122,T-301 (OHE Gang)
HIST-03619,TASK-03662,2024-04-09T00:21:00,2024-04-09T02:25:00,Routine PM: Quarterly Point Machine Overhaul & Lubrication.,COMPLETED,124,T-202
HIST-03620,TASK-03663,2024-07-07T23:34:00,2024-07-08T01:38:00,Routine PM: Quarterly Point Machine Overhaul & Lubrication.,COMPLETED,124,T-201 (Signal Staff)
HIST-03621,TASK-03664,2024-10-06T00:25:00,2024-10-06T02:19:00,Routine PM: Quarterly Point Machine Overhaul & Lubrication.,COMPLETED,114,T-201 (Signal Staff)
HIST-03622,TASK-03665,2025-01-03T23:36:00,2025-01-04T01:32:00,Routine PM: Quarterly Point Machine Overhaul & Lubrication.,COMPLETED,116,T-101 (Engineering Gang)
HIST-03623,TASK-03666,2025-04-04T00:04:00,2025-04-04T01:59:00,Routine PM: Quarterly Point Machine Overhaul & Lubrication.,COMPLETED,115,T-102
HIST-03624,TASK-03667,2025-07-02T23:42:00,2025-07-03T01:47:00,Routine PM: Quarterly Point Machine Overhaul & Lubrication.,COMPLETED,125,T-102
HIST-03625,TASK-03668,2025-09-30T23:38:00,2025-10-01T01:35:00,Routine PM: Quarterly Point Machine Overhaul & Lubrication.,COMPLETED,117,T-101 (Engineering Gang)
HIST-03626,TASK-03669,2025-12-29T23:35:00,2025-12-30T01:30:00,Routine PM: Quarterly Point Machine Overhaul & Lubrication.,COMPLETED,115,T-302
HIST-03627,TASK-03670,2026-03-30T00:03:00,2026-03-30T02:08:00,Routine PM: Quarterly Point Machine Overhaul & Lubrication.,COMPLETED,125,T-302
HIST-03628,TASK-03671,2026-06-28T00:25:00,2026-06-28T02:21:00,Routine PM: Quarterly Point Machine Overhaul & Lubrication.,COMPLETED,116,T-302
HIST-03632,TASK-03675,2023-09-22T00:05:00,2023-09-22T02:07:00,Routine PM: Quarterly Point Machine Overhaul & Lubrication.,COMPLETED,122,T-201 (Signal Staff)
HIST-03633,TASK-03676,2023-12-21T00:13:00,2023-12-21T02:11:00,Routine PM: Quarterly Point Machine Overhaul & Lubrication.,COMPLETED,118,T-201 (Signal Staff)
HIST-03634,TASK-03677,2024-03-20T00:06:00,2024-03-20T02:01:00,Routine PM: Quarterly Point Machine Overhaul & Lubrication.,COMPLETED,115,T-301 (OHE Gang)
HIST-03635,TASK-03678,2024-06-18T00:24:00,2024-06-18T02:28:00,Routine PM: Quarterly Point Machine Overhaul & Lubrication.,COMPLETED,124,T-102
HIST-03636,TASK-03679,2024-09-15T23:51:00,2024-09-16T01:56:00,Routine PM: Quarterly Point Machine Overhaul & Lubrication.,COMPLETED,125,T-302
HIST-03637,TASK-03680,2024-12-15T00:13:00,2024-12-15T02:10:00,Routine PM: Quarterly Point Machine Overhaul & Lubrication.,COMPLETED,117,T-102
HIST-03638,TASK-03681,2025-03-14T23:44:00,2025-03-15T01:47:00,Routine PM: Quarterly Point Machine Overhaul & Lubrication.,COMPLETED,123,T-102
HIST-03639,TASK-03682,2025-06-13T00:08:00,2025-06-13T02:03:00,Routine PM: Quarterly Point Machine Overhaul & Lubrication.,COMPLETED,115,T-301 (OHE Gang)
HIST-03640,TASK-03683,2025-09-10T23:52:00,2025-09-11T01:56:00,Routine PM: Quarterly Point Machine Overhaul & Lubrication.,COMPLETED,124,T-101 (Engineering Gang)
HIST-03641,TASK-03684,2025-12-09T23:43:00,2025-12-10T01:41:00,Routine PM: Quarterly Point Machine Overhaul & Lubrication.,COMPLETED,118,T-201 (Signal Staff)
HIST-03642,TASK-03685,2026-03-09T23:52:00,2026-03-10T01:57:00,Routine PM: Quarterly Point Machine Overhaul & Lubrication.,COMPLETED,125,T-301 (OHE Gang)
HIST-03643,TASK-03686,2026-06-07T23:40:00,2026-06-08T01:43:00,Routine PM: Quarterly Point Machine Overhaul & Lubrication.,COMPLETED,123,T-201 (Signal Staff)
HIST-03644,TASK-03687,2023-10-10T23:40:00,2023-10-11T01:45:00,Routine PM: Quarterly Point Machine Overhaul & Lubrication.,COMPLETED,125,T-301 (OHE Gang)
HIST-03645,TASK-03688,2024-01-08T23:57:00,2024-01-09T01:56:00,Routine PM: Quarterly Point Machine Overhaul & Lubrication.,COMPLETED,119,T-102
HIST-03646,TASK-03689,2024-04-08T00:17:00,2024-04-08T02:21:00,Routine PM: Quarterly Point Machine Overhaul & Lubrication.,COMPLETED,124,T-201 (Signal Staff)
HIST-03647,TASK-03690,2024-07-06T23:56:00,2024-07-07T02:00:00,Routine PM: Quarterly Point Machine Overhaul & Lubrication.,COMPLETED,124,T-102
HIST-03648,TASK-03691,2024-10-04T23:54:00,2024-10-05T01:48:00,Routine PM: Quarterly Point Machine Overhaul & Lubrication.,COMPLETED,114,T-301 (OHE Gang)
HIST-03649,TASK-03692,2025-01-03T00:11:00,2025-01-03T02:10:00,Routine PM: Quarterly Point Machine Overhaul & Lubrication.,COMPLETED,119,T-101 (Engineering Gang)
HIST-03650,TASK-03693,2025-04-02T23:47:00,2025-04-03T01:50:00,Routine PM: Quarterly Point Machine Overhaul & Lubrication.,COMPLETED,123,T-301 (OHE Gang)
HIST-03651,TASK-03694,2025-07-02T00:30:00,2025-07-02T02:25:00,Routine PM: Quarterly Point Machine Overhaul & Lubrication.,COMPLETED,115,T-201 (Signal Staff)
HIST-03652,TASK-03695,2025-09-29T23:48:00,2025-09-30T01:50:00,Routine PM: Quarterly Point Machine Overhaul & Lubrication.,COMPLETED,122,T-201 (Signal Staff)
HIST-03653,TASK-03696,2025-12-29T00:14:00,2025-12-29T02:08:00,Routine PM: Quarterly Point Machine Overhaul & Lubrication.,COMPLETED,114,T-202
HIST-03654,TASK-03697,2026-03-29T00:20:00,2026-03-29T02:19:00,Routine PM: Quarterly Point Machine Overhaul & Lubrication.,COMPLETED,119,T-201 (Signal Staff)
HIST-03655,TASK-03698,2026-06-26T23:53:00,2026-06-27T01:50:00,Routine PM: Quarterly Point Machine Overhaul & Lubrication.,COMPLETED,117,T-102
HIST-03662,TASK-03705,2023-08-30T23:52:00,2023-08-31T01:50:00,Routine PM: Quarterly Point Machine Overhaul & Lubrication.,COMPLETED,118,T-301 (OHE Gang)
HIST-03663,TASK-03706,2023-11-28T23:45:00,2023-11-29T01:49:00,Routine PM: Quarterly Point Machine Overhaul & Lubrication.,COMPLETED,124,T-202
HIST-03664,TASK-03707,2024-02-27T00:08:00,2024-02-27T02:06:00,Routine PM: Quarterly Point Machine Overhaul & Lubrication.,COMPLETED,118,T-101 (Engineering Gang)
HIST-03665,TASK-03708,2024-05-26T23:36:00,2024-05-27T01:39:00,Routine PM: Quarterly Point Machine Overhaul & Lubrication.,COMPLETED,123,T-302
HIST-03666,TASK-03709,2024-08-25T00:16:00,2024-08-25T02:21:00,Routine PM: Quarterly Point Machine Overhaul & Lubrication.,COMPLETED,125,T-301 (OHE Gang)
HIST-03667,TASK-03710,2024-11-22T23:47:00,2024-11-23T01:50:00,Routine PM: Quarterly Point Machine Overhaul & Lubrication.,COMPLETED,123,T-301 (OHE Gang)
HIST-03668,TASK-03711,2025-02-20T23:30:00,2025-02-21T01:25:00,Routine PM: Quarterly Point Machine Overhaul & Lubrication.,COMPLETED,115,T-101 (Engineering Gang)
HIST-03669,TASK-03712,2025-05-22T00:13:00,2025-05-22T02:15:00,Routine PM: Quarterly Point Machine Overhaul & Lubrication.,COMPLETED,122,T-201 (Signal Staff)
HIST-03670,TASK-03713,2025-08-20T00:23:00,2025-08-20T02:24:00,Routine PM: Quarterly Point Machine Overhaul & Lubrication.,COMPLETED,121,T-202
HIST-03671,TASK-03714,2025-11-18T00:20:00,2025-11-18T02:14:00,Routine PM: Quarterly Point Machine Overhaul & Lubrication.,COMPLETED,114,T-202
HIST-03672,TASK-03715,2026-02-15T23:56:00,2026-02-16T02:00:00,Routine PM: Quarterly Point Machine Overhaul & Lubrication.,COMPLETED,124,T-101 (Engineering Gang)
HIST-03673,TASK-03716,2026-05-17T00:03:00,2026-05-17T02:06:00,Routine PM: Quarterly Point Machine Overhaul & Lubrication.,COMPLETED,123,T-201 (Signal Staff)
HIST-03674,TASK-03717,2023-09-28T00:03:00,2023-09-28T02:05:00,Routine PM: Quarterly Point Machine Overhaul & Lubrication.,COMPLETED,122,T-301 (OHE Gang)
HIST-03675,TASK-03718,2023-12-27T00:27:00,2023-12-27T02:25:00,Routine PM: Quarterly Point Machine Overhaul & Lubrication.,COMPLETED,118,T-202
HIST-03676,TASK-03719,2024-03-26T00:11:00,2024-03-26T02:16:00,Routine PM: Quarterly Point Machine Overhaul & Lubrication.,COMPLETED,125,T-201 (Signal Staff)
HIST-03677,TASK-03720,2024-06-23T23:57:00,2024-06-24T01:54:00,Routine PM: Quarterly Point Machine Overhaul & Lubrication.,COMPLETED,117,T-301 (OHE Gang)
HIST-03678,TASK-03721,2024-09-22T00:10:00,2024-09-22T02:10:00,Routine PM: Quarterly Point Machine Overhaul & Lubrication.,COMPLETED,120,T-301 (OHE Gang)
HIST-03679,TASK-03722,2024-12-21T00:18:00,2024-12-21T02:19:00,Routine PM: Quarterly Point Machine Overhaul & Lubrication.,COMPLETED,121,T-202
HIST-03680,TASK-03723,2025-03-21T00:06:00,2025-03-21T02:09:00,Routine PM: Quarterly Point Machine Overhaul & Lubrication.,COMPLETED,123,T-302
HIST-03681,TASK-03724,2025-06-19T00:00:00,2025-06-19T01:57:00,Routine PM: Quarterly Point Machine Overhaul & Lubrication.,COMPLETED,117,T-301 (OHE Gang)
HIST-03682,TASK-03725,2025-09-17T00:16:00,2025-09-17T02:13:00,Routine PM: Quarterly Point Machine Overhaul & Lubrication.,COMPLETED,117,T-201 (Signal Staff)
HIST-03683,TASK-03726,2025-12-16T00:10:00,2025-12-16T02:10:00,Routine PM: Quarterly Point Machine Overhaul & Lubrication.,COMPLETED,120,T-101 (Engineering Gang)
HIST-03684,TASK-03727,2026-03-16T00:16:00,2026-03-16T02:19:00,Routine PM: Quarterly Point Machine Overhaul & Lubrication.,COMPLETED,123,T-301 (OHE Gang)
HIST-03685,TASK-03728,2026-06-13T23:43:00,2026-06-14T01:41:00,Routine PM: Quarterly Point Machine Overhaul & Lubrication.,COMPLETED,118,T-201 (Signal Staff)
HIST-03701,TASK-03744,2023-10-27T00:09:00,2023-10-27T02:10:00,Routine PM: Quarterly Point Machine Overhaul & Lubrication.,COMPLETED,121,T-102
HIST-03702,TASK-03745,2024-01-24T23:51:00,2024-01-25T01:47:00,Routine PM: Quarterly Point Machine Overhaul & Lubrication.,COMPLETED,116,T-102
HIST-03703,TASK-03746,2024-04-24T00:27:00,2024-04-24T02:22:00,Routine PM: Quarterly Point Machine Overhaul & Lubrication.,COMPLETED,115,T-101 (Engineering Gang)
HIST-03704,TASK-03747,2024-07-23T00:16:00,2024-07-23T02:11:00,Routine PM: Quarterly Point Machine Overhaul & Lubrication.,COMPLETED,115,T-202
HIST-03705,TASK-03748,2024-10-21T00:20:00,2024-10-21T02:18:00,Routine PM: Quarterly Point Machine Overhaul & Lubrication.,COMPLETED,118,T-202
HIST-03706,TASK-03749,2025-01-19T00:11:00,2025-01-19T02:09:00,Routine PM: Quarterly Point Machine Overhaul & Lubrication.,COMPLETED,118,T-301 (OHE Gang)
HIST-03707,TASK-03750,2025-04-18T23:34:00,2025-04-19T01:37:00,Routine PM: Quarterly Point Machine Overhaul & Lubrication.,COMPLETED,123,T-202
HIST-03708,TASK-03751,2025-07-18T00:24:00,2025-07-18T02:23:00,Routine PM: Quarterly Point Machine Overhaul & Lubrication.,COMPLETED,119,T-102
HIST-03709,TASK-03752,2025-10-15T23:33:00,2025-10-16T01:31:00,Routine PM: Quarterly Point Machine Overhaul & Lubrication.,COMPLETED,118,T-201 (Signal Staff)
HIST-03710,TASK-03753,2026-01-13T23:32:00,2026-01-14T01:32:00,Routine PM: Quarterly Point Machine Overhaul & Lubrication.,COMPLETED,120,T-201 (Signal Staff)
HIST-03711,TASK-03754,2026-04-13T23:54:00,2026-04-14T01:48:00,Routine PM: Quarterly Point Machine Overhaul & Lubrication.,COMPLETED,114,T-302
HIST-03712,TASK-03755,2026-07-13T00:10:00,2026-07-13T02:04:00,Routine PM: Quarterly Point Machine Overhaul & Lubrication.,COMPLETED,114,T-301 (OHE Gang)
HIST-03719,TASK-03762,2023-09-12T23:39:00,2023-09-13T01:41:00,Routine PM: Quarterly Point Machine Overhaul & Lubrication.,COMPLETED,122,T-302
HIST-03720,TASK-03763,2023-12-12T00:03:00,2023-12-12T02:07:00,Routine PM: Quarterly Point Machine Overhaul & Lubrication.,COMPLETED,124,T-301 (OHE Gang)
HIST-03721,TASK-03764,2024-03-10T23:32:00,2024-03-11T01:26:00,Routine PM: Quarterly Point Machine Overhaul & Lubrication.,COMPLETED,114,T-101 (Engineering Gang)
HIST-03722,TASK-03765,2024-06-08T23:59:00,2024-06-09T01:53:00,Routine PM: Quarterly Point Machine Overhaul & Lubrication.,COMPLETED,114,T-201 (Signal Staff)
HIST-03723,TASK-03766,2024-09-07T00:26:00,2024-09-07T02:20:00,Routine PM: Quarterly Point Machine Overhaul & Lubrication.,COMPLETED,114,T-201 (Signal Staff)
HIST-03724,TASK-03767,2024-12-06T00:30:00,2024-12-06T02:32:00,Routine PM: Quarterly Point Machine Overhaul & Lubrication.,COMPLETED,122,T-101 (Engineering Gang)
HIST-03725,TASK-03768,2025-03-06T00:09:00,2025-03-06T02:08:00,Routine PM: Quarterly Point Machine Overhaul & Lubrication.,COMPLETED,119,T-202
HIST-03726,TASK-03769,2025-06-03T23:46:00,2025-06-04T01:44:00,Routine PM: Quarterly Point Machine Overhaul & Lubrication.,COMPLETED,118,T-102
HIST-03727,TASK-03770,2025-09-02T00:07:00,2025-09-02T02:01:00,Routine PM: Quarterly Point Machine Overhaul & Lubrication.,COMPLETED,114,T-102
HIST-03728,TASK-03771,2025-12-01T00:00:00,2025-12-01T02:03:00,Routine PM: Quarterly Point Machine Overhaul & Lubrication.,COMPLETED,123,T-201 (Signal Staff)
HIST-03729,TASK-03772,2026-03-01T00:00:00,2026-03-01T01:56:00,Routine PM: Quarterly Point Machine Overhaul & Lubrication.,COMPLETED,116,T-302
HIST-03730,TASK-03773,2026-05-29T23:36:00,2026-05-30T01:41:00,Routine PM: Quarterly Point Machine Overhaul & Lubrication.,COMPLETED,125,T-202
HIST-03731,TASK-03774,2023-09-02T23:58:00,2023-09-03T01:56:00,Routine PM: Quarterly Point Machine Overhaul & Lubrication.,COMPLETED,118,T-201 (Signal Staff)
HIST-03732,TASK-03775,2023-12-02T00:01:00,2023-12-02T01:58:00,Routine PM: Quarterly Point Machine Overhaul & Lubrication.,COMPLETED,117,T-101 (Engineering Gang)
HIST-03733,TASK-03776,2024-02-29T23:35:00,2024-03-01T01:29:00,Routine PM: Quarterly Point Machine Overhaul & Lubrication.,COMPLETED,114,T-102
HIST-03734,TASK-03777,2024-05-30T00:10:00,2024-05-30T02:11:00,Routine PM: Quarterly Point Machine Overhaul & Lubrication.,COMPLETED,121,T-302
HIST-03735,TASK-03778,2024-08-28T00:22:00,2024-08-28T02:21:00,Routine PM: Quarterly Point Machine Overhaul & Lubrication.,COMPLETED,119,T-301 (OHE Gang)
HIST-03736,TASK-03779,2024-11-25T23:33:00,2024-11-26T01:27:00,Routine PM: Quarterly Point Machine Overhaul & Lubrication.,COMPLETED,114,T-302
HIST-03737,TASK-03780,2025-02-23T23:59:00,2025-02-24T01:53:00,Routine PM: Quarterly Point Machine Overhaul & Lubrication.,COMPLETED,114,T-202
HIST-03738,TASK-03781,2025-05-24T23:43:00,2025-05-25T01:38:00,Routine PM: Quarterly Point Machine Overhaul & Lubrication.,COMPLETED,115,T-302
HIST-03739,TASK-03782,2025-08-23T00:13:00,2025-08-23T02:15:00,Routine PM: Quarterly Point Machine Overhaul & Lubrication.,COMPLETED,122,T-102
HIST-03740,TASK-03783,2025-11-20T23:54:00,2025-11-21T01:56:00,Routine PM: Quarterly Point Machine Overhaul & Lubrication.,COMPLETED,122,T-101 (Engineering Gang)
HIST-03741,TASK-03784,2026-02-19T00:04:00,2026-02-19T01:58:00,Routine PM: Quarterly Point Machine Overhaul & Lubrication.,COMPLETED,114,T-101 (Engineering Gang)
HIST-03742,TASK-03785,2026-05-19T23:30:00,2026-05-20T01:30:00,Routine PM: Quarterly Point Machine Overhaul & Lubrication.,COMPLETED,120,T-301 (OHE Gang)
HIST-03758,TASK-03801,2023-09-21T00:09:00,2023-09-21T02:06:00,Routine PM: Quarterly Point Machine Overhaul & Lubrication.,COMPLETED,117,T-101 (Engineering Gang)
HIST-03759,TASK-03802,2023-12-20T00:20:00,2023-12-20T02:23:00,Routine PM: Quarterly Point Machine Overhaul & Lubrication.,COMPLETED,123,T-102
HIST-03760,TASK-03803,2024-03-18T23:44:00,2024-03-19T01:48:00,Routine PM: Quarterly Point Machine Overhaul & Lubrication.,COMPLETED,124,T-202
HIST-03761,TASK-03804,2024-06-16T23:39:00,2024-06-17T01:41:00,Routine PM: Quarterly Point Machine Overhaul & Lubrication.,COMPLETED,122,T-301 (OHE Gang)
HIST-03762,TASK-03805,2024-09-14T23:37:00,2024-09-15T01:37:00,Routine PM: Quarterly Point Machine Overhaul & Lubrication.,COMPLETED,120,T-301 (OHE Gang)
HIST-03763,TASK-03806,2024-12-14T00:19:00,2024-12-14T02:14:00,Routine PM: Quarterly Point Machine Overhaul & Lubrication.,COMPLETED,115,T-202
HIST-03764,TASK-03807,2025-03-14T00:29:00,2025-03-14T02:26:00,Routine PM: Quarterly Point Machine Overhaul & Lubrication.,COMPLETED,117,T-302
HIST-03765,TASK-03808,2025-06-11T23:54:00,2025-06-12T01:49:00,Routine PM: Quarterly Point Machine Overhaul & Lubrication.,COMPLETED,115,T-102
HIST-03766,TASK-03809,2025-09-09T23:39:00,2025-09-10T01:34:00,Routine PM: Quarterly Point Machine Overhaul & Lubrication.,COMPLETED,115,T-102
HIST-03767,TASK-03810,2025-12-08T23:31:00,2025-12-09T01:35:00,Routine PM: Quarterly Point Machine Overhaul & Lubrication.,COMPLETED,124,T-201 (Signal Staff)
HIST-03768,TASK-03811,2026-03-09T00:22:00,2026-03-09T02:19:00,Routine PM: Quarterly Point Machine Overhaul & Lubrication.,COMPLETED,117,T-301 (OHE Gang)
HIST-03769,TASK-03812,2026-06-07T00:20:00,2026-06-07T02:23:00,Routine PM: Quarterly Point Machine Overhaul & Lubrication.,COMPLETED,123,T-102
HIST-03773,TASK-03816,2023-10-21T00:12:00,2023-10-21T02:17:00,Routine PM: Quarterly Point Machine Overhaul & Lubrication.,COMPLETED,125,T-201 (Signal Staff)
HIST-03774,TASK-03817,2024-01-19T00:28:00,2024-01-19T02:25:00,Routine PM: Quarterly Point Machine Overhaul & Lubrication.,COMPLETED,117,T-301 (OHE Gang)
HIST-03775,TASK-03818,2024-04-18T00:10:00,2024-04-18T02:10:00,Routine PM: Quarterly Point Machine Overhaul & Lubrication.,COMPLETED,120,T-301 (OHE Gang)
HIST-03776,TASK-03819,2024-07-17T00:14:00,2024-07-17T02:13:00,Routine PM: Quarterly Point Machine Overhaul & Lubrication.,COMPLETED,119,T-301 (OHE Gang)
HIST-03777,TASK-03820,2024-10-15T00:09:00,2024-10-15T02:13:00,Routine PM: Quarterly Point Machine Overhaul & Lubrication.,COMPLETED,124,T-301 (OHE Gang)
HIST-03778,TASK-03821,2025-01-12T23:30:00,2025-01-13T01:35:00,Routine PM: Quarterly Point Machine Overhaul & Lubrication.,COMPLETED,125,T-201 (Signal Staff)
HIST-03779,TASK-03822,2025-04-12T23:48:00,2025-04-13T01:43:00,Routine PM: Quarterly Point Machine Overhaul & Lubrication.,COMPLETED,115,T-301 (OHE Gang)
HIST-03780,TASK-03823,2025-07-12T00:11:00,2025-07-12T02:14:00,Routine PM: Quarterly Point Machine Overhaul & Lubrication.,COMPLETED,123,T-102
HIST-03781,TASK-03824,2025-10-09T23:43:00,2025-10-10T01:39:00,Routine PM: Quarterly Point Machine Overhaul & Lubrication.,COMPLETED,116,T-301 (OHE Gang)
HIST-03782,TASK-03825,2026-01-07T23:41:00,2026-01-08T01:37:00,Routine PM: Quarterly Point Machine Overhaul & Lubrication.,COMPLETED,116,T-302
HIST-03783,TASK-03826,2026-04-07T23:59:00,2026-04-08T02:00:00,Routine PM: Quarterly Point Machine Overhaul & Lubrication.,COMPLETED,121,T-301 (OHE Gang)
HIST-03784,TASK-03827,2026-07-07T00:02:00,2026-07-07T02:01:00,Routine PM: Quarterly Point Machine Overhaul & Lubrication.,COMPLETED,119,T-101 (Engineering Gang)
HIST-03785,TASK-03828,2023-09-08T23:39:00,2023-09-09T01:33:00,Routine PM: Quarterly Point Machine Overhaul & Lubrication.,COMPLETED,114,T-101 (Engineering Gang)
HIST-03786,TASK-03829,2023-12-07T23:55:00,2023-12-08T01:50:00,Routine PM: Quarterly Point Machine Overhaul & Lubrication.,COMPLETED,115,T-201 (Signal Staff)
HIST-03787,TASK-03830,2024-03-07T00:09:00,2024-03-07T02:12:00,Routine PM: Quarterly Point Machine Overhaul & Lubrication.,COMPLETED,123,T-201 (Signal Staff)
HIST-03788,TASK-03831,2024-06-04T23:30:00,2024-06-05T01:26:00,Routine PM: Quarterly Point Machine Overhaul & Lubrication.,COMPLETED,116,T-202
HIST-03789,TASK-03832,2024-09-02T23:56:00,2024-09-03T01:55:00,Routine PM: Quarterly Point Machine Overhaul & Lubrication.,COMPLETED,119,T-302
HIST-03790,TASK-03833,2024-12-02T00:20:00,2024-12-02T02:23:00,Routine PM: Quarterly Point Machine Overhaul & Lubrication.,COMPLETED,123,T-301 (OHE Gang)
HIST-03791,TASK-03834,2025-03-01T23:49:00,2025-03-02T01:49:00,Routine PM: Quarterly Point Machine Overhaul & Lubrication.,COMPLETED,120,T-201 (Signal Staff)
HIST-03792,TASK-03835,2025-05-30T23:41:00,2025-05-31T01:41:00,Routine PM: Quarterly Point Machine Overhaul & Lubrication.,COMPLETED,120,T-102
HIST-03793,TASK-03836,2025-08-29T00:05:00,2025-08-29T01:59:00,Routine PM: Quarterly Point Machine Overhaul & Lubrication.,COMPLETED,114,T-201 (Signal Staff)
HIST-03794,TASK-03837,2025-11-27T00:09:00,2025-11-27T02:03:00,Routine PM: Quarterly Point Machine Overhaul & Lubrication.,COMPLETED,114,T-301 (OHE Gang)
HIST-03795,TASK-03838,2026-02-25T00:09:00,2026-02-25T02:08:00,Routine PM: Quarterly Point Machine Overhaul & Lubrication.,COMPLETED,119,T-101 (Engineering Gang)
HIST-03796,TASK-03839,2026-05-26T00:14:00,2026-05-26T02:14:00,Routine PM: Quarterly Point Machine Overhaul & Lubrication.,COMPLETED,120,T-102
HIST-03821,TASK-03864,2023-10-09T00:14:00,2023-10-09T02:11:00,Routine PM: Quarterly Point Machine Overhaul & Lubrication.,COMPLETED,117,T-302
HIST-03822,TASK-03865,2024-01-06T23:47:00,2024-01-07T01:48:00,Routine PM: Quarterly Point Machine Overhaul & Lubrication.,COMPLETED,121,T-201 (Signal Staff)
HIST-03823,TASK-03866,2024-04-06T00:27:00,2024-04-06T02:29:00,Routine PM: Quarterly Point Machine Overhaul & Lubrication.,COMPLETED,122,T-302
HIST-03824,TASK-03867,2024-07-04T23:31:00,2024-07-05T01:26:00,Routine PM: Quarterly Point Machine Overhaul & Lubrication.,COMPLETED,115,T-101 (Engineering Gang)
HIST-03825,TASK-03868,2024-10-03T00:24:00,2024-10-03T02:21:00,Routine PM: Quarterly Point Machine Overhaul & Lubrication.,COMPLETED,117,T-102
HIST-03826,TASK-03869,2024-12-31T23:56:00,2025-01-01T01:53:00,Routine PM: Quarterly Point Machine Overhaul & Lubrication.,COMPLETED,117,T-202
HIST-03827,TASK-03870,2025-03-31T23:48:00,2025-04-01T01:46:00,Routine PM: Quarterly Point Machine Overhaul & Lubrication.,COMPLETED,118,T-201 (Signal Staff)
HIST-03828,TASK-03871,2025-06-30T00:05:00,2025-06-30T02:10:00,Routine PM: Quarterly Point Machine Overhaul & Lubrication.,COMPLETED,125,T-201 (Signal Staff)
HIST-03829,TASK-03872,2025-09-27T23:43:00,2025-09-28T01:38:00,Routine PM: Quarterly Point Machine Overhaul & Lubrication.,COMPLETED,115,T-201 (Signal Staff)
HIST-03830,TASK-03873,2025-12-26T23:49:00,2025-12-27T01:52:00,Routine PM: Quarterly Point Machine Overhaul & Lubrication.,COMPLETED,123,T-301 (OHE Gang)
HIST-03831,TASK-03874,2026-03-27T00:16:00,2026-03-27T02:12:00,Routine PM: Quarterly Point Machine Overhaul & Lubrication.,COMPLETED,116,T-301 (OHE Gang)
HIST-03832,TASK-03875,2026-06-24T23:54:00,2026-06-25T01:53:00,Routine PM: Quarterly Point Machine Overhaul & Lubrication.,COMPLETED,119,T-201 (Signal Staff)
HIST-03839,TASK-03882,2023-08-15T23:37:00,2023-08-16T01:33:00,Routine PM: Quarterly Point Machine Overhaul & Lubrication.,COMPLETED,116,T-302
HIST-03840,TASK-03883,2023-11-13T23:59:00,2023-11-14T02:00:00,Routine PM: Quarterly Point Machine Overhaul & Lubrication.,COMPLETED,121,T-101 (Engineering Gang)
HIST-03841,TASK-03884,2024-02-12T00:20:00,2024-02-12T02:21:00,Routine PM: Quarterly Point Machine Overhaul & Lubrication.,COMPLETED,121,T-301 (OHE Gang)
HIST-03842,TASK-03885,2024-05-12T00:13:00,2024-05-12T02:12:00,Routine PM: Quarterly Point Machine Overhaul & Lubrication.,COMPLETED,119,T-101 (Engineering Gang)
HIST-03843,TASK-03886,2024-08-09T23:36:00,2024-08-10T01:40:00,Routine PM: Quarterly Point Machine Overhaul & Lubrication.,COMPLETED,124,T-101 (Engineering Gang)
HIST-03844,TASK-03887,2024-11-07T23:37:00,2024-11-08T01:42:00,Routine PM: Quarterly Point Machine Overhaul & Lubrication.,COMPLETED,125,T-301 (OHE Gang)
HIST-03845,TASK-03888,2025-02-06T00:17:00,2025-02-06T02:20:00,Routine PM: Quarterly Point Machine Overhaul & Lubrication.,COMPLETED,123,T-101 (Engineering Gang)
HIST-03846,TASK-03889,2025-05-07T00:10:00,2025-05-07T02:08:00,Routine PM: Quarterly Point Machine Overhaul & Lubrication.,COMPLETED,118,T-201 (Signal Staff)
HIST-03847,TASK-03890,2025-08-04T23:43:00,2025-08-05T01:37:00,Routine PM: Quarterly Point Machine Overhaul & Lubrication.,COMPLETED,114,T-201 (Signal Staff)
HIST-03848,TASK-03891,2025-11-03T00:09:00,2025-11-03T02:06:00,Routine PM: Quarterly Point Machine Overhaul & Lubrication.,COMPLETED,117,T-202
HIST-03849,TASK-03892,2026-01-31T23:34:00,2026-02-01T01:29:00,Routine PM: Quarterly Point Machine Overhaul & Lubrication.,COMPLETED,115,T-202
HIST-03850,TASK-03893,2026-05-01T23:59:00,2026-05-02T02:03:00,Routine PM: Quarterly Point Machine Overhaul & Lubrication.,COMPLETED,124,T-102
HIST-03851,TASK-03894,2026-07-30T23:51:00,2026-07-31T01:45:00,Routine PM: Quarterly Point Machine Overhaul & Lubrication.,COMPLETED,114,T-101 (Engineering Gang)
HIST-03855,TASK-03898,2023-09-01T23:37:00,2023-09-02T01:41:00,Routine PM: Quarterly Point Machine Overhaul & Lubrication.,COMPLETED,124,T-301 (OHE Gang)
HIST-03856,TASK-03899,2023-11-30T23:34:00,2023-12-01T01:28:00,Routine PM: Quarterly Point Machine Overhaul & Lubrication.,COMPLETED,114,T-202
HIST-03857,TASK-03900,2024-02-29T00:05:00,2024-02-29T02:08:00,Routine PM: Quarterly Point Machine Overhaul & Lubrication.,COMPLETED,123,T-101 (Engineering Gang)
HIST-03858,TASK-03901,2024-05-28T23:31:00,2024-05-29T01:32:00,Routine PM: Quarterly Point Machine Overhaul & Lubrication.,COMPLETED,121,T-301 (OHE Gang)
HIST-03859,TASK-03902,2024-08-26T23:48:00,2024-08-27T01:44:00,Routine PM: Quarterly Point Machine Overhaul & Lubrication.,COMPLETED,116,T-101 (Engineering Gang)
HIST-03860,TASK-03903,2024-11-24T23:38:00,2024-11-25T01:37:00,Routine PM: Quarterly Point Machine Overhaul & Lubrication.,COMPLETED,119,T-201 (Signal Staff)
HIST-03861,TASK-03904,2025-02-22T23:38:00,2025-02-23T01:41:00,Routine PM: Quarterly Point Machine Overhaul & Lubrication.,COMPLETED,123,T-302
HIST-03862,TASK-03905,2025-05-23T23:54:00,2025-05-24T01:52:00,Routine PM: Quarterly Point Machine Overhaul & Lubrication.,COMPLETED,118,T-202
HIST-03863,TASK-03906,2025-08-21T23:48:00,2025-08-22T01:43:00,Routine PM: Quarterly Point Machine Overhaul & Lubrication.,COMPLETED,115,T-302
HIST-03864,TASK-03907,2025-11-19T23:56:00,2025-11-20T01:57:00,Routine PM: Quarterly Point Machine Overhaul & Lubrication.,COMPLETED,121,T-202
HIST-03865,TASK-03908,2026-02-17T23:30:00,2026-02-18T01:34:00,Routine PM: Quarterly Point Machine Overhaul & Lubrication.,COMPLETED,124,T-202
HIST-03866,TASK-03909,2026-05-18T23:41:00,2026-05-19T01:39:00,Routine PM: Quarterly Point Machine Overhaul & Lubrication.,COMPLETED,118,T-201 (Signal Staff)
HIST-03867,TASK-03910,2023-09-06T00:25:00,2023-09-06T02:23:00,Routine PM: Quarterly Point Machine Overhaul & Lubrication.,COMPLETED,118,T-102
HIST-03868,TASK-03911,2023-12-04T23:56:00,2023-12-05T01:58:00,Routine PM: Quarterly Point Machine Overhaul & Lubrication.,COMPLETED,122,T-302
HIST-03869,TASK-03912,2024-03-04T00:11:00,2024-03-04T02:06:00,Routine PM: Quarterly Point Machine Overhaul & Lubrication.,COMPLETED,115,T-301 (OHE Gang)
HIST-03870,TASK-03913,2024-06-01T23:45:00,2024-06-02T01:39:00,Routine PM: Quarterly Point Machine Overhaul & Lubrication.,COMPLETED,114,T-101 (Engineering Gang)
HIST-03871,TASK-03914,2024-08-30T23:59:00,2024-08-31T01:57:00,Routine PM: Quarterly Point Machine Overhaul & Lubrication.,COMPLETED,118,T-202
HIST-03872,TASK-03915,2024-11-29T00:02:00,2024-11-29T02:06:00,Routine PM: Quarterly Point Machine Overhaul & Lubrication.,COMPLETED,124,T-102
HIST-03873,TASK-03916,2025-02-26T23:35:00,2025-02-27T01:32:00,Routine PM: Quarterly Point Machine Overhaul & Lubrication.,COMPLETED,117,T-301 (OHE Gang)
HIST-03874,TASK-03917,2025-05-28T00:24:00,2025-05-28T02:29:00,Routine PM: Quarterly Point Machine Overhaul & Lubrication.,COMPLETED,125,T-201 (Signal Staff)
HIST-03875,TASK-03918,2025-08-25T23:57:00,2025-08-26T01:59:00,Routine PM: Quarterly Point Machine Overhaul & Lubrication.,COMPLETED,122,T-301 (OHE Gang)
HIST-03876,TASK-03919,2025-11-23T23:38:00,2025-11-24T01:39:00,Routine PM: Quarterly Point Machine Overhaul & Lubrication.,COMPLETED,121,T-101 (Engineering Gang)
HIST-03877,TASK-03920,2026-02-22T00:20:00,2026-02-22T02:18:00,Routine PM: Quarterly Point Machine Overhaul & Lubrication.,COMPLETED,118,T-301 (OHE Gang)
HIST-03878,TASK-03921,2026-05-23T00:16:00,2026-05-23T02:14:00,Routine PM: Quarterly Point Machine Overhaul & Lubrication.,COMPLETED,118,T-101 (Engineering Gang)
HIST-03894,TASK-03937,2023-09-08T00:29:00,2023-09-08T02:32:00,Routine PM: Quarterly Point Machine Overhaul & Lubrication.,COMPLETED,123,T-301 (OHE Gang)
HIST-03895,TASK-03938,2023-12-06T23:52:00,2023-12-07T01:54:00,Routine PM: Quarterly Point Machine Overhaul & Lubrication.,COMPLETED,122,T-101 (Engineering Gang)
HIST-03896,TASK-03939,2024-03-06T00:16:00,2024-03-06T02:17:00,Routine PM: Quarterly Point Machine Overhaul & Lubrication.,COMPLETED,121,T-301 (OHE Gang)
HIST-03897,TASK-03940,2024-06-03T23:39:00,2024-06-04T01:34:00,Routine PM: Quarterly Point Machine Overhaul & Lubrication.,COMPLETED,115,T-101 (Engineering Gang)
HIST-03898,TASK-03941,2024-09-01T23:37:00,2024-09-02T01:34:00,Routine PM: Quarterly Point Machine Overhaul & Lubrication.,COMPLETED,117,T-202
HIST-03899,TASK-03942,2024-12-01T00:09:00,2024-12-01T02:07:00,Routine PM: Quarterly Point Machine Overhaul & Lubrication.,COMPLETED,118,T-101 (Engineering Gang)
HIST-03900,TASK-03943,2025-03-01T00:18:00,2025-03-01T02:21:00,Routine PM: Quarterly Point Machine Overhaul & Lubrication.,COMPLETED,123,T-102
HIST-03901,TASK-03944,2025-05-29T23:58:00,2025-05-30T01:58:00,Routine PM: Quarterly Point Machine Overhaul & Lubrication.,COMPLETED,120,T-301 (OHE Gang)
HIST-03902,TASK-03945,2025-08-27T23:53:00,2025-08-28T01:49:00,Routine PM: Quarterly Point Machine Overhaul & Lubrication.,COMPLETED,116,T-302
HIST-03903,TASK-03946,2025-11-26T00:23:00,2025-11-26T02:24:00,Routine PM: Quarterly Point Machine Overhaul & Lubrication.,COMPLETED,121,T-302
HIST-03904,TASK-03947,2026-02-23T23:52:00,2026-02-24T01:51:00,Routine PM: Quarterly Point Machine Overhaul & Lubrication.,COMPLETED,119,T-202
HIST-03905,TASK-03948,2026-05-25T00:04:00,2026-05-25T02:02:00,Routine PM: Quarterly Point Machine Overhaul & Lubrication.,COMPLETED,118,T-201 (Signal Staff)
HIST-03909,TASK-03952,2023-08-20T00:17:00,2023-08-20T02:19:00,Routine PM: Quarterly Point Machine Overhaul & Lubrication.,COMPLETED,122,T-201 (Signal Staff)
HIST-03910,TASK-03953,2023-11-18T00:11:00,2023-11-18T02:09:00,Routine PM: Quarterly Point Machine Overhaul & Lubrication.,COMPLETED,118,T-301 (OHE Gang)
HIST-03911,TASK-03954,2024-02-16T00:30:00,2024-02-16T02:26:00,Routine PM: Quarterly Point Machine Overhaul & Lubrication.,COMPLETED,116,T-301 (OHE Gang)
HIST-03912,TASK-03955,2024-05-16T00:25:00,2024-05-16T02:26:00,Routine PM: Quarterly Point Machine Overhaul & Lubrication.,COMPLETED,121,T-302
HIST-03913,TASK-03956,2024-08-13T23:53:00,2024-08-14T01:51:00,Routine PM: Quarterly Point Machine Overhaul & Lubrication.,COMPLETED,118,T-201 (Signal Staff)
HIST-03914,TASK-03957,2024-11-11T23:59:00,2024-11-12T02:03:00,Routine PM: Quarterly Point Machine Overhaul & Lubrication.,COMPLETED,124,T-102
HIST-03915,TASK-03958,2025-02-10T00:12:00,2025-02-10T02:14:00,Routine PM: Quarterly Point Machine Overhaul & Lubrication.,COMPLETED,122,T-101 (Engineering Gang)
HIST-03916,TASK-03959,2025-05-10T23:41:00,2025-05-11T01:44:00,Routine PM: Quarterly Point Machine Overhaul & Lubrication.,COMPLETED,123,T-201 (Signal Staff)
HIST-03917,TASK-03960,2025-08-08T23:49:00,2025-08-09T01:47:00,Routine PM: Quarterly Point Machine Overhaul & Lubrication.,COMPLETED,118,T-302
HIST-03918,TASK-03961,2025-11-07T00:23:00,2025-11-07T02:22:00,Routine PM: Quarterly Point Machine Overhaul & Lubrication.,COMPLETED,119,T-101 (Engineering Gang)
HIST-03919,TASK-03962,2026-02-04T23:37:00,2026-02-05T01:33:00,Routine PM: Quarterly Point Machine Overhaul & Lubrication.,COMPLETED,116,T-101 (Engineering Gang)
HIST-03920,TASK-03963,2026-05-06T00:17:00,2026-05-06T02:20:00,Routine PM: Quarterly Point Machine Overhaul & Lubrication.,COMPLETED,123,T-101 (Engineering Gang)
HIST-03921,TASK-03964,2023-10-10T23:52:00,2023-10-11T01:47:00,Routine PM: Quarterly Point Machine Overhaul & Lubrication.,COMPLETED,115,T-201 (Signal Staff)
HIST-03922,TASK-03965,2024-01-09T00:12:00,2024-01-09T02:08:00,Routine PM: Quarterly Point Machine Overhaul & Lubrication.,COMPLETED,116,T-202
HIST-03923,TASK-03966,2024-04-07T23:42:00,2024-04-08T01:40:00,Routine PM: Quarterly Point Machine Overhaul & Lubrication.,COMPLETED,118,T-301 (OHE Gang)
HIST-03924,TASK-03967,2024-07-07T00:23:00,2024-07-07T02:23:00,Routine PM: Quarterly Point Machine Overhaul & Lubrication.,COMPLETED,120,T-201 (Signal Staff)
HIST-03925,TASK-03968,2024-10-04T23:37:00,2024-10-05T01:35:00,Routine PM: Quarterly Point Machine Overhaul & Lubrication.,COMPLETED,118,T-301 (OHE Gang)
HIST-03926,TASK-03969,2025-01-02T23:57:00,2025-01-03T01:57:00,Routine PM: Quarterly Point Machine Overhaul & Lubrication.,COMPLETED,120,T-301 (OHE Gang)
HIST-03927,TASK-03970,2025-04-02T23:44:00,2025-04-03T01:44:00,Routine PM: Quarterly Point Machine Overhaul & Lubrication.,COMPLETED,120,T-202
HIST-03928,TASK-03971,2025-07-02T00:00:00,2025-07-02T01:54:00,Routine PM: Quarterly Point Machine Overhaul & Lubrication.,COMPLETED,114,T-101 (Engineering Gang)
HIST-03929,TASK-03972,2025-09-29T23:44:00,2025-09-30T01:41:00,Routine PM: Quarterly Point Machine Overhaul & Lubrication.,COMPLETED,117,T-302
HIST-03930,TASK-03973,2025-12-29T00:26:00,2025-12-29T02:27:00,Routine PM: Quarterly Point Machine Overhaul & Lubrication.,COMPLETED,121,T-301 (OHE Gang)
HIST-03931,TASK-03974,2026-03-29T00:27:00,2026-03-29T02:29:00,Routine PM: Quarterly Point Machine Overhaul & Lubrication.,COMPLETED,122,T-202
HIST-03932,TASK-03975,2026-06-27T00:13:00,2026-06-27T02:14:00,Routine PM: Quarterly Point Machine Overhaul & Lubrication.,COMPLETED,121,T-101 (Engineering Gang)
HIST-03936,TASK-03979,2023-10-15T23:43:00,2023-10-16T01:44:00,Routine PM: Quarterly Point Machine Overhaul & Lubrication.,COMPLETED,121,T-301 (OHE Gang)
HIST-03937,TASK-03980,2024-01-13T23:42:00,2024-01-14T01:44:00,Routine PM: Quarterly Point Machine Overhaul & Lubrication.,COMPLETED,122,T-201 (Signal Staff)
HIST-03938,TASK-03981,2024-04-13T00:24:00,2024-04-13T02:19:00,Routine PM: Quarterly Point Machine Overhaul & Lubrication.,COMPLETED,115,T-101 (Engineering Gang)
HIST-03939,TASK-03982,2024-07-12T00:19:00,2024-07-12T02:14:00,Routine PM: Quarterly Point Machine Overhaul & Lubrication.,COMPLETED,115,T-302
HIST-03940,TASK-03983,2024-10-10T00:08:00,2024-10-10T02:09:00,Routine PM: Quarterly Point Machine Overhaul & Lubrication.,COMPLETED,121,T-202
HIST-03941,TASK-03984,2025-01-07T23:56:00,2025-01-08T01:57:00,Routine PM: Quarterly Point Machine Overhaul & Lubrication.,COMPLETED,121,T-302
HIST-03942,TASK-03985,2025-04-08T00:16:00,2025-04-08T02:18:00,Routine PM: Quarterly Point Machine Overhaul & Lubrication.,COMPLETED,122,T-202
HIST-03943,TASK-03986,2025-07-06T23:48:00,2025-07-07T01:43:00,Routine PM: Quarterly Point Machine Overhaul & Lubrication.,COMPLETED,115,T-302
HIST-03944,TASK-03987,2025-10-05T00:00:00,2025-10-05T01:59:00,Routine PM: Quarterly Point Machine Overhaul & Lubrication.,COMPLETED,119,T-101 (Engineering Gang)
HIST-03945,TASK-03988,2026-01-02T23:50:00,2026-01-03T01:46:00,Routine PM: Quarterly Point Machine Overhaul & Lubrication.,COMPLETED,116,T-302
HIST-03946,TASK-03989,2026-04-02T23:58:00,2026-04-03T02:01:00,Routine PM: Quarterly Point Machine Overhaul & Lubrication.,COMPLETED,123,T-101 (Engineering Gang)
HIST-03947,TASK-03990,2026-07-02T00:14:00,2026-07-02T02:15:00,Routine PM: Quarterly Point Machine Overhaul & Lubrication.,COMPLETED,121,T-302
HIST-03948,TASK-03991,2023-09-29T23:32:00,2023-09-30T01:35:00,Routine PM: Quarterly Point Machine Overhaul & Lubrication.,COMPLETED,123,T-102
HIST-03949,TASK-03992,2023-12-29T00:09:00,2023-12-29T02:10:00,Routine PM: Quarterly Point Machine Overhaul & Lubrication.,COMPLETED,121,T-302
HIST-03950,TASK-03993,2024-03-28T00:29:00,2024-03-28T02:30:00,Routine PM: Quarterly Point Machine Overhaul & Lubrication.,COMPLETED,121,T-302
HIST-03951,TASK-03994,2024-06-26T00:04:00,2024-06-26T02:01:00,Routine PM: Quarterly Point Machine Overhaul & Lubrication.,COMPLETED,117,T-302
HIST-03952,TASK-03995,2024-09-23T23:55:00,2024-09-24T01:55:00,Routine PM: Quarterly Point Machine Overhaul & Lubrication.,COMPLETED,120,T-202
HIST-03953,TASK-03996,2024-12-23T00:25:00,2024-12-23T02:22:00,Routine PM: Quarterly Point Machine Overhaul & Lubrication.,COMPLETED,117,T-101 (Engineering Gang)
HIST-03954,TASK-03997,2025-03-22T23:56:00,2025-03-23T01:53:00,Routine PM: Quarterly Point Machine Overhaul & Lubrication.,COMPLETED,117,T-202
HIST-03955,TASK-03998,2025-06-20T23:45:00,2025-06-21T01:41:00,Routine PM: Quarterly Point Machine Overhaul & Lubrication.,COMPLETED,116,T-101 (Engineering Gang)
HIST-03956,TASK-03999,2025-09-18T23:35:00,2025-09-19T01:32:00,Routine PM: Quarterly Point Machine Overhaul & Lubrication.,COMPLETED,117,T-302
HIST-03957,TASK-04000,2025-12-18T00:15:00,2025-12-18T02:15:00,Routine PM: Quarterly Point Machine Overhaul & Lubrication.,COMPLETED,120,T-301 (OHE Gang)
HIST-03958,TASK-04001,2026-03-17T23:31:00,2026-03-18T01:27:00,Routine PM: Quarterly Point Machine Overhaul & Lubrication.,COMPLETED,116,T-302
HIST-03959,TASK-04002,2026-06-16T00:23:00,2026-06-16T02:18:00,Routine PM: Quarterly Point Machine Overhaul & Lubrication.,COMPLETED,115,T-202
HIST-03975,TASK-04018,2023-10-12T00:17:00,2023-10-12T02:16:00,Routine PM: Quarterly Point Machine Overhaul & Lubrication.,COMPLETED,119,T-301 (OHE Gang)
HIST-03976,TASK-04019,2024-01-09T23:37:00,2024-01-10T01:38:00,Routine PM: Quarterly Point Machine Overhaul & Lubrication.,COMPLETED,121,T-301 (OHE Gang)
HIST-03977,TASK-04020,2024-04-09T00:27:00,2024-04-09T02:26:00,Routine PM: Quarterly Point Machine Overhaul & Lubrication.,COMPLETED,119,T-302
HIST-03978,TASK-04021,2024-07-08T00:22:00,2024-07-08T02:25:00,Routine PM: Quarterly Point Machine Overhaul & Lubrication.,COMPLETED,123,T-101 (Engineering Gang)
HIST-03979,TASK-04022,2024-10-06T00:02:00,2024-10-06T01:58:00,Routine PM: Quarterly Point Machine Overhaul & Lubrication.,COMPLETED,116,T-102
HIST-03980,TASK-04023,2025-01-03T23:45:00,2025-01-04T01:41:00,Routine PM: Quarterly Point Machine Overhaul & Lubrication.,COMPLETED,116,T-201 (Signal Staff)
HIST-03981,TASK-04024,2025-04-04T00:26:00,2025-04-04T02:24:00,Routine PM: Quarterly Point Machine Overhaul & Lubrication.,COMPLETED,118,T-201 (Signal Staff)
HIST-03982,TASK-04025,2025-07-03T00:15:00,2025-07-03T02:14:00,Routine PM: Quarterly Point Machine Overhaul & Lubrication.,COMPLETED,119,T-101 (Engineering Gang)
HIST-03983,TASK-04026,2025-09-30T23:51:00,2025-10-01T01:50:00,Routine PM: Quarterly Point Machine Overhaul & Lubrication.,COMPLETED,119,T-301 (OHE Gang)
HIST-03984,TASK-04027,2025-12-29T23:59:00,2025-12-30T02:01:00,Routine PM: Quarterly Point Machine Overhaul & Lubrication.,COMPLETED,122,T-102
HIST-03985,TASK-04028,2026-03-29T23:55:00,2026-03-30T01:59:00,Routine PM: Quarterly Point Machine Overhaul & Lubrication.,COMPLETED,124,T-102
HIST-03986,TASK-04029,2026-06-27T23:33:00,2026-06-28T01:29:00,Routine PM: Quarterly Point Machine Overhaul & Lubrication.,COMPLETED,116,T-301 (OHE Gang)
HIST-03987,TASK-04030,2023-08-17T23:59:00,2023-08-18T02:01:00,Routine PM: Quarterly Point Machine Overhaul & Lubrication.,COMPLETED,122,T-102
HIST-03988,TASK-04031,2023-11-15T23:57:00,2023-11-16T01:56:00,Routine PM: Quarterly Point Machine Overhaul & Lubrication.,COMPLETED,119,T-102
HIST-03989,TASK-04032,2024-02-14T00:06:00,2024-02-14T02:07:00,Routine PM: Quarterly Point Machine Overhaul & Lubrication.,COMPLETED,121,T-301 (OHE Gang)
HIST-03990,TASK-04033,2024-05-13T23:31:00,2024-05-14T01:31:00,Routine PM: Quarterly Point Machine Overhaul & Lubrication.,COMPLETED,120,T-301 (OHE Gang)
HIST-03991,TASK-04034,2024-08-12T00:15:00,2024-08-12T02:10:00,Routine PM: Quarterly Point Machine Overhaul & Lubrication.,COMPLETED,115,T-101 (Engineering Gang)
HIST-03992,TASK-04035,2024-11-10T00:30:00,2024-11-10T02:24:00,Routine PM: Quarterly Point Machine Overhaul & Lubrication.,COMPLETED,114,T-202
HIST-03993,TASK-04036,2025-02-08T00:09:00,2025-02-08T02:07:00,Routine PM: Quarterly Point Machine Overhaul & Lubrication.,COMPLETED,118,T-301 (OHE Gang)
HIST-03994,TASK-04037,2025-05-09T00:25:00,2025-05-09T02:29:00,Routine PM: Quarterly Point Machine Overhaul & Lubrication.,COMPLETED,124,T-201 (Signal Staff)
HIST-03995,TASK-04038,2025-08-06T23:38:00,2025-08-07T01:36:00,Routine PM: Quarterly Point Machine Overhaul & Lubrication.,COMPLETED,118,T-301 (OHE Gang)
HIST-03996,TASK-04039,2025-11-05T00:01:00,2025-11-05T01:58:00,Routine PM: Quarterly Point Machine Overhaul & Lubrication.,COMPLETED,117,T-101 (Engineering Gang)
HIST-03997,TASK-04040,2026-02-03T00:11:00,2026-02-03T02:13:00,Routine PM: Quarterly Point Machine Overhaul & Lubrication.,COMPLETED,122,T-101 (Engineering Gang)
HIST-03998,TASK-04041,2026-05-03T23:41:00,2026-05-04T01:43:00,Routine PM: Quarterly Point Machine Overhaul & Lubrication.,COMPLETED,122,T-101 (Engineering Gang)
HIST-04011,TASK-04054,2023-10-30T00:06:00,2023-10-30T02:09:00,Routine PM: Quarterly Point Machine Overhaul & Lubrication.,COMPLETED,123,T-202
HIST-04012,TASK-04055,2024-01-28T00:23:00,2024-01-28T02:27:00,Routine PM: Quarterly Point Machine Overhaul & Lubrication.,COMPLETED,124,T-202
HIST-04013,TASK-04056,2024-04-27T00:04:00,2024-04-27T02:03:00,Routine PM: Quarterly Point Machine Overhaul & Lubrication.,COMPLETED,119,T-202
HIST-04014,TASK-04057,2024-07-25T23:38:00,2024-07-26T01:33:00,Routine PM: Quarterly Point Machine Overhaul & Lubrication.,COMPLETED,115,T-301 (OHE Gang)
HIST-04015,TASK-04058,2024-10-23T23:30:00,2024-10-24T01:25:00,Routine PM: Quarterly Point Machine Overhaul & Lubrication.,COMPLETED,115,T-202
HIST-04016,TASK-04059,2025-01-21T23:34:00,2025-01-22T01:33:00,Routine PM: Quarterly Point Machine Overhaul & Lubrication.,COMPLETED,119,T-301 (OHE Gang)
HIST-04017,TASK-04060,2025-04-21T23:59:00,2025-04-22T01:58:00,Routine PM: Quarterly Point Machine Overhaul & Lubrication.,COMPLETED,119,T-101 (Engineering Gang)
HIST-04018,TASK-04061,2025-07-20T23:36:00,2025-07-21T01:36:00,Routine PM: Quarterly Point Machine Overhaul & Lubrication.,COMPLETED,120,T-202
HIST-04019,TASK-04062,2025-10-18T23:57:00,2025-10-19T01:59:00,Routine PM: Quarterly Point Machine Overhaul & Lubrication.,COMPLETED,122,T-302
HIST-04020,TASK-04063,2026-01-17T00:23:00,2026-01-17T02:20:00,Routine PM: Quarterly Point Machine Overhaul & Lubrication.,COMPLETED,117,T-201 (Signal Staff)
HIST-04021,TASK-04064,2026-04-16T23:38:00,2026-04-17T01:36:00,Routine PM: Quarterly Point Machine Overhaul & Lubrication.,COMPLETED,118,T-301 (OHE Gang)
HIST-04022,TASK-04065,2026-07-16T00:08:00,2026-07-16T02:11:00,Routine PM: Quarterly Point Machine Overhaul & Lubrication.,COMPLETED,123,T-301 (OHE Gang)
HIST-04032,TASK-04075,2023-09-08T00:20:00,2023-09-08T02:23:00,Routine PM: Quarterly Point Machine Overhaul & Lubrication.,COMPLETED,123,T-301 (OHE Gang)
HIST-04033,TASK-04076,2023-12-07T00:09:00,2023-12-07T02:05:00,Routine PM: Quarterly Point Machine Overhaul & Lubrication.,COMPLETED,116,T-102
HIST-04034,TASK-04077,2024-03-05T23:57:00,2024-03-06T01:58:00,Routine PM: Quarterly Point Machine Overhaul & Lubrication.,COMPLETED,121,T-101 (Engineering Gang)
HIST-04035,TASK-04078,2024-06-03T23:35:00,2024-06-04T01:39:00,Routine PM: Quarterly Point Machine Overhaul & Lubrication.,COMPLETED,124,T-201 (Signal Staff)
HIST-04036,TASK-04079,2024-09-01T23:50:00,2024-09-02T01:49:00,Routine PM: Quarterly Point Machine Overhaul & Lubrication.,COMPLETED,119,T-102
HIST-04037,TASK-04080,2024-12-01T00:10:00,2024-12-01T02:13:00,Routine PM: Quarterly Point Machine Overhaul & Lubrication.,COMPLETED,123,T-101 (Engineering Gang)
HIST-04038,TASK-04081,2025-02-28T23:54:00,2025-03-01T01:50:00,Routine PM: Quarterly Point Machine Overhaul & Lubrication.,COMPLETED,116,T-101 (Engineering Gang)
HIST-04039,TASK-04082,2025-05-29T23:59:00,2025-05-30T01:55:00,Routine PM: Quarterly Point Machine Overhaul & Lubrication.,COMPLETED,116,T-101 (Engineering Gang)
HIST-04040,TASK-04083,2025-08-28T00:19:00,2025-08-28T02:16:00,Routine PM: Quarterly Point Machine Overhaul & Lubrication.,COMPLETED,117,T-202
HIST-04041,TASK-04084,2025-11-26T00:14:00,2025-11-26T02:10:00,Routine PM: Quarterly Point Machine Overhaul & Lubrication.,COMPLETED,116,T-201 (Signal Staff)
HIST-04042,TASK-04085,2026-02-24T00:04:00,2026-02-24T01:59:00,Routine PM: Quarterly Point Machine Overhaul & Lubrication.,COMPLETED,115,T-302
HIST-04043,TASK-04086,2026-05-25T00:30:00,2026-05-25T02:26:00,Routine PM: Quarterly Point Machine Overhaul & Lubrication.,COMPLETED,116,T-101 (Engineering Gang)
HIST-04044,TASK-04087,2023-09-14T00:20:00,2023-09-14T02:18:00,Routine PM: Quarterly Point Machine Overhaul & Lubrication.,COMPLETED,118,T-201 (Signal Staff)
HIST-04045,TASK-04088,2023-12-12T23:42:00,2023-12-13T01:39:00,Routine PM: Quarterly Point Machine Overhaul & Lubrication.,COMPLETED,117,T-101 (Engineering Gang)
HIST-04046,TASK-04089,2024-03-12T00:15:00,2024-03-12T02:14:00,Routine PM: Quarterly Point Machine Overhaul & Lubrication.,COMPLETED,119,T-202
HIST-04047,TASK-04090,2024-06-09T23:56:00,2024-06-10T02:00:00,Routine PM: Quarterly Point Machine Overhaul & Lubrication.,COMPLETED,124,T-202
HIST-04048,TASK-04091,2024-09-07T23:58:00,2024-09-08T01:55:00,Routine PM: Quarterly Point Machine Overhaul & Lubrication.,COMPLETED,117,T-301 (OHE Gang)
HIST-04049,TASK-04092,2024-12-07T00:11:00,2024-12-07T02:13:00,Routine PM: Quarterly Point Machine Overhaul & Lubrication.,COMPLETED,122,T-102
HIST-04050,TASK-04093,2025-03-07T00:14:00,2025-03-07T02:11:00,Routine PM: Quarterly Point Machine Overhaul & Lubrication.,COMPLETED,117,T-302
HIST-04051,TASK-04094,2025-06-04T23:46:00,2025-06-05T01:46:00,Routine PM: Quarterly Point Machine Overhaul & Lubrication.,COMPLETED,120,T-101 (Engineering Gang)
HIST-04052,TASK-04095,2025-09-03T00:02:00,2025-09-03T02:06:00,Routine PM: Quarterly Point Machine Overhaul & Lubrication.,COMPLETED,124,T-102
HIST-04053,TASK-04096,2025-12-01T23:43:00,2025-12-02T01:44:00,Routine PM: Quarterly Point Machine Overhaul & Lubrication.,COMPLETED,121,T-202
HIST-04054,TASK-04097,2026-03-02T00:12:00,2026-03-02T02:08:00,Routine PM: Quarterly Point Machine Overhaul & Lubrication.,COMPLETED,116,T-201 (Signal Staff)
HIST-04055,TASK-04098,2026-05-31T00:27:00,2026-05-31T02:24:00,Routine PM: Quarterly Point Machine Overhaul & Lubrication.,COMPLETED,117,T-301 (OHE Gang)
HIST-04065,TASK-04108,2023-09-18T23:48:00,2023-09-19T01:47:00,Routine PM: Quarterly Point Machine Overhaul & Lubrication.,COMPLETED,119,T-102
HIST-04066,TASK-04109,2023-12-17T23:35:00,2023-12-18T01:31:00,Routine PM: Quarterly Point Machine Overhaul & Lubrication.,COMPLETED,116,T-101 (Engineering Gang)
HIST-04067,TASK-04110,2024-03-16T23:40:00,2024-03-17T01:38:00,Routine PM: Quarterly Point Machine Overhaul & Lubrication.,COMPLETED,118,T-201 (Signal Staff)
HIST-04068,TASK-04111,2024-06-15T00:11:00,2024-06-15T02:14:00,Routine PM: Quarterly Point Machine Overhaul & Lubrication.,COMPLETED,123,T-302
HIST-04069,TASK-04112,2024-09-13T00:29:00,2024-09-13T02:33:00,Routine PM: Quarterly Point Machine Overhaul & Lubrication.,COMPLETED,124,T-302
HIST-04070,TASK-04113,2024-12-11T23:45:00,2024-12-12T01:42:00,Routine PM: Quarterly Point Machine Overhaul & Lubrication.,COMPLETED,117,T-101 (Engineering Gang)
HIST-04071,TASK-04114,2025-03-11T23:31:00,2025-03-12T01:30:00,Routine PM: Quarterly Point Machine Overhaul & Lubrication.,COMPLETED,119,T-102
HIST-04072,TASK-04115,2025-06-10T00:22:00,2025-06-10T02:26:00,Routine PM: Quarterly Point Machine Overhaul & Lubrication.,COMPLETED,124,T-202
HIST-04073,TASK-04116,2025-09-08T00:16:00,2025-09-08T02:18:00,Routine PM: Quarterly Point Machine Overhaul & Lubrication.,COMPLETED,122,T-202
HIST-04074,TASK-04117,2025-12-07T00:30:00,2025-12-07T02:29:00,Routine PM: Quarterly Point Machine Overhaul & Lubrication.,COMPLETED,119,T-102
HIST-04075,TASK-04118,2026-03-06T23:53:00,2026-03-07T01:52:00,Routine PM: Quarterly Point Machine Overhaul & Lubrication.,COMPLETED,119,T-201 (Signal Staff)
HIST-04076,TASK-04119,2026-06-05T00:30:00,2026-06-05T02:32:00,Routine PM: Quarterly Point Machine Overhaul & Lubrication.,COMPLETED,122,T-101 (Engineering Gang)
HIST-04086,TASK-04129,2023-08-23T00:27:00,2023-08-23T02:21:00,Routine PM: Quarterly Point Machine Overhaul & Lubrication.,COMPLETED,114,T-302
HIST-04087,TASK-04130,2023-11-21T00:28:00,2023-11-21T02:32:00,Routine PM: Quarterly Point Machine Overhaul & Lubrication.,COMPLETED,124,T-101 (Engineering Gang)
HIST-04088,TASK-04131,2024-02-19T00:09:00,2024-02-19T02:11:00,Routine PM: Quarterly Point Machine Overhaul & Lubrication.,COMPLETED,122,T-301 (OHE Gang)
HIST-04089,TASK-04132,2024-05-19T00:17:00,2024-05-19T02:20:00,Routine PM: Quarterly Point Machine Overhaul & Lubrication.,COMPLETED,123,T-201 (Signal Staff)
HIST-04090,TASK-04133,2024-08-17T00:00:00,2024-08-17T02:02:00,Routine PM: Quarterly Point Machine Overhaul & Lubrication.,COMPLETED,122,T-101 (Engineering Gang)
HIST-04091,TASK-04134,2024-11-15T00:28:00,2024-11-15T02:32:00,Routine PM: Quarterly Point Machine Overhaul & Lubrication.,COMPLETED,124,T-201 (Signal Staff)
HIST-04092,TASK-04135,2025-02-13T00:13:00,2025-02-13T02:15:00,Routine PM: Quarterly Point Machine Overhaul & Lubrication.,COMPLETED,122,T-201 (Signal Staff)
HIST-04093,TASK-04136,2025-05-14T00:22:00,2025-05-14T02:27:00,Routine PM: Quarterly Point Machine Overhaul & Lubrication.,COMPLETED,125,T-101 (Engineering Gang)
HIST-04094,TASK-04137,2025-08-11T23:43:00,2025-08-12T01:37:00,Routine PM: Quarterly Point Machine Overhaul & Lubrication.,COMPLETED,114,T-101 (Engineering Gang)
HIST-04095,TASK-04138,2025-11-09T23:57:00,2025-11-10T01:55:00,Routine PM: Quarterly Point Machine Overhaul & Lubrication.,COMPLETED,118,T-301 (OHE Gang)
HIST-04096,TASK-04139,2026-02-08T00:27:00,2026-02-08T02:26:00,Routine PM: Quarterly Point Machine Overhaul & Lubrication.,COMPLETED,119,T-301 (OHE Gang)
HIST-04097,TASK-04140,2026-05-08T23:36:00,2026-05-09T01:40:00,Routine PM: Quarterly Point Machine Overhaul & Lubrication.,COMPLETED,124,T-202
HIST-04110,TASK-04153,2023-09-07T00:21:00,2023-09-07T02:17:00,Routine PM: Quarterly Point Machine Overhaul & Lubrication.,COMPLETED,116,T-302
HIST-04111,TASK-04154,2023-12-06T00:06:00,2023-12-06T02:09:00,Routine PM: Quarterly Point Machine Overhaul & Lubrication.,COMPLETED,123,T-101 (Engineering Gang)
HIST-04112,TASK-04155,2024-03-04T23:31:00,2024-03-05T01:31:00,Routine PM: Quarterly Point Machine Overhaul & Lubrication.,COMPLETED,120,T-302
HIST-04113,TASK-04156,2024-06-03T00:24:00,2024-06-03T02:26:00,Routine PM: Quarterly Point Machine Overhaul & Lubrication.,COMPLETED,122,T-302
HIST-04114,TASK-04157,2024-09-01T00:28:00,2024-09-01T02:24:00,Routine PM: Quarterly Point Machine Overhaul & Lubrication.,COMPLETED,116,T-201 (Signal Staff)
HIST-04115,TASK-04158,2024-11-30T00:18:00,2024-11-30T02:17:00,Routine PM: Quarterly Point Machine Overhaul & Lubrication.,COMPLETED,119,T-202
HIST-04116,TASK-04159,2025-02-27T23:55:00,2025-02-28T01:53:00,Routine PM: Quarterly Point Machine Overhaul & Lubrication.,COMPLETED,118,T-102
HIST-04117,TASK-04160,2025-05-29T00:04:00,2025-05-29T02:09:00,Routine PM: Quarterly Point Machine Overhaul & Lubrication.,COMPLETED,125,T-202
HIST-04118,TASK-04161,2025-08-27T00:06:00,2025-08-27T02:06:00,Routine PM: Quarterly Point Machine Overhaul & Lubrication.,COMPLETED,120,T-201 (Signal Staff)
HIST-04119,TASK-04162,2025-11-24T23:31:00,2025-11-25T01:25:00,Routine PM: Quarterly Point Machine Overhaul & Lubrication.,COMPLETED,114,T-201 (Signal Staff)
HIST-04120,TASK-04163,2026-02-23T00:30:00,2026-02-23T02:28:00,Routine PM: Quarterly Point Machine Overhaul & Lubrication.,COMPLETED,118,T-301 (OHE Gang)
HIST-04121,TASK-04164,2026-05-23T23:33:00,2026-05-24T01:34:00,Routine PM: Quarterly Point Machine Overhaul & Lubrication.,COMPLETED,121,T-101 (Engineering Gang)
HIST-04125,TASK-04168,2023-10-02T00:24:00,2023-10-02T02:19:00,Routine PM: Quarterly Point Machine Overhaul & Lubrication.,COMPLETED,115,T-201 (Signal Staff)
HIST-04126,TASK-04169,2023-12-30T23:43:00,2023-12-31T01:41:00,Routine PM: Quarterly Point Machine Overhaul & Lubrication.,COMPLETED,118,T-202
HIST-04127,TASK-04170,2024-03-29T23:48:00,2024-03-30T01:49:00,Routine PM: Quarterly Point Machine Overhaul & Lubrication.,COMPLETED,121,T-102
HIST-04128,TASK-04171,2024-06-27T23:57:00,2024-06-28T01:51:00,Routine PM: Quarterly Point Machine Overhaul & Lubrication.,COMPLETED,114,T-302
HIST-04129,TASK-04172,2024-09-26T00:10:00,2024-09-26T02:13:00,Routine PM: Quarterly Point Machine Overhaul & Lubrication.,COMPLETED,123,T-102
HIST-04130,TASK-04173,2024-12-25T00:25:00,2024-12-25T02:27:00,Routine PM: Quarterly Point Machine Overhaul & Lubrication.,COMPLETED,122,T-101 (Engineering Gang)
HIST-04131,TASK-04174,2025-03-25T00:04:00,2025-03-25T02:01:00,Routine PM: Quarterly Point Machine Overhaul & Lubrication.,COMPLETED,117,T-302
HIST-04132,TASK-04175,2025-06-23T00:13:00,2025-06-23T02:13:00,Routine PM: Quarterly Point Machine Overhaul & Lubrication.,COMPLETED,120,T-302
HIST-04133,TASK-04176,2025-09-21T00:07:00,2025-09-21T02:06:00,Routine PM: Quarterly Point Machine Overhaul & Lubrication.,COMPLETED,119,T-301 (OHE Gang)
HIST-04134,TASK-04177,2025-12-20T00:19:00,2025-12-20T02:16:00,Routine PM: Quarterly Point Machine Overhaul & Lubrication.,COMPLETED,117,T-202
HIST-04135,TASK-04178,2026-03-19T23:57:00,2026-03-20T01:57:00,Routine PM: Quarterly Point Machine Overhaul & Lubrication.,COMPLETED,120,T-102
HIST-04136,TASK-04179,2026-06-17T23:34:00,2026-06-18T01:29:00,Routine PM: Quarterly Point Machine Overhaul & Lubrication.,COMPLETED,115,T-202
HIST-04137,TASK-04180,2023-10-11T23:56:00,2023-10-12T01:55:00,Routine PM: Quarterly Point Machine Overhaul & Lubrication.,COMPLETED,119,T-201 (Signal Staff)
HIST-04138,TASK-04181,2024-01-09T23:37:00,2024-01-10T01:42:00,Routine PM: Quarterly Point Machine Overhaul & Lubrication.,COMPLETED,125,T-201 (Signal Staff)
HIST-04139,TASK-04182,2024-04-08T23:51:00,2024-04-09T01:48:00,Routine PM: Quarterly Point Machine Overhaul & Lubrication.,COMPLETED,117,T-301 (OHE Gang)
HIST-04140,TASK-04183,2024-07-07T23:55:00,2024-07-08T01:58:00,Routine PM: Quarterly Point Machine Overhaul & Lubrication.,COMPLETED,123,T-301 (OHE Gang)
HIST-04141,TASK-04184,2024-10-06T00:16:00,2024-10-06T02:12:00,Routine PM: Quarterly Point Machine Overhaul & Lubrication.,COMPLETED,116,T-101 (Engineering Gang)
HIST-04142,TASK-04185,2025-01-03T23:52:00,2025-01-04T01:54:00,Routine PM: Quarterly Point Machine Overhaul & Lubrication.,COMPLETED,122,T-302
HIST-04143,TASK-04186,2025-04-04T00:28:00,2025-04-04T02:28:00,Routine PM: Quarterly Point Machine Overhaul & Lubrication.,COMPLETED,120,T-201 (Signal Staff)
HIST-04144,TASK-04187,2025-07-03T00:13:00,2025-07-03T02:17:00,Routine PM: Quarterly Point Machine Overhaul & Lubrication.,COMPLETED,124,T-202
HIST-04145,TASK-04188,2025-10-01T00:22:00,2025-10-01T02:26:00,Routine PM: Quarterly Point Machine Overhaul & Lubrication.,COMPLETED,124,T-202
HIST-04146,TASK-04189,2025-12-30T00:25:00,2025-12-30T02:26:00,Routine PM: Quarterly Point Machine Overhaul & Lubrication.,COMPLETED,121,T-301 (OHE Gang)
HIST-04147,TASK-04190,2026-03-29T23:45:00,2026-03-30T01:50:00,Routine PM: Quarterly Point Machine Overhaul & Lubrication.,COMPLETED,125,T-101 (Engineering Gang)
HIST-04148,TASK-04191,2026-06-27T23:41:00,2026-06-28T01:45:00,Routine PM: Quarterly Point Machine Overhaul & Lubrication.,COMPLETED,124,T-101 (Engineering Gang)
HIST-04155,TASK-04198,2023-10-17T00:16:00,2023-10-17T02:12:00,Routine PM: Quarterly Point Machine Overhaul & Lubrication.,COMPLETED,116,T-101 (Engineering Gang)
HIST-04156,TASK-04199,2024-01-14T23:43:00,2024-01-15T01:40:00,Routine PM: Quarterly Point Machine Overhaul & Lubrication.,COMPLETED,117,T-302
HIST-04157,TASK-04200,2024-04-13T23:39:00,2024-04-14T01:36:00,Routine PM: Quarterly Point Machine Overhaul & Lubrication.,COMPLETED,117,T-301 (OHE Gang)
HIST-04158,TASK-04201,2024-07-13T00:26:00,2024-07-13T02:27:00,Routine PM: Quarterly Point Machine Overhaul & Lubrication.,COMPLETED,121,T-101 (Engineering Gang)
HIST-04159,TASK-04202,2024-10-11T00:21:00,2024-10-11T02:21:00,Routine PM: Quarterly Point Machine Overhaul & Lubrication.,COMPLETED,120,T-102
HIST-04160,TASK-04203,2025-01-09T00:25:00,2025-01-09T02:28:00,Routine PM: Quarterly Point Machine Overhaul & Lubrication.,COMPLETED,123,T-201 (Signal Staff)
HIST-04161,TASK-04204,2025-04-09T00:24:00,2025-04-09T02:18:00,Routine PM: Quarterly Point Machine Overhaul & Lubrication.,COMPLETED,114,T-102
HIST-04162,TASK-04205,2025-07-08T00:20:00,2025-07-08T02:24:00,Routine PM: Quarterly Point Machine Overhaul & Lubrication.,COMPLETED,124,T-202
HIST-04163,TASK-04206,2025-10-06T00:24:00,2025-10-06T02:29:00,Routine PM: Quarterly Point Machine Overhaul & Lubrication.,COMPLETED,125,T-302
HIST-04164,TASK-04207,2026-01-04T00:16:00,2026-01-04T02:21:00,Routine PM: Quarterly Point Machine Overhaul & Lubrication.,COMPLETED,125,T-302
HIST-04165,TASK-04208,2026-04-03T23:39:00,2026-04-04T01:44:00,Routine PM: Quarterly Point Machine Overhaul & Lubrication.,COMPLETED,125,T-302
HIST-04166,TASK-04209,2026-07-03T00:09:00,2026-07-03T02:05:00,Routine PM: Quarterly Point Machine Overhaul & Lubrication.,COMPLETED,116,T-101 (Engineering Gang)
HIST-04170,TASK-04213,2023-10-16T00:19:00,2023-10-16T02:17:00,Routine PM: Quarterly Point Machine Overhaul & Lubrication.,COMPLETED,118,T-101 (Engineering Gang)
HIST-04171,TASK-04214,2024-01-14T00:16:00,2024-01-14T02:21:00,Routine PM: Quarterly Point Machine Overhaul & Lubrication.,COMPLETED,125,T-302
HIST-04172,TASK-04215,2024-04-13T00:06:00,2024-04-13T02:05:00,Routine PM: Quarterly Point Machine Overhaul & Lubrication.,COMPLETED,119,T-101 (Engineering Gang)
HIST-04173,TASK-04216,2024-07-11T23:44:00,2024-07-12T01:39:00,Routine PM: Quarterly Point Machine Overhaul & Lubrication.,COMPLETED,115,T-302
HIST-04174,TASK-04217,2024-10-09T23:33:00,2024-10-10T01:34:00,Routine PM: Quarterly Point Machine Overhaul & Lubrication.,COMPLETED,121,T-302
HIST-04175,TASK-04218,2025-01-08T00:29:00,2025-01-08T02:26:00,Routine PM: Quarterly Point Machine Overhaul & Lubrication.,COMPLETED,117,T-102
HIST-04176,TASK-04219,2025-04-08T00:22:00,2025-04-08T02:16:00,Routine PM: Quarterly Point Machine Overhaul & Lubrication.,COMPLETED,114,T-102
HIST-04177,TASK-04220,2025-07-07T00:14:00,2025-07-07T02:15:00,Routine PM: Quarterly Point Machine Overhaul & Lubrication.,COMPLETED,121,T-302
HIST-04178,TASK-04221,2025-10-04T23:50:00,2025-10-05T01:45:00,Routine PM: Quarterly Point Machine Overhaul & Lubrication.,COMPLETED,115,T-102
HIST-04179,TASK-04222,2026-01-02T23:55:00,2026-01-03T01:51:00,Routine PM: Quarterly Point Machine Overhaul & Lubrication.,COMPLETED,116,T-101 (Engineering Gang)
HIST-04180,TASK-04223,2026-04-02T23:47:00,2026-04-03T01:45:00,Routine PM: Quarterly Point Machine Overhaul & Lubrication.,COMPLETED,118,T-101 (Engineering Gang)
HIST-04181,TASK-04224,2026-07-01T23:57:00,2026-07-02T01:54:00,Routine PM: Quarterly Point Machine Overhaul & Lubrication.,COMPLETED,117,T-302
HIST-04185,TASK-04228,2023-10-11T23:59:00,2023-10-12T01:54:00,Routine PM: Quarterly Point Machine Overhaul & Lubrication.,COMPLETED,115,T-102
HIST-04186,TASK-04229,2024-01-09T23:37:00,2024-01-10T01:33:00,Routine PM: Quarterly Point Machine Overhaul & Lubrication.,COMPLETED,116,T-202
HIST-04187,TASK-04230,2024-04-09T00:07:00,2024-04-09T02:07:00,Routine PM: Quarterly Point Machine Overhaul & Lubrication.,COMPLETED,120,T-201 (Signal Staff)
HIST-04188,TASK-04231,2024-07-08T00:24:00,2024-07-08T02:26:00,Routine PM: Quarterly Point Machine Overhaul & Lubrication.,COMPLETED,122,T-202
HIST-04189,TASK-04232,2024-10-06T00:20:00,2024-10-06T02:15:00,Routine PM: Quarterly Point Machine Overhaul & Lubrication.,COMPLETED,115,T-102
HIST-04190,TASK-04233,2025-01-04T00:16:00,2025-01-04T02:18:00,Routine PM: Quarterly Point Machine Overhaul & Lubrication.,COMPLETED,122,T-101 (Engineering Gang)
HIST-04191,TASK-04234,2025-04-04T00:12:00,2025-04-04T02:16:00,Routine PM: Quarterly Point Machine Overhaul & Lubrication.,COMPLETED,124,T-102
HIST-04192,TASK-04235,2025-07-03T00:10:00,2025-07-03T02:04:00,Routine PM: Quarterly Point Machine Overhaul & Lubrication.,COMPLETED,114,T-201 (Signal Staff)
HIST-04193,TASK-04236,2025-09-30T23:40:00,2025-10-01T01:41:00,Routine PM: Quarterly Point Machine Overhaul & Lubrication.,COMPLETED,121,T-202
HIST-04194,TASK-04237,2025-12-30T00:25:00,2025-12-30T02:24:00,Routine PM: Quarterly Point Machine Overhaul & Lubrication.,COMPLETED,119,T-201 (Signal Staff)
HIST-04195,TASK-04238,2026-03-30T00:17:00,2026-03-30T02:14:00,Routine PM: Quarterly Point Machine Overhaul & Lubrication.,COMPLETED,117,T-301 (OHE Gang)
HIST-04196,TASK-04239,2026-06-27T23:41:00,2026-06-28T01:40:00,Routine PM: Quarterly Point Machine Overhaul & Lubrication.,COMPLETED,119,T-301 (OHE Gang)
HIST-04203,TASK-04246,2023-08-27T00:12:00,2023-08-27T02:15:00,Routine PM: Quarterly Point Machine Overhaul & Lubrication.,COMPLETED,123,T-202
HIST-04204,TASK-04247,2023-11-24T23:56:00,2023-11-25T01:56:00,Routine PM: Quarterly Point Machine Overhaul & Lubrication.,COMPLETED,120,T-302
HIST-04205,TASK-04248,2024-02-23T00:22:00,2024-02-23T02:25:00,Routine PM: Quarterly Point Machine Overhaul & Lubrication.,COMPLETED,123,T-202
HIST-04206,TASK-04249,2024-05-23T00:11:00,2024-05-23T02:11:00,Routine PM: Quarterly Point Machine Overhaul & Lubrication.,COMPLETED,120,T-302
HIST-04207,TASK-04250,2024-08-20T23:47:00,2024-08-21T01:48:00,Routine PM: Quarterly Point Machine Overhaul & Lubrication.,COMPLETED,121,T-201 (Signal Staff)
HIST-04208,TASK-04251,2024-11-19T00:14:00,2024-11-19T02:10:00,Routine PM: Quarterly Point Machine Overhaul & Lubrication.,COMPLETED,116,T-201 (Signal Staff)
HIST-04209,TASK-04252,2025-02-17T00:16:00,2025-02-17T02:16:00,Routine PM: Quarterly Point Machine Overhaul & Lubrication.,COMPLETED,120,T-201 (Signal Staff)
HIST-04210,TASK-04253,2025-05-17T23:54:00,2025-05-18T01:54:00,Routine PM: Quarterly Point Machine Overhaul & Lubrication.,COMPLETED,120,T-102
HIST-04211,TASK-04254,2025-08-16T00:02:00,2025-08-16T02:01:00,Routine PM: Quarterly Point Machine Overhaul & Lubrication.,COMPLETED,119,T-302
HIST-04212,TASK-04255,2025-11-14T00:13:00,2025-11-14T02:09:00,Routine PM: Quarterly Point Machine Overhaul & Lubrication.,COMPLETED,116,T-301 (OHE Gang)
HIST-04213,TASK-04256,2026-02-11T23:53:00,2026-02-12T01:58:00,Routine PM: Quarterly Point Machine Overhaul & Lubrication.,COMPLETED,125,T-302
HIST-04214,TASK-04257,2026-05-13T00:20:00,2026-05-13T02:19:00,Routine PM: Quarterly Point Machine Overhaul & Lubrication.,COMPLETED,119,T-301 (OHE Gang)
HIST-04218,TASK-04261,2023-09-18T00:17:00,2023-09-18T02:22:00,Routine PM: Quarterly Point Machine Overhaul & Lubrication.,COMPLETED,125,T-301 (OHE Gang)
HIST-04219,TASK-04262,2023-12-16T23:43:00,2023-12-17T01:37:00,Routine PM: Quarterly Point Machine Overhaul & Lubrication.,COMPLETED,114,T-202
HIST-04220,TASK-04263,2024-03-15T23:37:00,2024-03-16T01:33:00,Routine PM: Quarterly Point Machine Overhaul & Lubrication.,COMPLETED,116,T-201 (Signal Staff)
HIST-04221,TASK-04264,2024-06-13T23:41:00,2024-06-14T01:39:00,Routine PM: Quarterly Point Machine Overhaul & Lubrication.,COMPLETED,118,T-102
HIST-04222,TASK-04265,2024-09-11T23:53:00,2024-09-12T01:47:00,Routine PM: Quarterly Point Machine Overhaul & Lubrication.,COMPLETED,114,T-101 (Engineering Gang)
HIST-04223,TASK-04266,2024-12-10T23:38:00,2024-12-11T01:33:00,Routine PM: Quarterly Point Machine Overhaul & Lubrication.,COMPLETED,115,T-102
HIST-04224,TASK-04267,2025-03-10T23:49:00,2025-03-11T01:52:00,Routine PM: Quarterly Point Machine Overhaul & Lubrication.,COMPLETED,123,T-302
HIST-04225,TASK-04268,2025-06-09T00:21:00,2025-06-09T02:19:00,Routine PM: Quarterly Point Machine Overhaul & Lubrication.,COMPLETED,118,T-101 (Engineering Gang)
HIST-04226,TASK-04269,2025-09-07T00:06:00,2025-09-07T02:03:00,Routine PM: Quarterly Point Machine Overhaul & Lubrication.,COMPLETED,117,T-301 (OHE Gang)
HIST-04227,TASK-04270,2025-12-05T23:53:00,2025-12-06T01:58:00,Routine PM: Quarterly Point Machine Overhaul & Lubrication.,COMPLETED,125,T-302
HIST-04228,TASK-04271,2026-03-06T00:11:00,2026-03-06T02:10:00,Routine PM: Quarterly Point Machine Overhaul & Lubrication.,COMPLETED,119,T-101 (Engineering Gang)
HIST-04229,TASK-04272,2026-06-03T23:48:00,2026-06-04T01:51:00,Routine PM: Quarterly Point Machine Overhaul & Lubrication.,COMPLETED,123,T-201 (Signal Staff)
HIST-04245,TASK-04288,2023-10-12T00:22:00,2023-10-12T02:21:00,Routine PM: Quarterly Point Machine Overhaul & Lubrication.,COMPLETED,119,T-202
HIST-04246,TASK-04289,2024-01-09T23:43:00,2024-01-10T01:43:00,Routine PM: Quarterly Point Machine Overhaul & Lubrication.,COMPLETED,120,T-102
HIST-04247,TASK-04290,2024-04-09T00:03:00,2024-04-09T02:03:00,Routine PM: Quarterly Point Machine Overhaul & Lubrication.,COMPLETED,120,T-202
HIST-04248,TASK-04291,2024-07-07T23:39:00,2024-07-08T01:37:00,Routine PM: Quarterly Point Machine Overhaul & Lubrication.,COMPLETED,118,T-101 (Engineering Gang)
HIST-04249,TASK-04292,2024-10-05T23:58:00,2024-10-06T01:54:00,Routine PM: Quarterly Point Machine Overhaul & Lubrication.,COMPLETED,116,T-302
HIST-04250,TASK-04293,2025-01-03T23:57:00,2025-01-04T02:02:00,Routine PM: Quarterly Point Machine Overhaul & Lubrication.,COMPLETED,125,T-101 (Engineering Gang)
HIST-04251,TASK-04294,2025-04-04T00:28:00,2025-04-04T02:33:00,Routine PM: Quarterly Point Machine Overhaul & Lubrication.,COMPLETED,125,T-301 (OHE Gang)
HIST-04252,TASK-04295,2025-07-02T23:41:00,2025-07-03T01:43:00,Routine PM: Quarterly Point Machine Overhaul & Lubrication.,COMPLETED,122,T-201 (Signal Staff)
HIST-04253,TASK-04296,2025-09-30T23:51:00,2025-10-01T01:45:00,Routine PM: Quarterly Point Machine Overhaul & Lubrication.,COMPLETED,114,T-302
HIST-04254,TASK-04297,2025-12-30T00:08:00,2025-12-30T02:12:00,Routine PM: Quarterly Point Machine Overhaul & Lubrication.,COMPLETED,124,T-302
HIST-04255,TASK-04298,2026-03-30T00:09:00,2026-03-30T02:05:00,Routine PM: Quarterly Point Machine Overhaul & Lubrication.,COMPLETED,116,T-202
HIST-04256,TASK-04299,2026-06-28T00:01:00,2026-06-28T01:57:00,Routine PM: Quarterly Point Machine Overhaul & Lubrication.,COMPLETED,116,T-302
HIST-04260,TASK-04303,2023-10-05T23:31:00,2023-10-06T01:33:00,Routine PM: Quarterly Point Machine Overhaul & Lubrication.,COMPLETED,122,T-201 (Signal Staff)
HIST-04261,TASK-04304,2024-01-04T00:29:00,2024-01-04T02:26:00,Routine PM: Quarterly Point Machine Overhaul & Lubrication.,COMPLETED,117,T-202
HIST-04262,TASK-04305,2024-04-03T00:28:00,2024-04-03T02:32:00,Routine PM: Quarterly Point Machine Overhaul & Lubrication.,COMPLETED,124,T-202
HIST-04263,TASK-04306,2024-07-02T00:16:00,2024-07-02T02:14:00,Routine PM: Quarterly Point Machine Overhaul & Lubrication.,COMPLETED,118,T-202
HIST-04264,TASK-04307,2024-09-29T23:55:00,2024-09-30T01:54:00,Routine PM: Quarterly Point Machine Overhaul & Lubrication.,COMPLETED,119,T-302
HIST-04265,TASK-04308,2024-12-28T23:39:00,2024-12-29T01:37:00,Routine PM: Quarterly Point Machine Overhaul & Lubrication.,COMPLETED,118,T-302
HIST-04266,TASK-04309,2025-03-28T23:57:00,2025-03-29T01:53:00,Routine PM: Quarterly Point Machine Overhaul & Lubrication.,COMPLETED,116,T-101 (Engineering Gang)
HIST-04267,TASK-04310,2025-06-27T00:27:00,2025-06-27T02:21:00,Routine PM: Quarterly Point Machine Overhaul & Lubrication.,COMPLETED,114,T-102
HIST-04268,TASK-04311,2025-09-24T23:58:00,2025-09-25T01:57:00,Routine PM: Quarterly Point Machine Overhaul & Lubrication.,COMPLETED,119,T-102
HIST-04269,TASK-04312,2025-12-24T00:21:00,2025-12-24T02:24:00,Routine PM: Quarterly Point Machine Overhaul & Lubrication.,COMPLETED,123,T-102
HIST-04270,TASK-04313,2026-03-23T23:58:00,2026-03-24T02:00:00,Routine PM: Quarterly Point Machine Overhaul & Lubrication.,COMPLETED,122,T-201 (Signal Staff)
HIST-04271,TASK-04314,2026-06-22T00:14:00,2026-06-22T02:15:00,Routine PM: Quarterly Point Machine Overhaul & Lubrication.,COMPLETED,121,T-101 (Engineering Gang)
HIST-04281,TASK-04324,2023-09-20T00:05:00,2023-09-20T02:07:00,Routine PM: Quarterly Point Machine Overhaul & Lubrication.,COMPLETED,122,T-102
HIST-04282,TASK-04325,2023-12-18T23:42:00,2023-12-19T01:40:00,Routine PM: Quarterly Point Machine Overhaul & Lubrication.,COMPLETED,118,T-101 (Engineering Gang)
HIST-04283,TASK-04326,2024-03-18T00:03:00,2024-03-18T02:03:00,Routine PM: Quarterly Point Machine Overhaul & Lubrication.,COMPLETED,120,T-202
HIST-04284,TASK-04327,2024-06-15T23:37:00,2024-06-16T01:38:00,Routine PM: Quarterly Point Machine Overhaul & Lubrication.,COMPLETED,121,T-102
HIST-04285,TASK-04328,2024-09-14T00:18:00,2024-09-14T02:16:00,Routine PM: Quarterly Point Machine Overhaul & Lubrication.,COMPLETED,118,T-201 (Signal Staff)
HIST-04286,TASK-04329,2024-12-12T23:39:00,2024-12-13T01:39:00,Routine PM: Quarterly Point Machine Overhaul & Lubrication.,COMPLETED,120,T-101 (Engineering Gang)
HIST-04287,TASK-04330,2025-03-12T23:55:00,2025-03-13T01:51:00,Routine PM: Quarterly Point Machine Overhaul & Lubrication.,COMPLETED,116,T-301 (OHE Gang)
HIST-04288,TASK-04331,2025-06-11T00:00:00,2025-06-11T01:56:00,Routine PM: Quarterly Point Machine Overhaul & Lubrication.,COMPLETED,116,T-102
HIST-04289,TASK-04332,2025-09-08T23:55:00,2025-09-09T01:59:00,Routine PM: Quarterly Point Machine Overhaul & Lubrication.,COMPLETED,124,T-202
HIST-04290,TASK-04333,2025-12-08T00:05:00,2025-12-08T02:03:00,Routine PM: Quarterly Point Machine Overhaul & Lubrication.,COMPLETED,118,T-201 (Signal Staff)
HIST-04291,TASK-04334,2026-03-08T00:21:00,2026-03-08T02:19:00,Routine PM: Quarterly Point Machine Overhaul & Lubrication.,COMPLETED,118,T-302
HIST-04292,TASK-04335,2026-06-06T00:03:00,2026-06-06T02:00:00,Routine PM: Quarterly Point Machine Overhaul & Lubrication.,COMPLETED,117,T-101 (Engineering Gang)
HIST-04296,TASK-04339,2023-09-30T00:03:00,2023-09-30T02:06:00,Routine PM: Quarterly Point Machine Overhaul & Lubrication.,COMPLETED,123,T-101 (Engineering Gang)
HIST-04297,TASK-04340,2023-12-28T23:31:00,2023-12-29T01:31:00,Routine PM: Quarterly Point Machine Overhaul & Lubrication.,COMPLETED,120,T-202
HIST-04298,TASK-04341,2024-03-28T00:28:00,2024-03-28T02:28:00,Routine PM: Quarterly Point Machine Overhaul & Lubrication.,COMPLETED,120,T-102
HIST-04299,TASK-04342,2024-06-26T00:27:00,2024-06-26T02:29:00,Routine PM: Quarterly Point Machine Overhaul & Lubrication.,COMPLETED,122,T-302
HIST-04300,TASK-04343,2024-09-24T00:06:00,2024-09-24T02:01:00,Routine PM: Quarterly Point Machine Overhaul & Lubrication.,COMPLETED,115,T-302
HIST-04301,TASK-04344,2024-12-22T23:47:00,2024-12-23T01:48:00,Routine PM: Quarterly Point Machine Overhaul & Lubrication.,COMPLETED,121,T-301 (OHE Gang)
HIST-04302,TASK-04345,2025-03-23T00:14:00,2025-03-23T02:08:00,Routine PM: Quarterly Point Machine Overhaul & Lubrication.,COMPLETED,114,T-301 (OHE Gang)
HIST-04303,TASK-04346,2025-06-20T23:34:00,2025-06-21T01:38:00,Routine PM: Quarterly Point Machine Overhaul & Lubrication.,COMPLETED,124,T-202
HIST-04304,TASK-04347,2025-09-18T23:31:00,2025-09-19T01:28:00,Routine PM: Quarterly Point Machine Overhaul & Lubrication.,COMPLETED,117,T-102
HIST-04305,TASK-04348,2025-12-18T00:17:00,2025-12-18T02:13:00,Routine PM: Quarterly Point Machine Overhaul & Lubrication.,COMPLETED,116,T-302
HIST-04306,TASK-04349,2026-03-18T00:08:00,2026-03-18T02:07:00,Routine PM: Quarterly Point Machine Overhaul & Lubrication.,COMPLETED,119,T-301 (OHE Gang)
HIST-04307,TASK-04350,2026-06-15T23:44:00,2026-06-16T01:48:00,Routine PM: Quarterly Point Machine Overhaul & Lubrication.,COMPLETED,124,T-301 (OHE Gang)
HIST-04308,TASK-04351,2023-09-14T23:54:00,2023-09-15T01:58:00,Routine PM: Quarterly Point Machine Overhaul & Lubrication.,COMPLETED,124,T-202
HIST-04309,TASK-04352,2023-12-14T00:06:00,2023-12-14T02:04:00,Routine PM: Quarterly Point Machine Overhaul & Lubrication.,COMPLETED,118,T-302
HIST-04310,TASK-04353,2024-03-12T23:33:00,2024-03-13T01:32:00,Routine PM: Quarterly Point Machine Overhaul & Lubrication.,COMPLETED,119,T-302
HIST-04311,TASK-04354,2024-06-11T00:28:00,2024-06-11T02:28:00,Routine PM: Quarterly Point Machine Overhaul & Lubrication.,COMPLETED,120,T-302
HIST-04312,TASK-04355,2024-09-08T23:58:00,2024-09-09T01:57:00,Routine PM: Quarterly Point Machine Overhaul & Lubrication.,COMPLETED,119,T-201 (Signal Staff)
HIST-04313,TASK-04356,2024-12-07T23:40:00,2024-12-08T01:35:00,Routine PM: Quarterly Point Machine Overhaul & Lubrication.,COMPLETED,115,T-102
HIST-04314,TASK-04357,2025-03-07T23:49:00,2025-03-08T01:53:00,Routine PM: Quarterly Point Machine Overhaul & Lubrication.,COMPLETED,124,T-102
HIST-04315,TASK-04358,2025-06-06T00:16:00,2025-06-06T02:18:00,Routine PM: Quarterly Point Machine Overhaul & Lubrication.,COMPLETED,122,T-301 (OHE Gang)
HIST-04316,TASK-04359,2025-09-04T00:29:00,2025-09-04T02:25:00,Routine PM: Quarterly Point Machine Overhaul & Lubrication.,COMPLETED,116,T-101 (Engineering Gang)
HIST-04317,TASK-04360,2025-12-02T23:30:00,2025-12-03T01:25:00,Routine PM: Quarterly Point Machine Overhaul & Lubrication.,COMPLETED,115,T-101 (Engineering Gang)
HIST-04318,TASK-04361,2026-03-02T23:38:00,2026-03-03T01:37:00,Routine PM: Quarterly Point Machine Overhaul & Lubrication.,COMPLETED,119,T-301 (OHE Gang)
HIST-04319,TASK-04362,2026-06-01T00:17:00,2026-06-01T02:11:00,Routine PM: Quarterly Point Machine Overhaul & Lubrication.,COMPLETED,114,T-102
HIST-04323,TASK-04366,2023-10-23T00:14:00,2023-10-23T02:08:00,Routine PM: Quarterly Point Machine Overhaul & Lubrication.,COMPLETED,114,T-301 (OHE Gang)
HIST-04324,TASK-04367,2024-01-20T23:36:00,2024-01-21T01:33:00,Routine PM: Quarterly Point Machine Overhaul & Lubrication.,COMPLETED,117,T-201 (Signal Staff)
HIST-04325,TASK-04368,2024-04-20T00:25:00,2024-04-20T02:25:00,Routine PM: Quarterly Point Machine Overhaul & Lubrication.,COMPLETED,120,T-302
HIST-04326,TASK-04369,2024-07-19T00:08:00,2024-07-19T02:10:00,Routine PM: Quarterly Point Machine Overhaul & Lubrication.,COMPLETED,122,T-101 (Engineering Gang)
HIST-04327,TASK-04370,2024-10-17T00:29:00,2024-10-17T02:28:00,Routine PM: Quarterly Point Machine Overhaul & Lubrication.,COMPLETED,119,T-101 (Engineering Gang)
HIST-04328,TASK-04371,2025-01-14T23:39:00,2025-01-15T01:42:00,Routine PM: Quarterly Point Machine Overhaul & Lubrication.,COMPLETED,123,T-101 (Engineering Gang)
HIST-04329,TASK-04372,2025-04-15T00:01:00,2025-04-15T01:59:00,Routine PM: Quarterly Point Machine Overhaul & Lubrication.,COMPLETED,118,T-101 (Engineering Gang)
HIST-04330,TASK-04373,2025-07-13T23:33:00,2025-07-14T01:27:00,Routine PM: Quarterly Point Machine Overhaul & Lubrication.,COMPLETED,114,T-202
HIST-04331,TASK-04374,2025-10-12T00:24:00,2025-10-12T02:27:00,Routine PM: Quarterly Point Machine Overhaul & Lubrication.,COMPLETED,123,T-202
HIST-04332,TASK-04375,2026-01-10T00:13:00,2026-01-10T02:07:00,Routine PM: Quarterly Point Machine Overhaul & Lubrication.,COMPLETED,114,T-301 (OHE Gang)
HIST-04333,TASK-04376,2026-04-09T23:53:00,2026-04-10T01:53:00,Routine PM: Quarterly Point Machine Overhaul & Lubrication.,COMPLETED,120,T-301 (OHE Gang)
HIST-04334,TASK-04377,2026-07-09T00:29:00,2026-07-09T02:29:00,Routine PM: Quarterly Point Machine Overhaul & Lubrication.,COMPLETED,120,T-202
HIST-04356,TASK-04399,2023-09-02T23:34:00,2023-09-03T01:31:00,Routine PM: Quarterly Point Machine Overhaul & Lubrication.,COMPLETED,117,T-201 (Signal Staff)
HIST-04357,TASK-04400,2023-12-02T00:04:00,2023-12-02T02:03:00,Routine PM: Quarterly Point Machine Overhaul & Lubrication.,COMPLETED,119,T-202
HIST-04358,TASK-04401,2024-03-01T00:07:00,2024-03-01T02:08:00,Routine PM: Quarterly Point Machine Overhaul & Lubrication.,COMPLETED,121,T-202
HIST-04359,TASK-04402,2024-05-30T00:26:00,2024-05-30T02:26:00,Routine PM: Quarterly Point Machine Overhaul & Lubrication.,COMPLETED,120,T-201 (Signal Staff)
HIST-04360,TASK-04403,2024-08-28T00:02:00,2024-08-28T02:02:00,Routine PM: Quarterly Point Machine Overhaul & Lubrication.,COMPLETED,120,T-201 (Signal Staff)
HIST-04361,TASK-04404,2024-11-25T23:30:00,2024-11-26T01:33:00,Routine PM: Quarterly Point Machine Overhaul & Lubrication.,COMPLETED,123,T-201 (Signal Staff)
HIST-04362,TASK-04405,2025-02-24T00:05:00,2025-02-24T02:02:00,Routine PM: Quarterly Point Machine Overhaul & Lubrication.,COMPLETED,117,T-301 (OHE Gang)
HIST-04363,TASK-04406,2025-05-24T23:39:00,2025-05-25T01:33:00,Routine PM: Quarterly Point Machine Overhaul & Lubrication.,COMPLETED,114,T-301 (OHE Gang)
HIST-04364,TASK-04407,2025-08-22T23:33:00,2025-08-23T01:30:00,Routine PM: Quarterly Point Machine Overhaul & Lubrication.,COMPLETED,117,T-101 (Engineering Gang)
HIST-04365,TASK-04408,2025-11-21T00:05:00,2025-11-21T02:10:00,Routine PM: Quarterly Point Machine Overhaul & Lubrication.,COMPLETED,125,T-302
HIST-04366,TASK-04409,2026-02-18T23:36:00,2026-02-19T01:36:00,Routine PM: Quarterly Point Machine Overhaul & Lubrication.,COMPLETED,120,T-201 (Signal Staff)
HIST-04367,TASK-04410,2026-05-20T00:11:00,2026-05-20T02:09:00,Routine PM: Quarterly Point Machine Overhaul & Lubrication.,COMPLETED,118,T-301 (OHE Gang)
HIST-04374,TASK-04417,2023-09-29T23:49:00,2023-09-30T01:48:00,Routine PM: Quarterly Point Machine Overhaul & Lubrication.,COMPLETED,119,T-202
HIST-04375,TASK-04418,2023-12-29T00:19:00,2023-12-29T02:15:00,Routine PM: Quarterly Point Machine Overhaul & Lubrication.,COMPLETED,116,T-102
HIST-04376,TASK-04419,2024-03-28T00:11:00,2024-03-28T02:15:00,Routine PM: Quarterly Point Machine Overhaul & Lubrication.,COMPLETED,124,T-101 (Engineering Gang)
HIST-04377,TASK-04420,2024-06-26T00:13:00,2024-06-26T02:18:00,Routine PM: Quarterly Point Machine Overhaul & Lubrication.,COMPLETED,125,T-301 (OHE Gang)
HIST-04378,TASK-04421,2024-09-24T00:02:00,2024-09-24T02:01:00,Routine PM: Quarterly Point Machine Overhaul & Lubrication.,COMPLETED,119,T-202
HIST-04379,TASK-04422,2024-12-23T00:00:00,2024-12-23T01:54:00,Routine PM: Quarterly Point Machine Overhaul & Lubrication.,COMPLETED,114,T-102
HIST-04380,TASK-04423,2025-03-22T23:54:00,2025-03-23T01:49:00,Routine PM: Quarterly Point Machine Overhaul & Lubrication.,COMPLETED,115,T-101 (Engineering Gang)
HIST-04381,TASK-04424,2025-06-21T00:24:00,2025-06-21T02:27:00,Routine PM: Quarterly Point Machine Overhaul & Lubrication.,COMPLETED,123,T-302
HIST-04382,TASK-04425,2025-09-18T23:33:00,2025-09-19T01:37:00,Routine PM: Quarterly Point Machine Overhaul & Lubrication.,COMPLETED,124,T-102
HIST-04383,TASK-04426,2025-12-17T23:30:00,2025-12-18T01:31:00,Routine PM: Quarterly Point Machine Overhaul & Lubrication.,COMPLETED,121,T-301 (OHE Gang)
HIST-04384,TASK-04427,2026-03-17T23:47:00,2026-03-18T01:48:00,Routine PM: Quarterly Point Machine Overhaul & Lubrication.,COMPLETED,121,T-101 (Engineering Gang)
HIST-04385,TASK-04428,2026-06-15T23:53:00,2026-06-16T01:47:00,Routine PM: Quarterly Point Machine Overhaul & Lubrication.,COMPLETED,114,T-101 (Engineering Gang)
HIST-04392,TASK-04435,2023-08-18T00:23:00,2023-08-18T02:23:00,Routine PM: Quarterly Point Machine Overhaul & Lubrication.,COMPLETED,120,T-301 (OHE Gang)
HIST-04393,TASK-04436,2023-11-16T00:11:00,2023-11-16T02:09:00,Routine PM: Quarterly Point Machine Overhaul & Lubrication.,COMPLETED,118,T-102
HIST-04394,TASK-04437,2024-02-13T23:57:00,2024-02-14T01:54:00,Routine PM: Quarterly Point Machine Overhaul & Lubrication.,COMPLETED,117,T-202
HIST-04395,TASK-04438,2024-05-14T00:27:00,2024-05-14T02:27:00,Routine PM: Quarterly Point Machine Overhaul & Lubrication.,COMPLETED,120,T-102
HIST-04396,TASK-04439,2024-08-12T00:06:00,2024-08-12T02:08:00,Routine PM: Quarterly Point Machine Overhaul & Lubrication.,COMPLETED,122,T-201 (Signal Staff)
HIST-04397,TASK-04440,2024-11-10T00:07:00,2024-11-10T02:02:00,Routine PM: Quarterly Point Machine Overhaul & Lubrication.,COMPLETED,115,T-202
HIST-04398,TASK-04441,2025-02-07T23:49:00,2025-02-08T01:48:00,Routine PM: Quarterly Point Machine Overhaul & Lubrication.,COMPLETED,119,T-201 (Signal Staff)
HIST-04399,TASK-04442,2025-05-08T23:59:00,2025-05-09T01:54:00,Routine PM: Quarterly Point Machine Overhaul & Lubrication.,COMPLETED,115,T-202
HIST-04400,TASK-04443,2025-08-07T00:23:00,2025-08-07T02:24:00,Routine PM: Quarterly Point Machine Overhaul & Lubrication.,COMPLETED,121,T-302
HIST-04401,TASK-04444,2025-11-04T23:42:00,2025-11-05T01:39:00,Routine PM: Quarterly Point Machine Overhaul & Lubrication.,COMPLETED,117,T-201 (Signal Staff)
HIST-04402,TASK-04445,2026-02-02T23:35:00,2026-02-03T01:37:00,Routine PM: Quarterly Point Machine Overhaul & Lubrication.,COMPLETED,122,T-202
HIST-04403,TASK-04446,2026-05-04T00:16:00,2026-05-04T02:21:00,Routine PM: Quarterly Point Machine Overhaul & Lubrication.,COMPLETED,125,T-102
HIST-04404,TASK-04447,2023-08-18T00:07:00,2023-08-18T02:02:00,Routine PM: Quarterly Point Machine Overhaul & Lubrication.,COMPLETED,115,T-201 (Signal Staff)
HIST-04405,TASK-04448,2023-11-15T23:59:00,2023-11-16T01:58:00,Routine PM: Quarterly Point Machine Overhaul & Lubrication.,COMPLETED,119,T-301 (OHE Gang)
HIST-04406,TASK-04449,2024-02-14T00:01:00,2024-02-14T01:55:00,Routine PM: Quarterly Point Machine Overhaul & Lubrication.,COMPLETED,114,T-301 (OHE Gang)
HIST-04407,TASK-04450,2024-05-13T23:41:00,2024-05-14T01:38:00,Routine PM: Quarterly Point Machine Overhaul & Lubrication.,COMPLETED,117,T-302
HIST-04408,TASK-04451,2024-08-11T23:44:00,2024-08-12T01:40:00,Routine PM: Quarterly Point Machine Overhaul & Lubrication.,COMPLETED,116,T-101 (Engineering Gang)
HIST-04409,TASK-04452,2024-11-09T23:34:00,2024-11-10T01:37:00,Routine PM: Quarterly Point Machine Overhaul & Lubrication.,COMPLETED,123,T-202
HIST-04410,TASK-04453,2025-02-07T23:33:00,2025-02-08T01:28:00,Routine PM: Quarterly Point Machine Overhaul & Lubrication.,COMPLETED,115,T-302
HIST-04411,TASK-04454,2025-05-08T23:56:00,2025-05-09T01:59:00,Routine PM: Quarterly Point Machine Overhaul & Lubrication.,COMPLETED,123,T-201 (Signal Staff)
HIST-04412,TASK-04455,2025-08-06T23:45:00,2025-08-07T01:44:00,Routine PM: Quarterly Point Machine Overhaul & Lubrication.,COMPLETED,119,T-201 (Signal Staff)
HIST-04413,TASK-04456,2025-11-05T00:10:00,2025-11-05T02:15:00,Routine PM: Quarterly Point Machine Overhaul & Lubrication.,COMPLETED,125,T-101 (Engineering Gang)
HIST-04414,TASK-04457,2026-02-03T00:20:00,2026-02-03T02:16:00,Routine PM: Quarterly Point Machine Overhaul & Lubrication.,COMPLETED,116,T-201 (Signal Staff)
HIST-04415,TASK-04458,2026-05-03T23:30:00,2026-05-04T01:31:00,Routine PM: Quarterly Point Machine Overhaul & Lubrication.,COMPLETED,121,T-202
HIST-04446,TASK-04489,2023-09-30T23:56:00,2023-10-01T02:00:00,Routine PM: Quarterly Point Machine Overhaul & Lubrication.,COMPLETED,124,T-102
HIST-04447,TASK-04490,2023-12-29T23:55:00,2023-12-30T01:54:00,Routine PM: Quarterly Point Machine Overhaul & Lubrication.,COMPLETED,119,T-202
HIST-04448,TASK-04491,2024-03-28T23:53:00,2024-03-29T01:50:00,Routine PM: Quarterly Point Machine Overhaul & Lubrication.,COMPLETED,117,T-301 (OHE Gang)
HIST-04449,TASK-04492,2024-06-27T00:12:00,2024-06-27T02:09:00,Routine PM: Quarterly Point Machine Overhaul & Lubrication.,COMPLETED,117,T-302
HIST-04450,TASK-04493,2024-09-25T00:13:00,2024-09-25T02:11:00,Routine PM: Quarterly Point Machine Overhaul & Lubrication.,COMPLETED,118,T-102
HIST-04451,TASK-04494,2024-12-24T00:29:00,2024-12-24T02:32:00,Routine PM: Quarterly Point Machine Overhaul & Lubrication.,COMPLETED,123,T-102
HIST-04452,TASK-04495,2025-03-23T23:57:00,2025-03-24T01:55:00,Routine PM: Quarterly Point Machine Overhaul & Lubrication.,COMPLETED,118,T-202
HIST-04453,TASK-04496,2025-06-22T00:26:00,2025-06-22T02:24:00,Routine PM: Quarterly Point Machine Overhaul & Lubrication.,COMPLETED,118,T-202
HIST-04454,TASK-04497,2025-09-19T23:32:00,2025-09-20T01:28:00,Routine PM: Quarterly Point Machine Overhaul & Lubrication.,COMPLETED,116,T-201 (Signal Staff)
HIST-04455,TASK-04498,2025-12-18T23:47:00,2025-12-19T01:44:00,Routine PM: Quarterly Point Machine Overhaul & Lubrication.,COMPLETED,117,T-201 (Signal Staff)
HIST-04456,TASK-04499,2026-03-18T23:44:00,2026-03-19T01:48:00,Routine PM: Quarterly Point Machine Overhaul & Lubrication.,COMPLETED,124,T-202
HIST-04457,TASK-04500,2026-06-16T23:36:00,2026-06-17T01:40:00,Routine PM: Quarterly Point Machine Overhaul & Lubrication.,COMPLETED,124,T-201 (Signal Staff)
HIST-04473,TASK-04516,2023-09-08T23:58:00,2023-09-09T01:54:00,Routine PM: Quarterly Point Machine Overhaul & Lubrication.,COMPLETED,116,T-201 (Signal Staff)
HIST-04474,TASK-04517,2023-12-07T23:44:00,2023-12-08T01:47:00,Routine PM: Quarterly Point Machine Overhaul & Lubrication.,COMPLETED,123,T-302
HIST-04475,TASK-04518,2024-03-06T23:37:00,2024-03-07T01:36:00,Routine PM: Quarterly Point Machine Overhaul & Lubrication.,COMPLETED,119,T-102
HIST-04476,TASK-04519,2024-06-04T23:34:00,2024-06-05T01:35:00,Routine PM: Quarterly Point Machine Overhaul & Lubrication.,COMPLETED,121,T-102
HIST-04477,TASK-04520,2024-09-03T00:05:00,2024-09-03T02:00:00,Routine PM: Quarterly Point Machine Overhaul & Lubrication.,COMPLETED,115,T-201 (Signal Staff)
HIST-04478,TASK-04521,2024-12-01T23:52:00,2024-12-02T01:52:00,Routine PM: Quarterly Point Machine Overhaul & Lubrication.,COMPLETED,120,T-301 (OHE Gang)
HIST-04479,TASK-04522,2025-03-02T00:12:00,2025-03-02T02:17:00,Routine PM: Quarterly Point Machine Overhaul & Lubrication.,COMPLETED,125,T-301 (OHE Gang)
HIST-04480,TASK-04523,2025-05-31T00:12:00,2025-05-31T02:08:00,Routine PM: Quarterly Point Machine Overhaul & Lubrication.,COMPLETED,116,T-201 (Signal Staff)
HIST-04481,TASK-04524,2025-08-29T00:10:00,2025-08-29T02:12:00,Routine PM: Quarterly Point Machine Overhaul & Lubrication.,COMPLETED,122,T-301 (OHE Gang)
HIST-04482,TASK-04525,2025-11-27T00:14:00,2025-11-27T02:16:00,Routine PM: Quarterly Point Machine Overhaul & Lubrication.,COMPLETED,122,T-102
HIST-04483,TASK-04526,2026-02-24T23:49:00,2026-02-25T01:43:00,Routine PM: Quarterly Point Machine Overhaul & Lubrication.,COMPLETED,114,T-102
HIST-04484,TASK-04527,2026-05-25T23:49:00,2026-05-26T01:48:00,Routine PM: Quarterly Point Machine Overhaul & Lubrication.,COMPLETED,119,T-101 (Engineering Gang)
HIST-04500,TASK-04543,2023-10-11T23:33:00,2023-10-12T01:37:00,Routine PM: Quarterly Point Machine Overhaul & Lubrication.,COMPLETED,124,T-302
HIST-04501,TASK-04544,2024-01-10T00:12:00,2024-01-10T02:10:00,Routine PM: Quarterly Point Machine Overhaul & Lubrication.,COMPLETED,118,T-202
HIST-04502,TASK-04545,2024-04-09T00:28:00,2024-04-09T02:23:00,Routine PM: Quarterly Point Machine Overhaul & Lubrication.,COMPLETED,115,T-301 (OHE Gang)
HIST-04503,TASK-04546,2024-07-07T23:50:00,2024-07-08T01:46:00,Routine PM: Quarterly Point Machine Overhaul & Lubrication.,COMPLETED,116,T-201 (Signal Staff)
HIST-04504,TASK-04547,2024-10-06T00:01:00,2024-10-06T02:03:00,Routine PM: Quarterly Point Machine Overhaul & Lubrication.,COMPLETED,122,T-301 (OHE Gang)
HIST-04505,TASK-04548,2025-01-04T00:23:00,2025-01-04T02:19:00,Routine PM: Quarterly Point Machine Overhaul & Lubrication.,COMPLETED,116,T-101 (Engineering Gang)
HIST-04506,TASK-04549,2025-04-04T00:22:00,2025-04-04T02:20:00,Routine PM: Quarterly Point Machine Overhaul & Lubrication.,COMPLETED,118,T-202
HIST-04507,TASK-04550,2025-07-02T23:36:00,2025-07-03T01:33:00,Routine PM: Quarterly Point Machine Overhaul & Lubrication.,COMPLETED,117,T-302
HIST-04508,TASK-04551,2025-09-30T23:36:00,2025-10-01T01:34:00,Routine PM: Quarterly Point Machine Overhaul & Lubrication.,COMPLETED,118,T-301 (OHE Gang)
HIST-04509,TASK-04552,2025-12-29T23:34:00,2025-12-30T01:32:00,Routine PM: Quarterly Point Machine Overhaul & Lubrication.,COMPLETED,118,T-102
HIST-04510,TASK-04553,2026-03-29T23:44:00,2026-03-30T01:40:00,Routine PM: Quarterly Point Machine Overhaul & Lubrication.,COMPLETED,116,T-102
HIST-04511,TASK-04554,2026-06-28T00:27:00,2026-06-28T02:32:00,Routine PM: Quarterly Point Machine Overhaul & Lubrication.,COMPLETED,125,T-301 (OHE Gang)
HIST-04518,TASK-04561,2023-08-28T23:49:00,2023-08-29T01:49:00,Routine PM: Quarterly Point Machine Overhaul & Lubrication.,COMPLETED,120,T-101 (Engineering Gang)
HIST-04519,TASK-04562,2023-11-26T23:47:00,2023-11-27T01:47:00,Routine PM: Quarterly Point Machine Overhaul & Lubrication.,COMPLETED,120,T-302
HIST-04520,TASK-04563,2024-02-25T00:11:00,2024-02-25T02:09:00,Routine PM: Quarterly Point Machine Overhaul & Lubrication.,COMPLETED,118,T-202
HIST-04521,TASK-04564,2024-05-25T00:19:00,2024-05-25T02:15:00,Routine PM: Quarterly Point Machine Overhaul & Lubrication.,COMPLETED,116,T-102
HIST-04522,TASK-04565,2024-08-23T00:24:00,2024-08-23T02:20:00,Routine PM: Quarterly Point Machine Overhaul & Lubrication.,COMPLETED,116,T-202
HIST-04523,TASK-04566,2024-11-20T23:32:00,2024-11-21T01:37:00,Routine PM: Quarterly Point Machine Overhaul & Lubrication.,COMPLETED,125,T-102
HIST-04524,TASK-04567,2025-02-18T23:41:00,2025-02-19T01:42:00,Routine PM: Quarterly Point Machine Overhaul & Lubrication.,COMPLETED,121,T-102
HIST-04525,TASK-04568,2025-05-20T00:16:00,2025-05-20T02:10:00,Routine PM: Quarterly Point Machine Overhaul & Lubrication.,COMPLETED,114,T-202
HIST-04526,TASK-04569,2025-08-17T23:33:00,2025-08-18T01:33:00,Routine PM: Quarterly Point Machine Overhaul & Lubrication.,COMPLETED,120,T-201 (Signal Staff)
HIST-04527,TASK-04570,2025-11-16T00:27:00,2025-11-16T02:27:00,Routine PM: Quarterly Point Machine Overhaul & Lubrication.,COMPLETED,120,T-101 (Engineering Gang)
HIST-04528,TASK-04571,2026-02-13T23:54:00,2026-02-14T01:57:00,Routine PM: Quarterly Point Machine Overhaul & Lubrication.,COMPLETED,123,T-301 (OHE Gang)
HIST-04529,TASK-04572,2026-05-15T00:03:00,2026-05-15T01:58:00,Routine PM: Quarterly Point Machine Overhaul & Lubrication.,COMPLETED,115,T-102
HIST-04539,TASK-04582,2023-09-13T23:43:00,2023-09-14T01:37:00,Routine PM: Quarterly Point Machine Overhaul & Lubrication.,COMPLETED,114,T-201 (Signal Staff)
HIST-04540,TASK-04583,2023-12-13T00:01:00,2023-12-13T02:02:00,Routine PM: Quarterly Point Machine Overhaul & Lubrication.,COMPLETED,121,T-102
HIST-04541,TASK-04584,2024-03-11T23:45:00,2024-03-12T01:47:00,Routine PM: Quarterly Point Machine Overhaul & Lubrication.,COMPLETED,122,T-201 (Signal Staff)
HIST-04542,TASK-04585,2024-06-10T00:21:00,2024-06-10T02:26:00,Routine PM: Quarterly Point Machine Overhaul & Lubrication.,COMPLETED,125,T-201 (Signal Staff)
HIST-04543,TASK-04586,2024-09-07T23:40:00,2024-09-08T01:36:00,Routine PM: Quarterly Point Machine Overhaul & Lubrication.,COMPLETED,116,T-102
HIST-04544,TASK-04587,2024-12-06T23:44:00,2024-12-07T01:47:00,Routine PM: Quarterly Point Machine Overhaul & Lubrication.,COMPLETED,123,T-202
HIST-04545,TASK-04588,2025-03-07T00:24:00,2025-03-07T02:21:00,Routine PM: Quarterly Point Machine Overhaul & Lubrication.,COMPLETED,117,T-301 (OHE Gang)
HIST-04546,TASK-04589,2025-06-05T00:23:00,2025-06-05T02:19:00,Routine PM: Quarterly Point Machine Overhaul & Lubrication.,COMPLETED,116,T-302
HIST-04547,TASK-04590,2025-09-02T23:54:00,2025-09-03T01:58:00,Routine PM: Quarterly Point Machine Overhaul & Lubrication.,COMPLETED,124,T-301 (OHE Gang)
HIST-04548,TASK-04591,2025-12-02T00:07:00,2025-12-02T02:01:00,Routine PM: Quarterly Point Machine Overhaul & Lubrication.,COMPLETED,114,T-102
HIST-04549,TASK-04592,2026-03-01T23:44:00,2026-03-02T01:42:00,Routine PM: Quarterly Point Machine Overhaul & Lubrication.,COMPLETED,118,T-301 (OHE Gang)
HIST-04550,TASK-04593,2026-05-31T00:23:00,2026-05-31T02:18:00,Routine PM: Quarterly Point Machine Overhaul & Lubrication.,COMPLETED,115,T-102
HIST-04575,TASK-04618,2023-09-09T00:04:00,2023-09-09T02:05:00,Routine PM: Quarterly Point Machine Overhaul & Lubrication.,COMPLETED,121,T-301 (OHE Gang)
HIST-04576,TASK-04619,2023-12-08T00:29:00,2023-12-08T02:29:00,Routine PM: Quarterly Point Machine Overhaul & Lubrication.,COMPLETED,120,T-301 (OHE Gang)
HIST-04577,TASK-04620,2024-03-07T00:26:00,2024-03-07T02:30:00,Routine PM: Quarterly Point Machine Overhaul & Lubrication.,COMPLETED,124,T-202
HIST-04578,TASK-04621,2024-06-04T23:40:00,2024-06-05T01:35:00,Routine PM: Quarterly Point Machine Overhaul & Lubrication.,COMPLETED,115,T-101 (Engineering Gang)
HIST-04579,TASK-04622,2024-09-03T00:11:00,2024-09-03T02:10:00,Routine PM: Quarterly Point Machine Overhaul & Lubrication.,COMPLETED,119,T-102
HIST-04580,TASK-04623,2024-12-01T23:50:00,2024-12-02T01:46:00,Routine PM: Quarterly Point Machine Overhaul & Lubrication.,COMPLETED,116,T-301 (OHE Gang)
HIST-04581,TASK-04624,2025-03-02T00:09:00,2025-03-02T02:08:00,Routine PM: Quarterly Point Machine Overhaul & Lubrication.,COMPLETED,119,T-301 (OHE Gang)
HIST-04582,TASK-04625,2025-05-30T23:55:00,2025-05-31T01:53:00,Routine PM: Quarterly Point Machine Overhaul & Lubrication.,COMPLETED,118,T-101 (Engineering Gang)
HIST-04583,TASK-04626,2025-08-28T23:40:00,2025-08-29T01:40:00,Routine PM: Quarterly Point Machine Overhaul & Lubrication.,COMPLETED,120,T-202
HIST-04584,TASK-04627,2025-11-27T00:13:00,2025-11-27T02:17:00,Routine PM: Quarterly Point Machine Overhaul & Lubrication.,COMPLETED,124,T-302
HIST-04585,TASK-04628,2026-02-24T23:51:00,2026-02-25T01:56:00,Routine PM: Quarterly Point Machine Overhaul & Lubrication.,COMPLETED,125,T-201 (Signal Staff)
HIST-04586,TASK-04629,2026-05-26T00:04:00,2026-05-26T02:00:00,Routine PM: Quarterly Point Machine Overhaul & Lubrication.,COMPLETED,116,T-102
HIST-04599,TASK-04642,2023-09-14T00:09:00,2023-09-14T02:08:00,Routine PM: Quarterly Point Machine Overhaul & Lubrication.,COMPLETED,119,T-202
HIST-04600,TASK-04643,2023-12-12T23:42:00,2023-12-13T01:42:00,Routine PM: Quarterly Point Machine Overhaul & Lubrication.,COMPLETED,120,T-201 (Signal Staff)
HIST-04601,TASK-04644,2024-03-11T23:53:00,2024-03-12T01:48:00,Routine PM: Quarterly Point Machine Overhaul & Lubrication.,COMPLETED,115,T-301 (OHE Gang)
HIST-04602,TASK-04645,2024-06-09T23:43:00,2024-06-10T01:37:00,Routine PM: Quarterly Point Machine Overhaul & Lubrication.,COMPLETED,114,T-201 (Signal Staff)
HIST-04603,TASK-04646,2024-09-08T00:30:00,2024-09-08T02:28:00,Routine PM: Quarterly Point Machine Overhaul & Lubrication.,COMPLETED,118,T-201 (Signal Staff)
HIST-04604,TASK-04647,2024-12-07T00:29:00,2024-12-07T02:32:00,Routine PM: Quarterly Point Machine Overhaul & Lubrication.,COMPLETED,123,T-201 (Signal Staff)
HIST-04605,TASK-04648,2025-03-06T23:34:00,2025-03-07T01:32:00,Routine PM: Quarterly Point Machine Overhaul & Lubrication.,COMPLETED,118,T-102
HIST-04606,TASK-04649,2025-06-04T23:42:00,2025-06-05T01:44:00,Routine PM: Quarterly Point Machine Overhaul & Lubrication.,COMPLETED,122,T-301 (OHE Gang)
HIST-04607,TASK-04650,2025-09-03T00:20:00,2025-09-03T02:18:00,Routine PM: Quarterly Point Machine Overhaul & Lubrication.,COMPLETED,118,T-101 (Engineering Gang)
HIST-04608,TASK-04651,2025-12-02T00:30:00,2025-12-02T02:33:00,Routine PM: Quarterly Point Machine Overhaul & Lubrication.,COMPLETED,123,T-202
HIST-04609,TASK-04652,2026-03-02T00:16:00,2026-03-02T02:16:00,Routine PM: Quarterly Point Machine Overhaul & Lubrication.,COMPLETED,120,T-202
HIST-04610,TASK-04653,2026-05-31T00:21:00,2026-05-31T02:23:00,Routine PM: Quarterly Point Machine Overhaul & Lubrication.,COMPLETED,122,T-201 (Signal Staff)
HIST-04614,TASK-04657,2023-08-21T00:12:00,2023-08-21T02:16:00,Routine PM: Quarterly Point Machine Overhaul & Lubrication.,COMPLETED,124,T-101 (Engineering Gang)
HIST-04615,TASK-04658,2023-11-19T00:21:00,2023-11-19T02:17:00,Routine PM: Quarterly Point Machine Overhaul & Lubrication.,COMPLETED,116,T-101 (Engineering Gang)
HIST-04616,TASK-04659,2024-02-16T23:40:00,2024-02-17T01:36:00,Routine PM: Quarterly Point Machine Overhaul & Lubrication.,COMPLETED,116,T-101 (Engineering Gang)
HIST-04617,TASK-04660,2024-05-17T00:15:00,2024-05-17T02:10:00,Routine PM: Quarterly Point Machine Overhaul & Lubrication.,COMPLETED,115,T-202
HIST-04618,TASK-04661,2024-08-14T23:51:00,2024-08-15T01:56:00,Routine PM: Quarterly Point Machine Overhaul & Lubrication.,COMPLETED,125,T-101 (Engineering Gang)
HIST-04619,TASK-04662,2024-11-12T23:41:00,2024-11-13T01:36:00,Routine PM: Quarterly Point Machine Overhaul & Lubrication.,COMPLETED,115,T-102
HIST-04620,TASK-04663,2025-02-11T00:08:00,2025-02-11T02:08:00,Routine PM: Quarterly Point Machine Overhaul & Lubrication.,COMPLETED,120,T-201 (Signal Staff)
HIST-04621,TASK-04664,2025-05-11T23:42:00,2025-05-12T01:37:00,Routine PM: Quarterly Point Machine Overhaul & Lubrication.,COMPLETED,115,T-301 (OHE Gang)
HIST-04622,TASK-04665,2025-08-10T00:28:00,2025-08-10T02:25:00,Routine PM: Quarterly Point Machine Overhaul & Lubrication.,COMPLETED,117,T-301 (OHE Gang)
HIST-04623,TASK-04666,2025-11-07T23:38:00,2025-11-08T01:43:00,Routine PM: Quarterly Point Machine Overhaul & Lubrication.,COMPLETED,125,T-102
HIST-04624,TASK-04667,2026-02-06T00:22:00,2026-02-06T02:18:00,Routine PM: Quarterly Point Machine Overhaul & Lubrication.,COMPLETED,116,T-201 (Signal Staff)
HIST-04625,TASK-04668,2026-05-06T23:56:00,2026-05-07T01:58:00,Routine PM: Quarterly Point Machine Overhaul & Lubrication.,COMPLETED,122,T-302
HIST-04629,TASK-04672,2023-09-25T23:37:00,2023-09-26T01:41:00,Routine PM: Quarterly Point Machine Overhaul & Lubrication.,COMPLETED,124,T-102
HIST-04630,TASK-04673,2023-12-25T00:01:00,2023-12-25T02:01:00,Routine PM: Quarterly Point Machine Overhaul & Lubrication.,COMPLETED,120,T-102
HIST-04631,TASK-04674,2024-03-24T00:01:00,2024-03-24T02:01:00,Routine PM: Quarterly Point Machine Overhaul & Lubrication.,COMPLETED,120,T-101 (Engineering Gang)
HIST-04632,TASK-04675,2024-06-22T00:19:00,2024-06-22T02:22:00,Routine PM: Quarterly Point Machine Overhaul & Lubrication.,COMPLETED,123,T-101 (Engineering Gang)
HIST-04633,TASK-04676,2024-09-20T00:13:00,2024-09-20T02:08:00,Routine PM: Quarterly Point Machine Overhaul & Lubrication.,COMPLETED,115,T-301 (OHE Gang)
HIST-04634,TASK-04677,2024-12-19T00:18:00,2024-12-19T02:19:00,Routine PM: Quarterly Point Machine Overhaul & Lubrication.,COMPLETED,121,T-201 (Signal Staff)
HIST-04635,TASK-04678,2025-03-18T23:41:00,2025-03-19T01:40:00,Routine PM: Quarterly Point Machine Overhaul & Lubrication.,COMPLETED,119,T-301 (OHE Gang)
HIST-04636,TASK-04679,2025-06-16T23:41:00,2025-06-17T01:37:00,Routine PM: Quarterly Point Machine Overhaul & Lubrication.,COMPLETED,116,T-201 (Signal Staff)
HIST-04637,TASK-04680,2025-09-15T00:15:00,2025-09-15T02:17:00,Routine PM: Quarterly Point Machine Overhaul & Lubrication.,COMPLETED,122,T-201 (Signal Staff)
HIST-04638,TASK-04681,2025-12-13T23:51:00,2025-12-14T01:49:00,Routine PM: Quarterly Point Machine Overhaul & Lubrication.,COMPLETED,118,T-301 (OHE Gang)
HIST-04639,TASK-04682,2026-03-13T23:56:00,2026-03-14T01:57:00,Routine PM: Quarterly Point Machine Overhaul & Lubrication.,COMPLETED,121,T-101 (Engineering Gang)
HIST-04640,TASK-04683,2026-06-11T23:43:00,2026-06-12T01:39:00,Routine PM: Quarterly Point Machine Overhaul & Lubrication.,COMPLETED,116,T-102
HIST-04647,TASK-04690,2023-10-26T00:16:00,2023-10-26T02:15:00,Routine PM: Quarterly Point Machine Overhaul & Lubrication.,COMPLETED,119,T-302
HIST-04648,TASK-04691,2024-01-24T00:19:00,2024-01-24T02:14:00,Routine PM: Quarterly Point Machine Overhaul & Lubrication.,COMPLETED,115,T-102
HIST-04649,TASK-04692,2024-04-22T23:30:00,2024-04-23T01:34:00,Routine PM: Quarterly Point Machine Overhaul & Lubrication.,COMPLETED,124,T-201 (Signal Staff)
HIST-04650,TASK-04693,2024-07-21T23:51:00,2024-07-22T01:50:00,Routine PM: Quarterly Point Machine Overhaul & Lubrication.,COMPLETED,119,T-101 (Engineering Gang)
HIST-04651,TASK-04694,2024-10-20T00:13:00,2024-10-20T02:13:00,Routine PM: Quarterly Point Machine Overhaul & Lubrication.,COMPLETED,120,T-101 (Engineering Gang)
HIST-04652,TASK-04695,2025-01-18T00:09:00,2025-01-18T02:10:00,Routine PM: Quarterly Point Machine Overhaul & Lubrication.,COMPLETED,121,T-202
HIST-04653,TASK-04696,2025-04-18T00:04:00,2025-04-18T02:03:00,Routine PM: Quarterly Point Machine Overhaul & Lubrication.,COMPLETED,119,T-202
HIST-04654,TASK-04697,2025-07-16T23:35:00,2025-07-17T01:36:00,Routine PM: Quarterly Point Machine Overhaul & Lubrication.,COMPLETED,121,T-301 (OHE Gang)
HIST-04655,TASK-04698,2025-10-14T23:30:00,2025-10-15T01:29:00,Routine PM: Quarterly Point Machine Overhaul & Lubrication.,COMPLETED,119,T-202
HIST-04656,TASK-04699,2026-01-12T23:57:00,2026-01-13T01:56:00,Routine PM: Quarterly Point Machine Overhaul & Lubrication.,COMPLETED,119,T-202
HIST-04657,TASK-04700,2026-04-12T23:55:00,2026-04-13T01:55:00,Routine PM: Quarterly Point Machine Overhaul & Lubrication.,COMPLETED,120,T-202
HIST-04658,TASK-04701,2026-07-12T00:06:00,2026-07-12T02:02:00,Routine PM: Quarterly Point Machine Overhaul & Lubrication.,COMPLETED,116,T-202
HIST-04659,TASK-04702,2023-08-29T00:06:00,2023-08-29T02:11:00,Routine PM: Quarterly Point Machine Overhaul & Lubrication.,COMPLETED,125,T-101 (Engineering Gang)
HIST-04660,TASK-04703,2023-11-27T00:26:00,2023-11-27T02:30:00,Routine PM: Quarterly Point Machine Overhaul & Lubrication.,COMPLETED,124,T-202
HIST-04661,TASK-04704,2024-02-24T23:48:00,2024-02-25T01:48:00,Routine PM: Quarterly Point Machine Overhaul & Lubrication.,COMPLETED,120,T-302
HIST-04662,TASK-04705,2024-05-24T23:59:00,2024-05-25T01:56:00,Routine PM: Quarterly Point Machine Overhaul & Lubrication.,COMPLETED,117,T-101 (Engineering Gang)
HIST-04663,TASK-04706,2024-08-22T23:41:00,2024-08-23T01:37:00,Routine PM: Quarterly Point Machine Overhaul & Lubrication.,COMPLETED,116,T-302
HIST-04664,TASK-04707,2024-11-20T23:35:00,2024-11-21T01:36:00,Routine PM: Quarterly Point Machine Overhaul & Lubrication.,COMPLETED,121,T-302
HIST-04665,TASK-04708,2025-02-18T23:30:00,2025-02-19T01:24:00,Routine PM: Quarterly Point Machine Overhaul & Lubrication.,COMPLETED,114,T-301 (OHE Gang)
HIST-04666,TASK-04709,2025-05-19T23:35:00,2025-05-20T01:33:00,Routine PM: Quarterly Point Machine Overhaul & Lubrication.,COMPLETED,118,T-101 (Engineering Gang)
HIST-04667,TASK-04710,2025-08-18T00:01:00,2025-08-18T02:05:00,Routine PM: Quarterly Point Machine Overhaul & Lubrication.,COMPLETED,124,T-301 (OHE Gang)
HIST-04668,TASK-04711,2025-11-16T00:03:00,2025-11-16T02:06:00,Routine PM: Quarterly Point Machine Overhaul & Lubrication.,COMPLETED,123,T-201 (Signal Staff)
HIST-04669,TASK-04712,2026-02-14T00:27:00,2026-02-14T02:32:00,Routine PM: Quarterly Point Machine Overhaul & Lubrication.,COMPLETED,125,T-102
HIST-04670,TASK-04713,2026-05-14T23:43:00,2026-05-15T01:40:00,Routine PM: Quarterly Point Machine Overhaul & Lubrication.,COMPLETED,117,T-201 (Signal Staff)
HIST-04674,TASK-04717,2023-10-18T23:57:00,2023-10-19T02:00:00,Routine PM: Quarterly Point Machine Overhaul & Lubrication.,COMPLETED,123,T-202
HIST-04675,TASK-04718,2024-01-16T23:53:00,2024-01-17T01:56:00,Routine PM: Quarterly Point Machine Overhaul & Lubrication.,COMPLETED,123,T-302
HIST-04676,TASK-04719,2024-04-15T23:47:00,2024-04-16T01:43:00,Routine PM: Quarterly Point Machine Overhaul & Lubrication.,COMPLETED,116,T-101 (Engineering Gang)
HIST-04677,TASK-04720,2024-07-14T23:54:00,2024-07-15T01:49:00,Routine PM: Quarterly Point Machine Overhaul & Lubrication.,COMPLETED,115,T-101 (Engineering Gang)
HIST-04678,TASK-04721,2024-10-12T23:33:00,2024-10-13T01:35:00,Routine PM: Quarterly Point Machine Overhaul & Lubrication.,COMPLETED,122,T-302
HIST-04679,TASK-04722,2025-01-10T23:55:00,2025-01-11T01:53:00,Routine PM: Quarterly Point Machine Overhaul & Lubrication.,COMPLETED,118,T-101 (Engineering Gang)
HIST-04680,TASK-04723,2025-04-10T23:49:00,2025-04-11T01:51:00,Routine PM: Quarterly Point Machine Overhaul & Lubrication.,COMPLETED,122,T-301 (OHE Gang)
HIST-04681,TASK-04724,2025-07-10T00:23:00,2025-07-10T02:22:00,Routine PM: Quarterly Point Machine Overhaul & Lubrication.,COMPLETED,119,T-202
HIST-04682,TASK-04725,2025-10-08T00:29:00,2025-10-08T02:27:00,Routine PM: Quarterly Point Machine Overhaul & Lubrication.,COMPLETED,118,T-301 (OHE Gang)
HIST-04683,TASK-04726,2026-01-06T00:13:00,2026-01-06T02:16:00,Routine PM: Quarterly Point Machine Overhaul & Lubrication.,COMPLETED,123,T-302
HIST-04684,TASK-04727,2026-04-05T23:42:00,2026-04-06T01:36:00,Routine PM: Quarterly Point Machine Overhaul & Lubrication.,COMPLETED,114,T-301 (OHE Gang)
HIST-04685,TASK-04728,2026-07-04T23:52:00,2026-07-05T01:51:00,Routine PM: Quarterly Point Machine Overhaul & Lubrication.,COMPLETED,119,T-101 (Engineering Gang)
HIST-04689,TASK-04732,2023-08-21T00:05:00,2023-08-21T02:10:00,Routine PM: Quarterly Point Machine Overhaul & Lubrication.,COMPLETED,125,T-202
HIST-04690,TASK-04733,2023-11-19T00:07:00,2023-11-19T02:10:00,Routine PM: Quarterly Point Machine Overhaul & Lubrication.,COMPLETED,123,T-202
HIST-04691,TASK-04734,2024-02-16T23:54:00,2024-02-17T01:55:00,Routine PM: Quarterly Point Machine Overhaul & Lubrication.,COMPLETED,121,T-202
HIST-04692,TASK-04735,2024-05-16T23:42:00,2024-05-17T01:47:00,Routine PM: Quarterly Point Machine Overhaul & Lubrication.,COMPLETED,125,T-202
HIST-04693,TASK-04736,2024-08-14T23:49:00,2024-08-15T01:45:00,Routine PM: Quarterly Point Machine Overhaul & Lubrication.,COMPLETED,116,T-201 (Signal Staff)
HIST-04694,TASK-04737,2024-11-12T23:42:00,2024-11-13T01:37:00,Routine PM: Quarterly Point Machine Overhaul & Lubrication.,COMPLETED,115,T-202
HIST-04695,TASK-04738,2025-02-10T23:47:00,2025-02-11T01:50:00,Routine PM: Quarterly Point Machine Overhaul & Lubrication.,COMPLETED,123,T-201 (Signal Staff)
HIST-04696,TASK-04739,2025-05-12T00:17:00,2025-05-12T02:12:00,Routine PM: Quarterly Point Machine Overhaul & Lubrication.,COMPLETED,115,T-301 (OHE Gang)
HIST-04697,TASK-04740,2025-08-10T00:15:00,2025-08-10T02:19:00,Routine PM: Quarterly Point Machine Overhaul & Lubrication.,COMPLETED,124,T-202
HIST-04698,TASK-04741,2025-11-07T23:57:00,2025-11-08T01:51:00,Routine PM: Quarterly Point Machine Overhaul & Lubrication.,COMPLETED,114,T-201 (Signal Staff)
HIST-04699,TASK-04742,2026-02-06T00:11:00,2026-02-06T02:16:00,Routine PM: Quarterly Point Machine Overhaul & Lubrication.,COMPLETED,125,T-101 (Engineering Gang)
HIST-04700,TASK-04743,2026-05-07T00:18:00,2026-05-07T02:19:00,Routine PM: Quarterly Point Machine Overhaul & Lubrication.,COMPLETED,121,T-202
HIST-04707,TASK-04750,2023-09-28T23:30:00,2023-09-29T01:31:00,Routine PM: Quarterly Point Machine Overhaul & Lubrication.,COMPLETED,121,T-302
HIST-04708,TASK-04751,2023-12-27T23:45:00,2023-12-28T01:47:00,Routine PM: Quarterly Point Machine Overhaul & Lubrication.,COMPLETED,122,T-102
HIST-04709,TASK-04752,2024-03-27T00:10:00,2024-03-27T02:07:00,Routine PM: Quarterly Point Machine Overhaul & Lubrication.,COMPLETED,117,T-201 (Signal Staff)
HIST-04710,TASK-04753,2024-06-25T00:08:00,2024-06-25T02:10:00,Routine PM: Quarterly Point Machine Overhaul & Lubrication.,COMPLETED,122,T-201 (Signal Staff)
HIST-04711,TASK-04754,2024-09-23T00:20:00,2024-09-23T02:18:00,Routine PM: Quarterly Point Machine Overhaul & Lubrication.,COMPLETED,118,T-101 (Engineering Gang)
HIST-04712,TASK-04755,2024-12-22T00:26:00,2024-12-22T02:22:00,Routine PM: Quarterly Point Machine Overhaul & Lubrication.,COMPLETED,116,T-102
HIST-04713,TASK-04756,2025-03-21T23:49:00,2025-03-22T01:48:00,Routine PM: Quarterly Point Machine Overhaul & Lubrication.,COMPLETED,119,T-301 (OHE Gang)
HIST-04714,TASK-04757,2025-06-20T00:14:00,2025-06-20T02:11:00,Routine PM: Quarterly Point Machine Overhaul & Lubrication.,COMPLETED,117,T-201 (Signal Staff)
HIST-04715,TASK-04758,2025-09-18T00:14:00,2025-09-18T02:14:00,Routine PM: Quarterly Point Machine Overhaul & Lubrication.,COMPLETED,120,T-201 (Signal Staff)
HIST-04716,TASK-04759,2025-12-16T23:48:00,2025-12-17T01:46:00,Routine PM: Quarterly Point Machine Overhaul & Lubrication.,COMPLETED,118,T-202
HIST-04717,TASK-04760,2026-03-17T00:29:00,2026-03-17T02:31:00,Routine PM: Quarterly Point Machine Overhaul & Lubrication.,COMPLETED,122,T-101 (Engineering Gang)
HIST-04718,TASK-04761,2026-06-15T00:24:00,2026-06-15T02:21:00,Routine PM: Quarterly Point Machine Overhaul & Lubrication.,COMPLETED,117,T-301 (OHE Gang)
HIST-04725,TASK-04768,2023-09-07T23:58:00,2023-09-08T02:01:00,Routine PM: Quarterly Point Machine Overhaul & Lubrication.,COMPLETED,123,T-102
HIST-04726,TASK-04769,2023-12-07T00:02:00,2023-12-07T02:06:00,Routine PM: Quarterly Point Machine Overhaul & Lubrication.,COMPLETED,124,T-101 (Engineering Gang)
HIST-04727,TASK-04770,2024-03-06T00:06:00,2024-03-06T02:01:00,Routine PM: Quarterly Point Machine Overhaul & Lubrication.,COMPLETED,115,T-302
HIST-04728,TASK-04771,2024-06-04T00:05:00,2024-06-04T02:00:00,Routine PM: Quarterly Point Machine Overhaul & Lubrication.,COMPLETED,115,T-201 (Signal Staff)
HIST-04729,TASK-04772,2024-09-01T23:49:00,2024-09-02T01:52:00,Routine PM: Quarterly Point Machine Overhaul & Lubrication.,COMPLETED,123,T-102
HIST-04730,TASK-04773,2024-11-30T23:54:00,2024-12-01T01:49:00,Routine PM: Quarterly Point Machine Overhaul & Lubrication.,COMPLETED,115,T-301 (OHE Gang)
HIST-04731,TASK-04774,2025-03-01T00:26:00,2025-03-01T02:21:00,Routine PM: Quarterly Point Machine Overhaul & Lubrication.,COMPLETED,115,T-202
HIST-04732,TASK-04775,2025-05-29T23:32:00,2025-05-30T01:33:00,Routine PM: Quarterly Point Machine Overhaul & Lubrication.,COMPLETED,121,T-102
HIST-04733,TASK-04776,2025-08-27T23:30:00,2025-08-28T01:25:00,Routine PM: Quarterly Point Machine Overhaul & Lubrication.,COMPLETED,115,T-202
HIST-04734,TASK-04777,2025-11-26T00:18:00,2025-11-26T02:22:00,Routine PM: Quarterly Point Machine Overhaul & Lubrication.,COMPLETED,124,T-202
HIST-04735,TASK-04778,2026-02-24T00:15:00,2026-02-24T02:09:00,Routine PM: Quarterly Point Machine Overhaul & Lubrication.,COMPLETED,114,T-102
HIST-04736,TASK-04779,2026-05-25T00:13:00,2026-05-25T02:09:00,Routine PM: Quarterly Point Machine Overhaul & Lubrication.,COMPLETED,116,T-101 (Engineering Gang)
HIST-04749,TASK-04792,2023-08-18T23:30:00,2023-08-19T01:26:00,Routine PM: Quarterly Point Machine Overhaul & Lubrication.,COMPLETED,116,T-201 (Signal Staff)
HIST-04750,TASK-04793,2023-11-16T23:51:00,2023-11-17T01:56:00,Routine PM: Quarterly Point Machine Overhaul & Lubrication.,COMPLETED,125,T-202
HIST-04751,TASK-04794,2024-02-15T00:28:00,2024-02-15T02:31:00,Routine PM: Quarterly Point Machine Overhaul & Lubrication.,COMPLETED,123,T-301 (OHE Gang)
HIST-04752,TASK-04795,2024-05-14T23:58:00,2024-05-15T02:01:00,Routine PM: Quarterly Point Machine Overhaul & Lubrication.,COMPLETED,123,T-101 (Engineering Gang)
HIST-04753,TASK-04796,2024-08-12T23:42:00,2024-08-13T01:47:00,Routine PM: Quarterly Point Machine Overhaul & Lubrication.,COMPLETED,125,T-201 (Signal Staff)
HIST-04754,TASK-04797,2024-11-10T23:34:00,2024-11-11T01:39:00,Routine PM: Quarterly Point Machine Overhaul & Lubrication.,COMPLETED,125,T-301 (OHE Gang)
HIST-04755,TASK-04798,2025-02-08T23:35:00,2025-02-09T01:36:00,Routine PM: Quarterly Point Machine Overhaul & Lubrication.,COMPLETED,121,T-202
HIST-04756,TASK-04799,2025-05-09T23:44:00,2025-05-10T01:45:00,Routine PM: Quarterly Point Machine Overhaul & Lubrication.,COMPLETED,121,T-202
HIST-04757,TASK-04800,2025-08-08T00:18:00,2025-08-08T02:21:00,Routine PM: Quarterly Point Machine Overhaul & Lubrication.,COMPLETED,123,T-301 (OHE Gang)
HIST-04758,TASK-04801,2025-11-05T23:40:00,2025-11-06T01:35:00,Routine PM: Quarterly Point Machine Overhaul & Lubrication.,COMPLETED,115,T-302
HIST-04759,TASK-04802,2026-02-03T23:57:00,2026-02-04T01:53:00,Routine PM: Quarterly Point Machine Overhaul & Lubrication.,COMPLETED,116,T-301 (OHE Gang)
HIST-04760,TASK-04803,2026-05-04T23:49:00,2026-05-05T01:53:00,Routine PM: Quarterly Point Machine Overhaul & Lubrication.,COMPLETED,124,T-101 (Engineering Gang)
HIST-04779,TASK-04822,2023-09-15T00:11:00,2023-09-15T02:07:00,Routine PM: Quarterly Point Machine Overhaul & Lubrication.,COMPLETED,116,T-201 (Signal Staff)
HIST-04780,TASK-04823,2023-12-13T23:37:00,2023-12-14T01:39:00,Routine PM: Quarterly Point Machine Overhaul & Lubrication.,COMPLETED,122,T-102
HIST-04781,TASK-04824,2024-03-12T23:30:00,2024-03-13T01:35:00,Routine PM: Quarterly Point Machine Overhaul & Lubrication.,COMPLETED,125,T-102
HIST-04782,TASK-04825,2024-06-10T23:48:00,2024-06-11T01:42:00,Routine PM: Quarterly Point Machine Overhaul & Lubrication.,COMPLETED,114,T-102
HIST-04783,TASK-04826,2024-09-08T23:48:00,2024-09-09T01:43:00,Routine PM: Quarterly Point Machine Overhaul & Lubrication.,COMPLETED,115,T-201 (Signal Staff)
HIST-04784,TASK-04827,2024-12-08T00:29:00,2024-12-08T02:31:00,Routine PM: Quarterly Point Machine Overhaul & Lubrication.,COMPLETED,122,T-302
HIST-04785,TASK-04828,2025-03-08T00:11:00,2025-03-08T02:05:00,Routine PM: Quarterly Point Machine Overhaul & Lubrication.,COMPLETED,114,T-301 (OHE Gang)
HIST-04786,TASK-04829,2025-06-05T23:32:00,2025-06-06T01:27:00,Routine PM: Quarterly Point Machine Overhaul & Lubrication.,COMPLETED,115,T-301 (OHE Gang)
HIST-04787,TASK-04830,2025-09-03T23:59:00,2025-09-04T01:59:00,Routine PM: Quarterly Point Machine Overhaul & Lubrication.,COMPLETED,120,T-101 (Engineering Gang)
HIST-04788,TASK-04831,2025-12-03T00:26:00,2025-12-03T02:31:00,Routine PM: Quarterly Point Machine Overhaul & Lubrication.,COMPLETED,125,T-301 (OHE Gang)
HIST-04789,TASK-04832,2026-03-02T23:30:00,2026-03-03T01:25:00,Routine PM: Quarterly Point Machine Overhaul & Lubrication.,COMPLETED,115,T-201 (Signal Staff)
HIST-04790,TASK-04833,2026-05-31T23:39:00,2026-06-01T01:38:00,Routine PM: Quarterly Point Machine Overhaul & Lubrication.,COMPLETED,119,T-101 (Engineering Gang)
HIST-04803,TASK-04846,2023-09-07T23:54:00,2023-09-08T01:55:00,Routine PM: Quarterly Point Machine Overhaul & Lubrication.,COMPLETED,121,T-102
HIST-04804,TASK-04847,2023-12-07T00:15:00,2023-12-07T02:11:00,Routine PM: Quarterly Point Machine Overhaul & Lubrication.,COMPLETED,116,T-101 (Engineering Gang)
HIST-04805,TASK-04848,2024-03-06T00:14:00,2024-03-06T02:10:00,Routine PM: Quarterly Point Machine Overhaul & Lubrication.,COMPLETED,116,T-201 (Signal Staff)
HIST-04806,TASK-04849,2024-06-03T23:38:00,2024-06-04T01:37:00,Routine PM: Quarterly Point Machine Overhaul & Lubrication.,COMPLETED,119,T-202
HIST-04807,TASK-04850,2024-09-02T00:17:00,2024-09-02T02:20:00,Routine PM: Quarterly Point Machine Overhaul & Lubrication.,COMPLETED,123,T-302
HIST-04808,TASK-04851,2024-12-01T00:05:00,2024-12-01T02:10:00,Routine PM: Quarterly Point Machine Overhaul & Lubrication.,COMPLETED,125,T-101 (Engineering Gang)
HIST-04809,TASK-04852,2025-03-01T00:23:00,2025-03-01T02:22:00,Routine PM: Quarterly Point Machine Overhaul & Lubrication.,COMPLETED,119,T-201 (Signal Staff)
HIST-04810,TASK-04853,2025-05-30T00:11:00,2025-05-30T02:16:00,Routine PM: Quarterly Point Machine Overhaul & Lubrication.,COMPLETED,125,T-302
HIST-04811,TASK-04854,2025-08-28T00:25:00,2025-08-28T02:24:00,Routine PM: Quarterly Point Machine Overhaul & Lubrication.,COMPLETED,119,T-202
HIST-04812,TASK-04855,2025-11-26T00:06:00,2025-11-26T02:04:00,Routine PM: Quarterly Point Machine Overhaul & Lubrication.,COMPLETED,118,T-301 (OHE Gang)
HIST-04813,TASK-04856,2026-02-24T00:24:00,2026-02-24T02:25:00,Routine PM: Quarterly Point Machine Overhaul & Lubrication.,COMPLETED,121,T-202
HIST-04814,TASK-04857,2026-05-24T23:36:00,2026-05-25T01:40:00,Routine PM: Quarterly Point Machine Overhaul & Lubrication.,COMPLETED,124,T-301 (OHE Gang)
HIST-04830,TASK-04873,2023-10-09T00:06:00,2023-10-09T02:00:00,Routine PM: Quarterly Point Machine Overhaul & Lubrication.,COMPLETED,114,T-101 (Engineering Gang)
HIST-04831,TASK-04874,2024-01-07T00:22:00,2024-01-07T02:24:00,Routine PM: Quarterly Point Machine Overhaul & Lubrication.,COMPLETED,122,T-201 (Signal Staff)
HIST-04832,TASK-04875,2024-04-05T23:48:00,2024-04-06T01:50:00,Routine PM: Quarterly Point Machine Overhaul & Lubrication.,COMPLETED,122,T-102
HIST-04833,TASK-04876,2024-07-05T00:17:00,2024-07-05T02:21:00,Routine PM: Quarterly Point Machine Overhaul & Lubrication.,COMPLETED,124,T-302
HIST-04834,TASK-04877,2024-10-03T00:18:00,2024-10-03T02:20:00,Routine PM: Quarterly Point Machine Overhaul & Lubrication.,COMPLETED,122,T-101 (Engineering Gang)
HIST-04835,TASK-04878,2024-12-31T23:41:00,2025-01-01T01:35:00,Routine PM: Quarterly Point Machine Overhaul & Lubrication.,COMPLETED,114,T-102
HIST-04836,TASK-04879,2025-03-31T23:43:00,2025-04-01T01:37:00,Routine PM: Quarterly Point Machine Overhaul & Lubrication.,COMPLETED,114,T-302
HIST-04837,TASK-04880,2025-06-29T23:38:00,2025-06-30T01:42:00,Routine PM: Quarterly Point Machine Overhaul & Lubrication.,COMPLETED,124,T-202
HIST-04838,TASK-04881,2025-09-28T00:10:00,2025-09-28T02:13:00,Routine PM: Quarterly Point Machine Overhaul & Lubrication.,COMPLETED,123,T-301 (OHE Gang)
HIST-04839,TASK-04882,2025-12-27T00:10:00,2025-12-27T02:10:00,Routine PM: Quarterly Point Machine Overhaul & Lubrication.,COMPLETED,120,T-301 (OHE Gang)
HIST-04840,TASK-04883,2026-03-27T00:14:00,2026-03-27T02:18:00,Routine PM: Quarterly Point Machine Overhaul & Lubrication.,COMPLETED,124,T-101 (Engineering Gang)
HIST-04841,TASK-04884,2026-06-25T00:14:00,2026-06-25T02:16:00,Routine PM: Quarterly Point Machine Overhaul & Lubrication.,COMPLETED,122,T-202
HIST-04842,TASK-04885,2023-09-04T00:30:00,2023-09-04T02:24:00,Routine PM: Quarterly Point Machine Overhaul & Lubrication.,COMPLETED,114,T-201 (Signal Staff)
HIST-04843,TASK-04886,2023-12-02T23:39:00,2023-12-03T01:35:00,Routine PM: Quarterly Point Machine Overhaul & Lubrication.,COMPLETED,116,T-201 (Signal Staff)
HIST-04844,TASK-04887,2024-03-01T23:45:00,2024-03-02T01:43:00,Routine PM: Quarterly Point Machine Overhaul & Lubrication.,COMPLETED,118,T-202
HIST-04845,TASK-04888,2024-05-30T23:39:00,2024-05-31T01:35:00,Routine PM: Quarterly Point Machine Overhaul & Lubrication.,COMPLETED,116,T-202
HIST-04846,TASK-04889,2024-08-29T00:04:00,2024-08-29T02:05:00,Routine PM: Quarterly Point Machine Overhaul & Lubrication.,COMPLETED,121,T-301 (OHE Gang)
HIST-04847,TASK-04890,2024-11-26T23:34:00,2024-11-27T01:29:00,Routine PM: Quarterly Point Machine Overhaul & Lubrication.,COMPLETED,115,T-101 (Engineering Gang)
HIST-04848,TASK-04891,2025-02-24T23:45:00,2025-02-25T01:46:00,Routine PM: Quarterly Point Machine Overhaul & Lubrication.,COMPLETED,121,T-202
HIST-04849,TASK-04892,2025-05-26T00:07:00,2025-05-26T02:06:00,Routine PM: Quarterly Point Machine Overhaul & Lubrication.,COMPLETED,119,T-302
HIST-04850,TASK-04893,2025-08-24T00:00:00,2025-08-24T02:05:00,Routine PM: Quarterly Point Machine Overhaul & Lubrication.,COMPLETED,125,T-201 (Signal Staff)
HIST-04851,TASK-04894,2025-11-22T00:04:00,2025-11-22T02:07:00,Routine PM: Quarterly Point Machine Overhaul & Lubrication.,COMPLETED,123,T-102
HIST-04852,TASK-04895,2026-02-20T00:08:00,2026-02-20T02:03:00,Routine PM: Quarterly Point Machine Overhaul & Lubrication.,COMPLETED,115,T-202
HIST-04853,TASK-04896,2026-05-20T23:59:00,2026-05-21T01:57:00,Routine PM: Quarterly Point Machine Overhaul & Lubrication.,COMPLETED,118,T-102
HIST-04863,TASK-04906,2023-08-23T23:49:00,2023-08-24T01:51:00,Routine PM: Quarterly Point Machine Overhaul & Lubrication.,COMPLETED,122,T-202
HIST-04864,TASK-04907,2023-11-22T00:10:00,2023-11-22T02:07:00,Routine PM: Quarterly Point Machine Overhaul & Lubrication.,COMPLETED,117,T-202
HIST-04865,TASK-04908,2024-02-20T00:09:00,2024-02-20T02:10:00,Routine PM: Quarterly Point Machine Overhaul & Lubrication.,COMPLETED,121,T-202
HIST-04866,TASK-04909,2024-05-20T00:02:00,2024-05-20T02:04:00,Routine PM: Quarterly Point Machine Overhaul & Lubrication.,COMPLETED,122,T-201 (Signal Staff)
HIST-04867,TASK-04910,2024-08-17T23:33:00,2024-08-18T01:29:00,Routine PM: Quarterly Point Machine Overhaul & Lubrication.,COMPLETED,116,T-202
HIST-04868,TASK-04911,2024-11-16T00:02:00,2024-11-16T01:56:00,Routine PM: Quarterly Point Machine Overhaul & Lubrication.,COMPLETED,114,T-201 (Signal Staff)
HIST-04869,TASK-04912,2025-02-13T23:30:00,2025-02-14T01:33:00,Routine PM: Quarterly Point Machine Overhaul & Lubrication.,COMPLETED,123,T-202
HIST-04870,TASK-04913,2025-05-14T23:47:00,2025-05-15T01:43:00,Routine PM: Quarterly Point Machine Overhaul & Lubrication.,COMPLETED,116,T-302
HIST-04871,TASK-04914,2025-08-12T23:43:00,2025-08-13T01:44:00,Routine PM: Quarterly Point Machine Overhaul & Lubrication.,COMPLETED,121,T-301 (OHE Gang)
HIST-04872,TASK-04915,2025-11-11T00:27:00,2025-11-11T02:22:00,Routine PM: Quarterly Point Machine Overhaul & Lubrication.,COMPLETED,115,T-302
HIST-04873,TASK-04916,2026-02-09T00:05:00,2026-02-09T02:00:00,Routine PM: Quarterly Point Machine Overhaul & Lubrication.,COMPLETED,115,T-101 (Engineering Gang)
HIST-04874,TASK-04917,2026-05-10T00:14:00,2026-05-10T02:19:00,Routine PM: Quarterly Point Machine Overhaul & Lubrication.,COMPLETED,125,T-102
HIST-04893,TASK-04936,2023-09-25T00:00:00,2023-09-25T02:02:00,Routine PM: Quarterly Point Machine Overhaul & Lubrication.,COMPLETED,122,T-301 (OHE Gang)
HIST-04894,TASK-04937,2023-12-23T23:34:00,2023-12-24T01:28:00,Routine PM: Quarterly Point Machine Overhaul & Lubrication.,COMPLETED,114,T-102
HIST-04895,TASK-04938,2024-03-22T23:56:00,2024-03-23T02:01:00,Routine PM: Quarterly Point Machine Overhaul & Lubrication.,COMPLETED,125,T-201 (Signal Staff)
HIST-04896,TASK-04939,2024-06-20T23:56:00,2024-06-21T02:00:00,Routine PM: Quarterly Point Machine Overhaul & Lubrication.,COMPLETED,124,T-301 (OHE Gang)
HIST-04897,TASK-04940,2024-09-19T00:08:00,2024-09-19T02:05:00,Routine PM: Quarterly Point Machine Overhaul & Lubrication.,COMPLETED,117,T-302
HIST-04898,TASK-04941,2024-12-17T23:50:00,2024-12-18T01:45:00,Routine PM: Quarterly Point Machine Overhaul & Lubrication.,COMPLETED,115,T-202
HIST-04899,TASK-04942,2025-03-17T23:43:00,2025-03-18T01:43:00,Routine PM: Quarterly Point Machine Overhaul & Lubrication.,COMPLETED,120,T-101 (Engineering Gang)
HIST-04900,TASK-04943,2025-06-16T00:21:00,2025-06-16T02:20:00,Routine PM: Quarterly Point Machine Overhaul & Lubrication.,COMPLETED,119,T-301 (OHE Gang)
HIST-04901,TASK-04944,2025-09-14T00:01:00,2025-09-14T02:01:00,Routine PM: Quarterly Point Machine Overhaul & Lubrication.,COMPLETED,120,T-101 (Engineering Gang)
HIST-04902,TASK-04945,2025-12-12T23:56:00,2025-12-13T01:53:00,Routine PM: Quarterly Point Machine Overhaul & Lubrication.,COMPLETED,117,T-301 (OHE Gang)
HIST-04903,TASK-04946,2026-03-13T00:15:00,2026-03-13T02:14:00,Routine PM: Quarterly Point Machine Overhaul & Lubrication.,COMPLETED,119,T-202
HIST-04904,TASK-04947,2026-06-10T23:47:00,2026-06-11T01:50:00,Routine PM: Quarterly Point Machine Overhaul & Lubrication.,COMPLETED,123,T-101 (Engineering Gang)
HIST-04905,TASK-04948,2023-09-08T23:40:00,2023-09-09T01:42:00,Routine PM: Quarterly Point Machine Overhaul & Lubrication.,COMPLETED,122,T-202
HIST-04906,TASK-04949,2023-12-07T23:33:00,2023-12-08T01:36:00,Routine PM: Quarterly Point Machine Overhaul & Lubrication.,COMPLETED,123,T-101 (Engineering Gang)
HIST-04907,TASK-04950,2024-03-07T00:19:00,2024-03-07T02:13:00,Routine PM: Quarterly Point Machine Overhaul & Lubrication.,COMPLETED,114,T-201 (Signal Staff)
HIST-04908,TASK-04951,2024-06-05T00:23:00,2024-06-05T02:24:00,Routine PM: Quarterly Point Machine Overhaul & Lubrication.,COMPLETED,121,T-101 (Engineering Gang)
HIST-04909,TASK-04952,2024-09-03T00:30:00,2024-09-03T02:28:00,Routine PM: Quarterly Point Machine Overhaul & Lubrication.,COMPLETED,118,T-302
HIST-04910,TASK-04953,2024-12-02T00:25:00,2024-12-02T02:23:00,Routine PM: Quarterly Point Machine Overhaul & Lubrication.,COMPLETED,118,T-101 (Engineering Gang)
HIST-04911,TASK-04954,2025-03-02T00:23:00,2025-03-02T02:18:00,Routine PM: Quarterly Point Machine Overhaul & Lubrication.,COMPLETED,115,T-301 (OHE Gang)
HIST-04912,TASK-04955,2025-05-31T00:03:00,2025-05-31T01:57:00,Routine PM: Quarterly Point Machine Overhaul & Lubrication.,COMPLETED,114,T-101 (Engineering Gang)
HIST-04913,TASK-04956,2025-08-29T00:22:00,2025-08-29T02:27:00,Routine PM: Quarterly Point Machine Overhaul & Lubrication.,COMPLETED,125,T-101 (Engineering Gang)
HIST-04914,TASK-04957,2025-11-26T23:48:00,2025-11-27T01:46:00,Routine PM: Quarterly Point Machine Overhaul & Lubrication.,COMPLETED,118,T-201 (Signal Staff)
HIST-04915,TASK-04958,2026-02-24T23:42:00,2026-02-25T01:45:00,Routine PM: Quarterly Point Machine Overhaul & Lubrication.,COMPLETED,123,T-301 (OHE Gang)
HIST-04916,TASK-04959,2026-05-25T23:45:00,2026-05-26T01:49:00,Routine PM: Quarterly Point Machine Overhaul & Lubrication.,COMPLETED,124,T-302
HIST-04965,TASK-05008,2023-09-03T00:24:00,2023-09-03T02:29:00,Routine PM: Quarterly Point Machine Overhaul & Lubrication.,COMPLETED,125,T-102
HIST-04966,TASK-05009,2023-12-02T00:18:00,2023-12-02T02:17:00,Routine PM: Quarterly Point Machine Overhaul & Lubrication.,COMPLETED,119,T-101 (Engineering Gang)
HIST-04967,TASK-05010,2024-03-01T00:20:00,2024-03-01T02:16:00,Routine PM: Quarterly Point Machine Overhaul & Lubrication.,COMPLETED,116,T-202
HIST-04968,TASK-05011,2024-05-29T23:56:00,2024-05-30T02:00:00,Routine PM: Quarterly Point Machine Overhaul & Lubrication.,COMPLETED,124,T-302
HIST-04969,TASK-05012,2024-08-27T23:55:00,2024-08-28T01:50:00,Routine PM: Quarterly Point Machine Overhaul & Lubrication.,COMPLETED,115,T-302
HIST-04970,TASK-05013,2024-11-26T00:07:00,2024-11-26T02:01:00,Routine PM: Quarterly Point Machine Overhaul & Lubrication.,COMPLETED,114,T-101 (Engineering Gang)
HIST-04971,TASK-05014,2025-02-24T00:30:00,2025-02-24T02:31:00,Routine PM: Quarterly Point Machine Overhaul & Lubrication.,COMPLETED,121,T-301 (OHE Gang)
HIST-04972,TASK-05015,2025-05-25T00:07:00,2025-05-25T02:09:00,Routine PM: Quarterly Point Machine Overhaul & Lubrication.,COMPLETED,122,T-301 (OHE Gang)
HIST-04973,TASK-05016,2025-08-23T00:30:00,2025-08-23T02:25:00,Routine PM: Quarterly Point Machine Overhaul & Lubrication.,COMPLETED,115,T-302
HIST-04974,TASK-05017,2025-11-21T00:14:00,2025-11-21T02:09:00,Routine PM: Quarterly Point Machine Overhaul & Lubrication.,COMPLETED,115,T-201 (Signal Staff)
HIST-04975,TASK-05018,2026-02-18T23:34:00,2026-02-19T01:38:00,Routine PM: Quarterly Point Machine Overhaul & Lubrication.,COMPLETED,124,T-101 (Engineering Gang)
HIST-04976,TASK-05019,2026-05-19T23:34:00,2026-05-20T01:33:00,Routine PM: Quarterly Point Machine Overhaul & Lubrication.,COMPLETED,119,T-302
HIST-04977,TASK-05020,2023-10-03T23:57:00,2023-10-04T02:02:00,Routine PM: Quarterly Point Machine Overhaul & Lubrication.,COMPLETED,125,T-202
HIST-04978,TASK-05021,2024-01-02T00:28:00,2024-01-02T02:26:00,Routine PM: Quarterly Point Machine Overhaul & Lubrication.,COMPLETED,118,T-102
HIST-04979,TASK-05022,2024-03-31T23:38:00,2024-04-01T01:33:00,Routine PM: Quarterly Point Machine Overhaul & Lubrication.,COMPLETED,115,T-202
HIST-04980,TASK-05023,2024-06-30T00:20:00,2024-06-30T02:18:00,Routine PM: Quarterly Point Machine Overhaul & Lubrication.,COMPLETED,118,T-202
HIST-04981,TASK-05024,2024-09-28T00:06:00,2024-09-28T02:02:00,Routine PM: Quarterly Point Machine Overhaul & Lubrication.,COMPLETED,116,T-301 (OHE Gang)
HIST-04982,TASK-05025,2024-12-27T00:02:00,2024-12-27T02:07:00,Routine PM: Quarterly Point Machine Overhaul & Lubrication.,COMPLETED,125,T-302
HIST-04983,TASK-05026,2025-03-27T00:16:00,2025-03-27T02:21:00,Routine PM: Quarterly Point Machine Overhaul & Lubrication.,COMPLETED,125,T-302
HIST-04984,TASK-05027,2025-06-24T23:33:00,2025-06-25T01:36:00,Routine PM: Quarterly Point Machine Overhaul & Lubrication.,COMPLETED,123,T-301 (OHE Gang)
HIST-04985,TASK-05028,2025-09-23T00:00:00,2025-09-23T01:54:00,Routine PM: Quarterly Point Machine Overhaul & Lubrication.,COMPLETED,114,T-301 (OHE Gang)
HIST-04986,TASK-05029,2025-12-22T00:14:00,2025-12-22T02:13:00,Routine PM: Quarterly Point Machine Overhaul & Lubrication.,COMPLETED,119,T-201 (Signal Staff)
HIST-04987,TASK-05030,2026-03-22T00:23:00,2026-03-22T02:21:00,Routine PM: Quarterly Point Machine Overhaul & Lubrication.,COMPLETED,118,T-102
HIST-04988,TASK-05031,2026-06-19T23:52:00,2026-06-20T01:50:00,Routine PM: Quarterly Point Machine Overhaul & Lubrication.,COMPLETED,118,T-302
HIST-04989,TASK-05032,2023-09-19T23:36:00,2023-09-20T01:38:00,Routine PM: Quarterly Point Machine Overhaul & Lubrication.,COMPLETED,122,T-301 (OHE Gang)
HIST-04990,TASK-05033,2023-12-18T23:55:00,2023-12-19T01:53:00,Routine PM: Quarterly Point Machine Overhaul & Lubrication.,COMPLETED,118,T-102
HIST-04991,TASK-05034,2024-03-17T23:36:00,2024-03-18T01:34:00,Routine PM: Quarterly Point Machine Overhaul & Lubrication.,COMPLETED,118,T-101 (Engineering Gang)
HIST-04992,TASK-05035,2024-06-15T23:35:00,2024-06-16T01:38:00,Routine PM: Quarterly Point Machine Overhaul & Lubrication.,COMPLETED,123,T-201 (Signal Staff)
HIST-04993,TASK-05036,2024-09-13T23:32:00,2024-09-14T01:37:00,Routine PM: Quarterly Point Machine Overhaul & Lubrication.,COMPLETED,125,T-101 (Engineering Gang)
HIST-04994,TASK-05037,2024-12-12T23:36:00,2024-12-13T01:36:00,Routine PM: Quarterly Point Machine Overhaul & Lubrication.,COMPLETED,120,T-302
HIST-04995,TASK-05038,2025-03-12T23:31:00,2025-03-13T01:33:00,Routine PM: Quarterly Point Machine Overhaul & Lubrication.,COMPLETED,122,T-302
HIST-04996,TASK-05039,2025-06-11T00:03:00,2025-06-11T02:06:00,Routine PM: Quarterly Point Machine Overhaul & Lubrication.,COMPLETED,123,T-201 (Signal Staff)
HIST-04997,TASK-05040,2025-09-09T00:18:00,2025-09-09T02:16:00,Routine PM: Quarterly Point Machine Overhaul & Lubrication.,COMPLETED,118,T-102
HIST-04998,TASK-05041,2025-12-08T00:01:00,2025-12-08T02:02:00,Routine PM: Quarterly Point Machine Overhaul & Lubrication.,COMPLETED,121,T-201 (Signal Staff)
HIST-04999,TASK-05042,2026-03-08T00:21:00,2026-03-08T02:26:00,Routine PM: Quarterly Point Machine Overhaul & Lubrication.,COMPLETED,125,T-102
HIST-05000,TASK-05043,2026-06-05T23:41:00,2026-06-06T01:39:00,Routine PM: Quarterly Point Machine Overhaul & Lubrication.,COMPLETED,118,T-301 (OHE Gang)
HIST-05001,TASK-05044,2023-09-01T23:52:00,2023-09-02T01:51:00,Routine PM: Quarterly Point Machine Overhaul & Lubrication.,COMPLETED,119,T-101 (Engineering Gang)
HIST-05002,TASK-05045,2023-11-30T23:52:00,2023-12-01T01:46:00,Routine PM: Quarterly Point Machine Overhaul & Lubrication.,COMPLETED,114,T-302
HIST-05003,TASK-05046,2024-02-29T00:28:00,2024-02-29T02:32:00,Routine PM: Quarterly Point Machine Overhaul & Lubrication.,COMPLETED,124,T-201 (Signal Staff)
HIST-05004,TASK-05047,2024-05-28T23:42:00,2024-05-29T01:40:00,Routine PM: Quarterly Point Machine Overhaul & Lubrication.,COMPLETED,118,T-202
HIST-05005,TASK-05048,2024-08-27T00:21:00,2024-08-27T02:22:00,Routine PM: Quarterly Point Machine Overhaul & Lubrication.,COMPLETED,121,T-302
HIST-05006,TASK-05049,2024-11-24T23:46:00,2024-11-25T01:46:00,Routine PM: Quarterly Point Machine Overhaul & Lubrication.,COMPLETED,120,T-202
HIST-05007,TASK-05050,2025-02-22T23:56:00,2025-02-23T01:50:00,Routine PM: Quarterly Point Machine Overhaul & Lubrication.,COMPLETED,114,T-102
HIST-05008,TASK-05051,2025-05-24T00:13:00,2025-05-24T02:16:00,Routine PM: Quarterly Point Machine Overhaul & Lubrication.,COMPLETED,123,T-302
HIST-05009,TASK-05052,2025-08-22T00:10:00,2025-08-22T02:10:00,Routine PM: Quarterly Point Machine Overhaul & Lubrication.,COMPLETED,120,T-201 (Signal Staff)
HIST-05010,TASK-05053,2025-11-20T00:18:00,2025-11-20T02:12:00,Routine PM: Quarterly Point Machine Overhaul & Lubrication.,COMPLETED,114,T-301 (OHE Gang)
HIST-05011,TASK-05054,2026-02-17T23:43:00,2026-02-18T01:40:00,Routine PM: Quarterly Point Machine Overhaul & Lubrication.,COMPLETED,117,T-201 (Signal Staff)
HIST-05012,TASK-05055,2026-05-18T23:40:00,2026-05-19T01:41:00,Routine PM: Quarterly Point Machine Overhaul & Lubrication.,COMPLETED,121,T-302
HIST-05013,TASK-05056,2023-10-18T00:04:00,2023-10-18T02:02:00,Routine PM: Quarterly Point Machine Overhaul & Lubrication.,COMPLETED,118,T-201 (Signal Staff)
HIST-05014,TASK-05057,2024-01-16T00:22:00,2024-01-16T02:26:00,Routine PM: Quarterly Point Machine Overhaul & Lubrication.,COMPLETED,124,T-302
HIST-05015,TASK-05058,2024-04-15T00:14:00,2024-04-15T02:08:00,Routine PM: Quarterly Point Machine Overhaul & Lubrication.,COMPLETED,114,T-302
HIST-05016,TASK-05059,2024-07-13T23:45:00,2024-07-14T01:41:00,Routine PM: Quarterly Point Machine Overhaul & Lubrication.,COMPLETED,116,T-202
HIST-05017,TASK-05060,2024-10-12T00:04:00,2024-10-12T02:04:00,Routine PM: Quarterly Point Machine Overhaul & Lubrication.,COMPLETED,120,T-201 (Signal Staff)
HIST-05018,TASK-05061,2025-01-09T23:30:00,2025-01-10T01:30:00,Routine PM: Quarterly Point Machine Overhaul & Lubrication.,COMPLETED,120,T-301 (OHE Gang)
HIST-05019,TASK-05062,2025-04-09T23:30:00,2025-04-10T01:24:00,Routine PM: Quarterly Point Machine Overhaul & Lubrication.,COMPLETED,114,T-102
HIST-05020,TASK-05063,2025-07-09T00:29:00,2025-07-09T02:32:00,Routine PM: Quarterly Point Machine Overhaul & Lubrication.,COMPLETED,123,T-102
HIST-05021,TASK-05064,2025-10-06T23:52:00,2025-10-07T01:52:00,Routine PM: Quarterly Point Machine Overhaul & Lubrication.,COMPLETED,120,T-302
HIST-05022,TASK-05065,2026-01-05T00:28:00,2026-01-05T02:32:00,Routine PM: Quarterly Point Machine Overhaul & Lubrication.,COMPLETED,124,T-202
HIST-05023,TASK-05066,2026-04-05T00:12:00,2026-04-05T02:15:00,Routine PM: Quarterly Point Machine Overhaul & Lubrication.,COMPLETED,123,T-101 (Engineering Gang)
HIST-05024,TASK-05067,2026-07-04T00:27:00,2026-07-04T02:24:00,Routine PM: Quarterly Point Machine Overhaul & Lubrication.,COMPLETED,117,T-301 (OHE Gang)
HIST-05025,TASK-05068,2023-10-09T23:51:00,2023-10-10T01:53:00,Routine PM: Quarterly Point Machine Overhaul & Lubrication.,COMPLETED,122,T-201 (Signal Staff)
HIST-05026,TASK-05069,2024-01-08T00:23:00,2024-01-08T02:21:00,Routine PM: Quarterly Point Machine Overhaul & Lubrication.,COMPLETED,118,T-202
HIST-05027,TASK-05070,2024-04-07T00:01:00,2024-04-07T01:55:00,Routine PM: Quarterly Point Machine Overhaul & Lubrication.,COMPLETED,114,T-302
HIST-05028,TASK-05071,2024-07-06T00:22:00,2024-07-06T02:25:00,Routine PM: Quarterly Point Machine Overhaul & Lubrication.,COMPLETED,123,T-101 (Engineering Gang)
HIST-05029,TASK-05072,2024-10-04T00:09:00,2024-10-04T02:06:00,Routine PM: Quarterly Point Machine Overhaul & Lubrication.,COMPLETED,117,T-101 (Engineering Gang)
HIST-05030,TASK-05073,2025-01-01T23:39:00,2025-01-02T01:41:00,Routine PM: Quarterly Point Machine Overhaul & Lubrication.,COMPLETED,122,T-102
HIST-05031,TASK-05074,2025-04-02T00:17:00,2025-04-02T02:18:00,Routine PM: Quarterly Point Machine Overhaul & Lubrication.,COMPLETED,121,T-101 (Engineering Gang)
HIST-05032,TASK-05075,2025-06-30T23:47:00,2025-07-01T01:45:00,Routine PM: Quarterly Point Machine Overhaul & Lubrication.,COMPLETED,118,T-102
HIST-05033,TASK-05076,2025-09-29T00:08:00,2025-09-29T02:12:00,Routine PM: Quarterly Point Machine Overhaul & Lubrication.,COMPLETED,124,T-202
HIST-05034,TASK-05077,2025-12-28T00:18:00,2025-12-28T02:18:00,Routine PM: Quarterly Point Machine Overhaul & Lubrication.,COMPLETED,120,T-101 (Engineering Gang)
HIST-05035,TASK-05078,2026-03-28T00:03:00,2026-03-28T02:06:00,Routine PM: Quarterly Point Machine Overhaul & Lubrication.,COMPLETED,123,T-202
HIST-05036,TASK-05079,2026-06-25T23:56:00,2026-06-26T02:00:00,Routine PM: Quarterly Point Machine Overhaul & Lubrication.,COMPLETED,124,T-202
HIST-05070,TASK-05113,2023-09-07T00:04:00,2023-09-07T02:05:00,Routine PM: Quarterly Point Machine Overhaul & Lubrication.,COMPLETED,121,T-101 (Engineering Gang)
HIST-05071,TASK-05114,2023-12-06T00:29:00,2023-12-06T02:33:00,Routine PM: Quarterly Point Machine Overhaul & Lubrication.,COMPLETED,124,T-101 (Engineering Gang)
HIST-05072,TASK-05115,2024-03-04T23:48:00,2024-03-05T01:46:00,Routine PM: Quarterly Point Machine Overhaul & Lubrication.,COMPLETED,118,T-301 (OHE Gang)
HIST-05073,TASK-05116,2024-06-03T00:00:00,2024-06-03T02:00:00,Routine PM: Quarterly Point Machine Overhaul & Lubrication.,COMPLETED,120,T-302
HIST-05074,TASK-05117,2024-09-01T00:16:00,2024-09-01T02:12:00,Routine PM: Quarterly Point Machine Overhaul & Lubrication.,COMPLETED,116,T-301 (OHE Gang)
HIST-05075,TASK-05118,2024-11-30T00:23:00,2024-11-30T02:22:00,Routine PM: Quarterly Point Machine Overhaul & Lubrication.,COMPLETED,119,T-201 (Signal Staff)
HIST-05076,TASK-05119,2025-02-27T23:43:00,2025-02-28T01:41:00,Routine PM: Quarterly Point Machine Overhaul & Lubrication.,COMPLETED,118,T-201 (Signal Staff)
HIST-05077,TASK-05120,2025-05-29T00:00:00,2025-05-29T02:04:00,Routine PM: Quarterly Point Machine Overhaul & Lubrication.,COMPLETED,124,T-201 (Signal Staff)
HIST-05078,TASK-05121,2025-08-26T23:33:00,2025-08-27T01:33:00,Routine PM: Quarterly Point Machine Overhaul & Lubrication.,COMPLETED,120,T-202
HIST-05079,TASK-05122,2025-11-24T23:30:00,2025-11-25T01:26:00,Routine PM: Quarterly Point Machine Overhaul & Lubrication.,COMPLETED,116,T-301 (OHE Gang)
HIST-05080,TASK-05123,2026-02-23T00:19:00,2026-02-23T02:16:00,Routine PM: Quarterly Point Machine Overhaul & Lubrication.,COMPLETED,117,T-102
HIST-05081,TASK-05124,2026-05-24T00:11:00,2026-05-24T02:11:00,Routine PM: Quarterly Point Machine Overhaul & Lubrication.,COMPLETED,120,T-201 (Signal Staff)
HIST-05091,TASK-05134,2023-10-19T00:24:00,2023-10-19T02:27:00,Routine PM: Quarterly Point Machine Overhaul & Lubrication.,COMPLETED,123,T-301 (OHE Gang)
HIST-05092,TASK-05135,2024-01-16T23:55:00,2024-01-17T01:54:00,Routine PM: Quarterly Point Machine Overhaul & Lubrication.,COMPLETED,119,T-101 (Engineering Gang)
HIST-05093,TASK-05136,2024-04-15T23:59:00,2024-04-16T01:53:00,Routine PM: Quarterly Point Machine Overhaul & Lubrication.,COMPLETED,114,T-202
HIST-05094,TASK-05137,2024-07-14T23:53:00,2024-07-15T01:48:00,Routine PM: Quarterly Point Machine Overhaul & Lubrication.,COMPLETED,115,T-101 (Engineering Gang)
HIST-05095,TASK-05138,2024-10-12T23:43:00,2024-10-13T01:45:00,Routine PM: Quarterly Point Machine Overhaul & Lubrication.,COMPLETED,122,T-301 (OHE Gang)
HIST-05096,TASK-05139,2025-01-10T23:55:00,2025-01-11T01:57:00,Routine PM: Quarterly Point Machine Overhaul & Lubrication.,COMPLETED,122,T-201 (Signal Staff)
HIST-05097,TASK-05140,2025-04-10T23:50:00,2025-04-11T01:49:00,Routine PM: Quarterly Point Machine Overhaul & Lubrication.,COMPLETED,119,T-102
HIST-05098,TASK-05141,2025-07-09T23:38:00,2025-07-10T01:32:00,Routine PM: Quarterly Point Machine Overhaul & Lubrication.,COMPLETED,114,T-302
HIST-05099,TASK-05142,2025-10-08T00:10:00,2025-10-08T02:11:00,Routine PM: Quarterly Point Machine Overhaul & Lubrication.,COMPLETED,121,T-201 (Signal Staff)
HIST-05100,TASK-05143,2026-01-06T00:03:00,2026-01-06T01:57:00,Routine PM: Quarterly Point Machine Overhaul & Lubrication.,COMPLETED,114,T-102
HIST-05101,TASK-05144,2026-04-06T00:18:00,2026-04-06T02:22:00,Routine PM: Quarterly Point Machine Overhaul & Lubrication.,COMPLETED,124,T-202
HIST-05102,TASK-05145,2026-07-05T00:14:00,2026-07-05T02:12:00,Routine PM: Quarterly Point Machine Overhaul & Lubrication.,COMPLETED,118,T-101 (Engineering Gang)
HIST-05106,TASK-05149,2023-09-14T23:32:00,2023-09-15T01:37:00,Routine PM: Quarterly Point Machine Overhaul & Lubrication.,COMPLETED,125,T-301 (OHE Gang)
HIST-05107,TASK-05150,2023-12-14T00:16:00,2023-12-14T02:15:00,Routine PM: Quarterly Point Machine Overhaul & Lubrication.,COMPLETED,119,T-201 (Signal Staff)
HIST-05108,TASK-05151,2024-03-13T00:01:00,2024-03-13T01:59:00,Routine PM: Quarterly Point Machine Overhaul & Lubrication.,COMPLETED,118,T-201 (Signal Staff)
HIST-05109,TASK-05152,2024-06-11T00:21:00,2024-06-11T02:25:00,Routine PM: Quarterly Point Machine Overhaul & Lubrication.,COMPLETED,124,T-201 (Signal Staff)
HIST-05110,TASK-05153,2024-09-08T23:31:00,2024-09-09T01:26:00,Routine PM: Quarterly Point Machine Overhaul & Lubrication.,COMPLETED,115,T-102
HIST-05111,TASK-05154,2024-12-07T23:50:00,2024-12-08T01:50:00,Routine PM: Quarterly Point Machine Overhaul & Lubrication.,COMPLETED,120,T-201 (Signal Staff)
HIST-05112,TASK-05155,2025-03-08T00:22:00,2025-03-08T02:27:00,Routine PM: Quarterly Point Machine Overhaul & Lubrication.,COMPLETED,125,T-201 (Signal Staff)
HIST-05113,TASK-05156,2025-06-06T00:06:00,2025-06-06T02:08:00,Routine PM: Quarterly Point Machine Overhaul & Lubrication.,COMPLETED,122,T-301 (OHE Gang)
HIST-05114,TASK-05157,2025-09-03T23:42:00,2025-09-04T01:41:00,Routine PM: Quarterly Point Machine Overhaul & Lubrication.,COMPLETED,119,T-101 (Engineering Gang)
HIST-05115,TASK-05158,2025-12-03T00:17:00,2025-12-03T02:13:00,Routine PM: Quarterly Point Machine Overhaul & Lubrication.,COMPLETED,116,T-102
HIST-05116,TASK-05159,2026-03-03T00:15:00,2026-03-03T02:13:00,Routine PM: Quarterly Point Machine Overhaul & Lubrication.,COMPLETED,118,T-302
HIST-05117,TASK-05160,2026-05-31T23:31:00,2026-06-01T01:36:00,Routine PM: Quarterly Point Machine Overhaul & Lubrication.,COMPLETED,125,T-302
HIST-05118,TASK-05161,2023-10-12T23:41:00,2023-10-13T01:35:00,Routine PM: Quarterly Point Machine Overhaul & Lubrication.,COMPLETED,114,T-201 (Signal Staff)
HIST-05119,TASK-05162,2024-01-10T23:39:00,2024-01-11T01:43:00,Routine PM: Quarterly Point Machine Overhaul & Lubrication.,COMPLETED,124,T-301 (OHE Gang)
HIST-05120,TASK-05163,2024-04-10T00:03:00,2024-04-10T02:08:00,Routine PM: Quarterly Point Machine Overhaul & Lubrication.,COMPLETED,125,T-201 (Signal Staff)
HIST-05121,TASK-05164,2024-07-09T00:23:00,2024-07-09T02:26:00,Routine PM: Quarterly Point Machine Overhaul & Lubrication.,COMPLETED,123,T-201 (Signal Staff)
HIST-05122,TASK-05165,2024-10-07T00:11:00,2024-10-07T02:10:00,Routine PM: Quarterly Point Machine Overhaul & Lubrication.,COMPLETED,119,T-102
HIST-05123,TASK-05166,2025-01-05T00:28:00,2025-01-05T02:26:00,Routine PM: Quarterly Point Machine Overhaul & Lubrication.,COMPLETED,118,T-102
HIST-05124,TASK-05167,2025-04-05T00:00:00,2025-04-05T02:01:00,Routine PM: Quarterly Point Machine Overhaul & Lubrication.,COMPLETED,121,T-301 (OHE Gang)
HIST-05125,TASK-05168,2025-07-04T00:29:00,2025-07-04T02:27:00,Routine PM: Quarterly Point Machine Overhaul & Lubrication.,COMPLETED,118,T-202
HIST-05126,TASK-05169,2025-10-01T23:50:00,2025-10-02T01:46:00,Routine PM: Quarterly Point Machine Overhaul & Lubrication.,COMPLETED,116,T-201 (Signal Staff)
HIST-05127,TASK-05170,2025-12-30T23:47:00,2025-12-31T01:42:00,Routine PM: Quarterly Point Machine Overhaul & Lubrication.,COMPLETED,115,T-301 (OHE Gang)
HIST-05128,TASK-05171,2026-03-31T00:02:00,2026-03-31T01:59:00,Routine PM: Quarterly Point Machine Overhaul & Lubrication.,COMPLETED,117,T-102
HIST-05129,TASK-05172,2026-06-29T00:11:00,2026-06-29T02:16:00,Routine PM: Quarterly Point Machine Overhaul & Lubrication.,COMPLETED,125,T-202
HIST-05136,TASK-05179,2023-10-28T23:41:00,2023-10-29T01:38:00,Routine PM: Quarterly Point Machine Overhaul & Lubrication.,COMPLETED,117,T-102
HIST-05137,TASK-05180,2024-01-27T00:06:00,2024-01-27T02:02:00,Routine PM: Quarterly Point Machine Overhaul & Lubrication.,COMPLETED,116,T-102
HIST-05138,TASK-05181,2024-04-26T00:04:00,2024-04-26T02:06:00,Routine PM: Quarterly Point Machine Overhaul & Lubrication.,COMPLETED,122,T-302
HIST-05139,TASK-05182,2024-07-25T00:09:00,2024-07-25T02:11:00,Routine PM: Quarterly Point Machine Overhaul & Lubrication.,COMPLETED,122,T-301 (OHE Gang)
HIST-05140,TASK-05183,2024-10-22T23:35:00,2024-10-23T01:33:00,Routine PM: Quarterly Point Machine Overhaul & Lubrication.,COMPLETED,118,T-201 (Signal Staff)
HIST-05141,TASK-05184,2025-01-20T23:41:00,2025-01-21T01:43:00,Routine PM: Quarterly Point Machine Overhaul & Lubrication.,COMPLETED,122,T-102
HIST-05142,TASK-05185,2025-04-21T00:26:00,2025-04-21T02:22:00,Routine PM: Quarterly Point Machine Overhaul & Lubrication.,COMPLETED,116,T-101 (Engineering Gang)
HIST-05143,TASK-05186,2025-07-19T23:35:00,2025-07-20T01:35:00,Routine PM: Quarterly Point Machine Overhaul & Lubrication.,COMPLETED,120,T-102
HIST-05144,TASK-05187,2025-10-18T00:03:00,2025-10-18T02:01:00,Routine PM: Quarterly Point Machine Overhaul & Lubrication.,COMPLETED,118,T-301 (OHE Gang)
HIST-05145,TASK-05188,2026-01-16T00:10:00,2026-01-16T02:04:00,Routine PM: Quarterly Point Machine Overhaul & Lubrication.,COMPLETED,114,T-301 (OHE Gang)
HIST-05146,TASK-05189,2026-04-16T00:05:00,2026-04-16T02:09:00,Routine PM: Quarterly Point Machine Overhaul & Lubrication.,COMPLETED,124,T-302
HIST-05147,TASK-05190,2026-07-15T00:01:00,2026-07-15T02:00:00,Routine PM: Quarterly Point Machine Overhaul & Lubrication.,COMPLETED,119,T-102
HIST-05148,TASK-05191,2023-10-07T00:19:00,2023-10-07T02:15:00,Routine PM: Quarterly Point Machine Overhaul & Lubrication.,COMPLETED,116,T-102
HIST-05149,TASK-05192,2024-01-05T00:12:00,2024-01-05T02:14:00,Routine PM: Quarterly Point Machine Overhaul & Lubrication.,COMPLETED,122,T-101 (Engineering Gang)
HIST-05150,TASK-05193,2024-04-03T23:42:00,2024-04-04T01:36:00,Routine PM: Quarterly Point Machine Overhaul & Lubrication.,COMPLETED,114,T-202
HIST-05151,TASK-05194,2024-07-02T23:58:00,2024-07-03T02:02:00,Routine PM: Quarterly Point Machine Overhaul & Lubrication.,COMPLETED,124,T-201 (Signal Staff)
HIST-05152,TASK-05195,2024-10-01T00:01:00,2024-10-01T02:00:00,Routine PM: Quarterly Point Machine Overhaul & Lubrication.,COMPLETED,119,T-202
HIST-05153,TASK-05196,2024-12-30T00:30:00,2024-12-30T02:29:00,Routine PM: Quarterly Point Machine Overhaul & Lubrication.,COMPLETED,119,T-101 (Engineering Gang)
HIST-05154,TASK-05197,2025-03-30T00:25:00,2025-03-30T02:23:00,Routine PM: Quarterly Point Machine Overhaul & Lubrication.,COMPLETED,118,T-202
HIST-05155,TASK-05198,2025-06-28T00:02:00,2025-06-28T02:05:00,Routine PM: Quarterly Point Machine Overhaul & Lubrication.,COMPLETED,123,T-302
HIST-05156,TASK-05199,2025-09-25T23:54:00,2025-09-26T01:53:00,Routine PM: Quarterly Point Machine Overhaul & Lubrication.,COMPLETED,119,T-302
HIST-05157,TASK-05200,2025-12-25T00:20:00,2025-12-25T02:17:00,Routine PM: Quarterly Point Machine Overhaul & Lubrication.,COMPLETED,117,T-201 (Signal Staff)
HIST-05158,TASK-05201,2026-03-25T00:30:00,2026-03-25T02:24:00,Routine PM: Quarterly Point Machine Overhaul & Lubrication.,COMPLETED,114,T-302
HIST-05159,TASK-05202,2026-06-23T00:14:00,2026-06-23T02:08:00,Routine PM: Quarterly Point Machine Overhaul & Lubrication.,COMPLETED,114,T-301 (OHE Gang)
HIST-05163,TASK-05206,2023-09-26T23:35:00,2023-09-27T01:35:00,Routine PM: Quarterly Point Machine Overhaul & Lubrication.,COMPLETED,120,T-102
HIST-05164,TASK-05207,2023-12-26T00:24:00,2023-12-26T02:21:00,Routine PM: Quarterly Point Machine Overhaul & Lubrication.,COMPLETED,117,T-101 (Engineering Gang)
HIST-05165,TASK-05208,2024-03-24T23:52:00,2024-03-25T01:48:00,Routine PM: Quarterly Point Machine Overhaul & Lubrication.,COMPLETED,116,T-201 (Signal Staff)
HIST-05166,TASK-05209,2024-06-22T23:34:00,2024-06-23T01:31:00,Routine PM: Quarterly Point Machine Overhaul & Lubrication.,COMPLETED,117,T-101 (Engineering Gang)
HIST-05167,TASK-05210,2024-09-21T00:13:00,2024-09-21T02:17:00,Routine PM: Quarterly Point Machine Overhaul & Lubrication.,COMPLETED,124,T-302
HIST-05168,TASK-05211,2024-12-20T00:03:00,2024-12-20T01:58:00,Routine PM: Quarterly Point Machine Overhaul & Lubrication.,COMPLETED,115,T-202
HIST-05169,TASK-05212,2025-03-20T00:02:00,2025-03-20T02:03:00,Routine PM: Quarterly Point Machine Overhaul & Lubrication.,COMPLETED,121,T-102
HIST-05170,TASK-05213,2025-06-18T00:09:00,2025-06-18T02:03:00,Routine PM: Quarterly Point Machine Overhaul & Lubrication.,COMPLETED,114,T-302
HIST-05171,TASK-05214,2025-09-16T00:23:00,2025-09-16T02:25:00,Routine PM: Quarterly Point Machine Overhaul & Lubrication.,COMPLETED,122,T-302
HIST-05172,TASK-05215,2025-12-15T00:02:00,2025-12-15T02:01:00,Routine PM: Quarterly Point Machine Overhaul & Lubrication.,COMPLETED,119,T-101 (Engineering Gang)
HIST-05173,TASK-05216,2026-03-15T00:28:00,2026-03-15T02:29:00,Routine PM: Quarterly Point Machine Overhaul & Lubrication.,COMPLETED,121,T-102
HIST-05174,TASK-05217,2026-06-13T00:23:00,2026-06-13T02:21:00,Routine PM: Quarterly Point Machine Overhaul & Lubrication.,COMPLETED,118,T-101 (Engineering Gang)
HIST-05184,TASK-05227,2023-09-10T00:28:00,2023-09-10T02:25:00,Routine PM: Quarterly Point Machine Overhaul & Lubrication.,COMPLETED,117,T-102
HIST-05185,TASK-05228,2023-12-09T00:04:00,2023-12-09T02:00:00,Routine PM: Quarterly Point Machine Overhaul & Lubrication.,COMPLETED,116,T-101 (Engineering Gang)
HIST-05186,TASK-05229,2024-03-08T00:30:00,2024-03-08T02:33:00,Routine PM: Quarterly Point Machine Overhaul & Lubrication.,COMPLETED,123,T-201 (Signal Staff)
HIST-05187,TASK-05230,2024-06-06T00:21:00,2024-06-06T02:25:00,Routine PM: Quarterly Point Machine Overhaul & Lubrication.,COMPLETED,124,T-302
HIST-05188,TASK-05231,2024-09-03T23:37:00,2024-09-04T01:31:00,Routine PM: Quarterly Point Machine Overhaul & Lubrication.,COMPLETED,114,T-302
HIST-05189,TASK-05232,2024-12-02T23:35:00,2024-12-03T01:35:00,Routine PM: Quarterly Point Machine Overhaul & Lubrication.,COMPLETED,120,T-101 (Engineering Gang)
HIST-05190,TASK-05233,2025-03-02T23:39:00,2025-03-03T01:33:00,Routine PM: Quarterly Point Machine Overhaul & Lubrication.,COMPLETED,114,T-301 (OHE Gang)
HIST-05191,TASK-05234,2025-06-01T00:08:00,2025-06-01T02:08:00,Routine PM: Quarterly Point Machine Overhaul & Lubrication.,COMPLETED,120,T-101 (Engineering Gang)
HIST-05192,TASK-05235,2025-08-30T00:16:00,2025-08-30T02:19:00,Routine PM: Quarterly Point Machine Overhaul & Lubrication.,COMPLETED,123,T-202
HIST-05193,TASK-05236,2025-11-27T23:46:00,2025-11-28T01:45:00,Routine PM: Quarterly Point Machine Overhaul & Lubrication.,COMPLETED,119,T-302
HIST-05194,TASK-05237,2026-02-25T23:50:00,2026-02-26T01:53:00,Routine PM: Quarterly Point Machine Overhaul & Lubrication.,COMPLETED,123,T-301 (OHE Gang)
HIST-05195,TASK-05238,2026-05-26T23:53:00,2026-05-27T01:52:00,Routine PM: Quarterly Point Machine Overhaul & Lubrication.,COMPLETED,119,T-102
HIST-05211,TASK-05254,2023-09-08T23:59:00,2023-09-09T01:53:00,Routine PM: Quarterly Point Machine Overhaul & Lubrication.,COMPLETED,114,T-201 (Signal Staff)
HIST-05212,TASK-05255,2023-12-07T23:46:00,2023-12-08T01:50:00,Routine PM: Quarterly Point Machine Overhaul & Lubrication.,COMPLETED,124,T-102
HIST-05213,TASK-05256,2024-03-07T00:24:00,2024-03-07T02:25:00,Routine PM: Quarterly Point Machine Overhaul & Lubrication.,COMPLETED,121,T-301 (OHE Gang)
HIST-05214,TASK-05257,2024-06-04T23:52:00,2024-06-05T01:52:00,Routine PM: Quarterly Point Machine Overhaul & Lubrication.,COMPLETED,120,T-202
HIST-05215,TASK-05258,2024-09-03T00:16:00,2024-09-03T02:10:00,Routine PM: Quarterly Point Machine Overhaul & Lubrication.,COMPLETED,114,T-101 (Engineering Gang)
HIST-05216,TASK-05259,2024-12-01T23:54:00,2024-12-02T01:52:00,Routine PM: Quarterly Point Machine Overhaul & Lubrication.,COMPLETED,118,T-101 (Engineering Gang)
HIST-05217,TASK-05260,2025-03-02T00:06:00,2025-03-02T02:03:00,Routine PM: Quarterly Point Machine Overhaul & Lubrication.,COMPLETED,117,T-202
HIST-05218,TASK-05261,2025-05-30T23:42:00,2025-05-31T01:47:00,Routine PM: Quarterly Point Machine Overhaul & Lubrication.,COMPLETED,125,T-102
HIST-05219,TASK-05262,2025-08-28T23:39:00,2025-08-29T01:44:00,Routine PM: Quarterly Point Machine Overhaul & Lubrication.,COMPLETED,125,T-102
HIST-05220,TASK-05263,2025-11-26T23:48:00,2025-11-27T01:46:00,Routine PM: Quarterly Point Machine Overhaul & Lubrication.,COMPLETED,118,T-301 (OHE Gang)
HIST-05221,TASK-05264,2026-02-25T00:02:00,2026-02-25T02:06:00,Routine PM: Quarterly Point Machine Overhaul & Lubrication.,COMPLETED,124,T-202
HIST-05222,TASK-05265,2026-05-26T00:07:00,2026-05-26T02:07:00,Routine PM: Quarterly Point Machine Overhaul & Lubrication.,COMPLETED,120,T-201 (Signal Staff)
HIST-05226,TASK-05269,2023-09-20T00:20:00,2023-09-20T02:15:00,Routine PM: Quarterly Point Machine Overhaul & Lubrication.,COMPLETED,115,T-101 (Engineering Gang)
HIST-05227,TASK-05270,2023-12-19T00:07:00,2023-12-19T02:12:00,Routine PM: Quarterly Point Machine Overhaul & Lubrication.,COMPLETED,125,T-102
HIST-05228,TASK-05271,2024-03-17T23:49:00,2024-03-18T01:50:00,Routine PM: Quarterly Point Machine Overhaul & Lubrication.,COMPLETED,121,T-302
HIST-05229,TASK-05272,2024-06-16T00:06:00,2024-06-16T02:09:00,Routine PM: Quarterly Point Machine Overhaul & Lubrication.,COMPLETED,123,T-202
HIST-05230,TASK-05273,2024-09-14T00:03:00,2024-09-14T01:58:00,Routine PM: Quarterly Point Machine Overhaul & Lubrication.,COMPLETED,115,T-101 (Engineering Gang)
HIST-05231,TASK-05274,2024-12-12T23:39:00,2024-12-13T01:34:00,Routine PM: Quarterly Point Machine Overhaul & Lubrication.,COMPLETED,115,T-201 (Signal Staff)
HIST-05232,TASK-05275,2025-03-13T00:18:00,2025-03-13T02:12:00,Routine PM: Quarterly Point Machine Overhaul & Lubrication.,COMPLETED,114,T-302
HIST-05233,TASK-05276,2025-06-10T23:36:00,2025-06-11T01:41:00,Routine PM: Quarterly Point Machine Overhaul & Lubrication.,COMPLETED,125,T-302
HIST-05234,TASK-05277,2025-09-09T00:13:00,2025-09-09T02:13:00,Routine PM: Quarterly Point Machine Overhaul & Lubrication.,COMPLETED,120,T-101 (Engineering Gang)
HIST-05235,TASK-05278,2025-12-07T23:43:00,2025-12-08T01:41:00,Routine PM: Quarterly Point Machine Overhaul & Lubrication.,COMPLETED,118,T-301 (OHE Gang)
HIST-05236,TASK-05279,2026-03-07T23:32:00,2026-03-08T01:29:00,Routine PM: Quarterly Point Machine Overhaul & Lubrication.,COMPLETED,117,T-101 (Engineering Gang)
HIST-05237,TASK-05280,2026-06-06T00:15:00,2026-06-06T02:13:00,Routine PM: Quarterly Point Machine Overhaul & Lubrication.,COMPLETED,118,T-301 (OHE Gang)
HIST-05256,TASK-05299,2023-10-09T00:26:00,2023-10-09T02:28:00,Routine PM: Quarterly Point Machine Overhaul & Lubrication.,COMPLETED,122,T-301 (OHE Gang)
HIST-05257,TASK-05300,2024-01-07T00:08:00,2024-01-07T02:13:00,Routine PM: Quarterly Point Machine Overhaul & Lubrication.,COMPLETED,125,T-102
HIST-05258,TASK-05301,2024-04-06T00:04:00,2024-04-06T01:59:00,Routine PM: Quarterly Point Machine Overhaul & Lubrication.,COMPLETED,115,T-301 (OHE Gang)
HIST-05259,TASK-05302,2024-07-04T23:43:00,2024-07-05T01:38:00,Routine PM: Quarterly Point Machine Overhaul & Lubrication.,COMPLETED,115,T-201 (Signal Staff)
HIST-05260,TASK-05303,2024-10-03T00:13:00,2024-10-03T02:14:00,Routine PM: Quarterly Point Machine Overhaul & Lubrication.,COMPLETED,121,T-101 (Engineering Gang)
HIST-05261,TASK-05304,2024-12-31T23:39:00,2025-01-01T01:37:00,Routine PM: Quarterly Point Machine Overhaul & Lubrication.,COMPLETED,118,T-301 (OHE Gang)
HIST-05262,TASK-05305,2025-04-01T00:30:00,2025-04-01T02:30:00,Routine PM: Quarterly Point Machine Overhaul & Lubrication.,COMPLETED,120,T-202
HIST-05263,TASK-05306,2025-06-30T00:03:00,2025-06-30T01:59:00,Routine PM: Quarterly Point Machine Overhaul & Lubrication.,COMPLETED,116,T-202
HIST-05264,TASK-05307,2025-09-27T23:40:00,2025-09-28T01:42:00,Routine PM: Quarterly Point Machine Overhaul & Lubrication.,COMPLETED,122,T-101 (Engineering Gang)
HIST-05265,TASK-05308,2025-12-27T00:00:00,2025-12-27T02:00:00,Routine PM: Quarterly Point Machine Overhaul & Lubrication.,COMPLETED,120,T-301 (OHE Gang)
HIST-05266,TASK-05309,2026-03-26T23:37:00,2026-03-27T01:32:00,Routine PM: Quarterly Point Machine Overhaul & Lubrication.,COMPLETED,115,T-301 (OHE Gang)
HIST-05267,TASK-05310,2026-06-24T23:59:00,2026-06-25T01:53:00,Routine PM: Quarterly Point Machine Overhaul & Lubrication.,COMPLETED,114,T-102
HIST-05274,TASK-05317,2023-09-26T00:11:00,2023-09-26T02:12:00,Routine PM: Quarterly Point Machine Overhaul & Lubrication.,COMPLETED,121,T-102
HIST-05275,TASK-05318,2023-12-24T23:34:00,2023-12-25T01:29:00,Routine PM: Quarterly Point Machine Overhaul & Lubrication.,COMPLETED,115,T-101 (Engineering Gang)
HIST-05276,TASK-05319,2024-03-23T23:53:00,2024-03-24T01:56:00,Routine PM: Quarterly Point Machine Overhaul & Lubrication.,COMPLETED,123,T-302
HIST-05277,TASK-05320,2024-06-21T23:56:00,2024-06-22T01:59:00,Routine PM: Quarterly Point Machine Overhaul & Lubrication.,COMPLETED,123,T-102
HIST-05278,TASK-05321,2024-09-19T23:43:00,2024-09-20T01:38:00,Routine PM: Quarterly Point Machine Overhaul & Lubrication.,COMPLETED,115,T-101 (Engineering Gang)
HIST-05279,TASK-05322,2024-12-18T23:38:00,2024-12-19T01:35:00,Routine PM: Quarterly Point Machine Overhaul & Lubrication.,COMPLETED,117,T-102
HIST-05280,TASK-05323,2025-03-19T00:21:00,2025-03-19T02:18:00,Routine PM: Quarterly Point Machine Overhaul & Lubrication.,COMPLETED,117,T-202
HIST-05281,TASK-05324,2025-06-17T00:16:00,2025-06-17T02:19:00,Routine PM: Quarterly Point Machine Overhaul & Lubrication.,COMPLETED,123,T-201 (Signal Staff)
HIST-05282,TASK-05325,2025-09-15T00:06:00,2025-09-15T02:11:00,Routine PM: Quarterly Point Machine Overhaul & Lubrication.,COMPLETED,125,T-102
HIST-05283,TASK-05326,2025-12-14T00:03:00,2025-12-14T02:00:00,Routine PM: Quarterly Point Machine Overhaul & Lubrication.,COMPLETED,117,T-202
HIST-05284,TASK-05327,2026-03-13T23:43:00,2026-03-14T01:45:00,Routine PM: Quarterly Point Machine Overhaul & Lubrication.,COMPLETED,122,T-101 (Engineering Gang)
HIST-05285,TASK-05328,2026-06-12T00:21:00,2026-06-12T02:21:00,Routine PM: Quarterly Point Machine Overhaul & Lubrication.,COMPLETED,120,T-201 (Signal Staff)
HIST-05310,TASK-05353,2023-09-06T23:38:00,2023-09-07T01:43:00,Routine PM: Quarterly Point Machine Overhaul & Lubrication.,COMPLETED,125,T-301 (OHE Gang)
HIST-05311,TASK-05354,2023-12-05T23:45:00,2023-12-06T01:40:00,Routine PM: Quarterly Point Machine Overhaul & Lubrication.,COMPLETED,115,T-201 (Signal Staff)
HIST-05312,TASK-05355,2024-03-04T23:32:00,2024-03-05T01:32:00,Routine PM: Quarterly Point Machine Overhaul & Lubrication.,COMPLETED,120,T-201 (Signal Staff)
HIST-05313,TASK-05356,2024-06-03T00:06:00,2024-06-03T02:08:00,Routine PM: Quarterly Point Machine Overhaul & Lubrication.,COMPLETED,122,T-102
HIST-05314,TASK-05357,2024-09-01T00:19:00,2024-09-01T02:13:00,Routine PM: Quarterly Point Machine Overhaul & Lubrication.,COMPLETED,114,T-202
HIST-05315,TASK-05358,2024-11-30T00:03:00,2024-11-30T01:57:00,Routine PM: Quarterly Point Machine Overhaul & Lubrication.,COMPLETED,114,T-102
HIST-05316,TASK-05359,2025-02-27T23:54:00,2025-02-28T01:48:00,Routine PM: Quarterly Point Machine Overhaul & Lubrication.,COMPLETED,114,T-102
HIST-05317,TASK-05360,2025-05-28T23:37:00,2025-05-29T01:41:00,Routine PM: Quarterly Point Machine Overhaul & Lubrication.,COMPLETED,124,T-101 (Engineering Gang)
HIST-05318,TASK-05361,2025-08-27T00:25:00,2025-08-27T02:20:00,Routine PM: Quarterly Point Machine Overhaul & Lubrication.,COMPLETED,115,T-102
HIST-05319,TASK-05362,2025-11-25T00:25:00,2025-11-25T02:25:00,Routine PM: Quarterly Point Machine Overhaul & Lubrication.,COMPLETED,120,T-301 (OHE Gang)
HIST-05320,TASK-05363,2026-02-23T00:21:00,2026-02-23T02:20:00,Routine PM: Quarterly Point Machine Overhaul & Lubrication.,COMPLETED,119,T-301 (OHE Gang)
HIST-05321,TASK-05364,2026-05-24T00:27:00,2026-05-24T02:27:00,Routine PM: Quarterly Point Machine Overhaul & Lubrication.,COMPLETED,120,T-302
HIST-05328,TASK-05371,2023-09-07T23:59:00,2023-09-08T02:04:00,Routine PM: Quarterly Point Machine Overhaul & Lubrication.,COMPLETED,125,T-201 (Signal Staff)
HIST-05329,TASK-05372,2023-12-06T23:37:00,2023-12-07T01:36:00,Routine PM: Quarterly Point Machine Overhaul & Lubrication.,COMPLETED,119,T-201 (Signal Staff)
HIST-05330,TASK-05373,2024-03-06T00:23:00,2024-03-06T02:28:00,Routine PM: Quarterly Point Machine Overhaul & Lubrication.,COMPLETED,125,T-101 (Engineering Gang)
HIST-05331,TASK-05374,2024-06-03T23:39:00,2024-06-04T01:41:00,Routine PM: Quarterly Point Machine Overhaul & Lubrication.,COMPLETED,122,T-301 (OHE Gang)
HIST-05332,TASK-05375,2024-09-01T23:30:00,2024-09-02T01:28:00,Routine PM: Quarterly Point Machine Overhaul & Lubrication.,COMPLETED,118,T-201 (Signal Staff)
HIST-05333,TASK-05376,2024-11-30T23:38:00,2024-12-01T01:40:00,Routine PM: Quarterly Point Machine Overhaul & Lubrication.,COMPLETED,122,T-101 (Engineering Gang)
HIST-05334,TASK-05377,2025-03-01T00:29:00,2025-03-01T02:31:00,Routine PM: Quarterly Point Machine Overhaul & Lubrication.,COMPLETED,122,T-302
HIST-05335,TASK-05378,2025-05-29T23:52:00,2025-05-30T01:47:00,Routine PM: Quarterly Point Machine Overhaul & Lubrication.,COMPLETED,115,T-301 (OHE Gang)
HIST-05336,TASK-05379,2025-08-28T00:28:00,2025-08-28T02:23:00,Routine PM: Quarterly Point Machine Overhaul & Lubrication.,COMPLETED,115,T-102
HIST-05337,TASK-05380,2025-11-26T00:08:00,2025-11-26T02:11:00,Routine PM: Quarterly Point Machine Overhaul & Lubrication.,COMPLETED,123,T-302
HIST-05338,TASK-05381,2026-02-24T00:17:00,2026-02-24T02:14:00,Routine PM: Quarterly Point Machine Overhaul & Lubrication.,COMPLETED,117,T-301 (OHE Gang)
HIST-05339,TASK-05382,2026-05-24T23:54:00,2026-05-25T01:54:00,Routine PM: Quarterly Point Machine Overhaul & Lubrication.,COMPLETED,120,T-102
HIST-05343,TASK-05386,2023-09-19T23:40:00,2023-09-20T01:42:00,Routine PM: Quarterly Point Machine Overhaul & Lubrication.,COMPLETED,122,T-301 (OHE Gang)
HIST-05344,TASK-05387,2023-12-18T23:30:00,2023-12-19T01:24:00,Routine PM: Quarterly Point Machine Overhaul & Lubrication.,COMPLETED,114,T-101 (Engineering Gang)
HIST-05345,TASK-05388,2024-03-18T00:23:00,2024-03-18T02:25:00,Routine PM: Quarterly Point Machine Overhaul & Lubrication.,COMPLETED,122,T-201 (Signal Staff)
HIST-05346,TASK-05389,2024-06-16T00:18:00,2024-06-16T02:23:00,Routine PM: Quarterly Point Machine Overhaul & Lubrication.,COMPLETED,125,T-102
HIST-05347,TASK-05390,2024-09-13T23:46:00,2024-09-14T01:42:00,Routine PM: Quarterly Point Machine Overhaul & Lubrication.,COMPLETED,116,T-202
HIST-05348,TASK-05391,2024-12-12T23:47:00,2024-12-13T01:46:00,Routine PM: Quarterly Point Machine Overhaul & Lubrication.,COMPLETED,119,T-101 (Engineering Gang)
HIST-05349,TASK-05392,2025-03-12T23:31:00,2025-03-13T01:34:00,Routine PM: Quarterly Point Machine Overhaul & Lubrication.,COMPLETED,123,T-201 (Signal Staff)
HIST-05350,TASK-05393,2025-06-11T00:02:00,2025-06-11T02:05:00,Routine PM: Quarterly Point Machine Overhaul & Lubrication.,COMPLETED,123,T-201 (Signal Staff)
HIST-05351,TASK-05394,2025-09-08T23:41:00,2025-09-09T01:36:00,Routine PM: Quarterly Point Machine Overhaul & Lubrication.,COMPLETED,115,T-302
HIST-05352,TASK-05395,2025-12-08T00:30:00,2025-12-08T02:31:00,Routine PM: Quarterly Point Machine Overhaul & Lubrication.,COMPLETED,121,T-202
HIST-05353,TASK-05396,2026-03-08T00:14:00,2026-03-08T02:10:00,Routine PM: Quarterly Point Machine Overhaul & Lubrication.,COMPLETED,116,T-102
HIST-05354,TASK-05397,2026-06-05T23:57:00,2026-06-06T02:00:00,Routine PM: Quarterly Point Machine Overhaul & Lubrication.,COMPLETED,123,T-201 (Signal Staff)
HIST-05355,TASK-05398,2023-09-03T00:25:00,2023-09-03T02:30:00,Routine PM: Quarterly Point Machine Overhaul & Lubrication.,COMPLETED,125,T-302
HIST-05356,TASK-05399,2023-12-01T23:45:00,2023-12-02T01:42:00,Routine PM: Quarterly Point Machine Overhaul & Lubrication.,COMPLETED,117,T-101 (Engineering Gang)
HIST-05357,TASK-05400,2024-02-29T23:37:00,2024-03-01T01:35:00,Routine PM: Quarterly Point Machine Overhaul & Lubrication.,COMPLETED,118,T-101 (Engineering Gang)
HIST-05358,TASK-05401,2024-05-30T00:00:00,2024-05-30T01:59:00,Routine PM: Quarterly Point Machine Overhaul & Lubrication.,COMPLETED,119,T-301 (OHE Gang)
HIST-05359,TASK-05402,2024-08-27T23:59:00,2024-08-28T01:59:00,Routine PM: Quarterly Point Machine Overhaul & Lubrication.,COMPLETED,120,T-102
HIST-05360,TASK-05403,2024-11-26T00:22:00,2024-11-26T02:21:00,Routine PM: Quarterly Point Machine Overhaul & Lubrication.,COMPLETED,119,T-101 (Engineering Gang)
HIST-05361,TASK-05404,2025-02-24T00:14:00,2025-02-24T02:15:00,Routine PM: Quarterly Point Machine Overhaul & Lubrication.,COMPLETED,121,T-101 (Engineering Gang)
HIST-05362,TASK-05405,2025-05-24T23:31:00,2025-05-25T01:35:00,Routine PM: Quarterly Point Machine Overhaul & Lubrication.,COMPLETED,124,T-202
HIST-05363,TASK-05406,2025-08-22T23:35:00,2025-08-23T01:39:00,Routine PM: Quarterly Point Machine Overhaul & Lubrication.,COMPLETED,124,T-101 (Engineering Gang)
HIST-05364,TASK-05407,2025-11-21T00:03:00,2025-11-21T02:07:00,Routine PM: Quarterly Point Machine Overhaul & Lubrication.,COMPLETED,124,T-201 (Signal Staff)
HIST-05365,TASK-05408,2026-02-19T00:11:00,2026-02-19T02:13:00,Routine PM: Quarterly Point Machine Overhaul & Lubrication.,COMPLETED,122,T-102
HIST-05366,TASK-05409,2026-05-20T00:08:00,2026-05-20T02:11:00,Routine PM: Quarterly Point Machine Overhaul & Lubrication.,COMPLETED,123,T-202
HIST-05367,TASK-05410,2023-09-12T00:10:00,2023-09-12T02:15:00,Routine PM: Quarterly Point Machine Overhaul & Lubrication.,COMPLETED,125,T-301 (OHE Gang)
HIST-05368,TASK-05411,2023-12-11T00:02:00,2023-12-11T02:03:00,Routine PM: Quarterly Point Machine Overhaul & Lubrication.,COMPLETED,121,T-101 (Engineering Gang)
HIST-05369,TASK-05412,2024-03-09T23:48:00,2024-03-10T01:42:00,Routine PM: Quarterly Point Machine Overhaul & Lubrication.,COMPLETED,114,T-102
HIST-05370,TASK-05413,2024-06-08T00:07:00,2024-06-08T02:08:00,Routine PM: Quarterly Point Machine Overhaul & Lubrication.,COMPLETED,121,T-102
HIST-05371,TASK-05414,2024-09-06T00:28:00,2024-09-06T02:32:00,Routine PM: Quarterly Point Machine Overhaul & Lubrication.,COMPLETED,124,T-101 (Engineering Gang)
HIST-05372,TASK-05415,2024-12-04T23:50:00,2024-12-05T01:55:00,Routine PM: Quarterly Point Machine Overhaul & Lubrication.,COMPLETED,125,T-301 (OHE Gang)
HIST-05373,TASK-05416,2025-03-05T00:10:00,2025-03-05T02:08:00,Routine PM: Quarterly Point Machine Overhaul & Lubrication.,COMPLETED,118,T-202
HIST-05374,TASK-05417,2025-06-02T23:33:00,2025-06-03T01:34:00,Routine PM: Quarterly Point Machine Overhaul & Lubrication.,COMPLETED,121,T-202
HIST-05375,TASK-05418,2025-09-01T00:00:00,2025-09-01T01:58:00,Routine PM: Quarterly Point Machine Overhaul & Lubrication.,COMPLETED,118,T-301 (OHE Gang)
HIST-05376,TASK-05419,2025-11-29T23:59:00,2025-11-30T01:56:00,Routine PM: Quarterly Point Machine Overhaul & Lubrication.,COMPLETED,117,T-302
HIST-05377,TASK-05420,2026-02-27T23:43:00,2026-02-28T01:38:00,Routine PM: Quarterly Point Machine Overhaul & Lubrication.,COMPLETED,115,T-201 (Signal Staff)
HIST-05378,TASK-05421,2026-05-29T00:17:00,2026-05-29T02:19:00,Routine PM: Quarterly Point Machine Overhaul & Lubrication.,COMPLETED,122,T-201 (Signal Staff)
HIST-05412,TASK-05455,2023-10-29T00:25:00,2023-10-29T02:30:00,Routine PM: Quarterly Point Machine Overhaul & Lubrication.,COMPLETED,125,T-201 (Signal Staff)
HIST-05413,TASK-05456,2024-01-27T00:02:00,2024-01-27T02:03:00,Routine PM: Quarterly Point Machine Overhaul & Lubrication.,COMPLETED,121,T-102
HIST-05414,TASK-05457,2024-04-26T00:07:00,2024-04-26T02:02:00,Routine PM: Quarterly Point Machine Overhaul & Lubrication.,COMPLETED,115,T-302
HIST-05415,TASK-05458,2024-07-24T23:55:00,2024-07-25T01:50:00,Routine PM: Quarterly Point Machine Overhaul & Lubrication.,COMPLETED,115,T-102
HIST-05416,TASK-05459,2024-10-22T23:50:00,2024-10-23T01:51:00,Routine PM: Quarterly Point Machine Overhaul & Lubrication.,COMPLETED,121,T-202
HIST-05417,TASK-05460,2025-01-20T23:57:00,2025-01-21T01:53:00,Routine PM: Quarterly Point Machine Overhaul & Lubrication.,COMPLETED,116,T-301 (OHE Gang)
HIST-05418,TASK-05461,2025-04-21T00:12:00,2025-04-21T02:09:00,Routine PM: Quarterly Point Machine Overhaul & Lubrication.,COMPLETED,117,T-202
HIST-05419,TASK-05462,2025-07-19T23:54:00,2025-07-20T01:59:00,Routine PM: Quarterly Point Machine Overhaul & Lubrication.,COMPLETED,125,T-302
HIST-05420,TASK-05463,2025-10-18T00:13:00,2025-10-18T02:09:00,Routine PM: Quarterly Point Machine Overhaul & Lubrication.,COMPLETED,116,T-101 (Engineering Gang)
HIST-05421,TASK-05464,2026-01-15T23:56:00,2026-01-16T01:59:00,Routine PM: Quarterly Point Machine Overhaul & Lubrication.,COMPLETED,123,T-202
HIST-05422,TASK-05465,2026-04-16T00:27:00,2026-04-16T02:30:00,Routine PM: Quarterly Point Machine Overhaul & Lubrication.,COMPLETED,123,T-302
HIST-05423,TASK-05466,2026-07-14T23:39:00,2026-07-15T01:37:00,Routine PM: Quarterly Point Machine Overhaul & Lubrication.,COMPLETED,118,T-301 (OHE Gang)
HIST-05454,TASK-05497,2023-09-20T00:22:00,2023-09-20T02:22:00,Routine PM: Quarterly Point Machine Overhaul & Lubrication.,COMPLETED,120,T-101 (Engineering Gang)
HIST-05455,TASK-05498,2023-12-18T23:46:00,2023-12-19T01:50:00,Routine PM: Quarterly Point Machine Overhaul & Lubrication.,COMPLETED,124,T-101 (Engineering Gang)
HIST-05456,TASK-05499,2024-03-17T23:35:00,2024-03-18T01:37:00,Routine PM: Quarterly Point Machine Overhaul & Lubrication.,COMPLETED,122,T-201 (Signal Staff)
HIST-05457,TASK-05500,2024-06-16T00:23:00,2024-06-16T02:26:00,Routine PM: Quarterly Point Machine Overhaul & Lubrication.,COMPLETED,123,T-302
HIST-05458,TASK-05501,2024-09-14T00:06:00,2024-09-14T02:01:00,Routine PM: Quarterly Point Machine Overhaul & Lubrication.,COMPLETED,115,T-301 (OHE Gang)
HIST-05459,TASK-05502,2024-12-13T00:12:00,2024-12-13T02:13:00,Routine PM: Quarterly Point Machine Overhaul & Lubrication.,COMPLETED,121,T-302
HIST-05460,TASK-05503,2025-03-13T00:26:00,2025-03-13T02:20:00,Routine PM: Quarterly Point Machine Overhaul & Lubrication.,COMPLETED,114,T-201 (Signal Staff)
HIST-05461,TASK-05504,2025-06-10T23:59:00,2025-06-11T02:02:00,Routine PM: Quarterly Point Machine Overhaul & Lubrication.,COMPLETED,123,T-201 (Signal Staff)
HIST-05462,TASK-05505,2025-09-08T23:47:00,2025-09-09T01:44:00,Routine PM: Quarterly Point Machine Overhaul & Lubrication.,COMPLETED,117,T-302
HIST-05463,TASK-05506,2025-12-07T23:58:00,2025-12-08T02:00:00,Routine PM: Quarterly Point Machine Overhaul & Lubrication.,COMPLETED,122,T-301 (OHE Gang)
HIST-05464,TASK-05507,2026-03-07T23:50:00,2026-03-08T01:48:00,Routine PM: Quarterly Point Machine Overhaul & Lubrication.,COMPLETED,118,T-202
HIST-05465,TASK-05508,2026-06-06T00:16:00,2026-06-06T02:21:00,Routine PM: Quarterly Point Machine Overhaul & Lubrication.,COMPLETED,125,T-301 (OHE Gang)
HIST-05484,TASK-05527,2023-10-27T00:25:00,2023-10-27T02:20:00,Routine PM: Quarterly Point Machine Overhaul & Lubrication.,COMPLETED,115,T-302
HIST-05485,TASK-05528,2024-01-24T23:59:00,2024-01-25T02:03:00,Routine PM: Quarterly Point Machine Overhaul & Lubrication.,COMPLETED,124,T-302
HIST-05486,TASK-05529,2024-04-23T23:31:00,2024-04-24T01:33:00,Routine PM: Quarterly Point Machine Overhaul & Lubrication.,COMPLETED,122,T-202
HIST-05487,TASK-05530,2024-07-23T00:21:00,2024-07-23T02:22:00,Routine PM: Quarterly Point Machine Overhaul & Lubrication.,COMPLETED,121,T-302
HIST-05488,TASK-05531,2024-10-21T00:20:00,2024-10-21T02:18:00,Routine PM: Quarterly Point Machine Overhaul & Lubrication.,COMPLETED,118,T-102
HIST-05489,TASK-05532,2025-01-19T00:28:00,2025-01-19T02:32:00,Routine PM: Quarterly Point Machine Overhaul & Lubrication.,COMPLETED,124,T-301 (OHE Gang)
HIST-05490,TASK-05533,2025-04-19T00:29:00,2025-04-19T02:29:00,Routine PM: Quarterly Point Machine Overhaul & Lubrication.,COMPLETED,120,T-102
HIST-05491,TASK-05534,2025-07-17T23:53:00,2025-07-18T01:57:00,Routine PM: Quarterly Point Machine Overhaul & Lubrication.,COMPLETED,124,T-102
HIST-05492,TASK-05535,2025-10-15T23:58:00,2025-10-16T01:59:00,Routine PM: Quarterly Point Machine Overhaul & Lubrication.,COMPLETED,121,T-301 (OHE Gang)
HIST-05493,TASK-05536,2026-01-14T00:08:00,2026-01-14T02:12:00,Routine PM: Quarterly Point Machine Overhaul & Lubrication.,COMPLETED,124,T-102
HIST-05494,TASK-05537,2026-04-14T00:01:00,2026-04-14T02:00:00,Routine PM: Quarterly Point Machine Overhaul & Lubrication.,COMPLETED,119,T-201 (Signal Staff)
HIST-05495,TASK-05538,2026-07-13T00:14:00,2026-07-13T02:15:00,Routine PM: Quarterly Point Machine Overhaul & Lubrication.,COMPLETED,121,T-302
HIST-05502,TASK-05545,2023-09-21T00:14:00,2023-09-21T02:09:00,Routine PM: Quarterly Point Machine Overhaul & Lubrication.,COMPLETED,115,T-302
HIST-05503,TASK-05546,2023-12-20T00:16:00,2023-12-20T02:12:00,Routine PM: Quarterly Point Machine Overhaul & Lubrication.,COMPLETED,116,T-102
HIST-05504,TASK-05547,2024-03-19T00:05:00,2024-03-19T02:05:00,Routine PM: Quarterly Point Machine Overhaul & Lubrication.,COMPLETED,120,T-301 (OHE Gang)
HIST-05505,TASK-05548,2024-06-16T23:58:00,2024-06-17T01:52:00,Routine PM: Quarterly Point Machine Overhaul & Lubrication.,COMPLETED,114,T-201 (Signal Staff)
HIST-05506,TASK-05549,2024-09-15T00:11:00,2024-09-15T02:14:00,Routine PM: Quarterly Point Machine Overhaul & Lubrication.,COMPLETED,123,T-301 (OHE Gang)
HIST-05507,TASK-05550,2024-12-13T23:46:00,2024-12-14T01:50:00,Routine PM: Quarterly Point Machine Overhaul & Lubrication.,COMPLETED,124,T-101 (Engineering Gang)
HIST-05508,TASK-05551,2025-03-14T00:17:00,2025-03-14T02:19:00,Routine PM: Quarterly Point Machine Overhaul & Lubrication.,COMPLETED,122,T-301 (OHE Gang)
HIST-05509,TASK-05552,2025-06-11T23:39:00,2025-06-12T01:33:00,Routine PM: Quarterly Point Machine Overhaul & Lubrication.,COMPLETED,114,T-102
HIST-05510,TASK-05553,2025-09-10T00:26:00,2025-09-10T02:31:00,Routine PM: Quarterly Point Machine Overhaul & Lubrication.,COMPLETED,125,T-201 (Signal Staff)
HIST-05511,TASK-05554,2025-12-08T23:34:00,2025-12-09T01:30:00,Routine PM: Quarterly Point Machine Overhaul & Lubrication.,COMPLETED,116,T-101 (Engineering Gang)
HIST-05512,TASK-05555,2026-03-09T00:10:00,2026-03-09T02:07:00,Routine PM: Quarterly Point Machine Overhaul & Lubrication.,COMPLETED,117,T-102
HIST-05513,TASK-05556,2026-06-07T00:13:00,2026-06-07T02:13:00,Routine PM: Quarterly Point Machine Overhaul & Lubrication.,COMPLETED,120,T-201 (Signal Staff)
HIST-05520,TASK-05563,2023-09-12T00:01:00,2023-09-12T02:04:00,Routine PM: Quarterly Point Machine Overhaul & Lubrication.,COMPLETED,123,T-101 (Engineering Gang)
HIST-05521,TASK-05564,2023-12-10T23:58:00,2023-12-11T01:59:00,Routine PM: Quarterly Point Machine Overhaul & Lubrication.,COMPLETED,121,T-202
HIST-05522,TASK-05565,2024-03-10T00:16:00,2024-03-10T02:10:00,Routine PM: Quarterly Point Machine Overhaul & Lubrication.,COMPLETED,114,T-302
HIST-05523,TASK-05566,2024-06-08T00:13:00,2024-06-08T02:14:00,Routine PM: Quarterly Point Machine Overhaul & Lubrication.,COMPLETED,121,T-302
HIST-05524,TASK-05567,2024-09-05T23:30:00,2024-09-06T01:29:00,Routine PM: Quarterly Point Machine Overhaul & Lubrication.,COMPLETED,119,T-201 (Signal Staff)
HIST-05525,TASK-05568,2024-12-05T00:13:00,2024-12-05T02:14:00,Routine PM: Quarterly Point Machine Overhaul & Lubrication.,COMPLETED,121,T-101 (Engineering Gang)
HIST-05526,TASK-05569,2025-03-04T23:52:00,2025-03-05T01:54:00,Routine PM: Quarterly Point Machine Overhaul & Lubrication.,COMPLETED,122,T-201 (Signal Staff)
HIST-05527,TASK-05570,2025-06-03T00:19:00,2025-06-03T02:16:00,Routine PM: Quarterly Point Machine Overhaul & Lubrication.,COMPLETED,117,T-202
HIST-05528,TASK-05571,2025-08-31T23:35:00,2025-09-01T01:35:00,Routine PM: Quarterly Point Machine Overhaul & Lubrication.,COMPLETED,120,T-102
HIST-05529,TASK-05572,2025-11-29T23:49:00,2025-11-30T01:53:00,Routine PM: Quarterly Point Machine Overhaul & Lubrication.,COMPLETED,124,T-102
HIST-05530,TASK-05573,2026-02-27T23:30:00,2026-02-28T01:31:00,Routine PM: Quarterly Point Machine Overhaul & Lubrication.,COMPLETED,121,T-301 (OHE Gang)
HIST-05531,TASK-05574,2026-05-29T00:04:00,2026-05-29T02:06:00,Routine PM: Quarterly Point Machine Overhaul & Lubrication.,COMPLETED,122,T-102
HIST-05544,TASK-05587,2023-09-15T23:39:00,2023-09-16T01:43:00,Routine PM: Quarterly Point Machine Overhaul & Lubrication.,COMPLETED,124,T-301 (OHE Gang)
HIST-05545,TASK-05588,2023-12-15T00:25:00,2023-12-15T02:29:00,Routine PM: Quarterly Point Machine Overhaul & Lubrication.,COMPLETED,124,T-102
HIST-05546,TASK-05589,2024-03-13T23:58:00,2024-03-14T01:52:00,Routine PM: Quarterly Point Machine Overhaul & Lubrication.,COMPLETED,114,T-302
HIST-05547,TASK-05590,2024-06-12T00:25:00,2024-06-12T02:26:00,Routine PM: Quarterly Point Machine Overhaul & Lubrication.,COMPLETED,121,T-202
HIST-05548,TASK-05591,2024-09-09T23:59:00,2024-09-10T01:54:00,Routine PM: Quarterly Point Machine Overhaul & Lubrication.,COMPLETED,115,T-101 (Engineering Gang)
HIST-05549,TASK-05592,2024-12-08T23:30:00,2024-12-09T01:27:00,Routine PM: Quarterly Point Machine Overhaul & Lubrication.,COMPLETED,117,T-301 (OHE Gang)
HIST-05550,TASK-05593,2025-03-09T00:15:00,2025-03-09T02:16:00,Routine PM: Quarterly Point Machine Overhaul & Lubrication.,COMPLETED,121,T-202
HIST-05551,TASK-05594,2025-06-06T23:40:00,2025-06-07T01:42:00,Routine PM: Quarterly Point Machine Overhaul & Lubrication.,COMPLETED,122,T-101 (Engineering Gang)
HIST-05552,TASK-05595,2025-09-05T00:00:00,2025-09-05T02:03:00,Routine PM: Quarterly Point Machine Overhaul & Lubrication.,COMPLETED,123,T-202
HIST-05553,TASK-05596,2025-12-04T00:25:00,2025-12-04T02:26:00,Routine PM: Quarterly Point Machine Overhaul & Lubrication.,COMPLETED,121,T-302
HIST-05554,TASK-05597,2026-03-03T23:31:00,2026-03-04T01:26:00,Routine PM: Quarterly Point Machine Overhaul & Lubrication.,COMPLETED,115,T-101 (Engineering Gang)
HIST-05555,TASK-05598,2026-06-01T23:45:00,2026-06-02T01:40:00,Routine PM: Quarterly Point Machine Overhaul & Lubrication.,COMPLETED,115,T-202
HIST-05556,TASK-05599,2023-10-29T00:11:00,2023-10-29T02:09:00,Routine PM: Quarterly Point Machine Overhaul & Lubrication.,COMPLETED,118,T-301 (OHE Gang)
HIST-05557,TASK-05600,2024-01-26T23:32:00,2024-01-27T01:28:00,Routine PM: Quarterly Point Machine Overhaul & Lubrication.,COMPLETED,116,T-301 (OHE Gang)
HIST-05558,TASK-05601,2024-04-25T23:54:00,2024-04-26T01:49:00,Routine PM: Quarterly Point Machine Overhaul & Lubrication.,COMPLETED,115,T-302
HIST-05559,TASK-05602,2024-07-24T23:35:00,2024-07-25T01:34:00,Routine PM: Quarterly Point Machine Overhaul & Lubrication.,COMPLETED,119,T-301 (OHE Gang)
HIST-05560,TASK-05603,2024-10-22T23:35:00,2024-10-23T01:40:00,Routine PM: Quarterly Point Machine Overhaul & Lubrication.,COMPLETED,125,T-102
HIST-05561,TASK-05604,2025-01-21T00:27:00,2025-01-21T02:29:00,Routine PM: Quarterly Point Machine Overhaul & Lubrication.,COMPLETED,122,T-101 (Engineering Gang)
HIST-05562,TASK-05605,2025-04-20T23:47:00,2025-04-21T01:45:00,Routine PM: Quarterly Point Machine Overhaul & Lubrication.,COMPLETED,118,T-301 (OHE Gang)
HIST-05563,TASK-05606,2025-07-19T23:53:00,2025-07-20T01:50:00,Routine PM: Quarterly Point Machine Overhaul & Lubrication.,COMPLETED,117,T-101 (Engineering Gang)
HIST-05564,TASK-05607,2025-10-18T00:21:00,2025-10-18T02:26:00,Routine PM: Quarterly Point Machine Overhaul & Lubrication.,COMPLETED,125,T-201 (Signal Staff)
HIST-05565,TASK-05608,2026-01-16T00:25:00,2026-01-16T02:21:00,Routine PM: Quarterly Point Machine Overhaul & Lubrication.,COMPLETED,116,T-301 (OHE Gang)
HIST-05566,TASK-05609,2026-04-15T23:53:00,2026-04-16T01:54:00,Routine PM: Quarterly Point Machine Overhaul & Lubrication.,COMPLETED,121,T-102
HIST-05567,TASK-05610,2026-07-15T00:20:00,2026-07-15T02:25:00,Routine PM: Quarterly Point Machine Overhaul & Lubrication.,COMPLETED,125,T-301 (OHE Gang)
HIST-05574,TASK-05617,2023-09-17T23:43:00,2023-09-18T01:40:00,Routine PM: Quarterly Point Machine Overhaul & Lubrication.,COMPLETED,117,T-301 (OHE Gang)
HIST-05575,TASK-05618,2023-12-17T00:24:00,2023-12-17T02:25:00,Routine PM: Quarterly Point Machine Overhaul & Lubrication.,COMPLETED,121,T-101 (Engineering Gang)
HIST-05576,TASK-05619,2024-03-16T00:06:00,2024-03-16T02:01:00,Routine PM: Quarterly Point Machine Overhaul & Lubrication.,COMPLETED,115,T-301 (OHE Gang)
HIST-05577,TASK-05620,2024-06-13T23:44:00,2024-06-14T01:42:00,Routine PM: Quarterly Point Machine Overhaul & Lubrication.,COMPLETED,118,T-102
HIST-05578,TASK-05621,2024-09-11T23:31:00,2024-09-12T01:34:00,Routine PM: Quarterly Point Machine Overhaul & Lubrication.,COMPLETED,123,T-302
HIST-05579,TASK-05622,2024-12-10T23:57:00,2024-12-11T01:58:00,Routine PM: Quarterly Point Machine Overhaul & Lubrication.,COMPLETED,121,T-302
HIST-05580,TASK-05623,2025-03-11T00:19:00,2025-03-11T02:21:00,Routine PM: Quarterly Point Machine Overhaul & Lubrication.,COMPLETED,122,T-102
HIST-05581,TASK-05624,2025-06-09T00:02:00,2025-06-09T02:03:00,Routine PM: Quarterly Point Machine Overhaul & Lubrication.,COMPLETED,121,T-201 (Signal Staff)
HIST-05582,TASK-05625,2025-09-06T23:46:00,2025-09-07T01:40:00,Routine PM: Quarterly Point Machine Overhaul & Lubrication.,COMPLETED,114,T-301 (OHE Gang)
HIST-05583,TASK-05626,2025-12-05T23:39:00,2025-12-06T01:36:00,Routine PM: Quarterly Point Machine Overhaul & Lubrication.,COMPLETED,117,T-301 (OHE Gang)
HIST-05584,TASK-05627,2026-03-06T00:05:00,2026-03-06T02:10:00,Routine PM: Quarterly Point Machine Overhaul & Lubrication.,COMPLETED,125,T-301 (OHE Gang)
HIST-05585,TASK-05628,2026-06-04T00:19:00,2026-06-04T02:20:00,Routine PM: Quarterly Point Machine Overhaul & Lubrication.,COMPLETED,121,T-302
HIST-05595,TASK-05638,2023-08-21T23:32:00,2023-08-22T01:29:00,Routine PM: Quarterly Point Machine Overhaul & Lubrication.,COMPLETED,117,T-302
HIST-05596,TASK-05639,2023-11-20T00:07:00,2023-11-20T02:02:00,Routine PM: Quarterly Point Machine Overhaul & Lubrication.,COMPLETED,115,T-201 (Signal Staff)
HIST-05597,TASK-05640,2024-02-17T23:57:00,2024-02-18T02:00:00,Routine PM: Quarterly Point Machine Overhaul & Lubrication.,COMPLETED,123,T-301 (OHE Gang)
HIST-05598,TASK-05641,2024-05-18T00:18:00,2024-05-18T02:14:00,Routine PM: Quarterly Point Machine Overhaul & Lubrication.,COMPLETED,116,T-202
HIST-05599,TASK-05642,2024-08-15T23:46:00,2024-08-16T01:49:00,Routine PM: Quarterly Point Machine Overhaul & Lubrication.,COMPLETED,123,T-302
HIST-05600,TASK-05643,2024-11-13T23:31:00,2024-11-14T01:33:00,Routine PM: Quarterly Point Machine Overhaul & Lubrication.,COMPLETED,122,T-202
HIST-05601,TASK-05644,2025-02-11T23:36:00,2025-02-12T01:36:00,Routine PM: Quarterly Point Machine Overhaul & Lubrication.,COMPLETED,120,T-201 (Signal Staff)
HIST-05602,TASK-05645,2025-05-13T00:11:00,2025-05-13T02:05:00,Routine PM: Quarterly Point Machine Overhaul & Lubrication.,COMPLETED,114,T-101 (Engineering Gang)
HIST-05603,TASK-05646,2025-08-11T00:29:00,2025-08-11T02:30:00,Routine PM: Quarterly Point Machine Overhaul & Lubrication.,COMPLETED,121,T-102
HIST-05604,TASK-05647,2025-11-09T00:24:00,2025-11-09T02:20:00,Routine PM: Quarterly Point Machine Overhaul & Lubrication.,COMPLETED,116,T-202
HIST-05605,TASK-05648,2026-02-07T00:13:00,2026-02-07T02:15:00,Routine PM: Quarterly Point Machine Overhaul & Lubrication.,COMPLETED,122,T-201 (Signal Staff)
HIST-05606,TASK-05649,2026-05-08T00:12:00,2026-05-08T02:08:00,Routine PM: Quarterly Point Machine Overhaul & Lubrication.,COMPLETED,116,T-102
HIST-05643,TASK-05686,2023-10-11T00:26:00,2023-10-11T02:22:00,Routine PM: Quarterly Point Machine Overhaul & Lubrication.,COMPLETED,116,T-302
HIST-05644,TASK-05687,2024-01-08T23:40:00,2024-01-09T01:36:00,Routine PM: Quarterly Point Machine Overhaul & Lubrication.,COMPLETED,116,T-201 (Signal Staff)
HIST-05645,TASK-05688,2024-04-07T23:38:00,2024-04-08T01:35:00,Routine PM: Quarterly Point Machine Overhaul & Lubrication.,COMPLETED,117,T-102
HIST-05646,TASK-05689,2024-07-06T23:42:00,2024-07-07T01:41:00,Routine PM: Quarterly Point Machine Overhaul & Lubrication.,COMPLETED,119,T-202
HIST-05647,TASK-05690,2024-10-05T00:16:00,2024-10-05T02:12:00,Routine PM: Quarterly Point Machine Overhaul & Lubrication.,COMPLETED,116,T-202
HIST-05648,TASK-05691,2025-01-03T00:17:00,2025-01-03T02:11:00,Routine PM: Quarterly Point Machine Overhaul & Lubrication.,COMPLETED,114,T-301 (OHE Gang)
HIST-05649,TASK-05692,2025-04-02T23:46:00,2025-04-03T01:41:00,Routine PM: Quarterly Point Machine Overhaul & Lubrication.,COMPLETED,115,T-301 (OHE Gang)
HIST-05650,TASK-05693,2025-07-01T23:38:00,2025-07-02T01:43:00,Routine PM: Quarterly Point Machine Overhaul & Lubrication.,COMPLETED,125,T-102
HIST-05651,TASK-05694,2025-09-30T00:30:00,2025-09-30T02:33:00,Routine PM: Quarterly Point Machine Overhaul & Lubrication.,COMPLETED,123,T-301 (OHE Gang)
HIST-05652,TASK-05695,2025-12-29T00:00:00,2025-12-29T01:58:00,Routine PM: Quarterly Point Machine Overhaul & Lubrication.,COMPLETED,118,T-101 (Engineering Gang)
HIST-05653,TASK-05696,2026-03-28T23:47:00,2026-03-29T01:44:00,Routine PM: Quarterly Point Machine Overhaul & Lubrication.,COMPLETED,117,T-301 (OHE Gang)
HIST-05654,TASK-05697,2026-06-27T00:14:00,2026-06-27T02:09:00,Routine PM: Quarterly Point Machine Overhaul & Lubrication.,COMPLETED,115,T-102
HIST-05679,TASK-05722,2023-10-21T00:25:00,2023-10-21T02:28:00,Routine PM: Quarterly Point Machine Overhaul & Lubrication.,COMPLETED,123,T-302
HIST-05680,TASK-05723,2024-01-18T23:45:00,2024-01-19T01:39:00,Routine PM: Quarterly Point Machine Overhaul & Lubrication.,COMPLETED,114,T-102
HIST-05681,TASK-05724,2024-04-18T00:05:00,2024-04-18T02:00:00,Routine PM: Quarterly Point Machine Overhaul & Lubrication.,COMPLETED,115,T-101 (Engineering Gang)
HIST-05682,TASK-05725,2024-07-17T00:25:00,2024-07-17T02:30:00,Routine PM: Quarterly Point Machine Overhaul & Lubrication.,COMPLETED,125,T-101 (Engineering Gang)
HIST-05683,TASK-05726,2024-10-15T00:02:00,2024-10-15T01:58:00,Routine PM: Quarterly Point Machine Overhaul & Lubrication.,COMPLETED,116,T-302
HIST-05684,TASK-05727,2025-01-13T00:00:00,2025-01-13T02:01:00,Routine PM: Quarterly Point Machine Overhaul & Lubrication.,COMPLETED,121,T-101 (Engineering Gang)
HIST-05685,TASK-05728,2025-04-13T00:08:00,2025-04-13T02:08:00,Routine PM: Quarterly Point Machine Overhaul & Lubrication.,COMPLETED,120,T-201 (Signal Staff)
HIST-05686,TASK-05729,2025-07-11T23:40:00,2025-07-12T01:45:00,Routine PM: Quarterly Point Machine Overhaul & Lubrication.,COMPLETED,125,T-202
HIST-05687,TASK-05730,2025-10-10T00:22:00,2025-10-10T02:17:00,Routine PM: Quarterly Point Machine Overhaul & Lubrication.,COMPLETED,115,T-201 (Signal Staff)
HIST-05688,TASK-05731,2026-01-08T00:10:00,2026-01-08T02:05:00,Routine PM: Quarterly Point Machine Overhaul & Lubrication.,COMPLETED,115,T-302
HIST-05689,TASK-05732,2026-04-08T00:15:00,2026-04-08T02:18:00,Routine PM: Quarterly Point Machine Overhaul & Lubrication.,COMPLETED,123,T-301 (OHE Gang)
HIST-05690,TASK-05733,2026-07-07T00:19:00,2026-07-07T02:14:00,Routine PM: Quarterly Point Machine Overhaul & Lubrication.,COMPLETED,115,T-302
HIST-05712,TASK-05755,2023-08-17T00:02:00,2023-08-17T02:02:00,Routine PM: Quarterly Point Machine Overhaul & Lubrication.,COMPLETED,120,T-202
HIST-05713,TASK-05756,2023-11-15T00:20:00,2023-11-15T02:21:00,Routine PM: Quarterly Point Machine Overhaul & Lubrication.,COMPLETED,121,T-202
HIST-05714,TASK-05757,2024-02-12T23:40:00,2024-02-13T01:45:00,Routine PM: Quarterly Point Machine Overhaul & Lubrication.,COMPLETED,125,T-101 (Engineering Gang)
HIST-05715,TASK-05758,2024-05-13T00:04:00,2024-05-13T02:01:00,Routine PM: Quarterly Point Machine Overhaul & Lubrication.,COMPLETED,117,T-301 (OHE Gang)
HIST-05716,TASK-05759,2024-08-10T23:35:00,2024-08-11T01:38:00,Routine PM: Quarterly Point Machine Overhaul & Lubrication.,COMPLETED,123,T-201 (Signal Staff)
HIST-05717,TASK-05760,2024-11-09T00:11:00,2024-11-09T02:15:00,Routine PM: Quarterly Point Machine Overhaul & Lubrication.,COMPLETED,124,T-102
HIST-05718,TASK-05761,2025-02-07T00:28:00,2025-02-07T02:26:00,Routine PM: Quarterly Point Machine Overhaul & Lubrication.,COMPLETED,118,T-101 (Engineering Gang)
HIST-05719,TASK-05762,2025-05-07T23:31:00,2025-05-08T01:36:00,Routine PM: Quarterly Point Machine Overhaul & Lubrication.,COMPLETED,125,T-202
HIST-05720,TASK-05763,2025-08-06T00:09:00,2025-08-06T02:11:00,Routine PM: Quarterly Point Machine Overhaul & Lubrication.,COMPLETED,122,T-302
HIST-05721,TASK-05764,2025-11-03T23:48:00,2025-11-04T01:48:00,Routine PM: Quarterly Point Machine Overhaul & Lubrication.,COMPLETED,120,T-101 (Engineering Gang)
HIST-05722,TASK-05765,2026-02-01T23:36:00,2026-02-02T01:39:00,Routine PM: Quarterly Point Machine Overhaul & Lubrication.,COMPLETED,123,T-101 (Engineering Gang)
HIST-05723,TASK-05766,2026-05-02T23:53:00,2026-05-03T01:58:00,Routine PM: Quarterly Point Machine Overhaul & Lubrication.,COMPLETED,125,T-101 (Engineering Gang)
HIST-05724,TASK-05767,2023-09-14T23:55:00,2023-09-15T01:52:00,Routine PM: Quarterly Point Machine Overhaul & Lubrication.,COMPLETED,117,T-202
HIST-05725,TASK-05768,2023-12-14T00:16:00,2023-12-14T02:15:00,Routine PM: Quarterly Point Machine Overhaul & Lubrication.,COMPLETED,119,T-102
HIST-05726,TASK-05769,2024-03-12T23:38:00,2024-03-13T01:40:00,Routine PM: Quarterly Point Machine Overhaul & Lubrication.,COMPLETED,122,T-202
HIST-05727,TASK-05770,2024-06-11T00:13:00,2024-06-11T02:16:00,Routine PM: Quarterly Point Machine Overhaul & Lubrication.,COMPLETED,123,T-101 (Engineering Gang)
HIST-05728,TASK-05771,2024-09-09T00:18:00,2024-09-09T02:13:00,Routine PM: Quarterly Point Machine Overhaul & Lubrication.,COMPLETED,115,T-301 (OHE Gang)
HIST-05729,TASK-05772,2024-12-08T00:08:00,2024-12-08T02:08:00,Routine PM: Quarterly Point Machine Overhaul & Lubrication.,COMPLETED,120,T-202
HIST-05730,TASK-05773,2025-03-07T23:47:00,2025-03-08T01:47:00,Routine PM: Quarterly Point Machine Overhaul & Lubrication.,COMPLETED,120,T-201 (Signal Staff)
HIST-05731,TASK-05774,2025-06-05T23:47:00,2025-06-06T01:50:00,Routine PM: Quarterly Point Machine Overhaul & Lubrication.,COMPLETED,123,T-302
HIST-05732,TASK-05775,2025-09-03T23:38:00,2025-09-04T01:43:00,Routine PM: Quarterly Point Machine Overhaul & Lubrication.,COMPLETED,125,T-302
HIST-05733,TASK-05776,2025-12-03T00:14:00,2025-12-03T02:13:00,Routine PM: Quarterly Point Machine Overhaul & Lubrication.,COMPLETED,119,T-302
HIST-05734,TASK-05777,2026-03-02T23:57:00,2026-03-03T01:58:00,Routine PM: Quarterly Point Machine Overhaul & Lubrication.,COMPLETED,121,T-101 (Engineering Gang)
HIST-05735,TASK-05778,2026-05-31T23:51:00,2026-06-01T01:48:00,Routine PM: Quarterly Point Machine Overhaul & Lubrication.,COMPLETED,117,T-302
HIST-05739,TASK-05782,2023-09-26T00:21:00,2023-09-26T02:20:00,Routine PM: Quarterly Point Machine Overhaul & Lubrication.,COMPLETED,119,T-202
HIST-05740,TASK-05783,2023-12-24T23:49:00,2023-12-25T01:48:00,Routine PM: Quarterly Point Machine Overhaul & Lubrication.,COMPLETED,119,T-302
HIST-05741,TASK-05784,2024-03-24T00:01:00,2024-03-24T01:55:00,Routine PM: Quarterly Point Machine Overhaul & Lubrication.,COMPLETED,114,T-102
HIST-05742,TASK-05785,2024-06-21T23:35:00,2024-06-22T01:36:00,Routine PM: Quarterly Point Machine Overhaul & Lubrication.,COMPLETED,121,T-101 (Engineering Gang)
HIST-05743,TASK-05786,2024-09-20T00:17:00,2024-09-20T02:18:00,Routine PM: Quarterly Point Machine Overhaul & Lubrication.,COMPLETED,121,T-302
HIST-05744,TASK-05787,2024-12-19T00:28:00,2024-12-19T02:22:00,Routine PM: Quarterly Point Machine Overhaul & Lubrication.,COMPLETED,114,T-301 (OHE Gang)
HIST-05745,TASK-05788,2025-03-18T23:42:00,2025-03-19T01:38:00,Routine PM: Quarterly Point Machine Overhaul & Lubrication.,COMPLETED,116,T-201 (Signal Staff)
HIST-05746,TASK-05789,2025-06-17T00:27:00,2025-06-17T02:25:00,Routine PM: Quarterly Point Machine Overhaul & Lubrication.,COMPLETED,118,T-201 (Signal Staff)
HIST-05747,TASK-05790,2025-09-14T23:37:00,2025-09-15T01:38:00,Routine PM: Quarterly Point Machine Overhaul & Lubrication.,COMPLETED,121,T-102
HIST-05748,TASK-05791,2025-12-13T23:41:00,2025-12-14T01:37:00,Routine PM: Quarterly Point Machine Overhaul & Lubrication.,COMPLETED,116,T-101 (Engineering Gang)
HIST-05749,TASK-05792,2026-03-13T23:51:00,2026-03-14T01:54:00,Routine PM: Quarterly Point Machine Overhaul & Lubrication.,COMPLETED,123,T-101 (Engineering Gang)
HIST-05750,TASK-05793,2026-06-11T23:53:00,2026-06-12T01:50:00,Routine PM: Quarterly Point Machine Overhaul & Lubrication.,COMPLETED,117,T-302
HIST-05751,TASK-05794,2023-10-24T00:11:00,2023-10-24T02:16:00,Routine PM: Quarterly Point Machine Overhaul & Lubrication.,COMPLETED,125,T-102
HIST-05752,TASK-05795,2024-01-21T23:45:00,2024-01-22T01:48:00,Routine PM: Quarterly Point Machine Overhaul & Lubrication.,COMPLETED,123,T-101 (Engineering Gang)
HIST-05753,TASK-05796,2024-04-21T00:12:00,2024-04-21T02:13:00,Routine PM: Quarterly Point Machine Overhaul & Lubrication.,COMPLETED,121,T-302
HIST-05754,TASK-05797,2024-07-19T23:44:00,2024-07-20T01:44:00,Routine PM: Quarterly Point Machine Overhaul & Lubrication.,COMPLETED,120,T-101 (Engineering Gang)
HIST-05755,TASK-05798,2024-10-17T23:54:00,2024-10-18T01:49:00,Routine PM: Quarterly Point Machine Overhaul & Lubrication.,COMPLETED,115,T-301 (OHE Gang)
HIST-05756,TASK-05799,2025-01-15T23:49:00,2025-01-16T01:44:00,Routine PM: Quarterly Point Machine Overhaul & Lubrication.,COMPLETED,115,T-101 (Engineering Gang)
HIST-05757,TASK-05800,2025-04-15T23:37:00,2025-04-16T01:41:00,Routine PM: Quarterly Point Machine Overhaul & Lubrication.,COMPLETED,124,T-302
HIST-05758,TASK-05801,2025-07-15T00:03:00,2025-07-15T02:06:00,Routine PM: Quarterly Point Machine Overhaul & Lubrication.,COMPLETED,123,T-202
HIST-05759,TASK-05802,2025-10-13T00:21:00,2025-10-13T02:19:00,Routine PM: Quarterly Point Machine Overhaul & Lubrication.,COMPLETED,118,T-301 (OHE Gang)
HIST-05760,TASK-05803,2026-01-11T00:08:00,2026-01-11T02:10:00,Routine PM: Quarterly Point Machine Overhaul & Lubrication.,COMPLETED,122,T-101 (Engineering Gang)
HIST-05761,TASK-05804,2026-04-11T00:09:00,2026-04-11T02:04:00,Routine PM: Quarterly Point Machine Overhaul & Lubrication.,COMPLETED,115,T-302
HIST-05762,TASK-05805,2026-07-09T23:54:00,2026-07-10T01:51:00,Routine PM: Quarterly Point Machine Overhaul & Lubrication.,COMPLETED,117,T-202
HIST-05763,TASK-05806,2023-09-26T23:37:00,2023-09-27T01:36:00,Routine PM: Quarterly Point Machine Overhaul & Lubrication.,COMPLETED,119,T-201 (Signal Staff)
HIST-05764,TASK-05807,2023-12-25T23:55:00,2023-12-26T01:56:00,Routine PM: Quarterly Point Machine Overhaul & Lubrication.,COMPLETED,121,T-102
HIST-05765,TASK-05808,2024-03-24T23:49:00,2024-03-25T01:49:00,Routine PM: Quarterly Point Machine Overhaul & Lubrication.,COMPLETED,120,T-301 (OHE Gang)
HIST-05766,TASK-05809,2024-06-22T23:44:00,2024-06-23T01:39:00,Routine PM: Quarterly Point Machine Overhaul & Lubrication.,COMPLETED,115,T-102
HIST-05767,TASK-05810,2024-09-21T00:27:00,2024-09-21T02:24:00,Routine PM: Quarterly Point Machine Overhaul & Lubrication.,COMPLETED,117,T-302
HIST-05768,TASK-05811,2024-12-19T23:30:00,2024-12-20T01:32:00,Routine PM: Quarterly Point Machine Overhaul & Lubrication.,COMPLETED,122,T-202
HIST-05769,TASK-05812,2025-03-20T00:04:00,2025-03-20T01:58:00,Routine PM: Quarterly Point Machine Overhaul & Lubrication.,COMPLETED,114,T-101 (Engineering Gang)
HIST-05770,TASK-05813,2025-06-18T00:22:00,2025-06-18T02:17:00,Routine PM: Quarterly Point Machine Overhaul & Lubrication.,COMPLETED,115,T-102
HIST-05771,TASK-05814,2025-09-15T23:45:00,2025-09-16T01:45:00,Routine PM: Quarterly Point Machine Overhaul & Lubrication.,COMPLETED,120,T-201 (Signal Staff)
HIST-05772,TASK-05815,2025-12-14T23:47:00,2025-12-15T01:51:00,Routine PM: Quarterly Point Machine Overhaul & Lubrication.,COMPLETED,124,T-201 (Signal Staff)
HIST-05773,TASK-05816,2026-03-14T23:40:00,2026-03-15T01:38:00,Routine PM: Quarterly Point Machine Overhaul & Lubrication.,COMPLETED,118,T-301 (OHE Gang)
HIST-05774,TASK-05817,2026-06-13T00:28:00,2026-06-13T02:28:00,Routine PM: Quarterly Point Machine Overhaul & Lubrication.,COMPLETED,120,T-302
HIST-05787,TASK-05830,2023-08-21T00:08:00,2023-08-21T02:12:00,Routine PM: Quarterly Point Machine Overhaul & Lubrication.,COMPLETED,124,T-101 (Engineering Gang)
HIST-05788,TASK-05831,2023-11-18T23:30:00,2023-11-19T01:28:00,Routine PM: Quarterly Point Machine Overhaul & Lubrication.,COMPLETED,118,T-301 (OHE Gang)
HIST-05789,TASK-05832,2024-02-16T23:55:00,2024-02-17T01:56:00,Routine PM: Quarterly Point Machine Overhaul & Lubrication.,COMPLETED,121,T-101 (Engineering Gang)
HIST-05790,TASK-05833,2024-05-17T00:08:00,2024-05-17T02:08:00,Routine PM: Quarterly Point Machine Overhaul & Lubrication.,COMPLETED,120,T-201 (Signal Staff)
HIST-05791,TASK-05834,2024-08-14T23:42:00,2024-08-15T01:47:00,Routine PM: Quarterly Point Machine Overhaul & Lubrication.,COMPLETED,125,T-201 (Signal Staff)
HIST-05792,TASK-05835,2024-11-12T23:35:00,2024-11-13T01:33:00,Routine PM: Quarterly Point Machine Overhaul & Lubrication.,COMPLETED,118,T-202
HIST-05793,TASK-05836,2025-02-11T00:18:00,2025-02-11T02:14:00,Routine PM: Quarterly Point Machine Overhaul & Lubrication.,COMPLETED,116,T-102
HIST-05794,TASK-05837,2025-05-11T23:48:00,2025-05-12T01:42:00,Routine PM: Quarterly Point Machine Overhaul & Lubrication.,COMPLETED,114,T-302
HIST-05795,TASK-05838,2025-08-09T23:45:00,2025-08-10T01:47:00,Routine PM: Quarterly Point Machine Overhaul & Lubrication.,COMPLETED,122,T-102
HIST-05796,TASK-05839,2025-11-07T23:52:00,2025-11-08T01:46:00,Routine PM: Quarterly Point Machine Overhaul & Lubrication.,COMPLETED,114,T-202
HIST-05797,TASK-05840,2026-02-06T00:22:00,2026-02-06T02:22:00,Routine PM: Quarterly Point Machine Overhaul & Lubrication.,COMPLETED,120,T-101 (Engineering Gang)
HIST-05798,TASK-05841,2026-05-07T00:11:00,2026-05-07T02:16:00,Routine PM: Quarterly Point Machine Overhaul & Lubrication.,COMPLETED,125,T-301 (OHE Gang)
HIST-05817,TASK-05860,2023-09-14T23:41:00,2023-09-15T01:35:00,Routine PM: Quarterly Point Machine Overhaul & Lubrication.,COMPLETED,114,T-202
HIST-05818,TASK-05861,2023-12-13T23:59:00,2023-12-14T01:53:00,Routine PM: Quarterly Point Machine Overhaul & Lubrication.,COMPLETED,114,T-201 (Signal Staff)
HIST-05819,TASK-05862,2024-03-12T23:31:00,2024-03-13T01:30:00,Routine PM: Quarterly Point Machine Overhaul & Lubrication.,COMPLETED,119,T-202
HIST-05820,TASK-05863,2024-06-10T23:37:00,2024-06-11T01:36:00,Routine PM: Quarterly Point Machine Overhaul & Lubrication.,COMPLETED,119,T-102
HIST-05821,TASK-05864,2024-09-08T23:38:00,2024-09-09T01:34:00,Routine PM: Quarterly Point Machine Overhaul & Lubrication.,COMPLETED,116,T-302
HIST-05822,TASK-05865,2024-12-07T23:41:00,2024-12-08T01:38:00,Routine PM: Quarterly Point Machine Overhaul & Lubrication.,COMPLETED,117,T-202
HIST-05823,TASK-05866,2025-03-08T00:04:00,2025-03-08T01:59:00,Routine PM: Quarterly Point Machine Overhaul & Lubrication.,COMPLETED,115,T-302
HIST-05824,TASK-05867,2025-06-06T00:17:00,2025-06-06T02:19:00,Routine PM: Quarterly Point Machine Overhaul & Lubrication.,COMPLETED,122,T-202
HIST-05825,TASK-05868,2025-09-04T00:11:00,2025-09-04T02:06:00,Routine PM: Quarterly Point Machine Overhaul & Lubrication.,COMPLETED,115,T-302
HIST-05826,TASK-05869,2025-12-02T23:58:00,2025-12-03T01:57:00,Routine PM: Quarterly Point Machine Overhaul & Lubrication.,COMPLETED,119,T-101 (Engineering Gang)
HIST-05827,TASK-05870,2026-03-03T00:26:00,2026-03-03T02:24:00,Routine PM: Quarterly Point Machine Overhaul & Lubrication.,COMPLETED,118,T-101 (Engineering Gang)
HIST-05828,TASK-05871,2026-06-01T00:04:00,2026-06-01T01:58:00,Routine PM: Quarterly Point Machine Overhaul & Lubrication.,COMPLETED,114,T-202
HIST-05841,TASK-05884,2023-08-18T00:24:00,2023-08-18T02:18:00,Routine PM: Quarterly Point Machine Overhaul & Lubrication.,COMPLETED,114,T-302
HIST-05842,TASK-05885,2023-11-16T00:15:00,2023-11-16T02:12:00,Routine PM: Quarterly Point Machine Overhaul & Lubrication.,COMPLETED,117,T-302
HIST-05843,TASK-05886,2024-02-14T00:26:00,2024-02-14T02:27:00,Routine PM: Quarterly Point Machine Overhaul & Lubrication.,COMPLETED,121,T-101 (Engineering Gang)
HIST-05844,TASK-05887,2024-05-13T23:51:00,2024-05-14T01:48:00,Routine PM: Quarterly Point Machine Overhaul & Lubrication.,COMPLETED,117,T-302
HIST-05845,TASK-05888,2024-08-11T23:49:00,2024-08-12T01:46:00,Routine PM: Quarterly Point Machine Overhaul & Lubrication.,COMPLETED,117,T-202
HIST-05846,TASK-05889,2024-11-09T23:57:00,2024-11-10T01:53:00,Routine PM: Quarterly Point Machine Overhaul & Lubrication.,COMPLETED,116,T-302
HIST-05847,TASK-05890,2025-02-08T00:29:00,2025-02-08T02:27:00,Routine PM: Quarterly Point Machine Overhaul & Lubrication.,COMPLETED,118,T-101 (Engineering Gang)
HIST-05848,TASK-05891,2025-05-08T23:56:00,2025-05-09T01:54:00,Routine PM: Quarterly Point Machine Overhaul & Lubrication.,COMPLETED,118,T-202
HIST-05849,TASK-05892,2025-08-07T00:27:00,2025-08-07T02:30:00,Routine PM: Quarterly Point Machine Overhaul & Lubrication.,COMPLETED,123,T-102
HIST-05850,TASK-05893,2025-11-05T00:22:00,2025-11-05T02:25:00,Routine PM: Quarterly Point Machine Overhaul & Lubrication.,COMPLETED,123,T-302
HIST-05851,TASK-05894,2026-02-02T23:43:00,2026-02-03T01:46:00,Routine PM: Quarterly Point Machine Overhaul & Lubrication.,COMPLETED,123,T-302
HIST-05852,TASK-05895,2026-05-03T23:33:00,2026-05-04T01:32:00,Routine PM: Quarterly Point Machine Overhaul & Lubrication.,COMPLETED,119,T-102
HIST-05871,TASK-05914,2023-09-27T23:51:00,2023-09-28T01:51:00,Routine PM: Quarterly Point Machine Overhaul & Lubrication.,COMPLETED,120,T-201 (Signal Staff)
HIST-05872,TASK-05915,2023-12-26T23:38:00,2023-12-27T01:41:00,Routine PM: Quarterly Point Machine Overhaul & Lubrication.,COMPLETED,123,T-102
HIST-05873,TASK-05916,2024-03-25T23:36:00,2024-03-26T01:32:00,Routine PM: Quarterly Point Machine Overhaul & Lubrication.,COMPLETED,116,T-302
HIST-05874,TASK-05917,2024-06-24T00:20:00,2024-06-24T02:17:00,Routine PM: Quarterly Point Machine Overhaul & Lubrication.,COMPLETED,117,T-201 (Signal Staff)
HIST-05875,TASK-05918,2024-09-22T00:22:00,2024-09-22T02:21:00,Routine PM: Quarterly Point Machine Overhaul & Lubrication.,COMPLETED,119,T-101 (Engineering Gang)
HIST-05876,TASK-05919,2024-12-20T23:35:00,2024-12-21T01:37:00,Routine PM: Quarterly Point Machine Overhaul & Lubrication.,COMPLETED,122,T-202
HIST-05877,TASK-05920,2025-03-20T23:38:00,2025-03-21T01:34:00,Routine PM: Quarterly Point Machine Overhaul & Lubrication.,COMPLETED,116,T-302
HIST-05878,TASK-05921,2025-06-19T00:19:00,2025-06-19T02:23:00,Routine PM: Quarterly Point Machine Overhaul & Lubrication.,COMPLETED,124,T-302
HIST-05879,TASK-05922,2025-09-17T00:10:00,2025-09-17T02:14:00,Routine PM: Quarterly Point Machine Overhaul & Lubrication.,COMPLETED,124,T-101 (Engineering Gang)
HIST-05880,TASK-05923,2025-12-15T23:40:00,2025-12-16T01:37:00,Routine PM: Quarterly Point Machine Overhaul & Lubrication.,COMPLETED,117,T-302
HIST-05881,TASK-05924,2026-03-15T23:44:00,2026-03-16T01:38:00,Routine PM: Quarterly Point Machine Overhaul & Lubrication.,COMPLETED,114,T-302
HIST-05882,TASK-05925,2026-06-13T23:55:00,2026-06-14T01:54:00,Routine PM: Quarterly Point Machine Overhaul & Lubrication.,COMPLETED,119,T-301 (OHE Gang)
HIST-05883,TASK-05926,2023-08-18T00:19:00,2023-08-18T02:18:00,Routine PM: Quarterly Point Machine Overhaul & Lubrication.,COMPLETED,119,T-202
HIST-05884,TASK-05927,2023-11-16T00:29:00,2023-11-16T02:32:00,Routine PM: Quarterly Point Machine Overhaul & Lubrication.,COMPLETED,123,T-302
HIST-05885,TASK-05928,2024-02-14T00:20:00,2024-02-14T02:18:00,Routine PM: Quarterly Point Machine Overhaul & Lubrication.,COMPLETED,118,T-201 (Signal Staff)
HIST-05886,TASK-05929,2024-05-13T23:37:00,2024-05-14T01:40:00,Routine PM: Quarterly Point Machine Overhaul & Lubrication.,COMPLETED,123,T-301 (OHE Gang)
HIST-05887,TASK-05930,2024-08-11T23:55:00,2024-08-12T01:52:00,Routine PM: Quarterly Point Machine Overhaul & Lubrication.,COMPLETED,117,T-202
HIST-05888,TASK-05931,2024-11-09T23:44:00,2024-11-10T01:41:00,Routine PM: Quarterly Point Machine Overhaul & Lubrication.,COMPLETED,117,T-102
HIST-05889,TASK-05932,2025-02-07T23:41:00,2025-02-08T01:46:00,Routine PM: Quarterly Point Machine Overhaul & Lubrication.,COMPLETED,125,T-302
HIST-05890,TASK-05933,2025-05-09T00:05:00,2025-05-09T02:09:00,Routine PM: Quarterly Point Machine Overhaul & Lubrication.,COMPLETED,124,T-301 (OHE Gang)
HIST-05891,TASK-05934,2025-08-06T23:42:00,2025-08-07T01:44:00,Routine PM: Quarterly Point Machine Overhaul & Lubrication.,COMPLETED,122,T-202
HIST-05892,TASK-05935,2025-11-04T23:46:00,2025-11-05T01:46:00,Routine PM: Quarterly Point Machine Overhaul & Lubrication.,COMPLETED,120,T-201 (Signal Staff)
HIST-05893,TASK-05936,2026-02-02T23:45:00,2026-02-03T01:43:00,Routine PM: Quarterly Point Machine Overhaul & Lubrication.,COMPLETED,118,T-202
HIST-05894,TASK-05937,2026-05-03T23:39:00,2026-05-04T01:34:00,Routine PM: Quarterly Point Machine Overhaul & Lubrication.,COMPLETED,115,T-201 (Signal Staff)
HIST-05919,TASK-05962,2023-09-18T23:37:00,2023-09-19T01:38:00,Routine PM: Quarterly Point Machine Overhaul & Lubrication.,COMPLETED,121,T-102
HIST-05920,TASK-05963,2023-12-17T23:51:00,2023-12-18T01:49:00,Routine PM: Quarterly Point Machine Overhaul & Lubrication.,COMPLETED,118,T-202
HIST-05921,TASK-05964,2024-03-17T00:16:00,2024-03-17T02:21:00,Routine PM: Quarterly Point Machine Overhaul & Lubrication.,COMPLETED,125,T-201 (Signal Staff)
HIST-05922,TASK-05965,2024-06-14T23:30:00,2024-06-15T01:24:00,Routine PM: Quarterly Point Machine Overhaul & Lubrication.,COMPLETED,114,T-201 (Signal Staff)
HIST-05923,TASK-05966,2024-09-12T23:41:00,2024-09-13T01:38:00,Routine PM: Quarterly Point Machine Overhaul & Lubrication.,COMPLETED,117,T-201 (Signal Staff)
HIST-05924,TASK-05967,2024-12-11T23:38:00,2024-12-12T01:34:00,Routine PM: Quarterly Point Machine Overhaul & Lubrication.,COMPLETED,116,T-102
HIST-05925,TASK-05968,2025-03-11T23:35:00,2025-03-12T01:33:00,Routine PM: Quarterly Point Machine Overhaul & Lubrication.,COMPLETED,118,T-102
HIST-05926,TASK-05969,2025-06-09T23:49:00,2025-06-10T01:45:00,Routine PM: Quarterly Point Machine Overhaul & Lubrication.,COMPLETED,116,T-201 (Signal Staff)
HIST-05927,TASK-05970,2025-09-08T00:12:00,2025-09-08T02:14:00,Routine PM: Quarterly Point Machine Overhaul & Lubrication.,COMPLETED,122,T-302
HIST-05928,TASK-05971,2025-12-07T00:21:00,2025-12-07T02:25:00,Routine PM: Quarterly Point Machine Overhaul & Lubrication.,COMPLETED,124,T-302
HIST-05929,TASK-05972,2026-03-06T23:52:00,2026-03-07T01:56:00,Routine PM: Quarterly Point Machine Overhaul & Lubrication.,COMPLETED,124,T-202
HIST-05930,TASK-05973,2026-06-05T00:09:00,2026-06-05T02:10:00,Routine PM: Quarterly Point Machine Overhaul & Lubrication.,COMPLETED,121,T-302
HIST-05949,TASK-05992,2023-09-29T23:43:00,2023-09-30T01:42:00,Routine PM: Quarterly Point Machine Overhaul & Lubrication.,COMPLETED,119,T-302
HIST-05950,TASK-05993,2023-12-28T23:41:00,2023-12-29T01:36:00,Routine PM: Quarterly Point Machine Overhaul & Lubrication.,COMPLETED,115,T-302
HIST-05951,TASK-05994,2024-03-28T00:19:00,2024-03-28T02:19:00,Routine PM: Quarterly Point Machine Overhaul & Lubrication.,COMPLETED,120,T-202
HIST-05952,TASK-05995,2024-06-26T00:27:00,2024-06-26T02:23:00,Routine PM: Quarterly Point Machine Overhaul & Lubrication.,COMPLETED,116,T-202
HIST-05953,TASK-05996,2024-09-23T23:30:00,2024-09-24T01:25:00,Routine PM: Quarterly Point Machine Overhaul & Lubrication.,COMPLETED,115,T-201 (Signal Staff)
HIST-05954,TASK-05997,2024-12-22T23:41:00,2024-12-23T01:38:00,Routine PM: Quarterly Point Machine Overhaul & Lubrication.,COMPLETED,117,T-202
HIST-05955,TASK-05998,2025-03-23T00:04:00,2025-03-23T02:04:00,Routine PM: Quarterly Point Machine Overhaul & Lubrication.,COMPLETED,120,T-101 (Engineering Gang)
HIST-05956,TASK-05999,2025-06-21T00:01:00,2025-06-21T02:04:00,Routine PM: Quarterly Point Machine Overhaul & Lubrication.,COMPLETED,123,T-102
HIST-05957,TASK-06000,2025-09-19T00:08:00,2025-09-19T02:11:00,Routine PM: Quarterly Point Machine Overhaul & Lubrication.,COMPLETED,123,T-302
HIST-05958,TASK-06001,2025-12-17T23:57:00,2025-12-18T01:55:00,Routine PM: Quarterly Point Machine Overhaul & Lubrication.,COMPLETED,118,T-102
HIST-05959,TASK-06002,2026-03-18T00:20:00,2026-03-18T02:18:00,Routine PM: Quarterly Point Machine Overhaul & Lubrication.,COMPLETED,118,T-301 (OHE Gang)
HIST-05960,TASK-06003,2026-06-15T23:43:00,2026-06-16T01:43:00,Routine PM: Quarterly Point Machine Overhaul & Lubrication.,COMPLETED,120,T-202
HIST-05967,TASK-06010,2023-08-24T23:55:00,2023-08-25T01:49:00,Routine PM: Quarterly Point Machine Overhaul & Lubrication.,COMPLETED,114,T-202
HIST-05968,TASK-06011,2023-11-22T23:46:00,2023-11-23T01:48:00,Routine PM: Quarterly Point Machine Overhaul & Lubrication.,COMPLETED,122,T-102
HIST-05969,TASK-06012,2024-02-21T00:04:00,2024-02-21T02:06:00,Routine PM: Quarterly Point Machine Overhaul & Lubrication.,COMPLETED,122,T-101 (Engineering Gang)
HIST-05970,TASK-06013,2024-05-21T00:05:00,2024-05-21T02:00:00,Routine PM: Quarterly Point Machine Overhaul & Lubrication.,COMPLETED,115,T-201 (Signal Staff)
HIST-05971,TASK-06014,2024-08-18T23:43:00,2024-08-19T01:44:00,Routine PM: Quarterly Point Machine Overhaul & Lubrication.,COMPLETED,121,T-301 (OHE Gang)
HIST-05972,TASK-06015,2024-11-17T00:13:00,2024-11-17T02:10:00,Routine PM: Quarterly Point Machine Overhaul & Lubrication.,COMPLETED,117,T-202
HIST-05973,TASK-06016,2025-02-15T00:21:00,2025-02-15T02:18:00,Routine PM: Quarterly Point Machine Overhaul & Lubrication.,COMPLETED,117,T-102
HIST-05974,TASK-06017,2025-05-16T00:20:00,2025-05-16T02:23:00,Routine PM: Quarterly Point Machine Overhaul & Lubrication.,COMPLETED,123,T-301 (OHE Gang)
HIST-05975,TASK-06018,2025-08-14T00:04:00,2025-08-14T02:01:00,Routine PM: Quarterly Point Machine Overhaul & Lubrication.,COMPLETED,117,T-301 (OHE Gang)
HIST-05976,TASK-06019,2025-11-12T00:20:00,2025-11-12T02:21:00,Routine PM: Quarterly Point Machine Overhaul & Lubrication.,COMPLETED,121,T-202
HIST-05977,TASK-06020,2026-02-10T00:20:00,2026-02-10T02:24:00,Routine PM: Quarterly Point Machine Overhaul & Lubrication.,COMPLETED,124,T-301 (OHE Gang)
HIST-05978,TASK-06021,2026-05-10T23:49:00,2026-05-11T01:54:00,Routine PM: Quarterly Point Machine Overhaul & Lubrication.,COMPLETED,125,T-101 (Engineering Gang)
HIST-06000,TASK-06043,2023-10-26T23:37:00,2023-10-27T01:40:00,Routine PM: Quarterly Point Machine Overhaul & Lubrication.,COMPLETED,123,T-101 (Engineering Gang)
HIST-06001,TASK-06044,2024-01-25T00:18:00,2024-01-25T02:19:00,Routine PM: Quarterly Point Machine Overhaul & Lubrication.,COMPLETED,121,T-302
HIST-06002,TASK-06045,2024-04-24T00:07:00,2024-04-24T02:12:00,Routine PM: Quarterly Point Machine Overhaul & Lubrication.,COMPLETED,125,T-202
HIST-06003,TASK-06046,2024-07-23T00:29:00,2024-07-23T02:24:00,Routine PM: Quarterly Point Machine Overhaul & Lubrication.,COMPLETED,115,T-302
HIST-06004,TASK-06047,2024-10-21T00:06:00,2024-10-21T02:09:00,Routine PM: Quarterly Point Machine Overhaul & Lubrication.,COMPLETED,123,T-202
HIST-06005,TASK-06048,2025-01-19T00:23:00,2025-01-19T02:25:00,Routine PM: Quarterly Point Machine Overhaul & Lubrication.,COMPLETED,122,T-302
HIST-06006,TASK-06049,2025-04-18T23:50:00,2025-04-19T01:44:00,Routine PM: Quarterly Point Machine Overhaul & Lubrication.,COMPLETED,114,T-201 (Signal Staff)
HIST-06007,TASK-06050,2025-07-18T00:09:00,2025-07-18T02:09:00,Routine PM: Quarterly Point Machine Overhaul & Lubrication.,COMPLETED,120,T-202
HIST-06008,TASK-06051,2025-10-16T00:10:00,2025-10-16T02:15:00,Routine PM: Quarterly Point Machine Overhaul & Lubrication.,COMPLETED,125,T-301 (OHE Gang)
HIST-06009,TASK-06052,2026-01-13T23:30:00,2026-01-14T01:28:00,Routine PM: Quarterly Point Machine Overhaul & Lubrication.,COMPLETED,118,T-102
HIST-06010,TASK-06053,2026-04-14T00:02:00,2026-04-14T01:57:00,Routine PM: Quarterly Point Machine Overhaul & Lubrication.,COMPLETED,115,T-101 (Engineering Gang)
HIST-06011,TASK-06054,2026-07-13T00:13:00,2026-07-13T02:08:00,Routine PM: Quarterly Point Machine Overhaul & Lubrication.,COMPLETED,115,T-102
HIST-06018,TASK-06061,2023-09-14T00:22:00,2023-09-14T02:22:00,Routine PM: Quarterly Point Machine Overhaul & Lubrication.,COMPLETED,120,T-101 (Engineering Gang)
HIST-06019,TASK-06062,2023-12-13T00:27:00,2023-12-13T02:24:00,Routine PM: Quarterly Point Machine Overhaul & Lubrication.,COMPLETED,117,T-301 (OHE Gang)
HIST-06020,TASK-06063,2024-03-11T23:56:00,2024-03-12T02:00:00,Routine PM: Quarterly Point Machine Overhaul & Lubrication.,COMPLETED,124,T-301 (OHE Gang)
HIST-06021,TASK-06064,2024-06-09T23:35:00,2024-06-10T01:37:00,Routine PM: Quarterly Point Machine Overhaul & Lubrication.,COMPLETED,122,T-301 (OHE Gang)
HIST-06022,TASK-06065,2024-09-08T00:07:00,2024-09-08T02:08:00,Routine PM: Quarterly Point Machine Overhaul & Lubrication.,COMPLETED,121,T-301 (OHE Gang)
HIST-06023,TASK-06066,2024-12-06T23:43:00,2024-12-07T01:44:00,Routine PM: Quarterly Point Machine Overhaul & Lubrication.,COMPLETED,121,T-101 (Engineering Gang)
HIST-06024,TASK-06067,2025-03-06T23:48:00,2025-03-07T01:45:00,Routine PM: Quarterly Point Machine Overhaul & Lubrication.,COMPLETED,117,T-302
HIST-06025,TASK-06068,2025-06-04T23:43:00,2025-06-05T01:39:00,Routine PM: Quarterly Point Machine Overhaul & Lubrication.,COMPLETED,116,T-301 (OHE Gang)
HIST-06026,TASK-06069,2025-09-02T23:50:00,2025-09-03T01:47:00,Routine PM: Quarterly Point Machine Overhaul & Lubrication.,COMPLETED,117,T-301 (OHE Gang)
HIST-06027,TASK-06070,2025-12-02T00:21:00,2025-12-02T02:15:00,Routine PM: Quarterly Point Machine Overhaul & Lubrication.,COMPLETED,114,T-201 (Signal Staff)
HIST-06028,TASK-06071,2026-03-02T00:11:00,2026-03-02T02:06:00,Routine PM: Quarterly Point Machine Overhaul & Lubrication.,COMPLETED,115,T-101 (Engineering Gang)
HIST-06029,TASK-06072,2026-05-31T00:28:00,2026-05-31T02:29:00,Routine PM: Quarterly Point Machine Overhaul & Lubrication.,COMPLETED,121,T-302
HIST-06054,TASK-06097,2023-09-12T23:46:00,2023-09-13T01:48:00,Routine PM: Quarterly Point Machine Overhaul & Lubrication.,COMPLETED,122,T-201 (Signal Staff)
HIST-06055,TASK-06098,2023-12-11T23:57:00,2023-12-12T01:59:00,Routine PM: Quarterly Point Machine Overhaul & Lubrication.,COMPLETED,122,T-102
HIST-06056,TASK-06099,2024-03-10T23:57:00,2024-03-11T01:57:00,Routine PM: Quarterly Point Machine Overhaul & Lubrication.,COMPLETED,120,T-102
HIST-06057,TASK-06100,2024-06-08T23:33:00,2024-06-09T01:32:00,Routine PM: Quarterly Point Machine Overhaul & Lubrication.,COMPLETED,119,T-302
HIST-06058,TASK-06101,2024-09-06T23:51:00,2024-09-07T01:55:00,Routine PM: Quarterly Point Machine Overhaul & Lubrication.,COMPLETED,124,T-301 (OHE Gang)
HIST-06059,TASK-06102,2024-12-05T23:48:00,2024-12-06T01:42:00,Routine PM: Quarterly Point Machine Overhaul & Lubrication.,COMPLETED,114,T-302
HIST-06060,TASK-06103,2025-03-05T23:35:00,2025-03-06T01:32:00,Routine PM: Quarterly Point Machine Overhaul & Lubrication.,COMPLETED,117,T-201 (Signal Staff)
HIST-06061,TASK-06104,2025-06-03T23:41:00,2025-06-04T01:36:00,Routine PM: Quarterly Point Machine Overhaul & Lubrication.,COMPLETED,115,T-202
HIST-06062,TASK-06105,2025-09-02T00:16:00,2025-09-02T02:13:00,Routine PM: Quarterly Point Machine Overhaul & Lubrication.,COMPLETED,117,T-301 (OHE Gang)
HIST-06063,TASK-06106,2025-12-01T00:30:00,2025-12-01T02:35:00,Routine PM: Quarterly Point Machine Overhaul & Lubrication.,COMPLETED,125,T-302
HIST-06064,TASK-06107,2026-03-01T00:01:00,2026-03-01T01:57:00,Routine PM: Quarterly Point Machine Overhaul & Lubrication.,COMPLETED,116,T-301 (OHE Gang)
HIST-06065,TASK-06108,2026-05-29T23:53:00,2026-05-30T01:50:00,Routine PM: Quarterly Point Machine Overhaul & Lubrication.,COMPLETED,117,T-201 (Signal Staff)
HIST-06126,TASK-06169,2023-09-11T00:13:00,2023-09-11T02:12:00,Routine PM: Quarterly Point Machine Overhaul & Lubrication.,COMPLETED,119,T-102
HIST-06127,TASK-06170,2023-12-09T23:48:00,2023-12-10T01:44:00,Routine PM: Quarterly Point Machine Overhaul & Lubrication.,COMPLETED,116,T-101 (Engineering Gang)
HIST-06128,TASK-06171,2024-03-09T00:11:00,2024-03-09T02:16:00,Routine PM: Quarterly Point Machine Overhaul & Lubrication.,COMPLETED,125,T-101 (Engineering Gang)
HIST-06129,TASK-06172,2024-06-06T23:36:00,2024-06-07T01:41:00,Routine PM: Quarterly Point Machine Overhaul & Lubrication.,COMPLETED,125,T-202
HIST-06130,TASK-06173,2024-09-04T23:53:00,2024-09-05T01:54:00,Routine PM: Quarterly Point Machine Overhaul & Lubrication.,COMPLETED,121,T-301 (OHE Gang)
HIST-06131,TASK-06174,2024-12-04T00:26:00,2024-12-04T02:21:00,Routine PM: Quarterly Point Machine Overhaul & Lubrication.,COMPLETED,115,T-101 (Engineering Gang)
HIST-06132,TASK-06175,2025-03-04T00:27:00,2025-03-04T02:26:00,Routine PM: Quarterly Point Machine Overhaul & Lubrication.,COMPLETED,119,T-102
HIST-06133,TASK-06176,2025-06-02T00:03:00,2025-06-02T02:02:00,Routine PM: Quarterly Point Machine Overhaul & Lubrication.,COMPLETED,119,T-102
HIST-06134,TASK-06177,2025-08-31T00:05:00,2025-08-31T02:00:00,Routine PM: Quarterly Point Machine Overhaul & Lubrication.,COMPLETED,115,T-102
HIST-06135,TASK-06178,2025-11-29T00:10:00,2025-11-29T02:06:00,Routine PM: Quarterly Point Machine Overhaul & Lubrication.,COMPLETED,116,T-302
HIST-06136,TASK-06179,2026-02-27T00:17:00,2026-02-27T02:13:00,Routine PM: Quarterly Point Machine Overhaul & Lubrication.,COMPLETED,116,T-301 (OHE Gang)
HIST-06137,TASK-06180,2026-05-27T23:35:00,2026-05-28T01:29:00,Routine PM: Quarterly Point Machine Overhaul & Lubrication.,COMPLETED,114,T-101 (Engineering Gang)
HIST-06138,TASK-06181,2023-08-18T23:40:00,2023-08-19T01:41:00,Routine PM: Quarterly Point Machine Overhaul & Lubrication.,COMPLETED,121,T-202
HIST-06139,TASK-06182,2023-11-17T00:03:00,2023-11-17T01:59:00,Routine PM: Quarterly Point Machine Overhaul & Lubrication.,COMPLETED,116,T-101 (Engineering Gang)
HIST-06140,TASK-06183,2024-02-15T00:20:00,2024-02-15T02:17:00,Routine PM: Quarterly Point Machine Overhaul & Lubrication.,COMPLETED,117,T-302
HIST-06141,TASK-06184,2024-05-15T00:19:00,2024-05-15T02:13:00,Routine PM: Quarterly Point Machine Overhaul & Lubrication.,COMPLETED,114,T-101 (Engineering Gang)
HIST-06142,TASK-06185,2024-08-12T23:33:00,2024-08-13T01:28:00,Routine PM: Quarterly Point Machine Overhaul & Lubrication.,COMPLETED,115,T-302
HIST-06143,TASK-06186,2024-11-10T23:38:00,2024-11-11T01:32:00,Routine PM: Quarterly Point Machine Overhaul & Lubrication.,COMPLETED,114,T-101 (Engineering Gang)
HIST-06144,TASK-06187,2025-02-09T00:11:00,2025-02-09T02:10:00,Routine PM: Quarterly Point Machine Overhaul & Lubrication.,COMPLETED,119,T-301 (OHE Gang)
HIST-06145,TASK-06188,2025-05-09T23:59:00,2025-05-10T01:56:00,Routine PM: Quarterly Point Machine Overhaul & Lubrication.,COMPLETED,117,T-202
HIST-06146,TASK-06189,2025-08-07T23:35:00,2025-08-08T01:40:00,Routine PM: Quarterly Point Machine Overhaul & Lubrication.,COMPLETED,125,T-302
HIST-06147,TASK-06190,2025-11-06T00:00:00,2025-11-06T02:00:00,Routine PM: Quarterly Point Machine Overhaul & Lubrication.,COMPLETED,120,T-101 (Engineering Gang)
HIST-06148,TASK-06191,2026-02-04T00:07:00,2026-02-04T02:11:00,Routine PM: Quarterly Point Machine Overhaul & Lubrication.,COMPLETED,124,T-301 (OHE Gang)
HIST-06149,TASK-06192,2026-05-05T00:26:00,2026-05-05T02:21:00,Routine PM: Quarterly Point Machine Overhaul & Lubrication.,COMPLETED,115,T-202
HIST-06156,TASK-06199,2023-10-11T23:47:00,2023-10-12T01:49:00,Routine PM: Quarterly Point Machine Overhaul & Lubrication.,COMPLETED,122,T-102
HIST-06157,TASK-06200,2024-01-10T00:14:00,2024-01-10T02:11:00,Routine PM: Quarterly Point Machine Overhaul & Lubrication.,COMPLETED,117,T-301 (OHE Gang)
HIST-06158,TASK-06201,2024-04-08T23:47:00,2024-04-09T01:43:00,Routine PM: Quarterly Point Machine Overhaul & Lubrication.,COMPLETED,116,T-301 (OHE Gang)
HIST-06159,TASK-06202,2024-07-08T00:13:00,2024-07-08T02:12:00,Routine PM: Quarterly Point Machine Overhaul & Lubrication.,COMPLETED,119,T-201 (Signal Staff)
HIST-06160,TASK-06203,2024-10-05T23:54:00,2024-10-06T01:55:00,Routine PM: Quarterly Point Machine Overhaul & Lubrication.,COMPLETED,121,T-101 (Engineering Gang)
HIST-06161,TASK-06204,2025-01-04T00:10:00,2025-01-04T02:07:00,Routine PM: Quarterly Point Machine Overhaul & Lubrication.,COMPLETED,117,T-302
HIST-06162,TASK-06205,2025-04-03T23:48:00,2025-04-04T01:46:00,Routine PM: Quarterly Point Machine Overhaul & Lubrication.,COMPLETED,118,T-102
HIST-06163,TASK-06206,2025-07-03T00:08:00,2025-07-03T02:09:00,Routine PM: Quarterly Point Machine Overhaul & Lubrication.,COMPLETED,121,T-101 (Engineering Gang)
HIST-06164,TASK-06207,2025-10-01T00:00:00,2025-10-01T02:03:00,Routine PM: Quarterly Point Machine Overhaul & Lubrication.,COMPLETED,123,T-201 (Signal Staff)
HIST-06165,TASK-06208,2025-12-30T00:06:00,2025-12-30T02:05:00,Routine PM: Quarterly Point Machine Overhaul & Lubrication.,COMPLETED,119,T-201 (Signal Staff)
HIST-06166,TASK-06209,2026-03-30T00:20:00,2026-03-30T02:23:00,Routine PM: Quarterly Point Machine Overhaul & Lubrication.,COMPLETED,123,T-201 (Signal Staff)
HIST-06167,TASK-06210,2026-06-28T00:14:00,2026-06-28T02:09:00,Routine PM: Quarterly Point Machine Overhaul & Lubrication.,COMPLETED,115,T-202
HIST-06168,TASK-06211,2023-10-10T23:31:00,2023-10-11T01:31:00,Routine PM: Quarterly Point Machine Overhaul & Lubrication.,COMPLETED,120,T-102
HIST-06169,TASK-06212,2024-01-09T00:30:00,2024-01-09T02:32:00,Routine PM: Quarterly Point Machine Overhaul & Lubrication.,COMPLETED,122,T-201 (Signal Staff)
HIST-06170,TASK-06213,2024-04-08T00:22:00,2024-04-08T02:27:00,Routine PM: Quarterly Point Machine Overhaul & Lubrication.,COMPLETED,125,T-302
HIST-06171,TASK-06214,2024-07-06T23:47:00,2024-07-07T01:45:00,Routine PM: Quarterly Point Machine Overhaul & Lubrication.,COMPLETED,118,T-202
HIST-06172,TASK-06215,2024-10-04T23:58:00,2024-10-05T02:03:00,Routine PM: Quarterly Point Machine Overhaul & Lubrication.,COMPLETED,125,T-101 (Engineering Gang)
HIST-06173,TASK-06216,2025-01-03T00:05:00,2025-01-03T02:01:00,Routine PM: Quarterly Point Machine Overhaul & Lubrication.,COMPLETED,116,T-302
HIST-06174,TASK-06217,2025-04-02T23:31:00,2025-04-03T01:33:00,Routine PM: Quarterly Point Machine Overhaul & Lubrication.,COMPLETED,122,T-202
HIST-06175,TASK-06218,2025-07-02T00:16:00,2025-07-02T02:21:00,Routine PM: Quarterly Point Machine Overhaul & Lubrication.,COMPLETED,125,T-102
HIST-06176,TASK-06219,2025-09-30T00:14:00,2025-09-30T02:18:00,Routine PM: Quarterly Point Machine Overhaul & Lubrication.,COMPLETED,124,T-202
HIST-06177,TASK-06220,2025-12-28T23:32:00,2025-12-29T01:37:00,Routine PM: Quarterly Point Machine Overhaul & Lubrication.,COMPLETED,125,T-202
HIST-06178,TASK-06221,2026-03-28T23:49:00,2026-03-29T01:46:00,Routine PM: Quarterly Point Machine Overhaul & Lubrication.,COMPLETED,117,T-201 (Signal Staff)
HIST-06179,TASK-06222,2026-06-26T23:58:00,2026-06-27T01:58:00,Routine PM: Quarterly Point Machine Overhaul & Lubrication.,COMPLETED,120,T-102
HIST-06189,TASK-06232,2023-08-18T00:27:00,2023-08-18T02:27:00,Routine PM: Quarterly Point Machine Overhaul & Lubrication.,COMPLETED,120,T-201 (Signal Staff)
HIST-06190,TASK-06233,2023-11-15T23:45:00,2023-11-16T01:47:00,Routine PM: Quarterly Point Machine Overhaul & Lubrication.,COMPLETED,122,T-201 (Signal Staff)
HIST-06191,TASK-06234,2024-02-13T23:30:00,2024-02-14T01:35:00,Routine PM: Quarterly Point Machine Overhaul & Lubrication.,COMPLETED,125,T-101 (Engineering Gang)
HIST-06192,TASK-06235,2024-05-13T23:30:00,2024-05-14T01:32:00,Routine PM: Quarterly Point Machine Overhaul & Lubrication.,COMPLETED,122,T-201 (Signal Staff)
HIST-06193,TASK-06236,2024-08-12T00:08:00,2024-08-12T02:07:00,Routine PM: Quarterly Point Machine Overhaul & Lubrication.,COMPLETED,119,T-101 (Engineering Gang)
HIST-06194,TASK-06237,2024-11-09T23:56:00,2024-11-10T01:57:00,Routine PM: Quarterly Point Machine Overhaul & Lubrication.,COMPLETED,121,T-302
HIST-06195,TASK-06238,2025-02-08T00:20:00,2025-02-08T02:20:00,Routine PM: Quarterly Point Machine Overhaul & Lubrication.,COMPLETED,120,T-302
HIST-06196,TASK-06239,2025-05-08T23:47:00,2025-05-09T01:46:00,Routine PM: Quarterly Point Machine Overhaul & Lubrication.,COMPLETED,119,T-302
HIST-06197,TASK-06240,2025-08-06T23:50:00,2025-08-07T01:46:00,Routine PM: Quarterly Point Machine Overhaul & Lubrication.,COMPLETED,116,T-202
HIST-06198,TASK-06241,2025-11-04T23:39:00,2025-11-05T01:34:00,Routine PM: Quarterly Point Machine Overhaul & Lubrication.,COMPLETED,115,T-201 (Signal Staff)
HIST-06199,TASK-06242,2026-02-02T23:37:00,2026-02-03T01:32:00,Routine PM: Quarterly Point Machine Overhaul & Lubrication.,COMPLETED,115,T-202
HIST-06200,TASK-06243,2026-05-03T23:36:00,2026-05-04T01:34:00,Routine PM: Quarterly Point Machine Overhaul & Lubrication.,COMPLETED,118,T-101 (Engineering Gang)
HIST-00007,TASK-00007,2025-01-29T01:06:00,2025-01-29T04:52:00,Rectified defect: OHE Mast Tilt Out of Alignment. Restored parameter to nominal bounds.,COMPLETED,226,T-302
HIST-00036,TASK-00040,2024-03-19T23:52:00,2024-03-20T02:06:00,Rectified defect: Contact Wire Thickness Under Min Limit. Restored parameter to nominal bounds.,COMPLETED,134,T-102
HIST-00037,TASK-00041,2025-11-16T10:14:00,2025-11-16T14:09:00,Rectified defect: Contact Wire Thickness Under Min Limit. Restored parameter to nominal bounds.,COMPLETED,235,T-101 (Engineering Gang)
HIST-00048,TASK-00052,2026-04-22T05:54:00,2026-04-22T10:18:00,Rectified defect: OHE Mast Tilt Out of Alignment. Restored parameter to nominal bounds.,COMPLETED,264,T-101 (Engineering Gang)
HIST-00054,TASK-00058,2025-08-12T07:07:00,2025-08-12T11:07:00,Rectified deferred defect: Contact Wire Thickness Under Min Limit.,COMPLETED,240,T-101 (Engineering Gang)
HIST-00053,TASK-00057,2025-08-02T07:00:00,2025-08-02T07:00:00,Task deferred: Scheduled window could not be granted due to traffic overhead.,DEFERRED,0,T-101 (Engineering Gang)
HIST-00056,TASK-00060,2024-07-04T03:47:00,2024-07-04T07:29:00,Rectified defect: OHE Mast Tilt Out of Alignment. Restored parameter to nominal bounds.,COMPLETED,222,T-101 (Engineering Gang)
HIST-00057,TASK-00061,2025-11-19T00:59:00,2025-11-19T04:40:00,Rectified defect: Contact Wire Thickness Under Min Limit. Restored parameter to nominal bounds.,COMPLETED,221,T-201 (Signal Staff)
HIST-00074,TASK-00080,2024-12-21T00:56:00,2024-12-21T02:45:00,Rectified defect: Contact Wire Thickness Under Min Limit. Restored parameter to nominal bounds.,COMPLETED,109,T-201 (Signal Staff)
HIST-00121,TASK-00131,2024-04-25T07:29:00,2024-04-25T11:25:00,Rectified defect: REPETITIVE: OHE Mast Tilt Out of Alignment. Restored parameter to nominal bounds.,COMPLETED,236,T-302
HIST-00122,TASK-00132,2026-06-20T23:49:00,2026-06-21T02:16:00,Rectified defect: Contact Wire Thickness Under Min Limit. Restored parameter to nominal bounds.,COMPLETED,147,T-202
HIST-00134,TASK-00144,2024-07-16T00:52:00,2024-07-16T03:09:00,Rectified defect: Contact Wire Thickness Under Min Limit. Restored parameter to nominal bounds.,COMPLETED,137,T-301 (OHE Gang)
HIST-00140,TASK-00150,2024-08-23T06:37:00,2024-08-23T10:35:00,Rectified defect: Contact Wire Thickness Under Min Limit. Restored parameter to nominal bounds.,COMPLETED,238,T-302
HIST-00148,TASK-00158,2023-08-05T03:00:00,2023-08-05T07:39:00,Rectified defect: OHE Mast Tilt Out of Alignment. Restored parameter to nominal bounds.,COMPLETED,279,T-202
HIST-00149,TASK-00159,2025-11-28T00:18:00,2025-11-28T02:10:00,Rectified defect: OHE Mast Tilt Out of Alignment. Restored parameter to nominal bounds.,COMPLETED,112,T-202
HIST-00168,TASK-00179,2025-08-11T03:18:00,2025-08-11T07:45:00,Rectified defect: OHE Mast Tilt Out of Alignment. Restored parameter to nominal bounds.,COMPLETED,267,T-302
HIST-00171,TASK-00182,2025-03-16T00:35:00,2025-03-16T02:31:00,Rectified defect: Contact Wire Thickness Under Min Limit. Restored parameter to nominal bounds.,COMPLETED,116,T-202
HIST-00179,TASK-00190,2025-07-07T06:53:00,2025-07-07T11:31:00,Rectified defect: OHE Mast Tilt Out of Alignment. Restored parameter to nominal bounds.,COMPLETED,278,T-201 (Signal Staff)
HIST-00182,TASK-00193,2023-10-23T23:47:00,2023-10-24T02:06:00,Rectified defect: Contact Wire Thickness Under Min Limit. Restored parameter to nominal bounds.,COMPLETED,139,T-301 (OHE Gang)
HIST-00195,TASK-00206,2025-08-20T10:12:00,2025-08-20T14:26:00,Rectified defect: OHE Mast Tilt Out of Alignment. Restored parameter to nominal bounds.,COMPLETED,254,T-301 (OHE Gang)
HIST-00197,TASK-00208,2025-05-21T00:14:00,2025-05-21T02:29:00,Rectified defect: OHE Mast Tilt Out of Alignment. Restored parameter to nominal bounds.,COMPLETED,135,T-301 (OHE Gang)
HIST-00206,TASK-00217,2023-09-29T02:03:00,2023-09-29T06:03:00,Rectified deferred defect: OHE Mast Tilt Out of Alignment.,COMPLETED,240,T-301 (OHE Gang)
HIST-00205,TASK-00216,2023-09-23T02:00:00,2023-09-23T02:00:00,Task deferred: Scheduled window could not be granted due to traffic overhead.,DEFERRED,0,T-301 (OHE Gang)
HIST-00207,TASK-00218,2025-09-12T12:00:00,2025-09-12T15:44:00,Rectified defect: OHE Mast Tilt Out of Alignment. Restored parameter to nominal bounds.,COMPLETED,224,T-202
HIST-00227,TASK-00238,2024-07-11T23:53:00,2024-07-12T02:04:00,Rectified defect: Contact Wire Thickness Under Min Limit. Restored parameter to nominal bounds.,COMPLETED,131,T-302
HIST-00232,TASK-00243,2025-06-15T01:14:00,2025-06-15T06:09:00,Rectified defect: Contact Wire Thickness Under Min Limit. Restored parameter to nominal bounds.,COMPLETED,295,T-201 (Signal Staff)
HIST-00233,TASK-00244,2025-12-18T23:53:00,2025-12-19T01:42:00,Rectified defect: Contact Wire Thickness Under Min Limit. Restored parameter to nominal bounds.,COMPLETED,109,T-202
HIST-00236,TASK-00247,2026-01-16T00:17:00,2026-01-16T02:24:00,Rectified defect: OHE Mast Tilt Out of Alignment. Restored parameter to nominal bounds.,COMPLETED,127,T-101 (Engineering Gang)
HIST-00237,TASK-00248,2026-05-13T01:00:00,2026-05-13T03:26:00,Rectified defect: Contact Wire Thickness Under Min Limit. Restored parameter to nominal bounds.,COMPLETED,146,T-302
HIST-00262,TASK-00274,2024-04-21T00:40:00,2024-04-21T02:30:00,Rectified defect: OHE Mast Tilt Out of Alignment. Restored parameter to nominal bounds.,COMPLETED,110,T-101 (Engineering Gang)
HIST-00263,TASK-00275,2026-02-12T00:01:00,2026-02-12T02:28:00,Rectified defect: OHE Mast Tilt Out of Alignment. Restored parameter to nominal bounds.,COMPLETED,147,T-302
HIST-00269,TASK-00281,2024-04-19T03:33:00,2024-04-19T08:32:00,Rectified defect: OHE Mast Tilt Out of Alignment. Restored parameter to nominal bounds.,COMPLETED,299,T-301 (OHE Gang)
HIST-00271,TASK-00283,2025-02-19T00:11:00,2025-02-19T02:11:00,Rectified deferred defect: Contact Wire Thickness Under Min Limit.,COMPLETED,120,T-101 (Engineering Gang)
HIST-00270,TASK-00282,2025-02-16T00:00:00,2025-02-16T00:00:00,Task deferred: Scheduled window could not be granted due to traffic overhead.,DEFERRED,0,T-202
HIST-00277,TASK-00289,2025-02-07T00:03:00,2025-02-07T01:55:00,Rectified defect: OHE Mast Tilt Out of Alignment. Restored parameter to nominal bounds.,COMPLETED,112,T-302
HIST-00278,TASK-00290,2025-09-29T05:16:00,2025-09-29T09:55:00,Rectified defect: Contact Wire Thickness Under Min Limit. Restored parameter to nominal bounds.,COMPLETED,279,T-302
HIST-00297,TASK-00309,2024-11-02T04:43:00,2024-11-02T08:38:00,Rectified defect: Contact Wire Thickness Under Min Limit. Restored parameter to nominal bounds.,COMPLETED,235,T-201 (Signal Staff)
HIST-00298,TASK-00310,2025-08-29T02:05:00,2025-08-29T05:41:00,Rectified defect: Contact Wire Thickness Under Min Limit. Restored parameter to nominal bounds.,COMPLETED,216,T-101 (Engineering Gang)
HIST-00302,TASK-00314,2023-08-27T11:57:00,2023-08-27T15:45:00,Rectified defect: OHE Mast Tilt Out of Alignment. Restored parameter to nominal bounds.,COMPLETED,228,T-101 (Engineering Gang)
HIST-00314,TASK-00327,2024-08-08T06:46:00,2024-08-08T10:41:00,Rectified defect: Contact Wire Thickness Under Min Limit. Restored parameter to nominal bounds.,COMPLETED,235,T-102
HIST-00316,TASK-00329,2025-06-18T00:10:00,2025-06-18T02:10:00,Rectified deferred defect: OHE Mast Tilt Out of Alignment.,COMPLETED,120,T-301 (OHE Gang)
HIST-00315,TASK-00328,2025-06-11T00:00:00,2025-06-11T00:00:00,Task deferred: Scheduled window could not be granted due to traffic overhead.,DEFERRED,0,T-101 (Engineering Gang)
HIST-00330,TASK-00345,2026-05-15T00:22:00,2026-05-15T02:17:00,Rectified defect: Contact Wire Thickness Under Min Limit. Restored parameter to nominal bounds.,COMPLETED,115,T-102
HIST-00376,TASK-00391,2024-07-20T06:00:00,2024-07-20T09:48:00,Rectified defect: Contact Wire Thickness Under Min Limit. Restored parameter to nominal bounds.,COMPLETED,228,T-201 (Signal Staff)
HIST-00377,TASK-00392,2025-11-12T05:40:00,2025-11-12T09:57:00,Rectified defect: OHE Mast Tilt Out of Alignment. Restored parameter to nominal bounds.,COMPLETED,257,T-301 (OHE Gang)
HIST-00390,TASK-00405,2024-05-05T08:52:00,2024-05-05T13:08:00,Rectified defect: OHE Mast Tilt Out of Alignment. Restored parameter to nominal bounds.,COMPLETED,256,T-301 (OHE Gang)
HIST-00391,TASK-00406,2026-02-27T23:59:00,2026-02-28T01:58:00,Rectified defect: Contact Wire Thickness Under Min Limit. Restored parameter to nominal bounds.,COMPLETED,119,T-102
HIST-00394,TASK-00409,2023-09-23T00:13:00,2023-09-23T02:31:00,Rectified defect: OHE Mast Tilt Out of Alignment. Restored parameter to nominal bounds.,COMPLETED,138,T-201 (Signal Staff)
HIST-00396,TASK-00411,2025-11-18T00:19:00,2025-11-18T02:19:00,Rectified deferred defect: Contact Wire Thickness Under Min Limit.,COMPLETED,120,T-201 (Signal Staff)
HIST-00395,TASK-00410,2025-11-15T00:00:00,2025-11-15T00:00:00,Task deferred: Scheduled window could not be granted due to traffic overhead.,DEFERRED,0,T-201 (Signal Staff)
HIST-00402,TASK-00417,2024-07-10T00:14:00,2024-07-10T02:13:00,Rectified defect: Contact Wire Thickness Under Min Limit. Restored parameter to nominal bounds.,COMPLETED,119,T-301 (OHE Gang)
HIST-00411,TASK-00426,2023-12-19T00:02:00,2023-12-19T02:10:00,Rectified defect: OHE Mast Tilt Out of Alignment. Restored parameter to nominal bounds.,COMPLETED,128,T-201 (Signal Staff)
HIST-00415,TASK-00431,2024-04-27T00:54:00,2024-04-27T02:56:00,Rectified defect: Contact Wire Thickness Under Min Limit. Restored parameter to nominal bounds.,COMPLETED,122,T-102
HIST-00419,TASK-00435,2024-05-23T07:56:00,2024-05-23T12:32:00,Rectified defect: OHE Mast Tilt Out of Alignment. Restored parameter to nominal bounds.,COMPLETED,276,T-302
HIST-00421,TASK-00437,2025-05-31T00:12:00,2025-05-31T02:12:00,Rectified deferred defect: Contact Wire Thickness Under Min Limit.,COMPLETED,120,T-302
HIST-00420,TASK-00436,2025-05-25T00:00:00,2025-05-25T00:00:00,Task deferred: Scheduled window could not be granted due to traffic overhead.,DEFERRED,0,T-301 (OHE Gang)
HIST-00426,TASK-00442,2024-11-07T00:48:00,2024-11-07T03:07:00,Rectified defect: OHE Mast Tilt Out of Alignment. Restored parameter to nominal bounds.,COMPLETED,139,T-202
HIST-00462,TASK-00479,2026-06-22T07:12:00,2026-06-22T11:12:00,Rectified deferred defect: Contact Wire Thickness Under Min Limit.,COMPLETED,240,T-102
HIST-00461,TASK-00478,2026-06-13T07:00:00,2026-06-13T07:00:00,Task deferred: Scheduled window could not be granted due to traffic overhead.,DEFERRED,0,T-201 (Signal Staff)
HIST-00484,TASK-00503,2023-11-13T03:06:00,2023-11-13T07:06:00,Rectified deferred defect: OHE Mast Tilt Out of Alignment.,COMPLETED,240,T-201 (Signal Staff)
HIST-00483,TASK-00502,2023-11-07T03:00:00,2023-11-07T03:00:00,Task deferred: Scheduled window could not be granted due to traffic overhead.,DEFERRED,0,T-102
HIST-00502,TASK-00523,2025-07-22T00:12:00,2025-07-22T02:12:00,Rectified deferred defect: OHE Mast Tilt Out of Alignment.,COMPLETED,120,T-201 (Signal Staff)
HIST-00501,TASK-00522,2025-07-16T00:00:00,2025-07-16T00:00:00,Task deferred: Scheduled window could not be granted due to traffic overhead.,DEFERRED,0,T-302
HIST-00505,TASK-00527,2024-12-04T01:00:00,2024-12-04T03:14:00,Rectified defect: Contact Wire Thickness Under Min Limit. Restored parameter to nominal bounds.,COMPLETED,134,T-202
HIST-00506,TASK-00528,2026-05-28T23:45:00,2026-05-29T02:12:00,Rectified defect: Contact Wire Thickness Under Min Limit. Restored parameter to nominal bounds.,COMPLETED,147,T-301 (OHE Gang)
HIST-00515,TASK-00539,2025-04-27T00:27:00,2025-04-27T02:29:00,Rectified defect: OHE Mast Tilt Out of Alignment. Restored parameter to nominal bounds.,COMPLETED,122,T-102
HIST-00516,TASK-00540,2026-06-20T00:03:00,2026-06-20T02:17:00,Rectified defect: REPETITIVE: OHE Mast Tilt Out of Alignment. Restored parameter to nominal bounds.,COMPLETED,134,T-301 (OHE Gang)
HIST-00532,TASK-00556,2025-09-16T00:21:00,2025-09-16T02:21:00,Rectified deferred defect: Contact Wire Thickness Under Min Limit.,COMPLETED,120,T-302
HIST-00531,TASK-00555,2025-09-08T00:00:00,2025-09-08T00:00:00,Task deferred: Scheduled window could not be granted due to traffic overhead.,DEFERRED,0,T-302
HIST-00540,TASK-00564,2024-10-20T00:41:00,2024-10-20T02:33:00,Rectified defect: OHE Mast Tilt Out of Alignment. Restored parameter to nominal bounds.,COMPLETED,112,T-102
HIST-00544,TASK-00568,2024-10-08T00:08:00,2024-10-08T02:08:00,Rectified deferred defect: OHE Mast Tilt Out of Alignment.,COMPLETED,120,T-302
HIST-00543,TASK-00567,2024-10-01T00:00:00,2024-10-01T00:00:00,Task deferred: Scheduled window could not be granted due to traffic overhead.,DEFERRED,0,T-202
HIST-00545,TASK-00569,2026-01-21T05:53:00,2026-01-21T09:40:00,Rectified defect: OHE Mast Tilt Out of Alignment. Restored parameter to nominal bounds.,COMPLETED,227,T-102
HIST-00576,TASK-00600,2023-08-04T10:40:00,2023-08-04T14:48:00,Rectified defect: Contact Wire Thickness Under Min Limit. Restored parameter to nominal bounds.,COMPLETED,248,T-302
HIST-00577,TASK-00601,2024-04-05T00:51:00,2024-04-05T03:03:00,Rectified defect: Contact Wire Thickness Under Min Limit. Restored parameter to nominal bounds.,COMPLETED,132,T-301 (OHE Gang)
HIST-00589,TASK-00613,2024-02-29T00:56:00,2024-02-29T03:08:00,Rectified defect: OHE Mast Tilt Out of Alignment. Restored parameter to nominal bounds.,COMPLETED,132,T-201 (Signal Staff)
HIST-00600,TASK-00624,2025-03-18T05:27:00,2025-03-18T09:27:00,Rectified deferred defect: REPETITIVE: OHE Mast Tilt Out of Alignment.,COMPLETED,240,T-302
HIST-00599,TASK-00623,2025-03-15T05:00:00,2025-03-15T05:00:00,Task deferred: Scheduled window could not be granted due to traffic overhead.,DEFERRED,0,T-102
HIST-00601,TASK-00625,2026-05-30T00:45:00,2026-05-30T03:12:00,Rectified defect: Contact Wire Thickness Under Min Limit. Restored parameter to nominal bounds.,COMPLETED,147,T-101 (Engineering Gang)
HIST-00602,TASK-00626,2025-06-01T23:55:00,2025-06-02T02:21:00,Rectified defect: Contact Wire Thickness Under Min Limit. Restored parameter to nominal bounds.,COMPLETED,146,T-102
HIST-00604,TASK-00628,2026-06-05T07:03:00,2026-06-05T11:03:00,Rectified deferred defect: Contact Wire Thickness Under Min Limit.,COMPLETED,240,T-102
HIST-00603,TASK-00627,2026-05-26T07:00:00,2026-05-26T07:00:00,Task deferred: Scheduled window could not be granted due to traffic overhead.,DEFERRED,0,T-202
HIST-00607,TASK-00631,2026-03-28T00:13:00,2026-03-28T02:42:00,Rectified defect: Contact Wire Thickness Under Min Limit. Restored parameter to nominal bounds.,COMPLETED,149,T-102
HIST-00608,TASK-00632,2025-03-09T00:33:00,2025-03-09T02:52:00,Rectified defect: OHE Mast Tilt Out of Alignment. Restored parameter to nominal bounds.,COMPLETED,139,T-102
HIST-00621,TASK-00646,2023-09-09T05:45:00,2023-09-09T10:32:00,Rectified defect: Contact Wire Thickness Under Min Limit. Restored parameter to nominal bounds.,COMPLETED,287,T-201 (Signal Staff)
HIST-00633,TASK-00659,2023-11-22T23:47:00,2023-11-23T00:49:00,Rectified defect: OHE Mast Tilt Out of Alignment. Restored parameter to nominal bounds.,COMPLETED,62,T-102
HIST-00634,TASK-00660,2024-03-07T23:57:00,2024-03-08T01:58:00,Rectified defect: Contact Wire Thickness Under Min Limit. Restored parameter to nominal bounds.,COMPLETED,121,T-302
HIST-00636,TASK-00662,2024-12-23T00:22:00,2024-12-23T02:22:00,Rectified deferred defect: OHE Mast Tilt Out of Alignment.,COMPLETED,120,T-202
HIST-00635,TASK-00661,2024-12-21T00:00:00,2024-12-21T00:00:00,Task deferred: Scheduled window could not be granted due to traffic overhead.,DEFERRED,0,T-202
HIST-00637,TASK-00663,2026-06-11T23:56:00,2026-06-12T01:48:00,Rectified defect: Contact Wire Thickness Under Min Limit. Restored parameter to nominal bounds.,COMPLETED,112,T-201 (Signal Staff)
HIST-00645,TASK-00673,2026-06-25T00:20:00,2026-06-25T02:20:00,Rectified deferred defect: Contact Wire Thickness Under Min Limit.,COMPLETED,120,T-302
HIST-00644,TASK-00672,2026-06-20T00:00:00,2026-06-20T00:00:00,Task deferred: Scheduled window could not be granted due to traffic overhead.,DEFERRED,0,T-202
HIST-00655,TASK-00684,2026-03-06T00:16:00,2026-03-06T02:17:00,Rectified defect: Contact Wire Thickness Under Min Limit. Restored parameter to nominal bounds.,COMPLETED,121,T-102
HIST-00673,TASK-00703,2025-06-07T23:55:00,2025-06-08T02:00:00,Rectified defect: REPETITIVE: Contact Wire Thickness Under Min Limit. Restored parameter to nominal bounds.,COMPLETED,125,T-301 (OHE Gang)
HIST-00674,TASK-00704,2025-03-06T12:28:00,2025-03-06T16:41:00,Rectified defect: Contact Wire Thickness Under Min Limit. Restored parameter to nominal bounds.,COMPLETED,253,T-101 (Engineering Gang)
HIST-00681,TASK-00711,2025-11-05T11:12:00,2025-11-05T15:44:00,Rectified defect: Contact Wire Thickness Under Min Limit. Restored parameter to nominal bounds.,COMPLETED,272,T-101 (Engineering Gang)
HIST-00683,TASK-00713,2026-01-11T10:25:00,2026-01-11T14:25:00,Rectified deferred defect: OHE Mast Tilt Out of Alignment.,COMPLETED,240,T-301 (OHE Gang)
HIST-00682,TASK-00712,2026-01-04T10:00:00,2026-01-04T10:00:00,Task deferred: Scheduled window could not be granted due to traffic overhead.,DEFERRED,0,T-102
HIST-00684,TASK-00714,2025-02-05T00:40:00,2025-02-05T03:00:00,Rectified defect: Contact Wire Thickness Under Min Limit. Restored parameter to nominal bounds.,COMPLETED,140,T-302
HIST-00685,TASK-00715,2025-11-28T04:33:00,2025-11-28T08:27:00,Rectified defect: OHE Mast Tilt Out of Alignment. Restored parameter to nominal bounds.,COMPLETED,234,T-302
HIST-00697,TASK-00727,2025-03-06T03:36:00,2025-03-06T07:22:00,Rectified defect: OHE Mast Tilt Out of Alignment. Restored parameter to nominal bounds.,COMPLETED,226,T-301 (OHE Gang)
HIST-00709,TASK-00739,2025-03-15T00:18:00,2025-03-15T02:14:00,Rectified defect: OHE Mast Tilt Out of Alignment. Restored parameter to nominal bounds.,COMPLETED,116,T-301 (OHE Gang)
HIST-00711,TASK-00741,2023-11-04T23:45:00,2023-11-05T01:45:00,Rectified defect: OHE Mast Tilt Out of Alignment. Restored parameter to nominal bounds.,COMPLETED,120,T-201 (Signal Staff)
HIST-00713,TASK-00743,2024-09-02T02:26:00,2024-09-02T06:26:00,Rectified deferred defect: OHE Mast Tilt Out of Alignment.,COMPLETED,240,T-102
HIST-00712,TASK-00742,2024-08-27T02:00:00,2024-08-27T02:00:00,Task deferred: Scheduled window could not be granted due to traffic overhead.,DEFERRED,0,T-102
HIST-00714,TASK-00745,2026-04-23T00:07:00,2026-04-23T01:57:00,Rectified defect: OHE Mast Tilt Out of Alignment. Restored parameter to nominal bounds.,COMPLETED,110,T-202
HIST-00715,TASK-00746,2025-10-24T00:53:00,2025-10-24T03:17:00,Rectified defect: Contact Wire Thickness Under Min Limit. Restored parameter to nominal bounds.,COMPLETED,144,T-302
HIST-00717,TASK-00748,2026-02-26T00:30:00,2026-02-26T02:30:00,Rectified deferred defect: Contact Wire Thickness Under Min Limit.,COMPLETED,120,T-102
HIST-00716,TASK-00747,2026-02-18T00:00:00,2026-02-18T00:00:00,Task deferred: Scheduled window could not be granted due to traffic overhead.,DEFERRED,0,T-202
HIST-00718,TASK-00749,2024-07-01T03:52:00,2024-07-01T08:49:00,Rectified defect: REPETITIVE: Contact Wire Thickness Under Min Limit. Restored parameter to nominal bounds.,COMPLETED,297,T-301 (OHE Gang)
HIST-00733,TASK-00765,2024-07-27T00:08:00,2024-07-27T02:08:00,Rectified deferred defect: OHE Mast Tilt Out of Alignment.,COMPLETED,120,T-202
HIST-00732,TASK-00764,2024-07-19T00:00:00,2024-07-19T00:00:00,Task deferred: Scheduled window could not be granted due to traffic overhead.,DEFERRED,0,T-202
HIST-00734,TASK-00766,2025-12-19T00:39:00,2025-12-19T02:31:00,Rectified defect: Contact Wire Thickness Under Min Limit. Restored parameter to nominal bounds.,COMPLETED,112,T-101 (Engineering Gang)
HIST-00740,TASK-00773,2025-10-14T01:22:00,2025-10-14T06:15:00,Rectified defect: Contact Wire Thickness Under Min Limit. Restored parameter to nominal bounds.,COMPLETED,293,T-301 (OHE Gang)
HIST-00757,TASK-00792,2025-03-13T04:42:00,2025-03-13T08:24:00,Rectified defect: Contact Wire Thickness Under Min Limit. Restored parameter to nominal bounds.,COMPLETED,222,T-202
HIST-00758,TASK-00793,2025-11-08T02:10:00,2025-11-08T06:24:00,Rectified defect: Contact Wire Thickness Under Min Limit. Restored parameter to nominal bounds.,COMPLETED,254,T-302
HIST-00764,TASK-00799,2024-01-25T00:05:00,2024-01-25T02:29:00,Rectified defect: OHE Mast Tilt Out of Alignment. Restored parameter to nominal bounds.,COMPLETED,144,T-301 (OHE Gang)
HIST-00775,TASK-00810,2025-05-07T00:25:00,2025-05-07T02:25:00,Rectified deferred defect: Contact Wire Thickness Under Min Limit.,COMPLETED,120,T-202
HIST-00774,TASK-00809,2025-04-29T00:00:00,2025-04-29T00:00:00,Task deferred: Scheduled window could not be granted due to traffic overhead.,DEFERRED,0,T-301 (OHE Gang)
HIST-00776,TASK-00811,2024-02-27T01:00:00,2024-02-27T02:52:00,Rectified defect: Contact Wire Thickness Under Min Limit. Restored parameter to nominal bounds.,COMPLETED,112,T-201 (Signal Staff)
HIST-00777,TASK-00812,2025-06-19T00:16:00,2025-06-19T02:38:00,Rectified defect: Contact Wire Thickness Under Min Limit. Restored parameter to nominal bounds.,COMPLETED,142,T-102
HIST-00790,TASK-00825,2024-01-21T04:42:00,2024-01-21T09:20:00,Rectified defect: Contact Wire Thickness Under Min Limit. Restored parameter to nominal bounds.,COMPLETED,278,T-201 (Signal Staff)
HIST-00791,TASK-00826,2025-04-04T05:02:00,2025-04-04T09:24:00,Rectified defect: Contact Wire Thickness Under Min Limit. Restored parameter to nominal bounds.,COMPLETED,262,T-101 (Engineering Gang)
HIST-00799,TASK-00837,2025-01-17T23:56:00,2025-01-18T02:15:00,Rectified defect: Contact Wire Thickness Under Min Limit. Restored parameter to nominal bounds.,COMPLETED,139,T-101 (Engineering Gang)
HIST-00800,TASK-00838,2025-11-14T00:45:00,2025-11-14T02:59:00,Rectified defect: OHE Mast Tilt Out of Alignment. Restored parameter to nominal bounds.,COMPLETED,134,T-301 (OHE Gang)
HIST-00804,TASK-00842,2024-10-20T12:37:00,2024-10-20T16:33:00,Rectified defect: OHE Mast Tilt Out of Alignment. Restored parameter to nominal bounds.,COMPLETED,236,T-102
HIST-00807,TASK-00845,2024-03-31T12:22:00,2024-03-31T16:22:00,Rectified deferred defect: OHE Mast Tilt Out of Alignment.,COMPLETED,240,T-301 (OHE Gang)
HIST-00806,TASK-00844,2024-03-28T12:00:00,2024-03-28T12:00:00,Task deferred: Scheduled window could not be granted due to traffic overhead.,DEFERRED,0,T-102
HIST-00808,TASK-00846,2026-07-16T10:19:00,2026-07-16T14:56:00,Rectified defect: REPETITIVE: OHE Mast Tilt Out of Alignment. Restored parameter to nominal bounds.,COMPLETED,277,T-202
HIST-00812,TASK-00850,2025-02-28T12:01:00,2025-02-28T16:00:00,Rectified defect: Contact Wire Thickness Under Min Limit. Restored parameter to nominal bounds.,COMPLETED,239,T-102
HIST-00821,TASK-00860,2023-10-19T04:52:00,2023-10-19T09:09:00,Rectified defect: OHE Mast Tilt Out of Alignment. Restored parameter to nominal bounds.,COMPLETED,257,T-101 (Engineering Gang)
HIST-00822,TASK-00861,2024-02-19T00:55:00,2024-02-19T02:47:00,Rectified defect: Contact Wire Thickness Under Min Limit. Restored parameter to nominal bounds.,COMPLETED,112,T-101 (Engineering Gang)
HIST-00823,TASK-00862,2024-04-16T08:13:00,2024-04-16T12:26:00,Rectified defect: Contact Wire Thickness Under Min Limit. Restored parameter to nominal bounds.,COMPLETED,253,T-101 (Engineering Gang)
HIST-00824,TASK-00863,2025-02-10T06:26:00,2025-02-10T10:43:00,Rectified defect: Contact Wire Thickness Under Min Limit. Restored parameter to nominal bounds.,COMPLETED,257,T-301 (OHE Gang)
HIST-00830,TASK-00869,2025-10-24T00:13:00,2025-10-24T02:13:00,Rectified deferred defect: Contact Wire Thickness Under Min Limit.,COMPLETED,120,T-301 (OHE Gang)
HIST-00829,TASK-00868,2025-10-18T00:00:00,2025-10-18T00:00:00,Task deferred: Scheduled window could not be granted due to traffic overhead.,DEFERRED,0,T-201 (Signal Staff)
HIST-00835,TASK-00874,2026-03-10T23:50:00,2026-03-11T02:13:00,Rectified defect: Contact Wire Thickness Under Min Limit. Restored parameter to nominal bounds.,COMPLETED,143,T-101 (Engineering Gang)
HIST-00837,TASK-00876,2026-03-31T00:13:00,2026-03-31T02:13:00,Rectified deferred defect: OHE Mast Tilt Out of Alignment.,COMPLETED,120,T-302
HIST-00836,TASK-00875,2026-03-21T00:00:00,2026-03-21T00:00:00,Task deferred: Scheduled window could not be granted due to traffic overhead.,DEFERRED,0,T-301 (OHE Gang)
HIST-00844,TASK-00883,2026-04-26T11:51:00,2026-04-26T16:10:00,Rectified defect: OHE Mast Tilt Out of Alignment. Restored parameter to nominal bounds.,COMPLETED,259,T-302
HIST-00846,TASK-00885,2024-06-14T23:57:00,2024-06-15T01:56:00,Rectified defect: Contact Wire Thickness Under Min Limit. Restored parameter to nominal bounds.,COMPLETED,119,T-301 (OHE Gang)
HIST-00847,TASK-00886,2024-08-14T00:04:00,2024-08-14T02:02:00,Rectified defect: Contact Wire Thickness Under Min Limit. Restored parameter to nominal bounds.,COMPLETED,118,T-101 (Engineering Gang)
HIST-00865,TASK-00905,2026-05-04T12:12:00,2026-05-04T16:12:00,Rectified deferred defect: Contact Wire Thickness Under Min Limit.,COMPLETED,240,T-202
HIST-00864,TASK-00904,2026-04-30T12:00:00,2026-04-30T12:00:00,Task deferred: Scheduled window could not be granted due to traffic overhead.,DEFERRED,0,T-201 (Signal Staff)
HIST-00866,TASK-00906,2024-03-31T00:21:00,2024-03-31T02:50:00,Rectified defect: OHE Mast Tilt Out of Alignment. Restored parameter to nominal bounds.,COMPLETED,149,T-101 (Engineering Gang)
HIST-00875,TASK-00915,2024-10-08T00:03:00,2024-10-08T02:03:00,Rectified deferred defect: OHE Mast Tilt Out of Alignment.,COMPLETED,120,T-102
HIST-00874,TASK-00914,2024-10-03T00:00:00,2024-10-03T00:00:00,Task deferred: Scheduled window could not be granted due to traffic overhead.,DEFERRED,0,T-301 (OHE Gang)
HIST-00876,TASK-00916,2024-11-27T00:31:00,2024-11-27T02:45:00,Rectified defect: Contact Wire Thickness Under Min Limit. Restored parameter to nominal bounds.,COMPLETED,134,T-102
HIST-00877,TASK-00917,2025-03-25T01:24:00,2025-03-25T05:28:00,Rectified defect: OHE Mast Tilt Out of Alignment. Restored parameter to nominal bounds.,COMPLETED,244,T-301 (OHE Gang)
HIST-00885,TASK-00925,2026-01-27T00:33:00,2026-01-27T02:35:00,Rectified defect: OHE Mast Tilt Out of Alignment. Restored parameter to nominal bounds.,COMPLETED,122,T-301 (OHE Gang)
HIST-00892,TASK-00932,2026-02-28T10:09:00,2026-02-28T13:54:00,Rectified defect: Contact Wire Thickness Under Min Limit. Restored parameter to nominal bounds.,COMPLETED,225,T-201 (Signal Staff)
HIST-00911,TASK-00951,2024-10-01T09:11:00,2024-10-01T14:04:00,Rectified defect: Contact Wire Thickness Under Min Limit. Restored parameter to nominal bounds.,COMPLETED,293,T-202
HIST-00912,TASK-00952,2025-02-01T00:26:00,2025-02-01T02:16:00,Rectified defect: Contact Wire Thickness Under Min Limit. Restored parameter to nominal bounds.,COMPLETED,110,T-201 (Signal Staff)
HIST-00921,TASK-00961,2024-06-04T00:51:00,2024-06-04T02:49:00,Rectified defect: OHE Mast Tilt Out of Alignment. Restored parameter to nominal bounds.,COMPLETED,118,T-101 (Engineering Gang)
HIST-00922,TASK-00962,2026-01-24T00:02:00,2026-01-24T02:03:00,Rectified defect: Contact Wire Thickness Under Min Limit. Restored parameter to nominal bounds.,COMPLETED,121,T-102
HIST-00927,TASK-00967,2026-05-14T00:46:00,2026-05-14T03:00:00,Rectified defect: OHE Mast Tilt Out of Alignment. Restored parameter to nominal bounds.,COMPLETED,134,T-201 (Signal Staff)
HIST-00929,TASK-00969,2023-09-19T00:04:00,2023-09-19T02:04:00,Rectified deferred defect: OHE Mast Tilt Out of Alignment.,COMPLETED,120,T-201 (Signal Staff)
HIST-00928,TASK-00968,2023-09-17T00:00:00,2023-09-17T00:00:00,Task deferred: Scheduled window could not be granted due to traffic overhead.,DEFERRED,0,T-202
HIST-00933,TASK-00976,2025-02-09T01:00:00,2025-02-09T03:05:00,Rectified defect: OHE Mast Tilt Out of Alignment. Restored parameter to nominal bounds.,COMPLETED,125,T-102
HIST-00952,TASK-00995,2025-01-29T00:09:00,2025-01-29T02:09:00,Rectified deferred defect: Contact Wire Thickness Under Min Limit.,COMPLETED,120,T-102
HIST-00951,TASK-00994,2025-01-19T00:00:00,2025-01-19T00:00:00,Task deferred: Scheduled window could not be granted due to traffic overhead.,DEFERRED,0,T-102
HIST-00954,TASK-00997,2026-03-14T01:06:00,2026-03-14T05:06:00,Rectified deferred defect: OHE Mast Tilt Out of Alignment.,COMPLETED,240,T-201 (Signal Staff)
HIST-00953,TASK-00996,2026-03-10T01:00:00,2026-03-10T01:00:00,Task deferred: Scheduled window could not be granted due to traffic overhead.,DEFERRED,0,T-202
HIST-00961,TASK-01004,2024-01-16T07:27:00,2024-01-16T10:01:00,Emergency restoration completed for ad-hoc fault: Insulator Bursting,COMPLETED,154,T-101 (Engineering Gang)
HIST-00965,TASK-01008,2025-11-15T03:06:00,2025-11-15T05:48:00,Emergency restoration completed for ad-hoc fault: Insulator Bursting,COMPLETED,162,T-301 (OHE Gang)
HIST-00966,TASK-01009,2024-06-06T15:08:00,2024-06-06T17:35:00,Emergency restoration completed for ad-hoc fault: OHE Contact Wire Snapping,COMPLETED,147,T-102
HIST-00973,TASK-01016,2024-12-13T21:07:00,2024-12-13T23:39:00,Emergency restoration completed for ad-hoc fault: Substation Breaker Tripped,COMPLETED,152,T-102
HIST-00974,TASK-01017,2023-10-01T20:20:00,2023-10-01T22:54:00,Emergency restoration completed for ad-hoc fault: Substation Breaker Tripped,COMPLETED,154,T-201 (Signal Staff)
HIST-00977,TASK-01020,2025-12-25T03:11:00,2025-12-25T05:52:00,Emergency restoration completed for ad-hoc fault: Insulator Bursting,COMPLETED,161,T-201 (Signal Staff)
HIST-00980,TASK-01023,2025-07-23T09:04:00,2025-07-23T11:52:00,Emergency restoration completed for ad-hoc fault: OHE Contact Wire Snapping,COMPLETED,168,T-101 (Engineering Gang)
HIST-00982,TASK-01025,2024-03-22T18:20:00,2024-03-22T21:09:00,Emergency restoration completed for ad-hoc fault: Insulator Bursting,COMPLETED,169,T-101 (Engineering Gang)
HIST-00988,TASK-01031,2025-11-03T04:07:00,2025-11-03T06:42:00,Emergency restoration completed for ad-hoc fault: Substation Breaker Tripped,COMPLETED,155,T-102
HIST-00994,TASK-01037,2026-01-28T23:23:00,2026-01-29T01:54:00,Emergency restoration completed for ad-hoc fault: Insulator Bursting,COMPLETED,151,T-202
HIST-00995,TASK-01038,2026-06-01T17:26:00,2026-06-01T20:16:00,Emergency restoration completed for ad-hoc fault: Substation Breaker Tripped,COMPLETED,170,T-101 (Engineering Gang)
HIST-00997,TASK-01040,2026-04-19T19:05:00,2026-04-19T21:36:00,Emergency restoration completed for ad-hoc fault: Substation Breaker Tripped,COMPLETED,151,T-101 (Engineering Gang)
HIST-00999,TASK-01042,2023-08-31T06:08:00,2023-08-31T08:58:00,Emergency restoration completed for ad-hoc fault: OHE Contact Wire Snapping,COMPLETED,170,T-201 (Signal Staff)
HIST-01000,TASK-01043,2025-01-22T23:28:00,2025-01-23T01:59:00,Emergency restoration completed for ad-hoc fault: Insulator Bursting,COMPLETED,151,T-202
HIST-01004,TASK-01047,2024-10-04T11:25:00,2024-10-04T14:16:00,Emergency restoration completed for ad-hoc fault: Insulator Bursting,COMPLETED,171,T-202
HIST-01006,TASK-01049,2025-12-21T21:11:00,2025-12-21T23:44:00,Emergency restoration completed for ad-hoc fault: Substation Breaker Tripped,COMPLETED,153,T-301 (OHE Gang)
HIST-01011,TASK-01054,2025-01-27T05:27:00,2025-01-27T08:03:00,Emergency restoration completed for ad-hoc fault: Insulator Bursting,COMPLETED,156,T-102
HIST-01045,TASK-01088,2023-11-10T00:06:00,2023-11-10T03:08:00,Routine PM: Bi-annual Mast Insulator Washing & Cantilever Tightening.,COMPLETED,182,T-102
HIST-01046,TASK-01089,2024-05-07T23:56:00,2024-05-08T02:53:00,Routine PM: Bi-annual Mast Insulator Washing & Cantilever Tightening.,COMPLETED,177,T-201 (Signal Staff)
HIST-01047,TASK-01090,2024-11-04T00:06:00,2024-11-04T02:57:00,Routine PM: Bi-annual Mast Insulator Washing & Cantilever Tightening.,COMPLETED,171,T-102
HIST-01048,TASK-01091,2025-05-02T23:44:00,2025-05-03T02:46:00,Routine PM: Bi-annual Mast Insulator Washing & Cantilever Tightening.,COMPLETED,182,T-202
HIST-01049,TASK-01092,2025-10-30T00:30:00,2025-10-30T03:27:00,Routine PM: Bi-annual Mast Insulator Washing & Cantilever Tightening.,COMPLETED,177,T-301 (OHE Gang)
HIST-01050,TASK-01093,2026-04-27T23:42:00,2026-04-28T02:36:00,Routine PM: Bi-annual Mast Insulator Washing & Cantilever Tightening.,COMPLETED,174,T-101 (Engineering Gang)
HIST-01126,TASK-01169,2023-12-05T00:30:00,2023-12-05T03:22:00,Routine PM: Bi-annual Mast Insulator Washing & Cantilever Tightening.,COMPLETED,172,T-101 (Engineering Gang)
HIST-01127,TASK-01170,2024-06-02T00:20:00,2024-06-02T03:26:00,Routine PM: Bi-annual Mast Insulator Washing & Cantilever Tightening.,COMPLETED,186,T-102
HIST-01128,TASK-01171,2024-11-28T23:48:00,2024-11-29T02:45:00,Routine PM: Bi-annual Mast Insulator Washing & Cantilever Tightening.,COMPLETED,177,T-302
HIST-01129,TASK-01172,2025-05-27T23:56:00,2025-05-28T03:02:00,Routine PM: Bi-annual Mast Insulator Washing & Cantilever Tightening.,COMPLETED,186,T-102
HIST-01130,TASK-01173,2025-11-23T23:54:00,2025-11-24T02:49:00,Routine PM: Bi-annual Mast Insulator Washing & Cantilever Tightening.,COMPLETED,175,T-202
HIST-01131,TASK-01174,2026-05-23T00:22:00,2026-05-23T03:19:00,Routine PM: Bi-annual Mast Insulator Washing & Cantilever Tightening.,COMPLETED,177,T-201 (Signal Staff)
HIST-01180,TASK-01223,2024-01-19T23:35:00,2024-01-20T02:36:00,Routine PM: Bi-annual Mast Insulator Washing & Cantilever Tightening.,COMPLETED,181,T-101 (Engineering Gang)
HIST-01181,TASK-01224,2024-07-17T23:50:00,2024-07-18T02:48:00,Routine PM: Bi-annual Mast Insulator Washing & Cantilever Tightening.,COMPLETED,178,T-301 (OHE Gang)
HIST-01182,TASK-01225,2025-01-14T00:13:00,2025-01-14T03:18:00,Routine PM: Bi-annual Mast Insulator Washing & Cantilever Tightening.,COMPLETED,185,T-101 (Engineering Gang)
HIST-01183,TASK-01226,2025-07-13T00:29:00,2025-07-13T03:36:00,Routine PM: Bi-annual Mast Insulator Washing & Cantilever Tightening.,COMPLETED,187,T-101 (Engineering Gang)
HIST-01184,TASK-01227,2026-01-09T00:13:00,2026-01-09T03:08:00,Routine PM: Bi-annual Mast Insulator Washing & Cantilever Tightening.,COMPLETED,175,T-201 (Signal Staff)
HIST-01185,TASK-01228,2026-07-07T23:31:00,2026-07-08T02:38:00,Routine PM: Bi-annual Mast Insulator Washing & Cantilever Tightening.,COMPLETED,187,T-102
HIST-01213,TASK-01256,2023-09-29T23:55:00,2023-09-30T02:53:00,Routine PM: Bi-annual Mast Insulator Washing & Cantilever Tightening.,COMPLETED,178,T-102
HIST-01214,TASK-01257,2024-03-28T00:10:00,2024-03-28T03:14:00,Routine PM: Bi-annual Mast Insulator Washing & Cantilever Tightening.,COMPLETED,184,T-101 (Engineering Gang)
HIST-01215,TASK-01258,2024-09-24T00:04:00,2024-09-24T03:10:00,Routine PM: Bi-annual Mast Insulator Washing & Cantilever Tightening.,COMPLETED,186,T-202
HIST-01216,TASK-01259,2025-03-23T00:26:00,2025-03-23T03:27:00,Routine PM: Bi-annual Mast Insulator Washing & Cantilever Tightening.,COMPLETED,181,T-201 (Signal Staff)
HIST-01217,TASK-01260,2025-09-19T00:05:00,2025-09-19T02:59:00,Routine PM: Bi-annual Mast Insulator Washing & Cantilever Tightening.,COMPLETED,174,T-101 (Engineering Gang)
HIST-01218,TASK-01261,2026-03-17T23:49:00,2026-03-18T02:49:00,Routine PM: Bi-annual Mast Insulator Washing & Cantilever Tightening.,COMPLETED,180,T-301 (OHE Gang)
HIST-01246,TASK-01289,2023-09-26T00:10:00,2023-09-26T03:09:00,Routine PM: Bi-annual Mast Insulator Washing & Cantilever Tightening.,COMPLETED,179,T-302
HIST-01247,TASK-01290,2024-03-24T00:19:00,2024-03-24T03:20:00,Routine PM: Bi-annual Mast Insulator Washing & Cantilever Tightening.,COMPLETED,181,T-202
HIST-01248,TASK-01291,2024-09-19T23:34:00,2024-09-20T02:31:00,Routine PM: Bi-annual Mast Insulator Washing & Cantilever Tightening.,COMPLETED,177,T-201 (Signal Staff)
HIST-01249,TASK-01292,2025-03-19T00:12:00,2025-03-19T03:13:00,Routine PM: Bi-annual Mast Insulator Washing & Cantilever Tightening.,COMPLETED,181,T-301 (OHE Gang)
HIST-01250,TASK-01293,2025-09-15T00:14:00,2025-09-15T03:14:00,Routine PM: Bi-annual Mast Insulator Washing & Cantilever Tightening.,COMPLETED,180,T-201 (Signal Staff)
HIST-01251,TASK-01294,2026-03-13T23:32:00,2026-03-14T02:39:00,Routine PM: Bi-annual Mast Insulator Washing & Cantilever Tightening.,COMPLETED,187,T-101 (Engineering Gang)
HIST-01252,TASK-01295,2023-10-05T23:55:00,2023-10-06T02:54:00,Routine PM: Bi-annual Mast Insulator Washing & Cantilever Tightening.,COMPLETED,179,T-102
HIST-01253,TASK-01296,2024-04-02T23:33:00,2024-04-03T02:35:00,Routine PM: Bi-annual Mast Insulator Washing & Cantilever Tightening.,COMPLETED,182,T-201 (Signal Staff)
HIST-01254,TASK-01297,2024-09-30T00:02:00,2024-09-30T02:58:00,Routine PM: Bi-annual Mast Insulator Washing & Cantilever Tightening.,COMPLETED,176,T-302
HIST-01255,TASK-01298,2025-03-29T00:00:00,2025-03-29T03:04:00,Routine PM: Bi-annual Mast Insulator Washing & Cantilever Tightening.,COMPLETED,184,T-102
HIST-01256,TASK-01299,2025-09-24T23:55:00,2025-09-25T02:46:00,Routine PM: Bi-annual Mast Insulator Washing & Cantilever Tightening.,COMPLETED,171,T-202
HIST-01257,TASK-01300,2026-03-24T00:01:00,2026-03-24T02:57:00,Routine PM: Bi-annual Mast Insulator Washing & Cantilever Tightening.,COMPLETED,176,T-101 (Engineering Gang)
HIST-01258,TASK-01301,2023-12-13T23:40:00,2023-12-14T02:38:00,Routine PM: Bi-annual Mast Insulator Washing & Cantilever Tightening.,COMPLETED,178,T-302
HIST-01259,TASK-01302,2024-06-11T00:13:00,2024-06-11T03:08:00,Routine PM: Bi-annual Mast Insulator Washing & Cantilever Tightening.,COMPLETED,175,T-202
HIST-01260,TASK-01303,2024-12-07T23:34:00,2024-12-08T02:25:00,Routine PM: Bi-annual Mast Insulator Washing & Cantilever Tightening.,COMPLETED,171,T-302
HIST-01261,TASK-01304,2025-06-05T23:31:00,2025-06-06T02:26:00,Routine PM: Bi-annual Mast Insulator Washing & Cantilever Tightening.,COMPLETED,175,T-101 (Engineering Gang)
HIST-01262,TASK-01305,2025-12-02T23:56:00,2025-12-03T02:55:00,Routine PM: Bi-annual Mast Insulator Washing & Cantilever Tightening.,COMPLETED,179,T-101 (Engineering Gang)
HIST-01263,TASK-01306,2026-05-31T23:41:00,2026-06-01T02:41:00,Routine PM: Bi-annual Mast Insulator Washing & Cantilever Tightening.,COMPLETED,180,T-302
HIST-01297,TASK-01340,2024-01-19T00:26:00,2024-01-19T03:28:00,Routine PM: Bi-annual Mast Insulator Washing & Cantilever Tightening.,COMPLETED,182,T-301 (OHE Gang)
HIST-01298,TASK-01341,2024-07-17T00:10:00,2024-07-17T03:02:00,Routine PM: Bi-annual Mast Insulator Washing & Cantilever Tightening.,COMPLETED,172,T-201 (Signal Staff)
HIST-01299,TASK-01342,2025-01-12T23:56:00,2025-01-13T02:57:00,Routine PM: Bi-annual Mast Insulator Washing & Cantilever Tightening.,COMPLETED,181,T-202
HIST-01300,TASK-01343,2025-07-11T23:33:00,2025-07-12T02:31:00,Routine PM: Bi-annual Mast Insulator Washing & Cantilever Tightening.,COMPLETED,178,T-102
HIST-01301,TASK-01344,2026-01-07T23:48:00,2026-01-08T02:40:00,Routine PM: Bi-annual Mast Insulator Washing & Cantilever Tightening.,COMPLETED,172,T-102
HIST-01302,TASK-01345,2026-07-07T00:07:00,2026-07-07T03:07:00,Routine PM: Bi-annual Mast Insulator Washing & Cantilever Tightening.,COMPLETED,180,T-302
HIST-01330,TASK-01373,2023-08-22T23:49:00,2023-08-23T02:43:00,Routine PM: Bi-annual Mast Insulator Washing & Cantilever Tightening.,COMPLETED,174,T-301 (OHE Gang)
HIST-01331,TASK-01374,2024-02-18T23:35:00,2024-02-19T02:37:00,Routine PM: Bi-annual Mast Insulator Washing & Cantilever Tightening.,COMPLETED,182,T-102
HIST-01332,TASK-01375,2024-08-17T00:09:00,2024-08-17T03:16:00,Routine PM: Bi-annual Mast Insulator Washing & Cantilever Tightening.,COMPLETED,187,T-202
HIST-01333,TASK-01376,2025-02-13T00:30:00,2025-02-13T03:21:00,Routine PM: Bi-annual Mast Insulator Washing & Cantilever Tightening.,COMPLETED,171,T-302
HIST-01334,TASK-01377,2025-08-11T23:54:00,2025-08-12T02:50:00,Routine PM: Bi-annual Mast Insulator Washing & Cantilever Tightening.,COMPLETED,176,T-101 (Engineering Gang)
HIST-01335,TASK-01378,2026-02-07T23:30:00,2026-02-08T02:30:00,Routine PM: Bi-annual Mast Insulator Washing & Cantilever Tightening.,COMPLETED,180,T-101 (Engineering Gang)
HIST-01357,TASK-01400,2023-09-02T00:12:00,2023-09-02T03:09:00,Routine PM: Bi-annual Mast Insulator Washing & Cantilever Tightening.,COMPLETED,177,T-101 (Engineering Gang)
HIST-01358,TASK-01401,2024-02-28T23:58:00,2024-02-29T02:55:00,Routine PM: Bi-annual Mast Insulator Washing & Cantilever Tightening.,COMPLETED,177,T-101 (Engineering Gang)
HIST-01359,TASK-01402,2024-08-27T00:21:00,2024-08-27T03:24:00,Routine PM: Bi-annual Mast Insulator Washing & Cantilever Tightening.,COMPLETED,183,T-301 (OHE Gang)
HIST-01360,TASK-01403,2025-02-22T23:48:00,2025-02-23T02:51:00,Routine PM: Bi-annual Mast Insulator Washing & Cantilever Tightening.,COMPLETED,183,T-102
HIST-01361,TASK-01404,2025-08-22T00:08:00,2025-08-22T03:07:00,Routine PM: Bi-annual Mast Insulator Washing & Cantilever Tightening.,COMPLETED,179,T-202
HIST-01362,TASK-01405,2026-02-17T23:35:00,2026-02-18T02:35:00,Routine PM: Bi-annual Mast Insulator Washing & Cantilever Tightening.,COMPLETED,180,T-301 (OHE Gang)
HIST-01375,TASK-01418,2023-09-14T00:02:00,2023-09-14T03:01:00,Routine PM: Bi-annual Mast Insulator Washing & Cantilever Tightening.,COMPLETED,179,T-301 (OHE Gang)
HIST-01376,TASK-01419,2024-03-12T00:03:00,2024-03-12T03:04:00,Routine PM: Bi-annual Mast Insulator Washing & Cantilever Tightening.,COMPLETED,181,T-301 (OHE Gang)
HIST-01377,TASK-01420,2024-09-07T23:36:00,2024-09-08T02:32:00,Routine PM: Bi-annual Mast Insulator Washing & Cantilever Tightening.,COMPLETED,176,T-101 (Engineering Gang)
HIST-01378,TASK-01421,2025-03-06T23:42:00,2025-03-07T02:40:00,Routine PM: Bi-annual Mast Insulator Washing & Cantilever Tightening.,COMPLETED,178,T-201 (Signal Staff)
HIST-01379,TASK-01422,2025-09-03T00:30:00,2025-09-03T03:26:00,Routine PM: Bi-annual Mast Insulator Washing & Cantilever Tightening.,COMPLETED,176,T-102
HIST-01380,TASK-01423,2026-03-01T23:46:00,2026-03-02T02:43:00,Routine PM: Bi-annual Mast Insulator Washing & Cantilever Tightening.,COMPLETED,177,T-201 (Signal Staff)
HIST-01381,TASK-01424,2023-11-22T23:37:00,2023-11-23T02:44:00,Routine PM: Bi-annual Mast Insulator Washing & Cantilever Tightening.,COMPLETED,187,T-201 (Signal Staff)
HIST-01382,TASK-01425,2024-05-21T00:25:00,2024-05-21T03:24:00,Routine PM: Bi-annual Mast Insulator Washing & Cantilever Tightening.,COMPLETED,179,T-101 (Engineering Gang)
HIST-01383,TASK-01426,2024-11-17T00:25:00,2024-11-17T03:18:00,Routine PM: Bi-annual Mast Insulator Washing & Cantilever Tightening.,COMPLETED,173,T-302
HIST-01384,TASK-01427,2025-05-16T00:17:00,2025-05-16T03:24:00,Routine PM: Bi-annual Mast Insulator Washing & Cantilever Tightening.,COMPLETED,187,T-201 (Signal Staff)
HIST-01385,TASK-01428,2025-11-12T00:26:00,2025-11-12T03:17:00,Routine PM: Bi-annual Mast Insulator Washing & Cantilever Tightening.,COMPLETED,171,T-302
HIST-01386,TASK-01429,2026-05-11T00:14:00,2026-05-11T03:10:00,Routine PM: Bi-annual Mast Insulator Washing & Cantilever Tightening.,COMPLETED,176,T-201 (Signal Staff)
HIST-01417,TASK-01460,2023-12-26T23:57:00,2023-12-27T03:03:00,Routine PM: Bi-annual Mast Insulator Washing & Cantilever Tightening.,COMPLETED,186,T-202
HIST-01418,TASK-01461,2024-06-24T00:07:00,2024-06-24T03:05:00,Routine PM: Bi-annual Mast Insulator Washing & Cantilever Tightening.,COMPLETED,178,T-101 (Engineering Gang)
HIST-01419,TASK-01462,2024-12-21T00:03:00,2024-12-21T03:07:00,Routine PM: Bi-annual Mast Insulator Washing & Cantilever Tightening.,COMPLETED,184,T-202
HIST-01420,TASK-01463,2025-06-18T23:57:00,2025-06-19T02:52:00,Routine PM: Bi-annual Mast Insulator Washing & Cantilever Tightening.,COMPLETED,175,T-101 (Engineering Gang)
HIST-01421,TASK-01464,2025-12-15T23:49:00,2025-12-16T02:42:00,Routine PM: Bi-annual Mast Insulator Washing & Cantilever Tightening.,COMPLETED,173,T-302
HIST-01422,TASK-01465,2026-06-13T23:45:00,2026-06-14T02:41:00,Routine PM: Bi-annual Mast Insulator Washing & Cantilever Tightening.,COMPLETED,176,T-101 (Engineering Gang)
HIST-01462,TASK-01505,2023-11-17T00:21:00,2023-11-17T03:26:00,Routine PM: Bi-annual Mast Insulator Washing & Cantilever Tightening.,COMPLETED,185,T-202
HIST-01463,TASK-01506,2024-05-15T00:01:00,2024-05-15T03:00:00,Routine PM: Bi-annual Mast Insulator Washing & Cantilever Tightening.,COMPLETED,179,T-301 (OHE Gang)
HIST-01464,TASK-01507,2024-11-10T23:44:00,2024-11-11T02:42:00,Routine PM: Bi-annual Mast Insulator Washing & Cantilever Tightening.,COMPLETED,178,T-301 (OHE Gang)
HIST-01465,TASK-01508,2025-05-10T00:21:00,2025-05-10T03:16:00,Routine PM: Bi-annual Mast Insulator Washing & Cantilever Tightening.,COMPLETED,175,T-301 (OHE Gang)
HIST-01466,TASK-01509,2025-11-06T00:06:00,2025-11-06T03:08:00,Routine PM: Bi-annual Mast Insulator Washing & Cantilever Tightening.,COMPLETED,182,T-301 (OHE Gang)
HIST-01467,TASK-01510,2026-05-04T23:36:00,2026-05-05T02:29:00,Routine PM: Bi-annual Mast Insulator Washing & Cantilever Tightening.,COMPLETED,173,T-302
HIST-01468,TASK-01511,2023-12-12T23:54:00,2023-12-13T02:48:00,Routine PM: Bi-annual Mast Insulator Washing & Cantilever Tightening.,COMPLETED,174,T-202
HIST-01469,TASK-01512,2024-06-10T00:11:00,2024-06-10T03:02:00,Routine PM: Bi-annual Mast Insulator Washing & Cantilever Tightening.,COMPLETED,171,T-101 (Engineering Gang)
HIST-01470,TASK-01513,2024-12-07T00:14:00,2024-12-07T03:08:00,Routine PM: Bi-annual Mast Insulator Washing & Cantilever Tightening.,COMPLETED,174,T-202
HIST-01471,TASK-01514,2025-06-05T00:09:00,2025-06-05T03:04:00,Routine PM: Bi-annual Mast Insulator Washing & Cantilever Tightening.,COMPLETED,175,T-301 (OHE Gang)
HIST-01472,TASK-01515,2025-12-02T00:28:00,2025-12-02T03:28:00,Routine PM: Bi-annual Mast Insulator Washing & Cantilever Tightening.,COMPLETED,180,T-202
HIST-01473,TASK-01516,2026-05-30T23:30:00,2026-05-31T02:37:00,Routine PM: Bi-annual Mast Insulator Washing & Cantilever Tightening.,COMPLETED,187,T-302
HIST-01480,TASK-01523,2023-10-02T23:35:00,2023-10-03T02:40:00,Routine PM: Bi-annual Mast Insulator Washing & Cantilever Tightening.,COMPLETED,185,T-301 (OHE Gang)
HIST-01481,TASK-01524,2024-03-30T23:38:00,2024-03-31T02:43:00,Routine PM: Bi-annual Mast Insulator Washing & Cantilever Tightening.,COMPLETED,185,T-101 (Engineering Gang)
HIST-01482,TASK-01525,2024-09-27T00:30:00,2024-09-27T03:25:00,Routine PM: Bi-annual Mast Insulator Washing & Cantilever Tightening.,COMPLETED,175,T-101 (Engineering Gang)
HIST-01483,TASK-01526,2025-03-26T00:29:00,2025-03-26T03:25:00,Routine PM: Bi-annual Mast Insulator Washing & Cantilever Tightening.,COMPLETED,176,T-102
HIST-01484,TASK-01527,2025-09-21T23:50:00,2025-09-22T02:50:00,Routine PM: Bi-annual Mast Insulator Washing & Cantilever Tightening.,COMPLETED,180,T-301 (OHE Gang)
HIST-01485,TASK-01528,2026-03-21T00:14:00,2026-03-21T03:19:00,Routine PM: Bi-annual Mast Insulator Washing & Cantilever Tightening.,COMPLETED,185,T-102
HIST-01486,TASK-01529,2023-12-02T00:03:00,2023-12-02T03:01:00,Routine PM: Bi-annual Mast Insulator Washing & Cantilever Tightening.,COMPLETED,178,T-101 (Engineering Gang)
HIST-01487,TASK-01530,2024-05-30T00:11:00,2024-05-30T03:16:00,Routine PM: Bi-annual Mast Insulator Washing & Cantilever Tightening.,COMPLETED,185,T-102
HIST-01488,TASK-01531,2024-11-25T23:58:00,2024-11-26T03:03:00,Routine PM: Bi-annual Mast Insulator Washing & Cantilever Tightening.,COMPLETED,185,T-302
HIST-01489,TASK-01532,2025-05-25T00:23:00,2025-05-25T03:24:00,Routine PM: Bi-annual Mast Insulator Washing & Cantilever Tightening.,COMPLETED,181,T-201 (Signal Staff)
HIST-01490,TASK-01533,2025-11-21T00:21:00,2025-11-21T03:16:00,Routine PM: Bi-annual Mast Insulator Washing & Cantilever Tightening.,COMPLETED,175,T-201 (Signal Staff)
HIST-01491,TASK-01534,2026-05-20T00:23:00,2026-05-20T03:19:00,Routine PM: Bi-annual Mast Insulator Washing & Cantilever Tightening.,COMPLETED,176,T-202
HIST-01513,TASK-01556,2024-01-20T23:41:00,2024-01-21T02:44:00,Routine PM: Bi-annual Mast Insulator Washing & Cantilever Tightening.,COMPLETED,183,T-202
HIST-01514,TASK-01557,2024-07-19T00:27:00,2024-07-19T03:28:00,Routine PM: Bi-annual Mast Insulator Washing & Cantilever Tightening.,COMPLETED,181,T-301 (OHE Gang)
HIST-01515,TASK-01558,2025-01-15T00:13:00,2025-01-15T03:07:00,Routine PM: Bi-annual Mast Insulator Washing & Cantilever Tightening.,COMPLETED,174,T-301 (OHE Gang)
HIST-01516,TASK-01559,2025-07-13T23:43:00,2025-07-14T02:40:00,Routine PM: Bi-annual Mast Insulator Washing & Cantilever Tightening.,COMPLETED,177,T-302
HIST-01517,TASK-01560,2026-01-09T23:46:00,2026-01-10T02:51:00,Routine PM: Bi-annual Mast Insulator Washing & Cantilever Tightening.,COMPLETED,185,T-301 (OHE Gang)
HIST-01518,TASK-01561,2026-07-09T00:10:00,2026-07-09T03:13:00,Routine PM: Bi-annual Mast Insulator Washing & Cantilever Tightening.,COMPLETED,183,T-102
HIST-01531,TASK-01574,2023-09-20T00:12:00,2023-09-20T03:07:00,Routine PM: Bi-annual Mast Insulator Washing & Cantilever Tightening.,COMPLETED,175,T-301 (OHE Gang)
HIST-01532,TASK-01575,2024-03-18T00:12:00,2024-03-18T03:19:00,Routine PM: Bi-annual Mast Insulator Washing & Cantilever Tightening.,COMPLETED,187,T-301 (OHE Gang)
HIST-01533,TASK-01576,2024-09-13T23:56:00,2024-09-14T02:59:00,Routine PM: Bi-annual Mast Insulator Washing & Cantilever Tightening.,COMPLETED,183,T-101 (Engineering Gang)
HIST-01534,TASK-01577,2025-03-12T23:38:00,2025-03-13T02:30:00,Routine PM: Bi-annual Mast Insulator Washing & Cantilever Tightening.,COMPLETED,172,T-202
HIST-01535,TASK-01578,2025-09-08T23:31:00,2025-09-09T02:33:00,Routine PM: Bi-annual Mast Insulator Washing & Cantilever Tightening.,COMPLETED,182,T-302
HIST-01536,TASK-01579,2026-03-07T23:57:00,2026-03-08T02:49:00,Routine PM: Bi-annual Mast Insulator Washing & Cantilever Tightening.,COMPLETED,172,T-202
HIST-01564,TASK-01607,2023-08-23T00:07:00,2023-08-23T03:10:00,Routine PM: Bi-annual Mast Insulator Washing & Cantilever Tightening.,COMPLETED,183,T-101 (Engineering Gang)
HIST-01565,TASK-01608,2024-02-19T00:04:00,2024-02-19T03:04:00,Routine PM: Bi-annual Mast Insulator Washing & Cantilever Tightening.,COMPLETED,180,T-301 (OHE Gang)
HIST-01566,TASK-01609,2024-08-17T00:18:00,2024-08-17T03:17:00,Routine PM: Bi-annual Mast Insulator Washing & Cantilever Tightening.,COMPLETED,179,T-102
HIST-01567,TASK-01610,2025-02-13T00:03:00,2025-02-13T03:10:00,Routine PM: Bi-annual Mast Insulator Washing & Cantilever Tightening.,COMPLETED,187,T-202
HIST-01568,TASK-01611,2025-08-12T00:30:00,2025-08-12T03:36:00,Routine PM: Bi-annual Mast Insulator Washing & Cantilever Tightening.,COMPLETED,186,T-302
HIST-01569,TASK-01612,2026-02-08T00:24:00,2026-02-08T03:25:00,Routine PM: Bi-annual Mast Insulator Washing & Cantilever Tightening.,COMPLETED,181,T-102
HIST-01570,TASK-01613,2023-10-01T00:16:00,2023-10-01T03:22:00,Routine PM: Bi-annual Mast Insulator Washing & Cantilever Tightening.,COMPLETED,186,T-202
HIST-01571,TASK-01614,2024-03-28T23:45:00,2024-03-29T02:46:00,Routine PM: Bi-annual Mast Insulator Washing & Cantilever Tightening.,COMPLETED,181,T-202
HIST-01572,TASK-01615,2024-09-24T23:42:00,2024-09-25T02:33:00,Routine PM: Bi-annual Mast Insulator Washing & Cantilever Tightening.,COMPLETED,171,T-101 (Engineering Gang)
HIST-01573,TASK-01616,2025-03-24T00:05:00,2025-03-24T03:06:00,Routine PM: Bi-annual Mast Insulator Washing & Cantilever Tightening.,COMPLETED,181,T-102
HIST-01574,TASK-01617,2025-09-20T00:22:00,2025-09-20T03:19:00,Routine PM: Bi-annual Mast Insulator Washing & Cantilever Tightening.,COMPLETED,177,T-302
HIST-01575,TASK-01618,2026-03-19T00:07:00,2026-03-19T03:13:00,Routine PM: Bi-annual Mast Insulator Washing & Cantilever Tightening.,COMPLETED,186,T-302
HIST-01579,TASK-01622,2023-09-25T00:12:00,2023-09-25T03:08:00,Routine PM: Bi-annual Mast Insulator Washing & Cantilever Tightening.,COMPLETED,176,T-302
HIST-01580,TASK-01623,2024-03-22T23:54:00,2024-03-23T02:56:00,Routine PM: Bi-annual Mast Insulator Washing & Cantilever Tightening.,COMPLETED,182,T-101 (Engineering Gang)
HIST-01581,TASK-01624,2024-09-19T00:27:00,2024-09-19T03:21:00,Routine PM: Bi-annual Mast Insulator Washing & Cantilever Tightening.,COMPLETED,174,T-201 (Signal Staff)
HIST-01582,TASK-01625,2025-03-17T23:58:00,2025-03-18T02:50:00,Routine PM: Bi-annual Mast Insulator Washing & Cantilever Tightening.,COMPLETED,172,T-202
HIST-01583,TASK-01626,2025-09-14T00:21:00,2025-09-14T03:23:00,Routine PM: Bi-annual Mast Insulator Washing & Cantilever Tightening.,COMPLETED,182,T-102
HIST-01584,TASK-01627,2026-03-12T23:52:00,2026-03-13T02:52:00,Routine PM: Bi-annual Mast Insulator Washing & Cantilever Tightening.,COMPLETED,180,T-301 (OHE Gang)
HIST-01612,TASK-01655,2023-10-03T23:30:00,2023-10-04T02:32:00,Routine PM: Bi-annual Mast Insulator Washing & Cantilever Tightening.,COMPLETED,182,T-101 (Engineering Gang)
HIST-01613,TASK-01656,2024-04-01T00:17:00,2024-04-01T03:14:00,Routine PM: Bi-annual Mast Insulator Washing & Cantilever Tightening.,COMPLETED,177,T-302
HIST-01614,TASK-01657,2024-09-28T00:25:00,2024-09-28T03:25:00,Routine PM: Bi-annual Mast Insulator Washing & Cantilever Tightening.,COMPLETED,180,T-201 (Signal Staff)
HIST-01615,TASK-01658,2025-03-26T23:35:00,2025-03-27T02:31:00,Routine PM: Bi-annual Mast Insulator Washing & Cantilever Tightening.,COMPLETED,176,T-202
HIST-01616,TASK-01659,2025-09-23T00:29:00,2025-09-23T03:20:00,Routine PM: Bi-annual Mast Insulator Washing & Cantilever Tightening.,COMPLETED,171,T-102
HIST-01617,TASK-01660,2026-03-21T23:48:00,2026-03-22T02:40:00,Routine PM: Bi-annual Mast Insulator Washing & Cantilever Tightening.,COMPLETED,172,T-302
HIST-01777,TASK-01820,2023-12-31T00:19:00,2023-12-31T03:14:00,Routine PM: Bi-annual Mast Insulator Washing & Cantilever Tightening.,COMPLETED,175,T-301 (OHE Gang)
HIST-01778,TASK-01821,2024-06-28T00:08:00,2024-06-28T03:04:00,Routine PM: Bi-annual Mast Insulator Washing & Cantilever Tightening.,COMPLETED,176,T-201 (Signal Staff)
HIST-01779,TASK-01822,2024-12-25T00:10:00,2024-12-25T03:17:00,Routine PM: Bi-annual Mast Insulator Washing & Cantilever Tightening.,COMPLETED,187,T-201 (Signal Staff)
HIST-01780,TASK-01823,2025-06-23T00:28:00,2025-06-23T03:23:00,Routine PM: Bi-annual Mast Insulator Washing & Cantilever Tightening.,COMPLETED,175,T-201 (Signal Staff)
HIST-01781,TASK-01824,2025-12-19T23:48:00,2025-12-20T02:53:00,Routine PM: Bi-annual Mast Insulator Washing & Cantilever Tightening.,COMPLETED,185,T-202
HIST-01782,TASK-01825,2026-06-18T00:04:00,2026-06-18T02:57:00,Routine PM: Bi-annual Mast Insulator Washing & Cantilever Tightening.,COMPLETED,173,T-101 (Engineering Gang)
HIST-01789,TASK-01832,2023-09-09T23:48:00,2023-09-10T02:51:00,Routine PM: Bi-annual Mast Insulator Washing & Cantilever Tightening.,COMPLETED,183,T-102
HIST-01790,TASK-01833,2024-03-08T00:25:00,2024-03-08T03:20:00,Routine PM: Bi-annual Mast Insulator Washing & Cantilever Tightening.,COMPLETED,175,T-302
HIST-01791,TASK-01834,2024-09-04T00:12:00,2024-09-04T03:15:00,Routine PM: Bi-annual Mast Insulator Washing & Cantilever Tightening.,COMPLETED,183,T-101 (Engineering Gang)
HIST-01792,TASK-01835,2025-03-03T00:10:00,2025-03-03T03:04:00,Routine PM: Bi-annual Mast Insulator Washing & Cantilever Tightening.,COMPLETED,174,T-202
HIST-01793,TASK-01836,2025-08-30T00:02:00,2025-08-30T03:07:00,Routine PM: Bi-annual Mast Insulator Washing & Cantilever Tightening.,COMPLETED,185,T-201 (Signal Staff)
HIST-01794,TASK-01837,2026-02-26T00:30:00,2026-02-26T03:35:00,Routine PM: Bi-annual Mast Insulator Washing & Cantilever Tightening.,COMPLETED,185,T-202
HIST-01822,TASK-01865,2023-08-17T00:14:00,2023-08-17T03:09:00,Routine PM: Bi-annual Mast Insulator Washing & Cantilever Tightening.,COMPLETED,175,T-101 (Engineering Gang)
HIST-01823,TASK-01866,2024-02-12T23:51:00,2024-02-13T02:58:00,Routine PM: Bi-annual Mast Insulator Washing & Cantilever Tightening.,COMPLETED,187,T-102
HIST-01824,TASK-01867,2024-08-11T00:04:00,2024-08-11T02:57:00,Routine PM: Bi-annual Mast Insulator Washing & Cantilever Tightening.,COMPLETED,173,T-102
HIST-01825,TASK-01868,2025-02-07T00:25:00,2025-02-07T03:25:00,Routine PM: Bi-annual Mast Insulator Washing & Cantilever Tightening.,COMPLETED,180,T-102
HIST-01826,TASK-01869,2025-08-06T00:10:00,2025-08-06T03:03:00,Routine PM: Bi-annual Mast Insulator Washing & Cantilever Tightening.,COMPLETED,173,T-302
HIST-01827,TASK-01870,2026-02-02T00:11:00,2026-02-02T03:17:00,Routine PM: Bi-annual Mast Insulator Washing & Cantilever Tightening.,COMPLETED,186,T-201 (Signal Staff)
HIST-01855,TASK-01898,2023-09-09T00:26:00,2023-09-09T03:24:00,Routine PM: Bi-annual Mast Insulator Washing & Cantilever Tightening.,COMPLETED,178,T-302
HIST-01856,TASK-01899,2024-03-07T00:08:00,2024-03-07T02:59:00,Routine PM: Bi-annual Mast Insulator Washing & Cantilever Tightening.,COMPLETED,171,T-301 (OHE Gang)
HIST-01857,TASK-01900,2024-09-03T00:28:00,2024-09-03T03:28:00,Routine PM: Bi-annual Mast Insulator Washing & Cantilever Tightening.,COMPLETED,180,T-301 (OHE Gang)
HIST-01858,TASK-01901,2025-03-01T23:43:00,2025-03-02T02:34:00,Routine PM: Bi-annual Mast Insulator Washing & Cantilever Tightening.,COMPLETED,171,T-302
HIST-01859,TASK-01902,2025-08-28T23:39:00,2025-08-29T02:40:00,Routine PM: Bi-annual Mast Insulator Washing & Cantilever Tightening.,COMPLETED,181,T-101 (Engineering Gang)
HIST-01860,TASK-01903,2026-02-24T23:47:00,2026-02-25T02:50:00,Routine PM: Bi-annual Mast Insulator Washing & Cantilever Tightening.,COMPLETED,183,T-202
HIST-01873,TASK-01916,2023-10-24T00:07:00,2023-10-24T03:02:00,Routine PM: Bi-annual Mast Insulator Washing & Cantilever Tightening.,COMPLETED,175,T-101 (Engineering Gang)
HIST-01874,TASK-01917,2024-04-21T00:06:00,2024-04-21T03:12:00,Routine PM: Bi-annual Mast Insulator Washing & Cantilever Tightening.,COMPLETED,186,T-102
HIST-01875,TASK-01918,2024-10-17T23:41:00,2024-10-18T02:41:00,Routine PM: Bi-annual Mast Insulator Washing & Cantilever Tightening.,COMPLETED,180,T-202
HIST-01876,TASK-01919,2025-04-15T23:55:00,2025-04-16T02:52:00,Routine PM: Bi-annual Mast Insulator Washing & Cantilever Tightening.,COMPLETED,177,T-202
HIST-01877,TASK-01920,2025-10-13T00:23:00,2025-10-13T03:14:00,Routine PM: Bi-annual Mast Insulator Washing & Cantilever Tightening.,COMPLETED,171,T-102
HIST-01878,TASK-01921,2026-04-11T00:12:00,2026-04-11T03:06:00,Routine PM: Bi-annual Mast Insulator Washing & Cantilever Tightening.,COMPLETED,174,T-101 (Engineering Gang)
HIST-01888,TASK-01931,2024-01-02T23:47:00,2024-01-03T02:45:00,Routine PM: Bi-annual Mast Insulator Washing & Cantilever Tightening.,COMPLETED,178,T-202
HIST-01889,TASK-01932,2024-07-01T00:16:00,2024-07-01T03:07:00,Routine PM: Bi-annual Mast Insulator Washing & Cantilever Tightening.,COMPLETED,171,T-101 (Engineering Gang)
HIST-01890,TASK-01933,2024-12-27T23:51:00,2024-12-28T02:54:00,Routine PM: Bi-annual Mast Insulator Washing & Cantilever Tightening.,COMPLETED,183,T-202
HIST-01891,TASK-01934,2025-06-25T23:37:00,2025-06-26T02:30:00,Routine PM: Bi-annual Mast Insulator Washing & Cantilever Tightening.,COMPLETED,173,T-201 (Signal Staff)
HIST-01892,TASK-01935,2025-12-22T23:54:00,2025-12-23T03:00:00,Routine PM: Bi-annual Mast Insulator Washing & Cantilever Tightening.,COMPLETED,186,T-301 (OHE Gang)
HIST-01893,TASK-01936,2026-06-21T00:15:00,2026-06-21T03:09:00,Routine PM: Bi-annual Mast Insulator Washing & Cantilever Tightening.,COMPLETED,174,T-202
HIST-01933,TASK-01976,2023-12-23T23:52:00,2023-12-24T02:45:00,Routine PM: Bi-annual Mast Insulator Washing & Cantilever Tightening.,COMPLETED,173,T-301 (OHE Gang)
HIST-01934,TASK-01977,2024-06-21T00:10:00,2024-06-21T03:12:00,Routine PM: Bi-annual Mast Insulator Washing & Cantilever Tightening.,COMPLETED,182,T-202
HIST-01935,TASK-01978,2024-12-17T23:48:00,2024-12-18T02:44:00,Routine PM: Bi-annual Mast Insulator Washing & Cantilever Tightening.,COMPLETED,176,T-101 (Engineering Gang)
HIST-01936,TASK-01979,2025-06-15T23:48:00,2025-06-16T02:53:00,Routine PM: Bi-annual Mast Insulator Washing & Cantilever Tightening.,COMPLETED,185,T-302
HIST-01937,TASK-01980,2025-12-13T00:14:00,2025-12-13T03:10:00,Routine PM: Bi-annual Mast Insulator Washing & Cantilever Tightening.,COMPLETED,176,T-101 (Engineering Gang)
HIST-01938,TASK-01981,2026-06-10T23:51:00,2026-06-11T02:53:00,Routine PM: Bi-annual Mast Insulator Washing & Cantilever Tightening.,COMPLETED,182,T-102
HIST-01945,TASK-01988,2024-01-19T23:52:00,2024-01-20T02:48:00,Routine PM: Bi-annual Mast Insulator Washing & Cantilever Tightening.,COMPLETED,176,T-301 (OHE Gang)
HIST-01946,TASK-01989,2024-07-17T23:40:00,2024-07-18T02:34:00,Routine PM: Bi-annual Mast Insulator Washing & Cantilever Tightening.,COMPLETED,174,T-202
HIST-01947,TASK-01990,2025-01-14T00:30:00,2025-01-14T03:22:00,Routine PM: Bi-annual Mast Insulator Washing & Cantilever Tightening.,COMPLETED,172,T-201 (Signal Staff)
HIST-01948,TASK-01991,2025-07-12T23:45:00,2025-07-13T02:51:00,Routine PM: Bi-annual Mast Insulator Washing & Cantilever Tightening.,COMPLETED,186,T-302
HIST-01949,TASK-01992,2026-01-08T23:39:00,2026-01-09T02:35:00,Routine PM: Bi-annual Mast Insulator Washing & Cantilever Tightening.,COMPLETED,176,T-202
HIST-01950,TASK-01993,2026-07-08T00:12:00,2026-07-08T03:14:00,Routine PM: Bi-annual Mast Insulator Washing & Cantilever Tightening.,COMPLETED,182,T-102
HIST-01963,TASK-02006,2023-12-26T00:04:00,2023-12-26T03:05:00,Routine PM: Bi-annual Mast Insulator Washing & Cantilever Tightening.,COMPLETED,181,T-302
HIST-01964,TASK-02007,2024-06-23T00:02:00,2024-06-23T03:00:00,Routine PM: Bi-annual Mast Insulator Washing & Cantilever Tightening.,COMPLETED,178,T-102
HIST-01965,TASK-02008,2024-12-20T00:10:00,2024-12-20T03:14:00,Routine PM: Bi-annual Mast Insulator Washing & Cantilever Tightening.,COMPLETED,184,T-302
HIST-01966,TASK-02009,2025-06-18T00:29:00,2025-06-18T03:29:00,Routine PM: Bi-annual Mast Insulator Washing & Cantilever Tightening.,COMPLETED,180,T-102
HIST-01967,TASK-02010,2025-12-15T00:21:00,2025-12-15T03:20:00,Routine PM: Bi-annual Mast Insulator Washing & Cantilever Tightening.,COMPLETED,179,T-301 (OHE Gang)
HIST-01968,TASK-02011,2026-06-13T00:16:00,2026-06-13T03:12:00,Routine PM: Bi-annual Mast Insulator Washing & Cantilever Tightening.,COMPLETED,176,T-302
HIST-01993,TASK-02036,2023-09-30T23:48:00,2023-10-01T02:45:00,Routine PM: Bi-annual Mast Insulator Washing & Cantilever Tightening.,COMPLETED,177,T-102
HIST-01994,TASK-02037,2024-03-28T23:34:00,2024-03-29T02:41:00,Routine PM: Bi-annual Mast Insulator Washing & Cantilever Tightening.,COMPLETED,187,T-102
HIST-01995,TASK-02038,2024-09-24T23:41:00,2024-09-25T02:46:00,Routine PM: Bi-annual Mast Insulator Washing & Cantilever Tightening.,COMPLETED,185,T-102
HIST-01996,TASK-02039,2025-03-23T23:47:00,2025-03-24T02:51:00,Routine PM: Bi-annual Mast Insulator Washing & Cantilever Tightening.,COMPLETED,184,T-301 (OHE Gang)
HIST-01997,TASK-02040,2025-09-19T23:36:00,2025-09-20T02:43:00,Routine PM: Bi-annual Mast Insulator Washing & Cantilever Tightening.,COMPLETED,187,T-301 (OHE Gang)
HIST-01998,TASK-02041,2026-03-19T00:08:00,2026-03-19T03:01:00,Routine PM: Bi-annual Mast Insulator Washing & Cantilever Tightening.,COMPLETED,173,T-102
HIST-02053,TASK-02096,2023-12-26T00:08:00,2023-12-26T03:12:00,Routine PM: Bi-annual Mast Insulator Washing & Cantilever Tightening.,COMPLETED,184,T-302
HIST-02054,TASK-02097,2024-06-23T00:17:00,2024-06-23T03:08:00,Routine PM: Bi-annual Mast Insulator Washing & Cantilever Tightening.,COMPLETED,171,T-102
HIST-02055,TASK-02098,2024-12-19T23:50:00,2024-12-20T02:50:00,Routine PM: Bi-annual Mast Insulator Washing & Cantilever Tightening.,COMPLETED,180,T-102
HIST-02056,TASK-02099,2025-06-18T00:25:00,2025-06-18T03:26:00,Routine PM: Bi-annual Mast Insulator Washing & Cantilever Tightening.,COMPLETED,181,T-302
HIST-02057,TASK-02100,2025-12-15T00:15:00,2025-12-15T03:18:00,Routine PM: Bi-annual Mast Insulator Washing & Cantilever Tightening.,COMPLETED,183,T-201 (Signal Staff)
HIST-02058,TASK-02101,2026-06-12T23:42:00,2026-06-13T02:36:00,Routine PM: Bi-annual Mast Insulator Washing & Cantilever Tightening.,COMPLETED,174,T-201 (Signal Staff)
HIST-02074,TASK-02117,2024-01-14T23:39:00,2024-01-15T02:33:00,Routine PM: Bi-annual Mast Insulator Washing & Cantilever Tightening.,COMPLETED,174,T-201 (Signal Staff)
HIST-02075,TASK-02118,2024-07-12T23:31:00,2024-07-13T02:24:00,Routine PM: Bi-annual Mast Insulator Washing & Cantilever Tightening.,COMPLETED,173,T-302
HIST-02076,TASK-02119,2025-01-08T23:38:00,2025-01-09T02:42:00,Routine PM: Bi-annual Mast Insulator Washing & Cantilever Tightening.,COMPLETED,184,T-101 (Engineering Gang)
HIST-02077,TASK-02120,2025-07-07T23:30:00,2025-07-08T02:21:00,Routine PM: Bi-annual Mast Insulator Washing & Cantilever Tightening.,COMPLETED,171,T-201 (Signal Staff)
HIST-02078,TASK-02121,2026-01-03T23:38:00,2026-01-04T02:37:00,Routine PM: Bi-annual Mast Insulator Washing & Cantilever Tightening.,COMPLETED,179,T-202
HIST-02079,TASK-02122,2026-07-02T23:40:00,2026-07-03T02:40:00,Routine PM: Bi-annual Mast Insulator Washing & Cantilever Tightening.,COMPLETED,180,T-302
HIST-02092,TASK-02135,2023-11-15T23:43:00,2023-11-16T02:40:00,Routine PM: Bi-annual Mast Insulator Washing & Cantilever Tightening.,COMPLETED,177,T-301 (OHE Gang)
HIST-02093,TASK-02136,2024-05-13T23:30:00,2024-05-14T02:30:00,Routine PM: Bi-annual Mast Insulator Washing & Cantilever Tightening.,COMPLETED,180,T-101 (Engineering Gang)
HIST-02094,TASK-02137,2024-11-10T00:11:00,2024-11-10T03:10:00,Routine PM: Bi-annual Mast Insulator Washing & Cantilever Tightening.,COMPLETED,179,T-202
HIST-02095,TASK-02138,2025-05-08T23:33:00,2025-05-09T02:31:00,Routine PM: Bi-annual Mast Insulator Washing & Cantilever Tightening.,COMPLETED,178,T-201 (Signal Staff)
HIST-02096,TASK-02139,2025-11-04T23:54:00,2025-11-05T02:45:00,Routine PM: Bi-annual Mast Insulator Washing & Cantilever Tightening.,COMPLETED,171,T-102
HIST-02097,TASK-02140,2026-05-04T00:30:00,2026-05-04T03:24:00,Routine PM: Bi-annual Mast Insulator Washing & Cantilever Tightening.,COMPLETED,174,T-101 (Engineering Gang)
HIST-02128,TASK-02171,2024-01-20T00:14:00,2024-01-20T03:08:00,Routine PM: Bi-annual Mast Insulator Washing & Cantilever Tightening.,COMPLETED,174,T-302
HIST-02129,TASK-02172,2024-07-17T23:59:00,2024-07-18T02:55:00,Routine PM: Bi-annual Mast Insulator Washing & Cantilever Tightening.,COMPLETED,176,T-301 (OHE Gang)
HIST-02130,TASK-02173,2025-01-14T00:29:00,2025-01-14T03:23:00,Routine PM: Bi-annual Mast Insulator Washing & Cantilever Tightening.,COMPLETED,174,T-301 (OHE Gang)
HIST-02131,TASK-02174,2025-07-13T00:05:00,2025-07-13T03:10:00,Routine PM: Bi-annual Mast Insulator Washing & Cantilever Tightening.,COMPLETED,185,T-302
HIST-02132,TASK-02175,2026-01-09T00:26:00,2026-01-09T03:33:00,Routine PM: Bi-annual Mast Insulator Washing & Cantilever Tightening.,COMPLETED,187,T-201 (Signal Staff)
HIST-02133,TASK-02176,2026-07-07T23:43:00,2026-07-08T02:46:00,Routine PM: Bi-annual Mast Insulator Washing & Cantilever Tightening.,COMPLETED,183,T-102
HIST-02164,TASK-02207,2023-09-20T23:57:00,2023-09-21T02:59:00,Routine PM: Bi-annual Mast Insulator Washing & Cantilever Tightening.,COMPLETED,182,T-102
HIST-02165,TASK-02208,2024-03-18T23:56:00,2024-03-19T03:03:00,Routine PM: Bi-annual Mast Insulator Washing & Cantilever Tightening.,COMPLETED,187,T-202
HIST-02166,TASK-02209,2024-09-14T23:31:00,2024-09-15T02:36:00,Routine PM: Bi-annual Mast Insulator Washing & Cantilever Tightening.,COMPLETED,185,T-202
HIST-02167,TASK-02210,2025-03-14T00:22:00,2025-03-14T03:17:00,Routine PM: Bi-annual Mast Insulator Washing & Cantilever Tightening.,COMPLETED,175,T-101 (Engineering Gang)
HIST-02168,TASK-02211,2025-09-10T00:17:00,2025-09-10T03:13:00,Routine PM: Bi-annual Mast Insulator Washing & Cantilever Tightening.,COMPLETED,176,T-102
HIST-02169,TASK-02212,2026-03-08T23:49:00,2026-03-09T02:48:00,Routine PM: Bi-annual Mast Insulator Washing & Cantilever Tightening.,COMPLETED,179,T-201 (Signal Staff)
HIST-02170,TASK-02213,2023-10-05T23:57:00,2023-10-06T03:02:00,Routine PM: Bi-annual Mast Insulator Washing & Cantilever Tightening.,COMPLETED,185,T-201 (Signal Staff)
HIST-02171,TASK-02214,2024-04-03T00:23:00,2024-04-03T03:19:00,Routine PM: Bi-annual Mast Insulator Washing & Cantilever Tightening.,COMPLETED,176,T-301 (OHE Gang)
HIST-02172,TASK-02215,2024-09-30T00:18:00,2024-09-30T03:12:00,Routine PM: Bi-annual Mast Insulator Washing & Cantilever Tightening.,COMPLETED,174,T-302
HIST-02173,TASK-02216,2025-03-28T23:39:00,2025-03-29T02:30:00,Routine PM: Bi-annual Mast Insulator Washing & Cantilever Tightening.,COMPLETED,171,T-301 (OHE Gang)
HIST-02174,TASK-02217,2025-09-24T23:47:00,2025-09-25T02:53:00,Routine PM: Bi-annual Mast Insulator Washing & Cantilever Tightening.,COMPLETED,186,T-302
HIST-02175,TASK-02218,2026-03-23T23:44:00,2026-03-24T02:37:00,Routine PM: Bi-annual Mast Insulator Washing & Cantilever Tightening.,COMPLETED,173,T-102
HIST-02188,TASK-02231,2023-11-16T23:40:00,2023-11-17T02:44:00,Routine PM: Bi-annual Mast Insulator Washing & Cantilever Tightening.,COMPLETED,184,T-102
HIST-02189,TASK-02232,2024-05-14T23:47:00,2024-05-15T02:48:00,Routine PM: Bi-annual Mast Insulator Washing & Cantilever Tightening.,COMPLETED,181,T-301 (OHE Gang)
HIST-02190,TASK-02233,2024-11-10T23:58:00,2024-11-11T02:58:00,Routine PM: Bi-annual Mast Insulator Washing & Cantilever Tightening.,COMPLETED,180,T-101 (Engineering Gang)
HIST-02191,TASK-02234,2025-05-09T23:57:00,2025-05-10T02:55:00,Routine PM: Bi-annual Mast Insulator Washing & Cantilever Tightening.,COMPLETED,178,T-302
HIST-02192,TASK-02235,2025-11-06T00:12:00,2025-11-06T03:09:00,Routine PM: Bi-annual Mast Insulator Washing & Cantilever Tightening.,COMPLETED,177,T-301 (OHE Gang)
HIST-02193,TASK-02236,2026-05-04T23:40:00,2026-05-05T02:40:00,Routine PM: Bi-annual Mast Insulator Washing & Cantilever Tightening.,COMPLETED,180,T-302
HIST-02233,TASK-02276,2023-10-21T23:37:00,2023-10-22T02:28:00,Routine PM: Bi-annual Mast Insulator Washing & Cantilever Tightening.,COMPLETED,171,T-101 (Engineering Gang)
HIST-02234,TASK-02277,2024-04-19T00:11:00,2024-04-19T03:17:00,Routine PM: Bi-annual Mast Insulator Washing & Cantilever Tightening.,COMPLETED,186,T-301 (OHE Gang)
HIST-02235,TASK-02278,2024-10-15T23:30:00,2024-10-16T02:32:00,Routine PM: Bi-annual Mast Insulator Washing & Cantilever Tightening.,COMPLETED,182,T-302
HIST-02236,TASK-02279,2025-04-14T00:25:00,2025-04-14T03:24:00,Routine PM: Bi-annual Mast Insulator Washing & Cantilever Tightening.,COMPLETED,179,T-301 (OHE Gang)
HIST-02237,TASK-02280,2025-10-10T23:52:00,2025-10-11T02:46:00,Routine PM: Bi-annual Mast Insulator Washing & Cantilever Tightening.,COMPLETED,174,T-302
HIST-02238,TASK-02281,2026-04-08T23:32:00,2026-04-09T02:31:00,Routine PM: Bi-annual Mast Insulator Washing & Cantilever Tightening.,COMPLETED,179,T-102
HIST-02284,TASK-02327,2023-11-13T23:59:00,2023-11-14T03:00:00,Routine PM: Bi-annual Mast Insulator Washing & Cantilever Tightening.,COMPLETED,181,T-101 (Engineering Gang)
HIST-02285,TASK-02328,2024-05-12T00:05:00,2024-05-12T02:59:00,Routine PM: Bi-annual Mast Insulator Washing & Cantilever Tightening.,COMPLETED,174,T-201 (Signal Staff)
HIST-02286,TASK-02329,2024-11-08T00:20:00,2024-11-08T03:18:00,Routine PM: Bi-annual Mast Insulator Washing & Cantilever Tightening.,COMPLETED,178,T-101 (Engineering Gang)
HIST-02287,TASK-02330,2025-05-07T00:23:00,2025-05-07T03:26:00,Routine PM: Bi-annual Mast Insulator Washing & Cantilever Tightening.,COMPLETED,183,T-302
HIST-02288,TASK-02331,2025-11-02T23:40:00,2025-11-03T02:31:00,Routine PM: Bi-annual Mast Insulator Washing & Cantilever Tightening.,COMPLETED,171,T-102
HIST-02289,TASK-02332,2026-05-02T00:22:00,2026-05-02T03:30:00,Routine PM: Bi-annual Mast Insulator Washing & Cantilever Tightening.,COMPLETED,188,T-201 (Signal Staff)
HIST-02302,TASK-02345,2023-08-21T00:19:00,2023-08-21T03:19:00,Routine PM: Bi-annual Mast Insulator Washing & Cantilever Tightening.,COMPLETED,180,T-201 (Signal Staff)
HIST-02303,TASK-02346,2024-02-17T00:26:00,2024-02-17T03:31:00,Routine PM: Bi-annual Mast Insulator Washing & Cantilever Tightening.,COMPLETED,185,T-201 (Signal Staff)
HIST-02304,TASK-02347,2024-08-15T00:22:00,2024-08-15T03:23:00,Routine PM: Bi-annual Mast Insulator Washing & Cantilever Tightening.,COMPLETED,181,T-302
HIST-02305,TASK-02348,2025-02-10T23:52:00,2025-02-11T02:43:00,Routine PM: Bi-annual Mast Insulator Washing & Cantilever Tightening.,COMPLETED,171,T-102
HIST-02306,TASK-02349,2025-08-10T00:14:00,2025-08-10T03:12:00,Routine PM: Bi-annual Mast Insulator Washing & Cantilever Tightening.,COMPLETED,178,T-102
HIST-02307,TASK-02350,2026-02-05T23:57:00,2026-02-06T02:48:00,Routine PM: Bi-annual Mast Insulator Washing & Cantilever Tightening.,COMPLETED,171,T-302
HIST-02338,TASK-02381,2023-09-18T00:27:00,2023-09-18T03:21:00,Routine PM: Bi-annual Mast Insulator Washing & Cantilever Tightening.,COMPLETED,174,T-301 (OHE Gang)
HIST-02339,TASK-02382,2024-03-15T23:33:00,2024-03-16T02:36:00,Routine PM: Bi-annual Mast Insulator Washing & Cantilever Tightening.,COMPLETED,183,T-201 (Signal Staff)
HIST-02340,TASK-02383,2024-09-12T00:22:00,2024-09-12T03:23:00,Routine PM: Bi-annual Mast Insulator Washing & Cantilever Tightening.,COMPLETED,181,T-101 (Engineering Gang)
HIST-02341,TASK-02384,2025-03-11T00:28:00,2025-03-11T03:22:00,Routine PM: Bi-annual Mast Insulator Washing & Cantilever Tightening.,COMPLETED,174,T-202
HIST-02342,TASK-02385,2025-09-06T23:33:00,2025-09-07T02:27:00,Routine PM: Bi-annual Mast Insulator Washing & Cantilever Tightening.,COMPLETED,174,T-102
HIST-02343,TASK-02386,2026-03-05T23:48:00,2026-03-06T02:48:00,Routine PM: Bi-annual Mast Insulator Washing & Cantilever Tightening.,COMPLETED,180,T-102
HIST-02350,TASK-02393,2023-09-27T23:33:00,2023-09-28T02:32:00,Routine PM: Bi-annual Mast Insulator Washing & Cantilever Tightening.,COMPLETED,179,T-101 (Engineering Gang)
HIST-02351,TASK-02394,2024-03-26T00:18:00,2024-03-26T03:23:00,Routine PM: Bi-annual Mast Insulator Washing & Cantilever Tightening.,COMPLETED,185,T-101 (Engineering Gang)
HIST-02352,TASK-02395,2024-09-21T23:43:00,2024-09-22T02:42:00,Routine PM: Bi-annual Mast Insulator Washing & Cantilever Tightening.,COMPLETED,179,T-101 (Engineering Gang)
HIST-02353,TASK-02396,2025-03-21T00:24:00,2025-03-21T03:15:00,Routine PM: Bi-annual Mast Insulator Washing & Cantilever Tightening.,COMPLETED,171,T-101 (Engineering Gang)
HIST-02354,TASK-02397,2025-09-16T23:45:00,2025-09-17T02:47:00,Routine PM: Bi-annual Mast Insulator Washing & Cantilever Tightening.,COMPLETED,182,T-101 (Engineering Gang)
HIST-02355,TASK-02398,2026-03-16T00:02:00,2026-03-16T02:55:00,Routine PM: Bi-annual Mast Insulator Washing & Cantilever Tightening.,COMPLETED,173,T-201 (Signal Staff)
HIST-02383,TASK-02426,2023-11-13T23:42:00,2023-11-14T02:48:00,Routine PM: Bi-annual Mast Insulator Washing & Cantilever Tightening.,COMPLETED,186,T-101 (Engineering Gang)
HIST-02384,TASK-02427,2024-05-12T00:04:00,2024-05-12T02:55:00,Routine PM: Bi-annual Mast Insulator Washing & Cantilever Tightening.,COMPLETED,171,T-201 (Signal Staff)
HIST-02385,TASK-02428,2024-11-08T00:04:00,2024-11-08T03:00:00,Routine PM: Bi-annual Mast Insulator Washing & Cantilever Tightening.,COMPLETED,176,T-102
HIST-02386,TASK-02429,2025-05-06T23:56:00,2025-05-07T02:48:00,Routine PM: Bi-annual Mast Insulator Washing & Cantilever Tightening.,COMPLETED,172,T-302
HIST-02387,TASK-02430,2025-11-02T23:49:00,2025-11-03T02:45:00,Routine PM: Bi-annual Mast Insulator Washing & Cantilever Tightening.,COMPLETED,176,T-201 (Signal Staff)
HIST-02388,TASK-02431,2026-05-02T00:16:00,2026-05-02T03:19:00,Routine PM: Bi-annual Mast Insulator Washing & Cantilever Tightening.,COMPLETED,183,T-201 (Signal Staff)
HIST-02419,TASK-02462,2023-09-14T23:46:00,2023-09-15T02:42:00,Routine PM: Bi-annual Mast Insulator Washing & Cantilever Tightening.,COMPLETED,176,T-202
HIST-02420,TASK-02463,2024-03-12T23:55:00,2024-03-13T03:03:00,Routine PM: Bi-annual Mast Insulator Washing & Cantilever Tightening.,COMPLETED,188,T-201 (Signal Staff)
HIST-02421,TASK-02464,2024-09-09T00:08:00,2024-09-09T03:11:00,Routine PM: Bi-annual Mast Insulator Washing & Cantilever Tightening.,COMPLETED,183,T-301 (OHE Gang)
HIST-02422,TASK-02465,2025-03-07T23:44:00,2025-03-08T02:38:00,Routine PM: Bi-annual Mast Insulator Washing & Cantilever Tightening.,COMPLETED,174,T-202
HIST-02423,TASK-02466,2025-09-04T00:15:00,2025-09-04T03:22:00,Routine PM: Bi-annual Mast Insulator Washing & Cantilever Tightening.,COMPLETED,187,T-101 (Engineering Gang)
HIST-02424,TASK-02467,2026-03-02T23:52:00,2026-03-03T02:54:00,Routine PM: Bi-annual Mast Insulator Washing & Cantilever Tightening.,COMPLETED,182,T-201 (Signal Staff)
HIST-02428,TASK-02471,2023-12-28T00:14:00,2023-12-28T03:13:00,Routine PM: Bi-annual Mast Insulator Washing & Cantilever Tightening.,COMPLETED,179,T-102
HIST-02429,TASK-02472,2024-06-25T00:30:00,2024-06-25T03:21:00,Routine PM: Bi-annual Mast Insulator Washing & Cantilever Tightening.,COMPLETED,171,T-301 (OHE Gang)
HIST-02430,TASK-02473,2024-12-21T23:33:00,2024-12-22T02:33:00,Routine PM: Bi-annual Mast Insulator Washing & Cantilever Tightening.,COMPLETED,180,T-302
HIST-02431,TASK-02474,2025-06-20T00:21:00,2025-06-20T03:16:00,Routine PM: Bi-annual Mast Insulator Washing & Cantilever Tightening.,COMPLETED,175,T-201 (Signal Staff)
HIST-02432,TASK-02475,2025-12-17T00:29:00,2025-12-17T03:37:00,Routine PM: Bi-annual Mast Insulator Washing & Cantilever Tightening.,COMPLETED,188,T-301 (OHE Gang)
HIST-02433,TASK-02476,2026-06-14T23:34:00,2026-06-15T02:28:00,Routine PM: Bi-annual Mast Insulator Washing & Cantilever Tightening.,COMPLETED,174,T-202
HIST-02449,TASK-02492,2024-01-24T00:27:00,2024-01-24T03:32:00,Routine PM: Bi-annual Mast Insulator Washing & Cantilever Tightening.,COMPLETED,185,T-302
HIST-02450,TASK-02493,2024-07-21T23:33:00,2024-07-22T02:35:00,Routine PM: Bi-annual Mast Insulator Washing & Cantilever Tightening.,COMPLETED,182,T-102
HIST-02451,TASK-02494,2025-01-18T00:24:00,2025-01-18T03:23:00,Routine PM: Bi-annual Mast Insulator Washing & Cantilever Tightening.,COMPLETED,179,T-201 (Signal Staff)
HIST-02452,TASK-02495,2025-07-16T23:54:00,2025-07-17T02:46:00,Routine PM: Bi-annual Mast Insulator Washing & Cantilever Tightening.,COMPLETED,172,T-201 (Signal Staff)
HIST-02453,TASK-02496,2026-01-12T23:46:00,2026-01-13T02:45:00,Routine PM: Bi-annual Mast Insulator Washing & Cantilever Tightening.,COMPLETED,179,T-101 (Engineering Gang)
HIST-02454,TASK-02497,2026-07-11T23:52:00,2026-07-12T02:56:00,Routine PM: Bi-annual Mast Insulator Washing & Cantilever Tightening.,COMPLETED,184,T-101 (Engineering Gang)
HIST-02485,TASK-02528,2023-10-01T00:06:00,2023-10-01T03:01:00,Routine PM: Bi-annual Mast Insulator Washing & Cantilever Tightening.,COMPLETED,175,T-302
HIST-02486,TASK-02529,2024-03-28T23:54:00,2024-03-29T02:53:00,Routine PM: Bi-annual Mast Insulator Washing & Cantilever Tightening.,COMPLETED,179,T-102
HIST-02487,TASK-02530,2024-09-24T23:41:00,2024-09-25T02:40:00,Routine PM: Bi-annual Mast Insulator Washing & Cantilever Tightening.,COMPLETED,179,T-301 (OHE Gang)
HIST-02488,TASK-02531,2025-03-23T23:51:00,2025-03-24T02:54:00,Routine PM: Bi-annual Mast Insulator Washing & Cantilever Tightening.,COMPLETED,183,T-301 (OHE Gang)
HIST-02489,TASK-02532,2025-09-19T23:30:00,2025-09-20T02:25:00,Routine PM: Bi-annual Mast Insulator Washing & Cantilever Tightening.,COMPLETED,175,T-301 (OHE Gang)
HIST-02490,TASK-02533,2026-03-19T00:07:00,2026-03-19T03:09:00,Routine PM: Bi-annual Mast Insulator Washing & Cantilever Tightening.,COMPLETED,182,T-202
HIST-02536,TASK-02579,2023-11-30T00:25:00,2023-11-30T03:29:00,Routine PM: Bi-annual Mast Insulator Washing & Cantilever Tightening.,COMPLETED,184,T-101 (Engineering Gang)
HIST-02537,TASK-02580,2024-05-27T23:57:00,2024-05-28T02:51:00,Routine PM: Bi-annual Mast Insulator Washing & Cantilever Tightening.,COMPLETED,174,T-302
HIST-02538,TASK-02581,2024-11-24T00:13:00,2024-11-24T03:15:00,Routine PM: Bi-annual Mast Insulator Washing & Cantilever Tightening.,COMPLETED,182,T-202
HIST-02539,TASK-02582,2025-05-23T00:16:00,2025-05-23T03:16:00,Routine PM: Bi-annual Mast Insulator Washing & Cantilever Tightening.,COMPLETED,180,T-302
HIST-02540,TASK-02583,2025-11-19T00:06:00,2025-11-19T03:08:00,Routine PM: Bi-annual Mast Insulator Washing & Cantilever Tightening.,COMPLETED,182,T-102
HIST-02541,TASK-02584,2026-05-18T00:00:00,2026-05-18T03:06:00,Routine PM: Bi-annual Mast Insulator Washing & Cantilever Tightening.,COMPLETED,186,T-102
HIST-02542,TASK-02585,2023-09-29T00:29:00,2023-09-29T03:33:00,Routine PM: Bi-annual Mast Insulator Washing & Cantilever Tightening.,COMPLETED,184,T-202
HIST-02543,TASK-02586,2024-03-26T23:38:00,2024-03-27T02:32:00,Routine PM: Bi-annual Mast Insulator Washing & Cantilever Tightening.,COMPLETED,174,T-102
HIST-02544,TASK-02587,2024-09-23T00:06:00,2024-09-23T03:14:00,Routine PM: Bi-annual Mast Insulator Washing & Cantilever Tightening.,COMPLETED,188,T-302
HIST-02545,TASK-02588,2025-03-21T23:41:00,2025-03-22T02:34:00,Routine PM: Bi-annual Mast Insulator Washing & Cantilever Tightening.,COMPLETED,173,T-102
HIST-02546,TASK-02589,2025-09-17T23:55:00,2025-09-18T02:57:00,Routine PM: Bi-annual Mast Insulator Washing & Cantilever Tightening.,COMPLETED,182,T-202
HIST-02547,TASK-02590,2026-03-16T23:57:00,2026-03-17T02:55:00,Routine PM: Bi-annual Mast Insulator Washing & Cantilever Tightening.,COMPLETED,178,T-302
HIST-02560,TASK-02603,2023-08-31T23:52:00,2023-09-01T02:58:00,Routine PM: Bi-annual Mast Insulator Washing & Cantilever Tightening.,COMPLETED,186,T-202
HIST-02561,TASK-02604,2024-02-27T23:41:00,2024-02-28T02:47:00,Routine PM: Bi-annual Mast Insulator Washing & Cantilever Tightening.,COMPLETED,186,T-101 (Engineering Gang)
HIST-02562,TASK-02605,2024-08-26T00:05:00,2024-08-26T02:58:00,Routine PM: Bi-annual Mast Insulator Washing & Cantilever Tightening.,COMPLETED,173,T-202
HIST-02563,TASK-02606,2025-02-21T23:51:00,2025-02-22T02:43:00,Routine PM: Bi-annual Mast Insulator Washing & Cantilever Tightening.,COMPLETED,172,T-101 (Engineering Gang)
HIST-02564,TASK-02607,2025-08-21T00:20:00,2025-08-21T03:21:00,Routine PM: Bi-annual Mast Insulator Washing & Cantilever Tightening.,COMPLETED,181,T-101 (Engineering Gang)
HIST-02565,TASK-02608,2026-02-16T23:58:00,2026-02-17T03:03:00,Routine PM: Bi-annual Mast Insulator Washing & Cantilever Tightening.,COMPLETED,185,T-102
HIST-02605,TASK-02648,2023-10-22T23:58:00,2023-10-23T02:53:00,Routine PM: Bi-annual Mast Insulator Washing & Cantilever Tightening.,COMPLETED,175,T-201 (Signal Staff)
HIST-02606,TASK-02649,2024-04-20T00:11:00,2024-04-20T03:15:00,Routine PM: Bi-annual Mast Insulator Washing & Cantilever Tightening.,COMPLETED,184,T-302
HIST-02607,TASK-02650,2024-10-16T23:51:00,2024-10-17T02:42:00,Routine PM: Bi-annual Mast Insulator Washing & Cantilever Tightening.,COMPLETED,171,T-202
HIST-02608,TASK-02651,2025-04-15T00:12:00,2025-04-15T03:11:00,Routine PM: Bi-annual Mast Insulator Washing & Cantilever Tightening.,COMPLETED,179,T-201 (Signal Staff)
HIST-02609,TASK-02652,2025-10-11T23:33:00,2025-10-12T02:34:00,Routine PM: Bi-annual Mast Insulator Washing & Cantilever Tightening.,COMPLETED,181,T-302
HIST-02610,TASK-02653,2026-04-09T23:43:00,2026-04-10T02:43:00,Routine PM: Bi-annual Mast Insulator Washing & Cantilever Tightening.,COMPLETED,180,T-201 (Signal Staff)
HIST-02623,TASK-02666,2023-08-24T23:49:00,2023-08-25T02:53:00,Routine PM: Bi-annual Mast Insulator Washing & Cantilever Tightening.,COMPLETED,184,T-101 (Engineering Gang)
HIST-02624,TASK-02667,2024-02-20T23:30:00,2024-02-21T02:36:00,Routine PM: Bi-annual Mast Insulator Washing & Cantilever Tightening.,COMPLETED,186,T-301 (OHE Gang)
HIST-02625,TASK-02668,2024-08-19T00:13:00,2024-08-19T03:21:00,Routine PM: Bi-annual Mast Insulator Washing & Cantilever Tightening.,COMPLETED,188,T-301 (OHE Gang)
HIST-02626,TASK-02669,2025-02-15T00:25:00,2025-02-15T03:23:00,Routine PM: Bi-annual Mast Insulator Washing & Cantilever Tightening.,COMPLETED,178,T-101 (Engineering Gang)
HIST-02627,TASK-02670,2025-08-13T23:35:00,2025-08-14T02:40:00,Routine PM: Bi-annual Mast Insulator Washing & Cantilever Tightening.,COMPLETED,185,T-201 (Signal Staff)
HIST-02628,TASK-02671,2026-02-09T23:37:00,2026-02-10T02:42:00,Routine PM: Bi-annual Mast Insulator Washing & Cantilever Tightening.,COMPLETED,185,T-301 (OHE Gang)
HIST-02644,TASK-02687,2024-01-08T23:49:00,2024-01-09T02:49:00,Routine PM: Bi-annual Mast Insulator Washing & Cantilever Tightening.,COMPLETED,180,T-201 (Signal Staff)
HIST-02645,TASK-02688,2024-07-07T00:20:00,2024-07-07T03:18:00,Routine PM: Bi-annual Mast Insulator Washing & Cantilever Tightening.,COMPLETED,178,T-202
HIST-02646,TASK-02689,2025-01-02T23:31:00,2025-01-03T02:38:00,Routine PM: Bi-annual Mast Insulator Washing & Cantilever Tightening.,COMPLETED,187,T-101 (Engineering Gang)
HIST-02647,TASK-02690,2025-07-01T23:56:00,2025-07-02T03:01:00,Routine PM: Bi-annual Mast Insulator Washing & Cantilever Tightening.,COMPLETED,185,T-101 (Engineering Gang)
HIST-02648,TASK-02691,2025-12-28T23:36:00,2025-12-29T02:40:00,Routine PM: Bi-annual Mast Insulator Washing & Cantilever Tightening.,COMPLETED,184,T-301 (OHE Gang)
HIST-02649,TASK-02692,2026-06-27T00:27:00,2026-06-27T03:35:00,Routine PM: Bi-annual Mast Insulator Washing & Cantilever Tightening.,COMPLETED,188,T-302
HIST-02683,TASK-02726,2023-10-21T00:14:00,2023-10-21T03:22:00,Routine PM: Bi-annual Mast Insulator Washing & Cantilever Tightening.,COMPLETED,188,T-202
HIST-02684,TASK-02727,2024-04-17T23:46:00,2024-04-18T02:39:00,Routine PM: Bi-annual Mast Insulator Washing & Cantilever Tightening.,COMPLETED,173,T-101 (Engineering Gang)
HIST-02685,TASK-02728,2024-10-14T23:32:00,2024-10-15T02:40:00,Routine PM: Bi-annual Mast Insulator Washing & Cantilever Tightening.,COMPLETED,188,T-202
HIST-02686,TASK-02729,2025-04-13T00:13:00,2025-04-13T03:15:00,Routine PM: Bi-annual Mast Insulator Washing & Cantilever Tightening.,COMPLETED,182,T-202
HIST-02687,TASK-02730,2025-10-09T23:39:00,2025-10-10T02:35:00,Routine PM: Bi-annual Mast Insulator Washing & Cantilever Tightening.,COMPLETED,176,T-202
HIST-02688,TASK-02731,2026-04-08T00:23:00,2026-04-08T03:25:00,Routine PM: Bi-annual Mast Insulator Washing & Cantilever Tightening.,COMPLETED,182,T-102
HIST-02716,TASK-02759,2023-10-23T23:47:00,2023-10-24T02:39:00,Routine PM: Bi-annual Mast Insulator Washing & Cantilever Tightening.,COMPLETED,172,T-201 (Signal Staff)
HIST-02717,TASK-02760,2024-04-21T00:12:00,2024-04-21T03:20:00,Routine PM: Bi-annual Mast Insulator Washing & Cantilever Tightening.,COMPLETED,188,T-302
HIST-02718,TASK-02761,2024-10-18T00:19:00,2024-10-18T03:23:00,Routine PM: Bi-annual Mast Insulator Washing & Cantilever Tightening.,COMPLETED,184,T-202
HIST-02719,TASK-02762,2025-04-16T00:04:00,2025-04-16T03:03:00,Routine PM: Bi-annual Mast Insulator Washing & Cantilever Tightening.,COMPLETED,179,T-101 (Engineering Gang)
HIST-02720,TASK-02763,2025-10-13T00:28:00,2025-10-13T03:34:00,Routine PM: Bi-annual Mast Insulator Washing & Cantilever Tightening.,COMPLETED,186,T-202
HIST-02721,TASK-02764,2026-04-10T23:42:00,2026-04-11T02:44:00,Routine PM: Bi-annual Mast Insulator Washing & Cantilever Tightening.,COMPLETED,182,T-101 (Engineering Gang)
HIST-02752,TASK-02795,2023-09-01T23:57:00,2023-09-02T02:57:00,Routine PM: Bi-annual Mast Insulator Washing & Cantilever Tightening.,COMPLETED,180,T-102
HIST-02753,TASK-02796,2024-02-28T23:39:00,2024-02-29T02:35:00,Routine PM: Bi-annual Mast Insulator Washing & Cantilever Tightening.,COMPLETED,176,T-102
HIST-02754,TASK-02797,2024-08-27T00:01:00,2024-08-27T02:55:00,Routine PM: Bi-annual Mast Insulator Washing & Cantilever Tightening.,COMPLETED,174,T-101 (Engineering Gang)
HIST-02755,TASK-02798,2025-02-23T00:14:00,2025-02-23T03:14:00,Routine PM: Bi-annual Mast Insulator Washing & Cantilever Tightening.,COMPLETED,180,T-201 (Signal Staff)
HIST-02756,TASK-02799,2025-08-21T23:59:00,2025-08-22T02:55:00,Routine PM: Bi-annual Mast Insulator Washing & Cantilever Tightening.,COMPLETED,176,T-101 (Engineering Gang)
HIST-02757,TASK-02800,2026-02-17T23:33:00,2026-02-18T02:38:00,Routine PM: Bi-annual Mast Insulator Washing & Cantilever Tightening.,COMPLETED,185,T-301 (OHE Gang)
HIST-02770,TASK-02813,2024-01-08T00:04:00,2024-01-08T02:56:00,Routine PM: Bi-annual Mast Insulator Washing & Cantilever Tightening.,COMPLETED,172,T-201 (Signal Staff)
HIST-02771,TASK-02814,2024-07-05T23:31:00,2024-07-06T02:38:00,Routine PM: Bi-annual Mast Insulator Washing & Cantilever Tightening.,COMPLETED,187,T-202
HIST-02772,TASK-02815,2025-01-01T23:34:00,2025-01-02T02:36:00,Routine PM: Bi-annual Mast Insulator Washing & Cantilever Tightening.,COMPLETED,182,T-102
HIST-02773,TASK-02816,2025-06-30T23:41:00,2025-07-01T02:38:00,Routine PM: Bi-annual Mast Insulator Washing & Cantilever Tightening.,COMPLETED,177,T-101 (Engineering Gang)
HIST-02774,TASK-02817,2025-12-28T00:11:00,2025-12-28T03:13:00,Routine PM: Bi-annual Mast Insulator Washing & Cantilever Tightening.,COMPLETED,182,T-302
HIST-02775,TASK-02818,2026-06-25T23:46:00,2026-06-26T02:39:00,Routine PM: Bi-annual Mast Insulator Washing & Cantilever Tightening.,COMPLETED,173,T-301 (OHE Gang)
HIST-02815,TASK-02858,2024-01-03T23:35:00,2024-01-04T02:40:00,Routine PM: Bi-annual Mast Insulator Washing & Cantilever Tightening.,COMPLETED,185,T-201 (Signal Staff)
HIST-02816,TASK-02859,2024-07-01T23:43:00,2024-07-02T02:36:00,Routine PM: Bi-annual Mast Insulator Washing & Cantilever Tightening.,COMPLETED,173,T-101 (Engineering Gang)
HIST-02817,TASK-02860,2024-12-28T23:57:00,2024-12-29T03:05:00,Routine PM: Bi-annual Mast Insulator Washing & Cantilever Tightening.,COMPLETED,188,T-302
HIST-02818,TASK-02861,2025-06-27T00:25:00,2025-06-27T03:27:00,Routine PM: Bi-annual Mast Insulator Washing & Cantilever Tightening.,COMPLETED,182,T-302
HIST-02819,TASK-02862,2025-12-24T00:00:00,2025-12-24T02:56:00,Routine PM: Bi-annual Mast Insulator Washing & Cantilever Tightening.,COMPLETED,176,T-301 (OHE Gang)
HIST-02820,TASK-02863,2026-06-22T00:28:00,2026-06-22T03:34:00,Routine PM: Bi-annual Mast Insulator Washing & Cantilever Tightening.,COMPLETED,186,T-202
HIST-02860,TASK-02903,2023-11-07T00:24:00,2023-11-07T03:20:00,Routine PM: Bi-annual Mast Insulator Washing & Cantilever Tightening.,COMPLETED,176,T-201 (Signal Staff)
HIST-02861,TASK-02904,2024-05-05T00:20:00,2024-05-05T03:17:00,Routine PM: Bi-annual Mast Insulator Washing & Cantilever Tightening.,COMPLETED,177,T-302
HIST-02862,TASK-02905,2024-11-01T00:19:00,2024-11-01T03:25:00,Routine PM: Bi-annual Mast Insulator Washing & Cantilever Tightening.,COMPLETED,186,T-301 (OHE Gang)
HIST-02863,TASK-02906,2025-04-29T23:51:00,2025-04-30T02:53:00,Routine PM: Bi-annual Mast Insulator Washing & Cantilever Tightening.,COMPLETED,182,T-202
HIST-02864,TASK-02907,2025-10-26T23:59:00,2025-10-27T03:01:00,Routine PM: Bi-annual Mast Insulator Washing & Cantilever Tightening.,COMPLETED,182,T-101 (Engineering Gang)
HIST-02865,TASK-02908,2026-04-25T00:16:00,2026-04-25T03:15:00,Routine PM: Bi-annual Mast Insulator Washing & Cantilever Tightening.,COMPLETED,179,T-302
HIST-02911,TASK-02954,2023-09-09T00:23:00,2023-09-09T03:20:00,Routine PM: Bi-annual Mast Insulator Washing & Cantilever Tightening.,COMPLETED,177,T-302
HIST-02912,TASK-02955,2024-03-07T00:23:00,2024-03-07T03:22:00,Routine PM: Bi-annual Mast Insulator Washing & Cantilever Tightening.,COMPLETED,179,T-101 (Engineering Gang)
HIST-02913,TASK-02956,2024-09-03T00:08:00,2024-09-03T03:05:00,Routine PM: Bi-annual Mast Insulator Washing & Cantilever Tightening.,COMPLETED,177,T-202
HIST-02914,TASK-02957,2025-03-02T00:20:00,2025-03-02T03:14:00,Routine PM: Bi-annual Mast Insulator Washing & Cantilever Tightening.,COMPLETED,174,T-202
HIST-02915,TASK-02958,2025-08-28T23:56:00,2025-08-29T02:47:00,Routine PM: Bi-annual Mast Insulator Washing & Cantilever Tightening.,COMPLETED,171,T-202
HIST-02916,TASK-02959,2026-02-24T23:57:00,2026-02-25T02:54:00,Routine PM: Bi-annual Mast Insulator Washing & Cantilever Tightening.,COMPLETED,177,T-101 (Engineering Gang)
HIST-02932,TASK-02975,2023-09-14T23:36:00,2023-09-15T02:28:00,Routine PM: Bi-annual Mast Insulator Washing & Cantilever Tightening.,COMPLETED,172,T-201 (Signal Staff)
HIST-02933,TASK-02976,2024-03-12T23:32:00,2024-03-13T02:34:00,Routine PM: Bi-annual Mast Insulator Washing & Cantilever Tightening.,COMPLETED,182,T-201 (Signal Staff)
HIST-02934,TASK-02977,2024-09-09T00:13:00,2024-09-09T03:20:00,Routine PM: Bi-annual Mast Insulator Washing & Cantilever Tightening.,COMPLETED,187,T-201 (Signal Staff)
HIST-02935,TASK-02978,2025-03-08T00:30:00,2025-03-08T03:24:00,Routine PM: Bi-annual Mast Insulator Washing & Cantilever Tightening.,COMPLETED,174,T-201 (Signal Staff)
HIST-02936,TASK-02979,2025-09-03T23:53:00,2025-09-04T03:00:00,Routine PM: Bi-annual Mast Insulator Washing & Cantilever Tightening.,COMPLETED,187,T-201 (Signal Staff)
HIST-02937,TASK-02980,2026-03-02T23:39:00,2026-03-03T02:33:00,Routine PM: Bi-annual Mast Insulator Washing & Cantilever Tightening.,COMPLETED,174,T-102
HIST-02953,TASK-02996,2023-11-20T23:34:00,2023-11-21T02:25:00,Routine PM: Bi-annual Mast Insulator Washing & Cantilever Tightening.,COMPLETED,171,T-202
HIST-02954,TASK-02997,2024-05-19T00:24:00,2024-05-19T03:22:00,Routine PM: Bi-annual Mast Insulator Washing & Cantilever Tightening.,COMPLETED,178,T-302
HIST-02955,TASK-02998,2024-11-15T00:11:00,2024-11-15T03:19:00,Routine PM: Bi-annual Mast Insulator Washing & Cantilever Tightening.,COMPLETED,188,T-301 (OHE Gang)
HIST-02956,TASK-02999,2025-05-13T23:48:00,2025-05-14T02:40:00,Routine PM: Bi-annual Mast Insulator Washing & Cantilever Tightening.,COMPLETED,172,T-302
HIST-02957,TASK-03000,2025-11-09T23:32:00,2025-11-10T02:36:00,Routine PM: Bi-annual Mast Insulator Washing & Cantilever Tightening.,COMPLETED,184,T-301 (OHE Gang)
HIST-02958,TASK-03001,2026-05-08T23:42:00,2026-05-09T02:41:00,Routine PM: Bi-annual Mast Insulator Washing & Cantilever Tightening.,COMPLETED,179,T-101 (Engineering Gang)
HIST-02959,TASK-03002,2023-09-27T00:09:00,2023-09-27T03:11:00,Routine PM: Bi-annual Mast Insulator Washing & Cantilever Tightening.,COMPLETED,182,T-102
HIST-02960,TASK-03003,2024-03-25T00:29:00,2024-03-25T03:35:00,Routine PM: Bi-annual Mast Insulator Washing & Cantilever Tightening.,COMPLETED,186,T-301 (OHE Gang)
HIST-02961,TASK-03004,2024-09-20T23:30:00,2024-09-21T02:24:00,Routine PM: Bi-annual Mast Insulator Washing & Cantilever Tightening.,COMPLETED,174,T-102
HIST-02962,TASK-03005,2025-03-20T00:19:00,2025-03-20T03:24:00,Routine PM: Bi-annual Mast Insulator Washing & Cantilever Tightening.,COMPLETED,185,T-201 (Signal Staff)
HIST-02963,TASK-03006,2025-09-15T23:45:00,2025-09-16T02:53:00,Routine PM: Bi-annual Mast Insulator Washing & Cantilever Tightening.,COMPLETED,188,T-201 (Signal Staff)
HIST-02964,TASK-03007,2026-03-15T00:18:00,2026-03-15T03:13:00,Routine PM: Bi-annual Mast Insulator Washing & Cantilever Tightening.,COMPLETED,175,T-302
HIST-02977,TASK-03020,2023-09-03T23:55:00,2023-09-04T02:56:00,Routine PM: Bi-annual Mast Insulator Washing & Cantilever Tightening.,COMPLETED,181,T-201 (Signal Staff)
HIST-02978,TASK-03021,2024-03-02T00:18:00,2024-03-02T03:11:00,Routine PM: Bi-annual Mast Insulator Washing & Cantilever Tightening.,COMPLETED,173,T-202
HIST-02979,TASK-03022,2024-08-28T23:39:00,2024-08-29T02:46:00,Routine PM: Bi-annual Mast Insulator Washing & Cantilever Tightening.,COMPLETED,187,T-201 (Signal Staff)
HIST-02980,TASK-03023,2025-02-25T00:04:00,2025-02-25T02:59:00,Routine PM: Bi-annual Mast Insulator Washing & Cantilever Tightening.,COMPLETED,175,T-202
HIST-02981,TASK-03024,2025-08-23T23:58:00,2025-08-24T02:54:00,Routine PM: Bi-annual Mast Insulator Washing & Cantilever Tightening.,COMPLETED,176,T-102
HIST-02982,TASK-03025,2026-02-20T00:29:00,2026-02-20T03:27:00,Routine PM: Bi-annual Mast Insulator Washing & Cantilever Tightening.,COMPLETED,178,T-102
HIST-03049,TASK-03092,2023-12-11T23:50:00,2023-12-12T02:56:00,Routine PM: Bi-annual Mast Insulator Washing & Cantilever Tightening.,COMPLETED,186,T-302
HIST-03050,TASK-03093,2024-06-09T00:06:00,2024-06-09T03:04:00,Routine PM: Bi-annual Mast Insulator Washing & Cantilever Tightening.,COMPLETED,178,T-302
HIST-03051,TASK-03094,2024-12-05T23:49:00,2024-12-06T02:56:00,Routine PM: Bi-annual Mast Insulator Washing & Cantilever Tightening.,COMPLETED,187,T-102
HIST-03052,TASK-03095,2025-06-03T23:34:00,2025-06-04T02:42:00,Routine PM: Bi-annual Mast Insulator Washing & Cantilever Tightening.,COMPLETED,188,T-101 (Engineering Gang)
HIST-03053,TASK-03096,2025-12-01T00:02:00,2025-12-01T02:54:00,Routine PM: Bi-annual Mast Insulator Washing & Cantilever Tightening.,COMPLETED,172,T-201 (Signal Staff)
HIST-03054,TASK-03097,2026-05-30T00:12:00,2026-05-30T03:03:00,Routine PM: Bi-annual Mast Insulator Washing & Cantilever Tightening.,COMPLETED,171,T-201 (Signal Staff)
HIST-03073,TASK-03116,2023-09-23T23:48:00,2023-09-24T02:49:00,Routine PM: Bi-annual Mast Insulator Washing & Cantilever Tightening.,COMPLETED,181,T-102
HIST-03074,TASK-03117,2024-03-21T23:39:00,2024-03-22T02:37:00,Routine PM: Bi-annual Mast Insulator Washing & Cantilever Tightening.,COMPLETED,178,T-101 (Engineering Gang)
HIST-03075,TASK-03118,2024-09-18T00:01:00,2024-09-18T03:00:00,Routine PM: Bi-annual Mast Insulator Washing & Cantilever Tightening.,COMPLETED,179,T-301 (OHE Gang)
HIST-03076,TASK-03119,2025-03-17T00:15:00,2025-03-17T03:22:00,Routine PM: Bi-annual Mast Insulator Washing & Cantilever Tightening.,COMPLETED,187,T-201 (Signal Staff)
HIST-03077,TASK-03120,2025-09-12T23:41:00,2025-09-13T02:34:00,Routine PM: Bi-annual Mast Insulator Washing & Cantilever Tightening.,COMPLETED,173,T-201 (Signal Staff)
HIST-03078,TASK-03121,2026-03-12T00:13:00,2026-03-12T03:09:00,Routine PM: Bi-annual Mast Insulator Washing & Cantilever Tightening.,COMPLETED,176,T-302
HIST-03133,TASK-03176,2023-08-16T00:12:00,2023-08-16T03:15:00,Routine PM: Bi-annual Mast Insulator Washing & Cantilever Tightening.,COMPLETED,183,T-202
HIST-03134,TASK-03177,2024-02-12T00:19:00,2024-02-12T03:18:00,Routine PM: Bi-annual Mast Insulator Washing & Cantilever Tightening.,COMPLETED,179,T-202
HIST-03135,TASK-03178,2024-08-09T23:57:00,2024-08-10T02:56:00,Routine PM: Bi-annual Mast Insulator Washing & Cantilever Tightening.,COMPLETED,179,T-201 (Signal Staff)
HIST-03136,TASK-03179,2025-02-06T00:24:00,2025-02-06T03:15:00,Routine PM: Bi-annual Mast Insulator Washing & Cantilever Tightening.,COMPLETED,171,T-101 (Engineering Gang)
HIST-03137,TASK-03180,2025-08-05T00:05:00,2025-08-05T03:03:00,Routine PM: Bi-annual Mast Insulator Washing & Cantilever Tightening.,COMPLETED,178,T-202
HIST-03138,TASK-03181,2026-01-31T23:42:00,2026-02-01T02:34:00,Routine PM: Bi-annual Mast Insulator Washing & Cantilever Tightening.,COMPLETED,172,T-101 (Engineering Gang)
HIST-03139,TASK-03182,2026-07-31T00:11:00,2026-07-31T03:08:00,Routine PM: Bi-annual Mast Insulator Washing & Cantilever Tightening.,COMPLETED,177,T-102
HIST-03209,TASK-03252,2024-01-22T00:24:00,2024-01-22T03:20:00,Routine PM: Bi-annual Mast Insulator Washing & Cantilever Tightening.,COMPLETED,176,T-102
HIST-03210,TASK-03253,2024-07-19T23:40:00,2024-07-20T02:45:00,Routine PM: Bi-annual Mast Insulator Washing & Cantilever Tightening.,COMPLETED,185,T-201 (Signal Staff)
HIST-03211,TASK-03254,2025-01-15T23:47:00,2025-01-16T02:55:00,Routine PM: Bi-annual Mast Insulator Washing & Cantilever Tightening.,COMPLETED,188,T-102
HIST-03212,TASK-03255,2025-07-14T23:36:00,2025-07-15T02:33:00,Routine PM: Bi-annual Mast Insulator Washing & Cantilever Tightening.,COMPLETED,177,T-101 (Engineering Gang)
HIST-03213,TASK-03256,2026-01-10T23:47:00,2026-01-11T02:40:00,Routine PM: Bi-annual Mast Insulator Washing & Cantilever Tightening.,COMPLETED,173,T-302
HIST-03214,TASK-03257,2026-07-09T23:34:00,2026-07-10T02:33:00,Routine PM: Bi-annual Mast Insulator Washing & Cantilever Tightening.,COMPLETED,179,T-202
HIST-03227,TASK-03270,2023-10-19T00:09:00,2023-10-19T03:17:00,Routine PM: Bi-annual Mast Insulator Washing & Cantilever Tightening.,COMPLETED,188,T-102
HIST-03228,TASK-03271,2024-04-15T23:52:00,2024-04-16T02:51:00,Routine PM: Bi-annual Mast Insulator Washing & Cantilever Tightening.,COMPLETED,179,T-301 (OHE Gang)
HIST-03229,TASK-03272,2024-10-12T23:50:00,2024-10-13T02:47:00,Routine PM: Bi-annual Mast Insulator Washing & Cantilever Tightening.,COMPLETED,177,T-202
HIST-03230,TASK-03273,2025-04-10T23:48:00,2025-04-11T02:44:00,Routine PM: Bi-annual Mast Insulator Washing & Cantilever Tightening.,COMPLETED,176,T-102
HIST-03231,TASK-03274,2025-10-07T23:44:00,2025-10-08T02:38:00,Routine PM: Bi-annual Mast Insulator Washing & Cantilever Tightening.,COMPLETED,174,T-201 (Signal Staff)
HIST-03232,TASK-03275,2026-04-06T00:19:00,2026-04-06T03:26:00,Routine PM: Bi-annual Mast Insulator Washing & Cantilever Tightening.,COMPLETED,187,T-302
HIST-03233,TASK-03276,2024-01-05T00:04:00,2024-01-05T03:11:00,Routine PM: Bi-annual Mast Insulator Washing & Cantilever Tightening.,COMPLETED,187,T-302
HIST-03234,TASK-03277,2024-07-03T00:25:00,2024-07-03T03:23:00,Routine PM: Bi-annual Mast Insulator Washing & Cantilever Tightening.,COMPLETED,178,T-101 (Engineering Gang)
HIST-03235,TASK-03278,2024-12-30T00:06:00,2024-12-30T03:13:00,Routine PM: Bi-annual Mast Insulator Washing & Cantilever Tightening.,COMPLETED,187,T-201 (Signal Staff)
HIST-03236,TASK-03279,2025-06-28T00:15:00,2025-06-28T03:11:00,Routine PM: Bi-annual Mast Insulator Washing & Cantilever Tightening.,COMPLETED,176,T-201 (Signal Staff)
HIST-03237,TASK-03280,2025-12-25T00:20:00,2025-12-25T03:11:00,Routine PM: Bi-annual Mast Insulator Washing & Cantilever Tightening.,COMPLETED,171,T-201 (Signal Staff)
HIST-03238,TASK-03281,2026-06-22T23:48:00,2026-06-23T02:40:00,Routine PM: Bi-annual Mast Insulator Washing & Cantilever Tightening.,COMPLETED,172,T-101 (Engineering Gang)
HIST-03251,TASK-03294,2023-09-10T00:10:00,2023-09-10T03:16:00,Routine PM: Bi-annual Mast Insulator Washing & Cantilever Tightening.,COMPLETED,186,T-201 (Signal Staff)
HIST-03252,TASK-03295,2024-03-07T23:35:00,2024-03-08T02:40:00,Routine PM: Bi-annual Mast Insulator Washing & Cantilever Tightening.,COMPLETED,185,T-302
HIST-03253,TASK-03296,2024-09-03T23:31:00,2024-09-04T02:37:00,Routine PM: Bi-annual Mast Insulator Washing & Cantilever Tightening.,COMPLETED,186,T-302
HIST-03254,TASK-03297,2025-03-02T23:42:00,2025-03-03T02:43:00,Routine PM: Bi-annual Mast Insulator Washing & Cantilever Tightening.,COMPLETED,181,T-201 (Signal Staff)
HIST-03255,TASK-03298,2025-08-29T23:34:00,2025-08-30T02:34:00,Routine PM: Bi-annual Mast Insulator Washing & Cantilever Tightening.,COMPLETED,180,T-102
HIST-03256,TASK-03299,2026-02-25T23:59:00,2026-02-26T03:07:00,Routine PM: Bi-annual Mast Insulator Washing & Cantilever Tightening.,COMPLETED,188,T-302
HIST-03314,TASK-03357,2023-12-07T23:50:00,2023-12-08T02:58:00,Routine PM: Bi-annual Mast Insulator Washing & Cantilever Tightening.,COMPLETED,188,T-101 (Engineering Gang)
HIST-03315,TASK-03358,2024-06-04T23:39:00,2024-06-05T02:37:00,Routine PM: Bi-annual Mast Insulator Washing & Cantilever Tightening.,COMPLETED,178,T-102
HIST-03316,TASK-03359,2024-12-01T23:33:00,2024-12-02T02:35:00,Routine PM: Bi-annual Mast Insulator Washing & Cantilever Tightening.,COMPLETED,182,T-102
HIST-03317,TASK-03360,2025-05-31T00:18:00,2025-05-31T03:19:00,Routine PM: Bi-annual Mast Insulator Washing & Cantilever Tightening.,COMPLETED,181,T-302
HIST-03318,TASK-03361,2025-11-27T00:17:00,2025-11-27T03:11:00,Routine PM: Bi-annual Mast Insulator Washing & Cantilever Tightening.,COMPLETED,174,T-302
HIST-03319,TASK-03362,2026-05-25T23:31:00,2026-05-26T02:36:00,Routine PM: Bi-annual Mast Insulator Washing & Cantilever Tightening.,COMPLETED,185,T-201 (Signal Staff)
HIST-03332,TASK-03375,2024-01-07T23:49:00,2024-01-08T02:55:00,Routine PM: Bi-annual Mast Insulator Washing & Cantilever Tightening.,COMPLETED,186,T-101 (Engineering Gang)
HIST-03333,TASK-03376,2024-07-06T00:18:00,2024-07-06T03:14:00,Routine PM: Bi-annual Mast Insulator Washing & Cantilever Tightening.,COMPLETED,176,T-301 (OHE Gang)
HIST-03334,TASK-03377,2025-01-02T00:28:00,2025-01-02T03:22:00,Routine PM: Bi-annual Mast Insulator Washing & Cantilever Tightening.,COMPLETED,174,T-102
HIST-03335,TASK-03378,2025-06-30T23:57:00,2025-07-01T03:03:00,Routine PM: Bi-annual Mast Insulator Washing & Cantilever Tightening.,COMPLETED,186,T-102
HIST-03336,TASK-03379,2025-12-28T00:18:00,2025-12-28T03:19:00,Routine PM: Bi-annual Mast Insulator Washing & Cantilever Tightening.,COMPLETED,181,T-302
HIST-03337,TASK-03380,2026-06-26T00:22:00,2026-06-26T03:16:00,Routine PM: Bi-annual Mast Insulator Washing & Cantilever Tightening.,COMPLETED,174,T-102
HIST-03353,TASK-03396,2024-01-20T23:52:00,2024-01-21T02:43:00,Routine PM: Bi-annual Mast Insulator Washing & Cantilever Tightening.,COMPLETED,171,T-302
HIST-03354,TASK-03397,2024-07-19T00:04:00,2024-07-19T02:55:00,Routine PM: Bi-annual Mast Insulator Washing & Cantilever Tightening.,COMPLETED,171,T-301 (OHE Gang)
HIST-03355,TASK-03398,2025-01-15T00:14:00,2025-01-15T03:12:00,Routine PM: Bi-annual Mast Insulator Washing & Cantilever Tightening.,COMPLETED,178,T-101 (Engineering Gang)
HIST-03356,TASK-03399,2025-07-14T00:14:00,2025-07-14T03:22:00,Routine PM: Bi-annual Mast Insulator Washing & Cantilever Tightening.,COMPLETED,188,T-102
HIST-03357,TASK-03400,2026-01-09T23:44:00,2026-01-10T02:44:00,Routine PM: Bi-annual Mast Insulator Washing & Cantilever Tightening.,COMPLETED,180,T-201 (Signal Staff)
HIST-03358,TASK-03401,2026-07-09T00:02:00,2026-07-09T02:59:00,Routine PM: Bi-annual Mast Insulator Washing & Cantilever Tightening.,COMPLETED,177,T-302
HIST-03371,TASK-03414,2023-12-14T00:10:00,2023-12-14T03:02:00,Routine PM: Bi-annual Mast Insulator Washing & Cantilever Tightening.,COMPLETED,172,T-302
HIST-03372,TASK-03415,2024-06-10T23:36:00,2024-06-11T02:29:00,Routine PM: Bi-annual Mast Insulator Washing & Cantilever Tightening.,COMPLETED,173,T-202
HIST-03373,TASK-03416,2024-12-08T00:30:00,2024-12-08T03:26:00,Routine PM: Bi-annual Mast Insulator Washing & Cantilever Tightening.,COMPLETED,176,T-301 (OHE Gang)
HIST-03374,TASK-03417,2025-06-06T00:18:00,2025-06-06T03:23:00,Routine PM: Bi-annual Mast Insulator Washing & Cantilever Tightening.,COMPLETED,185,T-202
HIST-03375,TASK-03418,2025-12-02T23:45:00,2025-12-03T02:49:00,Routine PM: Bi-annual Mast Insulator Washing & Cantilever Tightening.,COMPLETED,184,T-202
HIST-03376,TASK-03419,2026-05-31T23:50:00,2026-06-01T02:45:00,Routine PM: Bi-annual Mast Insulator Washing & Cantilever Tightening.,COMPLETED,175,T-302
HIST-03389,TASK-03432,2024-01-09T23:59:00,2024-01-10T02:54:00,Routine PM: Bi-annual Mast Insulator Washing & Cantilever Tightening.,COMPLETED,175,T-101 (Engineering Gang)
HIST-03390,TASK-03433,2024-07-07T23:37:00,2024-07-08T02:29:00,Routine PM: Bi-annual Mast Insulator Washing & Cantilever Tightening.,COMPLETED,172,T-202
HIST-03391,TASK-03434,2025-01-03T23:57:00,2025-01-04T02:52:00,Routine PM: Bi-annual Mast Insulator Washing & Cantilever Tightening.,COMPLETED,175,T-102
HIST-03392,TASK-03435,2025-07-03T00:24:00,2025-07-03T03:15:00,Routine PM: Bi-annual Mast Insulator Washing & Cantilever Tightening.,COMPLETED,171,T-202
HIST-03393,TASK-03436,2025-12-30T00:09:00,2025-12-30T03:12:00,Routine PM: Bi-annual Mast Insulator Washing & Cantilever Tightening.,COMPLETED,183,T-101 (Engineering Gang)
HIST-03394,TASK-03437,2026-06-27T23:50:00,2026-06-28T02:53:00,Routine PM: Bi-annual Mast Insulator Washing & Cantilever Tightening.,COMPLETED,183,T-301 (OHE Gang)
HIST-03413,TASK-03456,2023-12-10T23:53:00,2023-12-11T02:59:00,Routine PM: Bi-annual Mast Insulator Washing & Cantilever Tightening.,COMPLETED,186,T-102
HIST-03414,TASK-03457,2024-06-07T23:30:00,2024-06-08T02:38:00,Routine PM: Bi-annual Mast Insulator Washing & Cantilever Tightening.,COMPLETED,188,T-102
HIST-03415,TASK-03458,2024-12-05T00:23:00,2024-12-05T03:28:00,Routine PM: Bi-annual Mast Insulator Washing & Cantilever Tightening.,COMPLETED,185,T-102
HIST-03416,TASK-03459,2025-06-03T00:12:00,2025-06-03T03:19:00,Routine PM: Bi-annual Mast Insulator Washing & Cantilever Tightening.,COMPLETED,187,T-302
HIST-03417,TASK-03460,2025-11-29T23:55:00,2025-11-30T02:47:00,Routine PM: Bi-annual Mast Insulator Washing & Cantilever Tightening.,COMPLETED,172,T-302
HIST-03418,TASK-03461,2026-05-28T23:57:00,2026-05-29T02:58:00,Routine PM: Bi-annual Mast Insulator Washing & Cantilever Tightening.,COMPLETED,181,T-101 (Engineering Gang)
HIST-03566,TASK-03609,2024-01-20T23:47:00,2024-01-21T02:41:00,Routine PM: Bi-annual Mast Insulator Washing & Cantilever Tightening.,COMPLETED,174,T-101 (Engineering Gang)
HIST-03567,TASK-03610,2024-07-19T00:01:00,2024-07-19T03:06:00,Routine PM: Bi-annual Mast Insulator Washing & Cantilever Tightening.,COMPLETED,185,T-302
HIST-03568,TASK-03611,2025-01-15T00:05:00,2025-01-15T03:00:00,Routine PM: Bi-annual Mast Insulator Washing & Cantilever Tightening.,COMPLETED,175,T-201 (Signal Staff)
HIST-03569,TASK-03612,2025-07-14T00:19:00,2025-07-14T03:21:00,Routine PM: Bi-annual Mast Insulator Washing & Cantilever Tightening.,COMPLETED,182,T-102
HIST-03570,TASK-03613,2026-01-09T23:46:00,2026-01-10T02:40:00,Routine PM: Bi-annual Mast Insulator Washing & Cantilever Tightening.,COMPLETED,174,T-302
HIST-03571,TASK-03614,2026-07-09T00:28:00,2026-07-09T03:29:00,Routine PM: Bi-annual Mast Insulator Washing & Cantilever Tightening.,COMPLETED,181,T-302
HIST-03656,TASK-03699,2023-12-29T23:33:00,2023-12-30T02:30:00,Routine PM: Bi-annual Mast Insulator Washing & Cantilever Tightening.,COMPLETED,177,T-201 (Signal Staff)
HIST-03657,TASK-03700,2024-06-27T00:00:00,2024-06-27T02:52:00,Routine PM: Bi-annual Mast Insulator Washing & Cantilever Tightening.,COMPLETED,172,T-302
HIST-03658,TASK-03701,2024-12-24T00:29:00,2024-12-24T03:27:00,Routine PM: Bi-annual Mast Insulator Washing & Cantilever Tightening.,COMPLETED,178,T-302
HIST-03659,TASK-03702,2025-06-22T00:11:00,2025-06-22T03:05:00,Routine PM: Bi-annual Mast Insulator Washing & Cantilever Tightening.,COMPLETED,174,T-202
HIST-03660,TASK-03703,2025-12-19T00:09:00,2025-12-19T03:08:00,Routine PM: Bi-annual Mast Insulator Washing & Cantilever Tightening.,COMPLETED,179,T-201 (Signal Staff)
HIST-03661,TASK-03704,2026-06-16T23:34:00,2026-06-17T02:26:00,Routine PM: Bi-annual Mast Insulator Washing & Cantilever Tightening.,COMPLETED,172,T-101 (Engineering Gang)
HIST-03686,TASK-03729,2023-12-15T23:50:00,2023-12-16T02:48:00,Routine PM: Bi-annual Mast Insulator Washing & Cantilever Tightening.,COMPLETED,178,T-301 (OHE Gang)
HIST-03687,TASK-03730,2024-06-13T00:07:00,2024-06-13T03:15:00,Routine PM: Bi-annual Mast Insulator Washing & Cantilever Tightening.,COMPLETED,188,T-302
HIST-03688,TASK-03731,2024-12-10T00:03:00,2024-12-10T02:59:00,Routine PM: Bi-annual Mast Insulator Washing & Cantilever Tightening.,COMPLETED,176,T-302
HIST-03689,TASK-03732,2025-06-08T00:26:00,2025-06-08T03:33:00,Routine PM: Bi-annual Mast Insulator Washing & Cantilever Tightening.,COMPLETED,187,T-202
HIST-03690,TASK-03733,2025-12-05T00:25:00,2025-12-05T03:27:00,Routine PM: Bi-annual Mast Insulator Washing & Cantilever Tightening.,COMPLETED,182,T-102
HIST-03691,TASK-03734,2026-06-03T00:28:00,2026-06-03T03:33:00,Routine PM: Bi-annual Mast Insulator Washing & Cantilever Tightening.,COMPLETED,185,T-201 (Signal Staff)
HIST-03743,TASK-03786,2023-10-17T00:21:00,2023-10-17T03:20:00,Routine PM: Bi-annual Mast Insulator Washing & Cantilever Tightening.,COMPLETED,179,T-101 (Engineering Gang)
HIST-03744,TASK-03787,2024-04-14T00:01:00,2024-04-14T02:53:00,Routine PM: Bi-annual Mast Insulator Washing & Cantilever Tightening.,COMPLETED,172,T-101 (Engineering Gang)
HIST-03745,TASK-03788,2024-10-10T23:36:00,2024-10-11T02:27:00,Routine PM: Bi-annual Mast Insulator Washing & Cantilever Tightening.,COMPLETED,171,T-201 (Signal Staff)
HIST-03746,TASK-03789,2025-04-09T00:18:00,2025-04-09T03:11:00,Routine PM: Bi-annual Mast Insulator Washing & Cantilever Tightening.,COMPLETED,173,T-302
HIST-03747,TASK-03790,2025-10-05T23:37:00,2025-10-06T02:31:00,Routine PM: Bi-annual Mast Insulator Washing & Cantilever Tightening.,COMPLETED,174,T-102
HIST-03748,TASK-03791,2026-04-04T00:05:00,2026-04-04T03:10:00,Routine PM: Bi-annual Mast Insulator Washing & Cantilever Tightening.,COMPLETED,185,T-202
HIST-03752,TASK-03795,2023-09-02T00:16:00,2023-09-02T03:13:00,Routine PM: Bi-annual Mast Insulator Washing & Cantilever Tightening.,COMPLETED,177,T-201 (Signal Staff)
HIST-03753,TASK-03796,2024-02-29T00:20:00,2024-02-29T03:15:00,Routine PM: Bi-annual Mast Insulator Washing & Cantilever Tightening.,COMPLETED,175,T-202
HIST-03754,TASK-03797,2024-08-26T23:37:00,2024-08-27T02:28:00,Routine PM: Bi-annual Mast Insulator Washing & Cantilever Tightening.,COMPLETED,171,T-102
HIST-03755,TASK-03798,2025-02-23T00:28:00,2025-02-23T03:27:00,Routine PM: Bi-annual Mast Insulator Washing & Cantilever Tightening.,COMPLETED,179,T-202
HIST-03756,TASK-03799,2025-08-22T00:03:00,2025-08-22T03:10:00,Routine PM: Bi-annual Mast Insulator Washing & Cantilever Tightening.,COMPLETED,187,T-101 (Engineering Gang)
HIST-03757,TASK-03800,2026-02-17T23:32:00,2026-02-18T02:38:00,Routine PM: Bi-annual Mast Insulator Washing & Cantilever Tightening.,COMPLETED,186,T-101 (Engineering Gang)
HIST-03800,TASK-03843,2024-01-18T00:24:00,2024-01-18T03:22:00,Routine PM: Bi-annual Mast Insulator Washing & Cantilever Tightening.,COMPLETED,178,T-302
HIST-03801,TASK-03844,2024-07-15T23:49:00,2024-07-16T02:55:00,Routine PM: Bi-annual Mast Insulator Washing & Cantilever Tightening.,COMPLETED,186,T-202
HIST-03802,TASK-03845,2025-01-11T23:34:00,2025-01-12T02:41:00,Routine PM: Bi-annual Mast Insulator Washing & Cantilever Tightening.,COMPLETED,187,T-302
HIST-03803,TASK-03846,2025-07-10T23:32:00,2025-07-11T02:27:00,Routine PM: Bi-annual Mast Insulator Washing & Cantilever Tightening.,COMPLETED,175,T-302
HIST-03804,TASK-03847,2026-01-07T00:01:00,2026-01-07T02:54:00,Routine PM: Bi-annual Mast Insulator Washing & Cantilever Tightening.,COMPLETED,173,T-102
HIST-03805,TASK-03848,2026-07-05T23:49:00,2026-07-06T02:54:00,Routine PM: Bi-annual Mast Insulator Washing & Cantilever Tightening.,COMPLETED,185,T-202
HIST-03809,TASK-03852,2023-11-11T23:59:00,2023-11-12T02:58:00,Routine PM: Bi-annual Mast Insulator Washing & Cantilever Tightening.,COMPLETED,179,T-101 (Engineering Gang)
HIST-03810,TASK-03853,2024-05-09T23:45:00,2024-05-10T02:48:00,Routine PM: Bi-annual Mast Insulator Washing & Cantilever Tightening.,COMPLETED,183,T-302
HIST-03811,TASK-03854,2024-11-05T23:58:00,2024-11-06T02:51:00,Routine PM: Bi-annual Mast Insulator Washing & Cantilever Tightening.,COMPLETED,173,T-201 (Signal Staff)
HIST-03812,TASK-03855,2025-05-04T23:46:00,2025-05-05T02:40:00,Routine PM: Bi-annual Mast Insulator Washing & Cantilever Tightening.,COMPLETED,174,T-202
HIST-03813,TASK-03856,2025-11-01T00:17:00,2025-11-01T03:18:00,Routine PM: Bi-annual Mast Insulator Washing & Cantilever Tightening.,COMPLETED,181,T-302
HIST-03814,TASK-03857,2026-04-30T00:23:00,2026-04-30T03:17:00,Routine PM: Bi-annual Mast Insulator Washing & Cantilever Tightening.,COMPLETED,174,T-102
HIST-03815,TASK-03858,2023-10-09T23:39:00,2023-10-10T02:46:00,Routine PM: Bi-annual Mast Insulator Washing & Cantilever Tightening.,COMPLETED,187,T-201 (Signal Staff)
HIST-03816,TASK-03859,2024-04-07T00:21:00,2024-04-07T03:20:00,Routine PM: Bi-annual Mast Insulator Washing & Cantilever Tightening.,COMPLETED,179,T-102
HIST-03817,TASK-03860,2024-10-03T23:57:00,2024-10-04T03:05:00,Routine PM: Bi-annual Mast Insulator Washing & Cantilever Tightening.,COMPLETED,188,T-301 (OHE Gang)
HIST-03818,TASK-03861,2025-04-02T00:18:00,2025-04-02T03:22:00,Routine PM: Bi-annual Mast Insulator Washing & Cantilever Tightening.,COMPLETED,184,T-302
HIST-03819,TASK-03862,2025-09-28T23:48:00,2025-09-29T02:41:00,Routine PM: Bi-annual Mast Insulator Washing & Cantilever Tightening.,COMPLETED,173,T-301 (OHE Gang)
HIST-03820,TASK-03863,2026-03-28T00:19:00,2026-03-28T03:20:00,Routine PM: Bi-annual Mast Insulator Washing & Cantilever Tightening.,COMPLETED,181,T-301 (OHE Gang)
HIST-03882,TASK-03925,2023-11-29T00:01:00,2023-11-29T02:57:00,Routine PM: Bi-annual Mast Insulator Washing & Cantilever Tightening.,COMPLETED,176,T-302
HIST-03883,TASK-03926,2024-05-26T23:38:00,2024-05-27T02:41:00,Routine PM: Bi-annual Mast Insulator Washing & Cantilever Tightening.,COMPLETED,183,T-302
HIST-03884,TASK-03927,2024-11-23T00:08:00,2024-11-23T03:13:00,Routine PM: Bi-annual Mast Insulator Washing & Cantilever Tightening.,COMPLETED,185,T-301 (OHE Gang)
HIST-03885,TASK-03928,2025-05-22T00:25:00,2025-05-22T03:16:00,Routine PM: Bi-annual Mast Insulator Washing & Cantilever Tightening.,COMPLETED,171,T-202
HIST-03886,TASK-03929,2025-11-17T23:48:00,2025-11-18T02:50:00,Routine PM: Bi-annual Mast Insulator Washing & Cantilever Tightening.,COMPLETED,182,T-301 (OHE Gang)
HIST-03887,TASK-03930,2026-05-16T23:45:00,2026-05-17T02:46:00,Routine PM: Bi-annual Mast Insulator Washing & Cantilever Tightening.,COMPLETED,181,T-202
HIST-03966,TASK-04009,2023-12-03T00:22:00,2023-12-03T03:19:00,Routine PM: Bi-annual Mast Insulator Washing & Cantilever Tightening.,COMPLETED,177,T-101 (Engineering Gang)
HIST-03967,TASK-04010,2024-05-30T23:42:00,2024-05-31T02:45:00,Routine PM: Bi-annual Mast Insulator Washing & Cantilever Tightening.,COMPLETED,183,T-101 (Engineering Gang)
HIST-03968,TASK-04011,2024-11-27T00:23:00,2024-11-27T03:21:00,Routine PM: Bi-annual Mast Insulator Washing & Cantilever Tightening.,COMPLETED,178,T-201 (Signal Staff)
HIST-03969,TASK-04012,2025-05-26T00:21:00,2025-05-26T03:23:00,Routine PM: Bi-annual Mast Insulator Washing & Cantilever Tightening.,COMPLETED,182,T-102
HIST-03970,TASK-04013,2025-11-21T23:35:00,2025-11-22T02:37:00,Routine PM: Bi-annual Mast Insulator Washing & Cantilever Tightening.,COMPLETED,182,T-301 (OHE Gang)
HIST-03971,TASK-04014,2026-05-21T00:02:00,2026-05-21T02:58:00,Routine PM: Bi-annual Mast Insulator Washing & Cantilever Tightening.,COMPLETED,176,T-301 (OHE Gang)
HIST-04002,TASK-04045,2024-01-12T00:20:00,2024-01-12T03:24:00,Routine PM: Bi-annual Mast Insulator Washing & Cantilever Tightening.,COMPLETED,184,T-101 (Engineering Gang)
HIST-04003,TASK-04046,2024-07-09T23:30:00,2024-07-10T02:21:00,Routine PM: Bi-annual Mast Insulator Washing & Cantilever Tightening.,COMPLETED,171,T-101 (Engineering Gang)
HIST-04004,TASK-04047,2025-01-06T00:05:00,2025-01-06T03:07:00,Routine PM: Bi-annual Mast Insulator Washing & Cantilever Tightening.,COMPLETED,182,T-201 (Signal Staff)
HIST-04005,TASK-04048,2025-07-04T23:30:00,2025-07-05T02:37:00,Routine PM: Bi-annual Mast Insulator Washing & Cantilever Tightening.,COMPLETED,187,T-102
HIST-04006,TASK-04049,2025-12-31T23:36:00,2026-01-01T02:33:00,Routine PM: Bi-annual Mast Insulator Washing & Cantilever Tightening.,COMPLETED,177,T-201 (Signal Staff)
HIST-04007,TASK-04050,2026-06-30T00:03:00,2026-06-30T03:09:00,Routine PM: Bi-annual Mast Insulator Washing & Cantilever Tightening.,COMPLETED,186,T-101 (Engineering Gang)
HIST-04026,TASK-04069,2023-09-05T00:01:00,2023-09-05T03:09:00,Routine PM: Bi-annual Mast Insulator Washing & Cantilever Tightening.,COMPLETED,188,T-201 (Signal Staff)
HIST-04027,TASK-04070,2024-03-02T23:34:00,2024-03-03T02:28:00,Routine PM: Bi-annual Mast Insulator Washing & Cantilever Tightening.,COMPLETED,174,T-202
HIST-04028,TASK-04071,2024-08-30T00:19:00,2024-08-30T03:24:00,Routine PM: Bi-annual Mast Insulator Washing & Cantilever Tightening.,COMPLETED,185,T-301 (OHE Gang)
HIST-04029,TASK-04072,2025-02-26T00:06:00,2025-02-26T03:01:00,Routine PM: Bi-annual Mast Insulator Washing & Cantilever Tightening.,COMPLETED,175,T-201 (Signal Staff)
HIST-04030,TASK-04073,2025-08-24T23:50:00,2025-08-25T02:43:00,Routine PM: Bi-annual Mast Insulator Washing & Cantilever Tightening.,COMPLETED,173,T-302
HIST-04031,TASK-04074,2026-02-21T00:01:00,2026-02-21T03:04:00,Routine PM: Bi-annual Mast Insulator Washing & Cantilever Tightening.,COMPLETED,183,T-102
HIST-04056,TASK-04099,2023-12-24T00:04:00,2023-12-24T03:11:00,Routine PM: Bi-annual Mast Insulator Washing & Cantilever Tightening.,COMPLETED,187,T-102
HIST-04057,TASK-04100,2024-06-20T23:47:00,2024-06-21T02:52:00,Routine PM: Bi-annual Mast Insulator Washing & Cantilever Tightening.,COMPLETED,185,T-301 (OHE Gang)
HIST-04058,TASK-04101,2024-12-17T23:33:00,2024-12-18T02:27:00,Routine PM: Bi-annual Mast Insulator Washing & Cantilever Tightening.,COMPLETED,174,T-101 (Engineering Gang)
HIST-04059,TASK-04102,2025-06-15T23:51:00,2025-06-16T02:43:00,Routine PM: Bi-annual Mast Insulator Washing & Cantilever Tightening.,COMPLETED,172,T-301 (OHE Gang)
HIST-04060,TASK-04103,2025-12-13T00:18:00,2025-12-13T03:20:00,Routine PM: Bi-annual Mast Insulator Washing & Cantilever Tightening.,COMPLETED,182,T-301 (OHE Gang)
HIST-04061,TASK-04104,2026-06-10T23:33:00,2026-06-11T02:33:00,Routine PM: Bi-annual Mast Insulator Washing & Cantilever Tightening.,COMPLETED,180,T-302
HIST-04077,TASK-04120,2023-12-01T00:22:00,2023-12-01T03:21:00,Routine PM: Bi-annual Mast Insulator Washing & Cantilever Tightening.,COMPLETED,179,T-101 (Engineering Gang)
HIST-04078,TASK-04121,2024-05-29T00:25:00,2024-05-29T03:20:00,Routine PM: Bi-annual Mast Insulator Washing & Cantilever Tightening.,COMPLETED,175,T-202
HIST-04079,TASK-04122,2024-11-24T23:44:00,2024-11-25T02:38:00,Routine PM: Bi-annual Mast Insulator Washing & Cantilever Tightening.,COMPLETED,174,T-102
HIST-04080,TASK-04123,2025-05-23T23:58:00,2025-05-24T03:04:00,Routine PM: Bi-annual Mast Insulator Washing & Cantilever Tightening.,COMPLETED,186,T-102
HIST-04081,TASK-04124,2025-11-19T23:59:00,2025-11-20T02:54:00,Routine PM: Bi-annual Mast Insulator Washing & Cantilever Tightening.,COMPLETED,175,T-101 (Engineering Gang)
HIST-04082,TASK-04125,2026-05-18T23:32:00,2026-05-19T02:38:00,Routine PM: Bi-annual Mast Insulator Washing & Cantilever Tightening.,COMPLETED,186,T-302
HIST-04098,TASK-04141,2023-10-23T00:00:00,2023-10-23T03:00:00,Routine PM: Bi-annual Mast Insulator Washing & Cantilever Tightening.,COMPLETED,180,T-202
HIST-04099,TASK-04142,2024-04-20T00:01:00,2024-04-20T03:04:00,Routine PM: Bi-annual Mast Insulator Washing & Cantilever Tightening.,COMPLETED,183,T-302
HIST-04100,TASK-04143,2024-10-17T00:09:00,2024-10-17T03:08:00,Routine PM: Bi-annual Mast Insulator Washing & Cantilever Tightening.,COMPLETED,179,T-202
HIST-04101,TASK-04144,2025-04-15T00:02:00,2025-04-15T03:10:00,Routine PM: Bi-annual Mast Insulator Washing & Cantilever Tightening.,COMPLETED,188,T-301 (OHE Gang)
HIST-04102,TASK-04145,2025-10-12T00:24:00,2025-10-12T03:24:00,Routine PM: Bi-annual Mast Insulator Washing & Cantilever Tightening.,COMPLETED,180,T-302
HIST-04103,TASK-04146,2026-04-10T00:16:00,2026-04-10T03:15:00,Routine PM: Bi-annual Mast Insulator Washing & Cantilever Tightening.,COMPLETED,179,T-302
HIST-04104,TASK-04147,2023-11-14T23:59:00,2023-11-15T03:02:00,Routine PM: Bi-annual Mast Insulator Washing & Cantilever Tightening.,COMPLETED,183,T-102
HIST-04105,TASK-04148,2024-05-12T23:35:00,2024-05-13T02:27:00,Routine PM: Bi-annual Mast Insulator Washing & Cantilever Tightening.,COMPLETED,172,T-202
HIST-04106,TASK-04149,2024-11-08T23:35:00,2024-11-09T02:34:00,Routine PM: Bi-annual Mast Insulator Washing & Cantilever Tightening.,COMPLETED,179,T-202
HIST-04107,TASK-04150,2025-05-08T00:23:00,2025-05-08T03:19:00,Routine PM: Bi-annual Mast Insulator Washing & Cantilever Tightening.,COMPLETED,176,T-101 (Engineering Gang)
HIST-04108,TASK-04151,2025-11-04T00:11:00,2025-11-04T03:17:00,Routine PM: Bi-annual Mast Insulator Washing & Cantilever Tightening.,COMPLETED,186,T-101 (Engineering Gang)
HIST-04109,TASK-04152,2026-05-03T00:29:00,2026-05-03T03:26:00,Routine PM: Bi-annual Mast Insulator Washing & Cantilever Tightening.,COMPLETED,177,T-302
HIST-04197,TASK-04240,2023-10-04T23:30:00,2023-10-05T02:33:00,Routine PM: Bi-annual Mast Insulator Washing & Cantilever Tightening.,COMPLETED,183,T-101 (Engineering Gang)
HIST-04198,TASK-04241,2024-04-01T23:44:00,2024-04-02T02:45:00,Routine PM: Bi-annual Mast Insulator Washing & Cantilever Tightening.,COMPLETED,181,T-102
HIST-04199,TASK-04242,2024-09-29T00:02:00,2024-09-29T03:04:00,Routine PM: Bi-annual Mast Insulator Washing & Cantilever Tightening.,COMPLETED,182,T-101 (Engineering Gang)
HIST-04200,TASK-04243,2025-03-27T23:56:00,2025-03-28T03:04:00,Routine PM: Bi-annual Mast Insulator Washing & Cantilever Tightening.,COMPLETED,188,T-301 (OHE Gang)
HIST-04201,TASK-04244,2025-09-23T23:57:00,2025-09-24T03:04:00,Routine PM: Bi-annual Mast Insulator Washing & Cantilever Tightening.,COMPLETED,187,T-301 (OHE Gang)
HIST-04202,TASK-04245,2026-03-23T00:23:00,2026-03-23T03:24:00,Routine PM: Bi-annual Mast Insulator Washing & Cantilever Tightening.,COMPLETED,181,T-302
HIST-04230,TASK-04273,2023-12-01T23:57:00,2023-12-02T02:51:00,Routine PM: Bi-annual Mast Insulator Washing & Cantilever Tightening.,COMPLETED,174,T-302
HIST-04231,TASK-04274,2024-05-29T23:46:00,2024-05-30T02:45:00,Routine PM: Bi-annual Mast Insulator Washing & Cantilever Tightening.,COMPLETED,179,T-102
HIST-04232,TASK-04275,2024-11-25T23:30:00,2024-11-26T02:24:00,Routine PM: Bi-annual Mast Insulator Washing & Cantilever Tightening.,COMPLETED,174,T-202
HIST-04233,TASK-04276,2025-05-24T23:39:00,2025-05-25T02:44:00,Routine PM: Bi-annual Mast Insulator Washing & Cantilever Tightening.,COMPLETED,185,T-202
HIST-04234,TASK-04277,2025-11-20T23:33:00,2025-11-21T02:32:00,Routine PM: Bi-annual Mast Insulator Washing & Cantilever Tightening.,COMPLETED,179,T-101 (Engineering Gang)
HIST-04235,TASK-04278,2026-05-19T23:33:00,2026-05-20T02:24:00,Routine PM: Bi-annual Mast Insulator Washing & Cantilever Tightening.,COMPLETED,171,T-301 (OHE Gang)
HIST-04236,TASK-04279,2023-11-04T00:03:00,2023-11-04T03:07:00,Routine PM: Bi-annual Mast Insulator Washing & Cantilever Tightening.,COMPLETED,184,T-302
HIST-04237,TASK-04280,2024-05-02T00:03:00,2024-05-02T03:06:00,Routine PM: Bi-annual Mast Insulator Washing & Cantilever Tightening.,COMPLETED,183,T-102
HIST-04238,TASK-04281,2024-10-28T23:47:00,2024-10-29T02:40:00,Routine PM: Bi-annual Mast Insulator Washing & Cantilever Tightening.,COMPLETED,173,T-102
HIST-04239,TASK-04282,2025-04-27T00:11:00,2025-04-27T03:12:00,Routine PM: Bi-annual Mast Insulator Washing & Cantilever Tightening.,COMPLETED,181,T-202
HIST-04240,TASK-04283,2025-10-24T00:08:00,2025-10-24T03:14:00,Routine PM: Bi-annual Mast Insulator Washing & Cantilever Tightening.,COMPLETED,186,T-202
HIST-04241,TASK-04284,2026-04-22T00:00:00,2026-04-22T03:01:00,Routine PM: Bi-annual Mast Insulator Washing & Cantilever Tightening.,COMPLETED,181,T-302
HIST-04275,TASK-04318,2024-01-09T00:27:00,2024-01-09T03:28:00,Routine PM: Bi-annual Mast Insulator Washing & Cantilever Tightening.,COMPLETED,181,T-201 (Signal Staff)
HIST-04276,TASK-04319,2024-07-06T23:32:00,2024-07-07T02:29:00,Routine PM: Bi-annual Mast Insulator Washing & Cantilever Tightening.,COMPLETED,177,T-302
HIST-04277,TASK-04320,2025-01-03T00:01:00,2025-01-03T02:57:00,Routine PM: Bi-annual Mast Insulator Washing & Cantilever Tightening.,COMPLETED,176,T-302
HIST-04278,TASK-04321,2025-07-01T23:57:00,2025-07-02T02:50:00,Routine PM: Bi-annual Mast Insulator Washing & Cantilever Tightening.,COMPLETED,173,T-301 (OHE Gang)
HIST-04279,TASK-04322,2025-12-28T23:38:00,2025-12-29T02:35:00,Routine PM: Bi-annual Mast Insulator Washing & Cantilever Tightening.,COMPLETED,177,T-101 (Engineering Gang)
HIST-04280,TASK-04323,2026-06-27T00:15:00,2026-06-27T03:10:00,Routine PM: Bi-annual Mast Insulator Washing & Cantilever Tightening.,COMPLETED,175,T-201 (Signal Staff)
HIST-04341,TASK-04384,2024-01-09T23:53:00,2024-01-10T02:55:00,Routine PM: Bi-annual Mast Insulator Washing & Cantilever Tightening.,COMPLETED,182,T-102
HIST-04342,TASK-04385,2024-07-07T23:55:00,2024-07-08T02:56:00,Routine PM: Bi-annual Mast Insulator Washing & Cantilever Tightening.,COMPLETED,181,T-201 (Signal Staff)
HIST-04343,TASK-04386,2025-01-03T23:43:00,2025-01-04T02:50:00,Routine PM: Bi-annual Mast Insulator Washing & Cantilever Tightening.,COMPLETED,187,T-201 (Signal Staff)
HIST-04344,TASK-04387,2025-07-03T00:05:00,2025-07-03T02:57:00,Routine PM: Bi-annual Mast Insulator Washing & Cantilever Tightening.,COMPLETED,172,T-102
HIST-04345,TASK-04388,2025-12-30T00:07:00,2025-12-30T03:03:00,Routine PM: Bi-annual Mast Insulator Washing & Cantilever Tightening.,COMPLETED,176,T-101 (Engineering Gang)
HIST-04346,TASK-04389,2026-06-28T00:00:00,2026-06-28T02:51:00,Routine PM: Bi-annual Mast Insulator Washing & Cantilever Tightening.,COMPLETED,171,T-302
HIST-04368,TASK-04411,2024-01-01T23:52:00,2024-01-02T02:56:00,Routine PM: Bi-annual Mast Insulator Washing & Cantilever Tightening.,COMPLETED,184,T-202
HIST-04369,TASK-04412,2024-06-30T00:06:00,2024-06-30T03:04:00,Routine PM: Bi-annual Mast Insulator Washing & Cantilever Tightening.,COMPLETED,178,T-301 (OHE Gang)
HIST-04370,TASK-04413,2024-12-27T00:09:00,2024-12-27T03:16:00,Routine PM: Bi-annual Mast Insulator Washing & Cantilever Tightening.,COMPLETED,187,T-101 (Engineering Gang)
HIST-04371,TASK-04414,2025-06-25T00:05:00,2025-06-25T03:13:00,Routine PM: Bi-annual Mast Insulator Washing & Cantilever Tightening.,COMPLETED,188,T-301 (OHE Gang)
HIST-04372,TASK-04415,2025-12-21T23:30:00,2025-12-22T02:31:00,Routine PM: Bi-annual Mast Insulator Washing & Cantilever Tightening.,COMPLETED,181,T-201 (Signal Staff)
HIST-04373,TASK-04416,2026-06-20T00:04:00,2026-06-20T03:11:00,Routine PM: Bi-annual Mast Insulator Washing & Cantilever Tightening.,COMPLETED,187,T-102
HIST-04386,TASK-04429,2023-09-20T00:23:00,2023-09-20T03:30:00,Routine PM: Bi-annual Mast Insulator Washing & Cantilever Tightening.,COMPLETED,187,T-302
HIST-04387,TASK-04430,2024-03-18T00:19:00,2024-03-18T03:23:00,Routine PM: Bi-annual Mast Insulator Washing & Cantilever Tightening.,COMPLETED,184,T-301 (OHE Gang)
HIST-04388,TASK-04431,2024-09-13T23:33:00,2024-09-14T02:31:00,Routine PM: Bi-annual Mast Insulator Washing & Cantilever Tightening.,COMPLETED,178,T-302
HIST-04389,TASK-04432,2025-03-12T23:53:00,2025-03-13T02:59:00,Routine PM: Bi-annual Mast Insulator Washing & Cantilever Tightening.,COMPLETED,186,T-102
HIST-04390,TASK-04433,2025-09-09T00:23:00,2025-09-09T03:14:00,Routine PM: Bi-annual Mast Insulator Washing & Cantilever Tightening.,COMPLETED,171,T-301 (OHE Gang)
HIST-04391,TASK-04434,2026-03-07T23:31:00,2026-03-08T02:39:00,Routine PM: Bi-annual Mast Insulator Washing & Cantilever Tightening.,COMPLETED,188,T-202
HIST-04416,TASK-04459,2023-10-16T23:36:00,2023-10-17T02:44:00,Routine PM: Bi-annual Mast Insulator Washing & Cantilever Tightening.,COMPLETED,188,T-301 (OHE Gang)
HIST-04417,TASK-04460,2024-04-13T23:40:00,2024-04-14T02:35:00,Routine PM: Bi-annual Mast Insulator Washing & Cantilever Tightening.,COMPLETED,175,T-202
HIST-04418,TASK-04461,2024-10-11T00:28:00,2024-10-11T03:32:00,Routine PM: Bi-annual Mast Insulator Washing & Cantilever Tightening.,COMPLETED,184,T-101 (Engineering Gang)
HIST-04419,TASK-04462,2025-04-08T23:43:00,2025-04-09T02:39:00,Routine PM: Bi-annual Mast Insulator Washing & Cantilever Tightening.,COMPLETED,176,T-201 (Signal Staff)
HIST-04420,TASK-04463,2025-10-06T00:21:00,2025-10-06T03:15:00,Routine PM: Bi-annual Mast Insulator Washing & Cantilever Tightening.,COMPLETED,174,T-201 (Signal Staff)
HIST-04421,TASK-04464,2026-04-04T00:02:00,2026-04-04T03:00:00,Routine PM: Bi-annual Mast Insulator Washing & Cantilever Tightening.,COMPLETED,178,T-302
HIST-04422,TASK-04465,2023-09-24T00:21:00,2023-09-24T03:18:00,Routine PM: Bi-annual Mast Insulator Washing & Cantilever Tightening.,COMPLETED,177,T-301 (OHE Gang)
HIST-04423,TASK-04466,2024-03-21T23:55:00,2024-03-22T03:03:00,Routine PM: Bi-annual Mast Insulator Washing & Cantilever Tightening.,COMPLETED,188,T-202
HIST-04424,TASK-04467,2024-09-17T23:55:00,2024-09-18T02:53:00,Routine PM: Bi-annual Mast Insulator Washing & Cantilever Tightening.,COMPLETED,178,T-202
HIST-04425,TASK-04468,2025-03-16T23:32:00,2025-03-17T02:36:00,Routine PM: Bi-annual Mast Insulator Washing & Cantilever Tightening.,COMPLETED,184,T-301 (OHE Gang)
HIST-04426,TASK-04469,2025-09-13T00:28:00,2025-09-13T03:28:00,Routine PM: Bi-annual Mast Insulator Washing & Cantilever Tightening.,COMPLETED,180,T-101 (Engineering Gang)
HIST-04427,TASK-04470,2026-03-11T23:33:00,2026-03-12T02:36:00,Routine PM: Bi-annual Mast Insulator Washing & Cantilever Tightening.,COMPLETED,183,T-202
HIST-04428,TASK-04471,2024-01-10T00:12:00,2024-01-10T03:09:00,Routine PM: Bi-annual Mast Insulator Washing & Cantilever Tightening.,COMPLETED,177,T-302
HIST-04429,TASK-04472,2024-07-08T00:18:00,2024-07-08T03:12:00,Routine PM: Bi-annual Mast Insulator Washing & Cantilever Tightening.,COMPLETED,174,T-101 (Engineering Gang)
HIST-04430,TASK-04473,2025-01-03T23:50:00,2025-01-04T02:49:00,Routine PM: Bi-annual Mast Insulator Washing & Cantilever Tightening.,COMPLETED,179,T-301 (OHE Gang)
HIST-04431,TASK-04474,2025-07-03T00:25:00,2025-07-03T03:32:00,Routine PM: Bi-annual Mast Insulator Washing & Cantilever Tightening.,COMPLETED,187,T-101 (Engineering Gang)
HIST-04432,TASK-04475,2025-12-30T00:24:00,2025-12-30T03:20:00,Routine PM: Bi-annual Mast Insulator Washing & Cantilever Tightening.,COMPLETED,176,T-201 (Signal Staff)
HIST-04433,TASK-04476,2026-06-28T00:13:00,2026-06-28T03:13:00,Routine PM: Bi-annual Mast Insulator Washing & Cantilever Tightening.,COMPLETED,180,T-302
HIST-04440,TASK-04483,2023-11-12T00:12:00,2023-11-12T03:16:00,Routine PM: Bi-annual Mast Insulator Washing & Cantilever Tightening.,COMPLETED,184,T-302
HIST-04441,TASK-04484,2024-05-10T00:20:00,2024-05-10T03:26:00,Routine PM: Bi-annual Mast Insulator Washing & Cantilever Tightening.,COMPLETED,186,T-301 (OHE Gang)
HIST-04442,TASK-04485,2024-11-05T23:47:00,2024-11-06T02:45:00,Routine PM: Bi-annual Mast Insulator Washing & Cantilever Tightening.,COMPLETED,178,T-101 (Engineering Gang)
HIST-04443,TASK-04486,2025-05-05T00:26:00,2025-05-05T03:27:00,Routine PM: Bi-annual Mast Insulator Washing & Cantilever Tightening.,COMPLETED,181,T-202
HIST-04444,TASK-04487,2025-10-31T23:51:00,2025-11-01T02:46:00,Routine PM: Bi-annual Mast Insulator Washing & Cantilever Tightening.,COMPLETED,175,T-102
HIST-04445,TASK-04488,2026-04-29T23:35:00,2026-04-30T02:26:00,Routine PM: Bi-annual Mast Insulator Washing & Cantilever Tightening.,COMPLETED,171,T-102
HIST-04461,TASK-04504,2023-11-23T23:36:00,2023-11-24T02:32:00,Routine PM: Bi-annual Mast Insulator Washing & Cantilever Tightening.,COMPLETED,176,T-201 (Signal Staff)
HIST-04462,TASK-04505,2024-05-22T00:05:00,2024-05-22T03:05:00,Routine PM: Bi-annual Mast Insulator Washing & Cantilever Tightening.,COMPLETED,180,T-102
HIST-04463,TASK-04506,2024-11-17T23:43:00,2024-11-18T02:46:00,Routine PM: Bi-annual Mast Insulator Washing & Cantilever Tightening.,COMPLETED,183,T-202
HIST-04464,TASK-04507,2025-05-17T00:30:00,2025-05-17T03:22:00,Routine PM: Bi-annual Mast Insulator Washing & Cantilever Tightening.,COMPLETED,172,T-301 (OHE Gang)
HIST-04465,TASK-04508,2025-11-13T00:18:00,2025-11-13T03:12:00,Routine PM: Bi-annual Mast Insulator Washing & Cantilever Tightening.,COMPLETED,174,T-101 (Engineering Gang)
HIST-04466,TASK-04509,2026-05-12T00:12:00,2026-05-12T03:09:00,Routine PM: Bi-annual Mast Insulator Washing & Cantilever Tightening.,COMPLETED,177,T-302
HIST-04467,TASK-04510,2023-10-05T23:34:00,2023-10-06T02:37:00,Routine PM: Bi-annual Mast Insulator Washing & Cantilever Tightening.,COMPLETED,183,T-201 (Signal Staff)
HIST-04468,TASK-04511,2024-04-02T23:52:00,2024-04-03T02:50:00,Routine PM: Bi-annual Mast Insulator Washing & Cantilever Tightening.,COMPLETED,178,T-101 (Engineering Gang)
HIST-04469,TASK-04512,2024-09-30T00:30:00,2024-09-30T03:28:00,Routine PM: Bi-annual Mast Insulator Washing & Cantilever Tightening.,COMPLETED,178,T-101 (Engineering Gang)
HIST-04470,TASK-04513,2025-03-28T23:40:00,2025-03-29T02:39:00,Routine PM: Bi-annual Mast Insulator Washing & Cantilever Tightening.,COMPLETED,179,T-301 (OHE Gang)
HIST-04471,TASK-04514,2025-09-25T00:00:00,2025-09-25T02:54:00,Routine PM: Bi-annual Mast Insulator Washing & Cantilever Tightening.,COMPLETED,174,T-301 (OHE Gang)
HIST-04472,TASK-04515,2026-03-23T23:59:00,2026-03-24T03:07:00,Routine PM: Bi-annual Mast Insulator Washing & Cantilever Tightening.,COMPLETED,188,T-202
HIST-04494,TASK-04537,2023-09-04T00:07:00,2023-09-04T03:14:00,Routine PM: Bi-annual Mast Insulator Washing & Cantilever Tightening.,COMPLETED,187,T-302
HIST-04495,TASK-04538,2024-03-01T23:38:00,2024-03-02T02:34:00,Routine PM: Bi-annual Mast Insulator Washing & Cantilever Tightening.,COMPLETED,176,T-301 (OHE Gang)
HIST-04496,TASK-04539,2024-08-29T00:29:00,2024-08-29T03:22:00,Routine PM: Bi-annual Mast Insulator Washing & Cantilever Tightening.,COMPLETED,173,T-102
HIST-04497,TASK-04540,2025-02-24T23:45:00,2025-02-25T02:41:00,Routine PM: Bi-annual Mast Insulator Washing & Cantilever Tightening.,COMPLETED,176,T-301 (OHE Gang)
HIST-04498,TASK-04541,2025-08-23T23:30:00,2025-08-24T02:22:00,Routine PM: Bi-annual Mast Insulator Washing & Cantilever Tightening.,COMPLETED,172,T-102
HIST-04499,TASK-04542,2026-02-20T00:24:00,2026-02-20T03:28:00,Routine PM: Bi-annual Mast Insulator Washing & Cantilever Tightening.,COMPLETED,184,T-302
HIST-04512,TASK-04555,2023-08-17T00:16:00,2023-08-17T03:18:00,Routine PM: Bi-annual Mast Insulator Washing & Cantilever Tightening.,COMPLETED,182,T-201 (Signal Staff)
HIST-04513,TASK-04556,2024-02-12T23:47:00,2024-02-13T02:39:00,Routine PM: Bi-annual Mast Insulator Washing & Cantilever Tightening.,COMPLETED,172,T-102
HIST-04514,TASK-04557,2024-08-11T00:02:00,2024-08-11T02:54:00,Routine PM: Bi-annual Mast Insulator Washing & Cantilever Tightening.,COMPLETED,172,T-202
HIST-04515,TASK-04558,2025-02-06T23:30:00,2025-02-07T02:29:00,Routine PM: Bi-annual Mast Insulator Washing & Cantilever Tightening.,COMPLETED,179,T-202
HIST-04516,TASK-04559,2025-08-05T23:53:00,2025-08-06T02:52:00,Routine PM: Bi-annual Mast Insulator Washing & Cantilever Tightening.,COMPLETED,179,T-101 (Engineering Gang)
HIST-04517,TASK-04560,2026-02-02T00:12:00,2026-02-02T03:20:00,Routine PM: Bi-annual Mast Insulator Washing & Cantilever Tightening.,COMPLETED,188,T-301 (OHE Gang)
HIST-04554,TASK-04597,2023-12-13T00:26:00,2023-12-13T03:20:00,Routine PM: Bi-annual Mast Insulator Washing & Cantilever Tightening.,COMPLETED,174,T-301 (OHE Gang)
HIST-04555,TASK-04598,2024-06-10T00:23:00,2024-06-10T03:20:00,Routine PM: Bi-annual Mast Insulator Washing & Cantilever Tightening.,COMPLETED,177,T-201 (Signal Staff)
HIST-04556,TASK-04599,2024-12-07T00:13:00,2024-12-07T03:15:00,Routine PM: Bi-annual Mast Insulator Washing & Cantilever Tightening.,COMPLETED,182,T-202
HIST-04557,TASK-04600,2025-06-05T00:07:00,2025-06-05T03:05:00,Routine PM: Bi-annual Mast Insulator Washing & Cantilever Tightening.,COMPLETED,178,T-201 (Signal Staff)
HIST-04558,TASK-04601,2025-12-01T23:56:00,2025-12-02T02:48:00,Routine PM: Bi-annual Mast Insulator Washing & Cantilever Tightening.,COMPLETED,172,T-102
HIST-04559,TASK-04602,2026-05-31T00:22:00,2026-05-31T03:14:00,Routine PM: Bi-annual Mast Insulator Washing & Cantilever Tightening.,COMPLETED,172,T-101 (Engineering Gang)
HIST-04563,TASK-04606,2023-10-16T23:37:00,2023-10-17T02:44:00,Routine PM: Bi-annual Mast Insulator Washing & Cantilever Tightening.,COMPLETED,187,T-102
HIST-04564,TASK-04607,2024-04-13T23:48:00,2024-04-14T02:40:00,Routine PM: Bi-annual Mast Insulator Washing & Cantilever Tightening.,COMPLETED,172,T-101 (Engineering Gang)
HIST-04565,TASK-04608,2024-10-11T00:08:00,2024-10-11T03:10:00,Routine PM: Bi-annual Mast Insulator Washing & Cantilever Tightening.,COMPLETED,182,T-101 (Engineering Gang)
HIST-04566,TASK-04609,2025-04-09T00:14:00,2025-04-09T03:08:00,Routine PM: Bi-annual Mast Insulator Washing & Cantilever Tightening.,COMPLETED,174,T-301 (OHE Gang)
HIST-04567,TASK-04610,2025-10-05T23:56:00,2025-10-06T02:52:00,Routine PM: Bi-annual Mast Insulator Washing & Cantilever Tightening.,COMPLETED,176,T-101 (Engineering Gang)
HIST-04568,TASK-04611,2026-04-04T00:11:00,2026-04-04T03:19:00,Routine PM: Bi-annual Mast Insulator Washing & Cantilever Tightening.,COMPLETED,188,T-201 (Signal Staff)
HIST-04593,TASK-04636,2024-01-27T00:19:00,2024-01-27T03:22:00,Routine PM: Bi-annual Mast Insulator Washing & Cantilever Tightening.,COMPLETED,183,T-301 (OHE Gang)
HIST-04594,TASK-04637,2024-07-24T23:41:00,2024-07-25T02:33:00,Routine PM: Bi-annual Mast Insulator Washing & Cantilever Tightening.,COMPLETED,172,T-301 (OHE Gang)
HIST-04595,TASK-04638,2025-01-21T00:17:00,2025-01-21T03:17:00,Routine PM: Bi-annual Mast Insulator Washing & Cantilever Tightening.,COMPLETED,180,T-301 (OHE Gang)
HIST-04596,TASK-04639,2025-07-19T23:48:00,2025-07-20T02:51:00,Routine PM: Bi-annual Mast Insulator Washing & Cantilever Tightening.,COMPLETED,183,T-301 (OHE Gang)
HIST-04597,TASK-04640,2026-01-16T00:18:00,2026-01-16T03:23:00,Routine PM: Bi-annual Mast Insulator Washing & Cantilever Tightening.,COMPLETED,185,T-301 (OHE Gang)
HIST-04598,TASK-04641,2026-07-15T00:06:00,2026-07-15T03:06:00,Routine PM: Bi-annual Mast Insulator Washing & Cantilever Tightening.,COMPLETED,180,T-302
HIST-04641,TASK-04684,2024-01-07T00:15:00,2024-01-07T03:09:00,Routine PM: Bi-annual Mast Insulator Washing & Cantilever Tightening.,COMPLETED,174,T-101 (Engineering Gang)
HIST-04642,TASK-04685,2024-07-05T00:26:00,2024-07-05T03:32:00,Routine PM: Bi-annual Mast Insulator Washing & Cantilever Tightening.,COMPLETED,186,T-301 (OHE Gang)
HIST-04643,TASK-04686,2024-12-31T23:58:00,2025-01-01T02:50:00,Routine PM: Bi-annual Mast Insulator Washing & Cantilever Tightening.,COMPLETED,172,T-102
HIST-04644,TASK-04687,2025-06-29T23:45:00,2025-06-30T02:39:00,Routine PM: Bi-annual Mast Insulator Washing & Cantilever Tightening.,COMPLETED,174,T-302
HIST-04645,TASK-04688,2025-12-27T00:05:00,2025-12-27T02:57:00,Routine PM: Bi-annual Mast Insulator Washing & Cantilever Tightening.,COMPLETED,172,T-301 (OHE Gang)
HIST-04646,TASK-04689,2026-06-24T23:51:00,2026-06-25T02:48:00,Routine PM: Bi-annual Mast Insulator Washing & Cantilever Tightening.,COMPLETED,177,T-102
HIST-04737,TASK-04780,2023-11-05T00:09:00,2023-11-05T03:01:00,Routine PM: Bi-annual Mast Insulator Washing & Cantilever Tightening.,COMPLETED,172,T-102
HIST-04738,TASK-04781,2024-05-02T23:51:00,2024-05-03T02:53:00,Routine PM: Bi-annual Mast Insulator Washing & Cantilever Tightening.,COMPLETED,182,T-201 (Signal Staff)
HIST-04739,TASK-04782,2024-10-29T23:37:00,2024-10-30T02:35:00,Routine PM: Bi-annual Mast Insulator Washing & Cantilever Tightening.,COMPLETED,178,T-201 (Signal Staff)
HIST-04740,TASK-04783,2025-04-28T00:12:00,2025-04-28T03:18:00,Routine PM: Bi-annual Mast Insulator Washing & Cantilever Tightening.,COMPLETED,186,T-201 (Signal Staff)
HIST-04741,TASK-04784,2025-10-24T23:45:00,2025-10-25T02:44:00,Routine PM: Bi-annual Mast Insulator Washing & Cantilever Tightening.,COMPLETED,179,T-102
HIST-04742,TASK-04785,2026-04-22T23:30:00,2026-04-23T02:30:00,Routine PM: Bi-annual Mast Insulator Washing & Cantilever Tightening.,COMPLETED,180,T-101 (Engineering Gang)
HIST-04743,TASK-04786,2023-11-02T00:27:00,2023-11-02T03:29:00,Routine PM: Bi-annual Mast Insulator Washing & Cantilever Tightening.,COMPLETED,182,T-102
HIST-04744,TASK-04787,2024-04-30T00:18:00,2024-04-30T03:17:00,Routine PM: Bi-annual Mast Insulator Washing & Cantilever Tightening.,COMPLETED,179,T-301 (OHE Gang)
HIST-04745,TASK-04788,2024-10-27T00:05:00,2024-10-27T03:04:00,Routine PM: Bi-annual Mast Insulator Washing & Cantilever Tightening.,COMPLETED,179,T-301 (OHE Gang)
HIST-04746,TASK-04789,2025-04-24T23:42:00,2025-04-25T02:41:00,Routine PM: Bi-annual Mast Insulator Washing & Cantilever Tightening.,COMPLETED,179,T-102
HIST-04747,TASK-04790,2025-10-21T23:38:00,2025-10-22T02:29:00,Routine PM: Bi-annual Mast Insulator Washing & Cantilever Tightening.,COMPLETED,171,T-101 (Engineering Gang)
HIST-04748,TASK-04791,2026-04-19T23:50:00,2026-04-20T02:45:00,Routine PM: Bi-annual Mast Insulator Washing & Cantilever Tightening.,COMPLETED,175,T-201 (Signal Staff)
HIST-04761,TASK-04804,2024-01-14T00:26:00,2024-01-14T03:32:00,Routine PM: Bi-annual Mast Insulator Washing & Cantilever Tightening.,COMPLETED,186,T-101 (Engineering Gang)
HIST-04762,TASK-04805,2024-07-11T23:43:00,2024-07-12T02:45:00,Routine PM: Bi-annual Mast Insulator Washing & Cantilever Tightening.,COMPLETED,182,T-302
HIST-04763,TASK-04806,2025-01-08T00:30:00,2025-01-08T03:26:00,Routine PM: Bi-annual Mast Insulator Washing & Cantilever Tightening.,COMPLETED,176,T-202
HIST-04764,TASK-04807,2025-07-06T23:37:00,2025-07-07T02:32:00,Routine PM: Bi-annual Mast Insulator Washing & Cantilever Tightening.,COMPLETED,175,T-301 (OHE Gang)
HIST-04765,TASK-04808,2026-01-03T00:22:00,2026-01-03T03:19:00,Routine PM: Bi-annual Mast Insulator Washing & Cantilever Tightening.,COMPLETED,177,T-301 (OHE Gang)
HIST-04766,TASK-04809,2026-07-01T23:42:00,2026-07-02T02:48:00,Routine PM: Bi-annual Mast Insulator Washing & Cantilever Tightening.,COMPLETED,186,T-302
HIST-04767,TASK-04810,2023-11-20T23:57:00,2023-11-21T02:56:00,Routine PM: Bi-annual Mast Insulator Washing & Cantilever Tightening.,COMPLETED,179,T-201 (Signal Staff)
HIST-04768,TASK-04811,2024-05-18T23:55:00,2024-05-19T02:51:00,Routine PM: Bi-annual Mast Insulator Washing & Cantilever Tightening.,COMPLETED,176,T-302
HIST-04769,TASK-04812,2024-11-14T23:42:00,2024-11-15T02:38:00,Routine PM: Bi-annual Mast Insulator Washing & Cantilever Tightening.,COMPLETED,176,T-302
HIST-04770,TASK-04813,2025-05-14T00:29:00,2025-05-14T03:25:00,Routine PM: Bi-annual Mast Insulator Washing & Cantilever Tightening.,COMPLETED,176,T-201 (Signal Staff)
HIST-04771,TASK-04814,2025-11-09T23:41:00,2025-11-10T02:41:00,Routine PM: Bi-annual Mast Insulator Washing & Cantilever Tightening.,COMPLETED,180,T-302
HIST-04772,TASK-04815,2026-05-08T23:38:00,2026-05-09T02:32:00,Routine PM: Bi-annual Mast Insulator Washing & Cantilever Tightening.,COMPLETED,174,T-301 (OHE Gang)
HIST-04773,TASK-04816,2023-10-10T00:23:00,2023-10-10T03:19:00,Routine PM: Bi-annual Mast Insulator Washing & Cantilever Tightening.,COMPLETED,176,T-302
HIST-04774,TASK-04817,2024-04-06T23:50:00,2024-04-07T02:54:00,Routine PM: Bi-annual Mast Insulator Washing & Cantilever Tightening.,COMPLETED,184,T-302
HIST-04775,TASK-04818,2024-10-04T00:08:00,2024-10-04T03:07:00,Routine PM: Bi-annual Mast Insulator Washing & Cantilever Tightening.,COMPLETED,179,T-202
HIST-04776,TASK-04819,2025-04-02T00:06:00,2025-04-02T03:00:00,Routine PM: Bi-annual Mast Insulator Washing & Cantilever Tightening.,COMPLETED,174,T-301 (OHE Gang)
HIST-04777,TASK-04820,2025-09-29T00:08:00,2025-09-29T03:14:00,Routine PM: Bi-annual Mast Insulator Washing & Cantilever Tightening.,COMPLETED,186,T-301 (OHE Gang)
HIST-04778,TASK-04821,2026-03-27T23:58:00,2026-03-28T02:57:00,Routine PM: Bi-annual Mast Insulator Washing & Cantilever Tightening.,COMPLETED,179,T-202
HIST-04815,TASK-04858,2023-09-14T23:49:00,2023-09-15T02:53:00,Routine PM: Bi-annual Mast Insulator Washing & Cantilever Tightening.,COMPLETED,184,T-301 (OHE Gang)
HIST-04816,TASK-04859,2024-03-12T23:57:00,2024-03-13T03:05:00,Routine PM: Bi-annual Mast Insulator Washing & Cantilever Tightening.,COMPLETED,188,T-102
HIST-04817,TASK-04860,2024-09-09T00:17:00,2024-09-09T03:08:00,Routine PM: Bi-annual Mast Insulator Washing & Cantilever Tightening.,COMPLETED,171,T-201 (Signal Staff)
HIST-04818,TASK-04861,2025-03-08T00:04:00,2025-03-08T03:00:00,Routine PM: Bi-annual Mast Insulator Washing & Cantilever Tightening.,COMPLETED,176,T-301 (OHE Gang)
HIST-04819,TASK-04862,2025-09-04T00:14:00,2025-09-04T03:07:00,Routine PM: Bi-annual Mast Insulator Washing & Cantilever Tightening.,COMPLETED,173,T-101 (Engineering Gang)
HIST-04820,TASK-04863,2026-03-03T00:22:00,2026-03-03T03:20:00,Routine PM: Bi-annual Mast Insulator Washing & Cantilever Tightening.,COMPLETED,178,T-201 (Signal Staff)
HIST-04824,TASK-04867,2024-01-07T00:28:00,2024-01-07T03:25:00,Routine PM: Bi-annual Mast Insulator Washing & Cantilever Tightening.,COMPLETED,177,T-101 (Engineering Gang)
HIST-04825,TASK-04868,2024-07-05T00:13:00,2024-07-05T03:20:00,Routine PM: Bi-annual Mast Insulator Washing & Cantilever Tightening.,COMPLETED,187,T-202
HIST-04826,TASK-04869,2024-12-31T23:40:00,2025-01-01T02:42:00,Routine PM: Bi-annual Mast Insulator Washing & Cantilever Tightening.,COMPLETED,182,T-201 (Signal Staff)
HIST-04827,TASK-04870,2025-06-29T23:40:00,2025-06-30T02:44:00,Routine PM: Bi-annual Mast Insulator Washing & Cantilever Tightening.,COMPLETED,184,T-102
HIST-04828,TASK-04871,2025-12-27T00:03:00,2025-12-27T03:04:00,Routine PM: Bi-annual Mast Insulator Washing & Cantilever Tightening.,COMPLETED,181,T-202
HIST-04829,TASK-04872,2026-06-25T00:02:00,2026-06-25T02:59:00,Routine PM: Bi-annual Mast Insulator Washing & Cantilever Tightening.,COMPLETED,177,T-101 (Engineering Gang)
HIST-04878,TASK-04921,2024-01-08T23:51:00,2024-01-09T02:42:00,Routine PM: Bi-annual Mast Insulator Washing & Cantilever Tightening.,COMPLETED,171,T-301 (OHE Gang)
HIST-04879,TASK-04922,2024-07-06T23:48:00,2024-07-07T02:43:00,Routine PM: Bi-annual Mast Insulator Washing & Cantilever Tightening.,COMPLETED,175,T-201 (Signal Staff)
HIST-04880,TASK-04923,2025-01-02T23:58:00,2025-01-03T02:50:00,Routine PM: Bi-annual Mast Insulator Washing & Cantilever Tightening.,COMPLETED,172,T-202
HIST-04881,TASK-04924,2025-07-01T23:40:00,2025-07-02T02:41:00,Routine PM: Bi-annual Mast Insulator Washing & Cantilever Tightening.,COMPLETED,181,T-302
HIST-04882,TASK-04925,2025-12-28T23:30:00,2025-12-29T02:23:00,Routine PM: Bi-annual Mast Insulator Washing & Cantilever Tightening.,COMPLETED,173,T-202
HIST-04883,TASK-04926,2026-06-26T23:47:00,2026-06-27T02:55:00,Routine PM: Bi-annual Mast Insulator Washing & Cantilever Tightening.,COMPLETED,188,T-302
HIST-04920,TASK-04963,2023-10-16T23:51:00,2023-10-17T02:49:00,Routine PM: Bi-annual Mast Insulator Washing & Cantilever Tightening.,COMPLETED,178,T-101 (Engineering Gang)
HIST-04921,TASK-04964,2024-04-13T23:55:00,2024-04-14T02:54:00,Routine PM: Bi-annual Mast Insulator Washing & Cantilever Tightening.,COMPLETED,179,T-102
HIST-04922,TASK-04965,2024-10-10T23:55:00,2024-10-11T02:46:00,Routine PM: Bi-annual Mast Insulator Washing & Cantilever Tightening.,COMPLETED,171,T-102
HIST-04923,TASK-04966,2025-04-08T23:36:00,2025-04-09T02:34:00,Routine PM: Bi-annual Mast Insulator Washing & Cantilever Tightening.,COMPLETED,178,T-202
HIST-04924,TASK-04967,2025-10-05T23:41:00,2025-10-06T02:40:00,Routine PM: Bi-annual Mast Insulator Washing & Cantilever Tightening.,COMPLETED,179,T-302
HIST-04925,TASK-04968,2026-04-04T00:05:00,2026-04-04T03:06:00,Routine PM: Bi-annual Mast Insulator Washing & Cantilever Tightening.,COMPLETED,181,T-102
HIST-04926,TASK-04969,2023-12-25T00:19:00,2023-12-25T03:22:00,Routine PM: Bi-annual Mast Insulator Washing & Cantilever Tightening.,COMPLETED,183,T-102
HIST-04927,TASK-04970,2024-06-21T23:35:00,2024-06-22T02:35:00,Routine PM: Bi-annual Mast Insulator Washing & Cantilever Tightening.,COMPLETED,180,T-202
HIST-04928,TASK-04971,2024-12-18T23:42:00,2024-12-19T02:48:00,Routine PM: Bi-annual Mast Insulator Washing & Cantilever Tightening.,COMPLETED,186,T-202
HIST-04929,TASK-04972,2025-06-16T23:44:00,2025-06-17T02:40:00,Routine PM: Bi-annual Mast Insulator Washing & Cantilever Tightening.,COMPLETED,176,T-302
HIST-04930,TASK-04973,2025-12-14T00:27:00,2025-12-14T03:25:00,Routine PM: Bi-annual Mast Insulator Washing & Cantilever Tightening.,COMPLETED,178,T-101 (Engineering Gang)
HIST-04931,TASK-04974,2026-06-11T23:52:00,2026-06-12T03:00:00,Routine PM: Bi-annual Mast Insulator Washing & Cantilever Tightening.,COMPLETED,188,T-101 (Engineering Gang)
HIST-04935,TASK-04978,2023-12-25T23:40:00,2023-12-26T02:47:00,Routine PM: Bi-annual Mast Insulator Washing & Cantilever Tightening.,COMPLETED,187,T-201 (Signal Staff)
HIST-04936,TASK-04979,2024-06-22T23:37:00,2024-06-23T02:40:00,Routine PM: Bi-annual Mast Insulator Washing & Cantilever Tightening.,COMPLETED,183,T-302
HIST-04937,TASK-04980,2024-12-19T23:49:00,2024-12-20T02:55:00,Routine PM: Bi-annual Mast Insulator Washing & Cantilever Tightening.,COMPLETED,186,T-201 (Signal Staff)
HIST-04938,TASK-04981,2025-06-17T23:49:00,2025-06-18T02:51:00,Routine PM: Bi-annual Mast Insulator Washing & Cantilever Tightening.,COMPLETED,182,T-101 (Engineering Gang)
HIST-04939,TASK-04982,2025-12-15T00:23:00,2025-12-15T03:27:00,Routine PM: Bi-annual Mast Insulator Washing & Cantilever Tightening.,COMPLETED,184,T-302
HIST-04940,TASK-04983,2026-06-12T23:44:00,2026-06-13T02:35:00,Routine PM: Bi-annual Mast Insulator Washing & Cantilever Tightening.,COMPLETED,171,T-301 (OHE Gang)
HIST-04941,TASK-04984,2023-11-02T23:54:00,2023-11-03T02:55:00,Routine PM: Bi-annual Mast Insulator Washing & Cantilever Tightening.,COMPLETED,181,T-202
HIST-04942,TASK-04985,2024-05-01T00:10:00,2024-05-01T03:11:00,Routine PM: Bi-annual Mast Insulator Washing & Cantilever Tightening.,COMPLETED,181,T-201 (Signal Staff)
HIST-04943,TASK-04986,2024-10-28T00:20:00,2024-10-28T03:16:00,Routine PM: Bi-annual Mast Insulator Washing & Cantilever Tightening.,COMPLETED,176,T-102
HIST-04944,TASK-04987,2025-04-25T23:44:00,2025-04-26T02:40:00,Routine PM: Bi-annual Mast Insulator Washing & Cantilever Tightening.,COMPLETED,176,T-101 (Engineering Gang)
HIST-04945,TASK-04988,2025-10-23T00:18:00,2025-10-23T03:09:00,Routine PM: Bi-annual Mast Insulator Washing & Cantilever Tightening.,COMPLETED,171,T-101 (Engineering Gang)
HIST-04946,TASK-04989,2026-04-21T00:07:00,2026-04-21T03:06:00,Routine PM: Bi-annual Mast Insulator Washing & Cantilever Tightening.,COMPLETED,179,T-202
HIST-04947,TASK-04990,2024-01-17T23:44:00,2024-01-18T02:39:00,Routine PM: Bi-annual Mast Insulator Washing & Cantilever Tightening.,COMPLETED,175,T-301 (OHE Gang)
HIST-04948,TASK-04991,2024-07-15T23:30:00,2024-07-16T02:22:00,Routine PM: Bi-annual Mast Insulator Washing & Cantilever Tightening.,COMPLETED,172,T-101 (Engineering Gang)
HIST-04949,TASK-04992,2025-01-12T00:09:00,2025-01-12T03:06:00,Routine PM: Bi-annual Mast Insulator Washing & Cantilever Tightening.,COMPLETED,177,T-302
HIST-04950,TASK-04993,2025-07-10T23:35:00,2025-07-11T02:29:00,Routine PM: Bi-annual Mast Insulator Washing & Cantilever Tightening.,COMPLETED,174,T-101 (Engineering Gang)
HIST-04951,TASK-04994,2026-01-06T23:43:00,2026-01-07T02:34:00,Routine PM: Bi-annual Mast Insulator Washing & Cantilever Tightening.,COMPLETED,171,T-102
HIST-04952,TASK-04995,2026-07-06T00:24:00,2026-07-06T03:22:00,Routine PM: Bi-annual Mast Insulator Washing & Cantilever Tightening.,COMPLETED,178,T-102
HIST-04956,TASK-04999,2023-11-03T00:20:00,2023-11-03T03:23:00,Routine PM: Bi-annual Mast Insulator Washing & Cantilever Tightening.,COMPLETED,183,T-302
HIST-04957,TASK-05000,2024-05-01T00:28:00,2024-05-01T03:21:00,Routine PM: Bi-annual Mast Insulator Washing & Cantilever Tightening.,COMPLETED,173,T-302
HIST-04958,TASK-05001,2024-10-27T23:31:00,2024-10-28T02:38:00,Routine PM: Bi-annual Mast Insulator Washing & Cantilever Tightening.,COMPLETED,187,T-202
HIST-04959,TASK-05002,2025-04-26T00:01:00,2025-04-26T02:54:00,Routine PM: Bi-annual Mast Insulator Washing & Cantilever Tightening.,COMPLETED,173,T-301 (OHE Gang)
HIST-04960,TASK-05003,2025-10-23T00:19:00,2025-10-23T03:19:00,Routine PM: Bi-annual Mast Insulator Washing & Cantilever Tightening.,COMPLETED,180,T-101 (Engineering Gang)
HIST-04961,TASK-05004,2026-04-21T00:02:00,2026-04-21T02:54:00,Routine PM: Bi-annual Mast Insulator Washing & Cantilever Tightening.,COMPLETED,172,T-102
HIST-05037,TASK-05080,2023-12-31T23:42:00,2024-01-01T02:39:00,Routine PM: Bi-annual Mast Insulator Washing & Cantilever Tightening.,COMPLETED,177,T-102
HIST-05038,TASK-05081,2024-06-29T00:07:00,2024-06-29T03:14:00,Routine PM: Bi-annual Mast Insulator Washing & Cantilever Tightening.,COMPLETED,187,T-102
HIST-05039,TASK-05082,2024-12-25T23:35:00,2024-12-26T02:33:00,Routine PM: Bi-annual Mast Insulator Washing & Cantilever Tightening.,COMPLETED,178,T-201 (Signal Staff)
HIST-05040,TASK-05083,2025-06-23T23:54:00,2025-06-24T03:02:00,Routine PM: Bi-annual Mast Insulator Washing & Cantilever Tightening.,COMPLETED,188,T-302
HIST-05041,TASK-05084,2025-12-21T00:00:00,2025-12-21T03:06:00,Routine PM: Bi-annual Mast Insulator Washing & Cantilever Tightening.,COMPLETED,186,T-102
HIST-05042,TASK-05085,2026-06-19T00:28:00,2026-06-19T03:31:00,Routine PM: Bi-annual Mast Insulator Washing & Cantilever Tightening.,COMPLETED,183,T-301 (OHE Gang)
HIST-05049,TASK-05092,2023-09-07T00:12:00,2023-09-07T03:14:00,Routine PM: Bi-annual Mast Insulator Washing & Cantilever Tightening.,COMPLETED,182,T-101 (Engineering Gang)
HIST-05050,TASK-05093,2024-03-05T00:14:00,2024-03-05T03:07:00,Routine PM: Bi-annual Mast Insulator Washing & Cantilever Tightening.,COMPLETED,173,T-301 (OHE Gang)
HIST-05051,TASK-05094,2024-09-01T00:23:00,2024-09-01T03:16:00,Routine PM: Bi-annual Mast Insulator Washing & Cantilever Tightening.,COMPLETED,173,T-102
HIST-05052,TASK-05095,2025-02-28T00:18:00,2025-02-28T03:23:00,Routine PM: Bi-annual Mast Insulator Washing & Cantilever Tightening.,COMPLETED,185,T-101 (Engineering Gang)
HIST-05053,TASK-05096,2025-08-26T23:53:00,2025-08-27T02:44:00,Routine PM: Bi-annual Mast Insulator Washing & Cantilever Tightening.,COMPLETED,171,T-202
HIST-05054,TASK-05097,2026-02-23T00:21:00,2026-02-23T03:29:00,Routine PM: Bi-annual Mast Insulator Washing & Cantilever Tightening.,COMPLETED,188,T-301 (OHE Gang)
HIST-05055,TASK-05098,2023-11-09T23:32:00,2023-11-10T02:28:00,Routine PM: Bi-annual Mast Insulator Washing & Cantilever Tightening.,COMPLETED,176,T-201 (Signal Staff)
HIST-05056,TASK-05099,2024-05-07T23:46:00,2024-05-08T02:42:00,Routine PM: Bi-annual Mast Insulator Washing & Cantilever Tightening.,COMPLETED,176,T-202
HIST-05057,TASK-05100,2024-11-03T23:35:00,2024-11-04T02:35:00,Routine PM: Bi-annual Mast Insulator Washing & Cantilever Tightening.,COMPLETED,180,T-302
HIST-05058,TASK-05101,2025-05-03T00:25:00,2025-05-03T03:28:00,Routine PM: Bi-annual Mast Insulator Washing & Cantilever Tightening.,COMPLETED,183,T-202
HIST-05059,TASK-05102,2025-10-30T00:04:00,2025-10-30T03:06:00,Routine PM: Bi-annual Mast Insulator Washing & Cantilever Tightening.,COMPLETED,182,T-102
HIST-05060,TASK-05103,2026-04-27T23:58:00,2026-04-28T02:58:00,Routine PM: Bi-annual Mast Insulator Washing & Cantilever Tightening.,COMPLETED,180,T-202
HIST-05064,TASK-05107,2023-12-06T00:28:00,2023-12-06T03:24:00,Routine PM: Bi-annual Mast Insulator Washing & Cantilever Tightening.,COMPLETED,176,T-302
HIST-05065,TASK-05108,2024-06-02T23:35:00,2024-06-03T02:31:00,Routine PM: Bi-annual Mast Insulator Washing & Cantilever Tightening.,COMPLETED,176,T-201 (Signal Staff)
HIST-05066,TASK-05109,2024-11-29T23:31:00,2024-11-30T02:23:00,Routine PM: Bi-annual Mast Insulator Washing & Cantilever Tightening.,COMPLETED,172,T-301 (OHE Gang)
HIST-05067,TASK-05110,2025-05-29T00:23:00,2025-05-29T03:25:00,Routine PM: Bi-annual Mast Insulator Washing & Cantilever Tightening.,COMPLETED,182,T-302
HIST-05068,TASK-05111,2025-11-25T00:20:00,2025-11-25T03:20:00,Routine PM: Bi-annual Mast Insulator Washing & Cantilever Tightening.,COMPLETED,180,T-301 (OHE Gang)
HIST-05069,TASK-05112,2026-05-23T23:43:00,2026-05-24T02:43:00,Routine PM: Bi-annual Mast Insulator Washing & Cantilever Tightening.,COMPLETED,180,T-302
HIST-05082,TASK-05125,2023-09-30T00:23:00,2023-09-30T03:15:00,Routine PM: Bi-annual Mast Insulator Washing & Cantilever Tightening.,COMPLETED,172,T-302
HIST-05083,TASK-05126,2024-03-28T00:30:00,2024-03-28T03:38:00,Routine PM: Bi-annual Mast Insulator Washing & Cantilever Tightening.,COMPLETED,188,T-202
HIST-05084,TASK-05127,2024-09-23T23:50:00,2024-09-24T02:46:00,Routine PM: Bi-annual Mast Insulator Washing & Cantilever Tightening.,COMPLETED,176,T-202
HIST-05085,TASK-05128,2025-03-22T23:54:00,2025-03-23T02:55:00,Routine PM: Bi-annual Mast Insulator Washing & Cantilever Tightening.,COMPLETED,181,T-101 (Engineering Gang)
HIST-05086,TASK-05129,2025-09-19T00:01:00,2025-09-19T03:00:00,Routine PM: Bi-annual Mast Insulator Washing & Cantilever Tightening.,COMPLETED,179,T-302
HIST-05087,TASK-05130,2026-03-18T00:12:00,2026-03-18T03:06:00,Routine PM: Bi-annual Mast Insulator Washing & Cantilever Tightening.,COMPLETED,174,T-102
HIST-05199,TASK-05242,2023-09-17T00:12:00,2023-09-17T03:15:00,Routine PM: Bi-annual Mast Insulator Washing & Cantilever Tightening.,COMPLETED,183,T-101 (Engineering Gang)
HIST-05200,TASK-05243,2024-03-15T00:05:00,2024-03-15T03:10:00,Routine PM: Bi-annual Mast Insulator Washing & Cantilever Tightening.,COMPLETED,185,T-302
HIST-05201,TASK-05244,2024-09-10T23:45:00,2024-09-11T02:43:00,Routine PM: Bi-annual Mast Insulator Washing & Cantilever Tightening.,COMPLETED,178,T-202
HIST-05202,TASK-05245,2025-03-10T00:21:00,2025-03-10T03:25:00,Routine PM: Bi-annual Mast Insulator Washing & Cantilever Tightening.,COMPLETED,184,T-301 (OHE Gang)
HIST-05203,TASK-05246,2025-09-06T00:09:00,2025-09-06T03:09:00,Routine PM: Bi-annual Mast Insulator Washing & Cantilever Tightening.,COMPLETED,180,T-301 (OHE Gang)
HIST-05204,TASK-05247,2026-03-05T00:07:00,2026-03-05T03:07:00,Routine PM: Bi-annual Mast Insulator Washing & Cantilever Tightening.,COMPLETED,180,T-101 (Engineering Gang)
HIST-05205,TASK-05248,2023-12-27T23:47:00,2023-12-28T02:45:00,Routine PM: Bi-annual Mast Insulator Washing & Cantilever Tightening.,COMPLETED,178,T-202
HIST-05206,TASK-05249,2024-06-25T00:22:00,2024-06-25T03:26:00,Routine PM: Bi-annual Mast Insulator Washing & Cantilever Tightening.,COMPLETED,184,T-201 (Signal Staff)
HIST-05207,TASK-05250,2024-12-21T23:38:00,2024-12-22T02:39:00,Routine PM: Bi-annual Mast Insulator Washing & Cantilever Tightening.,COMPLETED,181,T-102
HIST-05208,TASK-05251,2025-06-20T00:27:00,2025-06-20T03:23:00,Routine PM: Bi-annual Mast Insulator Washing & Cantilever Tightening.,COMPLETED,176,T-301 (OHE Gang)
HIST-05209,TASK-05252,2025-12-17T00:18:00,2025-12-17T03:15:00,Routine PM: Bi-annual Mast Insulator Washing & Cantilever Tightening.,COMPLETED,177,T-201 (Signal Staff)
HIST-05210,TASK-05253,2026-06-15T00:00:00,2026-06-15T02:52:00,Routine PM: Bi-annual Mast Insulator Washing & Cantilever Tightening.,COMPLETED,172,T-302
HIST-05238,TASK-05281,2023-09-26T23:44:00,2023-09-27T02:43:00,Routine PM: Bi-annual Mast Insulator Washing & Cantilever Tightening.,COMPLETED,179,T-101 (Engineering Gang)
HIST-05239,TASK-05282,2024-03-25T00:19:00,2024-03-25T03:19:00,Routine PM: Bi-annual Mast Insulator Washing & Cantilever Tightening.,COMPLETED,180,T-102
HIST-05240,TASK-05283,2024-09-21T00:01:00,2024-09-21T03:00:00,Routine PM: Bi-annual Mast Insulator Washing & Cantilever Tightening.,COMPLETED,179,T-101 (Engineering Gang)
HIST-05241,TASK-05284,2025-03-20T00:09:00,2025-03-20T03:00:00,Routine PM: Bi-annual Mast Insulator Washing & Cantilever Tightening.,COMPLETED,171,T-101 (Engineering Gang)
HIST-05242,TASK-05285,2025-09-15T23:43:00,2025-09-16T02:37:00,Routine PM: Bi-annual Mast Insulator Washing & Cantilever Tightening.,COMPLETED,174,T-302
HIST-05243,TASK-05286,2026-03-14T23:57:00,2026-03-15T02:48:00,Routine PM: Bi-annual Mast Insulator Washing & Cantilever Tightening.,COMPLETED,171,T-201 (Signal Staff)
HIST-05247,TASK-05290,2023-12-29T23:49:00,2023-12-30T02:47:00,Routine PM: Bi-annual Mast Insulator Washing & Cantilever Tightening.,COMPLETED,178,T-302
HIST-05248,TASK-05291,2024-06-26T23:44:00,2024-06-27T02:36:00,Routine PM: Bi-annual Mast Insulator Washing & Cantilever Tightening.,COMPLETED,172,T-101 (Engineering Gang)
HIST-05249,TASK-05292,2024-12-24T00:22:00,2024-12-24T03:27:00,Routine PM: Bi-annual Mast Insulator Washing & Cantilever Tightening.,COMPLETED,185,T-201 (Signal Staff)
HIST-05250,TASK-05293,2025-06-21T23:38:00,2025-06-22T02:32:00,Routine PM: Bi-annual Mast Insulator Washing & Cantilever Tightening.,COMPLETED,174,T-201 (Signal Staff)
HIST-05251,TASK-05294,2025-12-19T00:04:00,2025-12-19T03:11:00,Routine PM: Bi-annual Mast Insulator Washing & Cantilever Tightening.,COMPLETED,187,T-301 (OHE Gang)
HIST-05252,TASK-05295,2026-06-17T00:21:00,2026-06-17T03:16:00,Routine PM: Bi-annual Mast Insulator Washing & Cantilever Tightening.,COMPLETED,175,T-102
HIST-05268,TASK-05311,2023-12-09T00:27:00,2023-12-09T03:19:00,Routine PM: Bi-annual Mast Insulator Washing & Cantilever Tightening.,COMPLETED,172,T-102
HIST-05269,TASK-05312,2024-06-06T00:23:00,2024-06-06T03:25:00,Routine PM: Bi-annual Mast Insulator Washing & Cantilever Tightening.,COMPLETED,182,T-302
HIST-05270,TASK-05313,2024-12-03T00:16:00,2024-12-03T03:24:00,Routine PM: Bi-annual Mast Insulator Washing & Cantilever Tightening.,COMPLETED,188,T-302
HIST-05271,TASK-05314,2025-06-01T00:22:00,2025-06-01T03:24:00,Routine PM: Bi-annual Mast Insulator Washing & Cantilever Tightening.,COMPLETED,182,T-301 (OHE Gang)
HIST-05272,TASK-05315,2025-11-27T23:46:00,2025-11-28T02:53:00,Routine PM: Bi-annual Mast Insulator Washing & Cantilever Tightening.,COMPLETED,187,T-301 (OHE Gang)
HIST-05273,TASK-05316,2026-05-26T23:49:00,2026-05-27T02:53:00,Routine PM: Bi-annual Mast Insulator Washing & Cantilever Tightening.,COMPLETED,184,T-102
HIST-05292,TASK-05335,2023-09-13T00:17:00,2023-09-13T03:08:00,Routine PM: Bi-annual Mast Insulator Washing & Cantilever Tightening.,COMPLETED,171,T-201 (Signal Staff)
HIST-05293,TASK-05336,2024-03-11T00:05:00,2024-03-11T03:10:00,Routine PM: Bi-annual Mast Insulator Washing & Cantilever Tightening.,COMPLETED,185,T-201 (Signal Staff)
HIST-05294,TASK-05337,2024-09-07T00:29:00,2024-09-07T03:35:00,Routine PM: Bi-annual Mast Insulator Washing & Cantilever Tightening.,COMPLETED,186,T-202
HIST-05295,TASK-05338,2025-03-05T23:31:00,2025-03-06T02:30:00,Routine PM: Bi-annual Mast Insulator Washing & Cantilever Tightening.,COMPLETED,179,T-102
HIST-05296,TASK-05339,2025-09-01T23:56:00,2025-09-02T03:03:00,Routine PM: Bi-annual Mast Insulator Washing & Cantilever Tightening.,COMPLETED,187,T-302
HIST-05297,TASK-05340,2026-03-01T00:10:00,2026-03-01T03:06:00,Routine PM: Bi-annual Mast Insulator Washing & Cantilever Tightening.,COMPLETED,176,T-102
HIST-05298,TASK-05341,2023-08-25T23:54:00,2023-08-26T02:56:00,Routine PM: Bi-annual Mast Insulator Washing & Cantilever Tightening.,COMPLETED,182,T-301 (OHE Gang)
HIST-05299,TASK-05342,2024-02-22T00:07:00,2024-02-22T03:10:00,Routine PM: Bi-annual Mast Insulator Washing & Cantilever Tightening.,COMPLETED,183,T-101 (Engineering Gang)
HIST-05300,TASK-05343,2024-08-20T00:16:00,2024-08-20T03:20:00,Routine PM: Bi-annual Mast Insulator Washing & Cantilever Tightening.,COMPLETED,184,T-302
HIST-05301,TASK-05344,2025-02-15T23:37:00,2025-02-16T02:38:00,Routine PM: Bi-annual Mast Insulator Washing & Cantilever Tightening.,COMPLETED,181,T-102
HIST-05302,TASK-05345,2025-08-15T00:12:00,2025-08-15T03:14:00,Routine PM: Bi-annual Mast Insulator Washing & Cantilever Tightening.,COMPLETED,182,T-301 (OHE Gang)
HIST-05303,TASK-05346,2026-02-10T23:44:00,2026-02-11T02:48:00,Routine PM: Bi-annual Mast Insulator Washing & Cantilever Tightening.,COMPLETED,184,T-302
HIST-05304,TASK-05347,2023-10-15T23:52:00,2023-10-16T02:50:00,Routine PM: Bi-annual Mast Insulator Washing & Cantilever Tightening.,COMPLETED,178,T-201 (Signal Staff)
HIST-05305,TASK-05348,2024-04-13T00:07:00,2024-04-13T03:03:00,Routine PM: Bi-annual Mast Insulator Washing & Cantilever Tightening.,COMPLETED,176,T-101 (Engineering Gang)
HIST-05306,TASK-05349,2024-10-09T23:41:00,2024-10-10T02:33:00,Routine PM: Bi-annual Mast Insulator Washing & Cantilever Tightening.,COMPLETED,172,T-101 (Engineering Gang)
HIST-05307,TASK-05350,2025-04-08T00:25:00,2025-04-08T03:18:00,Routine PM: Bi-annual Mast Insulator Washing & Cantilever Tightening.,COMPLETED,173,T-202
HIST-05308,TASK-05351,2025-10-05T00:00:00,2025-10-05T02:51:00,Routine PM: Bi-annual Mast Insulator Washing & Cantilever Tightening.,COMPLETED,171,T-101 (Engineering Gang)
HIST-05309,TASK-05352,2026-04-02T23:30:00,2026-04-03T02:21:00,Routine PM: Bi-annual Mast Insulator Washing & Cantilever Tightening.,COMPLETED,171,T-201 (Signal Staff)
HIST-05322,TASK-05365,2023-09-10T00:19:00,2023-09-10T03:12:00,Routine PM: Bi-annual Mast Insulator Washing & Cantilever Tightening.,COMPLETED,173,T-102
HIST-05323,TASK-05366,2024-03-07T23:42:00,2024-03-08T02:43:00,Routine PM: Bi-annual Mast Insulator Washing & Cantilever Tightening.,COMPLETED,181,T-102
HIST-05324,TASK-05367,2024-09-03T23:56:00,2024-09-04T02:52:00,Routine PM: Bi-annual Mast Insulator Washing & Cantilever Tightening.,COMPLETED,176,T-302
HIST-05325,TASK-05368,2025-03-02T23:55:00,2025-03-03T02:55:00,Routine PM: Bi-annual Mast Insulator Washing & Cantilever Tightening.,COMPLETED,180,T-302
HIST-05326,TASK-05369,2025-08-30T00:16:00,2025-08-30T03:16:00,Routine PM: Bi-annual Mast Insulator Washing & Cantilever Tightening.,COMPLETED,180,T-102
HIST-05327,TASK-05370,2026-02-26T00:15:00,2026-02-26T03:13:00,Routine PM: Bi-annual Mast Insulator Washing & Cantilever Tightening.,COMPLETED,178,T-101 (Engineering Gang)
HIST-05382,TASK-05425,2023-11-04T23:31:00,2023-11-05T02:23:00,Routine PM: Bi-annual Mast Insulator Washing & Cantilever Tightening.,COMPLETED,172,T-201 (Signal Staff)
HIST-05383,TASK-05426,2024-05-03T00:10:00,2024-05-03T03:10:00,Routine PM: Bi-annual Mast Insulator Washing & Cantilever Tightening.,COMPLETED,180,T-201 (Signal Staff)
HIST-05384,TASK-05427,2024-10-30T00:02:00,2024-10-30T02:59:00,Routine PM: Bi-annual Mast Insulator Washing & Cantilever Tightening.,COMPLETED,177,T-302
HIST-05385,TASK-05428,2025-04-27T23:49:00,2025-04-28T02:55:00,Routine PM: Bi-annual Mast Insulator Washing & Cantilever Tightening.,COMPLETED,186,T-202
HIST-05386,TASK-05429,2025-10-25T00:30:00,2025-10-25T03:26:00,Routine PM: Bi-annual Mast Insulator Washing & Cantilever Tightening.,COMPLETED,176,T-202
HIST-05387,TASK-05430,2026-04-22T23:44:00,2026-04-23T02:37:00,Routine PM: Bi-annual Mast Insulator Washing & Cantilever Tightening.,COMPLETED,173,T-102
HIST-05388,TASK-05431,2023-10-25T23:50:00,2023-10-26T02:49:00,Routine PM: Bi-annual Mast Insulator Washing & Cantilever Tightening.,COMPLETED,179,T-101 (Engineering Gang)
HIST-05389,TASK-05432,2024-04-23T00:00:00,2024-04-23T03:06:00,Routine PM: Bi-annual Mast Insulator Washing & Cantilever Tightening.,COMPLETED,186,T-102
HIST-05390,TASK-05433,2024-10-19T23:45:00,2024-10-20T02:40:00,Routine PM: Bi-annual Mast Insulator Washing & Cantilever Tightening.,COMPLETED,175,T-102
HIST-05391,TASK-05434,2025-04-18T00:12:00,2025-04-18T03:03:00,Routine PM: Bi-annual Mast Insulator Washing & Cantilever Tightening.,COMPLETED,171,T-101 (Engineering Gang)
HIST-05392,TASK-05435,2025-10-14T23:57:00,2025-10-15T02:54:00,Routine PM: Bi-annual Mast Insulator Washing & Cantilever Tightening.,COMPLETED,177,T-102
HIST-05393,TASK-05436,2026-04-12T23:32:00,2026-04-13T02:29:00,Routine PM: Bi-annual Mast Insulator Washing & Cantilever Tightening.,COMPLETED,177,T-302
HIST-05406,TASK-05449,2023-09-07T00:15:00,2023-09-07T03:06:00,Routine PM: Bi-annual Mast Insulator Washing & Cantilever Tightening.,COMPLETED,171,T-102
HIST-05407,TASK-05450,2024-03-04T23:50:00,2024-03-05T02:50:00,Routine PM: Bi-annual Mast Insulator Washing & Cantilever Tightening.,COMPLETED,180,T-301 (OHE Gang)
HIST-05408,TASK-05451,2024-08-31T23:44:00,2024-09-01T02:41:00,Routine PM: Bi-annual Mast Insulator Washing & Cantilever Tightening.,COMPLETED,177,T-201 (Signal Staff)
HIST-05409,TASK-05452,2025-02-27T23:31:00,2025-02-28T02:32:00,Routine PM: Bi-annual Mast Insulator Washing & Cantilever Tightening.,COMPLETED,181,T-301 (OHE Gang)
HIST-05410,TASK-05453,2025-08-26T23:44:00,2025-08-27T02:52:00,Routine PM: Bi-annual Mast Insulator Washing & Cantilever Tightening.,COMPLETED,188,T-302
HIST-05411,TASK-05454,2026-02-22T23:54:00,2026-02-23T02:48:00,Routine PM: Bi-annual Mast Insulator Washing & Cantilever Tightening.,COMPLETED,174,T-301 (OHE Gang)
HIST-05430,TASK-05473,2023-09-09T00:16:00,2023-09-09T03:22:00,Routine PM: Bi-annual Mast Insulator Washing & Cantilever Tightening.,COMPLETED,186,T-101 (Engineering Gang)
HIST-05431,TASK-05474,2024-03-07T00:02:00,2024-03-07T03:02:00,Routine PM: Bi-annual Mast Insulator Washing & Cantilever Tightening.,COMPLETED,180,T-201 (Signal Staff)
HIST-05432,TASK-05475,2024-09-02T23:48:00,2024-09-03T02:56:00,Routine PM: Bi-annual Mast Insulator Washing & Cantilever Tightening.,COMPLETED,188,T-202
HIST-05433,TASK-05476,2025-03-01T23:45:00,2025-03-02T02:52:00,Routine PM: Bi-annual Mast Insulator Washing & Cantilever Tightening.,COMPLETED,187,T-202
HIST-05434,TASK-05477,2025-08-29T00:23:00,2025-08-29T03:27:00,Routine PM: Bi-annual Mast Insulator Washing & Cantilever Tightening.,COMPLETED,184,T-201 (Signal Staff)
HIST-05435,TASK-05478,2026-02-24T23:58:00,2026-02-25T03:02:00,Routine PM: Bi-annual Mast Insulator Washing & Cantilever Tightening.,COMPLETED,184,T-201 (Signal Staff)
HIST-05442,TASK-05485,2023-12-18T23:58:00,2023-12-19T03:00:00,Routine PM: Bi-annual Mast Insulator Washing & Cantilever Tightening.,COMPLETED,182,T-101 (Engineering Gang)
HIST-05443,TASK-05486,2024-06-15T23:30:00,2024-06-16T02:25:00,Routine PM: Bi-annual Mast Insulator Washing & Cantilever Tightening.,COMPLETED,175,T-101 (Engineering Gang)
HIST-05444,TASK-05487,2024-12-12T23:41:00,2024-12-13T02:32:00,Routine PM: Bi-annual Mast Insulator Washing & Cantilever Tightening.,COMPLETED,171,T-102
HIST-05445,TASK-05488,2025-06-11T00:25:00,2025-06-11T03:19:00,Routine PM: Bi-annual Mast Insulator Washing & Cantilever Tightening.,COMPLETED,174,T-101 (Engineering Gang)
HIST-05446,TASK-05489,2025-12-08T00:01:00,2025-12-08T02:57:00,Routine PM: Bi-annual Mast Insulator Washing & Cantilever Tightening.,COMPLETED,176,T-102
HIST-05447,TASK-05490,2026-06-06T00:18:00,2026-06-06T03:26:00,Routine PM: Bi-annual Mast Insulator Washing & Cantilever Tightening.,COMPLETED,188,T-101 (Engineering Gang)
HIST-05469,TASK-05512,2023-10-07T00:28:00,2023-10-07T03:26:00,Routine PM: Bi-annual Mast Insulator Washing & Cantilever Tightening.,COMPLETED,178,T-301 (OHE Gang)
HIST-05470,TASK-05513,2024-04-04T00:09:00,2024-04-04T03:13:00,Routine PM: Bi-annual Mast Insulator Washing & Cantilever Tightening.,COMPLETED,184,T-301 (OHE Gang)
HIST-05471,TASK-05514,2024-10-01T00:01:00,2024-10-01T03:07:00,Routine PM: Bi-annual Mast Insulator Washing & Cantilever Tightening.,COMPLETED,186,T-302
HIST-05472,TASK-05515,2025-03-30T00:07:00,2025-03-30T02:59:00,Routine PM: Bi-annual Mast Insulator Washing & Cantilever Tightening.,COMPLETED,172,T-202
HIST-05473,TASK-05516,2025-09-25T23:59:00,2025-09-26T03:03:00,Routine PM: Bi-annual Mast Insulator Washing & Cantilever Tightening.,COMPLETED,184,T-302
HIST-05474,TASK-05517,2026-03-24T23:37:00,2026-03-25T02:38:00,Routine PM: Bi-annual Mast Insulator Washing & Cantilever Tightening.,COMPLETED,181,T-302
HIST-05478,TASK-05521,2023-11-19T23:52:00,2023-11-20T02:50:00,Routine PM: Bi-annual Mast Insulator Washing & Cantilever Tightening.,COMPLETED,178,T-202
HIST-05479,TASK-05522,2024-05-18T00:00:00,2024-05-18T03:00:00,Routine PM: Bi-annual Mast Insulator Washing & Cantilever Tightening.,COMPLETED,180,T-202
HIST-05480,TASK-05523,2024-11-13T23:54:00,2024-11-14T02:54:00,Routine PM: Bi-annual Mast Insulator Washing & Cantilever Tightening.,COMPLETED,180,T-101 (Engineering Gang)
HIST-05481,TASK-05524,2025-05-12T23:38:00,2025-05-13T02:35:00,Routine PM: Bi-annual Mast Insulator Washing & Cantilever Tightening.,COMPLETED,177,T-102
HIST-05482,TASK-05525,2025-11-09T00:13:00,2025-11-09T03:15:00,Routine PM: Bi-annual Mast Insulator Washing & Cantilever Tightening.,COMPLETED,182,T-101 (Engineering Gang)
HIST-05483,TASK-05526,2026-05-07T23:54:00,2026-05-08T02:58:00,Routine PM: Bi-annual Mast Insulator Washing & Cantilever Tightening.,COMPLETED,184,T-202
HIST-05496,TASK-05539,2023-12-22T23:31:00,2023-12-23T02:22:00,Routine PM: Bi-annual Mast Insulator Washing & Cantilever Tightening.,COMPLETED,171,T-102
HIST-05497,TASK-05540,2024-06-19T23:50:00,2024-06-20T02:41:00,Routine PM: Bi-annual Mast Insulator Washing & Cantilever Tightening.,COMPLETED,171,T-102
HIST-05498,TASK-05541,2024-12-17T00:03:00,2024-12-17T02:56:00,Routine PM: Bi-annual Mast Insulator Washing & Cantilever Tightening.,COMPLETED,173,T-302
HIST-05499,TASK-05542,2025-06-15T00:16:00,2025-06-15T03:11:00,Routine PM: Bi-annual Mast Insulator Washing & Cantilever Tightening.,COMPLETED,175,T-102
HIST-05500,TASK-05543,2025-12-11T23:45:00,2025-12-12T02:51:00,Routine PM: Bi-annual Mast Insulator Washing & Cantilever Tightening.,COMPLETED,186,T-201 (Signal Staff)
HIST-05501,TASK-05544,2026-06-10T00:06:00,2026-06-10T03:01:00,Routine PM: Bi-annual Mast Insulator Washing & Cantilever Tightening.,COMPLETED,175,T-102
HIST-05514,TASK-05557,2024-01-23T00:02:00,2024-01-23T03:02:00,Routine PM: Bi-annual Mast Insulator Washing & Cantilever Tightening.,COMPLETED,180,T-101 (Engineering Gang)
HIST-05515,TASK-05558,2024-07-20T23:40:00,2024-07-21T02:48:00,Routine PM: Bi-annual Mast Insulator Washing & Cantilever Tightening.,COMPLETED,188,T-302
HIST-05516,TASK-05559,2025-01-17T00:30:00,2025-01-17T03:23:00,Routine PM: Bi-annual Mast Insulator Washing & Cantilever Tightening.,COMPLETED,173,T-302
HIST-05517,TASK-05560,2025-07-16T00:22:00,2025-07-16T03:19:00,Routine PM: Bi-annual Mast Insulator Washing & Cantilever Tightening.,COMPLETED,177,T-102
HIST-05518,TASK-05561,2026-01-11T23:55:00,2026-01-12T02:57:00,Routine PM: Bi-annual Mast Insulator Washing & Cantilever Tightening.,COMPLETED,182,T-201 (Signal Staff)
HIST-05519,TASK-05562,2026-07-10T23:33:00,2026-07-11T02:33:00,Routine PM: Bi-annual Mast Insulator Washing & Cantilever Tightening.,COMPLETED,180,T-202
HIST-05532,TASK-05575,2023-09-15T23:37:00,2023-09-16T02:40:00,Routine PM: Bi-annual Mast Insulator Washing & Cantilever Tightening.,COMPLETED,183,T-201 (Signal Staff)
HIST-05533,TASK-05576,2024-03-13T23:48:00,2024-03-14T02:49:00,Routine PM: Bi-annual Mast Insulator Washing & Cantilever Tightening.,COMPLETED,181,T-302
HIST-05534,TASK-05577,2024-09-09T23:50:00,2024-09-10T02:55:00,Routine PM: Bi-annual Mast Insulator Washing & Cantilever Tightening.,COMPLETED,185,T-102
HIST-05535,TASK-05578,2025-03-08T23:45:00,2025-03-09T02:40:00,Routine PM: Bi-annual Mast Insulator Washing & Cantilever Tightening.,COMPLETED,175,T-102
HIST-05536,TASK-05579,2025-09-04T23:53:00,2025-09-05T02:58:00,Routine PM: Bi-annual Mast Insulator Washing & Cantilever Tightening.,COMPLETED,185,T-302
HIST-05537,TASK-05580,2026-03-04T00:24:00,2026-03-04T03:15:00,Routine PM: Bi-annual Mast Insulator Washing & Cantilever Tightening.,COMPLETED,171,T-202
HIST-05568,TASK-05611,2024-01-20T23:35:00,2024-01-21T02:32:00,Routine PM: Bi-annual Mast Insulator Washing & Cantilever Tightening.,COMPLETED,177,T-102
HIST-05569,TASK-05612,2024-07-18T23:55:00,2024-07-19T02:49:00,Routine PM: Bi-annual Mast Insulator Washing & Cantilever Tightening.,COMPLETED,174,T-302
HIST-05570,TASK-05613,2025-01-14T23:42:00,2025-01-15T02:39:00,Routine PM: Bi-annual Mast Insulator Washing & Cantilever Tightening.,COMPLETED,177,T-201 (Signal Staff)
HIST-05571,TASK-05614,2025-07-14T00:02:00,2025-07-14T03:00:00,Routine PM: Bi-annual Mast Insulator Washing & Cantilever Tightening.,COMPLETED,178,T-301 (OHE Gang)
HIST-05572,TASK-05615,2026-01-10T00:02:00,2026-01-10T03:00:00,Routine PM: Bi-annual Mast Insulator Washing & Cantilever Tightening.,COMPLETED,178,T-101 (Engineering Gang)
HIST-05573,TASK-05616,2026-07-08T23:33:00,2026-07-09T02:32:00,Routine PM: Bi-annual Mast Insulator Washing & Cantilever Tightening.,COMPLETED,179,T-301 (OHE Gang)
HIST-05586,TASK-05629,2023-11-03T23:43:00,2023-11-04T02:40:00,Routine PM: Bi-annual Mast Insulator Washing & Cantilever Tightening.,COMPLETED,177,T-101 (Engineering Gang)
HIST-05587,TASK-05630,2024-05-02T00:06:00,2024-05-02T02:57:00,Routine PM: Bi-annual Mast Insulator Washing & Cantilever Tightening.,COMPLETED,171,T-301 (OHE Gang)
HIST-05588,TASK-05631,2024-10-28T23:42:00,2024-10-29T02:50:00,Routine PM: Bi-annual Mast Insulator Washing & Cantilever Tightening.,COMPLETED,188,T-302
HIST-05589,TASK-05632,2025-04-27T00:18:00,2025-04-27T03:10:00,Routine PM: Bi-annual Mast Insulator Washing & Cantilever Tightening.,COMPLETED,172,T-202
HIST-05590,TASK-05633,2025-10-23T23:47:00,2025-10-24T02:38:00,Routine PM: Bi-annual Mast Insulator Washing & Cantilever Tightening.,COMPLETED,171,T-102
HIST-05591,TASK-05634,2026-04-22T00:30:00,2026-04-22T03:24:00,Routine PM: Bi-annual Mast Insulator Washing & Cantilever Tightening.,COMPLETED,174,T-201 (Signal Staff)
HIST-05610,TASK-05653,2023-09-13T00:14:00,2023-09-13T03:20:00,Routine PM: Bi-annual Mast Insulator Washing & Cantilever Tightening.,COMPLETED,186,T-202
HIST-05611,TASK-05654,2024-03-10T23:40:00,2024-03-11T02:43:00,Routine PM: Bi-annual Mast Insulator Washing & Cantilever Tightening.,COMPLETED,183,T-202
HIST-05612,TASK-05655,2024-09-07T00:17:00,2024-09-07T03:09:00,Routine PM: Bi-annual Mast Insulator Washing & Cantilever Tightening.,COMPLETED,172,T-202
HIST-05613,TASK-05656,2025-03-06T00:19:00,2025-03-06T03:23:00,Routine PM: Bi-annual Mast Insulator Washing & Cantilever Tightening.,COMPLETED,184,T-201 (Signal Staff)
HIST-05614,TASK-05657,2025-09-01T23:30:00,2025-09-02T02:36:00,Routine PM: Bi-annual Mast Insulator Washing & Cantilever Tightening.,COMPLETED,186,T-102
HIST-05615,TASK-05658,2026-02-28T23:41:00,2026-03-01T02:47:00,Routine PM: Bi-annual Mast Insulator Washing & Cantilever Tightening.,COMPLETED,186,T-202
HIST-05616,TASK-05659,2023-09-13T00:02:00,2023-09-13T02:56:00,Routine PM: Bi-annual Mast Insulator Washing & Cantilever Tightening.,COMPLETED,174,T-302
HIST-05617,TASK-05660,2024-03-11T00:09:00,2024-03-11T03:03:00,Routine PM: Bi-annual Mast Insulator Washing & Cantilever Tightening.,COMPLETED,174,T-301 (OHE Gang)
HIST-05618,TASK-05661,2024-09-06T23:37:00,2024-09-07T02:35:00,Routine PM: Bi-annual Mast Insulator Washing & Cantilever Tightening.,COMPLETED,178,T-202
HIST-05619,TASK-05662,2025-03-05T23:35:00,2025-03-06T02:34:00,Routine PM: Bi-annual Mast Insulator Washing & Cantilever Tightening.,COMPLETED,179,T-102
HIST-05620,TASK-05663,2025-09-01T23:37:00,2025-09-02T02:40:00,Routine PM: Bi-annual Mast Insulator Washing & Cantilever Tightening.,COMPLETED,183,T-202
HIST-05621,TASK-05664,2026-02-28T23:57:00,2026-03-01T02:48:00,Routine PM: Bi-annual Mast Insulator Washing & Cantilever Tightening.,COMPLETED,171,T-202
HIST-05622,TASK-05665,2023-09-05T23:36:00,2023-09-06T02:35:00,Routine PM: Bi-annual Mast Insulator Washing & Cantilever Tightening.,COMPLETED,179,T-202
HIST-05623,TASK-05666,2024-03-04T00:30:00,2024-03-04T03:37:00,Routine PM: Bi-annual Mast Insulator Washing & Cantilever Tightening.,COMPLETED,187,T-201 (Signal Staff)
HIST-05624,TASK-05667,2024-08-30T23:45:00,2024-08-31T02:40:00,Routine PM: Bi-annual Mast Insulator Washing & Cantilever Tightening.,COMPLETED,175,T-302
HIST-05625,TASK-05668,2025-02-26T23:50:00,2025-02-27T02:51:00,Routine PM: Bi-annual Mast Insulator Washing & Cantilever Tightening.,COMPLETED,181,T-201 (Signal Staff)
HIST-05626,TASK-05669,2025-08-26T00:16:00,2025-08-26T03:10:00,Routine PM: Bi-annual Mast Insulator Washing & Cantilever Tightening.,COMPLETED,174,T-201 (Signal Staff)
HIST-05627,TASK-05670,2026-02-21T23:35:00,2026-02-22T02:42:00,Routine PM: Bi-annual Mast Insulator Washing & Cantilever Tightening.,COMPLETED,187,T-201 (Signal Staff)
HIST-05655,TASK-05698,2023-11-02T23:43:00,2023-11-03T02:38:00,Routine PM: Bi-annual Mast Insulator Washing & Cantilever Tightening.,COMPLETED,175,T-101 (Engineering Gang)
HIST-05656,TASK-05699,2024-04-30T23:30:00,2024-05-01T02:27:00,Routine PM: Bi-annual Mast Insulator Washing & Cantilever Tightening.,COMPLETED,177,T-202
HIST-05657,TASK-05700,2024-10-27T23:49:00,2024-10-28T02:52:00,Routine PM: Bi-annual Mast Insulator Washing & Cantilever Tightening.,COMPLETED,183,T-101 (Engineering Gang)
HIST-05658,TASK-05701,2025-04-25T23:54:00,2025-04-26T02:57:00,Routine PM: Bi-annual Mast Insulator Washing & Cantilever Tightening.,COMPLETED,183,T-201 (Signal Staff)
HIST-05659,TASK-05702,2025-10-23T00:18:00,2025-10-23T03:15:00,Routine PM: Bi-annual Mast Insulator Washing & Cantilever Tightening.,COMPLETED,177,T-201 (Signal Staff)
HIST-05660,TASK-05703,2026-04-21T00:07:00,2026-04-21T03:02:00,Routine PM: Bi-annual Mast Insulator Washing & Cantilever Tightening.,COMPLETED,175,T-201 (Signal Staff)
HIST-05664,TASK-05707,2024-01-12T23:53:00,2024-01-13T02:49:00,Routine PM: Bi-annual Mast Insulator Washing & Cantilever Tightening.,COMPLETED,176,T-101 (Engineering Gang)
HIST-05665,TASK-05708,2024-07-11T00:18:00,2024-07-11T03:18:00,Routine PM: Bi-annual Mast Insulator Washing & Cantilever Tightening.,COMPLETED,180,T-302
HIST-05666,TASK-05709,2025-01-07T00:08:00,2025-01-07T03:07:00,Routine PM: Bi-annual Mast Insulator Washing & Cantilever Tightening.,COMPLETED,179,T-301 (OHE Gang)
HIST-05667,TASK-05710,2025-07-06T00:29:00,2025-07-06T03:34:00,Routine PM: Bi-annual Mast Insulator Washing & Cantilever Tightening.,COMPLETED,185,T-102
HIST-05668,TASK-05711,2026-01-01T23:38:00,2026-01-02T02:41:00,Routine PM: Bi-annual Mast Insulator Washing & Cantilever Tightening.,COMPLETED,183,T-101 (Engineering Gang)
HIST-05669,TASK-05712,2026-07-01T00:17:00,2026-07-01T03:13:00,Routine PM: Bi-annual Mast Insulator Washing & Cantilever Tightening.,COMPLETED,176,T-102
HIST-05670,TASK-05713,2023-08-23T00:28:00,2023-08-23T03:26:00,Routine PM: Bi-annual Mast Insulator Washing & Cantilever Tightening.,COMPLETED,178,T-201 (Signal Staff)
HIST-05671,TASK-05714,2024-02-18T23:52:00,2024-02-19T02:57:00,Routine PM: Bi-annual Mast Insulator Washing & Cantilever Tightening.,COMPLETED,185,T-101 (Engineering Gang)
HIST-05672,TASK-05715,2024-08-16T23:36:00,2024-08-17T02:39:00,Routine PM: Bi-annual Mast Insulator Washing & Cantilever Tightening.,COMPLETED,183,T-201 (Signal Staff)
HIST-05673,TASK-05716,2025-02-12T23:41:00,2025-02-13T02:32:00,Routine PM: Bi-annual Mast Insulator Washing & Cantilever Tightening.,COMPLETED,171,T-201 (Signal Staff)
HIST-05674,TASK-05717,2025-08-12T00:12:00,2025-08-12T03:17:00,Routine PM: Bi-annual Mast Insulator Washing & Cantilever Tightening.,COMPLETED,185,T-102
HIST-05675,TASK-05718,2026-02-07T23:37:00,2026-02-08T02:32:00,Routine PM: Bi-annual Mast Insulator Washing & Cantilever Tightening.,COMPLETED,175,T-301 (OHE Gang)
HIST-05691,TASK-05734,2023-11-12T00:13:00,2023-11-12T03:08:00,Routine PM: Bi-annual Mast Insulator Washing & Cantilever Tightening.,COMPLETED,175,T-202
HIST-05692,TASK-05735,2024-05-09T23:35:00,2024-05-10T02:29:00,Routine PM: Bi-annual Mast Insulator Washing & Cantilever Tightening.,COMPLETED,174,T-302
HIST-05693,TASK-05736,2024-11-05T23:40:00,2024-11-06T02:39:00,Routine PM: Bi-annual Mast Insulator Washing & Cantilever Tightening.,COMPLETED,179,T-202
HIST-05694,TASK-05737,2025-05-04T23:38:00,2025-05-05T02:39:00,Routine PM: Bi-annual Mast Insulator Washing & Cantilever Tightening.,COMPLETED,181,T-202
HIST-05695,TASK-05738,2025-10-31T23:30:00,2025-11-01T02:24:00,Routine PM: Bi-annual Mast Insulator Washing & Cantilever Tightening.,COMPLETED,174,T-101 (Engineering Gang)
HIST-05696,TASK-05739,2026-04-29T23:31:00,2026-04-30T02:22:00,Routine PM: Bi-annual Mast Insulator Washing & Cantilever Tightening.,COMPLETED,171,T-302
HIST-05697,TASK-05740,2023-09-26T23:40:00,2023-09-27T02:39:00,Routine PM: Bi-annual Mast Insulator Washing & Cantilever Tightening.,COMPLETED,179,T-202
HIST-05698,TASK-05741,2024-03-25T00:29:00,2024-03-25T03:34:00,Routine PM: Bi-annual Mast Insulator Washing & Cantilever Tightening.,COMPLETED,185,T-301 (OHE Gang)
HIST-05699,TASK-05742,2024-09-21T00:23:00,2024-09-21T03:22:00,Routine PM: Bi-annual Mast Insulator Washing & Cantilever Tightening.,COMPLETED,179,T-202
HIST-05700,TASK-05743,2025-03-20T00:23:00,2025-03-20T03:23:00,Routine PM: Bi-annual Mast Insulator Washing & Cantilever Tightening.,COMPLETED,180,T-202
HIST-05701,TASK-05744,2025-09-15T23:45:00,2025-09-16T02:41:00,Routine PM: Bi-annual Mast Insulator Washing & Cantilever Tightening.,COMPLETED,176,T-202
HIST-05702,TASK-05745,2026-03-15T00:14:00,2026-03-15T03:19:00,Routine PM: Bi-annual Mast Insulator Washing & Cantilever Tightening.,COMPLETED,185,T-302
HIST-05706,TASK-05749,2024-01-03T23:30:00,2024-01-04T02:36:00,Routine PM: Bi-annual Mast Insulator Washing & Cantilever Tightening.,COMPLETED,186,T-102
HIST-05707,TASK-05750,2024-07-02T00:00:00,2024-07-02T03:02:00,Routine PM: Bi-annual Mast Insulator Washing & Cantilever Tightening.,COMPLETED,182,T-101 (Engineering Gang)
HIST-05708,TASK-05751,2024-12-28T23:44:00,2024-12-29T02:43:00,Routine PM: Bi-annual Mast Insulator Washing & Cantilever Tightening.,COMPLETED,179,T-202
HIST-05709,TASK-05752,2025-06-26T23:36:00,2025-06-27T02:35:00,Routine PM: Bi-annual Mast Insulator Washing & Cantilever Tightening.,COMPLETED,179,T-301 (OHE Gang)
HIST-05710,TASK-05753,2025-12-23T23:33:00,2025-12-24T02:40:00,Routine PM: Bi-annual Mast Insulator Washing & Cantilever Tightening.,COMPLETED,187,T-202
HIST-05711,TASK-05754,2026-06-21T23:50:00,2026-06-22T02:43:00,Routine PM: Bi-annual Mast Insulator Washing & Cantilever Tightening.,COMPLETED,173,T-102
HIST-05775,TASK-05818,2023-11-03T23:35:00,2023-11-04T02:37:00,Routine PM: Bi-annual Mast Insulator Washing & Cantilever Tightening.,COMPLETED,182,T-202
HIST-05776,TASK-05819,2024-05-02T00:10:00,2024-05-02T03:12:00,Routine PM: Bi-annual Mast Insulator Washing & Cantilever Tightening.,COMPLETED,182,T-101 (Engineering Gang)
HIST-05777,TASK-05820,2024-10-29T00:11:00,2024-10-29T03:12:00,Routine PM: Bi-annual Mast Insulator Washing & Cantilever Tightening.,COMPLETED,181,T-202
HIST-05778,TASK-05821,2025-04-27T00:11:00,2025-04-27T03:13:00,Routine PM: Bi-annual Mast Insulator Washing & Cantilever Tightening.,COMPLETED,182,T-301 (OHE Gang)
HIST-05779,TASK-05822,2025-10-23T23:34:00,2025-10-24T02:42:00,Routine PM: Bi-annual Mast Insulator Washing & Cantilever Tightening.,COMPLETED,188,T-202
HIST-05780,TASK-05823,2026-04-21T23:37:00,2026-04-22T02:34:00,Routine PM: Bi-annual Mast Insulator Washing & Cantilever Tightening.,COMPLETED,177,T-201 (Signal Staff)
HIST-05808,TASK-05851,2023-12-27T23:53:00,2023-12-28T02:59:00,Routine PM: Bi-annual Mast Insulator Washing & Cantilever Tightening.,COMPLETED,186,T-302
HIST-05809,TASK-05852,2024-06-24T23:57:00,2024-06-25T02:54:00,Routine PM: Bi-annual Mast Insulator Washing & Cantilever Tightening.,COMPLETED,177,T-302
HIST-05810,TASK-05853,2024-12-21T23:51:00,2024-12-22T02:46:00,Routine PM: Bi-annual Mast Insulator Washing & Cantilever Tightening.,COMPLETED,175,T-202
HIST-05811,TASK-05854,2025-06-19T23:45:00,2025-06-20T02:40:00,Routine PM: Bi-annual Mast Insulator Washing & Cantilever Tightening.,COMPLETED,175,T-102
HIST-05812,TASK-05855,2025-12-17T00:02:00,2025-12-17T02:54:00,Routine PM: Bi-annual Mast Insulator Washing & Cantilever Tightening.,COMPLETED,172,T-201 (Signal Staff)
HIST-05813,TASK-05856,2026-06-15T00:19:00,2026-06-15T03:27:00,Routine PM: Bi-annual Mast Insulator Washing & Cantilever Tightening.,COMPLETED,188,T-202
HIST-05829,TASK-05872,2023-10-22T23:49:00,2023-10-23T02:42:00,Routine PM: Bi-annual Mast Insulator Washing & Cantilever Tightening.,COMPLETED,173,T-102
HIST-05830,TASK-05873,2024-04-19T23:59:00,2024-04-20T02:57:00,Routine PM: Bi-annual Mast Insulator Washing & Cantilever Tightening.,COMPLETED,178,T-302
HIST-05831,TASK-05874,2024-10-17T00:20:00,2024-10-17T03:28:00,Routine PM: Bi-annual Mast Insulator Washing & Cantilever Tightening.,COMPLETED,188,T-101 (Engineering Gang)
HIST-05832,TASK-05875,2025-04-14T23:46:00,2025-04-15T02:52:00,Routine PM: Bi-annual Mast Insulator Washing & Cantilever Tightening.,COMPLETED,186,T-201 (Signal Staff)
HIST-05833,TASK-05876,2025-10-12T00:21:00,2025-10-12T03:29:00,Routine PM: Bi-annual Mast Insulator Washing & Cantilever Tightening.,COMPLETED,188,T-202
HIST-05834,TASK-05877,2026-04-09T23:58:00,2026-04-10T03:04:00,Routine PM: Bi-annual Mast Insulator Washing & Cantilever Tightening.,COMPLETED,186,T-301 (OHE Gang)
HIST-05835,TASK-05878,2023-12-20T23:35:00,2023-12-21T02:29:00,Routine PM: Bi-annual Mast Insulator Washing & Cantilever Tightening.,COMPLETED,174,T-301 (OHE Gang)
HIST-05836,TASK-05879,2024-06-17T23:49:00,2024-06-18T02:55:00,Routine PM: Bi-annual Mast Insulator Washing & Cantilever Tightening.,COMPLETED,186,T-202
HIST-05837,TASK-05880,2024-12-14T23:49:00,2024-12-15T02:54:00,Routine PM: Bi-annual Mast Insulator Washing & Cantilever Tightening.,COMPLETED,185,T-102
HIST-05838,TASK-05881,2025-06-13T00:06:00,2025-06-13T03:08:00,Routine PM: Bi-annual Mast Insulator Washing & Cantilever Tightening.,COMPLETED,182,T-301 (OHE Gang)
HIST-05839,TASK-05882,2025-12-09T23:35:00,2025-12-10T02:36:00,Routine PM: Bi-annual Mast Insulator Washing & Cantilever Tightening.,COMPLETED,181,T-101 (Engineering Gang)
HIST-05840,TASK-05883,2026-06-07T23:46:00,2026-06-08T02:47:00,Routine PM: Bi-annual Mast Insulator Washing & Cantilever Tightening.,COMPLETED,181,T-202
HIST-05856,TASK-05899,2023-10-15T23:36:00,2023-10-16T02:42:00,Routine PM: Bi-annual Mast Insulator Washing & Cantilever Tightening.,COMPLETED,186,T-301 (OHE Gang)
HIST-05857,TASK-05900,2024-04-13T00:00:00,2024-04-13T03:01:00,Routine PM: Bi-annual Mast Insulator Washing & Cantilever Tightening.,COMPLETED,181,T-102
HIST-05858,TASK-05901,2024-10-09T23:30:00,2024-10-10T02:28:00,Routine PM: Bi-annual Mast Insulator Washing & Cantilever Tightening.,COMPLETED,178,T-301 (OHE Gang)
HIST-05859,TASK-05902,2025-04-08T00:20:00,2025-04-08T03:21:00,Routine PM: Bi-annual Mast Insulator Washing & Cantilever Tightening.,COMPLETED,181,T-101 (Engineering Gang)
HIST-05860,TASK-05903,2025-10-04T23:38:00,2025-10-05T02:33:00,Routine PM: Bi-annual Mast Insulator Washing & Cantilever Tightening.,COMPLETED,175,T-101 (Engineering Gang)
HIST-05861,TASK-05904,2026-04-03T00:20:00,2026-04-03T03:19:00,Routine PM: Bi-annual Mast Insulator Washing & Cantilever Tightening.,COMPLETED,179,T-202
HIST-05898,TASK-05941,2023-10-08T00:15:00,2023-10-08T03:06:00,Routine PM: Bi-annual Mast Insulator Washing & Cantilever Tightening.,COMPLETED,171,T-201 (Signal Staff)
HIST-05899,TASK-05942,2024-04-04T23:40:00,2024-04-05T02:32:00,Routine PM: Bi-annual Mast Insulator Washing & Cantilever Tightening.,COMPLETED,172,T-202
HIST-05900,TASK-05943,2024-10-02T00:15:00,2024-10-02T03:20:00,Routine PM: Bi-annual Mast Insulator Washing & Cantilever Tightening.,COMPLETED,185,T-101 (Engineering Gang)
HIST-05901,TASK-05944,2025-03-30T23:59:00,2025-03-31T02:50:00,Routine PM: Bi-annual Mast Insulator Washing & Cantilever Tightening.,COMPLETED,171,T-202
HIST-05902,TASK-05945,2025-09-26T23:39:00,2025-09-27T02:45:00,Routine PM: Bi-annual Mast Insulator Washing & Cantilever Tightening.,COMPLETED,186,T-101 (Engineering Gang)
HIST-05903,TASK-05946,2026-03-26T00:23:00,2026-03-26T03:26:00,Routine PM: Bi-annual Mast Insulator Washing & Cantilever Tightening.,COMPLETED,183,T-301 (OHE Gang)
HIST-05904,TASK-05947,2023-11-10T00:01:00,2023-11-10T02:56:00,Routine PM: Bi-annual Mast Insulator Washing & Cantilever Tightening.,COMPLETED,175,T-302
HIST-05905,TASK-05948,2024-05-07T23:35:00,2024-05-08T02:42:00,Routine PM: Bi-annual Mast Insulator Washing & Cantilever Tightening.,COMPLETED,187,T-301 (OHE Gang)
HIST-05906,TASK-05949,2024-11-03T23:36:00,2024-11-04T02:30:00,Routine PM: Bi-annual Mast Insulator Washing & Cantilever Tightening.,COMPLETED,174,T-202
HIST-05907,TASK-05950,2025-05-03T00:04:00,2025-05-03T02:58:00,Routine PM: Bi-annual Mast Insulator Washing & Cantilever Tightening.,COMPLETED,174,T-302
HIST-05908,TASK-05951,2025-10-29T23:42:00,2025-10-30T02:38:00,Routine PM: Bi-annual Mast Insulator Washing & Cantilever Tightening.,COMPLETED,176,T-302
HIST-05909,TASK-05952,2026-04-27T23:34:00,2026-04-28T02:33:00,Routine PM: Bi-annual Mast Insulator Washing & Cantilever Tightening.,COMPLETED,179,T-302
HIST-05913,TASK-05956,2023-11-23T00:29:00,2023-11-23T03:30:00,Routine PM: Bi-annual Mast Insulator Washing & Cantilever Tightening.,COMPLETED,181,T-302
HIST-05914,TASK-05957,2024-05-20T23:54:00,2024-05-21T02:47:00,Routine PM: Bi-annual Mast Insulator Washing & Cantilever Tightening.,COMPLETED,173,T-201 (Signal Staff)
HIST-05915,TASK-05958,2024-11-16T23:56:00,2024-11-17T02:55:00,Routine PM: Bi-annual Mast Insulator Washing & Cantilever Tightening.,COMPLETED,179,T-101 (Engineering Gang)
HIST-05916,TASK-05959,2025-05-15T23:36:00,2025-05-16T02:35:00,Routine PM: Bi-annual Mast Insulator Washing & Cantilever Tightening.,COMPLETED,179,T-302
HIST-05917,TASK-05960,2025-11-11T23:38:00,2025-11-12T02:29:00,Routine PM: Bi-annual Mast Insulator Washing & Cantilever Tightening.,COMPLETED,171,T-301 (OHE Gang)
HIST-05918,TASK-05961,2026-05-10T23:53:00,2026-05-11T02:56:00,Routine PM: Bi-annual Mast Insulator Washing & Cantilever Tightening.,COMPLETED,183,T-102
HIST-05934,TASK-05977,2024-01-20T00:29:00,2024-01-20T03:32:00,Routine PM: Bi-annual Mast Insulator Washing & Cantilever Tightening.,COMPLETED,183,T-201 (Signal Staff)
HIST-05935,TASK-05978,2024-07-18T00:16:00,2024-07-18T03:07:00,Routine PM: Bi-annual Mast Insulator Washing & Cantilever Tightening.,COMPLETED,171,T-102
HIST-05936,TASK-05979,2025-01-13T23:57:00,2025-01-14T02:59:00,Routine PM: Bi-annual Mast Insulator Washing & Cantilever Tightening.,COMPLETED,182,T-201 (Signal Staff)
HIST-05937,TASK-05980,2025-07-12T23:33:00,2025-07-13T02:35:00,Routine PM: Bi-annual Mast Insulator Washing & Cantilever Tightening.,COMPLETED,182,T-302
HIST-05938,TASK-05981,2026-01-09T00:14:00,2026-01-09T03:19:00,Routine PM: Bi-annual Mast Insulator Washing & Cantilever Tightening.,COMPLETED,185,T-302
HIST-05939,TASK-05982,2026-07-08T00:19:00,2026-07-08T03:11:00,Routine PM: Bi-annual Mast Insulator Washing & Cantilever Tightening.,COMPLETED,172,T-302
HIST-05943,TASK-05986,2023-08-24T23:33:00,2023-08-25T02:38:00,Routine PM: Bi-annual Mast Insulator Washing & Cantilever Tightening.,COMPLETED,185,T-201 (Signal Staff)
HIST-05944,TASK-05987,2024-02-21T00:11:00,2024-02-21T03:18:00,Routine PM: Bi-annual Mast Insulator Washing & Cantilever Tightening.,COMPLETED,187,T-301 (OHE Gang)
HIST-05945,TASK-05988,2024-08-19T00:07:00,2024-08-19T03:04:00,Routine PM: Bi-annual Mast Insulator Washing & Cantilever Tightening.,COMPLETED,177,T-102
HIST-05946,TASK-05989,2025-02-15T00:27:00,2025-02-15T03:25:00,Routine PM: Bi-annual Mast Insulator Washing & Cantilever Tightening.,COMPLETED,178,T-102
HIST-05947,TASK-05990,2025-08-14T00:15:00,2025-08-14T03:12:00,Routine PM: Bi-annual Mast Insulator Washing & Cantilever Tightening.,COMPLETED,177,T-101 (Engineering Gang)
HIST-05948,TASK-05991,2026-02-09T23:42:00,2026-02-10T02:42:00,Routine PM: Bi-annual Mast Insulator Washing & Cantilever Tightening.,COMPLETED,180,T-202
HIST-05961,TASK-06004,2023-09-27T00:05:00,2023-09-27T03:06:00,Routine PM: Bi-annual Mast Insulator Washing & Cantilever Tightening.,COMPLETED,181,T-301 (OHE Gang)
HIST-05962,TASK-06005,2024-03-24T23:57:00,2024-03-25T02:52:00,Routine PM: Bi-annual Mast Insulator Washing & Cantilever Tightening.,COMPLETED,175,T-101 (Engineering Gang)
HIST-05963,TASK-06006,2024-09-20T23:40:00,2024-09-21T02:46:00,Routine PM: Bi-annual Mast Insulator Washing & Cantilever Tightening.,COMPLETED,186,T-301 (OHE Gang)
HIST-05964,TASK-06007,2025-03-19T23:51:00,2025-03-20T02:54:00,Routine PM: Bi-annual Mast Insulator Washing & Cantilever Tightening.,COMPLETED,183,T-301 (OHE Gang)
HIST-05965,TASK-06008,2025-09-15T23:59:00,2025-09-16T02:54:00,Routine PM: Bi-annual Mast Insulator Washing & Cantilever Tightening.,COMPLETED,175,T-302
HIST-05966,TASK-06009,2026-03-15T00:13:00,2026-03-15T03:21:00,Routine PM: Bi-annual Mast Insulator Washing & Cantilever Tightening.,COMPLETED,188,T-101 (Engineering Gang)
HIST-05988,TASK-06031,2023-11-05T23:46:00,2023-11-06T02:43:00,Routine PM: Bi-annual Mast Insulator Washing & Cantilever Tightening.,COMPLETED,177,T-302
HIST-05989,TASK-06032,2024-05-04T00:28:00,2024-05-04T03:21:00,Routine PM: Bi-annual Mast Insulator Washing & Cantilever Tightening.,COMPLETED,173,T-301 (OHE Gang)
HIST-05990,TASK-06033,2024-10-31T00:16:00,2024-10-31T03:17:00,Routine PM: Bi-annual Mast Insulator Washing & Cantilever Tightening.,COMPLETED,181,T-101 (Engineering Gang)
HIST-05991,TASK-06034,2025-04-29T00:23:00,2025-04-29T03:17:00,Routine PM: Bi-annual Mast Insulator Washing & Cantilever Tightening.,COMPLETED,174,T-201 (Signal Staff)
HIST-05992,TASK-06035,2025-10-26T00:23:00,2025-10-26T03:31:00,Routine PM: Bi-annual Mast Insulator Washing & Cantilever Tightening.,COMPLETED,188,T-102
HIST-05993,TASK-06036,2026-04-24T00:20:00,2026-04-24T03:19:00,Routine PM: Bi-annual Mast Insulator Washing & Cantilever Tightening.,COMPLETED,179,T-302
HIST-06012,TASK-06055,2023-09-18T23:59:00,2023-09-19T03:07:00,Routine PM: Bi-annual Mast Insulator Washing & Cantilever Tightening.,COMPLETED,188,T-301 (OHE Gang)
HIST-06013,TASK-06056,2024-03-16T23:55:00,2024-03-17T02:59:00,Routine PM: Bi-annual Mast Insulator Washing & Cantilever Tightening.,COMPLETED,184,T-302
HIST-06014,TASK-06057,2024-09-12T23:56:00,2024-09-13T02:49:00,Routine PM: Bi-annual Mast Insulator Washing & Cantilever Tightening.,COMPLETED,173,T-102
HIST-06015,TASK-06058,2025-03-12T00:29:00,2025-03-12T03:36:00,Routine PM: Bi-annual Mast Insulator Washing & Cantilever Tightening.,COMPLETED,187,T-102
HIST-06016,TASK-06059,2025-09-08T00:29:00,2025-09-08T03:22:00,Routine PM: Bi-annual Mast Insulator Washing & Cantilever Tightening.,COMPLETED,173,T-102
HIST-06017,TASK-06060,2026-03-07T00:26:00,2026-03-07T03:29:00,Routine PM: Bi-annual Mast Insulator Washing & Cantilever Tightening.,COMPLETED,183,T-301 (OHE Gang)
HIST-06033,TASK-06076,2024-01-17T23:45:00,2024-01-18T02:37:00,Routine PM: Bi-annual Mast Insulator Washing & Cantilever Tightening.,COMPLETED,172,T-202
HIST-06034,TASK-06077,2024-07-16T00:03:00,2024-07-16T03:05:00,Routine PM: Bi-annual Mast Insulator Washing & Cantilever Tightening.,COMPLETED,182,T-201 (Signal Staff)
HIST-06035,TASK-06078,2025-01-11T23:31:00,2025-01-12T02:39:00,Routine PM: Bi-annual Mast Insulator Washing & Cantilever Tightening.,COMPLETED,188,T-302
HIST-06036,TASK-06079,2025-07-10T23:39:00,2025-07-11T02:41:00,Routine PM: Bi-annual Mast Insulator Washing & Cantilever Tightening.,COMPLETED,182,T-201 (Signal Staff)
HIST-06037,TASK-06080,2026-01-06T23:39:00,2026-01-07T02:42:00,Routine PM: Bi-annual Mast Insulator Washing & Cantilever Tightening.,COMPLETED,183,T-201 (Signal Staff)
HIST-06038,TASK-06081,2026-07-06T00:15:00,2026-07-06T03:23:00,Routine PM: Bi-annual Mast Insulator Washing & Cantilever Tightening.,COMPLETED,188,T-301 (OHE Gang)
HIST-06048,TASK-06091,2023-10-30T00:07:00,2023-10-30T03:09:00,Routine PM: Bi-annual Mast Insulator Washing & Cantilever Tightening.,COMPLETED,182,T-201 (Signal Staff)
HIST-06049,TASK-06092,2024-04-26T23:53:00,2024-04-27T02:55:00,Routine PM: Bi-annual Mast Insulator Washing & Cantilever Tightening.,COMPLETED,182,T-202
HIST-06050,TASK-06093,2024-10-23T23:52:00,2024-10-24T02:53:00,Routine PM: Bi-annual Mast Insulator Washing & Cantilever Tightening.,COMPLETED,181,T-302
HIST-06051,TASK-06094,2025-04-21T23:37:00,2025-04-22T02:30:00,Routine PM: Bi-annual Mast Insulator Washing & Cantilever Tightening.,COMPLETED,173,T-201 (Signal Staff)
HIST-06052,TASK-06095,2025-10-18T23:53:00,2025-10-19T02:49:00,Routine PM: Bi-annual Mast Insulator Washing & Cantilever Tightening.,COMPLETED,176,T-201 (Signal Staff)
HIST-06053,TASK-06096,2026-04-16T23:33:00,2026-04-17T02:26:00,Routine PM: Bi-annual Mast Insulator Washing & Cantilever Tightening.,COMPLETED,173,T-301 (OHE Gang)
HIST-06069,TASK-06112,2023-11-04T23:30:00,2023-11-05T02:23:00,Routine PM: Bi-annual Mast Insulator Washing & Cantilever Tightening.,COMPLETED,173,T-202
HIST-06070,TASK-06113,2024-05-02T23:48:00,2024-05-03T02:53:00,Routine PM: Bi-annual Mast Insulator Washing & Cantilever Tightening.,COMPLETED,185,T-101 (Engineering Gang)
HIST-06071,TASK-06114,2024-10-29T23:52:00,2024-10-30T03:00:00,Routine PM: Bi-annual Mast Insulator Washing & Cantilever Tightening.,COMPLETED,188,T-201 (Signal Staff)
HIST-06072,TASK-06115,2025-04-28T00:16:00,2025-04-28T03:14:00,Routine PM: Bi-annual Mast Insulator Washing & Cantilever Tightening.,COMPLETED,178,T-102
HIST-06073,TASK-06116,2025-10-24T23:40:00,2025-10-25T02:33:00,Routine PM: Bi-annual Mast Insulator Washing & Cantilever Tightening.,COMPLETED,173,T-202
HIST-06074,TASK-06117,2026-04-23T00:02:00,2026-04-23T02:58:00,Routine PM: Bi-annual Mast Insulator Washing & Cantilever Tightening.,COMPLETED,176,T-202
HIST-06087,TASK-06130,2024-01-25T23:40:00,2024-01-26T02:39:00,Routine PM: Bi-annual Mast Insulator Washing & Cantilever Tightening.,COMPLETED,179,T-301 (OHE Gang)
HIST-06088,TASK-06131,2024-07-24T00:15:00,2024-07-24T03:08:00,Routine PM: Bi-annual Mast Insulator Washing & Cantilever Tightening.,COMPLETED,173,T-101 (Engineering Gang)
HIST-06089,TASK-06132,2025-01-19T23:32:00,2025-01-20T02:38:00,Routine PM: Bi-annual Mast Insulator Washing & Cantilever Tightening.,COMPLETED,186,T-302
HIST-06090,TASK-06133,2025-07-19T00:26:00,2025-07-19T03:31:00,Routine PM: Bi-annual Mast Insulator Washing & Cantilever Tightening.,COMPLETED,185,T-301 (OHE Gang)
HIST-06091,TASK-06134,2026-01-14T23:33:00,2026-01-15T02:27:00,Routine PM: Bi-annual Mast Insulator Washing & Cantilever Tightening.,COMPLETED,174,T-202
HIST-06092,TASK-06135,2026-07-13T23:48:00,2026-07-14T02:53:00,Routine PM: Bi-annual Mast Insulator Washing & Cantilever Tightening.,COMPLETED,185,T-101 (Engineering Gang)
HIST-06093,TASK-06136,2023-12-07T00:06:00,2023-12-07T03:08:00,Routine PM: Bi-annual Mast Insulator Washing & Cantilever Tightening.,COMPLETED,182,T-201 (Signal Staff)
HIST-06094,TASK-06137,2024-06-04T00:08:00,2024-06-04T03:15:00,Routine PM: Bi-annual Mast Insulator Washing & Cantilever Tightening.,COMPLETED,187,T-102
HIST-06095,TASK-06138,2024-12-01T00:16:00,2024-12-01T03:17:00,Routine PM: Bi-annual Mast Insulator Washing & Cantilever Tightening.,COMPLETED,181,T-101 (Engineering Gang)
HIST-06096,TASK-06139,2025-05-29T23:33:00,2025-05-30T02:40:00,Routine PM: Bi-annual Mast Insulator Washing & Cantilever Tightening.,COMPLETED,187,T-202
HIST-06097,TASK-06140,2025-11-25T23:53:00,2025-11-26T02:54:00,Routine PM: Bi-annual Mast Insulator Washing & Cantilever Tightening.,COMPLETED,181,T-301 (OHE Gang)
HIST-06098,TASK-06141,2026-05-25T00:19:00,2026-05-25T03:20:00,Routine PM: Bi-annual Mast Insulator Washing & Cantilever Tightening.,COMPLETED,181,T-302
HIST-06105,TASK-06148,2023-12-12T00:01:00,2023-12-12T03:06:00,Routine PM: Bi-annual Mast Insulator Washing & Cantilever Tightening.,COMPLETED,185,T-301 (OHE Gang)
HIST-06106,TASK-06149,2024-06-09T00:24:00,2024-06-09T03:29:00,Routine PM: Bi-annual Mast Insulator Washing & Cantilever Tightening.,COMPLETED,185,T-301 (OHE Gang)
HIST-06107,TASK-06150,2024-12-06T00:14:00,2024-12-06T03:21:00,Routine PM: Bi-annual Mast Insulator Washing & Cantilever Tightening.,COMPLETED,187,T-202
HIST-06108,TASK-06151,2025-06-04T00:07:00,2025-06-04T03:12:00,Routine PM: Bi-annual Mast Insulator Washing & Cantilever Tightening.,COMPLETED,185,T-201 (Signal Staff)
HIST-06109,TASK-06152,2025-12-01T00:07:00,2025-12-01T03:00:00,Routine PM: Bi-annual Mast Insulator Washing & Cantilever Tightening.,COMPLETED,173,T-302
HIST-06110,TASK-06153,2026-05-29T23:42:00,2026-05-30T02:41:00,Routine PM: Bi-annual Mast Insulator Washing & Cantilever Tightening.,COMPLETED,179,T-202
HIST-06117,TASK-06160,2024-01-14T23:36:00,2024-01-15T02:32:00,Routine PM: Bi-annual Mast Insulator Washing & Cantilever Tightening.,COMPLETED,176,T-301 (OHE Gang)
HIST-06118,TASK-06161,2024-07-13T00:11:00,2024-07-13T03:19:00,Routine PM: Bi-annual Mast Insulator Washing & Cantilever Tightening.,COMPLETED,188,T-202
HIST-06119,TASK-06162,2025-01-08T23:41:00,2025-01-09T02:45:00,Routine PM: Bi-annual Mast Insulator Washing & Cantilever Tightening.,COMPLETED,184,T-202
HIST-06120,TASK-06163,2025-07-07T23:49:00,2025-07-08T02:42:00,Routine PM: Bi-annual Mast Insulator Washing & Cantilever Tightening.,COMPLETED,173,T-102
HIST-06121,TASK-06164,2026-01-04T00:01:00,2026-01-04T03:06:00,Routine PM: Bi-annual Mast Insulator Washing & Cantilever Tightening.,COMPLETED,185,T-102
HIST-06122,TASK-06165,2026-07-02T23:47:00,2026-07-03T02:39:00,Routine PM: Bi-annual Mast Insulator Washing & Cantilever Tightening.,COMPLETED,172,T-301 (OHE Gang)
HIST-06183,TASK-06226,2023-10-30T00:21:00,2023-10-30T03:29:00,Routine PM: Bi-annual Mast Insulator Washing & Cantilever Tightening.,COMPLETED,188,T-202
HIST-06184,TASK-06227,2024-04-26T23:33:00,2024-04-27T02:28:00,Routine PM: Bi-annual Mast Insulator Washing & Cantilever Tightening.,COMPLETED,175,T-102
HIST-06185,TASK-06228,2024-10-23T23:50:00,2024-10-24T02:42:00,Routine PM: Bi-annual Mast Insulator Washing & Cantilever Tightening.,COMPLETED,172,T-201 (Signal Staff)
HIST-06186,TASK-06229,2025-04-22T00:27:00,2025-04-22T03:26:00,Routine PM: Bi-annual Mast Insulator Washing & Cantilever Tightening.,COMPLETED,179,T-202
HIST-06187,TASK-06230,2025-10-18T23:40:00,2025-10-19T02:38:00,Routine PM: Bi-annual Mast Insulator Washing & Cantilever Tightening.,COMPLETED,178,T-302
HIST-06188,TASK-06231,2026-04-16T23:31:00,2026-04-17T02:37:00,Routine PM: Bi-annual Mast Insulator Washing & Cantilever Tightening.,COMPLETED,186,T-102
