task_id,asset_id,defect_id,department_id,section_id,task_type,planned_start,planned_end,due_date,required_block_type,estimated_duration_minutes,status
TASK-00002,AST-002,DEF-00001,DEP-001,SEC-006,CORRECTIVE,2024-02-13T00:00:00,2024-02-13T02:00:00,2024-02-20T00:00:00,SHADOW,120,COMPLETED
TASK-00001,AST-002,DEF-00001,DEP-001,SEC-006,CORRECTIVE,2024-02-05T00:00:00,2024-02-05T02:00:00,2024-02-11T00:00:00,SHADOW,120,DEFERRED
TASK-00004,AST-002,DEF-00002,DEP-001,SEC-006,CORRECTIVE,2026-01-29T00:00:00,2026-01-29T02:00:00,2026-02-05T00:00:00,SHADOW,120,COMPLETED
TASK-00003,AST-002,DEF-00002,DEP-001,SEC-006,CORRECTIVE,2026-01-24T00:00:00,2026-01-24T02:00:00,2026-01-31T00:00:00,SHADOW,120,DEFERRED
TASK-00005,AST-002,DEF-00003,DEP-001,SEC-006,EMERGENCY,2026-07-20T01:00:00,2026-07-20T05:00:00,2026-07-21T00:00:00,TRAFFIC_BLOCK,240,COMPLETED
TASK-00008,AST-008,DEF-00006,DEP-001,SEC-005,CORRECTIVE,2024-04-13T00:00:00,2024-04-13T02:00:00,2024-04-18T00:00:00,SHADOW,120,COMPLETED
TASK-00009,AST-008,DEF-00007,DEP-001,SEC-005,EMERGENCY,2026-06-27T08:00:00,2026-06-27T12:00:00,2026-06-28T00:00:00,TRAFFIC_BLOCK,240,CANCELLED
TASK-00013,AST-010,DEF-00010,DEP-001,SEC-006,EMERGENCY,2025-07-17T09:00:00,2025-07-17T13:00:00,2025-07-18T00:00:00,TRAFFIC_BLOCK,240,COMPLETED
TASK-00014,AST-012,DEF-00011,DEP-001,SEC-002,CORRECTIVE,2025-03-29T00:00:00,2025-03-29T01:00:00,2025-04-11T00:00:00,NONE,60,COMPLETED
TASK-00016,AST-012,DEF-00012,DEP-001,SEC-002,EMERGENCY,2026-06-12T08:00:00,2026-06-12T12:00:00,2026-06-19T08:00:00,TRAFFIC_BLOCK,240,COMPLETED
TASK-00015,AST-012,DEF-00012,DEP-001,SEC-002,EMERGENCY,2026-06-05T08:00:00,2026-06-05T12:00:00,2026-06-06T00:00:00,TRAFFIC_BLOCK,240,DEFERRED
TASK-00017,AST-013,DEF-00013,DEP-001,SEC-002,CORRECTIVE,2026-04-16T00:00:00,2026-04-16T01:00:00,2026-04-27T00:00:00,NONE,60,COMPLETED
TASK-00022,AST-018,DEF-00018,DEP-001,SEC-005,EMERGENCY,2024-01-14T11:00:00,2024-01-14T15:00:00,2024-01-15T00:00:00,TRAFFIC_BLOCK,240,COMPLETED
TASK-00025,AST-023,DEF-00021,DEP-001,SEC-002,CORRECTIVE,2025-11-08T00:00:00,2025-11-08T02:00:00,2025-11-12T00:00:00,SHADOW,120,COMPLETED
TASK-00039,AST-032,DEF-00034,DEP-001,SEC-003,CORRECTIVE,2025-09-05T00:00:00,2025-09-05T01:00:00,2025-09-11T00:00:00,NONE,60,COMPLETED
TASK-00042,AST-037,DEF-00037,DEP-001,SEC-004,CORRECTIVE,2025-11-17T00:00:00,2025-11-17T02:00:00,2025-11-24T00:00:00,SHADOW,120,COMPLETED
TASK-00044,AST-038,DEF-00038,DEP-001,SEC-001,CORRECTIVE,2024-04-22T00:00:00,2024-04-22T01:00:00,2024-04-29T00:00:00,NONE,60,COMPLETED
TASK-00043,AST-038,DEF-00038,DEP-001,SEC-001,CORRECTIVE,2024-04-20T00:00:00,2024-04-20T01:00:00,2024-04-25T00:00:00,NONE,60,DEFERRED
TASK-00045,AST-038,DEF-00039,DEP-001,SEC-001,EMERGENCY,2025-03-21T11:00:00,2025-03-21T15:00:00,2025-03-22T00:00:00,TRAFFIC_BLOCK,240,COMPLETED
TASK-00053,AST-047,DEF-00047,DEP-001,SEC-005,EMERGENCY,2024-01-04T05:00:00,2024-01-04T09:00:00,2024-01-05T00:00:00,TRAFFIC_BLOCK,240,COMPLETED
TASK-00054,AST-047,DEF-00048,DEP-001,SEC-005,EMERGENCY,2024-09-30T10:00:00,2024-09-30T14:00:00,2024-10-01T00:00:00,TRAFFIC_BLOCK,240,COMPLETED
TASK-00055,AST-047,DEF-00049,DEP-001,SEC-005,CORRECTIVE,2025-09-28T00:00:00,2025-09-28T02:00:00,2025-10-05T00:00:00,SHADOW,120,COMPLETED
TASK-00064,AST-057,DEF-00057,DEP-001,SEC-001,CORRECTIVE,2026-07-02T00:00:00,2026-07-02T02:00:00,2026-07-09T00:00:00,SHADOW,120,COMPLETED
TASK-00065,AST-059,DEF-00058,DEP-001,SEC-005,CORRECTIVE,2026-07-10T00:00:00,2026-07-10T02:00:00,2026-07-14T00:00:00,SHADOW,120,COMPLETED
TASK-00076,AST-066,DEF-00068,DEP-001,SEC-005,EMERGENCY,2024-04-19T04:00:00,2024-04-19T08:00:00,2024-04-20T00:00:00,TRAFFIC_BLOCK,240,COMPLETED
TASK-00077,AST-070,DEF-00069,DEP-001,SEC-006,CORRECTIVE,2025-05-02T00:00:00,2025-05-02T02:00:00,2025-05-10T00:00:00,SHADOW,120,COMPLETED
TASK-00078,AST-070,DEF-00070,DEP-001,SEC-006,EMERGENCY,2026-07-24T05:00:00,2026-07-24T09:00:00,2026-07-25T00:00:00,TRAFFIC_BLOCK,240,COMPLETED
TASK-00084,AST-077,DEF-00076,DEP-001,SEC-003,CORRECTIVE,2024-04-11T00:00:00,2024-04-11T02:00:00,2024-04-16T00:00:00,SHADOW,120,COMPLETED
TASK-00086,AST-077,DEF-00077,DEP-001,SEC-003,CORRECTIVE,2026-01-08T00:00:00,2026-01-08T02:00:00,2026-01-15T00:00:00,SHADOW,120,COMPLETED
TASK-00085,AST-077,DEF-00077,DEP-001,SEC-003,CORRECTIVE,2026-01-03T00:00:00,2026-01-03T02:00:00,2026-01-06T00:00:00,SHADOW,120,DEFERRED
TASK-00088,AST-077,DEF-00078,DEP-001,SEC-003,CORRECTIVE,2026-04-09T00:00:00,2026-04-09T02:00:00,2026-04-16T00:00:00,SHADOW,120,COMPLETED
TASK-00087,AST-077,DEF-00078,DEP-001,SEC-003,CORRECTIVE,2026-03-31T00:00:00,2026-03-31T02:00:00,2026-04-06T00:00:00,SHADOW,120,DEFERRED
TASK-00090,AST-081,DEF-00080,DEP-001,SEC-004,CORRECTIVE,2024-08-30T00:00:00,2024-08-30T01:00:00,2024-09-11T00:00:00,NONE,60,COMPLETED
TASK-00092,AST-084,DEF-00081,DEP-001,SEC-002,EMERGENCY,2024-12-20T05:00:00,2024-12-20T09:00:00,2024-12-27T05:00:00,TRAFFIC_BLOCK,240,COMPLETED
TASK-00091,AST-084,DEF-00081,DEP-001,SEC-002,EMERGENCY,2024-12-16T05:00:00,2024-12-16T09:00:00,2024-12-17T00:00:00,TRAFFIC_BLOCK,240,DEFERRED
TASK-00093,AST-084,DEF-00082,DEP-001,SEC-002,CORRECTIVE,2025-03-27T00:00:00,2025-03-27T01:00:00,2025-04-15T00:00:00,NONE,60,COMPLETED
TASK-00094,AST-087,DEF-00083,DEP-001,SEC-001,CORRECTIVE,2023-11-04T00:00:00,2023-11-04T02:00:00,2023-11-12T00:00:00,SHADOW,120,COMPLETED
TASK-00095,AST-087,DEF-00084,DEP-001,SEC-001,EMERGENCY,2026-04-20T09:00:00,2026-04-20T13:00:00,2026-04-21T00:00:00,TRAFFIC_BLOCK,240,COMPLETED
TASK-00096,AST-089,DEF-00085,DEP-001,SEC-004,CORRECTIVE,2023-10-18T00:00:00,2023-10-18T02:00:00,2023-10-22T00:00:00,SHADOW,120,COMPLETED
TASK-00097,AST-090,DEF-00086,DEP-001,SEC-003,CORRECTIVE,2024-09-15T00:00:00,2024-09-15T01:00:00,2024-10-05T00:00:00,NONE,60,COMPLETED
TASK-00099,AST-091,DEF-00087,DEP-001,SEC-003,EMERGENCY,2024-06-17T11:00:00,2024-06-17T15:00:00,2024-06-24T11:00:00,TRAFFIC_BLOCK,240,COMPLETED
TASK-00098,AST-091,DEF-00087,DEP-001,SEC-003,EMERGENCY,2024-06-12T11:00:00,2024-06-12T15:00:00,2024-06-13T00:00:00,TRAFFIC_BLOCK,240,DEFERRED
TASK-00118,AST-102,DEF-00100,DEP-001,SEC-004,EMERGENCY,2025-09-16T03:00:00,2025-09-16T07:00:00,2025-09-23T03:00:00,TRAFFIC_BLOCK,240,COMPLETED
TASK-00117,AST-102,DEF-00100,DEP-001,SEC-004,EMERGENCY,2025-09-13T03:00:00,2025-09-13T07:00:00,2025-09-14T00:00:00,TRAFFIC_BLOCK,240,DEFERRED
TASK-00119,AST-103,DEF-00101,DEP-001,SEC-006,EMERGENCY,2026-06-16T05:00:00,2026-06-16T09:00:00,2026-06-17T00:00:00,TRAFFIC_BLOCK,240,COMPLETED
TASK-00148,AST-124,DEF-00125,DEP-001,SEC-003,CORRECTIVE,2025-06-30T00:00:00,2025-06-30T02:00:00,2025-07-07T00:00:00,SHADOW,120,COMPLETED
TASK-00149,AST-125,DEF-00126,DEP-001,SEC-003,EMERGENCY,2024-03-19T12:00:00,2024-03-19T16:00:00,2024-03-20T00:00:00,TRAFFIC_BLOCK,240,COMPLETED
TASK-00165,AST-142,DEF-00139,DEP-001,SEC-005,CORRECTIVE,2026-07-27T00:00:00,2026-07-27T01:00:00,2026-08-05T00:00:00,NONE,60,COMPLETED
TASK-00166,AST-144,DEF-00140,DEP-001,SEC-003,EMERGENCY,2026-07-26T05:00:00,2026-07-26T09:00:00,2026-07-27T00:00:00,TRAFFIC_BLOCK,240,COMPLETED
TASK-00171,AST-148,DEF-00143,DEP-001,SEC-006,CORRECTIVE,2024-12-03T00:00:00,2024-12-03T02:00:00,2024-12-10T00:00:00,SHADOW,120,COMPLETED
TASK-00170,AST-148,DEF-00143,DEP-001,SEC-006,CORRECTIVE,2024-12-01T00:00:00,2024-12-01T02:00:00,2024-12-04T00:00:00,SHADOW,120,DEFERRED
TASK-00172,AST-148,DEF-00144,DEP-001,SEC-006,CORRECTIVE,2025-11-25T00:00:00,2025-11-25T02:00:00,2025-11-29T00:00:00,SHADOW,120,COMPLETED
TASK-00177,AST-151,DEF-00148,DEP-001,SEC-002,CORRECTIVE,2024-02-21T00:00:00,2024-02-21T02:00:00,2024-02-26T00:00:00,SHADOW,120,COMPLETED
TASK-00178,AST-154,DEF-00149,DEP-001,SEC-003,EMERGENCY,2026-03-21T04:00:00,2026-03-21T08:00:00,2026-03-22T00:00:00,TRAFFIC_BLOCK,240,COMPLETED
TASK-00184,AST-160,DEF-00155,DEP-001,SEC-001,CORRECTIVE,2026-03-16T00:00:00,2026-03-16T02:00:00,2026-03-24T00:00:00,SHADOW,120,COMPLETED
TASK-00185,AST-166,DEF-00156,DEP-001,SEC-004,EMERGENCY,2025-07-08T02:00:00,2025-07-08T06:00:00,2025-07-09T00:00:00,TRAFFIC_BLOCK,240,COMPLETED
TASK-00186,AST-166,DEF-00157,DEP-001,SEC-004,CORRECTIVE,2026-04-09T00:00:00,2026-04-09T02:00:00,2026-04-14T00:00:00,SHADOW,120,COMPLETED
TASK-00187,AST-167,DEF-00158,DEP-001,SEC-003,CORRECTIVE,2025-02-21T00:00:00,2025-02-21T01:00:00,2025-03-06T00:00:00,NONE,60,COMPLETED
TASK-00188,AST-167,DEF-00159,DEP-001,SEC-003,CORRECTIVE,2026-02-02T00:00:00,2026-02-02T02:00:00,2026-02-09T00:00:00,SHADOW,120,COMPLETED
TASK-00189,AST-167,DEF-00160,DEP-001,SEC-003,CORRECTIVE,2026-05-03T00:00:00,2026-05-03T02:00:00,2026-05-10T00:00:00,SHADOW,120,COMPLETED
TASK-00214,AST-189,DEF-00181,DEP-001,SEC-004,EMERGENCY,2025-12-30T08:00:00,2025-12-30T12:00:00,2026-01-06T08:00:00,TRAFFIC_BLOCK,240,COMPLETED
TASK-00213,AST-189,DEF-00181,DEP-001,SEC-004,EMERGENCY,2025-12-27T08:00:00,2025-12-27T12:00:00,2025-12-28T00:00:00,TRAFFIC_BLOCK,240,DEFERRED
TASK-00215,AST-192,DEF-00182,DEP-001,SEC-005,CORRECTIVE,2024-11-12T00:00:00,2024-11-12T02:00:00,2024-11-16T00:00:00,SHADOW,120,COMPLETED
TASK-00237,AST-201,DEF-00197,DEP-001,SEC-001,CORRECTIVE,2024-05-27T00:00:00,2024-05-27T02:00:00,2024-05-31T00:00:00,SHADOW,120,COMPLETED
TASK-00239,AST-203,DEF-00199,DEP-001,SEC-006,CORRECTIVE,2025-07-31T00:00:00,2025-07-31T02:00:00,2025-08-04T00:00:00,SHADOW,120,COMPLETED
TASK-00241,AST-206,DEF-00201,DEP-001,SEC-002,CORRECTIVE,2024-09-30T00:00:00,2024-09-30T02:00:00,2024-10-03T00:00:00,SHADOW,120,COMPLETED
TASK-00242,AST-206,DEF-00202,DEP-001,SEC-002,CORRECTIVE,2025-12-31T00:00:00,2025-12-31T01:00:00,2026-01-16T00:00:00,NONE,60,COMPLETED
TASK-00261,AST-218,DEF-00218,DEP-001,SEC-003,CORRECTIVE,2025-12-06T00:00:00,2025-12-06T01:00:00,2025-12-11T00:00:00,NONE,60,COMPLETED
TASK-00284,AST-230,DEF-00237,DEP-001,SEC-001,CORRECTIVE,2026-01-02T00:00:00,2026-01-02T02:00:00,2026-01-08T00:00:00,SHADOW,120,COMPLETED
TASK-00296,AST-235,DEF-00248,DEP-001,SEC-001,EMERGENCY,2025-11-12T04:00:00,2025-11-12T08:00:00,2025-11-13T00:00:00,TRAFFIC_BLOCK,240,COMPLETED
TASK-00297,AST-236,DEF-00249,DEP-001,SEC-005,CORRECTIVE,2024-03-17T00:00:00,2024-03-17T02:00:00,2024-03-20T00:00:00,SHADOW,120,COMPLETED
TASK-00298,AST-236,DEF-00250,DEP-001,SEC-005,CORRECTIVE,2025-09-03T00:00:00,2025-09-03T02:00:00,2025-09-11T00:00:00,SHADOW,120,COMPLETED
TASK-00299,AST-237,DEF-00251,DEP-001,SEC-005,CORRECTIVE,2025-01-04T00:00:00,2025-01-04T02:00:00,2025-01-12T00:00:00,SHADOW,120,COMPLETED
TASK-00304,AST-244,DEF-00255,DEP-001,SEC-005,EMERGENCY,2024-10-01T10:00:00,2024-10-01T14:00:00,2024-10-02T00:00:00,TRAFFIC_BLOCK,240,COMPLETED
TASK-00308,AST-246,DEF-00259,DEP-001,SEC-005,CORRECTIVE,2026-01-28T00:00:00,2026-01-28T02:00:00,2026-02-04T00:00:00,SHADOW,120,COMPLETED
TASK-00337,AST-261,DEF-00285,DEP-001,SEC-003,CORRECTIVE,2025-08-14T00:00:00,2025-08-14T01:00:00,2025-08-25T00:00:00,NONE,60,COMPLETED
TASK-00339,AST-263,DEF-00286,DEP-001,SEC-001,CORRECTIVE,2025-01-14T00:00:00,2025-01-14T02:00:00,2025-01-21T00:00:00,SHADOW,120,COMPLETED
TASK-00338,AST-263,DEF-00286,DEP-001,SEC-001,CORRECTIVE,2025-01-11T00:00:00,2025-01-11T02:00:00,2025-01-15T00:00:00,SHADOW,120,DEFERRED
TASK-00344,AST-268,DEF-00290,DEP-001,SEC-002,EMERGENCY,2024-04-12T03:00:00,2024-04-12T07:00:00,2024-04-13T00:00:00,TRAFFIC_BLOCK,240,COMPLETED
TASK-00346,AST-270,DEF-00292,DEP-001,SEC-005,EMERGENCY,2025-12-20T02:00:00,2025-12-20T06:00:00,2025-12-21T00:00:00,TRAFFIC_BLOCK,240,COMPLETED
TASK-00360,AST-277,DEF-00302,DEP-001,SEC-001,CORRECTIVE,2025-11-01T00:00:00,2025-11-01T02:00:00,2025-11-05T00:00:00,SHADOW,120,COMPLETED
TASK-00361,AST-277,DEF-00303,DEP-001,SEC-001,CORRECTIVE,2026-05-15T00:00:00,2026-05-15T01:00:00,2026-05-24T00:00:00,NONE,60,COMPLETED
TASK-00370,AST-282,DEF-00312,DEP-001,SEC-001,EMERGENCY,2025-02-01T11:00:00,2025-02-01T15:00:00,2025-02-02T00:00:00,TRAFFIC_BLOCK,240,COMPLETED
TASK-00371,AST-284,DEF-00313,DEP-001,SEC-002,CORRECTIVE,2025-02-16T00:00:00,2025-02-16T02:00:00,2025-02-19T00:00:00,SHADOW,120,COMPLETED
TASK-00375,AST-286,DEF-00316,DEP-001,SEC-004,CORRECTIVE,2025-05-24T00:00:00,2025-05-24T01:00:00,2025-05-30T00:00:00,NONE,60,COMPLETED
TASK-00380,AST-289,DEF-00319,DEP-001,SEC-006,EMERGENCY,2024-05-29T08:00:00,2024-05-29T12:00:00,2024-06-05T08:00:00,TRAFFIC_BLOCK,240,COMPLETED
TASK-00379,AST-289,DEF-00319,DEP-001,SEC-006,EMERGENCY,2024-05-25T08:00:00,2024-05-25T12:00:00,2024-05-26T00:00:00,TRAFFIC_BLOCK,240,DEFERRED
TASK-00389,AST-292,DEF-00325,DEP-001,SEC-001,CORRECTIVE,2024-09-15T00:00:00,2024-09-15T01:00:00,2024-09-26T00:00:00,NONE,60,COMPLETED
TASK-00393,AST-295,DEF-00329,DEP-001,SEC-006,CORRECTIVE,2024-03-18T00:00:00,2024-03-18T02:00:00,2024-03-23T00:00:00,SHADOW,120,COMPLETED
TASK-00394,AST-295,DEF-00330,DEP-001,SEC-006,CORRECTIVE,2025-12-07T00:00:00,2025-12-07T02:00:00,2025-12-13T00:00:00,SHADOW,120,COMPLETED
TASK-00397,AST-298,DEF-00333,DEP-001,SEC-002,EMERGENCY,2025-08-09T01:00:00,2025-08-09T05:00:00,2025-08-10T00:00:00,TRAFFIC_BLOCK,240,COMPLETED
TASK-00402,AST-301,DEF-00338,DEP-001,SEC-001,EMERGENCY,2024-11-19T06:00:00,2024-11-19T10:00:00,2024-11-20T00:00:00,TRAFFIC_BLOCK,240,COMPLETED
TASK-00412,AST-307,DEF-00347,DEP-001,SEC-004,CORRECTIVE,2023-12-13T00:00:00,2023-12-13T02:00:00,2023-12-18T00:00:00,SHADOW,120,COMPLETED
TASK-00413,AST-307,DEF-00348,DEP-001,SEC-004,EMERGENCY,2024-06-05T11:00:00,2024-06-05T15:00:00,2024-06-06T00:00:00,TRAFFIC_BLOCK,240,COMPLETED
TASK-00415,AST-310,DEF-00349,DEP-001,SEC-003,CORRECTIVE,2025-01-08T00:00:00,2025-01-08T02:00:00,2025-01-15T00:00:00,SHADOW,120,COMPLETED
TASK-00414,AST-310,DEF-00349,DEP-001,SEC-003,CORRECTIVE,2025-01-06T00:00:00,2025-01-06T02:00:00,2025-01-12T00:00:00,SHADOW,120,DEFERRED
TASK-00416,AST-310,DEF-00350,DEP-001,SEC-003,CORRECTIVE,2026-01-16T00:00:00,2026-01-16T01:00:00,2026-01-27T00:00:00,NONE,60,COMPLETED
TASK-00425,AST-318,DEF-00357,DEP-001,SEC-001,CORRECTIVE,2023-12-12T00:00:00,2023-12-12T02:00:00,2023-12-17T00:00:00,SHADOW,120,COMPLETED
TASK-00439,AST-330,DEF-00369,DEP-001,SEC-003,EMERGENCY,2024-04-18T11:00:00,2024-04-18T15:00:00,2024-04-25T11:00:00,TRAFFIC_BLOCK,240,COMPLETED
TASK-00438,AST-330,DEF-00369,DEP-001,SEC-003,EMERGENCY,2024-04-15T11:00:00,2024-04-15T15:00:00,2024-04-16T00:00:00,TRAFFIC_BLOCK,240,DEFERRED
TASK-00441,AST-331,DEF-00370,DEP-001,SEC-001,CORRECTIVE,2024-02-12T00:00:00,2024-02-12T02:00:00,2024-02-19T00:00:00,SHADOW,120,COMPLETED
TASK-00440,AST-331,DEF-00370,DEP-001,SEC-001,CORRECTIVE,2024-02-10T00:00:00,2024-02-10T02:00:00,2024-02-16T00:00:00,SHADOW,120,DEFERRED
TASK-00447,AST-334,DEF-00375,DEP-001,SEC-001,CORRECTIVE,2024-06-29T00:00:00,2024-06-29T01:00:00,2024-07-06T00:00:00,NONE,60,COMPLETED
TASK-00446,AST-334,DEF-00375,DEP-001,SEC-001,CORRECTIVE,2024-06-23T00:00:00,2024-06-23T01:00:00,2024-07-05T00:00:00,NONE,60,DEFERRED
TASK-00449,AST-334,DEF-00376,DEP-001,SEC-001,CORRECTIVE,2025-09-05T00:00:00,2025-09-05T02:00:00,2025-09-12T00:00:00,SHADOW,120,COMPLETED
TASK-00448,AST-334,DEF-00376,DEP-001,SEC-001,CORRECTIVE,2025-08-31T00:00:00,2025-08-31T02:00:00,2025-09-08T00:00:00,SHADOW,120,DEFERRED
TASK-00450,AST-335,DEF-00377,DEP-001,SEC-002,EMERGENCY,2025-04-03T07:00:00,2025-04-03T11:00:00,2025-04-04T00:00:00,TRAFFIC_BLOCK,240,COMPLETED
TASK-00454,AST-339,DEF-00380,DEP-001,SEC-001,CORRECTIVE,2026-03-16T00:00:00,2026-03-16T02:00:00,2026-03-23T00:00:00,SHADOW,120,COMPLETED
TASK-00453,AST-339,DEF-00380,DEP-001,SEC-001,CORRECTIVE,2026-03-08T00:00:00,2026-03-08T02:00:00,2026-03-16T00:00:00,SHADOW,120,DEFERRED
TASK-00469,AST-347,DEF-00392,DEP-001,SEC-003,CORRECTIVE,2024-06-27T00:00:00,2024-06-27T01:00:00,2024-07-04T00:00:00,NONE,60,COMPLETED
TASK-00475,AST-349,DEF-00397,DEP-001,SEC-006,EMERGENCY,2024-06-05T11:00:00,2024-06-05T15:00:00,2024-06-06T00:00:00,TRAFFIC_BLOCK,240,COMPLETED
TASK-00476,AST-349,DEF-00398,DEP-001,SEC-006,EMERGENCY,2025-03-02T12:00:00,2025-03-02T16:00:00,2025-03-03T00:00:00,TRAFFIC_BLOCK,240,COMPLETED
TASK-00477,AST-349,DEF-00399,DEP-001,SEC-006,CORRECTIVE,2025-06-02T00:00:00,2025-06-02T02:00:00,2025-06-10T00:00:00,SHADOW,120,COMPLETED
TASK-00480,AST-354,DEF-00401,DEP-001,SEC-001,CORRECTIVE,2023-08-26T00:00:00,2023-08-26T01:00:00,2023-09-11T00:00:00,NONE,60,COMPLETED
TASK-00481,AST-354,DEF-00402,DEP-001,SEC-001,CORRECTIVE,2025-11-21T00:00:00,2025-11-21T01:00:00,2025-11-29T00:00:00,NONE,60,COMPLETED
TASK-00490,AST-360,DEF-00410,DEP-001,SEC-005,EMERGENCY,2024-10-05T11:00:00,2024-10-05T15:00:00,2024-10-06T00:00:00,TRAFFIC_BLOCK,240,CANCELLED
TASK-00491,AST-360,DEF-00411,DEP-001,SEC-005,EMERGENCY,2025-01-03T08:00:00,2025-01-03T12:00:00,2025-01-04T00:00:00,TRAFFIC_BLOCK,240,COMPLETED
TASK-00505,AST-367,DEF-00423,DEP-001,SEC-006,CORRECTIVE,2026-04-25T00:00:00,2026-04-25T01:00:00,2026-05-09T00:00:00,NONE,60,COMPLETED
TASK-00512,AST-372,DEF-00429,DEP-001,SEC-002,EMERGENCY,2025-01-11T10:00:00,2025-01-11T14:00:00,2025-01-12T00:00:00,TRAFFIC_BLOCK,240,COMPLETED
TASK-00513,AST-372,DEF-00430,DEP-001,SEC-002,CORRECTIVE,2026-04-28T00:00:00,2026-04-28T01:00:00,2026-05-06T00:00:00,NONE,60,COMPLETED
TASK-00521,AST-376,DEF-00436,DEP-001,SEC-005,CORRECTIVE,2023-11-06T00:00:00,2023-11-06T01:00:00,2023-11-13T00:00:00,NONE,60,COMPLETED
TASK-00532,AST-389,DEF-00446,DEP-001,SEC-006,CORRECTIVE,2024-11-01T00:00:00,2024-11-01T02:00:00,2024-11-08T00:00:00,SHADOW,120,COMPLETED
TASK-00534,AST-391,DEF-00448,DEP-001,SEC-004,EMERGENCY,2026-01-27T06:00:00,2026-01-27T10:00:00,2026-01-28T00:00:00,TRAFFIC_BLOCK,240,COMPLETED
TASK-00541,AST-396,DEF-00455,DEP-001,SEC-001,EMERGENCY,2025-01-19T07:00:00,2025-01-19T11:00:00,2025-01-20T00:00:00,TRAFFIC_BLOCK,240,COMPLETED
TASK-00543,AST-396,DEF-00456,DEP-001,SEC-001,CORRECTIVE,2025-10-24T00:00:00,2025-10-24T02:00:00,2025-10-31T00:00:00,SHADOW,120,COMPLETED
TASK-00542,AST-396,DEF-00456,DEP-001,SEC-001,CORRECTIVE,2025-10-19T00:00:00,2025-10-19T02:00:00,2025-10-26T00:00:00,SHADOW,120,DEFERRED
TASK-00544,AST-397,DEF-00457,DEP-001,SEC-003,CORRECTIVE,2024-05-18T00:00:00,2024-05-18T02:00:00,2024-05-24T00:00:00,SHADOW,120,COMPLETED
TASK-00545,AST-397,DEF-00458,DEP-001,SEC-003,EMERGENCY,2024-08-12T04:00:00,2024-08-12T08:00:00,2024-08-13T00:00:00,TRAFFIC_BLOCK,240,COMPLETED
TASK-00546,AST-397,DEF-00459,DEP-001,SEC-003,EMERGENCY,2025-02-08T07:00:00,2025-02-08T11:00:00,2025-02-09T00:00:00,TRAFFIC_BLOCK,240,COMPLETED
TASK-00549,AST-399,DEF-00462,DEP-001,SEC-004,CORRECTIVE,2024-06-15T00:00:00,2024-06-15T01:00:00,2024-06-25T00:00:00,NONE,60,COMPLETED
TASK-00553,AST-402,DEF-00465,DEP-001,SEC-005,EMERGENCY,2024-12-25T05:00:00,2024-12-25T09:00:00,2025-01-01T05:00:00,TRAFFIC_BLOCK,240,COMPLETED
TASK-00552,AST-402,DEF-00465,DEP-001,SEC-005,EMERGENCY,2024-12-21T05:00:00,2024-12-21T09:00:00,2024-12-22T00:00:00,TRAFFIC_BLOCK,240,DEFERRED
TASK-00557,AST-408,DEF-00468,DEP-001,SEC-004,CORRECTIVE,2025-05-04T00:00:00,2025-05-04T01:00:00,2025-05-12T00:00:00,NONE,60,COMPLETED
TASK-00558,AST-408,DEF-00469,DEP-001,SEC-004,EMERGENCY,2025-07-11T11:00:00,2025-07-11T15:00:00,2025-07-12T00:00:00,TRAFFIC_BLOCK,240,COMPLETED
TASK-00562,AST-411,DEF-00473,DEP-001,SEC-005,CORRECTIVE,2023-12-15T00:00:00,2023-12-15T01:00:00,2023-12-30T00:00:00,NONE,60,COMPLETED
TASK-00563,AST-411,DEF-00474,DEP-001,SEC-005,CORRECTIVE,2024-09-17T00:00:00,2024-09-17T01:00:00,2024-09-25T00:00:00,NONE,60,COMPLETED
TASK-00578,AST-428,DEF-00488,DEP-001,SEC-003,CORRECTIVE,2024-05-03T00:00:00,2024-05-03T02:00:00,2024-05-09T00:00:00,SHADOW,120,COMPLETED
TASK-00579,AST-428,DEF-00489,DEP-001,SEC-003,CORRECTIVE,2026-05-14T00:00:00,2026-05-14T01:00:00,2026-05-19T00:00:00,NONE,60,COMPLETED
TASK-00584,AST-432,DEF-00494,DEP-001,SEC-006,EMERGENCY,2026-07-19T01:00:00,2026-07-19T05:00:00,2026-07-20T00:00:00,TRAFFIC_BLOCK,240,COMPLETED
TASK-00597,AST-440,DEF-00503,DEP-001,SEC-006,CORRECTIVE,2025-12-14T00:00:00,2025-12-14T02:00:00,2025-12-21T00:00:00,SHADOW,120,COMPLETED
TASK-00596,AST-440,DEF-00503,DEP-001,SEC-006,CORRECTIVE,2025-12-06T00:00:00,2025-12-06T02:00:00,2025-12-09T00:00:00,SHADOW,120,DEFERRED
TASK-00608,AST-451,DEF-00513,DEP-001,SEC-001,CORRECTIVE,2024-05-05T00:00:00,2024-05-05T02:00:00,2024-05-13T00:00:00,SHADOW,120,COMPLETED
TASK-00610,AST-454,DEF-00515,DEP-001,SEC-004,CORRECTIVE,2025-01-03T00:00:00,2025-01-03T02:00:00,2025-01-09T00:00:00,SHADOW,120,COMPLETED
TASK-00612,AST-457,DEF-00517,DEP-001,SEC-004,CORRECTIVE,2024-06-16T00:00:00,2024-06-16T01:00:00,2024-06-29T00:00:00,NONE,60,COMPLETED
TASK-00615,AST-460,DEF-00519,DEP-001,SEC-001,CORRECTIVE,2023-09-18T00:00:00,2023-09-18T01:00:00,2023-09-25T00:00:00,NONE,60,COMPLETED
TASK-00614,AST-460,DEF-00519,DEP-001,SEC-001,CORRECTIVE,2023-09-12T00:00:00,2023-09-12T01:00:00,2023-09-21T00:00:00,NONE,60,DEFERRED
TASK-00616,AST-461,DEF-00520,DEP-001,SEC-002,EMERGENCY,2024-04-02T07:00:00,2024-04-02T11:00:00,2024-04-03T00:00:00,TRAFFIC_BLOCK,240,COMPLETED
TASK-00618,AST-461,DEF-00521,DEP-001,SEC-002,CORRECTIVE,2026-01-23T00:00:00,2026-01-23T01:00:00,2026-01-30T00:00:00,NONE,60,COMPLETED
TASK-00617,AST-461,DEF-00521,DEP-001,SEC-002,CORRECTIVE,2026-01-16T00:00:00,2026-01-16T01:00:00,2026-01-22T00:00:00,NONE,60,DEFERRED
TASK-00629,AST-475,DEF-00530,DEP-001,SEC-002,CORRECTIVE,2025-02-01T00:00:00,2025-02-01T02:00:00,2025-02-07T00:00:00,SHADOW,120,COMPLETED
TASK-00630,AST-475,DEF-00531,DEP-001,SEC-002,CORRECTIVE,2025-08-01T00:00:00,2025-08-01T02:00:00,2025-08-06T00:00:00,SHADOW,120,COMPLETED
TASK-00634,AST-479,DEF-00535,DEP-001,SEC-004,CORRECTIVE,2025-07-01T00:00:00,2025-07-01T01:00:00,2025-07-14T00:00:00,NONE,60,COMPLETED
TASK-00636,AST-479,DEF-00536,DEP-001,SEC-004,CORRECTIVE,2025-12-31T00:00:00,2025-12-31T01:00:00,2026-01-07T00:00:00,NONE,60,COMPLETED
TASK-00635,AST-479,DEF-00536,DEP-001,SEC-004,CORRECTIVE,2025-12-22T00:00:00,2025-12-22T01:00:00,2026-01-10T00:00:00,NONE,60,DEFERRED
TASK-00637,AST-479,DEF-00537,DEP-001,SEC-004,CORRECTIVE,2026-06-14T00:00:00,2026-06-14T02:00:00,2026-06-19T00:00:00,SHADOW,120,COMPLETED
TASK-00638,AST-480,DEF-00538,DEP-001,SEC-002,EMERGENCY,2024-06-25T05:00:00,2024-06-25T09:00:00,2024-06-26T00:00:00,TRAFFIC_BLOCK,240,COMPLETED
TASK-00639,AST-480,DEF-00539,DEP-001,SEC-002,CORRECTIVE,2024-10-06T00:00:00,2024-10-06T01:00:00,2024-10-23T00:00:00,NONE,60,COMPLETED
TASK-00640,AST-480,DEF-00540,DEP-001,SEC-002,CORRECTIVE,2025-06-25T00:00:00,2025-06-25T02:00:00,2025-06-30T00:00:00,SHADOW,120,COMPLETED
TASK-00641,AST-481,DEF-00541,DEP-001,SEC-005,EMERGENCY,2024-10-17T10:00:00,2024-10-17T14:00:00,2024-10-18T00:00:00,TRAFFIC_BLOCK,240,COMPLETED
TASK-00642,AST-481,DEF-00542,DEP-001,SEC-005,EMERGENCY,2025-10-12T02:00:00,2025-10-12T06:00:00,2025-10-13T00:00:00,TRAFFIC_BLOCK,240,COMPLETED
TASK-00643,AST-481,DEF-00543,DEP-001,SEC-005,CORRECTIVE,2026-01-13T00:00:00,2026-01-13T02:00:00,2026-01-20T00:00:00,SHADOW,120,COMPLETED
TASK-00650,AST-488,DEF-00549,DEP-001,SEC-004,EMERGENCY,2024-07-04T04:00:00,2024-07-04T08:00:00,2024-07-05T00:00:00,TRAFFIC_BLOCK,240,COMPLETED
TASK-00655,AST-490,DEF-00554,DEP-001,SEC-003,EMERGENCY,2024-10-14T04:00:00,2024-10-14T08:00:00,2024-10-15T00:00:00,TRAFFIC_BLOCK,240,COMPLETED
TASK-00657,AST-490,DEF-00555,DEP-001,SEC-003,CORRECTIVE,2025-02-01T00:00:00,2025-02-01T01:00:00,2025-02-08T00:00:00,NONE,60,COMPLETED
TASK-00656,AST-490,DEF-00555,DEP-001,SEC-003,CORRECTIVE,2025-01-26T00:00:00,2025-01-26T01:00:00,2025-02-11T00:00:00,NONE,60,DEFERRED
TASK-00658,AST-490,DEF-00556,DEP-001,SEC-003,EMERGENCY,2026-04-07T12:00:00,2026-04-07T16:00:00,2026-04-08T00:00:00,TRAFFIC_BLOCK,240,COMPLETED
TASK-00664,AST-494,DEF-00561,DEP-001,SEC-003,CORRECTIVE,2023-12-30T00:00:00,2023-12-30T02:00:00,2024-01-06T00:00:00,SHADOW,120,COMPLETED
TASK-00665,AST-494,DEF-00562,DEP-001,SEC-003,EMERGENCY,2024-06-24T06:00:00,2024-06-24T10:00:00,2024-06-25T00:00:00,TRAFFIC_BLOCK,240,CANCELLED
TASK-00667,AST-495,DEF-00563,DEP-001,SEC-006,EMERGENCY,2024-09-26T07:00:00,2024-09-26T11:00:00,2024-10-03T07:00:00,TRAFFIC_BLOCK,240,COMPLETED
TASK-00666,AST-495,DEF-00563,DEP-001,SEC-006,EMERGENCY,2024-09-23T07:00:00,2024-09-23T11:00:00,2024-09-24T00:00:00,TRAFFIC_BLOCK,240,DEFERRED
TASK-00690,AST-510,DEF-00582,DEP-001,SEC-003,CORRECTIVE,2026-03-21T00:00:00,2026-03-21T02:00:00,2026-03-25T00:00:00,SHADOW,120,COMPLETED
TASK-00692,AST-512,DEF-00584,DEP-001,SEC-001,EMERGENCY,2024-01-20T04:00:00,2024-01-20T08:00:00,2024-01-21T00:00:00,TRAFFIC_BLOCK,240,COMPLETED
TASK-00694,AST-512,DEF-00585,DEP-001,SEC-001,EMERGENCY,2025-10-20T06:00:00,2025-10-20T10:00:00,2025-10-27T06:00:00,TRAFFIC_BLOCK,240,COMPLETED
TASK-00693,AST-512,DEF-00585,DEP-001,SEC-001,EMERGENCY,2025-10-11T06:00:00,2025-10-11T10:00:00,2025-10-12T00:00:00,TRAFFIC_BLOCK,240,DEFERRED
TASK-00696,AST-516,DEF-00587,DEP-001,SEC-001,EMERGENCY,2026-01-15T03:00:00,2026-01-15T07:00:00,2026-01-16T00:00:00,TRAFFIC_BLOCK,240,COMPLETED
TASK-00706,AST-525,DEF-00597,DEP-001,SEC-001,CORRECTIVE,2024-04-11T00:00:00,2024-04-11T02:00:00,2024-04-18T00:00:00,SHADOW,120,COMPLETED
TASK-00707,AST-525,DEF-00598,DEP-001,SEC-001,CORRECTIVE,2026-07-07T00:00:00,2026-07-07T01:00:00,2026-07-27T00:00:00,NONE,60,COMPLETED
TASK-00708,AST-528,DEF-00599,DEP-001,SEC-006,EMERGENCY,2024-10-25T05:00:00,2024-10-25T09:00:00,2024-10-26T00:00:00,TRAFFIC_BLOCK,240,COMPLETED
TASK-00709,AST-528,DEF-00600,DEP-001,SEC-006,CORRECTIVE,2025-02-16T00:00:00,2025-02-16T01:00:00,2025-02-22T00:00:00,NONE,60,COMPLETED
TASK-00719,AST-535,DEF-00609,DEP-001,SEC-006,EMERGENCY,2023-11-16T06:00:00,2023-11-16T10:00:00,2023-11-17T00:00:00,TRAFFIC_BLOCK,240,COMPLETED
TASK-00720,AST-535,DEF-00610,DEP-001,SEC-006,CORRECTIVE,2024-05-16T00:00:00,2024-05-16T02:00:00,2024-05-24T00:00:00,SHADOW,120,COMPLETED
TASK-00722,AST-535,DEF-00611,DEP-001,SEC-006,CORRECTIVE,2026-05-19T00:00:00,2026-05-19T02:00:00,2026-05-26T00:00:00,SHADOW,120,COMPLETED
TASK-00721,AST-535,DEF-00611,DEP-001,SEC-006,CORRECTIVE,2026-05-11T00:00:00,2026-05-11T02:00:00,2026-05-14T00:00:00,SHADOW,120,DEFERRED
TASK-00723,AST-536,DEF-00612,DEP-001,SEC-003,EMERGENCY,2025-05-03T10:00:00,2025-05-03T14:00:00,2025-05-04T00:00:00,TRAFFIC_BLOCK,240,COMPLETED
TASK-00726,AST-539,DEF-00614,DEP-001,SEC-005,EMERGENCY,2024-03-03T12:00:00,2024-03-03T16:00:00,2024-03-04T00:00:00,TRAFFIC_BLOCK,240,COMPLETED
TASK-00728,AST-541,DEF-00616,DEP-001,SEC-005,CORRECTIVE,2025-07-26T00:00:00,2025-07-26T02:00:00,2025-08-02T00:00:00,SHADOW,120,COMPLETED
TASK-00729,AST-542,DEF-00617,DEP-001,SEC-003,EMERGENCY,2024-12-30T04:00:00,2024-12-30T08:00:00,2024-12-31T00:00:00,TRAFFIC_BLOCK,240,COMPLETED
TASK-00730,AST-542,DEF-00618,DEP-001,SEC-003,CORRECTIVE,2025-07-15T00:00:00,2025-07-15T01:00:00,2025-07-28T00:00:00,NONE,60,COMPLETED
TASK-00732,AST-542,DEF-00619,DEP-001,SEC-003,CORRECTIVE,2025-10-05T00:00:00,2025-10-05T02:00:00,2025-10-12T00:00:00,SHADOW,120,COMPLETED
TASK-00731,AST-542,DEF-00619,DEP-001,SEC-003,CORRECTIVE,2025-09-30T00:00:00,2025-09-30T02:00:00,2025-10-06T00:00:00,SHADOW,120,DEFERRED
TASK-00733,AST-543,DEF-00620,DEP-001,SEC-004,EMERGENCY,2025-04-01T09:00:00,2025-04-01T13:00:00,2025-04-02T00:00:00,TRAFFIC_BLOCK,240,COMPLETED
TASK-00738,AST-546,DEF-00625,DEP-001,SEC-001,CORRECTIVE,2023-10-08T00:00:00,2023-10-08T02:00:00,2023-10-14T00:00:00,SHADOW,120,COMPLETED
TASK-00740,AST-549,DEF-00627,DEP-001,SEC-004,CORRECTIVE,2025-12-29T00:00:00,2025-12-29T01:00:00,2026-01-09T00:00:00,NONE,60,COMPLETED
TASK-00751,AST-555,DEF-00635,DEP-001,SEC-004,CORRECTIVE,2025-11-05T00:00:00,2025-11-05T02:00:00,2025-11-12T00:00:00,SHADOW,120,COMPLETED
TASK-00750,AST-555,DEF-00635,DEP-001,SEC-004,CORRECTIVE,2025-10-29T00:00:00,2025-10-29T02:00:00,2025-11-03T00:00:00,SHADOW,120,DEFERRED
TASK-00767,AST-567,DEF-00647,DEP-001,SEC-003,EMERGENCY,2026-04-18T04:00:00,2026-04-18T08:00:00,2026-04-19T00:00:00,TRAFFIC_BLOCK,240,COMPLETED
TASK-00775,AST-571,DEF-00653,DEP-001,SEC-006,CORRECTIVE,2023-10-03T00:00:00,2023-10-03T02:00:00,2023-10-10T00:00:00,SHADOW,120,COMPLETED
TASK-00774,AST-571,DEF-00653,DEP-001,SEC-006,CORRECTIVE,2023-09-25T00:00:00,2023-09-25T02:00:00,2023-09-29T00:00:00,SHADOW,120,DEFERRED
TASK-00780,AST-576,DEF-00658,DEP-001,SEC-005,CORRECTIVE,2024-10-29T00:00:00,2024-10-29T02:00:00,2024-11-01T00:00:00,SHADOW,120,COMPLETED
TASK-00786,AST-580,DEF-00662,DEP-001,SEC-005,EMERGENCY,2024-04-04T06:00:00,2024-04-04T10:00:00,2024-04-11T06:00:00,TRAFFIC_BLOCK,240,COMPLETED
TASK-00785,AST-580,DEF-00662,DEP-001,SEC-005,EMERGENCY,2024-03-26T06:00:00,2024-03-26T10:00:00,2024-03-27T00:00:00,TRAFFIC_BLOCK,240,DEFERRED
TASK-00790,AST-582,DEF-00665,DEP-001,SEC-002,CORRECTIVE,2024-09-09T00:00:00,2024-09-09T02:00:00,2024-09-16T00:00:00,SHADOW,120,CANCELLED
TASK-00798,AST-593,DEF-00673,DEP-001,SEC-005,EMERGENCY,2024-12-09T01:00:00,2024-12-09T05:00:00,2024-12-10T00:00:00,TRAFFIC_BLOCK,240,COMPLETED
TASK-00808,AST-599,DEF-00680,DEP-001,SEC-002,CORRECTIVE,2023-11-22T00:00:00,2023-11-22T02:00:00,2023-11-25T00:00:00,SHADOW,120,COMPLETED
TASK-00828,AST-616,DEF-00696,DEP-001,SEC-006,CORRECTIVE,2024-09-03T00:00:00,2024-09-03T02:00:00,2024-09-07T00:00:00,SHADOW,120,COMPLETED
TASK-00829,AST-617,DEF-00697,DEP-001,SEC-003,EMERGENCY,2025-01-16T12:00:00,2025-01-16T16:00:00,2025-01-17T00:00:00,TRAFFIC_BLOCK,240,COMPLETED
TASK-00830,AST-617,DEF-00698,DEP-001,SEC-003,EMERGENCY,2026-01-11T08:00:00,2026-01-11T12:00:00,2026-01-12T00:00:00,TRAFFIC_BLOCK,240,CANCELLED
TASK-00835,AST-621,DEF-00703,DEP-001,SEC-001,CORRECTIVE,2025-06-06T00:00:00,2025-06-06T02:00:00,2025-06-10T00:00:00,SHADOW,120,COMPLETED
TASK-00836,AST-621,DEF-00704,DEP-001,SEC-001,EMERGENCY,2026-05-26T01:00:00,2026-05-26T05:00:00,2026-05-27T00:00:00,TRAFFIC_BLOCK,240,COMPLETED
TASK-00840,AST-623,DEF-00707,DEP-001,SEC-001,EMERGENCY,2025-03-30T02:00:00,2025-03-30T06:00:00,2025-04-06T02:00:00,TRAFFIC_BLOCK,240,COMPLETED
TASK-00839,AST-623,DEF-00707,DEP-001,SEC-001,EMERGENCY,2025-03-20T02:00:00,2025-03-20T06:00:00,2025-03-21T00:00:00,TRAFFIC_BLOCK,240,DEFERRED
TASK-00841,AST-629,DEF-00708,DEP-001,SEC-005,EMERGENCY,2026-01-10T09:00:00,2026-01-10T13:00:00,2026-01-11T00:00:00,TRAFFIC_BLOCK,240,COMPLETED
TASK-00843,AST-631,DEF-00710,DEP-001,SEC-006,CORRECTIVE,2023-11-22T00:00:00,2023-11-22T02:00:00,2023-11-27T00:00:00,SHADOW,120,COMPLETED
TASK-00854,AST-640,DEF-00719,DEP-001,SEC-006,CORRECTIVE,2024-10-11T00:00:00,2024-10-11T02:00:00,2024-10-18T00:00:00,SHADOW,120,COMPLETED
TASK-00853,AST-640,DEF-00719,DEP-001,SEC-006,CORRECTIVE,2024-10-03T00:00:00,2024-10-03T02:00:00,2024-10-09T00:00:00,SHADOW,120,DEFERRED
TASK-00867,AST-648,DEF-00731,DEP-001,SEC-003,CORRECTIVE,2024-12-10T00:00:00,2024-12-10T02:00:00,2024-12-13T00:00:00,SHADOW,120,COMPLETED
TASK-00870,AST-655,DEF-00733,DEP-001,SEC-002,CORRECTIVE,2025-08-24T00:00:00,2025-08-24T02:00:00,2025-08-31T00:00:00,SHADOW,120,COMPLETED
TASK-00873,AST-659,DEF-00735,DEP-001,SEC-002,EMERGENCY,2025-09-03T11:00:00,2025-09-03T15:00:00,2025-09-10T11:00:00,TRAFFIC_BLOCK,240,COMPLETED
TASK-00872,AST-659,DEF-00735,DEP-001,SEC-002,EMERGENCY,2025-08-26T11:00:00,2025-08-26T15:00:00,2025-08-27T00:00:00,TRAFFIC_BLOCK,240,DEFERRED
TASK-00877,AST-662,DEF-00738,DEP-001,SEC-003,CORRECTIVE,2025-12-27T00:00:00,2025-12-27T02:00:00,2026-01-03T00:00:00,SHADOW,120,COMPLETED
TASK-00879,AST-662,DEF-00739,DEP-001,SEC-003,CORRECTIVE,2026-07-18T00:00:00,2026-07-18T01:00:00,2026-07-25T00:00:00,NONE,60,COMPLETED
TASK-00878,AST-662,DEF-00739,DEP-001,SEC-003,CORRECTIVE,2026-07-10T00:00:00,2026-07-10T01:00:00,2026-07-22T00:00:00,NONE,60,DEFERRED
TASK-00884,AST-666,DEF-00743,DEP-001,SEC-006,CORRECTIVE,2026-03-29T00:00:00,2026-03-29T01:00:00,2026-04-07T00:00:00,NONE,60,COMPLETED
TASK-00891,AST-670,DEF-00750,DEP-001,SEC-005,CORRECTIVE,2024-04-10T00:00:00,2024-04-10T01:00:00,2024-04-15T00:00:00,NONE,60,COMPLETED
TASK-00900,AST-679,DEF-00757,DEP-001,SEC-006,EMERGENCY,2025-03-09T01:00:00,2025-03-09T05:00:00,2025-03-10T00:00:00,TRAFFIC_BLOCK,240,COMPLETED
TASK-00902,AST-680,DEF-00758,DEP-001,SEC-002,EMERGENCY,2024-08-13T08:00:00,2024-08-13T12:00:00,2024-08-20T08:00:00,TRAFFIC_BLOCK,240,COMPLETED
TASK-00901,AST-680,DEF-00758,DEP-001,SEC-002,EMERGENCY,2024-08-09T08:00:00,2024-08-09T12:00:00,2024-08-10T00:00:00,TRAFFIC_BLOCK,240,DEFERRED
TASK-00913,AST-694,DEF-00767,DEP-001,SEC-006,CORRECTIVE,2024-07-07T00:00:00,2024-07-07T02:00:00,2024-07-13T00:00:00,SHADOW,120,COMPLETED
TASK-00918,AST-697,DEF-00771,DEP-001,SEC-003,CORRECTIVE,2023-12-20T00:00:00,2023-12-20T01:00:00,2023-12-27T00:00:00,NONE,60,COMPLETED
TASK-00919,AST-697,DEF-00772,DEP-001,SEC-003,EMERGENCY,2024-02-25T08:00:00,2024-02-25T12:00:00,2024-02-26T00:00:00,TRAFFIC_BLOCK,240,COMPLETED
TASK-00922,AST-700,DEF-00775,DEP-001,SEC-003,CORRECTIVE,2026-01-26T00:00:00,2026-01-26T02:00:00,2026-01-29T00:00:00,SHADOW,120,COMPLETED
TASK-00924,AST-702,DEF-00776,DEP-001,SEC-002,CORRECTIVE,2024-12-09T00:00:00,2024-12-09T02:00:00,2024-12-16T00:00:00,SHADOW,120,COMPLETED
TASK-00923,AST-702,DEF-00776,DEP-001,SEC-002,CORRECTIVE,2024-11-30T00:00:00,2024-11-30T02:00:00,2024-12-07T00:00:00,SHADOW,120,DEFERRED
TASK-00935,AST-707,DEF-00785,DEP-001,SEC-001,EMERGENCY,2024-02-21T05:00:00,2024-02-21T09:00:00,2024-02-22T00:00:00,TRAFFIC_BLOCK,240,COMPLETED
TASK-00936,AST-707,DEF-00786,DEP-001,SEC-001,CORRECTIVE,2024-11-20T00:00:00,2024-11-20T02:00:00,2024-11-27T00:00:00,SHADOW,120,COMPLETED
TASK-00937,AST-712,DEF-00787,DEP-001,SEC-006,EMERGENCY,2025-06-16T05:00:00,2025-06-16T09:00:00,2025-06-17T00:00:00,TRAFFIC_BLOCK,240,COMPLETED
TASK-00938,AST-712,DEF-00788,DEP-001,SEC-006,CORRECTIVE,2025-12-15T00:00:00,2025-12-15T02:00:00,2025-12-23T00:00:00,SHADOW,120,COMPLETED
TASK-00950,AST-716,DEF-00797,DEP-001,SEC-006,EMERGENCY,2024-05-26T08:00:00,2024-05-26T12:00:00,2024-05-27T00:00:00,TRAFFIC_BLOCK,240,COMPLETED
TASK-00953,AST-718,DEF-00800,DEP-001,SEC-006,CORRECTIVE,2025-10-27T00:00:00,2025-10-27T02:00:00,2025-11-03T00:00:00,SHADOW,120,COMPLETED
TASK-00954,AST-718,DEF-00801,DEP-001,SEC-006,CORRECTIVE,2026-05-08T00:00:00,2026-05-08T01:00:00,2026-05-22T00:00:00,NONE,60,COMPLETED
TASK-00955,AST-719,DEF-00802,DEP-001,SEC-002,EMERGENCY,2026-07-18T08:00:00,2026-07-18T12:00:00,2026-07-19T00:00:00,TRAFFIC_BLOCK,240,COMPLETED
TASK-00957,AST-720,DEF-00803,DEP-001,SEC-006,EMERGENCY,2024-02-21T01:00:00,2024-02-21T05:00:00,2024-02-28T01:00:00,TRAFFIC_BLOCK,240,COMPLETED
TASK-00956,AST-720,DEF-00803,DEP-001,SEC-006,EMERGENCY,2024-02-18T01:00:00,2024-02-18T05:00:00,2024-02-19T00:00:00,TRAFFIC_BLOCK,240,DEFERRED
TASK-00959,AST-720,DEF-00804,DEP-001,SEC-006,CORRECTIVE,2025-11-20T00:00:00,2025-11-20T02:00:00,2025-11-27T00:00:00,SHADOW,120,COMPLETED
TASK-00958,AST-720,DEF-00804,DEP-001,SEC-006,CORRECTIVE,2025-11-13T00:00:00,2025-11-13T02:00:00,2025-11-19T00:00:00,SHADOW,120,DEFERRED
TASK-00960,AST-720,DEF-00805,DEP-001,SEC-006,EMERGENCY,2026-02-07T12:00:00,2026-02-07T16:00:00,2026-02-08T00:00:00,TRAFFIC_BLOCK,240,COMPLETED
TASK-00963,AST-728,DEF-00808,DEP-001,SEC-002,CORRECTIVE,2024-03-15T00:00:00,2024-03-15T02:00:00,2024-03-22T00:00:00,SHADOW,120,COMPLETED
TASK-00965,AST-728,DEF-00809,DEP-001,SEC-002,EMERGENCY,2025-06-13T05:00:00,2025-06-13T09:00:00,2025-06-20T05:00:00,TRAFFIC_BLOCK,240,COMPLETED
TASK-00964,AST-728,DEF-00809,DEP-001,SEC-002,EMERGENCY,2025-06-05T05:00:00,2025-06-05T09:00:00,2025-06-06T00:00:00,TRAFFIC_BLOCK,240,DEFERRED
TASK-00966,AST-728,DEF-00810,DEP-001,SEC-002,CORRECTIVE,2026-03-25T00:00:00,2026-03-25T01:00:00,2026-04-01T00:00:00,NONE,60,COMPLETED
TASK-00972,AST-732,DEF-00815,DEP-001,SEC-004,CORRECTIVE,2025-06-18T00:00:00,2025-06-18T01:00:00,2025-07-03T00:00:00,NONE,60,COMPLETED
TASK-00974,AST-734,DEF-00816,DEP-001,SEC-004,CORRECTIVE,2023-08-16T00:00:00,2023-08-16T02:00:00,2023-08-23T00:00:00,SHADOW,120,COMPLETED
TASK-00973,AST-734,DEF-00816,DEP-001,SEC-004,CORRECTIVE,2023-08-13T00:00:00,2023-08-13T02:00:00,2023-08-18T00:00:00,SHADOW,120,DEFERRED
TASK-00975,AST-735,DEF-00817,DEP-001,SEC-001,EMERGENCY,2026-03-06T12:00:00,2026-03-06T16:00:00,2026-03-07T00:00:00,TRAFFIC_BLOCK,240,CANCELLED
TASK-01001,AST-747,DEF-00835,DEP-001,SEC-001,EMERGENCY,2025-10-01T03:00:00,2025-10-01T07:00:00,2025-10-08T03:00:00,TRAFFIC_BLOCK,240,COMPLETED
TASK-01000,AST-747,DEF-00835,DEP-001,SEC-001,EMERGENCY,2025-09-24T03:00:00,2025-09-24T07:00:00,2025-09-25T00:00:00,TRAFFIC_BLOCK,240,DEFERRED
TASK-01002,AST-003,DEF-00836,DEP-001,SEC-001,EMERGENCY,2025-05-15T10:00:00,2025-05-15T13:00:00,2025-05-19T08:00:00,TRAFFIC_BLOCK,180,COMPLETED
TASK-01003,AST-027,DEF-00837,DEP-001,SEC-001,EMERGENCY,2025-05-11T07:00:00,2025-05-11T10:00:00,2025-05-11T18:00:00,TRAFFIC_BLOCK,180,COMPLETED
TASK-01007,AST-059,DEF-00841,DEP-001,SEC-005,EMERGENCY,2024-09-20T09:00:00,2024-09-20T12:00:00,2024-09-24T05:00:00,TRAFFIC_BLOCK,180,COMPLETED
TASK-01011,AST-094,DEF-00845,DEP-001,SEC-005,EMERGENCY,2023-12-31T23:00:00,2024-01-01T02:00:00,2024-01-01T09:00:00,TRAFFIC_BLOCK,180,COMPLETED
TASK-01012,AST-141,DEF-00846,DEP-001,SEC-001,EMERGENCY,2026-02-18T21:00:00,2026-02-19T00:00:00,2026-02-22T20:00:00,TRAFFIC_BLOCK,180,COMPLETED
TASK-01014,AST-155,DEF-00848,DEP-001,SEC-001,EMERGENCY,2025-07-12T21:00:00,2025-07-13T00:00:00,2025-07-13T08:00:00,TRAFFIC_BLOCK,180,COMPLETED
TASK-01015,AST-167,DEF-00849,DEP-001,SEC-003,EMERGENCY,2026-03-25T23:00:00,2026-03-26T02:00:00,2026-03-29T22:00:00,TRAFFIC_BLOCK,180,COMPLETED
TASK-01018,AST-246,DEF-00852,DEP-001,SEC-005,EMERGENCY,2025-12-16T14:00:00,2025-12-16T17:00:00,2025-12-20T11:00:00,TRAFFIC_BLOCK,180,COMPLETED
TASK-01021,AST-261,DEF-00855,DEP-001,SEC-003,EMERGENCY,2023-09-21T05:00:00,2023-09-21T08:00:00,2023-09-25T01:00:00,TRAFFIC_BLOCK,180,COMPLETED
TASK-01028,AST-368,DEF-00862,DEP-001,SEC-005,EMERGENCY,2025-12-14T05:00:00,2025-12-14T08:00:00,2025-12-14T15:00:00,TRAFFIC_BLOCK,180,COMPLETED
TASK-01029,AST-371,DEF-00863,DEP-001,SEC-006,EMERGENCY,2024-10-01T10:00:00,2024-10-01T13:00:00,2024-10-05T09:00:00,TRAFFIC_BLOCK,180,COMPLETED
TASK-01030,AST-372,DEF-00864,DEP-001,SEC-002,EMERGENCY,2025-12-13T08:00:00,2025-12-13T11:00:00,2025-12-17T04:00:00,TRAFFIC_BLOCK,180,COMPLETED
TASK-01032,AST-376,DEF-00866,DEP-001,SEC-005,EMERGENCY,2023-12-09T12:00:00,2023-12-09T15:00:00,2023-12-13T08:00:00,TRAFFIC_BLOCK,180,COMPLETED
TASK-01033,AST-391,DEF-00867,DEP-001,SEC-004,EMERGENCY,2024-06-10T08:00:00,2024-06-10T11:00:00,2024-06-14T04:00:00,TRAFFIC_BLOCK,180,COMPLETED
TASK-01035,AST-420,DEF-00869,DEP-001,SEC-002,EMERGENCY,2025-06-11T13:00:00,2025-06-11T16:00:00,2025-06-12T00:00:00,TRAFFIC_BLOCK,180,COMPLETED
TASK-01036,AST-448,DEF-00870,DEP-001,SEC-002,EMERGENCY,2024-03-15T18:00:00,2024-03-15T21:00:00,2024-03-19T16:00:00,TRAFFIC_BLOCK,180,COMPLETED
TASK-01044,AST-571,DEF-00878,DEP-001,SEC-006,EMERGENCY,2024-07-02T19:00:00,2024-07-02T22:00:00,2024-07-03T04:00:00,TRAFFIC_BLOCK,180,COMPLETED
TASK-01045,AST-576,DEF-00879,DEP-001,SEC-005,EMERGENCY,2026-01-03T09:00:00,2026-01-03T12:00:00,2026-01-03T17:00:00,TRAFFIC_BLOCK,180,COMPLETED
TASK-01048,AST-653,DEF-00882,DEP-001,SEC-003,EMERGENCY,2025-10-06T23:00:00,2025-10-07T02:00:00,2025-10-10T21:00:00,TRAFFIC_BLOCK,180,COMPLETED
TASK-01050,AST-679,DEF-00884,DEP-001,SEC-006,EMERGENCY,2026-06-29T17:00:00,2026-06-29T20:00:00,2026-06-30T04:00:00,TRAFFIC_BLOCK,180,COMPLETED
TASK-01051,AST-709,DEF-00885,DEP-001,SEC-005,EMERGENCY,2024-01-13T23:00:00,2024-01-14T02:00:00,2024-01-17T21:00:00,TRAFFIC_BLOCK,180,COMPLETED
TASK-01067,AST-002,,DEP-001,SEC-006,PREVENTIVE,2023-12-14T00:00:00,2023-12-14T05:00:00,2023-12-29T00:00:00,TRAFFIC_BLOCK,300,COMPLETED
TASK-01068,AST-002,,DEP-001,SEC-006,PREVENTIVE,2024-12-13T00:00:00,2024-12-13T05:00:00,2024-12-28T00:00:00,TRAFFIC_BLOCK,300,COMPLETED
TASK-01069,AST-002,,DEP-001,SEC-006,PREVENTIVE,2025-12-13T00:00:00,2025-12-13T05:00:00,2025-12-28T00:00:00,TRAFFIC_BLOCK,300,COMPLETED
TASK-01070,AST-003,,DEP-001,SEC-001,PREVENTIVE,2024-01-07T00:00:00,2024-01-07T05:00:00,2024-01-22T00:00:00,TRAFFIC_BLOCK,300,COMPLETED
TASK-01071,AST-003,,DEP-001,SEC-001,PREVENTIVE,2025-01-06T00:00:00,2025-01-06T05:00:00,2025-01-21T00:00:00,TRAFFIC_BLOCK,300,COMPLETED
TASK-01072,AST-003,,DEP-001,SEC-001,PREVENTIVE,2026-01-06T00:00:00,2026-01-06T05:00:00,2026-01-21T00:00:00,TRAFFIC_BLOCK,300,COMPLETED
TASK-01073,AST-004,,DEP-001,SEC-005,PREVENTIVE,2024-07-31T00:00:00,2024-07-31T05:00:00,2024-08-15T00:00:00,TRAFFIC_BLOCK,300,COMPLETED
TASK-01074,AST-004,,DEP-001,SEC-005,PREVENTIVE,2025-07-31T00:00:00,2025-07-31T05:00:00,2025-08-15T00:00:00,TRAFFIC_BLOCK,300,COMPLETED
TASK-01075,AST-004,,DEP-001,SEC-005,PREVENTIVE,2026-07-31T00:00:00,2026-07-31T05:00:00,2026-08-15T00:00:00,TRAFFIC_BLOCK,300,COMPLETED
TASK-01094,AST-007,,DEP-001,SEC-003,PREVENTIVE,2024-06-12T00:00:00,2024-06-12T05:00:00,2024-06-27T00:00:00,TRAFFIC_BLOCK,300,COMPLETED
TASK-01095,AST-007,,DEP-001,SEC-003,PREVENTIVE,2025-06-12T00:00:00,2025-06-12T05:00:00,2025-06-27T00:00:00,TRAFFIC_BLOCK,300,COMPLETED
TASK-01096,AST-007,,DEP-001,SEC-003,PREVENTIVE,2026-06-12T00:00:00,2026-06-12T05:00:00,2026-06-27T00:00:00,TRAFFIC_BLOCK,300,COMPLETED
TASK-01097,AST-008,,DEP-001,SEC-005,PREVENTIVE,2024-07-30T00:00:00,2024-07-30T05:00:00,2024-08-14T00:00:00,TRAFFIC_BLOCK,300,COMPLETED
TASK-01098,AST-008,,DEP-001,SEC-005,PREVENTIVE,2025-07-30T00:00:00,2025-07-30T05:00:00,2025-08-14T00:00:00,TRAFFIC_BLOCK,300,COMPLETED
TASK-01099,AST-008,,DEP-001,SEC-005,PREVENTIVE,2026-07-30T00:00:00,2026-07-30T05:00:00,2026-08-14T00:00:00,TRAFFIC_BLOCK,300,COMPLETED
TASK-01112,AST-010,,DEP-001,SEC-006,PREVENTIVE,2023-08-24T00:00:00,2023-08-24T05:00:00,2023-09-08T00:00:00,TRAFFIC_BLOCK,300,COMPLETED
TASK-01113,AST-010,,DEP-001,SEC-006,PREVENTIVE,2024-08-23T00:00:00,2024-08-23T05:00:00,2024-09-07T00:00:00,TRAFFIC_BLOCK,300,COMPLETED
TASK-01114,AST-010,,DEP-001,SEC-006,PREVENTIVE,2025-08-23T00:00:00,2025-08-23T05:00:00,2025-09-07T00:00:00,TRAFFIC_BLOCK,300,COMPLETED
TASK-01127,AST-012,,DEP-001,SEC-002,PREVENTIVE,2024-04-20T00:00:00,2024-04-20T05:00:00,2024-05-05T00:00:00,TRAFFIC_BLOCK,300,COMPLETED
TASK-01128,AST-012,,DEP-001,SEC-002,PREVENTIVE,2025-04-20T00:00:00,2025-04-20T05:00:00,2025-05-05T00:00:00,TRAFFIC_BLOCK,300,COMPLETED
TASK-01129,AST-012,,DEP-001,SEC-002,PREVENTIVE,2026-04-20T00:00:00,2026-04-20T05:00:00,2026-05-05T00:00:00,TRAFFIC_BLOCK,300,COMPLETED
TASK-01130,AST-013,,DEP-001,SEC-002,PREVENTIVE,2024-01-14T00:00:00,2024-01-14T05:00:00,2024-01-29T00:00:00,TRAFFIC_BLOCK,300,COMPLETED
TASK-01131,AST-013,,DEP-001,SEC-002,PREVENTIVE,2025-01-13T00:00:00,2025-01-13T05:00:00,2025-01-28T00:00:00,TRAFFIC_BLOCK,300,COMPLETED
TASK-01132,AST-013,,DEP-001,SEC-002,PREVENTIVE,2026-01-13T00:00:00,2026-01-13T05:00:00,2026-01-28T00:00:00,TRAFFIC_BLOCK,300,COMPLETED
TASK-01175,AST-018,,DEP-001,SEC-005,PREVENTIVE,2024-02-01T00:00:00,2024-02-01T05:00:00,2024-02-16T00:00:00,TRAFFIC_BLOCK,300,COMPLETED
TASK-01176,AST-018,,DEP-001,SEC-005,PREVENTIVE,2025-01-31T00:00:00,2025-01-31T05:00:00,2025-02-15T00:00:00,TRAFFIC_BLOCK,300,COMPLETED
TASK-01177,AST-018,,DEP-001,SEC-005,PREVENTIVE,2026-01-31T00:00:00,2026-01-31T05:00:00,2026-02-15T00:00:00,TRAFFIC_BLOCK,300,COMPLETED
TASK-01178,AST-019,,DEP-001,SEC-004,PREVENTIVE,2023-12-20T00:00:00,2023-12-20T05:00:00,2024-01-04T00:00:00,TRAFFIC_BLOCK,300,COMPLETED
TASK-01179,AST-019,,DEP-001,SEC-004,PREVENTIVE,2024-12-19T00:00:00,2024-12-19T05:00:00,2025-01-03T00:00:00,TRAFFIC_BLOCK,300,COMPLETED
TASK-01180,AST-019,,DEP-001,SEC-004,PREVENTIVE,2025-12-19T00:00:00,2025-12-19T05:00:00,2026-01-03T00:00:00,TRAFFIC_BLOCK,300,COMPLETED
TASK-01205,AST-022,,DEP-001,SEC-005,PREVENTIVE,2023-08-24T00:00:00,2023-08-24T05:00:00,2023-09-08T00:00:00,TRAFFIC_BLOCK,300,COMPLETED
TASK-01206,AST-022,,DEP-001,SEC-005,PREVENTIVE,2024-08-23T00:00:00,2024-08-23T05:00:00,2024-09-07T00:00:00,TRAFFIC_BLOCK,300,COMPLETED
TASK-01207,AST-022,,DEP-001,SEC-005,PREVENTIVE,2025-08-23T00:00:00,2025-08-23T05:00:00,2025-09-07T00:00:00,TRAFFIC_BLOCK,300,COMPLETED
TASK-01208,AST-023,,DEP-001,SEC-002,PREVENTIVE,2024-01-13T00:00:00,2024-01-13T05:00:00,2024-01-28T00:00:00,TRAFFIC_BLOCK,300,COMPLETED
TASK-01209,AST-023,,DEP-001,SEC-002,PREVENTIVE,2025-01-12T00:00:00,2025-01-12T05:00:00,2025-01-27T00:00:00,TRAFFIC_BLOCK,300,COMPLETED
TASK-01210,AST-023,,DEP-001,SEC-002,PREVENTIVE,2026-01-12T00:00:00,2026-01-12T05:00:00,2026-01-27T00:00:00,TRAFFIC_BLOCK,300,COMPLETED
TASK-01241,AST-027,,DEP-001,SEC-001,PREVENTIVE,2023-09-23T00:00:00,2023-09-23T05:00:00,2023-10-08T00:00:00,TRAFFIC_BLOCK,300,COMPLETED
TASK-01242,AST-027,,DEP-001,SEC-001,PREVENTIVE,2024-09-22T00:00:00,2024-09-22T05:00:00,2024-10-07T00:00:00,TRAFFIC_BLOCK,300,COMPLETED
TASK-01243,AST-027,,DEP-001,SEC-001,PREVENTIVE,2025-09-22T00:00:00,2025-09-22T05:00:00,2025-10-07T00:00:00,TRAFFIC_BLOCK,300,COMPLETED
TASK-01286,AST-032,,DEP-001,SEC-003,PREVENTIVE,2024-03-11T00:00:00,2024-03-11T05:00:00,2024-03-26T00:00:00,TRAFFIC_BLOCK,300,COMPLETED
TASK-01287,AST-032,,DEP-001,SEC-003,PREVENTIVE,2025-03-11T00:00:00,2025-03-11T05:00:00,2025-03-26T00:00:00,TRAFFIC_BLOCK,300,COMPLETED
TASK-01288,AST-032,,DEP-001,SEC-003,PREVENTIVE,2026-03-11T00:00:00,2026-03-11T05:00:00,2026-03-26T00:00:00,TRAFFIC_BLOCK,300,COMPLETED
TASK-01319,AST-037,,DEP-001,SEC-004,PREVENTIVE,2023-09-06T00:00:00,2023-09-06T05:00:00,2023-09-21T00:00:00,TRAFFIC_BLOCK,300,COMPLETED
TASK-01320,AST-037,,DEP-001,SEC-004,PREVENTIVE,2024-09-05T00:00:00,2024-09-05T05:00:00,2024-09-20T00:00:00,TRAFFIC_BLOCK,300,COMPLETED
TASK-01321,AST-037,,DEP-001,SEC-004,PREVENTIVE,2025-09-05T00:00:00,2025-09-05T05:00:00,2025-09-20T00:00:00,TRAFFIC_BLOCK,300,COMPLETED
TASK-01322,AST-038,,DEP-001,SEC-001,PREVENTIVE,2024-03-24T00:00:00,2024-03-24T05:00:00,2024-04-08T00:00:00,TRAFFIC_BLOCK,300,COMPLETED
TASK-01323,AST-038,,DEP-001,SEC-001,PREVENTIVE,2025-03-24T00:00:00,2025-03-24T05:00:00,2025-04-08T00:00:00,TRAFFIC_BLOCK,300,COMPLETED
TASK-01324,AST-038,,DEP-001,SEC-001,PREVENTIVE,2026-03-24T00:00:00,2026-03-24T05:00:00,2026-04-08T00:00:00,TRAFFIC_BLOCK,300,COMPLETED
TASK-01325,AST-039,,DEP-001,SEC-005,PREVENTIVE,2023-09-18T00:00:00,2023-09-18T05:00:00,2023-10-03T00:00:00,TRAFFIC_BLOCK,300,COMPLETED
TASK-01326,AST-039,,DEP-001,SEC-005,PREVENTIVE,2024-09-17T00:00:00,2024-09-17T05:00:00,2024-10-02T00:00:00,TRAFFIC_BLOCK,300,COMPLETED
TASK-01327,AST-039,,DEP-001,SEC-005,PREVENTIVE,2025-09-17T00:00:00,2025-09-17T05:00:00,2025-10-02T00:00:00,TRAFFIC_BLOCK,300,COMPLETED
TASK-01370,AST-044,,DEP-001,SEC-003,PREVENTIVE,2024-03-27T00:00:00,2024-03-27T05:00:00,2024-04-11T00:00:00,TRAFFIC_BLOCK,300,COMPLETED
TASK-01371,AST-044,,DEP-001,SEC-003,PREVENTIVE,2025-03-27T00:00:00,2025-03-27T05:00:00,2025-04-11T00:00:00,TRAFFIC_BLOCK,300,COMPLETED
TASK-01372,AST-044,,DEP-001,SEC-003,PREVENTIVE,2026-03-27T00:00:00,2026-03-27T05:00:00,2026-04-11T00:00:00,TRAFFIC_BLOCK,300,COMPLETED
TASK-01379,AST-046,,DEP-001,SEC-006,PREVENTIVE,2024-06-25T00:00:00,2024-06-25T05:00:00,2024-07-10T00:00:00,TRAFFIC_BLOCK,300,COMPLETED
TASK-01380,AST-046,,DEP-001,SEC-006,PREVENTIVE,2025-06-25T00:00:00,2025-06-25T05:00:00,2025-07-10T00:00:00,TRAFFIC_BLOCK,300,COMPLETED
TASK-01381,AST-046,,DEP-001,SEC-006,PREVENTIVE,2026-06-25T00:00:00,2026-06-25T05:00:00,2026-07-10T00:00:00,TRAFFIC_BLOCK,300,COMPLETED
TASK-01382,AST-047,,DEP-001,SEC-005,PREVENTIVE,2023-11-29T00:00:00,2023-11-29T05:00:00,2023-12-14T00:00:00,TRAFFIC_BLOCK,300,COMPLETED
TASK-01383,AST-047,,DEP-001,SEC-005,PREVENTIVE,2024-11-28T00:00:00,2024-11-28T05:00:00,2024-12-13T00:00:00,TRAFFIC_BLOCK,300,COMPLETED
TASK-01384,AST-047,,DEP-001,SEC-005,PREVENTIVE,2025-11-28T00:00:00,2025-11-28T05:00:00,2025-12-13T00:00:00,TRAFFIC_BLOCK,300,COMPLETED
TASK-01385,AST-048,,DEP-001,SEC-002,PREVENTIVE,2024-06-12T00:00:00,2024-06-12T05:00:00,2024-06-27T00:00:00,TRAFFIC_BLOCK,300,COMPLETED
TASK-01386,AST-048,,DEP-001,SEC-002,PREVENTIVE,2025-06-12T00:00:00,2025-06-12T05:00:00,2025-06-27T00:00:00,TRAFFIC_BLOCK,300,COMPLETED
TASK-01387,AST-048,,DEP-001,SEC-002,PREVENTIVE,2026-06-12T00:00:00,2026-06-12T05:00:00,2026-06-27T00:00:00,TRAFFIC_BLOCK,300,COMPLETED
TASK-01430,AST-054,,DEP-001,SEC-002,PREVENTIVE,2023-09-20T00:00:00,2023-09-20T05:00:00,2023-10-05T00:00:00,TRAFFIC_BLOCK,300,COMPLETED
TASK-01431,AST-054,,DEP-001,SEC-002,PREVENTIVE,2024-09-19T00:00:00,2024-09-19T05:00:00,2024-10-04T00:00:00,TRAFFIC_BLOCK,300,COMPLETED
TASK-01432,AST-054,,DEP-001,SEC-002,PREVENTIVE,2025-09-19T00:00:00,2025-09-19T05:00:00,2025-10-04T00:00:00,TRAFFIC_BLOCK,300,COMPLETED
TASK-01457,AST-057,,DEP-001,SEC-001,PREVENTIVE,2024-03-31T00:00:00,2024-03-31T05:00:00,2024-04-15T00:00:00,TRAFFIC_BLOCK,300,COMPLETED
TASK-01458,AST-057,,DEP-001,SEC-001,PREVENTIVE,2025-03-31T00:00:00,2025-03-31T05:00:00,2025-04-15T00:00:00,TRAFFIC_BLOCK,300,COMPLETED
TASK-01459,AST-057,,DEP-001,SEC-001,PREVENTIVE,2026-03-31T00:00:00,2026-03-31T05:00:00,2026-04-15T00:00:00,TRAFFIC_BLOCK,300,COMPLETED
TASK-01466,AST-059,,DEP-001,SEC-005,PREVENTIVE,2024-06-30T00:00:00,2024-06-30T05:00:00,2024-07-15T00:00:00,TRAFFIC_BLOCK,300,COMPLETED
TASK-01467,AST-059,,DEP-001,SEC-005,PREVENTIVE,2025-06-30T00:00:00,2025-06-30T05:00:00,2025-07-15T00:00:00,TRAFFIC_BLOCK,300,COMPLETED
TASK-01468,AST-059,,DEP-001,SEC-005,PREVENTIVE,2026-06-30T00:00:00,2026-06-30T05:00:00,2026-07-15T00:00:00,TRAFFIC_BLOCK,300,COMPLETED
TASK-01517,AST-065,,DEP-001,SEC-001,PREVENTIVE,2024-06-12T00:00:00,2024-06-12T05:00:00,2024-06-27T00:00:00,TRAFFIC_BLOCK,300,COMPLETED
TASK-01518,AST-065,,DEP-001,SEC-001,PREVENTIVE,2025-06-12T00:00:00,2025-06-12T05:00:00,2025-06-27T00:00:00,TRAFFIC_BLOCK,300,COMPLETED
TASK-01519,AST-065,,DEP-001,SEC-001,PREVENTIVE,2026-06-12T00:00:00,2026-06-12T05:00:00,2026-06-27T00:00:00,TRAFFIC_BLOCK,300,COMPLETED
TASK-01520,AST-066,,DEP-001,SEC-005,PREVENTIVE,2024-03-07T00:00:00,2024-03-07T05:00:00,2024-03-22T00:00:00,TRAFFIC_BLOCK,300,COMPLETED
TASK-01521,AST-066,,DEP-001,SEC-005,PREVENTIVE,2025-03-07T00:00:00,2025-03-07T05:00:00,2025-03-22T00:00:00,TRAFFIC_BLOCK,300,COMPLETED
TASK-01522,AST-066,,DEP-001,SEC-005,PREVENTIVE,2026-03-07T00:00:00,2026-03-07T05:00:00,2026-03-22T00:00:00,TRAFFIC_BLOCK,300,COMPLETED
TASK-01535,AST-069,,DEP-001,SEC-006,PREVENTIVE,2024-01-22T00:00:00,2024-01-22T05:00:00,2024-02-06T00:00:00,TRAFFIC_BLOCK,300,COMPLETED
TASK-01536,AST-069,,DEP-001,SEC-006,PREVENTIVE,2025-01-21T00:00:00,2025-01-21T05:00:00,2025-02-05T00:00:00,TRAFFIC_BLOCK,300,COMPLETED
TASK-01537,AST-069,,DEP-001,SEC-006,PREVENTIVE,2026-01-21T00:00:00,2026-01-21T05:00:00,2026-02-05T00:00:00,TRAFFIC_BLOCK,300,COMPLETED
TASK-01538,AST-070,,DEP-001,SEC-006,PREVENTIVE,2023-09-27T00:00:00,2023-09-27T05:00:00,2023-10-12T00:00:00,TRAFFIC_BLOCK,300,COMPLETED
TASK-01539,AST-070,,DEP-001,SEC-006,PREVENTIVE,2024-09-26T00:00:00,2024-09-26T05:00:00,2024-10-11T00:00:00,TRAFFIC_BLOCK,300,COMPLETED
TASK-01540,AST-070,,DEP-001,SEC-006,PREVENTIVE,2025-09-26T00:00:00,2025-09-26T05:00:00,2025-10-11T00:00:00,TRAFFIC_BLOCK,300,COMPLETED
TASK-01553,AST-072,,DEP-001,SEC-003,PREVENTIVE,2024-04-04T00:00:00,2024-04-04T05:00:00,2024-04-19T00:00:00,TRAFFIC_BLOCK,300,COMPLETED
TASK-01554,AST-072,,DEP-001,SEC-003,PREVENTIVE,2025-04-04T00:00:00,2025-04-04T05:00:00,2025-04-19T00:00:00,TRAFFIC_BLOCK,300,COMPLETED
TASK-01555,AST-072,,DEP-001,SEC-003,PREVENTIVE,2026-04-04T00:00:00,2026-04-04T05:00:00,2026-04-19T00:00:00,TRAFFIC_BLOCK,300,COMPLETED
TASK-01592,AST-077,,DEP-001,SEC-003,PREVENTIVE,2023-08-23T00:00:00,2023-08-23T05:00:00,2023-09-07T00:00:00,TRAFFIC_BLOCK,300,COMPLETED
TASK-01593,AST-077,,DEP-001,SEC-003,PREVENTIVE,2024-08-22T00:00:00,2024-08-22T05:00:00,2024-09-06T00:00:00,TRAFFIC_BLOCK,300,COMPLETED
TASK-01594,AST-077,,DEP-001,SEC-003,PREVENTIVE,2025-08-22T00:00:00,2025-08-22T05:00:00,2025-09-06T00:00:00,TRAFFIC_BLOCK,300,COMPLETED
TASK-01619,AST-081,,DEP-001,SEC-004,PREVENTIVE,2024-05-09T00:00:00,2024-05-09T05:00:00,2024-05-24T00:00:00,TRAFFIC_BLOCK,300,COMPLETED
TASK-01620,AST-081,,DEP-001,SEC-004,PREVENTIVE,2025-05-09T00:00:00,2025-05-09T05:00:00,2025-05-24T00:00:00,TRAFFIC_BLOCK,300,COMPLETED
TASK-01621,AST-081,,DEP-001,SEC-004,PREVENTIVE,2026-05-09T00:00:00,2026-05-09T05:00:00,2026-05-24T00:00:00,TRAFFIC_BLOCK,300,COMPLETED
TASK-01628,AST-083,,DEP-001,SEC-004,PREVENTIVE,2023-09-12T00:00:00,2023-09-12T05:00:00,2023-09-27T00:00:00,TRAFFIC_BLOCK,300,COMPLETED
TASK-01629,AST-083,,DEP-001,SEC-004,PREVENTIVE,2024-09-11T00:00:00,2024-09-11T05:00:00,2024-09-26T00:00:00,TRAFFIC_BLOCK,300,COMPLETED
TASK-01630,AST-083,,DEP-001,SEC-004,PREVENTIVE,2025-09-11T00:00:00,2025-09-11T05:00:00,2025-09-26T00:00:00,TRAFFIC_BLOCK,300,COMPLETED
TASK-01631,AST-084,,DEP-001,SEC-002,PREVENTIVE,2023-10-19T00:00:00,2023-10-19T05:00:00,2023-11-03T00:00:00,TRAFFIC_BLOCK,300,COMPLETED
TASK-01632,AST-084,,DEP-001,SEC-002,PREVENTIVE,2024-10-18T00:00:00,2024-10-18T05:00:00,2024-11-02T00:00:00,TRAFFIC_BLOCK,300,COMPLETED
TASK-01633,AST-084,,DEP-001,SEC-002,PREVENTIVE,2025-10-18T00:00:00,2025-10-18T05:00:00,2025-11-02T00:00:00,TRAFFIC_BLOCK,300,COMPLETED
TASK-01634,AST-085,,DEP-001,SEC-001,PREVENTIVE,2024-07-04T00:00:00,2024-07-04T05:00:00,2024-07-19T00:00:00,TRAFFIC_BLOCK,300,COMPLETED
TASK-01635,AST-085,,DEP-001,SEC-001,PREVENTIVE,2025-07-04T00:00:00,2025-07-04T05:00:00,2025-07-19T00:00:00,TRAFFIC_BLOCK,300,COMPLETED
TASK-01636,AST-085,,DEP-001,SEC-001,PREVENTIVE,2026-07-04T00:00:00,2026-07-04T05:00:00,2026-07-19T00:00:00,TRAFFIC_BLOCK,300,COMPLETED
TASK-01637,AST-086,,DEP-001,SEC-006,PREVENTIVE,2023-10-31T00:00:00,2023-10-31T05:00:00,2023-11-15T00:00:00,TRAFFIC_BLOCK,300,COMPLETED
TASK-01638,AST-086,,DEP-001,SEC-006,PREVENTIVE,2024-10-30T00:00:00,2024-10-30T05:00:00,2024-11-14T00:00:00,TRAFFIC_BLOCK,300,COMPLETED
TASK-01639,AST-086,,DEP-001,SEC-006,PREVENTIVE,2025-10-30T00:00:00,2025-10-30T05:00:00,2025-11-14T00:00:00,TRAFFIC_BLOCK,300,COMPLETED
TASK-01640,AST-087,,DEP-001,SEC-001,PREVENTIVE,2024-07-06T00:00:00,2024-07-06T05:00:00,2024-07-21T00:00:00,TRAFFIC_BLOCK,300,COMPLETED
TASK-01641,AST-087,,DEP-001,SEC-001,PREVENTIVE,2025-07-06T00:00:00,2025-07-06T05:00:00,2025-07-21T00:00:00,TRAFFIC_BLOCK,300,COMPLETED
TASK-01642,AST-087,,DEP-001,SEC-001,PREVENTIVE,2026-07-06T00:00:00,2026-07-06T05:00:00,2026-07-21T00:00:00,TRAFFIC_BLOCK,300,COMPLETED
TASK-01643,AST-088,,DEP-001,SEC-001,PREVENTIVE,2023-09-19T00:00:00,2023-09-19T05:00:00,2023-10-04T00:00:00,TRAFFIC_BLOCK,300,COMPLETED
TASK-01644,AST-088,,DEP-001,SEC-001,PREVENTIVE,2024-09-18T00:00:00,2024-09-18T05:00:00,2024-10-03T00:00:00,TRAFFIC_BLOCK,300,COMPLETED
TASK-01645,AST-088,,DEP-001,SEC-001,PREVENTIVE,2025-09-18T00:00:00,2025-09-18T05:00:00,2025-10-03T00:00:00,TRAFFIC_BLOCK,300,COMPLETED
TASK-01646,AST-089,,DEP-001,SEC-004,PREVENTIVE,2023-09-21T00:00:00,2023-09-21T05:00:00,2023-10-06T00:00:00,TRAFFIC_BLOCK,300,COMPLETED
TASK-01647,AST-089,,DEP-001,SEC-004,PREVENTIVE,2024-09-20T00:00:00,2024-09-20T05:00:00,2024-10-05T00:00:00,TRAFFIC_BLOCK,300,COMPLETED
TASK-01648,AST-089,,DEP-001,SEC-004,PREVENTIVE,2025-09-20T00:00:00,2025-09-20T05:00:00,2025-10-05T00:00:00,TRAFFIC_BLOCK,300,COMPLETED
TASK-01649,AST-090,,DEP-001,SEC-003,PREVENTIVE,2024-03-15T00:00:00,2024-03-15T05:00:00,2024-03-30T00:00:00,TRAFFIC_BLOCK,300,COMPLETED
TASK-01650,AST-090,,DEP-001,SEC-003,PREVENTIVE,2025-03-15T00:00:00,2025-03-15T05:00:00,2025-03-30T00:00:00,TRAFFIC_BLOCK,300,COMPLETED
TASK-01651,AST-090,,DEP-001,SEC-003,PREVENTIVE,2026-03-15T00:00:00,2026-03-15T05:00:00,2026-03-30T00:00:00,TRAFFIC_BLOCK,300,COMPLETED
TASK-01652,AST-091,,DEP-001,SEC-003,PREVENTIVE,2023-11-17T00:00:00,2023-11-17T05:00:00,2023-12-02T00:00:00,TRAFFIC_BLOCK,300,COMPLETED
TASK-01653,AST-091,,DEP-001,SEC-003,PREVENTIVE,2024-11-16T00:00:00,2024-11-16T05:00:00,2024-12-01T00:00:00,TRAFFIC_BLOCK,300,COMPLETED
TASK-01654,AST-091,,DEP-001,SEC-003,PREVENTIVE,2025-11-16T00:00:00,2025-11-16T05:00:00,2025-12-01T00:00:00,TRAFFIC_BLOCK,300,COMPLETED
TASK-01673,AST-094,,DEP-001,SEC-005,PREVENTIVE,2023-11-08T00:00:00,2023-11-08T05:00:00,2023-11-23T00:00:00,TRAFFIC_BLOCK,300,COMPLETED
TASK-01674,AST-094,,DEP-001,SEC-005,PREVENTIVE,2024-11-07T00:00:00,2024-11-07T05:00:00,2024-11-22T00:00:00,TRAFFIC_BLOCK,300,COMPLETED
TASK-01675,AST-094,,DEP-001,SEC-005,PREVENTIVE,2025-11-07T00:00:00,2025-11-07T05:00:00,2025-11-22T00:00:00,TRAFFIC_BLOCK,300,COMPLETED
TASK-01700,AST-097,,DEP-001,SEC-004,PREVENTIVE,2023-09-01T00:00:00,2023-09-01T05:00:00,2023-09-16T00:00:00,TRAFFIC_BLOCK,300,COMPLETED
TASK-01701,AST-097,,DEP-001,SEC-004,PREVENTIVE,2024-08-31T00:00:00,2024-08-31T05:00:00,2024-09-15T00:00:00,TRAFFIC_BLOCK,300,COMPLETED
TASK-01702,AST-097,,DEP-001,SEC-004,PREVENTIVE,2025-08-31T00:00:00,2025-08-31T05:00:00,2025-09-15T00:00:00,TRAFFIC_BLOCK,300,COMPLETED
TASK-01739,AST-101,,DEP-001,SEC-002,PREVENTIVE,2023-11-22T00:00:00,2023-11-22T05:00:00,2023-12-07T00:00:00,TRAFFIC_BLOCK,300,COMPLETED
TASK-01740,AST-101,,DEP-001,SEC-002,PREVENTIVE,2024-11-21T00:00:00,2024-11-21T05:00:00,2024-12-06T00:00:00,TRAFFIC_BLOCK,300,COMPLETED
TASK-01741,AST-101,,DEP-001,SEC-002,PREVENTIVE,2025-11-21T00:00:00,2025-11-21T05:00:00,2025-12-06T00:00:00,TRAFFIC_BLOCK,300,COMPLETED
TASK-01742,AST-102,,DEP-001,SEC-004,PREVENTIVE,2024-06-09T00:00:00,2024-06-09T05:00:00,2024-06-24T00:00:00,TRAFFIC_BLOCK,300,COMPLETED
TASK-01743,AST-102,,DEP-001,SEC-004,PREVENTIVE,2025-06-09T00:00:00,2025-06-09T05:00:00,2025-06-24T00:00:00,TRAFFIC_BLOCK,300,COMPLETED
TASK-01744,AST-102,,DEP-001,SEC-004,PREVENTIVE,2026-06-09T00:00:00,2026-06-09T05:00:00,2026-06-24T00:00:00,TRAFFIC_BLOCK,300,COMPLETED
TASK-01745,AST-103,,DEP-001,SEC-006,PREVENTIVE,2023-09-30T00:00:00,2023-09-30T05:00:00,2023-10-15T00:00:00,TRAFFIC_BLOCK,300,COMPLETED
TASK-01746,AST-103,,DEP-001,SEC-006,PREVENTIVE,2024-09-29T00:00:00,2024-09-29T05:00:00,2024-10-14T00:00:00,TRAFFIC_BLOCK,300,COMPLETED
TASK-01747,AST-103,,DEP-001,SEC-006,PREVENTIVE,2025-09-29T00:00:00,2025-09-29T05:00:00,2025-10-14T00:00:00,TRAFFIC_BLOCK,300,COMPLETED
TASK-01826,AST-111,,DEP-001,SEC-006,PREVENTIVE,2024-07-20T00:00:00,2024-07-20T05:00:00,2024-08-04T00:00:00,TRAFFIC_BLOCK,300,COMPLETED
TASK-01827,AST-111,,DEP-001,SEC-006,PREVENTIVE,2025-07-20T00:00:00,2025-07-20T05:00:00,2025-08-04T00:00:00,TRAFFIC_BLOCK,300,COMPLETED
TASK-01828,AST-111,,DEP-001,SEC-006,PREVENTIVE,2026-07-20T00:00:00,2026-07-20T05:00:00,2026-08-04T00:00:00,TRAFFIC_BLOCK,300,COMPLETED
TASK-01829,AST-112,,DEP-001,SEC-002,PREVENTIVE,2024-03-11T00:00:00,2024-03-11T05:00:00,2024-03-26T00:00:00,TRAFFIC_BLOCK,300,COMPLETED
TASK-01830,AST-112,,DEP-001,SEC-002,PREVENTIVE,2025-03-11T00:00:00,2025-03-11T05:00:00,2025-03-26T00:00:00,TRAFFIC_BLOCK,300,COMPLETED
TASK-01831,AST-112,,DEP-001,SEC-002,PREVENTIVE,2026-03-11T00:00:00,2026-03-11T05:00:00,2026-03-26T00:00:00,TRAFFIC_BLOCK,300,COMPLETED
TASK-01862,AST-116,,DEP-001,SEC-005,PREVENTIVE,2023-08-20T00:00:00,2023-08-20T05:00:00,2023-09-04T00:00:00,TRAFFIC_BLOCK,300,COMPLETED
TASK-01863,AST-116,,DEP-001,SEC-005,PREVENTIVE,2024-08-19T00:00:00,2024-08-19T05:00:00,2024-09-03T00:00:00,TRAFFIC_BLOCK,300,COMPLETED
TASK-01864,AST-116,,DEP-001,SEC-005,PREVENTIVE,2025-08-19T00:00:00,2025-08-19T05:00:00,2025-09-03T00:00:00,TRAFFIC_BLOCK,300,COMPLETED
TASK-01883,AST-119,,DEP-001,SEC-004,PREVENTIVE,2024-06-15T00:00:00,2024-06-15T05:00:00,2024-06-30T00:00:00,TRAFFIC_BLOCK,300,COMPLETED
TASK-01884,AST-119,,DEP-001,SEC-004,PREVENTIVE,2025-06-15T00:00:00,2025-06-15T05:00:00,2025-06-30T00:00:00,TRAFFIC_BLOCK,300,COMPLETED
TASK-01885,AST-119,,DEP-001,SEC-004,PREVENTIVE,2026-06-15T00:00:00,2026-06-15T05:00:00,2026-06-30T00:00:00,TRAFFIC_BLOCK,300,COMPLETED
TASK-01922,AST-124,,DEP-001,SEC-003,PREVENTIVE,2023-09-13T00:00:00,2023-09-13T05:00:00,2023-09-28T00:00:00,TRAFFIC_BLOCK,300,COMPLETED
TASK-01923,AST-124,,DEP-001,SEC-003,PREVENTIVE,2024-09-12T00:00:00,2024-09-12T05:00:00,2024-09-27T00:00:00,TRAFFIC_BLOCK,300,COMPLETED
TASK-01924,AST-124,,DEP-001,SEC-003,PREVENTIVE,2025-09-12T00:00:00,2025-09-12T05:00:00,2025-09-27T00:00:00,TRAFFIC_BLOCK,300,COMPLETED
TASK-01925,AST-125,,DEP-001,SEC-003,PREVENTIVE,2024-01-09T00:00:00,2024-01-09T05:00:00,2024-01-24T00:00:00,TRAFFIC_BLOCK,300,COMPLETED
TASK-01926,AST-125,,DEP-001,SEC-003,PREVENTIVE,2025-01-08T00:00:00,2025-01-08T05:00:00,2025-01-23T00:00:00,TRAFFIC_BLOCK,300,COMPLETED
TASK-01927,AST-125,,DEP-001,SEC-003,PREVENTIVE,2026-01-08T00:00:00,2026-01-08T05:00:00,2026-01-23T00:00:00,TRAFFIC_BLOCK,300,COMPLETED
TASK-01928,AST-126,,DEP-001,SEC-003,PREVENTIVE,2024-06-26T00:00:00,2024-06-26T05:00:00,2024-07-11T00:00:00,TRAFFIC_BLOCK,300,COMPLETED
TASK-01929,AST-126,,DEP-001,SEC-003,PREVENTIVE,2025-06-26T00:00:00,2025-06-26T05:00:00,2025-07-11T00:00:00,TRAFFIC_BLOCK,300,COMPLETED
TASK-01930,AST-126,,DEP-001,SEC-003,PREVENTIVE,2026-06-26T00:00:00,2026-06-26T05:00:00,2026-07-11T00:00:00,TRAFFIC_BLOCK,300,COMPLETED
TASK-01937,AST-128,,DEP-001,SEC-005,PREVENTIVE,2024-07-11T00:00:00,2024-07-11T05:00:00,2024-07-26T00:00:00,TRAFFIC_BLOCK,300,COMPLETED
TASK-01938,AST-128,,DEP-001,SEC-005,PREVENTIVE,2025-07-11T00:00:00,2025-07-11T05:00:00,2025-07-26T00:00:00,TRAFFIC_BLOCK,300,COMPLETED
TASK-01939,AST-128,,DEP-001,SEC-005,PREVENTIVE,2026-07-11T00:00:00,2026-07-11T05:00:00,2026-07-26T00:00:00,TRAFFIC_BLOCK,300,COMPLETED
TASK-01982,AST-133,,DEP-001,SEC-001,PREVENTIVE,2023-12-02T00:00:00,2023-12-02T05:00:00,2023-12-17T00:00:00,TRAFFIC_BLOCK,300,COMPLETED
TASK-01983,AST-133,,DEP-001,SEC-001,PREVENTIVE,2024-12-01T00:00:00,2024-12-01T05:00:00,2024-12-16T00:00:00,TRAFFIC_BLOCK,300,COMPLETED
TASK-01984,AST-133,,DEP-001,SEC-001,PREVENTIVE,2025-12-01T00:00:00,2025-12-01T05:00:00,2025-12-16T00:00:00,TRAFFIC_BLOCK,300,COMPLETED
TASK-01985,AST-134,,DEP-001,SEC-006,PREVENTIVE,2024-05-09T00:00:00,2024-05-09T05:00:00,2024-05-24T00:00:00,TRAFFIC_BLOCK,300,COMPLETED
TASK-01986,AST-134,,DEP-001,SEC-006,PREVENTIVE,2025-05-09T00:00:00,2025-05-09T05:00:00,2025-05-24T00:00:00,TRAFFIC_BLOCK,300,COMPLETED
TASK-01987,AST-134,,DEP-001,SEC-006,PREVENTIVE,2026-05-09T00:00:00,2026-05-09T05:00:00,2026-05-24T00:00:00,TRAFFIC_BLOCK,300,COMPLETED
TASK-02042,AST-141,,DEP-001,SEC-001,PREVENTIVE,2023-11-26T00:00:00,2023-11-26T05:00:00,2023-12-11T00:00:00,TRAFFIC_BLOCK,300,COMPLETED
TASK-02043,AST-141,,DEP-001,SEC-001,PREVENTIVE,2024-11-25T00:00:00,2024-11-25T05:00:00,2024-12-10T00:00:00,TRAFFIC_BLOCK,300,COMPLETED
TASK-02044,AST-141,,DEP-001,SEC-001,PREVENTIVE,2025-11-25T00:00:00,2025-11-25T05:00:00,2025-12-10T00:00:00,TRAFFIC_BLOCK,300,COMPLETED
TASK-02045,AST-142,,DEP-001,SEC-005,PREVENTIVE,2023-10-21T00:00:00,2023-10-21T05:00:00,2023-11-05T00:00:00,TRAFFIC_BLOCK,300,COMPLETED
TASK-02046,AST-142,,DEP-001,SEC-005,PREVENTIVE,2024-10-20T00:00:00,2024-10-20T05:00:00,2024-11-04T00:00:00,TRAFFIC_BLOCK,300,COMPLETED
TASK-02047,AST-142,,DEP-001,SEC-005,PREVENTIVE,2025-10-20T00:00:00,2025-10-20T05:00:00,2025-11-04T00:00:00,TRAFFIC_BLOCK,300,COMPLETED
TASK-02048,AST-143,,DEP-001,SEC-003,PREVENTIVE,2024-01-14T00:00:00,2024-01-14T05:00:00,2024-01-29T00:00:00,TRAFFIC_BLOCK,300,COMPLETED
TASK-02049,AST-143,,DEP-001,SEC-003,PREVENTIVE,2025-01-13T00:00:00,2025-01-13T05:00:00,2025-01-28T00:00:00,TRAFFIC_BLOCK,300,COMPLETED
TASK-02050,AST-143,,DEP-001,SEC-003,PREVENTIVE,2026-01-13T00:00:00,2026-01-13T05:00:00,2026-01-28T00:00:00,TRAFFIC_BLOCK,300,COMPLETED
TASK-02051,AST-144,,DEP-001,SEC-003,PREVENTIVE,2024-02-24T00:00:00,2024-02-24T05:00:00,2024-03-10T00:00:00,TRAFFIC_BLOCK,300,COMPLETED
TASK-02052,AST-144,,DEP-001,SEC-003,PREVENTIVE,2025-02-23T00:00:00,2025-02-23T05:00:00,2025-03-10T00:00:00,TRAFFIC_BLOCK,300,COMPLETED
TASK-02053,AST-144,,DEP-001,SEC-003,PREVENTIVE,2026-02-23T00:00:00,2026-02-23T05:00:00,2026-03-10T00:00:00,TRAFFIC_BLOCK,300,COMPLETED
TASK-02066,AST-146,,DEP-001,SEC-004,PREVENTIVE,2023-12-19T00:00:00,2023-12-19T05:00:00,2024-01-03T00:00:00,TRAFFIC_BLOCK,300,COMPLETED
TASK-02067,AST-146,,DEP-001,SEC-004,PREVENTIVE,2024-12-18T00:00:00,2024-12-18T05:00:00,2025-01-02T00:00:00,TRAFFIC_BLOCK,300,COMPLETED
TASK-02068,AST-146,,DEP-001,SEC-004,PREVENTIVE,2025-12-18T00:00:00,2025-12-18T05:00:00,2026-01-02T00:00:00,TRAFFIC_BLOCK,300,COMPLETED
TASK-02081,AST-148,,DEP-001,SEC-006,PREVENTIVE,2023-09-17T00:00:00,2023-09-17T05:00:00,2023-10-02T00:00:00,TRAFFIC_BLOCK,300,COMPLETED
TASK-02082,AST-148,,DEP-001,SEC-006,PREVENTIVE,2024-09-16T00:00:00,2024-09-16T05:00:00,2024-10-01T00:00:00,TRAFFIC_BLOCK,300,COMPLETED
TASK-02083,AST-148,,DEP-001,SEC-006,PREVENTIVE,2025-09-16T00:00:00,2025-09-16T05:00:00,2025-10-01T00:00:00,TRAFFIC_BLOCK,300,COMPLETED
TASK-02102,AST-151,,DEP-001,SEC-002,PREVENTIVE,2023-09-06T00:00:00,2023-09-06T05:00:00,2023-09-21T00:00:00,TRAFFIC_BLOCK,300,COMPLETED
TASK-02103,AST-151,,DEP-001,SEC-002,PREVENTIVE,2024-09-05T00:00:00,2024-09-05T05:00:00,2024-09-20T00:00:00,TRAFFIC_BLOCK,300,COMPLETED
TASK-02104,AST-151,,DEP-001,SEC-002,PREVENTIVE,2025-09-05T00:00:00,2025-09-05T05:00:00,2025-09-20T00:00:00,TRAFFIC_BLOCK,300,COMPLETED
TASK-02105,AST-152,,DEP-001,SEC-002,PREVENTIVE,2024-03-22T00:00:00,2024-03-22T05:00:00,2024-04-06T00:00:00,TRAFFIC_BLOCK,300,COMPLETED
TASK-02106,AST-152,,DEP-001,SEC-002,PREVENTIVE,2025-03-22T00:00:00,2025-03-22T05:00:00,2025-04-06T00:00:00,TRAFFIC_BLOCK,300,COMPLETED
TASK-02107,AST-152,,DEP-001,SEC-002,PREVENTIVE,2026-03-22T00:00:00,2026-03-22T05:00:00,2026-04-06T00:00:00,TRAFFIC_BLOCK,300,COMPLETED
TASK-02108,AST-153,,DEP-001,SEC-001,PREVENTIVE,2023-09-25T00:00:00,2023-09-25T05:00:00,2023-10-10T00:00:00,TRAFFIC_BLOCK,300,COMPLETED
TASK-02109,AST-153,,DEP-001,SEC-001,PREVENTIVE,2024-09-24T00:00:00,2024-09-24T05:00:00,2024-10-09T00:00:00,TRAFFIC_BLOCK,300,COMPLETED
TASK-02110,AST-153,,DEP-001,SEC-001,PREVENTIVE,2025-09-24T00:00:00,2025-09-24T05:00:00,2025-10-09T00:00:00,TRAFFIC_BLOCK,300,COMPLETED
TASK-02111,AST-154,,DEP-001,SEC-003,PREVENTIVE,2024-05-22T00:00:00,2024-05-22T05:00:00,2024-06-06T00:00:00,TRAFFIC_BLOCK,300,COMPLETED
TASK-02112,AST-154,,DEP-001,SEC-003,PREVENTIVE,2025-05-22T00:00:00,2025-05-22T05:00:00,2025-06-06T00:00:00,TRAFFIC_BLOCK,300,COMPLETED
TASK-02113,AST-154,,DEP-001,SEC-003,PREVENTIVE,2026-05-22T00:00:00,2026-05-22T05:00:00,2026-06-06T00:00:00,TRAFFIC_BLOCK,300,COMPLETED
TASK-02114,AST-155,,DEP-001,SEC-001,PREVENTIVE,2024-01-01T00:00:00,2024-01-01T05:00:00,2024-01-16T00:00:00,TRAFFIC_BLOCK,300,COMPLETED
TASK-02115,AST-155,,DEP-001,SEC-001,PREVENTIVE,2024-12-31T00:00:00,2024-12-31T05:00:00,2025-01-15T00:00:00,TRAFFIC_BLOCK,300,COMPLETED
TASK-02116,AST-155,,DEP-001,SEC-001,PREVENTIVE,2025-12-31T00:00:00,2025-12-31T05:00:00,2026-01-15T00:00:00,TRAFFIC_BLOCK,300,COMPLETED
TASK-02153,AST-160,,DEP-001,SEC-001,PREVENTIVE,2024-05-13T00:00:00,2024-05-13T05:00:00,2024-05-28T00:00:00,TRAFFIC_BLOCK,300,COMPLETED
TASK-02154,AST-160,,DEP-001,SEC-001,PREVENTIVE,2025-05-13T00:00:00,2025-05-13T05:00:00,2025-05-28T00:00:00,TRAFFIC_BLOCK,300,COMPLETED
TASK-02155,AST-160,,DEP-001,SEC-001,PREVENTIVE,2026-05-13T00:00:00,2026-05-13T05:00:00,2026-05-28T00:00:00,TRAFFIC_BLOCK,300,COMPLETED
TASK-02168,AST-162,,DEP-001,SEC-004,PREVENTIVE,2023-12-06T00:00:00,2023-12-06T05:00:00,2023-12-21T00:00:00,TRAFFIC_BLOCK,300,COMPLETED
TASK-02169,AST-162,,DEP-001,SEC-004,PREVENTIVE,2024-12-05T00:00:00,2024-12-05T05:00:00,2024-12-20T00:00:00,TRAFFIC_BLOCK,300,COMPLETED
TASK-02170,AST-162,,DEP-001,SEC-004,PREVENTIVE,2025-12-05T00:00:00,2025-12-05T05:00:00,2025-12-20T00:00:00,TRAFFIC_BLOCK,300,COMPLETED
TASK-02201,AST-166,,DEP-001,SEC-004,PREVENTIVE,2023-10-21T00:00:00,2023-10-21T05:00:00,2023-11-05T00:00:00,TRAFFIC_BLOCK,300,COMPLETED
TASK-02202,AST-166,,DEP-001,SEC-004,PREVENTIVE,2024-10-20T00:00:00,2024-10-20T05:00:00,2024-11-04T00:00:00,TRAFFIC_BLOCK,300,COMPLETED
TASK-02203,AST-166,,DEP-001,SEC-004,PREVENTIVE,2025-10-20T00:00:00,2025-10-20T05:00:00,2025-11-04T00:00:00,TRAFFIC_BLOCK,300,COMPLETED
TASK-02204,AST-167,,DEP-001,SEC-003,PREVENTIVE,2024-07-22T00:00:00,2024-07-22T05:00:00,2024-08-06T00:00:00,TRAFFIC_BLOCK,300,COMPLETED
TASK-02205,AST-167,,DEP-001,SEC-003,PREVENTIVE,2025-07-22T00:00:00,2025-07-22T05:00:00,2025-08-06T00:00:00,TRAFFIC_BLOCK,300,COMPLETED
TASK-02206,AST-167,,DEP-001,SEC-003,PREVENTIVE,2026-07-22T00:00:00,2026-07-22T05:00:00,2026-08-06T00:00:00,TRAFFIC_BLOCK,300,COMPLETED
TASK-02273,AST-175,,DEP-001,SEC-001,PREVENTIVE,2024-03-25T00:00:00,2024-03-25T05:00:00,2024-04-09T00:00:00,TRAFFIC_BLOCK,300,COMPLETED
TASK-02274,AST-175,,DEP-001,SEC-001,PREVENTIVE,2025-03-25T00:00:00,2025-03-25T05:00:00,2025-04-09T00:00:00,TRAFFIC_BLOCK,300,COMPLETED
TASK-02275,AST-175,,DEP-001,SEC-001,PREVENTIVE,2026-03-25T00:00:00,2026-03-25T05:00:00,2026-04-09T00:00:00,TRAFFIC_BLOCK,300,COMPLETED
TASK-02294,AST-178,,DEP-001,SEC-003,PREVENTIVE,2023-12-15T00:00:00,2023-12-15T05:00:00,2023-12-30T00:00:00,TRAFFIC_BLOCK,300,COMPLETED
TASK-02295,AST-178,,DEP-001,SEC-003,PREVENTIVE,2024-12-14T00:00:00,2024-12-14T05:00:00,2024-12-29T00:00:00,TRAFFIC_BLOCK,300,COMPLETED
TASK-02296,AST-178,,DEP-001,SEC-003,PREVENTIVE,2025-12-14T00:00:00,2025-12-14T05:00:00,2025-12-29T00:00:00,TRAFFIC_BLOCK,300,COMPLETED
TASK-02309,AST-180,,DEP-001,SEC-002,PREVENTIVE,2024-03-10T00:00:00,2024-03-10T05:00:00,2024-03-25T00:00:00,TRAFFIC_BLOCK,300,COMPLETED
TASK-02310,AST-180,,DEP-001,SEC-002,PREVENTIVE,2025-03-10T00:00:00,2025-03-10T05:00:00,2025-03-25T00:00:00,TRAFFIC_BLOCK,300,COMPLETED
TASK-02311,AST-180,,DEP-001,SEC-002,PREVENTIVE,2026-03-10T00:00:00,2026-03-10T05:00:00,2026-03-25T00:00:00,TRAFFIC_BLOCK,300,COMPLETED
TASK-02324,AST-182,,DEP-001,SEC-001,PREVENTIVE,2024-06-23T00:00:00,2024-06-23T05:00:00,2024-07-08T00:00:00,TRAFFIC_BLOCK,300,COMPLETED
TASK-02325,AST-182,,DEP-001,SEC-001,PREVENTIVE,2025-06-23T00:00:00,2025-06-23T05:00:00,2025-07-08T00:00:00,TRAFFIC_BLOCK,300,COMPLETED
TASK-02326,AST-182,,DEP-001,SEC-001,PREVENTIVE,2026-06-23T00:00:00,2026-06-23T05:00:00,2026-07-08T00:00:00,TRAFFIC_BLOCK,300,COMPLETED
TASK-02351,AST-186,,DEP-001,SEC-003,PREVENTIVE,2024-02-06T00:00:00,2024-02-06T05:00:00,2024-02-21T00:00:00,TRAFFIC_BLOCK,300,COMPLETED
TASK-02352,AST-186,,DEP-001,SEC-003,PREVENTIVE,2025-02-05T00:00:00,2025-02-05T05:00:00,2025-02-20T00:00:00,TRAFFIC_BLOCK,300,COMPLETED
TASK-02353,AST-186,,DEP-001,SEC-003,PREVENTIVE,2026-02-05T00:00:00,2026-02-05T05:00:00,2026-02-20T00:00:00,TRAFFIC_BLOCK,300,COMPLETED
TASK-02378,AST-189,,DEP-001,SEC-004,PREVENTIVE,2024-04-24T00:00:00,2024-04-24T05:00:00,2024-05-09T00:00:00,TRAFFIC_BLOCK,300,COMPLETED
TASK-02379,AST-189,,DEP-001,SEC-004,PREVENTIVE,2025-04-24T00:00:00,2025-04-24T05:00:00,2025-05-09T00:00:00,TRAFFIC_BLOCK,300,COMPLETED
TASK-02380,AST-189,,DEP-001,SEC-004,PREVENTIVE,2026-04-24T00:00:00,2026-04-24T05:00:00,2026-05-09T00:00:00,TRAFFIC_BLOCK,300,COMPLETED
TASK-02387,AST-191,,DEP-001,SEC-004,PREVENTIVE,2024-02-16T00:00:00,2024-02-16T05:00:00,2024-03-02T00:00:00,TRAFFIC_BLOCK,300,COMPLETED
TASK-02388,AST-191,,DEP-001,SEC-004,PREVENTIVE,2025-02-15T00:00:00,2025-02-15T05:00:00,2025-03-02T00:00:00,TRAFFIC_BLOCK,300,COMPLETED
TASK-02389,AST-191,,DEP-001,SEC-004,PREVENTIVE,2026-02-15T00:00:00,2026-02-15T05:00:00,2026-03-02T00:00:00,TRAFFIC_BLOCK,300,COMPLETED
TASK-02390,AST-192,,DEP-001,SEC-005,PREVENTIVE,2023-12-21T00:00:00,2023-12-21T05:00:00,2024-01-05T00:00:00,TRAFFIC_BLOCK,300,COMPLETED
TASK-02391,AST-192,,DEP-001,SEC-005,PREVENTIVE,2024-12-20T00:00:00,2024-12-20T05:00:00,2025-01-04T00:00:00,TRAFFIC_BLOCK,300,COMPLETED
TASK-02392,AST-192,,DEP-001,SEC-005,PREVENTIVE,2025-12-20T00:00:00,2025-12-20T05:00:00,2026-01-04T00:00:00,TRAFFIC_BLOCK,300,COMPLETED
TASK-02423,AST-196,,DEP-001,SEC-004,PREVENTIVE,2023-12-22T00:00:00,2023-12-22T05:00:00,2024-01-06T00:00:00,TRAFFIC_BLOCK,300,COMPLETED
TASK-02424,AST-196,,DEP-001,SEC-004,PREVENTIVE,2024-12-21T00:00:00,2024-12-21T05:00:00,2025-01-05T00:00:00,TRAFFIC_BLOCK,300,COMPLETED
TASK-02425,AST-196,,DEP-001,SEC-004,PREVENTIVE,2025-12-21T00:00:00,2025-12-21T05:00:00,2026-01-05T00:00:00,TRAFFIC_BLOCK,300,COMPLETED
TASK-02444,AST-199,,DEP-001,SEC-004,PREVENTIVE,2024-07-18T00:00:00,2024-07-18T05:00:00,2024-08-02T00:00:00,TRAFFIC_BLOCK,300,COMPLETED
TASK-02445,AST-199,,DEP-001,SEC-004,PREVENTIVE,2025-07-18T00:00:00,2025-07-18T05:00:00,2025-08-02T00:00:00,TRAFFIC_BLOCK,300,COMPLETED
TASK-02446,AST-199,,DEP-001,SEC-004,PREVENTIVE,2026-07-18T00:00:00,2026-07-18T05:00:00,2026-08-02T00:00:00,TRAFFIC_BLOCK,300,COMPLETED
TASK-02459,AST-201,,DEP-001,SEC-001,PREVENTIVE,2024-05-23T00:00:00,2024-05-23T05:00:00,2024-06-07T00:00:00,TRAFFIC_BLOCK,300,COMPLETED
TASK-02460,AST-201,,DEP-001,SEC-001,PREVENTIVE,2025-05-23T00:00:00,2025-05-23T05:00:00,2025-06-07T00:00:00,TRAFFIC_BLOCK,300,COMPLETED
TASK-02461,AST-201,,DEP-001,SEC-001,PREVENTIVE,2026-05-23T00:00:00,2026-05-23T05:00:00,2026-06-07T00:00:00,TRAFFIC_BLOCK,300,COMPLETED
TASK-02468,AST-203,,DEP-001,SEC-006,PREVENTIVE,2023-08-27T00:00:00,2023-08-27T05:00:00,2023-09-11T00:00:00,TRAFFIC_BLOCK,300,COMPLETED
TASK-02469,AST-203,,DEP-001,SEC-006,PREVENTIVE,2024-08-26T00:00:00,2024-08-26T05:00:00,2024-09-10T00:00:00,TRAFFIC_BLOCK,300,COMPLETED
TASK-02470,AST-203,,DEP-001,SEC-006,PREVENTIVE,2025-08-26T00:00:00,2025-08-26T05:00:00,2025-09-10T00:00:00,TRAFFIC_BLOCK,300,COMPLETED
TASK-02489,AST-206,,DEP-001,SEC-002,PREVENTIVE,2024-03-31T00:00:00,2024-03-31T05:00:00,2024-04-15T00:00:00,TRAFFIC_BLOCK,300,COMPLETED
TASK-02490,AST-206,,DEP-001,SEC-002,PREVENTIVE,2025-03-31T00:00:00,2025-03-31T05:00:00,2025-04-15T00:00:00,TRAFFIC_BLOCK,300,COMPLETED
TASK-02491,AST-206,,DEP-001,SEC-002,PREVENTIVE,2026-03-31T00:00:00,2026-03-31T05:00:00,2026-04-15T00:00:00,TRAFFIC_BLOCK,300,COMPLETED
TASK-02510,AST-209,,DEP-001,SEC-003,PREVENTIVE,2023-12-24T00:00:00,2023-12-24T05:00:00,2024-01-08T00:00:00,TRAFFIC_BLOCK,300,COMPLETED
TASK-02511,AST-209,,DEP-001,SEC-003,PREVENTIVE,2024-12-23T00:00:00,2024-12-23T05:00:00,2025-01-07T00:00:00,TRAFFIC_BLOCK,300,COMPLETED
TASK-02512,AST-209,,DEP-001,SEC-003,PREVENTIVE,2025-12-23T00:00:00,2025-12-23T05:00:00,2026-01-07T00:00:00,TRAFFIC_BLOCK,300,COMPLETED
TASK-02525,AST-211,,DEP-001,SEC-005,PREVENTIVE,2023-10-20T00:00:00,2023-10-20T05:00:00,2023-11-04T00:00:00,TRAFFIC_BLOCK,300,COMPLETED
TASK-02526,AST-211,,DEP-001,SEC-005,PREVENTIVE,2024-10-19T00:00:00,2024-10-19T05:00:00,2024-11-03T00:00:00,TRAFFIC_BLOCK,300,COMPLETED
TASK-02527,AST-211,,DEP-001,SEC-005,PREVENTIVE,2025-10-19T00:00:00,2025-10-19T05:00:00,2025-11-03T00:00:00,TRAFFIC_BLOCK,300,COMPLETED
TASK-02558,AST-215,,DEP-001,SEC-006,PREVENTIVE,2024-01-06T00:00:00,2024-01-06T05:00:00,2024-01-21T00:00:00,TRAFFIC_BLOCK,300,COMPLETED
TASK-02559,AST-215,,DEP-001,SEC-006,PREVENTIVE,2025-01-05T00:00:00,2025-01-05T05:00:00,2025-01-20T00:00:00,TRAFFIC_BLOCK,300,COMPLETED
TASK-02560,AST-215,,DEP-001,SEC-006,PREVENTIVE,2026-01-05T00:00:00,2026-01-05T05:00:00,2026-01-20T00:00:00,TRAFFIC_BLOCK,300,COMPLETED
TASK-02561,AST-216,,DEP-001,SEC-004,PREVENTIVE,2024-05-10T00:00:00,2024-05-10T05:00:00,2024-05-25T00:00:00,TRAFFIC_BLOCK,300,COMPLETED
TASK-02562,AST-216,,DEP-001,SEC-004,PREVENTIVE,2025-05-10T00:00:00,2025-05-10T05:00:00,2025-05-25T00:00:00,TRAFFIC_BLOCK,300,COMPLETED
TASK-02563,AST-216,,DEP-001,SEC-004,PREVENTIVE,2026-05-10T00:00:00,2026-05-10T05:00:00,2026-05-25T00:00:00,TRAFFIC_BLOCK,300,COMPLETED
TASK-02576,AST-218,,DEP-001,SEC-003,PREVENTIVE,2023-08-26T00:00:00,2023-08-26T05:00:00,2023-09-10T00:00:00,TRAFFIC_BLOCK,300,COMPLETED
TASK-02577,AST-218,,DEP-001,SEC-003,PREVENTIVE,2024-08-25T00:00:00,2024-08-25T05:00:00,2024-09-09T00:00:00,TRAFFIC_BLOCK,300,COMPLETED
TASK-02578,AST-218,,DEP-001,SEC-003,PREVENTIVE,2025-08-25T00:00:00,2025-08-25T05:00:00,2025-09-09T00:00:00,TRAFFIC_BLOCK,300,COMPLETED
TASK-02633,AST-225,,DEP-001,SEC-005,PREVENTIVE,2024-03-05T00:00:00,2024-03-05T05:00:00,2024-03-20T00:00:00,TRAFFIC_BLOCK,300,COMPLETED
TASK-02634,AST-225,,DEP-001,SEC-005,PREVENTIVE,2025-03-05T00:00:00,2025-03-05T05:00:00,2025-03-20T00:00:00,TRAFFIC_BLOCK,300,COMPLETED
TASK-02635,AST-225,,DEP-001,SEC-005,PREVENTIVE,2026-03-05T00:00:00,2026-03-05T05:00:00,2026-03-20T00:00:00,TRAFFIC_BLOCK,300,COMPLETED
TASK-02672,AST-230,,DEP-001,SEC-001,PREVENTIVE,2023-12-02T00:00:00,2023-12-02T05:00:00,2023-12-17T00:00:00,TRAFFIC_BLOCK,300,COMPLETED
TASK-02673,AST-230,,DEP-001,SEC-001,PREVENTIVE,2024-12-01T00:00:00,2024-12-01T05:00:00,2024-12-16T00:00:00,TRAFFIC_BLOCK,300,COMPLETED
TASK-02674,AST-230,,DEP-001,SEC-001,PREVENTIVE,2025-12-01T00:00:00,2025-12-01T05:00:00,2025-12-16T00:00:00,TRAFFIC_BLOCK,300,COMPLETED
TASK-02717,AST-235,,DEP-001,SEC-001,PREVENTIVE,2024-02-21T00:00:00,2024-02-21T05:00:00,2024-03-07T00:00:00,TRAFFIC_BLOCK,300,COMPLETED
TASK-02718,AST-235,,DEP-001,SEC-001,PREVENTIVE,2025-02-20T00:00:00,2025-02-20T05:00:00,2025-03-07T00:00:00,TRAFFIC_BLOCK,300,COMPLETED
TASK-02719,AST-235,,DEP-001,SEC-001,PREVENTIVE,2026-02-20T00:00:00,2026-02-20T05:00:00,2026-03-07T00:00:00,TRAFFIC_BLOCK,300,COMPLETED
TASK-02720,AST-236,,DEP-001,SEC-005,PREVENTIVE,2024-03-05T00:00:00,2024-03-05T05:00:00,2024-03-20T00:00:00,TRAFFIC_BLOCK,300,COMPLETED
TASK-02721,AST-236,,DEP-001,SEC-005,PREVENTIVE,2025-03-05T00:00:00,2025-03-05T05:00:00,2025-03-20T00:00:00,TRAFFIC_BLOCK,300,COMPLETED
TASK-02722,AST-236,,DEP-001,SEC-005,PREVENTIVE,2026-03-05T00:00:00,2026-03-05T05:00:00,2026-03-20T00:00:00,TRAFFIC_BLOCK,300,COMPLETED
TASK-02723,AST-237,,DEP-001,SEC-005,PREVENTIVE,2023-11-03T00:00:00,2023-11-03T05:00:00,2023-11-18T00:00:00,TRAFFIC_BLOCK,300,COMPLETED
TASK-02724,AST-237,,DEP-001,SEC-005,PREVENTIVE,2024-11-02T00:00:00,2024-11-02T05:00:00,2024-11-17T00:00:00,TRAFFIC_BLOCK,300,COMPLETED
TASK-02725,AST-237,,DEP-001,SEC-005,PREVENTIVE,2025-11-02T00:00:00,2025-11-02T05:00:00,2025-11-17T00:00:00,TRAFFIC_BLOCK,300,COMPLETED
TASK-02756,AST-241,,DEP-001,SEC-001,PREVENTIVE,2024-01-25T00:00:00,2024-01-25T05:00:00,2024-02-09T00:00:00,TRAFFIC_BLOCK,300,COMPLETED
TASK-02757,AST-241,,DEP-001,SEC-001,PREVENTIVE,2025-01-24T00:00:00,2025-01-24T05:00:00,2025-02-08T00:00:00,TRAFFIC_BLOCK,300,COMPLETED
TASK-02758,AST-241,,DEP-001,SEC-001,PREVENTIVE,2026-01-24T00:00:00,2026-01-24T05:00:00,2026-02-08T00:00:00,TRAFFIC_BLOCK,300,COMPLETED
TASK-02777,AST-244,,DEP-001,SEC-005,PREVENTIVE,2023-11-08T00:00:00,2023-11-08T05:00:00,2023-11-23T00:00:00,TRAFFIC_BLOCK,300,COMPLETED
TASK-02778,AST-244,,DEP-001,SEC-005,PREVENTIVE,2024-11-07T00:00:00,2024-11-07T05:00:00,2024-11-22T00:00:00,TRAFFIC_BLOCK,300,COMPLETED
TASK-02779,AST-244,,DEP-001,SEC-005,PREVENTIVE,2025-11-07T00:00:00,2025-11-07T05:00:00,2025-11-22T00:00:00,TRAFFIC_BLOCK,300,COMPLETED
TASK-02792,AST-246,,DEP-001,SEC-005,PREVENTIVE,2024-02-07T00:00:00,2024-02-07T05:00:00,2024-02-22T00:00:00,TRAFFIC_BLOCK,300,COMPLETED
TASK-02793,AST-246,,DEP-001,SEC-005,PREVENTIVE,2025-02-06T00:00:00,2025-02-06T05:00:00,2025-02-21T00:00:00,TRAFFIC_BLOCK,300,COMPLETED
TASK-02794,AST-246,,DEP-001,SEC-005,PREVENTIVE,2026-02-06T00:00:00,2026-02-06T05:00:00,2026-02-21T00:00:00,TRAFFIC_BLOCK,300,COMPLETED
TASK-02819,AST-250,,DEP-001,SEC-005,PREVENTIVE,2024-07-01T00:00:00,2024-07-01T05:00:00,2024-07-16T00:00:00,TRAFFIC_BLOCK,300,COMPLETED
TASK-02820,AST-250,,DEP-001,SEC-005,PREVENTIVE,2025-07-01T00:00:00,2025-07-01T05:00:00,2025-07-16T00:00:00,TRAFFIC_BLOCK,300,COMPLETED
TASK-02821,AST-250,,DEP-001,SEC-005,PREVENTIVE,2026-07-01T00:00:00,2026-07-01T05:00:00,2026-07-16T00:00:00,TRAFFIC_BLOCK,300,COMPLETED
TASK-02900,AST-258,,DEP-001,SEC-001,PREVENTIVE,2023-12-18T00:00:00,2023-12-18T05:00:00,2024-01-02T00:00:00,TRAFFIC_BLOCK,300,COMPLETED
TASK-02901,AST-258,,DEP-001,SEC-001,PREVENTIVE,2024-12-17T00:00:00,2024-12-17T05:00:00,2025-01-01T00:00:00,TRAFFIC_BLOCK,300,COMPLETED
TASK-02902,AST-258,,DEP-001,SEC-001,PREVENTIVE,2025-12-17T00:00:00,2025-12-17T05:00:00,2026-01-01T00:00:00,TRAFFIC_BLOCK,300,COMPLETED
TASK-02921,AST-261,,DEP-001,SEC-003,PREVENTIVE,2023-10-08T00:00:00,2023-10-08T05:00:00,2023-10-23T00:00:00,TRAFFIC_BLOCK,300,COMPLETED
TASK-02922,AST-261,,DEP-001,SEC-003,PREVENTIVE,2024-10-07T00:00:00,2024-10-07T05:00:00,2024-10-22T00:00:00,TRAFFIC_BLOCK,300,COMPLETED
TASK-02923,AST-261,,DEP-001,SEC-003,PREVENTIVE,2025-10-07T00:00:00,2025-10-07T05:00:00,2025-10-22T00:00:00,TRAFFIC_BLOCK,300,COMPLETED
TASK-02924,AST-262,,DEP-001,SEC-006,PREVENTIVE,2024-01-20T00:00:00,2024-01-20T05:00:00,2024-02-04T00:00:00,TRAFFIC_BLOCK,300,COMPLETED
TASK-02925,AST-262,,DEP-001,SEC-006,PREVENTIVE,2025-01-19T00:00:00,2025-01-19T05:00:00,2025-02-03T00:00:00,TRAFFIC_BLOCK,300,COMPLETED
TASK-02926,AST-262,,DEP-001,SEC-006,PREVENTIVE,2026-01-19T00:00:00,2026-01-19T05:00:00,2026-02-03T00:00:00,TRAFFIC_BLOCK,300,COMPLETED
TASK-02927,AST-263,,DEP-001,SEC-001,PREVENTIVE,2023-11-02T00:00:00,2023-11-02T05:00:00,2023-11-17T00:00:00,TRAFFIC_BLOCK,300,COMPLETED
TASK-02928,AST-263,,DEP-001,SEC-001,PREVENTIVE,2024-11-01T00:00:00,2024-11-01T05:00:00,2024-11-16T00:00:00,TRAFFIC_BLOCK,300,COMPLETED
TASK-02929,AST-263,,DEP-001,SEC-001,PREVENTIVE,2025-11-01T00:00:00,2025-11-01T05:00:00,2025-11-16T00:00:00,TRAFFIC_BLOCK,300,COMPLETED
TASK-02972,AST-268,,DEP-001,SEC-002,PREVENTIVE,2024-07-09T00:00:00,2024-07-09T05:00:00,2024-07-24T00:00:00,TRAFFIC_BLOCK,300,COMPLETED
TASK-02973,AST-268,,DEP-001,SEC-002,PREVENTIVE,2025-07-09T00:00:00,2025-07-09T05:00:00,2025-07-24T00:00:00,TRAFFIC_BLOCK,300,COMPLETED
TASK-02974,AST-268,,DEP-001,SEC-002,PREVENTIVE,2026-07-09T00:00:00,2026-07-09T05:00:00,2026-07-24T00:00:00,TRAFFIC_BLOCK,300,COMPLETED
TASK-02981,AST-270,,DEP-001,SEC-005,PREVENTIVE,2024-02-03T00:00:00,2024-02-03T05:00:00,2024-02-18T00:00:00,TRAFFIC_BLOCK,300,COMPLETED
TASK-02982,AST-270,,DEP-001,SEC-005,PREVENTIVE,2025-02-02T00:00:00,2025-02-02T05:00:00,2025-02-17T00:00:00,TRAFFIC_BLOCK,300,COMPLETED
TASK-02983,AST-270,,DEP-001,SEC-005,PREVENTIVE,2026-02-02T00:00:00,2026-02-02T05:00:00,2026-02-17T00:00:00,TRAFFIC_BLOCK,300,COMPLETED
TASK-03038,AST-277,,DEP-001,SEC-001,PREVENTIVE,2024-03-10T00:00:00,2024-03-10T05:00:00,2024-03-25T00:00:00,TRAFFIC_BLOCK,300,COMPLETED
TASK-03039,AST-277,,DEP-001,SEC-001,PREVENTIVE,2025-03-10T00:00:00,2025-03-10T05:00:00,2025-03-25T00:00:00,TRAFFIC_BLOCK,300,COMPLETED
TASK-03040,AST-277,,DEP-001,SEC-001,PREVENTIVE,2026-03-10T00:00:00,2026-03-10T05:00:00,2026-03-25T00:00:00,TRAFFIC_BLOCK,300,COMPLETED
TASK-03089,AST-282,,DEP-001,SEC-001,PREVENTIVE,2023-10-09T00:00:00,2023-10-09T05:00:00,2023-10-24T00:00:00,TRAFFIC_BLOCK,300,COMPLETED
TASK-03090,AST-282,,DEP-001,SEC-001,PREVENTIVE,2024-10-08T00:00:00,2024-10-08T05:00:00,2024-10-23T00:00:00,TRAFFIC_BLOCK,300,COMPLETED
TASK-03091,AST-282,,DEP-001,SEC-001,PREVENTIVE,2025-10-08T00:00:00,2025-10-08T05:00:00,2025-10-23T00:00:00,TRAFFIC_BLOCK,300,COMPLETED
TASK-03098,AST-284,,DEP-001,SEC-002,PREVENTIVE,2023-11-22T00:00:00,2023-11-22T05:00:00,2023-12-07T00:00:00,TRAFFIC_BLOCK,300,COMPLETED
TASK-03099,AST-284,,DEP-001,SEC-002,PREVENTIVE,2024-11-21T00:00:00,2024-11-21T05:00:00,2024-12-06T00:00:00,TRAFFIC_BLOCK,300,COMPLETED
TASK-03100,AST-284,,DEP-001,SEC-002,PREVENTIVE,2025-11-21T00:00:00,2025-11-21T05:00:00,2025-12-06T00:00:00,TRAFFIC_BLOCK,300,COMPLETED
TASK-03113,AST-286,,DEP-001,SEC-004,PREVENTIVE,2023-10-08T00:00:00,2023-10-08T05:00:00,2023-10-23T00:00:00,TRAFFIC_BLOCK,300,COMPLETED
TASK-03114,AST-286,,DEP-001,SEC-004,PREVENTIVE,2024-10-07T00:00:00,2024-10-07T05:00:00,2024-10-22T00:00:00,TRAFFIC_BLOCK,300,COMPLETED
TASK-03115,AST-286,,DEP-001,SEC-004,PREVENTIVE,2025-10-07T00:00:00,2025-10-07T05:00:00,2025-10-22T00:00:00,TRAFFIC_BLOCK,300,COMPLETED
TASK-03134,AST-289,,DEP-001,SEC-006,PREVENTIVE,2023-09-29T00:00:00,2023-09-29T05:00:00,2023-10-14T00:00:00,TRAFFIC_BLOCK,300,COMPLETED
TASK-03135,AST-289,,DEP-001,SEC-006,PREVENTIVE,2024-09-28T00:00:00,2024-09-28T05:00:00,2024-10-13T00:00:00,TRAFFIC_BLOCK,300,COMPLETED
TASK-03136,AST-289,,DEP-001,SEC-006,PREVENTIVE,2025-09-28T00:00:00,2025-09-28T05:00:00,2025-10-13T00:00:00,TRAFFIC_BLOCK,300,COMPLETED
TASK-03161,AST-292,,DEP-001,SEC-001,PREVENTIVE,2024-01-27T00:00:00,2024-01-27T05:00:00,2024-02-11T00:00:00,TRAFFIC_BLOCK,300,COMPLETED
TASK-03162,AST-292,,DEP-001,SEC-001,PREVENTIVE,2025-01-26T00:00:00,2025-01-26T05:00:00,2025-02-10T00:00:00,TRAFFIC_BLOCK,300,COMPLETED
TASK-03163,AST-292,,DEP-001,SEC-001,PREVENTIVE,2026-01-26T00:00:00,2026-01-26T05:00:00,2026-02-10T00:00:00,TRAFFIC_BLOCK,300,COMPLETED
TASK-03183,AST-295,,DEP-001,SEC-006,PREVENTIVE,2024-05-24T00:00:00,2024-05-24T05:00:00,2024-06-08T00:00:00,TRAFFIC_BLOCK,300,COMPLETED
TASK-03184,AST-295,,DEP-001,SEC-006,PREVENTIVE,2025-05-24T00:00:00,2025-05-24T05:00:00,2025-06-08T00:00:00,TRAFFIC_BLOCK,300,COMPLETED
TASK-03185,AST-295,,DEP-001,SEC-006,PREVENTIVE,2026-05-24T00:00:00,2026-05-24T05:00:00,2026-06-08T00:00:00,TRAFFIC_BLOCK,300,COMPLETED
TASK-03210,AST-298,,DEP-001,SEC-002,PREVENTIVE,2024-06-27T00:00:00,2024-06-27T05:00:00,2024-07-12T00:00:00,TRAFFIC_BLOCK,300,COMPLETED
TASK-03211,AST-298,,DEP-001,SEC-002,PREVENTIVE,2025-06-27T00:00:00,2025-06-27T05:00:00,2025-07-12T00:00:00,TRAFFIC_BLOCK,300,COMPLETED
TASK-03212,AST-298,,DEP-001,SEC-002,PREVENTIVE,2026-06-27T00:00:00,2026-06-27T05:00:00,2026-07-12T00:00:00,TRAFFIC_BLOCK,300,COMPLETED
TASK-03237,AST-301,,DEP-001,SEC-001,PREVENTIVE,2023-09-01T00:00:00,2023-09-01T05:00:00,2023-09-16T00:00:00,TRAFFIC_BLOCK,300,COMPLETED
TASK-03238,AST-301,,DEP-001,SEC-001,PREVENTIVE,2024-08-31T00:00:00,2024-08-31T05:00:00,2024-09-15T00:00:00,TRAFFIC_BLOCK,300,COMPLETED
TASK-03239,AST-301,,DEP-001,SEC-001,PREVENTIVE,2025-08-31T00:00:00,2025-08-31T05:00:00,2025-09-15T00:00:00,TRAFFIC_BLOCK,300,COMPLETED
TASK-03282,AST-307,,DEP-001,SEC-004,PREVENTIVE,2023-10-15T00:00:00,2023-10-15T05:00:00,2023-10-30T00:00:00,TRAFFIC_BLOCK,300,COMPLETED
TASK-03283,AST-307,,DEP-001,SEC-004,PREVENTIVE,2024-10-14T00:00:00,2024-10-14T05:00:00,2024-10-29T00:00:00,TRAFFIC_BLOCK,300,COMPLETED
TASK-03284,AST-307,,DEP-001,SEC-004,PREVENTIVE,2025-10-14T00:00:00,2025-10-14T05:00:00,2025-10-29T00:00:00,TRAFFIC_BLOCK,300,COMPLETED
TASK-03285,AST-308,,DEP-001,SEC-003,PREVENTIVE,2024-06-08T00:00:00,2024-06-08T05:00:00,2024-06-23T00:00:00,TRAFFIC_BLOCK,300,COMPLETED
TASK-03286,AST-308,,DEP-001,SEC-003,PREVENTIVE,2025-06-08T00:00:00,2025-06-08T05:00:00,2025-06-23T00:00:00,TRAFFIC_BLOCK,300,COMPLETED
TASK-03287,AST-308,,DEP-001,SEC-003,PREVENTIVE,2026-06-08T00:00:00,2026-06-08T05:00:00,2026-06-23T00:00:00,TRAFFIC_BLOCK,300,COMPLETED
TASK-03288,AST-309,,DEP-001,SEC-006,PREVENTIVE,2024-07-30T00:00:00,2024-07-30T05:00:00,2024-08-14T00:00:00,TRAFFIC_BLOCK,300,COMPLETED
TASK-03289,AST-309,,DEP-001,SEC-006,PREVENTIVE,2025-07-30T00:00:00,2025-07-30T05:00:00,2025-08-14T00:00:00,TRAFFIC_BLOCK,300,COMPLETED
TASK-03290,AST-309,,DEP-001,SEC-006,PREVENTIVE,2026-07-30T00:00:00,2026-07-30T05:00:00,2026-08-14T00:00:00,TRAFFIC_BLOCK,300,COMPLETED
TASK-03291,AST-310,,DEP-001,SEC-003,PREVENTIVE,2024-07-03T00:00:00,2024-07-03T05:00:00,2024-07-18T00:00:00,TRAFFIC_BLOCK,300,COMPLETED
TASK-03292,AST-310,,DEP-001,SEC-003,PREVENTIVE,2025-07-03T00:00:00,2025-07-03T05:00:00,2025-07-18T00:00:00,TRAFFIC_BLOCK,300,COMPLETED
TASK-03293,AST-310,,DEP-001,SEC-003,PREVENTIVE,2026-07-03T00:00:00,2026-07-03T05:00:00,2026-07-18T00:00:00,TRAFFIC_BLOCK,300,COMPLETED
TASK-03324,AST-314,,DEP-001,SEC-006,PREVENTIVE,2023-10-25T00:00:00,2023-10-25T05:00:00,2023-11-09T00:00:00,TRAFFIC_BLOCK,300,COMPLETED
TASK-03325,AST-314,,DEP-001,SEC-006,PREVENTIVE,2024-10-24T00:00:00,2024-10-24T05:00:00,2024-11-08T00:00:00,TRAFFIC_BLOCK,300,COMPLETED
TASK-03326,AST-314,,DEP-001,SEC-006,PREVENTIVE,2025-10-24T00:00:00,2025-10-24T05:00:00,2025-11-08T00:00:00,TRAFFIC_BLOCK,300,COMPLETED
TASK-03351,AST-317,,DEP-001,SEC-002,PREVENTIVE,2023-12-17T00:00:00,2023-12-17T05:00:00,2024-01-01T00:00:00,TRAFFIC_BLOCK,300,COMPLETED
TASK-03352,AST-317,,DEP-001,SEC-002,PREVENTIVE,2024-12-16T00:00:00,2024-12-16T05:00:00,2024-12-31T00:00:00,TRAFFIC_BLOCK,300,COMPLETED
TASK-03353,AST-317,,DEP-001,SEC-002,PREVENTIVE,2025-12-16T00:00:00,2025-12-16T05:00:00,2025-12-31T00:00:00,TRAFFIC_BLOCK,300,COMPLETED
TASK-03354,AST-318,,DEP-001,SEC-001,PREVENTIVE,2024-07-08T00:00:00,2024-07-08T05:00:00,2024-07-23T00:00:00,TRAFFIC_BLOCK,300,COMPLETED
TASK-03355,AST-318,,DEP-001,SEC-001,PREVENTIVE,2025-07-08T00:00:00,2025-07-08T05:00:00,2025-07-23T00:00:00,TRAFFIC_BLOCK,300,COMPLETED
TASK-03356,AST-318,,DEP-001,SEC-001,PREVENTIVE,2026-07-08T00:00:00,2026-07-08T05:00:00,2026-07-23T00:00:00,TRAFFIC_BLOCK,300,COMPLETED
TASK-03393,AST-323,,DEP-001,SEC-005,PREVENTIVE,2024-03-14T00:00:00,2024-03-14T05:00:00,2024-03-29T00:00:00,TRAFFIC_BLOCK,300,COMPLETED
TASK-03394,AST-323,,DEP-001,SEC-005,PREVENTIVE,2025-03-14T00:00:00,2025-03-14T05:00:00,2025-03-29T00:00:00,TRAFFIC_BLOCK,300,COMPLETED
TASK-03395,AST-323,,DEP-001,SEC-005,PREVENTIVE,2026-03-14T00:00:00,2026-03-14T05:00:00,2026-03-29T00:00:00,TRAFFIC_BLOCK,300,COMPLETED
TASK-03450,AST-330,,DEP-001,SEC-003,PREVENTIVE,2024-07-02T00:00:00,2024-07-02T05:00:00,2024-07-17T00:00:00,TRAFFIC_BLOCK,300,COMPLETED
TASK-03451,AST-330,,DEP-001,SEC-003,PREVENTIVE,2025-07-02T00:00:00,2025-07-02T05:00:00,2025-07-17T00:00:00,TRAFFIC_BLOCK,300,COMPLETED
TASK-03452,AST-330,,DEP-001,SEC-003,PREVENTIVE,2026-07-02T00:00:00,2026-07-02T05:00:00,2026-07-17T00:00:00,TRAFFIC_BLOCK,300,COMPLETED
TASK-03453,AST-331,,DEP-001,SEC-001,PREVENTIVE,2024-01-31T00:00:00,2024-01-31T05:00:00,2024-02-15T00:00:00,TRAFFIC_BLOCK,300,COMPLETED
TASK-03454,AST-331,,DEP-001,SEC-001,PREVENTIVE,2025-01-30T00:00:00,2025-01-30T05:00:00,2025-02-14T00:00:00,TRAFFIC_BLOCK,300,COMPLETED
TASK-03455,AST-331,,DEP-001,SEC-001,PREVENTIVE,2026-01-30T00:00:00,2026-01-30T05:00:00,2026-02-14T00:00:00,TRAFFIC_BLOCK,300,COMPLETED
TASK-03474,AST-334,,DEP-001,SEC-001,PREVENTIVE,2024-06-17T00:00:00,2024-06-17T05:00:00,2024-07-02T00:00:00,TRAFFIC_BLOCK,300,COMPLETED
TASK-03475,AST-334,,DEP-001,SEC-001,PREVENTIVE,2025-06-17T00:00:00,2025-06-17T05:00:00,2025-07-02T00:00:00,TRAFFIC_BLOCK,300,COMPLETED
TASK-03476,AST-334,,DEP-001,SEC-001,PREVENTIVE,2026-06-17T00:00:00,2026-06-17T05:00:00,2026-07-02T00:00:00,TRAFFIC_BLOCK,300,COMPLETED
TASK-03477,AST-335,,DEP-001,SEC-002,PREVENTIVE,2023-08-21T00:00:00,2023-08-21T05:00:00,2023-09-05T00:00:00,TRAFFIC_BLOCK,300,COMPLETED
TASK-03478,AST-335,,DEP-001,SEC-002,PREVENTIVE,2024-08-20T00:00:00,2024-08-20T05:00:00,2024-09-04T00:00:00,TRAFFIC_BLOCK,300,COMPLETED
TASK-03479,AST-335,,DEP-001,SEC-002,PREVENTIVE,2025-08-20T00:00:00,2025-08-20T05:00:00,2025-09-04T00:00:00,TRAFFIC_BLOCK,300,COMPLETED
TASK-03492,AST-337,,DEP-001,SEC-001,PREVENTIVE,2024-07-03T00:00:00,2024-07-03T05:00:00,2024-07-18T00:00:00,TRAFFIC_BLOCK,300,COMPLETED
TASK-03493,AST-337,,DEP-001,SEC-001,PREVENTIVE,2025-07-03T00:00:00,2025-07-03T05:00:00,2025-07-18T00:00:00,TRAFFIC_BLOCK,300,COMPLETED
TASK-03494,AST-337,,DEP-001,SEC-001,PREVENTIVE,2026-07-03T00:00:00,2026-07-03T05:00:00,2026-07-18T00:00:00,TRAFFIC_BLOCK,300,COMPLETED
TASK-03507,AST-339,,DEP-001,SEC-001,PREVENTIVE,2023-10-27T00:00:00,2023-10-27T05:00:00,2023-11-11T00:00:00,TRAFFIC_BLOCK,300,COMPLETED
TASK-03508,AST-339,,DEP-001,SEC-001,PREVENTIVE,2024-10-26T00:00:00,2024-10-26T05:00:00,2024-11-10T00:00:00,TRAFFIC_BLOCK,300,COMPLETED
TASK-03509,AST-339,,DEP-001,SEC-001,PREVENTIVE,2025-10-26T00:00:00,2025-10-26T05:00:00,2025-11-10T00:00:00,TRAFFIC_BLOCK,300,COMPLETED
TASK-03546,AST-343,,DEP-001,SEC-002,PREVENTIVE,2024-02-02T00:00:00,2024-02-02T05:00:00,2024-02-17T00:00:00,TRAFFIC_BLOCK,300,COMPLETED
TASK-03547,AST-343,,DEP-001,SEC-002,PREVENTIVE,2025-02-01T00:00:00,2025-02-01T05:00:00,2025-02-16T00:00:00,TRAFFIC_BLOCK,300,COMPLETED
TASK-03548,AST-343,,DEP-001,SEC-002,PREVENTIVE,2026-02-01T00:00:00,2026-02-01T05:00:00,2026-02-16T00:00:00,TRAFFIC_BLOCK,300,COMPLETED
TASK-03573,AST-346,,DEP-001,SEC-003,PREVENTIVE,2023-09-27T00:00:00,2023-09-27T05:00:00,2023-10-12T00:00:00,TRAFFIC_BLOCK,300,COMPLETED
TASK-03574,AST-346,,DEP-001,SEC-003,PREVENTIVE,2024-09-26T00:00:00,2024-09-26T05:00:00,2024-10-11T00:00:00,TRAFFIC_BLOCK,300,COMPLETED
TASK-03575,AST-346,,DEP-001,SEC-003,PREVENTIVE,2025-09-26T00:00:00,2025-09-26T05:00:00,2025-10-11T00:00:00,TRAFFIC_BLOCK,300,COMPLETED
TASK-03576,AST-347,,DEP-001,SEC-003,PREVENTIVE,2024-06-22T00:00:00,2024-06-22T05:00:00,2024-07-07T00:00:00,TRAFFIC_BLOCK,300,COMPLETED
TASK-03577,AST-347,,DEP-001,SEC-003,PREVENTIVE,2025-06-22T00:00:00,2025-06-22T05:00:00,2025-07-07T00:00:00,TRAFFIC_BLOCK,300,COMPLETED
TASK-03578,AST-347,,DEP-001,SEC-003,PREVENTIVE,2026-06-22T00:00:00,2026-06-22T05:00:00,2026-07-07T00:00:00,TRAFFIC_BLOCK,300,COMPLETED
TASK-03591,AST-349,,DEP-001,SEC-006,PREVENTIVE,2023-09-10T00:00:00,2023-09-10T05:00:00,2023-09-25T00:00:00,TRAFFIC_BLOCK,300,COMPLETED
TASK-03592,AST-349,,DEP-001,SEC-006,PREVENTIVE,2024-09-09T00:00:00,2024-09-09T05:00:00,2024-09-24T00:00:00,TRAFFIC_BLOCK,300,COMPLETED
TASK-03593,AST-349,,DEP-001,SEC-006,PREVENTIVE,2025-09-09T00:00:00,2025-09-09T05:00:00,2025-09-24T00:00:00,TRAFFIC_BLOCK,300,COMPLETED
TASK-03606,AST-351,,DEP-001,SEC-001,PREVENTIVE,2024-05-30T00:00:00,2024-05-30T05:00:00,2024-06-14T00:00:00,TRAFFIC_BLOCK,300,COMPLETED
TASK-03607,AST-351,,DEP-001,SEC-001,PREVENTIVE,2025-05-30T00:00:00,2025-05-30T05:00:00,2025-06-14T00:00:00,TRAFFIC_BLOCK,300,COMPLETED
TASK-03608,AST-351,,DEP-001,SEC-001,PREVENTIVE,2026-05-30T00:00:00,2026-05-30T05:00:00,2026-06-14T00:00:00,TRAFFIC_BLOCK,300,COMPLETED
TASK-03615,AST-353,,DEP-001,SEC-003,PREVENTIVE,2024-01-26T00:00:00,2024-01-26T05:00:00,2024-02-10T00:00:00,TRAFFIC_BLOCK,300,COMPLETED
TASK-03616,AST-353,,DEP-001,SEC-003,PREVENTIVE,2025-01-25T00:00:00,2025-01-25T05:00:00,2025-02-09T00:00:00,TRAFFIC_BLOCK,300,COMPLETED
TASK-03617,AST-353,,DEP-001,SEC-003,PREVENTIVE,2026-01-25T00:00:00,2026-01-25T05:00:00,2026-02-09T00:00:00,TRAFFIC_BLOCK,300,COMPLETED
TASK-03618,AST-354,,DEP-001,SEC-001,PREVENTIVE,2024-06-16T00:00:00,2024-06-16T05:00:00,2024-07-01T00:00:00,TRAFFIC_BLOCK,300,COMPLETED
TASK-03619,AST-354,,DEP-001,SEC-001,PREVENTIVE,2025-06-16T00:00:00,2025-06-16T05:00:00,2025-07-01T00:00:00,TRAFFIC_BLOCK,300,COMPLETED
TASK-03620,AST-354,,DEP-001,SEC-001,PREVENTIVE,2026-06-16T00:00:00,2026-06-16T05:00:00,2026-07-01T00:00:00,TRAFFIC_BLOCK,300,COMPLETED
TASK-03621,AST-355,,DEP-001,SEC-004,PREVENTIVE,2024-01-12T00:00:00,2024-01-12T05:00:00,2024-01-27T00:00:00,TRAFFIC_BLOCK,300,COMPLETED
TASK-03622,AST-355,,DEP-001,SEC-004,PREVENTIVE,2025-01-11T00:00:00,2025-01-11T05:00:00,2025-01-26T00:00:00,TRAFFIC_BLOCK,300,COMPLETED
TASK-03623,AST-355,,DEP-001,SEC-004,PREVENTIVE,2026-01-11T00:00:00,2026-01-11T05:00:00,2026-01-26T00:00:00,TRAFFIC_BLOCK,300,COMPLETED
TASK-03672,AST-360,,DEP-001,SEC-005,PREVENTIVE,2023-09-29T00:00:00,2023-09-29T05:00:00,2023-10-14T00:00:00,TRAFFIC_BLOCK,300,COMPLETED
TASK-03673,AST-360,,DEP-001,SEC-005,PREVENTIVE,2024-09-28T00:00:00,2024-09-28T05:00:00,2024-10-13T00:00:00,TRAFFIC_BLOCK,300,COMPLETED
TASK-03674,AST-360,,DEP-001,SEC-005,PREVENTIVE,2025-09-28T00:00:00,2025-09-28T05:00:00,2025-10-13T00:00:00,TRAFFIC_BLOCK,300,COMPLETED
TASK-03735,AST-367,,DEP-001,SEC-006,PREVENTIVE,2024-01-25T00:00:00,2024-01-25T05:00:00,2024-02-09T00:00:00,TRAFFIC_BLOCK,300,COMPLETED
TASK-03736,AST-367,,DEP-001,SEC-006,PREVENTIVE,2025-01-24T00:00:00,2025-01-24T05:00:00,2025-02-08T00:00:00,TRAFFIC_BLOCK,300,COMPLETED
TASK-03737,AST-367,,DEP-001,SEC-006,PREVENTIVE,2026-01-24T00:00:00,2026-01-24T05:00:00,2026-02-08T00:00:00,TRAFFIC_BLOCK,300,COMPLETED
TASK-03738,AST-368,,DEP-001,SEC-005,PREVENTIVE,2024-05-09T00:00:00,2024-05-09T05:00:00,2024-05-24T00:00:00,TRAFFIC_BLOCK,300,COMPLETED
TASK-03739,AST-368,,DEP-001,SEC-005,PREVENTIVE,2025-05-09T00:00:00,2025-05-09T05:00:00,2025-05-24T00:00:00,TRAFFIC_BLOCK,300,COMPLETED
TASK-03740,AST-368,,DEP-001,SEC-005,PREVENTIVE,2026-05-09T00:00:00,2026-05-09T05:00:00,2026-05-24T00:00:00,TRAFFIC_BLOCK,300,COMPLETED
TASK-03741,AST-369,,DEP-001,SEC-002,PREVENTIVE,2023-12-07T00:00:00,2023-12-07T05:00:00,2023-12-22T00:00:00,TRAFFIC_BLOCK,300,COMPLETED
TASK-03742,AST-369,,DEP-001,SEC-002,PREVENTIVE,2024-12-06T00:00:00,2024-12-06T05:00:00,2024-12-21T00:00:00,TRAFFIC_BLOCK,300,COMPLETED
TASK-03743,AST-369,,DEP-001,SEC-002,PREVENTIVE,2025-12-06T00:00:00,2025-12-06T05:00:00,2025-12-21T00:00:00,TRAFFIC_BLOCK,300,COMPLETED
TASK-03756,AST-371,,DEP-001,SEC-006,PREVENTIVE,2024-01-22T00:00:00,2024-01-22T05:00:00,2024-02-06T00:00:00,TRAFFIC_BLOCK,300,COMPLETED
TASK-03757,AST-371,,DEP-001,SEC-006,PREVENTIVE,2025-01-21T00:00:00,2025-01-21T05:00:00,2025-02-05T00:00:00,TRAFFIC_BLOCK,300,COMPLETED
TASK-03758,AST-371,,DEP-001,SEC-006,PREVENTIVE,2026-01-21T00:00:00,2026-01-21T05:00:00,2026-02-05T00:00:00,TRAFFIC_BLOCK,300,COMPLETED
TASK-03759,AST-372,,DEP-001,SEC-002,PREVENTIVE,2024-01-10T00:00:00,2024-01-10T05:00:00,2024-01-25T00:00:00,TRAFFIC_BLOCK,300,COMPLETED
TASK-03760,AST-372,,DEP-001,SEC-002,PREVENTIVE,2025-01-09T00:00:00,2025-01-09T05:00:00,2025-01-24T00:00:00,TRAFFIC_BLOCK,300,COMPLETED
TASK-03761,AST-372,,DEP-001,SEC-002,PREVENTIVE,2026-01-09T00:00:00,2026-01-09T05:00:00,2026-01-24T00:00:00,TRAFFIC_BLOCK,300,COMPLETED
TASK-03792,AST-376,,DEP-001,SEC-005,PREVENTIVE,2023-09-06T00:00:00,2023-09-06T05:00:00,2023-09-21T00:00:00,TRAFFIC_BLOCK,300,COMPLETED
TASK-03793,AST-376,,DEP-001,SEC-005,PREVENTIVE,2024-09-05T00:00:00,2024-09-05T05:00:00,2024-09-20T00:00:00,TRAFFIC_BLOCK,300,COMPLETED
TASK-03794,AST-376,,DEP-001,SEC-005,PREVENTIVE,2025-09-05T00:00:00,2025-09-05T05:00:00,2025-09-20T00:00:00,TRAFFIC_BLOCK,300,COMPLETED
TASK-03813,AST-379,,DEP-001,SEC-006,PREVENTIVE,2024-01-24T00:00:00,2024-01-24T05:00:00,2024-02-08T00:00:00,TRAFFIC_BLOCK,300,COMPLETED
TASK-03814,AST-379,,DEP-001,SEC-006,PREVENTIVE,2025-01-23T00:00:00,2025-01-23T05:00:00,2025-02-07T00:00:00,TRAFFIC_BLOCK,300,COMPLETED
TASK-03815,AST-379,,DEP-001,SEC-006,PREVENTIVE,2026-01-23T00:00:00,2026-01-23T05:00:00,2026-02-07T00:00:00,TRAFFIC_BLOCK,300,COMPLETED
TASK-03840,AST-382,,DEP-001,SEC-002,PREVENTIVE,2024-03-16T00:00:00,2024-03-16T05:00:00,2024-03-31T00:00:00,TRAFFIC_BLOCK,300,COMPLETED
TASK-03841,AST-382,,DEP-001,SEC-002,PREVENTIVE,2025-03-16T00:00:00,2025-03-16T05:00:00,2025-03-31T00:00:00,TRAFFIC_BLOCK,300,COMPLETED
TASK-03842,AST-382,,DEP-001,SEC-002,PREVENTIVE,2026-03-16T00:00:00,2026-03-16T05:00:00,2026-03-31T00:00:00,TRAFFIC_BLOCK,300,COMPLETED
TASK-03849,AST-384,,DEP-001,SEC-003,PREVENTIVE,2024-01-30T00:00:00,2024-01-30T05:00:00,2024-02-14T00:00:00,TRAFFIC_BLOCK,300,COMPLETED
TASK-03850,AST-384,,DEP-001,SEC-003,PREVENTIVE,2025-01-29T00:00:00,2025-01-29T05:00:00,2025-02-13T00:00:00,TRAFFIC_BLOCK,300,COMPLETED
TASK-03851,AST-384,,DEP-001,SEC-003,PREVENTIVE,2026-01-29T00:00:00,2026-01-29T05:00:00,2026-02-13T00:00:00,TRAFFIC_BLOCK,300,COMPLETED
TASK-03876,AST-388,,DEP-001,SEC-005,PREVENTIVE,2023-10-22T00:00:00,2023-10-22T05:00:00,2023-11-06T00:00:00,TRAFFIC_BLOCK,300,COMPLETED
TASK-03877,AST-388,,DEP-001,SEC-005,PREVENTIVE,2024-10-21T00:00:00,2024-10-21T05:00:00,2024-11-05T00:00:00,TRAFFIC_BLOCK,300,COMPLETED
TASK-03878,AST-388,,DEP-001,SEC-005,PREVENTIVE,2025-10-21T00:00:00,2025-10-21T05:00:00,2025-11-05T00:00:00,TRAFFIC_BLOCK,300,COMPLETED
TASK-03879,AST-389,,DEP-001,SEC-006,PREVENTIVE,2024-01-18T00:00:00,2024-01-18T05:00:00,2024-02-02T00:00:00,TRAFFIC_BLOCK,300,COMPLETED
TASK-03880,AST-389,,DEP-001,SEC-006,PREVENTIVE,2025-01-17T00:00:00,2025-01-17T05:00:00,2025-02-01T00:00:00,TRAFFIC_BLOCK,300,COMPLETED
TASK-03881,AST-389,,DEP-001,SEC-006,PREVENTIVE,2026-01-17T00:00:00,2026-01-17T05:00:00,2026-02-01T00:00:00,TRAFFIC_BLOCK,300,COMPLETED
TASK-03895,AST-391,,DEP-001,SEC-004,PREVENTIVE,2024-02-24T00:00:00,2024-02-24T05:00:00,2024-03-10T00:00:00,TRAFFIC_BLOCK,300,COMPLETED
TASK-03896,AST-391,,DEP-001,SEC-004,PREVENTIVE,2025-02-23T00:00:00,2025-02-23T05:00:00,2025-03-10T00:00:00,TRAFFIC_BLOCK,300,COMPLETED
TASK-03897,AST-391,,DEP-001,SEC-004,PREVENTIVE,2026-02-23T00:00:00,2026-02-23T05:00:00,2026-03-10T00:00:00,TRAFFIC_BLOCK,300,COMPLETED
TASK-03922,AST-394,,DEP-001,SEC-006,PREVENTIVE,2024-01-07T00:00:00,2024-01-07T05:00:00,2024-01-22T00:00:00,TRAFFIC_BLOCK,300,COMPLETED
TASK-03923,AST-394,,DEP-001,SEC-006,PREVENTIVE,2025-01-06T00:00:00,2025-01-06T05:00:00,2025-01-21T00:00:00,TRAFFIC_BLOCK,300,COMPLETED
TASK-03924,AST-394,,DEP-001,SEC-006,PREVENTIVE,2026-01-06T00:00:00,2026-01-06T05:00:00,2026-01-21T00:00:00,TRAFFIC_BLOCK,300,COMPLETED
TASK-03931,AST-396,,DEP-001,SEC-001,PREVENTIVE,2024-01-12T00:00:00,2024-01-12T05:00:00,2024-01-27T00:00:00,TRAFFIC_BLOCK,300,COMPLETED
TASK-03932,AST-396,,DEP-001,SEC-001,PREVENTIVE,2025-01-11T00:00:00,2025-01-11T05:00:00,2025-01-26T00:00:00,TRAFFIC_BLOCK,300,COMPLETED
TASK-03933,AST-396,,DEP-001,SEC-001,PREVENTIVE,2026-01-11T00:00:00,2026-01-11T05:00:00,2026-01-26T00:00:00,TRAFFIC_BLOCK,300,COMPLETED
TASK-03934,AST-397,,DEP-001,SEC-003,PREVENTIVE,2024-07-14T00:00:00,2024-07-14T05:00:00,2024-07-29T00:00:00,TRAFFIC_BLOCK,300,COMPLETED
TASK-03935,AST-397,,DEP-001,SEC-003,PREVENTIVE,2025-07-14T00:00:00,2025-07-14T05:00:00,2025-07-29T00:00:00,TRAFFIC_BLOCK,300,COMPLETED
TASK-03936,AST-397,,DEP-001,SEC-003,PREVENTIVE,2026-07-14T00:00:00,2026-07-14T05:00:00,2026-07-29T00:00:00,TRAFFIC_BLOCK,300,COMPLETED
TASK-03949,AST-399,,DEP-001,SEC-004,PREVENTIVE,2024-03-23T00:00:00,2024-03-23T05:00:00,2024-04-07T00:00:00,TRAFFIC_BLOCK,300,COMPLETED
TASK-03950,AST-399,,DEP-001,SEC-004,PREVENTIVE,2025-03-23T00:00:00,2025-03-23T05:00:00,2025-04-07T00:00:00,TRAFFIC_BLOCK,300,COMPLETED
TASK-03951,AST-399,,DEP-001,SEC-004,PREVENTIVE,2026-03-23T00:00:00,2026-03-23T05:00:00,2026-04-07T00:00:00,TRAFFIC_BLOCK,300,COMPLETED
TASK-03976,AST-402,,DEP-001,SEC-005,PREVENTIVE,2024-02-11T00:00:00,2024-02-11T05:00:00,2024-02-26T00:00:00,TRAFFIC_BLOCK,300,COMPLETED
TASK-03977,AST-402,,DEP-001,SEC-005,PREVENTIVE,2025-02-10T00:00:00,2025-02-10T05:00:00,2025-02-25T00:00:00,TRAFFIC_BLOCK,300,COMPLETED
TASK-03978,AST-402,,DEP-001,SEC-005,PREVENTIVE,2026-02-10T00:00:00,2026-02-10T05:00:00,2026-02-25T00:00:00,TRAFFIC_BLOCK,300,COMPLETED
TASK-04003,AST-405,,DEP-001,SEC-001,PREVENTIVE,2023-09-06T00:00:00,2023-09-06T05:00:00,2023-09-21T00:00:00,TRAFFIC_BLOCK,300,COMPLETED
TASK-04004,AST-405,,DEP-001,SEC-001,PREVENTIVE,2024-09-05T00:00:00,2024-09-05T05:00:00,2024-09-20T00:00:00,TRAFFIC_BLOCK,300,COMPLETED
TASK-04005,AST-405,,DEP-001,SEC-001,PREVENTIVE,2025-09-05T00:00:00,2025-09-05T05:00:00,2025-09-20T00:00:00,TRAFFIC_BLOCK,300,COMPLETED
TASK-04006,AST-406,,DEP-001,SEC-001,PREVENTIVE,2023-11-10T00:00:00,2023-11-10T05:00:00,2023-11-25T00:00:00,TRAFFIC_BLOCK,300,COMPLETED
TASK-04007,AST-406,,DEP-001,SEC-001,PREVENTIVE,2024-11-09T00:00:00,2024-11-09T05:00:00,2024-11-24T00:00:00,TRAFFIC_BLOCK,300,COMPLETED
TASK-04008,AST-406,,DEP-001,SEC-001,PREVENTIVE,2025-11-09T00:00:00,2025-11-09T05:00:00,2025-11-24T00:00:00,TRAFFIC_BLOCK,300,COMPLETED
TASK-04015,AST-408,,DEP-001,SEC-004,PREVENTIVE,2024-01-01T00:00:00,2024-01-01T05:00:00,2024-01-16T00:00:00,TRAFFIC_BLOCK,300,COMPLETED
TASK-04016,AST-408,,DEP-001,SEC-004,PREVENTIVE,2024-12-31T00:00:00,2024-12-31T05:00:00,2025-01-15T00:00:00,TRAFFIC_BLOCK,300,COMPLETED
TASK-04017,AST-408,,DEP-001,SEC-004,PREVENTIVE,2025-12-31T00:00:00,2025-12-31T05:00:00,2026-01-15T00:00:00,TRAFFIC_BLOCK,300,COMPLETED
TASK-04042,AST-411,,DEP-001,SEC-005,PREVENTIVE,2024-07-26T00:00:00,2024-07-26T05:00:00,2024-08-10T00:00:00,TRAFFIC_BLOCK,300,COMPLETED
TASK-04043,AST-411,,DEP-001,SEC-005,PREVENTIVE,2025-07-26T00:00:00,2025-07-26T05:00:00,2025-08-10T00:00:00,TRAFFIC_BLOCK,300,COMPLETED
TASK-04044,AST-411,,DEP-001,SEC-005,PREVENTIVE,2026-07-26T00:00:00,2026-07-26T05:00:00,2026-08-10T00:00:00,TRAFFIC_BLOCK,300,COMPLETED
TASK-04051,AST-413,,DEP-001,SEC-005,PREVENTIVE,2024-06-14T00:00:00,2024-06-14T05:00:00,2024-06-29T00:00:00,TRAFFIC_BLOCK,300,COMPLETED
TASK-04052,AST-413,,DEP-001,SEC-005,PREVENTIVE,2025-06-14T00:00:00,2025-06-14T05:00:00,2025-06-29T00:00:00,TRAFFIC_BLOCK,300,COMPLETED
TASK-04053,AST-413,,DEP-001,SEC-005,PREVENTIVE,2026-06-14T00:00:00,2026-06-14T05:00:00,2026-06-29T00:00:00,TRAFFIC_BLOCK,300,COMPLETED
TASK-04066,AST-415,,DEP-001,SEC-004,PREVENTIVE,2023-10-20T00:00:00,2023-10-20T05:00:00,2023-11-04T00:00:00,TRAFFIC_BLOCK,300,COMPLETED
TASK-04067,AST-415,,DEP-001,SEC-004,PREVENTIVE,2024-10-19T00:00:00,2024-10-19T05:00:00,2024-11-03T00:00:00,TRAFFIC_BLOCK,300,COMPLETED
TASK-04068,AST-415,,DEP-001,SEC-004,PREVENTIVE,2025-10-19T00:00:00,2025-10-19T05:00:00,2025-11-03T00:00:00,TRAFFIC_BLOCK,300,COMPLETED
TASK-04105,AST-420,,DEP-001,SEC-002,PREVENTIVE,2024-03-15T00:00:00,2024-03-15T05:00:00,2024-03-30T00:00:00,TRAFFIC_BLOCK,300,COMPLETED
TASK-04106,AST-420,,DEP-001,SEC-002,PREVENTIVE,2025-03-15T00:00:00,2025-03-15T05:00:00,2025-03-30T00:00:00,TRAFFIC_BLOCK,300,COMPLETED
TASK-04107,AST-420,,DEP-001,SEC-002,PREVENTIVE,2026-03-15T00:00:00,2026-03-15T05:00:00,2026-03-30T00:00:00,TRAFFIC_BLOCK,300,COMPLETED
TASK-04126,AST-423,,DEP-001,SEC-005,PREVENTIVE,2024-05-28T00:00:00,2024-05-28T05:00:00,2024-06-12T00:00:00,TRAFFIC_BLOCK,300,COMPLETED
TASK-04127,AST-423,,DEP-001,SEC-005,PREVENTIVE,2025-05-28T00:00:00,2025-05-28T05:00:00,2025-06-12T00:00:00,TRAFFIC_BLOCK,300,COMPLETED
TASK-04128,AST-423,,DEP-001,SEC-005,PREVENTIVE,2026-05-28T00:00:00,2026-05-28T05:00:00,2026-06-12T00:00:00,TRAFFIC_BLOCK,300,COMPLETED
TASK-04165,AST-428,,DEP-001,SEC-003,PREVENTIVE,2024-01-25T00:00:00,2024-01-25T05:00:00,2024-02-09T00:00:00,TRAFFIC_BLOCK,300,COMPLETED
TASK-04166,AST-428,,DEP-001,SEC-003,PREVENTIVE,2025-01-24T00:00:00,2025-01-24T05:00:00,2025-02-08T00:00:00,TRAFFIC_BLOCK,300,COMPLETED
TASK-04167,AST-428,,DEP-001,SEC-003,PREVENTIVE,2026-01-24T00:00:00,2026-01-24T05:00:00,2026-02-08T00:00:00,TRAFFIC_BLOCK,300,COMPLETED
TASK-04192,AST-431,,DEP-001,SEC-003,PREVENTIVE,2023-09-01T00:00:00,2023-09-01T05:00:00,2023-09-16T00:00:00,TRAFFIC_BLOCK,300,COMPLETED
TASK-04193,AST-431,,DEP-001,SEC-003,PREVENTIVE,2024-08-31T00:00:00,2024-08-31T05:00:00,2024-09-15T00:00:00,TRAFFIC_BLOCK,300,COMPLETED
TASK-04194,AST-431,,DEP-001,SEC-003,PREVENTIVE,2025-08-31T00:00:00,2025-08-31T05:00:00,2025-09-15T00:00:00,TRAFFIC_BLOCK,300,COMPLETED
TASK-04195,AST-432,,DEP-001,SEC-006,PREVENTIVE,2024-01-06T00:00:00,2024-01-06T05:00:00,2024-01-21T00:00:00,TRAFFIC_BLOCK,300,COMPLETED
TASK-04196,AST-432,,DEP-001,SEC-006,PREVENTIVE,2025-01-05T00:00:00,2025-01-05T05:00:00,2025-01-20T00:00:00,TRAFFIC_BLOCK,300,COMPLETED
TASK-04197,AST-432,,DEP-001,SEC-006,PREVENTIVE,2026-01-05T00:00:00,2026-01-05T05:00:00,2026-01-20T00:00:00,TRAFFIC_BLOCK,300,COMPLETED
TASK-04210,AST-434,,DEP-001,SEC-002,PREVENTIVE,2023-10-08T00:00:00,2023-10-08T05:00:00,2023-10-23T00:00:00,TRAFFIC_BLOCK,300,COMPLETED
TASK-04211,AST-434,,DEP-001,SEC-002,PREVENTIVE,2024-10-07T00:00:00,2024-10-07T05:00:00,2024-10-22T00:00:00,TRAFFIC_BLOCK,300,COMPLETED
TASK-04212,AST-434,,DEP-001,SEC-002,PREVENTIVE,2025-10-07T00:00:00,2025-10-07T05:00:00,2025-10-22T00:00:00,TRAFFIC_BLOCK,300,COMPLETED
TASK-04225,AST-436,,DEP-001,SEC-001,PREVENTIVE,2024-05-14T00:00:00,2024-05-14T05:00:00,2024-05-29T00:00:00,TRAFFIC_BLOCK,300,COMPLETED
TASK-04226,AST-436,,DEP-001,SEC-001,PREVENTIVE,2025-05-14T00:00:00,2025-05-14T05:00:00,2025-05-29T00:00:00,TRAFFIC_BLOCK,300,COMPLETED
TASK-04227,AST-436,,DEP-001,SEC-001,PREVENTIVE,2026-05-14T00:00:00,2026-05-14T05:00:00,2026-05-29T00:00:00,TRAFFIC_BLOCK,300,COMPLETED
TASK-04258,AST-440,,DEP-001,SEC-006,PREVENTIVE,2024-01-09T00:00:00,2024-01-09T05:00:00,2024-01-24T00:00:00,TRAFFIC_BLOCK,300,COMPLETED
TASK-04259,AST-440,,DEP-001,SEC-006,PREVENTIVE,2025-01-08T00:00:00,2025-01-08T05:00:00,2025-01-23T00:00:00,TRAFFIC_BLOCK,300,COMPLETED
TASK-04260,AST-440,,DEP-001,SEC-006,PREVENTIVE,2026-01-08T00:00:00,2026-01-08T05:00:00,2026-01-23T00:00:00,TRAFFIC_BLOCK,300,COMPLETED
TASK-04285,AST-444,,DEP-001,SEC-003,PREVENTIVE,2024-07-08T00:00:00,2024-07-08T05:00:00,2024-07-23T00:00:00,TRAFFIC_BLOCK,300,COMPLETED
TASK-04286,AST-444,,DEP-001,SEC-003,PREVENTIVE,2025-07-08T00:00:00,2025-07-08T05:00:00,2025-07-23T00:00:00,TRAFFIC_BLOCK,300,COMPLETED
TASK-04287,AST-444,,DEP-001,SEC-003,PREVENTIVE,2026-07-08T00:00:00,2026-07-08T05:00:00,2026-07-23T00:00:00,TRAFFIC_BLOCK,300,COMPLETED
TASK-04300,AST-446,,DEP-001,SEC-003,PREVENTIVE,2024-02-16T00:00:00,2024-02-16T05:00:00,2024-03-02T00:00:00,TRAFFIC_BLOCK,300,COMPLETED
TASK-04301,AST-446,,DEP-001,SEC-003,PREVENTIVE,2025-02-15T00:00:00,2025-02-15T05:00:00,2025-03-02T00:00:00,TRAFFIC_BLOCK,300,COMPLETED
TASK-04302,AST-446,,DEP-001,SEC-003,PREVENTIVE,2026-02-15T00:00:00,2026-02-15T05:00:00,2026-03-02T00:00:00,TRAFFIC_BLOCK,300,COMPLETED
TASK-04315,AST-448,,DEP-001,SEC-002,PREVENTIVE,2024-05-14T00:00:00,2024-05-14T05:00:00,2024-05-29T00:00:00,TRAFFIC_BLOCK,300,COMPLETED
TASK-04316,AST-448,,DEP-001,SEC-002,PREVENTIVE,2025-05-14T00:00:00,2025-05-14T05:00:00,2025-05-29T00:00:00,TRAFFIC_BLOCK,300,COMPLETED
TASK-04317,AST-448,,DEP-001,SEC-002,PREVENTIVE,2026-05-14T00:00:00,2026-05-14T05:00:00,2026-05-29T00:00:00,TRAFFIC_BLOCK,300,COMPLETED
TASK-04336,AST-451,,DEP-001,SEC-001,PREVENTIVE,2024-04-10T00:00:00,2024-04-10T05:00:00,2024-04-25T00:00:00,TRAFFIC_BLOCK,300,COMPLETED
TASK-04337,AST-451,,DEP-001,SEC-001,PREVENTIVE,2025-04-10T00:00:00,2025-04-10T05:00:00,2025-04-25T00:00:00,TRAFFIC_BLOCK,300,COMPLETED
TASK-04338,AST-451,,DEP-001,SEC-001,PREVENTIVE,2026-04-10T00:00:00,2026-04-10T05:00:00,2026-04-25T00:00:00,TRAFFIC_BLOCK,300,COMPLETED
TASK-04363,AST-454,,DEP-001,SEC-004,PREVENTIVE,2024-03-17T00:00:00,2024-03-17T05:00:00,2024-04-01T00:00:00,TRAFFIC_BLOCK,300,COMPLETED
TASK-04364,AST-454,,DEP-001,SEC-004,PREVENTIVE,2025-03-17T00:00:00,2025-03-17T05:00:00,2025-04-01T00:00:00,TRAFFIC_BLOCK,300,COMPLETED
TASK-04365,AST-454,,DEP-001,SEC-004,PREVENTIVE,2026-03-17T00:00:00,2026-03-17T05:00:00,2026-04-01T00:00:00,TRAFFIC_BLOCK,300,COMPLETED
TASK-04378,AST-456,,DEP-001,SEC-002,PREVENTIVE,2024-07-19T00:00:00,2024-07-19T05:00:00,2024-08-03T00:00:00,TRAFFIC_BLOCK,300,COMPLETED
TASK-04379,AST-456,,DEP-001,SEC-002,PREVENTIVE,2025-07-19T00:00:00,2025-07-19T05:00:00,2025-08-03T00:00:00,TRAFFIC_BLOCK,300,COMPLETED
TASK-04380,AST-456,,DEP-001,SEC-002,PREVENTIVE,2026-07-19T00:00:00,2026-07-19T05:00:00,2026-08-03T00:00:00,TRAFFIC_BLOCK,300,COMPLETED
TASK-04381,AST-457,,DEP-001,SEC-004,PREVENTIVE,2023-10-20T00:00:00,2023-10-20T05:00:00,2023-11-04T00:00:00,TRAFFIC_BLOCK,300,COMPLETED
TASK-04382,AST-457,,DEP-001,SEC-004,PREVENTIVE,2024-10-19T00:00:00,2024-10-19T05:00:00,2024-11-03T00:00:00,TRAFFIC_BLOCK,300,COMPLETED
TASK-04383,AST-457,,DEP-001,SEC-004,PREVENTIVE,2025-10-19T00:00:00,2025-10-19T05:00:00,2025-11-03T00:00:00,TRAFFIC_BLOCK,300,COMPLETED
TASK-04390,AST-459,,DEP-001,SEC-005,PREVENTIVE,2024-07-18T00:00:00,2024-07-18T05:00:00,2024-08-02T00:00:00,TRAFFIC_BLOCK,300,COMPLETED
TASK-04391,AST-459,,DEP-001,SEC-005,PREVENTIVE,2025-07-18T00:00:00,2025-07-18T05:00:00,2025-08-02T00:00:00,TRAFFIC_BLOCK,300,COMPLETED
TASK-04392,AST-459,,DEP-001,SEC-005,PREVENTIVE,2026-07-18T00:00:00,2026-07-18T05:00:00,2026-08-02T00:00:00,TRAFFIC_BLOCK,300,COMPLETED
TASK-04393,AST-460,,DEP-001,SEC-001,PREVENTIVE,2024-03-13T00:00:00,2024-03-13T05:00:00,2024-03-28T00:00:00,TRAFFIC_BLOCK,300,COMPLETED
TASK-04394,AST-460,,DEP-001,SEC-001,PREVENTIVE,2025-03-13T00:00:00,2025-03-13T05:00:00,2025-03-28T00:00:00,TRAFFIC_BLOCK,300,COMPLETED
TASK-04395,AST-460,,DEP-001,SEC-001,PREVENTIVE,2026-03-13T00:00:00,2026-03-13T05:00:00,2026-03-28T00:00:00,TRAFFIC_BLOCK,300,COMPLETED
TASK-04396,AST-461,,DEP-001,SEC-002,PREVENTIVE,2024-07-12T00:00:00,2024-07-12T05:00:00,2024-07-27T00:00:00,TRAFFIC_BLOCK,300,COMPLETED
TASK-04397,AST-461,,DEP-001,SEC-002,PREVENTIVE,2025-07-12T00:00:00,2025-07-12T05:00:00,2025-07-27T00:00:00,TRAFFIC_BLOCK,300,COMPLETED
TASK-04398,AST-461,,DEP-001,SEC-002,PREVENTIVE,2026-07-12T00:00:00,2026-07-12T05:00:00,2026-07-27T00:00:00,TRAFFIC_BLOCK,300,COMPLETED
TASK-04477,AST-471,,DEP-001,SEC-006,PREVENTIVE,2024-02-02T00:00:00,2024-02-02T05:00:00,2024-02-17T00:00:00,TRAFFIC_BLOCK,300,COMPLETED
TASK-04478,AST-471,,DEP-001,SEC-006,PREVENTIVE,2025-02-01T00:00:00,2025-02-01T05:00:00,2025-02-16T00:00:00,TRAFFIC_BLOCK,300,COMPLETED
TASK-04479,AST-471,,DEP-001,SEC-006,PREVENTIVE,2026-02-01T00:00:00,2026-02-01T05:00:00,2026-02-16T00:00:00,TRAFFIC_BLOCK,300,COMPLETED
TASK-04480,AST-472,,DEP-001,SEC-005,PREVENTIVE,2024-01-03T00:00:00,2024-01-03T05:00:00,2024-01-18T00:00:00,TRAFFIC_BLOCK,300,COMPLETED
TASK-04481,AST-472,,DEP-001,SEC-005,PREVENTIVE,2025-01-02T00:00:00,2025-01-02T05:00:00,2025-01-17T00:00:00,TRAFFIC_BLOCK,300,COMPLETED
TASK-04482,AST-472,,DEP-001,SEC-005,PREVENTIVE,2026-01-02T00:00:00,2026-01-02T05:00:00,2026-01-17T00:00:00,TRAFFIC_BLOCK,300,COMPLETED
TASK-04501,AST-475,,DEP-001,SEC-002,PREVENTIVE,2023-11-18T00:00:00,2023-11-18T05:00:00,2023-12-03T00:00:00,TRAFFIC_BLOCK,300,COMPLETED
TASK-04502,AST-475,,DEP-001,SEC-002,PREVENTIVE,2024-11-17T00:00:00,2024-11-17T05:00:00,2024-12-02T00:00:00,TRAFFIC_BLOCK,300,COMPLETED
TASK-04503,AST-475,,DEP-001,SEC-002,PREVENTIVE,2025-11-17T00:00:00,2025-11-17T05:00:00,2025-12-02T00:00:00,TRAFFIC_BLOCK,300,COMPLETED
TASK-04528,AST-479,,DEP-001,SEC-004,PREVENTIVE,2024-04-03T00:00:00,2024-04-03T05:00:00,2024-04-18T00:00:00,TRAFFIC_BLOCK,300,COMPLETED
TASK-04529,AST-479,,DEP-001,SEC-004,PREVENTIVE,2025-04-03T00:00:00,2025-04-03T05:00:00,2025-04-18T00:00:00,TRAFFIC_BLOCK,300,COMPLETED
TASK-04530,AST-479,,DEP-001,SEC-004,PREVENTIVE,2026-04-03T00:00:00,2026-04-03T05:00:00,2026-04-18T00:00:00,TRAFFIC_BLOCK,300,COMPLETED
TASK-04531,AST-480,,DEP-001,SEC-002,PREVENTIVE,2024-02-06T00:00:00,2024-02-06T05:00:00,2024-02-21T00:00:00,TRAFFIC_BLOCK,300,COMPLETED
TASK-04532,AST-480,,DEP-001,SEC-002,PREVENTIVE,2025-02-05T00:00:00,2025-02-05T05:00:00,2025-02-20T00:00:00,TRAFFIC_BLOCK,300,COMPLETED
TASK-04533,AST-480,,DEP-001,SEC-002,PREVENTIVE,2026-02-05T00:00:00,2026-02-05T05:00:00,2026-02-20T00:00:00,TRAFFIC_BLOCK,300,COMPLETED
TASK-04534,AST-481,,DEP-001,SEC-005,PREVENTIVE,2024-01-11T00:00:00,2024-01-11T05:00:00,2024-01-26T00:00:00,TRAFFIC_BLOCK,300,COMPLETED
TASK-04535,AST-481,,DEP-001,SEC-005,PREVENTIVE,2025-01-10T00:00:00,2025-01-10T05:00:00,2025-01-25T00:00:00,TRAFFIC_BLOCK,300,COMPLETED
TASK-04536,AST-481,,DEP-001,SEC-005,PREVENTIVE,2026-01-10T00:00:00,2026-01-10T05:00:00,2026-01-25T00:00:00,TRAFFIC_BLOCK,300,COMPLETED
TASK-04573,AST-486,,DEP-001,SEC-006,PREVENTIVE,2023-11-10T00:00:00,2023-11-10T05:00:00,2023-11-25T00:00:00,TRAFFIC_BLOCK,300,COMPLETED
TASK-04574,AST-486,,DEP-001,SEC-006,PREVENTIVE,2024-11-09T00:00:00,2024-11-09T05:00:00,2024-11-24T00:00:00,TRAFFIC_BLOCK,300,COMPLETED
TASK-04575,AST-486,,DEP-001,SEC-006,PREVENTIVE,2025-11-09T00:00:00,2025-11-09T05:00:00,2025-11-24T00:00:00,TRAFFIC_BLOCK,300,COMPLETED
TASK-04576,AST-487,,DEP-001,SEC-005,PREVENTIVE,2024-02-29T00:00:00,2024-02-29T05:00:00,2024-03-15T00:00:00,TRAFFIC_BLOCK,300,COMPLETED
TASK-04577,AST-487,,DEP-001,SEC-005,PREVENTIVE,2025-02-28T00:00:00,2025-02-28T05:00:00,2025-03-15T00:00:00,TRAFFIC_BLOCK,300,COMPLETED
TASK-04578,AST-487,,DEP-001,SEC-005,PREVENTIVE,2026-02-28T00:00:00,2026-02-28T05:00:00,2026-03-15T00:00:00,TRAFFIC_BLOCK,300,COMPLETED
TASK-04579,AST-488,,DEP-001,SEC-004,PREVENTIVE,2024-02-15T00:00:00,2024-02-15T05:00:00,2024-03-01T00:00:00,TRAFFIC_BLOCK,300,COMPLETED
TASK-04580,AST-488,,DEP-001,SEC-004,PREVENTIVE,2025-02-14T00:00:00,2025-02-14T05:00:00,2025-03-01T00:00:00,TRAFFIC_BLOCK,300,COMPLETED
TASK-04581,AST-488,,DEP-001,SEC-004,PREVENTIVE,2026-02-14T00:00:00,2026-02-14T05:00:00,2026-03-01T00:00:00,TRAFFIC_BLOCK,300,COMPLETED
TASK-04594,AST-490,,DEP-001,SEC-003,PREVENTIVE,2024-07-17T00:00:00,2024-07-17T05:00:00,2024-08-01T00:00:00,TRAFFIC_BLOCK,300,COMPLETED
TASK-04595,AST-490,,DEP-001,SEC-003,PREVENTIVE,2025-07-17T00:00:00,2025-07-17T05:00:00,2025-08-01T00:00:00,TRAFFIC_BLOCK,300,COMPLETED
TASK-04596,AST-490,,DEP-001,SEC-003,PREVENTIVE,2026-07-17T00:00:00,2026-07-17T05:00:00,2026-08-01T00:00:00,TRAFFIC_BLOCK,300,COMPLETED
TASK-04603,AST-492,,DEP-001,SEC-006,PREVENTIVE,2024-06-23T00:00:00,2024-06-23T05:00:00,2024-07-08T00:00:00,TRAFFIC_BLOCK,300,COMPLETED
TASK-04604,AST-492,,DEP-001,SEC-006,PREVENTIVE,2025-06-23T00:00:00,2025-06-23T05:00:00,2025-07-08T00:00:00,TRAFFIC_BLOCK,300,COMPLETED
TASK-04605,AST-492,,DEP-001,SEC-006,PREVENTIVE,2026-06-23T00:00:00,2026-06-23T05:00:00,2026-07-08T00:00:00,TRAFFIC_BLOCK,300,COMPLETED
TASK-04612,AST-494,,DEP-001,SEC-003,PREVENTIVE,2024-02-16T00:00:00,2024-02-16T05:00:00,2024-03-02T00:00:00,TRAFFIC_BLOCK,300,COMPLETED
TASK-04613,AST-494,,DEP-001,SEC-003,PREVENTIVE,2025-02-15T00:00:00,2025-02-15T05:00:00,2025-03-02T00:00:00,TRAFFIC_BLOCK,300,COMPLETED
TASK-04614,AST-494,,DEP-001,SEC-003,PREVENTIVE,2026-02-15T00:00:00,2026-02-15T05:00:00,2026-03-02T00:00:00,TRAFFIC_BLOCK,300,COMPLETED
TASK-04615,AST-495,,DEP-001,SEC-006,PREVENTIVE,2024-06-05T00:00:00,2024-06-05T05:00:00,2024-06-20T00:00:00,TRAFFIC_BLOCK,300,COMPLETED
TASK-04616,AST-495,,DEP-001,SEC-006,PREVENTIVE,2025-06-05T00:00:00,2025-06-05T05:00:00,2025-06-20T00:00:00,TRAFFIC_BLOCK,300,COMPLETED
TASK-04617,AST-495,,DEP-001,SEC-006,PREVENTIVE,2026-06-05T00:00:00,2026-06-05T05:00:00,2026-06-20T00:00:00,TRAFFIC_BLOCK,300,COMPLETED
TASK-04630,AST-497,,DEP-001,SEC-005,PREVENTIVE,2024-03-11T00:00:00,2024-03-11T05:00:00,2024-03-26T00:00:00,TRAFFIC_BLOCK,300,COMPLETED
TASK-04631,AST-497,,DEP-001,SEC-005,PREVENTIVE,2025-03-11T00:00:00,2025-03-11T05:00:00,2025-03-26T00:00:00,TRAFFIC_BLOCK,300,COMPLETED
TASK-04632,AST-497,,DEP-001,SEC-005,PREVENTIVE,2026-03-11T00:00:00,2026-03-11T05:00:00,2026-03-26T00:00:00,TRAFFIC_BLOCK,300,COMPLETED
TASK-04633,AST-498,,DEP-001,SEC-003,PREVENTIVE,2024-07-02T00:00:00,2024-07-02T05:00:00,2024-07-17T00:00:00,TRAFFIC_BLOCK,300,COMPLETED
TASK-04634,AST-498,,DEP-001,SEC-003,PREVENTIVE,2025-07-02T00:00:00,2025-07-02T05:00:00,2025-07-17T00:00:00,TRAFFIC_BLOCK,300,COMPLETED
TASK-04635,AST-498,,DEP-001,SEC-003,PREVENTIVE,2026-07-02T00:00:00,2026-07-02T05:00:00,2026-07-17T00:00:00,TRAFFIC_BLOCK,300,COMPLETED
TASK-04654,AST-501,,DEP-001,SEC-006,PREVENTIVE,2023-12-24T00:00:00,2023-12-24T05:00:00,2024-01-08T00:00:00,TRAFFIC_BLOCK,300,COMPLETED
TASK-04655,AST-501,,DEP-001,SEC-006,PREVENTIVE,2024-12-23T00:00:00,2024-12-23T05:00:00,2025-01-07T00:00:00,TRAFFIC_BLOCK,300,COMPLETED
TASK-04656,AST-501,,DEP-001,SEC-006,PREVENTIVE,2025-12-23T00:00:00,2025-12-23T05:00:00,2026-01-07T00:00:00,TRAFFIC_BLOCK,300,COMPLETED
TASK-04669,AST-503,,DEP-001,SEC-002,PREVENTIVE,2023-10-20T00:00:00,2023-10-20T05:00:00,2023-11-04T00:00:00,TRAFFIC_BLOCK,300,COMPLETED
TASK-04670,AST-503,,DEP-001,SEC-002,PREVENTIVE,2024-10-19T00:00:00,2024-10-19T05:00:00,2024-11-03T00:00:00,TRAFFIC_BLOCK,300,COMPLETED
TASK-04671,AST-503,,DEP-001,SEC-002,PREVENTIVE,2025-10-19T00:00:00,2025-10-19T05:00:00,2025-11-03T00:00:00,TRAFFIC_BLOCK,300,COMPLETED
TASK-04714,AST-508,,DEP-001,SEC-006,PREVENTIVE,2023-11-08T00:00:00,2023-11-08T05:00:00,2023-11-23T00:00:00,TRAFFIC_BLOCK,300,COMPLETED
TASK-04715,AST-508,,DEP-001,SEC-006,PREVENTIVE,2024-11-07T00:00:00,2024-11-07T05:00:00,2024-11-22T00:00:00,TRAFFIC_BLOCK,300,COMPLETED
TASK-04716,AST-508,,DEP-001,SEC-006,PREVENTIVE,2025-11-07T00:00:00,2025-11-07T05:00:00,2025-11-22T00:00:00,TRAFFIC_BLOCK,300,COMPLETED
TASK-04729,AST-510,,DEP-001,SEC-003,PREVENTIVE,2024-07-20T00:00:00,2024-07-20T05:00:00,2024-08-04T00:00:00,TRAFFIC_BLOCK,300,COMPLETED
TASK-04730,AST-510,,DEP-001,SEC-003,PREVENTIVE,2025-07-20T00:00:00,2025-07-20T05:00:00,2025-08-04T00:00:00,TRAFFIC_BLOCK,300,COMPLETED
TASK-04731,AST-510,,DEP-001,SEC-003,PREVENTIVE,2026-07-20T00:00:00,2026-07-20T05:00:00,2026-08-04T00:00:00,TRAFFIC_BLOCK,300,COMPLETED
TASK-04744,AST-512,,DEP-001,SEC-001,PREVENTIVE,2023-10-10T00:00:00,2023-10-10T05:00:00,2023-10-25T00:00:00,TRAFFIC_BLOCK,300,COMPLETED
TASK-04745,AST-512,,DEP-001,SEC-001,PREVENTIVE,2024-10-09T00:00:00,2024-10-09T05:00:00,2024-10-24T00:00:00,TRAFFIC_BLOCK,300,COMPLETED
TASK-04746,AST-512,,DEP-001,SEC-001,PREVENTIVE,2025-10-09T00:00:00,2025-10-09T05:00:00,2025-10-24T00:00:00,TRAFFIC_BLOCK,300,COMPLETED
TASK-04747,AST-513,,DEP-001,SEC-001,PREVENTIVE,2024-06-10T00:00:00,2024-06-10T05:00:00,2024-06-25T00:00:00,TRAFFIC_BLOCK,300,COMPLETED
TASK-04748,AST-513,,DEP-001,SEC-001,PREVENTIVE,2025-06-10T00:00:00,2025-06-10T05:00:00,2025-06-25T00:00:00,TRAFFIC_BLOCK,300,COMPLETED
TASK-04749,AST-513,,DEP-001,SEC-001,PREVENTIVE,2026-06-10T00:00:00,2026-06-10T05:00:00,2026-06-25T00:00:00,TRAFFIC_BLOCK,300,COMPLETED
TASK-04762,AST-515,,DEP-001,SEC-005,PREVENTIVE,2023-08-29T00:00:00,2023-08-29T05:00:00,2023-09-13T00:00:00,TRAFFIC_BLOCK,300,COMPLETED
TASK-04763,AST-515,,DEP-001,SEC-005,PREVENTIVE,2024-08-28T00:00:00,2024-08-28T05:00:00,2024-09-12T00:00:00,TRAFFIC_BLOCK,300,COMPLETED
TASK-04764,AST-515,,DEP-001,SEC-005,PREVENTIVE,2025-08-28T00:00:00,2025-08-28T05:00:00,2025-09-12T00:00:00,TRAFFIC_BLOCK,300,COMPLETED
TASK-04765,AST-516,,DEP-001,SEC-001,PREVENTIVE,2024-06-03T00:00:00,2024-06-03T05:00:00,2024-06-18T00:00:00,TRAFFIC_BLOCK,300,COMPLETED
TASK-04766,AST-516,,DEP-001,SEC-001,PREVENTIVE,2025-06-03T00:00:00,2025-06-03T05:00:00,2025-06-18T00:00:00,TRAFFIC_BLOCK,300,COMPLETED
TASK-04767,AST-516,,DEP-001,SEC-001,PREVENTIVE,2026-06-03T00:00:00,2026-06-03T05:00:00,2026-06-18T00:00:00,TRAFFIC_BLOCK,300,COMPLETED
TASK-04834,AST-525,,DEP-001,SEC-001,PREVENTIVE,2023-11-21T00:00:00,2023-11-21T05:00:00,2023-12-06T00:00:00,TRAFFIC_BLOCK,300,COMPLETED
TASK-04835,AST-525,,DEP-001,SEC-001,PREVENTIVE,2024-11-20T00:00:00,2024-11-20T05:00:00,2024-12-05T00:00:00,TRAFFIC_BLOCK,300,COMPLETED
TASK-04836,AST-525,,DEP-001,SEC-001,PREVENTIVE,2025-11-20T00:00:00,2025-11-20T05:00:00,2025-12-05T00:00:00,TRAFFIC_BLOCK,300,COMPLETED
TASK-04837,AST-526,,DEP-001,SEC-001,PREVENTIVE,2024-06-20T00:00:00,2024-06-20T05:00:00,2024-07-05T00:00:00,TRAFFIC_BLOCK,300,COMPLETED
TASK-04838,AST-526,,DEP-001,SEC-001,PREVENTIVE,2025-06-20T00:00:00,2025-06-20T05:00:00,2025-07-05T00:00:00,TRAFFIC_BLOCK,300,COMPLETED
TASK-04839,AST-526,,DEP-001,SEC-001,PREVENTIVE,2026-06-20T00:00:00,2026-06-20T05:00:00,2026-07-05T00:00:00,TRAFFIC_BLOCK,300,COMPLETED
TASK-04840,AST-527,,DEP-001,SEC-006,PREVENTIVE,2023-11-19T00:00:00,2023-11-19T05:00:00,2023-12-04T00:00:00,TRAFFIC_BLOCK,300,COMPLETED
TASK-04841,AST-527,,DEP-001,SEC-006,PREVENTIVE,2024-11-18T00:00:00,2024-11-18T05:00:00,2024-12-03T00:00:00,TRAFFIC_BLOCK,300,COMPLETED
TASK-04842,AST-527,,DEP-001,SEC-006,PREVENTIVE,2025-11-18T00:00:00,2025-11-18T05:00:00,2025-12-03T00:00:00,TRAFFIC_BLOCK,300,COMPLETED
TASK-04843,AST-528,,DEP-001,SEC-006,PREVENTIVE,2024-05-02T00:00:00,2024-05-02T05:00:00,2024-05-17T00:00:00,TRAFFIC_BLOCK,300,COMPLETED
TASK-04844,AST-528,,DEP-001,SEC-006,PREVENTIVE,2025-05-02T00:00:00,2025-05-02T05:00:00,2025-05-17T00:00:00,TRAFFIC_BLOCK,300,COMPLETED
TASK-04845,AST-528,,DEP-001,SEC-006,PREVENTIVE,2026-05-02T00:00:00,2026-05-02T05:00:00,2026-05-17T00:00:00,TRAFFIC_BLOCK,300,COMPLETED
TASK-04864,AST-531,,DEP-001,SEC-001,PREVENTIVE,2023-11-04T00:00:00,2023-11-04T05:00:00,2023-11-19T00:00:00,TRAFFIC_BLOCK,300,COMPLETED
TASK-04865,AST-531,,DEP-001,SEC-001,PREVENTIVE,2024-11-03T00:00:00,2024-11-03T05:00:00,2024-11-18T00:00:00,TRAFFIC_BLOCK,300,COMPLETED
TASK-04866,AST-531,,DEP-001,SEC-001,PREVENTIVE,2025-11-03T00:00:00,2025-11-03T05:00:00,2025-11-18T00:00:00,TRAFFIC_BLOCK,300,COMPLETED
TASK-04897,AST-535,,DEP-001,SEC-006,PREVENTIVE,2024-05-15T00:00:00,2024-05-15T05:00:00,2024-05-30T00:00:00,TRAFFIC_BLOCK,300,COMPLETED
TASK-04898,AST-535,,DEP-001,SEC-006,PREVENTIVE,2025-05-15T00:00:00,2025-05-15T05:00:00,2025-05-30T00:00:00,TRAFFIC_BLOCK,300,COMPLETED
TASK-04899,AST-535,,DEP-001,SEC-006,PREVENTIVE,2026-05-15T00:00:00,2026-05-15T05:00:00,2026-05-30T00:00:00,TRAFFIC_BLOCK,300,COMPLETED
TASK-04900,AST-536,,DEP-001,SEC-003,PREVENTIVE,2024-02-28T00:00:00,2024-02-28T05:00:00,2024-03-14T00:00:00,TRAFFIC_BLOCK,300,COMPLETED
TASK-04901,AST-536,,DEP-001,SEC-003,PREVENTIVE,2025-02-27T00:00:00,2025-02-27T05:00:00,2025-03-14T00:00:00,TRAFFIC_BLOCK,300,COMPLETED
TASK-04902,AST-536,,DEP-001,SEC-003,PREVENTIVE,2026-02-27T00:00:00,2026-02-27T05:00:00,2026-03-14T00:00:00,TRAFFIC_BLOCK,300,COMPLETED
TASK-04903,AST-537,,DEP-001,SEC-001,PREVENTIVE,2024-02-24T00:00:00,2024-02-24T05:00:00,2024-03-10T00:00:00,TRAFFIC_BLOCK,300,COMPLETED
TASK-04904,AST-537,,DEP-001,SEC-001,PREVENTIVE,2025-02-23T00:00:00,2025-02-23T05:00:00,2025-03-10T00:00:00,TRAFFIC_BLOCK,300,COMPLETED
TASK-04905,AST-537,,DEP-001,SEC-001,PREVENTIVE,2026-02-23T00:00:00,2026-02-23T05:00:00,2026-03-10T00:00:00,TRAFFIC_BLOCK,300,COMPLETED
TASK-04918,AST-539,,DEP-001,SEC-005,PREVENTIVE,2024-06-13T00:00:00,2024-06-13T05:00:00,2024-06-28T00:00:00,TRAFFIC_BLOCK,300,COMPLETED
TASK-04919,AST-539,,DEP-001,SEC-005,PREVENTIVE,2025-06-13T00:00:00,2025-06-13T05:00:00,2025-06-28T00:00:00,TRAFFIC_BLOCK,300,COMPLETED
TASK-04920,AST-539,,DEP-001,SEC-005,PREVENTIVE,2026-06-13T00:00:00,2026-06-13T05:00:00,2026-06-28T00:00:00,TRAFFIC_BLOCK,300,COMPLETED
TASK-04927,AST-541,,DEP-001,SEC-005,PREVENTIVE,2023-12-29T00:00:00,2023-12-29T05:00:00,2024-01-13T00:00:00,TRAFFIC_BLOCK,300,COMPLETED
TASK-04928,AST-541,,DEP-001,SEC-005,PREVENTIVE,2024-12-28T00:00:00,2024-12-28T05:00:00,2025-01-12T00:00:00,TRAFFIC_BLOCK,300,COMPLETED
TASK-04929,AST-541,,DEP-001,SEC-005,PREVENTIVE,2025-12-28T00:00:00,2025-12-28T05:00:00,2026-01-12T00:00:00,TRAFFIC_BLOCK,300,COMPLETED
TASK-04930,AST-542,,DEP-001,SEC-003,PREVENTIVE,2023-11-15T00:00:00,2023-11-15T05:00:00,2023-11-30T00:00:00,TRAFFIC_BLOCK,300,COMPLETED
TASK-04931,AST-542,,DEP-001,SEC-003,PREVENTIVE,2024-11-14T00:00:00,2024-11-14T05:00:00,2024-11-29T00:00:00,TRAFFIC_BLOCK,300,COMPLETED
TASK-04932,AST-542,,DEP-001,SEC-003,PREVENTIVE,2025-11-14T00:00:00,2025-11-14T05:00:00,2025-11-29T00:00:00,TRAFFIC_BLOCK,300,COMPLETED
TASK-04933,AST-543,,DEP-001,SEC-004,PREVENTIVE,2024-07-14T00:00:00,2024-07-14T05:00:00,2024-07-29T00:00:00,TRAFFIC_BLOCK,300,COMPLETED
TASK-04934,AST-543,,DEP-001,SEC-004,PREVENTIVE,2025-07-14T00:00:00,2025-07-14T05:00:00,2025-07-29T00:00:00,TRAFFIC_BLOCK,300,COMPLETED
TASK-04935,AST-543,,DEP-001,SEC-004,PREVENTIVE,2026-07-14T00:00:00,2026-07-14T05:00:00,2026-07-29T00:00:00,TRAFFIC_BLOCK,300,COMPLETED
TASK-04960,AST-546,,DEP-001,SEC-001,PREVENTIVE,2024-06-14T00:00:00,2024-06-14T05:00:00,2024-06-29T00:00:00,TRAFFIC_BLOCK,300,COMPLETED
TASK-04961,AST-546,,DEP-001,SEC-001,PREVENTIVE,2025-06-14T00:00:00,2025-06-14T05:00:00,2025-06-29T00:00:00,TRAFFIC_BLOCK,300,COMPLETED
TASK-04962,AST-546,,DEP-001,SEC-001,PREVENTIVE,2026-06-14T00:00:00,2026-06-14T05:00:00,2026-06-29T00:00:00,TRAFFIC_BLOCK,300,COMPLETED
TASK-04975,AST-549,,DEP-001,SEC-004,PREVENTIVE,2024-07-12T00:00:00,2024-07-12T05:00:00,2024-07-27T00:00:00,TRAFFIC_BLOCK,300,COMPLETED
TASK-04976,AST-549,,DEP-001,SEC-004,PREVENTIVE,2025-07-12T00:00:00,2025-07-12T05:00:00,2025-07-27T00:00:00,TRAFFIC_BLOCK,300,COMPLETED
TASK-04977,AST-549,,DEP-001,SEC-004,PREVENTIVE,2026-07-12T00:00:00,2026-07-12T05:00:00,2026-07-27T00:00:00,TRAFFIC_BLOCK,300,COMPLETED
TASK-04996,AST-553,,DEP-001,SEC-006,PREVENTIVE,2023-08-18T00:00:00,2023-08-18T05:00:00,2023-09-02T00:00:00,TRAFFIC_BLOCK,300,COMPLETED
TASK-04997,AST-553,,DEP-001,SEC-006,PREVENTIVE,2024-08-17T00:00:00,2024-08-17T05:00:00,2024-09-01T00:00:00,TRAFFIC_BLOCK,300,COMPLETED
TASK-04998,AST-553,,DEP-001,SEC-006,PREVENTIVE,2025-08-17T00:00:00,2025-08-17T05:00:00,2025-09-01T00:00:00,TRAFFIC_BLOCK,300,COMPLETED
TASK-05005,AST-555,,DEP-001,SEC-004,PREVENTIVE,2024-06-04T00:00:00,2024-06-04T05:00:00,2024-06-19T00:00:00,TRAFFIC_BLOCK,300,COMPLETED
TASK-05006,AST-555,,DEP-001,SEC-004,PREVENTIVE,2025-06-04T00:00:00,2025-06-04T05:00:00,2025-06-19T00:00:00,TRAFFIC_BLOCK,300,COMPLETED
TASK-05007,AST-555,,DEP-001,SEC-004,PREVENTIVE,2026-06-04T00:00:00,2026-06-04T05:00:00,2026-06-19T00:00:00,TRAFFIC_BLOCK,300,COMPLETED
TASK-05086,AST-563,,DEP-001,SEC-001,PREVENTIVE,2023-11-18T00:00:00,2023-11-18T05:00:00,2023-12-03T00:00:00,TRAFFIC_BLOCK,300,COMPLETED
TASK-05087,AST-563,,DEP-001,SEC-001,PREVENTIVE,2024-11-17T00:00:00,2024-11-17T05:00:00,2024-12-02T00:00:00,TRAFFIC_BLOCK,300,COMPLETED
TASK-05088,AST-563,,DEP-001,SEC-001,PREVENTIVE,2025-11-17T00:00:00,2025-11-17T05:00:00,2025-12-02T00:00:00,TRAFFIC_BLOCK,300,COMPLETED
TASK-05089,AST-564,,DEP-001,SEC-004,PREVENTIVE,2024-06-29T00:00:00,2024-06-29T05:00:00,2024-07-14T00:00:00,TRAFFIC_BLOCK,300,COMPLETED
TASK-05090,AST-564,,DEP-001,SEC-004,PREVENTIVE,2025-06-29T00:00:00,2025-06-29T05:00:00,2025-07-14T00:00:00,TRAFFIC_BLOCK,300,COMPLETED
TASK-05091,AST-564,,DEP-001,SEC-004,PREVENTIVE,2026-06-29T00:00:00,2026-06-29T05:00:00,2026-07-14T00:00:00,TRAFFIC_BLOCK,300,COMPLETED
TASK-05104,AST-567,,DEP-001,SEC-003,PREVENTIVE,2024-02-20T00:00:00,2024-02-20T05:00:00,2024-03-06T00:00:00,TRAFFIC_BLOCK,300,COMPLETED
TASK-05105,AST-567,,DEP-001,SEC-003,PREVENTIVE,2025-02-19T00:00:00,2025-02-19T05:00:00,2025-03-06T00:00:00,TRAFFIC_BLOCK,300,COMPLETED
TASK-05106,AST-567,,DEP-001,SEC-003,PREVENTIVE,2026-02-19T00:00:00,2026-02-19T05:00:00,2026-03-06T00:00:00,TRAFFIC_BLOCK,300,COMPLETED
TASK-05131,AST-571,,DEP-001,SEC-006,PREVENTIVE,2024-05-31T00:00:00,2024-05-31T05:00:00,2024-06-15T00:00:00,TRAFFIC_BLOCK,300,COMPLETED
TASK-05132,AST-571,,DEP-001,SEC-006,PREVENTIVE,2025-05-31T00:00:00,2025-05-31T05:00:00,2025-06-15T00:00:00,TRAFFIC_BLOCK,300,COMPLETED
TASK-05133,AST-571,,DEP-001,SEC-006,PREVENTIVE,2026-05-31T00:00:00,2026-05-31T05:00:00,2026-06-15T00:00:00,TRAFFIC_BLOCK,300,COMPLETED
TASK-05146,AST-573,,DEP-001,SEC-006,PREVENTIVE,2023-08-28T00:00:00,2023-08-28T05:00:00,2023-09-12T00:00:00,TRAFFIC_BLOCK,300,COMPLETED
TASK-05147,AST-573,,DEP-001,SEC-006,PREVENTIVE,2024-08-27T00:00:00,2024-08-27T05:00:00,2024-09-11T00:00:00,TRAFFIC_BLOCK,300,COMPLETED
TASK-05148,AST-573,,DEP-001,SEC-006,PREVENTIVE,2025-08-27T00:00:00,2025-08-27T05:00:00,2025-09-11T00:00:00,TRAFFIC_BLOCK,300,COMPLETED
TASK-05173,AST-576,,DEP-001,SEC-005,PREVENTIVE,2024-05-02T00:00:00,2024-05-02T05:00:00,2024-05-17T00:00:00,TRAFFIC_BLOCK,300,COMPLETED
TASK-05174,AST-576,,DEP-001,SEC-005,PREVENTIVE,2025-05-02T00:00:00,2025-05-02T05:00:00,2025-05-17T00:00:00,TRAFFIC_BLOCK,300,COMPLETED
TASK-05175,AST-576,,DEP-001,SEC-005,PREVENTIVE,2026-05-02T00:00:00,2026-05-02T05:00:00,2026-05-17T00:00:00,TRAFFIC_BLOCK,300,COMPLETED
TASK-05176,AST-577,,DEP-001,SEC-002,PREVENTIVE,2024-05-13T00:00:00,2024-05-13T05:00:00,2024-05-28T00:00:00,TRAFFIC_BLOCK,300,COMPLETED
TASK-05177,AST-577,,DEP-001,SEC-002,PREVENTIVE,2025-05-13T00:00:00,2025-05-13T05:00:00,2025-05-28T00:00:00,TRAFFIC_BLOCK,300,COMPLETED
TASK-05178,AST-577,,DEP-001,SEC-002,PREVENTIVE,2026-05-13T00:00:00,2026-05-13T05:00:00,2026-05-28T00:00:00,TRAFFIC_BLOCK,300,COMPLETED
TASK-05203,AST-580,,DEP-001,SEC-005,PREVENTIVE,2024-04-12T00:00:00,2024-04-12T05:00:00,2024-04-27T00:00:00,TRAFFIC_BLOCK,300,COMPLETED
TASK-05204,AST-580,,DEP-001,SEC-005,PREVENTIVE,2025-04-12T00:00:00,2025-04-12T05:00:00,2025-04-27T00:00:00,TRAFFIC_BLOCK,300,COMPLETED
TASK-05205,AST-580,,DEP-001,SEC-005,PREVENTIVE,2026-04-12T00:00:00,2026-04-12T05:00:00,2026-04-27T00:00:00,TRAFFIC_BLOCK,300,COMPLETED
TASK-05218,AST-582,,DEP-001,SEC-002,PREVENTIVE,2023-10-07T00:00:00,2023-10-07T05:00:00,2023-10-22T00:00:00,TRAFFIC_BLOCK,300,COMPLETED
TASK-05219,AST-582,,DEP-001,SEC-002,PREVENTIVE,2024-10-06T00:00:00,2024-10-06T05:00:00,2024-10-21T00:00:00,TRAFFIC_BLOCK,300,COMPLETED
TASK-05220,AST-582,,DEP-001,SEC-002,PREVENTIVE,2025-10-06T00:00:00,2025-10-06T05:00:00,2025-10-21T00:00:00,TRAFFIC_BLOCK,300,COMPLETED
TASK-05221,AST-583,,DEP-001,SEC-005,PREVENTIVE,2024-02-03T00:00:00,2024-02-03T05:00:00,2024-02-18T00:00:00,TRAFFIC_BLOCK,300,COMPLETED
TASK-05222,AST-583,,DEP-001,SEC-005,PREVENTIVE,2025-02-02T00:00:00,2025-02-02T05:00:00,2025-02-17T00:00:00,TRAFFIC_BLOCK,300,COMPLETED
TASK-05223,AST-583,,DEP-001,SEC-005,PREVENTIVE,2026-02-02T00:00:00,2026-02-02T05:00:00,2026-02-17T00:00:00,TRAFFIC_BLOCK,300,COMPLETED
TASK-05224,AST-584,,DEP-001,SEC-004,PREVENTIVE,2024-02-23T00:00:00,2024-02-23T05:00:00,2024-03-09T00:00:00,TRAFFIC_BLOCK,300,COMPLETED
TASK-05225,AST-584,,DEP-001,SEC-004,PREVENTIVE,2025-02-22T00:00:00,2025-02-22T05:00:00,2025-03-09T00:00:00,TRAFFIC_BLOCK,300,COMPLETED
TASK-05226,AST-584,,DEP-001,SEC-004,PREVENTIVE,2026-02-22T00:00:00,2026-02-22T05:00:00,2026-03-09T00:00:00,TRAFFIC_BLOCK,300,COMPLETED
TASK-05239,AST-586,,DEP-001,SEC-004,PREVENTIVE,2023-12-20T00:00:00,2023-12-20T05:00:00,2024-01-04T00:00:00,TRAFFIC_BLOCK,300,COMPLETED
TASK-05240,AST-586,,DEP-001,SEC-004,PREVENTIVE,2024-12-19T00:00:00,2024-12-19T05:00:00,2025-01-03T00:00:00,TRAFFIC_BLOCK,300,COMPLETED
TASK-05241,AST-586,,DEP-001,SEC-004,PREVENTIVE,2025-12-19T00:00:00,2025-12-19T05:00:00,2026-01-03T00:00:00,TRAFFIC_BLOCK,300,COMPLETED
TASK-05266,AST-590,,DEP-001,SEC-003,PREVENTIVE,2023-12-31T00:00:00,2023-12-31T05:00:00,2024-01-15T00:00:00,TRAFFIC_BLOCK,300,COMPLETED
TASK-05267,AST-590,,DEP-001,SEC-003,PREVENTIVE,2024-12-30T00:00:00,2024-12-30T05:00:00,2025-01-14T00:00:00,TRAFFIC_BLOCK,300,COMPLETED
TASK-05268,AST-590,,DEP-001,SEC-003,PREVENTIVE,2025-12-30T00:00:00,2025-12-30T05:00:00,2026-01-14T00:00:00,TRAFFIC_BLOCK,300,COMPLETED
TASK-05287,AST-593,,DEP-001,SEC-005,PREVENTIVE,2024-01-09T00:00:00,2024-01-09T05:00:00,2024-01-24T00:00:00,TRAFFIC_BLOCK,300,COMPLETED
TASK-05288,AST-593,,DEP-001,SEC-005,PREVENTIVE,2025-01-08T00:00:00,2025-01-08T05:00:00,2025-01-23T00:00:00,TRAFFIC_BLOCK,300,COMPLETED
TASK-05289,AST-593,,DEP-001,SEC-005,PREVENTIVE,2026-01-08T00:00:00,2026-01-08T05:00:00,2026-01-23T00:00:00,TRAFFIC_BLOCK,300,COMPLETED
TASK-05296,AST-595,,DEP-001,SEC-003,PREVENTIVE,2024-03-25T00:00:00,2024-03-25T05:00:00,2024-04-09T00:00:00,TRAFFIC_BLOCK,300,COMPLETED
TASK-05297,AST-595,,DEP-001,SEC-003,PREVENTIVE,2025-03-25T00:00:00,2025-03-25T05:00:00,2025-04-09T00:00:00,TRAFFIC_BLOCK,300,COMPLETED
TASK-05298,AST-595,,DEP-001,SEC-003,PREVENTIVE,2026-03-25T00:00:00,2026-03-25T05:00:00,2026-04-09T00:00:00,TRAFFIC_BLOCK,300,COMPLETED
TASK-05329,AST-599,,DEP-001,SEC-002,PREVENTIVE,2024-02-09T00:00:00,2024-02-09T05:00:00,2024-02-24T00:00:00,TRAFFIC_BLOCK,300,COMPLETED
TASK-05330,AST-599,,DEP-001,SEC-002,PREVENTIVE,2025-02-08T00:00:00,2025-02-08T05:00:00,2025-02-23T00:00:00,TRAFFIC_BLOCK,300,COMPLETED
TASK-05331,AST-599,,DEP-001,SEC-002,PREVENTIVE,2026-02-08T00:00:00,2026-02-08T05:00:00,2026-02-23T00:00:00,TRAFFIC_BLOCK,300,COMPLETED
TASK-05332,AST-600,,DEP-001,SEC-005,PREVENTIVE,2024-04-14T00:00:00,2024-04-14T05:00:00,2024-04-29T00:00:00,TRAFFIC_BLOCK,300,COMPLETED
TASK-05333,AST-600,,DEP-001,SEC-005,PREVENTIVE,2025-04-14T00:00:00,2025-04-14T05:00:00,2025-04-29T00:00:00,TRAFFIC_BLOCK,300,COMPLETED
TASK-05334,AST-600,,DEP-001,SEC-005,PREVENTIVE,2026-04-14T00:00:00,2026-04-14T05:00:00,2026-04-29T00:00:00,TRAFFIC_BLOCK,300,COMPLETED
TASK-05383,AST-607,,DEP-001,SEC-004,PREVENTIVE,2024-04-11T00:00:00,2024-04-11T05:00:00,2024-04-26T00:00:00,TRAFFIC_BLOCK,300,COMPLETED
TASK-05384,AST-607,,DEP-001,SEC-004,PREVENTIVE,2025-04-11T00:00:00,2025-04-11T05:00:00,2025-04-26T00:00:00,TRAFFIC_BLOCK,300,COMPLETED
TASK-05385,AST-607,,DEP-001,SEC-004,PREVENTIVE,2026-04-11T00:00:00,2026-04-11T05:00:00,2026-04-26T00:00:00,TRAFFIC_BLOCK,300,COMPLETED
TASK-05422,AST-611,,DEP-001,SEC-002,PREVENTIVE,2023-11-22T00:00:00,2023-11-22T05:00:00,2023-12-07T00:00:00,TRAFFIC_BLOCK,300,COMPLETED
TASK-05423,AST-611,,DEP-001,SEC-002,PREVENTIVE,2024-11-21T00:00:00,2024-11-21T05:00:00,2024-12-06T00:00:00,TRAFFIC_BLOCK,300,COMPLETED
TASK-05424,AST-611,,DEP-001,SEC-002,PREVENTIVE,2025-11-21T00:00:00,2025-11-21T05:00:00,2025-12-06T00:00:00,TRAFFIC_BLOCK,300,COMPLETED
TASK-05437,AST-614,,DEP-001,SEC-006,PREVENTIVE,2024-05-31T00:00:00,2024-05-31T05:00:00,2024-06-15T00:00:00,TRAFFIC_BLOCK,300,COMPLETED
TASK-05438,AST-614,,DEP-001,SEC-006,PREVENTIVE,2025-05-31T00:00:00,2025-05-31T05:00:00,2025-06-15T00:00:00,TRAFFIC_BLOCK,300,COMPLETED
TASK-05439,AST-614,,DEP-001,SEC-006,PREVENTIVE,2026-05-31T00:00:00,2026-05-31T05:00:00,2026-06-15T00:00:00,TRAFFIC_BLOCK,300,COMPLETED
TASK-05440,AST-615,,DEP-001,SEC-004,PREVENTIVE,2023-11-08T00:00:00,2023-11-08T05:00:00,2023-11-23T00:00:00,TRAFFIC_BLOCK,300,COMPLETED
TASK-05441,AST-615,,DEP-001,SEC-004,PREVENTIVE,2024-11-07T00:00:00,2024-11-07T05:00:00,2024-11-22T00:00:00,TRAFFIC_BLOCK,300,COMPLETED
TASK-05442,AST-615,,DEP-001,SEC-004,PREVENTIVE,2025-11-07T00:00:00,2025-11-07T05:00:00,2025-11-22T00:00:00,TRAFFIC_BLOCK,300,COMPLETED
TASK-05443,AST-616,,DEP-001,SEC-006,PREVENTIVE,2023-08-16T00:00:00,2023-08-16T05:00:00,2023-08-31T00:00:00,TRAFFIC_BLOCK,300,COMPLETED
TASK-05444,AST-616,,DEP-001,SEC-006,PREVENTIVE,2024-08-15T00:00:00,2024-08-15T05:00:00,2024-08-30T00:00:00,TRAFFIC_BLOCK,300,COMPLETED
TASK-05445,AST-616,,DEP-001,SEC-006,PREVENTIVE,2025-08-15T00:00:00,2025-08-15T05:00:00,2025-08-30T00:00:00,TRAFFIC_BLOCK,300,COMPLETED
TASK-05446,AST-617,,DEP-001,SEC-003,PREVENTIVE,2024-02-16T00:00:00,2024-02-16T05:00:00,2024-03-02T00:00:00,TRAFFIC_BLOCK,300,COMPLETED
TASK-05447,AST-617,,DEP-001,SEC-003,PREVENTIVE,2025-02-15T00:00:00,2025-02-15T05:00:00,2025-03-02T00:00:00,TRAFFIC_BLOCK,300,COMPLETED
TASK-05448,AST-617,,DEP-001,SEC-003,PREVENTIVE,2026-02-15T00:00:00,2026-02-15T05:00:00,2026-03-02T00:00:00,TRAFFIC_BLOCK,300,COMPLETED
TASK-05467,AST-620,,DEP-001,SEC-004,PREVENTIVE,2024-05-12T00:00:00,2024-05-12T05:00:00,2024-05-27T00:00:00,TRAFFIC_BLOCK,300,COMPLETED
TASK-05468,AST-620,,DEP-001,SEC-004,PREVENTIVE,2025-05-12T00:00:00,2025-05-12T05:00:00,2025-05-27T00:00:00,TRAFFIC_BLOCK,300,COMPLETED
TASK-05469,AST-620,,DEP-001,SEC-004,PREVENTIVE,2026-05-12T00:00:00,2026-05-12T05:00:00,2026-05-27T00:00:00,TRAFFIC_BLOCK,300,COMPLETED
TASK-05470,AST-621,,DEP-001,SEC-001,PREVENTIVE,2024-05-24T00:00:00,2024-05-24T05:00:00,2024-06-08T00:00:00,TRAFFIC_BLOCK,300,COMPLETED
TASK-05471,AST-621,,DEP-001,SEC-001,PREVENTIVE,2025-05-24T00:00:00,2025-05-24T05:00:00,2025-06-08T00:00:00,TRAFFIC_BLOCK,300,COMPLETED
TASK-05472,AST-621,,DEP-001,SEC-001,PREVENTIVE,2026-05-24T00:00:00,2026-05-24T05:00:00,2026-06-08T00:00:00,TRAFFIC_BLOCK,300,COMPLETED
TASK-05479,AST-623,,DEP-001,SEC-001,PREVENTIVE,2024-04-03T00:00:00,2024-04-03T05:00:00,2024-04-18T00:00:00,TRAFFIC_BLOCK,300,COMPLETED
TASK-05480,AST-623,,DEP-001,SEC-001,PREVENTIVE,2025-04-03T00:00:00,2025-04-03T05:00:00,2025-04-18T00:00:00,TRAFFIC_BLOCK,300,COMPLETED
TASK-05481,AST-623,,DEP-001,SEC-001,PREVENTIVE,2026-04-03T00:00:00,2026-04-03T05:00:00,2026-04-18T00:00:00,TRAFFIC_BLOCK,300,COMPLETED
TASK-05482,AST-624,,DEP-001,SEC-003,PREVENTIVE,2024-07-01T00:00:00,2024-07-01T05:00:00,2024-07-16T00:00:00,TRAFFIC_BLOCK,300,COMPLETED
TASK-05483,AST-624,,DEP-001,SEC-003,PREVENTIVE,2025-07-01T00:00:00,2025-07-01T05:00:00,2025-07-16T00:00:00,TRAFFIC_BLOCK,300,COMPLETED
TASK-05484,AST-624,,DEP-001,SEC-003,PREVENTIVE,2026-07-01T00:00:00,2026-07-01T05:00:00,2026-07-16T00:00:00,TRAFFIC_BLOCK,300,COMPLETED
TASK-05491,AST-626,,DEP-001,SEC-005,PREVENTIVE,2024-04-14T00:00:00,2024-04-14T05:00:00,2024-04-29T00:00:00,TRAFFIC_BLOCK,300,COMPLETED
TASK-05492,AST-626,,DEP-001,SEC-005,PREVENTIVE,2025-04-14T00:00:00,2025-04-14T05:00:00,2025-04-29T00:00:00,TRAFFIC_BLOCK,300,COMPLETED
TASK-05493,AST-626,,DEP-001,SEC-005,PREVENTIVE,2026-04-14T00:00:00,2026-04-14T05:00:00,2026-04-29T00:00:00,TRAFFIC_BLOCK,300,COMPLETED
TASK-05494,AST-627,,DEP-001,SEC-006,PREVENTIVE,2023-08-23T00:00:00,2023-08-23T05:00:00,2023-09-07T00:00:00,TRAFFIC_BLOCK,300,COMPLETED
TASK-05495,AST-627,,DEP-001,SEC-006,PREVENTIVE,2024-08-22T00:00:00,2024-08-22T05:00:00,2024-09-06T00:00:00,TRAFFIC_BLOCK,300,COMPLETED
TASK-05496,AST-627,,DEP-001,SEC-006,PREVENTIVE,2025-08-22T00:00:00,2025-08-22T05:00:00,2025-09-06T00:00:00,TRAFFIC_BLOCK,300,COMPLETED
TASK-05509,AST-629,,DEP-001,SEC-005,PREVENTIVE,2024-03-21T00:00:00,2024-03-21T05:00:00,2024-04-05T00:00:00,TRAFFIC_BLOCK,300,COMPLETED
TASK-05510,AST-629,,DEP-001,SEC-005,PREVENTIVE,2025-03-21T00:00:00,2025-03-21T05:00:00,2025-04-05T00:00:00,TRAFFIC_BLOCK,300,COMPLETED
TASK-05511,AST-629,,DEP-001,SEC-005,PREVENTIVE,2026-03-21T00:00:00,2026-03-21T05:00:00,2026-04-05T00:00:00,TRAFFIC_BLOCK,300,COMPLETED
TASK-05518,AST-631,,DEP-001,SEC-006,PREVENTIVE,2024-07-25T00:00:00,2024-07-25T05:00:00,2024-08-09T00:00:00,TRAFFIC_BLOCK,300,COMPLETED
TASK-05519,AST-631,,DEP-001,SEC-006,PREVENTIVE,2025-07-25T00:00:00,2025-07-25T05:00:00,2025-08-09T00:00:00,TRAFFIC_BLOCK,300,COMPLETED
TASK-05520,AST-631,,DEP-001,SEC-006,PREVENTIVE,2026-07-25T00:00:00,2026-07-25T05:00:00,2026-08-09T00:00:00,TRAFFIC_BLOCK,300,COMPLETED
TASK-05581,AST-639,,DEP-001,SEC-001,PREVENTIVE,2023-12-22T00:00:00,2023-12-22T05:00:00,2024-01-06T00:00:00,TRAFFIC_BLOCK,300,COMPLETED
TASK-05582,AST-639,,DEP-001,SEC-001,PREVENTIVE,2024-12-21T00:00:00,2024-12-21T05:00:00,2025-01-05T00:00:00,TRAFFIC_BLOCK,300,COMPLETED
TASK-05583,AST-639,,DEP-001,SEC-001,PREVENTIVE,2025-12-21T00:00:00,2025-12-21T05:00:00,2026-01-05T00:00:00,TRAFFIC_BLOCK,300,COMPLETED
TASK-05584,AST-640,,DEP-001,SEC-006,PREVENTIVE,2023-11-15T00:00:00,2023-11-15T05:00:00,2023-11-30T00:00:00,TRAFFIC_BLOCK,300,COMPLETED
TASK-05585,AST-640,,DEP-001,SEC-006,PREVENTIVE,2024-11-14T00:00:00,2024-11-14T05:00:00,2024-11-29T00:00:00,TRAFFIC_BLOCK,300,COMPLETED
TASK-05586,AST-640,,DEP-001,SEC-006,PREVENTIVE,2025-11-14T00:00:00,2025-11-14T05:00:00,2025-11-29T00:00:00,TRAFFIC_BLOCK,300,COMPLETED
TASK-05635,AST-646,,DEP-001,SEC-003,PREVENTIVE,2024-06-18T00:00:00,2024-06-18T05:00:00,2024-07-03T00:00:00,TRAFFIC_BLOCK,300,COMPLETED
TASK-05636,AST-646,,DEP-001,SEC-003,PREVENTIVE,2025-06-18T00:00:00,2025-06-18T05:00:00,2025-07-03T00:00:00,TRAFFIC_BLOCK,300,COMPLETED
TASK-05637,AST-646,,DEP-001,SEC-003,PREVENTIVE,2026-06-18T00:00:00,2026-06-18T05:00:00,2026-07-03T00:00:00,TRAFFIC_BLOCK,300,COMPLETED
TASK-05650,AST-648,,DEP-001,SEC-003,PREVENTIVE,2023-10-20T00:00:00,2023-10-20T05:00:00,2023-11-04T00:00:00,TRAFFIC_BLOCK,300,COMPLETED
TASK-05651,AST-648,,DEP-001,SEC-003,PREVENTIVE,2024-10-19T00:00:00,2024-10-19T05:00:00,2024-11-03T00:00:00,TRAFFIC_BLOCK,300,COMPLETED
TASK-05652,AST-648,,DEP-001,SEC-003,PREVENTIVE,2025-10-19T00:00:00,2025-10-19T05:00:00,2025-11-03T00:00:00,TRAFFIC_BLOCK,300,COMPLETED
TASK-05671,AST-652,,DEP-001,SEC-004,PREVENTIVE,2024-02-12T00:00:00,2024-02-12T05:00:00,2024-02-27T00:00:00,TRAFFIC_BLOCK,300,COMPLETED
TASK-05672,AST-652,,DEP-001,SEC-004,PREVENTIVE,2025-02-11T00:00:00,2025-02-11T05:00:00,2025-02-26T00:00:00,TRAFFIC_BLOCK,300,COMPLETED
TASK-05673,AST-652,,DEP-001,SEC-004,PREVENTIVE,2026-02-11T00:00:00,2026-02-11T05:00:00,2026-02-26T00:00:00,TRAFFIC_BLOCK,300,COMPLETED
TASK-05674,AST-653,,DEP-001,SEC-003,PREVENTIVE,2024-07-05T00:00:00,2024-07-05T05:00:00,2024-07-20T00:00:00,TRAFFIC_BLOCK,300,COMPLETED
TASK-05675,AST-653,,DEP-001,SEC-003,PREVENTIVE,2025-07-05T00:00:00,2025-07-05T05:00:00,2025-07-20T00:00:00,TRAFFIC_BLOCK,300,COMPLETED
TASK-05676,AST-653,,DEP-001,SEC-003,PREVENTIVE,2026-07-05T00:00:00,2026-07-05T05:00:00,2026-07-20T00:00:00,TRAFFIC_BLOCK,300,COMPLETED
TASK-05677,AST-654,,DEP-001,SEC-002,PREVENTIVE,2023-12-30T00:00:00,2023-12-30T05:00:00,2024-01-14T00:00:00,TRAFFIC_BLOCK,300,COMPLETED
TASK-05678,AST-654,,DEP-001,SEC-002,PREVENTIVE,2024-12-29T00:00:00,2024-12-29T05:00:00,2025-01-13T00:00:00,TRAFFIC_BLOCK,300,COMPLETED
TASK-05679,AST-654,,DEP-001,SEC-002,PREVENTIVE,2025-12-29T00:00:00,2025-12-29T05:00:00,2026-01-13T00:00:00,TRAFFIC_BLOCK,300,COMPLETED
TASK-05680,AST-655,,DEP-001,SEC-002,PREVENTIVE,2024-06-23T00:00:00,2024-06-23T05:00:00,2024-07-08T00:00:00,TRAFFIC_BLOCK,300,COMPLETED
TASK-05681,AST-655,,DEP-001,SEC-002,PREVENTIVE,2025-06-23T00:00:00,2025-06-23T05:00:00,2025-07-08T00:00:00,TRAFFIC_BLOCK,300,COMPLETED
TASK-05682,AST-655,,DEP-001,SEC-002,PREVENTIVE,2026-06-23T00:00:00,2026-06-23T05:00:00,2026-07-08T00:00:00,TRAFFIC_BLOCK,300,COMPLETED
TASK-05683,AST-656,,DEP-001,SEC-002,PREVENTIVE,2024-03-07T00:00:00,2024-03-07T05:00:00,2024-03-22T00:00:00,TRAFFIC_BLOCK,300,COMPLETED
TASK-05684,AST-656,,DEP-001,SEC-002,PREVENTIVE,2025-03-07T00:00:00,2025-03-07T05:00:00,2025-03-22T00:00:00,TRAFFIC_BLOCK,300,COMPLETED
TASK-05685,AST-656,,DEP-001,SEC-002,PREVENTIVE,2026-03-07T00:00:00,2026-03-07T05:00:00,2026-03-22T00:00:00,TRAFFIC_BLOCK,300,COMPLETED
TASK-05704,AST-659,,DEP-001,SEC-002,PREVENTIVE,2023-12-31T00:00:00,2023-12-31T05:00:00,2024-01-15T00:00:00,TRAFFIC_BLOCK,300,COMPLETED
TASK-05705,AST-659,,DEP-001,SEC-002,PREVENTIVE,2024-12-30T00:00:00,2024-12-30T05:00:00,2025-01-14T00:00:00,TRAFFIC_BLOCK,300,COMPLETED
TASK-05706,AST-659,,DEP-001,SEC-002,PREVENTIVE,2025-12-30T00:00:00,2025-12-30T05:00:00,2026-01-14T00:00:00,TRAFFIC_BLOCK,300,COMPLETED
TASK-05719,AST-662,,DEP-001,SEC-003,PREVENTIVE,2024-05-22T00:00:00,2024-05-22T05:00:00,2024-06-06T00:00:00,TRAFFIC_BLOCK,300,COMPLETED
TASK-05720,AST-662,,DEP-001,SEC-003,PREVENTIVE,2025-05-22T00:00:00,2025-05-22T05:00:00,2025-06-06T00:00:00,TRAFFIC_BLOCK,300,COMPLETED
TASK-05721,AST-662,,DEP-001,SEC-003,PREVENTIVE,2026-05-22T00:00:00,2026-05-22T05:00:00,2026-06-06T00:00:00,TRAFFIC_BLOCK,300,COMPLETED
TASK-05746,AST-666,,DEP-001,SEC-006,PREVENTIVE,2023-12-22T00:00:00,2023-12-22T05:00:00,2024-01-06T00:00:00,TRAFFIC_BLOCK,300,COMPLETED
TASK-05747,AST-666,,DEP-001,SEC-006,PREVENTIVE,2024-12-21T00:00:00,2024-12-21T05:00:00,2025-01-05T00:00:00,TRAFFIC_BLOCK,300,COMPLETED
TASK-05748,AST-666,,DEP-001,SEC-006,PREVENTIVE,2025-12-21T00:00:00,2025-12-21T05:00:00,2026-01-05T00:00:00,TRAFFIC_BLOCK,300,COMPLETED
TASK-05779,AST-670,,DEP-001,SEC-005,PREVENTIVE,2023-11-18T00:00:00,2023-11-18T05:00:00,2023-12-03T00:00:00,TRAFFIC_BLOCK,300,COMPLETED
TASK-05780,AST-670,,DEP-001,SEC-005,PREVENTIVE,2024-11-17T00:00:00,2024-11-17T05:00:00,2024-12-02T00:00:00,TRAFFIC_BLOCK,300,COMPLETED
TASK-05781,AST-670,,DEP-001,SEC-005,PREVENTIVE,2025-11-17T00:00:00,2025-11-17T05:00:00,2025-12-02T00:00:00,TRAFFIC_BLOCK,300,COMPLETED
TASK-05824,AST-675,,DEP-001,SEC-002,PREVENTIVE,2024-03-08T00:00:00,2024-03-08T05:00:00,2024-03-23T00:00:00,TRAFFIC_BLOCK,300,COMPLETED
TASK-05825,AST-675,,DEP-001,SEC-002,PREVENTIVE,2025-03-08T00:00:00,2025-03-08T05:00:00,2025-03-23T00:00:00,TRAFFIC_BLOCK,300,COMPLETED
TASK-05826,AST-675,,DEP-001,SEC-002,PREVENTIVE,2026-03-08T00:00:00,2026-03-08T05:00:00,2026-03-23T00:00:00,TRAFFIC_BLOCK,300,COMPLETED
TASK-05827,AST-676,,DEP-001,SEC-002,PREVENTIVE,2023-12-25T00:00:00,2023-12-25T05:00:00,2024-01-09T00:00:00,TRAFFIC_BLOCK,300,COMPLETED
TASK-05828,AST-676,,DEP-001,SEC-002,PREVENTIVE,2024-12-24T00:00:00,2024-12-24T05:00:00,2025-01-08T00:00:00,TRAFFIC_BLOCK,300,COMPLETED
TASK-05829,AST-676,,DEP-001,SEC-002,PREVENTIVE,2025-12-24T00:00:00,2025-12-24T05:00:00,2026-01-08T00:00:00,TRAFFIC_BLOCK,300,COMPLETED
TASK-05842,AST-678,,DEP-001,SEC-004,PREVENTIVE,2023-08-26T00:00:00,2023-08-26T05:00:00,2023-09-10T00:00:00,TRAFFIC_BLOCK,300,COMPLETED
TASK-05843,AST-678,,DEP-001,SEC-004,PREVENTIVE,2024-08-25T00:00:00,2024-08-25T05:00:00,2024-09-09T00:00:00,TRAFFIC_BLOCK,300,COMPLETED
TASK-05844,AST-678,,DEP-001,SEC-004,PREVENTIVE,2025-08-25T00:00:00,2025-08-25T05:00:00,2025-09-09T00:00:00,TRAFFIC_BLOCK,300,COMPLETED
TASK-05845,AST-679,,DEP-001,SEC-006,PREVENTIVE,2024-02-21T00:00:00,2024-02-21T05:00:00,2024-03-07T00:00:00,TRAFFIC_BLOCK,300,COMPLETED
TASK-05846,AST-679,,DEP-001,SEC-006,PREVENTIVE,2025-02-20T00:00:00,2025-02-20T05:00:00,2025-03-07T00:00:00,TRAFFIC_BLOCK,300,COMPLETED
TASK-05847,AST-679,,DEP-001,SEC-006,PREVENTIVE,2026-02-20T00:00:00,2026-02-20T05:00:00,2026-03-07T00:00:00,TRAFFIC_BLOCK,300,COMPLETED
TASK-05848,AST-680,,DEP-001,SEC-002,PREVENTIVE,2024-04-27T00:00:00,2024-04-27T05:00:00,2024-05-12T00:00:00,TRAFFIC_BLOCK,300,COMPLETED
TASK-05849,AST-680,,DEP-001,SEC-002,PREVENTIVE,2025-04-27T00:00:00,2025-04-27T05:00:00,2025-05-12T00:00:00,TRAFFIC_BLOCK,300,COMPLETED
TASK-05850,AST-680,,DEP-001,SEC-002,PREVENTIVE,2026-04-27T00:00:00,2026-04-27T05:00:00,2026-05-12T00:00:00,TRAFFIC_BLOCK,300,COMPLETED
TASK-05857,AST-682,,DEP-001,SEC-001,PREVENTIVE,2024-05-22T00:00:00,2024-05-22T05:00:00,2024-06-06T00:00:00,TRAFFIC_BLOCK,300,COMPLETED
TASK-05858,AST-682,,DEP-001,SEC-001,PREVENTIVE,2025-05-22T00:00:00,2025-05-22T05:00:00,2025-06-06T00:00:00,TRAFFIC_BLOCK,300,COMPLETED
TASK-05859,AST-682,,DEP-001,SEC-001,PREVENTIVE,2026-05-22T00:00:00,2026-05-22T05:00:00,2026-06-06T00:00:00,TRAFFIC_BLOCK,300,COMPLETED
TASK-05896,AST-687,,DEP-001,SEC-002,PREVENTIVE,2024-03-02T00:00:00,2024-03-02T05:00:00,2024-03-17T00:00:00,TRAFFIC_BLOCK,300,COMPLETED
TASK-05897,AST-687,,DEP-001,SEC-002,PREVENTIVE,2025-03-02T00:00:00,2025-03-02T05:00:00,2025-03-17T00:00:00,TRAFFIC_BLOCK,300,COMPLETED
TASK-05898,AST-687,,DEP-001,SEC-002,PREVENTIVE,2026-03-02T00:00:00,2026-03-02T05:00:00,2026-03-17T00:00:00,TRAFFIC_BLOCK,300,COMPLETED
TASK-05905,AST-689,,DEP-001,SEC-006,PREVENTIVE,2023-12-13T00:00:00,2023-12-13T05:00:00,2023-12-28T00:00:00,TRAFFIC_BLOCK,300,COMPLETED
TASK-05906,AST-689,,DEP-001,SEC-006,PREVENTIVE,2024-12-12T00:00:00,2024-12-12T05:00:00,2024-12-27T00:00:00,TRAFFIC_BLOCK,300,COMPLETED
TASK-05907,AST-689,,DEP-001,SEC-006,PREVENTIVE,2025-12-12T00:00:00,2025-12-12T05:00:00,2025-12-27T00:00:00,TRAFFIC_BLOCK,300,COMPLETED
TASK-05908,AST-690,,DEP-001,SEC-002,PREVENTIVE,2024-06-02T00:00:00,2024-06-02T05:00:00,2024-06-17T00:00:00,TRAFFIC_BLOCK,300,COMPLETED
TASK-05909,AST-690,,DEP-001,SEC-002,PREVENTIVE,2025-06-02T00:00:00,2025-06-02T05:00:00,2025-06-17T00:00:00,TRAFFIC_BLOCK,300,COMPLETED
TASK-05910,AST-690,,DEP-001,SEC-002,PREVENTIVE,2026-06-02T00:00:00,2026-06-02T05:00:00,2026-06-17T00:00:00,TRAFFIC_BLOCK,300,COMPLETED
TASK-05911,AST-691,,DEP-001,SEC-002,PREVENTIVE,2024-07-11T00:00:00,2024-07-11T05:00:00,2024-07-26T00:00:00,TRAFFIC_BLOCK,300,COMPLETED
TASK-05912,AST-691,,DEP-001,SEC-002,PREVENTIVE,2025-07-11T00:00:00,2025-07-11T05:00:00,2025-07-26T00:00:00,TRAFFIC_BLOCK,300,COMPLETED
TASK-05913,AST-691,,DEP-001,SEC-002,PREVENTIVE,2026-07-11T00:00:00,2026-07-11T05:00:00,2026-07-26T00:00:00,TRAFFIC_BLOCK,300,COMPLETED
TASK-05938,AST-694,,DEP-001,SEC-006,PREVENTIVE,2024-06-11T00:00:00,2024-06-11T05:00:00,2024-06-26T00:00:00,TRAFFIC_BLOCK,300,COMPLETED
TASK-05939,AST-694,,DEP-001,SEC-006,PREVENTIVE,2025-06-11T00:00:00,2025-06-11T05:00:00,2025-06-26T00:00:00,TRAFFIC_BLOCK,300,COMPLETED
TASK-05940,AST-694,,DEP-001,SEC-006,PREVENTIVE,2026-06-11T00:00:00,2026-06-11T05:00:00,2026-06-26T00:00:00,TRAFFIC_BLOCK,300,COMPLETED
TASK-05953,AST-697,,DEP-001,SEC-003,PREVENTIVE,2023-09-22T00:00:00,2023-09-22T05:00:00,2023-10-07T00:00:00,TRAFFIC_BLOCK,300,COMPLETED
TASK-05954,AST-697,,DEP-001,SEC-003,PREVENTIVE,2024-09-21T00:00:00,2024-09-21T05:00:00,2024-10-06T00:00:00,TRAFFIC_BLOCK,300,COMPLETED
TASK-05955,AST-697,,DEP-001,SEC-003,PREVENTIVE,2025-09-21T00:00:00,2025-09-21T05:00:00,2025-10-06T00:00:00,TRAFFIC_BLOCK,300,COMPLETED
TASK-05974,AST-700,,DEP-001,SEC-003,PREVENTIVE,2023-11-05T00:00:00,2023-11-05T05:00:00,2023-11-20T00:00:00,TRAFFIC_BLOCK,300,COMPLETED
TASK-05975,AST-700,,DEP-001,SEC-003,PREVENTIVE,2024-11-04T00:00:00,2024-11-04T05:00:00,2024-11-19T00:00:00,TRAFFIC_BLOCK,300,COMPLETED
TASK-05976,AST-700,,DEP-001,SEC-003,PREVENTIVE,2025-11-04T00:00:00,2025-11-04T05:00:00,2025-11-19T00:00:00,TRAFFIC_BLOCK,300,COMPLETED
TASK-05983,AST-702,,DEP-001,SEC-002,PREVENTIVE,2023-12-19T00:00:00,2023-12-19T05:00:00,2024-01-03T00:00:00,TRAFFIC_BLOCK,300,COMPLETED
TASK-05984,AST-702,,DEP-001,SEC-002,PREVENTIVE,2024-12-18T00:00:00,2024-12-18T05:00:00,2025-01-02T00:00:00,TRAFFIC_BLOCK,300,COMPLETED
TASK-05985,AST-702,,DEP-001,SEC-002,PREVENTIVE,2025-12-18T00:00:00,2025-12-18T05:00:00,2026-01-02T00:00:00,TRAFFIC_BLOCK,300,COMPLETED
TASK-06022,AST-707,,DEP-001,SEC-001,PREVENTIVE,2023-12-28T00:00:00,2023-12-28T05:00:00,2024-01-12T00:00:00,TRAFFIC_BLOCK,300,COMPLETED
TASK-06023,AST-707,,DEP-001,SEC-001,PREVENTIVE,2024-12-27T00:00:00,2024-12-27T05:00:00,2025-01-11T00:00:00,TRAFFIC_BLOCK,300,COMPLETED
TASK-06024,AST-707,,DEP-001,SEC-001,PREVENTIVE,2025-12-27T00:00:00,2025-12-27T05:00:00,2026-01-11T00:00:00,TRAFFIC_BLOCK,300,COMPLETED
TASK-06025,AST-708,,DEP-001,SEC-003,PREVENTIVE,2024-02-26T00:00:00,2024-02-26T05:00:00,2024-03-12T00:00:00,TRAFFIC_BLOCK,300,COMPLETED
TASK-06026,AST-708,,DEP-001,SEC-003,PREVENTIVE,2025-02-25T00:00:00,2025-02-25T05:00:00,2025-03-12T00:00:00,TRAFFIC_BLOCK,300,COMPLETED
TASK-06027,AST-708,,DEP-001,SEC-003,PREVENTIVE,2026-02-25T00:00:00,2026-02-25T05:00:00,2026-03-12T00:00:00,TRAFFIC_BLOCK,300,COMPLETED
TASK-06028,AST-709,,DEP-001,SEC-005,PREVENTIVE,2023-10-21T00:00:00,2023-10-21T05:00:00,2023-11-05T00:00:00,TRAFFIC_BLOCK,300,COMPLETED
TASK-06029,AST-709,,DEP-001,SEC-005,PREVENTIVE,2024-10-20T00:00:00,2024-10-20T05:00:00,2024-11-04T00:00:00,TRAFFIC_BLOCK,300,COMPLETED
TASK-06030,AST-709,,DEP-001,SEC-005,PREVENTIVE,2025-10-20T00:00:00,2025-10-20T05:00:00,2025-11-04T00:00:00,TRAFFIC_BLOCK,300,COMPLETED
TASK-06037,AST-711,,DEP-001,SEC-005,PREVENTIVE,2024-07-22T00:00:00,2024-07-22T05:00:00,2024-08-06T00:00:00,TRAFFIC_BLOCK,300,COMPLETED
TASK-06038,AST-711,,DEP-001,SEC-005,PREVENTIVE,2025-07-22T00:00:00,2025-07-22T05:00:00,2025-08-06T00:00:00,TRAFFIC_BLOCK,300,COMPLETED
TASK-06039,AST-711,,DEP-001,SEC-005,PREVENTIVE,2026-07-22T00:00:00,2026-07-22T05:00:00,2026-08-06T00:00:00,TRAFFIC_BLOCK,300,COMPLETED
TASK-06040,AST-712,,DEP-001,SEC-006,PREVENTIVE,2023-12-03T00:00:00,2023-12-03T05:00:00,2023-12-18T00:00:00,TRAFFIC_BLOCK,300,COMPLETED
TASK-06041,AST-712,,DEP-001,SEC-006,PREVENTIVE,2024-12-02T00:00:00,2024-12-02T05:00:00,2024-12-17T00:00:00,TRAFFIC_BLOCK,300,COMPLETED
TASK-06042,AST-712,,DEP-001,SEC-006,PREVENTIVE,2025-12-02T00:00:00,2025-12-02T05:00:00,2025-12-17T00:00:00,TRAFFIC_BLOCK,300,COMPLETED
TASK-06073,AST-716,,DEP-001,SEC-006,PREVENTIVE,2024-05-08T00:00:00,2024-05-08T05:00:00,2024-05-23T00:00:00,TRAFFIC_BLOCK,300,COMPLETED
TASK-06074,AST-716,,DEP-001,SEC-006,PREVENTIVE,2025-05-08T00:00:00,2025-05-08T05:00:00,2025-05-23T00:00:00,TRAFFIC_BLOCK,300,COMPLETED
TASK-06075,AST-716,,DEP-001,SEC-006,PREVENTIVE,2026-05-08T00:00:00,2026-05-08T05:00:00,2026-05-23T00:00:00,TRAFFIC_BLOCK,300,COMPLETED
TASK-06082,AST-718,,DEP-001,SEC-006,PREVENTIVE,2023-09-20T00:00:00,2023-09-20T05:00:00,2023-10-05T00:00:00,TRAFFIC_BLOCK,300,COMPLETED
TASK-06083,AST-718,,DEP-001,SEC-006,PREVENTIVE,2024-09-19T00:00:00,2024-09-19T05:00:00,2024-10-04T00:00:00,TRAFFIC_BLOCK,300,COMPLETED
TASK-06084,AST-718,,DEP-001,SEC-006,PREVENTIVE,2025-09-19T00:00:00,2025-09-19T05:00:00,2025-10-04T00:00:00,TRAFFIC_BLOCK,300,COMPLETED
TASK-06085,AST-719,,DEP-001,SEC-002,PREVENTIVE,2024-03-09T00:00:00,2024-03-09T05:00:00,2024-03-24T00:00:00,TRAFFIC_BLOCK,300,COMPLETED
TASK-06086,AST-719,,DEP-001,SEC-002,PREVENTIVE,2025-03-09T00:00:00,2025-03-09T05:00:00,2025-03-24T00:00:00,TRAFFIC_BLOCK,300,COMPLETED
TASK-06087,AST-719,,DEP-001,SEC-002,PREVENTIVE,2026-03-09T00:00:00,2026-03-09T05:00:00,2026-03-24T00:00:00,TRAFFIC_BLOCK,300,COMPLETED
TASK-06088,AST-720,,DEP-001,SEC-006,PREVENTIVE,2024-01-11T00:00:00,2024-01-11T05:00:00,2024-01-26T00:00:00,TRAFFIC_BLOCK,300,COMPLETED
TASK-06089,AST-720,,DEP-001,SEC-006,PREVENTIVE,2025-01-10T00:00:00,2025-01-10T05:00:00,2025-01-25T00:00:00,TRAFFIC_BLOCK,300,COMPLETED
TASK-06090,AST-720,,DEP-001,SEC-006,PREVENTIVE,2026-01-10T00:00:00,2026-01-10T05:00:00,2026-01-25T00:00:00,TRAFFIC_BLOCK,300,COMPLETED
TASK-06109,AST-723,,DEP-001,SEC-004,PREVENTIVE,2023-11-07T00:00:00,2023-11-07T05:00:00,2023-11-22T00:00:00,TRAFFIC_BLOCK,300,COMPLETED
TASK-06110,AST-723,,DEP-001,SEC-004,PREVENTIVE,2024-11-06T00:00:00,2024-11-06T05:00:00,2024-11-21T00:00:00,TRAFFIC_BLOCK,300,COMPLETED
TASK-06111,AST-723,,DEP-001,SEC-004,PREVENTIVE,2025-11-06T00:00:00,2025-11-06T05:00:00,2025-11-21T00:00:00,TRAFFIC_BLOCK,300,COMPLETED
TASK-06118,AST-725,,DEP-001,SEC-005,PREVENTIVE,2024-06-06T00:00:00,2024-06-06T05:00:00,2024-06-21T00:00:00,TRAFFIC_BLOCK,300,COMPLETED
TASK-06119,AST-725,,DEP-001,SEC-005,PREVENTIVE,2025-06-06T00:00:00,2025-06-06T05:00:00,2025-06-21T00:00:00,TRAFFIC_BLOCK,300,COMPLETED
TASK-06120,AST-725,,DEP-001,SEC-005,PREVENTIVE,2026-06-06T00:00:00,2026-06-06T05:00:00,2026-06-21T00:00:00,TRAFFIC_BLOCK,300,COMPLETED
TASK-06121,AST-726,,DEP-001,SEC-001,PREVENTIVE,2024-03-11T00:00:00,2024-03-11T05:00:00,2024-03-26T00:00:00,TRAFFIC_BLOCK,300,COMPLETED
TASK-06122,AST-726,,DEP-001,SEC-001,PREVENTIVE,2025-03-11T00:00:00,2025-03-11T05:00:00,2025-03-26T00:00:00,TRAFFIC_BLOCK,300,COMPLETED
TASK-06123,AST-726,,DEP-001,SEC-001,PREVENTIVE,2026-03-11T00:00:00,2026-03-11T05:00:00,2026-03-26T00:00:00,TRAFFIC_BLOCK,300,COMPLETED
TASK-06124,AST-727,,DEP-001,SEC-003,PREVENTIVE,2023-11-16T00:00:00,2023-11-16T05:00:00,2023-12-01T00:00:00,TRAFFIC_BLOCK,300,COMPLETED
TASK-06125,AST-727,,DEP-001,SEC-003,PREVENTIVE,2024-11-15T00:00:00,2024-11-15T05:00:00,2024-11-30T00:00:00,TRAFFIC_BLOCK,300,COMPLETED
TASK-06126,AST-727,,DEP-001,SEC-003,PREVENTIVE,2025-11-15T00:00:00,2025-11-15T05:00:00,2025-11-30T00:00:00,TRAFFIC_BLOCK,300,COMPLETED
TASK-06127,AST-728,,DEP-001,SEC-002,PREVENTIVE,2024-03-20T00:00:00,2024-03-20T05:00:00,2024-04-04T00:00:00,TRAFFIC_BLOCK,300,COMPLETED
TASK-06128,AST-728,,DEP-001,SEC-002,PREVENTIVE,2025-03-20T00:00:00,2025-03-20T05:00:00,2025-04-04T00:00:00,TRAFFIC_BLOCK,300,COMPLETED
TASK-06129,AST-728,,DEP-001,SEC-002,PREVENTIVE,2026-03-20T00:00:00,2026-03-20T05:00:00,2026-04-04T00:00:00,TRAFFIC_BLOCK,300,COMPLETED
TASK-06142,AST-731,,DEP-001,SEC-002,PREVENTIVE,2024-02-15T00:00:00,2024-02-15T05:00:00,2024-03-01T00:00:00,TRAFFIC_BLOCK,300,COMPLETED
TASK-06143,AST-731,,DEP-001,SEC-002,PREVENTIVE,2025-02-14T00:00:00,2025-02-14T05:00:00,2025-03-01T00:00:00,TRAFFIC_BLOCK,300,COMPLETED
TASK-06144,AST-731,,DEP-001,SEC-002,PREVENTIVE,2026-02-14T00:00:00,2026-02-14T05:00:00,2026-03-01T00:00:00,TRAFFIC_BLOCK,300,COMPLETED
TASK-06145,AST-732,,DEP-001,SEC-004,PREVENTIVE,2023-10-08T00:00:00,2023-10-08T05:00:00,2023-10-23T00:00:00,TRAFFIC_BLOCK,300,COMPLETED
TASK-06146,AST-732,,DEP-001,SEC-004,PREVENTIVE,2024-10-07T00:00:00,2024-10-07T05:00:00,2024-10-22T00:00:00,TRAFFIC_BLOCK,300,COMPLETED
TASK-06147,AST-732,,DEP-001,SEC-004,PREVENTIVE,2025-10-07T00:00:00,2025-10-07T05:00:00,2025-10-22T00:00:00,TRAFFIC_BLOCK,300,COMPLETED
TASK-06154,AST-734,,DEP-001,SEC-004,PREVENTIVE,2023-09-02T00:00:00,2023-09-02T05:00:00,2023-09-17T00:00:00,TRAFFIC_BLOCK,300,COMPLETED
TASK-06155,AST-734,,DEP-001,SEC-004,PREVENTIVE,2024-09-01T00:00:00,2024-09-01T05:00:00,2024-09-16T00:00:00,TRAFFIC_BLOCK,300,COMPLETED
TASK-06156,AST-734,,DEP-001,SEC-004,PREVENTIVE,2025-09-01T00:00:00,2025-09-01T05:00:00,2025-09-16T00:00:00,TRAFFIC_BLOCK,300,COMPLETED
TASK-06157,AST-735,,DEP-001,SEC-001,PREVENTIVE,2023-12-14T00:00:00,2023-12-14T05:00:00,2023-12-29T00:00:00,TRAFFIC_BLOCK,300,COMPLETED
TASK-06158,AST-735,,DEP-001,SEC-001,PREVENTIVE,2024-12-13T00:00:00,2024-12-13T05:00:00,2024-12-28T00:00:00,TRAFFIC_BLOCK,300,COMPLETED
TASK-06159,AST-735,,DEP-001,SEC-001,PREVENTIVE,2025-12-13T00:00:00,2025-12-13T05:00:00,2025-12-28T00:00:00,TRAFFIC_BLOCK,300,COMPLETED
TASK-06166,AST-737,,DEP-001,SEC-006,PREVENTIVE,2023-12-17T00:00:00,2023-12-17T05:00:00,2024-01-01T00:00:00,TRAFFIC_BLOCK,300,COMPLETED
TASK-06167,AST-737,,DEP-001,SEC-006,PREVENTIVE,2024-12-16T00:00:00,2024-12-16T05:00:00,2024-12-31T00:00:00,TRAFFIC_BLOCK,300,COMPLETED
TASK-06168,AST-737,,DEP-001,SEC-006,PREVENTIVE,2025-12-16T00:00:00,2025-12-16T05:00:00,2025-12-31T00:00:00,TRAFFIC_BLOCK,300,COMPLETED
TASK-06193,AST-740,,DEP-001,SEC-003,PREVENTIVE,2023-09-13T00:00:00,2023-09-13T05:00:00,2023-09-28T00:00:00,TRAFFIC_BLOCK,300,COMPLETED
TASK-06194,AST-740,,DEP-001,SEC-003,PREVENTIVE,2024-09-12T00:00:00,2024-09-12T05:00:00,2024-09-27T00:00:00,TRAFFIC_BLOCK,300,COMPLETED
TASK-06195,AST-740,,DEP-001,SEC-003,PREVENTIVE,2025-09-12T00:00:00,2025-09-12T05:00:00,2025-09-27T00:00:00,TRAFFIC_BLOCK,300,COMPLETED
TASK-06196,AST-741,,DEP-001,SEC-003,PREVENTIVE,2023-08-20T00:00:00,2023-08-20T05:00:00,2023-09-04T00:00:00,TRAFFIC_BLOCK,300,COMPLETED
TASK-06197,AST-741,,DEP-001,SEC-003,PREVENTIVE,2024-08-19T00:00:00,2024-08-19T05:00:00,2024-09-03T00:00:00,TRAFFIC_BLOCK,300,COMPLETED
TASK-06198,AST-741,,DEP-001,SEC-003,PREVENTIVE,2025-08-19T00:00:00,2025-08-19T05:00:00,2025-09-03T00:00:00,TRAFFIC_BLOCK,300,COMPLETED
TASK-06223,AST-744,,DEP-001,SEC-004,PREVENTIVE,2023-10-22T00:00:00,2023-10-22T05:00:00,2023-11-06T00:00:00,TRAFFIC_BLOCK,300,COMPLETED
TASK-06224,AST-744,,DEP-001,SEC-004,PREVENTIVE,2024-10-21T00:00:00,2024-10-21T05:00:00,2024-11-05T00:00:00,TRAFFIC_BLOCK,300,COMPLETED
TASK-06225,AST-744,,DEP-001,SEC-004,PREVENTIVE,2025-10-21T00:00:00,2025-10-21T05:00:00,2025-11-05T00:00:00,TRAFFIC_BLOCK,300,COMPLETED
TASK-06244,AST-747,,DEP-001,SEC-001,PREVENTIVE,2023-11-28T00:00:00,2023-11-28T05:00:00,2023-12-13T00:00:00,TRAFFIC_BLOCK,300,COMPLETED
TASK-06245,AST-747,,DEP-001,SEC-001,PREVENTIVE,2024-11-27T00:00:00,2024-11-27T05:00:00,2024-12-12T00:00:00,TRAFFIC_BLOCK,300,COMPLETED
TASK-06246,AST-747,,DEP-001,SEC-001,PREVENTIVE,2025-11-27T00:00:00,2025-11-27T05:00:00,2025-12-12T00:00:00,TRAFFIC_BLOCK,300,COMPLETED
TASK-06247,AST-748,,DEP-001,SEC-002,PREVENTIVE,2023-11-09T00:00:00,2023-11-09T05:00:00,2023-11-24T00:00:00,TRAFFIC_BLOCK,300,COMPLETED
TASK-06248,AST-748,,DEP-001,SEC-002,PREVENTIVE,2024-11-08T00:00:00,2024-11-08T05:00:00,2024-11-23T00:00:00,TRAFFIC_BLOCK,300,COMPLETED
TASK-06249,AST-748,,DEP-001,SEC-002,PREVENTIVE,2025-11-08T00:00:00,2025-11-08T05:00:00,2025-11-23T00:00:00,TRAFFIC_BLOCK,300,COMPLETED
TASK-06250,AST-749,,DEP-001,SEC-006,PREVENTIVE,2023-09-14T00:00:00,2023-09-14T05:00:00,2023-09-29T00:00:00,TRAFFIC_BLOCK,300,COMPLETED
TASK-06251,AST-749,,DEP-001,SEC-006,PREVENTIVE,2024-09-13T00:00:00,2024-09-13T05:00:00,2024-09-28T00:00:00,TRAFFIC_BLOCK,300,COMPLETED
TASK-06252,AST-749,,DEP-001,SEC-006,PREVENTIVE,2025-09-13T00:00:00,2025-09-13T05:00:00,2025-09-28T00:00:00,TRAFFIC_BLOCK,300,COMPLETED
TASK-06253,AST-750,,DEP-001,SEC-003,PREVENTIVE,2024-07-12T00:00:00,2024-07-12T05:00:00,2024-07-27T00:00:00,TRAFFIC_BLOCK,300,COMPLETED
TASK-06254,AST-750,,DEP-001,SEC-003,PREVENTIVE,2025-07-12T00:00:00,2025-07-12T05:00:00,2025-07-27T00:00:00,TRAFFIC_BLOCK,300,COMPLETED
TASK-06255,AST-750,,DEP-001,SEC-003,PREVENTIVE,2026-07-12T00:00:00,2026-07-12T05:00:00,2026-07-27T00:00:00,TRAFFIC_BLOCK,300,COMPLETED
TASK-00006,AST-005,DEF-00004,DEP-002,SEC-002,CORRECTIVE,2025-11-14T00:00:00,2025-11-14T00:45:00,2025-11-29T00:00:00,NONE,45,COMPLETED
TASK-00011,AST-009,DEF-00008,DEP-002,SEC-001,CORRECTIVE,2025-01-18T00:00:00,2025-01-18T01:30:00,2025-01-25T00:00:00,SHADOW,90,COMPLETED
TASK-00010,AST-009,DEF-00008,DEP-002,SEC-001,CORRECTIVE,2025-01-08T00:00:00,2025-01-08T01:30:00,2025-01-11T00:00:00,SHADOW,90,DEFERRED
TASK-00012,AST-009,DEF-00009,DEP-002,SEC-001,EMERGENCY,2026-07-25T10:00:00,2026-07-25T13:00:00,2026-07-26T00:00:00,TRAFFIC_BLOCK,180,COMPLETED
TASK-00018,AST-014,DEF-00014,DEP-002,SEC-005,EMERGENCY,2026-01-23T01:00:00,2026-01-23T04:00:00,2026-01-24T00:00:00,TRAFFIC_BLOCK,180,COMPLETED
TASK-00019,AST-014,DEF-00015,DEP-002,SEC-005,CORRECTIVE,2026-03-16T00:00:00,2026-03-16T00:45:00,2026-03-24T00:00:00,NONE,45,COMPLETED
TASK-00020,AST-014,DEF-00016,DEP-002,SEC-005,EMERGENCY,2026-03-24T10:00:00,2026-03-24T13:00:00,2026-03-25T00:00:00,TRAFFIC_BLOCK,180,COMPLETED
TASK-00021,AST-015,DEF-00017,DEP-002,SEC-004,EMERGENCY,2024-04-24T12:00:00,2024-04-24T15:00:00,2024-04-25T00:00:00,TRAFFIC_BLOCK,180,COMPLETED
TASK-00023,AST-020,DEF-00019,DEP-002,SEC-002,EMERGENCY,2024-08-29T02:00:00,2024-08-29T05:00:00,2024-08-30T00:00:00,TRAFFIC_BLOCK,180,COMPLETED
TASK-00024,AST-021,DEF-00020,DEP-002,SEC-004,CORRECTIVE,2024-02-26T00:00:00,2024-02-26T00:45:00,2024-03-10T00:00:00,NONE,45,COMPLETED
TASK-00026,AST-024,DEF-00022,DEP-002,SEC-001,CORRECTIVE,2025-06-10T00:00:00,2025-06-10T00:45:00,2025-06-22T00:00:00,NONE,45,COMPLETED
TASK-00027,AST-026,DEF-00023,DEP-002,SEC-006,CORRECTIVE,2024-02-24T00:00:00,2024-02-24T00:45:00,2024-03-01T00:00:00,NONE,45,CANCELLED
TASK-00028,AST-026,DEF-00024,DEP-002,SEC-006,CORRECTIVE,2024-12-31T00:00:00,2024-12-31T01:30:00,2025-01-05T00:00:00,SHADOW,90,COMPLETED
TASK-00029,AST-026,DEF-00025,DEP-002,SEC-006,CORRECTIVE,2025-01-27T00:00:00,2025-01-27T01:30:00,2025-02-04T00:00:00,SHADOW,90,COMPLETED
TASK-00030,AST-026,DEF-00026,DEP-002,SEC-006,CORRECTIVE,2026-03-16T00:00:00,2026-03-16T00:45:00,2026-03-21T00:00:00,NONE,45,COMPLETED
TASK-00031,AST-026,DEF-00027,DEP-002,SEC-006,CORRECTIVE,2026-07-24T00:00:00,2026-07-24T01:30:00,2026-07-29T00:00:00,SHADOW,90,CANCELLED
TASK-00032,AST-028,DEF-00028,DEP-002,SEC-005,EMERGENCY,2024-03-04T04:00:00,2024-03-04T07:00:00,2024-03-05T00:00:00,TRAFFIC_BLOCK,180,COMPLETED
TASK-00033,AST-030,DEF-00029,DEP-002,SEC-002,CORRECTIVE,2023-09-24T00:00:00,2023-09-24T00:45:00,2023-10-12T00:00:00,NONE,45,COMPLETED
TASK-00034,AST-030,DEF-00030,DEP-002,SEC-002,CORRECTIVE,2026-03-14T00:00:00,2026-03-14T00:45:00,2026-03-30T00:00:00,NONE,45,CANCELLED
TASK-00035,AST-030,DEF-00031,DEP-002,SEC-002,CORRECTIVE,2026-04-01T00:00:00,2026-04-01T01:30:00,2026-04-09T00:00:00,SHADOW,90,COMPLETED
TASK-00037,AST-031,DEF-00032,DEP-002,SEC-001,CORRECTIVE,2024-04-27T00:00:00,2024-04-27T00:45:00,2024-05-04T00:00:00,NONE,45,COMPLETED
TASK-00036,AST-031,DEF-00032,DEP-002,SEC-001,CORRECTIVE,2024-04-20T00:00:00,2024-04-20T00:45:00,2024-05-09T00:00:00,NONE,45,DEFERRED
TASK-00038,AST-031,DEF-00033,DEP-002,SEC-001,CORRECTIVE,2024-10-13T00:00:00,2024-10-13T01:30:00,2024-10-16T00:00:00,SHADOW,90,COMPLETED
TASK-00046,AST-040,DEF-00040,DEP-002,SEC-002,EMERGENCY,2024-12-21T04:00:00,2024-12-21T07:00:00,2024-12-22T00:00:00,TRAFFIC_BLOCK,180,COMPLETED
TASK-00047,AST-040,DEF-00041,DEP-002,SEC-002,CORRECTIVE,2025-02-21T00:00:00,2025-02-21T01:30:00,2025-03-01T00:00:00,SHADOW,90,COMPLETED
TASK-00048,AST-040,DEF-00042,DEP-002,SEC-002,CORRECTIVE,2026-05-05T00:00:00,2026-05-05T00:45:00,2026-05-15T00:00:00,NONE,45,COMPLETED
TASK-00049,AST-042,DEF-00043,DEP-002,SEC-002,CORRECTIVE,2024-05-28T00:00:00,2024-05-28T01:30:00,2024-06-04T00:00:00,SHADOW,90,COMPLETED
TASK-00050,AST-042,DEF-00044,DEP-002,SEC-002,EMERGENCY,2025-05-20T01:00:00,2025-05-20T04:00:00,2025-05-21T00:00:00,TRAFFIC_BLOCK,180,COMPLETED
TASK-00051,AST-043,DEF-00045,DEP-002,SEC-004,CORRECTIVE,2024-07-20T00:00:00,2024-07-20T00:45:00,2024-07-25T00:00:00,NONE,45,COMPLETED
TASK-00056,AST-049,DEF-00050,DEP-002,SEC-001,CORRECTIVE,2024-12-19T00:00:00,2024-12-19T00:45:00,2024-12-28T00:00:00,NONE,45,COMPLETED
TASK-00059,AST-051,DEF-00052,DEP-002,SEC-001,CORRECTIVE,2025-11-29T00:00:00,2025-11-29T00:45:00,2025-12-16T00:00:00,NONE,45,COMPLETED
TASK-00062,AST-055,DEF-00055,DEP-002,SEC-006,CORRECTIVE,2025-08-11T00:00:00,2025-08-11T01:30:00,2025-08-15T00:00:00,SHADOW,90,COMPLETED
TASK-00063,AST-056,DEF-00056,DEP-002,SEC-005,CORRECTIVE,2026-06-08T00:00:00,2026-06-08T00:45:00,2026-06-18T00:00:00,NONE,45,COMPLETED
TASK-00066,AST-060,DEF-00059,DEP-002,SEC-003,CORRECTIVE,2024-01-14T00:00:00,2024-01-14T00:45:00,2024-01-24T00:00:00,NONE,45,COMPLETED
TASK-00067,AST-060,DEF-00060,DEP-002,SEC-003,CORRECTIVE,2025-04-30T00:00:00,2025-04-30T00:45:00,2025-05-18T00:00:00,NONE,45,COMPLETED
TASK-00069,AST-060,DEF-00061,DEP-002,SEC-003,CORRECTIVE,2025-09-16T00:00:00,2025-09-16T00:45:00,2025-09-23T00:00:00,NONE,45,COMPLETED
TASK-00068,AST-060,DEF-00061,DEP-002,SEC-003,CORRECTIVE,2025-09-09T00:00:00,2025-09-09T00:45:00,2025-09-15T00:00:00,NONE,45,DEFERRED
TASK-00070,AST-061,DEF-00062,DEP-002,SEC-002,CORRECTIVE,2025-01-04T00:00:00,2025-01-04T01:30:00,2025-01-07T00:00:00,SHADOW,90,COMPLETED
TASK-00071,AST-061,DEF-00063,DEP-002,SEC-002,EMERGENCY,2025-06-26T05:00:00,2025-06-26T08:00:00,2025-06-27T00:00:00,TRAFFIC_BLOCK,180,COMPLETED
TASK-00072,AST-061,DEF-00064,DEP-002,SEC-002,CORRECTIVE,2025-11-14T00:00:00,2025-11-14T00:45:00,2025-11-23T00:00:00,NONE,45,COMPLETED
TASK-00073,AST-061,DEF-00065,DEP-002,SEC-002,CORRECTIVE,2026-05-29T00:00:00,2026-05-29T01:30:00,2026-06-01T00:00:00,SHADOW,90,COMPLETED
TASK-00074,AST-062,DEF-00066,DEP-002,SEC-004,EMERGENCY,2026-05-31T01:00:00,2026-05-31T04:00:00,2026-06-01T00:00:00,TRAFFIC_BLOCK,180,CANCELLED
TASK-00079,AST-071,DEF-00071,DEP-002,SEC-005,CORRECTIVE,2024-10-06T00:00:00,2024-10-06T00:45:00,2024-10-24T00:00:00,NONE,45,COMPLETED
TASK-00081,AST-074,DEF-00073,DEP-002,SEC-005,CORRECTIVE,2025-03-24T00:00:00,2025-03-24T01:30:00,2025-04-01T00:00:00,SHADOW,90,COMPLETED
TASK-00082,AST-074,DEF-00074,DEP-002,SEC-005,CORRECTIVE,2025-11-05T00:00:00,2025-11-05T00:45:00,2025-11-17T00:00:00,NONE,45,COMPLETED
TASK-00083,AST-076,DEF-00075,DEP-002,SEC-004,CORRECTIVE,2025-10-30T00:00:00,2025-10-30T00:45:00,2025-11-05T00:00:00,NONE,45,COMPLETED
TASK-00089,AST-078,DEF-00079,DEP-002,SEC-005,CORRECTIVE,2025-05-21T00:00:00,2025-05-21T00:45:00,2025-06-03T00:00:00,NONE,45,COMPLETED
TASK-00100,AST-093,DEF-00088,DEP-002,SEC-005,CORRECTIVE,2023-10-18T00:00:00,2023-10-18T00:45:00,2023-11-07T00:00:00,NONE,45,CANCELLED
TASK-00102,AST-093,DEF-00089,DEP-002,SEC-005,CORRECTIVE,2024-03-29T00:00:00,2024-03-29T00:45:00,2024-04-05T00:00:00,NONE,45,COMPLETED
TASK-00101,AST-093,DEF-00089,DEP-002,SEC-005,CORRECTIVE,2024-03-26T00:00:00,2024-03-26T00:45:00,2024-04-05T00:00:00,NONE,45,DEFERRED
TASK-00103,AST-093,DEF-00090,DEP-002,SEC-005,CORRECTIVE,2025-10-10T00:00:00,2025-10-10T00:45:00,2025-10-27T00:00:00,NONE,45,COMPLETED
TASK-00104,AST-093,DEF-00091,DEP-002,SEC-005,CORRECTIVE,2025-11-29T00:00:00,2025-11-29T01:30:00,2025-12-06T00:00:00,SHADOW,90,COMPLETED
TASK-00105,AST-093,DEF-00092,DEP-002,SEC-005,CORRECTIVE,2026-01-06T00:00:00,2026-01-06T00:45:00,2026-01-25T00:00:00,NONE,45,COMPLETED
TASK-00107,AST-095,DEF-00093,DEP-002,SEC-006,CORRECTIVE,2023-11-24T00:00:00,2023-11-24T00:45:00,2023-12-01T00:00:00,NONE,45,COMPLETED
TASK-00106,AST-095,DEF-00093,DEP-002,SEC-006,CORRECTIVE,2023-11-19T00:00:00,2023-11-19T00:45:00,2023-11-29T00:00:00,NONE,45,DEFERRED
TASK-00109,AST-096,DEF-00094,DEP-002,SEC-004,CORRECTIVE,2025-10-19T00:00:00,2025-10-19T00:45:00,2025-10-26T00:00:00,NONE,45,COMPLETED
TASK-00108,AST-096,DEF-00094,DEP-002,SEC-004,CORRECTIVE,2025-10-09T00:00:00,2025-10-09T00:45:00,2025-10-18T00:00:00,NONE,45,DEFERRED
TASK-00110,AST-098,DEF-00095,DEP-002,SEC-004,CORRECTIVE,2024-07-07T00:00:00,2024-07-07T01:30:00,2024-07-13T00:00:00,SHADOW,90,COMPLETED
TASK-00111,AST-098,DEF-00096,DEP-002,SEC-004,CORRECTIVE,2025-03-16T00:00:00,2025-03-16T00:45:00,2025-03-30T00:00:00,NONE,45,COMPLETED
TASK-00113,AST-099,DEF-00097,DEP-002,SEC-006,CORRECTIVE,2025-07-23T00:00:00,2025-07-23T00:45:00,2025-07-30T00:00:00,NONE,45,COMPLETED
TASK-00112,AST-099,DEF-00097,DEP-002,SEC-006,CORRECTIVE,2025-07-21T00:00:00,2025-07-21T00:45:00,2025-07-29T00:00:00,NONE,45,DEFERRED
TASK-00115,AST-100,DEF-00098,DEP-002,SEC-003,CORRECTIVE,2024-02-10T00:00:00,2024-02-10T01:30:00,2024-02-17T00:00:00,SHADOW,90,COMPLETED
TASK-00114,AST-100,DEF-00098,DEP-002,SEC-003,CORRECTIVE,2024-02-07T00:00:00,2024-02-07T01:30:00,2024-02-13T00:00:00,SHADOW,90,DEFERRED
TASK-00116,AST-100,DEF-00099,DEP-002,SEC-003,CORRECTIVE,2025-08-21T00:00:00,2025-08-21T00:45:00,2025-08-26T00:00:00,NONE,45,CANCELLED
TASK-00121,AST-104,DEF-00102,DEP-002,SEC-004,CORRECTIVE,2024-02-06T00:00:00,2024-02-06T00:45:00,2024-02-13T00:00:00,NONE,45,COMPLETED
TASK-00120,AST-104,DEF-00102,DEP-002,SEC-004,CORRECTIVE,2024-01-30T00:00:00,2024-01-30T00:45:00,2024-02-06T00:00:00,NONE,45,DEFERRED
TASK-00122,AST-104,DEF-00103,DEP-002,SEC-004,CORRECTIVE,2025-08-11T00:00:00,2025-08-11T00:45:00,2025-08-29T00:00:00,NONE,45,COMPLETED
TASK-00123,AST-104,DEF-00104,DEP-002,SEC-004,CORRECTIVE,2026-08-13T00:00:00,2026-08-13T00:45:00,2026-08-24T00:00:00,NONE,45,PLANNED
TASK-00124,AST-105,DEF-00105,DEP-002,SEC-004,EMERGENCY,2024-11-17T01:00:00,2024-11-17T04:00:00,2024-11-18T00:00:00,TRAFFIC_BLOCK,180,COMPLETED
TASK-00125,AST-105,DEF-00106,DEP-002,SEC-004,CORRECTIVE,2025-03-07T00:00:00,2025-03-07T00:45:00,2025-03-17T00:00:00,NONE,45,CANCELLED
TASK-00126,AST-105,DEF-00107,DEP-002,SEC-004,CORRECTIVE,2025-09-20T00:00:00,2025-09-20T01:30:00,2025-09-23T00:00:00,SHADOW,90,COMPLETED
TASK-00128,AST-105,DEF-00108,DEP-002,SEC-004,CORRECTIVE,2025-12-10T00:00:00,2025-12-10T00:45:00,2025-12-17T00:00:00,NONE,45,COMPLETED
TASK-00127,AST-105,DEF-00108,DEP-002,SEC-004,CORRECTIVE,2025-12-03T00:00:00,2025-12-03T00:45:00,2025-12-12T00:00:00,NONE,45,DEFERRED
TASK-00130,AST-107,DEF-00109,DEP-002,SEC-006,CORRECTIVE,2023-10-18T00:00:00,2023-10-18T00:45:00,2023-10-25T00:00:00,NONE,45,COMPLETED
TASK-00129,AST-107,DEF-00109,DEP-002,SEC-006,CORRECTIVE,2023-10-09T00:00:00,2023-10-09T00:45:00,2023-10-20T00:00:00,NONE,45,DEFERRED
TASK-00133,AST-114,DEF-00112,DEP-002,SEC-001,CORRECTIVE,2023-11-29T00:00:00,2023-11-29T01:30:00,2023-12-07T00:00:00,SHADOW,90,COMPLETED
TASK-00134,AST-114,DEF-00113,DEP-002,SEC-001,CORRECTIVE,2024-03-18T00:00:00,2024-03-18T00:45:00,2024-03-26T00:00:00,NONE,45,COMPLETED
TASK-00135,AST-114,DEF-00114,DEP-002,SEC-001,EMERGENCY,2025-09-17T06:00:00,2025-09-17T09:00:00,2025-09-18T00:00:00,TRAFFIC_BLOCK,180,COMPLETED
TASK-00136,AST-114,DEF-00115,DEP-002,SEC-001,CORRECTIVE,2026-06-20T00:00:00,2026-06-20T01:30:00,2026-06-24T00:00:00,SHADOW,90,COMPLETED
TASK-00137,AST-114,DEF-00116,DEP-002,SEC-001,CORRECTIVE,2026-07-20T00:00:00,2026-07-20T01:30:00,2026-07-24T00:00:00,SHADOW,90,COMPLETED
TASK-00138,AST-115,DEF-00117,DEP-002,SEC-001,CORRECTIVE,2024-07-31T00:00:00,2024-07-31T00:45:00,2024-08-05T00:00:00,NONE,45,COMPLETED
TASK-00140,AST-115,DEF-00118,DEP-002,SEC-001,CORRECTIVE,2025-12-22T00:00:00,2025-12-22T00:45:00,2025-12-29T00:00:00,NONE,45,COMPLETED
TASK-00139,AST-115,DEF-00118,DEP-002,SEC-001,CORRECTIVE,2025-12-19T00:00:00,2025-12-19T00:45:00,2025-12-28T00:00:00,NONE,45,DEFERRED
TASK-00142,AST-118,DEF-00119,DEP-002,SEC-005,EMERGENCY,2025-10-22T06:00:00,2025-10-22T09:00:00,2025-10-29T06:00:00,TRAFFIC_BLOCK,180,COMPLETED
TASK-00141,AST-118,DEF-00119,DEP-002,SEC-005,EMERGENCY,2025-10-17T06:00:00,2025-10-17T09:00:00,2025-10-18T00:00:00,TRAFFIC_BLOCK,180,DEFERRED
TASK-00143,AST-118,DEF-00120,DEP-002,SEC-005,CORRECTIVE,2026-05-08T00:00:00,2026-05-08T00:45:00,2026-05-15T00:00:00,NONE,45,COMPLETED
TASK-00145,AST-122,DEF-00122,DEP-002,SEC-001,CORRECTIVE,2024-06-04T00:00:00,2024-06-04T01:30:00,2024-06-12T00:00:00,SHADOW,90,COMPLETED
TASK-00146,AST-122,DEF-00123,DEP-002,SEC-001,CORRECTIVE,2025-05-04T00:00:00,2025-05-04T01:30:00,2025-05-08T00:00:00,SHADOW,90,COMPLETED
TASK-00147,AST-122,DEF-00124,DEP-002,SEC-001,CORRECTIVE,2025-08-07T00:00:00,2025-08-07T00:45:00,2025-08-26T00:00:00,NONE,45,COMPLETED
TASK-00152,AST-129,DEF-00128,DEP-002,SEC-005,EMERGENCY,2024-10-29T05:00:00,2024-10-29T08:00:00,2024-11-05T05:00:00,TRAFFIC_BLOCK,180,COMPLETED
TASK-00151,AST-129,DEF-00128,DEP-002,SEC-005,EMERGENCY,2024-10-23T05:00:00,2024-10-23T08:00:00,2024-10-24T00:00:00,TRAFFIC_BLOCK,180,DEFERRED
TASK-00153,AST-129,DEF-00129,DEP-002,SEC-005,EMERGENCY,2024-11-22T03:00:00,2024-11-22T06:00:00,2024-11-23T00:00:00,TRAFFIC_BLOCK,180,COMPLETED
TASK-00154,AST-130,DEF-00130,DEP-002,SEC-002,CORRECTIVE,2023-08-23T00:00:00,2023-08-23T00:45:00,2023-09-05T00:00:00,NONE,45,COMPLETED
TASK-00155,AST-130,DEF-00131,DEP-002,SEC-002,CORRECTIVE,2025-09-28T00:00:00,2025-09-28T01:30:00,2025-10-04T00:00:00,SHADOW,90,COMPLETED
TASK-00157,AST-131,DEF-00132,DEP-002,SEC-003,CORRECTIVE,2023-11-24T00:00:00,2023-11-24T00:45:00,2023-12-01T00:00:00,NONE,45,COMPLETED
TASK-00156,AST-131,DEF-00132,DEP-002,SEC-003,CORRECTIVE,2023-11-21T00:00:00,2023-11-21T00:45:00,2023-12-03T00:00:00,NONE,45,DEFERRED
TASK-00160,AST-138,DEF-00135,DEP-002,SEC-006,CORRECTIVE,2025-02-17T00:00:00,2025-02-17T00:45:00,2025-03-06T00:00:00,NONE,45,COMPLETED
TASK-00162,AST-139,DEF-00136,DEP-002,SEC-005,EMERGENCY,2024-07-20T10:00:00,2024-07-20T13:00:00,2024-07-27T10:00:00,TRAFFIC_BLOCK,180,COMPLETED
TASK-00161,AST-139,DEF-00136,DEP-002,SEC-005,EMERGENCY,2024-07-10T10:00:00,2024-07-10T13:00:00,2024-07-11T00:00:00,TRAFFIC_BLOCK,180,DEFERRED
TASK-00163,AST-139,DEF-00137,DEP-002,SEC-005,CORRECTIVE,2024-08-31T00:00:00,2024-08-31T00:45:00,2024-09-08T00:00:00,NONE,45,COMPLETED
TASK-00164,AST-139,DEF-00138,DEP-002,SEC-005,CORRECTIVE,2026-04-14T00:00:00,2026-04-14T00:45:00,2026-05-01T00:00:00,NONE,45,COMPLETED
TASK-00167,AST-145,DEF-00141,DEP-002,SEC-005,CORRECTIVE,2025-09-21T00:00:00,2025-09-21T00:45:00,2025-09-29T00:00:00,NONE,45,COMPLETED
TASK-00169,AST-147,DEF-00142,DEP-002,SEC-004,EMERGENCY,2025-09-19T06:00:00,2025-09-19T09:00:00,2025-09-26T06:00:00,TRAFFIC_BLOCK,180,COMPLETED
TASK-00168,AST-147,DEF-00142,DEP-002,SEC-004,EMERGENCY,2025-09-14T06:00:00,2025-09-14T09:00:00,2025-09-15T00:00:00,TRAFFIC_BLOCK,180,DEFERRED
TASK-00173,AST-149,DEF-00145,DEP-002,SEC-005,EMERGENCY,2024-04-30T05:00:00,2024-04-30T08:00:00,2024-05-01T00:00:00,TRAFFIC_BLOCK,180,CANCELLED
TASK-00175,AST-149,DEF-00146,DEP-002,SEC-005,CORRECTIVE,2025-04-27T00:00:00,2025-04-27T00:45:00,2025-05-04T00:00:00,NONE,45,COMPLETED
TASK-00174,AST-149,DEF-00146,DEP-002,SEC-005,CORRECTIVE,2025-04-18T00:00:00,2025-04-18T00:45:00,2025-04-25T00:00:00,NONE,45,DEFERRED
TASK-00176,AST-149,DEF-00147,DEP-002,SEC-005,CORRECTIVE,2025-05-05T00:00:00,2025-05-05T00:45:00,2025-05-25T00:00:00,NONE,45,COMPLETED
TASK-00180,AST-157,DEF-00151,DEP-002,SEC-004,CORRECTIVE,2024-08-09T00:00:00,2024-08-09T00:45:00,2024-08-16T00:00:00,NONE,45,COMPLETED
TASK-00181,AST-157,DEF-00152,DEP-002,SEC-004,EMERGENCY,2026-07-07T01:00:00,2026-07-07T04:00:00,2026-07-08T00:00:00,TRAFFIC_BLOCK,180,COMPLETED
TASK-00183,AST-159,DEF-00154,DEP-002,SEC-005,CORRECTIVE,2023-10-24T00:00:00,2023-10-24T01:30:00,2023-10-28T00:00:00,SHADOW,90,COMPLETED
TASK-00191,AST-170,DEF-00162,DEP-002,SEC-002,CORRECTIVE,2025-06-06T00:00:00,2025-06-06T00:45:00,2025-06-18T00:00:00,NONE,45,COMPLETED
TASK-00192,AST-170,DEF-00163,DEP-002,SEC-002,CORRECTIVE,2026-01-28T00:00:00,2026-01-28T00:45:00,2026-02-13T00:00:00,NONE,45,COMPLETED
TASK-00195,AST-172,DEF-00165,DEP-002,SEC-003,CORRECTIVE,2025-02-01T00:00:00,2025-02-01T00:45:00,2025-02-08T00:00:00,NONE,45,COMPLETED
TASK-00194,AST-172,DEF-00165,DEP-002,SEC-003,CORRECTIVE,2025-01-23T00:00:00,2025-01-23T00:45:00,2025-02-06T00:00:00,NONE,45,DEFERRED
TASK-00197,AST-172,DEF-00166,DEP-002,SEC-003,CORRECTIVE,2026-02-04T00:00:00,2026-02-04T00:45:00,2026-02-11T00:00:00,NONE,45,COMPLETED
TASK-00196,AST-172,DEF-00166,DEP-002,SEC-003,CORRECTIVE,2026-01-27T00:00:00,2026-01-27T00:45:00,2026-02-01T00:00:00,NONE,45,DEFERRED
TASK-00198,AST-173,DEF-00167,DEP-002,SEC-003,CORRECTIVE,2026-04-02T00:00:00,2026-04-02T00:45:00,2026-04-10T00:00:00,NONE,45,COMPLETED
TASK-00199,AST-177,DEF-00168,DEP-002,SEC-005,EMERGENCY,2024-10-01T06:00:00,2024-10-01T09:00:00,2024-10-02T00:00:00,TRAFFIC_BLOCK,180,COMPLETED
TASK-00200,AST-177,DEF-00169,DEP-002,SEC-005,CORRECTIVE,2025-02-14T00:00:00,2025-02-14T00:45:00,2025-02-28T00:00:00,NONE,45,COMPLETED
TASK-00201,AST-179,DEF-00170,DEP-002,SEC-001,EMERGENCY,2024-05-21T09:00:00,2024-05-21T12:00:00,2024-05-22T00:00:00,TRAFFIC_BLOCK,180,COMPLETED
TASK-00202,AST-179,DEF-00171,DEP-002,SEC-001,CORRECTIVE,2025-07-02T00:00:00,2025-07-02T00:45:00,2025-07-15T00:00:00,NONE,45,COMPLETED
TASK-00203,AST-179,DEF-00172,DEP-002,SEC-001,CORRECTIVE,2026-03-28T00:00:00,2026-03-28T00:45:00,2026-04-11T00:00:00,NONE,45,COMPLETED
TASK-00204,AST-181,DEF-00173,DEP-002,SEC-005,CORRECTIVE,2023-12-23T00:00:00,2023-12-23T00:45:00,2024-01-09T00:00:00,NONE,45,COMPLETED
TASK-00205,AST-181,DEF-00174,DEP-002,SEC-005,CORRECTIVE,2025-12-10T00:00:00,2025-12-10T00:45:00,2025-12-29T00:00:00,NONE,45,COMPLETED
TASK-00207,AST-184,DEF-00176,DEP-002,SEC-002,CORRECTIVE,2026-05-20T00:00:00,2026-05-20T01:30:00,2026-05-23T00:00:00,SHADOW,90,COMPLETED
TASK-00210,AST-187,DEF-00178,DEP-002,SEC-006,EMERGENCY,2025-05-04T07:00:00,2025-05-04T10:00:00,2025-05-11T07:00:00,TRAFFIC_BLOCK,180,COMPLETED
TASK-00209,AST-187,DEF-00178,DEP-002,SEC-006,EMERGENCY,2025-04-25T07:00:00,2025-04-25T10:00:00,2025-04-26T00:00:00,TRAFFIC_BLOCK,180,DEFERRED
TASK-00211,AST-188,DEF-00179,DEP-002,SEC-005,CORRECTIVE,2024-02-07T00:00:00,2024-02-07T00:45:00,2024-02-18T00:00:00,NONE,45,COMPLETED
TASK-00212,AST-188,DEF-00180,DEP-002,SEC-005,CORRECTIVE,2025-03-01T00:00:00,2025-03-01T00:45:00,2025-03-14T00:00:00,NONE,45,COMPLETED
TASK-00220,AST-194,DEF-00185,DEP-002,SEC-003,CORRECTIVE,2024-11-22T00:00:00,2024-11-22T00:45:00,2024-11-29T00:00:00,NONE,45,COMPLETED
TASK-00219,AST-194,DEF-00185,DEP-002,SEC-003,CORRECTIVE,2024-11-14T00:00:00,2024-11-14T00:45:00,2024-12-03T00:00:00,NONE,45,DEFERRED
TASK-00222,AST-194,DEF-00186,DEP-002,SEC-003,EMERGENCY,2025-08-07T01:00:00,2025-08-07T04:00:00,2025-08-14T01:00:00,TRAFFIC_BLOCK,180,COMPLETED
TASK-00221,AST-194,DEF-00186,DEP-002,SEC-003,EMERGENCY,2025-07-31T01:00:00,2025-07-31T04:00:00,2025-08-01T00:00:00,TRAFFIC_BLOCK,180,DEFERRED
TASK-00224,AST-194,DEF-00187,DEP-002,SEC-003,CORRECTIVE,2025-10-09T00:00:00,2025-10-09T01:30:00,2025-10-16T00:00:00,SHADOW,90,COMPLETED
TASK-00223,AST-194,DEF-00187,DEP-002,SEC-003,CORRECTIVE,2025-10-03T00:00:00,2025-10-03T01:30:00,2025-10-09T00:00:00,SHADOW,90,DEFERRED
TASK-00225,AST-194,DEF-00188,DEP-002,SEC-003,CORRECTIVE,2026-04-30T00:00:00,2026-04-30T01:30:00,2026-05-07T00:00:00,SHADOW,90,COMPLETED
TASK-00227,AST-195,DEF-00189,DEP-002,SEC-002,CORRECTIVE,2025-02-11T00:00:00,2025-02-11T00:45:00,2025-02-18T00:00:00,NONE,45,COMPLETED
TASK-00226,AST-195,DEF-00189,DEP-002,SEC-002,CORRECTIVE,2025-02-02T00:00:00,2025-02-02T00:45:00,2025-02-14T00:00:00,NONE,45,DEFERRED
TASK-00228,AST-195,DEF-00190,DEP-002,SEC-002,CORRECTIVE,2025-08-02T00:00:00,2025-08-02T00:45:00,2025-08-13T00:00:00,NONE,45,COMPLETED
TASK-00230,AST-195,DEF-00191,DEP-002,SEC-002,CORRECTIVE,2025-10-31T00:00:00,2025-10-31T00:45:00,2025-11-07T00:00:00,NONE,45,COMPLETED
TASK-00229,AST-195,DEF-00191,DEP-002,SEC-002,CORRECTIVE,2025-10-26T00:00:00,2025-10-26T00:45:00,2025-11-11T00:00:00,NONE,45,DEFERRED
TASK-00231,AST-195,DEF-00192,DEP-002,SEC-002,CORRECTIVE,2026-04-02T00:00:00,2026-04-02T00:45:00,2026-04-10T00:00:00,NONE,45,COMPLETED
TASK-00233,AST-200,DEF-00193,DEP-002,SEC-003,CORRECTIVE,2023-09-27T00:00:00,2023-09-27T00:45:00,2023-10-04T00:00:00,NONE,45,COMPLETED
TASK-00232,AST-200,DEF-00193,DEP-002,SEC-003,CORRECTIVE,2023-09-17T00:00:00,2023-09-17T00:45:00,2023-09-26T00:00:00,NONE,45,DEFERRED
TASK-00234,AST-200,DEF-00194,DEP-002,SEC-003,CORRECTIVE,2024-07-17T00:00:00,2024-07-17T00:45:00,2024-07-22T00:00:00,NONE,45,COMPLETED
TASK-00235,AST-200,DEF-00195,DEP-002,SEC-003,CORRECTIVE,2025-06-02T00:00:00,2025-06-02T00:45:00,2025-06-17T00:00:00,NONE,45,COMPLETED
TASK-00236,AST-200,DEF-00196,DEP-002,SEC-003,CORRECTIVE,2026-05-20T00:00:00,2026-05-20T01:30:00,2026-05-23T00:00:00,SHADOW,90,COMPLETED
TASK-00240,AST-205,DEF-00200,DEP-002,SEC-005,CORRECTIVE,2026-05-07T00:00:00,2026-05-07T00:45:00,2026-05-13T00:00:00,NONE,45,COMPLETED
TASK-00246,AST-210,DEF-00205,DEP-002,SEC-006,CORRECTIVE,2024-10-24T00:00:00,2024-10-24T00:45:00,2024-10-31T00:00:00,NONE,45,COMPLETED
TASK-00245,AST-210,DEF-00205,DEP-002,SEC-006,CORRECTIVE,2024-10-22T00:00:00,2024-10-22T00:45:00,2024-10-28T00:00:00,NONE,45,DEFERRED
TASK-00249,AST-213,DEF-00208,DEP-002,SEC-004,EMERGENCY,2024-05-19T09:00:00,2024-05-19T12:00:00,2024-05-20T00:00:00,TRAFFIC_BLOCK,180,COMPLETED
TASK-00250,AST-213,DEF-00209,DEP-002,SEC-004,CORRECTIVE,2024-08-22T00:00:00,2024-08-22T01:30:00,2024-08-27T00:00:00,SHADOW,90,COMPLETED
TASK-00251,AST-213,DEF-00210,DEP-002,SEC-004,EMERGENCY,2025-05-14T10:00:00,2025-05-14T13:00:00,2025-05-15T00:00:00,TRAFFIC_BLOCK,180,COMPLETED
TASK-00252,AST-213,DEF-00211,DEP-002,SEC-004,CORRECTIVE,2025-07-15T00:00:00,2025-07-15T01:30:00,2025-07-23T00:00:00,SHADOW,90,COMPLETED
TASK-00253,AST-213,DEF-00212,DEP-002,SEC-004,CORRECTIVE,2026-02-21T00:00:00,2026-02-21T00:45:00,2026-03-10T00:00:00,NONE,45,COMPLETED
TASK-00255,AST-213,DEF-00213,DEP-002,SEC-004,CORRECTIVE,2026-04-18T00:00:00,2026-04-18T01:30:00,2026-04-25T00:00:00,SHADOW,90,COMPLETED
TASK-00254,AST-213,DEF-00213,DEP-002,SEC-004,CORRECTIVE,2026-04-15T00:00:00,2026-04-15T01:30:00,2026-04-19T00:00:00,SHADOW,90,DEFERRED
TASK-00256,AST-214,DEF-00214,DEP-002,SEC-004,EMERGENCY,2024-01-07T11:00:00,2024-01-07T14:00:00,2024-01-08T00:00:00,TRAFFIC_BLOCK,180,COMPLETED
TASK-00257,AST-214,DEF-00215,DEP-002,SEC-004,CORRECTIVE,2025-06-07T00:00:00,2025-06-07T01:30:00,2025-06-10T00:00:00,SHADOW,90,COMPLETED
TASK-00259,AST-217,DEF-00216,DEP-002,SEC-003,CORRECTIVE,2024-07-20T00:00:00,2024-07-20T00:45:00,2024-07-27T00:00:00,NONE,45,COMPLETED
TASK-00258,AST-217,DEF-00216,DEP-002,SEC-003,CORRECTIVE,2024-07-14T00:00:00,2024-07-14T00:45:00,2024-07-20T00:00:00,NONE,45,DEFERRED
TASK-00260,AST-217,DEF-00217,DEP-002,SEC-003,CORRECTIVE,2026-02-15T00:00:00,2026-02-15T01:30:00,2026-02-20T00:00:00,SHADOW,90,COMPLETED
TASK-00262,AST-221,DEF-00219,DEP-002,SEC-003,EMERGENCY,2023-09-16T02:00:00,2023-09-16T05:00:00,2023-09-17T00:00:00,TRAFFIC_BLOCK,180,COMPLETED
TASK-00263,AST-221,DEF-00220,DEP-002,SEC-003,CORRECTIVE,2024-07-03T00:00:00,2024-07-03T00:45:00,2024-07-12T00:00:00,NONE,45,COMPLETED
TASK-00264,AST-221,DEF-00221,DEP-002,SEC-003,CORRECTIVE,2024-12-01T00:00:00,2024-12-01T00:45:00,2024-12-09T00:00:00,NONE,45,COMPLETED
TASK-00265,AST-221,DEF-00222,DEP-002,SEC-003,CORRECTIVE,2026-02-06T00:00:00,2026-02-06T01:30:00,2026-02-12T00:00:00,SHADOW,90,COMPLETED
TASK-00266,AST-223,DEF-00223,DEP-002,SEC-004,CORRECTIVE,2024-10-29T00:00:00,2024-10-29T00:45:00,2024-11-05T00:00:00,NONE,45,COMPLETED
TASK-00267,AST-223,DEF-00224,DEP-002,SEC-004,CORRECTIVE,2024-12-30T00:00:00,2024-12-30T00:45:00,2025-01-04T00:00:00,NONE,45,COMPLETED
TASK-00268,AST-224,DEF-00225,DEP-002,SEC-003,CORRECTIVE,2026-02-03T00:00:00,2026-02-03T00:45:00,2026-02-21T00:00:00,NONE,45,CANCELLED
TASK-00269,AST-224,DEF-00226,DEP-002,SEC-003,CORRECTIVE,2026-02-26T00:00:00,2026-02-26T01:30:00,2026-03-03T00:00:00,SHADOW,90,COMPLETED
TASK-00271,AST-226,DEF-00227,DEP-002,SEC-002,CORRECTIVE,2025-05-10T00:00:00,2025-05-10T00:45:00,2025-05-17T00:00:00,NONE,45,COMPLETED
TASK-00270,AST-226,DEF-00227,DEP-002,SEC-002,CORRECTIVE,2025-05-06T00:00:00,2025-05-06T00:45:00,2025-05-11T00:00:00,NONE,45,DEFERRED
TASK-00272,AST-226,DEF-00228,DEP-002,SEC-002,CORRECTIVE,2025-08-30T00:00:00,2025-08-30T00:45:00,2025-09-08T00:00:00,NONE,45,COMPLETED
TASK-00273,AST-226,DEF-00229,DEP-002,SEC-002,CORRECTIVE,2026-06-17T00:00:00,2026-06-17T00:45:00,2026-07-05T00:00:00,NONE,45,COMPLETED
TASK-00277,AST-228,DEF-00232,DEP-002,SEC-002,EMERGENCY,2025-02-08T10:00:00,2025-02-08T13:00:00,2025-02-15T10:00:00,TRAFFIC_BLOCK,180,COMPLETED
TASK-00276,AST-228,DEF-00232,DEP-002,SEC-002,EMERGENCY,2025-02-05T10:00:00,2025-02-05T13:00:00,2025-02-06T00:00:00,TRAFFIC_BLOCK,180,DEFERRED
TASK-00278,AST-228,DEF-00233,DEP-002,SEC-002,CORRECTIVE,2025-03-14T00:00:00,2025-03-14T01:30:00,2025-03-17T00:00:00,SHADOW,90,COMPLETED
TASK-00280,AST-228,DEF-00234,DEP-002,SEC-002,CORRECTIVE,2026-01-15T00:00:00,2026-01-15T01:30:00,2026-01-22T00:00:00,SHADOW,90,COMPLETED
TASK-00279,AST-228,DEF-00234,DEP-002,SEC-002,CORRECTIVE,2026-01-08T00:00:00,2026-01-08T01:30:00,2026-01-11T00:00:00,SHADOW,90,DEFERRED
TASK-00285,AST-231,DEF-00238,DEP-002,SEC-005,CORRECTIVE,2024-02-19T00:00:00,2024-02-19T00:45:00,2024-03-04T00:00:00,NONE,45,COMPLETED
TASK-00286,AST-231,DEF-00239,DEP-002,SEC-005,CORRECTIVE,2024-12-15T00:00:00,2024-12-15T00:45:00,2024-12-29T00:00:00,NONE,45,COMPLETED
TASK-00287,AST-231,DEF-00240,DEP-002,SEC-005,CORRECTIVE,2025-08-06T00:00:00,2025-08-06T00:45:00,2025-08-26T00:00:00,NONE,45,COMPLETED
TASK-00288,AST-231,DEF-00241,DEP-002,SEC-005,CORRECTIVE,2026-07-03T00:00:00,2026-07-03T00:45:00,2026-07-22T00:00:00,NONE,45,COMPLETED
TASK-00291,AST-233,DEF-00244,DEP-002,SEC-003,CORRECTIVE,2023-10-24T00:00:00,2023-10-24T00:45:00,2023-10-31T00:00:00,NONE,45,COMPLETED
TASK-00292,AST-233,DEF-00245,DEP-002,SEC-003,CORRECTIVE,2024-07-08T00:00:00,2024-07-08T00:45:00,2024-07-27T00:00:00,NONE,45,COMPLETED
TASK-00293,AST-234,DEF-00246,DEP-002,SEC-006,CORRECTIVE,2023-09-08T00:00:00,2023-09-08T00:45:00,2023-09-21T00:00:00,NONE,45,COMPLETED
TASK-00295,AST-234,DEF-00247,DEP-002,SEC-006,CORRECTIVE,2023-12-28T00:00:00,2023-12-28T01:30:00,2024-01-04T00:00:00,SHADOW,90,COMPLETED
TASK-00294,AST-234,DEF-00247,DEP-002,SEC-006,CORRECTIVE,2023-12-24T00:00:00,2023-12-24T01:30:00,2023-12-30T00:00:00,SHADOW,90,DEFERRED
TASK-00301,AST-239,DEF-00252,DEP-002,SEC-001,CORRECTIVE,2024-09-30T00:00:00,2024-09-30T01:30:00,2024-10-07T00:00:00,SHADOW,90,COMPLETED
TASK-00300,AST-239,DEF-00252,DEP-002,SEC-001,CORRECTIVE,2024-09-25T00:00:00,2024-09-25T01:30:00,2024-09-28T00:00:00,SHADOW,90,DEFERRED
TASK-00302,AST-239,DEF-00253,DEP-002,SEC-001,EMERGENCY,2025-10-13T12:00:00,2025-10-13T15:00:00,2025-10-14T00:00:00,TRAFFIC_BLOCK,180,COMPLETED
TASK-00303,AST-239,DEF-00254,DEP-002,SEC-001,EMERGENCY,2026-03-12T05:00:00,2026-03-12T08:00:00,2026-03-13T00:00:00,TRAFFIC_BLOCK,180,COMPLETED
TASK-00305,AST-245,DEF-00256,DEP-002,SEC-002,CORRECTIVE,2024-12-13T00:00:00,2024-12-13T01:30:00,2024-12-19T00:00:00,SHADOW,90,COMPLETED
TASK-00306,AST-245,DEF-00257,DEP-002,SEC-002,CORRECTIVE,2025-05-22T00:00:00,2025-05-22T00:45:00,2025-06-07T00:00:00,NONE,45,COMPLETED
TASK-00307,AST-245,DEF-00258,DEP-002,SEC-002,CORRECTIVE,2026-02-24T00:00:00,2026-02-24T00:45:00,2026-03-04T00:00:00,NONE,45,COMPLETED
TASK-00311,AST-248,DEF-00262,DEP-002,SEC-002,CORRECTIVE,2023-12-19T00:00:00,2023-12-19T00:45:00,2024-01-05T00:00:00,NONE,45,COMPLETED
TASK-00312,AST-248,DEF-00263,DEP-002,SEC-002,EMERGENCY,2024-08-02T10:00:00,2024-08-02T13:00:00,2024-08-03T00:00:00,TRAFFIC_BLOCK,180,COMPLETED
TASK-00313,AST-248,DEF-00264,DEP-002,SEC-002,EMERGENCY,2025-03-30T03:00:00,2025-03-30T06:00:00,2025-03-31T00:00:00,TRAFFIC_BLOCK,180,COMPLETED
TASK-00315,AST-251,DEF-00266,DEP-002,SEC-005,CORRECTIVE,2023-08-31T00:00:00,2023-08-31T00:45:00,2023-09-18T00:00:00,NONE,45,CANCELLED
TASK-00316,AST-251,DEF-00267,DEP-002,SEC-005,CORRECTIVE,2024-08-20T00:00:00,2024-08-20T01:30:00,2024-08-23T00:00:00,SHADOW,90,COMPLETED
TASK-00318,AST-252,DEF-00268,DEP-002,SEC-001,CORRECTIVE,2025-01-13T00:00:00,2025-01-13T00:45:00,2025-01-20T00:00:00,NONE,45,COMPLETED
TASK-00317,AST-252,DEF-00268,DEP-002,SEC-001,CORRECTIVE,2025-01-04T00:00:00,2025-01-04T00:45:00,2025-01-22T00:00:00,NONE,45,DEFERRED
TASK-00319,AST-252,DEF-00269,DEP-002,SEC-001,CORRECTIVE,2025-02-09T00:00:00,2025-02-09T00:45:00,2025-02-21T00:00:00,NONE,45,COMPLETED
TASK-00320,AST-252,DEF-00270,DEP-002,SEC-001,CORRECTIVE,2026-01-01T00:00:00,2026-01-01T00:45:00,2026-01-17T00:00:00,NONE,45,COMPLETED
TASK-00321,AST-255,DEF-00271,DEP-002,SEC-001,CORRECTIVE,2024-03-31T00:00:00,2024-03-31T00:45:00,2024-04-18T00:00:00,NONE,45,COMPLETED
TASK-00322,AST-255,DEF-00272,DEP-002,SEC-001,CORRECTIVE,2024-12-01T00:00:00,2024-12-01T00:45:00,2024-12-14T00:00:00,NONE,45,COMPLETED
TASK-00323,AST-256,DEF-00273,DEP-002,SEC-002,EMERGENCY,2025-04-01T06:00:00,2025-04-01T09:00:00,2025-04-02T00:00:00,TRAFFIC_BLOCK,180,COMPLETED
TASK-00324,AST-256,DEF-00274,DEP-002,SEC-002,EMERGENCY,2026-05-26T10:00:00,2026-05-26T13:00:00,2026-05-27T00:00:00,TRAFFIC_BLOCK,180,COMPLETED
TASK-00325,AST-257,DEF-00275,DEP-002,SEC-004,CORRECTIVE,2023-09-19T00:00:00,2023-09-19T00:45:00,2023-09-28T00:00:00,NONE,45,COMPLETED
TASK-00326,AST-257,DEF-00276,DEP-002,SEC-004,CORRECTIVE,2025-09-03T00:00:00,2025-09-03T00:45:00,2025-09-17T00:00:00,NONE,45,COMPLETED
TASK-00331,AST-260,DEF-00280,DEP-002,SEC-004,CORRECTIVE,2024-06-01T00:00:00,2024-06-01T00:45:00,2024-06-18T00:00:00,NONE,45,COMPLETED
TASK-00332,AST-260,DEF-00281,DEP-002,SEC-004,CORRECTIVE,2024-08-08T00:00:00,2024-08-08T00:45:00,2024-08-17T00:00:00,NONE,45,COMPLETED
TASK-00333,AST-260,DEF-00282,DEP-002,SEC-004,CORRECTIVE,2025-07-19T00:00:00,2025-07-19T01:30:00,2025-07-23T00:00:00,SHADOW,90,COMPLETED
TASK-00335,AST-260,DEF-00283,DEP-002,SEC-004,CORRECTIVE,2025-11-01T00:00:00,2025-11-01T00:45:00,2025-11-08T00:00:00,NONE,45,COMPLETED
TASK-00334,AST-260,DEF-00283,DEP-002,SEC-004,CORRECTIVE,2025-10-26T00:00:00,2025-10-26T00:45:00,2025-11-10T00:00:00,NONE,45,DEFERRED
TASK-00336,AST-260,DEF-00284,DEP-002,SEC-004,CORRECTIVE,2026-04-02T00:00:00,2026-04-02T00:45:00,2026-04-09T00:00:00,NONE,45,COMPLETED
TASK-00341,AST-264,DEF-00287,DEP-002,SEC-005,EMERGENCY,2024-03-28T07:00:00,2024-03-28T10:00:00,2024-04-04T07:00:00,TRAFFIC_BLOCK,180,COMPLETED
TASK-00340,AST-264,DEF-00287,DEP-002,SEC-005,EMERGENCY,2024-03-18T07:00:00,2024-03-18T10:00:00,2024-03-19T00:00:00,TRAFFIC_BLOCK,180,DEFERRED
TASK-00342,AST-264,DEF-00288,DEP-002,SEC-005,CORRECTIVE,2026-07-10T00:00:00,2026-07-10T01:30:00,2026-07-16T00:00:00,SHADOW,90,COMPLETED
TASK-00343,AST-265,DEF-00289,DEP-002,SEC-004,EMERGENCY,2024-07-20T03:00:00,2024-07-20T06:00:00,2024-07-21T00:00:00,TRAFFIC_BLOCK,180,CANCELLED
TASK-00348,AST-271,DEF-00293,DEP-002,SEC-001,CORRECTIVE,2024-09-07T00:00:00,2024-09-07T01:30:00,2024-09-14T00:00:00,SHADOW,90,COMPLETED
TASK-00347,AST-271,DEF-00293,DEP-002,SEC-001,CORRECTIVE,2024-09-01T00:00:00,2024-09-01T01:30:00,2024-09-07T00:00:00,SHADOW,90,DEFERRED
TASK-00349,AST-271,DEF-00294,DEP-002,SEC-001,CORRECTIVE,2025-01-16T00:00:00,2025-01-16T00:45:00,2025-01-25T00:00:00,NONE,45,COMPLETED
TASK-00351,AST-271,DEF-00295,DEP-002,SEC-001,CORRECTIVE,2026-01-12T00:00:00,2026-01-12T00:45:00,2026-01-19T00:00:00,NONE,45,COMPLETED
TASK-00350,AST-271,DEF-00295,DEP-002,SEC-001,CORRECTIVE,2026-01-05T00:00:00,2026-01-05T00:45:00,2026-01-20T00:00:00,NONE,45,DEFERRED
TASK-00352,AST-271,DEF-00296,DEP-002,SEC-001,CORRECTIVE,2026-05-26T00:00:00,2026-05-26T01:30:00,2026-05-30T00:00:00,SHADOW,90,COMPLETED
TASK-00354,AST-271,DEF-00297,DEP-002,SEC-001,EMERGENCY,2026-07-28T12:00:00,2026-07-28T15:00:00,2026-08-04T12:00:00,TRAFFIC_BLOCK,180,COMPLETED
TASK-00353,AST-271,DEF-00297,DEP-002,SEC-001,EMERGENCY,2026-07-19T12:00:00,2026-07-19T15:00:00,2026-07-20T00:00:00,TRAFFIC_BLOCK,180,DEFERRED
TASK-00355,AST-274,DEF-00298,DEP-002,SEC-001,CORRECTIVE,2024-02-20T00:00:00,2024-02-20T00:45:00,2024-03-11T00:00:00,NONE,45,COMPLETED
TASK-00356,AST-274,DEF-00299,DEP-002,SEC-001,CORRECTIVE,2024-08-30T00:00:00,2024-08-30T00:45:00,2024-09-07T00:00:00,NONE,45,COMPLETED
TASK-00358,AST-274,DEF-00300,DEP-002,SEC-001,CORRECTIVE,2025-08-02T00:00:00,2025-08-02T00:45:00,2025-08-09T00:00:00,NONE,45,COMPLETED
TASK-00357,AST-274,DEF-00300,DEP-002,SEC-001,CORRECTIVE,2025-07-26T00:00:00,2025-07-26T00:45:00,2025-08-03T00:00:00,NONE,45,DEFERRED
TASK-00359,AST-276,DEF-00301,DEP-002,SEC-002,CORRECTIVE,2023-11-13T00:00:00,2023-11-13T01:30:00,2023-11-21T00:00:00,SHADOW,90,COMPLETED
TASK-00362,AST-278,DEF-00304,DEP-002,SEC-003,CORRECTIVE,2024-07-28T00:00:00,2024-07-28T01:30:00,2024-07-31T00:00:00,SHADOW,90,COMPLETED
TASK-00363,AST-278,DEF-00305,DEP-002,SEC-003,EMERGENCY,2026-01-12T09:00:00,2026-01-12T12:00:00,2026-01-13T00:00:00,TRAFFIC_BLOCK,180,COMPLETED
TASK-00364,AST-279,DEF-00306,DEP-002,SEC-004,CORRECTIVE,2026-01-30T00:00:00,2026-01-30T00:45:00,2026-02-18T00:00:00,NONE,45,COMPLETED
TASK-00365,AST-280,DEF-00307,DEP-002,SEC-004,EMERGENCY,2023-11-21T02:00:00,2023-11-21T05:00:00,2023-11-22T00:00:00,TRAFFIC_BLOCK,180,COMPLETED
TASK-00366,AST-280,DEF-00308,DEP-002,SEC-004,CORRECTIVE,2024-07-05T00:00:00,2024-07-05T00:45:00,2024-07-18T00:00:00,NONE,45,COMPLETED
TASK-00367,AST-280,DEF-00309,DEP-002,SEC-004,CORRECTIVE,2025-03-04T00:00:00,2025-03-04T00:45:00,2025-03-15T00:00:00,NONE,45,COMPLETED
TASK-00368,AST-280,DEF-00310,DEP-002,SEC-004,CORRECTIVE,2025-09-21T00:00:00,2025-09-21T00:45:00,2025-10-11T00:00:00,NONE,45,COMPLETED
TASK-00369,AST-281,DEF-00311,DEP-002,SEC-005,EMERGENCY,2025-05-23T07:00:00,2025-05-23T10:00:00,2025-05-24T00:00:00,TRAFFIC_BLOCK,180,COMPLETED
TASK-00372,AST-285,DEF-00314,DEP-002,SEC-005,CORRECTIVE,2024-12-01T00:00:00,2024-12-01T00:45:00,2024-12-14T00:00:00,NONE,45,COMPLETED
TASK-00374,AST-285,DEF-00315,DEP-002,SEC-005,CORRECTIVE,2026-04-10T00:00:00,2026-04-10T00:45:00,2026-04-17T00:00:00,NONE,45,COMPLETED
TASK-00373,AST-285,DEF-00315,DEP-002,SEC-005,CORRECTIVE,2026-04-01T00:00:00,2026-04-01T00:45:00,2026-04-08T00:00:00,NONE,45,DEFERRED
TASK-00377,AST-288,DEF-00317,DEP-002,SEC-001,EMERGENCY,2025-07-10T10:00:00,2025-07-10T13:00:00,2025-07-17T10:00:00,TRAFFIC_BLOCK,180,COMPLETED
TASK-00376,AST-288,DEF-00317,DEP-002,SEC-001,EMERGENCY,2025-06-30T10:00:00,2025-06-30T13:00:00,2025-07-01T00:00:00,TRAFFIC_BLOCK,180,DEFERRED
TASK-00378,AST-288,DEF-00318,DEP-002,SEC-001,CORRECTIVE,2026-01-17T00:00:00,2026-01-17T00:45:00,2026-01-26T00:00:00,NONE,45,COMPLETED
TASK-00382,AST-290,DEF-00320,DEP-002,SEC-002,EMERGENCY,2024-06-25T01:00:00,2024-06-25T04:00:00,2024-07-02T01:00:00,TRAFFIC_BLOCK,180,COMPLETED
TASK-00381,AST-290,DEF-00320,DEP-002,SEC-002,EMERGENCY,2024-06-18T01:00:00,2024-06-18T04:00:00,2024-06-19T00:00:00,TRAFFIC_BLOCK,180,DEFERRED
TASK-00383,AST-290,DEF-00321,DEP-002,SEC-002,CORRECTIVE,2024-08-28T00:00:00,2024-08-28T00:45:00,2024-09-16T00:00:00,NONE,45,COMPLETED
TASK-00385,AST-290,DEF-00322,DEP-002,SEC-002,CORRECTIVE,2026-05-29T00:00:00,2026-05-29T00:45:00,2026-06-05T00:00:00,NONE,45,COMPLETED
TASK-00384,AST-290,DEF-00322,DEP-002,SEC-002,CORRECTIVE,2026-05-25T00:00:00,2026-05-25T00:45:00,2026-06-08T00:00:00,NONE,45,DEFERRED
TASK-00387,AST-291,DEF-00323,DEP-002,SEC-003,CORRECTIVE,2024-12-07T00:00:00,2024-12-07T00:45:00,2024-12-14T00:00:00,NONE,45,COMPLETED
TASK-00386,AST-291,DEF-00323,DEP-002,SEC-003,CORRECTIVE,2024-11-27T00:00:00,2024-11-27T00:45:00,2024-12-10T00:00:00,NONE,45,DEFERRED
TASK-00388,AST-291,DEF-00324,DEP-002,SEC-003,CORRECTIVE,2025-11-19T00:00:00,2025-11-19T00:45:00,2025-12-05T00:00:00,NONE,45,COMPLETED
TASK-00390,AST-293,DEF-00326,DEP-002,SEC-003,EMERGENCY,2024-05-21T07:00:00,2024-05-21T10:00:00,2024-05-22T00:00:00,TRAFFIC_BLOCK,180,COMPLETED
TASK-00395,AST-296,DEF-00331,DEP-002,SEC-005,EMERGENCY,2026-03-21T01:00:00,2026-03-21T04:00:00,2026-03-22T00:00:00,TRAFFIC_BLOCK,180,COMPLETED
TASK-00396,AST-297,DEF-00332,DEP-002,SEC-006,CORRECTIVE,2026-01-07T00:00:00,2026-01-07T00:45:00,2026-01-22T00:00:00,NONE,45,COMPLETED
TASK-00398,AST-299,DEF-00334,DEP-002,SEC-003,CORRECTIVE,2023-12-07T00:00:00,2023-12-07T00:45:00,2023-12-24T00:00:00,NONE,45,COMPLETED
TASK-00399,AST-299,DEF-00335,DEP-002,SEC-003,CORRECTIVE,2025-03-21T00:00:00,2025-03-21T01:30:00,2025-03-28T00:00:00,SHADOW,90,COMPLETED
TASK-00400,AST-300,DEF-00336,DEP-002,SEC-004,CORRECTIVE,2025-08-26T00:00:00,2025-08-26T01:30:00,2025-09-01T00:00:00,SHADOW,90,COMPLETED
TASK-00401,AST-300,DEF-00337,DEP-002,SEC-004,CORRECTIVE,2026-03-25T00:00:00,2026-03-25T01:30:00,2026-03-30T00:00:00,SHADOW,90,COMPLETED
TASK-00403,AST-302,DEF-00339,DEP-002,SEC-004,CORRECTIVE,2025-06-30T00:00:00,2025-06-30T00:45:00,2025-07-20T00:00:00,NONE,45,COMPLETED
TASK-00404,AST-302,DEF-00340,DEP-002,SEC-004,CORRECTIVE,2025-09-21T00:00:00,2025-09-21T01:30:00,2025-09-28T00:00:00,SHADOW,90,COMPLETED
TASK-00407,AST-304,DEF-00343,DEP-002,SEC-005,CORRECTIVE,2024-04-30T00:00:00,2024-04-30T00:45:00,2024-05-20T00:00:00,NONE,45,COMPLETED
TASK-00408,AST-304,DEF-00344,DEP-002,SEC-005,CORRECTIVE,2024-10-05T00:00:00,2024-10-05T00:45:00,2024-10-17T00:00:00,NONE,45,COMPLETED
TASK-00418,AST-312,DEF-00352,DEP-002,SEC-003,CORRECTIVE,2024-10-06T00:00:00,2024-10-06T01:30:00,2024-10-09T00:00:00,SHADOW,90,COMPLETED
TASK-00420,AST-312,DEF-00353,DEP-002,SEC-003,CORRECTIVE,2024-11-19T00:00:00,2024-11-19T00:45:00,2024-11-26T00:00:00,NONE,45,COMPLETED
TASK-00419,AST-312,DEF-00353,DEP-002,SEC-003,CORRECTIVE,2024-11-10T00:00:00,2024-11-10T00:45:00,2024-11-28T00:00:00,NONE,45,DEFERRED
TASK-00421,AST-312,DEF-00354,DEP-002,SEC-003,EMERGENCY,2026-01-22T10:00:00,2026-01-22T13:00:00,2026-01-23T00:00:00,TRAFFIC_BLOCK,180,COMPLETED
TASK-00423,AST-315,DEF-00355,DEP-002,SEC-001,CORRECTIVE,2025-09-14T00:00:00,2025-09-14T00:45:00,2025-09-21T00:00:00,NONE,45,COMPLETED
TASK-00422,AST-315,DEF-00355,DEP-002,SEC-001,CORRECTIVE,2025-09-08T00:00:00,2025-09-08T00:45:00,2025-09-20T00:00:00,NONE,45,DEFERRED
TASK-00424,AST-316,DEF-00356,DEP-002,SEC-003,EMERGENCY,2024-12-26T10:00:00,2024-12-26T13:00:00,2024-12-27T00:00:00,TRAFFIC_BLOCK,180,COMPLETED
TASK-00427,AST-320,DEF-00359,DEP-002,SEC-004,CORRECTIVE,2026-06-13T00:00:00,2026-06-13T00:45:00,2026-07-03T00:00:00,NONE,45,COMPLETED
TASK-00429,AST-322,DEF-00361,DEP-002,SEC-004,CORRECTIVE,2024-01-10T00:00:00,2024-01-10T00:45:00,2024-01-25T00:00:00,NONE,45,COMPLETED
TASK-00430,AST-322,DEF-00362,DEP-002,SEC-004,CORRECTIVE,2025-12-03T00:00:00,2025-12-03T00:45:00,2025-12-15T00:00:00,NONE,45,COMPLETED
TASK-00432,AST-325,DEF-00364,DEP-002,SEC-003,CORRECTIVE,2024-06-25T00:00:00,2024-06-25T00:45:00,2024-07-09T00:00:00,NONE,45,COMPLETED
TASK-00433,AST-325,DEF-00365,DEP-002,SEC-003,CORRECTIVE,2025-09-19T00:00:00,2025-09-19T00:45:00,2025-10-02T00:00:00,NONE,45,COMPLETED
TASK-00434,AST-327,DEF-00366,DEP-002,SEC-002,CORRECTIVE,2026-04-13T00:00:00,2026-04-13T00:45:00,2026-04-29T00:00:00,NONE,45,COMPLETED
TASK-00443,AST-333,DEF-00372,DEP-002,SEC-004,CORRECTIVE,2024-02-28T00:00:00,2024-02-28T00:45:00,2024-03-19T00:00:00,NONE,45,COMPLETED
TASK-00444,AST-333,DEF-00373,DEP-002,SEC-004,CORRECTIVE,2025-10-29T00:00:00,2025-10-29T00:45:00,2025-11-09T00:00:00,NONE,45,COMPLETED
TASK-00445,AST-333,DEF-00374,DEP-002,SEC-004,CORRECTIVE,2026-05-21T00:00:00,2026-05-21T00:45:00,2026-06-07T00:00:00,NONE,45,COMPLETED
TASK-00451,AST-336,DEF-00378,DEP-002,SEC-006,CORRECTIVE,2025-01-08T00:00:00,2025-01-08T00:45:00,2025-01-17T00:00:00,NONE,45,COMPLETED
TASK-00452,AST-338,DEF-00379,DEP-002,SEC-005,CORRECTIVE,2024-08-23T00:00:00,2024-08-23T00:45:00,2024-09-11T00:00:00,NONE,45,COMPLETED
TASK-00455,AST-340,DEF-00381,DEP-002,SEC-004,CORRECTIVE,2024-06-18T00:00:00,2024-06-18T00:45:00,2024-06-28T00:00:00,NONE,45,COMPLETED
TASK-00456,AST-341,DEF-00382,DEP-002,SEC-006,EMERGENCY,2023-10-25T03:00:00,2023-10-25T06:00:00,2023-10-26T00:00:00,TRAFFIC_BLOCK,180,COMPLETED
TASK-00458,AST-341,DEF-00383,DEP-002,SEC-006,CORRECTIVE,2024-07-31T00:00:00,2024-07-31T01:30:00,2024-08-07T00:00:00,SHADOW,90,COMPLETED
TASK-00457,AST-341,DEF-00383,DEP-002,SEC-006,CORRECTIVE,2024-07-24T00:00:00,2024-07-24T01:30:00,2024-07-31T00:00:00,SHADOW,90,DEFERRED
TASK-00459,AST-341,DEF-00384,DEP-002,SEC-006,CORRECTIVE,2025-09-01T00:00:00,2025-09-01T00:45:00,2025-09-14T00:00:00,NONE,45,COMPLETED
TASK-00461,AST-342,DEF-00385,DEP-002,SEC-004,CORRECTIVE,2025-04-02T00:00:00,2025-04-02T01:30:00,2025-04-09T00:00:00,SHADOW,90,COMPLETED
TASK-00460,AST-342,DEF-00385,DEP-002,SEC-004,CORRECTIVE,2025-03-29T00:00:00,2025-03-29T01:30:00,2025-04-02T00:00:00,SHADOW,90,DEFERRED
TASK-00462,AST-342,DEF-00386,DEP-002,SEC-004,CORRECTIVE,2025-08-04T00:00:00,2025-08-04T00:45:00,2025-08-20T00:00:00,NONE,45,COMPLETED
TASK-00463,AST-344,DEF-00387,DEP-002,SEC-001,CORRECTIVE,2024-06-04T00:00:00,2024-06-04T00:45:00,2024-06-19T00:00:00,NONE,45,COMPLETED
TASK-00464,AST-344,DEF-00388,DEP-002,SEC-001,CORRECTIVE,2024-11-08T00:00:00,2024-11-08T00:45:00,2024-11-16T00:00:00,NONE,45,COMPLETED
TASK-00466,AST-344,DEF-00389,DEP-002,SEC-001,CORRECTIVE,2025-10-09T00:00:00,2025-10-09T00:45:00,2025-10-16T00:00:00,NONE,45,COMPLETED
TASK-00465,AST-344,DEF-00389,DEP-002,SEC-001,CORRECTIVE,2025-10-02T00:00:00,2025-10-02T00:45:00,2025-10-12T00:00:00,NONE,45,DEFERRED
TASK-00467,AST-345,DEF-00390,DEP-002,SEC-005,CORRECTIVE,2024-08-17T00:00:00,2024-08-17T01:30:00,2024-08-24T00:00:00,SHADOW,90,COMPLETED
TASK-00468,AST-345,DEF-00391,DEP-002,SEC-005,CORRECTIVE,2024-12-24T00:00:00,2024-12-24T00:45:00,2025-01-11T00:00:00,NONE,45,CANCELLED
TASK-00470,AST-348,DEF-00393,DEP-002,SEC-006,CORRECTIVE,2025-11-09T00:00:00,2025-11-09T00:45:00,2025-11-15T00:00:00,NONE,45,COMPLETED
TASK-00471,AST-348,DEF-00394,DEP-002,SEC-006,CORRECTIVE,2025-12-20T00:00:00,2025-12-20T01:30:00,2025-12-25T00:00:00,SHADOW,90,COMPLETED
TASK-00473,AST-348,DEF-00395,DEP-002,SEC-006,CORRECTIVE,2026-01-27T00:00:00,2026-01-27T00:45:00,2026-02-03T00:00:00,NONE,45,COMPLETED
TASK-00472,AST-348,DEF-00395,DEP-002,SEC-006,CORRECTIVE,2026-01-24T00:00:00,2026-01-24T00:45:00,2026-02-13T00:00:00,NONE,45,DEFERRED
TASK-00474,AST-348,DEF-00396,DEP-002,SEC-006,CORRECTIVE,2026-07-03T00:00:00,2026-07-03T00:45:00,2026-07-13T00:00:00,NONE,45,COMPLETED
TASK-00482,AST-356,DEF-00403,DEP-002,SEC-003,CORRECTIVE,2024-08-01T00:00:00,2024-08-01T00:45:00,2024-08-08T00:00:00,NONE,45,COMPLETED
TASK-00483,AST-356,DEF-00404,DEP-002,SEC-003,CORRECTIVE,2025-06-15T00:00:00,2025-06-15T00:45:00,2025-07-04T00:00:00,NONE,45,COMPLETED
TASK-00485,AST-356,DEF-00405,DEP-002,SEC-003,CORRECTIVE,2025-12-28T00:00:00,2025-12-28T00:45:00,2026-01-04T00:00:00,NONE,45,COMPLETED
TASK-00484,AST-356,DEF-00405,DEP-002,SEC-003,CORRECTIVE,2025-12-25T00:00:00,2025-12-25T00:45:00,2025-12-31T00:00:00,NONE,45,DEFERRED
TASK-00486,AST-356,DEF-00406,DEP-002,SEC-003,CORRECTIVE,2026-06-24T00:00:00,2026-06-24T00:45:00,2026-06-29T00:00:00,NONE,45,COMPLETED
TASK-00487,AST-357,DEF-00407,DEP-002,SEC-005,CORRECTIVE,2026-02-25T00:00:00,2026-02-25T00:45:00,2026-03-12T00:00:00,NONE,45,COMPLETED
TASK-00488,AST-358,DEF-00408,DEP-002,SEC-004,CORRECTIVE,2024-03-08T00:00:00,2024-03-08T01:30:00,2024-03-11T00:00:00,SHADOW,90,CANCELLED
TASK-00489,AST-358,DEF-00409,DEP-002,SEC-004,EMERGENCY,2026-02-19T01:00:00,2026-02-19T04:00:00,2026-02-20T00:00:00,TRAFFIC_BLOCK,180,COMPLETED
TASK-00492,AST-362,DEF-00412,DEP-002,SEC-003,CORRECTIVE,2023-11-21T00:00:00,2023-11-21T00:45:00,2023-11-27T00:00:00,NONE,45,COMPLETED
TASK-00493,AST-362,DEF-00413,DEP-002,SEC-003,CORRECTIVE,2025-08-11T00:00:00,2025-08-11T00:45:00,2025-08-18T00:00:00,NONE,45,COMPLETED
TASK-00494,AST-362,DEF-00414,DEP-002,SEC-003,CORRECTIVE,2025-10-09T00:00:00,2025-10-09T00:45:00,2025-10-17T00:00:00,NONE,45,COMPLETED
TASK-00496,AST-364,DEF-00415,DEP-002,SEC-001,CORRECTIVE,2024-04-10T00:00:00,2024-04-10T00:45:00,2024-04-17T00:00:00,NONE,45,COMPLETED
TASK-00495,AST-364,DEF-00415,DEP-002,SEC-001,CORRECTIVE,2024-04-01T00:00:00,2024-04-01T00:45:00,2024-04-15T00:00:00,NONE,45,DEFERRED
TASK-00497,AST-364,DEF-00416,DEP-002,SEC-001,CORRECTIVE,2025-05-23T00:00:00,2025-05-23T00:45:00,2025-06-09T00:00:00,NONE,45,COMPLETED
TASK-00498,AST-364,DEF-00417,DEP-002,SEC-001,CORRECTIVE,2025-12-18T00:00:00,2025-12-18T00:45:00,2026-01-05T00:00:00,NONE,45,COMPLETED
TASK-00499,AST-364,DEF-00418,DEP-002,SEC-001,CORRECTIVE,2026-06-21T00:00:00,2026-06-21T00:45:00,2026-07-04T00:00:00,NONE,45,COMPLETED
TASK-00500,AST-365,DEF-00419,DEP-002,SEC-001,EMERGENCY,2024-02-13T06:00:00,2024-02-13T09:00:00,2024-02-14T00:00:00,TRAFFIC_BLOCK,180,COMPLETED
TASK-00501,AST-365,DEF-00420,DEP-002,SEC-001,CORRECTIVE,2024-10-31T00:00:00,2024-10-31T00:45:00,2024-11-09T00:00:00,NONE,45,COMPLETED
TASK-00507,AST-370,DEF-00424,DEP-002,SEC-005,CORRECTIVE,2023-09-13T00:00:00,2023-09-13T00:45:00,2023-09-20T00:00:00,NONE,45,COMPLETED
TASK-00506,AST-370,DEF-00424,DEP-002,SEC-005,CORRECTIVE,2023-09-07T00:00:00,2023-09-07T00:45:00,2023-09-14T00:00:00,NONE,45,DEFERRED
TASK-00508,AST-370,DEF-00425,DEP-002,SEC-005,CORRECTIVE,2024-07-21T00:00:00,2024-07-21T00:45:00,2024-08-09T00:00:00,NONE,45,COMPLETED
TASK-00509,AST-370,DEF-00426,DEP-002,SEC-005,EMERGENCY,2025-08-04T08:00:00,2025-08-04T11:00:00,2025-08-05T00:00:00,TRAFFIC_BLOCK,180,COMPLETED
TASK-00510,AST-370,DEF-00427,DEP-002,SEC-005,CORRECTIVE,2026-01-22T00:00:00,2026-01-22T00:45:00,2026-01-31T00:00:00,NONE,45,COMPLETED
TASK-00511,AST-370,DEF-00428,DEP-002,SEC-005,CORRECTIVE,2026-08-17T00:00:00,2026-08-17T00:45:00,2026-08-29T00:00:00,NONE,45,PLANNED
TASK-00515,AST-373,DEF-00431,DEP-002,SEC-001,CORRECTIVE,2024-04-05T00:00:00,2024-04-05T00:45:00,2024-04-12T00:00:00,NONE,45,COMPLETED
TASK-00514,AST-373,DEF-00431,DEP-002,SEC-001,CORRECTIVE,2024-03-29T00:00:00,2024-03-29T00:45:00,2024-04-14T00:00:00,NONE,45,DEFERRED
TASK-00516,AST-373,DEF-00432,DEP-002,SEC-001,CORRECTIVE,2024-11-21T00:00:00,2024-11-21T00:45:00,2024-12-10T00:00:00,NONE,45,COMPLETED
TASK-00517,AST-374,DEF-00433,DEP-002,SEC-005,EMERGENCY,2024-02-12T09:00:00,2024-02-12T12:00:00,2024-02-13T00:00:00,TRAFFIC_BLOCK,180,COMPLETED
TASK-00518,AST-374,DEF-00434,DEP-002,SEC-005,EMERGENCY,2024-07-11T01:00:00,2024-07-11T04:00:00,2024-07-12T00:00:00,TRAFFIC_BLOCK,180,COMPLETED
TASK-00520,AST-374,DEF-00435,DEP-002,SEC-005,CORRECTIVE,2025-09-12T00:00:00,2025-09-12T01:30:00,2025-09-19T00:00:00,SHADOW,90,COMPLETED
TASK-00519,AST-374,DEF-00435,DEP-002,SEC-005,CORRECTIVE,2025-09-07T00:00:00,2025-09-07T01:30:00,2025-09-14T00:00:00,SHADOW,90,DEFERRED
TASK-00524,AST-378,DEF-00438,DEP-002,SEC-005,CORRECTIVE,2025-10-18T00:00:00,2025-10-18T00:45:00,2025-10-30T00:00:00,NONE,45,COMPLETED
TASK-00525,AST-381,DEF-00439,DEP-002,SEC-004,CORRECTIVE,2025-08-28T00:00:00,2025-08-28T00:45:00,2025-09-12T00:00:00,NONE,45,CANCELLED
TASK-00526,AST-381,DEF-00440,DEP-002,SEC-004,CORRECTIVE,2025-12-25T00:00:00,2025-12-25T00:45:00,2026-01-10T00:00:00,NONE,45,COMPLETED
TASK-00529,AST-387,DEF-00443,DEP-002,SEC-006,CORRECTIVE,2025-03-02T00:00:00,2025-03-02T00:45:00,2025-03-20T00:00:00,NONE,45,CANCELLED
TASK-00530,AST-387,DEF-00444,DEP-002,SEC-006,EMERGENCY,2025-11-15T10:00:00,2025-11-15T13:00:00,2025-11-16T00:00:00,TRAFFIC_BLOCK,180,COMPLETED
TASK-00531,AST-387,DEF-00445,DEP-002,SEC-006,CORRECTIVE,2026-01-18T00:00:00,2026-01-18T01:30:00,2026-01-24T00:00:00,SHADOW,90,CANCELLED
TASK-00533,AST-390,DEF-00447,DEP-002,SEC-004,CORRECTIVE,2025-07-07T00:00:00,2025-07-07T00:45:00,2025-07-24T00:00:00,NONE,45,COMPLETED
TASK-00535,AST-392,DEF-00449,DEP-002,SEC-001,CORRECTIVE,2024-04-20T00:00:00,2024-04-20T00:45:00,2024-05-02T00:00:00,NONE,45,COMPLETED
TASK-00536,AST-392,DEF-00450,DEP-002,SEC-001,CORRECTIVE,2024-05-13T00:00:00,2024-05-13T00:45:00,2024-06-01T00:00:00,NONE,45,COMPLETED
TASK-00537,AST-392,DEF-00451,DEP-002,SEC-001,CORRECTIVE,2024-06-14T00:00:00,2024-06-14T00:45:00,2024-07-01T00:00:00,NONE,45,COMPLETED
TASK-00538,AST-392,DEF-00452,DEP-002,SEC-001,CORRECTIVE,2024-09-15T00:00:00,2024-09-15T00:45:00,2024-09-29T00:00:00,NONE,45,COMPLETED
TASK-00547,AST-398,DEF-00460,DEP-002,SEC-003,CORRECTIVE,2024-10-09T00:00:00,2024-10-09T00:45:00,2024-10-18T00:00:00,NONE,45,COMPLETED
TASK-00548,AST-398,DEF-00461,DEP-002,SEC-003,CORRECTIVE,2026-01-27T00:00:00,2026-01-27T00:45:00,2026-02-10T00:00:00,NONE,45,COMPLETED
TASK-00550,AST-401,DEF-00463,DEP-002,SEC-002,CORRECTIVE,2026-03-06T00:00:00,2026-03-06T00:45:00,2026-03-13T00:00:00,NONE,45,COMPLETED
TASK-00551,AST-401,DEF-00464,DEP-002,SEC-002,EMERGENCY,2026-03-13T12:00:00,2026-03-13T15:00:00,2026-03-14T00:00:00,TRAFFIC_BLOCK,180,COMPLETED
TASK-00554,AST-404,DEF-00466,DEP-002,SEC-006,CORRECTIVE,2026-03-12T00:00:00,2026-03-12T00:45:00,2026-03-18T00:00:00,NONE,45,COMPLETED
TASK-00559,AST-409,DEF-00470,DEP-002,SEC-002,CORRECTIVE,2025-01-26T00:00:00,2025-01-26T01:30:00,2025-01-31T00:00:00,SHADOW,90,COMPLETED
TASK-00560,AST-409,DEF-00471,DEP-002,SEC-002,CORRECTIVE,2025-04-11T00:00:00,2025-04-11T00:45:00,2025-04-21T00:00:00,NONE,45,COMPLETED
TASK-00561,AST-410,DEF-00472,DEP-002,SEC-001,CORRECTIVE,2025-05-17T00:00:00,2025-05-17T00:45:00,2025-05-30T00:00:00,NONE,45,COMPLETED
TASK-00565,AST-414,DEF-00476,DEP-002,SEC-003,CORRECTIVE,2024-05-23T00:00:00,2024-05-23T00:45:00,2024-05-28T00:00:00,NONE,45,COMPLETED
TASK-00566,AST-414,DEF-00477,DEP-002,SEC-003,CORRECTIVE,2025-02-17T00:00:00,2025-02-17T00:45:00,2025-02-22T00:00:00,NONE,45,COMPLETED
TASK-00570,AST-418,DEF-00480,DEP-002,SEC-005,CORRECTIVE,2025-09-23T00:00:00,2025-09-23T01:30:00,2025-09-30T00:00:00,SHADOW,90,COMPLETED
TASK-00571,AST-421,DEF-00481,DEP-002,SEC-006,CORRECTIVE,2023-10-24T00:00:00,2023-10-24T00:45:00,2023-11-06T00:00:00,NONE,45,COMPLETED
TASK-00572,AST-421,DEF-00482,DEP-002,SEC-006,CORRECTIVE,2024-12-02T00:00:00,2024-12-02T01:30:00,2024-12-10T00:00:00,SHADOW,90,COMPLETED
TASK-00573,AST-421,DEF-00483,DEP-002,SEC-006,CORRECTIVE,2026-07-06T00:00:00,2026-07-06T00:45:00,2026-07-23T00:00:00,NONE,45,COMPLETED
TASK-00574,AST-424,DEF-00484,DEP-002,SEC-003,CORRECTIVE,2023-11-16T00:00:00,2023-11-16T00:45:00,2023-12-01T00:00:00,NONE,45,COMPLETED
TASK-00575,AST-424,DEF-00485,DEP-002,SEC-003,EMERGENCY,2024-05-29T09:00:00,2024-05-29T12:00:00,2024-05-30T00:00:00,TRAFFIC_BLOCK,180,COMPLETED
TASK-00576,AST-424,DEF-00486,DEP-002,SEC-003,CORRECTIVE,2025-02-10T00:00:00,2025-02-10T00:45:00,2025-02-23T00:00:00,NONE,45,COMPLETED
TASK-00577,AST-424,DEF-00487,DEP-002,SEC-003,CORRECTIVE,2025-10-05T00:00:00,2025-10-05T00:45:00,2025-10-21T00:00:00,NONE,45,COMPLETED
TASK-00580,AST-429,DEF-00490,DEP-002,SEC-004,CORRECTIVE,2025-03-27T00:00:00,2025-03-27T00:45:00,2025-04-14T00:00:00,NONE,45,COMPLETED
TASK-00581,AST-429,DEF-00491,DEP-002,SEC-004,CORRECTIVE,2025-06-08T00:00:00,2025-06-08T00:45:00,2025-06-13T00:00:00,NONE,45,COMPLETED
TASK-00582,AST-429,DEF-00492,DEP-002,SEC-004,CORRECTIVE,2025-10-13T00:00:00,2025-10-13T01:30:00,2025-10-21T00:00:00,SHADOW,90,COMPLETED
TASK-00583,AST-429,DEF-00493,DEP-002,SEC-004,CORRECTIVE,2026-02-15T00:00:00,2026-02-15T01:30:00,2026-02-18T00:00:00,SHADOW,90,COMPLETED
TASK-00585,AST-433,DEF-00495,DEP-002,SEC-002,CORRECTIVE,2024-01-17T00:00:00,2024-01-17T00:45:00,2024-02-06T00:00:00,NONE,45,COMPLETED
TASK-00586,AST-433,DEF-00496,DEP-002,SEC-002,CORRECTIVE,2024-04-29T00:00:00,2024-04-29T00:45:00,2024-05-06T00:00:00,NONE,45,COMPLETED
TASK-00587,AST-433,DEF-00497,DEP-002,SEC-002,CORRECTIVE,2025-07-22T00:00:00,2025-07-22T00:45:00,2025-07-30T00:00:00,NONE,45,COMPLETED
TASK-00589,AST-433,DEF-00498,DEP-002,SEC-002,CORRECTIVE,2025-08-22T00:00:00,2025-08-22T00:45:00,2025-08-29T00:00:00,NONE,45,COMPLETED
TASK-00588,AST-433,DEF-00498,DEP-002,SEC-002,CORRECTIVE,2025-08-13T00:00:00,2025-08-13T00:45:00,2025-08-29T00:00:00,NONE,45,DEFERRED
TASK-00591,AST-433,DEF-00499,DEP-002,SEC-002,CORRECTIVE,2025-10-17T00:00:00,2025-10-17T00:45:00,2025-10-24T00:00:00,NONE,45,COMPLETED
TASK-00590,AST-433,DEF-00499,DEP-002,SEC-002,CORRECTIVE,2025-10-09T00:00:00,2025-10-09T00:45:00,2025-10-28T00:00:00,NONE,45,DEFERRED
TASK-00592,AST-435,DEF-00500,DEP-002,SEC-001,CORRECTIVE,2025-10-25T00:00:00,2025-10-25T00:45:00,2025-11-04T00:00:00,NONE,45,COMPLETED
TASK-00594,AST-437,DEF-00501,DEP-002,SEC-006,EMERGENCY,2024-10-14T05:00:00,2024-10-14T08:00:00,2024-10-21T05:00:00,TRAFFIC_BLOCK,180,COMPLETED
TASK-00593,AST-437,DEF-00501,DEP-002,SEC-006,EMERGENCY,2024-10-08T05:00:00,2024-10-08T08:00:00,2024-10-09T00:00:00,TRAFFIC_BLOCK,180,DEFERRED
TASK-00595,AST-437,DEF-00502,DEP-002,SEC-006,CORRECTIVE,2026-03-05T00:00:00,2026-03-05T01:30:00,2026-03-12T00:00:00,SHADOW,90,COMPLETED
TASK-00598,AST-441,DEF-00504,DEP-002,SEC-002,CORRECTIVE,2024-08-05T00:00:00,2024-08-05T01:30:00,2024-08-08T00:00:00,SHADOW,90,COMPLETED
TASK-00599,AST-441,DEF-00505,DEP-002,SEC-002,CORRECTIVE,2026-04-25T00:00:00,2026-04-25T01:30:00,2026-04-30T00:00:00,SHADOW,90,COMPLETED
TASK-00602,AST-445,DEF-00508,DEP-002,SEC-002,CORRECTIVE,2024-03-20T00:00:00,2024-03-20T00:45:00,2024-04-02T00:00:00,NONE,45,COMPLETED
TASK-00604,AST-447,DEF-00509,DEP-002,SEC-001,CORRECTIVE,2023-12-18T00:00:00,2023-12-18T00:45:00,2023-12-25T00:00:00,NONE,45,COMPLETED
TASK-00603,AST-447,DEF-00509,DEP-002,SEC-001,CORRECTIVE,2023-12-13T00:00:00,2023-12-13T00:45:00,2023-12-31T00:00:00,NONE,45,DEFERRED
TASK-00605,AST-447,DEF-00510,DEP-002,SEC-001,CORRECTIVE,2024-08-19T00:00:00,2024-08-19T00:45:00,2024-08-27T00:00:00,NONE,45,COMPLETED
TASK-00606,AST-447,DEF-00511,DEP-002,SEC-001,EMERGENCY,2026-04-19T06:00:00,2026-04-19T09:00:00,2026-04-20T00:00:00,TRAFFIC_BLOCK,180,COMPLETED
TASK-00607,AST-450,DEF-00512,DEP-002,SEC-002,CORRECTIVE,2026-04-03T00:00:00,2026-04-03T01:30:00,2026-04-08T00:00:00,SHADOW,90,COMPLETED
TASK-00609,AST-452,DEF-00514,DEP-002,SEC-003,CORRECTIVE,2025-01-04T00:00:00,2025-01-04T00:45:00,2025-01-15T00:00:00,NONE,45,COMPLETED
TASK-00611,AST-455,DEF-00516,DEP-002,SEC-006,CORRECTIVE,2025-03-26T00:00:00,2025-03-26T00:45:00,2025-04-08T00:00:00,NONE,45,COMPLETED
TASK-00619,AST-462,DEF-00522,DEP-002,SEC-006,CORRECTIVE,2026-04-05T00:00:00,2026-04-05T00:45:00,2026-04-25T00:00:00,NONE,45,COMPLETED
TASK-00620,AST-464,DEF-00523,DEP-002,SEC-001,CORRECTIVE,2024-06-04T00:00:00,2024-06-04T00:45:00,2024-06-23T00:00:00,NONE,45,COMPLETED
TASK-00621,AST-464,DEF-00524,DEP-002,SEC-001,CORRECTIVE,2025-04-13T00:00:00,2025-04-13T00:45:00,2025-04-19T00:00:00,NONE,45,COMPLETED
TASK-00622,AST-464,DEF-00525,DEP-002,SEC-001,CORRECTIVE,2025-09-02T00:00:00,2025-09-02T00:45:00,2025-09-16T00:00:00,NONE,45,COMPLETED
TASK-00633,AST-478,DEF-00534,DEP-002,SEC-005,CORRECTIVE,2024-09-22T00:00:00,2024-09-22T00:45:00,2024-10-08T00:00:00,NONE,45,COMPLETED
TASK-00644,AST-483,DEF-00544,DEP-002,SEC-003,CORRECTIVE,2023-12-13T00:00:00,2023-12-13T00:45:00,2023-12-21T00:00:00,NONE,45,CANCELLED
TASK-00645,AST-483,DEF-00545,DEP-002,SEC-003,CORRECTIVE,2026-06-12T00:00:00,2026-06-12T01:30:00,2026-06-18T00:00:00,SHADOW,90,COMPLETED
TASK-00647,AST-485,DEF-00547,DEP-002,SEC-003,CORRECTIVE,2024-01-20T00:00:00,2024-01-20T01:30:00,2024-01-27T00:00:00,SHADOW,90,COMPLETED
TASK-00649,AST-485,DEF-00548,DEP-002,SEC-003,EMERGENCY,2025-04-20T07:00:00,2025-04-20T10:00:00,2025-04-27T07:00:00,TRAFFIC_BLOCK,180,COMPLETED
TASK-00648,AST-485,DEF-00548,DEP-002,SEC-003,EMERGENCY,2025-04-11T07:00:00,2025-04-11T10:00:00,2025-04-12T00:00:00,TRAFFIC_BLOCK,180,DEFERRED
TASK-00651,AST-489,DEF-00550,DEP-002,SEC-005,CORRECTIVE,2024-06-25T00:00:00,2024-06-25T00:45:00,2024-07-04T00:00:00,NONE,45,COMPLETED
TASK-00652,AST-489,DEF-00551,DEP-002,SEC-005,CORRECTIVE,2025-02-06T00:00:00,2025-02-06T01:30:00,2025-02-09T00:00:00,SHADOW,90,COMPLETED
TASK-00653,AST-489,DEF-00552,DEP-002,SEC-005,CORRECTIVE,2025-03-13T00:00:00,2025-03-13T00:45:00,2025-03-31T00:00:00,NONE,45,COMPLETED
TASK-00654,AST-489,DEF-00553,DEP-002,SEC-005,CORRECTIVE,2026-08-06T00:00:00,2026-08-06T00:45:00,2026-08-23T00:00:00,NONE,45,PLANNED
TASK-00668,AST-496,DEF-00564,DEP-002,SEC-006,CORRECTIVE,2024-06-07T00:00:00,2024-06-07T00:45:00,2024-06-18T00:00:00,NONE,45,COMPLETED
TASK-00670,AST-496,DEF-00565,DEP-002,SEC-006,CORRECTIVE,2025-06-06T00:00:00,2025-06-06T00:45:00,2025-06-13T00:00:00,NONE,45,COMPLETED
TASK-00669,AST-496,DEF-00565,DEP-002,SEC-006,CORRECTIVE,2025-05-30T00:00:00,2025-05-30T00:45:00,2025-06-13T00:00:00,NONE,45,DEFERRED
TASK-00674,AST-500,DEF-00568,DEP-002,SEC-002,CORRECTIVE,2025-01-18T00:00:00,2025-01-18T01:30:00,2025-01-23T00:00:00,SHADOW,90,COMPLETED
TASK-00675,AST-500,DEF-00569,DEP-002,SEC-002,CORRECTIVE,2025-02-18T00:00:00,2025-02-18T01:30:00,2025-02-22T00:00:00,SHADOW,90,COMPLETED
TASK-00676,AST-500,DEF-00570,DEP-002,SEC-002,CORRECTIVE,2025-04-25T00:00:00,2025-04-25T00:45:00,2025-05-13T00:00:00,NONE,45,CANCELLED
TASK-00677,AST-500,DEF-00571,DEP-002,SEC-002,CORRECTIVE,2025-08-24T00:00:00,2025-08-24T00:45:00,2025-09-10T00:00:00,NONE,45,COMPLETED
TASK-00679,AST-500,DEF-00572,DEP-002,SEC-002,CORRECTIVE,2026-04-23T00:00:00,2026-04-23T00:45:00,2026-04-30T00:00:00,NONE,45,COMPLETED
TASK-00678,AST-500,DEF-00572,DEP-002,SEC-002,CORRECTIVE,2026-04-19T00:00:00,2026-04-19T00:45:00,2026-05-08T00:00:00,NONE,45,DEFERRED
TASK-00680,AST-502,DEF-00573,DEP-002,SEC-005,CORRECTIVE,2024-09-08T00:00:00,2024-09-08T00:45:00,2024-09-13T00:00:00,NONE,45,COMPLETED
TASK-00681,AST-502,DEF-00574,DEP-002,SEC-005,CORRECTIVE,2025-08-02T00:00:00,2025-08-02T00:45:00,2025-08-09T00:00:00,NONE,45,COMPLETED
TASK-00682,AST-504,DEF-00575,DEP-002,SEC-003,CORRECTIVE,2024-08-26T00:00:00,2024-08-26T00:45:00,2024-09-04T00:00:00,NONE,45,COMPLETED
TASK-00683,AST-504,DEF-00576,DEP-002,SEC-003,CORRECTIVE,2024-11-28T00:00:00,2024-11-28T00:45:00,2024-12-03T00:00:00,NONE,45,COMPLETED
TASK-00685,AST-506,DEF-00578,DEP-002,SEC-002,CORRECTIVE,2024-08-02T00:00:00,2024-08-02T01:30:00,2024-08-07T00:00:00,SHADOW,90,COMPLETED
TASK-00687,AST-506,DEF-00579,DEP-002,SEC-002,CORRECTIVE,2024-09-20T00:00:00,2024-09-20T00:45:00,2024-09-27T00:00:00,NONE,45,COMPLETED
TASK-00686,AST-506,DEF-00579,DEP-002,SEC-002,CORRECTIVE,2024-09-11T00:00:00,2024-09-11T00:45:00,2024-09-26T00:00:00,NONE,45,DEFERRED
TASK-00688,AST-506,DEF-00580,DEP-002,SEC-002,CORRECTIVE,2025-12-05T00:00:00,2025-12-05T00:45:00,2025-12-20T00:00:00,NONE,45,COMPLETED
TASK-00689,AST-507,DEF-00581,DEP-002,SEC-006,CORRECTIVE,2025-07-15T00:00:00,2025-07-15T00:45:00,2025-07-25T00:00:00,NONE,45,CANCELLED
TASK-00691,AST-511,DEF-00583,DEP-002,SEC-004,CORRECTIVE,2026-03-27T00:00:00,2026-03-27T00:45:00,2026-04-09T00:00:00,NONE,45,COMPLETED
TASK-00695,AST-514,DEF-00586,DEP-002,SEC-001,CORRECTIVE,2026-01-05T00:00:00,2026-01-05T01:30:00,2026-01-10T00:00:00,SHADOW,90,COMPLETED
TASK-00697,AST-517,DEF-00588,DEP-002,SEC-006,EMERGENCY,2024-10-08T09:00:00,2024-10-08T12:00:00,2024-10-09T00:00:00,TRAFFIC_BLOCK,180,COMPLETED
TASK-00698,AST-517,DEF-00589,DEP-002,SEC-006,CORRECTIVE,2025-05-01T00:00:00,2025-05-01T00:45:00,2025-05-06T00:00:00,NONE,45,COMPLETED
TASK-00699,AST-517,DEF-00590,DEP-002,SEC-006,CORRECTIVE,2026-06-21T00:00:00,2026-06-21T00:45:00,2026-06-30T00:00:00,NONE,45,COMPLETED
TASK-00700,AST-520,DEF-00591,DEP-002,SEC-006,CORRECTIVE,2023-08-14T00:00:00,2023-08-14T01:30:00,2023-08-19T00:00:00,SHADOW,90,COMPLETED
TASK-00701,AST-520,DEF-00592,DEP-002,SEC-006,EMERGENCY,2024-12-31T07:00:00,2024-12-31T10:00:00,2025-01-01T00:00:00,TRAFFIC_BLOCK,180,COMPLETED
TASK-00702,AST-520,DEF-00593,DEP-002,SEC-006,EMERGENCY,2026-07-24T02:00:00,2026-07-24T05:00:00,2026-07-25T00:00:00,TRAFFIC_BLOCK,180,COMPLETED
TASK-00705,AST-524,DEF-00596,DEP-002,SEC-005,CORRECTIVE,2026-06-26T00:00:00,2026-06-26T01:30:00,2026-07-03T00:00:00,SHADOW,90,COMPLETED
TASK-00710,AST-529,DEF-00601,DEP-002,SEC-001,CORRECTIVE,2025-03-20T00:00:00,2025-03-20T00:45:00,2025-04-03T00:00:00,NONE,45,COMPLETED
TASK-00716,AST-533,DEF-00606,DEP-002,SEC-006,CORRECTIVE,2024-01-02T00:00:00,2024-01-02T00:45:00,2024-01-22T00:00:00,NONE,45,COMPLETED
TASK-00717,AST-533,DEF-00607,DEP-002,SEC-006,CORRECTIVE,2026-03-24T00:00:00,2026-03-24T00:45:00,2026-04-11T00:00:00,NONE,45,COMPLETED
TASK-00718,AST-534,DEF-00608,DEP-002,SEC-006,CORRECTIVE,2025-01-30T00:00:00,2025-01-30T00:45:00,2025-02-18T00:00:00,NONE,45,COMPLETED
TASK-00725,AST-538,DEF-00613,DEP-002,SEC-004,CORRECTIVE,2025-11-14T00:00:00,2025-11-14T00:45:00,2025-11-21T00:00:00,NONE,45,COMPLETED
TASK-00724,AST-538,DEF-00613,DEP-002,SEC-004,CORRECTIVE,2025-11-12T00:00:00,2025-11-12T00:45:00,2025-12-01T00:00:00,NONE,45,DEFERRED
TASK-00734,AST-545,DEF-00621,DEP-002,SEC-005,CORRECTIVE,2024-05-01T00:00:00,2024-05-01T00:45:00,2024-05-10T00:00:00,NONE,45,COMPLETED
TASK-00735,AST-545,DEF-00622,DEP-002,SEC-005,CORRECTIVE,2025-03-25T00:00:00,2025-03-25T00:45:00,2025-04-05T00:00:00,NONE,45,COMPLETED
TASK-00736,AST-545,DEF-00623,DEP-002,SEC-005,CORRECTIVE,2026-05-03T00:00:00,2026-05-03T01:30:00,2026-05-10T00:00:00,SHADOW,90,COMPLETED
TASK-00737,AST-545,DEF-00624,DEP-002,SEC-005,CORRECTIVE,2026-07-15T00:00:00,2026-07-15T00:45:00,2026-07-29T00:00:00,NONE,45,COMPLETED
TASK-00753,AST-558,DEF-00636,DEP-002,SEC-005,CORRECTIVE,2023-08-19T00:00:00,2023-08-19T01:30:00,2023-08-26T00:00:00,SHADOW,90,COMPLETED
TASK-00752,AST-558,DEF-00636,DEP-002,SEC-005,CORRECTIVE,2023-08-12T00:00:00,2023-08-12T01:30:00,2023-08-18T00:00:00,SHADOW,90,DEFERRED
TASK-00755,AST-558,DEF-00637,DEP-002,SEC-005,EMERGENCY,2023-09-11T05:00:00,2023-09-11T08:00:00,2023-09-18T05:00:00,TRAFFIC_BLOCK,180,COMPLETED
TASK-00754,AST-558,DEF-00637,DEP-002,SEC-005,EMERGENCY,2023-09-07T05:00:00,2023-09-07T08:00:00,2023-09-08T00:00:00,TRAFFIC_BLOCK,180,DEFERRED
TASK-00756,AST-558,DEF-00638,DEP-002,SEC-005,CORRECTIVE,2024-02-18T00:00:00,2024-02-18T00:45:00,2024-03-05T00:00:00,NONE,45,COMPLETED
TASK-00758,AST-558,DEF-00639,DEP-002,SEC-005,CORRECTIVE,2026-07-23T00:00:00,2026-07-23T00:45:00,2026-07-30T00:00:00,NONE,45,COMPLETED
TASK-00757,AST-558,DEF-00639,DEP-002,SEC-005,CORRECTIVE,2026-07-13T00:00:00,2026-07-13T00:45:00,2026-07-23T00:00:00,NONE,45,DEFERRED
TASK-00759,AST-559,DEF-00640,DEP-002,SEC-003,EMERGENCY,2024-03-09T07:00:00,2024-03-09T10:00:00,2024-03-10T00:00:00,TRAFFIC_BLOCK,180,COMPLETED
TASK-00760,AST-559,DEF-00641,DEP-002,SEC-003,CORRECTIVE,2026-07-17T00:00:00,2026-07-17T00:45:00,2026-07-27T00:00:00,NONE,45,COMPLETED
TASK-00761,AST-560,DEF-00642,DEP-002,SEC-001,CORRECTIVE,2026-08-20T00:00:00,2026-08-20T00:45:00,2026-08-29T00:00:00,NONE,45,PLANNED
TASK-00762,AST-561,DEF-00643,DEP-002,SEC-006,CORRECTIVE,2024-02-04T00:00:00,2024-02-04T00:45:00,2024-02-18T00:00:00,NONE,45,COMPLETED
TASK-00763,AST-561,DEF-00644,DEP-002,SEC-006,CORRECTIVE,2024-03-26T00:00:00,2024-03-26T01:30:00,2024-03-29T00:00:00,SHADOW,90,COMPLETED
TASK-00768,AST-569,DEF-00648,DEP-002,SEC-003,CORRECTIVE,2024-04-23T00:00:00,2024-04-23T00:45:00,2024-05-03T00:00:00,NONE,45,CANCELLED
TASK-00769,AST-569,DEF-00649,DEP-002,SEC-003,CORRECTIVE,2025-03-11T00:00:00,2025-03-11T00:45:00,2025-03-29T00:00:00,NONE,45,COMPLETED
TASK-00770,AST-569,DEF-00650,DEP-002,SEC-003,CORRECTIVE,2026-01-11T00:00:00,2026-01-11T00:45:00,2026-01-23T00:00:00,NONE,45,COMPLETED
TASK-00772,AST-569,DEF-00651,DEP-002,SEC-003,CORRECTIVE,2026-03-11T00:00:00,2026-03-11T00:45:00,2026-03-18T00:00:00,NONE,45,COMPLETED
TASK-00771,AST-569,DEF-00651,DEP-002,SEC-003,CORRECTIVE,2026-03-07T00:00:00,2026-03-07T00:45:00,2026-03-24T00:00:00,NONE,45,DEFERRED
TASK-00776,AST-572,DEF-00654,DEP-002,SEC-005,CORRECTIVE,2023-09-19T00:00:00,2023-09-19T00:45:00,2023-10-03T00:00:00,NONE,45,CANCELLED
TASK-00777,AST-572,DEF-00655,DEP-002,SEC-005,EMERGENCY,2025-02-24T06:00:00,2025-02-24T09:00:00,2025-02-25T00:00:00,TRAFFIC_BLOCK,180,COMPLETED
TASK-00778,AST-575,DEF-00656,DEP-002,SEC-004,CORRECTIVE,2025-01-03T00:00:00,2025-01-03T00:45:00,2025-01-15T00:00:00,NONE,45,COMPLETED
TASK-00779,AST-575,DEF-00657,DEP-002,SEC-004,CORRECTIVE,2025-02-09T00:00:00,2025-02-09T00:45:00,2025-02-14T00:00:00,NONE,45,COMPLETED
TASK-00782,AST-578,DEF-00659,DEP-002,SEC-005,CORRECTIVE,2026-01-15T00:00:00,2026-01-15T00:45:00,2026-01-22T00:00:00,NONE,45,COMPLETED
TASK-00781,AST-578,DEF-00659,DEP-002,SEC-005,CORRECTIVE,2026-01-10T00:00:00,2026-01-10T00:45:00,2026-01-18T00:00:00,NONE,45,DEFERRED
TASK-00783,AST-579,DEF-00660,DEP-002,SEC-004,CORRECTIVE,2023-09-21T00:00:00,2023-09-21T00:45:00,2023-09-29T00:00:00,NONE,45,COMPLETED
TASK-00784,AST-579,DEF-00661,DEP-002,SEC-004,CORRECTIVE,2025-09-06T00:00:00,2025-09-06T00:45:00,2025-09-18T00:00:00,NONE,45,COMPLETED
TASK-00788,AST-581,DEF-00663,DEP-002,SEC-005,EMERGENCY,2024-06-30T11:00:00,2024-06-30T14:00:00,2024-07-07T11:00:00,TRAFFIC_BLOCK,180,COMPLETED
TASK-00787,AST-581,DEF-00663,DEP-002,SEC-005,EMERGENCY,2024-06-21T11:00:00,2024-06-21T14:00:00,2024-06-22T00:00:00,TRAFFIC_BLOCK,180,DEFERRED
TASK-00789,AST-581,DEF-00664,DEP-002,SEC-005,CORRECTIVE,2025-04-08T00:00:00,2025-04-08T00:45:00,2025-04-17T00:00:00,NONE,45,COMPLETED
TASK-00791,AST-585,DEF-00666,DEP-002,SEC-005,EMERGENCY,2023-12-05T01:00:00,2023-12-05T04:00:00,2023-12-06T00:00:00,TRAFFIC_BLOCK,180,COMPLETED
TASK-00794,AST-589,DEF-00669,DEP-002,SEC-004,CORRECTIVE,2024-01-14T00:00:00,2024-01-14T01:30:00,2024-01-17T00:00:00,SHADOW,90,COMPLETED
TASK-00795,AST-589,DEF-00670,DEP-002,SEC-004,CORRECTIVE,2026-03-16T00:00:00,2026-03-16T00:45:00,2026-03-27T00:00:00,NONE,45,COMPLETED
TASK-00796,AST-591,DEF-00671,DEP-002,SEC-004,CORRECTIVE,2025-08-26T00:00:00,2025-08-26T00:45:00,2025-09-06T00:00:00,NONE,45,COMPLETED
TASK-00797,AST-591,DEF-00672,DEP-002,SEC-004,CORRECTIVE,2026-04-18T00:00:00,2026-04-18T00:45:00,2026-05-04T00:00:00,NONE,45,COMPLETED
TASK-00800,AST-596,DEF-00675,DEP-002,SEC-001,CORRECTIVE,2025-05-19T00:00:00,2025-05-19T00:45:00,2025-06-03T00:00:00,NONE,45,COMPLETED
TASK-00801,AST-598,DEF-00676,DEP-002,SEC-006,CORRECTIVE,2024-08-17T00:00:00,2024-08-17T00:45:00,2024-08-22T00:00:00,NONE,45,COMPLETED
TASK-00803,AST-598,DEF-00677,DEP-002,SEC-006,EMERGENCY,2025-08-20T01:00:00,2025-08-20T04:00:00,2025-08-27T01:00:00,TRAFFIC_BLOCK,180,COMPLETED
TASK-00802,AST-598,DEF-00677,DEP-002,SEC-006,EMERGENCY,2025-08-17T01:00:00,2025-08-17T04:00:00,2025-08-18T00:00:00,TRAFFIC_BLOCK,180,DEFERRED
TASK-00805,AST-598,DEF-00678,DEP-002,SEC-006,CORRECTIVE,2025-10-12T00:00:00,2025-10-12T00:45:00,2025-10-19T00:00:00,NONE,45,COMPLETED
TASK-00804,AST-598,DEF-00678,DEP-002,SEC-006,CORRECTIVE,2025-10-03T00:00:00,2025-10-03T00:45:00,2025-10-16T00:00:00,NONE,45,DEFERRED
TASK-00807,AST-598,DEF-00679,DEP-002,SEC-006,CORRECTIVE,2025-12-12T00:00:00,2025-12-12T00:45:00,2025-12-19T00:00:00,NONE,45,COMPLETED
TASK-00806,AST-598,DEF-00679,DEP-002,SEC-006,CORRECTIVE,2025-12-05T00:00:00,2025-12-05T00:45:00,2025-12-15T00:00:00,NONE,45,DEFERRED
TASK-00814,AST-606,DEF-00684,DEP-002,SEC-006,CORRECTIVE,2024-06-09T00:00:00,2024-06-09T00:45:00,2024-06-16T00:00:00,NONE,45,COMPLETED
TASK-00813,AST-606,DEF-00684,DEP-002,SEC-006,CORRECTIVE,2024-06-04T00:00:00,2024-06-04T00:45:00,2024-06-11T00:00:00,NONE,45,DEFERRED
TASK-00815,AST-608,DEF-00685,DEP-002,SEC-004,CORRECTIVE,2025-08-07T00:00:00,2025-08-07T00:45:00,2025-08-15T00:00:00,NONE,45,COMPLETED
TASK-00816,AST-608,DEF-00686,DEP-002,SEC-004,CORRECTIVE,2026-02-03T00:00:00,2026-02-03T00:45:00,2026-02-11T00:00:00,NONE,45,COMPLETED
TASK-00817,AST-608,DEF-00687,DEP-002,SEC-004,CORRECTIVE,2026-03-02T00:00:00,2026-03-02T00:45:00,2026-03-13T00:00:00,NONE,45,COMPLETED
TASK-00818,AST-609,DEF-00688,DEP-002,SEC-006,EMERGENCY,2023-12-27T04:00:00,2023-12-27T07:00:00,2023-12-28T00:00:00,TRAFFIC_BLOCK,180,COMPLETED
TASK-00820,AST-609,DEF-00689,DEP-002,SEC-006,CORRECTIVE,2026-02-25T00:00:00,2026-02-25T01:30:00,2026-03-04T00:00:00,SHADOW,90,COMPLETED
TASK-00819,AST-609,DEF-00689,DEP-002,SEC-006,CORRECTIVE,2026-02-21T00:00:00,2026-02-21T01:30:00,2026-02-24T00:00:00,SHADOW,90,DEFERRED
TASK-00822,AST-610,DEF-00690,DEP-002,SEC-001,CORRECTIVE,2024-08-27T00:00:00,2024-08-27T00:45:00,2024-09-03T00:00:00,NONE,45,COMPLETED
TASK-00821,AST-610,DEF-00690,DEP-002,SEC-001,CORRECTIVE,2024-08-21T00:00:00,2024-08-21T00:45:00,2024-09-02T00:00:00,NONE,45,DEFERRED
TASK-00823,AST-610,DEF-00691,DEP-002,SEC-001,CORRECTIVE,2026-02-10T00:00:00,2026-02-10T00:45:00,2026-02-24T00:00:00,NONE,45,COMPLETED
TASK-00824,AST-610,DEF-00692,DEP-002,SEC-001,CORRECTIVE,2026-03-16T00:00:00,2026-03-16T00:45:00,2026-03-26T00:00:00,NONE,45,COMPLETED
TASK-00831,AST-619,DEF-00699,DEP-002,SEC-004,CORRECTIVE,2023-12-04T00:00:00,2023-12-04T01:30:00,2023-12-09T00:00:00,SHADOW,90,COMPLETED
TASK-00832,AST-619,DEF-00700,DEP-002,SEC-004,CORRECTIVE,2024-01-10T00:00:00,2024-01-10T00:45:00,2024-01-28T00:00:00,NONE,45,CANCELLED
TASK-00833,AST-619,DEF-00701,DEP-002,SEC-004,CORRECTIVE,2025-06-07T00:00:00,2025-06-07T00:45:00,2025-06-21T00:00:00,NONE,45,COMPLETED
TASK-00834,AST-619,DEF-00702,DEP-002,SEC-004,CORRECTIVE,2025-08-27T00:00:00,2025-08-27T01:30:00,2025-08-30T00:00:00,SHADOW,90,COMPLETED
TASK-00847,AST-633,DEF-00713,DEP-002,SEC-006,CORRECTIVE,2023-08-22T00:00:00,2023-08-22T00:45:00,2023-09-04T00:00:00,NONE,45,COMPLETED
TASK-00848,AST-633,DEF-00714,DEP-002,SEC-006,CORRECTIVE,2024-04-13T00:00:00,2024-04-13T00:45:00,2024-05-01T00:00:00,NONE,45,COMPLETED
TASK-00849,AST-633,DEF-00715,DEP-002,SEC-006,CORRECTIVE,2024-08-18T00:00:00,2024-08-18T00:45:00,2024-08-29T00:00:00,NONE,45,COMPLETED
TASK-00851,AST-637,DEF-00717,DEP-002,SEC-006,CORRECTIVE,2023-10-18T00:00:00,2023-10-18T00:45:00,2023-11-04T00:00:00,NONE,45,COMPLETED
TASK-00852,AST-637,DEF-00718,DEP-002,SEC-006,CORRECTIVE,2026-06-05T00:00:00,2026-06-05T00:45:00,2026-06-21T00:00:00,NONE,45,CANCELLED
TASK-00855,AST-641,DEF-00720,DEP-002,SEC-001,CORRECTIVE,2024-07-27T00:00:00,2024-07-27T00:45:00,2024-08-07T00:00:00,NONE,45,COMPLETED
TASK-00856,AST-642,DEF-00721,DEP-002,SEC-001,CORRECTIVE,2024-03-14T00:00:00,2024-03-14T00:45:00,2024-04-02T00:00:00,NONE,45,COMPLETED
TASK-00858,AST-642,DEF-00722,DEP-002,SEC-001,CORRECTIVE,2025-01-27T00:00:00,2025-01-27T00:45:00,2025-02-03T00:00:00,NONE,45,COMPLETED
TASK-00857,AST-642,DEF-00722,DEP-002,SEC-001,CORRECTIVE,2025-01-20T00:00:00,2025-01-20T00:45:00,2025-01-27T00:00:00,NONE,45,DEFERRED
TASK-00859,AST-642,DEF-00723,DEP-002,SEC-001,CORRECTIVE,2025-09-16T00:00:00,2025-09-16T00:45:00,2025-09-24T00:00:00,NONE,45,COMPLETED
TASK-00864,AST-647,DEF-00728,DEP-002,SEC-001,EMERGENCY,2024-04-06T01:00:00,2024-04-06T04:00:00,2024-04-07T00:00:00,TRAFFIC_BLOCK,180,COMPLETED
TASK-00865,AST-647,DEF-00729,DEP-002,SEC-001,CORRECTIVE,2026-06-01T00:00:00,2026-06-01T01:30:00,2026-06-05T00:00:00,SHADOW,90,COMPLETED
TASK-00866,AST-647,DEF-00730,DEP-002,SEC-001,CORRECTIVE,2026-07-01T00:00:00,2026-07-01T01:30:00,2026-07-05T00:00:00,SHADOW,90,COMPLETED
TASK-00871,AST-657,DEF-00734,DEP-002,SEC-002,CORRECTIVE,2024-05-14T00:00:00,2024-05-14T00:45:00,2024-05-19T00:00:00,NONE,45,COMPLETED
TASK-00880,AST-663,DEF-00740,DEP-002,SEC-004,CORRECTIVE,2024-05-13T00:00:00,2024-05-13T00:45:00,2024-05-27T00:00:00,NONE,45,COMPLETED
TASK-00882,AST-663,DEF-00741,DEP-002,SEC-004,CORRECTIVE,2026-07-12T00:00:00,2026-07-12T00:45:00,2026-07-19T00:00:00,NONE,45,COMPLETED
TASK-00881,AST-663,DEF-00741,DEP-002,SEC-004,CORRECTIVE,2026-07-10T00:00:00,2026-07-10T00:45:00,2026-07-16T00:00:00,NONE,45,DEFERRED
TASK-00887,AST-668,DEF-00746,DEP-002,SEC-002,CORRECTIVE,2025-04-03T00:00:00,2025-04-03T00:45:00,2025-04-16T00:00:00,NONE,45,COMPLETED
TASK-00888,AST-668,DEF-00747,DEP-002,SEC-002,CORRECTIVE,2026-01-04T00:00:00,2026-01-04T00:45:00,2026-01-11T00:00:00,NONE,45,COMPLETED
TASK-00889,AST-669,DEF-00748,DEP-002,SEC-002,EMERGENCY,2025-10-24T07:00:00,2025-10-24T10:00:00,2025-10-25T00:00:00,TRAFFIC_BLOCK,180,CANCELLED
TASK-00890,AST-669,DEF-00749,DEP-002,SEC-002,EMERGENCY,2026-05-22T04:00:00,2026-05-22T07:00:00,2026-05-23T00:00:00,TRAFFIC_BLOCK,180,COMPLETED
TASK-00893,AST-672,DEF-00751,DEP-002,SEC-001,CORRECTIVE,2025-12-03T00:00:00,2025-12-03T00:45:00,2025-12-10T00:00:00,NONE,45,COMPLETED
TASK-00892,AST-672,DEF-00751,DEP-002,SEC-001,CORRECTIVE,2025-11-25T00:00:00,2025-11-25T00:45:00,2025-12-06T00:00:00,NONE,45,DEFERRED
TASK-00894,AST-673,DEF-00752,DEP-002,SEC-002,CORRECTIVE,2024-07-08T00:00:00,2024-07-08T00:45:00,2024-07-19T00:00:00,NONE,45,COMPLETED
TASK-00895,AST-673,DEF-00753,DEP-002,SEC-002,CORRECTIVE,2025-03-11T00:00:00,2025-03-11T00:45:00,2025-03-16T00:00:00,NONE,45,COMPLETED
TASK-00896,AST-673,DEF-00754,DEP-002,SEC-002,CORRECTIVE,2026-05-26T00:00:00,2026-05-26T00:45:00,2026-06-09T00:00:00,NONE,45,COMPLETED
TASK-00898,AST-677,DEF-00755,DEP-002,SEC-001,CORRECTIVE,2024-05-14T00:00:00,2024-05-14T00:45:00,2024-05-21T00:00:00,NONE,45,COMPLETED
TASK-00897,AST-677,DEF-00755,DEP-002,SEC-001,CORRECTIVE,2024-05-04T00:00:00,2024-05-04T00:45:00,2024-05-21T00:00:00,NONE,45,DEFERRED
TASK-00899,AST-677,DEF-00756,DEP-002,SEC-001,CORRECTIVE,2025-06-30T00:00:00,2025-06-30T00:45:00,2025-07-15T00:00:00,NONE,45,COMPLETED
TASK-00903,AST-683,DEF-00759,DEP-002,SEC-002,CORRECTIVE,2024-07-20T00:00:00,2024-07-20T00:45:00,2024-08-07T00:00:00,NONE,45,COMPLETED
TASK-00907,AST-692,DEF-00762,DEP-002,SEC-004,EMERGENCY,2023-08-13T05:00:00,2023-08-13T08:00:00,2023-08-14T00:00:00,TRAFFIC_BLOCK,180,COMPLETED
TASK-00908,AST-692,DEF-00763,DEP-002,SEC-004,CORRECTIVE,2024-03-01T00:00:00,2024-03-01T00:45:00,2024-03-10T00:00:00,NONE,45,COMPLETED
TASK-00909,AST-692,DEF-00764,DEP-002,SEC-004,CORRECTIVE,2024-03-23T00:00:00,2024-03-23T00:45:00,2024-04-09T00:00:00,NONE,45,COMPLETED
TASK-00911,AST-692,DEF-00765,DEP-002,SEC-004,CORRECTIVE,2025-03-27T00:00:00,2025-03-27T00:45:00,2025-04-03T00:00:00,NONE,45,COMPLETED
TASK-00910,AST-692,DEF-00765,DEP-002,SEC-004,CORRECTIVE,2025-03-25T00:00:00,2025-03-25T00:45:00,2025-04-04T00:00:00,NONE,45,DEFERRED
TASK-00912,AST-693,DEF-00766,DEP-002,SEC-003,CORRECTIVE,2026-06-08T00:00:00,2026-06-08T00:45:00,2026-06-27T00:00:00,NONE,45,COMPLETED
TASK-00920,AST-699,DEF-00773,DEP-002,SEC-002,CORRECTIVE,2025-06-23T00:00:00,2025-06-23T00:45:00,2025-06-29T00:00:00,NONE,45,COMPLETED
TASK-00921,AST-699,DEF-00774,DEP-002,SEC-002,CORRECTIVE,2025-09-10T00:00:00,2025-09-10T00:45:00,2025-09-27T00:00:00,NONE,45,COMPLETED
TASK-00927,AST-704,DEF-00778,DEP-002,SEC-005,CORRECTIVE,2024-11-28T00:00:00,2024-11-28T00:45:00,2024-12-05T00:00:00,NONE,45,COMPLETED
TASK-00926,AST-704,DEF-00778,DEP-002,SEC-005,CORRECTIVE,2024-11-18T00:00:00,2024-11-18T00:45:00,2024-12-03T00:00:00,NONE,45,DEFERRED
TASK-00928,AST-704,DEF-00779,DEP-002,SEC-005,CORRECTIVE,2024-12-25T00:00:00,2024-12-25T00:45:00,2025-01-02T00:00:00,NONE,45,COMPLETED
TASK-00929,AST-704,DEF-00780,DEP-002,SEC-005,CORRECTIVE,2025-06-03T00:00:00,2025-06-03T01:30:00,2025-06-11T00:00:00,SHADOW,90,COMPLETED
TASK-00931,AST-704,DEF-00781,DEP-002,SEC-005,CORRECTIVE,2025-07-31T00:00:00,2025-07-31T00:45:00,2025-08-07T00:00:00,NONE,45,COMPLETED
TASK-00930,AST-704,DEF-00781,DEP-002,SEC-005,CORRECTIVE,2025-07-21T00:00:00,2025-07-21T00:45:00,2025-07-31T00:00:00,NONE,45,DEFERRED
TASK-00933,AST-706,DEF-00783,DEP-002,SEC-001,CORRECTIVE,2023-09-29T00:00:00,2023-09-29T01:30:00,2023-10-05T00:00:00,SHADOW,90,COMPLETED
TASK-00934,AST-706,DEF-00784,DEP-002,SEC-001,CORRECTIVE,2026-01-06T00:00:00,2026-01-06T00:45:00,2026-01-12T00:00:00,NONE,45,COMPLETED
TASK-00939,AST-713,DEF-00789,DEP-002,SEC-006,CORRECTIVE,2024-08-14T00:00:00,2024-08-14T00:45:00,2024-08-19T00:00:00,NONE,45,COMPLETED
TASK-00941,AST-713,DEF-00790,DEP-002,SEC-006,CORRECTIVE,2024-11-17T00:00:00,2024-11-17T00:45:00,2024-11-24T00:00:00,NONE,45,COMPLETED
TASK-00940,AST-713,DEF-00790,DEP-002,SEC-006,CORRECTIVE,2024-11-08T00:00:00,2024-11-08T00:45:00,2024-11-17T00:00:00,NONE,45,DEFERRED
TASK-00942,AST-713,DEF-00791,DEP-002,SEC-006,CORRECTIVE,2025-09-04T00:00:00,2025-09-04T00:45:00,2025-09-13T00:00:00,NONE,45,COMPLETED
TASK-00944,AST-713,DEF-00792,DEP-002,SEC-006,CORRECTIVE,2025-11-20T00:00:00,2025-11-20T01:30:00,2025-11-27T00:00:00,SHADOW,90,COMPLETED
TASK-00943,AST-713,DEF-00792,DEP-002,SEC-006,CORRECTIVE,2025-11-17T00:00:00,2025-11-17T01:30:00,2025-11-22T00:00:00,SHADOW,90,DEFERRED
TASK-00945,AST-713,DEF-00793,DEP-002,SEC-006,CORRECTIVE,2026-01-06T00:00:00,2026-01-06T00:45:00,2026-01-11T00:00:00,NONE,45,COMPLETED
TASK-00947,AST-715,DEF-00794,DEP-002,SEC-004,CORRECTIVE,2023-08-31T00:00:00,2023-08-31T00:45:00,2023-09-07T00:00:00,NONE,45,COMPLETED
TASK-00946,AST-715,DEF-00794,DEP-002,SEC-004,CORRECTIVE,2023-08-28T00:00:00,2023-08-28T00:45:00,2023-09-10T00:00:00,NONE,45,DEFERRED
TASK-00948,AST-715,DEF-00795,DEP-002,SEC-004,CORRECTIVE,2025-07-12T00:00:00,2025-07-12T00:45:00,2025-07-31T00:00:00,NONE,45,COMPLETED
TASK-00949,AST-715,DEF-00796,DEP-002,SEC-004,CORRECTIVE,2026-05-10T00:00:00,2026-05-10T00:45:00,2026-05-27T00:00:00,NONE,45,COMPLETED
TASK-00978,AST-738,DEF-00819,DEP-002,SEC-003,CORRECTIVE,2025-05-08T00:00:00,2025-05-08T01:30:00,2025-05-15T00:00:00,SHADOW,90,COMPLETED
TASK-00977,AST-738,DEF-00819,DEP-002,SEC-003,CORRECTIVE,2025-05-06T00:00:00,2025-05-06T01:30:00,2025-05-11T00:00:00,SHADOW,90,DEFERRED
TASK-00979,AST-738,DEF-00820,DEP-002,SEC-003,EMERGENCY,2026-06-25T10:00:00,2026-06-25T13:00:00,2026-06-26T00:00:00,TRAFFIC_BLOCK,180,COMPLETED
TASK-00980,AST-739,DEF-00821,DEP-002,SEC-001,CORRECTIVE,2023-12-24T00:00:00,2023-12-24T01:30:00,2023-12-31T00:00:00,SHADOW,90,COMPLETED
TASK-00981,AST-739,DEF-00822,DEP-002,SEC-001,CORRECTIVE,2024-05-13T00:00:00,2024-05-13T00:45:00,2024-05-19T00:00:00,NONE,45,COMPLETED
TASK-00982,AST-739,DEF-00823,DEP-002,SEC-001,CORRECTIVE,2024-06-03T00:00:00,2024-06-03T00:45:00,2024-06-18T00:00:00,NONE,45,COMPLETED
TASK-00983,AST-739,DEF-00824,DEP-002,SEC-001,CORRECTIVE,2026-07-30T00:00:00,2026-07-30T00:45:00,2026-08-07T00:00:00,NONE,45,COMPLETED
TASK-00985,AST-742,DEF-00825,DEP-002,SEC-006,CORRECTIVE,2023-11-25T00:00:00,2023-11-25T00:45:00,2023-12-02T00:00:00,NONE,45,COMPLETED
TASK-00984,AST-742,DEF-00825,DEP-002,SEC-006,CORRECTIVE,2023-11-20T00:00:00,2023-11-20T00:45:00,2023-11-25T00:00:00,NONE,45,DEFERRED
TASK-00986,AST-742,DEF-00826,DEP-002,SEC-006,CORRECTIVE,2024-11-11T00:00:00,2024-11-11T00:45:00,2024-11-19T00:00:00,NONE,45,COMPLETED
TASK-00988,AST-742,DEF-00827,DEP-002,SEC-006,CORRECTIVE,2025-05-09T00:00:00,2025-05-09T00:45:00,2025-05-16T00:00:00,NONE,45,COMPLETED
TASK-00987,AST-742,DEF-00827,DEP-002,SEC-006,CORRECTIVE,2025-05-03T00:00:00,2025-05-03T00:45:00,2025-05-18T00:00:00,NONE,45,DEFERRED
TASK-00989,AST-742,DEF-00828,DEP-002,SEC-006,EMERGENCY,2025-05-18T11:00:00,2025-05-18T14:00:00,2025-05-19T00:00:00,TRAFFIC_BLOCK,180,COMPLETED
TASK-00991,AST-742,DEF-00829,DEP-002,SEC-006,CORRECTIVE,2026-05-09T00:00:00,2026-05-09T00:45:00,2026-05-16T00:00:00,NONE,45,COMPLETED
TASK-00990,AST-742,DEF-00829,DEP-002,SEC-006,CORRECTIVE,2026-05-04T00:00:00,2026-05-04T00:45:00,2026-05-13T00:00:00,NONE,45,DEFERRED
TASK-00993,AST-743,DEF-00830,DEP-002,SEC-004,CORRECTIVE,2023-09-11T00:00:00,2023-09-11T00:45:00,2023-09-18T00:00:00,NONE,45,COMPLETED
TASK-00992,AST-743,DEF-00830,DEP-002,SEC-004,CORRECTIVE,2023-09-05T00:00:00,2023-09-05T00:45:00,2023-09-22T00:00:00,NONE,45,DEFERRED
TASK-00998,AST-746,DEF-00833,DEP-002,SEC-004,CORRECTIVE,2024-08-27T00:00:00,2024-08-27T01:30:00,2024-08-31T00:00:00,SHADOW,90,COMPLETED
TASK-00999,AST-746,DEF-00834,DEP-002,SEC-004,EMERGENCY,2025-08-16T05:00:00,2025-08-16T08:00:00,2025-08-17T00:00:00,TRAFFIC_BLOCK,180,COMPLETED
TASK-01005,AST-040,DEF-00839,DEP-002,SEC-002,EMERGENCY,2024-03-15T16:00:00,2024-03-15T18:00:00,2024-03-16T01:00:00,TRAFFIC_BLOCK,120,COMPLETED
TASK-01006,AST-043,DEF-00840,DEP-002,SEC-004,EMERGENCY,2026-04-08T18:00:00,2026-04-08T20:00:00,2026-04-09T04:00:00,TRAFFIC_BLOCK,120,COMPLETED
TASK-01010,AST-076,DEF-00844,DEP-002,SEC-004,EMERGENCY,2025-05-27T10:00:00,2025-05-27T12:00:00,2025-05-27T18:00:00,TRAFFIC_BLOCK,120,COMPLETED
TASK-01013,AST-147,DEF-00847,DEP-002,SEC-004,EMERGENCY,2025-01-23T06:00:00,2025-01-23T08:00:00,2025-01-27T04:00:00,TRAFFIC_BLOCK,120,COMPLETED
TASK-01019,AST-256,DEF-00853,DEP-002,SEC-002,EMERGENCY,2026-02-09T20:00:00,2026-02-09T22:00:00,2026-02-13T18:00:00,TRAFFIC_BLOCK,120,COMPLETED
TASK-01022,AST-274,DEF-00856,DEP-002,SEC-001,EMERGENCY,2025-12-21T07:00:00,2025-12-21T09:00:00,2025-12-25T06:00:00,TRAFFIC_BLOCK,120,COMPLETED
TASK-01024,AST-316,DEF-00858,DEP-002,SEC-003,EMERGENCY,2024-05-25T16:00:00,2024-05-25T18:00:00,2024-05-26T03:00:00,TRAFFIC_BLOCK,120,COMPLETED
TASK-01026,AST-341,DEF-00860,DEP-002,SEC-006,EMERGENCY,2025-02-14T08:00:00,2025-02-14T10:00:00,2025-02-14T19:00:00,TRAFFIC_BLOCK,120,COMPLETED
TASK-01027,AST-358,DEF-00861,DEP-002,SEC-004,EMERGENCY,2023-08-16T14:00:00,2023-08-16T16:00:00,2023-08-17T01:00:00,TRAFFIC_BLOCK,120,COMPLETED
TASK-01034,AST-409,DEF-00868,DEP-002,SEC-002,EMERGENCY,2023-10-23T21:00:00,2023-10-23T23:00:00,2023-10-24T06:00:00,TRAFFIC_BLOCK,120,COMPLETED
TASK-01039,AST-483,DEF-00873,DEP-002,SEC-003,EMERGENCY,2026-03-28T04:00:00,2026-03-28T06:00:00,2026-04-01T01:00:00,TRAFFIC_BLOCK,120,COMPLETED
TASK-01041,AST-485,DEF-00875,DEP-002,SEC-003,EMERGENCY,2023-12-09T07:00:00,2023-12-09T09:00:00,2023-12-13T06:00:00,TRAFFIC_BLOCK,120,COMPLETED
TASK-01046,AST-589,DEF-00880,DEP-002,SEC-004,EMERGENCY,2025-09-06T10:00:00,2025-09-06T12:00:00,2025-09-10T06:00:00,TRAFFIC_BLOCK,120,COMPLETED
TASK-01052,AST-722,DEF-00886,DEP-002,SEC-003,EMERGENCY,2026-07-23T03:00:00,2026-07-23T05:00:00,2026-07-23T11:00:00,TRAFFIC_BLOCK,120,COMPLETED
TASK-01053,AST-738,DEF-00887,DEP-002,SEC-003,EMERGENCY,2024-08-09T02:00:00,2024-08-09T04:00:00,2024-08-12T22:00:00,TRAFFIC_BLOCK,120,COMPLETED
TASK-01055,AST-001,,DEP-002,SEC-006,PREVENTIVE,2023-08-21T00:00:00,2023-08-21T02:00:00,2023-09-05T00:00:00,SHADOW,120,COMPLETED
TASK-01056,AST-001,,DEP-002,SEC-006,PREVENTIVE,2023-11-19T00:00:00,2023-11-19T02:00:00,2023-12-04T00:00:00,SHADOW,120,COMPLETED
TASK-01057,AST-001,,DEP-002,SEC-006,PREVENTIVE,2024-02-17T00:00:00,2024-02-17T02:00:00,2024-03-03T00:00:00,SHADOW,120,COMPLETED
TASK-01058,AST-001,,DEP-002,SEC-006,PREVENTIVE,2024-05-17T00:00:00,2024-05-17T02:00:00,2024-06-01T00:00:00,SHADOW,120,COMPLETED
TASK-01059,AST-001,,DEP-002,SEC-006,PREVENTIVE,2024-08-15T00:00:00,2024-08-15T02:00:00,2024-08-30T00:00:00,SHADOW,120,COMPLETED
TASK-01060,AST-001,,DEP-002,SEC-006,PREVENTIVE,2024-11-13T00:00:00,2024-11-13T02:00:00,2024-11-28T00:00:00,SHADOW,120,COMPLETED
TASK-01061,AST-001,,DEP-002,SEC-006,PREVENTIVE,2025-02-11T00:00:00,2025-02-11T02:00:00,2025-02-26T00:00:00,SHADOW,120,COMPLETED
TASK-01062,AST-001,,DEP-002,SEC-006,PREVENTIVE,2025-05-12T00:00:00,2025-05-12T02:00:00,2025-05-27T00:00:00,SHADOW,120,COMPLETED
TASK-01063,AST-001,,DEP-002,SEC-006,PREVENTIVE,2025-08-10T00:00:00,2025-08-10T02:00:00,2025-08-25T00:00:00,SHADOW,120,COMPLETED
TASK-01064,AST-001,,DEP-002,SEC-006,PREVENTIVE,2025-11-08T00:00:00,2025-11-08T02:00:00,2025-11-23T00:00:00,SHADOW,120,COMPLETED
TASK-01065,AST-001,,DEP-002,SEC-006,PREVENTIVE,2026-02-06T00:00:00,2026-02-06T02:00:00,2026-02-21T00:00:00,SHADOW,120,COMPLETED
TASK-01066,AST-001,,DEP-002,SEC-006,PREVENTIVE,2026-05-07T00:00:00,2026-05-07T02:00:00,2026-05-22T00:00:00,SHADOW,120,COMPLETED
TASK-01076,AST-005,,DEP-002,SEC-002,PREVENTIVE,2023-09-08T00:00:00,2023-09-08T02:00:00,2023-09-23T00:00:00,SHADOW,120,COMPLETED
TASK-01077,AST-005,,DEP-002,SEC-002,PREVENTIVE,2023-12-07T00:00:00,2023-12-07T02:00:00,2023-12-22T00:00:00,SHADOW,120,COMPLETED
TASK-01078,AST-005,,DEP-002,SEC-002,PREVENTIVE,2024-03-06T00:00:00,2024-03-06T02:00:00,2024-03-21T00:00:00,SHADOW,120,COMPLETED
TASK-01079,AST-005,,DEP-002,SEC-002,PREVENTIVE,2024-06-04T00:00:00,2024-06-04T02:00:00,2024-06-19T00:00:00,SHADOW,120,COMPLETED
TASK-01080,AST-005,,DEP-002,SEC-002,PREVENTIVE,2024-09-02T00:00:00,2024-09-02T02:00:00,2024-09-17T00:00:00,SHADOW,120,COMPLETED
TASK-01081,AST-005,,DEP-002,SEC-002,PREVENTIVE,2024-12-01T00:00:00,2024-12-01T02:00:00,2024-12-16T00:00:00,SHADOW,120,COMPLETED
TASK-01082,AST-005,,DEP-002,SEC-002,PREVENTIVE,2025-03-01T00:00:00,2025-03-01T02:00:00,2025-03-16T00:00:00,SHADOW,120,COMPLETED
TASK-01083,AST-005,,DEP-002,SEC-002,PREVENTIVE,2025-05-30T00:00:00,2025-05-30T02:00:00,2025-06-14T00:00:00,SHADOW,120,COMPLETED
TASK-01084,AST-005,,DEP-002,SEC-002,PREVENTIVE,2025-08-28T00:00:00,2025-08-28T02:00:00,2025-09-12T00:00:00,SHADOW,120,COMPLETED
TASK-01085,AST-005,,DEP-002,SEC-002,PREVENTIVE,2025-11-26T00:00:00,2025-11-26T02:00:00,2025-12-11T00:00:00,SHADOW,120,COMPLETED
TASK-01086,AST-005,,DEP-002,SEC-002,PREVENTIVE,2026-02-24T00:00:00,2026-02-24T02:00:00,2026-03-11T00:00:00,SHADOW,120,COMPLETED
TASK-01087,AST-005,,DEP-002,SEC-002,PREVENTIVE,2026-05-25T00:00:00,2026-05-25T02:00:00,2026-06-09T00:00:00,SHADOW,120,COMPLETED
TASK-01100,AST-009,,DEP-002,SEC-001,PREVENTIVE,2023-09-19T00:00:00,2023-09-19T02:00:00,2023-10-04T00:00:00,SHADOW,120,COMPLETED
TASK-01101,AST-009,,DEP-002,SEC-001,PREVENTIVE,2023-12-18T00:00:00,2023-12-18T02:00:00,2024-01-02T00:00:00,SHADOW,120,COMPLETED
TASK-01102,AST-009,,DEP-002,SEC-001,PREVENTIVE,2024-03-17T00:00:00,2024-03-17T02:00:00,2024-04-01T00:00:00,SHADOW,120,COMPLETED
TASK-01103,AST-009,,DEP-002,SEC-001,PREVENTIVE,2024-06-15T00:00:00,2024-06-15T02:00:00,2024-06-30T00:00:00,SHADOW,120,COMPLETED
TASK-01104,AST-009,,DEP-002,SEC-001,PREVENTIVE,2024-09-13T00:00:00,2024-09-13T02:00:00,2024-09-28T00:00:00,SHADOW,120,COMPLETED
TASK-01105,AST-009,,DEP-002,SEC-001,PREVENTIVE,2024-12-12T00:00:00,2024-12-12T02:00:00,2024-12-27T00:00:00,SHADOW,120,COMPLETED
TASK-01106,AST-009,,DEP-002,SEC-001,PREVENTIVE,2025-03-12T00:00:00,2025-03-12T02:00:00,2025-03-27T00:00:00,SHADOW,120,COMPLETED
TASK-01107,AST-009,,DEP-002,SEC-001,PREVENTIVE,2025-06-10T00:00:00,2025-06-10T02:00:00,2025-06-25T00:00:00,SHADOW,120,COMPLETED
TASK-01108,AST-009,,DEP-002,SEC-001,PREVENTIVE,2025-09-08T00:00:00,2025-09-08T02:00:00,2025-09-23T00:00:00,SHADOW,120,COMPLETED
TASK-01109,AST-009,,DEP-002,SEC-001,PREVENTIVE,2025-12-07T00:00:00,2025-12-07T02:00:00,2025-12-22T00:00:00,SHADOW,120,COMPLETED
TASK-01110,AST-009,,DEP-002,SEC-001,PREVENTIVE,2026-03-07T00:00:00,2026-03-07T02:00:00,2026-03-22T00:00:00,SHADOW,120,COMPLETED
TASK-01111,AST-009,,DEP-002,SEC-001,PREVENTIVE,2026-06-05T00:00:00,2026-06-05T02:00:00,2026-06-20T00:00:00,SHADOW,120,COMPLETED
TASK-01115,AST-011,,DEP-002,SEC-001,PREVENTIVE,2023-10-29T00:00:00,2023-10-29T02:00:00,2023-11-13T00:00:00,SHADOW,120,COMPLETED
TASK-01116,AST-011,,DEP-002,SEC-001,PREVENTIVE,2024-01-27T00:00:00,2024-01-27T02:00:00,2024-02-11T00:00:00,SHADOW,120,COMPLETED
TASK-01117,AST-011,,DEP-002,SEC-001,PREVENTIVE,2024-04-26T00:00:00,2024-04-26T02:00:00,2024-05-11T00:00:00,SHADOW,120,COMPLETED
TASK-01118,AST-011,,DEP-002,SEC-001,PREVENTIVE,2024-07-25T00:00:00,2024-07-25T02:00:00,2024-08-09T00:00:00,SHADOW,120,COMPLETED
TASK-01119,AST-011,,DEP-002,SEC-001,PREVENTIVE,2024-10-23T00:00:00,2024-10-23T02:00:00,2024-11-07T00:00:00,SHADOW,120,COMPLETED
TASK-01120,AST-011,,DEP-002,SEC-001,PREVENTIVE,2025-01-21T00:00:00,2025-01-21T02:00:00,2025-02-05T00:00:00,SHADOW,120,COMPLETED
TASK-01121,AST-011,,DEP-002,SEC-001,PREVENTIVE,2025-04-21T00:00:00,2025-04-21T02:00:00,2025-05-06T00:00:00,SHADOW,120,COMPLETED
TASK-01122,AST-011,,DEP-002,SEC-001,PREVENTIVE,2025-07-20T00:00:00,2025-07-20T02:00:00,2025-08-04T00:00:00,SHADOW,120,COMPLETED
TASK-01123,AST-011,,DEP-002,SEC-001,PREVENTIVE,2025-10-18T00:00:00,2025-10-18T02:00:00,2025-11-02T00:00:00,SHADOW,120,COMPLETED
TASK-01124,AST-011,,DEP-002,SEC-001,PREVENTIVE,2026-01-16T00:00:00,2026-01-16T02:00:00,2026-01-31T00:00:00,SHADOW,120,COMPLETED
TASK-01125,AST-011,,DEP-002,SEC-001,PREVENTIVE,2026-04-16T00:00:00,2026-04-16T02:00:00,2026-05-01T00:00:00,SHADOW,120,COMPLETED
TASK-01126,AST-011,,DEP-002,SEC-001,PREVENTIVE,2026-07-15T00:00:00,2026-07-15T02:00:00,2026-07-30T00:00:00,SHADOW,120,COMPLETED
TASK-01133,AST-014,,DEP-002,SEC-005,PREVENTIVE,2023-10-11T00:00:00,2023-10-11T02:00:00,2023-10-26T00:00:00,SHADOW,120,COMPLETED
TASK-01134,AST-014,,DEP-002,SEC-005,PREVENTIVE,2024-01-09T00:00:00,2024-01-09T02:00:00,2024-01-24T00:00:00,SHADOW,120,COMPLETED
TASK-01135,AST-014,,DEP-002,SEC-005,PREVENTIVE,2024-04-08T00:00:00,2024-04-08T02:00:00,2024-04-23T00:00:00,SHADOW,120,COMPLETED
TASK-01136,AST-014,,DEP-002,SEC-005,PREVENTIVE,2024-07-07T00:00:00,2024-07-07T02:00:00,2024-07-22T00:00:00,SHADOW,120,COMPLETED
TASK-01137,AST-014,,DEP-002,SEC-005,PREVENTIVE,2024-10-05T00:00:00,2024-10-05T02:00:00,2024-10-20T00:00:00,SHADOW,120,COMPLETED
TASK-01138,AST-014,,DEP-002,SEC-005,PREVENTIVE,2025-01-03T00:00:00,2025-01-03T02:00:00,2025-01-18T00:00:00,SHADOW,120,COMPLETED
TASK-01139,AST-014,,DEP-002,SEC-005,PREVENTIVE,2025-04-03T00:00:00,2025-04-03T02:00:00,2025-04-18T00:00:00,SHADOW,120,COMPLETED
TASK-01140,AST-014,,DEP-002,SEC-005,PREVENTIVE,2025-07-02T00:00:00,2025-07-02T02:00:00,2025-07-17T00:00:00,SHADOW,120,COMPLETED
TASK-01141,AST-014,,DEP-002,SEC-005,PREVENTIVE,2025-09-30T00:00:00,2025-09-30T02:00:00,2025-10-15T00:00:00,SHADOW,120,COMPLETED
TASK-01142,AST-014,,DEP-002,SEC-005,PREVENTIVE,2025-12-29T00:00:00,2025-12-29T02:00:00,2026-01-13T00:00:00,SHADOW,120,COMPLETED
TASK-01143,AST-014,,DEP-002,SEC-005,PREVENTIVE,2026-03-29T00:00:00,2026-03-29T02:00:00,2026-04-13T00:00:00,SHADOW,120,COMPLETED
TASK-01144,AST-014,,DEP-002,SEC-005,PREVENTIVE,2026-06-27T00:00:00,2026-06-27T02:00:00,2026-07-12T00:00:00,SHADOW,120,COMPLETED
TASK-01145,AST-015,,DEP-002,SEC-004,PREVENTIVE,2023-10-21T00:00:00,2023-10-21T02:00:00,2023-11-05T00:00:00,SHADOW,120,COMPLETED
TASK-01146,AST-015,,DEP-002,SEC-004,PREVENTIVE,2024-01-19T00:00:00,2024-01-19T02:00:00,2024-02-03T00:00:00,SHADOW,120,COMPLETED
TASK-01147,AST-015,,DEP-002,SEC-004,PREVENTIVE,2024-04-18T00:00:00,2024-04-18T02:00:00,2024-05-03T00:00:00,SHADOW,120,COMPLETED
TASK-01148,AST-015,,DEP-002,SEC-004,PREVENTIVE,2024-07-17T00:00:00,2024-07-17T02:00:00,2024-08-01T00:00:00,SHADOW,120,COMPLETED
TASK-01149,AST-015,,DEP-002,SEC-004,PREVENTIVE,2024-10-15T00:00:00,2024-10-15T02:00:00,2024-10-30T00:00:00,SHADOW,120,COMPLETED
TASK-01150,AST-015,,DEP-002,SEC-004,PREVENTIVE,2025-01-13T00:00:00,2025-01-13T02:00:00,2025-01-28T00:00:00,SHADOW,120,COMPLETED
TASK-01151,AST-015,,DEP-002,SEC-004,PREVENTIVE,2025-04-13T00:00:00,2025-04-13T02:00:00,2025-04-28T00:00:00,SHADOW,120,COMPLETED
TASK-01152,AST-015,,DEP-002,SEC-004,PREVENTIVE,2025-07-12T00:00:00,2025-07-12T02:00:00,2025-07-27T00:00:00,SHADOW,120,COMPLETED
TASK-01153,AST-015,,DEP-002,SEC-004,PREVENTIVE,2025-10-10T00:00:00,2025-10-10T02:00:00,2025-10-25T00:00:00,SHADOW,120,COMPLETED
TASK-01154,AST-015,,DEP-002,SEC-004,PREVENTIVE,2026-01-08T00:00:00,2026-01-08T02:00:00,2026-01-23T00:00:00,SHADOW,120,COMPLETED
TASK-01155,AST-015,,DEP-002,SEC-004,PREVENTIVE,2026-04-08T00:00:00,2026-04-08T02:00:00,2026-04-23T00:00:00,SHADOW,120,COMPLETED
TASK-01156,AST-015,,DEP-002,SEC-004,PREVENTIVE,2026-07-07T00:00:00,2026-07-07T02:00:00,2026-07-22T00:00:00,SHADOW,120,COMPLETED
TASK-01157,AST-016,,DEP-002,SEC-006,PREVENTIVE,2023-10-24T00:00:00,2023-10-24T02:00:00,2023-11-08T00:00:00,SHADOW,120,COMPLETED
TASK-01158,AST-016,,DEP-002,SEC-006,PREVENTIVE,2024-01-22T00:00:00,2024-01-22T02:00:00,2024-02-06T00:00:00,SHADOW,120,COMPLETED
TASK-01159,AST-016,,DEP-002,SEC-006,PREVENTIVE,2024-04-21T00:00:00,2024-04-21T02:00:00,2024-05-06T00:00:00,SHADOW,120,COMPLETED
TASK-01160,AST-016,,DEP-002,SEC-006,PREVENTIVE,2024-07-20T00:00:00,2024-07-20T02:00:00,2024-08-04T00:00:00,SHADOW,120,COMPLETED
TASK-01161,AST-016,,DEP-002,SEC-006,PREVENTIVE,2024-10-18T00:00:00,2024-10-18T02:00:00,2024-11-02T00:00:00,SHADOW,120,COMPLETED
TASK-01162,AST-016,,DEP-002,SEC-006,PREVENTIVE,2025-01-16T00:00:00,2025-01-16T02:00:00,2025-01-31T00:00:00,SHADOW,120,COMPLETED
TASK-01163,AST-016,,DEP-002,SEC-006,PREVENTIVE,2025-04-16T00:00:00,2025-04-16T02:00:00,2025-05-01T00:00:00,SHADOW,120,COMPLETED
TASK-01164,AST-016,,DEP-002,SEC-006,PREVENTIVE,2025-07-15T00:00:00,2025-07-15T02:00:00,2025-07-30T00:00:00,SHADOW,120,COMPLETED
TASK-01165,AST-016,,DEP-002,SEC-006,PREVENTIVE,2025-10-13T00:00:00,2025-10-13T02:00:00,2025-10-28T00:00:00,SHADOW,120,COMPLETED
TASK-01166,AST-016,,DEP-002,SEC-006,PREVENTIVE,2026-01-11T00:00:00,2026-01-11T02:00:00,2026-01-26T00:00:00,SHADOW,120,COMPLETED
TASK-01167,AST-016,,DEP-002,SEC-006,PREVENTIVE,2026-04-11T00:00:00,2026-04-11T02:00:00,2026-04-26T00:00:00,SHADOW,120,COMPLETED
TASK-01168,AST-016,,DEP-002,SEC-006,PREVENTIVE,2026-07-10T00:00:00,2026-07-10T02:00:00,2026-07-25T00:00:00,SHADOW,120,COMPLETED
TASK-01181,AST-020,,DEP-002,SEC-002,PREVENTIVE,2023-10-29T00:00:00,2023-10-29T02:00:00,2023-11-13T00:00:00,SHADOW,120,COMPLETED
TASK-01182,AST-020,,DEP-002,SEC-002,PREVENTIVE,2024-01-27T00:00:00,2024-01-27T02:00:00,2024-02-11T00:00:00,SHADOW,120,COMPLETED
TASK-01183,AST-020,,DEP-002,SEC-002,PREVENTIVE,2024-04-26T00:00:00,2024-04-26T02:00:00,2024-05-11T00:00:00,SHADOW,120,COMPLETED
TASK-01184,AST-020,,DEP-002,SEC-002,PREVENTIVE,2024-07-25T00:00:00,2024-07-25T02:00:00,2024-08-09T00:00:00,SHADOW,120,COMPLETED
TASK-01185,AST-020,,DEP-002,SEC-002,PREVENTIVE,2024-10-23T00:00:00,2024-10-23T02:00:00,2024-11-07T00:00:00,SHADOW,120,COMPLETED
TASK-01186,AST-020,,DEP-002,SEC-002,PREVENTIVE,2025-01-21T00:00:00,2025-01-21T02:00:00,2025-02-05T00:00:00,SHADOW,120,COMPLETED
TASK-01187,AST-020,,DEP-002,SEC-002,PREVENTIVE,2025-04-21T00:00:00,2025-04-21T02:00:00,2025-05-06T00:00:00,SHADOW,120,COMPLETED
TASK-01188,AST-020,,DEP-002,SEC-002,PREVENTIVE,2025-07-20T00:00:00,2025-07-20T02:00:00,2025-08-04T00:00:00,SHADOW,120,COMPLETED
TASK-01189,AST-020,,DEP-002,SEC-002,PREVENTIVE,2025-10-18T00:00:00,2025-10-18T02:00:00,2025-11-02T00:00:00,SHADOW,120,COMPLETED
TASK-01190,AST-020,,DEP-002,SEC-002,PREVENTIVE,2026-01-16T00:00:00,2026-01-16T02:00:00,2026-01-31T00:00:00,SHADOW,120,COMPLETED
TASK-01191,AST-020,,DEP-002,SEC-002,PREVENTIVE,2026-04-16T00:00:00,2026-04-16T02:00:00,2026-05-01T00:00:00,SHADOW,120,COMPLETED
TASK-01192,AST-020,,DEP-002,SEC-002,PREVENTIVE,2026-07-15T00:00:00,2026-07-15T02:00:00,2026-07-30T00:00:00,SHADOW,120,COMPLETED
TASK-01193,AST-021,,DEP-002,SEC-004,PREVENTIVE,2023-10-22T00:00:00,2023-10-22T02:00:00,2023-11-06T00:00:00,SHADOW,120,COMPLETED
TASK-01194,AST-021,,DEP-002,SEC-004,PREVENTIVE,2024-01-20T00:00:00,2024-01-20T02:00:00,2024-02-04T00:00:00,SHADOW,120,COMPLETED
TASK-01195,AST-021,,DEP-002,SEC-004,PREVENTIVE,2024-04-19T00:00:00,2024-04-19T02:00:00,2024-05-04T00:00:00,SHADOW,120,COMPLETED
TASK-01196,AST-021,,DEP-002,SEC-004,PREVENTIVE,2024-07-18T00:00:00,2024-07-18T02:00:00,2024-08-02T00:00:00,SHADOW,120,COMPLETED
TASK-01197,AST-021,,DEP-002,SEC-004,PREVENTIVE,2024-10-16T00:00:00,2024-10-16T02:00:00,2024-10-31T00:00:00,SHADOW,120,COMPLETED
TASK-01198,AST-021,,DEP-002,SEC-004,PREVENTIVE,2025-01-14T00:00:00,2025-01-14T02:00:00,2025-01-29T00:00:00,SHADOW,120,COMPLETED
TASK-01199,AST-021,,DEP-002,SEC-004,PREVENTIVE,2025-04-14T00:00:00,2025-04-14T02:00:00,2025-04-29T00:00:00,SHADOW,120,COMPLETED
TASK-01200,AST-021,,DEP-002,SEC-004,PREVENTIVE,2025-07-13T00:00:00,2025-07-13T02:00:00,2025-07-28T00:00:00,SHADOW,120,COMPLETED
TASK-01201,AST-021,,DEP-002,SEC-004,PREVENTIVE,2025-10-11T00:00:00,2025-10-11T02:00:00,2025-10-26T00:00:00,SHADOW,120,COMPLETED
TASK-01202,AST-021,,DEP-002,SEC-004,PREVENTIVE,2026-01-09T00:00:00,2026-01-09T02:00:00,2026-01-24T00:00:00,SHADOW,120,COMPLETED
TASK-01203,AST-021,,DEP-002,SEC-004,PREVENTIVE,2026-04-09T00:00:00,2026-04-09T02:00:00,2026-04-24T00:00:00,SHADOW,120,COMPLETED
TASK-01204,AST-021,,DEP-002,SEC-004,PREVENTIVE,2026-07-08T00:00:00,2026-07-08T02:00:00,2026-07-23T00:00:00,SHADOW,120,COMPLETED
TASK-01211,AST-024,,DEP-002,SEC-001,PREVENTIVE,2023-09-24T00:00:00,2023-09-24T02:00:00,2023-10-09T00:00:00,SHADOW,120,COMPLETED
TASK-01212,AST-024,,DEP-002,SEC-001,PREVENTIVE,2023-12-23T00:00:00,2023-12-23T02:00:00,2024-01-07T00:00:00,SHADOW,120,COMPLETED
TASK-01213,AST-024,,DEP-002,SEC-001,PREVENTIVE,2024-03-22T00:00:00,2024-03-22T02:00:00,2024-04-06T00:00:00,SHADOW,120,COMPLETED
TASK-01214,AST-024,,DEP-002,SEC-001,PREVENTIVE,2024-06-20T00:00:00,2024-06-20T02:00:00,2024-07-05T00:00:00,SHADOW,120,COMPLETED
TASK-01215,AST-024,,DEP-002,SEC-001,PREVENTIVE,2024-09-18T00:00:00,2024-09-18T02:00:00,2024-10-03T00:00:00,SHADOW,120,COMPLETED
TASK-01216,AST-024,,DEP-002,SEC-001,PREVENTIVE,2024-12-17T00:00:00,2024-12-17T02:00:00,2025-01-01T00:00:00,SHADOW,120,COMPLETED
TASK-01217,AST-024,,DEP-002,SEC-001,PREVENTIVE,2025-03-17T00:00:00,2025-03-17T02:00:00,2025-04-01T00:00:00,SHADOW,120,COMPLETED
TASK-01218,AST-024,,DEP-002,SEC-001,PREVENTIVE,2025-06-15T00:00:00,2025-06-15T02:00:00,2025-06-30T00:00:00,SHADOW,120,COMPLETED
TASK-01219,AST-024,,DEP-002,SEC-001,PREVENTIVE,2025-09-13T00:00:00,2025-09-13T02:00:00,2025-09-28T00:00:00,SHADOW,120,COMPLETED
TASK-01220,AST-024,,DEP-002,SEC-001,PREVENTIVE,2025-12-12T00:00:00,2025-12-12T02:00:00,2025-12-27T00:00:00,SHADOW,120,COMPLETED
TASK-01221,AST-024,,DEP-002,SEC-001,PREVENTIVE,2026-03-12T00:00:00,2026-03-12T02:00:00,2026-03-27T00:00:00,SHADOW,120,COMPLETED
TASK-01222,AST-024,,DEP-002,SEC-001,PREVENTIVE,2026-06-10T00:00:00,2026-06-10T02:00:00,2026-06-25T00:00:00,SHADOW,120,COMPLETED
TASK-01229,AST-026,,DEP-002,SEC-006,PREVENTIVE,2023-10-21T00:00:00,2023-10-21T02:00:00,2023-11-05T00:00:00,SHADOW,120,COMPLETED
TASK-01230,AST-026,,DEP-002,SEC-006,PREVENTIVE,2024-01-19T00:00:00,2024-01-19T02:00:00,2024-02-03T00:00:00,SHADOW,120,COMPLETED
TASK-01231,AST-026,,DEP-002,SEC-006,PREVENTIVE,2024-04-18T00:00:00,2024-04-18T02:00:00,2024-05-03T00:00:00,SHADOW,120,COMPLETED
TASK-01232,AST-026,,DEP-002,SEC-006,PREVENTIVE,2024-07-17T00:00:00,2024-07-17T02:00:00,2024-08-01T00:00:00,SHADOW,120,COMPLETED
TASK-01233,AST-026,,DEP-002,SEC-006,PREVENTIVE,2024-10-15T00:00:00,2024-10-15T02:00:00,2024-10-30T00:00:00,SHADOW,120,COMPLETED
TASK-01234,AST-026,,DEP-002,SEC-006,PREVENTIVE,2025-01-13T00:00:00,2025-01-13T02:00:00,2025-01-28T00:00:00,SHADOW,120,COMPLETED
TASK-01235,AST-026,,DEP-002,SEC-006,PREVENTIVE,2025-04-13T00:00:00,2025-04-13T02:00:00,2025-04-28T00:00:00,SHADOW,120,COMPLETED
TASK-01236,AST-026,,DEP-002,SEC-006,PREVENTIVE,2025-07-12T00:00:00,2025-07-12T02:00:00,2025-07-27T00:00:00,SHADOW,120,COMPLETED
TASK-01237,AST-026,,DEP-002,SEC-006,PREVENTIVE,2025-10-10T00:00:00,2025-10-10T02:00:00,2025-10-25T00:00:00,SHADOW,120,COMPLETED
TASK-01238,AST-026,,DEP-002,SEC-006,PREVENTIVE,2026-01-08T00:00:00,2026-01-08T02:00:00,2026-01-23T00:00:00,SHADOW,120,COMPLETED
TASK-01239,AST-026,,DEP-002,SEC-006,PREVENTIVE,2026-04-08T00:00:00,2026-04-08T02:00:00,2026-04-23T00:00:00,SHADOW,120,COMPLETED
TASK-01240,AST-026,,DEP-002,SEC-006,PREVENTIVE,2026-07-07T00:00:00,2026-07-07T02:00:00,2026-07-22T00:00:00,SHADOW,120,COMPLETED
TASK-01244,AST-028,,DEP-002,SEC-005,PREVENTIVE,2023-08-31T00:00:00,2023-08-31T02:00:00,2023-09-15T00:00:00,SHADOW,120,COMPLETED
TASK-01245,AST-028,,DEP-002,SEC-005,PREVENTIVE,2023-11-29T00:00:00,2023-11-29T02:00:00,2023-12-14T00:00:00,SHADOW,120,COMPLETED
TASK-01246,AST-028,,DEP-002,SEC-005,PREVENTIVE,2024-02-27T00:00:00,2024-02-27T02:00:00,2024-03-13T00:00:00,SHADOW,120,COMPLETED
TASK-01247,AST-028,,DEP-002,SEC-005,PREVENTIVE,2024-05-27T00:00:00,2024-05-27T02:00:00,2024-06-11T00:00:00,SHADOW,120,COMPLETED
TASK-01248,AST-028,,DEP-002,SEC-005,PREVENTIVE,2024-08-25T00:00:00,2024-08-25T02:00:00,2024-09-09T00:00:00,SHADOW,120,COMPLETED
TASK-01249,AST-028,,DEP-002,SEC-005,PREVENTIVE,2024-11-23T00:00:00,2024-11-23T02:00:00,2024-12-08T00:00:00,SHADOW,120,COMPLETED
TASK-01250,AST-028,,DEP-002,SEC-005,PREVENTIVE,2025-02-21T00:00:00,2025-02-21T02:00:00,2025-03-08T00:00:00,SHADOW,120,COMPLETED
TASK-01251,AST-028,,DEP-002,SEC-005,PREVENTIVE,2025-05-22T00:00:00,2025-05-22T02:00:00,2025-06-06T00:00:00,SHADOW,120,COMPLETED
TASK-01252,AST-028,,DEP-002,SEC-005,PREVENTIVE,2025-08-20T00:00:00,2025-08-20T02:00:00,2025-09-04T00:00:00,SHADOW,120,COMPLETED
TASK-01253,AST-028,,DEP-002,SEC-005,PREVENTIVE,2025-11-18T00:00:00,2025-11-18T02:00:00,2025-12-03T00:00:00,SHADOW,120,COMPLETED
TASK-01254,AST-028,,DEP-002,SEC-005,PREVENTIVE,2026-02-16T00:00:00,2026-02-16T02:00:00,2026-03-03T00:00:00,SHADOW,120,COMPLETED
TASK-01255,AST-028,,DEP-002,SEC-005,PREVENTIVE,2026-05-17T00:00:00,2026-05-17T02:00:00,2026-06-01T00:00:00,SHADOW,120,COMPLETED
TASK-01262,AST-030,,DEP-002,SEC-002,PREVENTIVE,2023-10-15T00:00:00,2023-10-15T02:00:00,2023-10-30T00:00:00,SHADOW,120,COMPLETED
TASK-01263,AST-030,,DEP-002,SEC-002,PREVENTIVE,2024-01-13T00:00:00,2024-01-13T02:00:00,2024-01-28T00:00:00,SHADOW,120,COMPLETED
TASK-01264,AST-030,,DEP-002,SEC-002,PREVENTIVE,2024-04-12T00:00:00,2024-04-12T02:00:00,2024-04-27T00:00:00,SHADOW,120,COMPLETED
TASK-01265,AST-030,,DEP-002,SEC-002,PREVENTIVE,2024-07-11T00:00:00,2024-07-11T02:00:00,2024-07-26T00:00:00,SHADOW,120,COMPLETED
TASK-01266,AST-030,,DEP-002,SEC-002,PREVENTIVE,2024-10-09T00:00:00,2024-10-09T02:00:00,2024-10-24T00:00:00,SHADOW,120,COMPLETED
TASK-01267,AST-030,,DEP-002,SEC-002,PREVENTIVE,2025-01-07T00:00:00,2025-01-07T02:00:00,2025-01-22T00:00:00,SHADOW,120,COMPLETED
TASK-01268,AST-030,,DEP-002,SEC-002,PREVENTIVE,2025-04-07T00:00:00,2025-04-07T02:00:00,2025-04-22T00:00:00,SHADOW,120,COMPLETED
TASK-01269,AST-030,,DEP-002,SEC-002,PREVENTIVE,2025-07-06T00:00:00,2025-07-06T02:00:00,2025-07-21T00:00:00,SHADOW,120,COMPLETED
TASK-01270,AST-030,,DEP-002,SEC-002,PREVENTIVE,2025-10-04T00:00:00,2025-10-04T02:00:00,2025-10-19T00:00:00,SHADOW,120,COMPLETED
TASK-01271,AST-030,,DEP-002,SEC-002,PREVENTIVE,2026-01-02T00:00:00,2026-01-02T02:00:00,2026-01-17T00:00:00,SHADOW,120,COMPLETED
TASK-01272,AST-030,,DEP-002,SEC-002,PREVENTIVE,2026-04-02T00:00:00,2026-04-02T02:00:00,2026-04-17T00:00:00,SHADOW,120,COMPLETED
TASK-01273,AST-030,,DEP-002,SEC-002,PREVENTIVE,2026-07-01T00:00:00,2026-07-01T02:00:00,2026-07-16T00:00:00,SHADOW,120,COMPLETED
TASK-01274,AST-031,,DEP-002,SEC-001,PREVENTIVE,2023-09-10T00:00:00,2023-09-10T02:00:00,2023-09-25T00:00:00,SHADOW,120,COMPLETED
TASK-01275,AST-031,,DEP-002,SEC-001,PREVENTIVE,2023-12-09T00:00:00,2023-12-09T02:00:00,2023-12-24T00:00:00,SHADOW,120,COMPLETED
TASK-01276,AST-031,,DEP-002,SEC-001,PREVENTIVE,2024-03-08T00:00:00,2024-03-08T02:00:00,2024-03-23T00:00:00,SHADOW,120,COMPLETED
TASK-01277,AST-031,,DEP-002,SEC-001,PREVENTIVE,2024-06-06T00:00:00,2024-06-06T02:00:00,2024-06-21T00:00:00,SHADOW,120,COMPLETED
TASK-01278,AST-031,,DEP-002,SEC-001,PREVENTIVE,2024-09-04T00:00:00,2024-09-04T02:00:00,2024-09-19T00:00:00,SHADOW,120,COMPLETED
TASK-01279,AST-031,,DEP-002,SEC-001,PREVENTIVE,2024-12-03T00:00:00,2024-12-03T02:00:00,2024-12-18T00:00:00,SHADOW,120,COMPLETED
TASK-01280,AST-031,,DEP-002,SEC-001,PREVENTIVE,2025-03-03T00:00:00,2025-03-03T02:00:00,2025-03-18T00:00:00,SHADOW,120,COMPLETED
TASK-01281,AST-031,,DEP-002,SEC-001,PREVENTIVE,2025-06-01T00:00:00,2025-06-01T02:00:00,2025-06-16T00:00:00,SHADOW,120,COMPLETED
TASK-01282,AST-031,,DEP-002,SEC-001,PREVENTIVE,2025-08-30T00:00:00,2025-08-30T02:00:00,2025-09-14T00:00:00,SHADOW,120,COMPLETED
TASK-01283,AST-031,,DEP-002,SEC-001,PREVENTIVE,2025-11-28T00:00:00,2025-11-28T02:00:00,2025-12-13T00:00:00,SHADOW,120,COMPLETED
TASK-01284,AST-031,,DEP-002,SEC-001,PREVENTIVE,2026-02-26T00:00:00,2026-02-26T02:00:00,2026-03-13T00:00:00,SHADOW,120,COMPLETED
TASK-01285,AST-031,,DEP-002,SEC-001,PREVENTIVE,2026-05-27T00:00:00,2026-05-27T02:00:00,2026-06-11T00:00:00,SHADOW,120,COMPLETED
TASK-01307,AST-036,,DEP-002,SEC-005,PREVENTIVE,2023-09-16T00:00:00,2023-09-16T02:00:00,2023-10-01T00:00:00,SHADOW,120,COMPLETED
TASK-01308,AST-036,,DEP-002,SEC-005,PREVENTIVE,2023-12-15T00:00:00,2023-12-15T02:00:00,2023-12-30T00:00:00,SHADOW,120,COMPLETED
TASK-01309,AST-036,,DEP-002,SEC-005,PREVENTIVE,2024-03-14T00:00:00,2024-03-14T02:00:00,2024-03-29T00:00:00,SHADOW,120,COMPLETED
TASK-01310,AST-036,,DEP-002,SEC-005,PREVENTIVE,2024-06-12T00:00:00,2024-06-12T02:00:00,2024-06-27T00:00:00,SHADOW,120,COMPLETED
TASK-01311,AST-036,,DEP-002,SEC-005,PREVENTIVE,2024-09-10T00:00:00,2024-09-10T02:00:00,2024-09-25T00:00:00,SHADOW,120,COMPLETED
TASK-01312,AST-036,,DEP-002,SEC-005,PREVENTIVE,2024-12-09T00:00:00,2024-12-09T02:00:00,2024-12-24T00:00:00,SHADOW,120,COMPLETED
TASK-01313,AST-036,,DEP-002,SEC-005,PREVENTIVE,2025-03-09T00:00:00,2025-03-09T02:00:00,2025-03-24T00:00:00,SHADOW,120,COMPLETED
TASK-01314,AST-036,,DEP-002,SEC-005,PREVENTIVE,2025-06-07T00:00:00,2025-06-07T02:00:00,2025-06-22T00:00:00,SHADOW,120,COMPLETED
TASK-01315,AST-036,,DEP-002,SEC-005,PREVENTIVE,2025-09-05T00:00:00,2025-09-05T02:00:00,2025-09-20T00:00:00,SHADOW,120,COMPLETED
TASK-01316,AST-036,,DEP-002,SEC-005,PREVENTIVE,2025-12-04T00:00:00,2025-12-04T02:00:00,2025-12-19T00:00:00,SHADOW,120,COMPLETED
TASK-01317,AST-036,,DEP-002,SEC-005,PREVENTIVE,2026-03-04T00:00:00,2026-03-04T02:00:00,2026-03-19T00:00:00,SHADOW,120,COMPLETED
TASK-01318,AST-036,,DEP-002,SEC-005,PREVENTIVE,2026-06-02T00:00:00,2026-06-02T02:00:00,2026-06-17T00:00:00,SHADOW,120,COMPLETED
TASK-01328,AST-040,,DEP-002,SEC-002,PREVENTIVE,2023-09-04T00:00:00,2023-09-04T02:00:00,2023-09-19T00:00:00,SHADOW,120,COMPLETED
TASK-01329,AST-040,,DEP-002,SEC-002,PREVENTIVE,2023-12-03T00:00:00,2023-12-03T02:00:00,2023-12-18T00:00:00,SHADOW,120,COMPLETED
TASK-01330,AST-040,,DEP-002,SEC-002,PREVENTIVE,2024-03-02T00:00:00,2024-03-02T02:00:00,2024-03-17T00:00:00,SHADOW,120,COMPLETED
TASK-01331,AST-040,,DEP-002,SEC-002,PREVENTIVE,2024-05-31T00:00:00,2024-05-31T02:00:00,2024-06-15T00:00:00,SHADOW,120,COMPLETED
TASK-01332,AST-040,,DEP-002,SEC-002,PREVENTIVE,2024-08-29T00:00:00,2024-08-29T02:00:00,2024-09-13T00:00:00,SHADOW,120,COMPLETED
TASK-01333,AST-040,,DEP-002,SEC-002,PREVENTIVE,2024-11-27T00:00:00,2024-11-27T02:00:00,2024-12-12T00:00:00,SHADOW,120,COMPLETED
TASK-01334,AST-040,,DEP-002,SEC-002,PREVENTIVE,2025-02-25T00:00:00,2025-02-25T02:00:00,2025-03-12T00:00:00,SHADOW,120,COMPLETED
TASK-01335,AST-040,,DEP-002,SEC-002,PREVENTIVE,2025-05-26T00:00:00,2025-05-26T02:00:00,2025-06-10T00:00:00,SHADOW,120,COMPLETED
TASK-01336,AST-040,,DEP-002,SEC-002,PREVENTIVE,2025-08-24T00:00:00,2025-08-24T02:00:00,2025-09-08T00:00:00,SHADOW,120,COMPLETED
TASK-01337,AST-040,,DEP-002,SEC-002,PREVENTIVE,2025-11-22T00:00:00,2025-11-22T02:00:00,2025-12-07T00:00:00,SHADOW,120,COMPLETED
TASK-01338,AST-040,,DEP-002,SEC-002,PREVENTIVE,2026-02-20T00:00:00,2026-02-20T02:00:00,2026-03-07T00:00:00,SHADOW,120,COMPLETED
TASK-01339,AST-040,,DEP-002,SEC-002,PREVENTIVE,2026-05-21T00:00:00,2026-05-21T02:00:00,2026-06-05T00:00:00,SHADOW,120,COMPLETED
TASK-01346,AST-042,,DEP-002,SEC-002,PREVENTIVE,2023-09-13T00:00:00,2023-09-13T02:00:00,2023-09-28T00:00:00,SHADOW,120,COMPLETED
TASK-01347,AST-042,,DEP-002,SEC-002,PREVENTIVE,2023-12-12T00:00:00,2023-12-12T02:00:00,2023-12-27T00:00:00,SHADOW,120,COMPLETED
TASK-01348,AST-042,,DEP-002,SEC-002,PREVENTIVE,2024-03-11T00:00:00,2024-03-11T02:00:00,2024-03-26T00:00:00,SHADOW,120,COMPLETED
TASK-01349,AST-042,,DEP-002,SEC-002,PREVENTIVE,2024-06-09T00:00:00,2024-06-09T02:00:00,2024-06-24T00:00:00,SHADOW,120,COMPLETED
TASK-01350,AST-042,,DEP-002,SEC-002,PREVENTIVE,2024-09-07T00:00:00,2024-09-07T02:00:00,2024-09-22T00:00:00,SHADOW,120,COMPLETED
TASK-01351,AST-042,,DEP-002,SEC-002,PREVENTIVE,2024-12-06T00:00:00,2024-12-06T02:00:00,2024-12-21T00:00:00,SHADOW,120,COMPLETED
TASK-01352,AST-042,,DEP-002,SEC-002,PREVENTIVE,2025-03-06T00:00:00,2025-03-06T02:00:00,2025-03-21T00:00:00,SHADOW,120,COMPLETED
TASK-01353,AST-042,,DEP-002,SEC-002,PREVENTIVE,2025-06-04T00:00:00,2025-06-04T02:00:00,2025-06-19T00:00:00,SHADOW,120,COMPLETED
TASK-01354,AST-042,,DEP-002,SEC-002,PREVENTIVE,2025-09-02T00:00:00,2025-09-02T02:00:00,2025-09-17T00:00:00,SHADOW,120,COMPLETED
TASK-01355,AST-042,,DEP-002,SEC-002,PREVENTIVE,2025-12-01T00:00:00,2025-12-01T02:00:00,2025-12-16T00:00:00,SHADOW,120,COMPLETED
TASK-01356,AST-042,,DEP-002,SEC-002,PREVENTIVE,2026-03-01T00:00:00,2026-03-01T02:00:00,2026-03-16T00:00:00,SHADOW,120,COMPLETED
TASK-01357,AST-042,,DEP-002,SEC-002,PREVENTIVE,2026-05-30T00:00:00,2026-05-30T02:00:00,2026-06-14T00:00:00,SHADOW,120,COMPLETED
TASK-01358,AST-043,,DEP-002,SEC-004,PREVENTIVE,2023-09-22T00:00:00,2023-09-22T02:00:00,2023-10-07T00:00:00,SHADOW,120,COMPLETED
TASK-01359,AST-043,,DEP-002,SEC-004,PREVENTIVE,2023-12-21T00:00:00,2023-12-21T02:00:00,2024-01-05T00:00:00,SHADOW,120,COMPLETED
TASK-01360,AST-043,,DEP-002,SEC-004,PREVENTIVE,2024-03-20T00:00:00,2024-03-20T02:00:00,2024-04-04T00:00:00,SHADOW,120,COMPLETED
TASK-01361,AST-043,,DEP-002,SEC-004,PREVENTIVE,2024-06-18T00:00:00,2024-06-18T02:00:00,2024-07-03T00:00:00,SHADOW,120,COMPLETED
TASK-01362,AST-043,,DEP-002,SEC-004,PREVENTIVE,2024-09-16T00:00:00,2024-09-16T02:00:00,2024-10-01T00:00:00,SHADOW,120,COMPLETED
TASK-01363,AST-043,,DEP-002,SEC-004,PREVENTIVE,2024-12-15T00:00:00,2024-12-15T02:00:00,2024-12-30T00:00:00,SHADOW,120,COMPLETED
TASK-01364,AST-043,,DEP-002,SEC-004,PREVENTIVE,2025-03-15T00:00:00,2025-03-15T02:00:00,2025-03-30T00:00:00,SHADOW,120,COMPLETED
TASK-01365,AST-043,,DEP-002,SEC-004,PREVENTIVE,2025-06-13T00:00:00,2025-06-13T02:00:00,2025-06-28T00:00:00,SHADOW,120,COMPLETED
TASK-01366,AST-043,,DEP-002,SEC-004,PREVENTIVE,2025-09-11T00:00:00,2025-09-11T02:00:00,2025-09-26T00:00:00,SHADOW,120,COMPLETED
TASK-01367,AST-043,,DEP-002,SEC-004,PREVENTIVE,2025-12-10T00:00:00,2025-12-10T02:00:00,2025-12-25T00:00:00,SHADOW,120,COMPLETED
TASK-01368,AST-043,,DEP-002,SEC-004,PREVENTIVE,2026-03-10T00:00:00,2026-03-10T02:00:00,2026-03-25T00:00:00,SHADOW,120,COMPLETED
TASK-01369,AST-043,,DEP-002,SEC-004,PREVENTIVE,2026-06-08T00:00:00,2026-06-08T02:00:00,2026-06-23T00:00:00,SHADOW,120,COMPLETED
TASK-01388,AST-049,,DEP-002,SEC-001,PREVENTIVE,2023-09-25T00:00:00,2023-09-25T02:00:00,2023-10-10T00:00:00,SHADOW,120,COMPLETED
TASK-01389,AST-049,,DEP-002,SEC-001,PREVENTIVE,2023-12-24T00:00:00,2023-12-24T02:00:00,2024-01-08T00:00:00,SHADOW,120,COMPLETED
TASK-01390,AST-049,,DEP-002,SEC-001,PREVENTIVE,2024-03-23T00:00:00,2024-03-23T02:00:00,2024-04-07T00:00:00,SHADOW,120,COMPLETED
TASK-01391,AST-049,,DEP-002,SEC-001,PREVENTIVE,2024-06-21T00:00:00,2024-06-21T02:00:00,2024-07-06T00:00:00,SHADOW,120,COMPLETED
TASK-01392,AST-049,,DEP-002,SEC-001,PREVENTIVE,2024-09-19T00:00:00,2024-09-19T02:00:00,2024-10-04T00:00:00,SHADOW,120,COMPLETED
TASK-01393,AST-049,,DEP-002,SEC-001,PREVENTIVE,2024-12-18T00:00:00,2024-12-18T02:00:00,2025-01-02T00:00:00,SHADOW,120,COMPLETED
TASK-01394,AST-049,,DEP-002,SEC-001,PREVENTIVE,2025-03-18T00:00:00,2025-03-18T02:00:00,2025-04-02T00:00:00,SHADOW,120,COMPLETED
TASK-01395,AST-049,,DEP-002,SEC-001,PREVENTIVE,2025-06-16T00:00:00,2025-06-16T02:00:00,2025-07-01T00:00:00,SHADOW,120,COMPLETED
TASK-01396,AST-049,,DEP-002,SEC-001,PREVENTIVE,2025-09-14T00:00:00,2025-09-14T02:00:00,2025-09-29T00:00:00,SHADOW,120,COMPLETED
TASK-01397,AST-049,,DEP-002,SEC-001,PREVENTIVE,2025-12-13T00:00:00,2025-12-13T02:00:00,2025-12-28T00:00:00,SHADOW,120,COMPLETED
TASK-01398,AST-049,,DEP-002,SEC-001,PREVENTIVE,2026-03-13T00:00:00,2026-03-13T02:00:00,2026-03-28T00:00:00,SHADOW,120,COMPLETED
TASK-01399,AST-049,,DEP-002,SEC-001,PREVENTIVE,2026-06-11T00:00:00,2026-06-11T02:00:00,2026-06-26T00:00:00,SHADOW,120,COMPLETED
TASK-01406,AST-051,,DEP-002,SEC-001,PREVENTIVE,2023-09-12T00:00:00,2023-09-12T02:00:00,2023-09-27T00:00:00,SHADOW,120,COMPLETED
TASK-01407,AST-051,,DEP-002,SEC-001,PREVENTIVE,2023-12-11T00:00:00,2023-12-11T02:00:00,2023-12-26T00:00:00,SHADOW,120,COMPLETED
TASK-01408,AST-051,,DEP-002,SEC-001,PREVENTIVE,2024-03-10T00:00:00,2024-03-10T02:00:00,2024-03-25T00:00:00,SHADOW,120,COMPLETED
TASK-01409,AST-051,,DEP-002,SEC-001,PREVENTIVE,2024-06-08T00:00:00,2024-06-08T02:00:00,2024-06-23T00:00:00,SHADOW,120,COMPLETED
TASK-01410,AST-051,,DEP-002,SEC-001,PREVENTIVE,2024-09-06T00:00:00,2024-09-06T02:00:00,2024-09-21T00:00:00,SHADOW,120,COMPLETED
TASK-01411,AST-051,,DEP-002,SEC-001,PREVENTIVE,2024-12-05T00:00:00,2024-12-05T02:00:00,2024-12-20T00:00:00,SHADOW,120,COMPLETED
TASK-01412,AST-051,,DEP-002,SEC-001,PREVENTIVE,2025-03-05T00:00:00,2025-03-05T02:00:00,2025-03-20T00:00:00,SHADOW,120,COMPLETED
TASK-01413,AST-051,,DEP-002,SEC-001,PREVENTIVE,2025-06-03T00:00:00,2025-06-03T02:00:00,2025-06-18T00:00:00,SHADOW,120,COMPLETED
TASK-01414,AST-051,,DEP-002,SEC-001,PREVENTIVE,2025-09-01T00:00:00,2025-09-01T02:00:00,2025-09-16T00:00:00,SHADOW,120,COMPLETED
TASK-01415,AST-051,,DEP-002,SEC-001,PREVENTIVE,2025-11-30T00:00:00,2025-11-30T02:00:00,2025-12-15T00:00:00,SHADOW,120,COMPLETED
TASK-01416,AST-051,,DEP-002,SEC-001,PREVENTIVE,2026-02-28T00:00:00,2026-02-28T02:00:00,2026-03-15T00:00:00,SHADOW,120,COMPLETED
TASK-01417,AST-051,,DEP-002,SEC-001,PREVENTIVE,2026-05-29T00:00:00,2026-05-29T02:00:00,2026-06-13T00:00:00,SHADOW,120,COMPLETED
TASK-01433,AST-055,,DEP-002,SEC-006,PREVENTIVE,2023-08-19T00:00:00,2023-08-19T02:00:00,2023-09-03T00:00:00,SHADOW,120,COMPLETED
TASK-01434,AST-055,,DEP-002,SEC-006,PREVENTIVE,2023-11-17T00:00:00,2023-11-17T02:00:00,2023-12-02T00:00:00,SHADOW,120,COMPLETED
TASK-01435,AST-055,,DEP-002,SEC-006,PREVENTIVE,2024-02-15T00:00:00,2024-02-15T02:00:00,2024-03-01T00:00:00,SHADOW,120,COMPLETED
TASK-01436,AST-055,,DEP-002,SEC-006,PREVENTIVE,2024-05-15T00:00:00,2024-05-15T02:00:00,2024-05-30T00:00:00,SHADOW,120,COMPLETED
TASK-01437,AST-055,,DEP-002,SEC-006,PREVENTIVE,2024-08-13T00:00:00,2024-08-13T02:00:00,2024-08-28T00:00:00,SHADOW,120,COMPLETED
TASK-01438,AST-055,,DEP-002,SEC-006,PREVENTIVE,2024-11-11T00:00:00,2024-11-11T02:00:00,2024-11-26T00:00:00,SHADOW,120,COMPLETED
TASK-01439,AST-055,,DEP-002,SEC-006,PREVENTIVE,2025-02-09T00:00:00,2025-02-09T02:00:00,2025-02-24T00:00:00,SHADOW,120,COMPLETED
TASK-01440,AST-055,,DEP-002,SEC-006,PREVENTIVE,2025-05-10T00:00:00,2025-05-10T02:00:00,2025-05-25T00:00:00,SHADOW,120,COMPLETED
TASK-01441,AST-055,,DEP-002,SEC-006,PREVENTIVE,2025-08-08T00:00:00,2025-08-08T02:00:00,2025-08-23T00:00:00,SHADOW,120,COMPLETED
TASK-01442,AST-055,,DEP-002,SEC-006,PREVENTIVE,2025-11-06T00:00:00,2025-11-06T02:00:00,2025-11-21T00:00:00,SHADOW,120,COMPLETED
TASK-01443,AST-055,,DEP-002,SEC-006,PREVENTIVE,2026-02-04T00:00:00,2026-02-04T02:00:00,2026-02-19T00:00:00,SHADOW,120,COMPLETED
TASK-01444,AST-055,,DEP-002,SEC-006,PREVENTIVE,2026-05-05T00:00:00,2026-05-05T02:00:00,2026-05-20T00:00:00,SHADOW,120,COMPLETED
TASK-01445,AST-056,,DEP-002,SEC-005,PREVENTIVE,2023-09-01T00:00:00,2023-09-01T02:00:00,2023-09-16T00:00:00,SHADOW,120,COMPLETED
TASK-01446,AST-056,,DEP-002,SEC-005,PREVENTIVE,2023-11-30T00:00:00,2023-11-30T02:00:00,2023-12-15T00:00:00,SHADOW,120,COMPLETED
TASK-01447,AST-056,,DEP-002,SEC-005,PREVENTIVE,2024-02-28T00:00:00,2024-02-28T02:00:00,2024-03-14T00:00:00,SHADOW,120,COMPLETED
TASK-01448,AST-056,,DEP-002,SEC-005,PREVENTIVE,2024-05-28T00:00:00,2024-05-28T02:00:00,2024-06-12T00:00:00,SHADOW,120,COMPLETED
TASK-01449,AST-056,,DEP-002,SEC-005,PREVENTIVE,2024-08-26T00:00:00,2024-08-26T02:00:00,2024-09-10T00:00:00,SHADOW,120,COMPLETED
TASK-01450,AST-056,,DEP-002,SEC-005,PREVENTIVE,2024-11-24T00:00:00,2024-11-24T02:00:00,2024-12-09T00:00:00,SHADOW,120,COMPLETED
TASK-01451,AST-056,,DEP-002,SEC-005,PREVENTIVE,2025-02-22T00:00:00,2025-02-22T02:00:00,2025-03-09T00:00:00,SHADOW,120,COMPLETED
TASK-01452,AST-056,,DEP-002,SEC-005,PREVENTIVE,2025-05-23T00:00:00,2025-05-23T02:00:00,2025-06-07T00:00:00,SHADOW,120,COMPLETED
TASK-01453,AST-056,,DEP-002,SEC-005,PREVENTIVE,2025-08-21T00:00:00,2025-08-21T02:00:00,2025-09-05T00:00:00,SHADOW,120,COMPLETED
TASK-01454,AST-056,,DEP-002,SEC-005,PREVENTIVE,2025-11-19T00:00:00,2025-11-19T02:00:00,2025-12-04T00:00:00,SHADOW,120,COMPLETED
TASK-01455,AST-056,,DEP-002,SEC-005,PREVENTIVE,2026-02-17T00:00:00,2026-02-17T02:00:00,2026-03-04T00:00:00,SHADOW,120,COMPLETED
TASK-01456,AST-056,,DEP-002,SEC-005,PREVENTIVE,2026-05-18T00:00:00,2026-05-18T02:00:00,2026-06-02T00:00:00,SHADOW,120,COMPLETED
TASK-01469,AST-060,,DEP-002,SEC-003,PREVENTIVE,2023-08-22T00:00:00,2023-08-22T02:00:00,2023-09-06T00:00:00,SHADOW,120,COMPLETED
TASK-01470,AST-060,,DEP-002,SEC-003,PREVENTIVE,2023-11-20T00:00:00,2023-11-20T02:00:00,2023-12-05T00:00:00,SHADOW,120,COMPLETED
TASK-01471,AST-060,,DEP-002,SEC-003,PREVENTIVE,2024-02-18T00:00:00,2024-02-18T02:00:00,2024-03-04T00:00:00,SHADOW,120,COMPLETED
TASK-01472,AST-060,,DEP-002,SEC-003,PREVENTIVE,2024-05-18T00:00:00,2024-05-18T02:00:00,2024-06-02T00:00:00,SHADOW,120,COMPLETED
TASK-01473,AST-060,,DEP-002,SEC-003,PREVENTIVE,2024-08-16T00:00:00,2024-08-16T02:00:00,2024-08-31T00:00:00,SHADOW,120,COMPLETED
TASK-01474,AST-060,,DEP-002,SEC-003,PREVENTIVE,2024-11-14T00:00:00,2024-11-14T02:00:00,2024-11-29T00:00:00,SHADOW,120,COMPLETED
TASK-01475,AST-060,,DEP-002,SEC-003,PREVENTIVE,2025-02-12T00:00:00,2025-02-12T02:00:00,2025-02-27T00:00:00,SHADOW,120,COMPLETED
TASK-01476,AST-060,,DEP-002,SEC-003,PREVENTIVE,2025-05-13T00:00:00,2025-05-13T02:00:00,2025-05-28T00:00:00,SHADOW,120,COMPLETED
TASK-01477,AST-060,,DEP-002,SEC-003,PREVENTIVE,2025-08-11T00:00:00,2025-08-11T02:00:00,2025-08-26T00:00:00,SHADOW,120,COMPLETED
TASK-01478,AST-060,,DEP-002,SEC-003,PREVENTIVE,2025-11-09T00:00:00,2025-11-09T02:00:00,2025-11-24T00:00:00,SHADOW,120,COMPLETED
TASK-01479,AST-060,,DEP-002,SEC-003,PREVENTIVE,2026-02-07T00:00:00,2026-02-07T02:00:00,2026-02-22T00:00:00,SHADOW,120,COMPLETED
TASK-01480,AST-060,,DEP-002,SEC-003,PREVENTIVE,2026-05-08T00:00:00,2026-05-08T02:00:00,2026-05-23T00:00:00,SHADOW,120,COMPLETED
TASK-01481,AST-061,,DEP-002,SEC-002,PREVENTIVE,2023-09-25T00:00:00,2023-09-25T02:00:00,2023-10-10T00:00:00,SHADOW,120,COMPLETED
TASK-01482,AST-061,,DEP-002,SEC-002,PREVENTIVE,2023-12-24T00:00:00,2023-12-24T02:00:00,2024-01-08T00:00:00,SHADOW,120,COMPLETED
TASK-01483,AST-061,,DEP-002,SEC-002,PREVENTIVE,2024-03-23T00:00:00,2024-03-23T02:00:00,2024-04-07T00:00:00,SHADOW,120,COMPLETED
TASK-01484,AST-061,,DEP-002,SEC-002,PREVENTIVE,2024-06-21T00:00:00,2024-06-21T02:00:00,2024-07-06T00:00:00,SHADOW,120,COMPLETED
TASK-01485,AST-061,,DEP-002,SEC-002,PREVENTIVE,2024-09-19T00:00:00,2024-09-19T02:00:00,2024-10-04T00:00:00,SHADOW,120,COMPLETED
TASK-01486,AST-061,,DEP-002,SEC-002,PREVENTIVE,2024-12-18T00:00:00,2024-12-18T02:00:00,2025-01-02T00:00:00,SHADOW,120,COMPLETED
TASK-01487,AST-061,,DEP-002,SEC-002,PREVENTIVE,2025-03-18T00:00:00,2025-03-18T02:00:00,2025-04-02T00:00:00,SHADOW,120,COMPLETED
TASK-01488,AST-061,,DEP-002,SEC-002,PREVENTIVE,2025-06-16T00:00:00,2025-06-16T02:00:00,2025-07-01T00:00:00,SHADOW,120,COMPLETED
TASK-01489,AST-061,,DEP-002,SEC-002,PREVENTIVE,2025-09-14T00:00:00,2025-09-14T02:00:00,2025-09-29T00:00:00,SHADOW,120,COMPLETED
TASK-01490,AST-061,,DEP-002,SEC-002,PREVENTIVE,2025-12-13T00:00:00,2025-12-13T02:00:00,2025-12-28T00:00:00,SHADOW,120,COMPLETED
TASK-01491,AST-061,,DEP-002,SEC-002,PREVENTIVE,2026-03-13T00:00:00,2026-03-13T02:00:00,2026-03-28T00:00:00,SHADOW,120,COMPLETED
TASK-01492,AST-061,,DEP-002,SEC-002,PREVENTIVE,2026-06-11T00:00:00,2026-06-11T02:00:00,2026-06-26T00:00:00,SHADOW,120,COMPLETED
TASK-01493,AST-062,,DEP-002,SEC-004,PREVENTIVE,2023-10-05T00:00:00,2023-10-05T02:00:00,2023-10-20T00:00:00,SHADOW,120,COMPLETED
TASK-01494,AST-062,,DEP-002,SEC-004,PREVENTIVE,2024-01-03T00:00:00,2024-01-03T02:00:00,2024-01-18T00:00:00,SHADOW,120,COMPLETED
TASK-01495,AST-062,,DEP-002,SEC-004,PREVENTIVE,2024-04-02T00:00:00,2024-04-02T02:00:00,2024-04-17T00:00:00,SHADOW,120,COMPLETED
TASK-01496,AST-062,,DEP-002,SEC-004,PREVENTIVE,2024-07-01T00:00:00,2024-07-01T02:00:00,2024-07-16T00:00:00,SHADOW,120,COMPLETED
TASK-01497,AST-062,,DEP-002,SEC-004,PREVENTIVE,2024-09-29T00:00:00,2024-09-29T02:00:00,2024-10-14T00:00:00,SHADOW,120,COMPLETED
TASK-01498,AST-062,,DEP-002,SEC-004,PREVENTIVE,2024-12-28T00:00:00,2024-12-28T02:00:00,2025-01-12T00:00:00,SHADOW,120,COMPLETED
TASK-01499,AST-062,,DEP-002,SEC-004,PREVENTIVE,2025-03-28T00:00:00,2025-03-28T02:00:00,2025-04-12T00:00:00,SHADOW,120,COMPLETED
TASK-01500,AST-062,,DEP-002,SEC-004,PREVENTIVE,2025-06-26T00:00:00,2025-06-26T02:00:00,2025-07-11T00:00:00,SHADOW,120,COMPLETED
TASK-01501,AST-062,,DEP-002,SEC-004,PREVENTIVE,2025-09-24T00:00:00,2025-09-24T02:00:00,2025-10-09T00:00:00,SHADOW,120,COMPLETED
TASK-01502,AST-062,,DEP-002,SEC-004,PREVENTIVE,2025-12-23T00:00:00,2025-12-23T02:00:00,2026-01-07T00:00:00,SHADOW,120,COMPLETED
TASK-01503,AST-062,,DEP-002,SEC-004,PREVENTIVE,2026-03-23T00:00:00,2026-03-23T02:00:00,2026-04-07T00:00:00,SHADOW,120,COMPLETED
TASK-01504,AST-062,,DEP-002,SEC-004,PREVENTIVE,2026-06-21T00:00:00,2026-06-21T02:00:00,2026-07-06T00:00:00,SHADOW,120,COMPLETED
TASK-01541,AST-071,,DEP-002,SEC-005,PREVENTIVE,2023-10-01T00:00:00,2023-10-01T02:00:00,2023-10-16T00:00:00,SHADOW,120,COMPLETED
TASK-01542,AST-071,,DEP-002,SEC-005,PREVENTIVE,2023-12-30T00:00:00,2023-12-30T02:00:00,2024-01-14T00:00:00,SHADOW,120,COMPLETED
TASK-01543,AST-071,,DEP-002,SEC-005,PREVENTIVE,2024-03-29T00:00:00,2024-03-29T02:00:00,2024-04-13T00:00:00,SHADOW,120,COMPLETED
TASK-01544,AST-071,,DEP-002,SEC-005,PREVENTIVE,2024-06-27T00:00:00,2024-06-27T02:00:00,2024-07-12T00:00:00,SHADOW,120,COMPLETED
TASK-01545,AST-071,,DEP-002,SEC-005,PREVENTIVE,2024-09-25T00:00:00,2024-09-25T02:00:00,2024-10-10T00:00:00,SHADOW,120,COMPLETED
TASK-01546,AST-071,,DEP-002,SEC-005,PREVENTIVE,2024-12-24T00:00:00,2024-12-24T02:00:00,2025-01-08T00:00:00,SHADOW,120,COMPLETED
TASK-01547,AST-071,,DEP-002,SEC-005,PREVENTIVE,2025-03-24T00:00:00,2025-03-24T02:00:00,2025-04-08T00:00:00,SHADOW,120,COMPLETED
TASK-01548,AST-071,,DEP-002,SEC-005,PREVENTIVE,2025-06-22T00:00:00,2025-06-22T02:00:00,2025-07-07T00:00:00,SHADOW,120,COMPLETED
TASK-01549,AST-071,,DEP-002,SEC-005,PREVENTIVE,2025-09-20T00:00:00,2025-09-20T02:00:00,2025-10-05T00:00:00,SHADOW,120,COMPLETED
TASK-01550,AST-071,,DEP-002,SEC-005,PREVENTIVE,2025-12-19T00:00:00,2025-12-19T02:00:00,2026-01-03T00:00:00,SHADOW,120,COMPLETED
TASK-01551,AST-071,,DEP-002,SEC-005,PREVENTIVE,2026-03-19T00:00:00,2026-03-19T02:00:00,2026-04-03T00:00:00,SHADOW,120,COMPLETED
TASK-01552,AST-071,,DEP-002,SEC-005,PREVENTIVE,2026-06-17T00:00:00,2026-06-17T02:00:00,2026-07-02T00:00:00,SHADOW,120,COMPLETED
TASK-01562,AST-074,,DEP-002,SEC-005,PREVENTIVE,2023-09-01T00:00:00,2023-09-01T02:00:00,2023-09-16T00:00:00,SHADOW,120,COMPLETED
TASK-01563,AST-074,,DEP-002,SEC-005,PREVENTIVE,2023-11-30T00:00:00,2023-11-30T02:00:00,2023-12-15T00:00:00,SHADOW,120,COMPLETED
TASK-01564,AST-074,,DEP-002,SEC-005,PREVENTIVE,2024-02-28T00:00:00,2024-02-28T02:00:00,2024-03-14T00:00:00,SHADOW,120,COMPLETED
TASK-01565,AST-074,,DEP-002,SEC-005,PREVENTIVE,2024-05-28T00:00:00,2024-05-28T02:00:00,2024-06-12T00:00:00,SHADOW,120,COMPLETED
TASK-01566,AST-074,,DEP-002,SEC-005,PREVENTIVE,2024-08-26T00:00:00,2024-08-26T02:00:00,2024-09-10T00:00:00,SHADOW,120,COMPLETED
TASK-01567,AST-074,,DEP-002,SEC-005,PREVENTIVE,2024-11-24T00:00:00,2024-11-24T02:00:00,2024-12-09T00:00:00,SHADOW,120,COMPLETED
TASK-01568,AST-074,,DEP-002,SEC-005,PREVENTIVE,2025-02-22T00:00:00,2025-02-22T02:00:00,2025-03-09T00:00:00,SHADOW,120,COMPLETED
TASK-01569,AST-074,,DEP-002,SEC-005,PREVENTIVE,2025-05-23T00:00:00,2025-05-23T02:00:00,2025-06-07T00:00:00,SHADOW,120,COMPLETED
TASK-01570,AST-074,,DEP-002,SEC-005,PREVENTIVE,2025-08-21T00:00:00,2025-08-21T02:00:00,2025-09-05T00:00:00,SHADOW,120,COMPLETED
TASK-01571,AST-074,,DEP-002,SEC-005,PREVENTIVE,2025-11-19T00:00:00,2025-11-19T02:00:00,2025-12-04T00:00:00,SHADOW,120,COMPLETED
TASK-01572,AST-074,,DEP-002,SEC-005,PREVENTIVE,2026-02-17T00:00:00,2026-02-17T02:00:00,2026-03-04T00:00:00,SHADOW,120,COMPLETED
TASK-01573,AST-074,,DEP-002,SEC-005,PREVENTIVE,2026-05-18T00:00:00,2026-05-18T02:00:00,2026-06-02T00:00:00,SHADOW,120,COMPLETED
TASK-01580,AST-076,,DEP-002,SEC-004,PREVENTIVE,2023-09-29T00:00:00,2023-09-29T02:00:00,2023-10-14T00:00:00,SHADOW,120,COMPLETED
TASK-01581,AST-076,,DEP-002,SEC-004,PREVENTIVE,2023-12-28T00:00:00,2023-12-28T02:00:00,2024-01-12T00:00:00,SHADOW,120,COMPLETED
TASK-01582,AST-076,,DEP-002,SEC-004,PREVENTIVE,2024-03-27T00:00:00,2024-03-27T02:00:00,2024-04-11T00:00:00,SHADOW,120,COMPLETED
TASK-01583,AST-076,,DEP-002,SEC-004,PREVENTIVE,2024-06-25T00:00:00,2024-06-25T02:00:00,2024-07-10T00:00:00,SHADOW,120,COMPLETED
TASK-01584,AST-076,,DEP-002,SEC-004,PREVENTIVE,2024-09-23T00:00:00,2024-09-23T02:00:00,2024-10-08T00:00:00,SHADOW,120,COMPLETED
TASK-01585,AST-076,,DEP-002,SEC-004,PREVENTIVE,2024-12-22T00:00:00,2024-12-22T02:00:00,2025-01-06T00:00:00,SHADOW,120,COMPLETED
TASK-01586,AST-076,,DEP-002,SEC-004,PREVENTIVE,2025-03-22T00:00:00,2025-03-22T02:00:00,2025-04-06T00:00:00,SHADOW,120,COMPLETED
TASK-01587,AST-076,,DEP-002,SEC-004,PREVENTIVE,2025-06-20T00:00:00,2025-06-20T02:00:00,2025-07-05T00:00:00,SHADOW,120,COMPLETED
TASK-01588,AST-076,,DEP-002,SEC-004,PREVENTIVE,2025-09-18T00:00:00,2025-09-18T02:00:00,2025-10-03T00:00:00,SHADOW,120,COMPLETED
TASK-01589,AST-076,,DEP-002,SEC-004,PREVENTIVE,2025-12-17T00:00:00,2025-12-17T02:00:00,2026-01-01T00:00:00,SHADOW,120,COMPLETED
TASK-01590,AST-076,,DEP-002,SEC-004,PREVENTIVE,2026-03-17T00:00:00,2026-03-17T02:00:00,2026-04-01T00:00:00,SHADOW,120,COMPLETED
TASK-01591,AST-076,,DEP-002,SEC-004,PREVENTIVE,2026-06-15T00:00:00,2026-06-15T02:00:00,2026-06-30T00:00:00,SHADOW,120,COMPLETED
TASK-01595,AST-078,,DEP-002,SEC-005,PREVENTIVE,2023-09-11T00:00:00,2023-09-11T02:00:00,2023-09-26T00:00:00,SHADOW,120,COMPLETED
TASK-01596,AST-078,,DEP-002,SEC-005,PREVENTIVE,2023-12-10T00:00:00,2023-12-10T02:00:00,2023-12-25T00:00:00,SHADOW,120,COMPLETED
TASK-01597,AST-078,,DEP-002,SEC-005,PREVENTIVE,2024-03-09T00:00:00,2024-03-09T02:00:00,2024-03-24T00:00:00,SHADOW,120,COMPLETED
TASK-01598,AST-078,,DEP-002,SEC-005,PREVENTIVE,2024-06-07T00:00:00,2024-06-07T02:00:00,2024-06-22T00:00:00,SHADOW,120,COMPLETED
TASK-01599,AST-078,,DEP-002,SEC-005,PREVENTIVE,2024-09-05T00:00:00,2024-09-05T02:00:00,2024-09-20T00:00:00,SHADOW,120,COMPLETED
TASK-01600,AST-078,,DEP-002,SEC-005,PREVENTIVE,2024-12-04T00:00:00,2024-12-04T02:00:00,2024-12-19T00:00:00,SHADOW,120,COMPLETED
TASK-01601,AST-078,,DEP-002,SEC-005,PREVENTIVE,2025-03-04T00:00:00,2025-03-04T02:00:00,2025-03-19T00:00:00,SHADOW,120,COMPLETED
TASK-01602,AST-078,,DEP-002,SEC-005,PREVENTIVE,2025-06-02T00:00:00,2025-06-02T02:00:00,2025-06-17T00:00:00,SHADOW,120,COMPLETED
TASK-01603,AST-078,,DEP-002,SEC-005,PREVENTIVE,2025-08-31T00:00:00,2025-08-31T02:00:00,2025-09-15T00:00:00,SHADOW,120,COMPLETED
TASK-01604,AST-078,,DEP-002,SEC-005,PREVENTIVE,2025-11-29T00:00:00,2025-11-29T02:00:00,2025-12-14T00:00:00,SHADOW,120,COMPLETED
TASK-01605,AST-078,,DEP-002,SEC-005,PREVENTIVE,2026-02-27T00:00:00,2026-02-27T02:00:00,2026-03-14T00:00:00,SHADOW,120,COMPLETED
TASK-01606,AST-078,,DEP-002,SEC-005,PREVENTIVE,2026-05-28T00:00:00,2026-05-28T02:00:00,2026-06-12T00:00:00,SHADOW,120,COMPLETED
TASK-01661,AST-093,,DEP-002,SEC-005,PREVENTIVE,2023-10-04T00:00:00,2023-10-04T02:00:00,2023-10-19T00:00:00,SHADOW,120,COMPLETED
TASK-01662,AST-093,,DEP-002,SEC-005,PREVENTIVE,2024-01-02T00:00:00,2024-01-02T02:00:00,2024-01-17T00:00:00,SHADOW,120,COMPLETED
TASK-01663,AST-093,,DEP-002,SEC-005,PREVENTIVE,2024-04-01T00:00:00,2024-04-01T02:00:00,2024-04-16T00:00:00,SHADOW,120,COMPLETED
TASK-01664,AST-093,,DEP-002,SEC-005,PREVENTIVE,2024-06-30T00:00:00,2024-06-30T02:00:00,2024-07-15T00:00:00,SHADOW,120,COMPLETED
TASK-01665,AST-093,,DEP-002,SEC-005,PREVENTIVE,2024-09-28T00:00:00,2024-09-28T02:00:00,2024-10-13T00:00:00,SHADOW,120,COMPLETED
TASK-01666,AST-093,,DEP-002,SEC-005,PREVENTIVE,2024-12-27T00:00:00,2024-12-27T02:00:00,2025-01-11T00:00:00,SHADOW,120,COMPLETED
TASK-01667,AST-093,,DEP-002,SEC-005,PREVENTIVE,2025-03-27T00:00:00,2025-03-27T02:00:00,2025-04-11T00:00:00,SHADOW,120,COMPLETED
TASK-01668,AST-093,,DEP-002,SEC-005,PREVENTIVE,2025-06-25T00:00:00,2025-06-25T02:00:00,2025-07-10T00:00:00,SHADOW,120,COMPLETED
TASK-01669,AST-093,,DEP-002,SEC-005,PREVENTIVE,2025-09-23T00:00:00,2025-09-23T02:00:00,2025-10-08T00:00:00,SHADOW,120,COMPLETED
TASK-01670,AST-093,,DEP-002,SEC-005,PREVENTIVE,2025-12-22T00:00:00,2025-12-22T02:00:00,2026-01-06T00:00:00,SHADOW,120,COMPLETED
TASK-01671,AST-093,,DEP-002,SEC-005,PREVENTIVE,2026-03-22T00:00:00,2026-03-22T02:00:00,2026-04-06T00:00:00,SHADOW,120,COMPLETED
TASK-01672,AST-093,,DEP-002,SEC-005,PREVENTIVE,2026-06-20T00:00:00,2026-06-20T02:00:00,2026-07-05T00:00:00,SHADOW,120,COMPLETED
TASK-01676,AST-095,,DEP-002,SEC-006,PREVENTIVE,2023-10-19T00:00:00,2023-10-19T02:00:00,2023-11-03T00:00:00,SHADOW,120,COMPLETED
TASK-01677,AST-095,,DEP-002,SEC-006,PREVENTIVE,2024-01-17T00:00:00,2024-01-17T02:00:00,2024-02-01T00:00:00,SHADOW,120,COMPLETED
TASK-01678,AST-095,,DEP-002,SEC-006,PREVENTIVE,2024-04-16T00:00:00,2024-04-16T02:00:00,2024-05-01T00:00:00,SHADOW,120,COMPLETED
TASK-01679,AST-095,,DEP-002,SEC-006,PREVENTIVE,2024-07-15T00:00:00,2024-07-15T02:00:00,2024-07-30T00:00:00,SHADOW,120,COMPLETED
TASK-01680,AST-095,,DEP-002,SEC-006,PREVENTIVE,2024-10-13T00:00:00,2024-10-13T02:00:00,2024-10-28T00:00:00,SHADOW,120,COMPLETED
TASK-01681,AST-095,,DEP-002,SEC-006,PREVENTIVE,2025-01-11T00:00:00,2025-01-11T02:00:00,2025-01-26T00:00:00,SHADOW,120,COMPLETED
TASK-01682,AST-095,,DEP-002,SEC-006,PREVENTIVE,2025-04-11T00:00:00,2025-04-11T02:00:00,2025-04-26T00:00:00,SHADOW,120,COMPLETED
TASK-01683,AST-095,,DEP-002,SEC-006,PREVENTIVE,2025-07-10T00:00:00,2025-07-10T02:00:00,2025-07-25T00:00:00,SHADOW,120,COMPLETED
TASK-01684,AST-095,,DEP-002,SEC-006,PREVENTIVE,2025-10-08T00:00:00,2025-10-08T02:00:00,2025-10-23T00:00:00,SHADOW,120,COMPLETED
TASK-01685,AST-095,,DEP-002,SEC-006,PREVENTIVE,2026-01-06T00:00:00,2026-01-06T02:00:00,2026-01-21T00:00:00,SHADOW,120,COMPLETED
TASK-01686,AST-095,,DEP-002,SEC-006,PREVENTIVE,2026-04-06T00:00:00,2026-04-06T02:00:00,2026-04-21T00:00:00,SHADOW,120,COMPLETED
TASK-01687,AST-095,,DEP-002,SEC-006,PREVENTIVE,2026-07-05T00:00:00,2026-07-05T02:00:00,2026-07-20T00:00:00,SHADOW,120,COMPLETED
TASK-01688,AST-096,,DEP-002,SEC-004,PREVENTIVE,2023-09-20T00:00:00,2023-09-20T02:00:00,2023-10-05T00:00:00,SHADOW,120,COMPLETED
TASK-01689,AST-096,,DEP-002,SEC-004,PREVENTIVE,2023-12-19T00:00:00,2023-12-19T02:00:00,2024-01-03T00:00:00,SHADOW,120,COMPLETED
TASK-01690,AST-096,,DEP-002,SEC-004,PREVENTIVE,2024-03-18T00:00:00,2024-03-18T02:00:00,2024-04-02T00:00:00,SHADOW,120,COMPLETED
TASK-01691,AST-096,,DEP-002,SEC-004,PREVENTIVE,2024-06-16T00:00:00,2024-06-16T02:00:00,2024-07-01T00:00:00,SHADOW,120,COMPLETED
TASK-01692,AST-096,,DEP-002,SEC-004,PREVENTIVE,2024-09-14T00:00:00,2024-09-14T02:00:00,2024-09-29T00:00:00,SHADOW,120,COMPLETED
TASK-01693,AST-096,,DEP-002,SEC-004,PREVENTIVE,2024-12-13T00:00:00,2024-12-13T02:00:00,2024-12-28T00:00:00,SHADOW,120,COMPLETED
TASK-01694,AST-096,,DEP-002,SEC-004,PREVENTIVE,2025-03-13T00:00:00,2025-03-13T02:00:00,2025-03-28T00:00:00,SHADOW,120,COMPLETED
TASK-01695,AST-096,,DEP-002,SEC-004,PREVENTIVE,2025-06-11T00:00:00,2025-06-11T02:00:00,2025-06-26T00:00:00,SHADOW,120,COMPLETED
TASK-01696,AST-096,,DEP-002,SEC-004,PREVENTIVE,2025-09-09T00:00:00,2025-09-09T02:00:00,2025-09-24T00:00:00,SHADOW,120,COMPLETED
TASK-01697,AST-096,,DEP-002,SEC-004,PREVENTIVE,2025-12-08T00:00:00,2025-12-08T02:00:00,2025-12-23T00:00:00,SHADOW,120,COMPLETED
TASK-01698,AST-096,,DEP-002,SEC-004,PREVENTIVE,2026-03-08T00:00:00,2026-03-08T02:00:00,2026-03-23T00:00:00,SHADOW,120,COMPLETED
TASK-01699,AST-096,,DEP-002,SEC-004,PREVENTIVE,2026-06-06T00:00:00,2026-06-06T02:00:00,2026-06-21T00:00:00,SHADOW,120,COMPLETED
TASK-01703,AST-098,,DEP-002,SEC-004,PREVENTIVE,2023-09-10T00:00:00,2023-09-10T02:00:00,2023-09-25T00:00:00,SHADOW,120,COMPLETED
TASK-01704,AST-098,,DEP-002,SEC-004,PREVENTIVE,2023-12-09T00:00:00,2023-12-09T02:00:00,2023-12-24T00:00:00,SHADOW,120,COMPLETED
TASK-01705,AST-098,,DEP-002,SEC-004,PREVENTIVE,2024-03-08T00:00:00,2024-03-08T02:00:00,2024-03-23T00:00:00,SHADOW,120,COMPLETED
TASK-01706,AST-098,,DEP-002,SEC-004,PREVENTIVE,2024-06-06T00:00:00,2024-06-06T02:00:00,2024-06-21T00:00:00,SHADOW,120,COMPLETED
TASK-01707,AST-098,,DEP-002,SEC-004,PREVENTIVE,2024-09-04T00:00:00,2024-09-04T02:00:00,2024-09-19T00:00:00,SHADOW,120,COMPLETED
TASK-01708,AST-098,,DEP-002,SEC-004,PREVENTIVE,2024-12-03T00:00:00,2024-12-03T02:00:00,2024-12-18T00:00:00,SHADOW,120,COMPLETED
TASK-01709,AST-098,,DEP-002,SEC-004,PREVENTIVE,2025-03-03T00:00:00,2025-03-03T02:00:00,2025-03-18T00:00:00,SHADOW,120,COMPLETED
TASK-01710,AST-098,,DEP-002,SEC-004,PREVENTIVE,2025-06-01T00:00:00,2025-06-01T02:00:00,2025-06-16T00:00:00,SHADOW,120,COMPLETED
TASK-01711,AST-098,,DEP-002,SEC-004,PREVENTIVE,2025-08-30T00:00:00,2025-08-30T02:00:00,2025-09-14T00:00:00,SHADOW,120,COMPLETED
TASK-01712,AST-098,,DEP-002,SEC-004,PREVENTIVE,2025-11-28T00:00:00,2025-11-28T02:00:00,2025-12-13T00:00:00,SHADOW,120,COMPLETED
TASK-01713,AST-098,,DEP-002,SEC-004,PREVENTIVE,2026-02-26T00:00:00,2026-02-26T02:00:00,2026-03-13T00:00:00,SHADOW,120,COMPLETED
TASK-01714,AST-098,,DEP-002,SEC-004,PREVENTIVE,2026-05-27T00:00:00,2026-05-27T02:00:00,2026-06-11T00:00:00,SHADOW,120,COMPLETED
TASK-01715,AST-099,,DEP-002,SEC-006,PREVENTIVE,2023-10-25T00:00:00,2023-10-25T02:00:00,2023-11-09T00:00:00,SHADOW,120,COMPLETED
TASK-01716,AST-099,,DEP-002,SEC-006,PREVENTIVE,2024-01-23T00:00:00,2024-01-23T02:00:00,2024-02-07T00:00:00,SHADOW,120,COMPLETED
TASK-01717,AST-099,,DEP-002,SEC-006,PREVENTIVE,2024-04-22T00:00:00,2024-04-22T02:00:00,2024-05-07T00:00:00,SHADOW,120,COMPLETED
TASK-01718,AST-099,,DEP-002,SEC-006,PREVENTIVE,2024-07-21T00:00:00,2024-07-21T02:00:00,2024-08-05T00:00:00,SHADOW,120,COMPLETED
TASK-01719,AST-099,,DEP-002,SEC-006,PREVENTIVE,2024-10-19T00:00:00,2024-10-19T02:00:00,2024-11-03T00:00:00,SHADOW,120,COMPLETED
TASK-01720,AST-099,,DEP-002,SEC-006,PREVENTIVE,2025-01-17T00:00:00,2025-01-17T02:00:00,2025-02-01T00:00:00,SHADOW,120,COMPLETED
TASK-01721,AST-099,,DEP-002,SEC-006,PREVENTIVE,2025-04-17T00:00:00,2025-04-17T02:00:00,2025-05-02T00:00:00,SHADOW,120,COMPLETED
TASK-01722,AST-099,,DEP-002,SEC-006,PREVENTIVE,2025-07-16T00:00:00,2025-07-16T02:00:00,2025-07-31T00:00:00,SHADOW,120,COMPLETED
TASK-01723,AST-099,,DEP-002,SEC-006,PREVENTIVE,2025-10-14T00:00:00,2025-10-14T02:00:00,2025-10-29T00:00:00,SHADOW,120,COMPLETED
TASK-01724,AST-099,,DEP-002,SEC-006,PREVENTIVE,2026-01-12T00:00:00,2026-01-12T02:00:00,2026-01-27T00:00:00,SHADOW,120,COMPLETED
TASK-01725,AST-099,,DEP-002,SEC-006,PREVENTIVE,2026-04-12T00:00:00,2026-04-12T02:00:00,2026-04-27T00:00:00,SHADOW,120,COMPLETED
TASK-01726,AST-099,,DEP-002,SEC-006,PREVENTIVE,2026-07-11T00:00:00,2026-07-11T02:00:00,2026-07-26T00:00:00,SHADOW,120,COMPLETED
TASK-01727,AST-100,,DEP-002,SEC-003,PREVENTIVE,2023-10-13T00:00:00,2023-10-13T02:00:00,2023-10-28T00:00:00,SHADOW,120,COMPLETED
TASK-01728,AST-100,,DEP-002,SEC-003,PREVENTIVE,2024-01-11T00:00:00,2024-01-11T02:00:00,2024-01-26T00:00:00,SHADOW,120,COMPLETED
TASK-01729,AST-100,,DEP-002,SEC-003,PREVENTIVE,2024-04-10T00:00:00,2024-04-10T02:00:00,2024-04-25T00:00:00,SHADOW,120,COMPLETED
TASK-01730,AST-100,,DEP-002,SEC-003,PREVENTIVE,2024-07-09T00:00:00,2024-07-09T02:00:00,2024-07-24T00:00:00,SHADOW,120,COMPLETED
TASK-01731,AST-100,,DEP-002,SEC-003,PREVENTIVE,2024-10-07T00:00:00,2024-10-07T02:00:00,2024-10-22T00:00:00,SHADOW,120,COMPLETED
TASK-01732,AST-100,,DEP-002,SEC-003,PREVENTIVE,2025-01-05T00:00:00,2025-01-05T02:00:00,2025-01-20T00:00:00,SHADOW,120,COMPLETED
TASK-01733,AST-100,,DEP-002,SEC-003,PREVENTIVE,2025-04-05T00:00:00,2025-04-05T02:00:00,2025-04-20T00:00:00,SHADOW,120,COMPLETED
TASK-01734,AST-100,,DEP-002,SEC-003,PREVENTIVE,2025-07-04T00:00:00,2025-07-04T02:00:00,2025-07-19T00:00:00,SHADOW,120,COMPLETED
TASK-01735,AST-100,,DEP-002,SEC-003,PREVENTIVE,2025-10-02T00:00:00,2025-10-02T02:00:00,2025-10-17T00:00:00,SHADOW,120,COMPLETED
TASK-01736,AST-100,,DEP-002,SEC-003,PREVENTIVE,2025-12-31T00:00:00,2025-12-31T02:00:00,2026-01-15T00:00:00,SHADOW,120,COMPLETED
TASK-01737,AST-100,,DEP-002,SEC-003,PREVENTIVE,2026-03-31T00:00:00,2026-03-31T02:00:00,2026-04-15T00:00:00,SHADOW,120,COMPLETED
TASK-01738,AST-100,,DEP-002,SEC-003,PREVENTIVE,2026-06-29T00:00:00,2026-06-29T02:00:00,2026-07-14T00:00:00,SHADOW,120,COMPLETED
TASK-01748,AST-104,,DEP-002,SEC-004,PREVENTIVE,2023-10-16T00:00:00,2023-10-16T02:00:00,2023-10-31T00:00:00,SHADOW,120,COMPLETED
TASK-01749,AST-104,,DEP-002,SEC-004,PREVENTIVE,2024-01-14T00:00:00,2024-01-14T02:00:00,2024-01-29T00:00:00,SHADOW,120,COMPLETED
TASK-01750,AST-104,,DEP-002,SEC-004,PREVENTIVE,2024-04-13T00:00:00,2024-04-13T02:00:00,2024-04-28T00:00:00,SHADOW,120,COMPLETED
TASK-01751,AST-104,,DEP-002,SEC-004,PREVENTIVE,2024-07-12T00:00:00,2024-07-12T02:00:00,2024-07-27T00:00:00,SHADOW,120,COMPLETED
TASK-01752,AST-104,,DEP-002,SEC-004,PREVENTIVE,2024-10-10T00:00:00,2024-10-10T02:00:00,2024-10-25T00:00:00,SHADOW,120,COMPLETED
TASK-01753,AST-104,,DEP-002,SEC-004,PREVENTIVE,2025-01-08T00:00:00,2025-01-08T02:00:00,2025-01-23T00:00:00,SHADOW,120,COMPLETED
TASK-01754,AST-104,,DEP-002,SEC-004,PREVENTIVE,2025-04-08T00:00:00,2025-04-08T02:00:00,2025-04-23T00:00:00,SHADOW,120,COMPLETED
TASK-01755,AST-104,,DEP-002,SEC-004,PREVENTIVE,2025-07-07T00:00:00,2025-07-07T02:00:00,2025-07-22T00:00:00,SHADOW,120,COMPLETED
TASK-01756,AST-104,,DEP-002,SEC-004,PREVENTIVE,2025-10-05T00:00:00,2025-10-05T02:00:00,2025-10-20T00:00:00,SHADOW,120,COMPLETED
TASK-01757,AST-104,,DEP-002,SEC-004,PREVENTIVE,2026-01-03T00:00:00,2026-01-03T02:00:00,2026-01-18T00:00:00,SHADOW,120,COMPLETED
TASK-01758,AST-104,,DEP-002,SEC-004,PREVENTIVE,2026-04-03T00:00:00,2026-04-03T02:00:00,2026-04-18T00:00:00,SHADOW,120,COMPLETED
TASK-01759,AST-104,,DEP-002,SEC-004,PREVENTIVE,2026-07-02T00:00:00,2026-07-02T02:00:00,2026-07-17T00:00:00,SHADOW,120,COMPLETED
TASK-01760,AST-105,,DEP-002,SEC-004,PREVENTIVE,2023-10-01T00:00:00,2023-10-01T02:00:00,2023-10-16T00:00:00,SHADOW,120,COMPLETED
TASK-01761,AST-105,,DEP-002,SEC-004,PREVENTIVE,2023-12-30T00:00:00,2023-12-30T02:00:00,2024-01-14T00:00:00,SHADOW,120,COMPLETED
TASK-01762,AST-105,,DEP-002,SEC-004,PREVENTIVE,2024-03-29T00:00:00,2024-03-29T02:00:00,2024-04-13T00:00:00,SHADOW,120,COMPLETED
TASK-01763,AST-105,,DEP-002,SEC-004,PREVENTIVE,2024-06-27T00:00:00,2024-06-27T02:00:00,2024-07-12T00:00:00,SHADOW,120,COMPLETED
TASK-01764,AST-105,,DEP-002,SEC-004,PREVENTIVE,2024-09-25T00:00:00,2024-09-25T02:00:00,2024-10-10T00:00:00,SHADOW,120,COMPLETED
TASK-01765,AST-105,,DEP-002,SEC-004,PREVENTIVE,2024-12-24T00:00:00,2024-12-24T02:00:00,2025-01-08T00:00:00,SHADOW,120,COMPLETED
TASK-01766,AST-105,,DEP-002,SEC-004,PREVENTIVE,2025-03-24T00:00:00,2025-03-24T02:00:00,2025-04-08T00:00:00,SHADOW,120,COMPLETED
TASK-01767,AST-105,,DEP-002,SEC-004,PREVENTIVE,2025-06-22T00:00:00,2025-06-22T02:00:00,2025-07-07T00:00:00,SHADOW,120,COMPLETED
TASK-01768,AST-105,,DEP-002,SEC-004,PREVENTIVE,2025-09-20T00:00:00,2025-09-20T02:00:00,2025-10-05T00:00:00,SHADOW,120,COMPLETED
TASK-01769,AST-105,,DEP-002,SEC-004,PREVENTIVE,2025-12-19T00:00:00,2025-12-19T02:00:00,2026-01-03T00:00:00,SHADOW,120,COMPLETED
TASK-01770,AST-105,,DEP-002,SEC-004,PREVENTIVE,2026-03-19T00:00:00,2026-03-19T02:00:00,2026-04-03T00:00:00,SHADOW,120,COMPLETED
TASK-01771,AST-105,,DEP-002,SEC-004,PREVENTIVE,2026-06-17T00:00:00,2026-06-17T02:00:00,2026-07-02T00:00:00,SHADOW,120,COMPLETED
TASK-01772,AST-106,,DEP-002,SEC-005,PREVENTIVE,2023-10-21T00:00:00,2023-10-21T02:00:00,2023-11-05T00:00:00,SHADOW,120,COMPLETED
TASK-01773,AST-106,,DEP-002,SEC-005,PREVENTIVE,2024-01-19T00:00:00,2024-01-19T02:00:00,2024-02-03T00:00:00,SHADOW,120,COMPLETED
TASK-01774,AST-106,,DEP-002,SEC-005,PREVENTIVE,2024-04-18T00:00:00,2024-04-18T02:00:00,2024-05-03T00:00:00,SHADOW,120,COMPLETED
TASK-01775,AST-106,,DEP-002,SEC-005,PREVENTIVE,2024-07-17T00:00:00,2024-07-17T02:00:00,2024-08-01T00:00:00,SHADOW,120,COMPLETED
TASK-01776,AST-106,,DEP-002,SEC-005,PREVENTIVE,2024-10-15T00:00:00,2024-10-15T02:00:00,2024-10-30T00:00:00,SHADOW,120,COMPLETED
TASK-01777,AST-106,,DEP-002,SEC-005,PREVENTIVE,2025-01-13T00:00:00,2025-01-13T02:00:00,2025-01-28T00:00:00,SHADOW,120,COMPLETED
TASK-01778,AST-106,,DEP-002,SEC-005,PREVENTIVE,2025-04-13T00:00:00,2025-04-13T02:00:00,2025-04-28T00:00:00,SHADOW,120,COMPLETED
TASK-01779,AST-106,,DEP-002,SEC-005,PREVENTIVE,2025-07-12T00:00:00,2025-07-12T02:00:00,2025-07-27T00:00:00,SHADOW,120,COMPLETED
TASK-01780,AST-106,,DEP-002,SEC-005,PREVENTIVE,2025-10-10T00:00:00,2025-10-10T02:00:00,2025-10-25T00:00:00,SHADOW,120,COMPLETED
TASK-01781,AST-106,,DEP-002,SEC-005,PREVENTIVE,2026-01-08T00:00:00,2026-01-08T02:00:00,2026-01-23T00:00:00,SHADOW,120,COMPLETED
TASK-01782,AST-106,,DEP-002,SEC-005,PREVENTIVE,2026-04-08T00:00:00,2026-04-08T02:00:00,2026-04-23T00:00:00,SHADOW,120,COMPLETED
TASK-01783,AST-106,,DEP-002,SEC-005,PREVENTIVE,2026-07-07T00:00:00,2026-07-07T02:00:00,2026-07-22T00:00:00,SHADOW,120,COMPLETED
TASK-01784,AST-107,,DEP-002,SEC-006,PREVENTIVE,2023-10-18T00:00:00,2023-10-18T02:00:00,2023-11-02T00:00:00,SHADOW,120,COMPLETED
TASK-01785,AST-107,,DEP-002,SEC-006,PREVENTIVE,2024-01-16T00:00:00,2024-01-16T02:00:00,2024-01-31T00:00:00,SHADOW,120,COMPLETED
TASK-01786,AST-107,,DEP-002,SEC-006,PREVENTIVE,2024-04-15T00:00:00,2024-04-15T02:00:00,2024-04-30T00:00:00,SHADOW,120,COMPLETED
TASK-01787,AST-107,,DEP-002,SEC-006,PREVENTIVE,2024-07-14T00:00:00,2024-07-14T02:00:00,2024-07-29T00:00:00,SHADOW,120,COMPLETED
TASK-01788,AST-107,,DEP-002,SEC-006,PREVENTIVE,2024-10-12T00:00:00,2024-10-12T02:00:00,2024-10-27T00:00:00,SHADOW,120,COMPLETED
TASK-01789,AST-107,,DEP-002,SEC-006,PREVENTIVE,2025-01-10T00:00:00,2025-01-10T02:00:00,2025-01-25T00:00:00,SHADOW,120,COMPLETED
TASK-01790,AST-107,,DEP-002,SEC-006,PREVENTIVE,2025-04-10T00:00:00,2025-04-10T02:00:00,2025-04-25T00:00:00,SHADOW,120,COMPLETED
TASK-01791,AST-107,,DEP-002,SEC-006,PREVENTIVE,2025-07-09T00:00:00,2025-07-09T02:00:00,2025-07-24T00:00:00,SHADOW,120,COMPLETED
TASK-01792,AST-107,,DEP-002,SEC-006,PREVENTIVE,2025-10-07T00:00:00,2025-10-07T02:00:00,2025-10-22T00:00:00,SHADOW,120,COMPLETED
TASK-01793,AST-107,,DEP-002,SEC-006,PREVENTIVE,2026-01-05T00:00:00,2026-01-05T02:00:00,2026-01-20T00:00:00,SHADOW,120,COMPLETED
TASK-01794,AST-107,,DEP-002,SEC-006,PREVENTIVE,2026-04-05T00:00:00,2026-04-05T02:00:00,2026-04-20T00:00:00,SHADOW,120,COMPLETED
TASK-01795,AST-107,,DEP-002,SEC-006,PREVENTIVE,2026-07-04T00:00:00,2026-07-04T02:00:00,2026-07-19T00:00:00,SHADOW,120,COMPLETED
TASK-01796,AST-108,,DEP-002,SEC-005,PREVENTIVE,2023-10-21T00:00:00,2023-10-21T02:00:00,2023-11-05T00:00:00,SHADOW,120,COMPLETED
TASK-01797,AST-108,,DEP-002,SEC-005,PREVENTIVE,2024-01-19T00:00:00,2024-01-19T02:00:00,2024-02-03T00:00:00,SHADOW,120,COMPLETED
TASK-01798,AST-108,,DEP-002,SEC-005,PREVENTIVE,2024-04-18T00:00:00,2024-04-18T02:00:00,2024-05-03T00:00:00,SHADOW,120,COMPLETED
TASK-01799,AST-108,,DEP-002,SEC-005,PREVENTIVE,2024-07-17T00:00:00,2024-07-17T02:00:00,2024-08-01T00:00:00,SHADOW,120,COMPLETED
TASK-01800,AST-108,,DEP-002,SEC-005,PREVENTIVE,2024-10-15T00:00:00,2024-10-15T02:00:00,2024-10-30T00:00:00,SHADOW,120,COMPLETED
TASK-01801,AST-108,,DEP-002,SEC-005,PREVENTIVE,2025-01-13T00:00:00,2025-01-13T02:00:00,2025-01-28T00:00:00,SHADOW,120,COMPLETED
TASK-01802,AST-108,,DEP-002,SEC-005,PREVENTIVE,2025-04-13T00:00:00,2025-04-13T02:00:00,2025-04-28T00:00:00,SHADOW,120,COMPLETED
TASK-01803,AST-108,,DEP-002,SEC-005,PREVENTIVE,2025-07-12T00:00:00,2025-07-12T02:00:00,2025-07-27T00:00:00,SHADOW,120,COMPLETED
TASK-01804,AST-108,,DEP-002,SEC-005,PREVENTIVE,2025-10-10T00:00:00,2025-10-10T02:00:00,2025-10-25T00:00:00,SHADOW,120,COMPLETED
TASK-01805,AST-108,,DEP-002,SEC-005,PREVENTIVE,2026-01-08T00:00:00,2026-01-08T02:00:00,2026-01-23T00:00:00,SHADOW,120,COMPLETED
TASK-01806,AST-108,,DEP-002,SEC-005,PREVENTIVE,2026-04-08T00:00:00,2026-04-08T02:00:00,2026-04-23T00:00:00,SHADOW,120,COMPLETED
TASK-01807,AST-108,,DEP-002,SEC-005,PREVENTIVE,2026-07-07T00:00:00,2026-07-07T02:00:00,2026-07-22T00:00:00,SHADOW,120,COMPLETED
TASK-01808,AST-109,,DEP-002,SEC-004,PREVENTIVE,2023-09-16T00:00:00,2023-09-16T02:00:00,2023-10-01T00:00:00,SHADOW,120,COMPLETED
TASK-01809,AST-109,,DEP-002,SEC-004,PREVENTIVE,2023-12-15T00:00:00,2023-12-15T02:00:00,2023-12-30T00:00:00,SHADOW,120,COMPLETED
TASK-01810,AST-109,,DEP-002,SEC-004,PREVENTIVE,2024-03-14T00:00:00,2024-03-14T02:00:00,2024-03-29T00:00:00,SHADOW,120,COMPLETED
TASK-01811,AST-109,,DEP-002,SEC-004,PREVENTIVE,2024-06-12T00:00:00,2024-06-12T02:00:00,2024-06-27T00:00:00,SHADOW,120,COMPLETED
TASK-01812,AST-109,,DEP-002,SEC-004,PREVENTIVE,2024-09-10T00:00:00,2024-09-10T02:00:00,2024-09-25T00:00:00,SHADOW,120,COMPLETED
TASK-01813,AST-109,,DEP-002,SEC-004,PREVENTIVE,2024-12-09T00:00:00,2024-12-09T02:00:00,2024-12-24T00:00:00,SHADOW,120,COMPLETED
TASK-01814,AST-109,,DEP-002,SEC-004,PREVENTIVE,2025-03-09T00:00:00,2025-03-09T02:00:00,2025-03-24T00:00:00,SHADOW,120,COMPLETED
TASK-01815,AST-109,,DEP-002,SEC-004,PREVENTIVE,2025-06-07T00:00:00,2025-06-07T02:00:00,2025-06-22T00:00:00,SHADOW,120,COMPLETED
TASK-01816,AST-109,,DEP-002,SEC-004,PREVENTIVE,2025-09-05T00:00:00,2025-09-05T02:00:00,2025-09-20T00:00:00,SHADOW,120,COMPLETED
TASK-01817,AST-109,,DEP-002,SEC-004,PREVENTIVE,2025-12-04T00:00:00,2025-12-04T02:00:00,2025-12-19T00:00:00,SHADOW,120,COMPLETED
TASK-01818,AST-109,,DEP-002,SEC-004,PREVENTIVE,2026-03-04T00:00:00,2026-03-04T02:00:00,2026-03-19T00:00:00,SHADOW,120,COMPLETED
TASK-01819,AST-109,,DEP-002,SEC-004,PREVENTIVE,2026-06-02T00:00:00,2026-06-02T02:00:00,2026-06-17T00:00:00,SHADOW,120,COMPLETED
TASK-01838,AST-114,,DEP-002,SEC-001,PREVENTIVE,2023-09-17T00:00:00,2023-09-17T02:00:00,2023-10-02T00:00:00,SHADOW,120,COMPLETED
TASK-01839,AST-114,,DEP-002,SEC-001,PREVENTIVE,2023-12-16T00:00:00,2023-12-16T02:00:00,2023-12-31T00:00:00,SHADOW,120,COMPLETED
TASK-01840,AST-114,,DEP-002,SEC-001,PREVENTIVE,2024-03-15T00:00:00,2024-03-15T02:00:00,2024-03-30T00:00:00,SHADOW,120,COMPLETED
TASK-01841,AST-114,,DEP-002,SEC-001,PREVENTIVE,2024-06-13T00:00:00,2024-06-13T02:00:00,2024-06-28T00:00:00,SHADOW,120,COMPLETED
TASK-01842,AST-114,,DEP-002,SEC-001,PREVENTIVE,2024-09-11T00:00:00,2024-09-11T02:00:00,2024-09-26T00:00:00,SHADOW,120,COMPLETED
TASK-01843,AST-114,,DEP-002,SEC-001,PREVENTIVE,2024-12-10T00:00:00,2024-12-10T02:00:00,2024-12-25T00:00:00,SHADOW,120,COMPLETED
TASK-01844,AST-114,,DEP-002,SEC-001,PREVENTIVE,2025-03-10T00:00:00,2025-03-10T02:00:00,2025-03-25T00:00:00,SHADOW,120,COMPLETED
TASK-01845,AST-114,,DEP-002,SEC-001,PREVENTIVE,2025-06-08T00:00:00,2025-06-08T02:00:00,2025-06-23T00:00:00,SHADOW,120,COMPLETED
TASK-01846,AST-114,,DEP-002,SEC-001,PREVENTIVE,2025-09-06T00:00:00,2025-09-06T02:00:00,2025-09-21T00:00:00,SHADOW,120,COMPLETED
TASK-01847,AST-114,,DEP-002,SEC-001,PREVENTIVE,2025-12-05T00:00:00,2025-12-05T02:00:00,2025-12-20T00:00:00,SHADOW,120,COMPLETED
TASK-01848,AST-114,,DEP-002,SEC-001,PREVENTIVE,2026-03-05T00:00:00,2026-03-05T02:00:00,2026-03-20T00:00:00,SHADOW,120,COMPLETED
TASK-01849,AST-114,,DEP-002,SEC-001,PREVENTIVE,2026-06-03T00:00:00,2026-06-03T02:00:00,2026-06-18T00:00:00,SHADOW,120,COMPLETED
TASK-01850,AST-115,,DEP-002,SEC-001,PREVENTIVE,2023-09-05T00:00:00,2023-09-05T02:00:00,2023-09-20T00:00:00,SHADOW,120,COMPLETED
TASK-01851,AST-115,,DEP-002,SEC-001,PREVENTIVE,2023-12-04T00:00:00,2023-12-04T02:00:00,2023-12-19T00:00:00,SHADOW,120,COMPLETED
TASK-01852,AST-115,,DEP-002,SEC-001,PREVENTIVE,2024-03-03T00:00:00,2024-03-03T02:00:00,2024-03-18T00:00:00,SHADOW,120,COMPLETED
TASK-01853,AST-115,,DEP-002,SEC-001,PREVENTIVE,2024-06-01T00:00:00,2024-06-01T02:00:00,2024-06-16T00:00:00,SHADOW,120,COMPLETED
TASK-01854,AST-115,,DEP-002,SEC-001,PREVENTIVE,2024-08-30T00:00:00,2024-08-30T02:00:00,2024-09-14T00:00:00,SHADOW,120,COMPLETED
TASK-01855,AST-115,,DEP-002,SEC-001,PREVENTIVE,2024-11-28T00:00:00,2024-11-28T02:00:00,2024-12-13T00:00:00,SHADOW,120,COMPLETED
TASK-01856,AST-115,,DEP-002,SEC-001,PREVENTIVE,2025-02-26T00:00:00,2025-02-26T02:00:00,2025-03-13T00:00:00,SHADOW,120,COMPLETED
TASK-01857,AST-115,,DEP-002,SEC-001,PREVENTIVE,2025-05-27T00:00:00,2025-05-27T02:00:00,2025-06-11T00:00:00,SHADOW,120,COMPLETED
TASK-01858,AST-115,,DEP-002,SEC-001,PREVENTIVE,2025-08-25T00:00:00,2025-08-25T02:00:00,2025-09-09T00:00:00,SHADOW,120,COMPLETED
TASK-01859,AST-115,,DEP-002,SEC-001,PREVENTIVE,2025-11-23T00:00:00,2025-11-23T02:00:00,2025-12-08T00:00:00,SHADOW,120,COMPLETED
TASK-01860,AST-115,,DEP-002,SEC-001,PREVENTIVE,2026-02-21T00:00:00,2026-02-21T02:00:00,2026-03-08T00:00:00,SHADOW,120,COMPLETED
TASK-01861,AST-115,,DEP-002,SEC-001,PREVENTIVE,2026-05-22T00:00:00,2026-05-22T02:00:00,2026-06-06T00:00:00,SHADOW,120,COMPLETED
TASK-01871,AST-118,,DEP-002,SEC-005,PREVENTIVE,2023-08-22T00:00:00,2023-08-22T02:00:00,2023-09-06T00:00:00,SHADOW,120,COMPLETED
TASK-01872,AST-118,,DEP-002,SEC-005,PREVENTIVE,2023-11-20T00:00:00,2023-11-20T02:00:00,2023-12-05T00:00:00,SHADOW,120,COMPLETED
TASK-01873,AST-118,,DEP-002,SEC-005,PREVENTIVE,2024-02-18T00:00:00,2024-02-18T02:00:00,2024-03-04T00:00:00,SHADOW,120,COMPLETED
TASK-01874,AST-118,,DEP-002,SEC-005,PREVENTIVE,2024-05-18T00:00:00,2024-05-18T02:00:00,2024-06-02T00:00:00,SHADOW,120,COMPLETED
TASK-01875,AST-118,,DEP-002,SEC-005,PREVENTIVE,2024-08-16T00:00:00,2024-08-16T02:00:00,2024-08-31T00:00:00,SHADOW,120,COMPLETED
TASK-01876,AST-118,,DEP-002,SEC-005,PREVENTIVE,2024-11-14T00:00:00,2024-11-14T02:00:00,2024-11-29T00:00:00,SHADOW,120,COMPLETED
TASK-01877,AST-118,,DEP-002,SEC-005,PREVENTIVE,2025-02-12T00:00:00,2025-02-12T02:00:00,2025-02-27T00:00:00,SHADOW,120,COMPLETED
TASK-01878,AST-118,,DEP-002,SEC-005,PREVENTIVE,2025-05-13T00:00:00,2025-05-13T02:00:00,2025-05-28T00:00:00,SHADOW,120,COMPLETED
TASK-01879,AST-118,,DEP-002,SEC-005,PREVENTIVE,2025-08-11T00:00:00,2025-08-11T02:00:00,2025-08-26T00:00:00,SHADOW,120,COMPLETED
TASK-01880,AST-118,,DEP-002,SEC-005,PREVENTIVE,2025-11-09T00:00:00,2025-11-09T02:00:00,2025-11-24T00:00:00,SHADOW,120,COMPLETED
TASK-01881,AST-118,,DEP-002,SEC-005,PREVENTIVE,2026-02-07T00:00:00,2026-02-07T02:00:00,2026-02-22T00:00:00,SHADOW,120,COMPLETED
TASK-01882,AST-118,,DEP-002,SEC-005,PREVENTIVE,2026-05-08T00:00:00,2026-05-08T02:00:00,2026-05-23T00:00:00,SHADOW,120,COMPLETED
TASK-01886,AST-120,,DEP-002,SEC-006,PREVENTIVE,2023-09-24T00:00:00,2023-09-24T02:00:00,2023-10-09T00:00:00,SHADOW,120,COMPLETED
TASK-01887,AST-120,,DEP-002,SEC-006,PREVENTIVE,2023-12-23T00:00:00,2023-12-23T02:00:00,2024-01-07T00:00:00,SHADOW,120,COMPLETED
TASK-01888,AST-120,,DEP-002,SEC-006,PREVENTIVE,2024-03-22T00:00:00,2024-03-22T02:00:00,2024-04-06T00:00:00,SHADOW,120,COMPLETED
TASK-01889,AST-120,,DEP-002,SEC-006,PREVENTIVE,2024-06-20T00:00:00,2024-06-20T02:00:00,2024-07-05T00:00:00,SHADOW,120,COMPLETED
TASK-01890,AST-120,,DEP-002,SEC-006,PREVENTIVE,2024-09-18T00:00:00,2024-09-18T02:00:00,2024-10-03T00:00:00,SHADOW,120,COMPLETED
TASK-01891,AST-120,,DEP-002,SEC-006,PREVENTIVE,2024-12-17T00:00:00,2024-12-17T02:00:00,2025-01-01T00:00:00,SHADOW,120,COMPLETED
TASK-01892,AST-120,,DEP-002,SEC-006,PREVENTIVE,2025-03-17T00:00:00,2025-03-17T02:00:00,2025-04-01T00:00:00,SHADOW,120,COMPLETED
TASK-01893,AST-120,,DEP-002,SEC-006,PREVENTIVE,2025-06-15T00:00:00,2025-06-15T02:00:00,2025-06-30T00:00:00,SHADOW,120,COMPLETED
TASK-01894,AST-120,,DEP-002,SEC-006,PREVENTIVE,2025-09-13T00:00:00,2025-09-13T02:00:00,2025-09-28T00:00:00,SHADOW,120,COMPLETED
TASK-01895,AST-120,,DEP-002,SEC-006,PREVENTIVE,2025-12-12T00:00:00,2025-12-12T02:00:00,2025-12-27T00:00:00,SHADOW,120,COMPLETED
TASK-01896,AST-120,,DEP-002,SEC-006,PREVENTIVE,2026-03-12T00:00:00,2026-03-12T02:00:00,2026-03-27T00:00:00,SHADOW,120,COMPLETED
TASK-01897,AST-120,,DEP-002,SEC-006,PREVENTIVE,2026-06-10T00:00:00,2026-06-10T02:00:00,2026-06-25T00:00:00,SHADOW,120,COMPLETED
TASK-01904,AST-122,,DEP-002,SEC-001,PREVENTIVE,2023-08-23T00:00:00,2023-08-23T02:00:00,2023-09-07T00:00:00,SHADOW,120,COMPLETED
TASK-01905,AST-122,,DEP-002,SEC-001,PREVENTIVE,2023-11-21T00:00:00,2023-11-21T02:00:00,2023-12-06T00:00:00,SHADOW,120,COMPLETED
TASK-01906,AST-122,,DEP-002,SEC-001,PREVENTIVE,2024-02-19T00:00:00,2024-02-19T02:00:00,2024-03-05T00:00:00,SHADOW,120,COMPLETED
TASK-01907,AST-122,,DEP-002,SEC-001,PREVENTIVE,2024-05-19T00:00:00,2024-05-19T02:00:00,2024-06-03T00:00:00,SHADOW,120,COMPLETED
TASK-01908,AST-122,,DEP-002,SEC-001,PREVENTIVE,2024-08-17T00:00:00,2024-08-17T02:00:00,2024-09-01T00:00:00,SHADOW,120,COMPLETED
TASK-01909,AST-122,,DEP-002,SEC-001,PREVENTIVE,2024-11-15T00:00:00,2024-11-15T02:00:00,2024-11-30T00:00:00,SHADOW,120,COMPLETED
TASK-01910,AST-122,,DEP-002,SEC-001,PREVENTIVE,2025-02-13T00:00:00,2025-02-13T02:00:00,2025-02-28T00:00:00,SHADOW,120,COMPLETED
TASK-01911,AST-122,,DEP-002,SEC-001,PREVENTIVE,2025-05-14T00:00:00,2025-05-14T02:00:00,2025-05-29T00:00:00,SHADOW,120,COMPLETED
TASK-01912,AST-122,,DEP-002,SEC-001,PREVENTIVE,2025-08-12T00:00:00,2025-08-12T02:00:00,2025-08-27T00:00:00,SHADOW,120,COMPLETED
TASK-01913,AST-122,,DEP-002,SEC-001,PREVENTIVE,2025-11-10T00:00:00,2025-11-10T02:00:00,2025-11-25T00:00:00,SHADOW,120,COMPLETED
TASK-01914,AST-122,,DEP-002,SEC-001,PREVENTIVE,2026-02-08T00:00:00,2026-02-08T02:00:00,2026-02-23T00:00:00,SHADOW,120,COMPLETED
TASK-01915,AST-122,,DEP-002,SEC-001,PREVENTIVE,2026-05-09T00:00:00,2026-05-09T02:00:00,2026-05-24T00:00:00,SHADOW,120,COMPLETED
TASK-01940,AST-129,,DEP-002,SEC-005,PREVENTIVE,2023-08-21T00:00:00,2023-08-21T02:00:00,2023-09-05T00:00:00,SHADOW,120,COMPLETED
TASK-01941,AST-129,,DEP-002,SEC-005,PREVENTIVE,2023-11-19T00:00:00,2023-11-19T02:00:00,2023-12-04T00:00:00,SHADOW,120,COMPLETED
TASK-01942,AST-129,,DEP-002,SEC-005,PREVENTIVE,2024-02-17T00:00:00,2024-02-17T02:00:00,2024-03-03T00:00:00,SHADOW,120,COMPLETED
TASK-01943,AST-129,,DEP-002,SEC-005,PREVENTIVE,2024-05-17T00:00:00,2024-05-17T02:00:00,2024-06-01T00:00:00,SHADOW,120,COMPLETED
TASK-01944,AST-129,,DEP-002,SEC-005,PREVENTIVE,2024-08-15T00:00:00,2024-08-15T02:00:00,2024-08-30T00:00:00,SHADOW,120,COMPLETED
TASK-01945,AST-129,,DEP-002,SEC-005,PREVENTIVE,2024-11-13T00:00:00,2024-11-13T02:00:00,2024-11-28T00:00:00,SHADOW,120,COMPLETED
TASK-01946,AST-129,,DEP-002,SEC-005,PREVENTIVE,2025-02-11T00:00:00,2025-02-11T02:00:00,2025-02-26T00:00:00,SHADOW,120,COMPLETED
TASK-01947,AST-129,,DEP-002,SEC-005,PREVENTIVE,2025-05-12T00:00:00,2025-05-12T02:00:00,2025-05-27T00:00:00,SHADOW,120,COMPLETED
TASK-01948,AST-129,,DEP-002,SEC-005,PREVENTIVE,2025-08-10T00:00:00,2025-08-10T02:00:00,2025-08-25T00:00:00,SHADOW,120,COMPLETED
TASK-01949,AST-129,,DEP-002,SEC-005,PREVENTIVE,2025-11-08T00:00:00,2025-11-08T02:00:00,2025-11-23T00:00:00,SHADOW,120,COMPLETED
TASK-01950,AST-129,,DEP-002,SEC-005,PREVENTIVE,2026-02-06T00:00:00,2026-02-06T02:00:00,2026-02-21T00:00:00,SHADOW,120,COMPLETED
TASK-01951,AST-129,,DEP-002,SEC-005,PREVENTIVE,2026-05-07T00:00:00,2026-05-07T02:00:00,2026-05-22T00:00:00,SHADOW,120,COMPLETED
TASK-01952,AST-130,,DEP-002,SEC-002,PREVENTIVE,2023-08-23T00:00:00,2023-08-23T02:00:00,2023-09-07T00:00:00,SHADOW,120,COMPLETED
TASK-01953,AST-130,,DEP-002,SEC-002,PREVENTIVE,2023-11-21T00:00:00,2023-11-21T02:00:00,2023-12-06T00:00:00,SHADOW,120,COMPLETED
TASK-01954,AST-130,,DEP-002,SEC-002,PREVENTIVE,2024-02-19T00:00:00,2024-02-19T02:00:00,2024-03-05T00:00:00,SHADOW,120,COMPLETED
TASK-01955,AST-130,,DEP-002,SEC-002,PREVENTIVE,2024-05-19T00:00:00,2024-05-19T02:00:00,2024-06-03T00:00:00,SHADOW,120,COMPLETED
TASK-01956,AST-130,,DEP-002,SEC-002,PREVENTIVE,2024-08-17T00:00:00,2024-08-17T02:00:00,2024-09-01T00:00:00,SHADOW,120,COMPLETED
TASK-01957,AST-130,,DEP-002,SEC-002,PREVENTIVE,2024-11-15T00:00:00,2024-11-15T02:00:00,2024-11-30T00:00:00,SHADOW,120,COMPLETED
TASK-01958,AST-130,,DEP-002,SEC-002,PREVENTIVE,2025-02-13T00:00:00,2025-02-13T02:00:00,2025-02-28T00:00:00,SHADOW,120,COMPLETED
TASK-01959,AST-130,,DEP-002,SEC-002,PREVENTIVE,2025-05-14T00:00:00,2025-05-14T02:00:00,2025-05-29T00:00:00,SHADOW,120,COMPLETED
TASK-01960,AST-130,,DEP-002,SEC-002,PREVENTIVE,2025-08-12T00:00:00,2025-08-12T02:00:00,2025-08-27T00:00:00,SHADOW,120,COMPLETED
TASK-01961,AST-130,,DEP-002,SEC-002,PREVENTIVE,2025-11-10T00:00:00,2025-11-10T02:00:00,2025-11-25T00:00:00,SHADOW,120,COMPLETED
TASK-01962,AST-130,,DEP-002,SEC-002,PREVENTIVE,2026-02-08T00:00:00,2026-02-08T02:00:00,2026-02-23T00:00:00,SHADOW,120,COMPLETED
TASK-01963,AST-130,,DEP-002,SEC-002,PREVENTIVE,2026-05-09T00:00:00,2026-05-09T02:00:00,2026-05-24T00:00:00,SHADOW,120,COMPLETED
TASK-01964,AST-131,,DEP-002,SEC-003,PREVENTIVE,2023-10-01T00:00:00,2023-10-01T02:00:00,2023-10-16T00:00:00,SHADOW,120,COMPLETED
TASK-01965,AST-131,,DEP-002,SEC-003,PREVENTIVE,2023-12-30T00:00:00,2023-12-30T02:00:00,2024-01-14T00:00:00,SHADOW,120,COMPLETED
TASK-01966,AST-131,,DEP-002,SEC-003,PREVENTIVE,2024-03-29T00:00:00,2024-03-29T02:00:00,2024-04-13T00:00:00,SHADOW,120,COMPLETED
TASK-01967,AST-131,,DEP-002,SEC-003,PREVENTIVE,2024-06-27T00:00:00,2024-06-27T02:00:00,2024-07-12T00:00:00,SHADOW,120,COMPLETED
TASK-01968,AST-131,,DEP-002,SEC-003,PREVENTIVE,2024-09-25T00:00:00,2024-09-25T02:00:00,2024-10-10T00:00:00,SHADOW,120,COMPLETED
TASK-01969,AST-131,,DEP-002,SEC-003,PREVENTIVE,2024-12-24T00:00:00,2024-12-24T02:00:00,2025-01-08T00:00:00,SHADOW,120,COMPLETED
TASK-01970,AST-131,,DEP-002,SEC-003,PREVENTIVE,2025-03-24T00:00:00,2025-03-24T02:00:00,2025-04-08T00:00:00,SHADOW,120,COMPLETED
TASK-01971,AST-131,,DEP-002,SEC-003,PREVENTIVE,2025-06-22T00:00:00,2025-06-22T02:00:00,2025-07-07T00:00:00,SHADOW,120,COMPLETED
TASK-01972,AST-131,,DEP-002,SEC-003,PREVENTIVE,2025-09-20T00:00:00,2025-09-20T02:00:00,2025-10-05T00:00:00,SHADOW,120,COMPLETED
TASK-01973,AST-131,,DEP-002,SEC-003,PREVENTIVE,2025-12-19T00:00:00,2025-12-19T02:00:00,2026-01-03T00:00:00,SHADOW,120,COMPLETED
TASK-01974,AST-131,,DEP-002,SEC-003,PREVENTIVE,2026-03-19T00:00:00,2026-03-19T02:00:00,2026-04-03T00:00:00,SHADOW,120,COMPLETED
TASK-01975,AST-131,,DEP-002,SEC-003,PREVENTIVE,2026-06-17T00:00:00,2026-06-17T02:00:00,2026-07-02T00:00:00,SHADOW,120,COMPLETED
TASK-01994,AST-136,,DEP-002,SEC-005,PREVENTIVE,2023-08-27T00:00:00,2023-08-27T02:00:00,2023-09-11T00:00:00,SHADOW,120,COMPLETED
TASK-01995,AST-136,,DEP-002,SEC-005,PREVENTIVE,2023-11-25T00:00:00,2023-11-25T02:00:00,2023-12-10T00:00:00,SHADOW,120,COMPLETED
TASK-01996,AST-136,,DEP-002,SEC-005,PREVENTIVE,2024-02-23T00:00:00,2024-02-23T02:00:00,2024-03-09T00:00:00,SHADOW,120,COMPLETED
TASK-01997,AST-136,,DEP-002,SEC-005,PREVENTIVE,2024-05-23T00:00:00,2024-05-23T02:00:00,2024-06-07T00:00:00,SHADOW,120,COMPLETED
TASK-01998,AST-136,,DEP-002,SEC-005,PREVENTIVE,2024-08-21T00:00:00,2024-08-21T02:00:00,2024-09-05T00:00:00,SHADOW,120,COMPLETED
TASK-01999,AST-136,,DEP-002,SEC-005,PREVENTIVE,2024-11-19T00:00:00,2024-11-19T02:00:00,2024-12-04T00:00:00,SHADOW,120,COMPLETED
TASK-02000,AST-136,,DEP-002,SEC-005,PREVENTIVE,2025-02-17T00:00:00,2025-02-17T02:00:00,2025-03-04T00:00:00,SHADOW,120,COMPLETED
TASK-02001,AST-136,,DEP-002,SEC-005,PREVENTIVE,2025-05-18T00:00:00,2025-05-18T02:00:00,2025-06-02T00:00:00,SHADOW,120,COMPLETED
TASK-02002,AST-136,,DEP-002,SEC-005,PREVENTIVE,2025-08-16T00:00:00,2025-08-16T02:00:00,2025-08-31T00:00:00,SHADOW,120,COMPLETED
TASK-02003,AST-136,,DEP-002,SEC-005,PREVENTIVE,2025-11-14T00:00:00,2025-11-14T02:00:00,2025-11-29T00:00:00,SHADOW,120,COMPLETED
TASK-02004,AST-136,,DEP-002,SEC-005,PREVENTIVE,2026-02-12T00:00:00,2026-02-12T02:00:00,2026-02-27T00:00:00,SHADOW,120,COMPLETED
TASK-02005,AST-136,,DEP-002,SEC-005,PREVENTIVE,2026-05-13T00:00:00,2026-05-13T02:00:00,2026-05-28T00:00:00,SHADOW,120,COMPLETED
TASK-02012,AST-138,,DEP-002,SEC-006,PREVENTIVE,2023-08-23T00:00:00,2023-08-23T02:00:00,2023-09-07T00:00:00,SHADOW,120,COMPLETED
TASK-02013,AST-138,,DEP-002,SEC-006,PREVENTIVE,2023-11-21T00:00:00,2023-11-21T02:00:00,2023-12-06T00:00:00,SHADOW,120,COMPLETED
TASK-02014,AST-138,,DEP-002,SEC-006,PREVENTIVE,2024-02-19T00:00:00,2024-02-19T02:00:00,2024-03-05T00:00:00,SHADOW,120,COMPLETED
TASK-02015,AST-138,,DEP-002,SEC-006,PREVENTIVE,2024-05-19T00:00:00,2024-05-19T02:00:00,2024-06-03T00:00:00,SHADOW,120,COMPLETED
TASK-02016,AST-138,,DEP-002,SEC-006,PREVENTIVE,2024-08-17T00:00:00,2024-08-17T02:00:00,2024-09-01T00:00:00,SHADOW,120,COMPLETED
TASK-02017,AST-138,,DEP-002,SEC-006,PREVENTIVE,2024-11-15T00:00:00,2024-11-15T02:00:00,2024-11-30T00:00:00,SHADOW,120,COMPLETED
TASK-02018,AST-138,,DEP-002,SEC-006,PREVENTIVE,2025-02-13T00:00:00,2025-02-13T02:00:00,2025-02-28T00:00:00,SHADOW,120,COMPLETED
TASK-02019,AST-138,,DEP-002,SEC-006,PREVENTIVE,2025-05-14T00:00:00,2025-05-14T02:00:00,2025-05-29T00:00:00,SHADOW,120,COMPLETED
TASK-02020,AST-138,,DEP-002,SEC-006,PREVENTIVE,2025-08-12T00:00:00,2025-08-12T02:00:00,2025-08-27T00:00:00,SHADOW,120,COMPLETED
TASK-02021,AST-138,,DEP-002,SEC-006,PREVENTIVE,2025-11-10T00:00:00,2025-11-10T02:00:00,2025-11-25T00:00:00,SHADOW,120,COMPLETED
TASK-02022,AST-138,,DEP-002,SEC-006,PREVENTIVE,2026-02-08T00:00:00,2026-02-08T02:00:00,2026-02-23T00:00:00,SHADOW,120,COMPLETED
TASK-02023,AST-138,,DEP-002,SEC-006,PREVENTIVE,2026-05-09T00:00:00,2026-05-09T02:00:00,2026-05-24T00:00:00,SHADOW,120,COMPLETED
TASK-02024,AST-139,,DEP-002,SEC-005,PREVENTIVE,2023-10-09T00:00:00,2023-10-09T02:00:00,2023-10-24T00:00:00,SHADOW,120,COMPLETED
TASK-02025,AST-139,,DEP-002,SEC-005,PREVENTIVE,2024-01-07T00:00:00,2024-01-07T02:00:00,2024-01-22T00:00:00,SHADOW,120,COMPLETED
TASK-02026,AST-139,,DEP-002,SEC-005,PREVENTIVE,2024-04-06T00:00:00,2024-04-06T02:00:00,2024-04-21T00:00:00,SHADOW,120,COMPLETED
TASK-02027,AST-139,,DEP-002,SEC-005,PREVENTIVE,2024-07-05T00:00:00,2024-07-05T02:00:00,2024-07-20T00:00:00,SHADOW,120,COMPLETED
TASK-02028,AST-139,,DEP-002,SEC-005,PREVENTIVE,2024-10-03T00:00:00,2024-10-03T02:00:00,2024-10-18T00:00:00,SHADOW,120,COMPLETED
TASK-02029,AST-139,,DEP-002,SEC-005,PREVENTIVE,2025-01-01T00:00:00,2025-01-01T02:00:00,2025-01-16T00:00:00,SHADOW,120,COMPLETED
TASK-02030,AST-139,,DEP-002,SEC-005,PREVENTIVE,2025-04-01T00:00:00,2025-04-01T02:00:00,2025-04-16T00:00:00,SHADOW,120,COMPLETED
TASK-02031,AST-139,,DEP-002,SEC-005,PREVENTIVE,2025-06-30T00:00:00,2025-06-30T02:00:00,2025-07-15T00:00:00,SHADOW,120,COMPLETED
TASK-02032,AST-139,,DEP-002,SEC-005,PREVENTIVE,2025-09-28T00:00:00,2025-09-28T02:00:00,2025-10-13T00:00:00,SHADOW,120,COMPLETED
TASK-02033,AST-139,,DEP-002,SEC-005,PREVENTIVE,2025-12-27T00:00:00,2025-12-27T02:00:00,2026-01-11T00:00:00,SHADOW,120,COMPLETED
TASK-02034,AST-139,,DEP-002,SEC-005,PREVENTIVE,2026-03-27T00:00:00,2026-03-27T02:00:00,2026-04-11T00:00:00,SHADOW,120,COMPLETED
TASK-02035,AST-139,,DEP-002,SEC-005,PREVENTIVE,2026-06-25T00:00:00,2026-06-25T02:00:00,2026-07-10T00:00:00,SHADOW,120,COMPLETED
TASK-02054,AST-145,,DEP-002,SEC-005,PREVENTIVE,2023-10-25T00:00:00,2023-10-25T02:00:00,2023-11-09T00:00:00,SHADOW,120,COMPLETED
TASK-02055,AST-145,,DEP-002,SEC-005,PREVENTIVE,2024-01-23T00:00:00,2024-01-23T02:00:00,2024-02-07T00:00:00,SHADOW,120,COMPLETED
TASK-02056,AST-145,,DEP-002,SEC-005,PREVENTIVE,2024-04-22T00:00:00,2024-04-22T02:00:00,2024-05-07T00:00:00,SHADOW,120,COMPLETED
TASK-02057,AST-145,,DEP-002,SEC-005,PREVENTIVE,2024-07-21T00:00:00,2024-07-21T02:00:00,2024-08-05T00:00:00,SHADOW,120,COMPLETED
TASK-02058,AST-145,,DEP-002,SEC-005,PREVENTIVE,2024-10-19T00:00:00,2024-10-19T02:00:00,2024-11-03T00:00:00,SHADOW,120,COMPLETED
TASK-02059,AST-145,,DEP-002,SEC-005,PREVENTIVE,2025-01-17T00:00:00,2025-01-17T02:00:00,2025-02-01T00:00:00,SHADOW,120,COMPLETED
TASK-02060,AST-145,,DEP-002,SEC-005,PREVENTIVE,2025-04-17T00:00:00,2025-04-17T02:00:00,2025-05-02T00:00:00,SHADOW,120,COMPLETED
TASK-02061,AST-145,,DEP-002,SEC-005,PREVENTIVE,2025-07-16T00:00:00,2025-07-16T02:00:00,2025-07-31T00:00:00,SHADOW,120,COMPLETED
TASK-02062,AST-145,,DEP-002,SEC-005,PREVENTIVE,2025-10-14T00:00:00,2025-10-14T02:00:00,2025-10-29T00:00:00,SHADOW,120,COMPLETED
TASK-02063,AST-145,,DEP-002,SEC-005,PREVENTIVE,2026-01-12T00:00:00,2026-01-12T02:00:00,2026-01-27T00:00:00,SHADOW,120,COMPLETED
TASK-02064,AST-145,,DEP-002,SEC-005,PREVENTIVE,2026-04-12T00:00:00,2026-04-12T02:00:00,2026-04-27T00:00:00,SHADOW,120,COMPLETED
TASK-02065,AST-145,,DEP-002,SEC-005,PREVENTIVE,2026-07-11T00:00:00,2026-07-11T02:00:00,2026-07-26T00:00:00,SHADOW,120,COMPLETED
TASK-02069,AST-147,,DEP-002,SEC-004,PREVENTIVE,2023-10-01T00:00:00,2023-10-01T02:00:00,2023-10-16T00:00:00,SHADOW,120,COMPLETED
TASK-02070,AST-147,,DEP-002,SEC-004,PREVENTIVE,2023-12-30T00:00:00,2023-12-30T02:00:00,2024-01-14T00:00:00,SHADOW,120,COMPLETED
TASK-02071,AST-147,,DEP-002,SEC-004,PREVENTIVE,2024-03-29T00:00:00,2024-03-29T02:00:00,2024-04-13T00:00:00,SHADOW,120,COMPLETED
TASK-02072,AST-147,,DEP-002,SEC-004,PREVENTIVE,2024-06-27T00:00:00,2024-06-27T02:00:00,2024-07-12T00:00:00,SHADOW,120,COMPLETED
TASK-02073,AST-147,,DEP-002,SEC-004,PREVENTIVE,2024-09-25T00:00:00,2024-09-25T02:00:00,2024-10-10T00:00:00,SHADOW,120,COMPLETED
TASK-02074,AST-147,,DEP-002,SEC-004,PREVENTIVE,2024-12-24T00:00:00,2024-12-24T02:00:00,2025-01-08T00:00:00,SHADOW,120,COMPLETED
TASK-02075,AST-147,,DEP-002,SEC-004,PREVENTIVE,2025-03-24T00:00:00,2025-03-24T02:00:00,2025-04-08T00:00:00,SHADOW,120,COMPLETED
TASK-02076,AST-147,,DEP-002,SEC-004,PREVENTIVE,2025-06-22T00:00:00,2025-06-22T02:00:00,2025-07-07T00:00:00,SHADOW,120,COMPLETED
TASK-02077,AST-147,,DEP-002,SEC-004,PREVENTIVE,2025-09-20T00:00:00,2025-09-20T02:00:00,2025-10-05T00:00:00,SHADOW,120,COMPLETED
TASK-02078,AST-147,,DEP-002,SEC-004,PREVENTIVE,2025-12-19T00:00:00,2025-12-19T02:00:00,2026-01-03T00:00:00,SHADOW,120,COMPLETED
TASK-02079,AST-147,,DEP-002,SEC-004,PREVENTIVE,2026-03-19T00:00:00,2026-03-19T02:00:00,2026-04-03T00:00:00,SHADOW,120,COMPLETED
TASK-02080,AST-147,,DEP-002,SEC-004,PREVENTIVE,2026-06-17T00:00:00,2026-06-17T02:00:00,2026-07-02T00:00:00,SHADOW,120,COMPLETED
TASK-02084,AST-149,,DEP-002,SEC-005,PREVENTIVE,2023-10-22T00:00:00,2023-10-22T02:00:00,2023-11-06T00:00:00,SHADOW,120,COMPLETED
TASK-02085,AST-149,,DEP-002,SEC-005,PREVENTIVE,2024-01-20T00:00:00,2024-01-20T02:00:00,2024-02-04T00:00:00,SHADOW,120,COMPLETED
TASK-02086,AST-149,,DEP-002,SEC-005,PREVENTIVE,2024-04-19T00:00:00,2024-04-19T02:00:00,2024-05-04T00:00:00,SHADOW,120,COMPLETED
TASK-02087,AST-149,,DEP-002,SEC-005,PREVENTIVE,2024-07-18T00:00:00,2024-07-18T02:00:00,2024-08-02T00:00:00,SHADOW,120,COMPLETED
TASK-02088,AST-149,,DEP-002,SEC-005,PREVENTIVE,2024-10-16T00:00:00,2024-10-16T02:00:00,2024-10-31T00:00:00,SHADOW,120,COMPLETED
TASK-02089,AST-149,,DEP-002,SEC-005,PREVENTIVE,2025-01-14T00:00:00,2025-01-14T02:00:00,2025-01-29T00:00:00,SHADOW,120,COMPLETED
TASK-02090,AST-149,,DEP-002,SEC-005,PREVENTIVE,2025-04-14T00:00:00,2025-04-14T02:00:00,2025-04-29T00:00:00,SHADOW,120,COMPLETED
TASK-02091,AST-149,,DEP-002,SEC-005,PREVENTIVE,2025-07-13T00:00:00,2025-07-13T02:00:00,2025-07-28T00:00:00,SHADOW,120,COMPLETED
TASK-02092,AST-149,,DEP-002,SEC-005,PREVENTIVE,2025-10-11T00:00:00,2025-10-11T02:00:00,2025-10-26T00:00:00,SHADOW,120,COMPLETED
TASK-02093,AST-149,,DEP-002,SEC-005,PREVENTIVE,2026-01-09T00:00:00,2026-01-09T02:00:00,2026-01-24T00:00:00,SHADOW,120,COMPLETED
TASK-02094,AST-149,,DEP-002,SEC-005,PREVENTIVE,2026-04-09T00:00:00,2026-04-09T02:00:00,2026-04-24T00:00:00,SHADOW,120,COMPLETED
TASK-02095,AST-149,,DEP-002,SEC-005,PREVENTIVE,2026-07-08T00:00:00,2026-07-08T02:00:00,2026-07-23T00:00:00,SHADOW,120,COMPLETED
TASK-02123,AST-157,,DEP-002,SEC-004,PREVENTIVE,2023-09-05T00:00:00,2023-09-05T02:00:00,2023-09-20T00:00:00,SHADOW,120,COMPLETED
TASK-02124,AST-157,,DEP-002,SEC-004,PREVENTIVE,2023-12-04T00:00:00,2023-12-04T02:00:00,2023-12-19T00:00:00,SHADOW,120,COMPLETED
TASK-02125,AST-157,,DEP-002,SEC-004,PREVENTIVE,2024-03-03T00:00:00,2024-03-03T02:00:00,2024-03-18T00:00:00,SHADOW,120,COMPLETED
TASK-02126,AST-157,,DEP-002,SEC-004,PREVENTIVE,2024-06-01T00:00:00,2024-06-01T02:00:00,2024-06-16T00:00:00,SHADOW,120,COMPLETED
TASK-02127,AST-157,,DEP-002,SEC-004,PREVENTIVE,2024-08-30T00:00:00,2024-08-30T02:00:00,2024-09-14T00:00:00,SHADOW,120,COMPLETED
TASK-02128,AST-157,,DEP-002,SEC-004,PREVENTIVE,2024-11-28T00:00:00,2024-11-28T02:00:00,2024-12-13T00:00:00,SHADOW,120,COMPLETED
TASK-02129,AST-157,,DEP-002,SEC-004,PREVENTIVE,2025-02-26T00:00:00,2025-02-26T02:00:00,2025-03-13T00:00:00,SHADOW,120,COMPLETED
TASK-02130,AST-157,,DEP-002,SEC-004,PREVENTIVE,2025-05-27T00:00:00,2025-05-27T02:00:00,2025-06-11T00:00:00,SHADOW,120,COMPLETED
TASK-02131,AST-157,,DEP-002,SEC-004,PREVENTIVE,2025-08-25T00:00:00,2025-08-25T02:00:00,2025-09-09T00:00:00,SHADOW,120,COMPLETED
TASK-02132,AST-157,,DEP-002,SEC-004,PREVENTIVE,2025-11-23T00:00:00,2025-11-23T02:00:00,2025-12-08T00:00:00,SHADOW,120,COMPLETED
TASK-02133,AST-157,,DEP-002,SEC-004,PREVENTIVE,2026-02-21T00:00:00,2026-02-21T02:00:00,2026-03-08T00:00:00,SHADOW,120,COMPLETED
TASK-02134,AST-157,,DEP-002,SEC-004,PREVENTIVE,2026-05-22T00:00:00,2026-05-22T02:00:00,2026-06-06T00:00:00,SHADOW,120,COMPLETED
TASK-02141,AST-159,,DEP-002,SEC-005,PREVENTIVE,2023-09-27T00:00:00,2023-09-27T02:00:00,2023-10-12T00:00:00,SHADOW,120,COMPLETED
TASK-02142,AST-159,,DEP-002,SEC-005,PREVENTIVE,2023-12-26T00:00:00,2023-12-26T02:00:00,2024-01-10T00:00:00,SHADOW,120,COMPLETED
TASK-02143,AST-159,,DEP-002,SEC-005,PREVENTIVE,2024-03-25T00:00:00,2024-03-25T02:00:00,2024-04-09T00:00:00,SHADOW,120,COMPLETED
TASK-02144,AST-159,,DEP-002,SEC-005,PREVENTIVE,2024-06-23T00:00:00,2024-06-23T02:00:00,2024-07-08T00:00:00,SHADOW,120,COMPLETED
TASK-02145,AST-159,,DEP-002,SEC-005,PREVENTIVE,2024-09-21T00:00:00,2024-09-21T02:00:00,2024-10-06T00:00:00,SHADOW,120,COMPLETED
TASK-02146,AST-159,,DEP-002,SEC-005,PREVENTIVE,2024-12-20T00:00:00,2024-12-20T02:00:00,2025-01-04T00:00:00,SHADOW,120,COMPLETED
TASK-02147,AST-159,,DEP-002,SEC-005,PREVENTIVE,2025-03-20T00:00:00,2025-03-20T02:00:00,2025-04-04T00:00:00,SHADOW,120,COMPLETED
TASK-02148,AST-159,,DEP-002,SEC-005,PREVENTIVE,2025-06-18T00:00:00,2025-06-18T02:00:00,2025-07-03T00:00:00,SHADOW,120,COMPLETED
TASK-02149,AST-159,,DEP-002,SEC-005,PREVENTIVE,2025-09-16T00:00:00,2025-09-16T02:00:00,2025-10-01T00:00:00,SHADOW,120,COMPLETED
TASK-02150,AST-159,,DEP-002,SEC-005,PREVENTIVE,2025-12-15T00:00:00,2025-12-15T02:00:00,2025-12-30T00:00:00,SHADOW,120,COMPLETED
TASK-02151,AST-159,,DEP-002,SEC-005,PREVENTIVE,2026-03-15T00:00:00,2026-03-15T02:00:00,2026-03-30T00:00:00,SHADOW,120,COMPLETED
TASK-02152,AST-159,,DEP-002,SEC-005,PREVENTIVE,2026-06-13T00:00:00,2026-06-13T02:00:00,2026-06-28T00:00:00,SHADOW,120,COMPLETED
TASK-02156,AST-161,,DEP-002,SEC-005,PREVENTIVE,2023-09-07T00:00:00,2023-09-07T02:00:00,2023-09-22T00:00:00,SHADOW,120,COMPLETED
TASK-02157,AST-161,,DEP-002,SEC-005,PREVENTIVE,2023-12-06T00:00:00,2023-12-06T02:00:00,2023-12-21T00:00:00,SHADOW,120,COMPLETED
TASK-02158,AST-161,,DEP-002,SEC-005,PREVENTIVE,2024-03-05T00:00:00,2024-03-05T02:00:00,2024-03-20T00:00:00,SHADOW,120,COMPLETED
TASK-02159,AST-161,,DEP-002,SEC-005,PREVENTIVE,2024-06-03T00:00:00,2024-06-03T02:00:00,2024-06-18T00:00:00,SHADOW,120,COMPLETED
TASK-02160,AST-161,,DEP-002,SEC-005,PREVENTIVE,2024-09-01T00:00:00,2024-09-01T02:00:00,2024-09-16T00:00:00,SHADOW,120,COMPLETED
TASK-02161,AST-161,,DEP-002,SEC-005,PREVENTIVE,2024-11-30T00:00:00,2024-11-30T02:00:00,2024-12-15T00:00:00,SHADOW,120,COMPLETED
TASK-02162,AST-161,,DEP-002,SEC-005,PREVENTIVE,2025-02-28T00:00:00,2025-02-28T02:00:00,2025-03-15T00:00:00,SHADOW,120,COMPLETED
TASK-02163,AST-161,,DEP-002,SEC-005,PREVENTIVE,2025-05-29T00:00:00,2025-05-29T02:00:00,2025-06-13T00:00:00,SHADOW,120,COMPLETED
TASK-02164,AST-161,,DEP-002,SEC-005,PREVENTIVE,2025-08-27T00:00:00,2025-08-27T02:00:00,2025-09-11T00:00:00,SHADOW,120,COMPLETED
TASK-02165,AST-161,,DEP-002,SEC-005,PREVENTIVE,2025-11-25T00:00:00,2025-11-25T02:00:00,2025-12-10T00:00:00,SHADOW,120,COMPLETED
TASK-02166,AST-161,,DEP-002,SEC-005,PREVENTIVE,2026-02-23T00:00:00,2026-02-23T02:00:00,2026-03-10T00:00:00,SHADOW,120,COMPLETED
TASK-02167,AST-161,,DEP-002,SEC-005,PREVENTIVE,2026-05-24T00:00:00,2026-05-24T02:00:00,2026-06-08T00:00:00,SHADOW,120,COMPLETED
TASK-02177,AST-164,,DEP-002,SEC-002,PREVENTIVE,2023-10-20T00:00:00,2023-10-20T02:00:00,2023-11-04T00:00:00,SHADOW,120,COMPLETED
TASK-02178,AST-164,,DEP-002,SEC-002,PREVENTIVE,2024-01-18T00:00:00,2024-01-18T02:00:00,2024-02-02T00:00:00,SHADOW,120,COMPLETED
TASK-02179,AST-164,,DEP-002,SEC-002,PREVENTIVE,2024-04-17T00:00:00,2024-04-17T02:00:00,2024-05-02T00:00:00,SHADOW,120,COMPLETED
TASK-02180,AST-164,,DEP-002,SEC-002,PREVENTIVE,2024-07-16T00:00:00,2024-07-16T02:00:00,2024-07-31T00:00:00,SHADOW,120,COMPLETED
TASK-02181,AST-164,,DEP-002,SEC-002,PREVENTIVE,2024-10-14T00:00:00,2024-10-14T02:00:00,2024-10-29T00:00:00,SHADOW,120,COMPLETED
TASK-02182,AST-164,,DEP-002,SEC-002,PREVENTIVE,2025-01-12T00:00:00,2025-01-12T02:00:00,2025-01-27T00:00:00,SHADOW,120,COMPLETED
TASK-02183,AST-164,,DEP-002,SEC-002,PREVENTIVE,2025-04-12T00:00:00,2025-04-12T02:00:00,2025-04-27T00:00:00,SHADOW,120,COMPLETED
TASK-02184,AST-164,,DEP-002,SEC-002,PREVENTIVE,2025-07-11T00:00:00,2025-07-11T02:00:00,2025-07-26T00:00:00,SHADOW,120,COMPLETED
TASK-02185,AST-164,,DEP-002,SEC-002,PREVENTIVE,2025-10-09T00:00:00,2025-10-09T02:00:00,2025-10-24T00:00:00,SHADOW,120,COMPLETED
TASK-02186,AST-164,,DEP-002,SEC-002,PREVENTIVE,2026-01-07T00:00:00,2026-01-07T02:00:00,2026-01-22T00:00:00,SHADOW,120,COMPLETED
TASK-02187,AST-164,,DEP-002,SEC-002,PREVENTIVE,2026-04-07T00:00:00,2026-04-07T02:00:00,2026-04-22T00:00:00,SHADOW,120,COMPLETED
TASK-02188,AST-164,,DEP-002,SEC-002,PREVENTIVE,2026-07-06T00:00:00,2026-07-06T02:00:00,2026-07-21T00:00:00,SHADOW,120,COMPLETED
TASK-02189,AST-165,,DEP-002,SEC-002,PREVENTIVE,2023-08-24T00:00:00,2023-08-24T02:00:00,2023-09-08T00:00:00,SHADOW,120,COMPLETED
TASK-02190,AST-165,,DEP-002,SEC-002,PREVENTIVE,2023-11-22T00:00:00,2023-11-22T02:00:00,2023-12-07T00:00:00,SHADOW,120,COMPLETED
TASK-02191,AST-165,,DEP-002,SEC-002,PREVENTIVE,2024-02-20T00:00:00,2024-02-20T02:00:00,2024-03-06T00:00:00,SHADOW,120,COMPLETED
TASK-02192,AST-165,,DEP-002,SEC-002,PREVENTIVE,2024-05-20T00:00:00,2024-05-20T02:00:00,2024-06-04T00:00:00,SHADOW,120,COMPLETED
TASK-02193,AST-165,,DEP-002,SEC-002,PREVENTIVE,2024-08-18T00:00:00,2024-08-18T02:00:00,2024-09-02T00:00:00,SHADOW,120,COMPLETED
TASK-02194,AST-165,,DEP-002,SEC-002,PREVENTIVE,2024-11-16T00:00:00,2024-11-16T02:00:00,2024-12-01T00:00:00,SHADOW,120,COMPLETED
TASK-02195,AST-165,,DEP-002,SEC-002,PREVENTIVE,2025-02-14T00:00:00,2025-02-14T02:00:00,2025-03-01T00:00:00,SHADOW,120,COMPLETED
TASK-02196,AST-165,,DEP-002,SEC-002,PREVENTIVE,2025-05-15T00:00:00,2025-05-15T02:00:00,2025-05-30T00:00:00,SHADOW,120,COMPLETED
TASK-02197,AST-165,,DEP-002,SEC-002,PREVENTIVE,2025-08-13T00:00:00,2025-08-13T02:00:00,2025-08-28T00:00:00,SHADOW,120,COMPLETED
TASK-02198,AST-165,,DEP-002,SEC-002,PREVENTIVE,2025-11-11T00:00:00,2025-11-11T02:00:00,2025-11-26T00:00:00,SHADOW,120,COMPLETED
TASK-02199,AST-165,,DEP-002,SEC-002,PREVENTIVE,2026-02-09T00:00:00,2026-02-09T02:00:00,2026-02-24T00:00:00,SHADOW,120,COMPLETED
TASK-02200,AST-165,,DEP-002,SEC-002,PREVENTIVE,2026-05-10T00:00:00,2026-05-10T02:00:00,2026-05-25T00:00:00,SHADOW,120,COMPLETED
TASK-02219,AST-170,,DEP-002,SEC-002,PREVENTIVE,2023-08-24T00:00:00,2023-08-24T02:00:00,2023-09-08T00:00:00,SHADOW,120,COMPLETED
TASK-02220,AST-170,,DEP-002,SEC-002,PREVENTIVE,2023-11-22T00:00:00,2023-11-22T02:00:00,2023-12-07T00:00:00,SHADOW,120,COMPLETED
TASK-02221,AST-170,,DEP-002,SEC-002,PREVENTIVE,2024-02-20T00:00:00,2024-02-20T02:00:00,2024-03-06T00:00:00,SHADOW,120,COMPLETED
TASK-02222,AST-170,,DEP-002,SEC-002,PREVENTIVE,2024-05-20T00:00:00,2024-05-20T02:00:00,2024-06-04T00:00:00,SHADOW,120,COMPLETED
TASK-02223,AST-170,,DEP-002,SEC-002,PREVENTIVE,2024-08-18T00:00:00,2024-08-18T02:00:00,2024-09-02T00:00:00,SHADOW,120,COMPLETED
TASK-02224,AST-170,,DEP-002,SEC-002,PREVENTIVE,2024-11-16T00:00:00,2024-11-16T02:00:00,2024-12-01T00:00:00,SHADOW,120,COMPLETED
TASK-02225,AST-170,,DEP-002,SEC-002,PREVENTIVE,2025-02-14T00:00:00,2025-02-14T02:00:00,2025-03-01T00:00:00,SHADOW,120,COMPLETED
TASK-02226,AST-170,,DEP-002,SEC-002,PREVENTIVE,2025-05-15T00:00:00,2025-05-15T02:00:00,2025-05-30T00:00:00,SHADOW,120,COMPLETED
TASK-02227,AST-170,,DEP-002,SEC-002,PREVENTIVE,2025-08-13T00:00:00,2025-08-13T02:00:00,2025-08-28T00:00:00,SHADOW,120,COMPLETED
TASK-02228,AST-170,,DEP-002,SEC-002,PREVENTIVE,2025-11-11T00:00:00,2025-11-11T02:00:00,2025-11-26T00:00:00,SHADOW,120,COMPLETED
TASK-02229,AST-170,,DEP-002,SEC-002,PREVENTIVE,2026-02-09T00:00:00,2026-02-09T02:00:00,2026-02-24T00:00:00,SHADOW,120,COMPLETED
TASK-02230,AST-170,,DEP-002,SEC-002,PREVENTIVE,2026-05-10T00:00:00,2026-05-10T02:00:00,2026-05-25T00:00:00,SHADOW,120,COMPLETED
TASK-02237,AST-172,,DEP-002,SEC-003,PREVENTIVE,2023-09-14T00:00:00,2023-09-14T02:00:00,2023-09-29T00:00:00,SHADOW,120,COMPLETED
TASK-02238,AST-172,,DEP-002,SEC-003,PREVENTIVE,2023-12-13T00:00:00,2023-12-13T02:00:00,2023-12-28T00:00:00,SHADOW,120,COMPLETED
TASK-02239,AST-172,,DEP-002,SEC-003,PREVENTIVE,2024-03-12T00:00:00,2024-03-12T02:00:00,2024-03-27T00:00:00,SHADOW,120,COMPLETED
TASK-02240,AST-172,,DEP-002,SEC-003,PREVENTIVE,2024-06-10T00:00:00,2024-06-10T02:00:00,2024-06-25T00:00:00,SHADOW,120,COMPLETED
TASK-02241,AST-172,,DEP-002,SEC-003,PREVENTIVE,2024-09-08T00:00:00,2024-09-08T02:00:00,2024-09-23T00:00:00,SHADOW,120,COMPLETED
TASK-02242,AST-172,,DEP-002,SEC-003,PREVENTIVE,2024-12-07T00:00:00,2024-12-07T02:00:00,2024-12-22T00:00:00,SHADOW,120,COMPLETED
TASK-02243,AST-172,,DEP-002,SEC-003,PREVENTIVE,2025-03-07T00:00:00,2025-03-07T02:00:00,2025-03-22T00:00:00,SHADOW,120,COMPLETED
TASK-02244,AST-172,,DEP-002,SEC-003,PREVENTIVE,2025-06-05T00:00:00,2025-06-05T02:00:00,2025-06-20T00:00:00,SHADOW,120,COMPLETED
TASK-02245,AST-172,,DEP-002,SEC-003,PREVENTIVE,2025-09-03T00:00:00,2025-09-03T02:00:00,2025-09-18T00:00:00,SHADOW,120,COMPLETED
TASK-02246,AST-172,,DEP-002,SEC-003,PREVENTIVE,2025-12-02T00:00:00,2025-12-02T02:00:00,2025-12-17T00:00:00,SHADOW,120,COMPLETED
TASK-02247,AST-172,,DEP-002,SEC-003,PREVENTIVE,2026-03-02T00:00:00,2026-03-02T02:00:00,2026-03-17T00:00:00,SHADOW,120,COMPLETED
TASK-02248,AST-172,,DEP-002,SEC-003,PREVENTIVE,2026-05-31T00:00:00,2026-05-31T02:00:00,2026-06-15T00:00:00,SHADOW,120,COMPLETED
TASK-02249,AST-173,,DEP-002,SEC-003,PREVENTIVE,2023-08-23T00:00:00,2023-08-23T02:00:00,2023-09-07T00:00:00,SHADOW,120,COMPLETED
TASK-02250,AST-173,,DEP-002,SEC-003,PREVENTIVE,2023-11-21T00:00:00,2023-11-21T02:00:00,2023-12-06T00:00:00,SHADOW,120,COMPLETED
TASK-02251,AST-173,,DEP-002,SEC-003,PREVENTIVE,2024-02-19T00:00:00,2024-02-19T02:00:00,2024-03-05T00:00:00,SHADOW,120,COMPLETED
TASK-02252,AST-173,,DEP-002,SEC-003,PREVENTIVE,2024-05-19T00:00:00,2024-05-19T02:00:00,2024-06-03T00:00:00,SHADOW,120,COMPLETED
TASK-02253,AST-173,,DEP-002,SEC-003,PREVENTIVE,2024-08-17T00:00:00,2024-08-17T02:00:00,2024-09-01T00:00:00,SHADOW,120,COMPLETED
TASK-02254,AST-173,,DEP-002,SEC-003,PREVENTIVE,2024-11-15T00:00:00,2024-11-15T02:00:00,2024-11-30T00:00:00,SHADOW,120,COMPLETED
TASK-02255,AST-173,,DEP-002,SEC-003,PREVENTIVE,2025-02-13T00:00:00,2025-02-13T02:00:00,2025-02-28T00:00:00,SHADOW,120,COMPLETED
TASK-02256,AST-173,,DEP-002,SEC-003,PREVENTIVE,2025-05-14T00:00:00,2025-05-14T02:00:00,2025-05-29T00:00:00,SHADOW,120,COMPLETED
TASK-02257,AST-173,,DEP-002,SEC-003,PREVENTIVE,2025-08-12T00:00:00,2025-08-12T02:00:00,2025-08-27T00:00:00,SHADOW,120,COMPLETED
TASK-02258,AST-173,,DEP-002,SEC-003,PREVENTIVE,2025-11-10T00:00:00,2025-11-10T02:00:00,2025-11-25T00:00:00,SHADOW,120,COMPLETED
TASK-02259,AST-173,,DEP-002,SEC-003,PREVENTIVE,2026-02-08T00:00:00,2026-02-08T02:00:00,2026-02-23T00:00:00,SHADOW,120,COMPLETED
TASK-02260,AST-173,,DEP-002,SEC-003,PREVENTIVE,2026-05-09T00:00:00,2026-05-09T02:00:00,2026-05-24T00:00:00,SHADOW,120,COMPLETED
TASK-02261,AST-174,,DEP-002,SEC-001,PREVENTIVE,2023-10-13T00:00:00,2023-10-13T02:00:00,2023-10-28T00:00:00,SHADOW,120,COMPLETED
TASK-02262,AST-174,,DEP-002,SEC-001,PREVENTIVE,2024-01-11T00:00:00,2024-01-11T02:00:00,2024-01-26T00:00:00,SHADOW,120,COMPLETED
TASK-02263,AST-174,,DEP-002,SEC-001,PREVENTIVE,2024-04-10T00:00:00,2024-04-10T02:00:00,2024-04-25T00:00:00,SHADOW,120,COMPLETED
TASK-02264,AST-174,,DEP-002,SEC-001,PREVENTIVE,2024-07-09T00:00:00,2024-07-09T02:00:00,2024-07-24T00:00:00,SHADOW,120,COMPLETED
TASK-02265,AST-174,,DEP-002,SEC-001,PREVENTIVE,2024-10-07T00:00:00,2024-10-07T02:00:00,2024-10-22T00:00:00,SHADOW,120,COMPLETED
TASK-02266,AST-174,,DEP-002,SEC-001,PREVENTIVE,2025-01-05T00:00:00,2025-01-05T02:00:00,2025-01-20T00:00:00,SHADOW,120,COMPLETED
TASK-02267,AST-174,,DEP-002,SEC-001,PREVENTIVE,2025-04-05T00:00:00,2025-04-05T02:00:00,2025-04-20T00:00:00,SHADOW,120,COMPLETED
TASK-02268,AST-174,,DEP-002,SEC-001,PREVENTIVE,2025-07-04T00:00:00,2025-07-04T02:00:00,2025-07-19T00:00:00,SHADOW,120,COMPLETED
TASK-02269,AST-174,,DEP-002,SEC-001,PREVENTIVE,2025-10-02T00:00:00,2025-10-02T02:00:00,2025-10-17T00:00:00,SHADOW,120,COMPLETED
TASK-02270,AST-174,,DEP-002,SEC-001,PREVENTIVE,2025-12-31T00:00:00,2025-12-31T02:00:00,2026-01-15T00:00:00,SHADOW,120,COMPLETED
TASK-02271,AST-174,,DEP-002,SEC-001,PREVENTIVE,2026-03-31T00:00:00,2026-03-31T02:00:00,2026-04-15T00:00:00,SHADOW,120,COMPLETED
TASK-02272,AST-174,,DEP-002,SEC-001,PREVENTIVE,2026-06-29T00:00:00,2026-06-29T02:00:00,2026-07-14T00:00:00,SHADOW,120,COMPLETED
TASK-02282,AST-177,,DEP-002,SEC-005,PREVENTIVE,2023-08-25T00:00:00,2023-08-25T02:00:00,2023-09-09T00:00:00,SHADOW,120,COMPLETED
TASK-02283,AST-177,,DEP-002,SEC-005,PREVENTIVE,2023-11-23T00:00:00,2023-11-23T02:00:00,2023-12-08T00:00:00,SHADOW,120,COMPLETED
TASK-02284,AST-177,,DEP-002,SEC-005,PREVENTIVE,2024-02-21T00:00:00,2024-02-21T02:00:00,2024-03-07T00:00:00,SHADOW,120,COMPLETED
TASK-02285,AST-177,,DEP-002,SEC-005,PREVENTIVE,2024-05-21T00:00:00,2024-05-21T02:00:00,2024-06-05T00:00:00,SHADOW,120,COMPLETED
TASK-02286,AST-177,,DEP-002,SEC-005,PREVENTIVE,2024-08-19T00:00:00,2024-08-19T02:00:00,2024-09-03T00:00:00,SHADOW,120,COMPLETED
TASK-02287,AST-177,,DEP-002,SEC-005,PREVENTIVE,2024-11-17T00:00:00,2024-11-17T02:00:00,2024-12-02T00:00:00,SHADOW,120,COMPLETED
TASK-02288,AST-177,,DEP-002,SEC-005,PREVENTIVE,2025-02-15T00:00:00,2025-02-15T02:00:00,2025-03-02T00:00:00,SHADOW,120,COMPLETED
TASK-02289,AST-177,,DEP-002,SEC-005,PREVENTIVE,2025-05-16T00:00:00,2025-05-16T02:00:00,2025-05-31T00:00:00,SHADOW,120,COMPLETED
TASK-02290,AST-177,,DEP-002,SEC-005,PREVENTIVE,2025-08-14T00:00:00,2025-08-14T02:00:00,2025-08-29T00:00:00,SHADOW,120,COMPLETED
TASK-02291,AST-177,,DEP-002,SEC-005,PREVENTIVE,2025-11-12T00:00:00,2025-11-12T02:00:00,2025-11-27T00:00:00,SHADOW,120,COMPLETED
TASK-02292,AST-177,,DEP-002,SEC-005,PREVENTIVE,2026-02-10T00:00:00,2026-02-10T02:00:00,2026-02-25T00:00:00,SHADOW,120,COMPLETED
TASK-02293,AST-177,,DEP-002,SEC-005,PREVENTIVE,2026-05-11T00:00:00,2026-05-11T02:00:00,2026-05-26T00:00:00,SHADOW,120,COMPLETED
TASK-02297,AST-179,,DEP-002,SEC-001,PREVENTIVE,2023-08-19T00:00:00,2023-08-19T02:00:00,2023-09-03T00:00:00,SHADOW,120,COMPLETED
TASK-02298,AST-179,,DEP-002,SEC-001,PREVENTIVE,2023-11-17T00:00:00,2023-11-17T02:00:00,2023-12-02T00:00:00,SHADOW,120,COMPLETED
TASK-02299,AST-179,,DEP-002,SEC-001,PREVENTIVE,2024-02-15T00:00:00,2024-02-15T02:00:00,2024-03-01T00:00:00,SHADOW,120,COMPLETED
TASK-02300,AST-179,,DEP-002,SEC-001,PREVENTIVE,2024-05-15T00:00:00,2024-05-15T02:00:00,2024-05-30T00:00:00,SHADOW,120,COMPLETED
TASK-02301,AST-179,,DEP-002,SEC-001,PREVENTIVE,2024-08-13T00:00:00,2024-08-13T02:00:00,2024-08-28T00:00:00,SHADOW,120,COMPLETED
TASK-02302,AST-179,,DEP-002,SEC-001,PREVENTIVE,2024-11-11T00:00:00,2024-11-11T02:00:00,2024-11-26T00:00:00,SHADOW,120,COMPLETED
TASK-02303,AST-179,,DEP-002,SEC-001,PREVENTIVE,2025-02-09T00:00:00,2025-02-09T02:00:00,2025-02-24T00:00:00,SHADOW,120,COMPLETED
TASK-02304,AST-179,,DEP-002,SEC-001,PREVENTIVE,2025-05-10T00:00:00,2025-05-10T02:00:00,2025-05-25T00:00:00,SHADOW,120,COMPLETED
TASK-02305,AST-179,,DEP-002,SEC-001,PREVENTIVE,2025-08-08T00:00:00,2025-08-08T02:00:00,2025-08-23T00:00:00,SHADOW,120,COMPLETED
TASK-02306,AST-179,,DEP-002,SEC-001,PREVENTIVE,2025-11-06T00:00:00,2025-11-06T02:00:00,2025-11-21T00:00:00,SHADOW,120,COMPLETED
TASK-02307,AST-179,,DEP-002,SEC-001,PREVENTIVE,2026-02-04T00:00:00,2026-02-04T02:00:00,2026-02-19T00:00:00,SHADOW,120,COMPLETED
TASK-02308,AST-179,,DEP-002,SEC-001,PREVENTIVE,2026-05-05T00:00:00,2026-05-05T02:00:00,2026-05-20T00:00:00,SHADOW,120,COMPLETED
TASK-02312,AST-181,,DEP-002,SEC-005,PREVENTIVE,2023-10-10T00:00:00,2023-10-10T02:00:00,2023-10-25T00:00:00,SHADOW,120,COMPLETED
TASK-02313,AST-181,,DEP-002,SEC-005,PREVENTIVE,2024-01-08T00:00:00,2024-01-08T02:00:00,2024-01-23T00:00:00,SHADOW,120,COMPLETED
TASK-02314,AST-181,,DEP-002,SEC-005,PREVENTIVE,2024-04-07T00:00:00,2024-04-07T02:00:00,2024-04-22T00:00:00,SHADOW,120,COMPLETED
TASK-02315,AST-181,,DEP-002,SEC-005,PREVENTIVE,2024-07-06T00:00:00,2024-07-06T02:00:00,2024-07-21T00:00:00,SHADOW,120,COMPLETED
TASK-02316,AST-181,,DEP-002,SEC-005,PREVENTIVE,2024-10-04T00:00:00,2024-10-04T02:00:00,2024-10-19T00:00:00,SHADOW,120,COMPLETED
TASK-02317,AST-181,,DEP-002,SEC-005,PREVENTIVE,2025-01-02T00:00:00,2025-01-02T02:00:00,2025-01-17T00:00:00,SHADOW,120,COMPLETED
TASK-02318,AST-181,,DEP-002,SEC-005,PREVENTIVE,2025-04-02T00:00:00,2025-04-02T02:00:00,2025-04-17T00:00:00,SHADOW,120,COMPLETED
TASK-02319,AST-181,,DEP-002,SEC-005,PREVENTIVE,2025-07-01T00:00:00,2025-07-01T02:00:00,2025-07-16T00:00:00,SHADOW,120,COMPLETED
TASK-02320,AST-181,,DEP-002,SEC-005,PREVENTIVE,2025-09-29T00:00:00,2025-09-29T02:00:00,2025-10-14T00:00:00,SHADOW,120,COMPLETED
TASK-02321,AST-181,,DEP-002,SEC-005,PREVENTIVE,2025-12-28T00:00:00,2025-12-28T02:00:00,2026-01-12T00:00:00,SHADOW,120,COMPLETED
TASK-02322,AST-181,,DEP-002,SEC-005,PREVENTIVE,2026-03-28T00:00:00,2026-03-28T02:00:00,2026-04-12T00:00:00,SHADOW,120,COMPLETED
TASK-02323,AST-181,,DEP-002,SEC-005,PREVENTIVE,2026-06-26T00:00:00,2026-06-26T02:00:00,2026-07-11T00:00:00,SHADOW,120,COMPLETED
TASK-02333,AST-184,,DEP-002,SEC-002,PREVENTIVE,2023-10-30T00:00:00,2023-10-30T02:00:00,2023-11-14T00:00:00,SHADOW,120,COMPLETED
TASK-02334,AST-184,,DEP-002,SEC-002,PREVENTIVE,2024-01-28T00:00:00,2024-01-28T02:00:00,2024-02-12T00:00:00,SHADOW,120,COMPLETED
TASK-02335,AST-184,,DEP-002,SEC-002,PREVENTIVE,2024-04-27T00:00:00,2024-04-27T02:00:00,2024-05-12T00:00:00,SHADOW,120,COMPLETED
TASK-02336,AST-184,,DEP-002,SEC-002,PREVENTIVE,2024-07-26T00:00:00,2024-07-26T02:00:00,2024-08-10T00:00:00,SHADOW,120,COMPLETED
TASK-02337,AST-184,,DEP-002,SEC-002,PREVENTIVE,2024-10-24T00:00:00,2024-10-24T02:00:00,2024-11-08T00:00:00,SHADOW,120,COMPLETED
TASK-02338,AST-184,,DEP-002,SEC-002,PREVENTIVE,2025-01-22T00:00:00,2025-01-22T02:00:00,2025-02-06T00:00:00,SHADOW,120,COMPLETED
TASK-02339,AST-184,,DEP-002,SEC-002,PREVENTIVE,2025-04-22T00:00:00,2025-04-22T02:00:00,2025-05-07T00:00:00,SHADOW,120,COMPLETED
TASK-02340,AST-184,,DEP-002,SEC-002,PREVENTIVE,2025-07-21T00:00:00,2025-07-21T02:00:00,2025-08-05T00:00:00,SHADOW,120,COMPLETED
TASK-02341,AST-184,,DEP-002,SEC-002,PREVENTIVE,2025-10-19T00:00:00,2025-10-19T02:00:00,2025-11-03T00:00:00,SHADOW,120,COMPLETED
TASK-02342,AST-184,,DEP-002,SEC-002,PREVENTIVE,2026-01-17T00:00:00,2026-01-17T02:00:00,2026-02-01T00:00:00,SHADOW,120,COMPLETED
TASK-02343,AST-184,,DEP-002,SEC-002,PREVENTIVE,2026-04-17T00:00:00,2026-04-17T02:00:00,2026-05-02T00:00:00,SHADOW,120,COMPLETED
TASK-02344,AST-184,,DEP-002,SEC-002,PREVENTIVE,2026-07-16T00:00:00,2026-07-16T02:00:00,2026-07-31T00:00:00,SHADOW,120,COMPLETED
TASK-02354,AST-187,,DEP-002,SEC-006,PREVENTIVE,2023-08-22T00:00:00,2023-08-22T02:00:00,2023-09-06T00:00:00,SHADOW,120,COMPLETED
TASK-02355,AST-187,,DEP-002,SEC-006,PREVENTIVE,2023-11-20T00:00:00,2023-11-20T02:00:00,2023-12-05T00:00:00,SHADOW,120,COMPLETED
TASK-02356,AST-187,,DEP-002,SEC-006,PREVENTIVE,2024-02-18T00:00:00,2024-02-18T02:00:00,2024-03-04T00:00:00,SHADOW,120,COMPLETED
TASK-02357,AST-187,,DEP-002,SEC-006,PREVENTIVE,2024-05-18T00:00:00,2024-05-18T02:00:00,2024-06-02T00:00:00,SHADOW,120,COMPLETED
TASK-02358,AST-187,,DEP-002,SEC-006,PREVENTIVE,2024-08-16T00:00:00,2024-08-16T02:00:00,2024-08-31T00:00:00,SHADOW,120,COMPLETED
TASK-02359,AST-187,,DEP-002,SEC-006,PREVENTIVE,2024-11-14T00:00:00,2024-11-14T02:00:00,2024-11-29T00:00:00,SHADOW,120,COMPLETED
TASK-02360,AST-187,,DEP-002,SEC-006,PREVENTIVE,2025-02-12T00:00:00,2025-02-12T02:00:00,2025-02-27T00:00:00,SHADOW,120,COMPLETED
TASK-02361,AST-187,,DEP-002,SEC-006,PREVENTIVE,2025-05-13T00:00:00,2025-05-13T02:00:00,2025-05-28T00:00:00,SHADOW,120,COMPLETED
TASK-02362,AST-187,,DEP-002,SEC-006,PREVENTIVE,2025-08-11T00:00:00,2025-08-11T02:00:00,2025-08-26T00:00:00,SHADOW,120,COMPLETED
TASK-02363,AST-187,,DEP-002,SEC-006,PREVENTIVE,2025-11-09T00:00:00,2025-11-09T02:00:00,2025-11-24T00:00:00,SHADOW,120,COMPLETED
TASK-02364,AST-187,,DEP-002,SEC-006,PREVENTIVE,2026-02-07T00:00:00,2026-02-07T02:00:00,2026-02-22T00:00:00,SHADOW,120,COMPLETED
TASK-02365,AST-187,,DEP-002,SEC-006,PREVENTIVE,2026-05-08T00:00:00,2026-05-08T02:00:00,2026-05-23T00:00:00,SHADOW,120,COMPLETED
TASK-02366,AST-188,,DEP-002,SEC-005,PREVENTIVE,2023-08-21T00:00:00,2023-08-21T02:00:00,2023-09-05T00:00:00,SHADOW,120,COMPLETED
TASK-02367,AST-188,,DEP-002,SEC-005,PREVENTIVE,2023-11-19T00:00:00,2023-11-19T02:00:00,2023-12-04T00:00:00,SHADOW,120,COMPLETED
TASK-02368,AST-188,,DEP-002,SEC-005,PREVENTIVE,2024-02-17T00:00:00,2024-02-17T02:00:00,2024-03-03T00:00:00,SHADOW,120,COMPLETED
TASK-02369,AST-188,,DEP-002,SEC-005,PREVENTIVE,2024-05-17T00:00:00,2024-05-17T02:00:00,2024-06-01T00:00:00,SHADOW,120,COMPLETED
TASK-02370,AST-188,,DEP-002,SEC-005,PREVENTIVE,2024-08-15T00:00:00,2024-08-15T02:00:00,2024-08-30T00:00:00,SHADOW,120,COMPLETED
TASK-02371,AST-188,,DEP-002,SEC-005,PREVENTIVE,2024-11-13T00:00:00,2024-11-13T02:00:00,2024-11-28T00:00:00,SHADOW,120,COMPLETED
TASK-02372,AST-188,,DEP-002,SEC-005,PREVENTIVE,2025-02-11T00:00:00,2025-02-11T02:00:00,2025-02-26T00:00:00,SHADOW,120,COMPLETED
TASK-02373,AST-188,,DEP-002,SEC-005,PREVENTIVE,2025-05-12T00:00:00,2025-05-12T02:00:00,2025-05-27T00:00:00,SHADOW,120,COMPLETED
TASK-02374,AST-188,,DEP-002,SEC-005,PREVENTIVE,2025-08-10T00:00:00,2025-08-10T02:00:00,2025-08-25T00:00:00,SHADOW,120,COMPLETED
TASK-02375,AST-188,,DEP-002,SEC-005,PREVENTIVE,2025-11-08T00:00:00,2025-11-08T02:00:00,2025-11-23T00:00:00,SHADOW,120,COMPLETED
TASK-02376,AST-188,,DEP-002,SEC-005,PREVENTIVE,2026-02-06T00:00:00,2026-02-06T02:00:00,2026-02-21T00:00:00,SHADOW,120,COMPLETED
TASK-02377,AST-188,,DEP-002,SEC-005,PREVENTIVE,2026-05-07T00:00:00,2026-05-07T02:00:00,2026-05-22T00:00:00,SHADOW,120,COMPLETED
TASK-02399,AST-194,,DEP-002,SEC-003,PREVENTIVE,2023-09-17T00:00:00,2023-09-17T02:00:00,2023-10-02T00:00:00,SHADOW,120,COMPLETED
TASK-02400,AST-194,,DEP-002,SEC-003,PREVENTIVE,2023-12-16T00:00:00,2023-12-16T02:00:00,2023-12-31T00:00:00,SHADOW,120,COMPLETED
TASK-02401,AST-194,,DEP-002,SEC-003,PREVENTIVE,2024-03-15T00:00:00,2024-03-15T02:00:00,2024-03-30T00:00:00,SHADOW,120,COMPLETED
TASK-02402,AST-194,,DEP-002,SEC-003,PREVENTIVE,2024-06-13T00:00:00,2024-06-13T02:00:00,2024-06-28T00:00:00,SHADOW,120,COMPLETED
TASK-02403,AST-194,,DEP-002,SEC-003,PREVENTIVE,2024-09-11T00:00:00,2024-09-11T02:00:00,2024-09-26T00:00:00,SHADOW,120,COMPLETED
TASK-02404,AST-194,,DEP-002,SEC-003,PREVENTIVE,2024-12-10T00:00:00,2024-12-10T02:00:00,2024-12-25T00:00:00,SHADOW,120,COMPLETED
TASK-02405,AST-194,,DEP-002,SEC-003,PREVENTIVE,2025-03-10T00:00:00,2025-03-10T02:00:00,2025-03-25T00:00:00,SHADOW,120,COMPLETED
TASK-02406,AST-194,,DEP-002,SEC-003,PREVENTIVE,2025-06-08T00:00:00,2025-06-08T02:00:00,2025-06-23T00:00:00,SHADOW,120,COMPLETED
TASK-02407,AST-194,,DEP-002,SEC-003,PREVENTIVE,2025-09-06T00:00:00,2025-09-06T02:00:00,2025-09-21T00:00:00,SHADOW,120,COMPLETED
TASK-02408,AST-194,,DEP-002,SEC-003,PREVENTIVE,2025-12-05T00:00:00,2025-12-05T02:00:00,2025-12-20T00:00:00,SHADOW,120,COMPLETED
TASK-02409,AST-194,,DEP-002,SEC-003,PREVENTIVE,2026-03-05T00:00:00,2026-03-05T02:00:00,2026-03-20T00:00:00,SHADOW,120,COMPLETED
TASK-02410,AST-194,,DEP-002,SEC-003,PREVENTIVE,2026-06-03T00:00:00,2026-06-03T02:00:00,2026-06-18T00:00:00,SHADOW,120,COMPLETED
TASK-02411,AST-195,,DEP-002,SEC-002,PREVENTIVE,2023-09-03T00:00:00,2023-09-03T02:00:00,2023-09-18T00:00:00,SHADOW,120,COMPLETED
TASK-02412,AST-195,,DEP-002,SEC-002,PREVENTIVE,2023-12-02T00:00:00,2023-12-02T02:00:00,2023-12-17T00:00:00,SHADOW,120,COMPLETED
TASK-02413,AST-195,,DEP-002,SEC-002,PREVENTIVE,2024-03-01T00:00:00,2024-03-01T02:00:00,2024-03-16T00:00:00,SHADOW,120,COMPLETED
TASK-02414,AST-195,,DEP-002,SEC-002,PREVENTIVE,2024-05-30T00:00:00,2024-05-30T02:00:00,2024-06-14T00:00:00,SHADOW,120,COMPLETED
TASK-02415,AST-195,,DEP-002,SEC-002,PREVENTIVE,2024-08-28T00:00:00,2024-08-28T02:00:00,2024-09-12T00:00:00,SHADOW,120,COMPLETED
TASK-02416,AST-195,,DEP-002,SEC-002,PREVENTIVE,2024-11-26T00:00:00,2024-11-26T02:00:00,2024-12-11T00:00:00,SHADOW,120,COMPLETED
TASK-02417,AST-195,,DEP-002,SEC-002,PREVENTIVE,2025-02-24T00:00:00,2025-02-24T02:00:00,2025-03-11T00:00:00,SHADOW,120,COMPLETED
TASK-02418,AST-195,,DEP-002,SEC-002,PREVENTIVE,2025-05-25T00:00:00,2025-05-25T02:00:00,2025-06-09T00:00:00,SHADOW,120,COMPLETED
TASK-02419,AST-195,,DEP-002,SEC-002,PREVENTIVE,2025-08-23T00:00:00,2025-08-23T02:00:00,2025-09-07T00:00:00,SHADOW,120,COMPLETED
TASK-02420,AST-195,,DEP-002,SEC-002,PREVENTIVE,2025-11-21T00:00:00,2025-11-21T02:00:00,2025-12-06T00:00:00,SHADOW,120,COMPLETED
TASK-02421,AST-195,,DEP-002,SEC-002,PREVENTIVE,2026-02-19T00:00:00,2026-02-19T02:00:00,2026-03-06T00:00:00,SHADOW,120,COMPLETED
TASK-02422,AST-195,,DEP-002,SEC-002,PREVENTIVE,2026-05-20T00:00:00,2026-05-20T02:00:00,2026-06-04T00:00:00,SHADOW,120,COMPLETED
TASK-02432,AST-198,,DEP-002,SEC-006,PREVENTIVE,2023-10-11T00:00:00,2023-10-11T02:00:00,2023-10-26T00:00:00,SHADOW,120,COMPLETED
TASK-02433,AST-198,,DEP-002,SEC-006,PREVENTIVE,2024-01-09T00:00:00,2024-01-09T02:00:00,2024-01-24T00:00:00,SHADOW,120,COMPLETED
TASK-02434,AST-198,,DEP-002,SEC-006,PREVENTIVE,2024-04-08T00:00:00,2024-04-08T02:00:00,2024-04-23T00:00:00,SHADOW,120,COMPLETED
TASK-02435,AST-198,,DEP-002,SEC-006,PREVENTIVE,2024-07-07T00:00:00,2024-07-07T02:00:00,2024-07-22T00:00:00,SHADOW,120,COMPLETED
TASK-02436,AST-198,,DEP-002,SEC-006,PREVENTIVE,2024-10-05T00:00:00,2024-10-05T02:00:00,2024-10-20T00:00:00,SHADOW,120,COMPLETED
TASK-02437,AST-198,,DEP-002,SEC-006,PREVENTIVE,2025-01-03T00:00:00,2025-01-03T02:00:00,2025-01-18T00:00:00,SHADOW,120,COMPLETED
TASK-02438,AST-198,,DEP-002,SEC-006,PREVENTIVE,2025-04-03T00:00:00,2025-04-03T02:00:00,2025-04-18T00:00:00,SHADOW,120,COMPLETED
TASK-02439,AST-198,,DEP-002,SEC-006,PREVENTIVE,2025-07-02T00:00:00,2025-07-02T02:00:00,2025-07-17T00:00:00,SHADOW,120,COMPLETED
TASK-02440,AST-198,,DEP-002,SEC-006,PREVENTIVE,2025-09-30T00:00:00,2025-09-30T02:00:00,2025-10-15T00:00:00,SHADOW,120,COMPLETED
TASK-02441,AST-198,,DEP-002,SEC-006,PREVENTIVE,2025-12-29T00:00:00,2025-12-29T02:00:00,2026-01-13T00:00:00,SHADOW,120,COMPLETED
TASK-02442,AST-198,,DEP-002,SEC-006,PREVENTIVE,2026-03-29T00:00:00,2026-03-29T02:00:00,2026-04-13T00:00:00,SHADOW,120,COMPLETED
TASK-02443,AST-198,,DEP-002,SEC-006,PREVENTIVE,2026-06-27T00:00:00,2026-06-27T02:00:00,2026-07-12T00:00:00,SHADOW,120,COMPLETED
TASK-02447,AST-200,,DEP-002,SEC-003,PREVENTIVE,2023-10-21T00:00:00,2023-10-21T02:00:00,2023-11-05T00:00:00,SHADOW,120,COMPLETED
TASK-02448,AST-200,,DEP-002,SEC-003,PREVENTIVE,2024-01-19T00:00:00,2024-01-19T02:00:00,2024-02-03T00:00:00,SHADOW,120,COMPLETED
TASK-02449,AST-200,,DEP-002,SEC-003,PREVENTIVE,2024-04-18T00:00:00,2024-04-18T02:00:00,2024-05-03T00:00:00,SHADOW,120,COMPLETED
TASK-02450,AST-200,,DEP-002,SEC-003,PREVENTIVE,2024-07-17T00:00:00,2024-07-17T02:00:00,2024-08-01T00:00:00,SHADOW,120,COMPLETED
TASK-02451,AST-200,,DEP-002,SEC-003,PREVENTIVE,2024-10-15T00:00:00,2024-10-15T02:00:00,2024-10-30T00:00:00,SHADOW,120,COMPLETED
TASK-02452,AST-200,,DEP-002,SEC-003,PREVENTIVE,2025-01-13T00:00:00,2025-01-13T02:00:00,2025-01-28T00:00:00,SHADOW,120,COMPLETED
TASK-02453,AST-200,,DEP-002,SEC-003,PREVENTIVE,2025-04-13T00:00:00,2025-04-13T02:00:00,2025-04-28T00:00:00,SHADOW,120,COMPLETED
TASK-02454,AST-200,,DEP-002,SEC-003,PREVENTIVE,2025-07-12T00:00:00,2025-07-12T02:00:00,2025-07-27T00:00:00,SHADOW,120,COMPLETED
TASK-02455,AST-200,,DEP-002,SEC-003,PREVENTIVE,2025-10-10T00:00:00,2025-10-10T02:00:00,2025-10-25T00:00:00,SHADOW,120,COMPLETED
TASK-02456,AST-200,,DEP-002,SEC-003,PREVENTIVE,2026-01-08T00:00:00,2026-01-08T02:00:00,2026-01-23T00:00:00,SHADOW,120,COMPLETED
TASK-02457,AST-200,,DEP-002,SEC-003,PREVENTIVE,2026-04-08T00:00:00,2026-04-08T02:00:00,2026-04-23T00:00:00,SHADOW,120,COMPLETED
TASK-02458,AST-200,,DEP-002,SEC-003,PREVENTIVE,2026-07-07T00:00:00,2026-07-07T02:00:00,2026-07-22T00:00:00,SHADOW,120,COMPLETED
TASK-02477,AST-205,,DEP-002,SEC-005,PREVENTIVE,2023-09-04T00:00:00,2023-09-04T02:00:00,2023-09-19T00:00:00,SHADOW,120,COMPLETED
TASK-02478,AST-205,,DEP-002,SEC-005,PREVENTIVE,2023-12-03T00:00:00,2023-12-03T02:00:00,2023-12-18T00:00:00,SHADOW,120,COMPLETED
TASK-02479,AST-205,,DEP-002,SEC-005,PREVENTIVE,2024-03-02T00:00:00,2024-03-02T02:00:00,2024-03-17T00:00:00,SHADOW,120,COMPLETED
TASK-02480,AST-205,,DEP-002,SEC-005,PREVENTIVE,2024-05-31T00:00:00,2024-05-31T02:00:00,2024-06-15T00:00:00,SHADOW,120,COMPLETED
TASK-02481,AST-205,,DEP-002,SEC-005,PREVENTIVE,2024-08-29T00:00:00,2024-08-29T02:00:00,2024-09-13T00:00:00,SHADOW,120,COMPLETED
TASK-02482,AST-205,,DEP-002,SEC-005,PREVENTIVE,2024-11-27T00:00:00,2024-11-27T02:00:00,2024-12-12T00:00:00,SHADOW,120,COMPLETED
TASK-02483,AST-205,,DEP-002,SEC-005,PREVENTIVE,2025-02-25T00:00:00,2025-02-25T02:00:00,2025-03-12T00:00:00,SHADOW,120,COMPLETED
TASK-02484,AST-205,,DEP-002,SEC-005,PREVENTIVE,2025-05-26T00:00:00,2025-05-26T02:00:00,2025-06-10T00:00:00,SHADOW,120,COMPLETED
TASK-02485,AST-205,,DEP-002,SEC-005,PREVENTIVE,2025-08-24T00:00:00,2025-08-24T02:00:00,2025-09-08T00:00:00,SHADOW,120,COMPLETED
TASK-02486,AST-205,,DEP-002,SEC-005,PREVENTIVE,2025-11-22T00:00:00,2025-11-22T02:00:00,2025-12-07T00:00:00,SHADOW,120,COMPLETED
TASK-02487,AST-205,,DEP-002,SEC-005,PREVENTIVE,2026-02-20T00:00:00,2026-02-20T02:00:00,2026-03-07T00:00:00,SHADOW,120,COMPLETED
TASK-02488,AST-205,,DEP-002,SEC-005,PREVENTIVE,2026-05-21T00:00:00,2026-05-21T02:00:00,2026-06-05T00:00:00,SHADOW,120,COMPLETED
TASK-02498,AST-208,,DEP-002,SEC-001,PREVENTIVE,2023-10-10T00:00:00,2023-10-10T02:00:00,2023-10-25T00:00:00,SHADOW,120,COMPLETED
TASK-02499,AST-208,,DEP-002,SEC-001,PREVENTIVE,2024-01-08T00:00:00,2024-01-08T02:00:00,2024-01-23T00:00:00,SHADOW,120,COMPLETED
TASK-02500,AST-208,,DEP-002,SEC-001,PREVENTIVE,2024-04-07T00:00:00,2024-04-07T02:00:00,2024-04-22T00:00:00,SHADOW,120,COMPLETED
TASK-02501,AST-208,,DEP-002,SEC-001,PREVENTIVE,2024-07-06T00:00:00,2024-07-06T02:00:00,2024-07-21T00:00:00,SHADOW,120,COMPLETED
TASK-02502,AST-208,,DEP-002,SEC-001,PREVENTIVE,2024-10-04T00:00:00,2024-10-04T02:00:00,2024-10-19T00:00:00,SHADOW,120,COMPLETED
TASK-02503,AST-208,,DEP-002,SEC-001,PREVENTIVE,2025-01-02T00:00:00,2025-01-02T02:00:00,2025-01-17T00:00:00,SHADOW,120,COMPLETED
TASK-02504,AST-208,,DEP-002,SEC-001,PREVENTIVE,2025-04-02T00:00:00,2025-04-02T02:00:00,2025-04-17T00:00:00,SHADOW,120,COMPLETED
TASK-02505,AST-208,,DEP-002,SEC-001,PREVENTIVE,2025-07-01T00:00:00,2025-07-01T02:00:00,2025-07-16T00:00:00,SHADOW,120,COMPLETED
TASK-02506,AST-208,,DEP-002,SEC-001,PREVENTIVE,2025-09-29T00:00:00,2025-09-29T02:00:00,2025-10-14T00:00:00,SHADOW,120,COMPLETED
TASK-02507,AST-208,,DEP-002,SEC-001,PREVENTIVE,2025-12-28T00:00:00,2025-12-28T02:00:00,2026-01-12T00:00:00,SHADOW,120,COMPLETED
TASK-02508,AST-208,,DEP-002,SEC-001,PREVENTIVE,2026-03-28T00:00:00,2026-03-28T02:00:00,2026-04-12T00:00:00,SHADOW,120,COMPLETED
TASK-02509,AST-208,,DEP-002,SEC-001,PREVENTIVE,2026-06-26T00:00:00,2026-06-26T02:00:00,2026-07-11T00:00:00,SHADOW,120,COMPLETED
TASK-02513,AST-210,,DEP-002,SEC-006,PREVENTIVE,2023-10-30T00:00:00,2023-10-30T02:00:00,2023-11-14T00:00:00,SHADOW,120,COMPLETED
TASK-02514,AST-210,,DEP-002,SEC-006,PREVENTIVE,2024-01-28T00:00:00,2024-01-28T02:00:00,2024-02-12T00:00:00,SHADOW,120,COMPLETED
TASK-02515,AST-210,,DEP-002,SEC-006,PREVENTIVE,2024-04-27T00:00:00,2024-04-27T02:00:00,2024-05-12T00:00:00,SHADOW,120,COMPLETED
TASK-02516,AST-210,,DEP-002,SEC-006,PREVENTIVE,2024-07-26T00:00:00,2024-07-26T02:00:00,2024-08-10T00:00:00,SHADOW,120,COMPLETED
TASK-02517,AST-210,,DEP-002,SEC-006,PREVENTIVE,2024-10-24T00:00:00,2024-10-24T02:00:00,2024-11-08T00:00:00,SHADOW,120,COMPLETED
TASK-02518,AST-210,,DEP-002,SEC-006,PREVENTIVE,2025-01-22T00:00:00,2025-01-22T02:00:00,2025-02-06T00:00:00,SHADOW,120,COMPLETED
TASK-02519,AST-210,,DEP-002,SEC-006,PREVENTIVE,2025-04-22T00:00:00,2025-04-22T02:00:00,2025-05-07T00:00:00,SHADOW,120,COMPLETED
TASK-02520,AST-210,,DEP-002,SEC-006,PREVENTIVE,2025-07-21T00:00:00,2025-07-21T02:00:00,2025-08-05T00:00:00,SHADOW,120,COMPLETED
TASK-02521,AST-210,,DEP-002,SEC-006,PREVENTIVE,2025-10-19T00:00:00,2025-10-19T02:00:00,2025-11-03T00:00:00,SHADOW,120,COMPLETED
TASK-02522,AST-210,,DEP-002,SEC-006,PREVENTIVE,2026-01-17T00:00:00,2026-01-17T02:00:00,2026-02-01T00:00:00,SHADOW,120,COMPLETED
TASK-02523,AST-210,,DEP-002,SEC-006,PREVENTIVE,2026-04-17T00:00:00,2026-04-17T02:00:00,2026-05-02T00:00:00,SHADOW,120,COMPLETED
TASK-02524,AST-210,,DEP-002,SEC-006,PREVENTIVE,2026-07-16T00:00:00,2026-07-16T02:00:00,2026-07-31T00:00:00,SHADOW,120,COMPLETED
TASK-02534,AST-213,,DEP-002,SEC-004,PREVENTIVE,2023-10-28T00:00:00,2023-10-28T02:00:00,2023-11-12T00:00:00,SHADOW,120,COMPLETED
TASK-02535,AST-213,,DEP-002,SEC-004,PREVENTIVE,2024-01-26T00:00:00,2024-01-26T02:00:00,2024-02-10T00:00:00,SHADOW,120,COMPLETED
TASK-02536,AST-213,,DEP-002,SEC-004,PREVENTIVE,2024-04-25T00:00:00,2024-04-25T02:00:00,2024-05-10T00:00:00,SHADOW,120,COMPLETED
TASK-02537,AST-213,,DEP-002,SEC-004,PREVENTIVE,2024-07-24T00:00:00,2024-07-24T02:00:00,2024-08-08T00:00:00,SHADOW,120,COMPLETED
TASK-02538,AST-213,,DEP-002,SEC-004,PREVENTIVE,2024-10-22T00:00:00,2024-10-22T02:00:00,2024-11-06T00:00:00,SHADOW,120,COMPLETED
TASK-02539,AST-213,,DEP-002,SEC-004,PREVENTIVE,2025-01-20T00:00:00,2025-01-20T02:00:00,2025-02-04T00:00:00,SHADOW,120,COMPLETED
TASK-02540,AST-213,,DEP-002,SEC-004,PREVENTIVE,2025-04-20T00:00:00,2025-04-20T02:00:00,2025-05-05T00:00:00,SHADOW,120,COMPLETED
TASK-02541,AST-213,,DEP-002,SEC-004,PREVENTIVE,2025-07-19T00:00:00,2025-07-19T02:00:00,2025-08-03T00:00:00,SHADOW,120,COMPLETED
TASK-02542,AST-213,,DEP-002,SEC-004,PREVENTIVE,2025-10-17T00:00:00,2025-10-17T02:00:00,2025-11-01T00:00:00,SHADOW,120,COMPLETED
TASK-02543,AST-213,,DEP-002,SEC-004,PREVENTIVE,2026-01-15T00:00:00,2026-01-15T02:00:00,2026-01-30T00:00:00,SHADOW,120,COMPLETED
TASK-02544,AST-213,,DEP-002,SEC-004,PREVENTIVE,2026-04-15T00:00:00,2026-04-15T02:00:00,2026-04-30T00:00:00,SHADOW,120,COMPLETED
TASK-02545,AST-213,,DEP-002,SEC-004,PREVENTIVE,2026-07-14T00:00:00,2026-07-14T02:00:00,2026-07-29T00:00:00,SHADOW,120,COMPLETED
TASK-02546,AST-214,,DEP-002,SEC-004,PREVENTIVE,2023-09-06T00:00:00,2023-09-06T02:00:00,2023-09-21T00:00:00,SHADOW,120,COMPLETED
TASK-02547,AST-214,,DEP-002,SEC-004,PREVENTIVE,2023-12-05T00:00:00,2023-12-05T02:00:00,2023-12-20T00:00:00,SHADOW,120,COMPLETED
TASK-02548,AST-214,,DEP-002,SEC-004,PREVENTIVE,2024-03-04T00:00:00,2024-03-04T02:00:00,2024-03-19T00:00:00,SHADOW,120,COMPLETED
TASK-02549,AST-214,,DEP-002,SEC-004,PREVENTIVE,2024-06-02T00:00:00,2024-06-02T02:00:00,2024-06-17T00:00:00,SHADOW,120,COMPLETED
TASK-02550,AST-214,,DEP-002,SEC-004,PREVENTIVE,2024-08-31T00:00:00,2024-08-31T02:00:00,2024-09-15T00:00:00,SHADOW,120,COMPLETED
TASK-02551,AST-214,,DEP-002,SEC-004,PREVENTIVE,2024-11-29T00:00:00,2024-11-29T02:00:00,2024-12-14T00:00:00,SHADOW,120,COMPLETED
TASK-02552,AST-214,,DEP-002,SEC-004,PREVENTIVE,2025-02-27T00:00:00,2025-02-27T02:00:00,2025-03-14T00:00:00,SHADOW,120,COMPLETED
TASK-02553,AST-214,,DEP-002,SEC-004,PREVENTIVE,2025-05-28T00:00:00,2025-05-28T02:00:00,2025-06-12T00:00:00,SHADOW,120,COMPLETED
TASK-02554,AST-214,,DEP-002,SEC-004,PREVENTIVE,2025-08-26T00:00:00,2025-08-26T02:00:00,2025-09-10T00:00:00,SHADOW,120,COMPLETED
TASK-02555,AST-214,,DEP-002,SEC-004,PREVENTIVE,2025-11-24T00:00:00,2025-11-24T02:00:00,2025-12-09T00:00:00,SHADOW,120,COMPLETED
TASK-02556,AST-214,,DEP-002,SEC-004,PREVENTIVE,2026-02-22T00:00:00,2026-02-22T02:00:00,2026-03-09T00:00:00,SHADOW,120,COMPLETED
TASK-02557,AST-214,,DEP-002,SEC-004,PREVENTIVE,2026-05-23T00:00:00,2026-05-23T02:00:00,2026-06-07T00:00:00,SHADOW,120,COMPLETED
TASK-02564,AST-217,,DEP-002,SEC-003,PREVENTIVE,2023-10-12T00:00:00,2023-10-12T02:00:00,2023-10-27T00:00:00,SHADOW,120,COMPLETED
TASK-02565,AST-217,,DEP-002,SEC-003,PREVENTIVE,2024-01-10T00:00:00,2024-01-10T02:00:00,2024-01-25T00:00:00,SHADOW,120,COMPLETED
TASK-02566,AST-217,,DEP-002,SEC-003,PREVENTIVE,2024-04-09T00:00:00,2024-04-09T02:00:00,2024-04-24T00:00:00,SHADOW,120,COMPLETED
TASK-02567,AST-217,,DEP-002,SEC-003,PREVENTIVE,2024-07-08T00:00:00,2024-07-08T02:00:00,2024-07-23T00:00:00,SHADOW,120,COMPLETED
TASK-02568,AST-217,,DEP-002,SEC-003,PREVENTIVE,2024-10-06T00:00:00,2024-10-06T02:00:00,2024-10-21T00:00:00,SHADOW,120,COMPLETED
TASK-02569,AST-217,,DEP-002,SEC-003,PREVENTIVE,2025-01-04T00:00:00,2025-01-04T02:00:00,2025-01-19T00:00:00,SHADOW,120,COMPLETED
TASK-02570,AST-217,,DEP-002,SEC-003,PREVENTIVE,2025-04-04T00:00:00,2025-04-04T02:00:00,2025-04-19T00:00:00,SHADOW,120,COMPLETED
TASK-02571,AST-217,,DEP-002,SEC-003,PREVENTIVE,2025-07-03T00:00:00,2025-07-03T02:00:00,2025-07-18T00:00:00,SHADOW,120,COMPLETED
TASK-02572,AST-217,,DEP-002,SEC-003,PREVENTIVE,2025-10-01T00:00:00,2025-10-01T02:00:00,2025-10-16T00:00:00,SHADOW,120,COMPLETED
TASK-02573,AST-217,,DEP-002,SEC-003,PREVENTIVE,2025-12-30T00:00:00,2025-12-30T02:00:00,2026-01-14T00:00:00,SHADOW,120,COMPLETED
TASK-02574,AST-217,,DEP-002,SEC-003,PREVENTIVE,2026-03-30T00:00:00,2026-03-30T02:00:00,2026-04-14T00:00:00,SHADOW,120,COMPLETED
TASK-02575,AST-217,,DEP-002,SEC-003,PREVENTIVE,2026-06-28T00:00:00,2026-06-28T02:00:00,2026-07-13T00:00:00,SHADOW,120,COMPLETED
TASK-02591,AST-221,,DEP-002,SEC-003,PREVENTIVE,2023-10-13T00:00:00,2023-10-13T02:00:00,2023-10-28T00:00:00,SHADOW,120,COMPLETED
TASK-02592,AST-221,,DEP-002,SEC-003,PREVENTIVE,2024-01-11T00:00:00,2024-01-11T02:00:00,2024-01-26T00:00:00,SHADOW,120,COMPLETED
TASK-02593,AST-221,,DEP-002,SEC-003,PREVENTIVE,2024-04-10T00:00:00,2024-04-10T02:00:00,2024-04-25T00:00:00,SHADOW,120,COMPLETED
TASK-02594,AST-221,,DEP-002,SEC-003,PREVENTIVE,2024-07-09T00:00:00,2024-07-09T02:00:00,2024-07-24T00:00:00,SHADOW,120,COMPLETED
TASK-02595,AST-221,,DEP-002,SEC-003,PREVENTIVE,2024-10-07T00:00:00,2024-10-07T02:00:00,2024-10-22T00:00:00,SHADOW,120,COMPLETED
TASK-02596,AST-221,,DEP-002,SEC-003,PREVENTIVE,2025-01-05T00:00:00,2025-01-05T02:00:00,2025-01-20T00:00:00,SHADOW,120,COMPLETED
TASK-02597,AST-221,,DEP-002,SEC-003,PREVENTIVE,2025-04-05T00:00:00,2025-04-05T02:00:00,2025-04-20T00:00:00,SHADOW,120,COMPLETED
TASK-02598,AST-221,,DEP-002,SEC-003,PREVENTIVE,2025-07-04T00:00:00,2025-07-04T02:00:00,2025-07-19T00:00:00,SHADOW,120,COMPLETED
TASK-02599,AST-221,,DEP-002,SEC-003,PREVENTIVE,2025-10-02T00:00:00,2025-10-02T02:00:00,2025-10-17T00:00:00,SHADOW,120,COMPLETED
TASK-02600,AST-221,,DEP-002,SEC-003,PREVENTIVE,2025-12-31T00:00:00,2025-12-31T02:00:00,2026-01-15T00:00:00,SHADOW,120,COMPLETED
TASK-02601,AST-221,,DEP-002,SEC-003,PREVENTIVE,2026-03-31T00:00:00,2026-03-31T02:00:00,2026-04-15T00:00:00,SHADOW,120,COMPLETED
TASK-02602,AST-221,,DEP-002,SEC-003,PREVENTIVE,2026-06-29T00:00:00,2026-06-29T02:00:00,2026-07-14T00:00:00,SHADOW,120,COMPLETED
TASK-02609,AST-223,,DEP-002,SEC-004,PREVENTIVE,2023-10-13T00:00:00,2023-10-13T02:00:00,2023-10-28T00:00:00,SHADOW,120,COMPLETED
TASK-02610,AST-223,,DEP-002,SEC-004,PREVENTIVE,2024-01-11T00:00:00,2024-01-11T02:00:00,2024-01-26T00:00:00,SHADOW,120,COMPLETED
TASK-02611,AST-223,,DEP-002,SEC-004,PREVENTIVE,2024-04-10T00:00:00,2024-04-10T02:00:00,2024-04-25T00:00:00,SHADOW,120,COMPLETED
TASK-02612,AST-223,,DEP-002,SEC-004,PREVENTIVE,2024-07-09T00:00:00,2024-07-09T02:00:00,2024-07-24T00:00:00,SHADOW,120,COMPLETED
TASK-02613,AST-223,,DEP-002,SEC-004,PREVENTIVE,2024-10-07T00:00:00,2024-10-07T02:00:00,2024-10-22T00:00:00,SHADOW,120,COMPLETED
TASK-02614,AST-223,,DEP-002,SEC-004,PREVENTIVE,2025-01-05T00:00:00,2025-01-05T02:00:00,2025-01-20T00:00:00,SHADOW,120,COMPLETED
TASK-02615,AST-223,,DEP-002,SEC-004,PREVENTIVE,2025-04-05T00:00:00,2025-04-05T02:00:00,2025-04-20T00:00:00,SHADOW,120,COMPLETED
TASK-02616,AST-223,,DEP-002,SEC-004,PREVENTIVE,2025-07-04T00:00:00,2025-07-04T02:00:00,2025-07-19T00:00:00,SHADOW,120,COMPLETED
TASK-02617,AST-223,,DEP-002,SEC-004,PREVENTIVE,2025-10-02T00:00:00,2025-10-02T02:00:00,2025-10-17T00:00:00,SHADOW,120,COMPLETED
TASK-02618,AST-223,,DEP-002,SEC-004,PREVENTIVE,2025-12-31T00:00:00,2025-12-31T02:00:00,2026-01-15T00:00:00,SHADOW,120,COMPLETED
TASK-02619,AST-223,,DEP-002,SEC-004,PREVENTIVE,2026-03-31T00:00:00,2026-03-31T02:00:00,2026-04-15T00:00:00,SHADOW,120,COMPLETED
TASK-02620,AST-223,,DEP-002,SEC-004,PREVENTIVE,2026-06-29T00:00:00,2026-06-29T02:00:00,2026-07-14T00:00:00,SHADOW,120,COMPLETED
TASK-02621,AST-224,,DEP-002,SEC-003,PREVENTIVE,2023-10-06T00:00:00,2023-10-06T02:00:00,2023-10-21T00:00:00,SHADOW,120,COMPLETED
TASK-02622,AST-224,,DEP-002,SEC-003,PREVENTIVE,2024-01-04T00:00:00,2024-01-04T02:00:00,2024-01-19T00:00:00,SHADOW,120,COMPLETED
TASK-02623,AST-224,,DEP-002,SEC-003,PREVENTIVE,2024-04-03T00:00:00,2024-04-03T02:00:00,2024-04-18T00:00:00,SHADOW,120,COMPLETED
TASK-02624,AST-224,,DEP-002,SEC-003,PREVENTIVE,2024-07-02T00:00:00,2024-07-02T02:00:00,2024-07-17T00:00:00,SHADOW,120,COMPLETED
TASK-02625,AST-224,,DEP-002,SEC-003,PREVENTIVE,2024-09-30T00:00:00,2024-09-30T02:00:00,2024-10-15T00:00:00,SHADOW,120,COMPLETED
TASK-02626,AST-224,,DEP-002,SEC-003,PREVENTIVE,2024-12-29T00:00:00,2024-12-29T02:00:00,2025-01-13T00:00:00,SHADOW,120,COMPLETED
TASK-02627,AST-224,,DEP-002,SEC-003,PREVENTIVE,2025-03-29T00:00:00,2025-03-29T02:00:00,2025-04-13T00:00:00,SHADOW,120,COMPLETED
TASK-02628,AST-224,,DEP-002,SEC-003,PREVENTIVE,2025-06-27T00:00:00,2025-06-27T02:00:00,2025-07-12T00:00:00,SHADOW,120,COMPLETED
TASK-02629,AST-224,,DEP-002,SEC-003,PREVENTIVE,2025-09-25T00:00:00,2025-09-25T02:00:00,2025-10-10T00:00:00,SHADOW,120,COMPLETED
TASK-02630,AST-224,,DEP-002,SEC-003,PREVENTIVE,2025-12-24T00:00:00,2025-12-24T02:00:00,2026-01-08T00:00:00,SHADOW,120,COMPLETED
TASK-02631,AST-224,,DEP-002,SEC-003,PREVENTIVE,2026-03-24T00:00:00,2026-03-24T02:00:00,2026-04-08T00:00:00,SHADOW,120,COMPLETED
TASK-02632,AST-224,,DEP-002,SEC-003,PREVENTIVE,2026-06-22T00:00:00,2026-06-22T02:00:00,2026-07-07T00:00:00,SHADOW,120,COMPLETED
TASK-02636,AST-226,,DEP-002,SEC-002,PREVENTIVE,2023-10-08T00:00:00,2023-10-08T02:00:00,2023-10-23T00:00:00,SHADOW,120,COMPLETED
TASK-02637,AST-226,,DEP-002,SEC-002,PREVENTIVE,2024-01-06T00:00:00,2024-01-06T02:00:00,2024-01-21T00:00:00,SHADOW,120,COMPLETED
TASK-02638,AST-226,,DEP-002,SEC-002,PREVENTIVE,2024-04-05T00:00:00,2024-04-05T02:00:00,2024-04-20T00:00:00,SHADOW,120,COMPLETED
TASK-02639,AST-226,,DEP-002,SEC-002,PREVENTIVE,2024-07-04T00:00:00,2024-07-04T02:00:00,2024-07-19T00:00:00,SHADOW,120,COMPLETED
TASK-02640,AST-226,,DEP-002,SEC-002,PREVENTIVE,2024-10-02T00:00:00,2024-10-02T02:00:00,2024-10-17T00:00:00,SHADOW,120,COMPLETED
TASK-02641,AST-226,,DEP-002,SEC-002,PREVENTIVE,2024-12-31T00:00:00,2024-12-31T02:00:00,2025-01-15T00:00:00,SHADOW,120,COMPLETED
TASK-02642,AST-226,,DEP-002,SEC-002,PREVENTIVE,2025-03-31T00:00:00,2025-03-31T02:00:00,2025-04-15T00:00:00,SHADOW,120,COMPLETED
TASK-02643,AST-226,,DEP-002,SEC-002,PREVENTIVE,2025-06-29T00:00:00,2025-06-29T02:00:00,2025-07-14T00:00:00,SHADOW,120,COMPLETED
TASK-02644,AST-226,,DEP-002,SEC-002,PREVENTIVE,2025-09-27T00:00:00,2025-09-27T02:00:00,2025-10-12T00:00:00,SHADOW,120,COMPLETED
TASK-02645,AST-226,,DEP-002,SEC-002,PREVENTIVE,2025-12-26T00:00:00,2025-12-26T02:00:00,2026-01-10T00:00:00,SHADOW,120,COMPLETED
TASK-02646,AST-226,,DEP-002,SEC-002,PREVENTIVE,2026-03-26T00:00:00,2026-03-26T02:00:00,2026-04-10T00:00:00,SHADOW,120,COMPLETED
TASK-02647,AST-226,,DEP-002,SEC-002,PREVENTIVE,2026-06-24T00:00:00,2026-06-24T02:00:00,2026-07-09T00:00:00,SHADOW,120,COMPLETED
TASK-02654,AST-228,,DEP-002,SEC-002,PREVENTIVE,2023-08-31T00:00:00,2023-08-31T02:00:00,2023-09-15T00:00:00,SHADOW,120,COMPLETED
TASK-02655,AST-228,,DEP-002,SEC-002,PREVENTIVE,2023-11-29T00:00:00,2023-11-29T02:00:00,2023-12-14T00:00:00,SHADOW,120,COMPLETED
TASK-02656,AST-228,,DEP-002,SEC-002,PREVENTIVE,2024-02-27T00:00:00,2024-02-27T02:00:00,2024-03-13T00:00:00,SHADOW,120,COMPLETED
TASK-02657,AST-228,,DEP-002,SEC-002,PREVENTIVE,2024-05-27T00:00:00,2024-05-27T02:00:00,2024-06-11T00:00:00,SHADOW,120,COMPLETED
TASK-02658,AST-228,,DEP-002,SEC-002,PREVENTIVE,2024-08-25T00:00:00,2024-08-25T02:00:00,2024-09-09T00:00:00,SHADOW,120,COMPLETED
TASK-02659,AST-228,,DEP-002,SEC-002,PREVENTIVE,2024-11-23T00:00:00,2024-11-23T02:00:00,2024-12-08T00:00:00,SHADOW,120,COMPLETED
TASK-02660,AST-228,,DEP-002,SEC-002,PREVENTIVE,2025-02-21T00:00:00,2025-02-21T02:00:00,2025-03-08T00:00:00,SHADOW,120,COMPLETED
TASK-02661,AST-228,,DEP-002,SEC-002,PREVENTIVE,2025-05-22T00:00:00,2025-05-22T02:00:00,2025-06-06T00:00:00,SHADOW,120,COMPLETED
TASK-02662,AST-228,,DEP-002,SEC-002,PREVENTIVE,2025-08-20T00:00:00,2025-08-20T02:00:00,2025-09-04T00:00:00,SHADOW,120,COMPLETED
TASK-02663,AST-228,,DEP-002,SEC-002,PREVENTIVE,2025-11-18T00:00:00,2025-11-18T02:00:00,2025-12-03T00:00:00,SHADOW,120,COMPLETED
TASK-02664,AST-228,,DEP-002,SEC-002,PREVENTIVE,2026-02-16T00:00:00,2026-02-16T02:00:00,2026-03-03T00:00:00,SHADOW,120,COMPLETED
TASK-02665,AST-228,,DEP-002,SEC-002,PREVENTIVE,2026-05-17T00:00:00,2026-05-17T02:00:00,2026-06-01T00:00:00,SHADOW,120,COMPLETED
TASK-02675,AST-231,,DEP-002,SEC-005,PREVENTIVE,2023-08-29T00:00:00,2023-08-29T02:00:00,2023-09-13T00:00:00,SHADOW,120,COMPLETED
TASK-02676,AST-231,,DEP-002,SEC-005,PREVENTIVE,2023-11-27T00:00:00,2023-11-27T02:00:00,2023-12-12T00:00:00,SHADOW,120,COMPLETED
TASK-02677,AST-231,,DEP-002,SEC-005,PREVENTIVE,2024-02-25T00:00:00,2024-02-25T02:00:00,2024-03-11T00:00:00,SHADOW,120,COMPLETED
TASK-02678,AST-231,,DEP-002,SEC-005,PREVENTIVE,2024-05-25T00:00:00,2024-05-25T02:00:00,2024-06-09T00:00:00,SHADOW,120,COMPLETED
TASK-02679,AST-231,,DEP-002,SEC-005,PREVENTIVE,2024-08-23T00:00:00,2024-08-23T02:00:00,2024-09-07T00:00:00,SHADOW,120,COMPLETED
TASK-02680,AST-231,,DEP-002,SEC-005,PREVENTIVE,2024-11-21T00:00:00,2024-11-21T02:00:00,2024-12-06T00:00:00,SHADOW,120,COMPLETED
TASK-02681,AST-231,,DEP-002,SEC-005,PREVENTIVE,2025-02-19T00:00:00,2025-02-19T02:00:00,2025-03-06T00:00:00,SHADOW,120,COMPLETED
TASK-02682,AST-231,,DEP-002,SEC-005,PREVENTIVE,2025-05-20T00:00:00,2025-05-20T02:00:00,2025-06-04T00:00:00,SHADOW,120,COMPLETED
TASK-02683,AST-231,,DEP-002,SEC-005,PREVENTIVE,2025-08-18T00:00:00,2025-08-18T02:00:00,2025-09-02T00:00:00,SHADOW,120,COMPLETED
TASK-02684,AST-231,,DEP-002,SEC-005,PREVENTIVE,2025-11-16T00:00:00,2025-11-16T02:00:00,2025-12-01T00:00:00,SHADOW,120,COMPLETED
TASK-02685,AST-231,,DEP-002,SEC-005,PREVENTIVE,2026-02-14T00:00:00,2026-02-14T02:00:00,2026-03-01T00:00:00,SHADOW,120,COMPLETED
TASK-02686,AST-231,,DEP-002,SEC-005,PREVENTIVE,2026-05-15T00:00:00,2026-05-15T02:00:00,2026-05-30T00:00:00,SHADOW,120,COMPLETED
TASK-02693,AST-233,,DEP-002,SEC-003,PREVENTIVE,2023-09-12T00:00:00,2023-09-12T02:00:00,2023-09-27T00:00:00,SHADOW,120,COMPLETED
TASK-02694,AST-233,,DEP-002,SEC-003,PREVENTIVE,2023-12-11T00:00:00,2023-12-11T02:00:00,2023-12-26T00:00:00,SHADOW,120,COMPLETED
TASK-02695,AST-233,,DEP-002,SEC-003,PREVENTIVE,2024-03-10T00:00:00,2024-03-10T02:00:00,2024-03-25T00:00:00,SHADOW,120,COMPLETED
TASK-02696,AST-233,,DEP-002,SEC-003,PREVENTIVE,2024-06-08T00:00:00,2024-06-08T02:00:00,2024-06-23T00:00:00,SHADOW,120,COMPLETED
TASK-02697,AST-233,,DEP-002,SEC-003,PREVENTIVE,2024-09-06T00:00:00,2024-09-06T02:00:00,2024-09-21T00:00:00,SHADOW,120,COMPLETED
TASK-02698,AST-233,,DEP-002,SEC-003,PREVENTIVE,2024-12-05T00:00:00,2024-12-05T02:00:00,2024-12-20T00:00:00,SHADOW,120,COMPLETED
TASK-02699,AST-233,,DEP-002,SEC-003,PREVENTIVE,2025-03-05T00:00:00,2025-03-05T02:00:00,2025-03-20T00:00:00,SHADOW,120,COMPLETED
TASK-02700,AST-233,,DEP-002,SEC-003,PREVENTIVE,2025-06-03T00:00:00,2025-06-03T02:00:00,2025-06-18T00:00:00,SHADOW,120,COMPLETED
TASK-02701,AST-233,,DEP-002,SEC-003,PREVENTIVE,2025-09-01T00:00:00,2025-09-01T02:00:00,2025-09-16T00:00:00,SHADOW,120,COMPLETED
TASK-02702,AST-233,,DEP-002,SEC-003,PREVENTIVE,2025-11-30T00:00:00,2025-11-30T02:00:00,2025-12-15T00:00:00,SHADOW,120,COMPLETED
TASK-02703,AST-233,,DEP-002,SEC-003,PREVENTIVE,2026-02-28T00:00:00,2026-02-28T02:00:00,2026-03-15T00:00:00,SHADOW,120,COMPLETED
TASK-02704,AST-233,,DEP-002,SEC-003,PREVENTIVE,2026-05-29T00:00:00,2026-05-29T02:00:00,2026-06-13T00:00:00,SHADOW,120,COMPLETED
TASK-02705,AST-234,,DEP-002,SEC-006,PREVENTIVE,2023-10-24T00:00:00,2023-10-24T02:00:00,2023-11-08T00:00:00,SHADOW,120,COMPLETED
TASK-02706,AST-234,,DEP-002,SEC-006,PREVENTIVE,2024-01-22T00:00:00,2024-01-22T02:00:00,2024-02-06T00:00:00,SHADOW,120,COMPLETED
TASK-02707,AST-234,,DEP-002,SEC-006,PREVENTIVE,2024-04-21T00:00:00,2024-04-21T02:00:00,2024-05-06T00:00:00,SHADOW,120,COMPLETED
TASK-02708,AST-234,,DEP-002,SEC-006,PREVENTIVE,2024-07-20T00:00:00,2024-07-20T02:00:00,2024-08-04T00:00:00,SHADOW,120,COMPLETED
TASK-02709,AST-234,,DEP-002,SEC-006,PREVENTIVE,2024-10-18T00:00:00,2024-10-18T02:00:00,2024-11-02T00:00:00,SHADOW,120,COMPLETED
TASK-02710,AST-234,,DEP-002,SEC-006,PREVENTIVE,2025-01-16T00:00:00,2025-01-16T02:00:00,2025-01-31T00:00:00,SHADOW,120,COMPLETED
TASK-02711,AST-234,,DEP-002,SEC-006,PREVENTIVE,2025-04-16T00:00:00,2025-04-16T02:00:00,2025-05-01T00:00:00,SHADOW,120,COMPLETED
TASK-02712,AST-234,,DEP-002,SEC-006,PREVENTIVE,2025-07-15T00:00:00,2025-07-15T02:00:00,2025-07-30T00:00:00,SHADOW,120,COMPLETED
TASK-02713,AST-234,,DEP-002,SEC-006,PREVENTIVE,2025-10-13T00:00:00,2025-10-13T02:00:00,2025-10-28T00:00:00,SHADOW,120,COMPLETED
TASK-02714,AST-234,,DEP-002,SEC-006,PREVENTIVE,2026-01-11T00:00:00,2026-01-11T02:00:00,2026-01-26T00:00:00,SHADOW,120,COMPLETED
TASK-02715,AST-234,,DEP-002,SEC-006,PREVENTIVE,2026-04-11T00:00:00,2026-04-11T02:00:00,2026-04-26T00:00:00,SHADOW,120,COMPLETED
TASK-02716,AST-234,,DEP-002,SEC-006,PREVENTIVE,2026-07-10T00:00:00,2026-07-10T02:00:00,2026-07-25T00:00:00,SHADOW,120,COMPLETED
TASK-02732,AST-239,,DEP-002,SEC-001,PREVENTIVE,2023-10-20T00:00:00,2023-10-20T02:00:00,2023-11-04T00:00:00,SHADOW,120,COMPLETED
TASK-02733,AST-239,,DEP-002,SEC-001,PREVENTIVE,2024-01-18T00:00:00,2024-01-18T02:00:00,2024-02-02T00:00:00,SHADOW,120,COMPLETED
TASK-02734,AST-239,,DEP-002,SEC-001,PREVENTIVE,2024-04-17T00:00:00,2024-04-17T02:00:00,2024-05-02T00:00:00,SHADOW,120,COMPLETED
TASK-02735,AST-239,,DEP-002,SEC-001,PREVENTIVE,2024-07-16T00:00:00,2024-07-16T02:00:00,2024-07-31T00:00:00,SHADOW,120,COMPLETED
TASK-02736,AST-239,,DEP-002,SEC-001,PREVENTIVE,2024-10-14T00:00:00,2024-10-14T02:00:00,2024-10-29T00:00:00,SHADOW,120,COMPLETED
TASK-02737,AST-239,,DEP-002,SEC-001,PREVENTIVE,2025-01-12T00:00:00,2025-01-12T02:00:00,2025-01-27T00:00:00,SHADOW,120,COMPLETED
TASK-02738,AST-239,,DEP-002,SEC-001,PREVENTIVE,2025-04-12T00:00:00,2025-04-12T02:00:00,2025-04-27T00:00:00,SHADOW,120,COMPLETED
TASK-02739,AST-239,,DEP-002,SEC-001,PREVENTIVE,2025-07-11T00:00:00,2025-07-11T02:00:00,2025-07-26T00:00:00,SHADOW,120,COMPLETED
TASK-02740,AST-239,,DEP-002,SEC-001,PREVENTIVE,2025-10-09T00:00:00,2025-10-09T02:00:00,2025-10-24T00:00:00,SHADOW,120,COMPLETED
TASK-02741,AST-239,,DEP-002,SEC-001,PREVENTIVE,2026-01-07T00:00:00,2026-01-07T02:00:00,2026-01-22T00:00:00,SHADOW,120,COMPLETED
TASK-02742,AST-239,,DEP-002,SEC-001,PREVENTIVE,2026-04-07T00:00:00,2026-04-07T02:00:00,2026-04-22T00:00:00,SHADOW,120,COMPLETED
TASK-02743,AST-239,,DEP-002,SEC-001,PREVENTIVE,2026-07-06T00:00:00,2026-07-06T02:00:00,2026-07-21T00:00:00,SHADOW,120,COMPLETED
TASK-02744,AST-240,,DEP-002,SEC-003,PREVENTIVE,2023-08-31T00:00:00,2023-08-31T02:00:00,2023-09-15T00:00:00,SHADOW,120,COMPLETED
TASK-02745,AST-240,,DEP-002,SEC-003,PREVENTIVE,2023-11-29T00:00:00,2023-11-29T02:00:00,2023-12-14T00:00:00,SHADOW,120,COMPLETED
TASK-02746,AST-240,,DEP-002,SEC-003,PREVENTIVE,2024-02-27T00:00:00,2024-02-27T02:00:00,2024-03-13T00:00:00,SHADOW,120,COMPLETED
TASK-02747,AST-240,,DEP-002,SEC-003,PREVENTIVE,2024-05-27T00:00:00,2024-05-27T02:00:00,2024-06-11T00:00:00,SHADOW,120,COMPLETED
TASK-02748,AST-240,,DEP-002,SEC-003,PREVENTIVE,2024-08-25T00:00:00,2024-08-25T02:00:00,2024-09-09T00:00:00,SHADOW,120,COMPLETED
TASK-02749,AST-240,,DEP-002,SEC-003,PREVENTIVE,2024-11-23T00:00:00,2024-11-23T02:00:00,2024-12-08T00:00:00,SHADOW,120,COMPLETED
TASK-02750,AST-240,,DEP-002,SEC-003,PREVENTIVE,2025-02-21T00:00:00,2025-02-21T02:00:00,2025-03-08T00:00:00,SHADOW,120,COMPLETED
TASK-02751,AST-240,,DEP-002,SEC-003,PREVENTIVE,2025-05-22T00:00:00,2025-05-22T02:00:00,2025-06-06T00:00:00,SHADOW,120,COMPLETED
TASK-02752,AST-240,,DEP-002,SEC-003,PREVENTIVE,2025-08-20T00:00:00,2025-08-20T02:00:00,2025-09-04T00:00:00,SHADOW,120,COMPLETED
TASK-02753,AST-240,,DEP-002,SEC-003,PREVENTIVE,2025-11-18T00:00:00,2025-11-18T02:00:00,2025-12-03T00:00:00,SHADOW,120,COMPLETED
TASK-02754,AST-240,,DEP-002,SEC-003,PREVENTIVE,2026-02-16T00:00:00,2026-02-16T02:00:00,2026-03-03T00:00:00,SHADOW,120,COMPLETED
TASK-02755,AST-240,,DEP-002,SEC-003,PREVENTIVE,2026-05-17T00:00:00,2026-05-17T02:00:00,2026-06-01T00:00:00,SHADOW,120,COMPLETED
TASK-02765,AST-243,,DEP-002,SEC-001,PREVENTIVE,2023-09-27T00:00:00,2023-09-27T02:00:00,2023-10-12T00:00:00,SHADOW,120,COMPLETED
TASK-02766,AST-243,,DEP-002,SEC-001,PREVENTIVE,2023-12-26T00:00:00,2023-12-26T02:00:00,2024-01-10T00:00:00,SHADOW,120,COMPLETED
TASK-02767,AST-243,,DEP-002,SEC-001,PREVENTIVE,2024-03-25T00:00:00,2024-03-25T02:00:00,2024-04-09T00:00:00,SHADOW,120,COMPLETED
TASK-02768,AST-243,,DEP-002,SEC-001,PREVENTIVE,2024-06-23T00:00:00,2024-06-23T02:00:00,2024-07-08T00:00:00,SHADOW,120,COMPLETED
TASK-02769,AST-243,,DEP-002,SEC-001,PREVENTIVE,2024-09-21T00:00:00,2024-09-21T02:00:00,2024-10-06T00:00:00,SHADOW,120,COMPLETED
TASK-02770,AST-243,,DEP-002,SEC-001,PREVENTIVE,2024-12-20T00:00:00,2024-12-20T02:00:00,2025-01-04T00:00:00,SHADOW,120,COMPLETED
TASK-02771,AST-243,,DEP-002,SEC-001,PREVENTIVE,2025-03-20T00:00:00,2025-03-20T02:00:00,2025-04-04T00:00:00,SHADOW,120,COMPLETED
TASK-02772,AST-243,,DEP-002,SEC-001,PREVENTIVE,2025-06-18T00:00:00,2025-06-18T02:00:00,2025-07-03T00:00:00,SHADOW,120,COMPLETED
TASK-02773,AST-243,,DEP-002,SEC-001,PREVENTIVE,2025-09-16T00:00:00,2025-09-16T02:00:00,2025-10-01T00:00:00,SHADOW,120,COMPLETED
TASK-02774,AST-243,,DEP-002,SEC-001,PREVENTIVE,2025-12-15T00:00:00,2025-12-15T02:00:00,2025-12-30T00:00:00,SHADOW,120,COMPLETED
TASK-02775,AST-243,,DEP-002,SEC-001,PREVENTIVE,2026-03-15T00:00:00,2026-03-15T02:00:00,2026-03-30T00:00:00,SHADOW,120,COMPLETED
TASK-02776,AST-243,,DEP-002,SEC-001,PREVENTIVE,2026-06-13T00:00:00,2026-06-13T02:00:00,2026-06-28T00:00:00,SHADOW,120,COMPLETED
TASK-02780,AST-245,,DEP-002,SEC-002,PREVENTIVE,2023-10-02T00:00:00,2023-10-02T02:00:00,2023-10-17T00:00:00,SHADOW,120,COMPLETED
TASK-02781,AST-245,,DEP-002,SEC-002,PREVENTIVE,2023-12-31T00:00:00,2023-12-31T02:00:00,2024-01-15T00:00:00,SHADOW,120,COMPLETED
TASK-02782,AST-245,,DEP-002,SEC-002,PREVENTIVE,2024-03-30T00:00:00,2024-03-30T02:00:00,2024-04-14T00:00:00,SHADOW,120,COMPLETED
TASK-02783,AST-245,,DEP-002,SEC-002,PREVENTIVE,2024-06-28T00:00:00,2024-06-28T02:00:00,2024-07-13T00:00:00,SHADOW,120,COMPLETED
TASK-02784,AST-245,,DEP-002,SEC-002,PREVENTIVE,2024-09-26T00:00:00,2024-09-26T02:00:00,2024-10-11T00:00:00,SHADOW,120,COMPLETED
TASK-02785,AST-245,,DEP-002,SEC-002,PREVENTIVE,2024-12-25T00:00:00,2024-12-25T02:00:00,2025-01-09T00:00:00,SHADOW,120,COMPLETED
TASK-02786,AST-245,,DEP-002,SEC-002,PREVENTIVE,2025-03-25T00:00:00,2025-03-25T02:00:00,2025-04-09T00:00:00,SHADOW,120,COMPLETED
TASK-02787,AST-245,,DEP-002,SEC-002,PREVENTIVE,2025-06-23T00:00:00,2025-06-23T02:00:00,2025-07-08T00:00:00,SHADOW,120,COMPLETED
TASK-02788,AST-245,,DEP-002,SEC-002,PREVENTIVE,2025-09-21T00:00:00,2025-09-21T02:00:00,2025-10-06T00:00:00,SHADOW,120,COMPLETED
TASK-02789,AST-245,,DEP-002,SEC-002,PREVENTIVE,2025-12-20T00:00:00,2025-12-20T02:00:00,2026-01-04T00:00:00,SHADOW,120,COMPLETED
TASK-02790,AST-245,,DEP-002,SEC-002,PREVENTIVE,2026-03-20T00:00:00,2026-03-20T02:00:00,2026-04-04T00:00:00,SHADOW,120,COMPLETED
TASK-02791,AST-245,,DEP-002,SEC-002,PREVENTIVE,2026-06-18T00:00:00,2026-06-18T02:00:00,2026-07-03T00:00:00,SHADOW,120,COMPLETED
TASK-02801,AST-248,,DEP-002,SEC-002,PREVENTIVE,2023-10-29T00:00:00,2023-10-29T02:00:00,2023-11-13T00:00:00,SHADOW,120,COMPLETED
TASK-02802,AST-248,,DEP-002,SEC-002,PREVENTIVE,2024-01-27T00:00:00,2024-01-27T02:00:00,2024-02-11T00:00:00,SHADOW,120,COMPLETED
TASK-02803,AST-248,,DEP-002,SEC-002,PREVENTIVE,2024-04-26T00:00:00,2024-04-26T02:00:00,2024-05-11T00:00:00,SHADOW,120,COMPLETED
TASK-02804,AST-248,,DEP-002,SEC-002,PREVENTIVE,2024-07-25T00:00:00,2024-07-25T02:00:00,2024-08-09T00:00:00,SHADOW,120,COMPLETED
TASK-02805,AST-248,,DEP-002,SEC-002,PREVENTIVE,2024-10-23T00:00:00,2024-10-23T02:00:00,2024-11-07T00:00:00,SHADOW,120,COMPLETED
TASK-02806,AST-248,,DEP-002,SEC-002,PREVENTIVE,2025-01-21T00:00:00,2025-01-21T02:00:00,2025-02-05T00:00:00,SHADOW,120,COMPLETED
TASK-02807,AST-248,,DEP-002,SEC-002,PREVENTIVE,2025-04-21T00:00:00,2025-04-21T02:00:00,2025-05-06T00:00:00,SHADOW,120,COMPLETED
TASK-02808,AST-248,,DEP-002,SEC-002,PREVENTIVE,2025-07-20T00:00:00,2025-07-20T02:00:00,2025-08-04T00:00:00,SHADOW,120,COMPLETED
TASK-02809,AST-248,,DEP-002,SEC-002,PREVENTIVE,2025-10-18T00:00:00,2025-10-18T02:00:00,2025-11-02T00:00:00,SHADOW,120,COMPLETED
TASK-02810,AST-248,,DEP-002,SEC-002,PREVENTIVE,2026-01-16T00:00:00,2026-01-16T02:00:00,2026-01-31T00:00:00,SHADOW,120,COMPLETED
TASK-02811,AST-248,,DEP-002,SEC-002,PREVENTIVE,2026-04-16T00:00:00,2026-04-16T02:00:00,2026-05-01T00:00:00,SHADOW,120,COMPLETED
TASK-02812,AST-248,,DEP-002,SEC-002,PREVENTIVE,2026-07-15T00:00:00,2026-07-15T02:00:00,2026-07-30T00:00:00,SHADOW,120,COMPLETED
TASK-02822,AST-251,,DEP-002,SEC-005,PREVENTIVE,2023-09-02T00:00:00,2023-09-02T02:00:00,2023-09-17T00:00:00,SHADOW,120,COMPLETED
TASK-02823,AST-251,,DEP-002,SEC-005,PREVENTIVE,2023-12-01T00:00:00,2023-12-01T02:00:00,2023-12-16T00:00:00,SHADOW,120,COMPLETED
TASK-02824,AST-251,,DEP-002,SEC-005,PREVENTIVE,2024-02-29T00:00:00,2024-02-29T02:00:00,2024-03-15T00:00:00,SHADOW,120,COMPLETED
TASK-02825,AST-251,,DEP-002,SEC-005,PREVENTIVE,2024-05-29T00:00:00,2024-05-29T02:00:00,2024-06-13T00:00:00,SHADOW,120,COMPLETED
TASK-02826,AST-251,,DEP-002,SEC-005,PREVENTIVE,2024-08-27T00:00:00,2024-08-27T02:00:00,2024-09-11T00:00:00,SHADOW,120,COMPLETED
TASK-02827,AST-251,,DEP-002,SEC-005,PREVENTIVE,2024-11-25T00:00:00,2024-11-25T02:00:00,2024-12-10T00:00:00,SHADOW,120,COMPLETED
TASK-02828,AST-251,,DEP-002,SEC-005,PREVENTIVE,2025-02-23T00:00:00,2025-02-23T02:00:00,2025-03-10T00:00:00,SHADOW,120,COMPLETED
TASK-02829,AST-251,,DEP-002,SEC-005,PREVENTIVE,2025-05-24T00:00:00,2025-05-24T02:00:00,2025-06-08T00:00:00,SHADOW,120,COMPLETED
TASK-02830,AST-251,,DEP-002,SEC-005,PREVENTIVE,2025-08-22T00:00:00,2025-08-22T02:00:00,2025-09-06T00:00:00,SHADOW,120,COMPLETED
TASK-02831,AST-251,,DEP-002,SEC-005,PREVENTIVE,2025-11-20T00:00:00,2025-11-20T02:00:00,2025-12-05T00:00:00,SHADOW,120,COMPLETED
TASK-02832,AST-251,,DEP-002,SEC-005,PREVENTIVE,2026-02-18T00:00:00,2026-02-18T02:00:00,2026-03-05T00:00:00,SHADOW,120,COMPLETED
TASK-02833,AST-251,,DEP-002,SEC-005,PREVENTIVE,2026-05-19T00:00:00,2026-05-19T02:00:00,2026-06-03T00:00:00,SHADOW,120,COMPLETED
TASK-02834,AST-252,,DEP-002,SEC-001,PREVENTIVE,2023-09-01T00:00:00,2023-09-01T02:00:00,2023-09-16T00:00:00,SHADOW,120,COMPLETED
TASK-02835,AST-252,,DEP-002,SEC-001,PREVENTIVE,2023-11-30T00:00:00,2023-11-30T02:00:00,2023-12-15T00:00:00,SHADOW,120,COMPLETED
TASK-02836,AST-252,,DEP-002,SEC-001,PREVENTIVE,2024-02-28T00:00:00,2024-02-28T02:00:00,2024-03-14T00:00:00,SHADOW,120,COMPLETED
TASK-02837,AST-252,,DEP-002,SEC-001,PREVENTIVE,2024-05-28T00:00:00,2024-05-28T02:00:00,2024-06-12T00:00:00,SHADOW,120,COMPLETED
TASK-02838,AST-252,,DEP-002,SEC-001,PREVENTIVE,2024-08-26T00:00:00,2024-08-26T02:00:00,2024-09-10T00:00:00,SHADOW,120,COMPLETED
TASK-02839,AST-252,,DEP-002,SEC-001,PREVENTIVE,2024-11-24T00:00:00,2024-11-24T02:00:00,2024-12-09T00:00:00,SHADOW,120,COMPLETED
TASK-02840,AST-252,,DEP-002,SEC-001,PREVENTIVE,2025-02-22T00:00:00,2025-02-22T02:00:00,2025-03-09T00:00:00,SHADOW,120,COMPLETED
TASK-02841,AST-252,,DEP-002,SEC-001,PREVENTIVE,2025-05-23T00:00:00,2025-05-23T02:00:00,2025-06-07T00:00:00,SHADOW,120,COMPLETED
TASK-02842,AST-252,,DEP-002,SEC-001,PREVENTIVE,2025-08-21T00:00:00,2025-08-21T02:00:00,2025-09-05T00:00:00,SHADOW,120,COMPLETED
TASK-02843,AST-252,,DEP-002,SEC-001,PREVENTIVE,2025-11-19T00:00:00,2025-11-19T02:00:00,2025-12-04T00:00:00,SHADOW,120,COMPLETED
TASK-02844,AST-252,,DEP-002,SEC-001,PREVENTIVE,2026-02-17T00:00:00,2026-02-17T02:00:00,2026-03-04T00:00:00,SHADOW,120,COMPLETED
TASK-02845,AST-252,,DEP-002,SEC-001,PREVENTIVE,2026-05-18T00:00:00,2026-05-18T02:00:00,2026-06-02T00:00:00,SHADOW,120,COMPLETED
TASK-02846,AST-253,,DEP-002,SEC-006,PREVENTIVE,2023-09-09T00:00:00,2023-09-09T02:00:00,2023-09-24T00:00:00,SHADOW,120,COMPLETED
TASK-02847,AST-253,,DEP-002,SEC-006,PREVENTIVE,2023-12-08T00:00:00,2023-12-08T02:00:00,2023-12-23T00:00:00,SHADOW,120,COMPLETED
TASK-02848,AST-253,,DEP-002,SEC-006,PREVENTIVE,2024-03-07T00:00:00,2024-03-07T02:00:00,2024-03-22T00:00:00,SHADOW,120,COMPLETED
TASK-02849,AST-253,,DEP-002,SEC-006,PREVENTIVE,2024-06-05T00:00:00,2024-06-05T02:00:00,2024-06-20T00:00:00,SHADOW,120,COMPLETED
TASK-02850,AST-253,,DEP-002,SEC-006,PREVENTIVE,2024-09-03T00:00:00,2024-09-03T02:00:00,2024-09-18T00:00:00,SHADOW,120,COMPLETED
TASK-02851,AST-253,,DEP-002,SEC-006,PREVENTIVE,2024-12-02T00:00:00,2024-12-02T02:00:00,2024-12-17T00:00:00,SHADOW,120,COMPLETED
TASK-02852,AST-253,,DEP-002,SEC-006,PREVENTIVE,2025-03-02T00:00:00,2025-03-02T02:00:00,2025-03-17T00:00:00,SHADOW,120,COMPLETED
TASK-02853,AST-253,,DEP-002,SEC-006,PREVENTIVE,2025-05-31T00:00:00,2025-05-31T02:00:00,2025-06-15T00:00:00,SHADOW,120,COMPLETED
TASK-02854,AST-253,,DEP-002,SEC-006,PREVENTIVE,2025-08-29T00:00:00,2025-08-29T02:00:00,2025-09-13T00:00:00,SHADOW,120,COMPLETED
TASK-02855,AST-253,,DEP-002,SEC-006,PREVENTIVE,2025-11-27T00:00:00,2025-11-27T02:00:00,2025-12-12T00:00:00,SHADOW,120,COMPLETED
TASK-02856,AST-253,,DEP-002,SEC-006,PREVENTIVE,2026-02-25T00:00:00,2026-02-25T02:00:00,2026-03-12T00:00:00,SHADOW,120,COMPLETED
TASK-02857,AST-253,,DEP-002,SEC-006,PREVENTIVE,2026-05-26T00:00:00,2026-05-26T02:00:00,2026-06-10T00:00:00,SHADOW,120,COMPLETED
TASK-02864,AST-255,,DEP-002,SEC-001,PREVENTIVE,2023-10-17T00:00:00,2023-10-17T02:00:00,2023-11-01T00:00:00,SHADOW,120,COMPLETED
TASK-02865,AST-255,,DEP-002,SEC-001,PREVENTIVE,2024-01-15T00:00:00,2024-01-15T02:00:00,2024-01-30T00:00:00,SHADOW,120,COMPLETED
TASK-02866,AST-255,,DEP-002,SEC-001,PREVENTIVE,2024-04-14T00:00:00,2024-04-14T02:00:00,2024-04-29T00:00:00,SHADOW,120,COMPLETED
TASK-02867,AST-255,,DEP-002,SEC-001,PREVENTIVE,2024-07-13T00:00:00,2024-07-13T02:00:00,2024-07-28T00:00:00,SHADOW,120,COMPLETED
TASK-02868,AST-255,,DEP-002,SEC-001,PREVENTIVE,2024-10-11T00:00:00,2024-10-11T02:00:00,2024-10-26T00:00:00,SHADOW,120,COMPLETED
TASK-02869,AST-255,,DEP-002,SEC-001,PREVENTIVE,2025-01-09T00:00:00,2025-01-09T02:00:00,2025-01-24T00:00:00,SHADOW,120,COMPLETED
TASK-02870,AST-255,,DEP-002,SEC-001,PREVENTIVE,2025-04-09T00:00:00,2025-04-09T02:00:00,2025-04-24T00:00:00,SHADOW,120,COMPLETED
TASK-02871,AST-255,,DEP-002,SEC-001,PREVENTIVE,2025-07-08T00:00:00,2025-07-08T02:00:00,2025-07-23T00:00:00,SHADOW,120,COMPLETED
TASK-02872,AST-255,,DEP-002,SEC-001,PREVENTIVE,2025-10-06T00:00:00,2025-10-06T02:00:00,2025-10-21T00:00:00,SHADOW,120,COMPLETED
TASK-02873,AST-255,,DEP-002,SEC-001,PREVENTIVE,2026-01-04T00:00:00,2026-01-04T02:00:00,2026-01-19T00:00:00,SHADOW,120,COMPLETED
TASK-02874,AST-255,,DEP-002,SEC-001,PREVENTIVE,2026-04-04T00:00:00,2026-04-04T02:00:00,2026-04-19T00:00:00,SHADOW,120,COMPLETED
TASK-02875,AST-255,,DEP-002,SEC-001,PREVENTIVE,2026-07-03T00:00:00,2026-07-03T02:00:00,2026-07-18T00:00:00,SHADOW,120,COMPLETED
TASK-02876,AST-256,,DEP-002,SEC-002,PREVENTIVE,2023-09-21T00:00:00,2023-09-21T02:00:00,2023-10-06T00:00:00,SHADOW,120,COMPLETED
TASK-02877,AST-256,,DEP-002,SEC-002,PREVENTIVE,2023-12-20T00:00:00,2023-12-20T02:00:00,2024-01-04T00:00:00,SHADOW,120,COMPLETED
TASK-02878,AST-256,,DEP-002,SEC-002,PREVENTIVE,2024-03-19T00:00:00,2024-03-19T02:00:00,2024-04-03T00:00:00,SHADOW,120,COMPLETED
TASK-02879,AST-256,,DEP-002,SEC-002,PREVENTIVE,2024-06-17T00:00:00,2024-06-17T02:00:00,2024-07-02T00:00:00,SHADOW,120,COMPLETED
TASK-02880,AST-256,,DEP-002,SEC-002,PREVENTIVE,2024-09-15T00:00:00,2024-09-15T02:00:00,2024-09-30T00:00:00,SHADOW,120,COMPLETED
TASK-02881,AST-256,,DEP-002,SEC-002,PREVENTIVE,2024-12-14T00:00:00,2024-12-14T02:00:00,2024-12-29T00:00:00,SHADOW,120,COMPLETED
TASK-02882,AST-256,,DEP-002,SEC-002,PREVENTIVE,2025-03-14T00:00:00,2025-03-14T02:00:00,2025-03-29T00:00:00,SHADOW,120,COMPLETED
TASK-02883,AST-256,,DEP-002,SEC-002,PREVENTIVE,2025-06-12T00:00:00,2025-06-12T02:00:00,2025-06-27T00:00:00,SHADOW,120,COMPLETED
TASK-02884,AST-256,,DEP-002,SEC-002,PREVENTIVE,2025-09-10T00:00:00,2025-09-10T02:00:00,2025-09-25T00:00:00,SHADOW,120,COMPLETED
TASK-02885,AST-256,,DEP-002,SEC-002,PREVENTIVE,2025-12-09T00:00:00,2025-12-09T02:00:00,2025-12-24T00:00:00,SHADOW,120,COMPLETED
TASK-02886,AST-256,,DEP-002,SEC-002,PREVENTIVE,2026-03-09T00:00:00,2026-03-09T02:00:00,2026-03-24T00:00:00,SHADOW,120,COMPLETED
TASK-02887,AST-256,,DEP-002,SEC-002,PREVENTIVE,2026-06-07T00:00:00,2026-06-07T02:00:00,2026-06-22T00:00:00,SHADOW,120,COMPLETED
TASK-02888,AST-257,,DEP-002,SEC-004,PREVENTIVE,2023-10-11T00:00:00,2023-10-11T02:00:00,2023-10-26T00:00:00,SHADOW,120,COMPLETED
TASK-02889,AST-257,,DEP-002,SEC-004,PREVENTIVE,2024-01-09T00:00:00,2024-01-09T02:00:00,2024-01-24T00:00:00,SHADOW,120,COMPLETED
TASK-02890,AST-257,,DEP-002,SEC-004,PREVENTIVE,2024-04-08T00:00:00,2024-04-08T02:00:00,2024-04-23T00:00:00,SHADOW,120,COMPLETED
TASK-02891,AST-257,,DEP-002,SEC-004,PREVENTIVE,2024-07-07T00:00:00,2024-07-07T02:00:00,2024-07-22T00:00:00,SHADOW,120,COMPLETED
TASK-02892,AST-257,,DEP-002,SEC-004,PREVENTIVE,2024-10-05T00:00:00,2024-10-05T02:00:00,2024-10-20T00:00:00,SHADOW,120,COMPLETED
TASK-02893,AST-257,,DEP-002,SEC-004,PREVENTIVE,2025-01-03T00:00:00,2025-01-03T02:00:00,2025-01-18T00:00:00,SHADOW,120,COMPLETED
TASK-02894,AST-257,,DEP-002,SEC-004,PREVENTIVE,2025-04-03T00:00:00,2025-04-03T02:00:00,2025-04-18T00:00:00,SHADOW,120,COMPLETED
TASK-02895,AST-257,,DEP-002,SEC-004,PREVENTIVE,2025-07-02T00:00:00,2025-07-02T02:00:00,2025-07-17T00:00:00,SHADOW,120,COMPLETED
TASK-02896,AST-257,,DEP-002,SEC-004,PREVENTIVE,2025-09-30T00:00:00,2025-09-30T02:00:00,2025-10-15T00:00:00,SHADOW,120,COMPLETED
TASK-02897,AST-257,,DEP-002,SEC-004,PREVENTIVE,2025-12-29T00:00:00,2025-12-29T02:00:00,2026-01-13T00:00:00,SHADOW,120,COMPLETED
TASK-02898,AST-257,,DEP-002,SEC-004,PREVENTIVE,2026-03-29T00:00:00,2026-03-29T02:00:00,2026-04-13T00:00:00,SHADOW,120,COMPLETED
TASK-02899,AST-257,,DEP-002,SEC-004,PREVENTIVE,2026-06-27T00:00:00,2026-06-27T02:00:00,2026-07-12T00:00:00,SHADOW,120,COMPLETED
TASK-02909,AST-260,,DEP-002,SEC-004,PREVENTIVE,2023-08-23T00:00:00,2023-08-23T02:00:00,2023-09-07T00:00:00,SHADOW,120,COMPLETED
TASK-02910,AST-260,,DEP-002,SEC-004,PREVENTIVE,2023-11-21T00:00:00,2023-11-21T02:00:00,2023-12-06T00:00:00,SHADOW,120,COMPLETED
TASK-02911,AST-260,,DEP-002,SEC-004,PREVENTIVE,2024-02-19T00:00:00,2024-02-19T02:00:00,2024-03-05T00:00:00,SHADOW,120,COMPLETED
TASK-02912,AST-260,,DEP-002,SEC-004,PREVENTIVE,2024-05-19T00:00:00,2024-05-19T02:00:00,2024-06-03T00:00:00,SHADOW,120,COMPLETED
TASK-02913,AST-260,,DEP-002,SEC-004,PREVENTIVE,2024-08-17T00:00:00,2024-08-17T02:00:00,2024-09-01T00:00:00,SHADOW,120,COMPLETED
TASK-02914,AST-260,,DEP-002,SEC-004,PREVENTIVE,2024-11-15T00:00:00,2024-11-15T02:00:00,2024-11-30T00:00:00,SHADOW,120,COMPLETED
TASK-02915,AST-260,,DEP-002,SEC-004,PREVENTIVE,2025-02-13T00:00:00,2025-02-13T02:00:00,2025-02-28T00:00:00,SHADOW,120,COMPLETED
TASK-02916,AST-260,,DEP-002,SEC-004,PREVENTIVE,2025-05-14T00:00:00,2025-05-14T02:00:00,2025-05-29T00:00:00,SHADOW,120,COMPLETED
TASK-02917,AST-260,,DEP-002,SEC-004,PREVENTIVE,2025-08-12T00:00:00,2025-08-12T02:00:00,2025-08-27T00:00:00,SHADOW,120,COMPLETED
TASK-02918,AST-260,,DEP-002,SEC-004,PREVENTIVE,2025-11-10T00:00:00,2025-11-10T02:00:00,2025-11-25T00:00:00,SHADOW,120,COMPLETED
TASK-02919,AST-260,,DEP-002,SEC-004,PREVENTIVE,2026-02-08T00:00:00,2026-02-08T02:00:00,2026-02-23T00:00:00,SHADOW,120,COMPLETED
TASK-02920,AST-260,,DEP-002,SEC-004,PREVENTIVE,2026-05-09T00:00:00,2026-05-09T02:00:00,2026-05-24T00:00:00,SHADOW,120,COMPLETED
TASK-02930,AST-264,,DEP-002,SEC-005,PREVENTIVE,2023-08-21T00:00:00,2023-08-21T02:00:00,2023-09-05T00:00:00,SHADOW,120,COMPLETED
TASK-02931,AST-264,,DEP-002,SEC-005,PREVENTIVE,2023-11-19T00:00:00,2023-11-19T02:00:00,2023-12-04T00:00:00,SHADOW,120,COMPLETED
TASK-02932,AST-264,,DEP-002,SEC-005,PREVENTIVE,2024-02-17T00:00:00,2024-02-17T02:00:00,2024-03-03T00:00:00,SHADOW,120,COMPLETED
TASK-02933,AST-264,,DEP-002,SEC-005,PREVENTIVE,2024-05-17T00:00:00,2024-05-17T02:00:00,2024-06-01T00:00:00,SHADOW,120,COMPLETED
TASK-02934,AST-264,,DEP-002,SEC-005,PREVENTIVE,2024-08-15T00:00:00,2024-08-15T02:00:00,2024-08-30T00:00:00,SHADOW,120,COMPLETED
TASK-02935,AST-264,,DEP-002,SEC-005,PREVENTIVE,2024-11-13T00:00:00,2024-11-13T02:00:00,2024-11-28T00:00:00,SHADOW,120,COMPLETED
TASK-02936,AST-264,,DEP-002,SEC-005,PREVENTIVE,2025-02-11T00:00:00,2025-02-11T02:00:00,2025-02-26T00:00:00,SHADOW,120,COMPLETED
TASK-02937,AST-264,,DEP-002,SEC-005,PREVENTIVE,2025-05-12T00:00:00,2025-05-12T02:00:00,2025-05-27T00:00:00,SHADOW,120,COMPLETED
TASK-02938,AST-264,,DEP-002,SEC-005,PREVENTIVE,2025-08-10T00:00:00,2025-08-10T02:00:00,2025-08-25T00:00:00,SHADOW,120,COMPLETED
TASK-02939,AST-264,,DEP-002,SEC-005,PREVENTIVE,2025-11-08T00:00:00,2025-11-08T02:00:00,2025-11-23T00:00:00,SHADOW,120,COMPLETED
TASK-02940,AST-264,,DEP-002,SEC-005,PREVENTIVE,2026-02-06T00:00:00,2026-02-06T02:00:00,2026-02-21T00:00:00,SHADOW,120,COMPLETED
TASK-02941,AST-264,,DEP-002,SEC-005,PREVENTIVE,2026-05-07T00:00:00,2026-05-07T02:00:00,2026-05-22T00:00:00,SHADOW,120,COMPLETED
TASK-02942,AST-265,,DEP-002,SEC-004,PREVENTIVE,2023-10-27T00:00:00,2023-10-27T02:00:00,2023-11-11T00:00:00,SHADOW,120,COMPLETED
TASK-02943,AST-265,,DEP-002,SEC-004,PREVENTIVE,2024-01-25T00:00:00,2024-01-25T02:00:00,2024-02-09T00:00:00,SHADOW,120,COMPLETED
TASK-02944,AST-265,,DEP-002,SEC-004,PREVENTIVE,2024-04-24T00:00:00,2024-04-24T02:00:00,2024-05-09T00:00:00,SHADOW,120,COMPLETED
TASK-02945,AST-265,,DEP-002,SEC-004,PREVENTIVE,2024-07-23T00:00:00,2024-07-23T02:00:00,2024-08-07T00:00:00,SHADOW,120,COMPLETED
TASK-02946,AST-265,,DEP-002,SEC-004,PREVENTIVE,2024-10-21T00:00:00,2024-10-21T02:00:00,2024-11-05T00:00:00,SHADOW,120,COMPLETED
TASK-02947,AST-265,,DEP-002,SEC-004,PREVENTIVE,2025-01-19T00:00:00,2025-01-19T02:00:00,2025-02-03T00:00:00,SHADOW,120,COMPLETED
TASK-02948,AST-265,,DEP-002,SEC-004,PREVENTIVE,2025-04-19T00:00:00,2025-04-19T02:00:00,2025-05-04T00:00:00,SHADOW,120,COMPLETED
TASK-02949,AST-265,,DEP-002,SEC-004,PREVENTIVE,2025-07-18T00:00:00,2025-07-18T02:00:00,2025-08-02T00:00:00,SHADOW,120,COMPLETED
TASK-02950,AST-265,,DEP-002,SEC-004,PREVENTIVE,2025-10-16T00:00:00,2025-10-16T02:00:00,2025-10-31T00:00:00,SHADOW,120,COMPLETED
TASK-02951,AST-265,,DEP-002,SEC-004,PREVENTIVE,2026-01-14T00:00:00,2026-01-14T02:00:00,2026-01-29T00:00:00,SHADOW,120,COMPLETED
TASK-02952,AST-265,,DEP-002,SEC-004,PREVENTIVE,2026-04-14T00:00:00,2026-04-14T02:00:00,2026-04-29T00:00:00,SHADOW,120,COMPLETED
TASK-02953,AST-265,,DEP-002,SEC-004,PREVENTIVE,2026-07-13T00:00:00,2026-07-13T02:00:00,2026-07-28T00:00:00,SHADOW,120,COMPLETED
TASK-02960,AST-267,,DEP-002,SEC-001,PREVENTIVE,2023-09-19T00:00:00,2023-09-19T02:00:00,2023-10-04T00:00:00,SHADOW,120,COMPLETED
TASK-02961,AST-267,,DEP-002,SEC-001,PREVENTIVE,2023-12-18T00:00:00,2023-12-18T02:00:00,2024-01-02T00:00:00,SHADOW,120,COMPLETED
TASK-02962,AST-267,,DEP-002,SEC-001,PREVENTIVE,2024-03-17T00:00:00,2024-03-17T02:00:00,2024-04-01T00:00:00,SHADOW,120,COMPLETED
TASK-02963,AST-267,,DEP-002,SEC-001,PREVENTIVE,2024-06-15T00:00:00,2024-06-15T02:00:00,2024-06-30T00:00:00,SHADOW,120,COMPLETED
TASK-02964,AST-267,,DEP-002,SEC-001,PREVENTIVE,2024-09-13T00:00:00,2024-09-13T02:00:00,2024-09-28T00:00:00,SHADOW,120,COMPLETED
TASK-02965,AST-267,,DEP-002,SEC-001,PREVENTIVE,2024-12-12T00:00:00,2024-12-12T02:00:00,2024-12-27T00:00:00,SHADOW,120,COMPLETED
TASK-02966,AST-267,,DEP-002,SEC-001,PREVENTIVE,2025-03-12T00:00:00,2025-03-12T02:00:00,2025-03-27T00:00:00,SHADOW,120,COMPLETED
TASK-02967,AST-267,,DEP-002,SEC-001,PREVENTIVE,2025-06-10T00:00:00,2025-06-10T02:00:00,2025-06-25T00:00:00,SHADOW,120,COMPLETED
TASK-02968,AST-267,,DEP-002,SEC-001,PREVENTIVE,2025-09-08T00:00:00,2025-09-08T02:00:00,2025-09-23T00:00:00,SHADOW,120,COMPLETED
TASK-02969,AST-267,,DEP-002,SEC-001,PREVENTIVE,2025-12-07T00:00:00,2025-12-07T02:00:00,2025-12-22T00:00:00,SHADOW,120,COMPLETED
TASK-02970,AST-267,,DEP-002,SEC-001,PREVENTIVE,2026-03-07T00:00:00,2026-03-07T02:00:00,2026-03-22T00:00:00,SHADOW,120,COMPLETED
TASK-02971,AST-267,,DEP-002,SEC-001,PREVENTIVE,2026-06-05T00:00:00,2026-06-05T02:00:00,2026-06-20T00:00:00,SHADOW,120,COMPLETED
TASK-02984,AST-271,,DEP-002,SEC-001,PREVENTIVE,2023-09-20T00:00:00,2023-09-20T02:00:00,2023-10-05T00:00:00,SHADOW,120,COMPLETED
TASK-02985,AST-271,,DEP-002,SEC-001,PREVENTIVE,2023-12-19T00:00:00,2023-12-19T02:00:00,2024-01-03T00:00:00,SHADOW,120,COMPLETED
TASK-02986,AST-271,,DEP-002,SEC-001,PREVENTIVE,2024-03-18T00:00:00,2024-03-18T02:00:00,2024-04-02T00:00:00,SHADOW,120,COMPLETED
TASK-02987,AST-271,,DEP-002,SEC-001,PREVENTIVE,2024-06-16T00:00:00,2024-06-16T02:00:00,2024-07-01T00:00:00,SHADOW,120,COMPLETED
TASK-02988,AST-271,,DEP-002,SEC-001,PREVENTIVE,2024-09-14T00:00:00,2024-09-14T02:00:00,2024-09-29T00:00:00,SHADOW,120,COMPLETED
TASK-02989,AST-271,,DEP-002,SEC-001,PREVENTIVE,2024-12-13T00:00:00,2024-12-13T02:00:00,2024-12-28T00:00:00,SHADOW,120,COMPLETED
TASK-02990,AST-271,,DEP-002,SEC-001,PREVENTIVE,2025-03-13T00:00:00,2025-03-13T02:00:00,2025-03-28T00:00:00,SHADOW,120,COMPLETED
TASK-02991,AST-271,,DEP-002,SEC-001,PREVENTIVE,2025-06-11T00:00:00,2025-06-11T02:00:00,2025-06-26T00:00:00,SHADOW,120,COMPLETED
TASK-02992,AST-271,,DEP-002,SEC-001,PREVENTIVE,2025-09-09T00:00:00,2025-09-09T02:00:00,2025-09-24T00:00:00,SHADOW,120,COMPLETED
TASK-02993,AST-271,,DEP-002,SEC-001,PREVENTIVE,2025-12-08T00:00:00,2025-12-08T02:00:00,2025-12-23T00:00:00,SHADOW,120,COMPLETED
TASK-02994,AST-271,,DEP-002,SEC-001,PREVENTIVE,2026-03-08T00:00:00,2026-03-08T02:00:00,2026-03-23T00:00:00,SHADOW,120,COMPLETED
TASK-02995,AST-271,,DEP-002,SEC-001,PREVENTIVE,2026-06-06T00:00:00,2026-06-06T02:00:00,2026-06-21T00:00:00,SHADOW,120,COMPLETED
TASK-03008,AST-274,,DEP-002,SEC-001,PREVENTIVE,2023-09-19T00:00:00,2023-09-19T02:00:00,2023-10-04T00:00:00,SHADOW,120,COMPLETED
TASK-03009,AST-274,,DEP-002,SEC-001,PREVENTIVE,2023-12-18T00:00:00,2023-12-18T02:00:00,2024-01-02T00:00:00,SHADOW,120,COMPLETED
TASK-03010,AST-274,,DEP-002,SEC-001,PREVENTIVE,2024-03-17T00:00:00,2024-03-17T02:00:00,2024-04-01T00:00:00,SHADOW,120,COMPLETED
TASK-03011,AST-274,,DEP-002,SEC-001,PREVENTIVE,2024-06-15T00:00:00,2024-06-15T02:00:00,2024-06-30T00:00:00,SHADOW,120,COMPLETED
TASK-03012,AST-274,,DEP-002,SEC-001,PREVENTIVE,2024-09-13T00:00:00,2024-09-13T02:00:00,2024-09-28T00:00:00,SHADOW,120,COMPLETED
TASK-03013,AST-274,,DEP-002,SEC-001,PREVENTIVE,2024-12-12T00:00:00,2024-12-12T02:00:00,2024-12-27T00:00:00,SHADOW,120,COMPLETED
TASK-03014,AST-274,,DEP-002,SEC-001,PREVENTIVE,2025-03-12T00:00:00,2025-03-12T02:00:00,2025-03-27T00:00:00,SHADOW,120,COMPLETED
TASK-03015,AST-274,,DEP-002,SEC-001,PREVENTIVE,2025-06-10T00:00:00,2025-06-10T02:00:00,2025-06-25T00:00:00,SHADOW,120,COMPLETED
TASK-03016,AST-274,,DEP-002,SEC-001,PREVENTIVE,2025-09-08T00:00:00,2025-09-08T02:00:00,2025-09-23T00:00:00,SHADOW,120,COMPLETED
TASK-03017,AST-274,,DEP-002,SEC-001,PREVENTIVE,2025-12-07T00:00:00,2025-12-07T02:00:00,2025-12-22T00:00:00,SHADOW,120,COMPLETED
TASK-03018,AST-274,,DEP-002,SEC-001,PREVENTIVE,2026-03-07T00:00:00,2026-03-07T02:00:00,2026-03-22T00:00:00,SHADOW,120,COMPLETED
TASK-03019,AST-274,,DEP-002,SEC-001,PREVENTIVE,2026-06-05T00:00:00,2026-06-05T02:00:00,2026-06-20T00:00:00,SHADOW,120,COMPLETED
TASK-03026,AST-276,,DEP-002,SEC-002,PREVENTIVE,2023-10-06T00:00:00,2023-10-06T02:00:00,2023-10-21T00:00:00,SHADOW,120,COMPLETED
TASK-03027,AST-276,,DEP-002,SEC-002,PREVENTIVE,2024-01-04T00:00:00,2024-01-04T02:00:00,2024-01-19T00:00:00,SHADOW,120,COMPLETED
TASK-03028,AST-276,,DEP-002,SEC-002,PREVENTIVE,2024-04-03T00:00:00,2024-04-03T02:00:00,2024-04-18T00:00:00,SHADOW,120,COMPLETED
TASK-03029,AST-276,,DEP-002,SEC-002,PREVENTIVE,2024-07-02T00:00:00,2024-07-02T02:00:00,2024-07-17T00:00:00,SHADOW,120,COMPLETED
TASK-03030,AST-276,,DEP-002,SEC-002,PREVENTIVE,2024-09-30T00:00:00,2024-09-30T02:00:00,2024-10-15T00:00:00,SHADOW,120,COMPLETED
TASK-03031,AST-276,,DEP-002,SEC-002,PREVENTIVE,2024-12-29T00:00:00,2024-12-29T02:00:00,2025-01-13T00:00:00,SHADOW,120,COMPLETED
TASK-03032,AST-276,,DEP-002,SEC-002,PREVENTIVE,2025-03-29T00:00:00,2025-03-29T02:00:00,2025-04-13T00:00:00,SHADOW,120,COMPLETED
TASK-03033,AST-276,,DEP-002,SEC-002,PREVENTIVE,2025-06-27T00:00:00,2025-06-27T02:00:00,2025-07-12T00:00:00,SHADOW,120,COMPLETED
TASK-03034,AST-276,,DEP-002,SEC-002,PREVENTIVE,2025-09-25T00:00:00,2025-09-25T02:00:00,2025-10-10T00:00:00,SHADOW,120,COMPLETED
TASK-03035,AST-276,,DEP-002,SEC-002,PREVENTIVE,2025-12-24T00:00:00,2025-12-24T02:00:00,2026-01-08T00:00:00,SHADOW,120,COMPLETED
TASK-03036,AST-276,,DEP-002,SEC-002,PREVENTIVE,2026-03-24T00:00:00,2026-03-24T02:00:00,2026-04-08T00:00:00,SHADOW,120,COMPLETED
TASK-03037,AST-276,,DEP-002,SEC-002,PREVENTIVE,2026-06-22T00:00:00,2026-06-22T02:00:00,2026-07-07T00:00:00,SHADOW,120,COMPLETED
TASK-03041,AST-278,,DEP-002,SEC-003,PREVENTIVE,2023-09-15T00:00:00,2023-09-15T02:00:00,2023-09-30T00:00:00,SHADOW,120,COMPLETED
TASK-03042,AST-278,,DEP-002,SEC-003,PREVENTIVE,2023-12-14T00:00:00,2023-12-14T02:00:00,2023-12-29T00:00:00,SHADOW,120,COMPLETED
TASK-03043,AST-278,,DEP-002,SEC-003,PREVENTIVE,2024-03-13T00:00:00,2024-03-13T02:00:00,2024-03-28T00:00:00,SHADOW,120,COMPLETED
TASK-03044,AST-278,,DEP-002,SEC-003,PREVENTIVE,2024-06-11T00:00:00,2024-06-11T02:00:00,2024-06-26T00:00:00,SHADOW,120,COMPLETED
TASK-03045,AST-278,,DEP-002,SEC-003,PREVENTIVE,2024-09-09T00:00:00,2024-09-09T02:00:00,2024-09-24T00:00:00,SHADOW,120,COMPLETED
TASK-03046,AST-278,,DEP-002,SEC-003,PREVENTIVE,2024-12-08T00:00:00,2024-12-08T02:00:00,2024-12-23T00:00:00,SHADOW,120,COMPLETED
TASK-03047,AST-278,,DEP-002,SEC-003,PREVENTIVE,2025-03-08T00:00:00,2025-03-08T02:00:00,2025-03-23T00:00:00,SHADOW,120,COMPLETED
TASK-03048,AST-278,,DEP-002,SEC-003,PREVENTIVE,2025-06-06T00:00:00,2025-06-06T02:00:00,2025-06-21T00:00:00,SHADOW,120,COMPLETED
TASK-03049,AST-278,,DEP-002,SEC-003,PREVENTIVE,2025-09-04T00:00:00,2025-09-04T02:00:00,2025-09-19T00:00:00,SHADOW,120,COMPLETED
TASK-03050,AST-278,,DEP-002,SEC-003,PREVENTIVE,2025-12-03T00:00:00,2025-12-03T02:00:00,2025-12-18T00:00:00,SHADOW,120,COMPLETED
TASK-03051,AST-278,,DEP-002,SEC-003,PREVENTIVE,2026-03-03T00:00:00,2026-03-03T02:00:00,2026-03-18T00:00:00,SHADOW,120,COMPLETED
TASK-03052,AST-278,,DEP-002,SEC-003,PREVENTIVE,2026-06-01T00:00:00,2026-06-01T02:00:00,2026-06-16T00:00:00,SHADOW,120,COMPLETED
TASK-03053,AST-279,,DEP-002,SEC-004,PREVENTIVE,2023-10-07T00:00:00,2023-10-07T02:00:00,2023-10-22T00:00:00,SHADOW,120,COMPLETED
TASK-03054,AST-279,,DEP-002,SEC-004,PREVENTIVE,2024-01-05T00:00:00,2024-01-05T02:00:00,2024-01-20T00:00:00,SHADOW,120,COMPLETED
TASK-03055,AST-279,,DEP-002,SEC-004,PREVENTIVE,2024-04-04T00:00:00,2024-04-04T02:00:00,2024-04-19T00:00:00,SHADOW,120,COMPLETED
TASK-03056,AST-279,,DEP-002,SEC-004,PREVENTIVE,2024-07-03T00:00:00,2024-07-03T02:00:00,2024-07-18T00:00:00,SHADOW,120,COMPLETED
TASK-03057,AST-279,,DEP-002,SEC-004,PREVENTIVE,2024-10-01T00:00:00,2024-10-01T02:00:00,2024-10-16T00:00:00,SHADOW,120,COMPLETED
TASK-03058,AST-279,,DEP-002,SEC-004,PREVENTIVE,2024-12-30T00:00:00,2024-12-30T02:00:00,2025-01-14T00:00:00,SHADOW,120,COMPLETED
TASK-03059,AST-279,,DEP-002,SEC-004,PREVENTIVE,2025-03-30T00:00:00,2025-03-30T02:00:00,2025-04-14T00:00:00,SHADOW,120,COMPLETED
TASK-03060,AST-279,,DEP-002,SEC-004,PREVENTIVE,2025-06-28T00:00:00,2025-06-28T02:00:00,2025-07-13T00:00:00,SHADOW,120,COMPLETED
TASK-03061,AST-279,,DEP-002,SEC-004,PREVENTIVE,2025-09-26T00:00:00,2025-09-26T02:00:00,2025-10-11T00:00:00,SHADOW,120,COMPLETED
TASK-03062,AST-279,,DEP-002,SEC-004,PREVENTIVE,2025-12-25T00:00:00,2025-12-25T02:00:00,2026-01-09T00:00:00,SHADOW,120,COMPLETED
TASK-03063,AST-279,,DEP-002,SEC-004,PREVENTIVE,2026-03-25T00:00:00,2026-03-25T02:00:00,2026-04-09T00:00:00,SHADOW,120,COMPLETED
TASK-03064,AST-279,,DEP-002,SEC-004,PREVENTIVE,2026-06-23T00:00:00,2026-06-23T02:00:00,2026-07-08T00:00:00,SHADOW,120,COMPLETED
TASK-03065,AST-280,,DEP-002,SEC-004,PREVENTIVE,2023-10-08T00:00:00,2023-10-08T02:00:00,2023-10-23T00:00:00,SHADOW,120,COMPLETED
TASK-03066,AST-280,,DEP-002,SEC-004,PREVENTIVE,2024-01-06T00:00:00,2024-01-06T02:00:00,2024-01-21T00:00:00,SHADOW,120,COMPLETED
TASK-03067,AST-280,,DEP-002,SEC-004,PREVENTIVE,2024-04-05T00:00:00,2024-04-05T02:00:00,2024-04-20T00:00:00,SHADOW,120,COMPLETED
TASK-03068,AST-280,,DEP-002,SEC-004,PREVENTIVE,2024-07-04T00:00:00,2024-07-04T02:00:00,2024-07-19T00:00:00,SHADOW,120,COMPLETED
TASK-03069,AST-280,,DEP-002,SEC-004,PREVENTIVE,2024-10-02T00:00:00,2024-10-02T02:00:00,2024-10-17T00:00:00,SHADOW,120,COMPLETED
TASK-03070,AST-280,,DEP-002,SEC-004,PREVENTIVE,2024-12-31T00:00:00,2024-12-31T02:00:00,2025-01-15T00:00:00,SHADOW,120,COMPLETED
TASK-03071,AST-280,,DEP-002,SEC-004,PREVENTIVE,2025-03-31T00:00:00,2025-03-31T02:00:00,2025-04-15T00:00:00,SHADOW,120,COMPLETED
TASK-03072,AST-280,,DEP-002,SEC-004,PREVENTIVE,2025-06-29T00:00:00,2025-06-29T02:00:00,2025-07-14T00:00:00,SHADOW,120,COMPLETED
TASK-03073,AST-280,,DEP-002,SEC-004,PREVENTIVE,2025-09-27T00:00:00,2025-09-27T02:00:00,2025-10-12T00:00:00,SHADOW,120,COMPLETED
TASK-03074,AST-280,,DEP-002,SEC-004,PREVENTIVE,2025-12-26T00:00:00,2025-12-26T02:00:00,2026-01-10T00:00:00,SHADOW,120,COMPLETED
TASK-03075,AST-280,,DEP-002,SEC-004,PREVENTIVE,2026-03-26T00:00:00,2026-03-26T02:00:00,2026-04-10T00:00:00,SHADOW,120,COMPLETED
TASK-03076,AST-280,,DEP-002,SEC-004,PREVENTIVE,2026-06-24T00:00:00,2026-06-24T02:00:00,2026-07-09T00:00:00,SHADOW,120,COMPLETED
TASK-03077,AST-281,,DEP-002,SEC-005,PREVENTIVE,2023-09-07T00:00:00,2023-09-07T02:00:00,2023-09-22T00:00:00,SHADOW,120,COMPLETED
TASK-03078,AST-281,,DEP-002,SEC-005,PREVENTIVE,2023-12-06T00:00:00,2023-12-06T02:00:00,2023-12-21T00:00:00,SHADOW,120,COMPLETED
TASK-03079,AST-281,,DEP-002,SEC-005,PREVENTIVE,2024-03-05T00:00:00,2024-03-05T02:00:00,2024-03-20T00:00:00,SHADOW,120,COMPLETED
TASK-03080,AST-281,,DEP-002,SEC-005,PREVENTIVE,2024-06-03T00:00:00,2024-06-03T02:00:00,2024-06-18T00:00:00,SHADOW,120,COMPLETED
TASK-03081,AST-281,,DEP-002,SEC-005,PREVENTIVE,2024-09-01T00:00:00,2024-09-01T02:00:00,2024-09-16T00:00:00,SHADOW,120,COMPLETED
TASK-03082,AST-281,,DEP-002,SEC-005,PREVENTIVE,2024-11-30T00:00:00,2024-11-30T02:00:00,2024-12-15T00:00:00,SHADOW,120,COMPLETED
TASK-03083,AST-281,,DEP-002,SEC-005,PREVENTIVE,2025-02-28T00:00:00,2025-02-28T02:00:00,2025-03-15T00:00:00,SHADOW,120,COMPLETED
TASK-03084,AST-281,,DEP-002,SEC-005,PREVENTIVE,2025-05-29T00:00:00,2025-05-29T02:00:00,2025-06-13T00:00:00,SHADOW,120,COMPLETED
TASK-03085,AST-281,,DEP-002,SEC-005,PREVENTIVE,2025-08-27T00:00:00,2025-08-27T02:00:00,2025-09-11T00:00:00,SHADOW,120,COMPLETED
TASK-03086,AST-281,,DEP-002,SEC-005,PREVENTIVE,2025-11-25T00:00:00,2025-11-25T02:00:00,2025-12-10T00:00:00,SHADOW,120,COMPLETED
TASK-03087,AST-281,,DEP-002,SEC-005,PREVENTIVE,2026-02-23T00:00:00,2026-02-23T02:00:00,2026-03-10T00:00:00,SHADOW,120,COMPLETED
TASK-03088,AST-281,,DEP-002,SEC-005,PREVENTIVE,2026-05-24T00:00:00,2026-05-24T02:00:00,2026-06-08T00:00:00,SHADOW,120,COMPLETED
TASK-03101,AST-285,,DEP-002,SEC-005,PREVENTIVE,2023-08-22T00:00:00,2023-08-22T02:00:00,2023-09-06T00:00:00,SHADOW,120,COMPLETED
TASK-03102,AST-285,,DEP-002,SEC-005,PREVENTIVE,2023-11-20T00:00:00,2023-11-20T02:00:00,2023-12-05T00:00:00,SHADOW,120,COMPLETED
TASK-03103,AST-285,,DEP-002,SEC-005,PREVENTIVE,2024-02-18T00:00:00,2024-02-18T02:00:00,2024-03-04T00:00:00,SHADOW,120,COMPLETED
TASK-03104,AST-285,,DEP-002,SEC-005,PREVENTIVE,2024-05-18T00:00:00,2024-05-18T02:00:00,2024-06-02T00:00:00,SHADOW,120,COMPLETED
TASK-03105,AST-285,,DEP-002,SEC-005,PREVENTIVE,2024-08-16T00:00:00,2024-08-16T02:00:00,2024-08-31T00:00:00,SHADOW,120,COMPLETED
TASK-03106,AST-285,,DEP-002,SEC-005,PREVENTIVE,2024-11-14T00:00:00,2024-11-14T02:00:00,2024-11-29T00:00:00,SHADOW,120,COMPLETED
TASK-03107,AST-285,,DEP-002,SEC-005,PREVENTIVE,2025-02-12T00:00:00,2025-02-12T02:00:00,2025-02-27T00:00:00,SHADOW,120,COMPLETED
TASK-03108,AST-285,,DEP-002,SEC-005,PREVENTIVE,2025-05-13T00:00:00,2025-05-13T02:00:00,2025-05-28T00:00:00,SHADOW,120,COMPLETED
TASK-03109,AST-285,,DEP-002,SEC-005,PREVENTIVE,2025-08-11T00:00:00,2025-08-11T02:00:00,2025-08-26T00:00:00,SHADOW,120,COMPLETED
TASK-03110,AST-285,,DEP-002,SEC-005,PREVENTIVE,2025-11-09T00:00:00,2025-11-09T02:00:00,2025-11-24T00:00:00,SHADOW,120,COMPLETED
TASK-03111,AST-285,,DEP-002,SEC-005,PREVENTIVE,2026-02-07T00:00:00,2026-02-07T02:00:00,2026-02-22T00:00:00,SHADOW,120,COMPLETED
TASK-03112,AST-285,,DEP-002,SEC-005,PREVENTIVE,2026-05-08T00:00:00,2026-05-08T02:00:00,2026-05-23T00:00:00,SHADOW,120,COMPLETED
TASK-03122,AST-288,,DEP-002,SEC-001,PREVENTIVE,2023-08-29T00:00:00,2023-08-29T02:00:00,2023-09-13T00:00:00,SHADOW,120,COMPLETED
TASK-03123,AST-288,,DEP-002,SEC-001,PREVENTIVE,2023-11-27T00:00:00,2023-11-27T02:00:00,2023-12-12T00:00:00,SHADOW,120,COMPLETED
TASK-03124,AST-288,,DEP-002,SEC-001,PREVENTIVE,2024-02-25T00:00:00,2024-02-25T02:00:00,2024-03-11T00:00:00,SHADOW,120,COMPLETED
TASK-03125,AST-288,,DEP-002,SEC-001,PREVENTIVE,2024-05-25T00:00:00,2024-05-25T02:00:00,2024-06-09T00:00:00,SHADOW,120,COMPLETED
TASK-03126,AST-288,,DEP-002,SEC-001,PREVENTIVE,2024-08-23T00:00:00,2024-08-23T02:00:00,2024-09-07T00:00:00,SHADOW,120,COMPLETED
TASK-03127,AST-288,,DEP-002,SEC-001,PREVENTIVE,2024-11-21T00:00:00,2024-11-21T02:00:00,2024-12-06T00:00:00,SHADOW,120,COMPLETED
TASK-03128,AST-288,,DEP-002,SEC-001,PREVENTIVE,2025-02-19T00:00:00,2025-02-19T02:00:00,2025-03-06T00:00:00,SHADOW,120,COMPLETED
TASK-03129,AST-288,,DEP-002,SEC-001,PREVENTIVE,2025-05-20T00:00:00,2025-05-20T02:00:00,2025-06-04T00:00:00,SHADOW,120,COMPLETED
TASK-03130,AST-288,,DEP-002,SEC-001,PREVENTIVE,2025-08-18T00:00:00,2025-08-18T02:00:00,2025-09-02T00:00:00,SHADOW,120,COMPLETED
TASK-03131,AST-288,,DEP-002,SEC-001,PREVENTIVE,2025-11-16T00:00:00,2025-11-16T02:00:00,2025-12-01T00:00:00,SHADOW,120,COMPLETED
TASK-03132,AST-288,,DEP-002,SEC-001,PREVENTIVE,2026-02-14T00:00:00,2026-02-14T02:00:00,2026-03-01T00:00:00,SHADOW,120,COMPLETED
TASK-03133,AST-288,,DEP-002,SEC-001,PREVENTIVE,2026-05-15T00:00:00,2026-05-15T02:00:00,2026-05-30T00:00:00,SHADOW,120,COMPLETED
TASK-03137,AST-290,,DEP-002,SEC-002,PREVENTIVE,2023-08-24T00:00:00,2023-08-24T02:00:00,2023-09-08T00:00:00,SHADOW,120,COMPLETED
TASK-03138,AST-290,,DEP-002,SEC-002,PREVENTIVE,2023-11-22T00:00:00,2023-11-22T02:00:00,2023-12-07T00:00:00,SHADOW,120,COMPLETED
TASK-03139,AST-290,,DEP-002,SEC-002,PREVENTIVE,2024-02-20T00:00:00,2024-02-20T02:00:00,2024-03-06T00:00:00,SHADOW,120,COMPLETED
TASK-03140,AST-290,,DEP-002,SEC-002,PREVENTIVE,2024-05-20T00:00:00,2024-05-20T02:00:00,2024-06-04T00:00:00,SHADOW,120,COMPLETED
TASK-03141,AST-290,,DEP-002,SEC-002,PREVENTIVE,2024-08-18T00:00:00,2024-08-18T02:00:00,2024-09-02T00:00:00,SHADOW,120,COMPLETED
TASK-03142,AST-290,,DEP-002,SEC-002,PREVENTIVE,2024-11-16T00:00:00,2024-11-16T02:00:00,2024-12-01T00:00:00,SHADOW,120,COMPLETED
TASK-03143,AST-290,,DEP-002,SEC-002,PREVENTIVE,2025-02-14T00:00:00,2025-02-14T02:00:00,2025-03-01T00:00:00,SHADOW,120,COMPLETED
TASK-03144,AST-290,,DEP-002,SEC-002,PREVENTIVE,2025-05-15T00:00:00,2025-05-15T02:00:00,2025-05-30T00:00:00,SHADOW,120,COMPLETED
TASK-03145,AST-290,,DEP-002,SEC-002,PREVENTIVE,2025-08-13T00:00:00,2025-08-13T02:00:00,2025-08-28T00:00:00,SHADOW,120,COMPLETED
TASK-03146,AST-290,,DEP-002,SEC-002,PREVENTIVE,2025-11-11T00:00:00,2025-11-11T02:00:00,2025-11-26T00:00:00,SHADOW,120,COMPLETED
TASK-03147,AST-290,,DEP-002,SEC-002,PREVENTIVE,2026-02-09T00:00:00,2026-02-09T02:00:00,2026-02-24T00:00:00,SHADOW,120,COMPLETED
TASK-03148,AST-290,,DEP-002,SEC-002,PREVENTIVE,2026-05-10T00:00:00,2026-05-10T02:00:00,2026-05-25T00:00:00,SHADOW,120,COMPLETED
TASK-03149,AST-291,,DEP-002,SEC-003,PREVENTIVE,2023-08-20T00:00:00,2023-08-20T02:00:00,2023-09-04T00:00:00,SHADOW,120,COMPLETED
TASK-03150,AST-291,,DEP-002,SEC-003,PREVENTIVE,2023-11-18T00:00:00,2023-11-18T02:00:00,2023-12-03T00:00:00,SHADOW,120,COMPLETED
TASK-03151,AST-291,,DEP-002,SEC-003,PREVENTIVE,2024-02-16T00:00:00,2024-02-16T02:00:00,2024-03-02T00:00:00,SHADOW,120,COMPLETED
TASK-03152,AST-291,,DEP-002,SEC-003,PREVENTIVE,2024-05-16T00:00:00,2024-05-16T02:00:00,2024-05-31T00:00:00,SHADOW,120,COMPLETED
TASK-03153,AST-291,,DEP-002,SEC-003,PREVENTIVE,2024-08-14T00:00:00,2024-08-14T02:00:00,2024-08-29T00:00:00,SHADOW,120,COMPLETED
TASK-03154,AST-291,,DEP-002,SEC-003,PREVENTIVE,2024-11-12T00:00:00,2024-11-12T02:00:00,2024-11-27T00:00:00,SHADOW,120,COMPLETED
TASK-03155,AST-291,,DEP-002,SEC-003,PREVENTIVE,2025-02-10T00:00:00,2025-02-10T02:00:00,2025-02-25T00:00:00,SHADOW,120,COMPLETED
TASK-03156,AST-291,,DEP-002,SEC-003,PREVENTIVE,2025-05-11T00:00:00,2025-05-11T02:00:00,2025-05-26T00:00:00,SHADOW,120,COMPLETED
TASK-03157,AST-291,,DEP-002,SEC-003,PREVENTIVE,2025-08-09T00:00:00,2025-08-09T02:00:00,2025-08-24T00:00:00,SHADOW,120,COMPLETED
TASK-03158,AST-291,,DEP-002,SEC-003,PREVENTIVE,2025-11-07T00:00:00,2025-11-07T02:00:00,2025-11-22T00:00:00,SHADOW,120,COMPLETED
TASK-03159,AST-291,,DEP-002,SEC-003,PREVENTIVE,2026-02-05T00:00:00,2026-02-05T02:00:00,2026-02-20T00:00:00,SHADOW,120,COMPLETED
TASK-03160,AST-291,,DEP-002,SEC-003,PREVENTIVE,2026-05-06T00:00:00,2026-05-06T02:00:00,2026-05-21T00:00:00,SHADOW,120,COMPLETED
TASK-03164,AST-293,,DEP-002,SEC-003,PREVENTIVE,2023-10-08T00:00:00,2023-10-08T02:00:00,2023-10-23T00:00:00,SHADOW,120,COMPLETED
TASK-03165,AST-293,,DEP-002,SEC-003,PREVENTIVE,2024-01-06T00:00:00,2024-01-06T02:00:00,2024-01-21T00:00:00,SHADOW,120,COMPLETED
TASK-03166,AST-293,,DEP-002,SEC-003,PREVENTIVE,2024-04-05T00:00:00,2024-04-05T02:00:00,2024-04-20T00:00:00,SHADOW,120,COMPLETED
TASK-03167,AST-293,,DEP-002,SEC-003,PREVENTIVE,2024-07-04T00:00:00,2024-07-04T02:00:00,2024-07-19T00:00:00,SHADOW,120,COMPLETED
TASK-03168,AST-293,,DEP-002,SEC-003,PREVENTIVE,2024-10-02T00:00:00,2024-10-02T02:00:00,2024-10-17T00:00:00,SHADOW,120,COMPLETED
TASK-03169,AST-293,,DEP-002,SEC-003,PREVENTIVE,2024-12-31T00:00:00,2024-12-31T02:00:00,2025-01-15T00:00:00,SHADOW,120,COMPLETED
TASK-03170,AST-293,,DEP-002,SEC-003,PREVENTIVE,2025-03-31T00:00:00,2025-03-31T02:00:00,2025-04-15T00:00:00,SHADOW,120,COMPLETED
TASK-03171,AST-293,,DEP-002,SEC-003,PREVENTIVE,2025-06-29T00:00:00,2025-06-29T02:00:00,2025-07-14T00:00:00,SHADOW,120,COMPLETED
TASK-03172,AST-293,,DEP-002,SEC-003,PREVENTIVE,2025-09-27T00:00:00,2025-09-27T02:00:00,2025-10-12T00:00:00,SHADOW,120,COMPLETED
TASK-03173,AST-293,,DEP-002,SEC-003,PREVENTIVE,2025-12-26T00:00:00,2025-12-26T02:00:00,2026-01-10T00:00:00,SHADOW,120,COMPLETED
TASK-03174,AST-293,,DEP-002,SEC-003,PREVENTIVE,2026-03-26T00:00:00,2026-03-26T02:00:00,2026-04-10T00:00:00,SHADOW,120,COMPLETED
TASK-03175,AST-293,,DEP-002,SEC-003,PREVENTIVE,2026-06-24T00:00:00,2026-06-24T02:00:00,2026-07-09T00:00:00,SHADOW,120,COMPLETED
TASK-03186,AST-296,,DEP-002,SEC-005,PREVENTIVE,2023-09-18T00:00:00,2023-09-18T02:00:00,2023-10-03T00:00:00,SHADOW,120,COMPLETED
TASK-03187,AST-296,,DEP-002,SEC-005,PREVENTIVE,2023-12-17T00:00:00,2023-12-17T02:00:00,2024-01-01T00:00:00,SHADOW,120,COMPLETED
TASK-03188,AST-296,,DEP-002,SEC-005,PREVENTIVE,2024-03-16T00:00:00,2024-03-16T02:00:00,2024-03-31T00:00:00,SHADOW,120,COMPLETED
TASK-03189,AST-296,,DEP-002,SEC-005,PREVENTIVE,2024-06-14T00:00:00,2024-06-14T02:00:00,2024-06-29T00:00:00,SHADOW,120,COMPLETED
TASK-03190,AST-296,,DEP-002,SEC-005,PREVENTIVE,2024-09-12T00:00:00,2024-09-12T02:00:00,2024-09-27T00:00:00,SHADOW,120,COMPLETED
TASK-03191,AST-296,,DEP-002,SEC-005,PREVENTIVE,2024-12-11T00:00:00,2024-12-11T02:00:00,2024-12-26T00:00:00,SHADOW,120,COMPLETED
TASK-03192,AST-296,,DEP-002,SEC-005,PREVENTIVE,2025-03-11T00:00:00,2025-03-11T02:00:00,2025-03-26T00:00:00,SHADOW,120,COMPLETED
TASK-03193,AST-296,,DEP-002,SEC-005,PREVENTIVE,2025-06-09T00:00:00,2025-06-09T02:00:00,2025-06-24T00:00:00,SHADOW,120,COMPLETED
TASK-03194,AST-296,,DEP-002,SEC-005,PREVENTIVE,2025-09-07T00:00:00,2025-09-07T02:00:00,2025-09-22T00:00:00,SHADOW,120,COMPLETED
TASK-03195,AST-296,,DEP-002,SEC-005,PREVENTIVE,2025-12-06T00:00:00,2025-12-06T02:00:00,2025-12-21T00:00:00,SHADOW,120,COMPLETED
TASK-03196,AST-296,,DEP-002,SEC-005,PREVENTIVE,2026-03-06T00:00:00,2026-03-06T02:00:00,2026-03-21T00:00:00,SHADOW,120,COMPLETED
TASK-03197,AST-296,,DEP-002,SEC-005,PREVENTIVE,2026-06-04T00:00:00,2026-06-04T02:00:00,2026-06-19T00:00:00,SHADOW,120,COMPLETED
TASK-03198,AST-297,,DEP-002,SEC-006,PREVENTIVE,2023-08-23T00:00:00,2023-08-23T02:00:00,2023-09-07T00:00:00,SHADOW,120,COMPLETED
TASK-03199,AST-297,,DEP-002,SEC-006,PREVENTIVE,2023-11-21T00:00:00,2023-11-21T02:00:00,2023-12-06T00:00:00,SHADOW,120,COMPLETED
TASK-03200,AST-297,,DEP-002,SEC-006,PREVENTIVE,2024-02-19T00:00:00,2024-02-19T02:00:00,2024-03-05T00:00:00,SHADOW,120,COMPLETED
TASK-03201,AST-297,,DEP-002,SEC-006,PREVENTIVE,2024-05-19T00:00:00,2024-05-19T02:00:00,2024-06-03T00:00:00,SHADOW,120,COMPLETED
TASK-03202,AST-297,,DEP-002,SEC-006,PREVENTIVE,2024-08-17T00:00:00,2024-08-17T02:00:00,2024-09-01T00:00:00,SHADOW,120,COMPLETED
TASK-03203,AST-297,,DEP-002,SEC-006,PREVENTIVE,2024-11-15T00:00:00,2024-11-15T02:00:00,2024-11-30T00:00:00,SHADOW,120,COMPLETED
TASK-03204,AST-297,,DEP-002,SEC-006,PREVENTIVE,2025-02-13T00:00:00,2025-02-13T02:00:00,2025-02-28T00:00:00,SHADOW,120,COMPLETED
TASK-03205,AST-297,,DEP-002,SEC-006,PREVENTIVE,2025-05-14T00:00:00,2025-05-14T02:00:00,2025-05-29T00:00:00,SHADOW,120,COMPLETED
TASK-03206,AST-297,,DEP-002,SEC-006,PREVENTIVE,2025-08-12T00:00:00,2025-08-12T02:00:00,2025-08-27T00:00:00,SHADOW,120,COMPLETED
TASK-03207,AST-297,,DEP-002,SEC-006,PREVENTIVE,2025-11-10T00:00:00,2025-11-10T02:00:00,2025-11-25T00:00:00,SHADOW,120,COMPLETED
TASK-03208,AST-297,,DEP-002,SEC-006,PREVENTIVE,2026-02-08T00:00:00,2026-02-08T02:00:00,2026-02-23T00:00:00,SHADOW,120,COMPLETED
TASK-03209,AST-297,,DEP-002,SEC-006,PREVENTIVE,2026-05-09T00:00:00,2026-05-09T02:00:00,2026-05-24T00:00:00,SHADOW,120,COMPLETED
TASK-03213,AST-299,,DEP-002,SEC-003,PREVENTIVE,2023-10-20T00:00:00,2023-10-20T02:00:00,2023-11-04T00:00:00,SHADOW,120,COMPLETED
TASK-03214,AST-299,,DEP-002,SEC-003,PREVENTIVE,2024-01-18T00:00:00,2024-01-18T02:00:00,2024-02-02T00:00:00,SHADOW,120,COMPLETED
TASK-03215,AST-299,,DEP-002,SEC-003,PREVENTIVE,2024-04-17T00:00:00,2024-04-17T02:00:00,2024-05-02T00:00:00,SHADOW,120,COMPLETED
TASK-03216,AST-299,,DEP-002,SEC-003,PREVENTIVE,2024-07-16T00:00:00,2024-07-16T02:00:00,2024-07-31T00:00:00,SHADOW,120,COMPLETED
TASK-03217,AST-299,,DEP-002,SEC-003,PREVENTIVE,2024-10-14T00:00:00,2024-10-14T02:00:00,2024-10-29T00:00:00,SHADOW,120,COMPLETED
TASK-03218,AST-299,,DEP-002,SEC-003,PREVENTIVE,2025-01-12T00:00:00,2025-01-12T02:00:00,2025-01-27T00:00:00,SHADOW,120,COMPLETED
TASK-03219,AST-299,,DEP-002,SEC-003,PREVENTIVE,2025-04-12T00:00:00,2025-04-12T02:00:00,2025-04-27T00:00:00,SHADOW,120,COMPLETED
TASK-03220,AST-299,,DEP-002,SEC-003,PREVENTIVE,2025-07-11T00:00:00,2025-07-11T02:00:00,2025-07-26T00:00:00,SHADOW,120,COMPLETED
TASK-03221,AST-299,,DEP-002,SEC-003,PREVENTIVE,2025-10-09T00:00:00,2025-10-09T02:00:00,2025-10-24T00:00:00,SHADOW,120,COMPLETED
TASK-03222,AST-299,,DEP-002,SEC-003,PREVENTIVE,2026-01-07T00:00:00,2026-01-07T02:00:00,2026-01-22T00:00:00,SHADOW,120,COMPLETED
TASK-03223,AST-299,,DEP-002,SEC-003,PREVENTIVE,2026-04-07T00:00:00,2026-04-07T02:00:00,2026-04-22T00:00:00,SHADOW,120,COMPLETED
TASK-03224,AST-299,,DEP-002,SEC-003,PREVENTIVE,2026-07-06T00:00:00,2026-07-06T02:00:00,2026-07-21T00:00:00,SHADOW,120,COMPLETED
TASK-03225,AST-300,,DEP-002,SEC-004,PREVENTIVE,2023-09-28T00:00:00,2023-09-28T02:00:00,2023-10-13T00:00:00,SHADOW,120,COMPLETED
TASK-03226,AST-300,,DEP-002,SEC-004,PREVENTIVE,2023-12-27T00:00:00,2023-12-27T02:00:00,2024-01-11T00:00:00,SHADOW,120,COMPLETED
TASK-03227,AST-300,,DEP-002,SEC-004,PREVENTIVE,2024-03-26T00:00:00,2024-03-26T02:00:00,2024-04-10T00:00:00,SHADOW,120,COMPLETED
TASK-03228,AST-300,,DEP-002,SEC-004,PREVENTIVE,2024-06-24T00:00:00,2024-06-24T02:00:00,2024-07-09T00:00:00,SHADOW,120,COMPLETED
TASK-03229,AST-300,,DEP-002,SEC-004,PREVENTIVE,2024-09-22T00:00:00,2024-09-22T02:00:00,2024-10-07T00:00:00,SHADOW,120,COMPLETED
TASK-03230,AST-300,,DEP-002,SEC-004,PREVENTIVE,2024-12-21T00:00:00,2024-12-21T02:00:00,2025-01-05T00:00:00,SHADOW,120,COMPLETED
TASK-03231,AST-300,,DEP-002,SEC-004,PREVENTIVE,2025-03-21T00:00:00,2025-03-21T02:00:00,2025-04-05T00:00:00,SHADOW,120,COMPLETED
TASK-03232,AST-300,,DEP-002,SEC-004,PREVENTIVE,2025-06-19T00:00:00,2025-06-19T02:00:00,2025-07-04T00:00:00,SHADOW,120,COMPLETED
TASK-03233,AST-300,,DEP-002,SEC-004,PREVENTIVE,2025-09-17T00:00:00,2025-09-17T02:00:00,2025-10-02T00:00:00,SHADOW,120,COMPLETED
TASK-03234,AST-300,,DEP-002,SEC-004,PREVENTIVE,2025-12-16T00:00:00,2025-12-16T02:00:00,2025-12-31T00:00:00,SHADOW,120,COMPLETED
TASK-03235,AST-300,,DEP-002,SEC-004,PREVENTIVE,2026-03-16T00:00:00,2026-03-16T02:00:00,2026-03-31T00:00:00,SHADOW,120,COMPLETED
TASK-03236,AST-300,,DEP-002,SEC-004,PREVENTIVE,2026-06-14T00:00:00,2026-06-14T02:00:00,2026-06-29T00:00:00,SHADOW,120,COMPLETED
TASK-03240,AST-302,,DEP-002,SEC-004,PREVENTIVE,2023-10-18T00:00:00,2023-10-18T02:00:00,2023-11-02T00:00:00,SHADOW,120,COMPLETED
TASK-03241,AST-302,,DEP-002,SEC-004,PREVENTIVE,2024-01-16T00:00:00,2024-01-16T02:00:00,2024-01-31T00:00:00,SHADOW,120,COMPLETED
TASK-03242,AST-302,,DEP-002,SEC-004,PREVENTIVE,2024-04-15T00:00:00,2024-04-15T02:00:00,2024-04-30T00:00:00,SHADOW,120,COMPLETED
TASK-03243,AST-302,,DEP-002,SEC-004,PREVENTIVE,2024-07-14T00:00:00,2024-07-14T02:00:00,2024-07-29T00:00:00,SHADOW,120,COMPLETED
TASK-03244,AST-302,,DEP-002,SEC-004,PREVENTIVE,2024-10-12T00:00:00,2024-10-12T02:00:00,2024-10-27T00:00:00,SHADOW,120,COMPLETED
TASK-03245,AST-302,,DEP-002,SEC-004,PREVENTIVE,2025-01-10T00:00:00,2025-01-10T02:00:00,2025-01-25T00:00:00,SHADOW,120,COMPLETED
TASK-03246,AST-302,,DEP-002,SEC-004,PREVENTIVE,2025-04-10T00:00:00,2025-04-10T02:00:00,2025-04-25T00:00:00,SHADOW,120,COMPLETED
TASK-03247,AST-302,,DEP-002,SEC-004,PREVENTIVE,2025-07-09T00:00:00,2025-07-09T02:00:00,2025-07-24T00:00:00,SHADOW,120,COMPLETED
TASK-03248,AST-302,,DEP-002,SEC-004,PREVENTIVE,2025-10-07T00:00:00,2025-10-07T02:00:00,2025-10-22T00:00:00,SHADOW,120,COMPLETED
TASK-03249,AST-302,,DEP-002,SEC-004,PREVENTIVE,2026-01-05T00:00:00,2026-01-05T02:00:00,2026-01-20T00:00:00,SHADOW,120,COMPLETED
TASK-03250,AST-302,,DEP-002,SEC-004,PREVENTIVE,2026-04-05T00:00:00,2026-04-05T02:00:00,2026-04-20T00:00:00,SHADOW,120,COMPLETED
TASK-03251,AST-302,,DEP-002,SEC-004,PREVENTIVE,2026-07-04T00:00:00,2026-07-04T02:00:00,2026-07-19T00:00:00,SHADOW,120,COMPLETED
TASK-03258,AST-304,,DEP-002,SEC-005,PREVENTIVE,2023-09-04T00:00:00,2023-09-04T02:00:00,2023-09-19T00:00:00,SHADOW,120,COMPLETED
TASK-03259,AST-304,,DEP-002,SEC-005,PREVENTIVE,2023-12-03T00:00:00,2023-12-03T02:00:00,2023-12-18T00:00:00,SHADOW,120,COMPLETED
TASK-03260,AST-304,,DEP-002,SEC-005,PREVENTIVE,2024-03-02T00:00:00,2024-03-02T02:00:00,2024-03-17T00:00:00,SHADOW,120,COMPLETED
TASK-03261,AST-304,,DEP-002,SEC-005,PREVENTIVE,2024-05-31T00:00:00,2024-05-31T02:00:00,2024-06-15T00:00:00,SHADOW,120,COMPLETED
TASK-03262,AST-304,,DEP-002,SEC-005,PREVENTIVE,2024-08-29T00:00:00,2024-08-29T02:00:00,2024-09-13T00:00:00,SHADOW,120,COMPLETED
TASK-03263,AST-304,,DEP-002,SEC-005,PREVENTIVE,2024-11-27T00:00:00,2024-11-27T02:00:00,2024-12-12T00:00:00,SHADOW,120,COMPLETED
TASK-03264,AST-304,,DEP-002,SEC-005,PREVENTIVE,2025-02-25T00:00:00,2025-02-25T02:00:00,2025-03-12T00:00:00,SHADOW,120,COMPLETED
TASK-03265,AST-304,,DEP-002,SEC-005,PREVENTIVE,2025-05-26T00:00:00,2025-05-26T02:00:00,2025-06-10T00:00:00,SHADOW,120,COMPLETED
TASK-03266,AST-304,,DEP-002,SEC-005,PREVENTIVE,2025-08-24T00:00:00,2025-08-24T02:00:00,2025-09-08T00:00:00,SHADOW,120,COMPLETED
TASK-03267,AST-304,,DEP-002,SEC-005,PREVENTIVE,2025-11-22T00:00:00,2025-11-22T02:00:00,2025-12-07T00:00:00,SHADOW,120,COMPLETED
TASK-03268,AST-304,,DEP-002,SEC-005,PREVENTIVE,2026-02-20T00:00:00,2026-02-20T02:00:00,2026-03-07T00:00:00,SHADOW,120,COMPLETED
TASK-03269,AST-304,,DEP-002,SEC-005,PREVENTIVE,2026-05-21T00:00:00,2026-05-21T02:00:00,2026-06-05T00:00:00,SHADOW,120,COMPLETED
TASK-03300,AST-312,,DEP-002,SEC-003,PREVENTIVE,2023-10-21T00:00:00,2023-10-21T02:00:00,2023-11-05T00:00:00,SHADOW,120,COMPLETED
TASK-03301,AST-312,,DEP-002,SEC-003,PREVENTIVE,2024-01-19T00:00:00,2024-01-19T02:00:00,2024-02-03T00:00:00,SHADOW,120,COMPLETED
TASK-03302,AST-312,,DEP-002,SEC-003,PREVENTIVE,2024-04-18T00:00:00,2024-04-18T02:00:00,2024-05-03T00:00:00,SHADOW,120,COMPLETED
TASK-03303,AST-312,,DEP-002,SEC-003,PREVENTIVE,2024-07-17T00:00:00,2024-07-17T02:00:00,2024-08-01T00:00:00,SHADOW,120,COMPLETED
TASK-03304,AST-312,,DEP-002,SEC-003,PREVENTIVE,2024-10-15T00:00:00,2024-10-15T02:00:00,2024-10-30T00:00:00,SHADOW,120,COMPLETED
TASK-03305,AST-312,,DEP-002,SEC-003,PREVENTIVE,2025-01-13T00:00:00,2025-01-13T02:00:00,2025-01-28T00:00:00,SHADOW,120,COMPLETED
TASK-03306,AST-312,,DEP-002,SEC-003,PREVENTIVE,2025-04-13T00:00:00,2025-04-13T02:00:00,2025-04-28T00:00:00,SHADOW,120,COMPLETED
TASK-03307,AST-312,,DEP-002,SEC-003,PREVENTIVE,2025-07-12T00:00:00,2025-07-12T02:00:00,2025-07-27T00:00:00,SHADOW,120,COMPLETED
TASK-03308,AST-312,,DEP-002,SEC-003,PREVENTIVE,2025-10-10T00:00:00,2025-10-10T02:00:00,2025-10-25T00:00:00,SHADOW,120,COMPLETED
TASK-03309,AST-312,,DEP-002,SEC-003,PREVENTIVE,2026-01-08T00:00:00,2026-01-08T02:00:00,2026-01-23T00:00:00,SHADOW,120,COMPLETED
TASK-03310,AST-312,,DEP-002,SEC-003,PREVENTIVE,2026-04-08T00:00:00,2026-04-08T02:00:00,2026-04-23T00:00:00,SHADOW,120,COMPLETED
TASK-03311,AST-312,,DEP-002,SEC-003,PREVENTIVE,2026-07-07T00:00:00,2026-07-07T02:00:00,2026-07-22T00:00:00,SHADOW,120,COMPLETED
TASK-03312,AST-313,,DEP-002,SEC-005,PREVENTIVE,2023-09-09T00:00:00,2023-09-09T02:00:00,2023-09-24T00:00:00,SHADOW,120,COMPLETED
TASK-03313,AST-313,,DEP-002,SEC-005,PREVENTIVE,2023-12-08T00:00:00,2023-12-08T02:00:00,2023-12-23T00:00:00,SHADOW,120,COMPLETED
TASK-03314,AST-313,,DEP-002,SEC-005,PREVENTIVE,2024-03-07T00:00:00,2024-03-07T02:00:00,2024-03-22T00:00:00,SHADOW,120,COMPLETED
TASK-03315,AST-313,,DEP-002,SEC-005,PREVENTIVE,2024-06-05T00:00:00,2024-06-05T02:00:00,2024-06-20T00:00:00,SHADOW,120,COMPLETED
TASK-03316,AST-313,,DEP-002,SEC-005,PREVENTIVE,2024-09-03T00:00:00,2024-09-03T02:00:00,2024-09-18T00:00:00,SHADOW,120,COMPLETED
TASK-03317,AST-313,,DEP-002,SEC-005,PREVENTIVE,2024-12-02T00:00:00,2024-12-02T02:00:00,2024-12-17T00:00:00,SHADOW,120,COMPLETED
TASK-03318,AST-313,,DEP-002,SEC-005,PREVENTIVE,2025-03-02T00:00:00,2025-03-02T02:00:00,2025-03-17T00:00:00,SHADOW,120,COMPLETED
TASK-03319,AST-313,,DEP-002,SEC-005,PREVENTIVE,2025-05-31T00:00:00,2025-05-31T02:00:00,2025-06-15T00:00:00,SHADOW,120,COMPLETED
TASK-03320,AST-313,,DEP-002,SEC-005,PREVENTIVE,2025-08-29T00:00:00,2025-08-29T02:00:00,2025-09-13T00:00:00,SHADOW,120,COMPLETED
TASK-03321,AST-313,,DEP-002,SEC-005,PREVENTIVE,2025-11-27T00:00:00,2025-11-27T02:00:00,2025-12-12T00:00:00,SHADOW,120,COMPLETED
TASK-03322,AST-313,,DEP-002,SEC-005,PREVENTIVE,2026-02-25T00:00:00,2026-02-25T02:00:00,2026-03-12T00:00:00,SHADOW,120,COMPLETED
TASK-03323,AST-313,,DEP-002,SEC-005,PREVENTIVE,2026-05-26T00:00:00,2026-05-26T02:00:00,2026-06-10T00:00:00,SHADOW,120,COMPLETED
TASK-03327,AST-315,,DEP-002,SEC-001,PREVENTIVE,2023-08-19T00:00:00,2023-08-19T02:00:00,2023-09-03T00:00:00,SHADOW,120,COMPLETED
TASK-03328,AST-315,,DEP-002,SEC-001,PREVENTIVE,2023-11-17T00:00:00,2023-11-17T02:00:00,2023-12-02T00:00:00,SHADOW,120,COMPLETED
TASK-03329,AST-315,,DEP-002,SEC-001,PREVENTIVE,2024-02-15T00:00:00,2024-02-15T02:00:00,2024-03-01T00:00:00,SHADOW,120,COMPLETED
TASK-03330,AST-315,,DEP-002,SEC-001,PREVENTIVE,2024-05-15T00:00:00,2024-05-15T02:00:00,2024-05-30T00:00:00,SHADOW,120,COMPLETED
TASK-03331,AST-315,,DEP-002,SEC-001,PREVENTIVE,2024-08-13T00:00:00,2024-08-13T02:00:00,2024-08-28T00:00:00,SHADOW,120,COMPLETED
TASK-03332,AST-315,,DEP-002,SEC-001,PREVENTIVE,2024-11-11T00:00:00,2024-11-11T02:00:00,2024-11-26T00:00:00,SHADOW,120,COMPLETED
TASK-03333,AST-315,,DEP-002,SEC-001,PREVENTIVE,2025-02-09T00:00:00,2025-02-09T02:00:00,2025-02-24T00:00:00,SHADOW,120,COMPLETED
TASK-03334,AST-315,,DEP-002,SEC-001,PREVENTIVE,2025-05-10T00:00:00,2025-05-10T02:00:00,2025-05-25T00:00:00,SHADOW,120,COMPLETED
TASK-03335,AST-315,,DEP-002,SEC-001,PREVENTIVE,2025-08-08T00:00:00,2025-08-08T02:00:00,2025-08-23T00:00:00,SHADOW,120,COMPLETED
TASK-03336,AST-315,,DEP-002,SEC-001,PREVENTIVE,2025-11-06T00:00:00,2025-11-06T02:00:00,2025-11-21T00:00:00,SHADOW,120,COMPLETED
TASK-03337,AST-315,,DEP-002,SEC-001,PREVENTIVE,2026-02-04T00:00:00,2026-02-04T02:00:00,2026-02-19T00:00:00,SHADOW,120,COMPLETED
TASK-03338,AST-315,,DEP-002,SEC-001,PREVENTIVE,2026-05-05T00:00:00,2026-05-05T02:00:00,2026-05-20T00:00:00,SHADOW,120,COMPLETED
TASK-03339,AST-316,,DEP-002,SEC-003,PREVENTIVE,2023-10-01T00:00:00,2023-10-01T02:00:00,2023-10-16T00:00:00,SHADOW,120,COMPLETED
TASK-03340,AST-316,,DEP-002,SEC-003,PREVENTIVE,2023-12-30T00:00:00,2023-12-30T02:00:00,2024-01-14T00:00:00,SHADOW,120,COMPLETED
TASK-03341,AST-316,,DEP-002,SEC-003,PREVENTIVE,2024-03-29T00:00:00,2024-03-29T02:00:00,2024-04-13T00:00:00,SHADOW,120,COMPLETED
TASK-03342,AST-316,,DEP-002,SEC-003,PREVENTIVE,2024-06-27T00:00:00,2024-06-27T02:00:00,2024-07-12T00:00:00,SHADOW,120,COMPLETED
TASK-03343,AST-316,,DEP-002,SEC-003,PREVENTIVE,2024-09-25T00:00:00,2024-09-25T02:00:00,2024-10-10T00:00:00,SHADOW,120,COMPLETED
TASK-03344,AST-316,,DEP-002,SEC-003,PREVENTIVE,2024-12-24T00:00:00,2024-12-24T02:00:00,2025-01-08T00:00:00,SHADOW,120,COMPLETED
TASK-03345,AST-316,,DEP-002,SEC-003,PREVENTIVE,2025-03-24T00:00:00,2025-03-24T02:00:00,2025-04-08T00:00:00,SHADOW,120,COMPLETED
TASK-03346,AST-316,,DEP-002,SEC-003,PREVENTIVE,2025-06-22T00:00:00,2025-06-22T02:00:00,2025-07-07T00:00:00,SHADOW,120,COMPLETED
TASK-03347,AST-316,,DEP-002,SEC-003,PREVENTIVE,2025-09-20T00:00:00,2025-09-20T02:00:00,2025-10-05T00:00:00,SHADOW,120,COMPLETED
TASK-03348,AST-316,,DEP-002,SEC-003,PREVENTIVE,2025-12-19T00:00:00,2025-12-19T02:00:00,2026-01-03T00:00:00,SHADOW,120,COMPLETED
TASK-03349,AST-316,,DEP-002,SEC-003,PREVENTIVE,2026-03-19T00:00:00,2026-03-19T02:00:00,2026-04-03T00:00:00,SHADOW,120,COMPLETED
TASK-03350,AST-316,,DEP-002,SEC-003,PREVENTIVE,2026-06-17T00:00:00,2026-06-17T02:00:00,2026-07-02T00:00:00,SHADOW,120,COMPLETED
TASK-03363,AST-320,,DEP-002,SEC-004,PREVENTIVE,2023-09-29T00:00:00,2023-09-29T02:00:00,2023-10-14T00:00:00,SHADOW,120,COMPLETED
TASK-03364,AST-320,,DEP-002,SEC-004,PREVENTIVE,2023-12-28T00:00:00,2023-12-28T02:00:00,2024-01-12T00:00:00,SHADOW,120,COMPLETED
TASK-03365,AST-320,,DEP-002,SEC-004,PREVENTIVE,2024-03-27T00:00:00,2024-03-27T02:00:00,2024-04-11T00:00:00,SHADOW,120,COMPLETED
TASK-03366,AST-320,,DEP-002,SEC-004,PREVENTIVE,2024-06-25T00:00:00,2024-06-25T02:00:00,2024-07-10T00:00:00,SHADOW,120,COMPLETED
TASK-03367,AST-320,,DEP-002,SEC-004,PREVENTIVE,2024-09-23T00:00:00,2024-09-23T02:00:00,2024-10-08T00:00:00,SHADOW,120,COMPLETED
TASK-03368,AST-320,,DEP-002,SEC-004,PREVENTIVE,2024-12-22T00:00:00,2024-12-22T02:00:00,2025-01-06T00:00:00,SHADOW,120,COMPLETED
TASK-03369,AST-320,,DEP-002,SEC-004,PREVENTIVE,2025-03-22T00:00:00,2025-03-22T02:00:00,2025-04-06T00:00:00,SHADOW,120,COMPLETED
TASK-03370,AST-320,,DEP-002,SEC-004,PREVENTIVE,2025-06-20T00:00:00,2025-06-20T02:00:00,2025-07-05T00:00:00,SHADOW,120,COMPLETED
TASK-03371,AST-320,,DEP-002,SEC-004,PREVENTIVE,2025-09-18T00:00:00,2025-09-18T02:00:00,2025-10-03T00:00:00,SHADOW,120,COMPLETED
TASK-03372,AST-320,,DEP-002,SEC-004,PREVENTIVE,2025-12-17T00:00:00,2025-12-17T02:00:00,2026-01-01T00:00:00,SHADOW,120,COMPLETED
TASK-03373,AST-320,,DEP-002,SEC-004,PREVENTIVE,2026-03-17T00:00:00,2026-03-17T02:00:00,2026-04-01T00:00:00,SHADOW,120,COMPLETED
TASK-03374,AST-320,,DEP-002,SEC-004,PREVENTIVE,2026-06-15T00:00:00,2026-06-15T02:00:00,2026-06-30T00:00:00,SHADOW,120,COMPLETED
TASK-03381,AST-322,,DEP-002,SEC-004,PREVENTIVE,2023-09-22T00:00:00,2023-09-22T02:00:00,2023-10-07T00:00:00,SHADOW,120,COMPLETED
TASK-03382,AST-322,,DEP-002,SEC-004,PREVENTIVE,2023-12-21T00:00:00,2023-12-21T02:00:00,2024-01-05T00:00:00,SHADOW,120,COMPLETED
TASK-03383,AST-322,,DEP-002,SEC-004,PREVENTIVE,2024-03-20T00:00:00,2024-03-20T02:00:00,2024-04-04T00:00:00,SHADOW,120,COMPLETED
TASK-03384,AST-322,,DEP-002,SEC-004,PREVENTIVE,2024-06-18T00:00:00,2024-06-18T02:00:00,2024-07-03T00:00:00,SHADOW,120,COMPLETED
TASK-03385,AST-322,,DEP-002,SEC-004,PREVENTIVE,2024-09-16T00:00:00,2024-09-16T02:00:00,2024-10-01T00:00:00,SHADOW,120,COMPLETED
TASK-03386,AST-322,,DEP-002,SEC-004,PREVENTIVE,2024-12-15T00:00:00,2024-12-15T02:00:00,2024-12-30T00:00:00,SHADOW,120,COMPLETED
TASK-03387,AST-322,,DEP-002,SEC-004,PREVENTIVE,2025-03-15T00:00:00,2025-03-15T02:00:00,2025-03-30T00:00:00,SHADOW,120,COMPLETED
TASK-03388,AST-322,,DEP-002,SEC-004,PREVENTIVE,2025-06-13T00:00:00,2025-06-13T02:00:00,2025-06-28T00:00:00,SHADOW,120,COMPLETED
TASK-03389,AST-322,,DEP-002,SEC-004,PREVENTIVE,2025-09-11T00:00:00,2025-09-11T02:00:00,2025-09-26T00:00:00,SHADOW,120,COMPLETED
TASK-03390,AST-322,,DEP-002,SEC-004,PREVENTIVE,2025-12-10T00:00:00,2025-12-10T02:00:00,2025-12-25T00:00:00,SHADOW,120,COMPLETED
TASK-03391,AST-322,,DEP-002,SEC-004,PREVENTIVE,2026-03-10T00:00:00,2026-03-10T02:00:00,2026-03-25T00:00:00,SHADOW,120,COMPLETED
TASK-03392,AST-322,,DEP-002,SEC-004,PREVENTIVE,2026-06-08T00:00:00,2026-06-08T02:00:00,2026-06-23T00:00:00,SHADOW,120,COMPLETED
TASK-03402,AST-325,,DEP-002,SEC-003,PREVENTIVE,2023-09-22T00:00:00,2023-09-22T02:00:00,2023-10-07T00:00:00,SHADOW,120,COMPLETED
TASK-03403,AST-325,,DEP-002,SEC-003,PREVENTIVE,2023-12-21T00:00:00,2023-12-21T02:00:00,2024-01-05T00:00:00,SHADOW,120,COMPLETED
TASK-03404,AST-325,,DEP-002,SEC-003,PREVENTIVE,2024-03-20T00:00:00,2024-03-20T02:00:00,2024-04-04T00:00:00,SHADOW,120,COMPLETED
TASK-03405,AST-325,,DEP-002,SEC-003,PREVENTIVE,2024-06-18T00:00:00,2024-06-18T02:00:00,2024-07-03T00:00:00,SHADOW,120,COMPLETED
TASK-03406,AST-325,,DEP-002,SEC-003,PREVENTIVE,2024-09-16T00:00:00,2024-09-16T02:00:00,2024-10-01T00:00:00,SHADOW,120,COMPLETED
TASK-03407,AST-325,,DEP-002,SEC-003,PREVENTIVE,2024-12-15T00:00:00,2024-12-15T02:00:00,2024-12-30T00:00:00,SHADOW,120,COMPLETED
TASK-03408,AST-325,,DEP-002,SEC-003,PREVENTIVE,2025-03-15T00:00:00,2025-03-15T02:00:00,2025-03-30T00:00:00,SHADOW,120,COMPLETED
TASK-03409,AST-325,,DEP-002,SEC-003,PREVENTIVE,2025-06-13T00:00:00,2025-06-13T02:00:00,2025-06-28T00:00:00,SHADOW,120,COMPLETED
TASK-03410,AST-325,,DEP-002,SEC-003,PREVENTIVE,2025-09-11T00:00:00,2025-09-11T02:00:00,2025-09-26T00:00:00,SHADOW,120,COMPLETED
TASK-03411,AST-325,,DEP-002,SEC-003,PREVENTIVE,2025-12-10T00:00:00,2025-12-10T02:00:00,2025-12-25T00:00:00,SHADOW,120,COMPLETED
TASK-03412,AST-325,,DEP-002,SEC-003,PREVENTIVE,2026-03-10T00:00:00,2026-03-10T02:00:00,2026-03-25T00:00:00,SHADOW,120,COMPLETED
TASK-03413,AST-325,,DEP-002,SEC-003,PREVENTIVE,2026-06-08T00:00:00,2026-06-08T02:00:00,2026-06-23T00:00:00,SHADOW,120,COMPLETED
TASK-03420,AST-327,,DEP-002,SEC-002,PREVENTIVE,2023-09-14T00:00:00,2023-09-14T02:00:00,2023-09-29T00:00:00,SHADOW,120,COMPLETED
TASK-03421,AST-327,,DEP-002,SEC-002,PREVENTIVE,2023-12-13T00:00:00,2023-12-13T02:00:00,2023-12-28T00:00:00,SHADOW,120,COMPLETED
TASK-03422,AST-327,,DEP-002,SEC-002,PREVENTIVE,2024-03-12T00:00:00,2024-03-12T02:00:00,2024-03-27T00:00:00,SHADOW,120,COMPLETED
TASK-03423,AST-327,,DEP-002,SEC-002,PREVENTIVE,2024-06-10T00:00:00,2024-06-10T02:00:00,2024-06-25T00:00:00,SHADOW,120,COMPLETED
TASK-03424,AST-327,,DEP-002,SEC-002,PREVENTIVE,2024-09-08T00:00:00,2024-09-08T02:00:00,2024-09-23T00:00:00,SHADOW,120,COMPLETED
TASK-03425,AST-327,,DEP-002,SEC-002,PREVENTIVE,2024-12-07T00:00:00,2024-12-07T02:00:00,2024-12-22T00:00:00,SHADOW,120,COMPLETED
TASK-03426,AST-327,,DEP-002,SEC-002,PREVENTIVE,2025-03-07T00:00:00,2025-03-07T02:00:00,2025-03-22T00:00:00,SHADOW,120,COMPLETED
TASK-03427,AST-327,,DEP-002,SEC-002,PREVENTIVE,2025-06-05T00:00:00,2025-06-05T02:00:00,2025-06-20T00:00:00,SHADOW,120,COMPLETED
TASK-03428,AST-327,,DEP-002,SEC-002,PREVENTIVE,2025-09-03T00:00:00,2025-09-03T02:00:00,2025-09-18T00:00:00,SHADOW,120,COMPLETED
TASK-03429,AST-327,,DEP-002,SEC-002,PREVENTIVE,2025-12-02T00:00:00,2025-12-02T02:00:00,2025-12-17T00:00:00,SHADOW,120,COMPLETED
TASK-03430,AST-327,,DEP-002,SEC-002,PREVENTIVE,2026-03-02T00:00:00,2026-03-02T02:00:00,2026-03-17T00:00:00,SHADOW,120,COMPLETED
TASK-03431,AST-327,,DEP-002,SEC-002,PREVENTIVE,2026-05-31T00:00:00,2026-05-31T02:00:00,2026-06-15T00:00:00,SHADOW,120,COMPLETED
TASK-03438,AST-329,,DEP-002,SEC-006,PREVENTIVE,2023-09-26T00:00:00,2023-09-26T02:00:00,2023-10-11T00:00:00,SHADOW,120,COMPLETED
TASK-03439,AST-329,,DEP-002,SEC-006,PREVENTIVE,2023-12-25T00:00:00,2023-12-25T02:00:00,2024-01-09T00:00:00,SHADOW,120,COMPLETED
TASK-03440,AST-329,,DEP-002,SEC-006,PREVENTIVE,2024-03-24T00:00:00,2024-03-24T02:00:00,2024-04-08T00:00:00,SHADOW,120,COMPLETED
TASK-03441,AST-329,,DEP-002,SEC-006,PREVENTIVE,2024-06-22T00:00:00,2024-06-22T02:00:00,2024-07-07T00:00:00,SHADOW,120,COMPLETED
TASK-03442,AST-329,,DEP-002,SEC-006,PREVENTIVE,2024-09-20T00:00:00,2024-09-20T02:00:00,2024-10-05T00:00:00,SHADOW,120,COMPLETED
TASK-03443,AST-329,,DEP-002,SEC-006,PREVENTIVE,2024-12-19T00:00:00,2024-12-19T02:00:00,2025-01-03T00:00:00,SHADOW,120,COMPLETED
TASK-03444,AST-329,,DEP-002,SEC-006,PREVENTIVE,2025-03-19T00:00:00,2025-03-19T02:00:00,2025-04-03T00:00:00,SHADOW,120,COMPLETED
TASK-03445,AST-329,,DEP-002,SEC-006,PREVENTIVE,2025-06-17T00:00:00,2025-06-17T02:00:00,2025-07-02T00:00:00,SHADOW,120,COMPLETED
TASK-03446,AST-329,,DEP-002,SEC-006,PREVENTIVE,2025-09-15T00:00:00,2025-09-15T02:00:00,2025-09-30T00:00:00,SHADOW,120,COMPLETED
TASK-03447,AST-329,,DEP-002,SEC-006,PREVENTIVE,2025-12-14T00:00:00,2025-12-14T02:00:00,2025-12-29T00:00:00,SHADOW,120,COMPLETED
TASK-03448,AST-329,,DEP-002,SEC-006,PREVENTIVE,2026-03-14T00:00:00,2026-03-14T02:00:00,2026-03-29T00:00:00,SHADOW,120,COMPLETED
TASK-03449,AST-329,,DEP-002,SEC-006,PREVENTIVE,2026-06-12T00:00:00,2026-06-12T02:00:00,2026-06-27T00:00:00,SHADOW,120,COMPLETED
TASK-03462,AST-333,,DEP-002,SEC-004,PREVENTIVE,2023-09-12T00:00:00,2023-09-12T02:00:00,2023-09-27T00:00:00,SHADOW,120,COMPLETED
TASK-03463,AST-333,,DEP-002,SEC-004,PREVENTIVE,2023-12-11T00:00:00,2023-12-11T02:00:00,2023-12-26T00:00:00,SHADOW,120,COMPLETED
TASK-03464,AST-333,,DEP-002,SEC-004,PREVENTIVE,2024-03-10T00:00:00,2024-03-10T02:00:00,2024-03-25T00:00:00,SHADOW,120,COMPLETED
TASK-03465,AST-333,,DEP-002,SEC-004,PREVENTIVE,2024-06-08T00:00:00,2024-06-08T02:00:00,2024-06-23T00:00:00,SHADOW,120,COMPLETED
TASK-03466,AST-333,,DEP-002,SEC-004,PREVENTIVE,2024-09-06T00:00:00,2024-09-06T02:00:00,2024-09-21T00:00:00,SHADOW,120,COMPLETED
TASK-03467,AST-333,,DEP-002,SEC-004,PREVENTIVE,2024-12-05T00:00:00,2024-12-05T02:00:00,2024-12-20T00:00:00,SHADOW,120,COMPLETED
TASK-03468,AST-333,,DEP-002,SEC-004,PREVENTIVE,2025-03-05T00:00:00,2025-03-05T02:00:00,2025-03-20T00:00:00,SHADOW,120,COMPLETED
TASK-03469,AST-333,,DEP-002,SEC-004,PREVENTIVE,2025-06-03T00:00:00,2025-06-03T02:00:00,2025-06-18T00:00:00,SHADOW,120,COMPLETED
TASK-03470,AST-333,,DEP-002,SEC-004,PREVENTIVE,2025-09-01T00:00:00,2025-09-01T02:00:00,2025-09-16T00:00:00,SHADOW,120,COMPLETED
TASK-03471,AST-333,,DEP-002,SEC-004,PREVENTIVE,2025-11-30T00:00:00,2025-11-30T02:00:00,2025-12-15T00:00:00,SHADOW,120,COMPLETED
TASK-03472,AST-333,,DEP-002,SEC-004,PREVENTIVE,2026-02-28T00:00:00,2026-02-28T02:00:00,2026-03-15T00:00:00,SHADOW,120,COMPLETED
TASK-03473,AST-333,,DEP-002,SEC-004,PREVENTIVE,2026-05-29T00:00:00,2026-05-29T02:00:00,2026-06-13T00:00:00,SHADOW,120,COMPLETED
TASK-03480,AST-336,,DEP-002,SEC-006,PREVENTIVE,2023-10-01T00:00:00,2023-10-01T02:00:00,2023-10-16T00:00:00,SHADOW,120,COMPLETED
TASK-03481,AST-336,,DEP-002,SEC-006,PREVENTIVE,2023-12-30T00:00:00,2023-12-30T02:00:00,2024-01-14T00:00:00,SHADOW,120,COMPLETED
TASK-03482,AST-336,,DEP-002,SEC-006,PREVENTIVE,2024-03-29T00:00:00,2024-03-29T02:00:00,2024-04-13T00:00:00,SHADOW,120,COMPLETED
TASK-03483,AST-336,,DEP-002,SEC-006,PREVENTIVE,2024-06-27T00:00:00,2024-06-27T02:00:00,2024-07-12T00:00:00,SHADOW,120,COMPLETED
TASK-03484,AST-336,,DEP-002,SEC-006,PREVENTIVE,2024-09-25T00:00:00,2024-09-25T02:00:00,2024-10-10T00:00:00,SHADOW,120,COMPLETED
TASK-03485,AST-336,,DEP-002,SEC-006,PREVENTIVE,2024-12-24T00:00:00,2024-12-24T02:00:00,2025-01-08T00:00:00,SHADOW,120,COMPLETED
TASK-03486,AST-336,,DEP-002,SEC-006,PREVENTIVE,2025-03-24T00:00:00,2025-03-24T02:00:00,2025-04-08T00:00:00,SHADOW,120,COMPLETED
TASK-03487,AST-336,,DEP-002,SEC-006,PREVENTIVE,2025-06-22T00:00:00,2025-06-22T02:00:00,2025-07-07T00:00:00,SHADOW,120,COMPLETED
TASK-03488,AST-336,,DEP-002,SEC-006,PREVENTIVE,2025-09-20T00:00:00,2025-09-20T02:00:00,2025-10-05T00:00:00,SHADOW,120,COMPLETED
TASK-03489,AST-336,,DEP-002,SEC-006,PREVENTIVE,2025-12-19T00:00:00,2025-12-19T02:00:00,2026-01-03T00:00:00,SHADOW,120,COMPLETED
TASK-03490,AST-336,,DEP-002,SEC-006,PREVENTIVE,2026-03-19T00:00:00,2026-03-19T02:00:00,2026-04-03T00:00:00,SHADOW,120,COMPLETED
TASK-03491,AST-336,,DEP-002,SEC-006,PREVENTIVE,2026-06-17T00:00:00,2026-06-17T02:00:00,2026-07-02T00:00:00,SHADOW,120,COMPLETED
TASK-03495,AST-338,,DEP-002,SEC-005,PREVENTIVE,2023-09-26T00:00:00,2023-09-26T02:00:00,2023-10-11T00:00:00,SHADOW,120,COMPLETED
TASK-03496,AST-338,,DEP-002,SEC-005,PREVENTIVE,2023-12-25T00:00:00,2023-12-25T02:00:00,2024-01-09T00:00:00,SHADOW,120,COMPLETED
TASK-03497,AST-338,,DEP-002,SEC-005,PREVENTIVE,2024-03-24T00:00:00,2024-03-24T02:00:00,2024-04-08T00:00:00,SHADOW,120,COMPLETED
TASK-03498,AST-338,,DEP-002,SEC-005,PREVENTIVE,2024-06-22T00:00:00,2024-06-22T02:00:00,2024-07-07T00:00:00,SHADOW,120,COMPLETED
TASK-03499,AST-338,,DEP-002,SEC-005,PREVENTIVE,2024-09-20T00:00:00,2024-09-20T02:00:00,2024-10-05T00:00:00,SHADOW,120,COMPLETED
TASK-03500,AST-338,,DEP-002,SEC-005,PREVENTIVE,2024-12-19T00:00:00,2024-12-19T02:00:00,2025-01-03T00:00:00,SHADOW,120,COMPLETED
TASK-03501,AST-338,,DEP-002,SEC-005,PREVENTIVE,2025-03-19T00:00:00,2025-03-19T02:00:00,2025-04-03T00:00:00,SHADOW,120,COMPLETED
TASK-03502,AST-338,,DEP-002,SEC-005,PREVENTIVE,2025-06-17T00:00:00,2025-06-17T02:00:00,2025-07-02T00:00:00,SHADOW,120,COMPLETED
TASK-03503,AST-338,,DEP-002,SEC-005,PREVENTIVE,2025-09-15T00:00:00,2025-09-15T02:00:00,2025-09-30T00:00:00,SHADOW,120,COMPLETED
TASK-03504,AST-338,,DEP-002,SEC-005,PREVENTIVE,2025-12-14T00:00:00,2025-12-14T02:00:00,2025-12-29T00:00:00,SHADOW,120,COMPLETED
TASK-03505,AST-338,,DEP-002,SEC-005,PREVENTIVE,2026-03-14T00:00:00,2026-03-14T02:00:00,2026-03-29T00:00:00,SHADOW,120,COMPLETED
TASK-03506,AST-338,,DEP-002,SEC-005,PREVENTIVE,2026-06-12T00:00:00,2026-06-12T02:00:00,2026-06-27T00:00:00,SHADOW,120,COMPLETED
TASK-03510,AST-340,,DEP-002,SEC-004,PREVENTIVE,2023-08-30T00:00:00,2023-08-30T02:00:00,2023-09-14T00:00:00,SHADOW,120,COMPLETED
TASK-03511,AST-340,,DEP-002,SEC-004,PREVENTIVE,2023-11-28T00:00:00,2023-11-28T02:00:00,2023-12-13T00:00:00,SHADOW,120,COMPLETED
TASK-03512,AST-340,,DEP-002,SEC-004,PREVENTIVE,2024-02-26T00:00:00,2024-02-26T02:00:00,2024-03-12T00:00:00,SHADOW,120,COMPLETED
TASK-03513,AST-340,,DEP-002,SEC-004,PREVENTIVE,2024-05-26T00:00:00,2024-05-26T02:00:00,2024-06-10T00:00:00,SHADOW,120,COMPLETED
TASK-03514,AST-340,,DEP-002,SEC-004,PREVENTIVE,2024-08-24T00:00:00,2024-08-24T02:00:00,2024-09-08T00:00:00,SHADOW,120,COMPLETED
TASK-03515,AST-340,,DEP-002,SEC-004,PREVENTIVE,2024-11-22T00:00:00,2024-11-22T02:00:00,2024-12-07T00:00:00,SHADOW,120,COMPLETED
TASK-03516,AST-340,,DEP-002,SEC-004,PREVENTIVE,2025-02-20T00:00:00,2025-02-20T02:00:00,2025-03-07T00:00:00,SHADOW,120,COMPLETED
TASK-03517,AST-340,,DEP-002,SEC-004,PREVENTIVE,2025-05-21T00:00:00,2025-05-21T02:00:00,2025-06-05T00:00:00,SHADOW,120,COMPLETED
TASK-03518,AST-340,,DEP-002,SEC-004,PREVENTIVE,2025-08-19T00:00:00,2025-08-19T02:00:00,2025-09-03T00:00:00,SHADOW,120,COMPLETED
TASK-03519,AST-340,,DEP-002,SEC-004,PREVENTIVE,2025-11-17T00:00:00,2025-11-17T02:00:00,2025-12-02T00:00:00,SHADOW,120,COMPLETED
TASK-03520,AST-340,,DEP-002,SEC-004,PREVENTIVE,2026-02-15T00:00:00,2026-02-15T02:00:00,2026-03-02T00:00:00,SHADOW,120,COMPLETED
TASK-03521,AST-340,,DEP-002,SEC-004,PREVENTIVE,2026-05-16T00:00:00,2026-05-16T02:00:00,2026-05-31T00:00:00,SHADOW,120,COMPLETED
TASK-03522,AST-341,,DEP-002,SEC-006,PREVENTIVE,2023-08-28T00:00:00,2023-08-28T02:00:00,2023-09-12T00:00:00,SHADOW,120,COMPLETED
TASK-03523,AST-341,,DEP-002,SEC-006,PREVENTIVE,2023-11-26T00:00:00,2023-11-26T02:00:00,2023-12-11T00:00:00,SHADOW,120,COMPLETED
TASK-03524,AST-341,,DEP-002,SEC-006,PREVENTIVE,2024-02-24T00:00:00,2024-02-24T02:00:00,2024-03-10T00:00:00,SHADOW,120,COMPLETED
TASK-03525,AST-341,,DEP-002,SEC-006,PREVENTIVE,2024-05-24T00:00:00,2024-05-24T02:00:00,2024-06-08T00:00:00,SHADOW,120,COMPLETED
TASK-03526,AST-341,,DEP-002,SEC-006,PREVENTIVE,2024-08-22T00:00:00,2024-08-22T02:00:00,2024-09-06T00:00:00,SHADOW,120,COMPLETED
TASK-03527,AST-341,,DEP-002,SEC-006,PREVENTIVE,2024-11-20T00:00:00,2024-11-20T02:00:00,2024-12-05T00:00:00,SHADOW,120,COMPLETED
TASK-03528,AST-341,,DEP-002,SEC-006,PREVENTIVE,2025-02-18T00:00:00,2025-02-18T02:00:00,2025-03-05T00:00:00,SHADOW,120,COMPLETED
TASK-03529,AST-341,,DEP-002,SEC-006,PREVENTIVE,2025-05-19T00:00:00,2025-05-19T02:00:00,2025-06-03T00:00:00,SHADOW,120,COMPLETED
TASK-03530,AST-341,,DEP-002,SEC-006,PREVENTIVE,2025-08-17T00:00:00,2025-08-17T02:00:00,2025-09-01T00:00:00,SHADOW,120,COMPLETED
TASK-03531,AST-341,,DEP-002,SEC-006,PREVENTIVE,2025-11-15T00:00:00,2025-11-15T02:00:00,2025-11-30T00:00:00,SHADOW,120,COMPLETED
TASK-03532,AST-341,,DEP-002,SEC-006,PREVENTIVE,2026-02-13T00:00:00,2026-02-13T02:00:00,2026-02-28T00:00:00,SHADOW,120,COMPLETED
TASK-03533,AST-341,,DEP-002,SEC-006,PREVENTIVE,2026-05-14T00:00:00,2026-05-14T02:00:00,2026-05-29T00:00:00,SHADOW,120,COMPLETED
TASK-03534,AST-342,,DEP-002,SEC-004,PREVENTIVE,2023-10-17T00:00:00,2023-10-17T02:00:00,2023-11-01T00:00:00,SHADOW,120,COMPLETED
TASK-03535,AST-342,,DEP-002,SEC-004,PREVENTIVE,2024-01-15T00:00:00,2024-01-15T02:00:00,2024-01-30T00:00:00,SHADOW,120,COMPLETED
TASK-03536,AST-342,,DEP-002,SEC-004,PREVENTIVE,2024-04-14T00:00:00,2024-04-14T02:00:00,2024-04-29T00:00:00,SHADOW,120,COMPLETED
TASK-03537,AST-342,,DEP-002,SEC-004,PREVENTIVE,2024-07-13T00:00:00,2024-07-13T02:00:00,2024-07-28T00:00:00,SHADOW,120,COMPLETED
TASK-03538,AST-342,,DEP-002,SEC-004,PREVENTIVE,2024-10-11T00:00:00,2024-10-11T02:00:00,2024-10-26T00:00:00,SHADOW,120,COMPLETED
TASK-03539,AST-342,,DEP-002,SEC-004,PREVENTIVE,2025-01-09T00:00:00,2025-01-09T02:00:00,2025-01-24T00:00:00,SHADOW,120,COMPLETED
TASK-03540,AST-342,,DEP-002,SEC-004,PREVENTIVE,2025-04-09T00:00:00,2025-04-09T02:00:00,2025-04-24T00:00:00,SHADOW,120,COMPLETED
TASK-03541,AST-342,,DEP-002,SEC-004,PREVENTIVE,2025-07-08T00:00:00,2025-07-08T02:00:00,2025-07-23T00:00:00,SHADOW,120,COMPLETED
TASK-03542,AST-342,,DEP-002,SEC-004,PREVENTIVE,2025-10-06T00:00:00,2025-10-06T02:00:00,2025-10-21T00:00:00,SHADOW,120,COMPLETED
TASK-03543,AST-342,,DEP-002,SEC-004,PREVENTIVE,2026-01-04T00:00:00,2026-01-04T02:00:00,2026-01-19T00:00:00,SHADOW,120,COMPLETED
TASK-03544,AST-342,,DEP-002,SEC-004,PREVENTIVE,2026-04-04T00:00:00,2026-04-04T02:00:00,2026-04-19T00:00:00,SHADOW,120,COMPLETED
TASK-03545,AST-342,,DEP-002,SEC-004,PREVENTIVE,2026-07-03T00:00:00,2026-07-03T02:00:00,2026-07-18T00:00:00,SHADOW,120,COMPLETED
TASK-03549,AST-344,,DEP-002,SEC-001,PREVENTIVE,2023-10-29T00:00:00,2023-10-29T02:00:00,2023-11-13T00:00:00,SHADOW,120,COMPLETED
TASK-03550,AST-344,,DEP-002,SEC-001,PREVENTIVE,2024-01-27T00:00:00,2024-01-27T02:00:00,2024-02-11T00:00:00,SHADOW,120,COMPLETED
TASK-03551,AST-344,,DEP-002,SEC-001,PREVENTIVE,2024-04-26T00:00:00,2024-04-26T02:00:00,2024-05-11T00:00:00,SHADOW,120,COMPLETED
TASK-03552,AST-344,,DEP-002,SEC-001,PREVENTIVE,2024-07-25T00:00:00,2024-07-25T02:00:00,2024-08-09T00:00:00,SHADOW,120,COMPLETED
TASK-03553,AST-344,,DEP-002,SEC-001,PREVENTIVE,2024-10-23T00:00:00,2024-10-23T02:00:00,2024-11-07T00:00:00,SHADOW,120,COMPLETED
TASK-03554,AST-344,,DEP-002,SEC-001,PREVENTIVE,2025-01-21T00:00:00,2025-01-21T02:00:00,2025-02-05T00:00:00,SHADOW,120,COMPLETED
TASK-03555,AST-344,,DEP-002,SEC-001,PREVENTIVE,2025-04-21T00:00:00,2025-04-21T02:00:00,2025-05-06T00:00:00,SHADOW,120,COMPLETED
TASK-03556,AST-344,,DEP-002,SEC-001,PREVENTIVE,2025-07-20T00:00:00,2025-07-20T02:00:00,2025-08-04T00:00:00,SHADOW,120,COMPLETED
TASK-03557,AST-344,,DEP-002,SEC-001,PREVENTIVE,2025-10-18T00:00:00,2025-10-18T02:00:00,2025-11-02T00:00:00,SHADOW,120,COMPLETED
TASK-03558,AST-344,,DEP-002,SEC-001,PREVENTIVE,2026-01-16T00:00:00,2026-01-16T02:00:00,2026-01-31T00:00:00,SHADOW,120,COMPLETED
TASK-03559,AST-344,,DEP-002,SEC-001,PREVENTIVE,2026-04-16T00:00:00,2026-04-16T02:00:00,2026-05-01T00:00:00,SHADOW,120,COMPLETED
TASK-03560,AST-344,,DEP-002,SEC-001,PREVENTIVE,2026-07-15T00:00:00,2026-07-15T02:00:00,2026-07-30T00:00:00,SHADOW,120,COMPLETED
TASK-03561,AST-345,,DEP-002,SEC-005,PREVENTIVE,2023-10-27T00:00:00,2023-10-27T02:00:00,2023-11-11T00:00:00,SHADOW,120,COMPLETED
TASK-03562,AST-345,,DEP-002,SEC-005,PREVENTIVE,2024-01-25T00:00:00,2024-01-25T02:00:00,2024-02-09T00:00:00,SHADOW,120,COMPLETED
TASK-03563,AST-345,,DEP-002,SEC-005,PREVENTIVE,2024-04-24T00:00:00,2024-04-24T02:00:00,2024-05-09T00:00:00,SHADOW,120,COMPLETED
TASK-03564,AST-345,,DEP-002,SEC-005,PREVENTIVE,2024-07-23T00:00:00,2024-07-23T02:00:00,2024-08-07T00:00:00,SHADOW,120,COMPLETED
TASK-03565,AST-345,,DEP-002,SEC-005,PREVENTIVE,2024-10-21T00:00:00,2024-10-21T02:00:00,2024-11-05T00:00:00,SHADOW,120,COMPLETED
TASK-03566,AST-345,,DEP-002,SEC-005,PREVENTIVE,2025-01-19T00:00:00,2025-01-19T02:00:00,2025-02-03T00:00:00,SHADOW,120,COMPLETED
TASK-03567,AST-345,,DEP-002,SEC-005,PREVENTIVE,2025-04-19T00:00:00,2025-04-19T02:00:00,2025-05-04T00:00:00,SHADOW,120,COMPLETED
TASK-03568,AST-345,,DEP-002,SEC-005,PREVENTIVE,2025-07-18T00:00:00,2025-07-18T02:00:00,2025-08-02T00:00:00,SHADOW,120,COMPLETED
TASK-03569,AST-345,,DEP-002,SEC-005,PREVENTIVE,2025-10-16T00:00:00,2025-10-16T02:00:00,2025-10-31T00:00:00,SHADOW,120,COMPLETED
TASK-03570,AST-345,,DEP-002,SEC-005,PREVENTIVE,2026-01-14T00:00:00,2026-01-14T02:00:00,2026-01-29T00:00:00,SHADOW,120,COMPLETED
TASK-03571,AST-345,,DEP-002,SEC-005,PREVENTIVE,2026-04-14T00:00:00,2026-04-14T02:00:00,2026-04-29T00:00:00,SHADOW,120,COMPLETED
TASK-03572,AST-345,,DEP-002,SEC-005,PREVENTIVE,2026-07-13T00:00:00,2026-07-13T02:00:00,2026-07-28T00:00:00,SHADOW,120,COMPLETED
TASK-03579,AST-348,,DEP-002,SEC-006,PREVENTIVE,2023-09-01T00:00:00,2023-09-01T02:00:00,2023-09-16T00:00:00,SHADOW,120,COMPLETED
TASK-03580,AST-348,,DEP-002,SEC-006,PREVENTIVE,2023-11-30T00:00:00,2023-11-30T02:00:00,2023-12-15T00:00:00,SHADOW,120,COMPLETED
TASK-03581,AST-348,,DEP-002,SEC-006,PREVENTIVE,2024-02-28T00:00:00,2024-02-28T02:00:00,2024-03-14T00:00:00,SHADOW,120,COMPLETED
TASK-03582,AST-348,,DEP-002,SEC-006,PREVENTIVE,2024-05-28T00:00:00,2024-05-28T02:00:00,2024-06-12T00:00:00,SHADOW,120,COMPLETED
TASK-03583,AST-348,,DEP-002,SEC-006,PREVENTIVE,2024-08-26T00:00:00,2024-08-26T02:00:00,2024-09-10T00:00:00,SHADOW,120,COMPLETED
TASK-03584,AST-348,,DEP-002,SEC-006,PREVENTIVE,2024-11-24T00:00:00,2024-11-24T02:00:00,2024-12-09T00:00:00,SHADOW,120,COMPLETED
TASK-03585,AST-348,,DEP-002,SEC-006,PREVENTIVE,2025-02-22T00:00:00,2025-02-22T02:00:00,2025-03-09T00:00:00,SHADOW,120,COMPLETED
TASK-03586,AST-348,,DEP-002,SEC-006,PREVENTIVE,2025-05-23T00:00:00,2025-05-23T02:00:00,2025-06-07T00:00:00,SHADOW,120,COMPLETED
TASK-03587,AST-348,,DEP-002,SEC-006,PREVENTIVE,2025-08-21T00:00:00,2025-08-21T02:00:00,2025-09-05T00:00:00,SHADOW,120,COMPLETED
TASK-03588,AST-348,,DEP-002,SEC-006,PREVENTIVE,2025-11-19T00:00:00,2025-11-19T02:00:00,2025-12-04T00:00:00,SHADOW,120,COMPLETED
TASK-03589,AST-348,,DEP-002,SEC-006,PREVENTIVE,2026-02-17T00:00:00,2026-02-17T02:00:00,2026-03-04T00:00:00,SHADOW,120,COMPLETED
TASK-03590,AST-348,,DEP-002,SEC-006,PREVENTIVE,2026-05-18T00:00:00,2026-05-18T02:00:00,2026-06-02T00:00:00,SHADOW,120,COMPLETED
TASK-03594,AST-350,,DEP-002,SEC-006,PREVENTIVE,2023-10-26T00:00:00,2023-10-26T02:00:00,2023-11-10T00:00:00,SHADOW,120,COMPLETED
TASK-03595,AST-350,,DEP-002,SEC-006,PREVENTIVE,2024-01-24T00:00:00,2024-01-24T02:00:00,2024-02-08T00:00:00,SHADOW,120,COMPLETED
TASK-03596,AST-350,,DEP-002,SEC-006,PREVENTIVE,2024-04-23T00:00:00,2024-04-23T02:00:00,2024-05-08T00:00:00,SHADOW,120,COMPLETED
TASK-03597,AST-350,,DEP-002,SEC-006,PREVENTIVE,2024-07-22T00:00:00,2024-07-22T02:00:00,2024-08-06T00:00:00,SHADOW,120,COMPLETED
TASK-03598,AST-350,,DEP-002,SEC-006,PREVENTIVE,2024-10-20T00:00:00,2024-10-20T02:00:00,2024-11-04T00:00:00,SHADOW,120,COMPLETED
TASK-03599,AST-350,,DEP-002,SEC-006,PREVENTIVE,2025-01-18T00:00:00,2025-01-18T02:00:00,2025-02-02T00:00:00,SHADOW,120,COMPLETED
TASK-03600,AST-350,,DEP-002,SEC-006,PREVENTIVE,2025-04-18T00:00:00,2025-04-18T02:00:00,2025-05-03T00:00:00,SHADOW,120,COMPLETED
TASK-03601,AST-350,,DEP-002,SEC-006,PREVENTIVE,2025-07-17T00:00:00,2025-07-17T02:00:00,2025-08-01T00:00:00,SHADOW,120,COMPLETED
TASK-03602,AST-350,,DEP-002,SEC-006,PREVENTIVE,2025-10-15T00:00:00,2025-10-15T02:00:00,2025-10-30T00:00:00,SHADOW,120,COMPLETED
TASK-03603,AST-350,,DEP-002,SEC-006,PREVENTIVE,2026-01-13T00:00:00,2026-01-13T02:00:00,2026-01-28T00:00:00,SHADOW,120,COMPLETED
TASK-03604,AST-350,,DEP-002,SEC-006,PREVENTIVE,2026-04-13T00:00:00,2026-04-13T02:00:00,2026-04-28T00:00:00,SHADOW,120,COMPLETED
TASK-03605,AST-350,,DEP-002,SEC-006,PREVENTIVE,2026-07-12T00:00:00,2026-07-12T02:00:00,2026-07-27T00:00:00,SHADOW,120,COMPLETED
TASK-03624,AST-356,,DEP-002,SEC-003,PREVENTIVE,2023-08-26T00:00:00,2023-08-26T02:00:00,2023-09-10T00:00:00,SHADOW,120,COMPLETED
TASK-03625,AST-356,,DEP-002,SEC-003,PREVENTIVE,2023-11-24T00:00:00,2023-11-24T02:00:00,2023-12-09T00:00:00,SHADOW,120,COMPLETED
TASK-03626,AST-356,,DEP-002,SEC-003,PREVENTIVE,2024-02-22T00:00:00,2024-02-22T02:00:00,2024-03-08T00:00:00,SHADOW,120,COMPLETED
TASK-03627,AST-356,,DEP-002,SEC-003,PREVENTIVE,2024-05-22T00:00:00,2024-05-22T02:00:00,2024-06-06T00:00:00,SHADOW,120,COMPLETED
TASK-03628,AST-356,,DEP-002,SEC-003,PREVENTIVE,2024-08-20T00:00:00,2024-08-20T02:00:00,2024-09-04T00:00:00,SHADOW,120,COMPLETED
TASK-03629,AST-356,,DEP-002,SEC-003,PREVENTIVE,2024-11-18T00:00:00,2024-11-18T02:00:00,2024-12-03T00:00:00,SHADOW,120,COMPLETED
TASK-03630,AST-356,,DEP-002,SEC-003,PREVENTIVE,2025-02-16T00:00:00,2025-02-16T02:00:00,2025-03-03T00:00:00,SHADOW,120,COMPLETED
TASK-03631,AST-356,,DEP-002,SEC-003,PREVENTIVE,2025-05-17T00:00:00,2025-05-17T02:00:00,2025-06-01T00:00:00,SHADOW,120,COMPLETED
TASK-03632,AST-356,,DEP-002,SEC-003,PREVENTIVE,2025-08-15T00:00:00,2025-08-15T02:00:00,2025-08-30T00:00:00,SHADOW,120,COMPLETED
TASK-03633,AST-356,,DEP-002,SEC-003,PREVENTIVE,2025-11-13T00:00:00,2025-11-13T02:00:00,2025-11-28T00:00:00,SHADOW,120,COMPLETED
TASK-03634,AST-356,,DEP-002,SEC-003,PREVENTIVE,2026-02-11T00:00:00,2026-02-11T02:00:00,2026-02-26T00:00:00,SHADOW,120,COMPLETED
TASK-03635,AST-356,,DEP-002,SEC-003,PREVENTIVE,2026-05-12T00:00:00,2026-05-12T02:00:00,2026-05-27T00:00:00,SHADOW,120,COMPLETED
TASK-03636,AST-357,,DEP-002,SEC-005,PREVENTIVE,2023-08-25T00:00:00,2023-08-25T02:00:00,2023-09-09T00:00:00,SHADOW,120,COMPLETED
TASK-03637,AST-357,,DEP-002,SEC-005,PREVENTIVE,2023-11-23T00:00:00,2023-11-23T02:00:00,2023-12-08T00:00:00,SHADOW,120,COMPLETED
TASK-03638,AST-357,,DEP-002,SEC-005,PREVENTIVE,2024-02-21T00:00:00,2024-02-21T02:00:00,2024-03-07T00:00:00,SHADOW,120,COMPLETED
TASK-03639,AST-357,,DEP-002,SEC-005,PREVENTIVE,2024-05-21T00:00:00,2024-05-21T02:00:00,2024-06-05T00:00:00,SHADOW,120,COMPLETED
TASK-03640,AST-357,,DEP-002,SEC-005,PREVENTIVE,2024-08-19T00:00:00,2024-08-19T02:00:00,2024-09-03T00:00:00,SHADOW,120,COMPLETED
TASK-03641,AST-357,,DEP-002,SEC-005,PREVENTIVE,2024-11-17T00:00:00,2024-11-17T02:00:00,2024-12-02T00:00:00,SHADOW,120,COMPLETED
TASK-03642,AST-357,,DEP-002,SEC-005,PREVENTIVE,2025-02-15T00:00:00,2025-02-15T02:00:00,2025-03-02T00:00:00,SHADOW,120,COMPLETED
TASK-03643,AST-357,,DEP-002,SEC-005,PREVENTIVE,2025-05-16T00:00:00,2025-05-16T02:00:00,2025-05-31T00:00:00,SHADOW,120,COMPLETED
TASK-03644,AST-357,,DEP-002,SEC-005,PREVENTIVE,2025-08-14T00:00:00,2025-08-14T02:00:00,2025-08-29T00:00:00,SHADOW,120,COMPLETED
TASK-03645,AST-357,,DEP-002,SEC-005,PREVENTIVE,2025-11-12T00:00:00,2025-11-12T02:00:00,2025-11-27T00:00:00,SHADOW,120,COMPLETED
TASK-03646,AST-357,,DEP-002,SEC-005,PREVENTIVE,2026-02-10T00:00:00,2026-02-10T02:00:00,2026-02-25T00:00:00,SHADOW,120,COMPLETED
TASK-03647,AST-357,,DEP-002,SEC-005,PREVENTIVE,2026-05-11T00:00:00,2026-05-11T02:00:00,2026-05-26T00:00:00,SHADOW,120,COMPLETED
TASK-03648,AST-358,,DEP-002,SEC-004,PREVENTIVE,2023-08-29T00:00:00,2023-08-29T02:00:00,2023-09-13T00:00:00,SHADOW,120,COMPLETED
TASK-03649,AST-358,,DEP-002,SEC-004,PREVENTIVE,2023-11-27T00:00:00,2023-11-27T02:00:00,2023-12-12T00:00:00,SHADOW,120,COMPLETED
TASK-03650,AST-358,,DEP-002,SEC-004,PREVENTIVE,2024-02-25T00:00:00,2024-02-25T02:00:00,2024-03-11T00:00:00,SHADOW,120,COMPLETED
TASK-03651,AST-358,,DEP-002,SEC-004,PREVENTIVE,2024-05-25T00:00:00,2024-05-25T02:00:00,2024-06-09T00:00:00,SHADOW,120,COMPLETED
TASK-03652,AST-358,,DEP-002,SEC-004,PREVENTIVE,2024-08-23T00:00:00,2024-08-23T02:00:00,2024-09-07T00:00:00,SHADOW,120,COMPLETED
TASK-03653,AST-358,,DEP-002,SEC-004,PREVENTIVE,2024-11-21T00:00:00,2024-11-21T02:00:00,2024-12-06T00:00:00,SHADOW,120,COMPLETED
TASK-03654,AST-358,,DEP-002,SEC-004,PREVENTIVE,2025-02-19T00:00:00,2025-02-19T02:00:00,2025-03-06T00:00:00,SHADOW,120,COMPLETED
TASK-03655,AST-358,,DEP-002,SEC-004,PREVENTIVE,2025-05-20T00:00:00,2025-05-20T02:00:00,2025-06-04T00:00:00,SHADOW,120,COMPLETED
TASK-03656,AST-358,,DEP-002,SEC-004,PREVENTIVE,2025-08-18T00:00:00,2025-08-18T02:00:00,2025-09-02T00:00:00,SHADOW,120,COMPLETED
TASK-03657,AST-358,,DEP-002,SEC-004,PREVENTIVE,2025-11-16T00:00:00,2025-11-16T02:00:00,2025-12-01T00:00:00,SHADOW,120,COMPLETED
TASK-03658,AST-358,,DEP-002,SEC-004,PREVENTIVE,2026-02-14T00:00:00,2026-02-14T02:00:00,2026-03-01T00:00:00,SHADOW,120,COMPLETED
TASK-03659,AST-358,,DEP-002,SEC-004,PREVENTIVE,2026-05-15T00:00:00,2026-05-15T02:00:00,2026-05-30T00:00:00,SHADOW,120,COMPLETED
TASK-03660,AST-359,,DEP-002,SEC-001,PREVENTIVE,2023-10-12T00:00:00,2023-10-12T02:00:00,2023-10-27T00:00:00,SHADOW,120,COMPLETED
TASK-03661,AST-359,,DEP-002,SEC-001,PREVENTIVE,2024-01-10T00:00:00,2024-01-10T02:00:00,2024-01-25T00:00:00,SHADOW,120,COMPLETED
TASK-03662,AST-359,,DEP-002,SEC-001,PREVENTIVE,2024-04-09T00:00:00,2024-04-09T02:00:00,2024-04-24T00:00:00,SHADOW,120,COMPLETED
TASK-03663,AST-359,,DEP-002,SEC-001,PREVENTIVE,2024-07-08T00:00:00,2024-07-08T02:00:00,2024-07-23T00:00:00,SHADOW,120,COMPLETED
TASK-03664,AST-359,,DEP-002,SEC-001,PREVENTIVE,2024-10-06T00:00:00,2024-10-06T02:00:00,2024-10-21T00:00:00,SHADOW,120,COMPLETED
TASK-03665,AST-359,,DEP-002,SEC-001,PREVENTIVE,2025-01-04T00:00:00,2025-01-04T02:00:00,2025-01-19T00:00:00,SHADOW,120,COMPLETED
TASK-03666,AST-359,,DEP-002,SEC-001,PREVENTIVE,2025-04-04T00:00:00,2025-04-04T02:00:00,2025-04-19T00:00:00,SHADOW,120,COMPLETED
TASK-03667,AST-359,,DEP-002,SEC-001,PREVENTIVE,2025-07-03T00:00:00,2025-07-03T02:00:00,2025-07-18T00:00:00,SHADOW,120,COMPLETED
TASK-03668,AST-359,,DEP-002,SEC-001,PREVENTIVE,2025-10-01T00:00:00,2025-10-01T02:00:00,2025-10-16T00:00:00,SHADOW,120,COMPLETED
TASK-03669,AST-359,,DEP-002,SEC-001,PREVENTIVE,2025-12-30T00:00:00,2025-12-30T02:00:00,2026-01-14T00:00:00,SHADOW,120,COMPLETED
TASK-03670,AST-359,,DEP-002,SEC-001,PREVENTIVE,2026-03-30T00:00:00,2026-03-30T02:00:00,2026-04-14T00:00:00,SHADOW,120,COMPLETED
TASK-03671,AST-359,,DEP-002,SEC-001,PREVENTIVE,2026-06-28T00:00:00,2026-06-28T02:00:00,2026-07-13T00:00:00,SHADOW,120,COMPLETED
TASK-03675,AST-361,,DEP-002,SEC-004,PREVENTIVE,2023-09-22T00:00:00,2023-09-22T02:00:00,2023-10-07T00:00:00,SHADOW,120,COMPLETED
TASK-03676,AST-361,,DEP-002,SEC-004,PREVENTIVE,2023-12-21T00:00:00,2023-12-21T02:00:00,2024-01-05T00:00:00,SHADOW,120,COMPLETED
TASK-03677,AST-361,,DEP-002,SEC-004,PREVENTIVE,2024-03-20T00:00:00,2024-03-20T02:00:00,2024-04-04T00:00:00,SHADOW,120,COMPLETED
TASK-03678,AST-361,,DEP-002,SEC-004,PREVENTIVE,2024-06-18T00:00:00,2024-06-18T02:00:00,2024-07-03T00:00:00,SHADOW,120,COMPLETED
TASK-03679,AST-361,,DEP-002,SEC-004,PREVENTIVE,2024-09-16T00:00:00,2024-09-16T02:00:00,2024-10-01T00:00:00,SHADOW,120,COMPLETED
TASK-03680,AST-361,,DEP-002,SEC-004,PREVENTIVE,2024-12-15T00:00:00,2024-12-15T02:00:00,2024-12-30T00:00:00,SHADOW,120,COMPLETED
TASK-03681,AST-361,,DEP-002,SEC-004,PREVENTIVE,2025-03-15T00:00:00,2025-03-15T02:00:00,2025-03-30T00:00:00,SHADOW,120,COMPLETED
TASK-03682,AST-361,,DEP-002,SEC-004,PREVENTIVE,2025-06-13T00:00:00,2025-06-13T02:00:00,2025-06-28T00:00:00,SHADOW,120,COMPLETED
TASK-03683,AST-361,,DEP-002,SEC-004,PREVENTIVE,2025-09-11T00:00:00,2025-09-11T02:00:00,2025-09-26T00:00:00,SHADOW,120,COMPLETED
TASK-03684,AST-361,,DEP-002,SEC-004,PREVENTIVE,2025-12-10T00:00:00,2025-12-10T02:00:00,2025-12-25T00:00:00,SHADOW,120,COMPLETED
TASK-03685,AST-361,,DEP-002,SEC-004,PREVENTIVE,2026-03-10T00:00:00,2026-03-10T02:00:00,2026-03-25T00:00:00,SHADOW,120,COMPLETED
TASK-03686,AST-361,,DEP-002,SEC-004,PREVENTIVE,2026-06-08T00:00:00,2026-06-08T02:00:00,2026-06-23T00:00:00,SHADOW,120,COMPLETED
TASK-03687,AST-362,,DEP-002,SEC-003,PREVENTIVE,2023-10-11T00:00:00,2023-10-11T02:00:00,2023-10-26T00:00:00,SHADOW,120,COMPLETED
TASK-03688,AST-362,,DEP-002,SEC-003,PREVENTIVE,2024-01-09T00:00:00,2024-01-09T02:00:00,2024-01-24T00:00:00,SHADOW,120,COMPLETED
TASK-03689,AST-362,,DEP-002,SEC-003,PREVENTIVE,2024-04-08T00:00:00,2024-04-08T02:00:00,2024-04-23T00:00:00,SHADOW,120,COMPLETED
TASK-03690,AST-362,,DEP-002,SEC-003,PREVENTIVE,2024-07-07T00:00:00,2024-07-07T02:00:00,2024-07-22T00:00:00,SHADOW,120,COMPLETED
TASK-03691,AST-362,,DEP-002,SEC-003,PREVENTIVE,2024-10-05T00:00:00,2024-10-05T02:00:00,2024-10-20T00:00:00,SHADOW,120,COMPLETED
TASK-03692,AST-362,,DEP-002,SEC-003,PREVENTIVE,2025-01-03T00:00:00,2025-01-03T02:00:00,2025-01-18T00:00:00,SHADOW,120,COMPLETED
TASK-03693,AST-362,,DEP-002,SEC-003,PREVENTIVE,2025-04-03T00:00:00,2025-04-03T02:00:00,2025-04-18T00:00:00,SHADOW,120,COMPLETED
TASK-03694,AST-362,,DEP-002,SEC-003,PREVENTIVE,2025-07-02T00:00:00,2025-07-02T02:00:00,2025-07-17T00:00:00,SHADOW,120,COMPLETED
TASK-03695,AST-362,,DEP-002,SEC-003,PREVENTIVE,2025-09-30T00:00:00,2025-09-30T02:00:00,2025-10-15T00:00:00,SHADOW,120,COMPLETED
TASK-03696,AST-362,,DEP-002,SEC-003,PREVENTIVE,2025-12-29T00:00:00,2025-12-29T02:00:00,2026-01-13T00:00:00,SHADOW,120,COMPLETED
TASK-03697,AST-362,,DEP-002,SEC-003,PREVENTIVE,2026-03-29T00:00:00,2026-03-29T02:00:00,2026-04-13T00:00:00,SHADOW,120,COMPLETED
TASK-03698,AST-362,,DEP-002,SEC-003,PREVENTIVE,2026-06-27T00:00:00,2026-06-27T02:00:00,2026-07-12T00:00:00,SHADOW,120,COMPLETED
TASK-03705,AST-364,,DEP-002,SEC-001,PREVENTIVE,2023-08-31T00:00:00,2023-08-31T02:00:00,2023-09-15T00:00:00,SHADOW,120,COMPLETED
TASK-03706,AST-364,,DEP-002,SEC-001,PREVENTIVE,2023-11-29T00:00:00,2023-11-29T02:00:00,2023-12-14T00:00:00,SHADOW,120,COMPLETED
TASK-03707,AST-364,,DEP-002,SEC-001,PREVENTIVE,2024-02-27T00:00:00,2024-02-27T02:00:00,2024-03-13T00:00:00,SHADOW,120,COMPLETED
TASK-03708,AST-364,,DEP-002,SEC-001,PREVENTIVE,2024-05-27T00:00:00,2024-05-27T02:00:00,2024-06-11T00:00:00,SHADOW,120,COMPLETED
TASK-03709,AST-364,,DEP-002,SEC-001,PREVENTIVE,2024-08-25T00:00:00,2024-08-25T02:00:00,2024-09-09T00:00:00,SHADOW,120,COMPLETED
TASK-03710,AST-364,,DEP-002,SEC-001,PREVENTIVE,2024-11-23T00:00:00,2024-11-23T02:00:00,2024-12-08T00:00:00,SHADOW,120,COMPLETED
TASK-03711,AST-364,,DEP-002,SEC-001,PREVENTIVE,2025-02-21T00:00:00,2025-02-21T02:00:00,2025-03-08T00:00:00,SHADOW,120,COMPLETED
TASK-03712,AST-364,,DEP-002,SEC-001,PREVENTIVE,2025-05-22T00:00:00,2025-05-22T02:00:00,2025-06-06T00:00:00,SHADOW,120,COMPLETED
TASK-03713,AST-364,,DEP-002,SEC-001,PREVENTIVE,2025-08-20T00:00:00,2025-08-20T02:00:00,2025-09-04T00:00:00,SHADOW,120,COMPLETED
TASK-03714,AST-364,,DEP-002,SEC-001,PREVENTIVE,2025-11-18T00:00:00,2025-11-18T02:00:00,2025-12-03T00:00:00,SHADOW,120,COMPLETED
TASK-03715,AST-364,,DEP-002,SEC-001,PREVENTIVE,2026-02-16T00:00:00,2026-02-16T02:00:00,2026-03-03T00:00:00,SHADOW,120,COMPLETED
TASK-03716,AST-364,,DEP-002,SEC-001,PREVENTIVE,2026-05-17T00:00:00,2026-05-17T02:00:00,2026-06-01T00:00:00,SHADOW,120,COMPLETED
TASK-03717,AST-365,,DEP-002,SEC-001,PREVENTIVE,2023-09-28T00:00:00,2023-09-28T02:00:00,2023-10-13T00:00:00,SHADOW,120,COMPLETED
TASK-03718,AST-365,,DEP-002,SEC-001,PREVENTIVE,2023-12-27T00:00:00,2023-12-27T02:00:00,2024-01-11T00:00:00,SHADOW,120,COMPLETED
TASK-03719,AST-365,,DEP-002,SEC-001,PREVENTIVE,2024-03-26T00:00:00,2024-03-26T02:00:00,2024-04-10T00:00:00,SHADOW,120,COMPLETED
TASK-03720,AST-365,,DEP-002,SEC-001,PREVENTIVE,2024-06-24T00:00:00,2024-06-24T02:00:00,2024-07-09T00:00:00,SHADOW,120,COMPLETED
TASK-03721,AST-365,,DEP-002,SEC-001,PREVENTIVE,2024-09-22T00:00:00,2024-09-22T02:00:00,2024-10-07T00:00:00,SHADOW,120,COMPLETED
TASK-03722,AST-365,,DEP-002,SEC-001,PREVENTIVE,2024-12-21T00:00:00,2024-12-21T02:00:00,2025-01-05T00:00:00,SHADOW,120,COMPLETED
TASK-03723,AST-365,,DEP-002,SEC-001,PREVENTIVE,2025-03-21T00:00:00,2025-03-21T02:00:00,2025-04-05T00:00:00,SHADOW,120,COMPLETED
TASK-03724,AST-365,,DEP-002,SEC-001,PREVENTIVE,2025-06-19T00:00:00,2025-06-19T02:00:00,2025-07-04T00:00:00,SHADOW,120,COMPLETED
TASK-03725,AST-365,,DEP-002,SEC-001,PREVENTIVE,2025-09-17T00:00:00,2025-09-17T02:00:00,2025-10-02T00:00:00,SHADOW,120,COMPLETED
TASK-03726,AST-365,,DEP-002,SEC-001,PREVENTIVE,2025-12-16T00:00:00,2025-12-16T02:00:00,2025-12-31T00:00:00,SHADOW,120,COMPLETED
TASK-03727,AST-365,,DEP-002,SEC-001,PREVENTIVE,2026-03-16T00:00:00,2026-03-16T02:00:00,2026-03-31T00:00:00,SHADOW,120,COMPLETED
TASK-03728,AST-365,,DEP-002,SEC-001,PREVENTIVE,2026-06-14T00:00:00,2026-06-14T02:00:00,2026-06-29T00:00:00,SHADOW,120,COMPLETED
TASK-03744,AST-370,,DEP-002,SEC-005,PREVENTIVE,2023-10-27T00:00:00,2023-10-27T02:00:00,2023-11-11T00:00:00,SHADOW,120,COMPLETED
TASK-03745,AST-370,,DEP-002,SEC-005,PREVENTIVE,2024-01-25T00:00:00,2024-01-25T02:00:00,2024-02-09T00:00:00,SHADOW,120,COMPLETED
TASK-03746,AST-370,,DEP-002,SEC-005,PREVENTIVE,2024-04-24T00:00:00,2024-04-24T02:00:00,2024-05-09T00:00:00,SHADOW,120,COMPLETED
TASK-03747,AST-370,,DEP-002,SEC-005,PREVENTIVE,2024-07-23T00:00:00,2024-07-23T02:00:00,2024-08-07T00:00:00,SHADOW,120,COMPLETED
TASK-03748,AST-370,,DEP-002,SEC-005,PREVENTIVE,2024-10-21T00:00:00,2024-10-21T02:00:00,2024-11-05T00:00:00,SHADOW,120,COMPLETED
TASK-03749,AST-370,,DEP-002,SEC-005,PREVENTIVE,2025-01-19T00:00:00,2025-01-19T02:00:00,2025-02-03T00:00:00,SHADOW,120,COMPLETED
TASK-03750,AST-370,,DEP-002,SEC-005,PREVENTIVE,2025-04-19T00:00:00,2025-04-19T02:00:00,2025-05-04T00:00:00,SHADOW,120,COMPLETED
TASK-03751,AST-370,,DEP-002,SEC-005,PREVENTIVE,2025-07-18T00:00:00,2025-07-18T02:00:00,2025-08-02T00:00:00,SHADOW,120,COMPLETED
TASK-03752,AST-370,,DEP-002,SEC-005,PREVENTIVE,2025-10-16T00:00:00,2025-10-16T02:00:00,2025-10-31T00:00:00,SHADOW,120,COMPLETED
TASK-03753,AST-370,,DEP-002,SEC-005,PREVENTIVE,2026-01-14T00:00:00,2026-01-14T02:00:00,2026-01-29T00:00:00,SHADOW,120,COMPLETED
TASK-03754,AST-370,,DEP-002,SEC-005,PREVENTIVE,2026-04-14T00:00:00,2026-04-14T02:00:00,2026-04-29T00:00:00,SHADOW,120,COMPLETED
TASK-03755,AST-370,,DEP-002,SEC-005,PREVENTIVE,2026-07-13T00:00:00,2026-07-13T02:00:00,2026-07-28T00:00:00,SHADOW,120,COMPLETED
TASK-03762,AST-373,,DEP-002,SEC-001,PREVENTIVE,2023-09-13T00:00:00,2023-09-13T02:00:00,2023-09-28T00:00:00,SHADOW,120,COMPLETED
TASK-03763,AST-373,,DEP-002,SEC-001,PREVENTIVE,2023-12-12T00:00:00,2023-12-12T02:00:00,2023-12-27T00:00:00,SHADOW,120,COMPLETED
TASK-03764,AST-373,,DEP-002,SEC-001,PREVENTIVE,2024-03-11T00:00:00,2024-03-11T02:00:00,2024-03-26T00:00:00,SHADOW,120,COMPLETED
TASK-03765,AST-373,,DEP-002,SEC-001,PREVENTIVE,2024-06-09T00:00:00,2024-06-09T02:00:00,2024-06-24T00:00:00,SHADOW,120,COMPLETED
TASK-03766,AST-373,,DEP-002,SEC-001,PREVENTIVE,2024-09-07T00:00:00,2024-09-07T02:00:00,2024-09-22T00:00:00,SHADOW,120,COMPLETED
TASK-03767,AST-373,,DEP-002,SEC-001,PREVENTIVE,2024-12-06T00:00:00,2024-12-06T02:00:00,2024-12-21T00:00:00,SHADOW,120,COMPLETED
TASK-03768,AST-373,,DEP-002,SEC-001,PREVENTIVE,2025-03-06T00:00:00,2025-03-06T02:00:00,2025-03-21T00:00:00,SHADOW,120,COMPLETED
TASK-03769,AST-373,,DEP-002,SEC-001,PREVENTIVE,2025-06-04T00:00:00,2025-06-04T02:00:00,2025-06-19T00:00:00,SHADOW,120,COMPLETED
TASK-03770,AST-373,,DEP-002,SEC-001,PREVENTIVE,2025-09-02T00:00:00,2025-09-02T02:00:00,2025-09-17T00:00:00,SHADOW,120,COMPLETED
TASK-03771,AST-373,,DEP-002,SEC-001,PREVENTIVE,2025-12-01T00:00:00,2025-12-01T02:00:00,2025-12-16T00:00:00,SHADOW,120,COMPLETED
TASK-03772,AST-373,,DEP-002,SEC-001,PREVENTIVE,2026-03-01T00:00:00,2026-03-01T02:00:00,2026-03-16T00:00:00,SHADOW,120,COMPLETED
TASK-03773,AST-373,,DEP-002,SEC-001,PREVENTIVE,2026-05-30T00:00:00,2026-05-30T02:00:00,2026-06-14T00:00:00,SHADOW,120,COMPLETED
TASK-03774,AST-374,,DEP-002,SEC-005,PREVENTIVE,2023-09-03T00:00:00,2023-09-03T02:00:00,2023-09-18T00:00:00,SHADOW,120,COMPLETED
TASK-03775,AST-374,,DEP-002,SEC-005,PREVENTIVE,2023-12-02T00:00:00,2023-12-02T02:00:00,2023-12-17T00:00:00,SHADOW,120,COMPLETED
TASK-03776,AST-374,,DEP-002,SEC-005,PREVENTIVE,2024-03-01T00:00:00,2024-03-01T02:00:00,2024-03-16T00:00:00,SHADOW,120,COMPLETED
TASK-03777,AST-374,,DEP-002,SEC-005,PREVENTIVE,2024-05-30T00:00:00,2024-05-30T02:00:00,2024-06-14T00:00:00,SHADOW,120,COMPLETED
TASK-03778,AST-374,,DEP-002,SEC-005,PREVENTIVE,2024-08-28T00:00:00,2024-08-28T02:00:00,2024-09-12T00:00:00,SHADOW,120,COMPLETED
TASK-03779,AST-374,,DEP-002,SEC-005,PREVENTIVE,2024-11-26T00:00:00,2024-11-26T02:00:00,2024-12-11T00:00:00,SHADOW,120,COMPLETED
TASK-03780,AST-374,,DEP-002,SEC-005,PREVENTIVE,2025-02-24T00:00:00,2025-02-24T02:00:00,2025-03-11T00:00:00,SHADOW,120,COMPLETED
TASK-03781,AST-374,,DEP-002,SEC-005,PREVENTIVE,2025-05-25T00:00:00,2025-05-25T02:00:00,2025-06-09T00:00:00,SHADOW,120,COMPLETED
TASK-03782,AST-374,,DEP-002,SEC-005,PREVENTIVE,2025-08-23T00:00:00,2025-08-23T02:00:00,2025-09-07T00:00:00,SHADOW,120,COMPLETED
TASK-03783,AST-374,,DEP-002,SEC-005,PREVENTIVE,2025-11-21T00:00:00,2025-11-21T02:00:00,2025-12-06T00:00:00,SHADOW,120,COMPLETED
TASK-03784,AST-374,,DEP-002,SEC-005,PREVENTIVE,2026-02-19T00:00:00,2026-02-19T02:00:00,2026-03-06T00:00:00,SHADOW,120,COMPLETED
TASK-03785,AST-374,,DEP-002,SEC-005,PREVENTIVE,2026-05-20T00:00:00,2026-05-20T02:00:00,2026-06-04T00:00:00,SHADOW,120,COMPLETED
TASK-03801,AST-378,,DEP-002,SEC-005,PREVENTIVE,2023-09-21T00:00:00,2023-09-21T02:00:00,2023-10-06T00:00:00,SHADOW,120,COMPLETED
TASK-03802,AST-378,,DEP-002,SEC-005,PREVENTIVE,2023-12-20T00:00:00,2023-12-20T02:00:00,2024-01-04T00:00:00,SHADOW,120,COMPLETED
TASK-03803,AST-378,,DEP-002,SEC-005,PREVENTIVE,2024-03-19T00:00:00,2024-03-19T02:00:00,2024-04-03T00:00:00,SHADOW,120,COMPLETED
TASK-03804,AST-378,,DEP-002,SEC-005,PREVENTIVE,2024-06-17T00:00:00,2024-06-17T02:00:00,2024-07-02T00:00:00,SHADOW,120,COMPLETED
TASK-03805,AST-378,,DEP-002,SEC-005,PREVENTIVE,2024-09-15T00:00:00,2024-09-15T02:00:00,2024-09-30T00:00:00,SHADOW,120,COMPLETED
TASK-03806,AST-378,,DEP-002,SEC-005,PREVENTIVE,2024-12-14T00:00:00,2024-12-14T02:00:00,2024-12-29T00:00:00,SHADOW,120,COMPLETED
TASK-03807,AST-378,,DEP-002,SEC-005,PREVENTIVE,2025-03-14T00:00:00,2025-03-14T02:00:00,2025-03-29T00:00:00,SHADOW,120,COMPLETED
TASK-03808,AST-378,,DEP-002,SEC-005,PREVENTIVE,2025-06-12T00:00:00,2025-06-12T02:00:00,2025-06-27T00:00:00,SHADOW,120,COMPLETED
TASK-03809,AST-378,,DEP-002,SEC-005,PREVENTIVE,2025-09-10T00:00:00,2025-09-10T02:00:00,2025-09-25T00:00:00,SHADOW,120,COMPLETED
TASK-03810,AST-378,,DEP-002,SEC-005,PREVENTIVE,2025-12-09T00:00:00,2025-12-09T02:00:00,2025-12-24T00:00:00,SHADOW,120,COMPLETED
TASK-03811,AST-378,,DEP-002,SEC-005,PREVENTIVE,2026-03-09T00:00:00,2026-03-09T02:00:00,2026-03-24T00:00:00,SHADOW,120,COMPLETED
TASK-03812,AST-378,,DEP-002,SEC-005,PREVENTIVE,2026-06-07T00:00:00,2026-06-07T02:00:00,2026-06-22T00:00:00,SHADOW,120,COMPLETED
TASK-03816,AST-380,,DEP-002,SEC-005,PREVENTIVE,2023-10-21T00:00:00,2023-10-21T02:00:00,2023-11-05T00:00:00,SHADOW,120,COMPLETED
TASK-03817,AST-380,,DEP-002,SEC-005,PREVENTIVE,2024-01-19T00:00:00,2024-01-19T02:00:00,2024-02-03T00:00:00,SHADOW,120,COMPLETED
TASK-03818,AST-380,,DEP-002,SEC-005,PREVENTIVE,2024-04-18T00:00:00,2024-04-18T02:00:00,2024-05-03T00:00:00,SHADOW,120,COMPLETED
TASK-03819,AST-380,,DEP-002,SEC-005,PREVENTIVE,2024-07-17T00:00:00,2024-07-17T02:00:00,2024-08-01T00:00:00,SHADOW,120,COMPLETED
TASK-03820,AST-380,,DEP-002,SEC-005,PREVENTIVE,2024-10-15T00:00:00,2024-10-15T02:00:00,2024-10-30T00:00:00,SHADOW,120,COMPLETED
TASK-03821,AST-380,,DEP-002,SEC-005,PREVENTIVE,2025-01-13T00:00:00,2025-01-13T02:00:00,2025-01-28T00:00:00,SHADOW,120,COMPLETED
TASK-03822,AST-380,,DEP-002,SEC-005,PREVENTIVE,2025-04-13T00:00:00,2025-04-13T02:00:00,2025-04-28T00:00:00,SHADOW,120,COMPLETED
TASK-03823,AST-380,,DEP-002,SEC-005,PREVENTIVE,2025-07-12T00:00:00,2025-07-12T02:00:00,2025-07-27T00:00:00,SHADOW,120,COMPLETED
TASK-03824,AST-380,,DEP-002,SEC-005,PREVENTIVE,2025-10-10T00:00:00,2025-10-10T02:00:00,2025-10-25T00:00:00,SHADOW,120,COMPLETED
TASK-03825,AST-380,,DEP-002,SEC-005,PREVENTIVE,2026-01-08T00:00:00,2026-01-08T02:00:00,2026-01-23T00:00:00,SHADOW,120,COMPLETED
TASK-03826,AST-380,,DEP-002,SEC-005,PREVENTIVE,2026-04-08T00:00:00,2026-04-08T02:00:00,2026-04-23T00:00:00,SHADOW,120,COMPLETED
TASK-03827,AST-380,,DEP-002,SEC-005,PREVENTIVE,2026-07-07T00:00:00,2026-07-07T02:00:00,2026-07-22T00:00:00,SHADOW,120,COMPLETED
TASK-03828,AST-381,,DEP-002,SEC-004,PREVENTIVE,2023-09-09T00:00:00,2023-09-09T02:00:00,2023-09-24T00:00:00,SHADOW,120,COMPLETED
TASK-03829,AST-381,,DEP-002,SEC-004,PREVENTIVE,2023-12-08T00:00:00,2023-12-08T02:00:00,2023-12-23T00:00:00,SHADOW,120,COMPLETED
TASK-03830,AST-381,,DEP-002,SEC-004,PREVENTIVE,2024-03-07T00:00:00,2024-03-07T02:00:00,2024-03-22T00:00:00,SHADOW,120,COMPLETED
TASK-03831,AST-381,,DEP-002,SEC-004,PREVENTIVE,2024-06-05T00:00:00,2024-06-05T02:00:00,2024-06-20T00:00:00,SHADOW,120,COMPLETED
TASK-03832,AST-381,,DEP-002,SEC-004,PREVENTIVE,2024-09-03T00:00:00,2024-09-03T02:00:00,2024-09-18T00:00:00,SHADOW,120,COMPLETED
TASK-03833,AST-381,,DEP-002,SEC-004,PREVENTIVE,2024-12-02T00:00:00,2024-12-02T02:00:00,2024-12-17T00:00:00,SHADOW,120,COMPLETED
TASK-03834,AST-381,,DEP-002,SEC-004,PREVENTIVE,2025-03-02T00:00:00,2025-03-02T02:00:00,2025-03-17T00:00:00,SHADOW,120,COMPLETED
TASK-03835,AST-381,,DEP-002,SEC-004,PREVENTIVE,2025-05-31T00:00:00,2025-05-31T02:00:00,2025-06-15T00:00:00,SHADOW,120,COMPLETED
TASK-03836,AST-381,,DEP-002,SEC-004,PREVENTIVE,2025-08-29T00:00:00,2025-08-29T02:00:00,2025-09-13T00:00:00,SHADOW,120,COMPLETED
TASK-03837,AST-381,,DEP-002,SEC-004,PREVENTIVE,2025-11-27T00:00:00,2025-11-27T02:00:00,2025-12-12T00:00:00,SHADOW,120,COMPLETED
TASK-03838,AST-381,,DEP-002,SEC-004,PREVENTIVE,2026-02-25T00:00:00,2026-02-25T02:00:00,2026-03-12T00:00:00,SHADOW,120,COMPLETED
TASK-03839,AST-381,,DEP-002,SEC-004,PREVENTIVE,2026-05-26T00:00:00,2026-05-26T02:00:00,2026-06-10T00:00:00,SHADOW,120,COMPLETED
TASK-03864,AST-387,,DEP-002,SEC-006,PREVENTIVE,2023-10-09T00:00:00,2023-10-09T02:00:00,2023-10-24T00:00:00,SHADOW,120,COMPLETED
TASK-03865,AST-387,,DEP-002,SEC-006,PREVENTIVE,2024-01-07T00:00:00,2024-01-07T02:00:00,2024-01-22T00:00:00,SHADOW,120,COMPLETED
TASK-03866,AST-387,,DEP-002,SEC-006,PREVENTIVE,2024-04-06T00:00:00,2024-04-06T02:00:00,2024-04-21T00:00:00,SHADOW,120,COMPLETED
TASK-03867,AST-387,,DEP-002,SEC-006,PREVENTIVE,2024-07-05T00:00:00,2024-07-05T02:00:00,2024-07-20T00:00:00,SHADOW,120,COMPLETED
TASK-03868,AST-387,,DEP-002,SEC-006,PREVENTIVE,2024-10-03T00:00:00,2024-10-03T02:00:00,2024-10-18T00:00:00,SHADOW,120,COMPLETED
TASK-03869,AST-387,,DEP-002,SEC-006,PREVENTIVE,2025-01-01T00:00:00,2025-01-01T02:00:00,2025-01-16T00:00:00,SHADOW,120,COMPLETED
TASK-03870,AST-387,,DEP-002,SEC-006,PREVENTIVE,2025-04-01T00:00:00,2025-04-01T02:00:00,2025-04-16T00:00:00,SHADOW,120,COMPLETED
TASK-03871,AST-387,,DEP-002,SEC-006,PREVENTIVE,2025-06-30T00:00:00,2025-06-30T02:00:00,2025-07-15T00:00:00,SHADOW,120,COMPLETED
TASK-03872,AST-387,,DEP-002,SEC-006,PREVENTIVE,2025-09-28T00:00:00,2025-09-28T02:00:00,2025-10-13T00:00:00,SHADOW,120,COMPLETED
TASK-03873,AST-387,,DEP-002,SEC-006,PREVENTIVE,2025-12-27T00:00:00,2025-12-27T02:00:00,2026-01-11T00:00:00,SHADOW,120,COMPLETED
TASK-03874,AST-387,,DEP-002,SEC-006,PREVENTIVE,2026-03-27T00:00:00,2026-03-27T02:00:00,2026-04-11T00:00:00,SHADOW,120,COMPLETED
TASK-03875,AST-387,,DEP-002,SEC-006,PREVENTIVE,2026-06-25T00:00:00,2026-06-25T02:00:00,2026-07-10T00:00:00,SHADOW,120,COMPLETED
TASK-03882,AST-390,,DEP-002,SEC-004,PREVENTIVE,2023-08-16T00:00:00,2023-08-16T02:00:00,2023-08-31T00:00:00,SHADOW,120,COMPLETED
TASK-03883,AST-390,,DEP-002,SEC-004,PREVENTIVE,2023-11-14T00:00:00,2023-11-14T02:00:00,2023-11-29T00:00:00,SHADOW,120,COMPLETED
TASK-03884,AST-390,,DEP-002,SEC-004,PREVENTIVE,2024-02-12T00:00:00,2024-02-12T02:00:00,2024-02-27T00:00:00,SHADOW,120,COMPLETED
TASK-03885,AST-390,,DEP-002,SEC-004,PREVENTIVE,2024-05-12T00:00:00,2024-05-12T02:00:00,2024-05-27T00:00:00,SHADOW,120,COMPLETED
TASK-03886,AST-390,,DEP-002,SEC-004,PREVENTIVE,2024-08-10T00:00:00,2024-08-10T02:00:00,2024-08-25T00:00:00,SHADOW,120,COMPLETED
TASK-03887,AST-390,,DEP-002,SEC-004,PREVENTIVE,2024-11-08T00:00:00,2024-11-08T02:00:00,2024-11-23T00:00:00,SHADOW,120,COMPLETED
TASK-03888,AST-390,,DEP-002,SEC-004,PREVENTIVE,2025-02-06T00:00:00,2025-02-06T02:00:00,2025-02-21T00:00:00,SHADOW,120,COMPLETED
TASK-03889,AST-390,,DEP-002,SEC-004,PREVENTIVE,2025-05-07T00:00:00,2025-05-07T02:00:00,2025-05-22T00:00:00,SHADOW,120,COMPLETED
TASK-03890,AST-390,,DEP-002,SEC-004,PREVENTIVE,2025-08-05T00:00:00,2025-08-05T02:00:00,2025-08-20T00:00:00,SHADOW,120,COMPLETED
TASK-03891,AST-390,,DEP-002,SEC-004,PREVENTIVE,2025-11-03T00:00:00,2025-11-03T02:00:00,2025-11-18T00:00:00,SHADOW,120,COMPLETED
TASK-03892,AST-390,,DEP-002,SEC-004,PREVENTIVE,2026-02-01T00:00:00,2026-02-01T02:00:00,2026-02-16T00:00:00,SHADOW,120,COMPLETED
TASK-03893,AST-390,,DEP-002,SEC-004,PREVENTIVE,2026-05-02T00:00:00,2026-05-02T02:00:00,2026-05-17T00:00:00,SHADOW,120,COMPLETED
TASK-03894,AST-390,,DEP-002,SEC-004,PREVENTIVE,2026-07-31T00:00:00,2026-07-31T02:00:00,2026-08-15T00:00:00,SHADOW,120,COMPLETED
TASK-03898,AST-392,,DEP-002,SEC-001,PREVENTIVE,2023-09-02T00:00:00,2023-09-02T02:00:00,2023-09-17T00:00:00,SHADOW,120,COMPLETED
TASK-03899,AST-392,,DEP-002,SEC-001,PREVENTIVE,2023-12-01T00:00:00,2023-12-01T02:00:00,2023-12-16T00:00:00,SHADOW,120,COMPLETED
TASK-03900,AST-392,,DEP-002,SEC-001,PREVENTIVE,2024-02-29T00:00:00,2024-02-29T02:00:00,2024-03-15T00:00:00,SHADOW,120,COMPLETED
TASK-03901,AST-392,,DEP-002,SEC-001,PREVENTIVE,2024-05-29T00:00:00,2024-05-29T02:00:00,2024-06-13T00:00:00,SHADOW,120,COMPLETED
TASK-03902,AST-392,,DEP-002,SEC-001,PREVENTIVE,2024-08-27T00:00:00,2024-08-27T02:00:00,2024-09-11T00:00:00,SHADOW,120,COMPLETED
TASK-03903,AST-392,,DEP-002,SEC-001,PREVENTIVE,2024-11-25T00:00:00,2024-11-25T02:00:00,2024-12-10T00:00:00,SHADOW,120,COMPLETED
TASK-03904,AST-392,,DEP-002,SEC-001,PREVENTIVE,2025-02-23T00:00:00,2025-02-23T02:00:00,2025-03-10T00:00:00,SHADOW,120,COMPLETED
TASK-03905,AST-392,,DEP-002,SEC-001,PREVENTIVE,2025-05-24T00:00:00,2025-05-24T02:00:00,2025-06-08T00:00:00,SHADOW,120,COMPLETED
TASK-03906,AST-392,,DEP-002,SEC-001,PREVENTIVE,2025-08-22T00:00:00,2025-08-22T02:00:00,2025-09-06T00:00:00,SHADOW,120,COMPLETED
TASK-03907,AST-392,,DEP-002,SEC-001,PREVENTIVE,2025-11-20T00:00:00,2025-11-20T02:00:00,2025-12-05T00:00:00,SHADOW,120,COMPLETED
TASK-03908,AST-392,,DEP-002,SEC-001,PREVENTIVE,2026-02-18T00:00:00,2026-02-18T02:00:00,2026-03-05T00:00:00,SHADOW,120,COMPLETED
TASK-03909,AST-392,,DEP-002,SEC-001,PREVENTIVE,2026-05-19T00:00:00,2026-05-19T02:00:00,2026-06-03T00:00:00,SHADOW,120,COMPLETED
TASK-03910,AST-393,,DEP-002,SEC-004,PREVENTIVE,2023-09-06T00:00:00,2023-09-06T02:00:00,2023-09-21T00:00:00,SHADOW,120,COMPLETED
TASK-03911,AST-393,,DEP-002,SEC-004,PREVENTIVE,2023-12-05T00:00:00,2023-12-05T02:00:00,2023-12-20T00:00:00,SHADOW,120,COMPLETED
TASK-03912,AST-393,,DEP-002,SEC-004,PREVENTIVE,2024-03-04T00:00:00,2024-03-04T02:00:00,2024-03-19T00:00:00,SHADOW,120,COMPLETED
TASK-03913,AST-393,,DEP-002,SEC-004,PREVENTIVE,2024-06-02T00:00:00,2024-06-02T02:00:00,2024-06-17T00:00:00,SHADOW,120,COMPLETED
TASK-03914,AST-393,,DEP-002,SEC-004,PREVENTIVE,2024-08-31T00:00:00,2024-08-31T02:00:00,2024-09-15T00:00:00,SHADOW,120,COMPLETED
TASK-03915,AST-393,,DEP-002,SEC-004,PREVENTIVE,2024-11-29T00:00:00,2024-11-29T02:00:00,2024-12-14T00:00:00,SHADOW,120,COMPLETED
TASK-03916,AST-393,,DEP-002,SEC-004,PREVENTIVE,2025-02-27T00:00:00,2025-02-27T02:00:00,2025-03-14T00:00:00,SHADOW,120,COMPLETED
TASK-03917,AST-393,,DEP-002,SEC-004,PREVENTIVE,2025-05-28T00:00:00,2025-05-28T02:00:00,2025-06-12T00:00:00,SHADOW,120,COMPLETED
TASK-03918,AST-393,,DEP-002,SEC-004,PREVENTIVE,2025-08-26T00:00:00,2025-08-26T02:00:00,2025-09-10T00:00:00,SHADOW,120,COMPLETED
TASK-03919,AST-393,,DEP-002,SEC-004,PREVENTIVE,2025-11-24T00:00:00,2025-11-24T02:00:00,2025-12-09T00:00:00,SHADOW,120,COMPLETED
TASK-03920,AST-393,,DEP-002,SEC-004,PREVENTIVE,2026-02-22T00:00:00,2026-02-22T02:00:00,2026-03-09T00:00:00,SHADOW,120,COMPLETED
TASK-03921,AST-393,,DEP-002,SEC-004,PREVENTIVE,2026-05-23T00:00:00,2026-05-23T02:00:00,2026-06-07T00:00:00,SHADOW,120,COMPLETED
TASK-03937,AST-398,,DEP-002,SEC-003,PREVENTIVE,2023-09-08T00:00:00,2023-09-08T02:00:00,2023-09-23T00:00:00,SHADOW,120,COMPLETED
TASK-03938,AST-398,,DEP-002,SEC-003,PREVENTIVE,2023-12-07T00:00:00,2023-12-07T02:00:00,2023-12-22T00:00:00,SHADOW,120,COMPLETED
TASK-03939,AST-398,,DEP-002,SEC-003,PREVENTIVE,2024-03-06T00:00:00,2024-03-06T02:00:00,2024-03-21T00:00:00,SHADOW,120,COMPLETED
TASK-03940,AST-398,,DEP-002,SEC-003,PREVENTIVE,2024-06-04T00:00:00,2024-06-04T02:00:00,2024-06-19T00:00:00,SHADOW,120,COMPLETED
TASK-03941,AST-398,,DEP-002,SEC-003,PREVENTIVE,2024-09-02T00:00:00,2024-09-02T02:00:00,2024-09-17T00:00:00,SHADOW,120,COMPLETED
TASK-03942,AST-398,,DEP-002,SEC-003,PREVENTIVE,2024-12-01T00:00:00,2024-12-01T02:00:00,2024-12-16T00:00:00,SHADOW,120,COMPLETED
TASK-03943,AST-398,,DEP-002,SEC-003,PREVENTIVE,2025-03-01T00:00:00,2025-03-01T02:00:00,2025-03-16T00:00:00,SHADOW,120,COMPLETED
TASK-03944,AST-398,,DEP-002,SEC-003,PREVENTIVE,2025-05-30T00:00:00,2025-05-30T02:00:00,2025-06-14T00:00:00,SHADOW,120,COMPLETED
TASK-03945,AST-398,,DEP-002,SEC-003,PREVENTIVE,2025-08-28T00:00:00,2025-08-28T02:00:00,2025-09-12T00:00:00,SHADOW,120,COMPLETED
TASK-03946,AST-398,,DEP-002,SEC-003,PREVENTIVE,2025-11-26T00:00:00,2025-11-26T02:00:00,2025-12-11T00:00:00,SHADOW,120,COMPLETED
TASK-03947,AST-398,,DEP-002,SEC-003,PREVENTIVE,2026-02-24T00:00:00,2026-02-24T02:00:00,2026-03-11T00:00:00,SHADOW,120,COMPLETED
TASK-03948,AST-398,,DEP-002,SEC-003,PREVENTIVE,2026-05-25T00:00:00,2026-05-25T02:00:00,2026-06-09T00:00:00,SHADOW,120,COMPLETED
TASK-03952,AST-400,,DEP-002,SEC-004,PREVENTIVE,2023-08-20T00:00:00,2023-08-20T02:00:00,2023-09-04T00:00:00,SHADOW,120,COMPLETED
TASK-03953,AST-400,,DEP-002,SEC-004,PREVENTIVE,2023-11-18T00:00:00,2023-11-18T02:00:00,2023-12-03T00:00:00,SHADOW,120,COMPLETED
TASK-03954,AST-400,,DEP-002,SEC-004,PREVENTIVE,2024-02-16T00:00:00,2024-02-16T02:00:00,2024-03-02T00:00:00,SHADOW,120,COMPLETED
TASK-03955,AST-400,,DEP-002,SEC-004,PREVENTIVE,2024-05-16T00:00:00,2024-05-16T02:00:00,2024-05-31T00:00:00,SHADOW,120,COMPLETED
TASK-03956,AST-400,,DEP-002,SEC-004,PREVENTIVE,2024-08-14T00:00:00,2024-08-14T02:00:00,2024-08-29T00:00:00,SHADOW,120,COMPLETED
TASK-03957,AST-400,,DEP-002,SEC-004,PREVENTIVE,2024-11-12T00:00:00,2024-11-12T02:00:00,2024-11-27T00:00:00,SHADOW,120,COMPLETED
TASK-03958,AST-400,,DEP-002,SEC-004,PREVENTIVE,2025-02-10T00:00:00,2025-02-10T02:00:00,2025-02-25T00:00:00,SHADOW,120,COMPLETED
TASK-03959,AST-400,,DEP-002,SEC-004,PREVENTIVE,2025-05-11T00:00:00,2025-05-11T02:00:00,2025-05-26T00:00:00,SHADOW,120,COMPLETED
TASK-03960,AST-400,,DEP-002,SEC-004,PREVENTIVE,2025-08-09T00:00:00,2025-08-09T02:00:00,2025-08-24T00:00:00,SHADOW,120,COMPLETED
TASK-03961,AST-400,,DEP-002,SEC-004,PREVENTIVE,2025-11-07T00:00:00,2025-11-07T02:00:00,2025-11-22T00:00:00,SHADOW,120,COMPLETED
TASK-03962,AST-400,,DEP-002,SEC-004,PREVENTIVE,2026-02-05T00:00:00,2026-02-05T02:00:00,2026-02-20T00:00:00,SHADOW,120,COMPLETED
TASK-03963,AST-400,,DEP-002,SEC-004,PREVENTIVE,2026-05-06T00:00:00,2026-05-06T02:00:00,2026-05-21T00:00:00,SHADOW,120,COMPLETED
TASK-03964,AST-401,,DEP-002,SEC-002,PREVENTIVE,2023-10-11T00:00:00,2023-10-11T02:00:00,2023-10-26T00:00:00,SHADOW,120,COMPLETED
TASK-03965,AST-401,,DEP-002,SEC-002,PREVENTIVE,2024-01-09T00:00:00,2024-01-09T02:00:00,2024-01-24T00:00:00,SHADOW,120,COMPLETED
TASK-03966,AST-401,,DEP-002,SEC-002,PREVENTIVE,2024-04-08T00:00:00,2024-04-08T02:00:00,2024-04-23T00:00:00,SHADOW,120,COMPLETED
TASK-03967,AST-401,,DEP-002,SEC-002,PREVENTIVE,2024-07-07T00:00:00,2024-07-07T02:00:00,2024-07-22T00:00:00,SHADOW,120,COMPLETED
TASK-03968,AST-401,,DEP-002,SEC-002,PREVENTIVE,2024-10-05T00:00:00,2024-10-05T02:00:00,2024-10-20T00:00:00,SHADOW,120,COMPLETED
TASK-03969,AST-401,,DEP-002,SEC-002,PREVENTIVE,2025-01-03T00:00:00,2025-01-03T02:00:00,2025-01-18T00:00:00,SHADOW,120,COMPLETED
TASK-03970,AST-401,,DEP-002,SEC-002,PREVENTIVE,2025-04-03T00:00:00,2025-04-03T02:00:00,2025-04-18T00:00:00,SHADOW,120,COMPLETED
TASK-03971,AST-401,,DEP-002,SEC-002,PREVENTIVE,2025-07-02T00:00:00,2025-07-02T02:00:00,2025-07-17T00:00:00,SHADOW,120,COMPLETED
TASK-03972,AST-401,,DEP-002,SEC-002,PREVENTIVE,2025-09-30T00:00:00,2025-09-30T02:00:00,2025-10-15T00:00:00,SHADOW,120,COMPLETED
TASK-03973,AST-401,,DEP-002,SEC-002,PREVENTIVE,2025-12-29T00:00:00,2025-12-29T02:00:00,2026-01-13T00:00:00,SHADOW,120,COMPLETED
TASK-03974,AST-401,,DEP-002,SEC-002,PREVENTIVE,2026-03-29T00:00:00,2026-03-29T02:00:00,2026-04-13T00:00:00,SHADOW,120,COMPLETED
TASK-03975,AST-401,,DEP-002,SEC-002,PREVENTIVE,2026-06-27T00:00:00,2026-06-27T02:00:00,2026-07-12T00:00:00,SHADOW,120,COMPLETED
TASK-03979,AST-403,,DEP-002,SEC-005,PREVENTIVE,2023-10-16T00:00:00,2023-10-16T02:00:00,2023-10-31T00:00:00,SHADOW,120,COMPLETED
TASK-03980,AST-403,,DEP-002,SEC-005,PREVENTIVE,2024-01-14T00:00:00,2024-01-14T02:00:00,2024-01-29T00:00:00,SHADOW,120,COMPLETED
TASK-03981,AST-403,,DEP-002,SEC-005,PREVENTIVE,2024-04-13T00:00:00,2024-04-13T02:00:00,2024-04-28T00:00:00,SHADOW,120,COMPLETED
TASK-03982,AST-403,,DEP-002,SEC-005,PREVENTIVE,2024-07-12T00:00:00,2024-07-12T02:00:00,2024-07-27T00:00:00,SHADOW,120,COMPLETED
TASK-03983,AST-403,,DEP-002,SEC-005,PREVENTIVE,2024-10-10T00:00:00,2024-10-10T02:00:00,2024-10-25T00:00:00,SHADOW,120,COMPLETED
TASK-03984,AST-403,,DEP-002,SEC-005,PREVENTIVE,2025-01-08T00:00:00,2025-01-08T02:00:00,2025-01-23T00:00:00,SHADOW,120,COMPLETED
TASK-03985,AST-403,,DEP-002,SEC-005,PREVENTIVE,2025-04-08T00:00:00,2025-04-08T02:00:00,2025-04-23T00:00:00,SHADOW,120,COMPLETED
TASK-03986,AST-403,,DEP-002,SEC-005,PREVENTIVE,2025-07-07T00:00:00,2025-07-07T02:00:00,2025-07-22T00:00:00,SHADOW,120,COMPLETED
TASK-03987,AST-403,,DEP-002,SEC-005,PREVENTIVE,2025-10-05T00:00:00,2025-10-05T02:00:00,2025-10-20T00:00:00,SHADOW,120,COMPLETED
TASK-03988,AST-403,,DEP-002,SEC-005,PREVENTIVE,2026-01-03T00:00:00,2026-01-03T02:00:00,2026-01-18T00:00:00,SHADOW,120,COMPLETED
TASK-03989,AST-403,,DEP-002,SEC-005,PREVENTIVE,2026-04-03T00:00:00,2026-04-03T02:00:00,2026-04-18T00:00:00,SHADOW,120,COMPLETED
TASK-03990,AST-403,,DEP-002,SEC-005,PREVENTIVE,2026-07-02T00:00:00,2026-07-02T02:00:00,2026-07-17T00:00:00,SHADOW,120,COMPLETED
TASK-03991,AST-404,,DEP-002,SEC-006,PREVENTIVE,2023-09-30T00:00:00,2023-09-30T02:00:00,2023-10-15T00:00:00,SHADOW,120,COMPLETED
TASK-03992,AST-404,,DEP-002,SEC-006,PREVENTIVE,2023-12-29T00:00:00,2023-12-29T02:00:00,2024-01-13T00:00:00,SHADOW,120,COMPLETED
TASK-03993,AST-404,,DEP-002,SEC-006,PREVENTIVE,2024-03-28T00:00:00,2024-03-28T02:00:00,2024-04-12T00:00:00,SHADOW,120,COMPLETED
TASK-03994,AST-404,,DEP-002,SEC-006,PREVENTIVE,2024-06-26T00:00:00,2024-06-26T02:00:00,2024-07-11T00:00:00,SHADOW,120,COMPLETED
TASK-03995,AST-404,,DEP-002,SEC-006,PREVENTIVE,2024-09-24T00:00:00,2024-09-24T02:00:00,2024-10-09T00:00:00,SHADOW,120,COMPLETED
TASK-03996,AST-404,,DEP-002,SEC-006,PREVENTIVE,2024-12-23T00:00:00,2024-12-23T02:00:00,2025-01-07T00:00:00,SHADOW,120,COMPLETED
TASK-03997,AST-404,,DEP-002,SEC-006,PREVENTIVE,2025-03-23T00:00:00,2025-03-23T02:00:00,2025-04-07T00:00:00,SHADOW,120,COMPLETED
TASK-03998,AST-404,,DEP-002,SEC-006,PREVENTIVE,2025-06-21T00:00:00,2025-06-21T02:00:00,2025-07-06T00:00:00,SHADOW,120,COMPLETED
TASK-03999,AST-404,,DEP-002,SEC-006,PREVENTIVE,2025-09-19T00:00:00,2025-09-19T02:00:00,2025-10-04T00:00:00,SHADOW,120,COMPLETED
TASK-04000,AST-404,,DEP-002,SEC-006,PREVENTIVE,2025-12-18T00:00:00,2025-12-18T02:00:00,2026-01-02T00:00:00,SHADOW,120,COMPLETED
TASK-04001,AST-404,,DEP-002,SEC-006,PREVENTIVE,2026-03-18T00:00:00,2026-03-18T02:00:00,2026-04-02T00:00:00,SHADOW,120,COMPLETED
TASK-04002,AST-404,,DEP-002,SEC-006,PREVENTIVE,2026-06-16T00:00:00,2026-06-16T02:00:00,2026-07-01T00:00:00,SHADOW,120,COMPLETED
TASK-04018,AST-409,,DEP-002,SEC-002,PREVENTIVE,2023-10-12T00:00:00,2023-10-12T02:00:00,2023-10-27T00:00:00,SHADOW,120,COMPLETED
TASK-04019,AST-409,,DEP-002,SEC-002,PREVENTIVE,2024-01-10T00:00:00,2024-01-10T02:00:00,2024-01-25T00:00:00,SHADOW,120,COMPLETED
TASK-04020,AST-409,,DEP-002,SEC-002,PREVENTIVE,2024-04-09T00:00:00,2024-04-09T02:00:00,2024-04-24T00:00:00,SHADOW,120,COMPLETED
TASK-04021,AST-409,,DEP-002,SEC-002,PREVENTIVE,2024-07-08T00:00:00,2024-07-08T02:00:00,2024-07-23T00:00:00,SHADOW,120,COMPLETED
TASK-04022,AST-409,,DEP-002,SEC-002,PREVENTIVE,2024-10-06T00:00:00,2024-10-06T02:00:00,2024-10-21T00:00:00,SHADOW,120,COMPLETED
TASK-04023,AST-409,,DEP-002,SEC-002,PREVENTIVE,2025-01-04T00:00:00,2025-01-04T02:00:00,2025-01-19T00:00:00,SHADOW,120,COMPLETED
TASK-04024,AST-409,,DEP-002,SEC-002,PREVENTIVE,2025-04-04T00:00:00,2025-04-04T02:00:00,2025-04-19T00:00:00,SHADOW,120,COMPLETED
TASK-04025,AST-409,,DEP-002,SEC-002,PREVENTIVE,2025-07-03T00:00:00,2025-07-03T02:00:00,2025-07-18T00:00:00,SHADOW,120,COMPLETED
TASK-04026,AST-409,,DEP-002,SEC-002,PREVENTIVE,2025-10-01T00:00:00,2025-10-01T02:00:00,2025-10-16T00:00:00,SHADOW,120,COMPLETED
TASK-04027,AST-409,,DEP-002,SEC-002,PREVENTIVE,2025-12-30T00:00:00,2025-12-30T02:00:00,2026-01-14T00:00:00,SHADOW,120,COMPLETED
TASK-04028,AST-409,,DEP-002,SEC-002,PREVENTIVE,2026-03-30T00:00:00,2026-03-30T02:00:00,2026-04-14T00:00:00,SHADOW,120,COMPLETED
TASK-04029,AST-409,,DEP-002,SEC-002,PREVENTIVE,2026-06-28T00:00:00,2026-06-28T02:00:00,2026-07-13T00:00:00,SHADOW,120,COMPLETED
TASK-04030,AST-410,,DEP-002,SEC-001,PREVENTIVE,2023-08-18T00:00:00,2023-08-18T02:00:00,2023-09-02T00:00:00,SHADOW,120,COMPLETED
TASK-04031,AST-410,,DEP-002,SEC-001,PREVENTIVE,2023-11-16T00:00:00,2023-11-16T02:00:00,2023-12-01T00:00:00,SHADOW,120,COMPLETED
TASK-04032,AST-410,,DEP-002,SEC-001,PREVENTIVE,2024-02-14T00:00:00,2024-02-14T02:00:00,2024-02-29T00:00:00,SHADOW,120,COMPLETED
TASK-04033,AST-410,,DEP-002,SEC-001,PREVENTIVE,2024-05-14T00:00:00,2024-05-14T02:00:00,2024-05-29T00:00:00,SHADOW,120,COMPLETED
TASK-04034,AST-410,,DEP-002,SEC-001,PREVENTIVE,2024-08-12T00:00:00,2024-08-12T02:00:00,2024-08-27T00:00:00,SHADOW,120,COMPLETED
TASK-04035,AST-410,,DEP-002,SEC-001,PREVENTIVE,2024-11-10T00:00:00,2024-11-10T02:00:00,2024-11-25T00:00:00,SHADOW,120,COMPLETED
TASK-04036,AST-410,,DEP-002,SEC-001,PREVENTIVE,2025-02-08T00:00:00,2025-02-08T02:00:00,2025-02-23T00:00:00,SHADOW,120,COMPLETED
TASK-04037,AST-410,,DEP-002,SEC-001,PREVENTIVE,2025-05-09T00:00:00,2025-05-09T02:00:00,2025-05-24T00:00:00,SHADOW,120,COMPLETED
TASK-04038,AST-410,,DEP-002,SEC-001,PREVENTIVE,2025-08-07T00:00:00,2025-08-07T02:00:00,2025-08-22T00:00:00,SHADOW,120,COMPLETED
TASK-04039,AST-410,,DEP-002,SEC-001,PREVENTIVE,2025-11-05T00:00:00,2025-11-05T02:00:00,2025-11-20T00:00:00,SHADOW,120,COMPLETED
TASK-04040,AST-410,,DEP-002,SEC-001,PREVENTIVE,2026-02-03T00:00:00,2026-02-03T02:00:00,2026-02-18T00:00:00,SHADOW,120,COMPLETED
TASK-04041,AST-410,,DEP-002,SEC-001,PREVENTIVE,2026-05-04T00:00:00,2026-05-04T02:00:00,2026-05-19T00:00:00,SHADOW,120,COMPLETED
TASK-04054,AST-414,,DEP-002,SEC-003,PREVENTIVE,2023-10-30T00:00:00,2023-10-30T02:00:00,2023-11-14T00:00:00,SHADOW,120,COMPLETED
TASK-04055,AST-414,,DEP-002,SEC-003,PREVENTIVE,2024-01-28T00:00:00,2024-01-28T02:00:00,2024-02-12T00:00:00,SHADOW,120,COMPLETED
TASK-04056,AST-414,,DEP-002,SEC-003,PREVENTIVE,2024-04-27T00:00:00,2024-04-27T02:00:00,2024-05-12T00:00:00,SHADOW,120,COMPLETED
TASK-04057,AST-414,,DEP-002,SEC-003,PREVENTIVE,2024-07-26T00:00:00,2024-07-26T02:00:00,2024-08-10T00:00:00,SHADOW,120,COMPLETED
TASK-04058,AST-414,,DEP-002,SEC-003,PREVENTIVE,2024-10-24T00:00:00,2024-10-24T02:00:00,2024-11-08T00:00:00,SHADOW,120,COMPLETED
TASK-04059,AST-414,,DEP-002,SEC-003,PREVENTIVE,2025-01-22T00:00:00,2025-01-22T02:00:00,2025-02-06T00:00:00,SHADOW,120,COMPLETED
TASK-04060,AST-414,,DEP-002,SEC-003,PREVENTIVE,2025-04-22T00:00:00,2025-04-22T02:00:00,2025-05-07T00:00:00,SHADOW,120,COMPLETED
TASK-04061,AST-414,,DEP-002,SEC-003,PREVENTIVE,2025-07-21T00:00:00,2025-07-21T02:00:00,2025-08-05T00:00:00,SHADOW,120,COMPLETED
TASK-04062,AST-414,,DEP-002,SEC-003,PREVENTIVE,2025-10-19T00:00:00,2025-10-19T02:00:00,2025-11-03T00:00:00,SHADOW,120,COMPLETED
TASK-04063,AST-414,,DEP-002,SEC-003,PREVENTIVE,2026-01-17T00:00:00,2026-01-17T02:00:00,2026-02-01T00:00:00,SHADOW,120,COMPLETED
TASK-04064,AST-414,,DEP-002,SEC-003,PREVENTIVE,2026-04-17T00:00:00,2026-04-17T02:00:00,2026-05-02T00:00:00,SHADOW,120,COMPLETED
TASK-04065,AST-414,,DEP-002,SEC-003,PREVENTIVE,2026-07-16T00:00:00,2026-07-16T02:00:00,2026-07-31T00:00:00,SHADOW,120,COMPLETED
TASK-04075,AST-417,,DEP-002,SEC-005,PREVENTIVE,2023-09-08T00:00:00,2023-09-08T02:00:00,2023-09-23T00:00:00,SHADOW,120,COMPLETED
TASK-04076,AST-417,,DEP-002,SEC-005,PREVENTIVE,2023-12-07T00:00:00,2023-12-07T02:00:00,2023-12-22T00:00:00,SHADOW,120,COMPLETED
TASK-04077,AST-417,,DEP-002,SEC-005,PREVENTIVE,2024-03-06T00:00:00,2024-03-06T02:00:00,2024-03-21T00:00:00,SHADOW,120,COMPLETED
TASK-04078,AST-417,,DEP-002,SEC-005,PREVENTIVE,2024-06-04T00:00:00,2024-06-04T02:00:00,2024-06-19T00:00:00,SHADOW,120,COMPLETED
TASK-04079,AST-417,,DEP-002,SEC-005,PREVENTIVE,2024-09-02T00:00:00,2024-09-02T02:00:00,2024-09-17T00:00:00,SHADOW,120,COMPLETED
TASK-04080,AST-417,,DEP-002,SEC-005,PREVENTIVE,2024-12-01T00:00:00,2024-12-01T02:00:00,2024-12-16T00:00:00,SHADOW,120,COMPLETED
TASK-04081,AST-417,,DEP-002,SEC-005,PREVENTIVE,2025-03-01T00:00:00,2025-03-01T02:00:00,2025-03-16T00:00:00,SHADOW,120,COMPLETED
TASK-04082,AST-417,,DEP-002,SEC-005,PREVENTIVE,2025-05-30T00:00:00,2025-05-30T02:00:00,2025-06-14T00:00:00,SHADOW,120,COMPLETED
TASK-04083,AST-417,,DEP-002,SEC-005,PREVENTIVE,2025-08-28T00:00:00,2025-08-28T02:00:00,2025-09-12T00:00:00,SHADOW,120,COMPLETED
TASK-04084,AST-417,,DEP-002,SEC-005,PREVENTIVE,2025-11-26T00:00:00,2025-11-26T02:00:00,2025-12-11T00:00:00,SHADOW,120,COMPLETED
TASK-04085,AST-417,,DEP-002,SEC-005,PREVENTIVE,2026-02-24T00:00:00,2026-02-24T02:00:00,2026-03-11T00:00:00,SHADOW,120,COMPLETED
TASK-04086,AST-417,,DEP-002,SEC-005,PREVENTIVE,2026-05-25T00:00:00,2026-05-25T02:00:00,2026-06-09T00:00:00,SHADOW,120,COMPLETED
TASK-04087,AST-418,,DEP-002,SEC-005,PREVENTIVE,2023-09-14T00:00:00,2023-09-14T02:00:00,2023-09-29T00:00:00,SHADOW,120,COMPLETED
TASK-04088,AST-418,,DEP-002,SEC-005,PREVENTIVE,2023-12-13T00:00:00,2023-12-13T02:00:00,2023-12-28T00:00:00,SHADOW,120,COMPLETED
TASK-04089,AST-418,,DEP-002,SEC-005,PREVENTIVE,2024-03-12T00:00:00,2024-03-12T02:00:00,2024-03-27T00:00:00,SHADOW,120,COMPLETED
TASK-04090,AST-418,,DEP-002,SEC-005,PREVENTIVE,2024-06-10T00:00:00,2024-06-10T02:00:00,2024-06-25T00:00:00,SHADOW,120,COMPLETED
TASK-04091,AST-418,,DEP-002,SEC-005,PREVENTIVE,2024-09-08T00:00:00,2024-09-08T02:00:00,2024-09-23T00:00:00,SHADOW,120,COMPLETED
TASK-04092,AST-418,,DEP-002,SEC-005,PREVENTIVE,2024-12-07T00:00:00,2024-12-07T02:00:00,2024-12-22T00:00:00,SHADOW,120,COMPLETED
TASK-04093,AST-418,,DEP-002,SEC-005,PREVENTIVE,2025-03-07T00:00:00,2025-03-07T02:00:00,2025-03-22T00:00:00,SHADOW,120,COMPLETED
TASK-04094,AST-418,,DEP-002,SEC-005,PREVENTIVE,2025-06-05T00:00:00,2025-06-05T02:00:00,2025-06-20T00:00:00,SHADOW,120,COMPLETED
TASK-04095,AST-418,,DEP-002,SEC-005,PREVENTIVE,2025-09-03T00:00:00,2025-09-03T02:00:00,2025-09-18T00:00:00,SHADOW,120,COMPLETED
TASK-04096,AST-418,,DEP-002,SEC-005,PREVENTIVE,2025-12-02T00:00:00,2025-12-02T02:00:00,2025-12-17T00:00:00,SHADOW,120,COMPLETED
TASK-04097,AST-418,,DEP-002,SEC-005,PREVENTIVE,2026-03-02T00:00:00,2026-03-02T02:00:00,2026-03-17T00:00:00,SHADOW,120,COMPLETED
TASK-04098,AST-418,,DEP-002,SEC-005,PREVENTIVE,2026-05-31T00:00:00,2026-05-31T02:00:00,2026-06-15T00:00:00,SHADOW,120,COMPLETED
TASK-04108,AST-421,,DEP-002,SEC-006,PREVENTIVE,2023-09-19T00:00:00,2023-09-19T02:00:00,2023-10-04T00:00:00,SHADOW,120,COMPLETED
TASK-04109,AST-421,,DEP-002,SEC-006,PREVENTIVE,2023-12-18T00:00:00,2023-12-18T02:00:00,2024-01-02T00:00:00,SHADOW,120,COMPLETED
TASK-04110,AST-421,,DEP-002,SEC-006,PREVENTIVE,2024-03-17T00:00:00,2024-03-17T02:00:00,2024-04-01T00:00:00,SHADOW,120,COMPLETED
TASK-04111,AST-421,,DEP-002,SEC-006,PREVENTIVE,2024-06-15T00:00:00,2024-06-15T02:00:00,2024-06-30T00:00:00,SHADOW,120,COMPLETED
TASK-04112,AST-421,,DEP-002,SEC-006,PREVENTIVE,2024-09-13T00:00:00,2024-09-13T02:00:00,2024-09-28T00:00:00,SHADOW,120,COMPLETED
TASK-04113,AST-421,,DEP-002,SEC-006,PREVENTIVE,2024-12-12T00:00:00,2024-12-12T02:00:00,2024-12-27T00:00:00,SHADOW,120,COMPLETED
TASK-04114,AST-421,,DEP-002,SEC-006,PREVENTIVE,2025-03-12T00:00:00,2025-03-12T02:00:00,2025-03-27T00:00:00,SHADOW,120,COMPLETED
TASK-04115,AST-421,,DEP-002,SEC-006,PREVENTIVE,2025-06-10T00:00:00,2025-06-10T02:00:00,2025-06-25T00:00:00,SHADOW,120,COMPLETED
TASK-04116,AST-421,,DEP-002,SEC-006,PREVENTIVE,2025-09-08T00:00:00,2025-09-08T02:00:00,2025-09-23T00:00:00,SHADOW,120,COMPLETED
TASK-04117,AST-421,,DEP-002,SEC-006,PREVENTIVE,2025-12-07T00:00:00,2025-12-07T02:00:00,2025-12-22T00:00:00,SHADOW,120,COMPLETED
TASK-04118,AST-421,,DEP-002,SEC-006,PREVENTIVE,2026-03-07T00:00:00,2026-03-07T02:00:00,2026-03-22T00:00:00,SHADOW,120,COMPLETED
TASK-04119,AST-421,,DEP-002,SEC-006,PREVENTIVE,2026-06-05T00:00:00,2026-06-05T02:00:00,2026-06-20T00:00:00,SHADOW,120,COMPLETED
TASK-04129,AST-424,,DEP-002,SEC-003,PREVENTIVE,2023-08-23T00:00:00,2023-08-23T02:00:00,2023-09-07T00:00:00,SHADOW,120,COMPLETED
TASK-04130,AST-424,,DEP-002,SEC-003,PREVENTIVE,2023-11-21T00:00:00,2023-11-21T02:00:00,2023-12-06T00:00:00,SHADOW,120,COMPLETED
TASK-04131,AST-424,,DEP-002,SEC-003,PREVENTIVE,2024-02-19T00:00:00,2024-02-19T02:00:00,2024-03-05T00:00:00,SHADOW,120,COMPLETED
TASK-04132,AST-424,,DEP-002,SEC-003,PREVENTIVE,2024-05-19T00:00:00,2024-05-19T02:00:00,2024-06-03T00:00:00,SHADOW,120,COMPLETED
TASK-04133,AST-424,,DEP-002,SEC-003,PREVENTIVE,2024-08-17T00:00:00,2024-08-17T02:00:00,2024-09-01T00:00:00,SHADOW,120,COMPLETED
TASK-04134,AST-424,,DEP-002,SEC-003,PREVENTIVE,2024-11-15T00:00:00,2024-11-15T02:00:00,2024-11-30T00:00:00,SHADOW,120,COMPLETED
TASK-04135,AST-424,,DEP-002,SEC-003,PREVENTIVE,2025-02-13T00:00:00,2025-02-13T02:00:00,2025-02-28T00:00:00,SHADOW,120,COMPLETED
TASK-04136,AST-424,,DEP-002,SEC-003,PREVENTIVE,2025-05-14T00:00:00,2025-05-14T02:00:00,2025-05-29T00:00:00,SHADOW,120,COMPLETED
TASK-04137,AST-424,,DEP-002,SEC-003,PREVENTIVE,2025-08-12T00:00:00,2025-08-12T02:00:00,2025-08-27T00:00:00,SHADOW,120,COMPLETED
TASK-04138,AST-424,,DEP-002,SEC-003,PREVENTIVE,2025-11-10T00:00:00,2025-11-10T02:00:00,2025-11-25T00:00:00,SHADOW,120,COMPLETED
TASK-04139,AST-424,,DEP-002,SEC-003,PREVENTIVE,2026-02-08T00:00:00,2026-02-08T02:00:00,2026-02-23T00:00:00,SHADOW,120,COMPLETED
TASK-04140,AST-424,,DEP-002,SEC-003,PREVENTIVE,2026-05-09T00:00:00,2026-05-09T02:00:00,2026-05-24T00:00:00,SHADOW,120,COMPLETED
TASK-04153,AST-427,,DEP-002,SEC-002,PREVENTIVE,2023-09-07T00:00:00,2023-09-07T02:00:00,2023-09-22T00:00:00,SHADOW,120,COMPLETED
TASK-04154,AST-427,,DEP-002,SEC-002,PREVENTIVE,2023-12-06T00:00:00,2023-12-06T02:00:00,2023-12-21T00:00:00,SHADOW,120,COMPLETED
TASK-04155,AST-427,,DEP-002,SEC-002,PREVENTIVE,2024-03-05T00:00:00,2024-03-05T02:00:00,2024-03-20T00:00:00,SHADOW,120,COMPLETED
TASK-04156,AST-427,,DEP-002,SEC-002,PREVENTIVE,2024-06-03T00:00:00,2024-06-03T02:00:00,2024-06-18T00:00:00,SHADOW,120,COMPLETED
TASK-04157,AST-427,,DEP-002,SEC-002,PREVENTIVE,2024-09-01T00:00:00,2024-09-01T02:00:00,2024-09-16T00:00:00,SHADOW,120,COMPLETED
TASK-04158,AST-427,,DEP-002,SEC-002,PREVENTIVE,2024-11-30T00:00:00,2024-11-30T02:00:00,2024-12-15T00:00:00,SHADOW,120,COMPLETED
TASK-04159,AST-427,,DEP-002,SEC-002,PREVENTIVE,2025-02-28T00:00:00,2025-02-28T02:00:00,2025-03-15T00:00:00,SHADOW,120,COMPLETED
TASK-04160,AST-427,,DEP-002,SEC-002,PREVENTIVE,2025-05-29T00:00:00,2025-05-29T02:00:00,2025-06-13T00:00:00,SHADOW,120,COMPLETED
TASK-04161,AST-427,,DEP-002,SEC-002,PREVENTIVE,2025-08-27T00:00:00,2025-08-27T02:00:00,2025-09-11T00:00:00,SHADOW,120,COMPLETED
TASK-04162,AST-427,,DEP-002,SEC-002,PREVENTIVE,2025-11-25T00:00:00,2025-11-25T02:00:00,2025-12-10T00:00:00,SHADOW,120,COMPLETED
TASK-04163,AST-427,,DEP-002,SEC-002,PREVENTIVE,2026-02-23T00:00:00,2026-02-23T02:00:00,2026-03-10T00:00:00,SHADOW,120,COMPLETED
TASK-04164,AST-427,,DEP-002,SEC-002,PREVENTIVE,2026-05-24T00:00:00,2026-05-24T02:00:00,2026-06-08T00:00:00,SHADOW,120,COMPLETED
TASK-04168,AST-429,,DEP-002,SEC-004,PREVENTIVE,2023-10-02T00:00:00,2023-10-02T02:00:00,2023-10-17T00:00:00,SHADOW,120,COMPLETED
TASK-04169,AST-429,,DEP-002,SEC-004,PREVENTIVE,2023-12-31T00:00:00,2023-12-31T02:00:00,2024-01-15T00:00:00,SHADOW,120,COMPLETED
TASK-04170,AST-429,,DEP-002,SEC-004,PREVENTIVE,2024-03-30T00:00:00,2024-03-30T02:00:00,2024-04-14T00:00:00,SHADOW,120,COMPLETED
TASK-04171,AST-429,,DEP-002,SEC-004,PREVENTIVE,2024-06-28T00:00:00,2024-06-28T02:00:00,2024-07-13T00:00:00,SHADOW,120,COMPLETED
TASK-04172,AST-429,,DEP-002,SEC-004,PREVENTIVE,2024-09-26T00:00:00,2024-09-26T02:00:00,2024-10-11T00:00:00,SHADOW,120,COMPLETED
TASK-04173,AST-429,,DEP-002,SEC-004,PREVENTIVE,2024-12-25T00:00:00,2024-12-25T02:00:00,2025-01-09T00:00:00,SHADOW,120,COMPLETED
TASK-04174,AST-429,,DEP-002,SEC-004,PREVENTIVE,2025-03-25T00:00:00,2025-03-25T02:00:00,2025-04-09T00:00:00,SHADOW,120,COMPLETED
TASK-04175,AST-429,,DEP-002,SEC-004,PREVENTIVE,2025-06-23T00:00:00,2025-06-23T02:00:00,2025-07-08T00:00:00,SHADOW,120,COMPLETED
TASK-04176,AST-429,,DEP-002,SEC-004,PREVENTIVE,2025-09-21T00:00:00,2025-09-21T02:00:00,2025-10-06T00:00:00,SHADOW,120,COMPLETED
TASK-04177,AST-429,,DEP-002,SEC-004,PREVENTIVE,2025-12-20T00:00:00,2025-12-20T02:00:00,2026-01-04T00:00:00,SHADOW,120,COMPLETED
TASK-04178,AST-429,,DEP-002,SEC-004,PREVENTIVE,2026-03-20T00:00:00,2026-03-20T02:00:00,2026-04-04T00:00:00,SHADOW,120,COMPLETED
TASK-04179,AST-429,,DEP-002,SEC-004,PREVENTIVE,2026-06-18T00:00:00,2026-06-18T02:00:00,2026-07-03T00:00:00,SHADOW,120,COMPLETED
TASK-04180,AST-430,,DEP-002,SEC-001,PREVENTIVE,2023-10-12T00:00:00,2023-10-12T02:00:00,2023-10-27T00:00:00,SHADOW,120,COMPLETED
TASK-04181,AST-430,,DEP-002,SEC-001,PREVENTIVE,2024-01-10T00:00:00,2024-01-10T02:00:00,2024-01-25T00:00:00,SHADOW,120,COMPLETED
TASK-04182,AST-430,,DEP-002,SEC-001,PREVENTIVE,2024-04-09T00:00:00,2024-04-09T02:00:00,2024-04-24T00:00:00,SHADOW,120,COMPLETED
TASK-04183,AST-430,,DEP-002,SEC-001,PREVENTIVE,2024-07-08T00:00:00,2024-07-08T02:00:00,2024-07-23T00:00:00,SHADOW,120,COMPLETED
TASK-04184,AST-430,,DEP-002,SEC-001,PREVENTIVE,2024-10-06T00:00:00,2024-10-06T02:00:00,2024-10-21T00:00:00,SHADOW,120,COMPLETED
TASK-04185,AST-430,,DEP-002,SEC-001,PREVENTIVE,2025-01-04T00:00:00,2025-01-04T02:00:00,2025-01-19T00:00:00,SHADOW,120,COMPLETED
TASK-04186,AST-430,,DEP-002,SEC-001,PREVENTIVE,2025-04-04T00:00:00,2025-04-04T02:00:00,2025-04-19T00:00:00,SHADOW,120,COMPLETED
TASK-04187,AST-430,,DEP-002,SEC-001,PREVENTIVE,2025-07-03T00:00:00,2025-07-03T02:00:00,2025-07-18T00:00:00,SHADOW,120,COMPLETED
TASK-04188,AST-430,,DEP-002,SEC-001,PREVENTIVE,2025-10-01T00:00:00,2025-10-01T02:00:00,2025-10-16T00:00:00,SHADOW,120,COMPLETED
TASK-04189,AST-430,,DEP-002,SEC-001,PREVENTIVE,2025-12-30T00:00:00,2025-12-30T02:00:00,2026-01-14T00:00:00,SHADOW,120,COMPLETED
TASK-04190,AST-430,,DEP-002,SEC-001,PREVENTIVE,2026-03-30T00:00:00,2026-03-30T02:00:00,2026-04-14T00:00:00,SHADOW,120,COMPLETED
TASK-04191,AST-430,,DEP-002,SEC-001,PREVENTIVE,2026-06-28T00:00:00,2026-06-28T02:00:00,2026-07-13T00:00:00,SHADOW,120,COMPLETED
TASK-04198,AST-433,,DEP-002,SEC-002,PREVENTIVE,2023-10-17T00:00:00,2023-10-17T02:00:00,2023-11-01T00:00:00,SHADOW,120,COMPLETED
TASK-04199,AST-433,,DEP-002,SEC-002,PREVENTIVE,2024-01-15T00:00:00,2024-01-15T02:00:00,2024-01-30T00:00:00,SHADOW,120,COMPLETED
TASK-04200,AST-433,,DEP-002,SEC-002,PREVENTIVE,2024-04-14T00:00:00,2024-04-14T02:00:00,2024-04-29T00:00:00,SHADOW,120,COMPLETED
TASK-04201,AST-433,,DEP-002,SEC-002,PREVENTIVE,2024-07-13T00:00:00,2024-07-13T02:00:00,2024-07-28T00:00:00,SHADOW,120,COMPLETED
TASK-04202,AST-433,,DEP-002,SEC-002,PREVENTIVE,2024-10-11T00:00:00,2024-10-11T02:00:00,2024-10-26T00:00:00,SHADOW,120,COMPLETED
TASK-04203,AST-433,,DEP-002,SEC-002,PREVENTIVE,2025-01-09T00:00:00,2025-01-09T02:00:00,2025-01-24T00:00:00,SHADOW,120,COMPLETED
TASK-04204,AST-433,,DEP-002,SEC-002,PREVENTIVE,2025-04-09T00:00:00,2025-04-09T02:00:00,2025-04-24T00:00:00,SHADOW,120,COMPLETED
TASK-04205,AST-433,,DEP-002,SEC-002,PREVENTIVE,2025-07-08T00:00:00,2025-07-08T02:00:00,2025-07-23T00:00:00,SHADOW,120,COMPLETED
TASK-04206,AST-433,,DEP-002,SEC-002,PREVENTIVE,2025-10-06T00:00:00,2025-10-06T02:00:00,2025-10-21T00:00:00,SHADOW,120,COMPLETED
TASK-04207,AST-433,,DEP-002,SEC-002,PREVENTIVE,2026-01-04T00:00:00,2026-01-04T02:00:00,2026-01-19T00:00:00,SHADOW,120,COMPLETED
TASK-04208,AST-433,,DEP-002,SEC-002,PREVENTIVE,2026-04-04T00:00:00,2026-04-04T02:00:00,2026-04-19T00:00:00,SHADOW,120,COMPLETED
TASK-04209,AST-433,,DEP-002,SEC-002,PREVENTIVE,2026-07-03T00:00:00,2026-07-03T02:00:00,2026-07-18T00:00:00,SHADOW,120,COMPLETED
TASK-04213,AST-435,,DEP-002,SEC-001,PREVENTIVE,2023-10-16T00:00:00,2023-10-16T02:00:00,2023-10-31T00:00:00,SHADOW,120,COMPLETED
TASK-04214,AST-435,,DEP-002,SEC-001,PREVENTIVE,2024-01-14T00:00:00,2024-01-14T02:00:00,2024-01-29T00:00:00,SHADOW,120,COMPLETED
TASK-04215,AST-435,,DEP-002,SEC-001,PREVENTIVE,2024-04-13T00:00:00,2024-04-13T02:00:00,2024-04-28T00:00:00,SHADOW,120,COMPLETED
TASK-04216,AST-435,,DEP-002,SEC-001,PREVENTIVE,2024-07-12T00:00:00,2024-07-12T02:00:00,2024-07-27T00:00:00,SHADOW,120,COMPLETED
TASK-04217,AST-435,,DEP-002,SEC-001,PREVENTIVE,2024-10-10T00:00:00,2024-10-10T02:00:00,2024-10-25T00:00:00,SHADOW,120,COMPLETED
TASK-04218,AST-435,,DEP-002,SEC-001,PREVENTIVE,2025-01-08T00:00:00,2025-01-08T02:00:00,2025-01-23T00:00:00,SHADOW,120,COMPLETED
TASK-04219,AST-435,,DEP-002,SEC-001,PREVENTIVE,2025-04-08T00:00:00,2025-04-08T02:00:00,2025-04-23T00:00:00,SHADOW,120,COMPLETED
TASK-04220,AST-435,,DEP-002,SEC-001,PREVENTIVE,2025-07-07T00:00:00,2025-07-07T02:00:00,2025-07-22T00:00:00,SHADOW,120,COMPLETED
TASK-04221,AST-435,,DEP-002,SEC-001,PREVENTIVE,2025-10-05T00:00:00,2025-10-05T02:00:00,2025-10-20T00:00:00,SHADOW,120,COMPLETED
TASK-04222,AST-435,,DEP-002,SEC-001,PREVENTIVE,2026-01-03T00:00:00,2026-01-03T02:00:00,2026-01-18T00:00:00,SHADOW,120,COMPLETED
TASK-04223,AST-435,,DEP-002,SEC-001,PREVENTIVE,2026-04-03T00:00:00,2026-04-03T02:00:00,2026-04-18T00:00:00,SHADOW,120,COMPLETED
TASK-04224,AST-435,,DEP-002,SEC-001,PREVENTIVE,2026-07-02T00:00:00,2026-07-02T02:00:00,2026-07-17T00:00:00,SHADOW,120,COMPLETED
TASK-04228,AST-437,,DEP-002,SEC-006,PREVENTIVE,2023-10-12T00:00:00,2023-10-12T02:00:00,2023-10-27T00:00:00,SHADOW,120,COMPLETED
TASK-04229,AST-437,,DEP-002,SEC-006,PREVENTIVE,2024-01-10T00:00:00,2024-01-10T02:00:00,2024-01-25T00:00:00,SHADOW,120,COMPLETED
TASK-04230,AST-437,,DEP-002,SEC-006,PREVENTIVE,2024-04-09T00:00:00,2024-04-09T02:00:00,2024-04-24T00:00:00,SHADOW,120,COMPLETED
TASK-04231,AST-437,,DEP-002,SEC-006,PREVENTIVE,2024-07-08T00:00:00,2024-07-08T02:00:00,2024-07-23T00:00:00,SHADOW,120,COMPLETED
TASK-04232,AST-437,,DEP-002,SEC-006,PREVENTIVE,2024-10-06T00:00:00,2024-10-06T02:00:00,2024-10-21T00:00:00,SHADOW,120,COMPLETED
TASK-04233,AST-437,,DEP-002,SEC-006,PREVENTIVE,2025-01-04T00:00:00,2025-01-04T02:00:00,2025-01-19T00:00:00,SHADOW,120,COMPLETED
TASK-04234,AST-437,,DEP-002,SEC-006,PREVENTIVE,2025-04-04T00:00:00,2025-04-04T02:00:00,2025-04-19T00:00:00,SHADOW,120,COMPLETED
TASK-04235,AST-437,,DEP-002,SEC-006,PREVENTIVE,2025-07-03T00:00:00,2025-07-03T02:00:00,2025-07-18T00:00:00,SHADOW,120,COMPLETED
TASK-04236,AST-437,,DEP-002,SEC-006,PREVENTIVE,2025-10-01T00:00:00,2025-10-01T02:00:00,2025-10-16T00:00:00,SHADOW,120,COMPLETED
TASK-04237,AST-437,,DEP-002,SEC-006,PREVENTIVE,2025-12-30T00:00:00,2025-12-30T02:00:00,2026-01-14T00:00:00,SHADOW,120,COMPLETED
TASK-04238,AST-437,,DEP-002,SEC-006,PREVENTIVE,2026-03-30T00:00:00,2026-03-30T02:00:00,2026-04-14T00:00:00,SHADOW,120,COMPLETED
TASK-04239,AST-437,,DEP-002,SEC-006,PREVENTIVE,2026-06-28T00:00:00,2026-06-28T02:00:00,2026-07-13T00:00:00,SHADOW,120,COMPLETED
TASK-04246,AST-439,,DEP-002,SEC-003,PREVENTIVE,2023-08-27T00:00:00,2023-08-27T02:00:00,2023-09-11T00:00:00,SHADOW,120,COMPLETED
TASK-04247,AST-439,,DEP-002,SEC-003,PREVENTIVE,2023-11-25T00:00:00,2023-11-25T02:00:00,2023-12-10T00:00:00,SHADOW,120,COMPLETED
TASK-04248,AST-439,,DEP-002,SEC-003,PREVENTIVE,2024-02-23T00:00:00,2024-02-23T02:00:00,2024-03-09T00:00:00,SHADOW,120,COMPLETED
TASK-04249,AST-439,,DEP-002,SEC-003,PREVENTIVE,2024-05-23T00:00:00,2024-05-23T02:00:00,2024-06-07T00:00:00,SHADOW,120,COMPLETED
TASK-04250,AST-439,,DEP-002,SEC-003,PREVENTIVE,2024-08-21T00:00:00,2024-08-21T02:00:00,2024-09-05T00:00:00,SHADOW,120,COMPLETED
TASK-04251,AST-439,,DEP-002,SEC-003,PREVENTIVE,2024-11-19T00:00:00,2024-11-19T02:00:00,2024-12-04T00:00:00,SHADOW,120,COMPLETED
TASK-04252,AST-439,,DEP-002,SEC-003,PREVENTIVE,2025-02-17T00:00:00,2025-02-17T02:00:00,2025-03-04T00:00:00,SHADOW,120,COMPLETED
TASK-04253,AST-439,,DEP-002,SEC-003,PREVENTIVE,2025-05-18T00:00:00,2025-05-18T02:00:00,2025-06-02T00:00:00,SHADOW,120,COMPLETED
TASK-04254,AST-439,,DEP-002,SEC-003,PREVENTIVE,2025-08-16T00:00:00,2025-08-16T02:00:00,2025-08-31T00:00:00,SHADOW,120,COMPLETED
TASK-04255,AST-439,,DEP-002,SEC-003,PREVENTIVE,2025-11-14T00:00:00,2025-11-14T02:00:00,2025-11-29T00:00:00,SHADOW,120,COMPLETED
TASK-04256,AST-439,,DEP-002,SEC-003,PREVENTIVE,2026-02-12T00:00:00,2026-02-12T02:00:00,2026-02-27T00:00:00,SHADOW,120,COMPLETED
TASK-04257,AST-439,,DEP-002,SEC-003,PREVENTIVE,2026-05-13T00:00:00,2026-05-13T02:00:00,2026-05-28T00:00:00,SHADOW,120,COMPLETED
TASK-04261,AST-441,,DEP-002,SEC-002,PREVENTIVE,2023-09-18T00:00:00,2023-09-18T02:00:00,2023-10-03T00:00:00,SHADOW,120,COMPLETED
TASK-04262,AST-441,,DEP-002,SEC-002,PREVENTIVE,2023-12-17T00:00:00,2023-12-17T02:00:00,2024-01-01T00:00:00,SHADOW,120,COMPLETED
TASK-04263,AST-441,,DEP-002,SEC-002,PREVENTIVE,2024-03-16T00:00:00,2024-03-16T02:00:00,2024-03-31T00:00:00,SHADOW,120,COMPLETED
TASK-04264,AST-441,,DEP-002,SEC-002,PREVENTIVE,2024-06-14T00:00:00,2024-06-14T02:00:00,2024-06-29T00:00:00,SHADOW,120,COMPLETED
TASK-04265,AST-441,,DEP-002,SEC-002,PREVENTIVE,2024-09-12T00:00:00,2024-09-12T02:00:00,2024-09-27T00:00:00,SHADOW,120,COMPLETED
TASK-04266,AST-441,,DEP-002,SEC-002,PREVENTIVE,2024-12-11T00:00:00,2024-12-11T02:00:00,2024-12-26T00:00:00,SHADOW,120,COMPLETED
TASK-04267,AST-441,,DEP-002,SEC-002,PREVENTIVE,2025-03-11T00:00:00,2025-03-11T02:00:00,2025-03-26T00:00:00,SHADOW,120,COMPLETED
TASK-04268,AST-441,,DEP-002,SEC-002,PREVENTIVE,2025-06-09T00:00:00,2025-06-09T02:00:00,2025-06-24T00:00:00,SHADOW,120,COMPLETED
TASK-04269,AST-441,,DEP-002,SEC-002,PREVENTIVE,2025-09-07T00:00:00,2025-09-07T02:00:00,2025-09-22T00:00:00,SHADOW,120,COMPLETED
TASK-04270,AST-441,,DEP-002,SEC-002,PREVENTIVE,2025-12-06T00:00:00,2025-12-06T02:00:00,2025-12-21T00:00:00,SHADOW,120,COMPLETED
TASK-04271,AST-441,,DEP-002,SEC-002,PREVENTIVE,2026-03-06T00:00:00,2026-03-06T02:00:00,2026-03-21T00:00:00,SHADOW,120,COMPLETED
TASK-04272,AST-441,,DEP-002,SEC-002,PREVENTIVE,2026-06-04T00:00:00,2026-06-04T02:00:00,2026-06-19T00:00:00,SHADOW,120,COMPLETED
TASK-04288,AST-445,,DEP-002,SEC-002,PREVENTIVE,2023-10-12T00:00:00,2023-10-12T02:00:00,2023-10-27T00:00:00,SHADOW,120,COMPLETED
TASK-04289,AST-445,,DEP-002,SEC-002,PREVENTIVE,2024-01-10T00:00:00,2024-01-10T02:00:00,2024-01-25T00:00:00,SHADOW,120,COMPLETED
TASK-04290,AST-445,,DEP-002,SEC-002,PREVENTIVE,2024-04-09T00:00:00,2024-04-09T02:00:00,2024-04-24T00:00:00,SHADOW,120,COMPLETED
TASK-04291,AST-445,,DEP-002,SEC-002,PREVENTIVE,2024-07-08T00:00:00,2024-07-08T02:00:00,2024-07-23T00:00:00,SHADOW,120,COMPLETED
TASK-04292,AST-445,,DEP-002,SEC-002,PREVENTIVE,2024-10-06T00:00:00,2024-10-06T02:00:00,2024-10-21T00:00:00,SHADOW,120,COMPLETED
TASK-04293,AST-445,,DEP-002,SEC-002,PREVENTIVE,2025-01-04T00:00:00,2025-01-04T02:00:00,2025-01-19T00:00:00,SHADOW,120,COMPLETED
TASK-04294,AST-445,,DEP-002,SEC-002,PREVENTIVE,2025-04-04T00:00:00,2025-04-04T02:00:00,2025-04-19T00:00:00,SHADOW,120,COMPLETED
TASK-04295,AST-445,,DEP-002,SEC-002,PREVENTIVE,2025-07-03T00:00:00,2025-07-03T02:00:00,2025-07-18T00:00:00,SHADOW,120,COMPLETED
TASK-04296,AST-445,,DEP-002,SEC-002,PREVENTIVE,2025-10-01T00:00:00,2025-10-01T02:00:00,2025-10-16T00:00:00,SHADOW,120,COMPLETED
TASK-04297,AST-445,,DEP-002,SEC-002,PREVENTIVE,2025-12-30T00:00:00,2025-12-30T02:00:00,2026-01-14T00:00:00,SHADOW,120,COMPLETED
TASK-04298,AST-445,,DEP-002,SEC-002,PREVENTIVE,2026-03-30T00:00:00,2026-03-30T02:00:00,2026-04-14T00:00:00,SHADOW,120,COMPLETED
TASK-04299,AST-445,,DEP-002,SEC-002,PREVENTIVE,2026-06-28T00:00:00,2026-06-28T02:00:00,2026-07-13T00:00:00,SHADOW,120,COMPLETED
TASK-04303,AST-447,,DEP-002,SEC-001,PREVENTIVE,2023-10-06T00:00:00,2023-10-06T02:00:00,2023-10-21T00:00:00,SHADOW,120,COMPLETED
TASK-04304,AST-447,,DEP-002,SEC-001,PREVENTIVE,2024-01-04T00:00:00,2024-01-04T02:00:00,2024-01-19T00:00:00,SHADOW,120,COMPLETED
TASK-04305,AST-447,,DEP-002,SEC-001,PREVENTIVE,2024-04-03T00:00:00,2024-04-03T02:00:00,2024-04-18T00:00:00,SHADOW,120,COMPLETED
TASK-04306,AST-447,,DEP-002,SEC-001,PREVENTIVE,2024-07-02T00:00:00,2024-07-02T02:00:00,2024-07-17T00:00:00,SHADOW,120,COMPLETED
TASK-04307,AST-447,,DEP-002,SEC-001,PREVENTIVE,2024-09-30T00:00:00,2024-09-30T02:00:00,2024-10-15T00:00:00,SHADOW,120,COMPLETED
TASK-04308,AST-447,,DEP-002,SEC-001,PREVENTIVE,2024-12-29T00:00:00,2024-12-29T02:00:00,2025-01-13T00:00:00,SHADOW,120,COMPLETED
TASK-04309,AST-447,,DEP-002,SEC-001,PREVENTIVE,2025-03-29T00:00:00,2025-03-29T02:00:00,2025-04-13T00:00:00,SHADOW,120,COMPLETED
TASK-04310,AST-447,,DEP-002,SEC-001,PREVENTIVE,2025-06-27T00:00:00,2025-06-27T02:00:00,2025-07-12T00:00:00,SHADOW,120,COMPLETED
TASK-04311,AST-447,,DEP-002,SEC-001,PREVENTIVE,2025-09-25T00:00:00,2025-09-25T02:00:00,2025-10-10T00:00:00,SHADOW,120,COMPLETED
TASK-04312,AST-447,,DEP-002,SEC-001,PREVENTIVE,2025-12-24T00:00:00,2025-12-24T02:00:00,2026-01-08T00:00:00,SHADOW,120,COMPLETED
TASK-04313,AST-447,,DEP-002,SEC-001,PREVENTIVE,2026-03-24T00:00:00,2026-03-24T02:00:00,2026-04-08T00:00:00,SHADOW,120,COMPLETED
TASK-04314,AST-447,,DEP-002,SEC-001,PREVENTIVE,2026-06-22T00:00:00,2026-06-22T02:00:00,2026-07-07T00:00:00,SHADOW,120,COMPLETED
TASK-04324,AST-450,,DEP-002,SEC-002,PREVENTIVE,2023-09-20T00:00:00,2023-09-20T02:00:00,2023-10-05T00:00:00,SHADOW,120,COMPLETED
TASK-04325,AST-450,,DEP-002,SEC-002,PREVENTIVE,2023-12-19T00:00:00,2023-12-19T02:00:00,2024-01-03T00:00:00,SHADOW,120,COMPLETED
TASK-04326,AST-450,,DEP-002,SEC-002,PREVENTIVE,2024-03-18T00:00:00,2024-03-18T02:00:00,2024-04-02T00:00:00,SHADOW,120,COMPLETED
TASK-04327,AST-450,,DEP-002,SEC-002,PREVENTIVE,2024-06-16T00:00:00,2024-06-16T02:00:00,2024-07-01T00:00:00,SHADOW,120,COMPLETED
TASK-04328,AST-450,,DEP-002,SEC-002,PREVENTIVE,2024-09-14T00:00:00,2024-09-14T02:00:00,2024-09-29T00:00:00,SHADOW,120,COMPLETED
TASK-04329,AST-450,,DEP-002,SEC-002,PREVENTIVE,2024-12-13T00:00:00,2024-12-13T02:00:00,2024-12-28T00:00:00,SHADOW,120,COMPLETED
TASK-04330,AST-450,,DEP-002,SEC-002,PREVENTIVE,2025-03-13T00:00:00,2025-03-13T02:00:00,2025-03-28T00:00:00,SHADOW,120,COMPLETED
TASK-04331,AST-450,,DEP-002,SEC-002,PREVENTIVE,2025-06-11T00:00:00,2025-06-11T02:00:00,2025-06-26T00:00:00,SHADOW,120,COMPLETED
TASK-04332,AST-450,,DEP-002,SEC-002,PREVENTIVE,2025-09-09T00:00:00,2025-09-09T02:00:00,2025-09-24T00:00:00,SHADOW,120,COMPLETED
TASK-04333,AST-450,,DEP-002,SEC-002,PREVENTIVE,2025-12-08T00:00:00,2025-12-08T02:00:00,2025-12-23T00:00:00,SHADOW,120,COMPLETED
TASK-04334,AST-450,,DEP-002,SEC-002,PREVENTIVE,2026-03-08T00:00:00,2026-03-08T02:00:00,2026-03-23T00:00:00,SHADOW,120,COMPLETED
TASK-04335,AST-450,,DEP-002,SEC-002,PREVENTIVE,2026-06-06T00:00:00,2026-06-06T02:00:00,2026-06-21T00:00:00,SHADOW,120,COMPLETED
TASK-04339,AST-452,,DEP-002,SEC-003,PREVENTIVE,2023-09-30T00:00:00,2023-09-30T02:00:00,2023-10-15T00:00:00,SHADOW,120,COMPLETED
TASK-04340,AST-452,,DEP-002,SEC-003,PREVENTIVE,2023-12-29T00:00:00,2023-12-29T02:00:00,2024-01-13T00:00:00,SHADOW,120,COMPLETED
TASK-04341,AST-452,,DEP-002,SEC-003,PREVENTIVE,2024-03-28T00:00:00,2024-03-28T02:00:00,2024-04-12T00:00:00,SHADOW,120,COMPLETED
TASK-04342,AST-452,,DEP-002,SEC-003,PREVENTIVE,2024-06-26T00:00:00,2024-06-26T02:00:00,2024-07-11T00:00:00,SHADOW,120,COMPLETED
TASK-04343,AST-452,,DEP-002,SEC-003,PREVENTIVE,2024-09-24T00:00:00,2024-09-24T02:00:00,2024-10-09T00:00:00,SHADOW,120,COMPLETED
TASK-04344,AST-452,,DEP-002,SEC-003,PREVENTIVE,2024-12-23T00:00:00,2024-12-23T02:00:00,2025-01-07T00:00:00,SHADOW,120,COMPLETED
TASK-04345,AST-452,,DEP-002,SEC-003,PREVENTIVE,2025-03-23T00:00:00,2025-03-23T02:00:00,2025-04-07T00:00:00,SHADOW,120,COMPLETED
TASK-04346,AST-452,,DEP-002,SEC-003,PREVENTIVE,2025-06-21T00:00:00,2025-06-21T02:00:00,2025-07-06T00:00:00,SHADOW,120,COMPLETED
TASK-04347,AST-452,,DEP-002,SEC-003,PREVENTIVE,2025-09-19T00:00:00,2025-09-19T02:00:00,2025-10-04T00:00:00,SHADOW,120,COMPLETED
TASK-04348,AST-452,,DEP-002,SEC-003,PREVENTIVE,2025-12-18T00:00:00,2025-12-18T02:00:00,2026-01-02T00:00:00,SHADOW,120,COMPLETED
TASK-04349,AST-452,,DEP-002,SEC-003,PREVENTIVE,2026-03-18T00:00:00,2026-03-18T02:00:00,2026-04-02T00:00:00,SHADOW,120,COMPLETED
TASK-04350,AST-452,,DEP-002,SEC-003,PREVENTIVE,2026-06-16T00:00:00,2026-06-16T02:00:00,2026-07-01T00:00:00,SHADOW,120,COMPLETED
TASK-04351,AST-453,,DEP-002,SEC-006,PREVENTIVE,2023-09-15T00:00:00,2023-09-15T02:00:00,2023-09-30T00:00:00,SHADOW,120,COMPLETED
TASK-04352,AST-453,,DEP-002,SEC-006,PREVENTIVE,2023-12-14T00:00:00,2023-12-14T02:00:00,2023-12-29T00:00:00,SHADOW,120,COMPLETED
TASK-04353,AST-453,,DEP-002,SEC-006,PREVENTIVE,2024-03-13T00:00:00,2024-03-13T02:00:00,2024-03-28T00:00:00,SHADOW,120,COMPLETED
TASK-04354,AST-453,,DEP-002,SEC-006,PREVENTIVE,2024-06-11T00:00:00,2024-06-11T02:00:00,2024-06-26T00:00:00,SHADOW,120,COMPLETED
TASK-04355,AST-453,,DEP-002,SEC-006,PREVENTIVE,2024-09-09T00:00:00,2024-09-09T02:00:00,2024-09-24T00:00:00,SHADOW,120,COMPLETED
TASK-04356,AST-453,,DEP-002,SEC-006,PREVENTIVE,2024-12-08T00:00:00,2024-12-08T02:00:00,2024-12-23T00:00:00,SHADOW,120,COMPLETED
TASK-04357,AST-453,,DEP-002,SEC-006,PREVENTIVE,2025-03-08T00:00:00,2025-03-08T02:00:00,2025-03-23T00:00:00,SHADOW,120,COMPLETED
TASK-04358,AST-453,,DEP-002,SEC-006,PREVENTIVE,2025-06-06T00:00:00,2025-06-06T02:00:00,2025-06-21T00:00:00,SHADOW,120,COMPLETED
TASK-04359,AST-453,,DEP-002,SEC-006,PREVENTIVE,2025-09-04T00:00:00,2025-09-04T02:00:00,2025-09-19T00:00:00,SHADOW,120,COMPLETED
TASK-04360,AST-453,,DEP-002,SEC-006,PREVENTIVE,2025-12-03T00:00:00,2025-12-03T02:00:00,2025-12-18T00:00:00,SHADOW,120,COMPLETED
TASK-04361,AST-453,,DEP-002,SEC-006,PREVENTIVE,2026-03-03T00:00:00,2026-03-03T02:00:00,2026-03-18T00:00:00,SHADOW,120,COMPLETED
TASK-04362,AST-453,,DEP-002,SEC-006,PREVENTIVE,2026-06-01T00:00:00,2026-06-01T02:00:00,2026-06-16T00:00:00,SHADOW,120,COMPLETED
TASK-04366,AST-455,,DEP-002,SEC-006,PREVENTIVE,2023-10-23T00:00:00,2023-10-23T02:00:00,2023-11-07T00:00:00,SHADOW,120,COMPLETED
TASK-04367,AST-455,,DEP-002,SEC-006,PREVENTIVE,2024-01-21T00:00:00,2024-01-21T02:00:00,2024-02-05T00:00:00,SHADOW,120,COMPLETED
TASK-04368,AST-455,,DEP-002,SEC-006,PREVENTIVE,2024-04-20T00:00:00,2024-04-20T02:00:00,2024-05-05T00:00:00,SHADOW,120,COMPLETED
TASK-04369,AST-455,,DEP-002,SEC-006,PREVENTIVE,2024-07-19T00:00:00,2024-07-19T02:00:00,2024-08-03T00:00:00,SHADOW,120,COMPLETED
TASK-04370,AST-455,,DEP-002,SEC-006,PREVENTIVE,2024-10-17T00:00:00,2024-10-17T02:00:00,2024-11-01T00:00:00,SHADOW,120,COMPLETED
TASK-04371,AST-455,,DEP-002,SEC-006,PREVENTIVE,2025-01-15T00:00:00,2025-01-15T02:00:00,2025-01-30T00:00:00,SHADOW,120,COMPLETED
TASK-04372,AST-455,,DEP-002,SEC-006,PREVENTIVE,2025-04-15T00:00:00,2025-04-15T02:00:00,2025-04-30T00:00:00,SHADOW,120,COMPLETED
TASK-04373,AST-455,,DEP-002,SEC-006,PREVENTIVE,2025-07-14T00:00:00,2025-07-14T02:00:00,2025-07-29T00:00:00,SHADOW,120,COMPLETED
TASK-04374,AST-455,,DEP-002,SEC-006,PREVENTIVE,2025-10-12T00:00:00,2025-10-12T02:00:00,2025-10-27T00:00:00,SHADOW,120,COMPLETED
TASK-04375,AST-455,,DEP-002,SEC-006,PREVENTIVE,2026-01-10T00:00:00,2026-01-10T02:00:00,2026-01-25T00:00:00,SHADOW,120,COMPLETED
TASK-04376,AST-455,,DEP-002,SEC-006,PREVENTIVE,2026-04-10T00:00:00,2026-04-10T02:00:00,2026-04-25T00:00:00,SHADOW,120,COMPLETED
TASK-04377,AST-455,,DEP-002,SEC-006,PREVENTIVE,2026-07-09T00:00:00,2026-07-09T02:00:00,2026-07-24T00:00:00,SHADOW,120,COMPLETED
TASK-04399,AST-462,,DEP-002,SEC-006,PREVENTIVE,2023-09-03T00:00:00,2023-09-03T02:00:00,2023-09-18T00:00:00,SHADOW,120,COMPLETED
TASK-04400,AST-462,,DEP-002,SEC-006,PREVENTIVE,2023-12-02T00:00:00,2023-12-02T02:00:00,2023-12-17T00:00:00,SHADOW,120,COMPLETED
TASK-04401,AST-462,,DEP-002,SEC-006,PREVENTIVE,2024-03-01T00:00:00,2024-03-01T02:00:00,2024-03-16T00:00:00,SHADOW,120,COMPLETED
TASK-04402,AST-462,,DEP-002,SEC-006,PREVENTIVE,2024-05-30T00:00:00,2024-05-30T02:00:00,2024-06-14T00:00:00,SHADOW,120,COMPLETED
TASK-04403,AST-462,,DEP-002,SEC-006,PREVENTIVE,2024-08-28T00:00:00,2024-08-28T02:00:00,2024-09-12T00:00:00,SHADOW,120,COMPLETED
TASK-04404,AST-462,,DEP-002,SEC-006,PREVENTIVE,2024-11-26T00:00:00,2024-11-26T02:00:00,2024-12-11T00:00:00,SHADOW,120,COMPLETED
TASK-04405,AST-462,,DEP-002,SEC-006,PREVENTIVE,2025-02-24T00:00:00,2025-02-24T02:00:00,2025-03-11T00:00:00,SHADOW,120,COMPLETED
TASK-04406,AST-462,,DEP-002,SEC-006,PREVENTIVE,2025-05-25T00:00:00,2025-05-25T02:00:00,2025-06-09T00:00:00,SHADOW,120,COMPLETED
TASK-04407,AST-462,,DEP-002,SEC-006,PREVENTIVE,2025-08-23T00:00:00,2025-08-23T02:00:00,2025-09-07T00:00:00,SHADOW,120,COMPLETED
TASK-04408,AST-462,,DEP-002,SEC-006,PREVENTIVE,2025-11-21T00:00:00,2025-11-21T02:00:00,2025-12-06T00:00:00,SHADOW,120,COMPLETED
TASK-04409,AST-462,,DEP-002,SEC-006,PREVENTIVE,2026-02-19T00:00:00,2026-02-19T02:00:00,2026-03-06T00:00:00,SHADOW,120,COMPLETED
TASK-04410,AST-462,,DEP-002,SEC-006,PREVENTIVE,2026-05-20T00:00:00,2026-05-20T02:00:00,2026-06-04T00:00:00,SHADOW,120,COMPLETED
TASK-04417,AST-464,,DEP-002,SEC-001,PREVENTIVE,2023-09-30T00:00:00,2023-09-30T02:00:00,2023-10-15T00:00:00,SHADOW,120,COMPLETED
TASK-04418,AST-464,,DEP-002,SEC-001,PREVENTIVE,2023-12-29T00:00:00,2023-12-29T02:00:00,2024-01-13T00:00:00,SHADOW,120,COMPLETED
TASK-04419,AST-464,,DEP-002,SEC-001,PREVENTIVE,2024-03-28T00:00:00,2024-03-28T02:00:00,2024-04-12T00:00:00,SHADOW,120,COMPLETED
TASK-04420,AST-464,,DEP-002,SEC-001,PREVENTIVE,2024-06-26T00:00:00,2024-06-26T02:00:00,2024-07-11T00:00:00,SHADOW,120,COMPLETED
TASK-04421,AST-464,,DEP-002,SEC-001,PREVENTIVE,2024-09-24T00:00:00,2024-09-24T02:00:00,2024-10-09T00:00:00,SHADOW,120,COMPLETED
TASK-04422,AST-464,,DEP-002,SEC-001,PREVENTIVE,2024-12-23T00:00:00,2024-12-23T02:00:00,2025-01-07T00:00:00,SHADOW,120,COMPLETED
TASK-04423,AST-464,,DEP-002,SEC-001,PREVENTIVE,2025-03-23T00:00:00,2025-03-23T02:00:00,2025-04-07T00:00:00,SHADOW,120,COMPLETED
TASK-04424,AST-464,,DEP-002,SEC-001,PREVENTIVE,2025-06-21T00:00:00,2025-06-21T02:00:00,2025-07-06T00:00:00,SHADOW,120,COMPLETED
TASK-04425,AST-464,,DEP-002,SEC-001,PREVENTIVE,2025-09-19T00:00:00,2025-09-19T02:00:00,2025-10-04T00:00:00,SHADOW,120,COMPLETED
TASK-04426,AST-464,,DEP-002,SEC-001,PREVENTIVE,2025-12-18T00:00:00,2025-12-18T02:00:00,2026-01-02T00:00:00,SHADOW,120,COMPLETED
TASK-04427,AST-464,,DEP-002,SEC-001,PREVENTIVE,2026-03-18T00:00:00,2026-03-18T02:00:00,2026-04-02T00:00:00,SHADOW,120,COMPLETED
TASK-04428,AST-464,,DEP-002,SEC-001,PREVENTIVE,2026-06-16T00:00:00,2026-06-16T02:00:00,2026-07-01T00:00:00,SHADOW,120,COMPLETED
TASK-04435,AST-466,,DEP-002,SEC-001,PREVENTIVE,2023-08-18T00:00:00,2023-08-18T02:00:00,2023-09-02T00:00:00,SHADOW,120,COMPLETED
TASK-04436,AST-466,,DEP-002,SEC-001,PREVENTIVE,2023-11-16T00:00:00,2023-11-16T02:00:00,2023-12-01T00:00:00,SHADOW,120,COMPLETED
TASK-04437,AST-466,,DEP-002,SEC-001,PREVENTIVE,2024-02-14T00:00:00,2024-02-14T02:00:00,2024-02-29T00:00:00,SHADOW,120,COMPLETED
TASK-04438,AST-466,,DEP-002,SEC-001,PREVENTIVE,2024-05-14T00:00:00,2024-05-14T02:00:00,2024-05-29T00:00:00,SHADOW,120,COMPLETED
TASK-04439,AST-466,,DEP-002,SEC-001,PREVENTIVE,2024-08-12T00:00:00,2024-08-12T02:00:00,2024-08-27T00:00:00,SHADOW,120,COMPLETED
TASK-04440,AST-466,,DEP-002,SEC-001,PREVENTIVE,2024-11-10T00:00:00,2024-11-10T02:00:00,2024-11-25T00:00:00,SHADOW,120,COMPLETED
TASK-04441,AST-466,,DEP-002,SEC-001,PREVENTIVE,2025-02-08T00:00:00,2025-02-08T02:00:00,2025-02-23T00:00:00,SHADOW,120,COMPLETED
TASK-04442,AST-466,,DEP-002,SEC-001,PREVENTIVE,2025-05-09T00:00:00,2025-05-09T02:00:00,2025-05-24T00:00:00,SHADOW,120,COMPLETED
TASK-04443,AST-466,,DEP-002,SEC-001,PREVENTIVE,2025-08-07T00:00:00,2025-08-07T02:00:00,2025-08-22T00:00:00,SHADOW,120,COMPLETED
TASK-04444,AST-466,,DEP-002,SEC-001,PREVENTIVE,2025-11-05T00:00:00,2025-11-05T02:00:00,2025-11-20T00:00:00,SHADOW,120,COMPLETED
TASK-04445,AST-466,,DEP-002,SEC-001,PREVENTIVE,2026-02-03T00:00:00,2026-02-03T02:00:00,2026-02-18T00:00:00,SHADOW,120,COMPLETED
TASK-04446,AST-466,,DEP-002,SEC-001,PREVENTIVE,2026-05-04T00:00:00,2026-05-04T02:00:00,2026-05-19T00:00:00,SHADOW,120,COMPLETED
TASK-04447,AST-467,,DEP-002,SEC-001,PREVENTIVE,2023-08-18T00:00:00,2023-08-18T02:00:00,2023-09-02T00:00:00,SHADOW,120,COMPLETED
TASK-04448,AST-467,,DEP-002,SEC-001,PREVENTIVE,2023-11-16T00:00:00,2023-11-16T02:00:00,2023-12-01T00:00:00,SHADOW,120,COMPLETED
TASK-04449,AST-467,,DEP-002,SEC-001,PREVENTIVE,2024-02-14T00:00:00,2024-02-14T02:00:00,2024-02-29T00:00:00,SHADOW,120,COMPLETED
TASK-04450,AST-467,,DEP-002,SEC-001,PREVENTIVE,2024-05-14T00:00:00,2024-05-14T02:00:00,2024-05-29T00:00:00,SHADOW,120,COMPLETED
TASK-04451,AST-467,,DEP-002,SEC-001,PREVENTIVE,2024-08-12T00:00:00,2024-08-12T02:00:00,2024-08-27T00:00:00,SHADOW,120,COMPLETED
TASK-04452,AST-467,,DEP-002,SEC-001,PREVENTIVE,2024-11-10T00:00:00,2024-11-10T02:00:00,2024-11-25T00:00:00,SHADOW,120,COMPLETED
TASK-04453,AST-467,,DEP-002,SEC-001,PREVENTIVE,2025-02-08T00:00:00,2025-02-08T02:00:00,2025-02-23T00:00:00,SHADOW,120,COMPLETED
TASK-04454,AST-467,,DEP-002,SEC-001,PREVENTIVE,2025-05-09T00:00:00,2025-05-09T02:00:00,2025-05-24T00:00:00,SHADOW,120,COMPLETED
TASK-04455,AST-467,,DEP-002,SEC-001,PREVENTIVE,2025-08-07T00:00:00,2025-08-07T02:00:00,2025-08-22T00:00:00,SHADOW,120,COMPLETED
TASK-04456,AST-467,,DEP-002,SEC-001,PREVENTIVE,2025-11-05T00:00:00,2025-11-05T02:00:00,2025-11-20T00:00:00,SHADOW,120,COMPLETED
TASK-04457,AST-467,,DEP-002,SEC-001,PREVENTIVE,2026-02-03T00:00:00,2026-02-03T02:00:00,2026-02-18T00:00:00,SHADOW,120,COMPLETED
TASK-04458,AST-467,,DEP-002,SEC-001,PREVENTIVE,2026-05-04T00:00:00,2026-05-04T02:00:00,2026-05-19T00:00:00,SHADOW,120,COMPLETED
TASK-04489,AST-474,,DEP-002,SEC-004,PREVENTIVE,2023-10-01T00:00:00,2023-10-01T02:00:00,2023-10-16T00:00:00,SHADOW,120,COMPLETED
TASK-04490,AST-474,,DEP-002,SEC-004,PREVENTIVE,2023-12-30T00:00:00,2023-12-30T02:00:00,2024-01-14T00:00:00,SHADOW,120,COMPLETED
TASK-04491,AST-474,,DEP-002,SEC-004,PREVENTIVE,2024-03-29T00:00:00,2024-03-29T02:00:00,2024-04-13T00:00:00,SHADOW,120,COMPLETED
TASK-04492,AST-474,,DEP-002,SEC-004,PREVENTIVE,2024-06-27T00:00:00,2024-06-27T02:00:00,2024-07-12T00:00:00,SHADOW,120,COMPLETED
TASK-04493,AST-474,,DEP-002,SEC-004,PREVENTIVE,2024-09-25T00:00:00,2024-09-25T02:00:00,2024-10-10T00:00:00,SHADOW,120,COMPLETED
TASK-04494,AST-474,,DEP-002,SEC-004,PREVENTIVE,2024-12-24T00:00:00,2024-12-24T02:00:00,2025-01-08T00:00:00,SHADOW,120,COMPLETED
TASK-04495,AST-474,,DEP-002,SEC-004,PREVENTIVE,2025-03-24T00:00:00,2025-03-24T02:00:00,2025-04-08T00:00:00,SHADOW,120,COMPLETED
TASK-04496,AST-474,,DEP-002,SEC-004,PREVENTIVE,2025-06-22T00:00:00,2025-06-22T02:00:00,2025-07-07T00:00:00,SHADOW,120,COMPLETED
TASK-04497,AST-474,,DEP-002,SEC-004,PREVENTIVE,2025-09-20T00:00:00,2025-09-20T02:00:00,2025-10-05T00:00:00,SHADOW,120,COMPLETED
TASK-04498,AST-474,,DEP-002,SEC-004,PREVENTIVE,2025-12-19T00:00:00,2025-12-19T02:00:00,2026-01-03T00:00:00,SHADOW,120,COMPLETED
TASK-04499,AST-474,,DEP-002,SEC-004,PREVENTIVE,2026-03-19T00:00:00,2026-03-19T02:00:00,2026-04-03T00:00:00,SHADOW,120,COMPLETED
TASK-04500,AST-474,,DEP-002,SEC-004,PREVENTIVE,2026-06-17T00:00:00,2026-06-17T02:00:00,2026-07-02T00:00:00,SHADOW,120,COMPLETED
TASK-04516,AST-478,,DEP-002,SEC-005,PREVENTIVE,2023-09-09T00:00:00,2023-09-09T02:00:00,2023-09-24T00:00:00,SHADOW,120,COMPLETED
TASK-04517,AST-478,,DEP-002,SEC-005,PREVENTIVE,2023-12-08T00:00:00,2023-12-08T02:00:00,2023-12-23T00:00:00,SHADOW,120,COMPLETED
TASK-04518,AST-478,,DEP-002,SEC-005,PREVENTIVE,2024-03-07T00:00:00,2024-03-07T02:00:00,2024-03-22T00:00:00,SHADOW,120,COMPLETED
TASK-04519,AST-478,,DEP-002,SEC-005,PREVENTIVE,2024-06-05T00:00:00,2024-06-05T02:00:00,2024-06-20T00:00:00,SHADOW,120,COMPLETED
TASK-04520,AST-478,,DEP-002,SEC-005,PREVENTIVE,2024-09-03T00:00:00,2024-09-03T02:00:00,2024-09-18T00:00:00,SHADOW,120,COMPLETED
TASK-04521,AST-478,,DEP-002,SEC-005,PREVENTIVE,2024-12-02T00:00:00,2024-12-02T02:00:00,2024-12-17T00:00:00,SHADOW,120,COMPLETED
TASK-04522,AST-478,,DEP-002,SEC-005,PREVENTIVE,2025-03-02T00:00:00,2025-03-02T02:00:00,2025-03-17T00:00:00,SHADOW,120,COMPLETED
TASK-04523,AST-478,,DEP-002,SEC-005,PREVENTIVE,2025-05-31T00:00:00,2025-05-31T02:00:00,2025-06-15T00:00:00,SHADOW,120,COMPLETED
TASK-04524,AST-478,,DEP-002,SEC-005,PREVENTIVE,2025-08-29T00:00:00,2025-08-29T02:00:00,2025-09-13T00:00:00,SHADOW,120,COMPLETED
TASK-04525,AST-478,,DEP-002,SEC-005,PREVENTIVE,2025-11-27T00:00:00,2025-11-27T02:00:00,2025-12-12T00:00:00,SHADOW,120,COMPLETED
TASK-04526,AST-478,,DEP-002,SEC-005,PREVENTIVE,2026-02-25T00:00:00,2026-02-25T02:00:00,2026-03-12T00:00:00,SHADOW,120,COMPLETED
TASK-04527,AST-478,,DEP-002,SEC-005,PREVENTIVE,2026-05-26T00:00:00,2026-05-26T02:00:00,2026-06-10T00:00:00,SHADOW,120,COMPLETED
TASK-04543,AST-483,,DEP-002,SEC-003,PREVENTIVE,2023-10-12T00:00:00,2023-10-12T02:00:00,2023-10-27T00:00:00,SHADOW,120,COMPLETED
TASK-04544,AST-483,,DEP-002,SEC-003,PREVENTIVE,2024-01-10T00:00:00,2024-01-10T02:00:00,2024-01-25T00:00:00,SHADOW,120,COMPLETED
TASK-04545,AST-483,,DEP-002,SEC-003,PREVENTIVE,2024-04-09T00:00:00,2024-04-09T02:00:00,2024-04-24T00:00:00,SHADOW,120,COMPLETED
TASK-04546,AST-483,,DEP-002,SEC-003,PREVENTIVE,2024-07-08T00:00:00,2024-07-08T02:00:00,2024-07-23T00:00:00,SHADOW,120,COMPLETED
TASK-04547,AST-483,,DEP-002,SEC-003,PREVENTIVE,2024-10-06T00:00:00,2024-10-06T02:00:00,2024-10-21T00:00:00,SHADOW,120,COMPLETED
TASK-04548,AST-483,,DEP-002,SEC-003,PREVENTIVE,2025-01-04T00:00:00,2025-01-04T02:00:00,2025-01-19T00:00:00,SHADOW,120,COMPLETED
TASK-04549,AST-483,,DEP-002,SEC-003,PREVENTIVE,2025-04-04T00:00:00,2025-04-04T02:00:00,2025-04-19T00:00:00,SHADOW,120,COMPLETED
TASK-04550,AST-483,,DEP-002,SEC-003,PREVENTIVE,2025-07-03T00:00:00,2025-07-03T02:00:00,2025-07-18T00:00:00,SHADOW,120,COMPLETED
TASK-04551,AST-483,,DEP-002,SEC-003,PREVENTIVE,2025-10-01T00:00:00,2025-10-01T02:00:00,2025-10-16T00:00:00,SHADOW,120,COMPLETED
TASK-04552,AST-483,,DEP-002,SEC-003,PREVENTIVE,2025-12-30T00:00:00,2025-12-30T02:00:00,2026-01-14T00:00:00,SHADOW,120,COMPLETED
TASK-04553,AST-483,,DEP-002,SEC-003,PREVENTIVE,2026-03-30T00:00:00,2026-03-30T02:00:00,2026-04-14T00:00:00,SHADOW,120,COMPLETED
TASK-04554,AST-483,,DEP-002,SEC-003,PREVENTIVE,2026-06-28T00:00:00,2026-06-28T02:00:00,2026-07-13T00:00:00,SHADOW,120,COMPLETED
TASK-04561,AST-485,,DEP-002,SEC-003,PREVENTIVE,2023-08-29T00:00:00,2023-08-29T02:00:00,2023-09-13T00:00:00,SHADOW,120,COMPLETED
TASK-04562,AST-485,,DEP-002,SEC-003,PREVENTIVE,2023-11-27T00:00:00,2023-11-27T02:00:00,2023-12-12T00:00:00,SHADOW,120,COMPLETED
TASK-04563,AST-485,,DEP-002,SEC-003,PREVENTIVE,2024-02-25T00:00:00,2024-02-25T02:00:00,2024-03-11T00:00:00,SHADOW,120,COMPLETED
TASK-04564,AST-485,,DEP-002,SEC-003,PREVENTIVE,2024-05-25T00:00:00,2024-05-25T02:00:00,2024-06-09T00:00:00,SHADOW,120,COMPLETED
TASK-04565,AST-485,,DEP-002,SEC-003,PREVENTIVE,2024-08-23T00:00:00,2024-08-23T02:00:00,2024-09-07T00:00:00,SHADOW,120,COMPLETED
TASK-04566,AST-485,,DEP-002,SEC-003,PREVENTIVE,2024-11-21T00:00:00,2024-11-21T02:00:00,2024-12-06T00:00:00,SHADOW,120,COMPLETED
TASK-04567,AST-485,,DEP-002,SEC-003,PREVENTIVE,2025-02-19T00:00:00,2025-02-19T02:00:00,2025-03-06T00:00:00,SHADOW,120,COMPLETED
TASK-04568,AST-485,,DEP-002,SEC-003,PREVENTIVE,2025-05-20T00:00:00,2025-05-20T02:00:00,2025-06-04T00:00:00,SHADOW,120,COMPLETED
TASK-04569,AST-485,,DEP-002,SEC-003,PREVENTIVE,2025-08-18T00:00:00,2025-08-18T02:00:00,2025-09-02T00:00:00,SHADOW,120,COMPLETED
TASK-04570,AST-485,,DEP-002,SEC-003,PREVENTIVE,2025-11-16T00:00:00,2025-11-16T02:00:00,2025-12-01T00:00:00,SHADOW,120,COMPLETED
TASK-04571,AST-485,,DEP-002,SEC-003,PREVENTIVE,2026-02-14T00:00:00,2026-02-14T02:00:00,2026-03-01T00:00:00,SHADOW,120,COMPLETED
TASK-04572,AST-485,,DEP-002,SEC-003,PREVENTIVE,2026-05-15T00:00:00,2026-05-15T02:00:00,2026-05-30T00:00:00,SHADOW,120,COMPLETED
TASK-04582,AST-489,,DEP-002,SEC-005,PREVENTIVE,2023-09-14T00:00:00,2023-09-14T02:00:00,2023-09-29T00:00:00,SHADOW,120,COMPLETED
TASK-04583,AST-489,,DEP-002,SEC-005,PREVENTIVE,2023-12-13T00:00:00,2023-12-13T02:00:00,2023-12-28T00:00:00,SHADOW,120,COMPLETED
TASK-04584,AST-489,,DEP-002,SEC-005,PREVENTIVE,2024-03-12T00:00:00,2024-03-12T02:00:00,2024-03-27T00:00:00,SHADOW,120,COMPLETED
TASK-04585,AST-489,,DEP-002,SEC-005,PREVENTIVE,2024-06-10T00:00:00,2024-06-10T02:00:00,2024-06-25T00:00:00,SHADOW,120,COMPLETED
TASK-04586,AST-489,,DEP-002,SEC-005,PREVENTIVE,2024-09-08T00:00:00,2024-09-08T02:00:00,2024-09-23T00:00:00,SHADOW,120,COMPLETED
TASK-04587,AST-489,,DEP-002,SEC-005,PREVENTIVE,2024-12-07T00:00:00,2024-12-07T02:00:00,2024-12-22T00:00:00,SHADOW,120,COMPLETED
TASK-04588,AST-489,,DEP-002,SEC-005,PREVENTIVE,2025-03-07T00:00:00,2025-03-07T02:00:00,2025-03-22T00:00:00,SHADOW,120,COMPLETED
TASK-04589,AST-489,,DEP-002,SEC-005,PREVENTIVE,2025-06-05T00:00:00,2025-06-05T02:00:00,2025-06-20T00:00:00,SHADOW,120,COMPLETED
TASK-04590,AST-489,,DEP-002,SEC-005,PREVENTIVE,2025-09-03T00:00:00,2025-09-03T02:00:00,2025-09-18T00:00:00,SHADOW,120,COMPLETED
TASK-04591,AST-489,,DEP-002,SEC-005,PREVENTIVE,2025-12-02T00:00:00,2025-12-02T02:00:00,2025-12-17T00:00:00,SHADOW,120,COMPLETED
TASK-04592,AST-489,,DEP-002,SEC-005,PREVENTIVE,2026-03-02T00:00:00,2026-03-02T02:00:00,2026-03-17T00:00:00,SHADOW,120,COMPLETED
TASK-04593,AST-489,,DEP-002,SEC-005,PREVENTIVE,2026-05-31T00:00:00,2026-05-31T02:00:00,2026-06-15T00:00:00,SHADOW,120,COMPLETED
TASK-04618,AST-496,,DEP-002,SEC-006,PREVENTIVE,2023-09-09T00:00:00,2023-09-09T02:00:00,2023-09-24T00:00:00,SHADOW,120,COMPLETED
TASK-04619,AST-496,,DEP-002,SEC-006,PREVENTIVE,2023-12-08T00:00:00,2023-12-08T02:00:00,2023-12-23T00:00:00,SHADOW,120,COMPLETED
TASK-04620,AST-496,,DEP-002,SEC-006,PREVENTIVE,2024-03-07T00:00:00,2024-03-07T02:00:00,2024-03-22T00:00:00,SHADOW,120,COMPLETED
TASK-04621,AST-496,,DEP-002,SEC-006,PREVENTIVE,2024-06-05T00:00:00,2024-06-05T02:00:00,2024-06-20T00:00:00,SHADOW,120,COMPLETED
TASK-04622,AST-496,,DEP-002,SEC-006,PREVENTIVE,2024-09-03T00:00:00,2024-09-03T02:00:00,2024-09-18T00:00:00,SHADOW,120,COMPLETED
TASK-04623,AST-496,,DEP-002,SEC-006,PREVENTIVE,2024-12-02T00:00:00,2024-12-02T02:00:00,2024-12-17T00:00:00,SHADOW,120,COMPLETED
TASK-04624,AST-496,,DEP-002,SEC-006,PREVENTIVE,2025-03-02T00:00:00,2025-03-02T02:00:00,2025-03-17T00:00:00,SHADOW,120,COMPLETED
TASK-04625,AST-496,,DEP-002,SEC-006,PREVENTIVE,2025-05-31T00:00:00,2025-05-31T02:00:00,2025-06-15T00:00:00,SHADOW,120,COMPLETED
TASK-04626,AST-496,,DEP-002,SEC-006,PREVENTIVE,2025-08-29T00:00:00,2025-08-29T02:00:00,2025-09-13T00:00:00,SHADOW,120,COMPLETED
TASK-04627,AST-496,,DEP-002,SEC-006,PREVENTIVE,2025-11-27T00:00:00,2025-11-27T02:00:00,2025-12-12T00:00:00,SHADOW,120,COMPLETED
TASK-04628,AST-496,,DEP-002,SEC-006,PREVENTIVE,2026-02-25T00:00:00,2026-02-25T02:00:00,2026-03-12T00:00:00,SHADOW,120,COMPLETED
TASK-04629,AST-496,,DEP-002,SEC-006,PREVENTIVE,2026-05-26T00:00:00,2026-05-26T02:00:00,2026-06-10T00:00:00,SHADOW,120,COMPLETED
TASK-04642,AST-500,,DEP-002,SEC-002,PREVENTIVE,2023-09-14T00:00:00,2023-09-14T02:00:00,2023-09-29T00:00:00,SHADOW,120,COMPLETED
TASK-04643,AST-500,,DEP-002,SEC-002,PREVENTIVE,2023-12-13T00:00:00,2023-12-13T02:00:00,2023-12-28T00:00:00,SHADOW,120,COMPLETED
TASK-04644,AST-500,,DEP-002,SEC-002,PREVENTIVE,2024-03-12T00:00:00,2024-03-12T02:00:00,2024-03-27T00:00:00,SHADOW,120,COMPLETED
TASK-04645,AST-500,,DEP-002,SEC-002,PREVENTIVE,2024-06-10T00:00:00,2024-06-10T02:00:00,2024-06-25T00:00:00,SHADOW,120,COMPLETED
TASK-04646,AST-500,,DEP-002,SEC-002,PREVENTIVE,2024-09-08T00:00:00,2024-09-08T02:00:00,2024-09-23T00:00:00,SHADOW,120,COMPLETED
TASK-04647,AST-500,,DEP-002,SEC-002,PREVENTIVE,2024-12-07T00:00:00,2024-12-07T02:00:00,2024-12-22T00:00:00,SHADOW,120,COMPLETED
TASK-04648,AST-500,,DEP-002,SEC-002,PREVENTIVE,2025-03-07T00:00:00,2025-03-07T02:00:00,2025-03-22T00:00:00,SHADOW,120,COMPLETED
TASK-04649,AST-500,,DEP-002,SEC-002,PREVENTIVE,2025-06-05T00:00:00,2025-06-05T02:00:00,2025-06-20T00:00:00,SHADOW,120,COMPLETED
TASK-04650,AST-500,,DEP-002,SEC-002,PREVENTIVE,2025-09-03T00:00:00,2025-09-03T02:00:00,2025-09-18T00:00:00,SHADOW,120,COMPLETED
TASK-04651,AST-500,,DEP-002,SEC-002,PREVENTIVE,2025-12-02T00:00:00,2025-12-02T02:00:00,2025-12-17T00:00:00,SHADOW,120,COMPLETED
TASK-04652,AST-500,,DEP-002,SEC-002,PREVENTIVE,2026-03-02T00:00:00,2026-03-02T02:00:00,2026-03-17T00:00:00,SHADOW,120,COMPLETED
TASK-04653,AST-500,,DEP-002,SEC-002,PREVENTIVE,2026-05-31T00:00:00,2026-05-31T02:00:00,2026-06-15T00:00:00,SHADOW,120,COMPLETED
TASK-04657,AST-502,,DEP-002,SEC-005,PREVENTIVE,2023-08-21T00:00:00,2023-08-21T02:00:00,2023-09-05T00:00:00,SHADOW,120,COMPLETED
TASK-04658,AST-502,,DEP-002,SEC-005,PREVENTIVE,2023-11-19T00:00:00,2023-11-19T02:00:00,2023-12-04T00:00:00,SHADOW,120,COMPLETED
TASK-04659,AST-502,,DEP-002,SEC-005,PREVENTIVE,2024-02-17T00:00:00,2024-02-17T02:00:00,2024-03-03T00:00:00,SHADOW,120,COMPLETED
TASK-04660,AST-502,,DEP-002,SEC-005,PREVENTIVE,2024-05-17T00:00:00,2024-05-17T02:00:00,2024-06-01T00:00:00,SHADOW,120,COMPLETED
TASK-04661,AST-502,,DEP-002,SEC-005,PREVENTIVE,2024-08-15T00:00:00,2024-08-15T02:00:00,2024-08-30T00:00:00,SHADOW,120,COMPLETED
TASK-04662,AST-502,,DEP-002,SEC-005,PREVENTIVE,2024-11-13T00:00:00,2024-11-13T02:00:00,2024-11-28T00:00:00,SHADOW,120,COMPLETED
TASK-04663,AST-502,,DEP-002,SEC-005,PREVENTIVE,2025-02-11T00:00:00,2025-02-11T02:00:00,2025-02-26T00:00:00,SHADOW,120,COMPLETED
TASK-04664,AST-502,,DEP-002,SEC-005,PREVENTIVE,2025-05-12T00:00:00,2025-05-12T02:00:00,2025-05-27T00:00:00,SHADOW,120,COMPLETED
TASK-04665,AST-502,,DEP-002,SEC-005,PREVENTIVE,2025-08-10T00:00:00,2025-08-10T02:00:00,2025-08-25T00:00:00,SHADOW,120,COMPLETED
TASK-04666,AST-502,,DEP-002,SEC-005,PREVENTIVE,2025-11-08T00:00:00,2025-11-08T02:00:00,2025-11-23T00:00:00,SHADOW,120,COMPLETED
TASK-04667,AST-502,,DEP-002,SEC-005,PREVENTIVE,2026-02-06T00:00:00,2026-02-06T02:00:00,2026-02-21T00:00:00,SHADOW,120,COMPLETED
TASK-04668,AST-502,,DEP-002,SEC-005,PREVENTIVE,2026-05-07T00:00:00,2026-05-07T02:00:00,2026-05-22T00:00:00,SHADOW,120,COMPLETED
TASK-04672,AST-504,,DEP-002,SEC-003,PREVENTIVE,2023-09-26T00:00:00,2023-09-26T02:00:00,2023-10-11T00:00:00,SHADOW,120,COMPLETED
TASK-04673,AST-504,,DEP-002,SEC-003,PREVENTIVE,2023-12-25T00:00:00,2023-12-25T02:00:00,2024-01-09T00:00:00,SHADOW,120,COMPLETED
TASK-04674,AST-504,,DEP-002,SEC-003,PREVENTIVE,2024-03-24T00:00:00,2024-03-24T02:00:00,2024-04-08T00:00:00,SHADOW,120,COMPLETED
TASK-04675,AST-504,,DEP-002,SEC-003,PREVENTIVE,2024-06-22T00:00:00,2024-06-22T02:00:00,2024-07-07T00:00:00,SHADOW,120,COMPLETED
TASK-04676,AST-504,,DEP-002,SEC-003,PREVENTIVE,2024-09-20T00:00:00,2024-09-20T02:00:00,2024-10-05T00:00:00,SHADOW,120,COMPLETED
TASK-04677,AST-504,,DEP-002,SEC-003,PREVENTIVE,2024-12-19T00:00:00,2024-12-19T02:00:00,2025-01-03T00:00:00,SHADOW,120,COMPLETED
TASK-04678,AST-504,,DEP-002,SEC-003,PREVENTIVE,2025-03-19T00:00:00,2025-03-19T02:00:00,2025-04-03T00:00:00,SHADOW,120,COMPLETED
TASK-04679,AST-504,,DEP-002,SEC-003,PREVENTIVE,2025-06-17T00:00:00,2025-06-17T02:00:00,2025-07-02T00:00:00,SHADOW,120,COMPLETED
TASK-04680,AST-504,,DEP-002,SEC-003,PREVENTIVE,2025-09-15T00:00:00,2025-09-15T02:00:00,2025-09-30T00:00:00,SHADOW,120,COMPLETED
TASK-04681,AST-504,,DEP-002,SEC-003,PREVENTIVE,2025-12-14T00:00:00,2025-12-14T02:00:00,2025-12-29T00:00:00,SHADOW,120,COMPLETED
TASK-04682,AST-504,,DEP-002,SEC-003,PREVENTIVE,2026-03-14T00:00:00,2026-03-14T02:00:00,2026-03-29T00:00:00,SHADOW,120,COMPLETED
TASK-04683,AST-504,,DEP-002,SEC-003,PREVENTIVE,2026-06-12T00:00:00,2026-06-12T02:00:00,2026-06-27T00:00:00,SHADOW,120,COMPLETED
TASK-04690,AST-506,,DEP-002,SEC-002,PREVENTIVE,2023-10-26T00:00:00,2023-10-26T02:00:00,2023-11-10T00:00:00,SHADOW,120,COMPLETED
TASK-04691,AST-506,,DEP-002,SEC-002,PREVENTIVE,2024-01-24T00:00:00,2024-01-24T02:00:00,2024-02-08T00:00:00,SHADOW,120,COMPLETED
TASK-04692,AST-506,,DEP-002,SEC-002,PREVENTIVE,2024-04-23T00:00:00,2024-04-23T02:00:00,2024-05-08T00:00:00,SHADOW,120,COMPLETED
TASK-04693,AST-506,,DEP-002,SEC-002,PREVENTIVE,2024-07-22T00:00:00,2024-07-22T02:00:00,2024-08-06T00:00:00,SHADOW,120,COMPLETED
TASK-04694,AST-506,,DEP-002,SEC-002,PREVENTIVE,2024-10-20T00:00:00,2024-10-20T02:00:00,2024-11-04T00:00:00,SHADOW,120,COMPLETED
TASK-04695,AST-506,,DEP-002,SEC-002,PREVENTIVE,2025-01-18T00:00:00,2025-01-18T02:00:00,2025-02-02T00:00:00,SHADOW,120,COMPLETED
TASK-04696,AST-506,,DEP-002,SEC-002,PREVENTIVE,2025-04-18T00:00:00,2025-04-18T02:00:00,2025-05-03T00:00:00,SHADOW,120,COMPLETED
TASK-04697,AST-506,,DEP-002,SEC-002,PREVENTIVE,2025-07-17T00:00:00,2025-07-17T02:00:00,2025-08-01T00:00:00,SHADOW,120,COMPLETED
TASK-04698,AST-506,,DEP-002,SEC-002,PREVENTIVE,2025-10-15T00:00:00,2025-10-15T02:00:00,2025-10-30T00:00:00,SHADOW,120,COMPLETED
TASK-04699,AST-506,,DEP-002,SEC-002,PREVENTIVE,2026-01-13T00:00:00,2026-01-13T02:00:00,2026-01-28T00:00:00,SHADOW,120,COMPLETED
TASK-04700,AST-506,,DEP-002,SEC-002,PREVENTIVE,2026-04-13T00:00:00,2026-04-13T02:00:00,2026-04-28T00:00:00,SHADOW,120,COMPLETED
TASK-04701,AST-506,,DEP-002,SEC-002,PREVENTIVE,2026-07-12T00:00:00,2026-07-12T02:00:00,2026-07-27T00:00:00,SHADOW,120,COMPLETED
TASK-04702,AST-507,,DEP-002,SEC-006,PREVENTIVE,2023-08-29T00:00:00,2023-08-29T02:00:00,2023-09-13T00:00:00,SHADOW,120,COMPLETED
TASK-04703,AST-507,,DEP-002,SEC-006,PREVENTIVE,2023-11-27T00:00:00,2023-11-27T02:00:00,2023-12-12T00:00:00,SHADOW,120,COMPLETED
TASK-04704,AST-507,,DEP-002,SEC-006,PREVENTIVE,2024-02-25T00:00:00,2024-02-25T02:00:00,2024-03-11T00:00:00,SHADOW,120,COMPLETED
TASK-04705,AST-507,,DEP-002,SEC-006,PREVENTIVE,2024-05-25T00:00:00,2024-05-25T02:00:00,2024-06-09T00:00:00,SHADOW,120,COMPLETED
TASK-04706,AST-507,,DEP-002,SEC-006,PREVENTIVE,2024-08-23T00:00:00,2024-08-23T02:00:00,2024-09-07T00:00:00,SHADOW,120,COMPLETED
TASK-04707,AST-507,,DEP-002,SEC-006,PREVENTIVE,2024-11-21T00:00:00,2024-11-21T02:00:00,2024-12-06T00:00:00,SHADOW,120,COMPLETED
TASK-04708,AST-507,,DEP-002,SEC-006,PREVENTIVE,2025-02-19T00:00:00,2025-02-19T02:00:00,2025-03-06T00:00:00,SHADOW,120,COMPLETED
TASK-04709,AST-507,,DEP-002,SEC-006,PREVENTIVE,2025-05-20T00:00:00,2025-05-20T02:00:00,2025-06-04T00:00:00,SHADOW,120,COMPLETED
TASK-04710,AST-507,,DEP-002,SEC-006,PREVENTIVE,2025-08-18T00:00:00,2025-08-18T02:00:00,2025-09-02T00:00:00,SHADOW,120,COMPLETED
TASK-04711,AST-507,,DEP-002,SEC-006,PREVENTIVE,2025-11-16T00:00:00,2025-11-16T02:00:00,2025-12-01T00:00:00,SHADOW,120,COMPLETED
TASK-04712,AST-507,,DEP-002,SEC-006,PREVENTIVE,2026-02-14T00:00:00,2026-02-14T02:00:00,2026-03-01T00:00:00,SHADOW,120,COMPLETED
TASK-04713,AST-507,,DEP-002,SEC-006,PREVENTIVE,2026-05-15T00:00:00,2026-05-15T02:00:00,2026-05-30T00:00:00,SHADOW,120,COMPLETED
TASK-04717,AST-509,,DEP-002,SEC-001,PREVENTIVE,2023-10-19T00:00:00,2023-10-19T02:00:00,2023-11-03T00:00:00,SHADOW,120,COMPLETED
TASK-04718,AST-509,,DEP-002,SEC-001,PREVENTIVE,2024-01-17T00:00:00,2024-01-17T02:00:00,2024-02-01T00:00:00,SHADOW,120,COMPLETED
TASK-04719,AST-509,,DEP-002,SEC-001,PREVENTIVE,2024-04-16T00:00:00,2024-04-16T02:00:00,2024-05-01T00:00:00,SHADOW,120,COMPLETED
TASK-04720,AST-509,,DEP-002,SEC-001,PREVENTIVE,2024-07-15T00:00:00,2024-07-15T02:00:00,2024-07-30T00:00:00,SHADOW,120,COMPLETED
TASK-04721,AST-509,,DEP-002,SEC-001,PREVENTIVE,2024-10-13T00:00:00,2024-10-13T02:00:00,2024-10-28T00:00:00,SHADOW,120,COMPLETED
TASK-04722,AST-509,,DEP-002,SEC-001,PREVENTIVE,2025-01-11T00:00:00,2025-01-11T02:00:00,2025-01-26T00:00:00,SHADOW,120,COMPLETED
TASK-04723,AST-509,,DEP-002,SEC-001,PREVENTIVE,2025-04-11T00:00:00,2025-04-11T02:00:00,2025-04-26T00:00:00,SHADOW,120,COMPLETED
TASK-04724,AST-509,,DEP-002,SEC-001,PREVENTIVE,2025-07-10T00:00:00,2025-07-10T02:00:00,2025-07-25T00:00:00,SHADOW,120,COMPLETED
TASK-04725,AST-509,,DEP-002,SEC-001,PREVENTIVE,2025-10-08T00:00:00,2025-10-08T02:00:00,2025-10-23T00:00:00,SHADOW,120,COMPLETED
TASK-04726,AST-509,,DEP-002,SEC-001,PREVENTIVE,2026-01-06T00:00:00,2026-01-06T02:00:00,2026-01-21T00:00:00,SHADOW,120,COMPLETED
TASK-04727,AST-509,,DEP-002,SEC-001,PREVENTIVE,2026-04-06T00:00:00,2026-04-06T02:00:00,2026-04-21T00:00:00,SHADOW,120,COMPLETED
TASK-04728,AST-509,,DEP-002,SEC-001,PREVENTIVE,2026-07-05T00:00:00,2026-07-05T02:00:00,2026-07-20T00:00:00,SHADOW,120,COMPLETED
TASK-04732,AST-511,,DEP-002,SEC-004,PREVENTIVE,2023-08-21T00:00:00,2023-08-21T02:00:00,2023-09-05T00:00:00,SHADOW,120,COMPLETED
TASK-04733,AST-511,,DEP-002,SEC-004,PREVENTIVE,2023-11-19T00:00:00,2023-11-19T02:00:00,2023-12-04T00:00:00,SHADOW,120,COMPLETED
TASK-04734,AST-511,,DEP-002,SEC-004,PREVENTIVE,2024-02-17T00:00:00,2024-02-17T02:00:00,2024-03-03T00:00:00,SHADOW,120,COMPLETED
TASK-04735,AST-511,,DEP-002,SEC-004,PREVENTIVE,2024-05-17T00:00:00,2024-05-17T02:00:00,2024-06-01T00:00:00,SHADOW,120,COMPLETED
TASK-04736,AST-511,,DEP-002,SEC-004,PREVENTIVE,2024-08-15T00:00:00,2024-08-15T02:00:00,2024-08-30T00:00:00,SHADOW,120,COMPLETED
TASK-04737,AST-511,,DEP-002,SEC-004,PREVENTIVE,2024-11-13T00:00:00,2024-11-13T02:00:00,2024-11-28T00:00:00,SHADOW,120,COMPLETED
TASK-04738,AST-511,,DEP-002,SEC-004,PREVENTIVE,2025-02-11T00:00:00,2025-02-11T02:00:00,2025-02-26T00:00:00,SHADOW,120,COMPLETED
TASK-04739,AST-511,,DEP-002,SEC-004,PREVENTIVE,2025-05-12T00:00:00,2025-05-12T02:00:00,2025-05-27T00:00:00,SHADOW,120,COMPLETED
TASK-04740,AST-511,,DEP-002,SEC-004,PREVENTIVE,2025-08-10T00:00:00,2025-08-10T02:00:00,2025-08-25T00:00:00,SHADOW,120,COMPLETED
TASK-04741,AST-511,,DEP-002,SEC-004,PREVENTIVE,2025-11-08T00:00:00,2025-11-08T02:00:00,2025-11-23T00:00:00,SHADOW,120,COMPLETED
TASK-04742,AST-511,,DEP-002,SEC-004,PREVENTIVE,2026-02-06T00:00:00,2026-02-06T02:00:00,2026-02-21T00:00:00,SHADOW,120,COMPLETED
TASK-04743,AST-511,,DEP-002,SEC-004,PREVENTIVE,2026-05-07T00:00:00,2026-05-07T02:00:00,2026-05-22T00:00:00,SHADOW,120,COMPLETED
TASK-04750,AST-514,,DEP-002,SEC-001,PREVENTIVE,2023-09-29T00:00:00,2023-09-29T02:00:00,2023-10-14T00:00:00,SHADOW,120,COMPLETED
TASK-04751,AST-514,,DEP-002,SEC-001,PREVENTIVE,2023-12-28T00:00:00,2023-12-28T02:00:00,2024-01-12T00:00:00,SHADOW,120,COMPLETED
TASK-04752,AST-514,,DEP-002,SEC-001,PREVENTIVE,2024-03-27T00:00:00,2024-03-27T02:00:00,2024-04-11T00:00:00,SHADOW,120,COMPLETED
TASK-04753,AST-514,,DEP-002,SEC-001,PREVENTIVE,2024-06-25T00:00:00,2024-06-25T02:00:00,2024-07-10T00:00:00,SHADOW,120,COMPLETED
TASK-04754,AST-514,,DEP-002,SEC-001,PREVENTIVE,2024-09-23T00:00:00,2024-09-23T02:00:00,2024-10-08T00:00:00,SHADOW,120,COMPLETED
TASK-04755,AST-514,,DEP-002,SEC-001,PREVENTIVE,2024-12-22T00:00:00,2024-12-22T02:00:00,2025-01-06T00:00:00,SHADOW,120,COMPLETED
TASK-04756,AST-514,,DEP-002,SEC-001,PREVENTIVE,2025-03-22T00:00:00,2025-03-22T02:00:00,2025-04-06T00:00:00,SHADOW,120,COMPLETED
TASK-04757,AST-514,,DEP-002,SEC-001,PREVENTIVE,2025-06-20T00:00:00,2025-06-20T02:00:00,2025-07-05T00:00:00,SHADOW,120,COMPLETED
TASK-04758,AST-514,,DEP-002,SEC-001,PREVENTIVE,2025-09-18T00:00:00,2025-09-18T02:00:00,2025-10-03T00:00:00,SHADOW,120,COMPLETED
TASK-04759,AST-514,,DEP-002,SEC-001,PREVENTIVE,2025-12-17T00:00:00,2025-12-17T02:00:00,2026-01-01T00:00:00,SHADOW,120,COMPLETED
TASK-04760,AST-514,,DEP-002,SEC-001,PREVENTIVE,2026-03-17T00:00:00,2026-03-17T02:00:00,2026-04-01T00:00:00,SHADOW,120,COMPLETED
TASK-04761,AST-514,,DEP-002,SEC-001,PREVENTIVE,2026-06-15T00:00:00,2026-06-15T02:00:00,2026-06-30T00:00:00,SHADOW,120,COMPLETED
TASK-04768,AST-517,,DEP-002,SEC-006,PREVENTIVE,2023-09-08T00:00:00,2023-09-08T02:00:00,2023-09-23T00:00:00,SHADOW,120,COMPLETED
TASK-04769,AST-517,,DEP-002,SEC-006,PREVENTIVE,2023-12-07T00:00:00,2023-12-07T02:00:00,2023-12-22T00:00:00,SHADOW,120,COMPLETED
TASK-04770,AST-517,,DEP-002,SEC-006,PREVENTIVE,2024-03-06T00:00:00,2024-03-06T02:00:00,2024-03-21T00:00:00,SHADOW,120,COMPLETED
TASK-04771,AST-517,,DEP-002,SEC-006,PREVENTIVE,2024-06-04T00:00:00,2024-06-04T02:00:00,2024-06-19T00:00:00,SHADOW,120,COMPLETED
TASK-04772,AST-517,,DEP-002,SEC-006,PREVENTIVE,2024-09-02T00:00:00,2024-09-02T02:00:00,2024-09-17T00:00:00,SHADOW,120,COMPLETED
TASK-04773,AST-517,,DEP-002,SEC-006,PREVENTIVE,2024-12-01T00:00:00,2024-12-01T02:00:00,2024-12-16T00:00:00,SHADOW,120,COMPLETED
TASK-04774,AST-517,,DEP-002,SEC-006,PREVENTIVE,2025-03-01T00:00:00,2025-03-01T02:00:00,2025-03-16T00:00:00,SHADOW,120,COMPLETED
TASK-04775,AST-517,,DEP-002,SEC-006,PREVENTIVE,2025-05-30T00:00:00,2025-05-30T02:00:00,2025-06-14T00:00:00,SHADOW,120,COMPLETED
TASK-04776,AST-517,,DEP-002,SEC-006,PREVENTIVE,2025-08-28T00:00:00,2025-08-28T02:00:00,2025-09-12T00:00:00,SHADOW,120,COMPLETED
TASK-04777,AST-517,,DEP-002,SEC-006,PREVENTIVE,2025-11-26T00:00:00,2025-11-26T02:00:00,2025-12-11T00:00:00,SHADOW,120,COMPLETED
TASK-04778,AST-517,,DEP-002,SEC-006,PREVENTIVE,2026-02-24T00:00:00,2026-02-24T02:00:00,2026-03-11T00:00:00,SHADOW,120,COMPLETED
TASK-04779,AST-517,,DEP-002,SEC-006,PREVENTIVE,2026-05-25T00:00:00,2026-05-25T02:00:00,2026-06-09T00:00:00,SHADOW,120,COMPLETED
TASK-04792,AST-520,,DEP-002,SEC-006,PREVENTIVE,2023-08-19T00:00:00,2023-08-19T02:00:00,2023-09-03T00:00:00,SHADOW,120,COMPLETED
TASK-04793,AST-520,,DEP-002,SEC-006,PREVENTIVE,2023-11-17T00:00:00,2023-11-17T02:00:00,2023-12-02T00:00:00,SHADOW,120,COMPLETED
TASK-04794,AST-520,,DEP-002,SEC-006,PREVENTIVE,2024-02-15T00:00:00,2024-02-15T02:00:00,2024-03-01T00:00:00,SHADOW,120,COMPLETED
TASK-04795,AST-520,,DEP-002,SEC-006,PREVENTIVE,2024-05-15T00:00:00,2024-05-15T02:00:00,2024-05-30T00:00:00,SHADOW,120,COMPLETED
TASK-04796,AST-520,,DEP-002,SEC-006,PREVENTIVE,2024-08-13T00:00:00,2024-08-13T02:00:00,2024-08-28T00:00:00,SHADOW,120,COMPLETED
TASK-04797,AST-520,,DEP-002,SEC-006,PREVENTIVE,2024-11-11T00:00:00,2024-11-11T02:00:00,2024-11-26T00:00:00,SHADOW,120,COMPLETED
TASK-04798,AST-520,,DEP-002,SEC-006,PREVENTIVE,2025-02-09T00:00:00,2025-02-09T02:00:00,2025-02-24T00:00:00,SHADOW,120,COMPLETED
TASK-04799,AST-520,,DEP-002,SEC-006,PREVENTIVE,2025-05-10T00:00:00,2025-05-10T02:00:00,2025-05-25T00:00:00,SHADOW,120,COMPLETED
TASK-04800,AST-520,,DEP-002,SEC-006,PREVENTIVE,2025-08-08T00:00:00,2025-08-08T02:00:00,2025-08-23T00:00:00,SHADOW,120,COMPLETED
TASK-04801,AST-520,,DEP-002,SEC-006,PREVENTIVE,2025-11-06T00:00:00,2025-11-06T02:00:00,2025-11-21T00:00:00,SHADOW,120,COMPLETED
TASK-04802,AST-520,,DEP-002,SEC-006,PREVENTIVE,2026-02-04T00:00:00,2026-02-04T02:00:00,2026-02-19T00:00:00,SHADOW,120,COMPLETED
TASK-04803,AST-520,,DEP-002,SEC-006,PREVENTIVE,2026-05-05T00:00:00,2026-05-05T02:00:00,2026-05-20T00:00:00,SHADOW,120,COMPLETED
TASK-04822,AST-524,,DEP-002,SEC-005,PREVENTIVE,2023-09-15T00:00:00,2023-09-15T02:00:00,2023-09-30T00:00:00,SHADOW,120,COMPLETED
TASK-04823,AST-524,,DEP-002,SEC-005,PREVENTIVE,2023-12-14T00:00:00,2023-12-14T02:00:00,2023-12-29T00:00:00,SHADOW,120,COMPLETED
TASK-04824,AST-524,,DEP-002,SEC-005,PREVENTIVE,2024-03-13T00:00:00,2024-03-13T02:00:00,2024-03-28T00:00:00,SHADOW,120,COMPLETED
TASK-04825,AST-524,,DEP-002,SEC-005,PREVENTIVE,2024-06-11T00:00:00,2024-06-11T02:00:00,2024-06-26T00:00:00,SHADOW,120,COMPLETED
TASK-04826,AST-524,,DEP-002,SEC-005,PREVENTIVE,2024-09-09T00:00:00,2024-09-09T02:00:00,2024-09-24T00:00:00,SHADOW,120,COMPLETED
TASK-04827,AST-524,,DEP-002,SEC-005,PREVENTIVE,2024-12-08T00:00:00,2024-12-08T02:00:00,2024-12-23T00:00:00,SHADOW,120,COMPLETED
TASK-04828,AST-524,,DEP-002,SEC-005,PREVENTIVE,2025-03-08T00:00:00,2025-03-08T02:00:00,2025-03-23T00:00:00,SHADOW,120,COMPLETED
TASK-04829,AST-524,,DEP-002,SEC-005,PREVENTIVE,2025-06-06T00:00:00,2025-06-06T02:00:00,2025-06-21T00:00:00,SHADOW,120,COMPLETED
TASK-04830,AST-524,,DEP-002,SEC-005,PREVENTIVE,2025-09-04T00:00:00,2025-09-04T02:00:00,2025-09-19T00:00:00,SHADOW,120,COMPLETED
TASK-04831,AST-524,,DEP-002,SEC-005,PREVENTIVE,2025-12-03T00:00:00,2025-12-03T02:00:00,2025-12-18T00:00:00,SHADOW,120,COMPLETED
TASK-04832,AST-524,,DEP-002,SEC-005,PREVENTIVE,2026-03-03T00:00:00,2026-03-03T02:00:00,2026-03-18T00:00:00,SHADOW,120,COMPLETED
TASK-04833,AST-524,,DEP-002,SEC-005,PREVENTIVE,2026-06-01T00:00:00,2026-06-01T02:00:00,2026-06-16T00:00:00,SHADOW,120,COMPLETED
TASK-04846,AST-529,,DEP-002,SEC-001,PREVENTIVE,2023-09-08T00:00:00,2023-09-08T02:00:00,2023-09-23T00:00:00,SHADOW,120,COMPLETED
TASK-04847,AST-529,,DEP-002,SEC-001,PREVENTIVE,2023-12-07T00:00:00,2023-12-07T02:00:00,2023-12-22T00:00:00,SHADOW,120,COMPLETED
TASK-04848,AST-529,,DEP-002,SEC-001,PREVENTIVE,2024-03-06T00:00:00,2024-03-06T02:00:00,2024-03-21T00:00:00,SHADOW,120,COMPLETED
TASK-04849,AST-529,,DEP-002,SEC-001,PREVENTIVE,2024-06-04T00:00:00,2024-06-04T02:00:00,2024-06-19T00:00:00,SHADOW,120,COMPLETED
TASK-04850,AST-529,,DEP-002,SEC-001,PREVENTIVE,2024-09-02T00:00:00,2024-09-02T02:00:00,2024-09-17T00:00:00,SHADOW,120,COMPLETED
TASK-04851,AST-529,,DEP-002,SEC-001,PREVENTIVE,2024-12-01T00:00:00,2024-12-01T02:00:00,2024-12-16T00:00:00,SHADOW,120,COMPLETED
TASK-04852,AST-529,,DEP-002,SEC-001,PREVENTIVE,2025-03-01T00:00:00,2025-03-01T02:00:00,2025-03-16T00:00:00,SHADOW,120,COMPLETED
TASK-04853,AST-529,,DEP-002,SEC-001,PREVENTIVE,2025-05-30T00:00:00,2025-05-30T02:00:00,2025-06-14T00:00:00,SHADOW,120,COMPLETED
TASK-04854,AST-529,,DEP-002,SEC-001,PREVENTIVE,2025-08-28T00:00:00,2025-08-28T02:00:00,2025-09-12T00:00:00,SHADOW,120,COMPLETED
TASK-04855,AST-529,,DEP-002,SEC-001,PREVENTIVE,2025-11-26T00:00:00,2025-11-26T02:00:00,2025-12-11T00:00:00,SHADOW,120,COMPLETED
TASK-04856,AST-529,,DEP-002,SEC-001,PREVENTIVE,2026-02-24T00:00:00,2026-02-24T02:00:00,2026-03-11T00:00:00,SHADOW,120,COMPLETED
TASK-04857,AST-529,,DEP-002,SEC-001,PREVENTIVE,2026-05-25T00:00:00,2026-05-25T02:00:00,2026-06-09T00:00:00,SHADOW,120,COMPLETED
TASK-04873,AST-533,,DEP-002,SEC-006,PREVENTIVE,2023-10-09T00:00:00,2023-10-09T02:00:00,2023-10-24T00:00:00,SHADOW,120,COMPLETED
TASK-04874,AST-533,,DEP-002,SEC-006,PREVENTIVE,2024-01-07T00:00:00,2024-01-07T02:00:00,2024-01-22T00:00:00,SHADOW,120,COMPLETED
TASK-04875,AST-533,,DEP-002,SEC-006,PREVENTIVE,2024-04-06T00:00:00,2024-04-06T02:00:00,2024-04-21T00:00:00,SHADOW,120,COMPLETED
TASK-04876,AST-533,,DEP-002,SEC-006,PREVENTIVE,2024-07-05T00:00:00,2024-07-05T02:00:00,2024-07-20T00:00:00,SHADOW,120,COMPLETED
TASK-04877,AST-533,,DEP-002,SEC-006,PREVENTIVE,2024-10-03T00:00:00,2024-10-03T02:00:00,2024-10-18T00:00:00,SHADOW,120,COMPLETED
TASK-04878,AST-533,,DEP-002,SEC-006,PREVENTIVE,2025-01-01T00:00:00,2025-01-01T02:00:00,2025-01-16T00:00:00,SHADOW,120,COMPLETED
TASK-04879,AST-533,,DEP-002,SEC-006,PREVENTIVE,2025-04-01T00:00:00,2025-04-01T02:00:00,2025-04-16T00:00:00,SHADOW,120,COMPLETED
TASK-04880,AST-533,,DEP-002,SEC-006,PREVENTIVE,2025-06-30T00:00:00,2025-06-30T02:00:00,2025-07-15T00:00:00,SHADOW,120,COMPLETED
TASK-04881,AST-533,,DEP-002,SEC-006,PREVENTIVE,2025-09-28T00:00:00,2025-09-28T02:00:00,2025-10-13T00:00:00,SHADOW,120,COMPLETED
TASK-04882,AST-533,,DEP-002,SEC-006,PREVENTIVE,2025-12-27T00:00:00,2025-12-27T02:00:00,2026-01-11T00:00:00,SHADOW,120,COMPLETED
TASK-04883,AST-533,,DEP-002,SEC-006,PREVENTIVE,2026-03-27T00:00:00,2026-03-27T02:00:00,2026-04-11T00:00:00,SHADOW,120,COMPLETED
TASK-04884,AST-533,,DEP-002,SEC-006,PREVENTIVE,2026-06-25T00:00:00,2026-06-25T02:00:00,2026-07-10T00:00:00,SHADOW,120,COMPLETED
TASK-04885,AST-534,,DEP-002,SEC-006,PREVENTIVE,2023-09-04T00:00:00,2023-09-04T02:00:00,2023-09-19T00:00:00,SHADOW,120,COMPLETED
TASK-04886,AST-534,,DEP-002,SEC-006,PREVENTIVE,2023-12-03T00:00:00,2023-12-03T02:00:00,2023-12-18T00:00:00,SHADOW,120,COMPLETED
TASK-04887,AST-534,,DEP-002,SEC-006,PREVENTIVE,2024-03-02T00:00:00,2024-03-02T02:00:00,2024-03-17T00:00:00,SHADOW,120,COMPLETED
TASK-04888,AST-534,,DEP-002,SEC-006,PREVENTIVE,2024-05-31T00:00:00,2024-05-31T02:00:00,2024-06-15T00:00:00,SHADOW,120,COMPLETED
TASK-04889,AST-534,,DEP-002,SEC-006,PREVENTIVE,2024-08-29T00:00:00,2024-08-29T02:00:00,2024-09-13T00:00:00,SHADOW,120,COMPLETED
TASK-04890,AST-534,,DEP-002,SEC-006,PREVENTIVE,2024-11-27T00:00:00,2024-11-27T02:00:00,2024-12-12T00:00:00,SHADOW,120,COMPLETED
TASK-04891,AST-534,,DEP-002,SEC-006,PREVENTIVE,2025-02-25T00:00:00,2025-02-25T02:00:00,2025-03-12T00:00:00,SHADOW,120,COMPLETED
TASK-04892,AST-534,,DEP-002,SEC-006,PREVENTIVE,2025-05-26T00:00:00,2025-05-26T02:00:00,2025-06-10T00:00:00,SHADOW,120,COMPLETED
TASK-04893,AST-534,,DEP-002,SEC-006,PREVENTIVE,2025-08-24T00:00:00,2025-08-24T02:00:00,2025-09-08T00:00:00,SHADOW,120,COMPLETED
TASK-04894,AST-534,,DEP-002,SEC-006,PREVENTIVE,2025-11-22T00:00:00,2025-11-22T02:00:00,2025-12-07T00:00:00,SHADOW,120,COMPLETED
TASK-04895,AST-534,,DEP-002,SEC-006,PREVENTIVE,2026-02-20T00:00:00,2026-02-20T02:00:00,2026-03-07T00:00:00,SHADOW,120,COMPLETED
TASK-04896,AST-534,,DEP-002,SEC-006,PREVENTIVE,2026-05-21T00:00:00,2026-05-21T02:00:00,2026-06-05T00:00:00,SHADOW,120,COMPLETED
TASK-04906,AST-538,,DEP-002,SEC-004,PREVENTIVE,2023-08-24T00:00:00,2023-08-24T02:00:00,2023-09-08T00:00:00,SHADOW,120,COMPLETED
TASK-04907,AST-538,,DEP-002,SEC-004,PREVENTIVE,2023-11-22T00:00:00,2023-11-22T02:00:00,2023-12-07T00:00:00,SHADOW,120,COMPLETED
TASK-04908,AST-538,,DEP-002,SEC-004,PREVENTIVE,2024-02-20T00:00:00,2024-02-20T02:00:00,2024-03-06T00:00:00,SHADOW,120,COMPLETED
TASK-04909,AST-538,,DEP-002,SEC-004,PREVENTIVE,2024-05-20T00:00:00,2024-05-20T02:00:00,2024-06-04T00:00:00,SHADOW,120,COMPLETED
TASK-04910,AST-538,,DEP-002,SEC-004,PREVENTIVE,2024-08-18T00:00:00,2024-08-18T02:00:00,2024-09-02T00:00:00,SHADOW,120,COMPLETED
TASK-04911,AST-538,,DEP-002,SEC-004,PREVENTIVE,2024-11-16T00:00:00,2024-11-16T02:00:00,2024-12-01T00:00:00,SHADOW,120,COMPLETED
TASK-04912,AST-538,,DEP-002,SEC-004,PREVENTIVE,2025-02-14T00:00:00,2025-02-14T02:00:00,2025-03-01T00:00:00,SHADOW,120,COMPLETED
TASK-04913,AST-538,,DEP-002,SEC-004,PREVENTIVE,2025-05-15T00:00:00,2025-05-15T02:00:00,2025-05-30T00:00:00,SHADOW,120,COMPLETED
TASK-04914,AST-538,,DEP-002,SEC-004,PREVENTIVE,2025-08-13T00:00:00,2025-08-13T02:00:00,2025-08-28T00:00:00,SHADOW,120,COMPLETED
TASK-04915,AST-538,,DEP-002,SEC-004,PREVENTIVE,2025-11-11T00:00:00,2025-11-11T02:00:00,2025-11-26T00:00:00,SHADOW,120,COMPLETED
TASK-04916,AST-538,,DEP-002,SEC-004,PREVENTIVE,2026-02-09T00:00:00,2026-02-09T02:00:00,2026-02-24T00:00:00,SHADOW,120,COMPLETED
TASK-04917,AST-538,,DEP-002,SEC-004,PREVENTIVE,2026-05-10T00:00:00,2026-05-10T02:00:00,2026-05-25T00:00:00,SHADOW,120,COMPLETED
TASK-04936,AST-544,,DEP-002,SEC-003,PREVENTIVE,2023-09-25T00:00:00,2023-09-25T02:00:00,2023-10-10T00:00:00,SHADOW,120,COMPLETED
TASK-04937,AST-544,,DEP-002,SEC-003,PREVENTIVE,2023-12-24T00:00:00,2023-12-24T02:00:00,2024-01-08T00:00:00,SHADOW,120,COMPLETED
TASK-04938,AST-544,,DEP-002,SEC-003,PREVENTIVE,2024-03-23T00:00:00,2024-03-23T02:00:00,2024-04-07T00:00:00,SHADOW,120,COMPLETED
TASK-04939,AST-544,,DEP-002,SEC-003,PREVENTIVE,2024-06-21T00:00:00,2024-06-21T02:00:00,2024-07-06T00:00:00,SHADOW,120,COMPLETED
TASK-04940,AST-544,,DEP-002,SEC-003,PREVENTIVE,2024-09-19T00:00:00,2024-09-19T02:00:00,2024-10-04T00:00:00,SHADOW,120,COMPLETED
TASK-04941,AST-544,,DEP-002,SEC-003,PREVENTIVE,2024-12-18T00:00:00,2024-12-18T02:00:00,2025-01-02T00:00:00,SHADOW,120,COMPLETED
TASK-04942,AST-544,,DEP-002,SEC-003,PREVENTIVE,2025-03-18T00:00:00,2025-03-18T02:00:00,2025-04-02T00:00:00,SHADOW,120,COMPLETED
TASK-04943,AST-544,,DEP-002,SEC-003,PREVENTIVE,2025-06-16T00:00:00,2025-06-16T02:00:00,2025-07-01T00:00:00,SHADOW,120,COMPLETED
TASK-04944,AST-544,,DEP-002,SEC-003,PREVENTIVE,2025-09-14T00:00:00,2025-09-14T02:00:00,2025-09-29T00:00:00,SHADOW,120,COMPLETED
TASK-04945,AST-544,,DEP-002,SEC-003,PREVENTIVE,2025-12-13T00:00:00,2025-12-13T02:00:00,2025-12-28T00:00:00,SHADOW,120,COMPLETED
TASK-04946,AST-544,,DEP-002,SEC-003,PREVENTIVE,2026-03-13T00:00:00,2026-03-13T02:00:00,2026-03-28T00:00:00,SHADOW,120,COMPLETED
TASK-04947,AST-544,,DEP-002,SEC-003,PREVENTIVE,2026-06-11T00:00:00,2026-06-11T02:00:00,2026-06-26T00:00:00,SHADOW,120,COMPLETED
TASK-04948,AST-545,,DEP-002,SEC-005,PREVENTIVE,2023-09-09T00:00:00,2023-09-09T02:00:00,2023-09-24T00:00:00,SHADOW,120,COMPLETED
TASK-04949,AST-545,,DEP-002,SEC-005,PREVENTIVE,2023-12-08T00:00:00,2023-12-08T02:00:00,2023-12-23T00:00:00,SHADOW,120,COMPLETED
TASK-04950,AST-545,,DEP-002,SEC-005,PREVENTIVE,2024-03-07T00:00:00,2024-03-07T02:00:00,2024-03-22T00:00:00,SHADOW,120,COMPLETED
TASK-04951,AST-545,,DEP-002,SEC-005,PREVENTIVE,2024-06-05T00:00:00,2024-06-05T02:00:00,2024-06-20T00:00:00,SHADOW,120,COMPLETED
TASK-04952,AST-545,,DEP-002,SEC-005,PREVENTIVE,2024-09-03T00:00:00,2024-09-03T02:00:00,2024-09-18T00:00:00,SHADOW,120,COMPLETED
TASK-04953,AST-545,,DEP-002,SEC-005,PREVENTIVE,2024-12-02T00:00:00,2024-12-02T02:00:00,2024-12-17T00:00:00,SHADOW,120,COMPLETED
TASK-04954,AST-545,,DEP-002,SEC-005,PREVENTIVE,2025-03-02T00:00:00,2025-03-02T02:00:00,2025-03-17T00:00:00,SHADOW,120,COMPLETED
TASK-04955,AST-545,,DEP-002,SEC-005,PREVENTIVE,2025-05-31T00:00:00,2025-05-31T02:00:00,2025-06-15T00:00:00,SHADOW,120,COMPLETED
TASK-04956,AST-545,,DEP-002,SEC-005,PREVENTIVE,2025-08-29T00:00:00,2025-08-29T02:00:00,2025-09-13T00:00:00,SHADOW,120,COMPLETED
TASK-04957,AST-545,,DEP-002,SEC-005,PREVENTIVE,2025-11-27T00:00:00,2025-11-27T02:00:00,2025-12-12T00:00:00,SHADOW,120,COMPLETED
TASK-04958,AST-545,,DEP-002,SEC-005,PREVENTIVE,2026-02-25T00:00:00,2026-02-25T02:00:00,2026-03-12T00:00:00,SHADOW,120,COMPLETED
TASK-04959,AST-545,,DEP-002,SEC-005,PREVENTIVE,2026-05-26T00:00:00,2026-05-26T02:00:00,2026-06-10T00:00:00,SHADOW,120,COMPLETED
TASK-05008,AST-556,,DEP-002,SEC-003,PREVENTIVE,2023-09-03T00:00:00,2023-09-03T02:00:00,2023-09-18T00:00:00,SHADOW,120,COMPLETED
TASK-05009,AST-556,,DEP-002,SEC-003,PREVENTIVE,2023-12-02T00:00:00,2023-12-02T02:00:00,2023-12-17T00:00:00,SHADOW,120,COMPLETED
TASK-05010,AST-556,,DEP-002,SEC-003,PREVENTIVE,2024-03-01T00:00:00,2024-03-01T02:00:00,2024-03-16T00:00:00,SHADOW,120,COMPLETED
TASK-05011,AST-556,,DEP-002,SEC-003,PREVENTIVE,2024-05-30T00:00:00,2024-05-30T02:00:00,2024-06-14T00:00:00,SHADOW,120,COMPLETED
TASK-05012,AST-556,,DEP-002,SEC-003,PREVENTIVE,2024-08-28T00:00:00,2024-08-28T02:00:00,2024-09-12T00:00:00,SHADOW,120,COMPLETED
TASK-05013,AST-556,,DEP-002,SEC-003,PREVENTIVE,2024-11-26T00:00:00,2024-11-26T02:00:00,2024-12-11T00:00:00,SHADOW,120,COMPLETED
TASK-05014,AST-556,,DEP-002,SEC-003,PREVENTIVE,2025-02-24T00:00:00,2025-02-24T02:00:00,2025-03-11T00:00:00,SHADOW,120,COMPLETED
TASK-05015,AST-556,,DEP-002,SEC-003,PREVENTIVE,2025-05-25T00:00:00,2025-05-25T02:00:00,2025-06-09T00:00:00,SHADOW,120,COMPLETED
TASK-05016,AST-556,,DEP-002,SEC-003,PREVENTIVE,2025-08-23T00:00:00,2025-08-23T02:00:00,2025-09-07T00:00:00,SHADOW,120,COMPLETED
TASK-05017,AST-556,,DEP-002,SEC-003,PREVENTIVE,2025-11-21T00:00:00,2025-11-21T02:00:00,2025-12-06T00:00:00,SHADOW,120,COMPLETED
TASK-05018,AST-556,,DEP-002,SEC-003,PREVENTIVE,2026-02-19T00:00:00,2026-02-19T02:00:00,2026-03-06T00:00:00,SHADOW,120,COMPLETED
TASK-05019,AST-556,,DEP-002,SEC-003,PREVENTIVE,2026-05-20T00:00:00,2026-05-20T02:00:00,2026-06-04T00:00:00,SHADOW,120,COMPLETED
TASK-05020,AST-557,,DEP-002,SEC-001,PREVENTIVE,2023-10-04T00:00:00,2023-10-04T02:00:00,2023-10-19T00:00:00,SHADOW,120,COMPLETED
TASK-05021,AST-557,,DEP-002,SEC-001,PREVENTIVE,2024-01-02T00:00:00,2024-01-02T02:00:00,2024-01-17T00:00:00,SHADOW,120,COMPLETED
TASK-05022,AST-557,,DEP-002,SEC-001,PREVENTIVE,2024-04-01T00:00:00,2024-04-01T02:00:00,2024-04-16T00:00:00,SHADOW,120,COMPLETED
TASK-05023,AST-557,,DEP-002,SEC-001,PREVENTIVE,2024-06-30T00:00:00,2024-06-30T02:00:00,2024-07-15T00:00:00,SHADOW,120,COMPLETED
TASK-05024,AST-557,,DEP-002,SEC-001,PREVENTIVE,2024-09-28T00:00:00,2024-09-28T02:00:00,2024-10-13T00:00:00,SHADOW,120,COMPLETED
TASK-05025,AST-557,,DEP-002,SEC-001,PREVENTIVE,2024-12-27T00:00:00,2024-12-27T02:00:00,2025-01-11T00:00:00,SHADOW,120,COMPLETED
TASK-05026,AST-557,,DEP-002,SEC-001,PREVENTIVE,2025-03-27T00:00:00,2025-03-27T02:00:00,2025-04-11T00:00:00,SHADOW,120,COMPLETED
TASK-05027,AST-557,,DEP-002,SEC-001,PREVENTIVE,2025-06-25T00:00:00,2025-06-25T02:00:00,2025-07-10T00:00:00,SHADOW,120,COMPLETED
TASK-05028,AST-557,,DEP-002,SEC-001,PREVENTIVE,2025-09-23T00:00:00,2025-09-23T02:00:00,2025-10-08T00:00:00,SHADOW,120,COMPLETED
TASK-05029,AST-557,,DEP-002,SEC-001,PREVENTIVE,2025-12-22T00:00:00,2025-12-22T02:00:00,2026-01-06T00:00:00,SHADOW,120,COMPLETED
TASK-05030,AST-557,,DEP-002,SEC-001,PREVENTIVE,2026-03-22T00:00:00,2026-03-22T02:00:00,2026-04-06T00:00:00,SHADOW,120,COMPLETED
TASK-05031,AST-557,,DEP-002,SEC-001,PREVENTIVE,2026-06-20T00:00:00,2026-06-20T02:00:00,2026-07-05T00:00:00,SHADOW,120,COMPLETED
TASK-05032,AST-558,,DEP-002,SEC-005,PREVENTIVE,2023-09-20T00:00:00,2023-09-20T02:00:00,2023-10-05T00:00:00,SHADOW,120,COMPLETED
TASK-05033,AST-558,,DEP-002,SEC-005,PREVENTIVE,2023-12-19T00:00:00,2023-12-19T02:00:00,2024-01-03T00:00:00,SHADOW,120,COMPLETED
TASK-05034,AST-558,,DEP-002,SEC-005,PREVENTIVE,2024-03-18T00:00:00,2024-03-18T02:00:00,2024-04-02T00:00:00,SHADOW,120,COMPLETED
TASK-05035,AST-558,,DEP-002,SEC-005,PREVENTIVE,2024-06-16T00:00:00,2024-06-16T02:00:00,2024-07-01T00:00:00,SHADOW,120,COMPLETED
TASK-05036,AST-558,,DEP-002,SEC-005,PREVENTIVE,2024-09-14T00:00:00,2024-09-14T02:00:00,2024-09-29T00:00:00,SHADOW,120,COMPLETED
TASK-05037,AST-558,,DEP-002,SEC-005,PREVENTIVE,2024-12-13T00:00:00,2024-12-13T02:00:00,2024-12-28T00:00:00,SHADOW,120,COMPLETED
TASK-05038,AST-558,,DEP-002,SEC-005,PREVENTIVE,2025-03-13T00:00:00,2025-03-13T02:00:00,2025-03-28T00:00:00,SHADOW,120,COMPLETED
TASK-05039,AST-558,,DEP-002,SEC-005,PREVENTIVE,2025-06-11T00:00:00,2025-06-11T02:00:00,2025-06-26T00:00:00,SHADOW,120,COMPLETED
TASK-05040,AST-558,,DEP-002,SEC-005,PREVENTIVE,2025-09-09T00:00:00,2025-09-09T02:00:00,2025-09-24T00:00:00,SHADOW,120,COMPLETED
TASK-05041,AST-558,,DEP-002,SEC-005,PREVENTIVE,2025-12-08T00:00:00,2025-12-08T02:00:00,2025-12-23T00:00:00,SHADOW,120,COMPLETED
TASK-05042,AST-558,,DEP-002,SEC-005,PREVENTIVE,2026-03-08T00:00:00,2026-03-08T02:00:00,2026-03-23T00:00:00,SHADOW,120,COMPLETED
TASK-05043,AST-558,,DEP-002,SEC-005,PREVENTIVE,2026-06-06T00:00:00,2026-06-06T02:00:00,2026-06-21T00:00:00,SHADOW,120,COMPLETED
TASK-05044,AST-559,,DEP-002,SEC-003,PREVENTIVE,2023-09-02T00:00:00,2023-09-02T02:00:00,2023-09-17T00:00:00,SHADOW,120,COMPLETED
TASK-05045,AST-559,,DEP-002,SEC-003,PREVENTIVE,2023-12-01T00:00:00,2023-12-01T02:00:00,2023-12-16T00:00:00,SHADOW,120,COMPLETED
TASK-05046,AST-559,,DEP-002,SEC-003,PREVENTIVE,2024-02-29T00:00:00,2024-02-29T02:00:00,2024-03-15T00:00:00,SHADOW,120,COMPLETED
TASK-05047,AST-559,,DEP-002,SEC-003,PREVENTIVE,2024-05-29T00:00:00,2024-05-29T02:00:00,2024-06-13T00:00:00,SHADOW,120,COMPLETED
TASK-05048,AST-559,,DEP-002,SEC-003,PREVENTIVE,2024-08-27T00:00:00,2024-08-27T02:00:00,2024-09-11T00:00:00,SHADOW,120,COMPLETED
TASK-05049,AST-559,,DEP-002,SEC-003,PREVENTIVE,2024-11-25T00:00:00,2024-11-25T02:00:00,2024-12-10T00:00:00,SHADOW,120,COMPLETED
TASK-05050,AST-559,,DEP-002,SEC-003,PREVENTIVE,2025-02-23T00:00:00,2025-02-23T02:00:00,2025-03-10T00:00:00,SHADOW,120,COMPLETED
TASK-05051,AST-559,,DEP-002,SEC-003,PREVENTIVE,2025-05-24T00:00:00,2025-05-24T02:00:00,2025-06-08T00:00:00,SHADOW,120,COMPLETED
TASK-05052,AST-559,,DEP-002,SEC-003,PREVENTIVE,2025-08-22T00:00:00,2025-08-22T02:00:00,2025-09-06T00:00:00,SHADOW,120,COMPLETED
TASK-05053,AST-559,,DEP-002,SEC-003,PREVENTIVE,2025-11-20T00:00:00,2025-11-20T02:00:00,2025-12-05T00:00:00,SHADOW,120,COMPLETED
TASK-05054,AST-559,,DEP-002,SEC-003,PREVENTIVE,2026-02-18T00:00:00,2026-02-18T02:00:00,2026-03-05T00:00:00,SHADOW,120,COMPLETED
TASK-05055,AST-559,,DEP-002,SEC-003,PREVENTIVE,2026-05-19T00:00:00,2026-05-19T02:00:00,2026-06-03T00:00:00,SHADOW,120,COMPLETED
TASK-05056,AST-560,,DEP-002,SEC-001,PREVENTIVE,2023-10-18T00:00:00,2023-10-18T02:00:00,2023-11-02T00:00:00,SHADOW,120,COMPLETED
TASK-05057,AST-560,,DEP-002,SEC-001,PREVENTIVE,2024-01-16T00:00:00,2024-01-16T02:00:00,2024-01-31T00:00:00,SHADOW,120,COMPLETED
TASK-05058,AST-560,,DEP-002,SEC-001,PREVENTIVE,2024-04-15T00:00:00,2024-04-15T02:00:00,2024-04-30T00:00:00,SHADOW,120,COMPLETED
TASK-05059,AST-560,,DEP-002,SEC-001,PREVENTIVE,2024-07-14T00:00:00,2024-07-14T02:00:00,2024-07-29T00:00:00,SHADOW,120,COMPLETED
TASK-05060,AST-560,,DEP-002,SEC-001,PREVENTIVE,2024-10-12T00:00:00,2024-10-12T02:00:00,2024-10-27T00:00:00,SHADOW,120,COMPLETED
TASK-05061,AST-560,,DEP-002,SEC-001,PREVENTIVE,2025-01-10T00:00:00,2025-01-10T02:00:00,2025-01-25T00:00:00,SHADOW,120,COMPLETED
TASK-05062,AST-560,,DEP-002,SEC-001,PREVENTIVE,2025-04-10T00:00:00,2025-04-10T02:00:00,2025-04-25T00:00:00,SHADOW,120,COMPLETED
TASK-05063,AST-560,,DEP-002,SEC-001,PREVENTIVE,2025-07-09T00:00:00,2025-07-09T02:00:00,2025-07-24T00:00:00,SHADOW,120,COMPLETED
TASK-05064,AST-560,,DEP-002,SEC-001,PREVENTIVE,2025-10-07T00:00:00,2025-10-07T02:00:00,2025-10-22T00:00:00,SHADOW,120,COMPLETED
TASK-05065,AST-560,,DEP-002,SEC-001,PREVENTIVE,2026-01-05T00:00:00,2026-01-05T02:00:00,2026-01-20T00:00:00,SHADOW,120,COMPLETED
TASK-05066,AST-560,,DEP-002,SEC-001,PREVENTIVE,2026-04-05T00:00:00,2026-04-05T02:00:00,2026-04-20T00:00:00,SHADOW,120,COMPLETED
TASK-05067,AST-560,,DEP-002,SEC-001,PREVENTIVE,2026-07-04T00:00:00,2026-07-04T02:00:00,2026-07-19T00:00:00,SHADOW,120,COMPLETED
TASK-05068,AST-561,,DEP-002,SEC-006,PREVENTIVE,2023-10-10T00:00:00,2023-10-10T02:00:00,2023-10-25T00:00:00,SHADOW,120,COMPLETED
TASK-05069,AST-561,,DEP-002,SEC-006,PREVENTIVE,2024-01-08T00:00:00,2024-01-08T02:00:00,2024-01-23T00:00:00,SHADOW,120,COMPLETED
TASK-05070,AST-561,,DEP-002,SEC-006,PREVENTIVE,2024-04-07T00:00:00,2024-04-07T02:00:00,2024-04-22T00:00:00,SHADOW,120,COMPLETED
TASK-05071,AST-561,,DEP-002,SEC-006,PREVENTIVE,2024-07-06T00:00:00,2024-07-06T02:00:00,2024-07-21T00:00:00,SHADOW,120,COMPLETED
TASK-05072,AST-561,,DEP-002,SEC-006,PREVENTIVE,2024-10-04T00:00:00,2024-10-04T02:00:00,2024-10-19T00:00:00,SHADOW,120,COMPLETED
TASK-05073,AST-561,,DEP-002,SEC-006,PREVENTIVE,2025-01-02T00:00:00,2025-01-02T02:00:00,2025-01-17T00:00:00,SHADOW,120,COMPLETED
TASK-05074,AST-561,,DEP-002,SEC-006,PREVENTIVE,2025-04-02T00:00:00,2025-04-02T02:00:00,2025-04-17T00:00:00,SHADOW,120,COMPLETED
TASK-05075,AST-561,,DEP-002,SEC-006,PREVENTIVE,2025-07-01T00:00:00,2025-07-01T02:00:00,2025-07-16T00:00:00,SHADOW,120,COMPLETED
TASK-05076,AST-561,,DEP-002,SEC-006,PREVENTIVE,2025-09-29T00:00:00,2025-09-29T02:00:00,2025-10-14T00:00:00,SHADOW,120,COMPLETED
TASK-05077,AST-561,,DEP-002,SEC-006,PREVENTIVE,2025-12-28T00:00:00,2025-12-28T02:00:00,2026-01-12T00:00:00,SHADOW,120,COMPLETED
TASK-05078,AST-561,,DEP-002,SEC-006,PREVENTIVE,2026-03-28T00:00:00,2026-03-28T02:00:00,2026-04-12T00:00:00,SHADOW,120,COMPLETED
TASK-05079,AST-561,,DEP-002,SEC-006,PREVENTIVE,2026-06-26T00:00:00,2026-06-26T02:00:00,2026-07-11T00:00:00,SHADOW,120,COMPLETED
TASK-05113,AST-569,,DEP-002,SEC-003,PREVENTIVE,2023-09-07T00:00:00,2023-09-07T02:00:00,2023-09-22T00:00:00,SHADOW,120,COMPLETED
TASK-05114,AST-569,,DEP-002,SEC-003,PREVENTIVE,2023-12-06T00:00:00,2023-12-06T02:00:00,2023-12-21T00:00:00,SHADOW,120,COMPLETED
TASK-05115,AST-569,,DEP-002,SEC-003,PREVENTIVE,2024-03-05T00:00:00,2024-03-05T02:00:00,2024-03-20T00:00:00,SHADOW,120,COMPLETED
TASK-05116,AST-569,,DEP-002,SEC-003,PREVENTIVE,2024-06-03T00:00:00,2024-06-03T02:00:00,2024-06-18T00:00:00,SHADOW,120,COMPLETED
TASK-05117,AST-569,,DEP-002,SEC-003,PREVENTIVE,2024-09-01T00:00:00,2024-09-01T02:00:00,2024-09-16T00:00:00,SHADOW,120,COMPLETED
TASK-05118,AST-569,,DEP-002,SEC-003,PREVENTIVE,2024-11-30T00:00:00,2024-11-30T02:00:00,2024-12-15T00:00:00,SHADOW,120,COMPLETED
TASK-05119,AST-569,,DEP-002,SEC-003,PREVENTIVE,2025-02-28T00:00:00,2025-02-28T02:00:00,2025-03-15T00:00:00,SHADOW,120,COMPLETED
TASK-05120,AST-569,,DEP-002,SEC-003,PREVENTIVE,2025-05-29T00:00:00,2025-05-29T02:00:00,2025-06-13T00:00:00,SHADOW,120,COMPLETED
TASK-05121,AST-569,,DEP-002,SEC-003,PREVENTIVE,2025-08-27T00:00:00,2025-08-27T02:00:00,2025-09-11T00:00:00,SHADOW,120,COMPLETED
TASK-05122,AST-569,,DEP-002,SEC-003,PREVENTIVE,2025-11-25T00:00:00,2025-11-25T02:00:00,2025-12-10T00:00:00,SHADOW,120,COMPLETED
TASK-05123,AST-569,,DEP-002,SEC-003,PREVENTIVE,2026-02-23T00:00:00,2026-02-23T02:00:00,2026-03-10T00:00:00,SHADOW,120,COMPLETED
TASK-05124,AST-569,,DEP-002,SEC-003,PREVENTIVE,2026-05-24T00:00:00,2026-05-24T02:00:00,2026-06-08T00:00:00,SHADOW,120,COMPLETED
TASK-05134,AST-572,,DEP-002,SEC-005,PREVENTIVE,2023-10-19T00:00:00,2023-10-19T02:00:00,2023-11-03T00:00:00,SHADOW,120,COMPLETED
TASK-05135,AST-572,,DEP-002,SEC-005,PREVENTIVE,2024-01-17T00:00:00,2024-01-17T02:00:00,2024-02-01T00:00:00,SHADOW,120,COMPLETED
TASK-05136,AST-572,,DEP-002,SEC-005,PREVENTIVE,2024-04-16T00:00:00,2024-04-16T02:00:00,2024-05-01T00:00:00,SHADOW,120,COMPLETED
TASK-05137,AST-572,,DEP-002,SEC-005,PREVENTIVE,2024-07-15T00:00:00,2024-07-15T02:00:00,2024-07-30T00:00:00,SHADOW,120,COMPLETED
TASK-05138,AST-572,,DEP-002,SEC-005,PREVENTIVE,2024-10-13T00:00:00,2024-10-13T02:00:00,2024-10-28T00:00:00,SHADOW,120,COMPLETED
TASK-05139,AST-572,,DEP-002,SEC-005,PREVENTIVE,2025-01-11T00:00:00,2025-01-11T02:00:00,2025-01-26T00:00:00,SHADOW,120,COMPLETED
TASK-05140,AST-572,,DEP-002,SEC-005,PREVENTIVE,2025-04-11T00:00:00,2025-04-11T02:00:00,2025-04-26T00:00:00,SHADOW,120,COMPLETED
TASK-05141,AST-572,,DEP-002,SEC-005,PREVENTIVE,2025-07-10T00:00:00,2025-07-10T02:00:00,2025-07-25T00:00:00,SHADOW,120,COMPLETED
TASK-05142,AST-572,,DEP-002,SEC-005,PREVENTIVE,2025-10-08T00:00:00,2025-10-08T02:00:00,2025-10-23T00:00:00,SHADOW,120,COMPLETED
TASK-05143,AST-572,,DEP-002,SEC-005,PREVENTIVE,2026-01-06T00:00:00,2026-01-06T02:00:00,2026-01-21T00:00:00,SHADOW,120,COMPLETED
TASK-05144,AST-572,,DEP-002,SEC-005,PREVENTIVE,2026-04-06T00:00:00,2026-04-06T02:00:00,2026-04-21T00:00:00,SHADOW,120,COMPLETED
TASK-05145,AST-572,,DEP-002,SEC-005,PREVENTIVE,2026-07-05T00:00:00,2026-07-05T02:00:00,2026-07-20T00:00:00,SHADOW,120,COMPLETED
TASK-05149,AST-574,,DEP-002,SEC-001,PREVENTIVE,2023-09-15T00:00:00,2023-09-15T02:00:00,2023-09-30T00:00:00,SHADOW,120,COMPLETED
TASK-05150,AST-574,,DEP-002,SEC-001,PREVENTIVE,2023-12-14T00:00:00,2023-12-14T02:00:00,2023-12-29T00:00:00,SHADOW,120,COMPLETED
TASK-05151,AST-574,,DEP-002,SEC-001,PREVENTIVE,2024-03-13T00:00:00,2024-03-13T02:00:00,2024-03-28T00:00:00,SHADOW,120,COMPLETED
TASK-05152,AST-574,,DEP-002,SEC-001,PREVENTIVE,2024-06-11T00:00:00,2024-06-11T02:00:00,2024-06-26T00:00:00,SHADOW,120,COMPLETED
TASK-05153,AST-574,,DEP-002,SEC-001,PREVENTIVE,2024-09-09T00:00:00,2024-09-09T02:00:00,2024-09-24T00:00:00,SHADOW,120,COMPLETED
TASK-05154,AST-574,,DEP-002,SEC-001,PREVENTIVE,2024-12-08T00:00:00,2024-12-08T02:00:00,2024-12-23T00:00:00,SHADOW,120,COMPLETED
TASK-05155,AST-574,,DEP-002,SEC-001,PREVENTIVE,2025-03-08T00:00:00,2025-03-08T02:00:00,2025-03-23T00:00:00,SHADOW,120,COMPLETED
TASK-05156,AST-574,,DEP-002,SEC-001,PREVENTIVE,2025-06-06T00:00:00,2025-06-06T02:00:00,2025-06-21T00:00:00,SHADOW,120,COMPLETED
TASK-05157,AST-574,,DEP-002,SEC-001,PREVENTIVE,2025-09-04T00:00:00,2025-09-04T02:00:00,2025-09-19T00:00:00,SHADOW,120,COMPLETED
TASK-05158,AST-574,,DEP-002,SEC-001,PREVENTIVE,2025-12-03T00:00:00,2025-12-03T02:00:00,2025-12-18T00:00:00,SHADOW,120,COMPLETED
TASK-05159,AST-574,,DEP-002,SEC-001,PREVENTIVE,2026-03-03T00:00:00,2026-03-03T02:00:00,2026-03-18T00:00:00,SHADOW,120,COMPLETED
TASK-05160,AST-574,,DEP-002,SEC-001,PREVENTIVE,2026-06-01T00:00:00,2026-06-01T02:00:00,2026-06-16T00:00:00,SHADOW,120,COMPLETED
TASK-05161,AST-575,,DEP-002,SEC-004,PREVENTIVE,2023-10-13T00:00:00,2023-10-13T02:00:00,2023-10-28T00:00:00,SHADOW,120,COMPLETED
TASK-05162,AST-575,,DEP-002,SEC-004,PREVENTIVE,2024-01-11T00:00:00,2024-01-11T02:00:00,2024-01-26T00:00:00,SHADOW,120,COMPLETED
TASK-05163,AST-575,,DEP-002,SEC-004,PREVENTIVE,2024-04-10T00:00:00,2024-04-10T02:00:00,2024-04-25T00:00:00,SHADOW,120,COMPLETED
TASK-05164,AST-575,,DEP-002,SEC-004,PREVENTIVE,2024-07-09T00:00:00,2024-07-09T02:00:00,2024-07-24T00:00:00,SHADOW,120,COMPLETED
TASK-05165,AST-575,,DEP-002,SEC-004,PREVENTIVE,2024-10-07T00:00:00,2024-10-07T02:00:00,2024-10-22T00:00:00,SHADOW,120,COMPLETED
TASK-05166,AST-575,,DEP-002,SEC-004,PREVENTIVE,2025-01-05T00:00:00,2025-01-05T02:00:00,2025-01-20T00:00:00,SHADOW,120,COMPLETED
TASK-05167,AST-575,,DEP-002,SEC-004,PREVENTIVE,2025-04-05T00:00:00,2025-04-05T02:00:00,2025-04-20T00:00:00,SHADOW,120,COMPLETED
TASK-05168,AST-575,,DEP-002,SEC-004,PREVENTIVE,2025-07-04T00:00:00,2025-07-04T02:00:00,2025-07-19T00:00:00,SHADOW,120,COMPLETED
TASK-05169,AST-575,,DEP-002,SEC-004,PREVENTIVE,2025-10-02T00:00:00,2025-10-02T02:00:00,2025-10-17T00:00:00,SHADOW,120,COMPLETED
TASK-05170,AST-575,,DEP-002,SEC-004,PREVENTIVE,2025-12-31T00:00:00,2025-12-31T02:00:00,2026-01-15T00:00:00,SHADOW,120,COMPLETED
TASK-05171,AST-575,,DEP-002,SEC-004,PREVENTIVE,2026-03-31T00:00:00,2026-03-31T02:00:00,2026-04-15T00:00:00,SHADOW,120,COMPLETED
TASK-05172,AST-575,,DEP-002,SEC-004,PREVENTIVE,2026-06-29T00:00:00,2026-06-29T02:00:00,2026-07-14T00:00:00,SHADOW,120,COMPLETED
TASK-05179,AST-578,,DEP-002,SEC-005,PREVENTIVE,2023-10-29T00:00:00,2023-10-29T02:00:00,2023-11-13T00:00:00,SHADOW,120,COMPLETED
TASK-05180,AST-578,,DEP-002,SEC-005,PREVENTIVE,2024-01-27T00:00:00,2024-01-27T02:00:00,2024-02-11T00:00:00,SHADOW,120,COMPLETED
TASK-05181,AST-578,,DEP-002,SEC-005,PREVENTIVE,2024-04-26T00:00:00,2024-04-26T02:00:00,2024-05-11T00:00:00,SHADOW,120,COMPLETED
TASK-05182,AST-578,,DEP-002,SEC-005,PREVENTIVE,2024-07-25T00:00:00,2024-07-25T02:00:00,2024-08-09T00:00:00,SHADOW,120,COMPLETED
TASK-05183,AST-578,,DEP-002,SEC-005,PREVENTIVE,2024-10-23T00:00:00,2024-10-23T02:00:00,2024-11-07T00:00:00,SHADOW,120,COMPLETED
TASK-05184,AST-578,,DEP-002,SEC-005,PREVENTIVE,2025-01-21T00:00:00,2025-01-21T02:00:00,2025-02-05T00:00:00,SHADOW,120,COMPLETED
TASK-05185,AST-578,,DEP-002,SEC-005,PREVENTIVE,2025-04-21T00:00:00,2025-04-21T02:00:00,2025-05-06T00:00:00,SHADOW,120,COMPLETED
TASK-05186,AST-578,,DEP-002,SEC-005,PREVENTIVE,2025-07-20T00:00:00,2025-07-20T02:00:00,2025-08-04T00:00:00,SHADOW,120,COMPLETED
TASK-05187,AST-578,,DEP-002,SEC-005,PREVENTIVE,2025-10-18T00:00:00,2025-10-18T02:00:00,2025-11-02T00:00:00,SHADOW,120,COMPLETED
TASK-05188,AST-578,,DEP-002,SEC-005,PREVENTIVE,2026-01-16T00:00:00,2026-01-16T02:00:00,2026-01-31T00:00:00,SHADOW,120,COMPLETED
TASK-05189,AST-578,,DEP-002,SEC-005,PREVENTIVE,2026-04-16T00:00:00,2026-04-16T02:00:00,2026-05-01T00:00:00,SHADOW,120,COMPLETED
TASK-05190,AST-578,,DEP-002,SEC-005,PREVENTIVE,2026-07-15T00:00:00,2026-07-15T02:00:00,2026-07-30T00:00:00,SHADOW,120,COMPLETED
TASK-05191,AST-579,,DEP-002,SEC-004,PREVENTIVE,2023-10-07T00:00:00,2023-10-07T02:00:00,2023-10-22T00:00:00,SHADOW,120,COMPLETED
TASK-05192,AST-579,,DEP-002,SEC-004,PREVENTIVE,2024-01-05T00:00:00,2024-01-05T02:00:00,2024-01-20T00:00:00,SHADOW,120,COMPLETED
TASK-05193,AST-579,,DEP-002,SEC-004,PREVENTIVE,2024-04-04T00:00:00,2024-04-04T02:00:00,2024-04-19T00:00:00,SHADOW,120,COMPLETED
TASK-05194,AST-579,,DEP-002,SEC-004,PREVENTIVE,2024-07-03T00:00:00,2024-07-03T02:00:00,2024-07-18T00:00:00,SHADOW,120,COMPLETED
TASK-05195,AST-579,,DEP-002,SEC-004,PREVENTIVE,2024-10-01T00:00:00,2024-10-01T02:00:00,2024-10-16T00:00:00,SHADOW,120,COMPLETED
TASK-05196,AST-579,,DEP-002,SEC-004,PREVENTIVE,2024-12-30T00:00:00,2024-12-30T02:00:00,2025-01-14T00:00:00,SHADOW,120,COMPLETED
TASK-05197,AST-579,,DEP-002,SEC-004,PREVENTIVE,2025-03-30T00:00:00,2025-03-30T02:00:00,2025-04-14T00:00:00,SHADOW,120,COMPLETED
TASK-05198,AST-579,,DEP-002,SEC-004,PREVENTIVE,2025-06-28T00:00:00,2025-06-28T02:00:00,2025-07-13T00:00:00,SHADOW,120,COMPLETED
TASK-05199,AST-579,,DEP-002,SEC-004,PREVENTIVE,2025-09-26T00:00:00,2025-09-26T02:00:00,2025-10-11T00:00:00,SHADOW,120,COMPLETED
TASK-05200,AST-579,,DEP-002,SEC-004,PREVENTIVE,2025-12-25T00:00:00,2025-12-25T02:00:00,2026-01-09T00:00:00,SHADOW,120,COMPLETED
TASK-05201,AST-579,,DEP-002,SEC-004,PREVENTIVE,2026-03-25T00:00:00,2026-03-25T02:00:00,2026-04-09T00:00:00,SHADOW,120,COMPLETED
TASK-05202,AST-579,,DEP-002,SEC-004,PREVENTIVE,2026-06-23T00:00:00,2026-06-23T02:00:00,2026-07-08T00:00:00,SHADOW,120,COMPLETED
TASK-05206,AST-581,,DEP-002,SEC-005,PREVENTIVE,2023-09-27T00:00:00,2023-09-27T02:00:00,2023-10-12T00:00:00,SHADOW,120,COMPLETED
TASK-05207,AST-581,,DEP-002,SEC-005,PREVENTIVE,2023-12-26T00:00:00,2023-12-26T02:00:00,2024-01-10T00:00:00,SHADOW,120,COMPLETED
TASK-05208,AST-581,,DEP-002,SEC-005,PREVENTIVE,2024-03-25T00:00:00,2024-03-25T02:00:00,2024-04-09T00:00:00,SHADOW,120,COMPLETED
TASK-05209,AST-581,,DEP-002,SEC-005,PREVENTIVE,2024-06-23T00:00:00,2024-06-23T02:00:00,2024-07-08T00:00:00,SHADOW,120,COMPLETED
TASK-05210,AST-581,,DEP-002,SEC-005,PREVENTIVE,2024-09-21T00:00:00,2024-09-21T02:00:00,2024-10-06T00:00:00,SHADOW,120,COMPLETED
TASK-05211,AST-581,,DEP-002,SEC-005,PREVENTIVE,2024-12-20T00:00:00,2024-12-20T02:00:00,2025-01-04T00:00:00,SHADOW,120,COMPLETED
TASK-05212,AST-581,,DEP-002,SEC-005,PREVENTIVE,2025-03-20T00:00:00,2025-03-20T02:00:00,2025-04-04T00:00:00,SHADOW,120,COMPLETED
TASK-05213,AST-581,,DEP-002,SEC-005,PREVENTIVE,2025-06-18T00:00:00,2025-06-18T02:00:00,2025-07-03T00:00:00,SHADOW,120,COMPLETED
TASK-05214,AST-581,,DEP-002,SEC-005,PREVENTIVE,2025-09-16T00:00:00,2025-09-16T02:00:00,2025-10-01T00:00:00,SHADOW,120,COMPLETED
TASK-05215,AST-581,,DEP-002,SEC-005,PREVENTIVE,2025-12-15T00:00:00,2025-12-15T02:00:00,2025-12-30T00:00:00,SHADOW,120,COMPLETED
TASK-05216,AST-581,,DEP-002,SEC-005,PREVENTIVE,2026-03-15T00:00:00,2026-03-15T02:00:00,2026-03-30T00:00:00,SHADOW,120,COMPLETED
TASK-05217,AST-581,,DEP-002,SEC-005,PREVENTIVE,2026-06-13T00:00:00,2026-06-13T02:00:00,2026-06-28T00:00:00,SHADOW,120,COMPLETED
TASK-05227,AST-585,,DEP-002,SEC-005,PREVENTIVE,2023-09-10T00:00:00,2023-09-10T02:00:00,2023-09-25T00:00:00,SHADOW,120,COMPLETED
TASK-05228,AST-585,,DEP-002,SEC-005,PREVENTIVE,2023-12-09T00:00:00,2023-12-09T02:00:00,2023-12-24T00:00:00,SHADOW,120,COMPLETED
TASK-05229,AST-585,,DEP-002,SEC-005,PREVENTIVE,2024-03-08T00:00:00,2024-03-08T02:00:00,2024-03-23T00:00:00,SHADOW,120,COMPLETED
TASK-05230,AST-585,,DEP-002,SEC-005,PREVENTIVE,2024-06-06T00:00:00,2024-06-06T02:00:00,2024-06-21T00:00:00,SHADOW,120,COMPLETED
TASK-05231,AST-585,,DEP-002,SEC-005,PREVENTIVE,2024-09-04T00:00:00,2024-09-04T02:00:00,2024-09-19T00:00:00,SHADOW,120,COMPLETED
TASK-05232,AST-585,,DEP-002,SEC-005,PREVENTIVE,2024-12-03T00:00:00,2024-12-03T02:00:00,2024-12-18T00:00:00,SHADOW,120,COMPLETED
TASK-05233,AST-585,,DEP-002,SEC-005,PREVENTIVE,2025-03-03T00:00:00,2025-03-03T02:00:00,2025-03-18T00:00:00,SHADOW,120,COMPLETED
TASK-05234,AST-585,,DEP-002,SEC-005,PREVENTIVE,2025-06-01T00:00:00,2025-06-01T02:00:00,2025-06-16T00:00:00,SHADOW,120,COMPLETED
TASK-05235,AST-585,,DEP-002,SEC-005,PREVENTIVE,2025-08-30T00:00:00,2025-08-30T02:00:00,2025-09-14T00:00:00,SHADOW,120,COMPLETED
TASK-05236,AST-585,,DEP-002,SEC-005,PREVENTIVE,2025-11-28T00:00:00,2025-11-28T02:00:00,2025-12-13T00:00:00,SHADOW,120,COMPLETED
TASK-05237,AST-585,,DEP-002,SEC-005,PREVENTIVE,2026-02-26T00:00:00,2026-02-26T02:00:00,2026-03-13T00:00:00,SHADOW,120,COMPLETED
TASK-05238,AST-585,,DEP-002,SEC-005,PREVENTIVE,2026-05-27T00:00:00,2026-05-27T02:00:00,2026-06-11T00:00:00,SHADOW,120,COMPLETED
TASK-05254,AST-589,,DEP-002,SEC-004,PREVENTIVE,2023-09-09T00:00:00,2023-09-09T02:00:00,2023-09-24T00:00:00,SHADOW,120,COMPLETED
TASK-05255,AST-589,,DEP-002,SEC-004,PREVENTIVE,2023-12-08T00:00:00,2023-12-08T02:00:00,2023-12-23T00:00:00,SHADOW,120,COMPLETED
TASK-05256,AST-589,,DEP-002,SEC-004,PREVENTIVE,2024-03-07T00:00:00,2024-03-07T02:00:00,2024-03-22T00:00:00,SHADOW,120,COMPLETED
TASK-05257,AST-589,,DEP-002,SEC-004,PREVENTIVE,2024-06-05T00:00:00,2024-06-05T02:00:00,2024-06-20T00:00:00,SHADOW,120,COMPLETED
TASK-05258,AST-589,,DEP-002,SEC-004,PREVENTIVE,2024-09-03T00:00:00,2024-09-03T02:00:00,2024-09-18T00:00:00,SHADOW,120,COMPLETED
TASK-05259,AST-589,,DEP-002,SEC-004,PREVENTIVE,2024-12-02T00:00:00,2024-12-02T02:00:00,2024-12-17T00:00:00,SHADOW,120,COMPLETED
TASK-05260,AST-589,,DEP-002,SEC-004,PREVENTIVE,2025-03-02T00:00:00,2025-03-02T02:00:00,2025-03-17T00:00:00,SHADOW,120,COMPLETED
TASK-05261,AST-589,,DEP-002,SEC-004,PREVENTIVE,2025-05-31T00:00:00,2025-05-31T02:00:00,2025-06-15T00:00:00,SHADOW,120,COMPLETED
TASK-05262,AST-589,,DEP-002,SEC-004,PREVENTIVE,2025-08-29T00:00:00,2025-08-29T02:00:00,2025-09-13T00:00:00,SHADOW,120,COMPLETED
TASK-05263,AST-589,,DEP-002,SEC-004,PREVENTIVE,2025-11-27T00:00:00,2025-11-27T02:00:00,2025-12-12T00:00:00,SHADOW,120,COMPLETED
TASK-05264,AST-589,,DEP-002,SEC-004,PREVENTIVE,2026-02-25T00:00:00,2026-02-25T02:00:00,2026-03-12T00:00:00,SHADOW,120,COMPLETED
TASK-05265,AST-589,,DEP-002,SEC-004,PREVENTIVE,2026-05-26T00:00:00,2026-05-26T02:00:00,2026-06-10T00:00:00,SHADOW,120,COMPLETED
TASK-05269,AST-591,,DEP-002,SEC-004,PREVENTIVE,2023-09-20T00:00:00,2023-09-20T02:00:00,2023-10-05T00:00:00,SHADOW,120,COMPLETED
TASK-05270,AST-591,,DEP-002,SEC-004,PREVENTIVE,2023-12-19T00:00:00,2023-12-19T02:00:00,2024-01-03T00:00:00,SHADOW,120,COMPLETED
TASK-05271,AST-591,,DEP-002,SEC-004,PREVENTIVE,2024-03-18T00:00:00,2024-03-18T02:00:00,2024-04-02T00:00:00,SHADOW,120,COMPLETED
TASK-05272,AST-591,,DEP-002,SEC-004,PREVENTIVE,2024-06-16T00:00:00,2024-06-16T02:00:00,2024-07-01T00:00:00,SHADOW,120,COMPLETED
TASK-05273,AST-591,,DEP-002,SEC-004,PREVENTIVE,2024-09-14T00:00:00,2024-09-14T02:00:00,2024-09-29T00:00:00,SHADOW,120,COMPLETED
TASK-05274,AST-591,,DEP-002,SEC-004,PREVENTIVE,2024-12-13T00:00:00,2024-12-13T02:00:00,2024-12-28T00:00:00,SHADOW,120,COMPLETED
TASK-05275,AST-591,,DEP-002,SEC-004,PREVENTIVE,2025-03-13T00:00:00,2025-03-13T02:00:00,2025-03-28T00:00:00,SHADOW,120,COMPLETED
TASK-05276,AST-591,,DEP-002,SEC-004,PREVENTIVE,2025-06-11T00:00:00,2025-06-11T02:00:00,2025-06-26T00:00:00,SHADOW,120,COMPLETED
TASK-05277,AST-591,,DEP-002,SEC-004,PREVENTIVE,2025-09-09T00:00:00,2025-09-09T02:00:00,2025-09-24T00:00:00,SHADOW,120,COMPLETED
TASK-05278,AST-591,,DEP-002,SEC-004,PREVENTIVE,2025-12-08T00:00:00,2025-12-08T02:00:00,2025-12-23T00:00:00,SHADOW,120,COMPLETED
TASK-05279,AST-591,,DEP-002,SEC-004,PREVENTIVE,2026-03-08T00:00:00,2026-03-08T02:00:00,2026-03-23T00:00:00,SHADOW,120,COMPLETED
TASK-05280,AST-591,,DEP-002,SEC-004,PREVENTIVE,2026-06-06T00:00:00,2026-06-06T02:00:00,2026-06-21T00:00:00,SHADOW,120,COMPLETED
TASK-05299,AST-596,,DEP-002,SEC-001,PREVENTIVE,2023-10-09T00:00:00,2023-10-09T02:00:00,2023-10-24T00:00:00,SHADOW,120,COMPLETED
TASK-05300,AST-596,,DEP-002,SEC-001,PREVENTIVE,2024-01-07T00:00:00,2024-01-07T02:00:00,2024-01-22T00:00:00,SHADOW,120,COMPLETED
TASK-05301,AST-596,,DEP-002,SEC-001,PREVENTIVE,2024-04-06T00:00:00,2024-04-06T02:00:00,2024-04-21T00:00:00,SHADOW,120,COMPLETED
TASK-05302,AST-596,,DEP-002,SEC-001,PREVENTIVE,2024-07-05T00:00:00,2024-07-05T02:00:00,2024-07-20T00:00:00,SHADOW,120,COMPLETED
TASK-05303,AST-596,,DEP-002,SEC-001,PREVENTIVE,2024-10-03T00:00:00,2024-10-03T02:00:00,2024-10-18T00:00:00,SHADOW,120,COMPLETED
TASK-05304,AST-596,,DEP-002,SEC-001,PREVENTIVE,2025-01-01T00:00:00,2025-01-01T02:00:00,2025-01-16T00:00:00,SHADOW,120,COMPLETED
TASK-05305,AST-596,,DEP-002,SEC-001,PREVENTIVE,2025-04-01T00:00:00,2025-04-01T02:00:00,2025-04-16T00:00:00,SHADOW,120,COMPLETED
TASK-05306,AST-596,,DEP-002,SEC-001,PREVENTIVE,2025-06-30T00:00:00,2025-06-30T02:00:00,2025-07-15T00:00:00,SHADOW,120,COMPLETED
TASK-05307,AST-596,,DEP-002,SEC-001,PREVENTIVE,2025-09-28T00:00:00,2025-09-28T02:00:00,2025-10-13T00:00:00,SHADOW,120,COMPLETED
TASK-05308,AST-596,,DEP-002,SEC-001,PREVENTIVE,2025-12-27T00:00:00,2025-12-27T02:00:00,2026-01-11T00:00:00,SHADOW,120,COMPLETED
TASK-05309,AST-596,,DEP-002,SEC-001,PREVENTIVE,2026-03-27T00:00:00,2026-03-27T02:00:00,2026-04-11T00:00:00,SHADOW,120,COMPLETED
TASK-05310,AST-596,,DEP-002,SEC-001,PREVENTIVE,2026-06-25T00:00:00,2026-06-25T02:00:00,2026-07-10T00:00:00,SHADOW,120,COMPLETED
TASK-05317,AST-598,,DEP-002,SEC-006,PREVENTIVE,2023-09-26T00:00:00,2023-09-26T02:00:00,2023-10-11T00:00:00,SHADOW,120,COMPLETED
TASK-05318,AST-598,,DEP-002,SEC-006,PREVENTIVE,2023-12-25T00:00:00,2023-12-25T02:00:00,2024-01-09T00:00:00,SHADOW,120,COMPLETED
TASK-05319,AST-598,,DEP-002,SEC-006,PREVENTIVE,2024-03-24T00:00:00,2024-03-24T02:00:00,2024-04-08T00:00:00,SHADOW,120,COMPLETED
TASK-05320,AST-598,,DEP-002,SEC-006,PREVENTIVE,2024-06-22T00:00:00,2024-06-22T02:00:00,2024-07-07T00:00:00,SHADOW,120,COMPLETED
TASK-05321,AST-598,,DEP-002,SEC-006,PREVENTIVE,2024-09-20T00:00:00,2024-09-20T02:00:00,2024-10-05T00:00:00,SHADOW,120,COMPLETED
TASK-05322,AST-598,,DEP-002,SEC-006,PREVENTIVE,2024-12-19T00:00:00,2024-12-19T02:00:00,2025-01-03T00:00:00,SHADOW,120,COMPLETED
TASK-05323,AST-598,,DEP-002,SEC-006,PREVENTIVE,2025-03-19T00:00:00,2025-03-19T02:00:00,2025-04-03T00:00:00,SHADOW,120,COMPLETED
TASK-05324,AST-598,,DEP-002,SEC-006,PREVENTIVE,2025-06-17T00:00:00,2025-06-17T02:00:00,2025-07-02T00:00:00,SHADOW,120,COMPLETED
TASK-05325,AST-598,,DEP-002,SEC-006,PREVENTIVE,2025-09-15T00:00:00,2025-09-15T02:00:00,2025-09-30T00:00:00,SHADOW,120,COMPLETED
TASK-05326,AST-598,,DEP-002,SEC-006,PREVENTIVE,2025-12-14T00:00:00,2025-12-14T02:00:00,2025-12-29T00:00:00,SHADOW,120,COMPLETED
TASK-05327,AST-598,,DEP-002,SEC-006,PREVENTIVE,2026-03-14T00:00:00,2026-03-14T02:00:00,2026-03-29T00:00:00,SHADOW,120,COMPLETED
TASK-05328,AST-598,,DEP-002,SEC-006,PREVENTIVE,2026-06-12T00:00:00,2026-06-12T02:00:00,2026-06-27T00:00:00,SHADOW,120,COMPLETED
TASK-05353,AST-604,,DEP-002,SEC-002,PREVENTIVE,2023-09-07T00:00:00,2023-09-07T02:00:00,2023-09-22T00:00:00,SHADOW,120,COMPLETED
TASK-05354,AST-604,,DEP-002,SEC-002,PREVENTIVE,2023-12-06T00:00:00,2023-12-06T02:00:00,2023-12-21T00:00:00,SHADOW,120,COMPLETED
TASK-05355,AST-604,,DEP-002,SEC-002,PREVENTIVE,2024-03-05T00:00:00,2024-03-05T02:00:00,2024-03-20T00:00:00,SHADOW,120,COMPLETED
TASK-05356,AST-604,,DEP-002,SEC-002,PREVENTIVE,2024-06-03T00:00:00,2024-06-03T02:00:00,2024-06-18T00:00:00,SHADOW,120,COMPLETED
TASK-05357,AST-604,,DEP-002,SEC-002,PREVENTIVE,2024-09-01T00:00:00,2024-09-01T02:00:00,2024-09-16T00:00:00,SHADOW,120,COMPLETED
TASK-05358,AST-604,,DEP-002,SEC-002,PREVENTIVE,2024-11-30T00:00:00,2024-11-30T02:00:00,2024-12-15T00:00:00,SHADOW,120,COMPLETED
TASK-05359,AST-604,,DEP-002,SEC-002,PREVENTIVE,2025-02-28T00:00:00,2025-02-28T02:00:00,2025-03-15T00:00:00,SHADOW,120,COMPLETED
TASK-05360,AST-604,,DEP-002,SEC-002,PREVENTIVE,2025-05-29T00:00:00,2025-05-29T02:00:00,2025-06-13T00:00:00,SHADOW,120,COMPLETED
TASK-05361,AST-604,,DEP-002,SEC-002,PREVENTIVE,2025-08-27T00:00:00,2025-08-27T02:00:00,2025-09-11T00:00:00,SHADOW,120,COMPLETED
TASK-05362,AST-604,,DEP-002,SEC-002,PREVENTIVE,2025-11-25T00:00:00,2025-11-25T02:00:00,2025-12-10T00:00:00,SHADOW,120,COMPLETED
TASK-05363,AST-604,,DEP-002,SEC-002,PREVENTIVE,2026-02-23T00:00:00,2026-02-23T02:00:00,2026-03-10T00:00:00,SHADOW,120,COMPLETED
TASK-05364,AST-604,,DEP-002,SEC-002,PREVENTIVE,2026-05-24T00:00:00,2026-05-24T02:00:00,2026-06-08T00:00:00,SHADOW,120,COMPLETED
TASK-05371,AST-606,,DEP-002,SEC-006,PREVENTIVE,2023-09-08T00:00:00,2023-09-08T02:00:00,2023-09-23T00:00:00,SHADOW,120,COMPLETED
TASK-05372,AST-606,,DEP-002,SEC-006,PREVENTIVE,2023-12-07T00:00:00,2023-12-07T02:00:00,2023-12-22T00:00:00,SHADOW,120,COMPLETED
TASK-05373,AST-606,,DEP-002,SEC-006,PREVENTIVE,2024-03-06T00:00:00,2024-03-06T02:00:00,2024-03-21T00:00:00,SHADOW,120,COMPLETED
TASK-05374,AST-606,,DEP-002,SEC-006,PREVENTIVE,2024-06-04T00:00:00,2024-06-04T02:00:00,2024-06-19T00:00:00,SHADOW,120,COMPLETED
TASK-05375,AST-606,,DEP-002,SEC-006,PREVENTIVE,2024-09-02T00:00:00,2024-09-02T02:00:00,2024-09-17T00:00:00,SHADOW,120,COMPLETED
TASK-05376,AST-606,,DEP-002,SEC-006,PREVENTIVE,2024-12-01T00:00:00,2024-12-01T02:00:00,2024-12-16T00:00:00,SHADOW,120,COMPLETED
TASK-05377,AST-606,,DEP-002,SEC-006,PREVENTIVE,2025-03-01T00:00:00,2025-03-01T02:00:00,2025-03-16T00:00:00,SHADOW,120,COMPLETED
TASK-05378,AST-606,,DEP-002,SEC-006,PREVENTIVE,2025-05-30T00:00:00,2025-05-30T02:00:00,2025-06-14T00:00:00,SHADOW,120,COMPLETED
TASK-05379,AST-606,,DEP-002,SEC-006,PREVENTIVE,2025-08-28T00:00:00,2025-08-28T02:00:00,2025-09-12T00:00:00,SHADOW,120,COMPLETED
TASK-05380,AST-606,,DEP-002,SEC-006,PREVENTIVE,2025-11-26T00:00:00,2025-11-26T02:00:00,2025-12-11T00:00:00,SHADOW,120,COMPLETED
TASK-05381,AST-606,,DEP-002,SEC-006,PREVENTIVE,2026-02-24T00:00:00,2026-02-24T02:00:00,2026-03-11T00:00:00,SHADOW,120,COMPLETED
TASK-05382,AST-606,,DEP-002,SEC-006,PREVENTIVE,2026-05-25T00:00:00,2026-05-25T02:00:00,2026-06-09T00:00:00,SHADOW,120,COMPLETED
TASK-05386,AST-608,,DEP-002,SEC-004,PREVENTIVE,2023-09-20T00:00:00,2023-09-20T02:00:00,2023-10-05T00:00:00,SHADOW,120,COMPLETED
TASK-05387,AST-608,,DEP-002,SEC-004,PREVENTIVE,2023-12-19T00:00:00,2023-12-19T02:00:00,2024-01-03T00:00:00,SHADOW,120,COMPLETED
TASK-05388,AST-608,,DEP-002,SEC-004,PREVENTIVE,2024-03-18T00:00:00,2024-03-18T02:00:00,2024-04-02T00:00:00,SHADOW,120,COMPLETED
TASK-05389,AST-608,,DEP-002,SEC-004,PREVENTIVE,2024-06-16T00:00:00,2024-06-16T02:00:00,2024-07-01T00:00:00,SHADOW,120,COMPLETED
TASK-05390,AST-608,,DEP-002,SEC-004,PREVENTIVE,2024-09-14T00:00:00,2024-09-14T02:00:00,2024-09-29T00:00:00,SHADOW,120,COMPLETED
TASK-05391,AST-608,,DEP-002,SEC-004,PREVENTIVE,2024-12-13T00:00:00,2024-12-13T02:00:00,2024-12-28T00:00:00,SHADOW,120,COMPLETED
TASK-05392,AST-608,,DEP-002,SEC-004,PREVENTIVE,2025-03-13T00:00:00,2025-03-13T02:00:00,2025-03-28T00:00:00,SHADOW,120,COMPLETED
TASK-05393,AST-608,,DEP-002,SEC-004,PREVENTIVE,2025-06-11T00:00:00,2025-06-11T02:00:00,2025-06-26T00:00:00,SHADOW,120,COMPLETED
TASK-05394,AST-608,,DEP-002,SEC-004,PREVENTIVE,2025-09-09T00:00:00,2025-09-09T02:00:00,2025-09-24T00:00:00,SHADOW,120,COMPLETED
TASK-05395,AST-608,,DEP-002,SEC-004,PREVENTIVE,2025-12-08T00:00:00,2025-12-08T02:00:00,2025-12-23T00:00:00,SHADOW,120,COMPLETED
TASK-05396,AST-608,,DEP-002,SEC-004,PREVENTIVE,2026-03-08T00:00:00,2026-03-08T02:00:00,2026-03-23T00:00:00,SHADOW,120,COMPLETED
TASK-05397,AST-608,,DEP-002,SEC-004,PREVENTIVE,2026-06-06T00:00:00,2026-06-06T02:00:00,2026-06-21T00:00:00,SHADOW,120,COMPLETED
TASK-05398,AST-609,,DEP-002,SEC-006,PREVENTIVE,2023-09-03T00:00:00,2023-09-03T02:00:00,2023-09-18T00:00:00,SHADOW,120,COMPLETED
TASK-05399,AST-609,,DEP-002,SEC-006,PREVENTIVE,2023-12-02T00:00:00,2023-12-02T02:00:00,2023-12-17T00:00:00,SHADOW,120,COMPLETED
TASK-05400,AST-609,,DEP-002,SEC-006,PREVENTIVE,2024-03-01T00:00:00,2024-03-01T02:00:00,2024-03-16T00:00:00,SHADOW,120,COMPLETED
TASK-05401,AST-609,,DEP-002,SEC-006,PREVENTIVE,2024-05-30T00:00:00,2024-05-30T02:00:00,2024-06-14T00:00:00,SHADOW,120,COMPLETED
TASK-05402,AST-609,,DEP-002,SEC-006,PREVENTIVE,2024-08-28T00:00:00,2024-08-28T02:00:00,2024-09-12T00:00:00,SHADOW,120,COMPLETED
TASK-05403,AST-609,,DEP-002,SEC-006,PREVENTIVE,2024-11-26T00:00:00,2024-11-26T02:00:00,2024-12-11T00:00:00,SHADOW,120,COMPLETED
TASK-05404,AST-609,,DEP-002,SEC-006,PREVENTIVE,2025-02-24T00:00:00,2025-02-24T02:00:00,2025-03-11T00:00:00,SHADOW,120,COMPLETED
TASK-05405,AST-609,,DEP-002,SEC-006,PREVENTIVE,2025-05-25T00:00:00,2025-05-25T02:00:00,2025-06-09T00:00:00,SHADOW,120,COMPLETED
TASK-05406,AST-609,,DEP-002,SEC-006,PREVENTIVE,2025-08-23T00:00:00,2025-08-23T02:00:00,2025-09-07T00:00:00,SHADOW,120,COMPLETED
TASK-05407,AST-609,,DEP-002,SEC-006,PREVENTIVE,2025-11-21T00:00:00,2025-11-21T02:00:00,2025-12-06T00:00:00,SHADOW,120,COMPLETED
TASK-05408,AST-609,,DEP-002,SEC-006,PREVENTIVE,2026-02-19T00:00:00,2026-02-19T02:00:00,2026-03-06T00:00:00,SHADOW,120,COMPLETED
TASK-05409,AST-609,,DEP-002,SEC-006,PREVENTIVE,2026-05-20T00:00:00,2026-05-20T02:00:00,2026-06-04T00:00:00,SHADOW,120,COMPLETED
TASK-05410,AST-610,,DEP-002,SEC-001,PREVENTIVE,2023-09-12T00:00:00,2023-09-12T02:00:00,2023-09-27T00:00:00,SHADOW,120,COMPLETED
TASK-05411,AST-610,,DEP-002,SEC-001,PREVENTIVE,2023-12-11T00:00:00,2023-12-11T02:00:00,2023-12-26T00:00:00,SHADOW,120,COMPLETED
TASK-05412,AST-610,,DEP-002,SEC-001,PREVENTIVE,2024-03-10T00:00:00,2024-03-10T02:00:00,2024-03-25T00:00:00,SHADOW,120,COMPLETED
TASK-05413,AST-610,,DEP-002,SEC-001,PREVENTIVE,2024-06-08T00:00:00,2024-06-08T02:00:00,2024-06-23T00:00:00,SHADOW,120,COMPLETED
TASK-05414,AST-610,,DEP-002,SEC-001,PREVENTIVE,2024-09-06T00:00:00,2024-09-06T02:00:00,2024-09-21T00:00:00,SHADOW,120,COMPLETED
TASK-05415,AST-610,,DEP-002,SEC-001,PREVENTIVE,2024-12-05T00:00:00,2024-12-05T02:00:00,2024-12-20T00:00:00,SHADOW,120,COMPLETED
TASK-05416,AST-610,,DEP-002,SEC-001,PREVENTIVE,2025-03-05T00:00:00,2025-03-05T02:00:00,2025-03-20T00:00:00,SHADOW,120,COMPLETED
TASK-05417,AST-610,,DEP-002,SEC-001,PREVENTIVE,2025-06-03T00:00:00,2025-06-03T02:00:00,2025-06-18T00:00:00,SHADOW,120,COMPLETED
TASK-05418,AST-610,,DEP-002,SEC-001,PREVENTIVE,2025-09-01T00:00:00,2025-09-01T02:00:00,2025-09-16T00:00:00,SHADOW,120,COMPLETED
TASK-05419,AST-610,,DEP-002,SEC-001,PREVENTIVE,2025-11-30T00:00:00,2025-11-30T02:00:00,2025-12-15T00:00:00,SHADOW,120,COMPLETED
TASK-05420,AST-610,,DEP-002,SEC-001,PREVENTIVE,2026-02-28T00:00:00,2026-02-28T02:00:00,2026-03-15T00:00:00,SHADOW,120,COMPLETED
TASK-05421,AST-610,,DEP-002,SEC-001,PREVENTIVE,2026-05-29T00:00:00,2026-05-29T02:00:00,2026-06-13T00:00:00,SHADOW,120,COMPLETED
TASK-05455,AST-619,,DEP-002,SEC-004,PREVENTIVE,2023-10-29T00:00:00,2023-10-29T02:00:00,2023-11-13T00:00:00,SHADOW,120,COMPLETED
TASK-05456,AST-619,,DEP-002,SEC-004,PREVENTIVE,2024-01-27T00:00:00,2024-01-27T02:00:00,2024-02-11T00:00:00,SHADOW,120,COMPLETED
TASK-05457,AST-619,,DEP-002,SEC-004,PREVENTIVE,2024-04-26T00:00:00,2024-04-26T02:00:00,2024-05-11T00:00:00,SHADOW,120,COMPLETED
TASK-05458,AST-619,,DEP-002,SEC-004,PREVENTIVE,2024-07-25T00:00:00,2024-07-25T02:00:00,2024-08-09T00:00:00,SHADOW,120,COMPLETED
TASK-05459,AST-619,,DEP-002,SEC-004,PREVENTIVE,2024-10-23T00:00:00,2024-10-23T02:00:00,2024-11-07T00:00:00,SHADOW,120,COMPLETED
TASK-05460,AST-619,,DEP-002,SEC-004,PREVENTIVE,2025-01-21T00:00:00,2025-01-21T02:00:00,2025-02-05T00:00:00,SHADOW,120,COMPLETED
TASK-05461,AST-619,,DEP-002,SEC-004,PREVENTIVE,2025-04-21T00:00:00,2025-04-21T02:00:00,2025-05-06T00:00:00,SHADOW,120,COMPLETED
TASK-05462,AST-619,,DEP-002,SEC-004,PREVENTIVE,2025-07-20T00:00:00,2025-07-20T02:00:00,2025-08-04T00:00:00,SHADOW,120,COMPLETED
TASK-05463,AST-619,,DEP-002,SEC-004,PREVENTIVE,2025-10-18T00:00:00,2025-10-18T02:00:00,2025-11-02T00:00:00,SHADOW,120,COMPLETED
TASK-05464,AST-619,,DEP-002,SEC-004,PREVENTIVE,2026-01-16T00:00:00,2026-01-16T02:00:00,2026-01-31T00:00:00,SHADOW,120,COMPLETED
TASK-05465,AST-619,,DEP-002,SEC-004,PREVENTIVE,2026-04-16T00:00:00,2026-04-16T02:00:00,2026-05-01T00:00:00,SHADOW,120,COMPLETED
TASK-05466,AST-619,,DEP-002,SEC-004,PREVENTIVE,2026-07-15T00:00:00,2026-07-15T02:00:00,2026-07-30T00:00:00,SHADOW,120,COMPLETED
TASK-05497,AST-628,,DEP-002,SEC-002,PREVENTIVE,2023-09-20T00:00:00,2023-09-20T02:00:00,2023-10-05T00:00:00,SHADOW,120,COMPLETED
TASK-05498,AST-628,,DEP-002,SEC-002,PREVENTIVE,2023-12-19T00:00:00,2023-12-19T02:00:00,2024-01-03T00:00:00,SHADOW,120,COMPLETED
TASK-05499,AST-628,,DEP-002,SEC-002,PREVENTIVE,2024-03-18T00:00:00,2024-03-18T02:00:00,2024-04-02T00:00:00,SHADOW,120,COMPLETED
TASK-05500,AST-628,,DEP-002,SEC-002,PREVENTIVE,2024-06-16T00:00:00,2024-06-16T02:00:00,2024-07-01T00:00:00,SHADOW,120,COMPLETED
TASK-05501,AST-628,,DEP-002,SEC-002,PREVENTIVE,2024-09-14T00:00:00,2024-09-14T02:00:00,2024-09-29T00:00:00,SHADOW,120,COMPLETED
TASK-05502,AST-628,,DEP-002,SEC-002,PREVENTIVE,2024-12-13T00:00:00,2024-12-13T02:00:00,2024-12-28T00:00:00,SHADOW,120,COMPLETED
TASK-05503,AST-628,,DEP-002,SEC-002,PREVENTIVE,2025-03-13T00:00:00,2025-03-13T02:00:00,2025-03-28T00:00:00,SHADOW,120,COMPLETED
TASK-05504,AST-628,,DEP-002,SEC-002,PREVENTIVE,2025-06-11T00:00:00,2025-06-11T02:00:00,2025-06-26T00:00:00,SHADOW,120,COMPLETED
TASK-05505,AST-628,,DEP-002,SEC-002,PREVENTIVE,2025-09-09T00:00:00,2025-09-09T02:00:00,2025-09-24T00:00:00,SHADOW,120,COMPLETED
TASK-05506,AST-628,,DEP-002,SEC-002,PREVENTIVE,2025-12-08T00:00:00,2025-12-08T02:00:00,2025-12-23T00:00:00,SHADOW,120,COMPLETED
TASK-05507,AST-628,,DEP-002,SEC-002,PREVENTIVE,2026-03-08T00:00:00,2026-03-08T02:00:00,2026-03-23T00:00:00,SHADOW,120,COMPLETED
TASK-05508,AST-628,,DEP-002,SEC-002,PREVENTIVE,2026-06-06T00:00:00,2026-06-06T02:00:00,2026-06-21T00:00:00,SHADOW,120,COMPLETED
TASK-05527,AST-633,,DEP-002,SEC-006,PREVENTIVE,2023-10-27T00:00:00,2023-10-27T02:00:00,2023-11-11T00:00:00,SHADOW,120,COMPLETED
TASK-05528,AST-633,,DEP-002,SEC-006,PREVENTIVE,2024-01-25T00:00:00,2024-01-25T02:00:00,2024-02-09T00:00:00,SHADOW,120,COMPLETED
TASK-05529,AST-633,,DEP-002,SEC-006,PREVENTIVE,2024-04-24T00:00:00,2024-04-24T02:00:00,2024-05-09T00:00:00,SHADOW,120,COMPLETED
TASK-05530,AST-633,,DEP-002,SEC-006,PREVENTIVE,2024-07-23T00:00:00,2024-07-23T02:00:00,2024-08-07T00:00:00,SHADOW,120,COMPLETED
TASK-05531,AST-633,,DEP-002,SEC-006,PREVENTIVE,2024-10-21T00:00:00,2024-10-21T02:00:00,2024-11-05T00:00:00,SHADOW,120,COMPLETED
TASK-05532,AST-633,,DEP-002,SEC-006,PREVENTIVE,2025-01-19T00:00:00,2025-01-19T02:00:00,2025-02-03T00:00:00,SHADOW,120,COMPLETED
TASK-05533,AST-633,,DEP-002,SEC-006,PREVENTIVE,2025-04-19T00:00:00,2025-04-19T02:00:00,2025-05-04T00:00:00,SHADOW,120,COMPLETED
TASK-05534,AST-633,,DEP-002,SEC-006,PREVENTIVE,2025-07-18T00:00:00,2025-07-18T02:00:00,2025-08-02T00:00:00,SHADOW,120,COMPLETED
TASK-05535,AST-633,,DEP-002,SEC-006,PREVENTIVE,2025-10-16T00:00:00,2025-10-16T02:00:00,2025-10-31T00:00:00,SHADOW,120,COMPLETED
TASK-05536,AST-633,,DEP-002,SEC-006,PREVENTIVE,2026-01-14T00:00:00,2026-01-14T02:00:00,2026-01-29T00:00:00,SHADOW,120,COMPLETED
TASK-05537,AST-633,,DEP-002,SEC-006,PREVENTIVE,2026-04-14T00:00:00,2026-04-14T02:00:00,2026-04-29T00:00:00,SHADOW,120,COMPLETED
TASK-05538,AST-633,,DEP-002,SEC-006,PREVENTIVE,2026-07-13T00:00:00,2026-07-13T02:00:00,2026-07-28T00:00:00,SHADOW,120,COMPLETED
TASK-05545,AST-635,,DEP-002,SEC-005,PREVENTIVE,2023-09-21T00:00:00,2023-09-21T02:00:00,2023-10-06T00:00:00,SHADOW,120,COMPLETED
TASK-05546,AST-635,,DEP-002,SEC-005,PREVENTIVE,2023-12-20T00:00:00,2023-12-20T02:00:00,2024-01-04T00:00:00,SHADOW,120,COMPLETED
TASK-05547,AST-635,,DEP-002,SEC-005,PREVENTIVE,2024-03-19T00:00:00,2024-03-19T02:00:00,2024-04-03T00:00:00,SHADOW,120,COMPLETED
TASK-05548,AST-635,,DEP-002,SEC-005,PREVENTIVE,2024-06-17T00:00:00,2024-06-17T02:00:00,2024-07-02T00:00:00,SHADOW,120,COMPLETED
TASK-05549,AST-635,,DEP-002,SEC-005,PREVENTIVE,2024-09-15T00:00:00,2024-09-15T02:00:00,2024-09-30T00:00:00,SHADOW,120,COMPLETED
TASK-05550,AST-635,,DEP-002,SEC-005,PREVENTIVE,2024-12-14T00:00:00,2024-12-14T02:00:00,2024-12-29T00:00:00,SHADOW,120,COMPLETED
TASK-05551,AST-635,,DEP-002,SEC-005,PREVENTIVE,2025-03-14T00:00:00,2025-03-14T02:00:00,2025-03-29T00:00:00,SHADOW,120,COMPLETED
TASK-05552,AST-635,,DEP-002,SEC-005,PREVENTIVE,2025-06-12T00:00:00,2025-06-12T02:00:00,2025-06-27T00:00:00,SHADOW,120,COMPLETED
TASK-05553,AST-635,,DEP-002,SEC-005,PREVENTIVE,2025-09-10T00:00:00,2025-09-10T02:00:00,2025-09-25T00:00:00,SHADOW,120,COMPLETED
TASK-05554,AST-635,,DEP-002,SEC-005,PREVENTIVE,2025-12-09T00:00:00,2025-12-09T02:00:00,2025-12-24T00:00:00,SHADOW,120,COMPLETED
TASK-05555,AST-635,,DEP-002,SEC-005,PREVENTIVE,2026-03-09T00:00:00,2026-03-09T02:00:00,2026-03-24T00:00:00,SHADOW,120,COMPLETED
TASK-05556,AST-635,,DEP-002,SEC-005,PREVENTIVE,2026-06-07T00:00:00,2026-06-07T02:00:00,2026-06-22T00:00:00,SHADOW,120,COMPLETED
TASK-05563,AST-637,,DEP-002,SEC-006,PREVENTIVE,2023-09-12T00:00:00,2023-09-12T02:00:00,2023-09-27T00:00:00,SHADOW,120,COMPLETED
TASK-05564,AST-637,,DEP-002,SEC-006,PREVENTIVE,2023-12-11T00:00:00,2023-12-11T02:00:00,2023-12-26T00:00:00,SHADOW,120,COMPLETED
TASK-05565,AST-637,,DEP-002,SEC-006,PREVENTIVE,2024-03-10T00:00:00,2024-03-10T02:00:00,2024-03-25T00:00:00,SHADOW,120,COMPLETED
TASK-05566,AST-637,,DEP-002,SEC-006,PREVENTIVE,2024-06-08T00:00:00,2024-06-08T02:00:00,2024-06-23T00:00:00,SHADOW,120,COMPLETED
TASK-05567,AST-637,,DEP-002,SEC-006,PREVENTIVE,2024-09-06T00:00:00,2024-09-06T02:00:00,2024-09-21T00:00:00,SHADOW,120,COMPLETED
TASK-05568,AST-637,,DEP-002,SEC-006,PREVENTIVE,2024-12-05T00:00:00,2024-12-05T02:00:00,2024-12-20T00:00:00,SHADOW,120,COMPLETED
TASK-05569,AST-637,,DEP-002,SEC-006,PREVENTIVE,2025-03-05T00:00:00,2025-03-05T02:00:00,2025-03-20T00:00:00,SHADOW,120,COMPLETED
TASK-05570,AST-637,,DEP-002,SEC-006,PREVENTIVE,2025-06-03T00:00:00,2025-06-03T02:00:00,2025-06-18T00:00:00,SHADOW,120,COMPLETED
TASK-05571,AST-637,,DEP-002,SEC-006,PREVENTIVE,2025-09-01T00:00:00,2025-09-01T02:00:00,2025-09-16T00:00:00,SHADOW,120,COMPLETED
TASK-05572,AST-637,,DEP-002,SEC-006,PREVENTIVE,2025-11-30T00:00:00,2025-11-30T02:00:00,2025-12-15T00:00:00,SHADOW,120,COMPLETED
TASK-05573,AST-637,,DEP-002,SEC-006,PREVENTIVE,2026-02-28T00:00:00,2026-02-28T02:00:00,2026-03-15T00:00:00,SHADOW,120,COMPLETED
TASK-05574,AST-637,,DEP-002,SEC-006,PREVENTIVE,2026-05-29T00:00:00,2026-05-29T02:00:00,2026-06-13T00:00:00,SHADOW,120,COMPLETED
TASK-05587,AST-641,,DEP-002,SEC-001,PREVENTIVE,2023-09-16T00:00:00,2023-09-16T02:00:00,2023-10-01T00:00:00,SHADOW,120,COMPLETED
TASK-05588,AST-641,,DEP-002,SEC-001,PREVENTIVE,2023-12-15T00:00:00,2023-12-15T02:00:00,2023-12-30T00:00:00,SHADOW,120,COMPLETED
TASK-05589,AST-641,,DEP-002,SEC-001,PREVENTIVE,2024-03-14T00:00:00,2024-03-14T02:00:00,2024-03-29T00:00:00,SHADOW,120,COMPLETED
TASK-05590,AST-641,,DEP-002,SEC-001,PREVENTIVE,2024-06-12T00:00:00,2024-06-12T02:00:00,2024-06-27T00:00:00,SHADOW,120,COMPLETED
TASK-05591,AST-641,,DEP-002,SEC-001,PREVENTIVE,2024-09-10T00:00:00,2024-09-10T02:00:00,2024-09-25T00:00:00,SHADOW,120,COMPLETED
TASK-05592,AST-641,,DEP-002,SEC-001,PREVENTIVE,2024-12-09T00:00:00,2024-12-09T02:00:00,2024-12-24T00:00:00,SHADOW,120,COMPLETED
TASK-05593,AST-641,,DEP-002,SEC-001,PREVENTIVE,2025-03-09T00:00:00,2025-03-09T02:00:00,2025-03-24T00:00:00,SHADOW,120,COMPLETED
TASK-05594,AST-641,,DEP-002,SEC-001,PREVENTIVE,2025-06-07T00:00:00,2025-06-07T02:00:00,2025-06-22T00:00:00,SHADOW,120,COMPLETED
TASK-05595,AST-641,,DEP-002,SEC-001,PREVENTIVE,2025-09-05T00:00:00,2025-09-05T02:00:00,2025-09-20T00:00:00,SHADOW,120,COMPLETED
TASK-05596,AST-641,,DEP-002,SEC-001,PREVENTIVE,2025-12-04T00:00:00,2025-12-04T02:00:00,2025-12-19T00:00:00,SHADOW,120,COMPLETED
TASK-05597,AST-641,,DEP-002,SEC-001,PREVENTIVE,2026-03-04T00:00:00,2026-03-04T02:00:00,2026-03-19T00:00:00,SHADOW,120,COMPLETED
TASK-05598,AST-641,,DEP-002,SEC-001,PREVENTIVE,2026-06-02T00:00:00,2026-06-02T02:00:00,2026-06-17T00:00:00,SHADOW,120,COMPLETED
TASK-05599,AST-642,,DEP-002,SEC-001,PREVENTIVE,2023-10-29T00:00:00,2023-10-29T02:00:00,2023-11-13T00:00:00,SHADOW,120,COMPLETED
TASK-05600,AST-642,,DEP-002,SEC-001,PREVENTIVE,2024-01-27T00:00:00,2024-01-27T02:00:00,2024-02-11T00:00:00,SHADOW,120,COMPLETED
TASK-05601,AST-642,,DEP-002,SEC-001,PREVENTIVE,2024-04-26T00:00:00,2024-04-26T02:00:00,2024-05-11T00:00:00,SHADOW,120,COMPLETED
TASK-05602,AST-642,,DEP-002,SEC-001,PREVENTIVE,2024-07-25T00:00:00,2024-07-25T02:00:00,2024-08-09T00:00:00,SHADOW,120,COMPLETED
TASK-05603,AST-642,,DEP-002,SEC-001,PREVENTIVE,2024-10-23T00:00:00,2024-10-23T02:00:00,2024-11-07T00:00:00,SHADOW,120,COMPLETED
TASK-05604,AST-642,,DEP-002,SEC-001,PREVENTIVE,2025-01-21T00:00:00,2025-01-21T02:00:00,2025-02-05T00:00:00,SHADOW,120,COMPLETED
TASK-05605,AST-642,,DEP-002,SEC-001,PREVENTIVE,2025-04-21T00:00:00,2025-04-21T02:00:00,2025-05-06T00:00:00,SHADOW,120,COMPLETED
TASK-05606,AST-642,,DEP-002,SEC-001,PREVENTIVE,2025-07-20T00:00:00,2025-07-20T02:00:00,2025-08-04T00:00:00,SHADOW,120,COMPLETED
TASK-05607,AST-642,,DEP-002,SEC-001,PREVENTIVE,2025-10-18T00:00:00,2025-10-18T02:00:00,2025-11-02T00:00:00,SHADOW,120,COMPLETED
TASK-05608,AST-642,,DEP-002,SEC-001,PREVENTIVE,2026-01-16T00:00:00,2026-01-16T02:00:00,2026-01-31T00:00:00,SHADOW,120,COMPLETED
TASK-05609,AST-642,,DEP-002,SEC-001,PREVENTIVE,2026-04-16T00:00:00,2026-04-16T02:00:00,2026-05-01T00:00:00,SHADOW,120,COMPLETED
TASK-05610,AST-642,,DEP-002,SEC-001,PREVENTIVE,2026-07-15T00:00:00,2026-07-15T02:00:00,2026-07-30T00:00:00,SHADOW,120,COMPLETED
TASK-05617,AST-644,,DEP-002,SEC-003,PREVENTIVE,2023-09-18T00:00:00,2023-09-18T02:00:00,2023-10-03T00:00:00,SHADOW,120,COMPLETED
TASK-05618,AST-644,,DEP-002,SEC-003,PREVENTIVE,2023-12-17T00:00:00,2023-12-17T02:00:00,2024-01-01T00:00:00,SHADOW,120,COMPLETED
TASK-05619,AST-644,,DEP-002,SEC-003,PREVENTIVE,2024-03-16T00:00:00,2024-03-16T02:00:00,2024-03-31T00:00:00,SHADOW,120,COMPLETED
TASK-05620,AST-644,,DEP-002,SEC-003,PREVENTIVE,2024-06-14T00:00:00,2024-06-14T02:00:00,2024-06-29T00:00:00,SHADOW,120,COMPLETED
TASK-05621,AST-644,,DEP-002,SEC-003,PREVENTIVE,2024-09-12T00:00:00,2024-09-12T02:00:00,2024-09-27T00:00:00,SHADOW,120,COMPLETED
TASK-05622,AST-644,,DEP-002,SEC-003,PREVENTIVE,2024-12-11T00:00:00,2024-12-11T02:00:00,2024-12-26T00:00:00,SHADOW,120,COMPLETED
TASK-05623,AST-644,,DEP-002,SEC-003,PREVENTIVE,2025-03-11T00:00:00,2025-03-11T02:00:00,2025-03-26T00:00:00,SHADOW,120,COMPLETED
TASK-05624,AST-644,,DEP-002,SEC-003,PREVENTIVE,2025-06-09T00:00:00,2025-06-09T02:00:00,2025-06-24T00:00:00,SHADOW,120,COMPLETED
TASK-05625,AST-644,,DEP-002,SEC-003,PREVENTIVE,2025-09-07T00:00:00,2025-09-07T02:00:00,2025-09-22T00:00:00,SHADOW,120,COMPLETED
TASK-05626,AST-644,,DEP-002,SEC-003,PREVENTIVE,2025-12-06T00:00:00,2025-12-06T02:00:00,2025-12-21T00:00:00,SHADOW,120,COMPLETED
TASK-05627,AST-644,,DEP-002,SEC-003,PREVENTIVE,2026-03-06T00:00:00,2026-03-06T02:00:00,2026-03-21T00:00:00,SHADOW,120,COMPLETED
TASK-05628,AST-644,,DEP-002,SEC-003,PREVENTIVE,2026-06-04T00:00:00,2026-06-04T02:00:00,2026-06-19T00:00:00,SHADOW,120,COMPLETED
TASK-05638,AST-647,,DEP-002,SEC-001,PREVENTIVE,2023-08-22T00:00:00,2023-08-22T02:00:00,2023-09-06T00:00:00,SHADOW,120,COMPLETED
TASK-05639,AST-647,,DEP-002,SEC-001,PREVENTIVE,2023-11-20T00:00:00,2023-11-20T02:00:00,2023-12-05T00:00:00,SHADOW,120,COMPLETED
TASK-05640,AST-647,,DEP-002,SEC-001,PREVENTIVE,2024-02-18T00:00:00,2024-02-18T02:00:00,2024-03-04T00:00:00,SHADOW,120,COMPLETED
TASK-05641,AST-647,,DEP-002,SEC-001,PREVENTIVE,2024-05-18T00:00:00,2024-05-18T02:00:00,2024-06-02T00:00:00,SHADOW,120,COMPLETED
TASK-05642,AST-647,,DEP-002,SEC-001,PREVENTIVE,2024-08-16T00:00:00,2024-08-16T02:00:00,2024-08-31T00:00:00,SHADOW,120,COMPLETED
TASK-05643,AST-647,,DEP-002,SEC-001,PREVENTIVE,2024-11-14T00:00:00,2024-11-14T02:00:00,2024-11-29T00:00:00,SHADOW,120,COMPLETED
TASK-05644,AST-647,,DEP-002,SEC-001,PREVENTIVE,2025-02-12T00:00:00,2025-02-12T02:00:00,2025-02-27T00:00:00,SHADOW,120,COMPLETED
TASK-05645,AST-647,,DEP-002,SEC-001,PREVENTIVE,2025-05-13T00:00:00,2025-05-13T02:00:00,2025-05-28T00:00:00,SHADOW,120,COMPLETED
TASK-05646,AST-647,,DEP-002,SEC-001,PREVENTIVE,2025-08-11T00:00:00,2025-08-11T02:00:00,2025-08-26T00:00:00,SHADOW,120,COMPLETED
TASK-05647,AST-647,,DEP-002,SEC-001,PREVENTIVE,2025-11-09T00:00:00,2025-11-09T02:00:00,2025-11-24T00:00:00,SHADOW,120,COMPLETED
TASK-05648,AST-647,,DEP-002,SEC-001,PREVENTIVE,2026-02-07T00:00:00,2026-02-07T02:00:00,2026-02-22T00:00:00,SHADOW,120,COMPLETED
TASK-05649,AST-647,,DEP-002,SEC-001,PREVENTIVE,2026-05-08T00:00:00,2026-05-08T02:00:00,2026-05-23T00:00:00,SHADOW,120,COMPLETED
TASK-05686,AST-657,,DEP-002,SEC-002,PREVENTIVE,2023-10-11T00:00:00,2023-10-11T02:00:00,2023-10-26T00:00:00,SHADOW,120,COMPLETED
TASK-05687,AST-657,,DEP-002,SEC-002,PREVENTIVE,2024-01-09T00:00:00,2024-01-09T02:00:00,2024-01-24T00:00:00,SHADOW,120,COMPLETED
TASK-05688,AST-657,,DEP-002,SEC-002,PREVENTIVE,2024-04-08T00:00:00,2024-04-08T02:00:00,2024-04-23T00:00:00,SHADOW,120,COMPLETED
TASK-05689,AST-657,,DEP-002,SEC-002,PREVENTIVE,2024-07-07T00:00:00,2024-07-07T02:00:00,2024-07-22T00:00:00,SHADOW,120,COMPLETED
TASK-05690,AST-657,,DEP-002,SEC-002,PREVENTIVE,2024-10-05T00:00:00,2024-10-05T02:00:00,2024-10-20T00:00:00,SHADOW,120,COMPLETED
TASK-05691,AST-657,,DEP-002,SEC-002,PREVENTIVE,2025-01-03T00:00:00,2025-01-03T02:00:00,2025-01-18T00:00:00,SHADOW,120,COMPLETED
TASK-05692,AST-657,,DEP-002,SEC-002,PREVENTIVE,2025-04-03T00:00:00,2025-04-03T02:00:00,2025-04-18T00:00:00,SHADOW,120,COMPLETED
TASK-05693,AST-657,,DEP-002,SEC-002,PREVENTIVE,2025-07-02T00:00:00,2025-07-02T02:00:00,2025-07-17T00:00:00,SHADOW,120,COMPLETED
TASK-05694,AST-657,,DEP-002,SEC-002,PREVENTIVE,2025-09-30T00:00:00,2025-09-30T02:00:00,2025-10-15T00:00:00,SHADOW,120,COMPLETED
TASK-05695,AST-657,,DEP-002,SEC-002,PREVENTIVE,2025-12-29T00:00:00,2025-12-29T02:00:00,2026-01-13T00:00:00,SHADOW,120,COMPLETED
TASK-05696,AST-657,,DEP-002,SEC-002,PREVENTIVE,2026-03-29T00:00:00,2026-03-29T02:00:00,2026-04-13T00:00:00,SHADOW,120,COMPLETED
TASK-05697,AST-657,,DEP-002,SEC-002,PREVENTIVE,2026-06-27T00:00:00,2026-06-27T02:00:00,2026-07-12T00:00:00,SHADOW,120,COMPLETED
TASK-05722,AST-663,,DEP-002,SEC-004,PREVENTIVE,2023-10-21T00:00:00,2023-10-21T02:00:00,2023-11-05T00:00:00,SHADOW,120,COMPLETED
TASK-05723,AST-663,,DEP-002,SEC-004,PREVENTIVE,2024-01-19T00:00:00,2024-01-19T02:00:00,2024-02-03T00:00:00,SHADOW,120,COMPLETED
TASK-05724,AST-663,,DEP-002,SEC-004,PREVENTIVE,2024-04-18T00:00:00,2024-04-18T02:00:00,2024-05-03T00:00:00,SHADOW,120,COMPLETED
TASK-05725,AST-663,,DEP-002,SEC-004,PREVENTIVE,2024-07-17T00:00:00,2024-07-17T02:00:00,2024-08-01T00:00:00,SHADOW,120,COMPLETED
TASK-05726,AST-663,,DEP-002,SEC-004,PREVENTIVE,2024-10-15T00:00:00,2024-10-15T02:00:00,2024-10-30T00:00:00,SHADOW,120,COMPLETED
TASK-05727,AST-663,,DEP-002,SEC-004,PREVENTIVE,2025-01-13T00:00:00,2025-01-13T02:00:00,2025-01-28T00:00:00,SHADOW,120,COMPLETED
TASK-05728,AST-663,,DEP-002,SEC-004,PREVENTIVE,2025-04-13T00:00:00,2025-04-13T02:00:00,2025-04-28T00:00:00,SHADOW,120,COMPLETED
TASK-05729,AST-663,,DEP-002,SEC-004,PREVENTIVE,2025-07-12T00:00:00,2025-07-12T02:00:00,2025-07-27T00:00:00,SHADOW,120,COMPLETED
TASK-05730,AST-663,,DEP-002,SEC-004,PREVENTIVE,2025-10-10T00:00:00,2025-10-10T02:00:00,2025-10-25T00:00:00,SHADOW,120,COMPLETED
TASK-05731,AST-663,,DEP-002,SEC-004,PREVENTIVE,2026-01-08T00:00:00,2026-01-08T02:00:00,2026-01-23T00:00:00,SHADOW,120,COMPLETED
TASK-05732,AST-663,,DEP-002,SEC-004,PREVENTIVE,2026-04-08T00:00:00,2026-04-08T02:00:00,2026-04-23T00:00:00,SHADOW,120,COMPLETED
TASK-05733,AST-663,,DEP-002,SEC-004,PREVENTIVE,2026-07-07T00:00:00,2026-07-07T02:00:00,2026-07-22T00:00:00,SHADOW,120,COMPLETED
TASK-05755,AST-668,,DEP-002,SEC-002,PREVENTIVE,2023-08-17T00:00:00,2023-08-17T02:00:00,2023-09-01T00:00:00,SHADOW,120,COMPLETED
TASK-05756,AST-668,,DEP-002,SEC-002,PREVENTIVE,2023-11-15T00:00:00,2023-11-15T02:00:00,2023-11-30T00:00:00,SHADOW,120,COMPLETED
TASK-05757,AST-668,,DEP-002,SEC-002,PREVENTIVE,2024-02-13T00:00:00,2024-02-13T02:00:00,2024-02-28T00:00:00,SHADOW,120,COMPLETED
TASK-05758,AST-668,,DEP-002,SEC-002,PREVENTIVE,2024-05-13T00:00:00,2024-05-13T02:00:00,2024-05-28T00:00:00,SHADOW,120,COMPLETED
TASK-05759,AST-668,,DEP-002,SEC-002,PREVENTIVE,2024-08-11T00:00:00,2024-08-11T02:00:00,2024-08-26T00:00:00,SHADOW,120,COMPLETED
TASK-05760,AST-668,,DEP-002,SEC-002,PREVENTIVE,2024-11-09T00:00:00,2024-11-09T02:00:00,2024-11-24T00:00:00,SHADOW,120,COMPLETED
TASK-05761,AST-668,,DEP-002,SEC-002,PREVENTIVE,2025-02-07T00:00:00,2025-02-07T02:00:00,2025-02-22T00:00:00,SHADOW,120,COMPLETED
TASK-05762,AST-668,,DEP-002,SEC-002,PREVENTIVE,2025-05-08T00:00:00,2025-05-08T02:00:00,2025-05-23T00:00:00,SHADOW,120,COMPLETED
TASK-05763,AST-668,,DEP-002,SEC-002,PREVENTIVE,2025-08-06T00:00:00,2025-08-06T02:00:00,2025-08-21T00:00:00,SHADOW,120,COMPLETED
TASK-05764,AST-668,,DEP-002,SEC-002,PREVENTIVE,2025-11-04T00:00:00,2025-11-04T02:00:00,2025-11-19T00:00:00,SHADOW,120,COMPLETED
TASK-05765,AST-668,,DEP-002,SEC-002,PREVENTIVE,2026-02-02T00:00:00,2026-02-02T02:00:00,2026-02-17T00:00:00,SHADOW,120,COMPLETED
TASK-05766,AST-668,,DEP-002,SEC-002,PREVENTIVE,2026-05-03T00:00:00,2026-05-03T02:00:00,2026-05-18T00:00:00,SHADOW,120,COMPLETED
TASK-05767,AST-669,,DEP-002,SEC-002,PREVENTIVE,2023-09-15T00:00:00,2023-09-15T02:00:00,2023-09-30T00:00:00,SHADOW,120,COMPLETED
TASK-05768,AST-669,,DEP-002,SEC-002,PREVENTIVE,2023-12-14T00:00:00,2023-12-14T02:00:00,2023-12-29T00:00:00,SHADOW,120,COMPLETED
TASK-05769,AST-669,,DEP-002,SEC-002,PREVENTIVE,2024-03-13T00:00:00,2024-03-13T02:00:00,2024-03-28T00:00:00,SHADOW,120,COMPLETED
TASK-05770,AST-669,,DEP-002,SEC-002,PREVENTIVE,2024-06-11T00:00:00,2024-06-11T02:00:00,2024-06-26T00:00:00,SHADOW,120,COMPLETED
TASK-05771,AST-669,,DEP-002,SEC-002,PREVENTIVE,2024-09-09T00:00:00,2024-09-09T02:00:00,2024-09-24T00:00:00,SHADOW,120,COMPLETED
TASK-05772,AST-669,,DEP-002,SEC-002,PREVENTIVE,2024-12-08T00:00:00,2024-12-08T02:00:00,2024-12-23T00:00:00,SHADOW,120,COMPLETED
TASK-05773,AST-669,,DEP-002,SEC-002,PREVENTIVE,2025-03-08T00:00:00,2025-03-08T02:00:00,2025-03-23T00:00:00,SHADOW,120,COMPLETED
TASK-05774,AST-669,,DEP-002,SEC-002,PREVENTIVE,2025-06-06T00:00:00,2025-06-06T02:00:00,2025-06-21T00:00:00,SHADOW,120,COMPLETED
TASK-05775,AST-669,,DEP-002,SEC-002,PREVENTIVE,2025-09-04T00:00:00,2025-09-04T02:00:00,2025-09-19T00:00:00,SHADOW,120,COMPLETED
TASK-05776,AST-669,,DEP-002,SEC-002,PREVENTIVE,2025-12-03T00:00:00,2025-12-03T02:00:00,2025-12-18T00:00:00,SHADOW,120,COMPLETED
TASK-05777,AST-669,,DEP-002,SEC-002,PREVENTIVE,2026-03-03T00:00:00,2026-03-03T02:00:00,2026-03-18T00:00:00,SHADOW,120,COMPLETED
TASK-05778,AST-669,,DEP-002,SEC-002,PREVENTIVE,2026-06-01T00:00:00,2026-06-01T02:00:00,2026-06-16T00:00:00,SHADOW,120,COMPLETED
TASK-05782,AST-671,,DEP-002,SEC-005,PREVENTIVE,2023-09-26T00:00:00,2023-09-26T02:00:00,2023-10-11T00:00:00,SHADOW,120,COMPLETED
TASK-05783,AST-671,,DEP-002,SEC-005,PREVENTIVE,2023-12-25T00:00:00,2023-12-25T02:00:00,2024-01-09T00:00:00,SHADOW,120,COMPLETED
TASK-05784,AST-671,,DEP-002,SEC-005,PREVENTIVE,2024-03-24T00:00:00,2024-03-24T02:00:00,2024-04-08T00:00:00,SHADOW,120,COMPLETED
TASK-05785,AST-671,,DEP-002,SEC-005,PREVENTIVE,2024-06-22T00:00:00,2024-06-22T02:00:00,2024-07-07T00:00:00,SHADOW,120,COMPLETED
TASK-05786,AST-671,,DEP-002,SEC-005,PREVENTIVE,2024-09-20T00:00:00,2024-09-20T02:00:00,2024-10-05T00:00:00,SHADOW,120,COMPLETED
TASK-05787,AST-671,,DEP-002,SEC-005,PREVENTIVE,2024-12-19T00:00:00,2024-12-19T02:00:00,2025-01-03T00:00:00,SHADOW,120,COMPLETED
TASK-05788,AST-671,,DEP-002,SEC-005,PREVENTIVE,2025-03-19T00:00:00,2025-03-19T02:00:00,2025-04-03T00:00:00,SHADOW,120,COMPLETED
TASK-05789,AST-671,,DEP-002,SEC-005,PREVENTIVE,2025-06-17T00:00:00,2025-06-17T02:00:00,2025-07-02T00:00:00,SHADOW,120,COMPLETED
TASK-05790,AST-671,,DEP-002,SEC-005,PREVENTIVE,2025-09-15T00:00:00,2025-09-15T02:00:00,2025-09-30T00:00:00,SHADOW,120,COMPLETED
TASK-05791,AST-671,,DEP-002,SEC-005,PREVENTIVE,2025-12-14T00:00:00,2025-12-14T02:00:00,2025-12-29T00:00:00,SHADOW,120,COMPLETED
TASK-05792,AST-671,,DEP-002,SEC-005,PREVENTIVE,2026-03-14T00:00:00,2026-03-14T02:00:00,2026-03-29T00:00:00,SHADOW,120,COMPLETED
TASK-05793,AST-671,,DEP-002,SEC-005,PREVENTIVE,2026-06-12T00:00:00,2026-06-12T02:00:00,2026-06-27T00:00:00,SHADOW,120,COMPLETED
TASK-05794,AST-672,,DEP-002,SEC-001,PREVENTIVE,2023-10-24T00:00:00,2023-10-24T02:00:00,2023-11-08T00:00:00,SHADOW,120,COMPLETED
TASK-05795,AST-672,,DEP-002,SEC-001,PREVENTIVE,2024-01-22T00:00:00,2024-01-22T02:00:00,2024-02-06T00:00:00,SHADOW,120,COMPLETED
TASK-05796,AST-672,,DEP-002,SEC-001,PREVENTIVE,2024-04-21T00:00:00,2024-04-21T02:00:00,2024-05-06T00:00:00,SHADOW,120,COMPLETED
TASK-05797,AST-672,,DEP-002,SEC-001,PREVENTIVE,2024-07-20T00:00:00,2024-07-20T02:00:00,2024-08-04T00:00:00,SHADOW,120,COMPLETED
TASK-05798,AST-672,,DEP-002,SEC-001,PREVENTIVE,2024-10-18T00:00:00,2024-10-18T02:00:00,2024-11-02T00:00:00,SHADOW,120,COMPLETED
TASK-05799,AST-672,,DEP-002,SEC-001,PREVENTIVE,2025-01-16T00:00:00,2025-01-16T02:00:00,2025-01-31T00:00:00,SHADOW,120,COMPLETED
TASK-05800,AST-672,,DEP-002,SEC-001,PREVENTIVE,2025-04-16T00:00:00,2025-04-16T02:00:00,2025-05-01T00:00:00,SHADOW,120,COMPLETED
TASK-05801,AST-672,,DEP-002,SEC-001,PREVENTIVE,2025-07-15T00:00:00,2025-07-15T02:00:00,2025-07-30T00:00:00,SHADOW,120,COMPLETED
TASK-05802,AST-672,,DEP-002,SEC-001,PREVENTIVE,2025-10-13T00:00:00,2025-10-13T02:00:00,2025-10-28T00:00:00,SHADOW,120,COMPLETED
TASK-05803,AST-672,,DEP-002,SEC-001,PREVENTIVE,2026-01-11T00:00:00,2026-01-11T02:00:00,2026-01-26T00:00:00,SHADOW,120,COMPLETED
TASK-05804,AST-672,,DEP-002,SEC-001,PREVENTIVE,2026-04-11T00:00:00,2026-04-11T02:00:00,2026-04-26T00:00:00,SHADOW,120,COMPLETED
TASK-05805,AST-672,,DEP-002,SEC-001,PREVENTIVE,2026-07-10T00:00:00,2026-07-10T02:00:00,2026-07-25T00:00:00,SHADOW,120,COMPLETED
TASK-05806,AST-673,,DEP-002,SEC-002,PREVENTIVE,2023-09-27T00:00:00,2023-09-27T02:00:00,2023-10-12T00:00:00,SHADOW,120,COMPLETED
TASK-05807,AST-673,,DEP-002,SEC-002,PREVENTIVE,2023-12-26T00:00:00,2023-12-26T02:00:00,2024-01-10T00:00:00,SHADOW,120,COMPLETED
TASK-05808,AST-673,,DEP-002,SEC-002,PREVENTIVE,2024-03-25T00:00:00,2024-03-25T02:00:00,2024-04-09T00:00:00,SHADOW,120,COMPLETED
TASK-05809,AST-673,,DEP-002,SEC-002,PREVENTIVE,2024-06-23T00:00:00,2024-06-23T02:00:00,2024-07-08T00:00:00,SHADOW,120,COMPLETED
TASK-05810,AST-673,,DEP-002,SEC-002,PREVENTIVE,2024-09-21T00:00:00,2024-09-21T02:00:00,2024-10-06T00:00:00,SHADOW,120,COMPLETED
TASK-05811,AST-673,,DEP-002,SEC-002,PREVENTIVE,2024-12-20T00:00:00,2024-12-20T02:00:00,2025-01-04T00:00:00,SHADOW,120,COMPLETED
TASK-05812,AST-673,,DEP-002,SEC-002,PREVENTIVE,2025-03-20T00:00:00,2025-03-20T02:00:00,2025-04-04T00:00:00,SHADOW,120,COMPLETED
TASK-05813,AST-673,,DEP-002,SEC-002,PREVENTIVE,2025-06-18T00:00:00,2025-06-18T02:00:00,2025-07-03T00:00:00,SHADOW,120,COMPLETED
TASK-05814,AST-673,,DEP-002,SEC-002,PREVENTIVE,2025-09-16T00:00:00,2025-09-16T02:00:00,2025-10-01T00:00:00,SHADOW,120,COMPLETED
TASK-05815,AST-673,,DEP-002,SEC-002,PREVENTIVE,2025-12-15T00:00:00,2025-12-15T02:00:00,2025-12-30T00:00:00,SHADOW,120,COMPLETED
TASK-05816,AST-673,,DEP-002,SEC-002,PREVENTIVE,2026-03-15T00:00:00,2026-03-15T02:00:00,2026-03-30T00:00:00,SHADOW,120,COMPLETED
TASK-05817,AST-673,,DEP-002,SEC-002,PREVENTIVE,2026-06-13T00:00:00,2026-06-13T02:00:00,2026-06-28T00:00:00,SHADOW,120,COMPLETED
TASK-05830,AST-677,,DEP-002,SEC-001,PREVENTIVE,2023-08-21T00:00:00,2023-08-21T02:00:00,2023-09-05T00:00:00,SHADOW,120,COMPLETED
TASK-05831,AST-677,,DEP-002,SEC-001,PREVENTIVE,2023-11-19T00:00:00,2023-11-19T02:00:00,2023-12-04T00:00:00,SHADOW,120,COMPLETED
TASK-05832,AST-677,,DEP-002,SEC-001,PREVENTIVE,2024-02-17T00:00:00,2024-02-17T02:00:00,2024-03-03T00:00:00,SHADOW,120,COMPLETED
TASK-05833,AST-677,,DEP-002,SEC-001,PREVENTIVE,2024-05-17T00:00:00,2024-05-17T02:00:00,2024-06-01T00:00:00,SHADOW,120,COMPLETED
TASK-05834,AST-677,,DEP-002,SEC-001,PREVENTIVE,2024-08-15T00:00:00,2024-08-15T02:00:00,2024-08-30T00:00:00,SHADOW,120,COMPLETED
TASK-05835,AST-677,,DEP-002,SEC-001,PREVENTIVE,2024-11-13T00:00:00,2024-11-13T02:00:00,2024-11-28T00:00:00,SHADOW,120,COMPLETED
TASK-05836,AST-677,,DEP-002,SEC-001,PREVENTIVE,2025-02-11T00:00:00,2025-02-11T02:00:00,2025-02-26T00:00:00,SHADOW,120,COMPLETED
TASK-05837,AST-677,,DEP-002,SEC-001,PREVENTIVE,2025-05-12T00:00:00,2025-05-12T02:00:00,2025-05-27T00:00:00,SHADOW,120,COMPLETED
TASK-05838,AST-677,,DEP-002,SEC-001,PREVENTIVE,2025-08-10T00:00:00,2025-08-10T02:00:00,2025-08-25T00:00:00,SHADOW,120,COMPLETED
TASK-05839,AST-677,,DEP-002,SEC-001,PREVENTIVE,2025-11-08T00:00:00,2025-11-08T02:00:00,2025-11-23T00:00:00,SHADOW,120,COMPLETED
TASK-05840,AST-677,,DEP-002,SEC-001,PREVENTIVE,2026-02-06T00:00:00,2026-02-06T02:00:00,2026-02-21T00:00:00,SHADOW,120,COMPLETED
TASK-05841,AST-677,,DEP-002,SEC-001,PREVENTIVE,2026-05-07T00:00:00,2026-05-07T02:00:00,2026-05-22T00:00:00,SHADOW,120,COMPLETED
TASK-05860,AST-683,,DEP-002,SEC-002,PREVENTIVE,2023-09-15T00:00:00,2023-09-15T02:00:00,2023-09-30T00:00:00,SHADOW,120,COMPLETED
TASK-05861,AST-683,,DEP-002,SEC-002,PREVENTIVE,2023-12-14T00:00:00,2023-12-14T02:00:00,2023-12-29T00:00:00,SHADOW,120,COMPLETED
TASK-05862,AST-683,,DEP-002,SEC-002,PREVENTIVE,2024-03-13T00:00:00,2024-03-13T02:00:00,2024-03-28T00:00:00,SHADOW,120,COMPLETED
TASK-05863,AST-683,,DEP-002,SEC-002,PREVENTIVE,2024-06-11T00:00:00,2024-06-11T02:00:00,2024-06-26T00:00:00,SHADOW,120,COMPLETED
TASK-05864,AST-683,,DEP-002,SEC-002,PREVENTIVE,2024-09-09T00:00:00,2024-09-09T02:00:00,2024-09-24T00:00:00,SHADOW,120,COMPLETED
TASK-05865,AST-683,,DEP-002,SEC-002,PREVENTIVE,2024-12-08T00:00:00,2024-12-08T02:00:00,2024-12-23T00:00:00,SHADOW,120,COMPLETED
TASK-05866,AST-683,,DEP-002,SEC-002,PREVENTIVE,2025-03-08T00:00:00,2025-03-08T02:00:00,2025-03-23T00:00:00,SHADOW,120,COMPLETED
TASK-05867,AST-683,,DEP-002,SEC-002,PREVENTIVE,2025-06-06T00:00:00,2025-06-06T02:00:00,2025-06-21T00:00:00,SHADOW,120,COMPLETED
TASK-05868,AST-683,,DEP-002,SEC-002,PREVENTIVE,2025-09-04T00:00:00,2025-09-04T02:00:00,2025-09-19T00:00:00,SHADOW,120,COMPLETED
TASK-05869,AST-683,,DEP-002,SEC-002,PREVENTIVE,2025-12-03T00:00:00,2025-12-03T02:00:00,2025-12-18T00:00:00,SHADOW,120,COMPLETED
TASK-05870,AST-683,,DEP-002,SEC-002,PREVENTIVE,2026-03-03T00:00:00,2026-03-03T02:00:00,2026-03-18T00:00:00,SHADOW,120,COMPLETED
TASK-05871,AST-683,,DEP-002,SEC-002,PREVENTIVE,2026-06-01T00:00:00,2026-06-01T02:00:00,2026-06-16T00:00:00,SHADOW,120,COMPLETED
TASK-05884,AST-686,,DEP-002,SEC-005,PREVENTIVE,2023-08-18T00:00:00,2023-08-18T02:00:00,2023-09-02T00:00:00,SHADOW,120,COMPLETED
TASK-05885,AST-686,,DEP-002,SEC-005,PREVENTIVE,2023-11-16T00:00:00,2023-11-16T02:00:00,2023-12-01T00:00:00,SHADOW,120,COMPLETED
TASK-05886,AST-686,,DEP-002,SEC-005,PREVENTIVE,2024-02-14T00:00:00,2024-02-14T02:00:00,2024-02-29T00:00:00,SHADOW,120,COMPLETED
TASK-05887,AST-686,,DEP-002,SEC-005,PREVENTIVE,2024-05-14T00:00:00,2024-05-14T02:00:00,2024-05-29T00:00:00,SHADOW,120,COMPLETED
TASK-05888,AST-686,,DEP-002,SEC-005,PREVENTIVE,2024-08-12T00:00:00,2024-08-12T02:00:00,2024-08-27T00:00:00,SHADOW,120,COMPLETED
TASK-05889,AST-686,,DEP-002,SEC-005,PREVENTIVE,2024-11-10T00:00:00,2024-11-10T02:00:00,2024-11-25T00:00:00,SHADOW,120,COMPLETED
TASK-05890,AST-686,,DEP-002,SEC-005,PREVENTIVE,2025-02-08T00:00:00,2025-02-08T02:00:00,2025-02-23T00:00:00,SHADOW,120,COMPLETED
TASK-05891,AST-686,,DEP-002,SEC-005,PREVENTIVE,2025-05-09T00:00:00,2025-05-09T02:00:00,2025-05-24T00:00:00,SHADOW,120,COMPLETED
TASK-05892,AST-686,,DEP-002,SEC-005,PREVENTIVE,2025-08-07T00:00:00,2025-08-07T02:00:00,2025-08-22T00:00:00,SHADOW,120,COMPLETED
TASK-05893,AST-686,,DEP-002,SEC-005,PREVENTIVE,2025-11-05T00:00:00,2025-11-05T02:00:00,2025-11-20T00:00:00,SHADOW,120,COMPLETED
TASK-05894,AST-686,,DEP-002,SEC-005,PREVENTIVE,2026-02-03T00:00:00,2026-02-03T02:00:00,2026-02-18T00:00:00,SHADOW,120,COMPLETED
TASK-05895,AST-686,,DEP-002,SEC-005,PREVENTIVE,2026-05-04T00:00:00,2026-05-04T02:00:00,2026-05-19T00:00:00,SHADOW,120,COMPLETED
TASK-05914,AST-692,,DEP-002,SEC-004,PREVENTIVE,2023-09-28T00:00:00,2023-09-28T02:00:00,2023-10-13T00:00:00,SHADOW,120,COMPLETED
TASK-05915,AST-692,,DEP-002,SEC-004,PREVENTIVE,2023-12-27T00:00:00,2023-12-27T02:00:00,2024-01-11T00:00:00,SHADOW,120,COMPLETED
TASK-05916,AST-692,,DEP-002,SEC-004,PREVENTIVE,2024-03-26T00:00:00,2024-03-26T02:00:00,2024-04-10T00:00:00,SHADOW,120,COMPLETED
TASK-05917,AST-692,,DEP-002,SEC-004,PREVENTIVE,2024-06-24T00:00:00,2024-06-24T02:00:00,2024-07-09T00:00:00,SHADOW,120,COMPLETED
TASK-05918,AST-692,,DEP-002,SEC-004,PREVENTIVE,2024-09-22T00:00:00,2024-09-22T02:00:00,2024-10-07T00:00:00,SHADOW,120,COMPLETED
TASK-05919,AST-692,,DEP-002,SEC-004,PREVENTIVE,2024-12-21T00:00:00,2024-12-21T02:00:00,2025-01-05T00:00:00,SHADOW,120,COMPLETED
TASK-05920,AST-692,,DEP-002,SEC-004,PREVENTIVE,2025-03-21T00:00:00,2025-03-21T02:00:00,2025-04-05T00:00:00,SHADOW,120,COMPLETED
TASK-05921,AST-692,,DEP-002,SEC-004,PREVENTIVE,2025-06-19T00:00:00,2025-06-19T02:00:00,2025-07-04T00:00:00,SHADOW,120,COMPLETED
TASK-05922,AST-692,,DEP-002,SEC-004,PREVENTIVE,2025-09-17T00:00:00,2025-09-17T02:00:00,2025-10-02T00:00:00,SHADOW,120,COMPLETED
TASK-05923,AST-692,,DEP-002,SEC-004,PREVENTIVE,2025-12-16T00:00:00,2025-12-16T02:00:00,2025-12-31T00:00:00,SHADOW,120,COMPLETED
TASK-05924,AST-692,,DEP-002,SEC-004,PREVENTIVE,2026-03-16T00:00:00,2026-03-16T02:00:00,2026-03-31T00:00:00,SHADOW,120,COMPLETED
TASK-05925,AST-692,,DEP-002,SEC-004,PREVENTIVE,2026-06-14T00:00:00,2026-06-14T02:00:00,2026-06-29T00:00:00,SHADOW,120,COMPLETED
TASK-05926,AST-693,,DEP-002,SEC-003,PREVENTIVE,2023-08-18T00:00:00,2023-08-18T02:00:00,2023-09-02T00:00:00,SHADOW,120,COMPLETED
TASK-05927,AST-693,,DEP-002,SEC-003,PREVENTIVE,2023-11-16T00:00:00,2023-11-16T02:00:00,2023-12-01T00:00:00,SHADOW,120,COMPLETED
TASK-05928,AST-693,,DEP-002,SEC-003,PREVENTIVE,2024-02-14T00:00:00,2024-02-14T02:00:00,2024-02-29T00:00:00,SHADOW,120,COMPLETED
TASK-05929,AST-693,,DEP-002,SEC-003,PREVENTIVE,2024-05-14T00:00:00,2024-05-14T02:00:00,2024-05-29T00:00:00,SHADOW,120,COMPLETED
TASK-05930,AST-693,,DEP-002,SEC-003,PREVENTIVE,2024-08-12T00:00:00,2024-08-12T02:00:00,2024-08-27T00:00:00,SHADOW,120,COMPLETED
TASK-05931,AST-693,,DEP-002,SEC-003,PREVENTIVE,2024-11-10T00:00:00,2024-11-10T02:00:00,2024-11-25T00:00:00,SHADOW,120,COMPLETED
TASK-05932,AST-693,,DEP-002,SEC-003,PREVENTIVE,2025-02-08T00:00:00,2025-02-08T02:00:00,2025-02-23T00:00:00,SHADOW,120,COMPLETED
TASK-05933,AST-693,,DEP-002,SEC-003,PREVENTIVE,2025-05-09T00:00:00,2025-05-09T02:00:00,2025-05-24T00:00:00,SHADOW,120,COMPLETED
TASK-05934,AST-693,,DEP-002,SEC-003,PREVENTIVE,2025-08-07T00:00:00,2025-08-07T02:00:00,2025-08-22T00:00:00,SHADOW,120,COMPLETED
TASK-05935,AST-693,,DEP-002,SEC-003,PREVENTIVE,2025-11-05T00:00:00,2025-11-05T02:00:00,2025-11-20T00:00:00,SHADOW,120,COMPLETED
TASK-05936,AST-693,,DEP-002,SEC-003,PREVENTIVE,2026-02-03T00:00:00,2026-02-03T02:00:00,2026-02-18T00:00:00,SHADOW,120,COMPLETED
TASK-05937,AST-693,,DEP-002,SEC-003,PREVENTIVE,2026-05-04T00:00:00,2026-05-04T02:00:00,2026-05-19T00:00:00,SHADOW,120,COMPLETED
TASK-05962,AST-699,,DEP-002,SEC-002,PREVENTIVE,2023-09-19T00:00:00,2023-09-19T02:00:00,2023-10-04T00:00:00,SHADOW,120,COMPLETED
TASK-05963,AST-699,,DEP-002,SEC-002,PREVENTIVE,2023-12-18T00:00:00,2023-12-18T02:00:00,2024-01-02T00:00:00,SHADOW,120,COMPLETED
TASK-05964,AST-699,,DEP-002,SEC-002,PREVENTIVE,2024-03-17T00:00:00,2024-03-17T02:00:00,2024-04-01T00:00:00,SHADOW,120,COMPLETED
TASK-05965,AST-699,,DEP-002,SEC-002,PREVENTIVE,2024-06-15T00:00:00,2024-06-15T02:00:00,2024-06-30T00:00:00,SHADOW,120,COMPLETED
TASK-05966,AST-699,,DEP-002,SEC-002,PREVENTIVE,2024-09-13T00:00:00,2024-09-13T02:00:00,2024-09-28T00:00:00,SHADOW,120,COMPLETED
TASK-05967,AST-699,,DEP-002,SEC-002,PREVENTIVE,2024-12-12T00:00:00,2024-12-12T02:00:00,2024-12-27T00:00:00,SHADOW,120,COMPLETED
TASK-05968,AST-699,,DEP-002,SEC-002,PREVENTIVE,2025-03-12T00:00:00,2025-03-12T02:00:00,2025-03-27T00:00:00,SHADOW,120,COMPLETED
TASK-05969,AST-699,,DEP-002,SEC-002,PREVENTIVE,2025-06-10T00:00:00,2025-06-10T02:00:00,2025-06-25T00:00:00,SHADOW,120,COMPLETED
TASK-05970,AST-699,,DEP-002,SEC-002,PREVENTIVE,2025-09-08T00:00:00,2025-09-08T02:00:00,2025-09-23T00:00:00,SHADOW,120,COMPLETED
TASK-05971,AST-699,,DEP-002,SEC-002,PREVENTIVE,2025-12-07T00:00:00,2025-12-07T02:00:00,2025-12-22T00:00:00,SHADOW,120,COMPLETED
TASK-05972,AST-699,,DEP-002,SEC-002,PREVENTIVE,2026-03-07T00:00:00,2026-03-07T02:00:00,2026-03-22T00:00:00,SHADOW,120,COMPLETED
TASK-05973,AST-699,,DEP-002,SEC-002,PREVENTIVE,2026-06-05T00:00:00,2026-06-05T02:00:00,2026-06-20T00:00:00,SHADOW,120,COMPLETED
TASK-05992,AST-704,,DEP-002,SEC-005,PREVENTIVE,2023-09-30T00:00:00,2023-09-30T02:00:00,2023-10-15T00:00:00,SHADOW,120,COMPLETED
TASK-05993,AST-704,,DEP-002,SEC-005,PREVENTIVE,2023-12-29T00:00:00,2023-12-29T02:00:00,2024-01-13T00:00:00,SHADOW,120,COMPLETED
TASK-05994,AST-704,,DEP-002,SEC-005,PREVENTIVE,2024-03-28T00:00:00,2024-03-28T02:00:00,2024-04-12T00:00:00,SHADOW,120,COMPLETED
TASK-05995,AST-704,,DEP-002,SEC-005,PREVENTIVE,2024-06-26T00:00:00,2024-06-26T02:00:00,2024-07-11T00:00:00,SHADOW,120,COMPLETED
TASK-05996,AST-704,,DEP-002,SEC-005,PREVENTIVE,2024-09-24T00:00:00,2024-09-24T02:00:00,2024-10-09T00:00:00,SHADOW,120,COMPLETED
TASK-05997,AST-704,,DEP-002,SEC-005,PREVENTIVE,2024-12-23T00:00:00,2024-12-23T02:00:00,2025-01-07T00:00:00,SHADOW,120,COMPLETED
TASK-05998,AST-704,,DEP-002,SEC-005,PREVENTIVE,2025-03-23T00:00:00,2025-03-23T02:00:00,2025-04-07T00:00:00,SHADOW,120,COMPLETED
TASK-05999,AST-704,,DEP-002,SEC-005,PREVENTIVE,2025-06-21T00:00:00,2025-06-21T02:00:00,2025-07-06T00:00:00,SHADOW,120,COMPLETED
TASK-06000,AST-704,,DEP-002,SEC-005,PREVENTIVE,2025-09-19T00:00:00,2025-09-19T02:00:00,2025-10-04T00:00:00,SHADOW,120,COMPLETED
TASK-06001,AST-704,,DEP-002,SEC-005,PREVENTIVE,2025-12-18T00:00:00,2025-12-18T02:00:00,2026-01-02T00:00:00,SHADOW,120,COMPLETED
TASK-06002,AST-704,,DEP-002,SEC-005,PREVENTIVE,2026-03-18T00:00:00,2026-03-18T02:00:00,2026-04-02T00:00:00,SHADOW,120,COMPLETED
TASK-06003,AST-704,,DEP-002,SEC-005,PREVENTIVE,2026-06-16T00:00:00,2026-06-16T02:00:00,2026-07-01T00:00:00,SHADOW,120,COMPLETED
TASK-06010,AST-706,,DEP-002,SEC-001,PREVENTIVE,2023-08-25T00:00:00,2023-08-25T02:00:00,2023-09-09T00:00:00,SHADOW,120,COMPLETED
TASK-06011,AST-706,,DEP-002,SEC-001,PREVENTIVE,2023-11-23T00:00:00,2023-11-23T02:00:00,2023-12-08T00:00:00,SHADOW,120,COMPLETED
TASK-06012,AST-706,,DEP-002,SEC-001,PREVENTIVE,2024-02-21T00:00:00,2024-02-21T02:00:00,2024-03-07T00:00:00,SHADOW,120,COMPLETED
TASK-06013,AST-706,,DEP-002,SEC-001,PREVENTIVE,2024-05-21T00:00:00,2024-05-21T02:00:00,2024-06-05T00:00:00,SHADOW,120,COMPLETED
TASK-06014,AST-706,,DEP-002,SEC-001,PREVENTIVE,2024-08-19T00:00:00,2024-08-19T02:00:00,2024-09-03T00:00:00,SHADOW,120,COMPLETED
TASK-06015,AST-706,,DEP-002,SEC-001,PREVENTIVE,2024-11-17T00:00:00,2024-11-17T02:00:00,2024-12-02T00:00:00,SHADOW,120,COMPLETED
TASK-06016,AST-706,,DEP-002,SEC-001,PREVENTIVE,2025-02-15T00:00:00,2025-02-15T02:00:00,2025-03-02T00:00:00,SHADOW,120,COMPLETED
TASK-06017,AST-706,,DEP-002,SEC-001,PREVENTIVE,2025-05-16T00:00:00,2025-05-16T02:00:00,2025-05-31T00:00:00,SHADOW,120,COMPLETED
TASK-06018,AST-706,,DEP-002,SEC-001,PREVENTIVE,2025-08-14T00:00:00,2025-08-14T02:00:00,2025-08-29T00:00:00,SHADOW,120,COMPLETED
TASK-06019,AST-706,,DEP-002,SEC-001,PREVENTIVE,2025-11-12T00:00:00,2025-11-12T02:00:00,2025-11-27T00:00:00,SHADOW,120,COMPLETED
TASK-06020,AST-706,,DEP-002,SEC-001,PREVENTIVE,2026-02-10T00:00:00,2026-02-10T02:00:00,2026-02-25T00:00:00,SHADOW,120,COMPLETED
TASK-06021,AST-706,,DEP-002,SEC-001,PREVENTIVE,2026-05-11T00:00:00,2026-05-11T02:00:00,2026-05-26T00:00:00,SHADOW,120,COMPLETED
TASK-06043,AST-713,,DEP-002,SEC-006,PREVENTIVE,2023-10-27T00:00:00,2023-10-27T02:00:00,2023-11-11T00:00:00,SHADOW,120,COMPLETED
TASK-06044,AST-713,,DEP-002,SEC-006,PREVENTIVE,2024-01-25T00:00:00,2024-01-25T02:00:00,2024-02-09T00:00:00,SHADOW,120,COMPLETED
TASK-06045,AST-713,,DEP-002,SEC-006,PREVENTIVE,2024-04-24T00:00:00,2024-04-24T02:00:00,2024-05-09T00:00:00,SHADOW,120,COMPLETED
TASK-06046,AST-713,,DEP-002,SEC-006,PREVENTIVE,2024-07-23T00:00:00,2024-07-23T02:00:00,2024-08-07T00:00:00,SHADOW,120,COMPLETED
TASK-06047,AST-713,,DEP-002,SEC-006,PREVENTIVE,2024-10-21T00:00:00,2024-10-21T02:00:00,2024-11-05T00:00:00,SHADOW,120,COMPLETED
TASK-06048,AST-713,,DEP-002,SEC-006,PREVENTIVE,2025-01-19T00:00:00,2025-01-19T02:00:00,2025-02-03T00:00:00,SHADOW,120,COMPLETED
TASK-06049,AST-713,,DEP-002,SEC-006,PREVENTIVE,2025-04-19T00:00:00,2025-04-19T02:00:00,2025-05-04T00:00:00,SHADOW,120,COMPLETED
TASK-06050,AST-713,,DEP-002,SEC-006,PREVENTIVE,2025-07-18T00:00:00,2025-07-18T02:00:00,2025-08-02T00:00:00,SHADOW,120,COMPLETED
TASK-06051,AST-713,,DEP-002,SEC-006,PREVENTIVE,2025-10-16T00:00:00,2025-10-16T02:00:00,2025-10-31T00:00:00,SHADOW,120,COMPLETED
TASK-06052,AST-713,,DEP-002,SEC-006,PREVENTIVE,2026-01-14T00:00:00,2026-01-14T02:00:00,2026-01-29T00:00:00,SHADOW,120,COMPLETED
TASK-06053,AST-713,,DEP-002,SEC-006,PREVENTIVE,2026-04-14T00:00:00,2026-04-14T02:00:00,2026-04-29T00:00:00,SHADOW,120,COMPLETED
TASK-06054,AST-713,,DEP-002,SEC-006,PREVENTIVE,2026-07-13T00:00:00,2026-07-13T02:00:00,2026-07-28T00:00:00,SHADOW,120,COMPLETED
TASK-06061,AST-715,,DEP-002,SEC-004,PREVENTIVE,2023-09-14T00:00:00,2023-09-14T02:00:00,2023-09-29T00:00:00,SHADOW,120,COMPLETED
TASK-06062,AST-715,,DEP-002,SEC-004,PREVENTIVE,2023-12-13T00:00:00,2023-12-13T02:00:00,2023-12-28T00:00:00,SHADOW,120,COMPLETED
TASK-06063,AST-715,,DEP-002,SEC-004,PREVENTIVE,2024-03-12T00:00:00,2024-03-12T02:00:00,2024-03-27T00:00:00,SHADOW,120,COMPLETED
TASK-06064,AST-715,,DEP-002,SEC-004,PREVENTIVE,2024-06-10T00:00:00,2024-06-10T02:00:00,2024-06-25T00:00:00,SHADOW,120,COMPLETED
TASK-06065,AST-715,,DEP-002,SEC-004,PREVENTIVE,2024-09-08T00:00:00,2024-09-08T02:00:00,2024-09-23T00:00:00,SHADOW,120,COMPLETED
TASK-06066,AST-715,,DEP-002,SEC-004,PREVENTIVE,2024-12-07T00:00:00,2024-12-07T02:00:00,2024-12-22T00:00:00,SHADOW,120,COMPLETED
TASK-06067,AST-715,,DEP-002,SEC-004,PREVENTIVE,2025-03-07T00:00:00,2025-03-07T02:00:00,2025-03-22T00:00:00,SHADOW,120,COMPLETED
TASK-06068,AST-715,,DEP-002,SEC-004,PREVENTIVE,2025-06-05T00:00:00,2025-06-05T02:00:00,2025-06-20T00:00:00,SHADOW,120,COMPLETED
TASK-06069,AST-715,,DEP-002,SEC-004,PREVENTIVE,2025-09-03T00:00:00,2025-09-03T02:00:00,2025-09-18T00:00:00,SHADOW,120,COMPLETED
TASK-06070,AST-715,,DEP-002,SEC-004,PREVENTIVE,2025-12-02T00:00:00,2025-12-02T02:00:00,2025-12-17T00:00:00,SHADOW,120,COMPLETED
TASK-06071,AST-715,,DEP-002,SEC-004,PREVENTIVE,2026-03-02T00:00:00,2026-03-02T02:00:00,2026-03-17T00:00:00,SHADOW,120,COMPLETED
TASK-06072,AST-715,,DEP-002,SEC-004,PREVENTIVE,2026-05-31T00:00:00,2026-05-31T02:00:00,2026-06-15T00:00:00,SHADOW,120,COMPLETED
TASK-06097,AST-722,,DEP-002,SEC-003,PREVENTIVE,2023-09-13T00:00:00,2023-09-13T02:00:00,2023-09-28T00:00:00,SHADOW,120,COMPLETED
TASK-06098,AST-722,,DEP-002,SEC-003,PREVENTIVE,2023-12-12T00:00:00,2023-12-12T02:00:00,2023-12-27T00:00:00,SHADOW,120,COMPLETED
TASK-06099,AST-722,,DEP-002,SEC-003,PREVENTIVE,2024-03-11T00:00:00,2024-03-11T02:00:00,2024-03-26T00:00:00,SHADOW,120,COMPLETED
TASK-06100,AST-722,,DEP-002,SEC-003,PREVENTIVE,2024-06-09T00:00:00,2024-06-09T02:00:00,2024-06-24T00:00:00,SHADOW,120,COMPLETED
TASK-06101,AST-722,,DEP-002,SEC-003,PREVENTIVE,2024-09-07T00:00:00,2024-09-07T02:00:00,2024-09-22T00:00:00,SHADOW,120,COMPLETED
TASK-06102,AST-722,,DEP-002,SEC-003,PREVENTIVE,2024-12-06T00:00:00,2024-12-06T02:00:00,2024-12-21T00:00:00,SHADOW,120,COMPLETED
TASK-06103,AST-722,,DEP-002,SEC-003,PREVENTIVE,2025-03-06T00:00:00,2025-03-06T02:00:00,2025-03-21T00:00:00,SHADOW,120,COMPLETED
TASK-06104,AST-722,,DEP-002,SEC-003,PREVENTIVE,2025-06-04T00:00:00,2025-06-04T02:00:00,2025-06-19T00:00:00,SHADOW,120,COMPLETED
TASK-06105,AST-722,,DEP-002,SEC-003,PREVENTIVE,2025-09-02T00:00:00,2025-09-02T02:00:00,2025-09-17T00:00:00,SHADOW,120,COMPLETED
TASK-06106,AST-722,,DEP-002,SEC-003,PREVENTIVE,2025-12-01T00:00:00,2025-12-01T02:00:00,2025-12-16T00:00:00,SHADOW,120,COMPLETED
TASK-06107,AST-722,,DEP-002,SEC-003,PREVENTIVE,2026-03-01T00:00:00,2026-03-01T02:00:00,2026-03-16T00:00:00,SHADOW,120,COMPLETED
TASK-06108,AST-722,,DEP-002,SEC-003,PREVENTIVE,2026-05-30T00:00:00,2026-05-30T02:00:00,2026-06-14T00:00:00,SHADOW,120,COMPLETED
TASK-06169,AST-738,,DEP-002,SEC-003,PREVENTIVE,2023-09-11T00:00:00,2023-09-11T02:00:00,2023-09-26T00:00:00,SHADOW,120,COMPLETED
TASK-06170,AST-738,,DEP-002,SEC-003,PREVENTIVE,2023-12-10T00:00:00,2023-12-10T02:00:00,2023-12-25T00:00:00,SHADOW,120,COMPLETED
TASK-06171,AST-738,,DEP-002,SEC-003,PREVENTIVE,2024-03-09T00:00:00,2024-03-09T02:00:00,2024-03-24T00:00:00,SHADOW,120,COMPLETED
TASK-06172,AST-738,,DEP-002,SEC-003,PREVENTIVE,2024-06-07T00:00:00,2024-06-07T02:00:00,2024-06-22T00:00:00,SHADOW,120,COMPLETED
TASK-06173,AST-738,,DEP-002,SEC-003,PREVENTIVE,2024-09-05T00:00:00,2024-09-05T02:00:00,2024-09-20T00:00:00,SHADOW,120,COMPLETED
TASK-06174,AST-738,,DEP-002,SEC-003,PREVENTIVE,2024-12-04T00:00:00,2024-12-04T02:00:00,2024-12-19T00:00:00,SHADOW,120,COMPLETED
TASK-06175,AST-738,,DEP-002,SEC-003,PREVENTIVE,2025-03-04T00:00:00,2025-03-04T02:00:00,2025-03-19T00:00:00,SHADOW,120,COMPLETED
TASK-06176,AST-738,,DEP-002,SEC-003,PREVENTIVE,2025-06-02T00:00:00,2025-06-02T02:00:00,2025-06-17T00:00:00,SHADOW,120,COMPLETED
TASK-06177,AST-738,,DEP-002,SEC-003,PREVENTIVE,2025-08-31T00:00:00,2025-08-31T02:00:00,2025-09-15T00:00:00,SHADOW,120,COMPLETED
TASK-06178,AST-738,,DEP-002,SEC-003,PREVENTIVE,2025-11-29T00:00:00,2025-11-29T02:00:00,2025-12-14T00:00:00,SHADOW,120,COMPLETED
TASK-06179,AST-738,,DEP-002,SEC-003,PREVENTIVE,2026-02-27T00:00:00,2026-02-27T02:00:00,2026-03-14T00:00:00,SHADOW,120,COMPLETED
TASK-06180,AST-738,,DEP-002,SEC-003,PREVENTIVE,2026-05-28T00:00:00,2026-05-28T02:00:00,2026-06-12T00:00:00,SHADOW,120,COMPLETED
TASK-06181,AST-739,,DEP-002,SEC-001,PREVENTIVE,2023-08-19T00:00:00,2023-08-19T02:00:00,2023-09-03T00:00:00,SHADOW,120,COMPLETED
TASK-06182,AST-739,,DEP-002,SEC-001,PREVENTIVE,2023-11-17T00:00:00,2023-11-17T02:00:00,2023-12-02T00:00:00,SHADOW,120,COMPLETED
TASK-06183,AST-739,,DEP-002,SEC-001,PREVENTIVE,2024-02-15T00:00:00,2024-02-15T02:00:00,2024-03-01T00:00:00,SHADOW,120,COMPLETED
TASK-06184,AST-739,,DEP-002,SEC-001,PREVENTIVE,2024-05-15T00:00:00,2024-05-15T02:00:00,2024-05-30T00:00:00,SHADOW,120,COMPLETED
TASK-06185,AST-739,,DEP-002,SEC-001,PREVENTIVE,2024-08-13T00:00:00,2024-08-13T02:00:00,2024-08-28T00:00:00,SHADOW,120,COMPLETED
TASK-06186,AST-739,,DEP-002,SEC-001,PREVENTIVE,2024-11-11T00:00:00,2024-11-11T02:00:00,2024-11-26T00:00:00,SHADOW,120,COMPLETED
TASK-06187,AST-739,,DEP-002,SEC-001,PREVENTIVE,2025-02-09T00:00:00,2025-02-09T02:00:00,2025-02-24T00:00:00,SHADOW,120,COMPLETED
TASK-06188,AST-739,,DEP-002,SEC-001,PREVENTIVE,2025-05-10T00:00:00,2025-05-10T02:00:00,2025-05-25T00:00:00,SHADOW,120,COMPLETED
TASK-06189,AST-739,,DEP-002,SEC-001,PREVENTIVE,2025-08-08T00:00:00,2025-08-08T02:00:00,2025-08-23T00:00:00,SHADOW,120,COMPLETED
TASK-06190,AST-739,,DEP-002,SEC-001,PREVENTIVE,2025-11-06T00:00:00,2025-11-06T02:00:00,2025-11-21T00:00:00,SHADOW,120,COMPLETED
TASK-06191,AST-739,,DEP-002,SEC-001,PREVENTIVE,2026-02-04T00:00:00,2026-02-04T02:00:00,2026-02-19T00:00:00,SHADOW,120,COMPLETED
TASK-06192,AST-739,,DEP-002,SEC-001,PREVENTIVE,2026-05-05T00:00:00,2026-05-05T02:00:00,2026-05-20T00:00:00,SHADOW,120,COMPLETED
TASK-06199,AST-742,,DEP-002,SEC-006,PREVENTIVE,2023-10-12T00:00:00,2023-10-12T02:00:00,2023-10-27T00:00:00,SHADOW,120,COMPLETED
TASK-06200,AST-742,,DEP-002,SEC-006,PREVENTIVE,2024-01-10T00:00:00,2024-01-10T02:00:00,2024-01-25T00:00:00,SHADOW,120,COMPLETED
TASK-06201,AST-742,,DEP-002,SEC-006,PREVENTIVE,2024-04-09T00:00:00,2024-04-09T02:00:00,2024-04-24T00:00:00,SHADOW,120,COMPLETED
TASK-06202,AST-742,,DEP-002,SEC-006,PREVENTIVE,2024-07-08T00:00:00,2024-07-08T02:00:00,2024-07-23T00:00:00,SHADOW,120,COMPLETED
TASK-06203,AST-742,,DEP-002,SEC-006,PREVENTIVE,2024-10-06T00:00:00,2024-10-06T02:00:00,2024-10-21T00:00:00,SHADOW,120,COMPLETED
TASK-06204,AST-742,,DEP-002,SEC-006,PREVENTIVE,2025-01-04T00:00:00,2025-01-04T02:00:00,2025-01-19T00:00:00,SHADOW,120,COMPLETED
TASK-06205,AST-742,,DEP-002,SEC-006,PREVENTIVE,2025-04-04T00:00:00,2025-04-04T02:00:00,2025-04-19T00:00:00,SHADOW,120,COMPLETED
TASK-06206,AST-742,,DEP-002,SEC-006,PREVENTIVE,2025-07-03T00:00:00,2025-07-03T02:00:00,2025-07-18T00:00:00,SHADOW,120,COMPLETED
TASK-06207,AST-742,,DEP-002,SEC-006,PREVENTIVE,2025-10-01T00:00:00,2025-10-01T02:00:00,2025-10-16T00:00:00,SHADOW,120,COMPLETED
TASK-06208,AST-742,,DEP-002,SEC-006,PREVENTIVE,2025-12-30T00:00:00,2025-12-30T02:00:00,2026-01-14T00:00:00,SHADOW,120,COMPLETED
TASK-06209,AST-742,,DEP-002,SEC-006,PREVENTIVE,2026-03-30T00:00:00,2026-03-30T02:00:00,2026-04-14T00:00:00,SHADOW,120,COMPLETED
TASK-06210,AST-742,,DEP-002,SEC-006,PREVENTIVE,2026-06-28T00:00:00,2026-06-28T02:00:00,2026-07-13T00:00:00,SHADOW,120,COMPLETED
TASK-06211,AST-743,,DEP-002,SEC-004,PREVENTIVE,2023-10-11T00:00:00,2023-10-11T02:00:00,2023-10-26T00:00:00,SHADOW,120,COMPLETED
TASK-06212,AST-743,,DEP-002,SEC-004,PREVENTIVE,2024-01-09T00:00:00,2024-01-09T02:00:00,2024-01-24T00:00:00,SHADOW,120,COMPLETED
TASK-06213,AST-743,,DEP-002,SEC-004,PREVENTIVE,2024-04-08T00:00:00,2024-04-08T02:00:00,2024-04-23T00:00:00,SHADOW,120,COMPLETED
TASK-06214,AST-743,,DEP-002,SEC-004,PREVENTIVE,2024-07-07T00:00:00,2024-07-07T02:00:00,2024-07-22T00:00:00,SHADOW,120,COMPLETED
TASK-06215,AST-743,,DEP-002,SEC-004,PREVENTIVE,2024-10-05T00:00:00,2024-10-05T02:00:00,2024-10-20T00:00:00,SHADOW,120,COMPLETED
TASK-06216,AST-743,,DEP-002,SEC-004,PREVENTIVE,2025-01-03T00:00:00,2025-01-03T02:00:00,2025-01-18T00:00:00,SHADOW,120,COMPLETED
TASK-06217,AST-743,,DEP-002,SEC-004,PREVENTIVE,2025-04-03T00:00:00,2025-04-03T02:00:00,2025-04-18T00:00:00,SHADOW,120,COMPLETED
TASK-06218,AST-743,,DEP-002,SEC-004,PREVENTIVE,2025-07-02T00:00:00,2025-07-02T02:00:00,2025-07-17T00:00:00,SHADOW,120,COMPLETED
TASK-06219,AST-743,,DEP-002,SEC-004,PREVENTIVE,2025-09-30T00:00:00,2025-09-30T02:00:00,2025-10-15T00:00:00,SHADOW,120,COMPLETED
TASK-06220,AST-743,,DEP-002,SEC-004,PREVENTIVE,2025-12-29T00:00:00,2025-12-29T02:00:00,2026-01-13T00:00:00,SHADOW,120,COMPLETED
TASK-06221,AST-743,,DEP-002,SEC-004,PREVENTIVE,2026-03-29T00:00:00,2026-03-29T02:00:00,2026-04-13T00:00:00,SHADOW,120,COMPLETED
TASK-06222,AST-743,,DEP-002,SEC-004,PREVENTIVE,2026-06-27T00:00:00,2026-06-27T02:00:00,2026-07-12T00:00:00,SHADOW,120,COMPLETED
TASK-06232,AST-746,,DEP-002,SEC-004,PREVENTIVE,2023-08-18T00:00:00,2023-08-18T02:00:00,2023-09-02T00:00:00,SHADOW,120,COMPLETED
TASK-06233,AST-746,,DEP-002,SEC-004,PREVENTIVE,2023-11-16T00:00:00,2023-11-16T02:00:00,2023-12-01T00:00:00,SHADOW,120,COMPLETED
TASK-06234,AST-746,,DEP-002,SEC-004,PREVENTIVE,2024-02-14T00:00:00,2024-02-14T02:00:00,2024-02-29T00:00:00,SHADOW,120,COMPLETED
TASK-06235,AST-746,,DEP-002,SEC-004,PREVENTIVE,2024-05-14T00:00:00,2024-05-14T02:00:00,2024-05-29T00:00:00,SHADOW,120,COMPLETED
TASK-06236,AST-746,,DEP-002,SEC-004,PREVENTIVE,2024-08-12T00:00:00,2024-08-12T02:00:00,2024-08-27T00:00:00,SHADOW,120,COMPLETED
TASK-06237,AST-746,,DEP-002,SEC-004,PREVENTIVE,2024-11-10T00:00:00,2024-11-10T02:00:00,2024-11-25T00:00:00,SHADOW,120,COMPLETED
TASK-06238,AST-746,,DEP-002,SEC-004,PREVENTIVE,2025-02-08T00:00:00,2025-02-08T02:00:00,2025-02-23T00:00:00,SHADOW,120,COMPLETED
TASK-06239,AST-746,,DEP-002,SEC-004,PREVENTIVE,2025-05-09T00:00:00,2025-05-09T02:00:00,2025-05-24T00:00:00,SHADOW,120,COMPLETED
TASK-06240,AST-746,,DEP-002,SEC-004,PREVENTIVE,2025-08-07T00:00:00,2025-08-07T02:00:00,2025-08-22T00:00:00,SHADOW,120,COMPLETED
TASK-06241,AST-746,,DEP-002,SEC-004,PREVENTIVE,2025-11-05T00:00:00,2025-11-05T02:00:00,2025-11-20T00:00:00,SHADOW,120,COMPLETED
TASK-06242,AST-746,,DEP-002,SEC-004,PREVENTIVE,2026-02-03T00:00:00,2026-02-03T02:00:00,2026-02-18T00:00:00,SHADOW,120,COMPLETED
TASK-06243,AST-746,,DEP-002,SEC-004,PREVENTIVE,2026-05-04T00:00:00,2026-05-04T02:00:00,2026-05-19T00:00:00,SHADOW,120,COMPLETED
TASK-00007,AST-006,DEF-00005,DEP-003,SEC-002,EMERGENCY,2025-01-29T01:00:00,2025-01-29T05:00:00,2025-01-30T00:00:00,POWER_BLOCK,240,COMPLETED
TASK-00040,AST-034,DEF-00035,DEP-003,SEC-002,CORRECTIVE,2024-03-20T00:00:00,2024-03-20T02:00:00,2024-03-24T00:00:00,POWER_BLOCK,120,COMPLETED
TASK-00041,AST-035,DEF-00036,DEP-003,SEC-003,EMERGENCY,2025-11-16T10:00:00,2025-11-16T14:00:00,2025-11-17T00:00:00,POWER_BLOCK,240,COMPLETED
TASK-00052,AST-045,DEF-00046,DEP-003,SEC-006,EMERGENCY,2026-04-22T05:00:00,2026-04-22T09:00:00,2026-04-23T00:00:00,POWER_BLOCK,240,COMPLETED
TASK-00058,AST-050,DEF-00051,DEP-003,SEC-002,EMERGENCY,2025-08-12T07:00:00,2025-08-12T11:00:00,2025-08-19T07:00:00,POWER_BLOCK,240,COMPLETED
TASK-00057,AST-050,DEF-00051,DEP-003,SEC-002,EMERGENCY,2025-08-02T07:00:00,2025-08-02T11:00:00,2025-08-03T00:00:00,POWER_BLOCK,240,DEFERRED
TASK-00060,AST-052,DEF-00053,DEP-003,SEC-004,EMERGENCY,2024-07-04T03:00:00,2024-07-04T07:00:00,2024-07-05T00:00:00,POWER_BLOCK,240,COMPLETED
TASK-00061,AST-053,DEF-00054,DEP-003,SEC-005,EMERGENCY,2025-11-19T01:00:00,2025-11-19T05:00:00,2025-11-20T00:00:00,POWER_BLOCK,240,COMPLETED
TASK-00075,AST-064,DEF-00067,DEP-003,SEC-005,CORRECTIVE,2025-05-10T00:00:00,2025-05-10T02:00:00,2025-05-16T00:00:00,POWER_BLOCK,120,CANCELLED
TASK-00080,AST-073,DEF-00072,DEP-003,SEC-003,CORRECTIVE,2024-12-21T00:00:00,2024-12-21T02:00:00,2024-12-24T00:00:00,POWER_BLOCK,120,COMPLETED
TASK-00131,AST-113,DEF-00110,DEP-003,SEC-002,EMERGENCY,2024-04-25T07:00:00,2024-04-25T11:00:00,2024-04-26T00:00:00,POWER_BLOCK,240,COMPLETED
TASK-00132,AST-113,DEF-00111,DEP-003,SEC-002,CORRECTIVE,2026-06-21T00:00:00,2026-06-21T02:00:00,2026-06-24T00:00:00,POWER_BLOCK,120,COMPLETED
TASK-00144,AST-121,DEF-00121,DEP-003,SEC-005,CORRECTIVE,2024-07-16T00:00:00,2024-07-16T02:00:00,2024-07-21T00:00:00,POWER_BLOCK,120,COMPLETED
TASK-00150,AST-127,DEF-00127,DEP-003,SEC-001,EMERGENCY,2024-08-23T06:00:00,2024-08-23T10:00:00,2024-08-24T00:00:00,POWER_BLOCK,240,COMPLETED
TASK-00158,AST-135,DEF-00133,DEP-003,SEC-001,EMERGENCY,2023-08-05T02:00:00,2023-08-05T06:00:00,2023-08-06T00:00:00,POWER_BLOCK,240,COMPLETED
TASK-00159,AST-135,DEF-00134,DEP-003,SEC-001,CORRECTIVE,2025-11-28T00:00:00,2025-11-28T02:00:00,2025-12-02T00:00:00,POWER_BLOCK,120,COMPLETED
TASK-00179,AST-156,DEF-00150,DEP-003,SEC-004,EMERGENCY,2025-08-11T03:00:00,2025-08-11T07:00:00,2025-08-12T00:00:00,POWER_BLOCK,240,COMPLETED
TASK-00182,AST-158,DEF-00153,DEP-003,SEC-004,CORRECTIVE,2025-03-16T00:00:00,2025-03-16T02:00:00,2025-03-24T00:00:00,POWER_BLOCK,120,COMPLETED
TASK-00190,AST-169,DEF-00161,DEP-003,SEC-005,EMERGENCY,2025-07-07T06:00:00,2025-07-07T10:00:00,2025-07-08T00:00:00,POWER_BLOCK,240,COMPLETED
TASK-00193,AST-171,DEF-00164,DEP-003,SEC-001,CORRECTIVE,2023-10-24T00:00:00,2023-10-24T02:00:00,2023-10-29T00:00:00,POWER_BLOCK,120,COMPLETED
TASK-00206,AST-183,DEF-00175,DEP-003,SEC-001,EMERGENCY,2025-08-20T10:00:00,2025-08-20T14:00:00,2025-08-21T00:00:00,POWER_BLOCK,240,COMPLETED
TASK-00208,AST-185,DEF-00177,DEP-003,SEC-004,CORRECTIVE,2025-05-21T00:00:00,2025-05-21T02:00:00,2025-05-24T00:00:00,POWER_BLOCK,120,COMPLETED
TASK-00217,AST-193,DEF-00183,DEP-003,SEC-004,EMERGENCY,2023-09-29T02:00:00,2023-09-29T06:00:00,2023-10-06T02:00:00,POWER_BLOCK,240,COMPLETED
TASK-00216,AST-193,DEF-00183,DEP-003,SEC-004,EMERGENCY,2023-09-23T02:00:00,2023-09-23T06:00:00,2023-09-24T00:00:00,POWER_BLOCK,240,DEFERRED
TASK-00218,AST-193,DEF-00184,DEP-003,SEC-004,EMERGENCY,2025-09-12T11:00:00,2025-09-12T15:00:00,2025-09-13T00:00:00,POWER_BLOCK,240,COMPLETED
TASK-00238,AST-202,DEF-00198,DEP-003,SEC-001,CORRECTIVE,2024-07-12T00:00:00,2024-07-12T02:00:00,2024-07-18T00:00:00,POWER_BLOCK,120,COMPLETED
TASK-00243,AST-207,DEF-00203,DEP-003,SEC-006,EMERGENCY,2025-06-15T01:00:00,2025-06-15T05:00:00,2025-06-16T00:00:00,POWER_BLOCK,240,COMPLETED
TASK-00244,AST-207,DEF-00204,DEP-003,SEC-006,CORRECTIVE,2025-12-19T00:00:00,2025-12-19T02:00:00,2025-12-22T00:00:00,POWER_BLOCK,120,COMPLETED
TASK-00247,AST-212,DEF-00206,DEP-003,SEC-002,CORRECTIVE,2026-01-16T00:00:00,2026-01-16T02:00:00,2026-01-19T00:00:00,POWER_BLOCK,120,COMPLETED
TASK-00248,AST-212,DEF-00207,DEP-003,SEC-002,CORRECTIVE,2026-05-13T00:00:00,2026-05-13T02:00:00,2026-05-19T00:00:00,POWER_BLOCK,120,COMPLETED
TASK-00274,AST-227,DEF-00230,DEP-003,SEC-006,CORRECTIVE,2024-04-21T00:00:00,2024-04-21T02:00:00,2024-04-28T00:00:00,POWER_BLOCK,120,COMPLETED
TASK-00275,AST-227,DEF-00231,DEP-003,SEC-006,CORRECTIVE,2026-02-12T00:00:00,2026-02-12T02:00:00,2026-02-17T00:00:00,POWER_BLOCK,120,COMPLETED
TASK-00281,AST-229,DEF-00235,DEP-003,SEC-006,EMERGENCY,2024-04-19T03:00:00,2024-04-19T07:00:00,2024-04-20T00:00:00,POWER_BLOCK,240,COMPLETED
TASK-00283,AST-229,DEF-00236,DEP-003,SEC-006,CORRECTIVE,2025-02-19T00:00:00,2025-02-19T02:00:00,2025-02-26T00:00:00,POWER_BLOCK,120,COMPLETED
TASK-00282,AST-229,DEF-00236,DEP-003,SEC-006,CORRECTIVE,2025-02-16T00:00:00,2025-02-16T02:00:00,2025-02-23T00:00:00,POWER_BLOCK,120,DEFERRED
TASK-00289,AST-232,DEF-00242,DEP-003,SEC-006,CORRECTIVE,2025-02-07T00:00:00,2025-02-07T02:00:00,2025-02-11T00:00:00,POWER_BLOCK,120,COMPLETED
TASK-00290,AST-232,DEF-00243,DEP-003,SEC-006,EMERGENCY,2025-09-29T05:00:00,2025-09-29T09:00:00,2025-09-30T00:00:00,POWER_BLOCK,240,COMPLETED
TASK-00309,AST-247,DEF-00260,DEP-003,SEC-003,EMERGENCY,2024-11-02T04:00:00,2024-11-02T08:00:00,2024-11-03T00:00:00,POWER_BLOCK,240,COMPLETED
TASK-00310,AST-247,DEF-00261,DEP-003,SEC-003,EMERGENCY,2025-08-29T02:00:00,2025-08-29T06:00:00,2025-08-30T00:00:00,POWER_BLOCK,240,COMPLETED
TASK-00314,AST-249,DEF-00265,DEP-003,SEC-003,EMERGENCY,2023-08-27T11:00:00,2023-08-27T15:00:00,2023-08-28T00:00:00,POWER_BLOCK,240,COMPLETED
TASK-00327,AST-259,DEF-00277,DEP-003,SEC-005,EMERGENCY,2024-08-08T06:00:00,2024-08-08T10:00:00,2024-08-09T00:00:00,POWER_BLOCK,240,COMPLETED
TASK-00329,AST-259,DEF-00278,DEP-003,SEC-005,CORRECTIVE,2025-06-18T00:00:00,2025-06-18T02:00:00,2025-06-25T00:00:00,POWER_BLOCK,120,COMPLETED
TASK-00328,AST-259,DEF-00278,DEP-003,SEC-005,CORRECTIVE,2025-06-11T00:00:00,2025-06-11T02:00:00,2025-06-14T00:00:00,POWER_BLOCK,120,DEFERRED
TASK-00330,AST-259,DEF-00279,DEP-003,SEC-005,CORRECTIVE,2025-12-06T00:00:00,2025-12-06T02:00:00,2025-12-11T00:00:00,POWER_BLOCK,120,CANCELLED
TASK-00345,AST-269,DEF-00291,DEP-003,SEC-001,CORRECTIVE,2026-05-15T00:00:00,2026-05-15T02:00:00,2026-05-23T00:00:00,POWER_BLOCK,120,COMPLETED
TASK-00391,AST-294,DEF-00327,DEP-003,SEC-001,EMERGENCY,2024-07-20T06:00:00,2024-07-20T10:00:00,2024-07-21T00:00:00,POWER_BLOCK,240,COMPLETED
TASK-00392,AST-294,DEF-00328,DEP-003,SEC-001,EMERGENCY,2025-11-12T05:00:00,2025-11-12T09:00:00,2025-11-13T00:00:00,POWER_BLOCK,240,COMPLETED
TASK-00405,AST-303,DEF-00341,DEP-003,SEC-001,EMERGENCY,2024-05-05T08:00:00,2024-05-05T12:00:00,2024-05-06T00:00:00,POWER_BLOCK,240,COMPLETED
TASK-00406,AST-303,DEF-00342,DEP-003,SEC-001,CORRECTIVE,2026-02-28T00:00:00,2026-02-28T02:00:00,2026-03-06T00:00:00,POWER_BLOCK,120,COMPLETED
TASK-00409,AST-305,DEF-00345,DEP-003,SEC-001,CORRECTIVE,2023-09-23T00:00:00,2023-09-23T02:00:00,2023-09-30T00:00:00,POWER_BLOCK,120,COMPLETED
TASK-00411,AST-305,DEF-00346,DEP-003,SEC-001,CORRECTIVE,2025-11-18T00:00:00,2025-11-18T02:00:00,2025-11-25T00:00:00,POWER_BLOCK,120,COMPLETED
TASK-00410,AST-305,DEF-00346,DEP-003,SEC-001,CORRECTIVE,2025-11-15T00:00:00,2025-11-15T02:00:00,2025-11-18T00:00:00,POWER_BLOCK,120,DEFERRED
TASK-00417,AST-311,DEF-00351,DEP-003,SEC-002,CORRECTIVE,2024-07-10T00:00:00,2024-07-10T02:00:00,2024-07-13T00:00:00,POWER_BLOCK,120,COMPLETED
TASK-00426,AST-319,DEF-00358,DEP-003,SEC-001,CORRECTIVE,2023-12-19T00:00:00,2023-12-19T02:00:00,2023-12-23T00:00:00,POWER_BLOCK,120,COMPLETED
TASK-00428,AST-321,DEF-00360,DEP-003,SEC-005,CORRECTIVE,2025-03-22T00:00:00,2025-03-22T02:00:00,2025-03-27T00:00:00,POWER_BLOCK,120,CANCELLED
TASK-00431,AST-324,DEF-00363,DEP-003,SEC-005,CORRECTIVE,2024-04-27T00:00:00,2024-04-27T02:00:00,2024-04-30T00:00:00,POWER_BLOCK,120,COMPLETED
TASK-00435,AST-328,DEF-00367,DEP-003,SEC-006,EMERGENCY,2024-05-23T08:00:00,2024-05-23T12:00:00,2024-05-24T00:00:00,POWER_BLOCK,240,COMPLETED
TASK-00437,AST-328,DEF-00368,DEP-003,SEC-006,CORRECTIVE,2025-05-31T00:00:00,2025-05-31T02:00:00,2025-06-07T00:00:00,POWER_BLOCK,120,COMPLETED
TASK-00436,AST-328,DEF-00368,DEP-003,SEC-006,CORRECTIVE,2025-05-25T00:00:00,2025-05-25T02:00:00,2025-05-28T00:00:00,POWER_BLOCK,120,DEFERRED
TASK-00442,AST-332,DEF-00371,DEP-003,SEC-001,CORRECTIVE,2024-11-07T00:00:00,2024-11-07T02:00:00,2024-11-15T00:00:00,POWER_BLOCK,120,COMPLETED
TASK-00479,AST-352,DEF-00400,DEP-003,SEC-003,EMERGENCY,2026-06-22T07:00:00,2026-06-22T11:00:00,2026-06-29T07:00:00,POWER_BLOCK,240,COMPLETED
TASK-00478,AST-352,DEF-00400,DEP-003,SEC-003,EMERGENCY,2026-06-13T07:00:00,2026-06-13T11:00:00,2026-06-14T00:00:00,POWER_BLOCK,240,DEFERRED
TASK-00503,AST-366,DEF-00421,DEP-003,SEC-003,EMERGENCY,2023-11-13T03:00:00,2023-11-13T07:00:00,2023-11-20T03:00:00,POWER_BLOCK,240,COMPLETED
TASK-00502,AST-366,DEF-00421,DEP-003,SEC-003,EMERGENCY,2023-11-07T03:00:00,2023-11-07T07:00:00,2023-11-08T00:00:00,POWER_BLOCK,240,DEFERRED
TASK-00504,AST-366,DEF-00422,DEP-003,SEC-003,EMERGENCY,2025-08-28T12:00:00,2025-08-28T16:00:00,2025-08-29T00:00:00,POWER_BLOCK,240,CANCELLED
TASK-00523,AST-377,DEF-00437,DEP-003,SEC-004,CORRECTIVE,2025-07-22T00:00:00,2025-07-22T02:00:00,2025-07-29T00:00:00,POWER_BLOCK,120,COMPLETED
TASK-00522,AST-377,DEF-00437,DEP-003,SEC-004,CORRECTIVE,2025-07-16T00:00:00,2025-07-16T02:00:00,2025-07-21T00:00:00,POWER_BLOCK,120,DEFERRED
TASK-00527,AST-386,DEF-00441,DEP-003,SEC-002,CORRECTIVE,2024-12-04T00:00:00,2024-12-04T02:00:00,2024-12-10T00:00:00,POWER_BLOCK,120,COMPLETED
TASK-00528,AST-386,DEF-00442,DEP-003,SEC-002,CORRECTIVE,2026-05-29T00:00:00,2026-05-29T02:00:00,2026-06-03T00:00:00,POWER_BLOCK,120,COMPLETED
TASK-00539,AST-395,DEF-00453,DEP-003,SEC-003,CORRECTIVE,2025-04-27T00:00:00,2025-04-27T02:00:00,2025-05-03T00:00:00,POWER_BLOCK,120,COMPLETED
TASK-00540,AST-395,DEF-00454,DEP-003,SEC-003,CORRECTIVE,2026-06-20T00:00:00,2026-06-20T02:00:00,2026-06-27T00:00:00,POWER_BLOCK,120,COMPLETED
TASK-00556,AST-407,DEF-00467,DEP-003,SEC-005,CORRECTIVE,2025-09-16T00:00:00,2025-09-16T02:00:00,2025-09-23T00:00:00,POWER_BLOCK,120,COMPLETED
TASK-00555,AST-407,DEF-00467,DEP-003,SEC-005,CORRECTIVE,2025-09-08T00:00:00,2025-09-08T02:00:00,2025-09-14T00:00:00,POWER_BLOCK,120,DEFERRED
TASK-00564,AST-412,DEF-00475,DEP-003,SEC-003,CORRECTIVE,2024-10-20T00:00:00,2024-10-20T02:00:00,2024-10-26T00:00:00,POWER_BLOCK,120,COMPLETED
TASK-00568,AST-416,DEF-00478,DEP-003,SEC-006,CORRECTIVE,2024-10-08T00:00:00,2024-10-08T02:00:00,2024-10-15T00:00:00,POWER_BLOCK,120,COMPLETED
TASK-00567,AST-416,DEF-00478,DEP-003,SEC-006,CORRECTIVE,2024-10-01T00:00:00,2024-10-01T02:00:00,2024-10-08T00:00:00,POWER_BLOCK,120,DEFERRED
TASK-00569,AST-416,DEF-00479,DEP-003,SEC-006,EMERGENCY,2026-01-21T06:00:00,2026-01-21T10:00:00,2026-01-22T00:00:00,POWER_BLOCK,240,COMPLETED
TASK-00600,AST-442,DEF-00506,DEP-003,SEC-004,EMERGENCY,2023-08-04T10:00:00,2023-08-04T14:00:00,2023-08-05T00:00:00,POWER_BLOCK,240,COMPLETED
TASK-00601,AST-443,DEF-00507,DEP-003,SEC-003,CORRECTIVE,2024-04-05T00:00:00,2024-04-05T02:00:00,2024-04-08T00:00:00,POWER_BLOCK,120,COMPLETED
TASK-00613,AST-458,DEF-00518,DEP-003,SEC-006,CORRECTIVE,2024-02-29T00:00:00,2024-02-29T02:00:00,2024-03-07T00:00:00,POWER_BLOCK,120,COMPLETED
TASK-00624,AST-468,DEF-00526,DEP-003,SEC-001,EMERGENCY,2025-03-18T05:00:00,2025-03-18T09:00:00,2025-03-25T05:00:00,POWER_BLOCK,240,COMPLETED
TASK-00623,AST-468,DEF-00526,DEP-003,SEC-001,EMERGENCY,2025-03-15T05:00:00,2025-03-15T09:00:00,2025-03-16T00:00:00,POWER_BLOCK,240,DEFERRED
TASK-00625,AST-469,DEF-00527,DEP-003,SEC-006,CORRECTIVE,2026-05-30T00:00:00,2026-05-30T02:00:00,2026-06-06T00:00:00,POWER_BLOCK,120,COMPLETED
TASK-00626,AST-473,DEF-00528,DEP-003,SEC-001,CORRECTIVE,2025-06-02T00:00:00,2025-06-02T02:00:00,2025-06-10T00:00:00,POWER_BLOCK,120,COMPLETED
TASK-00628,AST-473,DEF-00529,DEP-003,SEC-001,EMERGENCY,2026-06-05T07:00:00,2026-06-05T11:00:00,2026-06-12T07:00:00,POWER_BLOCK,240,COMPLETED
TASK-00627,AST-473,DEF-00529,DEP-003,SEC-001,EMERGENCY,2026-05-26T07:00:00,2026-05-26T11:00:00,2026-05-27T00:00:00,POWER_BLOCK,240,DEFERRED
TASK-00631,AST-476,DEF-00532,DEP-003,SEC-006,CORRECTIVE,2026-03-28T00:00:00,2026-03-28T02:00:00,2026-04-01T00:00:00,POWER_BLOCK,120,COMPLETED
TASK-00632,AST-477,DEF-00533,DEP-003,SEC-002,CORRECTIVE,2025-03-09T00:00:00,2025-03-09T02:00:00,2025-03-15T00:00:00,POWER_BLOCK,120,COMPLETED
TASK-00646,AST-484,DEF-00546,DEP-003,SEC-002,EMERGENCY,2023-09-09T06:00:00,2023-09-09T10:00:00,2023-09-10T00:00:00,POWER_BLOCK,240,COMPLETED
TASK-00659,AST-491,DEF-00557,DEP-003,SEC-005,CORRECTIVE,2023-11-23T00:00:00,2023-11-23T01:00:00,2023-12-05T00:00:00,NONE,60,COMPLETED
TASK-00660,AST-491,DEF-00558,DEP-003,SEC-005,CORRECTIVE,2024-03-08T00:00:00,2024-03-08T02:00:00,2024-03-14T00:00:00,POWER_BLOCK,120,COMPLETED
TASK-00662,AST-493,DEF-00559,DEP-003,SEC-005,CORRECTIVE,2024-12-23T00:00:00,2024-12-23T02:00:00,2024-12-30T00:00:00,POWER_BLOCK,120,COMPLETED
TASK-00661,AST-493,DEF-00559,DEP-003,SEC-005,CORRECTIVE,2024-12-21T00:00:00,2024-12-21T02:00:00,2024-12-25T00:00:00,POWER_BLOCK,120,DEFERRED
TASK-00663,AST-493,DEF-00560,DEP-003,SEC-005,CORRECTIVE,2026-06-12T00:00:00,2026-06-12T02:00:00,2026-06-18T00:00:00,POWER_BLOCK,120,COMPLETED
TASK-00671,AST-499,DEF-00566,DEP-003,SEC-001,CORRECTIVE,2024-10-30T00:00:00,2024-10-30T02:00:00,2024-11-04T00:00:00,POWER_BLOCK,120,CANCELLED
TASK-00673,AST-499,DEF-00567,DEP-003,SEC-001,CORRECTIVE,2026-06-25T00:00:00,2026-06-25T02:00:00,2026-07-02T00:00:00,POWER_BLOCK,120,COMPLETED
TASK-00672,AST-499,DEF-00567,DEP-003,SEC-001,CORRECTIVE,2026-06-20T00:00:00,2026-06-20T02:00:00,2026-06-27T00:00:00,POWER_BLOCK,120,DEFERRED
TASK-00684,AST-505,DEF-00577,DEP-003,SEC-006,CORRECTIVE,2026-03-06T00:00:00,2026-03-06T02:00:00,2026-03-12T00:00:00,POWER_BLOCK,120,COMPLETED
TASK-00703,AST-521,DEF-00594,DEP-003,SEC-003,CORRECTIVE,2025-06-08T00:00:00,2025-06-08T02:00:00,2025-06-11T00:00:00,POWER_BLOCK,120,COMPLETED
TASK-00704,AST-523,DEF-00595,DEP-003,SEC-003,EMERGENCY,2025-03-06T12:00:00,2025-03-06T16:00:00,2025-03-07T00:00:00,POWER_BLOCK,240,COMPLETED
TASK-00711,AST-530,DEF-00602,DEP-003,SEC-005,EMERGENCY,2025-11-05T11:00:00,2025-11-05T15:00:00,2025-11-06T00:00:00,POWER_BLOCK,240,COMPLETED
TASK-00713,AST-530,DEF-00603,DEP-003,SEC-005,EMERGENCY,2026-01-11T10:00:00,2026-01-11T14:00:00,2026-01-18T10:00:00,POWER_BLOCK,240,COMPLETED
TASK-00712,AST-530,DEF-00603,DEP-003,SEC-005,EMERGENCY,2026-01-04T10:00:00,2026-01-04T14:00:00,2026-01-05T00:00:00,POWER_BLOCK,240,DEFERRED
TASK-00714,AST-532,DEF-00604,DEP-003,SEC-002,CORRECTIVE,2025-02-05T00:00:00,2025-02-05T02:00:00,2025-02-11T00:00:00,POWER_BLOCK,120,COMPLETED
TASK-00715,AST-532,DEF-00605,DEP-003,SEC-002,EMERGENCY,2025-11-28T04:00:00,2025-11-28T08:00:00,2025-11-29T00:00:00,POWER_BLOCK,240,COMPLETED
TASK-00727,AST-540,DEF-00615,DEP-003,SEC-003,EMERGENCY,2025-03-06T03:00:00,2025-03-06T07:00:00,2025-03-07T00:00:00,POWER_BLOCK,240,COMPLETED
TASK-00739,AST-547,DEF-00626,DEP-003,SEC-003,CORRECTIVE,2025-03-15T00:00:00,2025-03-15T02:00:00,2025-03-22T00:00:00,POWER_BLOCK,120,COMPLETED
TASK-00741,AST-550,DEF-00628,DEP-003,SEC-006,CORRECTIVE,2023-11-05T00:00:00,2023-11-05T02:00:00,2023-11-11T00:00:00,POWER_BLOCK,120,COMPLETED
TASK-00743,AST-550,DEF-00629,DEP-003,SEC-006,EMERGENCY,2024-09-02T02:00:00,2024-09-02T06:00:00,2024-09-09T02:00:00,POWER_BLOCK,240,COMPLETED
TASK-00742,AST-550,DEF-00629,DEP-003,SEC-006,EMERGENCY,2024-08-27T02:00:00,2024-08-27T06:00:00,2024-08-28T00:00:00,POWER_BLOCK,240,DEFERRED
TASK-00744,AST-550,DEF-00630,DEP-003,SEC-006,EMERGENCY,2024-10-26T10:00:00,2024-10-26T14:00:00,2024-10-27T00:00:00,POWER_BLOCK,240,CANCELLED
TASK-00745,AST-550,DEF-00631,DEP-003,SEC-006,CORRECTIVE,2026-04-23T00:00:00,2026-04-23T02:00:00,2026-04-29T00:00:00,POWER_BLOCK,120,COMPLETED
TASK-00746,AST-551,DEF-00632,DEP-003,SEC-002,CORRECTIVE,2025-10-24T00:00:00,2025-10-24T02:00:00,2025-10-28T00:00:00,POWER_BLOCK,120,COMPLETED
TASK-00748,AST-551,DEF-00633,DEP-003,SEC-002,CORRECTIVE,2026-02-26T00:00:00,2026-02-26T02:00:00,2026-03-05T00:00:00,POWER_BLOCK,120,COMPLETED
TASK-00747,AST-551,DEF-00633,DEP-003,SEC-002,CORRECTIVE,2026-02-18T00:00:00,2026-02-18T02:00:00,2026-02-25T00:00:00,POWER_BLOCK,120,DEFERRED
TASK-00749,AST-554,DEF-00634,DEP-003,SEC-006,EMERGENCY,2024-07-01T04:00:00,2024-07-01T08:00:00,2024-07-02T00:00:00,POWER_BLOCK,240,COMPLETED
TASK-00765,AST-562,DEF-00645,DEP-003,SEC-006,CORRECTIVE,2024-07-27T00:00:00,2024-07-27T02:00:00,2024-08-03T00:00:00,POWER_BLOCK,120,COMPLETED
TASK-00764,AST-562,DEF-00645,DEP-003,SEC-006,CORRECTIVE,2024-07-19T00:00:00,2024-07-19T02:00:00,2024-07-27T00:00:00,POWER_BLOCK,120,DEFERRED
TASK-00766,AST-566,DEF-00646,DEP-003,SEC-001,CORRECTIVE,2025-12-19T00:00:00,2025-12-19T02:00:00,2025-12-25T00:00:00,POWER_BLOCK,120,COMPLETED
TASK-00773,AST-570,DEF-00652,DEP-003,SEC-001,EMERGENCY,2025-10-14T01:00:00,2025-10-14T05:00:00,2025-10-15T00:00:00,POWER_BLOCK,240,COMPLETED
TASK-00792,AST-588,DEF-00667,DEP-003,SEC-006,EMERGENCY,2025-03-13T04:00:00,2025-03-13T08:00:00,2025-03-14T00:00:00,POWER_BLOCK,240,COMPLETED
TASK-00793,AST-588,DEF-00668,DEP-003,SEC-006,EMERGENCY,2025-11-08T02:00:00,2025-11-08T06:00:00,2025-11-09T00:00:00,POWER_BLOCK,240,COMPLETED
TASK-00799,AST-594,DEF-00674,DEP-003,SEC-005,CORRECTIVE,2024-01-25T00:00:00,2024-01-25T02:00:00,2024-01-31T00:00:00,POWER_BLOCK,120,COMPLETED
TASK-00810,AST-601,DEF-00681,DEP-003,SEC-003,CORRECTIVE,2025-05-07T00:00:00,2025-05-07T02:00:00,2025-05-14T00:00:00,POWER_BLOCK,120,COMPLETED
TASK-00809,AST-601,DEF-00681,DEP-003,SEC-003,CORRECTIVE,2025-04-29T00:00:00,2025-04-29T02:00:00,2025-05-03T00:00:00,POWER_BLOCK,120,DEFERRED
TASK-00811,AST-602,DEF-00682,DEP-003,SEC-001,CORRECTIVE,2024-02-27T00:00:00,2024-02-27T02:00:00,2024-03-02T00:00:00,POWER_BLOCK,120,COMPLETED
TASK-00812,AST-602,DEF-00683,DEP-003,SEC-001,CORRECTIVE,2025-06-19T00:00:00,2025-06-19T02:00:00,2025-06-25T00:00:00,POWER_BLOCK,120,COMPLETED
TASK-00825,AST-612,DEF-00693,DEP-003,SEC-005,EMERGENCY,2024-01-21T04:00:00,2024-01-21T08:00:00,2024-01-22T00:00:00,POWER_BLOCK,240,COMPLETED
TASK-00826,AST-613,DEF-00694,DEP-003,SEC-003,EMERGENCY,2025-04-04T05:00:00,2025-04-04T09:00:00,2025-04-05T00:00:00,POWER_BLOCK,240,COMPLETED
TASK-00827,AST-613,DEF-00695,DEP-003,SEC-003,CORRECTIVE,2026-08-01T00:00:00,2026-08-01T02:00:00,2026-08-07T00:00:00,POWER_BLOCK,120,PLANNED
TASK-00837,AST-622,DEF-00705,DEP-003,SEC-004,CORRECTIVE,2025-01-18T00:00:00,2025-01-18T02:00:00,2025-01-26T00:00:00,POWER_BLOCK,120,COMPLETED
TASK-00838,AST-622,DEF-00706,DEP-003,SEC-004,CORRECTIVE,2025-11-14T00:00:00,2025-11-14T02:00:00,2025-11-22T00:00:00,POWER_BLOCK,120,COMPLETED
TASK-00842,AST-630,DEF-00709,DEP-003,SEC-002,EMERGENCY,2024-10-20T12:00:00,2024-10-20T16:00:00,2024-10-21T00:00:00,POWER_BLOCK,240,COMPLETED
TASK-00845,AST-632,DEF-00711,DEP-003,SEC-005,EMERGENCY,2024-03-31T12:00:00,2024-03-31T16:00:00,2024-04-07T12:00:00,POWER_BLOCK,240,COMPLETED
TASK-00844,AST-632,DEF-00711,DEP-003,SEC-005,EMERGENCY,2024-03-28T12:00:00,2024-03-28T16:00:00,2024-03-29T00:00:00,POWER_BLOCK,240,DEFERRED
TASK-00846,AST-632,DEF-00712,DEP-003,SEC-005,EMERGENCY,2026-07-16T10:00:00,2026-07-16T14:00:00,2026-07-17T00:00:00,POWER_BLOCK,240,COMPLETED
TASK-00850,AST-634,DEF-00716,DEP-003,SEC-004,EMERGENCY,2025-02-28T12:00:00,2025-02-28T16:00:00,2025-03-01T00:00:00,POWER_BLOCK,240,COMPLETED
TASK-00860,AST-645,DEF-00724,DEP-003,SEC-001,EMERGENCY,2023-10-19T04:00:00,2023-10-19T08:00:00,2023-10-20T00:00:00,POWER_BLOCK,240,COMPLETED
TASK-00861,AST-645,DEF-00725,DEP-003,SEC-001,CORRECTIVE,2024-02-19T00:00:00,2024-02-19T02:00:00,2024-02-26T00:00:00,POWER_BLOCK,120,COMPLETED
TASK-00862,AST-645,DEF-00726,DEP-003,SEC-001,EMERGENCY,2024-04-16T08:00:00,2024-04-16T12:00:00,2024-04-17T00:00:00,POWER_BLOCK,240,COMPLETED
TASK-00863,AST-645,DEF-00727,DEP-003,SEC-001,EMERGENCY,2025-02-10T06:00:00,2025-02-10T10:00:00,2025-02-11T00:00:00,POWER_BLOCK,240,COMPLETED
TASK-00869,AST-651,DEF-00732,DEP-003,SEC-004,CORRECTIVE,2025-10-24T00:00:00,2025-10-24T02:00:00,2025-10-31T00:00:00,POWER_BLOCK,120,COMPLETED
TASK-00868,AST-651,DEF-00732,DEP-003,SEC-004,CORRECTIVE,2025-10-18T00:00:00,2025-10-18T02:00:00,2025-10-26T00:00:00,POWER_BLOCK,120,DEFERRED
TASK-00874,AST-660,DEF-00736,DEP-003,SEC-001,CORRECTIVE,2026-03-11T00:00:00,2026-03-11T02:00:00,2026-03-18T00:00:00,POWER_BLOCK,120,COMPLETED
TASK-00876,AST-661,DEF-00737,DEP-003,SEC-003,CORRECTIVE,2026-03-31T00:00:00,2026-03-31T02:00:00,2026-04-07T00:00:00,POWER_BLOCK,120,COMPLETED
TASK-00875,AST-661,DEF-00737,DEP-003,SEC-003,CORRECTIVE,2026-03-21T00:00:00,2026-03-21T02:00:00,2026-03-27T00:00:00,POWER_BLOCK,120,DEFERRED
TASK-00883,AST-664,DEF-00742,DEP-003,SEC-002,EMERGENCY,2026-04-26T12:00:00,2026-04-26T16:00:00,2026-04-27T00:00:00,POWER_BLOCK,240,COMPLETED
TASK-00885,AST-667,DEF-00744,DEP-003,SEC-006,CORRECTIVE,2024-06-15T00:00:00,2024-06-15T02:00:00,2024-06-21T00:00:00,POWER_BLOCK,120,COMPLETED
TASK-00886,AST-667,DEF-00745,DEP-003,SEC-006,CORRECTIVE,2024-08-14T00:00:00,2024-08-14T02:00:00,2024-08-20T00:00:00,POWER_BLOCK,120,COMPLETED
TASK-00905,AST-684,DEF-00760,DEP-003,SEC-001,EMERGENCY,2026-05-04T12:00:00,2026-05-04T16:00:00,2026-05-11T12:00:00,POWER_BLOCK,240,COMPLETED
TASK-00904,AST-684,DEF-00760,DEP-003,SEC-001,EMERGENCY,2026-04-30T12:00:00,2026-04-30T16:00:00,2026-05-01T00:00:00,POWER_BLOCK,240,DEFERRED
TASK-00906,AST-688,DEF-00761,DEP-003,SEC-003,CORRECTIVE,2024-03-31T00:00:00,2024-03-31T02:00:00,2024-04-03T00:00:00,POWER_BLOCK,120,COMPLETED
TASK-00915,AST-695,DEF-00768,DEP-003,SEC-006,CORRECTIVE,2024-10-08T00:00:00,2024-10-08T02:00:00,2024-10-15T00:00:00,POWER_BLOCK,120,COMPLETED
TASK-00914,AST-695,DEF-00768,DEP-003,SEC-006,CORRECTIVE,2024-10-03T00:00:00,2024-10-03T02:00:00,2024-10-06T00:00:00,POWER_BLOCK,120,DEFERRED
TASK-00916,AST-695,DEF-00769,DEP-003,SEC-006,CORRECTIVE,2024-11-27T00:00:00,2024-11-27T02:00:00,2024-12-05T00:00:00,POWER_BLOCK,120,COMPLETED
TASK-00917,AST-695,DEF-00770,DEP-003,SEC-006,EMERGENCY,2025-03-25T01:00:00,2025-03-25T05:00:00,2025-03-26T00:00:00,POWER_BLOCK,240,COMPLETED
TASK-00925,AST-703,DEF-00777,DEP-003,SEC-003,CORRECTIVE,2026-01-27T00:00:00,2026-01-27T02:00:00,2026-02-03T00:00:00,POWER_BLOCK,120,COMPLETED
TASK-00932,AST-705,DEF-00782,DEP-003,SEC-004,EMERGENCY,2026-02-28T10:00:00,2026-02-28T14:00:00,2026-03-01T00:00:00,POWER_BLOCK,240,COMPLETED
TASK-00951,AST-717,DEF-00798,DEP-003,SEC-005,EMERGENCY,2024-10-01T09:00:00,2024-10-01T13:00:00,2024-10-02T00:00:00,POWER_BLOCK,240,COMPLETED
TASK-00952,AST-717,DEF-00799,DEP-003,SEC-005,CORRECTIVE,2025-02-01T00:00:00,2025-02-01T02:00:00,2025-02-08T00:00:00,POWER_BLOCK,120,COMPLETED
TASK-00961,AST-721,DEF-00806,DEP-003,SEC-001,CORRECTIVE,2024-06-04T00:00:00,2024-06-04T02:00:00,2024-06-09T00:00:00,POWER_BLOCK,120,COMPLETED
TASK-00962,AST-721,DEF-00807,DEP-003,SEC-001,CORRECTIVE,2026-01-24T00:00:00,2026-01-24T02:00:00,2026-01-30T00:00:00,POWER_BLOCK,120,COMPLETED
TASK-00967,AST-729,DEF-00811,DEP-003,SEC-003,CORRECTIVE,2026-05-14T00:00:00,2026-05-14T02:00:00,2026-05-19T00:00:00,POWER_BLOCK,120,COMPLETED
TASK-00969,AST-730,DEF-00812,DEP-003,SEC-001,CORRECTIVE,2023-09-19T00:00:00,2023-09-19T02:00:00,2023-09-26T00:00:00,POWER_BLOCK,120,COMPLETED
TASK-00968,AST-730,DEF-00812,DEP-003,SEC-001,CORRECTIVE,2023-09-17T00:00:00,2023-09-17T02:00:00,2023-09-23T00:00:00,POWER_BLOCK,120,DEFERRED
TASK-00970,AST-730,DEF-00813,DEP-003,SEC-001,CORRECTIVE,2025-11-06T00:00:00,2025-11-06T02:00:00,2025-11-11T00:00:00,POWER_BLOCK,120,CANCELLED
TASK-00971,AST-730,DEF-00814,DEP-003,SEC-001,CORRECTIVE,2026-07-06T00:00:00,2026-07-06T02:00:00,2026-07-09T00:00:00,POWER_BLOCK,120,CANCELLED
TASK-00976,AST-736,DEF-00818,DEP-003,SEC-005,CORRECTIVE,2025-02-09T00:00:00,2025-02-09T02:00:00,2025-02-15T00:00:00,POWER_BLOCK,120,COMPLETED
TASK-00995,AST-745,DEF-00831,DEP-003,SEC-004,CORRECTIVE,2025-01-29T00:00:00,2025-01-29T02:00:00,2025-02-05T00:00:00,POWER_BLOCK,120,COMPLETED
TASK-00994,AST-745,DEF-00831,DEP-003,SEC-004,CORRECTIVE,2025-01-19T00:00:00,2025-01-19T02:00:00,2025-01-24T00:00:00,POWER_BLOCK,120,DEFERRED
TASK-00997,AST-745,DEF-00832,DEP-003,SEC-004,EMERGENCY,2026-03-14T01:00:00,2026-03-14T05:00:00,2026-03-21T01:00:00,POWER_BLOCK,240,COMPLETED
TASK-00996,AST-745,DEF-00832,DEP-003,SEC-004,EMERGENCY,2026-03-10T01:00:00,2026-03-10T05:00:00,2026-03-11T00:00:00,POWER_BLOCK,240,DEFERRED
TASK-01004,AST-033,DEF-00838,DEP-003,SEC-001,EMERGENCY,2024-01-16T07:00:00,2024-01-16T09:30:00,2024-01-16T16:00:00,POWER_BLOCK,150,COMPLETED
TASK-01008,AST-063,DEF-00842,DEP-003,SEC-004,EMERGENCY,2025-11-15T03:00:00,2025-11-15T05:30:00,2025-11-19T02:00:00,POWER_BLOCK,150,COMPLETED
TASK-01009,AST-064,DEF-00843,DEP-003,SEC-005,EMERGENCY,2024-06-06T15:00:00,2024-06-06T17:30:00,2024-06-10T11:00:00,POWER_BLOCK,150,COMPLETED
TASK-01016,AST-168,DEF-00850,DEP-003,SEC-006,EMERGENCY,2024-12-13T21:00:00,2024-12-13T23:30:00,2024-12-14T06:00:00,POWER_BLOCK,150,COMPLETED
TASK-01017,AST-197,DEF-00851,DEP-003,SEC-005,EMERGENCY,2023-10-01T20:00:00,2023-10-01T22:30:00,2023-10-02T07:00:00,POWER_BLOCK,150,COMPLETED
TASK-01020,AST-259,DEF-00854,DEP-003,SEC-005,EMERGENCY,2025-12-25T03:00:00,2025-12-25T05:30:00,2025-12-28T23:00:00,POWER_BLOCK,150,COMPLETED
TASK-01023,AST-294,DEF-00857,DEP-003,SEC-001,EMERGENCY,2025-07-23T09:00:00,2025-07-23T11:30:00,2025-07-23T17:00:00,POWER_BLOCK,150,COMPLETED
TASK-01025,AST-321,DEF-00859,DEP-003,SEC-005,EMERGENCY,2024-03-22T18:00:00,2024-03-22T20:30:00,2024-03-26T17:00:00,POWER_BLOCK,150,COMPLETED
TASK-01031,AST-375,DEF-00865,DEP-003,SEC-006,EMERGENCY,2025-11-03T04:00:00,2025-11-03T06:30:00,2025-11-03T15:00:00,POWER_BLOCK,150,COMPLETED
TASK-01037,AST-449,DEF-00871,DEP-003,SEC-004,EMERGENCY,2026-01-28T23:00:00,2026-01-29T01:30:00,2026-02-01T19:00:00,POWER_BLOCK,150,COMPLETED
TASK-01038,AST-469,DEF-00872,DEP-003,SEC-006,EMERGENCY,2026-06-01T17:00:00,2026-06-01T19:30:00,2026-06-05T13:00:00,POWER_BLOCK,150,COMPLETED
TASK-01040,AST-484,DEF-00874,DEP-003,SEC-002,EMERGENCY,2026-04-19T19:00:00,2026-04-19T21:30:00,2026-04-20T03:00:00,POWER_BLOCK,150,COMPLETED
TASK-01042,AST-505,DEF-00876,DEP-003,SEC-006,EMERGENCY,2023-08-31T06:00:00,2023-08-31T08:30:00,2023-08-31T16:00:00,POWER_BLOCK,150,COMPLETED
TASK-01043,AST-568,DEF-00877,DEP-003,SEC-004,EMERGENCY,2025-01-22T23:00:00,2025-01-23T01:30:00,2025-01-23T10:00:00,POWER_BLOCK,150,COMPLETED
TASK-01047,AST-638,DEF-00881,DEP-003,SEC-001,EMERGENCY,2024-10-04T11:00:00,2024-10-04T13:30:00,2024-10-04T20:00:00,POWER_BLOCK,150,COMPLETED
TASK-01049,AST-664,DEF-00883,DEP-003,SEC-002,EMERGENCY,2025-12-21T21:00:00,2025-12-21T23:30:00,2025-12-25T20:00:00,POWER_BLOCK,150,COMPLETED
TASK-01054,AST-745,DEF-00888,DEP-003,SEC-004,EMERGENCY,2025-01-27T05:00:00,2025-01-27T07:30:00,2025-01-27T15:00:00,POWER_BLOCK,150,COMPLETED
TASK-01088,AST-006,,DEP-003,SEC-002,PREVENTIVE,2023-11-10T00:00:00,2023-11-10T03:00:00,2023-11-25T00:00:00,POWER_BLOCK,180,COMPLETED
TASK-01089,AST-006,,DEP-003,SEC-002,PREVENTIVE,2024-05-08T00:00:00,2024-05-08T03:00:00,2024-05-23T00:00:00,POWER_BLOCK,180,COMPLETED
TASK-01090,AST-006,,DEP-003,SEC-002,PREVENTIVE,2024-11-04T00:00:00,2024-11-04T03:00:00,2024-11-19T00:00:00,POWER_BLOCK,180,COMPLETED
TASK-01091,AST-006,,DEP-003,SEC-002,PREVENTIVE,2025-05-03T00:00:00,2025-05-03T03:00:00,2025-05-18T00:00:00,POWER_BLOCK,180,COMPLETED
TASK-01092,AST-006,,DEP-003,SEC-002,PREVENTIVE,2025-10-30T00:00:00,2025-10-30T03:00:00,2025-11-14T00:00:00,POWER_BLOCK,180,COMPLETED
TASK-01093,AST-006,,DEP-003,SEC-002,PREVENTIVE,2026-04-28T00:00:00,2026-04-28T03:00:00,2026-05-13T00:00:00,POWER_BLOCK,180,COMPLETED
TASK-01169,AST-017,,DEP-003,SEC-001,PREVENTIVE,2023-12-05T00:00:00,2023-12-05T03:00:00,2023-12-20T00:00:00,POWER_BLOCK,180,COMPLETED
TASK-01170,AST-017,,DEP-003,SEC-001,PREVENTIVE,2024-06-02T00:00:00,2024-06-02T03:00:00,2024-06-17T00:00:00,POWER_BLOCK,180,COMPLETED
TASK-01171,AST-017,,DEP-003,SEC-001,PREVENTIVE,2024-11-29T00:00:00,2024-11-29T03:00:00,2024-12-14T00:00:00,POWER_BLOCK,180,COMPLETED
TASK-01172,AST-017,,DEP-003,SEC-001,PREVENTIVE,2025-05-28T00:00:00,2025-05-28T03:00:00,2025-06-12T00:00:00,POWER_BLOCK,180,COMPLETED
TASK-01173,AST-017,,DEP-003,SEC-001,PREVENTIVE,2025-11-24T00:00:00,2025-11-24T03:00:00,2025-12-09T00:00:00,POWER_BLOCK,180,COMPLETED
TASK-01174,AST-017,,DEP-003,SEC-001,PREVENTIVE,2026-05-23T00:00:00,2026-05-23T03:00:00,2026-06-07T00:00:00,POWER_BLOCK,180,COMPLETED
TASK-01223,AST-025,,DEP-003,SEC-003,PREVENTIVE,2024-01-20T00:00:00,2024-01-20T03:00:00,2024-02-04T00:00:00,POWER_BLOCK,180,COMPLETED
TASK-01224,AST-025,,DEP-003,SEC-003,PREVENTIVE,2024-07-18T00:00:00,2024-07-18T03:00:00,2024-08-02T00:00:00,POWER_BLOCK,180,COMPLETED
TASK-01225,AST-025,,DEP-003,SEC-003,PREVENTIVE,2025-01-14T00:00:00,2025-01-14T03:00:00,2025-01-29T00:00:00,POWER_BLOCK,180,COMPLETED
TASK-01226,AST-025,,DEP-003,SEC-003,PREVENTIVE,2025-07-13T00:00:00,2025-07-13T03:00:00,2025-07-28T00:00:00,POWER_BLOCK,180,COMPLETED
TASK-01227,AST-025,,DEP-003,SEC-003,PREVENTIVE,2026-01-09T00:00:00,2026-01-09T03:00:00,2026-01-24T00:00:00,POWER_BLOCK,180,COMPLETED
TASK-01228,AST-025,,DEP-003,SEC-003,PREVENTIVE,2026-07-08T00:00:00,2026-07-08T03:00:00,2026-07-23T00:00:00,POWER_BLOCK,180,COMPLETED
TASK-01256,AST-029,,DEP-003,SEC-006,PREVENTIVE,2023-09-30T00:00:00,2023-09-30T03:00:00,2023-10-15T00:00:00,POWER_BLOCK,180,COMPLETED
TASK-01257,AST-029,,DEP-003,SEC-006,PREVENTIVE,2024-03-28T00:00:00,2024-03-28T03:00:00,2024-04-12T00:00:00,POWER_BLOCK,180,COMPLETED
TASK-01258,AST-029,,DEP-003,SEC-006,PREVENTIVE,2024-09-24T00:00:00,2024-09-24T03:00:00,2024-10-09T00:00:00,POWER_BLOCK,180,COMPLETED
TASK-01259,AST-029,,DEP-003,SEC-006,PREVENTIVE,2025-03-23T00:00:00,2025-03-23T03:00:00,2025-04-07T00:00:00,POWER_BLOCK,180,COMPLETED
TASK-01260,AST-029,,DEP-003,SEC-006,PREVENTIVE,2025-09-19T00:00:00,2025-09-19T03:00:00,2025-10-04T00:00:00,POWER_BLOCK,180,COMPLETED
TASK-01261,AST-029,,DEP-003,SEC-006,PREVENTIVE,2026-03-18T00:00:00,2026-03-18T03:00:00,2026-04-02T00:00:00,POWER_BLOCK,180,COMPLETED
TASK-01289,AST-033,,DEP-003,SEC-001,PREVENTIVE,2023-09-26T00:00:00,2023-09-26T03:00:00,2023-10-11T00:00:00,POWER_BLOCK,180,COMPLETED
TASK-01290,AST-033,,DEP-003,SEC-001,PREVENTIVE,2024-03-24T00:00:00,2024-03-24T03:00:00,2024-04-08T00:00:00,POWER_BLOCK,180,COMPLETED
TASK-01291,AST-033,,DEP-003,SEC-001,PREVENTIVE,2024-09-20T00:00:00,2024-09-20T03:00:00,2024-10-05T00:00:00,POWER_BLOCK,180,COMPLETED
TASK-01292,AST-033,,DEP-003,SEC-001,PREVENTIVE,2025-03-19T00:00:00,2025-03-19T03:00:00,2025-04-03T00:00:00,POWER_BLOCK,180,COMPLETED
TASK-01293,AST-033,,DEP-003,SEC-001,PREVENTIVE,2025-09-15T00:00:00,2025-09-15T03:00:00,2025-09-30T00:00:00,POWER_BLOCK,180,COMPLETED
TASK-01294,AST-033,,DEP-003,SEC-001,PREVENTIVE,2026-03-14T00:00:00,2026-03-14T03:00:00,2026-03-29T00:00:00,POWER_BLOCK,180,COMPLETED
TASK-01295,AST-034,,DEP-003,SEC-002,PREVENTIVE,2023-10-06T00:00:00,2023-10-06T03:00:00,2023-10-21T00:00:00,POWER_BLOCK,180,COMPLETED
TASK-01296,AST-034,,DEP-003,SEC-002,PREVENTIVE,2024-04-03T00:00:00,2024-04-03T03:00:00,2024-04-18T00:00:00,POWER_BLOCK,180,COMPLETED
TASK-01297,AST-034,,DEP-003,SEC-002,PREVENTIVE,2024-09-30T00:00:00,2024-09-30T03:00:00,2024-10-15T00:00:00,POWER_BLOCK,180,COMPLETED
TASK-01298,AST-034,,DEP-003,SEC-002,PREVENTIVE,2025-03-29T00:00:00,2025-03-29T03:00:00,2025-04-13T00:00:00,POWER_BLOCK,180,COMPLETED
TASK-01299,AST-034,,DEP-003,SEC-002,PREVENTIVE,2025-09-25T00:00:00,2025-09-25T03:00:00,2025-10-10T00:00:00,POWER_BLOCK,180,COMPLETED
TASK-01300,AST-034,,DEP-003,SEC-002,PREVENTIVE,2026-03-24T00:00:00,2026-03-24T03:00:00,2026-04-08T00:00:00,POWER_BLOCK,180,COMPLETED
TASK-01301,AST-035,,DEP-003,SEC-003,PREVENTIVE,2023-12-14T00:00:00,2023-12-14T03:00:00,2023-12-29T00:00:00,POWER_BLOCK,180,COMPLETED
TASK-01302,AST-035,,DEP-003,SEC-003,PREVENTIVE,2024-06-11T00:00:00,2024-06-11T03:00:00,2024-06-26T00:00:00,POWER_BLOCK,180,COMPLETED
TASK-01303,AST-035,,DEP-003,SEC-003,PREVENTIVE,2024-12-08T00:00:00,2024-12-08T03:00:00,2024-12-23T00:00:00,POWER_BLOCK,180,COMPLETED
TASK-01304,AST-035,,DEP-003,SEC-003,PREVENTIVE,2025-06-06T00:00:00,2025-06-06T03:00:00,2025-06-21T00:00:00,POWER_BLOCK,180,COMPLETED
TASK-01305,AST-035,,DEP-003,SEC-003,PREVENTIVE,2025-12-03T00:00:00,2025-12-03T03:00:00,2025-12-18T00:00:00,POWER_BLOCK,180,COMPLETED
TASK-01306,AST-035,,DEP-003,SEC-003,PREVENTIVE,2026-06-01T00:00:00,2026-06-01T03:00:00,2026-06-16T00:00:00,POWER_BLOCK,180,COMPLETED
TASK-01340,AST-041,,DEP-003,SEC-005,PREVENTIVE,2024-01-19T00:00:00,2024-01-19T03:00:00,2024-02-03T00:00:00,POWER_BLOCK,180,COMPLETED
TASK-01341,AST-041,,DEP-003,SEC-005,PREVENTIVE,2024-07-17T00:00:00,2024-07-17T03:00:00,2024-08-01T00:00:00,POWER_BLOCK,180,COMPLETED
TASK-01342,AST-041,,DEP-003,SEC-005,PREVENTIVE,2025-01-13T00:00:00,2025-01-13T03:00:00,2025-01-28T00:00:00,POWER_BLOCK,180,COMPLETED
TASK-01343,AST-041,,DEP-003,SEC-005,PREVENTIVE,2025-07-12T00:00:00,2025-07-12T03:00:00,2025-07-27T00:00:00,POWER_BLOCK,180,COMPLETED
TASK-01344,AST-041,,DEP-003,SEC-005,PREVENTIVE,2026-01-08T00:00:00,2026-01-08T03:00:00,2026-01-23T00:00:00,POWER_BLOCK,180,COMPLETED
TASK-01345,AST-041,,DEP-003,SEC-005,PREVENTIVE,2026-07-07T00:00:00,2026-07-07T03:00:00,2026-07-22T00:00:00,POWER_BLOCK,180,COMPLETED
TASK-01373,AST-045,,DEP-003,SEC-006,PREVENTIVE,2023-08-23T00:00:00,2023-08-23T03:00:00,2023-09-07T00:00:00,POWER_BLOCK,180,COMPLETED
TASK-01374,AST-045,,DEP-003,SEC-006,PREVENTIVE,2024-02-19T00:00:00,2024-02-19T03:00:00,2024-03-05T00:00:00,POWER_BLOCK,180,COMPLETED
TASK-01375,AST-045,,DEP-003,SEC-006,PREVENTIVE,2024-08-17T00:00:00,2024-08-17T03:00:00,2024-09-01T00:00:00,POWER_BLOCK,180,COMPLETED
TASK-01376,AST-045,,DEP-003,SEC-006,PREVENTIVE,2025-02-13T00:00:00,2025-02-13T03:00:00,2025-02-28T00:00:00,POWER_BLOCK,180,COMPLETED
TASK-01377,AST-045,,DEP-003,SEC-006,PREVENTIVE,2025-08-12T00:00:00,2025-08-12T03:00:00,2025-08-27T00:00:00,POWER_BLOCK,180,COMPLETED
TASK-01378,AST-045,,DEP-003,SEC-006,PREVENTIVE,2026-02-08T00:00:00,2026-02-08T03:00:00,2026-02-23T00:00:00,POWER_BLOCK,180,COMPLETED
TASK-01400,AST-050,,DEP-003,SEC-002,PREVENTIVE,2023-09-02T00:00:00,2023-09-02T03:00:00,2023-09-17T00:00:00,POWER_BLOCK,180,COMPLETED
TASK-01401,AST-050,,DEP-003,SEC-002,PREVENTIVE,2024-02-29T00:00:00,2024-02-29T03:00:00,2024-03-15T00:00:00,POWER_BLOCK,180,COMPLETED
TASK-01402,AST-050,,DEP-003,SEC-002,PREVENTIVE,2024-08-27T00:00:00,2024-08-27T03:00:00,2024-09-11T00:00:00,POWER_BLOCK,180,COMPLETED
TASK-01403,AST-050,,DEP-003,SEC-002,PREVENTIVE,2025-02-23T00:00:00,2025-02-23T03:00:00,2025-03-10T00:00:00,POWER_BLOCK,180,COMPLETED
TASK-01404,AST-050,,DEP-003,SEC-002,PREVENTIVE,2025-08-22T00:00:00,2025-08-22T03:00:00,2025-09-06T00:00:00,POWER_BLOCK,180,COMPLETED
TASK-01405,AST-050,,DEP-003,SEC-002,PREVENTIVE,2026-02-18T00:00:00,2026-02-18T03:00:00,2026-03-05T00:00:00,POWER_BLOCK,180,COMPLETED
TASK-01418,AST-052,,DEP-003,SEC-004,PREVENTIVE,2023-09-14T00:00:00,2023-09-14T03:00:00,2023-09-29T00:00:00,POWER_BLOCK,180,COMPLETED
TASK-01419,AST-052,,DEP-003,SEC-004,PREVENTIVE,2024-03-12T00:00:00,2024-03-12T03:00:00,2024-03-27T00:00:00,POWER_BLOCK,180,COMPLETED
TASK-01420,AST-052,,DEP-003,SEC-004,PREVENTIVE,2024-09-08T00:00:00,2024-09-08T03:00:00,2024-09-23T00:00:00,POWER_BLOCK,180,COMPLETED
TASK-01421,AST-052,,DEP-003,SEC-004,PREVENTIVE,2025-03-07T00:00:00,2025-03-07T03:00:00,2025-03-22T00:00:00,POWER_BLOCK,180,COMPLETED
TASK-01422,AST-052,,DEP-003,SEC-004,PREVENTIVE,2025-09-03T00:00:00,2025-09-03T03:00:00,2025-09-18T00:00:00,POWER_BLOCK,180,COMPLETED
TASK-01423,AST-052,,DEP-003,SEC-004,PREVENTIVE,2026-03-02T00:00:00,2026-03-02T03:00:00,2026-03-17T00:00:00,POWER_BLOCK,180,COMPLETED
TASK-01424,AST-053,,DEP-003,SEC-005,PREVENTIVE,2023-11-23T00:00:00,2023-11-23T03:00:00,2023-12-08T00:00:00,POWER_BLOCK,180,COMPLETED
TASK-01425,AST-053,,DEP-003,SEC-005,PREVENTIVE,2024-05-21T00:00:00,2024-05-21T03:00:00,2024-06-05T00:00:00,POWER_BLOCK,180,COMPLETED
TASK-01426,AST-053,,DEP-003,SEC-005,PREVENTIVE,2024-11-17T00:00:00,2024-11-17T03:00:00,2024-12-02T00:00:00,POWER_BLOCK,180,COMPLETED
TASK-01427,AST-053,,DEP-003,SEC-005,PREVENTIVE,2025-05-16T00:00:00,2025-05-16T03:00:00,2025-05-31T00:00:00,POWER_BLOCK,180,COMPLETED
TASK-01428,AST-053,,DEP-003,SEC-005,PREVENTIVE,2025-11-12T00:00:00,2025-11-12T03:00:00,2025-11-27T00:00:00,POWER_BLOCK,180,COMPLETED
TASK-01429,AST-053,,DEP-003,SEC-005,PREVENTIVE,2026-05-11T00:00:00,2026-05-11T03:00:00,2026-05-26T00:00:00,POWER_BLOCK,180,COMPLETED
TASK-01460,AST-058,,DEP-003,SEC-001,PREVENTIVE,2023-12-27T00:00:00,2023-12-27T03:00:00,2024-01-11T00:00:00,POWER_BLOCK,180,COMPLETED
TASK-01461,AST-058,,DEP-003,SEC-001,PREVENTIVE,2024-06-24T00:00:00,2024-06-24T03:00:00,2024-07-09T00:00:00,POWER_BLOCK,180,COMPLETED
TASK-01462,AST-058,,DEP-003,SEC-001,PREVENTIVE,2024-12-21T00:00:00,2024-12-21T03:00:00,2025-01-05T00:00:00,POWER_BLOCK,180,COMPLETED
TASK-01463,AST-058,,DEP-003,SEC-001,PREVENTIVE,2025-06-19T00:00:00,2025-06-19T03:00:00,2025-07-04T00:00:00,POWER_BLOCK,180,COMPLETED
TASK-01464,AST-058,,DEP-003,SEC-001,PREVENTIVE,2025-12-16T00:00:00,2025-12-16T03:00:00,2025-12-31T00:00:00,POWER_BLOCK,180,COMPLETED
TASK-01465,AST-058,,DEP-003,SEC-001,PREVENTIVE,2026-06-14T00:00:00,2026-06-14T03:00:00,2026-06-29T00:00:00,POWER_BLOCK,180,COMPLETED
TASK-01505,AST-063,,DEP-003,SEC-004,PREVENTIVE,2023-11-17T00:00:00,2023-11-17T03:00:00,2023-12-02T00:00:00,POWER_BLOCK,180,COMPLETED
TASK-01506,AST-063,,DEP-003,SEC-004,PREVENTIVE,2024-05-15T00:00:00,2024-05-15T03:00:00,2024-05-30T00:00:00,POWER_BLOCK,180,COMPLETED
TASK-01507,AST-063,,DEP-003,SEC-004,PREVENTIVE,2024-11-11T00:00:00,2024-11-11T03:00:00,2024-11-26T00:00:00,POWER_BLOCK,180,COMPLETED
TASK-01508,AST-063,,DEP-003,SEC-004,PREVENTIVE,2025-05-10T00:00:00,2025-05-10T03:00:00,2025-05-25T00:00:00,POWER_BLOCK,180,COMPLETED
TASK-01509,AST-063,,DEP-003,SEC-004,PREVENTIVE,2025-11-06T00:00:00,2025-11-06T03:00:00,2025-11-21T00:00:00,POWER_BLOCK,180,COMPLETED
TASK-01510,AST-063,,DEP-003,SEC-004,PREVENTIVE,2026-05-05T00:00:00,2026-05-05T03:00:00,2026-05-20T00:00:00,POWER_BLOCK,180,COMPLETED
TASK-01511,AST-064,,DEP-003,SEC-005,PREVENTIVE,2023-12-13T00:00:00,2023-12-13T03:00:00,2023-12-28T00:00:00,POWER_BLOCK,180,COMPLETED
TASK-01512,AST-064,,DEP-003,SEC-005,PREVENTIVE,2024-06-10T00:00:00,2024-06-10T03:00:00,2024-06-25T00:00:00,POWER_BLOCK,180,COMPLETED
TASK-01513,AST-064,,DEP-003,SEC-005,PREVENTIVE,2024-12-07T00:00:00,2024-12-07T03:00:00,2024-12-22T00:00:00,POWER_BLOCK,180,COMPLETED
TASK-01514,AST-064,,DEP-003,SEC-005,PREVENTIVE,2025-06-05T00:00:00,2025-06-05T03:00:00,2025-06-20T00:00:00,POWER_BLOCK,180,COMPLETED
TASK-01515,AST-064,,DEP-003,SEC-005,PREVENTIVE,2025-12-02T00:00:00,2025-12-02T03:00:00,2025-12-17T00:00:00,POWER_BLOCK,180,COMPLETED
TASK-01516,AST-064,,DEP-003,SEC-005,PREVENTIVE,2026-05-31T00:00:00,2026-05-31T03:00:00,2026-06-15T00:00:00,POWER_BLOCK,180,COMPLETED
TASK-01523,AST-067,,DEP-003,SEC-006,PREVENTIVE,2023-10-03T00:00:00,2023-10-03T03:00:00,2023-10-18T00:00:00,POWER_BLOCK,180,COMPLETED
TASK-01524,AST-067,,DEP-003,SEC-006,PREVENTIVE,2024-03-31T00:00:00,2024-03-31T03:00:00,2024-04-15T00:00:00,POWER_BLOCK,180,COMPLETED
TASK-01525,AST-067,,DEP-003,SEC-006,PREVENTIVE,2024-09-27T00:00:00,2024-09-27T03:00:00,2024-10-12T00:00:00,POWER_BLOCK,180,COMPLETED
TASK-01526,AST-067,,DEP-003,SEC-006,PREVENTIVE,2025-03-26T00:00:00,2025-03-26T03:00:00,2025-04-10T00:00:00,POWER_BLOCK,180,COMPLETED
TASK-01527,AST-067,,DEP-003,SEC-006,PREVENTIVE,2025-09-22T00:00:00,2025-09-22T03:00:00,2025-10-07T00:00:00,POWER_BLOCK,180,COMPLETED
TASK-01528,AST-067,,DEP-003,SEC-006,PREVENTIVE,2026-03-21T00:00:00,2026-03-21T03:00:00,2026-04-05T00:00:00,POWER_BLOCK,180,COMPLETED
TASK-01529,AST-068,,DEP-003,SEC-006,PREVENTIVE,2023-12-02T00:00:00,2023-12-02T03:00:00,2023-12-17T00:00:00,POWER_BLOCK,180,COMPLETED
TASK-01530,AST-068,,DEP-003,SEC-006,PREVENTIVE,2024-05-30T00:00:00,2024-05-30T03:00:00,2024-06-14T00:00:00,POWER_BLOCK,180,COMPLETED
TASK-01531,AST-068,,DEP-003,SEC-006,PREVENTIVE,2024-11-26T00:00:00,2024-11-26T03:00:00,2024-12-11T00:00:00,POWER_BLOCK,180,COMPLETED
TASK-01532,AST-068,,DEP-003,SEC-006,PREVENTIVE,2025-05-25T00:00:00,2025-05-25T03:00:00,2025-06-09T00:00:00,POWER_BLOCK,180,COMPLETED
TASK-01533,AST-068,,DEP-003,SEC-006,PREVENTIVE,2025-11-21T00:00:00,2025-11-21T03:00:00,2025-12-06T00:00:00,POWER_BLOCK,180,COMPLETED
TASK-01534,AST-068,,DEP-003,SEC-006,PREVENTIVE,2026-05-20T00:00:00,2026-05-20T03:00:00,2026-06-04T00:00:00,POWER_BLOCK,180,COMPLETED
TASK-01556,AST-073,,DEP-003,SEC-003,PREVENTIVE,2024-01-21T00:00:00,2024-01-21T03:00:00,2024-02-05T00:00:00,POWER_BLOCK,180,COMPLETED
TASK-01557,AST-073,,DEP-003,SEC-003,PREVENTIVE,2024-07-19T00:00:00,2024-07-19T03:00:00,2024-08-03T00:00:00,POWER_BLOCK,180,COMPLETED
TASK-01558,AST-073,,DEP-003,SEC-003,PREVENTIVE,2025-01-15T00:00:00,2025-01-15T03:00:00,2025-01-30T00:00:00,POWER_BLOCK,180,COMPLETED
TASK-01559,AST-073,,DEP-003,SEC-003,PREVENTIVE,2025-07-14T00:00:00,2025-07-14T03:00:00,2025-07-29T00:00:00,POWER_BLOCK,180,COMPLETED
TASK-01560,AST-073,,DEP-003,SEC-003,PREVENTIVE,2026-01-10T00:00:00,2026-01-10T03:00:00,2026-01-25T00:00:00,POWER_BLOCK,180,COMPLETED
TASK-01561,AST-073,,DEP-003,SEC-003,PREVENTIVE,2026-07-09T00:00:00,2026-07-09T03:00:00,2026-07-24T00:00:00,POWER_BLOCK,180,COMPLETED
TASK-01574,AST-075,,DEP-003,SEC-002,PREVENTIVE,2023-09-20T00:00:00,2023-09-20T03:00:00,2023-10-05T00:00:00,POWER_BLOCK,180,COMPLETED
TASK-01575,AST-075,,DEP-003,SEC-002,PREVENTIVE,2024-03-18T00:00:00,2024-03-18T03:00:00,2024-04-02T00:00:00,POWER_BLOCK,180,COMPLETED
TASK-01576,AST-075,,DEP-003,SEC-002,PREVENTIVE,2024-09-14T00:00:00,2024-09-14T03:00:00,2024-09-29T00:00:00,POWER_BLOCK,180,COMPLETED
TASK-01577,AST-075,,DEP-003,SEC-002,PREVENTIVE,2025-03-13T00:00:00,2025-03-13T03:00:00,2025-03-28T00:00:00,POWER_BLOCK,180,COMPLETED
TASK-01578,AST-075,,DEP-003,SEC-002,PREVENTIVE,2025-09-09T00:00:00,2025-09-09T03:00:00,2025-09-24T00:00:00,POWER_BLOCK,180,COMPLETED
TASK-01579,AST-075,,DEP-003,SEC-002,PREVENTIVE,2026-03-08T00:00:00,2026-03-08T03:00:00,2026-03-23T00:00:00,POWER_BLOCK,180,COMPLETED
TASK-01607,AST-079,,DEP-003,SEC-002,PREVENTIVE,2023-08-23T00:00:00,2023-08-23T03:00:00,2023-09-07T00:00:00,POWER_BLOCK,180,COMPLETED
TASK-01608,AST-079,,DEP-003,SEC-002,PREVENTIVE,2024-02-19T00:00:00,2024-02-19T03:00:00,2024-03-05T00:00:00,POWER_BLOCK,180,COMPLETED
TASK-01609,AST-079,,DEP-003,SEC-002,PREVENTIVE,2024-08-17T00:00:00,2024-08-17T03:00:00,2024-09-01T00:00:00,POWER_BLOCK,180,COMPLETED
TASK-01610,AST-079,,DEP-003,SEC-002,PREVENTIVE,2025-02-13T00:00:00,2025-02-13T03:00:00,2025-02-28T00:00:00,POWER_BLOCK,180,COMPLETED
TASK-01611,AST-079,,DEP-003,SEC-002,PREVENTIVE,2025-08-12T00:00:00,2025-08-12T03:00:00,2025-08-27T00:00:00,POWER_BLOCK,180,COMPLETED
TASK-01612,AST-079,,DEP-003,SEC-002,PREVENTIVE,2026-02-08T00:00:00,2026-02-08T03:00:00,2026-02-23T00:00:00,POWER_BLOCK,180,COMPLETED
TASK-01613,AST-080,,DEP-003,SEC-002,PREVENTIVE,2023-10-01T00:00:00,2023-10-01T03:00:00,2023-10-16T00:00:00,POWER_BLOCK,180,COMPLETED
TASK-01614,AST-080,,DEP-003,SEC-002,PREVENTIVE,2024-03-29T00:00:00,2024-03-29T03:00:00,2024-04-13T00:00:00,POWER_BLOCK,180,COMPLETED
TASK-01615,AST-080,,DEP-003,SEC-002,PREVENTIVE,2024-09-25T00:00:00,2024-09-25T03:00:00,2024-10-10T00:00:00,POWER_BLOCK,180,COMPLETED
TASK-01616,AST-080,,DEP-003,SEC-002,PREVENTIVE,2025-03-24T00:00:00,2025-03-24T03:00:00,2025-04-08T00:00:00,POWER_BLOCK,180,COMPLETED
TASK-01617,AST-080,,DEP-003,SEC-002,PREVENTIVE,2025-09-20T00:00:00,2025-09-20T03:00:00,2025-10-05T00:00:00,POWER_BLOCK,180,COMPLETED
TASK-01618,AST-080,,DEP-003,SEC-002,PREVENTIVE,2026-03-19T00:00:00,2026-03-19T03:00:00,2026-04-03T00:00:00,POWER_BLOCK,180,COMPLETED
TASK-01622,AST-082,,DEP-003,SEC-002,PREVENTIVE,2023-09-25T00:00:00,2023-09-25T03:00:00,2023-10-10T00:00:00,POWER_BLOCK,180,COMPLETED
TASK-01623,AST-082,,DEP-003,SEC-002,PREVENTIVE,2024-03-23T00:00:00,2024-03-23T03:00:00,2024-04-07T00:00:00,POWER_BLOCK,180,COMPLETED
TASK-01624,AST-082,,DEP-003,SEC-002,PREVENTIVE,2024-09-19T00:00:00,2024-09-19T03:00:00,2024-10-04T00:00:00,POWER_BLOCK,180,COMPLETED
TASK-01625,AST-082,,DEP-003,SEC-002,PREVENTIVE,2025-03-18T00:00:00,2025-03-18T03:00:00,2025-04-02T00:00:00,POWER_BLOCK,180,COMPLETED
TASK-01626,AST-082,,DEP-003,SEC-002,PREVENTIVE,2025-09-14T00:00:00,2025-09-14T03:00:00,2025-09-29T00:00:00,POWER_BLOCK,180,COMPLETED
TASK-01627,AST-082,,DEP-003,SEC-002,PREVENTIVE,2026-03-13T00:00:00,2026-03-13T03:00:00,2026-03-28T00:00:00,POWER_BLOCK,180,COMPLETED
TASK-01655,AST-092,,DEP-003,SEC-003,PREVENTIVE,2023-10-04T00:00:00,2023-10-04T03:00:00,2023-10-19T00:00:00,POWER_BLOCK,180,COMPLETED
TASK-01656,AST-092,,DEP-003,SEC-003,PREVENTIVE,2024-04-01T00:00:00,2024-04-01T03:00:00,2024-04-16T00:00:00,POWER_BLOCK,180,COMPLETED
TASK-01657,AST-092,,DEP-003,SEC-003,PREVENTIVE,2024-09-28T00:00:00,2024-09-28T03:00:00,2024-10-13T00:00:00,POWER_BLOCK,180,COMPLETED
TASK-01658,AST-092,,DEP-003,SEC-003,PREVENTIVE,2025-03-27T00:00:00,2025-03-27T03:00:00,2025-04-11T00:00:00,POWER_BLOCK,180,COMPLETED
TASK-01659,AST-092,,DEP-003,SEC-003,PREVENTIVE,2025-09-23T00:00:00,2025-09-23T03:00:00,2025-10-08T00:00:00,POWER_BLOCK,180,COMPLETED
TASK-01660,AST-092,,DEP-003,SEC-003,PREVENTIVE,2026-03-22T00:00:00,2026-03-22T03:00:00,2026-04-06T00:00:00,POWER_BLOCK,180,COMPLETED
TASK-01820,AST-110,,DEP-003,SEC-003,PREVENTIVE,2023-12-31T00:00:00,2023-12-31T03:00:00,2024-01-15T00:00:00,POWER_BLOCK,180,COMPLETED
TASK-01821,AST-110,,DEP-003,SEC-003,PREVENTIVE,2024-06-28T00:00:00,2024-06-28T03:00:00,2024-07-13T00:00:00,POWER_BLOCK,180,COMPLETED
TASK-01822,AST-110,,DEP-003,SEC-003,PREVENTIVE,2024-12-25T00:00:00,2024-12-25T03:00:00,2025-01-09T00:00:00,POWER_BLOCK,180,COMPLETED
TASK-01823,AST-110,,DEP-003,SEC-003,PREVENTIVE,2025-06-23T00:00:00,2025-06-23T03:00:00,2025-07-08T00:00:00,POWER_BLOCK,180,COMPLETED
TASK-01824,AST-110,,DEP-003,SEC-003,PREVENTIVE,2025-12-20T00:00:00,2025-12-20T03:00:00,2026-01-04T00:00:00,POWER_BLOCK,180,COMPLETED
TASK-01825,AST-110,,DEP-003,SEC-003,PREVENTIVE,2026-06-18T00:00:00,2026-06-18T03:00:00,2026-07-03T00:00:00,POWER_BLOCK,180,COMPLETED
TASK-01832,AST-113,,DEP-003,SEC-002,PREVENTIVE,2023-09-10T00:00:00,2023-09-10T03:00:00,2023-09-25T00:00:00,POWER_BLOCK,180,COMPLETED
TASK-01833,AST-113,,DEP-003,SEC-002,PREVENTIVE,2024-03-08T00:00:00,2024-03-08T03:00:00,2024-03-23T00:00:00,POWER_BLOCK,180,COMPLETED
TASK-01834,AST-113,,DEP-003,SEC-002,PREVENTIVE,2024-09-04T00:00:00,2024-09-04T03:00:00,2024-09-19T00:00:00,POWER_BLOCK,180,COMPLETED
TASK-01835,AST-113,,DEP-003,SEC-002,PREVENTIVE,2025-03-03T00:00:00,2025-03-03T03:00:00,2025-03-18T00:00:00,POWER_BLOCK,180,COMPLETED
TASK-01836,AST-113,,DEP-003,SEC-002,PREVENTIVE,2025-08-30T00:00:00,2025-08-30T03:00:00,2025-09-14T00:00:00,POWER_BLOCK,180,COMPLETED
TASK-01837,AST-113,,DEP-003,SEC-002,PREVENTIVE,2026-02-26T00:00:00,2026-02-26T03:00:00,2026-03-13T00:00:00,POWER_BLOCK,180,COMPLETED
TASK-01865,AST-117,,DEP-003,SEC-004,PREVENTIVE,2023-08-17T00:00:00,2023-08-17T03:00:00,2023-09-01T00:00:00,POWER_BLOCK,180,COMPLETED
TASK-01866,AST-117,,DEP-003,SEC-004,PREVENTIVE,2024-02-13T00:00:00,2024-02-13T03:00:00,2024-02-28T00:00:00,POWER_BLOCK,180,COMPLETED
TASK-01867,AST-117,,DEP-003,SEC-004,PREVENTIVE,2024-08-11T00:00:00,2024-08-11T03:00:00,2024-08-26T00:00:00,POWER_BLOCK,180,COMPLETED
TASK-01868,AST-117,,DEP-003,SEC-004,PREVENTIVE,2025-02-07T00:00:00,2025-02-07T03:00:00,2025-02-22T00:00:00,POWER_BLOCK,180,COMPLETED
TASK-01869,AST-117,,DEP-003,SEC-004,PREVENTIVE,2025-08-06T00:00:00,2025-08-06T03:00:00,2025-08-21T00:00:00,POWER_BLOCK,180,COMPLETED
TASK-01870,AST-117,,DEP-003,SEC-004,PREVENTIVE,2026-02-02T00:00:00,2026-02-02T03:00:00,2026-02-17T00:00:00,POWER_BLOCK,180,COMPLETED
TASK-01898,AST-121,,DEP-003,SEC-005,PREVENTIVE,2023-09-09T00:00:00,2023-09-09T03:00:00,2023-09-24T00:00:00,POWER_BLOCK,180,COMPLETED
TASK-01899,AST-121,,DEP-003,SEC-005,PREVENTIVE,2024-03-07T00:00:00,2024-03-07T03:00:00,2024-03-22T00:00:00,POWER_BLOCK,180,COMPLETED
TASK-01900,AST-121,,DEP-003,SEC-005,PREVENTIVE,2024-09-03T00:00:00,2024-09-03T03:00:00,2024-09-18T00:00:00,POWER_BLOCK,180,COMPLETED
TASK-01901,AST-121,,DEP-003,SEC-005,PREVENTIVE,2025-03-02T00:00:00,2025-03-02T03:00:00,2025-03-17T00:00:00,POWER_BLOCK,180,COMPLETED
TASK-01902,AST-121,,DEP-003,SEC-005,PREVENTIVE,2025-08-29T00:00:00,2025-08-29T03:00:00,2025-09-13T00:00:00,POWER_BLOCK,180,COMPLETED
TASK-01903,AST-121,,DEP-003,SEC-005,PREVENTIVE,2026-02-25T00:00:00,2026-02-25T03:00:00,2026-03-12T00:00:00,POWER_BLOCK,180,COMPLETED
TASK-01916,AST-123,,DEP-003,SEC-001,PREVENTIVE,2023-10-24T00:00:00,2023-10-24T03:00:00,2023-11-08T00:00:00,POWER_BLOCK,180,COMPLETED
TASK-01917,AST-123,,DEP-003,SEC-001,PREVENTIVE,2024-04-21T00:00:00,2024-04-21T03:00:00,2024-05-06T00:00:00,POWER_BLOCK,180,COMPLETED
TASK-01918,AST-123,,DEP-003,SEC-001,PREVENTIVE,2024-10-18T00:00:00,2024-10-18T03:00:00,2024-11-02T00:00:00,POWER_BLOCK,180,COMPLETED
TASK-01919,AST-123,,DEP-003,SEC-001,PREVENTIVE,2025-04-16T00:00:00,2025-04-16T03:00:00,2025-05-01T00:00:00,POWER_BLOCK,180,COMPLETED
TASK-01920,AST-123,,DEP-003,SEC-001,PREVENTIVE,2025-10-13T00:00:00,2025-10-13T03:00:00,2025-10-28T00:00:00,POWER_BLOCK,180,COMPLETED
TASK-01921,AST-123,,DEP-003,SEC-001,PREVENTIVE,2026-04-11T00:00:00,2026-04-11T03:00:00,2026-04-26T00:00:00,POWER_BLOCK,180,COMPLETED
TASK-01931,AST-127,,DEP-003,SEC-001,PREVENTIVE,2024-01-03T00:00:00,2024-01-03T03:00:00,2024-01-18T00:00:00,POWER_BLOCK,180,COMPLETED
TASK-01932,AST-127,,DEP-003,SEC-001,PREVENTIVE,2024-07-01T00:00:00,2024-07-01T03:00:00,2024-07-16T00:00:00,POWER_BLOCK,180,COMPLETED
TASK-01933,AST-127,,DEP-003,SEC-001,PREVENTIVE,2024-12-28T00:00:00,2024-12-28T03:00:00,2025-01-12T00:00:00,POWER_BLOCK,180,COMPLETED
TASK-01934,AST-127,,DEP-003,SEC-001,PREVENTIVE,2025-06-26T00:00:00,2025-06-26T03:00:00,2025-07-11T00:00:00,POWER_BLOCK,180,COMPLETED
TASK-01935,AST-127,,DEP-003,SEC-001,PREVENTIVE,2025-12-23T00:00:00,2025-12-23T03:00:00,2026-01-07T00:00:00,POWER_BLOCK,180,COMPLETED
TASK-01936,AST-127,,DEP-003,SEC-001,PREVENTIVE,2026-06-21T00:00:00,2026-06-21T03:00:00,2026-07-06T00:00:00,POWER_BLOCK,180,COMPLETED
TASK-01976,AST-132,,DEP-003,SEC-006,PREVENTIVE,2023-12-24T00:00:00,2023-12-24T03:00:00,2024-01-08T00:00:00,POWER_BLOCK,180,COMPLETED
TASK-01977,AST-132,,DEP-003,SEC-006,PREVENTIVE,2024-06-21T00:00:00,2024-06-21T03:00:00,2024-07-06T00:00:00,POWER_BLOCK,180,COMPLETED
TASK-01978,AST-132,,DEP-003,SEC-006,PREVENTIVE,2024-12-18T00:00:00,2024-12-18T03:00:00,2025-01-02T00:00:00,POWER_BLOCK,180,COMPLETED
TASK-01979,AST-132,,DEP-003,SEC-006,PREVENTIVE,2025-06-16T00:00:00,2025-06-16T03:00:00,2025-07-01T00:00:00,POWER_BLOCK,180,COMPLETED
TASK-01980,AST-132,,DEP-003,SEC-006,PREVENTIVE,2025-12-13T00:00:00,2025-12-13T03:00:00,2025-12-28T00:00:00,POWER_BLOCK,180,COMPLETED
TASK-01981,AST-132,,DEP-003,SEC-006,PREVENTIVE,2026-06-11T00:00:00,2026-06-11T03:00:00,2026-06-26T00:00:00,POWER_BLOCK,180,COMPLETED
TASK-01988,AST-135,,DEP-003,SEC-001,PREVENTIVE,2024-01-20T00:00:00,2024-01-20T03:00:00,2024-02-04T00:00:00,POWER_BLOCK,180,COMPLETED
TASK-01989,AST-135,,DEP-003,SEC-001,PREVENTIVE,2024-07-18T00:00:00,2024-07-18T03:00:00,2024-08-02T00:00:00,POWER_BLOCK,180,COMPLETED
TASK-01990,AST-135,,DEP-003,SEC-001,PREVENTIVE,2025-01-14T00:00:00,2025-01-14T03:00:00,2025-01-29T00:00:00,POWER_BLOCK,180,COMPLETED
TASK-01991,AST-135,,DEP-003,SEC-001,PREVENTIVE,2025-07-13T00:00:00,2025-07-13T03:00:00,2025-07-28T00:00:00,POWER_BLOCK,180,COMPLETED
TASK-01992,AST-135,,DEP-003,SEC-001,PREVENTIVE,2026-01-09T00:00:00,2026-01-09T03:00:00,2026-01-24T00:00:00,POWER_BLOCK,180,COMPLETED
TASK-01993,AST-135,,DEP-003,SEC-001,PREVENTIVE,2026-07-08T00:00:00,2026-07-08T03:00:00,2026-07-23T00:00:00,POWER_BLOCK,180,COMPLETED
TASK-02006,AST-137,,DEP-003,SEC-004,PREVENTIVE,2023-12-26T00:00:00,2023-12-26T03:00:00,2024-01-10T00:00:00,POWER_BLOCK,180,COMPLETED
TASK-02007,AST-137,,DEP-003,SEC-004,PREVENTIVE,2024-06-23T00:00:00,2024-06-23T03:00:00,2024-07-08T00:00:00,POWER_BLOCK,180,COMPLETED
TASK-02008,AST-137,,DEP-003,SEC-004,PREVENTIVE,2024-12-20T00:00:00,2024-12-20T03:00:00,2025-01-04T00:00:00,POWER_BLOCK,180,COMPLETED
TASK-02009,AST-137,,DEP-003,SEC-004,PREVENTIVE,2025-06-18T00:00:00,2025-06-18T03:00:00,2025-07-03T00:00:00,POWER_BLOCK,180,COMPLETED
TASK-02010,AST-137,,DEP-003,SEC-004,PREVENTIVE,2025-12-15T00:00:00,2025-12-15T03:00:00,2025-12-30T00:00:00,POWER_BLOCK,180,COMPLETED
TASK-02011,AST-137,,DEP-003,SEC-004,PREVENTIVE,2026-06-13T00:00:00,2026-06-13T03:00:00,2026-06-28T00:00:00,POWER_BLOCK,180,COMPLETED
TASK-02036,AST-140,,DEP-003,SEC-004,PREVENTIVE,2023-10-01T00:00:00,2023-10-01T03:00:00,2023-10-16T00:00:00,POWER_BLOCK,180,COMPLETED
TASK-02037,AST-140,,DEP-003,SEC-004,PREVENTIVE,2024-03-29T00:00:00,2024-03-29T03:00:00,2024-04-13T00:00:00,POWER_BLOCK,180,COMPLETED
TASK-02038,AST-140,,DEP-003,SEC-004,PREVENTIVE,2024-09-25T00:00:00,2024-09-25T03:00:00,2024-10-10T00:00:00,POWER_BLOCK,180,COMPLETED
TASK-02039,AST-140,,DEP-003,SEC-004,PREVENTIVE,2025-03-24T00:00:00,2025-03-24T03:00:00,2025-04-08T00:00:00,POWER_BLOCK,180,COMPLETED
TASK-02040,AST-140,,DEP-003,SEC-004,PREVENTIVE,2025-09-20T00:00:00,2025-09-20T03:00:00,2025-10-05T00:00:00,POWER_BLOCK,180,COMPLETED
TASK-02041,AST-140,,DEP-003,SEC-004,PREVENTIVE,2026-03-19T00:00:00,2026-03-19T03:00:00,2026-04-03T00:00:00,POWER_BLOCK,180,COMPLETED
TASK-02096,AST-150,,DEP-003,SEC-003,PREVENTIVE,2023-12-26T00:00:00,2023-12-26T03:00:00,2024-01-10T00:00:00,POWER_BLOCK,180,COMPLETED
TASK-02097,AST-150,,DEP-003,SEC-003,PREVENTIVE,2024-06-23T00:00:00,2024-06-23T03:00:00,2024-07-08T00:00:00,POWER_BLOCK,180,COMPLETED
TASK-02098,AST-150,,DEP-003,SEC-003,PREVENTIVE,2024-12-20T00:00:00,2024-12-20T03:00:00,2025-01-04T00:00:00,POWER_BLOCK,180,COMPLETED
TASK-02099,AST-150,,DEP-003,SEC-003,PREVENTIVE,2025-06-18T00:00:00,2025-06-18T03:00:00,2025-07-03T00:00:00,POWER_BLOCK,180,COMPLETED
TASK-02100,AST-150,,DEP-003,SEC-003,PREVENTIVE,2025-12-15T00:00:00,2025-12-15T03:00:00,2025-12-30T00:00:00,POWER_BLOCK,180,COMPLETED
TASK-02101,AST-150,,DEP-003,SEC-003,PREVENTIVE,2026-06-13T00:00:00,2026-06-13T03:00:00,2026-06-28T00:00:00,POWER_BLOCK,180,COMPLETED
TASK-02117,AST-156,,DEP-003,SEC-004,PREVENTIVE,2024-01-15T00:00:00,2024-01-15T03:00:00,2024-01-30T00:00:00,POWER_BLOCK,180,COMPLETED
TASK-02118,AST-156,,DEP-003,SEC-004,PREVENTIVE,2024-07-13T00:00:00,2024-07-13T03:00:00,2024-07-28T00:00:00,POWER_BLOCK,180,COMPLETED
TASK-02119,AST-156,,DEP-003,SEC-004,PREVENTIVE,2025-01-09T00:00:00,2025-01-09T03:00:00,2025-01-24T00:00:00,POWER_BLOCK,180,COMPLETED
TASK-02120,AST-156,,DEP-003,SEC-004,PREVENTIVE,2025-07-08T00:00:00,2025-07-08T03:00:00,2025-07-23T00:00:00,POWER_BLOCK,180,COMPLETED
TASK-02121,AST-156,,DEP-003,SEC-004,PREVENTIVE,2026-01-04T00:00:00,2026-01-04T03:00:00,2026-01-19T00:00:00,POWER_BLOCK,180,COMPLETED
TASK-02122,AST-156,,DEP-003,SEC-004,PREVENTIVE,2026-07-03T00:00:00,2026-07-03T03:00:00,2026-07-18T00:00:00,POWER_BLOCK,180,COMPLETED
TASK-02135,AST-158,,DEP-003,SEC-004,PREVENTIVE,2023-11-16T00:00:00,2023-11-16T03:00:00,2023-12-01T00:00:00,POWER_BLOCK,180,COMPLETED
TASK-02136,AST-158,,DEP-003,SEC-004,PREVENTIVE,2024-05-14T00:00:00,2024-05-14T03:00:00,2024-05-29T00:00:00,POWER_BLOCK,180,COMPLETED
TASK-02137,AST-158,,DEP-003,SEC-004,PREVENTIVE,2024-11-10T00:00:00,2024-11-10T03:00:00,2024-11-25T00:00:00,POWER_BLOCK,180,COMPLETED
TASK-02138,AST-158,,DEP-003,SEC-004,PREVENTIVE,2025-05-09T00:00:00,2025-05-09T03:00:00,2025-05-24T00:00:00,POWER_BLOCK,180,COMPLETED
TASK-02139,AST-158,,DEP-003,SEC-004,PREVENTIVE,2025-11-05T00:00:00,2025-11-05T03:00:00,2025-11-20T00:00:00,POWER_BLOCK,180,COMPLETED
TASK-02140,AST-158,,DEP-003,SEC-004,PREVENTIVE,2026-05-04T00:00:00,2026-05-04T03:00:00,2026-05-19T00:00:00,POWER_BLOCK,180,COMPLETED
TASK-02171,AST-163,,DEP-003,SEC-003,PREVENTIVE,2024-01-20T00:00:00,2024-01-20T03:00:00,2024-02-04T00:00:00,POWER_BLOCK,180,COMPLETED
TASK-02172,AST-163,,DEP-003,SEC-003,PREVENTIVE,2024-07-18T00:00:00,2024-07-18T03:00:00,2024-08-02T00:00:00,POWER_BLOCK,180,COMPLETED
TASK-02173,AST-163,,DEP-003,SEC-003,PREVENTIVE,2025-01-14T00:00:00,2025-01-14T03:00:00,2025-01-29T00:00:00,POWER_BLOCK,180,COMPLETED
TASK-02174,AST-163,,DEP-003,SEC-003,PREVENTIVE,2025-07-13T00:00:00,2025-07-13T03:00:00,2025-07-28T00:00:00,POWER_BLOCK,180,COMPLETED
TASK-02175,AST-163,,DEP-003,SEC-003,PREVENTIVE,2026-01-09T00:00:00,2026-01-09T03:00:00,2026-01-24T00:00:00,POWER_BLOCK,180,COMPLETED
TASK-02176,AST-163,,DEP-003,SEC-003,PREVENTIVE,2026-07-08T00:00:00,2026-07-08T03:00:00,2026-07-23T00:00:00,POWER_BLOCK,180,COMPLETED
TASK-02207,AST-168,,DEP-003,SEC-006,PREVENTIVE,2023-09-21T00:00:00,2023-09-21T03:00:00,2023-10-06T00:00:00,POWER_BLOCK,180,COMPLETED
TASK-02208,AST-168,,DEP-003,SEC-006,PREVENTIVE,2024-03-19T00:00:00,2024-03-19T03:00:00,2024-04-03T00:00:00,POWER_BLOCK,180,COMPLETED
TASK-02209,AST-168,,DEP-003,SEC-006,PREVENTIVE,2024-09-15T00:00:00,2024-09-15T03:00:00,2024-09-30T00:00:00,POWER_BLOCK,180,COMPLETED
TASK-02210,AST-168,,DEP-003,SEC-006,PREVENTIVE,2025-03-14T00:00:00,2025-03-14T03:00:00,2025-03-29T00:00:00,POWER_BLOCK,180,COMPLETED
TASK-02211,AST-168,,DEP-003,SEC-006,PREVENTIVE,2025-09-10T00:00:00,2025-09-10T03:00:00,2025-09-25T00:00:00,POWER_BLOCK,180,COMPLETED
TASK-02212,AST-168,,DEP-003,SEC-006,PREVENTIVE,2026-03-09T00:00:00,2026-03-09T03:00:00,2026-03-24T00:00:00,POWER_BLOCK,180,COMPLETED
TASK-02213,AST-169,,DEP-003,SEC-005,PREVENTIVE,2023-10-06T00:00:00,2023-10-06T03:00:00,2023-10-21T00:00:00,POWER_BLOCK,180,COMPLETED
TASK-02214,AST-169,,DEP-003,SEC-005,PREVENTIVE,2024-04-03T00:00:00,2024-04-03T03:00:00,2024-04-18T00:00:00,POWER_BLOCK,180,COMPLETED
TASK-02215,AST-169,,DEP-003,SEC-005,PREVENTIVE,2024-09-30T00:00:00,2024-09-30T03:00:00,2024-10-15T00:00:00,POWER_BLOCK,180,COMPLETED
TASK-02216,AST-169,,DEP-003,SEC-005,PREVENTIVE,2025-03-29T00:00:00,2025-03-29T03:00:00,2025-04-13T00:00:00,POWER_BLOCK,180,COMPLETED
TASK-02217,AST-169,,DEP-003,SEC-005,PREVENTIVE,2025-09-25T00:00:00,2025-09-25T03:00:00,2025-10-10T00:00:00,POWER_BLOCK,180,COMPLETED
TASK-02218,AST-169,,DEP-003,SEC-005,PREVENTIVE,2026-03-24T00:00:00,2026-03-24T03:00:00,2026-04-08T00:00:00,POWER_BLOCK,180,COMPLETED
TASK-02231,AST-171,,DEP-003,SEC-001,PREVENTIVE,2023-11-17T00:00:00,2023-11-17T03:00:00,2023-12-02T00:00:00,POWER_BLOCK,180,COMPLETED
TASK-02232,AST-171,,DEP-003,SEC-001,PREVENTIVE,2024-05-15T00:00:00,2024-05-15T03:00:00,2024-05-30T00:00:00,POWER_BLOCK,180,COMPLETED
TASK-02233,AST-171,,DEP-003,SEC-001,PREVENTIVE,2024-11-11T00:00:00,2024-11-11T03:00:00,2024-11-26T00:00:00,POWER_BLOCK,180,COMPLETED
TASK-02234,AST-171,,DEP-003,SEC-001,PREVENTIVE,2025-05-10T00:00:00,2025-05-10T03:00:00,2025-05-25T00:00:00,POWER_BLOCK,180,COMPLETED
TASK-02235,AST-171,,DEP-003,SEC-001,PREVENTIVE,2025-11-06T00:00:00,2025-11-06T03:00:00,2025-11-21T00:00:00,POWER_BLOCK,180,COMPLETED
TASK-02236,AST-171,,DEP-003,SEC-001,PREVENTIVE,2026-05-05T00:00:00,2026-05-05T03:00:00,2026-05-20T00:00:00,POWER_BLOCK,180,COMPLETED
TASK-02276,AST-176,,DEP-003,SEC-005,PREVENTIVE,2023-10-22T00:00:00,2023-10-22T03:00:00,2023-11-06T00:00:00,POWER_BLOCK,180,COMPLETED
TASK-02277,AST-176,,DEP-003,SEC-005,PREVENTIVE,2024-04-19T00:00:00,2024-04-19T03:00:00,2024-05-04T00:00:00,POWER_BLOCK,180,COMPLETED
TASK-02278,AST-176,,DEP-003,SEC-005,PREVENTIVE,2024-10-16T00:00:00,2024-10-16T03:00:00,2024-10-31T00:00:00,POWER_BLOCK,180,COMPLETED
TASK-02279,AST-176,,DEP-003,SEC-005,PREVENTIVE,2025-04-14T00:00:00,2025-04-14T03:00:00,2025-04-29T00:00:00,POWER_BLOCK,180,COMPLETED
TASK-02280,AST-176,,DEP-003,SEC-005,PREVENTIVE,2025-10-11T00:00:00,2025-10-11T03:00:00,2025-10-26T00:00:00,POWER_BLOCK,180,COMPLETED
TASK-02281,AST-176,,DEP-003,SEC-005,PREVENTIVE,2026-04-09T00:00:00,2026-04-09T03:00:00,2026-04-24T00:00:00,POWER_BLOCK,180,COMPLETED
TASK-02327,AST-183,,DEP-003,SEC-001,PREVENTIVE,2023-11-14T00:00:00,2023-11-14T03:00:00,2023-11-29T00:00:00,POWER_BLOCK,180,COMPLETED
TASK-02328,AST-183,,DEP-003,SEC-001,PREVENTIVE,2024-05-12T00:00:00,2024-05-12T03:00:00,2024-05-27T00:00:00,POWER_BLOCK,180,COMPLETED
TASK-02329,AST-183,,DEP-003,SEC-001,PREVENTIVE,2024-11-08T00:00:00,2024-11-08T03:00:00,2024-11-23T00:00:00,POWER_BLOCK,180,COMPLETED
TASK-02330,AST-183,,DEP-003,SEC-001,PREVENTIVE,2025-05-07T00:00:00,2025-05-07T03:00:00,2025-05-22T00:00:00,POWER_BLOCK,180,COMPLETED
TASK-02331,AST-183,,DEP-003,SEC-001,PREVENTIVE,2025-11-03T00:00:00,2025-11-03T03:00:00,2025-11-18T00:00:00,POWER_BLOCK,180,COMPLETED
TASK-02332,AST-183,,DEP-003,SEC-001,PREVENTIVE,2026-05-02T00:00:00,2026-05-02T03:00:00,2026-05-17T00:00:00,POWER_BLOCK,180,COMPLETED
TASK-02345,AST-185,,DEP-003,SEC-004,PREVENTIVE,2023-08-21T00:00:00,2023-08-21T03:00:00,2023-09-05T00:00:00,POWER_BLOCK,180,COMPLETED
TASK-02346,AST-185,,DEP-003,SEC-004,PREVENTIVE,2024-02-17T00:00:00,2024-02-17T03:00:00,2024-03-03T00:00:00,POWER_BLOCK,180,COMPLETED
TASK-02347,AST-185,,DEP-003,SEC-004,PREVENTIVE,2024-08-15T00:00:00,2024-08-15T03:00:00,2024-08-30T00:00:00,POWER_BLOCK,180,COMPLETED
TASK-02348,AST-185,,DEP-003,SEC-004,PREVENTIVE,2025-02-11T00:00:00,2025-02-11T03:00:00,2025-02-26T00:00:00,POWER_BLOCK,180,COMPLETED
TASK-02349,AST-185,,DEP-003,SEC-004,PREVENTIVE,2025-08-10T00:00:00,2025-08-10T03:00:00,2025-08-25T00:00:00,POWER_BLOCK,180,COMPLETED
TASK-02350,AST-185,,DEP-003,SEC-004,PREVENTIVE,2026-02-06T00:00:00,2026-02-06T03:00:00,2026-02-21T00:00:00,POWER_BLOCK,180,COMPLETED
TASK-02381,AST-190,,DEP-003,SEC-006,PREVENTIVE,2023-09-18T00:00:00,2023-09-18T03:00:00,2023-10-03T00:00:00,POWER_BLOCK,180,COMPLETED
TASK-02382,AST-190,,DEP-003,SEC-006,PREVENTIVE,2024-03-16T00:00:00,2024-03-16T03:00:00,2024-03-31T00:00:00,POWER_BLOCK,180,COMPLETED
TASK-02383,AST-190,,DEP-003,SEC-006,PREVENTIVE,2024-09-12T00:00:00,2024-09-12T03:00:00,2024-09-27T00:00:00,POWER_BLOCK,180,COMPLETED
TASK-02384,AST-190,,DEP-003,SEC-006,PREVENTIVE,2025-03-11T00:00:00,2025-03-11T03:00:00,2025-03-26T00:00:00,POWER_BLOCK,180,COMPLETED
TASK-02385,AST-190,,DEP-003,SEC-006,PREVENTIVE,2025-09-07T00:00:00,2025-09-07T03:00:00,2025-09-22T00:00:00,POWER_BLOCK,180,COMPLETED
TASK-02386,AST-190,,DEP-003,SEC-006,PREVENTIVE,2026-03-06T00:00:00,2026-03-06T03:00:00,2026-03-21T00:00:00,POWER_BLOCK,180,COMPLETED
TASK-02393,AST-193,,DEP-003,SEC-004,PREVENTIVE,2023-09-28T00:00:00,2023-09-28T03:00:00,2023-10-13T00:00:00,POWER_BLOCK,180,COMPLETED
TASK-02394,AST-193,,DEP-003,SEC-004,PREVENTIVE,2024-03-26T00:00:00,2024-03-26T03:00:00,2024-04-10T00:00:00,POWER_BLOCK,180,COMPLETED
TASK-02395,AST-193,,DEP-003,SEC-004,PREVENTIVE,2024-09-22T00:00:00,2024-09-22T03:00:00,2024-10-07T00:00:00,POWER_BLOCK,180,COMPLETED
TASK-02396,AST-193,,DEP-003,SEC-004,PREVENTIVE,2025-03-21T00:00:00,2025-03-21T03:00:00,2025-04-05T00:00:00,POWER_BLOCK,180,COMPLETED
TASK-02397,AST-193,,DEP-003,SEC-004,PREVENTIVE,2025-09-17T00:00:00,2025-09-17T03:00:00,2025-10-02T00:00:00,POWER_BLOCK,180,COMPLETED
TASK-02398,AST-193,,DEP-003,SEC-004,PREVENTIVE,2026-03-16T00:00:00,2026-03-16T03:00:00,2026-03-31T00:00:00,POWER_BLOCK,180,COMPLETED
TASK-02426,AST-197,,DEP-003,SEC-005,PREVENTIVE,2023-11-14T00:00:00,2023-11-14T03:00:00,2023-11-29T00:00:00,POWER_BLOCK,180,COMPLETED
TASK-02427,AST-197,,DEP-003,SEC-005,PREVENTIVE,2024-05-12T00:00:00,2024-05-12T03:00:00,2024-05-27T00:00:00,POWER_BLOCK,180,COMPLETED
TASK-02428,AST-197,,DEP-003,SEC-005,PREVENTIVE,2024-11-08T00:00:00,2024-11-08T03:00:00,2024-11-23T00:00:00,POWER_BLOCK,180,COMPLETED
TASK-02429,AST-197,,DEP-003,SEC-005,PREVENTIVE,2025-05-07T00:00:00,2025-05-07T03:00:00,2025-05-22T00:00:00,POWER_BLOCK,180,COMPLETED
TASK-02430,AST-197,,DEP-003,SEC-005,PREVENTIVE,2025-11-03T00:00:00,2025-11-03T03:00:00,2025-11-18T00:00:00,POWER_BLOCK,180,COMPLETED
TASK-02431,AST-197,,DEP-003,SEC-005,PREVENTIVE,2026-05-02T00:00:00,2026-05-02T03:00:00,2026-05-17T00:00:00,POWER_BLOCK,180,COMPLETED
TASK-02462,AST-202,,DEP-003,SEC-001,PREVENTIVE,2023-09-15T00:00:00,2023-09-15T03:00:00,2023-09-30T00:00:00,POWER_BLOCK,180,COMPLETED
TASK-02463,AST-202,,DEP-003,SEC-001,PREVENTIVE,2024-03-13T00:00:00,2024-03-13T03:00:00,2024-03-28T00:00:00,POWER_BLOCK,180,COMPLETED
TASK-02464,AST-202,,DEP-003,SEC-001,PREVENTIVE,2024-09-09T00:00:00,2024-09-09T03:00:00,2024-09-24T00:00:00,POWER_BLOCK,180,COMPLETED
TASK-02465,AST-202,,DEP-003,SEC-001,PREVENTIVE,2025-03-08T00:00:00,2025-03-08T03:00:00,2025-03-23T00:00:00,POWER_BLOCK,180,COMPLETED
TASK-02466,AST-202,,DEP-003,SEC-001,PREVENTIVE,2025-09-04T00:00:00,2025-09-04T03:00:00,2025-09-19T00:00:00,POWER_BLOCK,180,COMPLETED
TASK-02467,AST-202,,DEP-003,SEC-001,PREVENTIVE,2026-03-03T00:00:00,2026-03-03T03:00:00,2026-03-18T00:00:00,POWER_BLOCK,180,COMPLETED
TASK-02471,AST-204,,DEP-003,SEC-005,PREVENTIVE,2023-12-28T00:00:00,2023-12-28T03:00:00,2024-01-12T00:00:00,POWER_BLOCK,180,COMPLETED
TASK-02472,AST-204,,DEP-003,SEC-005,PREVENTIVE,2024-06-25T00:00:00,2024-06-25T03:00:00,2024-07-10T00:00:00,POWER_BLOCK,180,COMPLETED
TASK-02473,AST-204,,DEP-003,SEC-005,PREVENTIVE,2024-12-22T00:00:00,2024-12-22T03:00:00,2025-01-06T00:00:00,POWER_BLOCK,180,COMPLETED
TASK-02474,AST-204,,DEP-003,SEC-005,PREVENTIVE,2025-06-20T00:00:00,2025-06-20T03:00:00,2025-07-05T00:00:00,POWER_BLOCK,180,COMPLETED
TASK-02475,AST-204,,DEP-003,SEC-005,PREVENTIVE,2025-12-17T00:00:00,2025-12-17T03:00:00,2026-01-01T00:00:00,POWER_BLOCK,180,COMPLETED
TASK-02476,AST-204,,DEP-003,SEC-005,PREVENTIVE,2026-06-15T00:00:00,2026-06-15T03:00:00,2026-06-30T00:00:00,POWER_BLOCK,180,COMPLETED
TASK-02492,AST-207,,DEP-003,SEC-006,PREVENTIVE,2024-01-24T00:00:00,2024-01-24T03:00:00,2024-02-08T00:00:00,POWER_BLOCK,180,COMPLETED
TASK-02493,AST-207,,DEP-003,SEC-006,PREVENTIVE,2024-07-22T00:00:00,2024-07-22T03:00:00,2024-08-06T00:00:00,POWER_BLOCK,180,COMPLETED
TASK-02494,AST-207,,DEP-003,SEC-006,PREVENTIVE,2025-01-18T00:00:00,2025-01-18T03:00:00,2025-02-02T00:00:00,POWER_BLOCK,180,COMPLETED
TASK-02495,AST-207,,DEP-003,SEC-006,PREVENTIVE,2025-07-17T00:00:00,2025-07-17T03:00:00,2025-08-01T00:00:00,POWER_BLOCK,180,COMPLETED
TASK-02496,AST-207,,DEP-003,SEC-006,PREVENTIVE,2026-01-13T00:00:00,2026-01-13T03:00:00,2026-01-28T00:00:00,POWER_BLOCK,180,COMPLETED
TASK-02497,AST-207,,DEP-003,SEC-006,PREVENTIVE,2026-07-12T00:00:00,2026-07-12T03:00:00,2026-07-27T00:00:00,POWER_BLOCK,180,COMPLETED
TASK-02528,AST-212,,DEP-003,SEC-002,PREVENTIVE,2023-10-01T00:00:00,2023-10-01T03:00:00,2023-10-16T00:00:00,POWER_BLOCK,180,COMPLETED
TASK-02529,AST-212,,DEP-003,SEC-002,PREVENTIVE,2024-03-29T00:00:00,2024-03-29T03:00:00,2024-04-13T00:00:00,POWER_BLOCK,180,COMPLETED
TASK-02530,AST-212,,DEP-003,SEC-002,PREVENTIVE,2024-09-25T00:00:00,2024-09-25T03:00:00,2024-10-10T00:00:00,POWER_BLOCK,180,COMPLETED
TASK-02531,AST-212,,DEP-003,SEC-002,PREVENTIVE,2025-03-24T00:00:00,2025-03-24T03:00:00,2025-04-08T00:00:00,POWER_BLOCK,180,COMPLETED
TASK-02532,AST-212,,DEP-003,SEC-002,PREVENTIVE,2025-09-20T00:00:00,2025-09-20T03:00:00,2025-10-05T00:00:00,POWER_BLOCK,180,COMPLETED
TASK-02533,AST-212,,DEP-003,SEC-002,PREVENTIVE,2026-03-19T00:00:00,2026-03-19T03:00:00,2026-04-03T00:00:00,POWER_BLOCK,180,COMPLETED
TASK-02579,AST-219,,DEP-003,SEC-005,PREVENTIVE,2023-11-30T00:00:00,2023-11-30T03:00:00,2023-12-15T00:00:00,POWER_BLOCK,180,COMPLETED
TASK-02580,AST-219,,DEP-003,SEC-005,PREVENTIVE,2024-05-28T00:00:00,2024-05-28T03:00:00,2024-06-12T00:00:00,POWER_BLOCK,180,COMPLETED
TASK-02581,AST-219,,DEP-003,SEC-005,PREVENTIVE,2024-11-24T00:00:00,2024-11-24T03:00:00,2024-12-09T00:00:00,POWER_BLOCK,180,COMPLETED
TASK-02582,AST-219,,DEP-003,SEC-005,PREVENTIVE,2025-05-23T00:00:00,2025-05-23T03:00:00,2025-06-07T00:00:00,POWER_BLOCK,180,COMPLETED
TASK-02583,AST-219,,DEP-003,SEC-005,PREVENTIVE,2025-11-19T00:00:00,2025-11-19T03:00:00,2025-12-04T00:00:00,POWER_BLOCK,180,COMPLETED
TASK-02584,AST-219,,DEP-003,SEC-005,PREVENTIVE,2026-05-18T00:00:00,2026-05-18T03:00:00,2026-06-02T00:00:00,POWER_BLOCK,180,COMPLETED
TASK-02585,AST-220,,DEP-003,SEC-005,PREVENTIVE,2023-09-29T00:00:00,2023-09-29T03:00:00,2023-10-14T00:00:00,POWER_BLOCK,180,COMPLETED
TASK-02586,AST-220,,DEP-003,SEC-005,PREVENTIVE,2024-03-27T00:00:00,2024-03-27T03:00:00,2024-04-11T00:00:00,POWER_BLOCK,180,COMPLETED
TASK-02587,AST-220,,DEP-003,SEC-005,PREVENTIVE,2024-09-23T00:00:00,2024-09-23T03:00:00,2024-10-08T00:00:00,POWER_BLOCK,180,COMPLETED
TASK-02588,AST-220,,DEP-003,SEC-005,PREVENTIVE,2025-03-22T00:00:00,2025-03-22T03:00:00,2025-04-06T00:00:00,POWER_BLOCK,180,COMPLETED
TASK-02589,AST-220,,DEP-003,SEC-005,PREVENTIVE,2025-09-18T00:00:00,2025-09-18T03:00:00,2025-10-03T00:00:00,POWER_BLOCK,180,COMPLETED
TASK-02590,AST-220,,DEP-003,SEC-005,PREVENTIVE,2026-03-17T00:00:00,2026-03-17T03:00:00,2026-04-01T00:00:00,POWER_BLOCK,180,COMPLETED
TASK-02603,AST-222,,DEP-003,SEC-002,PREVENTIVE,2023-09-01T00:00:00,2023-09-01T03:00:00,2023-09-16T00:00:00,POWER_BLOCK,180,COMPLETED
TASK-02604,AST-222,,DEP-003,SEC-002,PREVENTIVE,2024-02-28T00:00:00,2024-02-28T03:00:00,2024-03-14T00:00:00,POWER_BLOCK,180,COMPLETED
TASK-02605,AST-222,,DEP-003,SEC-002,PREVENTIVE,2024-08-26T00:00:00,2024-08-26T03:00:00,2024-09-10T00:00:00,POWER_BLOCK,180,COMPLETED
TASK-02606,AST-222,,DEP-003,SEC-002,PREVENTIVE,2025-02-22T00:00:00,2025-02-22T03:00:00,2025-03-09T00:00:00,POWER_BLOCK,180,COMPLETED
TASK-02607,AST-222,,DEP-003,SEC-002,PREVENTIVE,2025-08-21T00:00:00,2025-08-21T03:00:00,2025-09-05T00:00:00,POWER_BLOCK,180,COMPLETED
TASK-02608,AST-222,,DEP-003,SEC-002,PREVENTIVE,2026-02-17T00:00:00,2026-02-17T03:00:00,2026-03-04T00:00:00,POWER_BLOCK,180,COMPLETED
TASK-02648,AST-227,,DEP-003,SEC-006,PREVENTIVE,2023-10-23T00:00:00,2023-10-23T03:00:00,2023-11-07T00:00:00,POWER_BLOCK,180,COMPLETED
TASK-02649,AST-227,,DEP-003,SEC-006,PREVENTIVE,2024-04-20T00:00:00,2024-04-20T03:00:00,2024-05-05T00:00:00,POWER_BLOCK,180,COMPLETED
TASK-02650,AST-227,,DEP-003,SEC-006,PREVENTIVE,2024-10-17T00:00:00,2024-10-17T03:00:00,2024-11-01T00:00:00,POWER_BLOCK,180,COMPLETED
TASK-02651,AST-227,,DEP-003,SEC-006,PREVENTIVE,2025-04-15T00:00:00,2025-04-15T03:00:00,2025-04-30T00:00:00,POWER_BLOCK,180,COMPLETED
TASK-02652,AST-227,,DEP-003,SEC-006,PREVENTIVE,2025-10-12T00:00:00,2025-10-12T03:00:00,2025-10-27T00:00:00,POWER_BLOCK,180,COMPLETED
TASK-02653,AST-227,,DEP-003,SEC-006,PREVENTIVE,2026-04-10T00:00:00,2026-04-10T03:00:00,2026-04-25T00:00:00,POWER_BLOCK,180,COMPLETED
TASK-02666,AST-229,,DEP-003,SEC-006,PREVENTIVE,2023-08-25T00:00:00,2023-08-25T03:00:00,2023-09-09T00:00:00,POWER_BLOCK,180,COMPLETED
TASK-02667,AST-229,,DEP-003,SEC-006,PREVENTIVE,2024-02-21T00:00:00,2024-02-21T03:00:00,2024-03-07T00:00:00,POWER_BLOCK,180,COMPLETED
TASK-02668,AST-229,,DEP-003,SEC-006,PREVENTIVE,2024-08-19T00:00:00,2024-08-19T03:00:00,2024-09-03T00:00:00,POWER_BLOCK,180,COMPLETED
TASK-02669,AST-229,,DEP-003,SEC-006,PREVENTIVE,2025-02-15T00:00:00,2025-02-15T03:00:00,2025-03-02T00:00:00,POWER_BLOCK,180,COMPLETED
TASK-02670,AST-229,,DEP-003,SEC-006,PREVENTIVE,2025-08-14T00:00:00,2025-08-14T03:00:00,2025-08-29T00:00:00,POWER_BLOCK,180,COMPLETED
TASK-02671,AST-229,,DEP-003,SEC-006,PREVENTIVE,2026-02-10T00:00:00,2026-02-10T03:00:00,2026-02-25T00:00:00,POWER_BLOCK,180,COMPLETED
TASK-02687,AST-232,,DEP-003,SEC-006,PREVENTIVE,2024-01-09T00:00:00,2024-01-09T03:00:00,2024-01-24T00:00:00,POWER_BLOCK,180,COMPLETED
TASK-02688,AST-232,,DEP-003,SEC-006,PREVENTIVE,2024-07-07T00:00:00,2024-07-07T03:00:00,2024-07-22T00:00:00,POWER_BLOCK,180,COMPLETED
TASK-02689,AST-232,,DEP-003,SEC-006,PREVENTIVE,2025-01-03T00:00:00,2025-01-03T03:00:00,2025-01-18T00:00:00,POWER_BLOCK,180,COMPLETED
TASK-02690,AST-232,,DEP-003,SEC-006,PREVENTIVE,2025-07-02T00:00:00,2025-07-02T03:00:00,2025-07-17T00:00:00,POWER_BLOCK,180,COMPLETED
TASK-02691,AST-232,,DEP-003,SEC-006,PREVENTIVE,2025-12-29T00:00:00,2025-12-29T03:00:00,2026-01-13T00:00:00,POWER_BLOCK,180,COMPLETED
TASK-02692,AST-232,,DEP-003,SEC-006,PREVENTIVE,2026-06-27T00:00:00,2026-06-27T03:00:00,2026-07-12T00:00:00,POWER_BLOCK,180,COMPLETED
TASK-02726,AST-238,,DEP-003,SEC-001,PREVENTIVE,2023-10-21T00:00:00,2023-10-21T03:00:00,2023-11-05T00:00:00,POWER_BLOCK,180,COMPLETED
TASK-02727,AST-238,,DEP-003,SEC-001,PREVENTIVE,2024-04-18T00:00:00,2024-04-18T03:00:00,2024-05-03T00:00:00,POWER_BLOCK,180,COMPLETED
TASK-02728,AST-238,,DEP-003,SEC-001,PREVENTIVE,2024-10-15T00:00:00,2024-10-15T03:00:00,2024-10-30T00:00:00,POWER_BLOCK,180,COMPLETED
TASK-02729,AST-238,,DEP-003,SEC-001,PREVENTIVE,2025-04-13T00:00:00,2025-04-13T03:00:00,2025-04-28T00:00:00,POWER_BLOCK,180,COMPLETED
TASK-02730,AST-238,,DEP-003,SEC-001,PREVENTIVE,2025-10-10T00:00:00,2025-10-10T03:00:00,2025-10-25T00:00:00,POWER_BLOCK,180,COMPLETED
TASK-02731,AST-238,,DEP-003,SEC-001,PREVENTIVE,2026-04-08T00:00:00,2026-04-08T03:00:00,2026-04-23T00:00:00,POWER_BLOCK,180,COMPLETED
TASK-02759,AST-242,,DEP-003,SEC-004,PREVENTIVE,2023-10-24T00:00:00,2023-10-24T03:00:00,2023-11-08T00:00:00,POWER_BLOCK,180,COMPLETED
TASK-02760,AST-242,,DEP-003,SEC-004,PREVENTIVE,2024-04-21T00:00:00,2024-04-21T03:00:00,2024-05-06T00:00:00,POWER_BLOCK,180,COMPLETED
TASK-02761,AST-242,,DEP-003,SEC-004,PREVENTIVE,2024-10-18T00:00:00,2024-10-18T03:00:00,2024-11-02T00:00:00,POWER_BLOCK,180,COMPLETED
TASK-02762,AST-242,,DEP-003,SEC-004,PREVENTIVE,2025-04-16T00:00:00,2025-04-16T03:00:00,2025-05-01T00:00:00,POWER_BLOCK,180,COMPLETED
TASK-02763,AST-242,,DEP-003,SEC-004,PREVENTIVE,2025-10-13T00:00:00,2025-10-13T03:00:00,2025-10-28T00:00:00,POWER_BLOCK,180,COMPLETED
TASK-02764,AST-242,,DEP-003,SEC-004,PREVENTIVE,2026-04-11T00:00:00,2026-04-11T03:00:00,2026-04-26T00:00:00,POWER_BLOCK,180,COMPLETED
TASK-02795,AST-247,,DEP-003,SEC-003,PREVENTIVE,2023-09-02T00:00:00,2023-09-02T03:00:00,2023-09-17T00:00:00,POWER_BLOCK,180,COMPLETED
TASK-02796,AST-247,,DEP-003,SEC-003,PREVENTIVE,2024-02-29T00:00:00,2024-02-29T03:00:00,2024-03-15T00:00:00,POWER_BLOCK,180,COMPLETED
TASK-02797,AST-247,,DEP-003,SEC-003,PREVENTIVE,2024-08-27T00:00:00,2024-08-27T03:00:00,2024-09-11T00:00:00,POWER_BLOCK,180,COMPLETED
TASK-02798,AST-247,,DEP-003,SEC-003,PREVENTIVE,2025-02-23T00:00:00,2025-02-23T03:00:00,2025-03-10T00:00:00,POWER_BLOCK,180,COMPLETED
TASK-02799,AST-247,,DEP-003,SEC-003,PREVENTIVE,2025-08-22T00:00:00,2025-08-22T03:00:00,2025-09-06T00:00:00,POWER_BLOCK,180,COMPLETED
TASK-02800,AST-247,,DEP-003,SEC-003,PREVENTIVE,2026-02-18T00:00:00,2026-02-18T03:00:00,2026-03-05T00:00:00,POWER_BLOCK,180,COMPLETED
TASK-02813,AST-249,,DEP-003,SEC-003,PREVENTIVE,2024-01-08T00:00:00,2024-01-08T03:00:00,2024-01-23T00:00:00,POWER_BLOCK,180,COMPLETED
TASK-02814,AST-249,,DEP-003,SEC-003,PREVENTIVE,2024-07-06T00:00:00,2024-07-06T03:00:00,2024-07-21T00:00:00,POWER_BLOCK,180,COMPLETED
TASK-02815,AST-249,,DEP-003,SEC-003,PREVENTIVE,2025-01-02T00:00:00,2025-01-02T03:00:00,2025-01-17T00:00:00,POWER_BLOCK,180,COMPLETED
TASK-02816,AST-249,,DEP-003,SEC-003,PREVENTIVE,2025-07-01T00:00:00,2025-07-01T03:00:00,2025-07-16T00:00:00,POWER_BLOCK,180,COMPLETED
TASK-02817,AST-249,,DEP-003,SEC-003,PREVENTIVE,2025-12-28T00:00:00,2025-12-28T03:00:00,2026-01-12T00:00:00,POWER_BLOCK,180,COMPLETED
TASK-02818,AST-249,,DEP-003,SEC-003,PREVENTIVE,2026-06-26T00:00:00,2026-06-26T03:00:00,2026-07-11T00:00:00,POWER_BLOCK,180,COMPLETED
TASK-02858,AST-254,,DEP-003,SEC-004,PREVENTIVE,2024-01-04T00:00:00,2024-01-04T03:00:00,2024-01-19T00:00:00,POWER_BLOCK,180,COMPLETED
TASK-02859,AST-254,,DEP-003,SEC-004,PREVENTIVE,2024-07-02T00:00:00,2024-07-02T03:00:00,2024-07-17T00:00:00,POWER_BLOCK,180,COMPLETED
TASK-02860,AST-254,,DEP-003,SEC-004,PREVENTIVE,2024-12-29T00:00:00,2024-12-29T03:00:00,2025-01-13T00:00:00,POWER_BLOCK,180,COMPLETED
TASK-02861,AST-254,,DEP-003,SEC-004,PREVENTIVE,2025-06-27T00:00:00,2025-06-27T03:00:00,2025-07-12T00:00:00,POWER_BLOCK,180,COMPLETED
TASK-02862,AST-254,,DEP-003,SEC-004,PREVENTIVE,2025-12-24T00:00:00,2025-12-24T03:00:00,2026-01-08T00:00:00,POWER_BLOCK,180,COMPLETED
TASK-02863,AST-254,,DEP-003,SEC-004,PREVENTIVE,2026-06-22T00:00:00,2026-06-22T03:00:00,2026-07-07T00:00:00,POWER_BLOCK,180,COMPLETED
TASK-02903,AST-259,,DEP-003,SEC-005,PREVENTIVE,2023-11-07T00:00:00,2023-11-07T03:00:00,2023-11-22T00:00:00,POWER_BLOCK,180,COMPLETED
TASK-02904,AST-259,,DEP-003,SEC-005,PREVENTIVE,2024-05-05T00:00:00,2024-05-05T03:00:00,2024-05-20T00:00:00,POWER_BLOCK,180,COMPLETED
TASK-02905,AST-259,,DEP-003,SEC-005,PREVENTIVE,2024-11-01T00:00:00,2024-11-01T03:00:00,2024-11-16T00:00:00,POWER_BLOCK,180,COMPLETED
TASK-02906,AST-259,,DEP-003,SEC-005,PREVENTIVE,2025-04-30T00:00:00,2025-04-30T03:00:00,2025-05-15T00:00:00,POWER_BLOCK,180,COMPLETED
TASK-02907,AST-259,,DEP-003,SEC-005,PREVENTIVE,2025-10-27T00:00:00,2025-10-27T03:00:00,2025-11-11T00:00:00,POWER_BLOCK,180,COMPLETED
TASK-02908,AST-259,,DEP-003,SEC-005,PREVENTIVE,2026-04-25T00:00:00,2026-04-25T03:00:00,2026-05-10T00:00:00,POWER_BLOCK,180,COMPLETED
TASK-02954,AST-266,,DEP-003,SEC-006,PREVENTIVE,2023-09-09T00:00:00,2023-09-09T03:00:00,2023-09-24T00:00:00,POWER_BLOCK,180,COMPLETED
TASK-02955,AST-266,,DEP-003,SEC-006,PREVENTIVE,2024-03-07T00:00:00,2024-03-07T03:00:00,2024-03-22T00:00:00,POWER_BLOCK,180,COMPLETED
TASK-02956,AST-266,,DEP-003,SEC-006,PREVENTIVE,2024-09-03T00:00:00,2024-09-03T03:00:00,2024-09-18T00:00:00,POWER_BLOCK,180,COMPLETED
TASK-02957,AST-266,,DEP-003,SEC-006,PREVENTIVE,2025-03-02T00:00:00,2025-03-02T03:00:00,2025-03-17T00:00:00,POWER_BLOCK,180,COMPLETED
TASK-02958,AST-266,,DEP-003,SEC-006,PREVENTIVE,2025-08-29T00:00:00,2025-08-29T03:00:00,2025-09-13T00:00:00,POWER_BLOCK,180,COMPLETED
TASK-02959,AST-266,,DEP-003,SEC-006,PREVENTIVE,2026-02-25T00:00:00,2026-02-25T03:00:00,2026-03-12T00:00:00,POWER_BLOCK,180,COMPLETED
TASK-02975,AST-269,,DEP-003,SEC-001,PREVENTIVE,2023-09-15T00:00:00,2023-09-15T03:00:00,2023-09-30T00:00:00,POWER_BLOCK,180,COMPLETED
TASK-02976,AST-269,,DEP-003,SEC-001,PREVENTIVE,2024-03-13T00:00:00,2024-03-13T03:00:00,2024-03-28T00:00:00,POWER_BLOCK,180,COMPLETED
TASK-02977,AST-269,,DEP-003,SEC-001,PREVENTIVE,2024-09-09T00:00:00,2024-09-09T03:00:00,2024-09-24T00:00:00,POWER_BLOCK,180,COMPLETED
TASK-02978,AST-269,,DEP-003,SEC-001,PREVENTIVE,2025-03-08T00:00:00,2025-03-08T03:00:00,2025-03-23T00:00:00,POWER_BLOCK,180,COMPLETED
TASK-02979,AST-269,,DEP-003,SEC-001,PREVENTIVE,2025-09-04T00:00:00,2025-09-04T03:00:00,2025-09-19T00:00:00,POWER_BLOCK,180,COMPLETED
TASK-02980,AST-269,,DEP-003,SEC-001,PREVENTIVE,2026-03-03T00:00:00,2026-03-03T03:00:00,2026-03-18T00:00:00,POWER_BLOCK,180,COMPLETED
TASK-02996,AST-272,,DEP-003,SEC-001,PREVENTIVE,2023-11-21T00:00:00,2023-11-21T03:00:00,2023-12-06T00:00:00,POWER_BLOCK,180,COMPLETED
TASK-02997,AST-272,,DEP-003,SEC-001,PREVENTIVE,2024-05-19T00:00:00,2024-05-19T03:00:00,2024-06-03T00:00:00,POWER_BLOCK,180,COMPLETED
TASK-02998,AST-272,,DEP-003,SEC-001,PREVENTIVE,2024-11-15T00:00:00,2024-11-15T03:00:00,2024-11-30T00:00:00,POWER_BLOCK,180,COMPLETED
TASK-02999,AST-272,,DEP-003,SEC-001,PREVENTIVE,2025-05-14T00:00:00,2025-05-14T03:00:00,2025-05-29T00:00:00,POWER_BLOCK,180,COMPLETED
TASK-03000,AST-272,,DEP-003,SEC-001,PREVENTIVE,2025-11-10T00:00:00,2025-11-10T03:00:00,2025-11-25T00:00:00,POWER_BLOCK,180,COMPLETED
TASK-03001,AST-272,,DEP-003,SEC-001,PREVENTIVE,2026-05-09T00:00:00,2026-05-09T03:00:00,2026-05-24T00:00:00,POWER_BLOCK,180,COMPLETED
TASK-03002,AST-273,,DEP-003,SEC-003,PREVENTIVE,2023-09-27T00:00:00,2023-09-27T03:00:00,2023-10-12T00:00:00,POWER_BLOCK,180,COMPLETED
TASK-03003,AST-273,,DEP-003,SEC-003,PREVENTIVE,2024-03-25T00:00:00,2024-03-25T03:00:00,2024-04-09T00:00:00,POWER_BLOCK,180,COMPLETED
TASK-03004,AST-273,,DEP-003,SEC-003,PREVENTIVE,2024-09-21T00:00:00,2024-09-21T03:00:00,2024-10-06T00:00:00,POWER_BLOCK,180,COMPLETED
TASK-03005,AST-273,,DEP-003,SEC-003,PREVENTIVE,2025-03-20T00:00:00,2025-03-20T03:00:00,2025-04-04T00:00:00,POWER_BLOCK,180,COMPLETED
TASK-03006,AST-273,,DEP-003,SEC-003,PREVENTIVE,2025-09-16T00:00:00,2025-09-16T03:00:00,2025-10-01T00:00:00,POWER_BLOCK,180,COMPLETED
TASK-03007,AST-273,,DEP-003,SEC-003,PREVENTIVE,2026-03-15T00:00:00,2026-03-15T03:00:00,2026-03-30T00:00:00,POWER_BLOCK,180,COMPLETED
TASK-03020,AST-275,,DEP-003,SEC-006,PREVENTIVE,2023-09-04T00:00:00,2023-09-04T03:00:00,2023-09-19T00:00:00,POWER_BLOCK,180,COMPLETED
TASK-03021,AST-275,,DEP-003,SEC-006,PREVENTIVE,2024-03-02T00:00:00,2024-03-02T03:00:00,2024-03-17T00:00:00,POWER_BLOCK,180,COMPLETED
TASK-03022,AST-275,,DEP-003,SEC-006,PREVENTIVE,2024-08-29T00:00:00,2024-08-29T03:00:00,2024-09-13T00:00:00,POWER_BLOCK,180,COMPLETED
TASK-03023,AST-275,,DEP-003,SEC-006,PREVENTIVE,2025-02-25T00:00:00,2025-02-25T03:00:00,2025-03-12T00:00:00,POWER_BLOCK,180,COMPLETED
TASK-03024,AST-275,,DEP-003,SEC-006,PREVENTIVE,2025-08-24T00:00:00,2025-08-24T03:00:00,2025-09-08T00:00:00,POWER_BLOCK,180,COMPLETED
TASK-03025,AST-275,,DEP-003,SEC-006,PREVENTIVE,2026-02-20T00:00:00,2026-02-20T03:00:00,2026-03-07T00:00:00,POWER_BLOCK,180,COMPLETED
TASK-03092,AST-283,,DEP-003,SEC-003,PREVENTIVE,2023-12-12T00:00:00,2023-12-12T03:00:00,2023-12-27T00:00:00,POWER_BLOCK,180,COMPLETED
TASK-03093,AST-283,,DEP-003,SEC-003,PREVENTIVE,2024-06-09T00:00:00,2024-06-09T03:00:00,2024-06-24T00:00:00,POWER_BLOCK,180,COMPLETED
TASK-03094,AST-283,,DEP-003,SEC-003,PREVENTIVE,2024-12-06T00:00:00,2024-12-06T03:00:00,2024-12-21T00:00:00,POWER_BLOCK,180,COMPLETED
TASK-03095,AST-283,,DEP-003,SEC-003,PREVENTIVE,2025-06-04T00:00:00,2025-06-04T03:00:00,2025-06-19T00:00:00,POWER_BLOCK,180,COMPLETED
TASK-03096,AST-283,,DEP-003,SEC-003,PREVENTIVE,2025-12-01T00:00:00,2025-12-01T03:00:00,2025-12-16T00:00:00,POWER_BLOCK,180,COMPLETED
TASK-03097,AST-283,,DEP-003,SEC-003,PREVENTIVE,2026-05-30T00:00:00,2026-05-30T03:00:00,2026-06-14T00:00:00,POWER_BLOCK,180,COMPLETED
TASK-03116,AST-287,,DEP-003,SEC-004,PREVENTIVE,2023-09-24T00:00:00,2023-09-24T03:00:00,2023-10-09T00:00:00,POWER_BLOCK,180,COMPLETED
TASK-03117,AST-287,,DEP-003,SEC-004,PREVENTIVE,2024-03-22T00:00:00,2024-03-22T03:00:00,2024-04-06T00:00:00,POWER_BLOCK,180,COMPLETED
TASK-03118,AST-287,,DEP-003,SEC-004,PREVENTIVE,2024-09-18T00:00:00,2024-09-18T03:00:00,2024-10-03T00:00:00,POWER_BLOCK,180,COMPLETED
TASK-03119,AST-287,,DEP-003,SEC-004,PREVENTIVE,2025-03-17T00:00:00,2025-03-17T03:00:00,2025-04-01T00:00:00,POWER_BLOCK,180,COMPLETED
TASK-03120,AST-287,,DEP-003,SEC-004,PREVENTIVE,2025-09-13T00:00:00,2025-09-13T03:00:00,2025-09-28T00:00:00,POWER_BLOCK,180,COMPLETED
TASK-03121,AST-287,,DEP-003,SEC-004,PREVENTIVE,2026-03-12T00:00:00,2026-03-12T03:00:00,2026-03-27T00:00:00,POWER_BLOCK,180,COMPLETED
TASK-03176,AST-294,,DEP-003,SEC-001,PREVENTIVE,2023-08-16T00:00:00,2023-08-16T03:00:00,2023-08-31T00:00:00,POWER_BLOCK,180,COMPLETED
TASK-03177,AST-294,,DEP-003,SEC-001,PREVENTIVE,2024-02-12T00:00:00,2024-02-12T03:00:00,2024-02-27T00:00:00,POWER_BLOCK,180,COMPLETED
TASK-03178,AST-294,,DEP-003,SEC-001,PREVENTIVE,2024-08-10T00:00:00,2024-08-10T03:00:00,2024-08-25T00:00:00,POWER_BLOCK,180,COMPLETED
TASK-03179,AST-294,,DEP-003,SEC-001,PREVENTIVE,2025-02-06T00:00:00,2025-02-06T03:00:00,2025-02-21T00:00:00,POWER_BLOCK,180,COMPLETED
TASK-03180,AST-294,,DEP-003,SEC-001,PREVENTIVE,2025-08-05T00:00:00,2025-08-05T03:00:00,2025-08-20T00:00:00,POWER_BLOCK,180,COMPLETED
TASK-03181,AST-294,,DEP-003,SEC-001,PREVENTIVE,2026-02-01T00:00:00,2026-02-01T03:00:00,2026-02-16T00:00:00,POWER_BLOCK,180,COMPLETED
TASK-03182,AST-294,,DEP-003,SEC-001,PREVENTIVE,2026-07-31T00:00:00,2026-07-31T03:00:00,2026-08-15T00:00:00,POWER_BLOCK,180,COMPLETED
TASK-03252,AST-303,,DEP-003,SEC-001,PREVENTIVE,2024-01-22T00:00:00,2024-01-22T03:00:00,2024-02-06T00:00:00,POWER_BLOCK,180,COMPLETED
TASK-03253,AST-303,,DEP-003,SEC-001,PREVENTIVE,2024-07-20T00:00:00,2024-07-20T03:00:00,2024-08-04T00:00:00,POWER_BLOCK,180,COMPLETED
TASK-03254,AST-303,,DEP-003,SEC-001,PREVENTIVE,2025-01-16T00:00:00,2025-01-16T03:00:00,2025-01-31T00:00:00,POWER_BLOCK,180,COMPLETED
TASK-03255,AST-303,,DEP-003,SEC-001,PREVENTIVE,2025-07-15T00:00:00,2025-07-15T03:00:00,2025-07-30T00:00:00,POWER_BLOCK,180,COMPLETED
TASK-03256,AST-303,,DEP-003,SEC-001,PREVENTIVE,2026-01-11T00:00:00,2026-01-11T03:00:00,2026-01-26T00:00:00,POWER_BLOCK,180,COMPLETED
TASK-03257,AST-303,,DEP-003,SEC-001,PREVENTIVE,2026-07-10T00:00:00,2026-07-10T03:00:00,2026-07-25T00:00:00,POWER_BLOCK,180,COMPLETED
TASK-03270,AST-305,,DEP-003,SEC-001,PREVENTIVE,2023-10-19T00:00:00,2023-10-19T03:00:00,2023-11-03T00:00:00,POWER_BLOCK,180,COMPLETED
TASK-03271,AST-305,,DEP-003,SEC-001,PREVENTIVE,2024-04-16T00:00:00,2024-04-16T03:00:00,2024-05-01T00:00:00,POWER_BLOCK,180,COMPLETED
TASK-03272,AST-305,,DEP-003,SEC-001,PREVENTIVE,2024-10-13T00:00:00,2024-10-13T03:00:00,2024-10-28T00:00:00,POWER_BLOCK,180,COMPLETED
TASK-03273,AST-305,,DEP-003,SEC-001,PREVENTIVE,2025-04-11T00:00:00,2025-04-11T03:00:00,2025-04-26T00:00:00,POWER_BLOCK,180,COMPLETED
TASK-03274,AST-305,,DEP-003,SEC-001,PREVENTIVE,2025-10-08T00:00:00,2025-10-08T03:00:00,2025-10-23T00:00:00,POWER_BLOCK,180,COMPLETED
TASK-03275,AST-305,,DEP-003,SEC-001,PREVENTIVE,2026-04-06T00:00:00,2026-04-06T03:00:00,2026-04-21T00:00:00,POWER_BLOCK,180,COMPLETED
TASK-03276,AST-306,,DEP-003,SEC-005,PREVENTIVE,2024-01-05T00:00:00,2024-01-05T03:00:00,2024-01-20T00:00:00,POWER_BLOCK,180,COMPLETED
TASK-03277,AST-306,,DEP-003,SEC-005,PREVENTIVE,2024-07-03T00:00:00,2024-07-03T03:00:00,2024-07-18T00:00:00,POWER_BLOCK,180,COMPLETED
TASK-03278,AST-306,,DEP-003,SEC-005,PREVENTIVE,2024-12-30T00:00:00,2024-12-30T03:00:00,2025-01-14T00:00:00,POWER_BLOCK,180,COMPLETED
TASK-03279,AST-306,,DEP-003,SEC-005,PREVENTIVE,2025-06-28T00:00:00,2025-06-28T03:00:00,2025-07-13T00:00:00,POWER_BLOCK,180,COMPLETED
TASK-03280,AST-306,,DEP-003,SEC-005,PREVENTIVE,2025-12-25T00:00:00,2025-12-25T03:00:00,2026-01-09T00:00:00,POWER_BLOCK,180,COMPLETED
TASK-03281,AST-306,,DEP-003,SEC-005,PREVENTIVE,2026-06-23T00:00:00,2026-06-23T03:00:00,2026-07-08T00:00:00,POWER_BLOCK,180,COMPLETED
TASK-03294,AST-311,,DEP-003,SEC-002,PREVENTIVE,2023-09-10T00:00:00,2023-09-10T03:00:00,2023-09-25T00:00:00,POWER_BLOCK,180,COMPLETED
TASK-03295,AST-311,,DEP-003,SEC-002,PREVENTIVE,2024-03-08T00:00:00,2024-03-08T03:00:00,2024-03-23T00:00:00,POWER_BLOCK,180,COMPLETED
TASK-03296,AST-311,,DEP-003,SEC-002,PREVENTIVE,2024-09-04T00:00:00,2024-09-04T03:00:00,2024-09-19T00:00:00,POWER_BLOCK,180,COMPLETED
TASK-03297,AST-311,,DEP-003,SEC-002,PREVENTIVE,2025-03-03T00:00:00,2025-03-03T03:00:00,2025-03-18T00:00:00,POWER_BLOCK,180,COMPLETED
TASK-03298,AST-311,,DEP-003,SEC-002,PREVENTIVE,2025-08-30T00:00:00,2025-08-30T03:00:00,2025-09-14T00:00:00,POWER_BLOCK,180,COMPLETED
TASK-03299,AST-311,,DEP-003,SEC-002,PREVENTIVE,2026-02-26T00:00:00,2026-02-26T03:00:00,2026-03-13T00:00:00,POWER_BLOCK,180,COMPLETED
TASK-03357,AST-319,,DEP-003,SEC-001,PREVENTIVE,2023-12-08T00:00:00,2023-12-08T03:00:00,2023-12-23T00:00:00,POWER_BLOCK,180,COMPLETED
TASK-03358,AST-319,,DEP-003,SEC-001,PREVENTIVE,2024-06-05T00:00:00,2024-06-05T03:00:00,2024-06-20T00:00:00,POWER_BLOCK,180,COMPLETED
TASK-03359,AST-319,,DEP-003,SEC-001,PREVENTIVE,2024-12-02T00:00:00,2024-12-02T03:00:00,2024-12-17T00:00:00,POWER_BLOCK,180,COMPLETED
TASK-03360,AST-319,,DEP-003,SEC-001,PREVENTIVE,2025-05-31T00:00:00,2025-05-31T03:00:00,2025-06-15T00:00:00,POWER_BLOCK,180,COMPLETED
TASK-03361,AST-319,,DEP-003,SEC-001,PREVENTIVE,2025-11-27T00:00:00,2025-11-27T03:00:00,2025-12-12T00:00:00,POWER_BLOCK,180,COMPLETED
TASK-03362,AST-319,,DEP-003,SEC-001,PREVENTIVE,2026-05-26T00:00:00,2026-05-26T03:00:00,2026-06-10T00:00:00,POWER_BLOCK,180,COMPLETED
TASK-03375,AST-321,,DEP-003,SEC-005,PREVENTIVE,2024-01-08T00:00:00,2024-01-08T03:00:00,2024-01-23T00:00:00,POWER_BLOCK,180,COMPLETED
TASK-03376,AST-321,,DEP-003,SEC-005,PREVENTIVE,2024-07-06T00:00:00,2024-07-06T03:00:00,2024-07-21T00:00:00,POWER_BLOCK,180,COMPLETED
TASK-03377,AST-321,,DEP-003,SEC-005,PREVENTIVE,2025-01-02T00:00:00,2025-01-02T03:00:00,2025-01-17T00:00:00,POWER_BLOCK,180,COMPLETED
TASK-03378,AST-321,,DEP-003,SEC-005,PREVENTIVE,2025-07-01T00:00:00,2025-07-01T03:00:00,2025-07-16T00:00:00,POWER_BLOCK,180,COMPLETED
TASK-03379,AST-321,,DEP-003,SEC-005,PREVENTIVE,2025-12-28T00:00:00,2025-12-28T03:00:00,2026-01-12T00:00:00,POWER_BLOCK,180,COMPLETED
TASK-03380,AST-321,,DEP-003,SEC-005,PREVENTIVE,2026-06-26T00:00:00,2026-06-26T03:00:00,2026-07-11T00:00:00,POWER_BLOCK,180,COMPLETED
TASK-03396,AST-324,,DEP-003,SEC-005,PREVENTIVE,2024-01-21T00:00:00,2024-01-21T03:00:00,2024-02-05T00:00:00,POWER_BLOCK,180,COMPLETED
TASK-03397,AST-324,,DEP-003,SEC-005,PREVENTIVE,2024-07-19T00:00:00,2024-07-19T03:00:00,2024-08-03T00:00:00,POWER_BLOCK,180,COMPLETED
TASK-03398,AST-324,,DEP-003,SEC-005,PREVENTIVE,2025-01-15T00:00:00,2025-01-15T03:00:00,2025-01-30T00:00:00,POWER_BLOCK,180,COMPLETED
TASK-03399,AST-324,,DEP-003,SEC-005,PREVENTIVE,2025-07-14T00:00:00,2025-07-14T03:00:00,2025-07-29T00:00:00,POWER_BLOCK,180,COMPLETED
TASK-03400,AST-324,,DEP-003,SEC-005,PREVENTIVE,2026-01-10T00:00:00,2026-01-10T03:00:00,2026-01-25T00:00:00,POWER_BLOCK,180,COMPLETED
TASK-03401,AST-324,,DEP-003,SEC-005,PREVENTIVE,2026-07-09T00:00:00,2026-07-09T03:00:00,2026-07-24T00:00:00,POWER_BLOCK,180,COMPLETED
TASK-03414,AST-326,,DEP-003,SEC-003,PREVENTIVE,2023-12-14T00:00:00,2023-12-14T03:00:00,2023-12-29T00:00:00,POWER_BLOCK,180,COMPLETED
TASK-03415,AST-326,,DEP-003,SEC-003,PREVENTIVE,2024-06-11T00:00:00,2024-06-11T03:00:00,2024-06-26T00:00:00,POWER_BLOCK,180,COMPLETED
TASK-03416,AST-326,,DEP-003,SEC-003,PREVENTIVE,2024-12-08T00:00:00,2024-12-08T03:00:00,2024-12-23T00:00:00,POWER_BLOCK,180,COMPLETED
TASK-03417,AST-326,,DEP-003,SEC-003,PREVENTIVE,2025-06-06T00:00:00,2025-06-06T03:00:00,2025-06-21T00:00:00,POWER_BLOCK,180,COMPLETED
TASK-03418,AST-326,,DEP-003,SEC-003,PREVENTIVE,2025-12-03T00:00:00,2025-12-03T03:00:00,2025-12-18T00:00:00,POWER_BLOCK,180,COMPLETED
TASK-03419,AST-326,,DEP-003,SEC-003,PREVENTIVE,2026-06-01T00:00:00,2026-06-01T03:00:00,2026-06-16T00:00:00,POWER_BLOCK,180,COMPLETED
TASK-03432,AST-328,,DEP-003,SEC-006,PREVENTIVE,2024-01-10T00:00:00,2024-01-10T03:00:00,2024-01-25T00:00:00,POWER_BLOCK,180,COMPLETED
TASK-03433,AST-328,,DEP-003,SEC-006,PREVENTIVE,2024-07-08T00:00:00,2024-07-08T03:00:00,2024-07-23T00:00:00,POWER_BLOCK,180,COMPLETED
TASK-03434,AST-328,,DEP-003,SEC-006,PREVENTIVE,2025-01-04T00:00:00,2025-01-04T03:00:00,2025-01-19T00:00:00,POWER_BLOCK,180,COMPLETED
TASK-03435,AST-328,,DEP-003,SEC-006,PREVENTIVE,2025-07-03T00:00:00,2025-07-03T03:00:00,2025-07-18T00:00:00,POWER_BLOCK,180,COMPLETED
TASK-03436,AST-328,,DEP-003,SEC-006,PREVENTIVE,2025-12-30T00:00:00,2025-12-30T03:00:00,2026-01-14T00:00:00,POWER_BLOCK,180,COMPLETED
TASK-03437,AST-328,,DEP-003,SEC-006,PREVENTIVE,2026-06-28T00:00:00,2026-06-28T03:00:00,2026-07-13T00:00:00,POWER_BLOCK,180,COMPLETED
TASK-03456,AST-332,,DEP-003,SEC-001,PREVENTIVE,2023-12-11T00:00:00,2023-12-11T03:00:00,2023-12-26T00:00:00,POWER_BLOCK,180,COMPLETED
TASK-03457,AST-332,,DEP-003,SEC-001,PREVENTIVE,2024-06-08T00:00:00,2024-06-08T03:00:00,2024-06-23T00:00:00,POWER_BLOCK,180,COMPLETED
TASK-03458,AST-332,,DEP-003,SEC-001,PREVENTIVE,2024-12-05T00:00:00,2024-12-05T03:00:00,2024-12-20T00:00:00,POWER_BLOCK,180,COMPLETED
TASK-03459,AST-332,,DEP-003,SEC-001,PREVENTIVE,2025-06-03T00:00:00,2025-06-03T03:00:00,2025-06-18T00:00:00,POWER_BLOCK,180,COMPLETED
TASK-03460,AST-332,,DEP-003,SEC-001,PREVENTIVE,2025-11-30T00:00:00,2025-11-30T03:00:00,2025-12-15T00:00:00,POWER_BLOCK,180,COMPLETED
TASK-03461,AST-332,,DEP-003,SEC-001,PREVENTIVE,2026-05-29T00:00:00,2026-05-29T03:00:00,2026-06-13T00:00:00,POWER_BLOCK,180,COMPLETED
TASK-03609,AST-352,,DEP-003,SEC-003,PREVENTIVE,2024-01-21T00:00:00,2024-01-21T03:00:00,2024-02-05T00:00:00,POWER_BLOCK,180,COMPLETED
TASK-03610,AST-352,,DEP-003,SEC-003,PREVENTIVE,2024-07-19T00:00:00,2024-07-19T03:00:00,2024-08-03T00:00:00,POWER_BLOCK,180,COMPLETED
TASK-03611,AST-352,,DEP-003,SEC-003,PREVENTIVE,2025-01-15T00:00:00,2025-01-15T03:00:00,2025-01-30T00:00:00,POWER_BLOCK,180,COMPLETED
TASK-03612,AST-352,,DEP-003,SEC-003,PREVENTIVE,2025-07-14T00:00:00,2025-07-14T03:00:00,2025-07-29T00:00:00,POWER_BLOCK,180,COMPLETED
TASK-03613,AST-352,,DEP-003,SEC-003,PREVENTIVE,2026-01-10T00:00:00,2026-01-10T03:00:00,2026-01-25T00:00:00,POWER_BLOCK,180,COMPLETED
TASK-03614,AST-352,,DEP-003,SEC-003,PREVENTIVE,2026-07-09T00:00:00,2026-07-09T03:00:00,2026-07-24T00:00:00,POWER_BLOCK,180,COMPLETED
TASK-03699,AST-363,,DEP-003,SEC-006,PREVENTIVE,2023-12-30T00:00:00,2023-12-30T03:00:00,2024-01-14T00:00:00,POWER_BLOCK,180,COMPLETED
TASK-03700,AST-363,,DEP-003,SEC-006,PREVENTIVE,2024-06-27T00:00:00,2024-06-27T03:00:00,2024-07-12T00:00:00,POWER_BLOCK,180,COMPLETED
TASK-03701,AST-363,,DEP-003,SEC-006,PREVENTIVE,2024-12-24T00:00:00,2024-12-24T03:00:00,2025-01-08T00:00:00,POWER_BLOCK,180,COMPLETED
TASK-03702,AST-363,,DEP-003,SEC-006,PREVENTIVE,2025-06-22T00:00:00,2025-06-22T03:00:00,2025-07-07T00:00:00,POWER_BLOCK,180,COMPLETED
TASK-03703,AST-363,,DEP-003,SEC-006,PREVENTIVE,2025-12-19T00:00:00,2025-12-19T03:00:00,2026-01-03T00:00:00,POWER_BLOCK,180,COMPLETED
TASK-03704,AST-363,,DEP-003,SEC-006,PREVENTIVE,2026-06-17T00:00:00,2026-06-17T03:00:00,2026-07-02T00:00:00,POWER_BLOCK,180,COMPLETED
TASK-03729,AST-366,,DEP-003,SEC-003,PREVENTIVE,2023-12-16T00:00:00,2023-12-16T03:00:00,2023-12-31T00:00:00,POWER_BLOCK,180,COMPLETED
TASK-03730,AST-366,,DEP-003,SEC-003,PREVENTIVE,2024-06-13T00:00:00,2024-06-13T03:00:00,2024-06-28T00:00:00,POWER_BLOCK,180,COMPLETED
TASK-03731,AST-366,,DEP-003,SEC-003,PREVENTIVE,2024-12-10T00:00:00,2024-12-10T03:00:00,2024-12-25T00:00:00,POWER_BLOCK,180,COMPLETED
TASK-03732,AST-366,,DEP-003,SEC-003,PREVENTIVE,2025-06-08T00:00:00,2025-06-08T03:00:00,2025-06-23T00:00:00,POWER_BLOCK,180,COMPLETED
TASK-03733,AST-366,,DEP-003,SEC-003,PREVENTIVE,2025-12-05T00:00:00,2025-12-05T03:00:00,2025-12-20T00:00:00,POWER_BLOCK,180,COMPLETED
TASK-03734,AST-366,,DEP-003,SEC-003,PREVENTIVE,2026-06-03T00:00:00,2026-06-03T03:00:00,2026-06-18T00:00:00,POWER_BLOCK,180,COMPLETED
TASK-03786,AST-375,,DEP-003,SEC-006,PREVENTIVE,2023-10-17T00:00:00,2023-10-17T03:00:00,2023-11-01T00:00:00,POWER_BLOCK,180,COMPLETED
TASK-03787,AST-375,,DEP-003,SEC-006,PREVENTIVE,2024-04-14T00:00:00,2024-04-14T03:00:00,2024-04-29T00:00:00,POWER_BLOCK,180,COMPLETED
TASK-03788,AST-375,,DEP-003,SEC-006,PREVENTIVE,2024-10-11T00:00:00,2024-10-11T03:00:00,2024-10-26T00:00:00,POWER_BLOCK,180,COMPLETED
TASK-03789,AST-375,,DEP-003,SEC-006,PREVENTIVE,2025-04-09T00:00:00,2025-04-09T03:00:00,2025-04-24T00:00:00,POWER_BLOCK,180,COMPLETED
TASK-03790,AST-375,,DEP-003,SEC-006,PREVENTIVE,2025-10-06T00:00:00,2025-10-06T03:00:00,2025-10-21T00:00:00,POWER_BLOCK,180,COMPLETED
TASK-03791,AST-375,,DEP-003,SEC-006,PREVENTIVE,2026-04-04T00:00:00,2026-04-04T03:00:00,2026-04-19T00:00:00,POWER_BLOCK,180,COMPLETED
TASK-03795,AST-377,,DEP-003,SEC-004,PREVENTIVE,2023-09-02T00:00:00,2023-09-02T03:00:00,2023-09-17T00:00:00,POWER_BLOCK,180,COMPLETED
TASK-03796,AST-377,,DEP-003,SEC-004,PREVENTIVE,2024-02-29T00:00:00,2024-02-29T03:00:00,2024-03-15T00:00:00,POWER_BLOCK,180,COMPLETED
TASK-03797,AST-377,,DEP-003,SEC-004,PREVENTIVE,2024-08-27T00:00:00,2024-08-27T03:00:00,2024-09-11T00:00:00,POWER_BLOCK,180,COMPLETED
TASK-03798,AST-377,,DEP-003,SEC-004,PREVENTIVE,2025-02-23T00:00:00,2025-02-23T03:00:00,2025-03-10T00:00:00,POWER_BLOCK,180,COMPLETED
TASK-03799,AST-377,,DEP-003,SEC-004,PREVENTIVE,2025-08-22T00:00:00,2025-08-22T03:00:00,2025-09-06T00:00:00,POWER_BLOCK,180,COMPLETED
TASK-03800,AST-377,,DEP-003,SEC-004,PREVENTIVE,2026-02-18T00:00:00,2026-02-18T03:00:00,2026-03-05T00:00:00,POWER_BLOCK,180,COMPLETED
TASK-03843,AST-383,,DEP-003,SEC-002,PREVENTIVE,2024-01-18T00:00:00,2024-01-18T03:00:00,2024-02-02T00:00:00,POWER_BLOCK,180,COMPLETED
TASK-03844,AST-383,,DEP-003,SEC-002,PREVENTIVE,2024-07-16T00:00:00,2024-07-16T03:00:00,2024-07-31T00:00:00,POWER_BLOCK,180,COMPLETED
TASK-03845,AST-383,,DEP-003,SEC-002,PREVENTIVE,2025-01-12T00:00:00,2025-01-12T03:00:00,2025-01-27T00:00:00,POWER_BLOCK,180,COMPLETED
TASK-03846,AST-383,,DEP-003,SEC-002,PREVENTIVE,2025-07-11T00:00:00,2025-07-11T03:00:00,2025-07-26T00:00:00,POWER_BLOCK,180,COMPLETED
TASK-03847,AST-383,,DEP-003,SEC-002,PREVENTIVE,2026-01-07T00:00:00,2026-01-07T03:00:00,2026-01-22T00:00:00,POWER_BLOCK,180,COMPLETED
TASK-03848,AST-383,,DEP-003,SEC-002,PREVENTIVE,2026-07-06T00:00:00,2026-07-06T03:00:00,2026-07-21T00:00:00,POWER_BLOCK,180,COMPLETED
TASK-03852,AST-385,,DEP-003,SEC-001,PREVENTIVE,2023-11-12T00:00:00,2023-11-12T03:00:00,2023-11-27T00:00:00,POWER_BLOCK,180,COMPLETED
TASK-03853,AST-385,,DEP-003,SEC-001,PREVENTIVE,2024-05-10T00:00:00,2024-05-10T03:00:00,2024-05-25T00:00:00,POWER_BLOCK,180,COMPLETED
TASK-03854,AST-385,,DEP-003,SEC-001,PREVENTIVE,2024-11-06T00:00:00,2024-11-06T03:00:00,2024-11-21T00:00:00,POWER_BLOCK,180,COMPLETED
TASK-03855,AST-385,,DEP-003,SEC-001,PREVENTIVE,2025-05-05T00:00:00,2025-05-05T03:00:00,2025-05-20T00:00:00,POWER_BLOCK,180,COMPLETED
TASK-03856,AST-385,,DEP-003,SEC-001,PREVENTIVE,2025-11-01T00:00:00,2025-11-01T03:00:00,2025-11-16T00:00:00,POWER_BLOCK,180,COMPLETED
TASK-03857,AST-385,,DEP-003,SEC-001,PREVENTIVE,2026-04-30T00:00:00,2026-04-30T03:00:00,2026-05-15T00:00:00,POWER_BLOCK,180,COMPLETED
TASK-03858,AST-386,,DEP-003,SEC-002,PREVENTIVE,2023-10-10T00:00:00,2023-10-10T03:00:00,2023-10-25T00:00:00,POWER_BLOCK,180,COMPLETED
TASK-03859,AST-386,,DEP-003,SEC-002,PREVENTIVE,2024-04-07T00:00:00,2024-04-07T03:00:00,2024-04-22T00:00:00,POWER_BLOCK,180,COMPLETED
TASK-03860,AST-386,,DEP-003,SEC-002,PREVENTIVE,2024-10-04T00:00:00,2024-10-04T03:00:00,2024-10-19T00:00:00,POWER_BLOCK,180,COMPLETED
TASK-03861,AST-386,,DEP-003,SEC-002,PREVENTIVE,2025-04-02T00:00:00,2025-04-02T03:00:00,2025-04-17T00:00:00,POWER_BLOCK,180,COMPLETED
TASK-03862,AST-386,,DEP-003,SEC-002,PREVENTIVE,2025-09-29T00:00:00,2025-09-29T03:00:00,2025-10-14T00:00:00,POWER_BLOCK,180,COMPLETED
TASK-03863,AST-386,,DEP-003,SEC-002,PREVENTIVE,2026-03-28T00:00:00,2026-03-28T03:00:00,2026-04-12T00:00:00,POWER_BLOCK,180,COMPLETED
TASK-03925,AST-395,,DEP-003,SEC-003,PREVENTIVE,2023-11-29T00:00:00,2023-11-29T03:00:00,2023-12-14T00:00:00,POWER_BLOCK,180,COMPLETED
TASK-03926,AST-395,,DEP-003,SEC-003,PREVENTIVE,2024-05-27T00:00:00,2024-05-27T03:00:00,2024-06-11T00:00:00,POWER_BLOCK,180,COMPLETED
TASK-03927,AST-395,,DEP-003,SEC-003,PREVENTIVE,2024-11-23T00:00:00,2024-11-23T03:00:00,2024-12-08T00:00:00,POWER_BLOCK,180,COMPLETED
TASK-03928,AST-395,,DEP-003,SEC-003,PREVENTIVE,2025-05-22T00:00:00,2025-05-22T03:00:00,2025-06-06T00:00:00,POWER_BLOCK,180,COMPLETED
TASK-03929,AST-395,,DEP-003,SEC-003,PREVENTIVE,2025-11-18T00:00:00,2025-11-18T03:00:00,2025-12-03T00:00:00,POWER_BLOCK,180,COMPLETED
TASK-03930,AST-395,,DEP-003,SEC-003,PREVENTIVE,2026-05-17T00:00:00,2026-05-17T03:00:00,2026-06-01T00:00:00,POWER_BLOCK,180,COMPLETED
TASK-04009,AST-407,,DEP-003,SEC-005,PREVENTIVE,2023-12-03T00:00:00,2023-12-03T03:00:00,2023-12-18T00:00:00,POWER_BLOCK,180,COMPLETED
TASK-04010,AST-407,,DEP-003,SEC-005,PREVENTIVE,2024-05-31T00:00:00,2024-05-31T03:00:00,2024-06-15T00:00:00,POWER_BLOCK,180,COMPLETED
TASK-04011,AST-407,,DEP-003,SEC-005,PREVENTIVE,2024-11-27T00:00:00,2024-11-27T03:00:00,2024-12-12T00:00:00,POWER_BLOCK,180,COMPLETED
TASK-04012,AST-407,,DEP-003,SEC-005,PREVENTIVE,2025-05-26T00:00:00,2025-05-26T03:00:00,2025-06-10T00:00:00,POWER_BLOCK,180,COMPLETED
TASK-04013,AST-407,,DEP-003,SEC-005,PREVENTIVE,2025-11-22T00:00:00,2025-11-22T03:00:00,2025-12-07T00:00:00,POWER_BLOCK,180,COMPLETED
TASK-04014,AST-407,,DEP-003,SEC-005,PREVENTIVE,2026-05-21T00:00:00,2026-05-21T03:00:00,2026-06-05T00:00:00,POWER_BLOCK,180,COMPLETED
TASK-04045,AST-412,,DEP-003,SEC-003,PREVENTIVE,2024-01-12T00:00:00,2024-01-12T03:00:00,2024-01-27T00:00:00,POWER_BLOCK,180,COMPLETED
TASK-04046,AST-412,,DEP-003,SEC-003,PREVENTIVE,2024-07-10T00:00:00,2024-07-10T03:00:00,2024-07-25T00:00:00,POWER_BLOCK,180,COMPLETED
TASK-04047,AST-412,,DEP-003,SEC-003,PREVENTIVE,2025-01-06T00:00:00,2025-01-06T03:00:00,2025-01-21T00:00:00,POWER_BLOCK,180,COMPLETED
TASK-04048,AST-412,,DEP-003,SEC-003,PREVENTIVE,2025-07-05T00:00:00,2025-07-05T03:00:00,2025-07-20T00:00:00,POWER_BLOCK,180,COMPLETED
TASK-04049,AST-412,,DEP-003,SEC-003,PREVENTIVE,2026-01-01T00:00:00,2026-01-01T03:00:00,2026-01-16T00:00:00,POWER_BLOCK,180,COMPLETED
TASK-04050,AST-412,,DEP-003,SEC-003,PREVENTIVE,2026-06-30T00:00:00,2026-06-30T03:00:00,2026-07-15T00:00:00,POWER_BLOCK,180,COMPLETED
TASK-04069,AST-416,,DEP-003,SEC-006,PREVENTIVE,2023-09-05T00:00:00,2023-09-05T03:00:00,2023-09-20T00:00:00,POWER_BLOCK,180,COMPLETED
TASK-04070,AST-416,,DEP-003,SEC-006,PREVENTIVE,2024-03-03T00:00:00,2024-03-03T03:00:00,2024-03-18T00:00:00,POWER_BLOCK,180,COMPLETED
TASK-04071,AST-416,,DEP-003,SEC-006,PREVENTIVE,2024-08-30T00:00:00,2024-08-30T03:00:00,2024-09-14T00:00:00,POWER_BLOCK,180,COMPLETED
TASK-04072,AST-416,,DEP-003,SEC-006,PREVENTIVE,2025-02-26T00:00:00,2025-02-26T03:00:00,2025-03-13T00:00:00,POWER_BLOCK,180,COMPLETED
TASK-04073,AST-416,,DEP-003,SEC-006,PREVENTIVE,2025-08-25T00:00:00,2025-08-25T03:00:00,2025-09-09T00:00:00,POWER_BLOCK,180,COMPLETED
TASK-04074,AST-416,,DEP-003,SEC-006,PREVENTIVE,2026-02-21T00:00:00,2026-02-21T03:00:00,2026-03-08T00:00:00,POWER_BLOCK,180,COMPLETED
TASK-04099,AST-419,,DEP-003,SEC-002,PREVENTIVE,2023-12-24T00:00:00,2023-12-24T03:00:00,2024-01-08T00:00:00,POWER_BLOCK,180,COMPLETED
TASK-04100,AST-419,,DEP-003,SEC-002,PREVENTIVE,2024-06-21T00:00:00,2024-06-21T03:00:00,2024-07-06T00:00:00,POWER_BLOCK,180,COMPLETED
TASK-04101,AST-419,,DEP-003,SEC-002,PREVENTIVE,2024-12-18T00:00:00,2024-12-18T03:00:00,2025-01-02T00:00:00,POWER_BLOCK,180,COMPLETED
TASK-04102,AST-419,,DEP-003,SEC-002,PREVENTIVE,2025-06-16T00:00:00,2025-06-16T03:00:00,2025-07-01T00:00:00,POWER_BLOCK,180,COMPLETED
TASK-04103,AST-419,,DEP-003,SEC-002,PREVENTIVE,2025-12-13T00:00:00,2025-12-13T03:00:00,2025-12-28T00:00:00,POWER_BLOCK,180,COMPLETED
TASK-04104,AST-419,,DEP-003,SEC-002,PREVENTIVE,2026-06-11T00:00:00,2026-06-11T03:00:00,2026-06-26T00:00:00,POWER_BLOCK,180,COMPLETED
TASK-04120,AST-422,,DEP-003,SEC-006,PREVENTIVE,2023-12-01T00:00:00,2023-12-01T03:00:00,2023-12-16T00:00:00,POWER_BLOCK,180,COMPLETED
TASK-04121,AST-422,,DEP-003,SEC-006,PREVENTIVE,2024-05-29T00:00:00,2024-05-29T03:00:00,2024-06-13T00:00:00,POWER_BLOCK,180,COMPLETED
TASK-04122,AST-422,,DEP-003,SEC-006,PREVENTIVE,2024-11-25T00:00:00,2024-11-25T03:00:00,2024-12-10T00:00:00,POWER_BLOCK,180,COMPLETED
TASK-04123,AST-422,,DEP-003,SEC-006,PREVENTIVE,2025-05-24T00:00:00,2025-05-24T03:00:00,2025-06-08T00:00:00,POWER_BLOCK,180,COMPLETED
TASK-04124,AST-422,,DEP-003,SEC-006,PREVENTIVE,2025-11-20T00:00:00,2025-11-20T03:00:00,2025-12-05T00:00:00,POWER_BLOCK,180,COMPLETED
TASK-04125,AST-422,,DEP-003,SEC-006,PREVENTIVE,2026-05-19T00:00:00,2026-05-19T03:00:00,2026-06-03T00:00:00,POWER_BLOCK,180,COMPLETED
TASK-04141,AST-425,,DEP-003,SEC-005,PREVENTIVE,2023-10-23T00:00:00,2023-10-23T03:00:00,2023-11-07T00:00:00,POWER_BLOCK,180,COMPLETED
TASK-04142,AST-425,,DEP-003,SEC-005,PREVENTIVE,2024-04-20T00:00:00,2024-04-20T03:00:00,2024-05-05T00:00:00,POWER_BLOCK,180,COMPLETED
TASK-04143,AST-425,,DEP-003,SEC-005,PREVENTIVE,2024-10-17T00:00:00,2024-10-17T03:00:00,2024-11-01T00:00:00,POWER_BLOCK,180,COMPLETED
TASK-04144,AST-425,,DEP-003,SEC-005,PREVENTIVE,2025-04-15T00:00:00,2025-04-15T03:00:00,2025-04-30T00:00:00,POWER_BLOCK,180,COMPLETED
TASK-04145,AST-425,,DEP-003,SEC-005,PREVENTIVE,2025-10-12T00:00:00,2025-10-12T03:00:00,2025-10-27T00:00:00,POWER_BLOCK,180,COMPLETED
TASK-04146,AST-425,,DEP-003,SEC-005,PREVENTIVE,2026-04-10T00:00:00,2026-04-10T03:00:00,2026-04-25T00:00:00,POWER_BLOCK,180,COMPLETED
TASK-04147,AST-426,,DEP-003,SEC-006,PREVENTIVE,2023-11-15T00:00:00,2023-11-15T03:00:00,2023-11-30T00:00:00,POWER_BLOCK,180,COMPLETED
TASK-04148,AST-426,,DEP-003,SEC-006,PREVENTIVE,2024-05-13T00:00:00,2024-05-13T03:00:00,2024-05-28T00:00:00,POWER_BLOCK,180,COMPLETED
TASK-04149,AST-426,,DEP-003,SEC-006,PREVENTIVE,2024-11-09T00:00:00,2024-11-09T03:00:00,2024-11-24T00:00:00,POWER_BLOCK,180,COMPLETED
TASK-04150,AST-426,,DEP-003,SEC-006,PREVENTIVE,2025-05-08T00:00:00,2025-05-08T03:00:00,2025-05-23T00:00:00,POWER_BLOCK,180,COMPLETED
TASK-04151,AST-426,,DEP-003,SEC-006,PREVENTIVE,2025-11-04T00:00:00,2025-11-04T03:00:00,2025-11-19T00:00:00,POWER_BLOCK,180,COMPLETED
TASK-04152,AST-426,,DEP-003,SEC-006,PREVENTIVE,2026-05-03T00:00:00,2026-05-03T03:00:00,2026-05-18T00:00:00,POWER_BLOCK,180,COMPLETED
TASK-04240,AST-438,,DEP-003,SEC-004,PREVENTIVE,2023-10-05T00:00:00,2023-10-05T03:00:00,2023-10-20T00:00:00,POWER_BLOCK,180,COMPLETED
TASK-04241,AST-438,,DEP-003,SEC-004,PREVENTIVE,2024-04-02T00:00:00,2024-04-02T03:00:00,2024-04-17T00:00:00,POWER_BLOCK,180,COMPLETED
TASK-04242,AST-438,,DEP-003,SEC-004,PREVENTIVE,2024-09-29T00:00:00,2024-09-29T03:00:00,2024-10-14T00:00:00,POWER_BLOCK,180,COMPLETED
TASK-04243,AST-438,,DEP-003,SEC-004,PREVENTIVE,2025-03-28T00:00:00,2025-03-28T03:00:00,2025-04-12T00:00:00,POWER_BLOCK,180,COMPLETED
TASK-04244,AST-438,,DEP-003,SEC-004,PREVENTIVE,2025-09-24T00:00:00,2025-09-24T03:00:00,2025-10-09T00:00:00,POWER_BLOCK,180,COMPLETED
TASK-04245,AST-438,,DEP-003,SEC-004,PREVENTIVE,2026-03-23T00:00:00,2026-03-23T03:00:00,2026-04-07T00:00:00,POWER_BLOCK,180,COMPLETED
TASK-04273,AST-442,,DEP-003,SEC-004,PREVENTIVE,2023-12-02T00:00:00,2023-12-02T03:00:00,2023-12-17T00:00:00,POWER_BLOCK,180,COMPLETED
TASK-04274,AST-442,,DEP-003,SEC-004,PREVENTIVE,2024-05-30T00:00:00,2024-05-30T03:00:00,2024-06-14T00:00:00,POWER_BLOCK,180,COMPLETED
TASK-04275,AST-442,,DEP-003,SEC-004,PREVENTIVE,2024-11-26T00:00:00,2024-11-26T03:00:00,2024-12-11T00:00:00,POWER_BLOCK,180,COMPLETED
TASK-04276,AST-442,,DEP-003,SEC-004,PREVENTIVE,2025-05-25T00:00:00,2025-05-25T03:00:00,2025-06-09T00:00:00,POWER_BLOCK,180,COMPLETED
TASK-04277,AST-442,,DEP-003,SEC-004,PREVENTIVE,2025-11-21T00:00:00,2025-11-21T03:00:00,2025-12-06T00:00:00,POWER_BLOCK,180,COMPLETED
TASK-04278,AST-442,,DEP-003,SEC-004,PREVENTIVE,2026-05-20T00:00:00,2026-05-20T03:00:00,2026-06-04T00:00:00,POWER_BLOCK,180,COMPLETED
TASK-04279,AST-443,,DEP-003,SEC-003,PREVENTIVE,2023-11-04T00:00:00,2023-11-04T03:00:00,2023-11-19T00:00:00,POWER_BLOCK,180,COMPLETED
TASK-04280,AST-443,,DEP-003,SEC-003,PREVENTIVE,2024-05-02T00:00:00,2024-05-02T03:00:00,2024-05-17T00:00:00,POWER_BLOCK,180,COMPLETED
TASK-04281,AST-443,,DEP-003,SEC-003,PREVENTIVE,2024-10-29T00:00:00,2024-10-29T03:00:00,2024-11-13T00:00:00,POWER_BLOCK,180,COMPLETED
TASK-04282,AST-443,,DEP-003,SEC-003,PREVENTIVE,2025-04-27T00:00:00,2025-04-27T03:00:00,2025-05-12T00:00:00,POWER_BLOCK,180,COMPLETED
TASK-04283,AST-443,,DEP-003,SEC-003,PREVENTIVE,2025-10-24T00:00:00,2025-10-24T03:00:00,2025-11-08T00:00:00,POWER_BLOCK,180,COMPLETED
TASK-04284,AST-443,,DEP-003,SEC-003,PREVENTIVE,2026-04-22T00:00:00,2026-04-22T03:00:00,2026-05-07T00:00:00,POWER_BLOCK,180,COMPLETED
TASK-04318,AST-449,,DEP-003,SEC-004,PREVENTIVE,2024-01-09T00:00:00,2024-01-09T03:00:00,2024-01-24T00:00:00,POWER_BLOCK,180,COMPLETED
TASK-04319,AST-449,,DEP-003,SEC-004,PREVENTIVE,2024-07-07T00:00:00,2024-07-07T03:00:00,2024-07-22T00:00:00,POWER_BLOCK,180,COMPLETED
TASK-04320,AST-449,,DEP-003,SEC-004,PREVENTIVE,2025-01-03T00:00:00,2025-01-03T03:00:00,2025-01-18T00:00:00,POWER_BLOCK,180,COMPLETED
TASK-04321,AST-449,,DEP-003,SEC-004,PREVENTIVE,2025-07-02T00:00:00,2025-07-02T03:00:00,2025-07-17T00:00:00,POWER_BLOCK,180,COMPLETED
TASK-04322,AST-449,,DEP-003,SEC-004,PREVENTIVE,2025-12-29T00:00:00,2025-12-29T03:00:00,2026-01-13T00:00:00,POWER_BLOCK,180,COMPLETED
TASK-04323,AST-449,,DEP-003,SEC-004,PREVENTIVE,2026-06-27T00:00:00,2026-06-27T03:00:00,2026-07-12T00:00:00,POWER_BLOCK,180,COMPLETED
TASK-04384,AST-458,,DEP-003,SEC-006,PREVENTIVE,2024-01-10T00:00:00,2024-01-10T03:00:00,2024-01-25T00:00:00,POWER_BLOCK,180,COMPLETED
TASK-04385,AST-458,,DEP-003,SEC-006,PREVENTIVE,2024-07-08T00:00:00,2024-07-08T03:00:00,2024-07-23T00:00:00,POWER_BLOCK,180,COMPLETED
TASK-04386,AST-458,,DEP-003,SEC-006,PREVENTIVE,2025-01-04T00:00:00,2025-01-04T03:00:00,2025-01-19T00:00:00,POWER_BLOCK,180,COMPLETED
TASK-04387,AST-458,,DEP-003,SEC-006,PREVENTIVE,2025-07-03T00:00:00,2025-07-03T03:00:00,2025-07-18T00:00:00,POWER_BLOCK,180,COMPLETED
TASK-04388,AST-458,,DEP-003,SEC-006,PREVENTIVE,2025-12-30T00:00:00,2025-12-30T03:00:00,2026-01-14T00:00:00,POWER_BLOCK,180,COMPLETED
TASK-04389,AST-458,,DEP-003,SEC-006,PREVENTIVE,2026-06-28T00:00:00,2026-06-28T03:00:00,2026-07-13T00:00:00,POWER_BLOCK,180,COMPLETED
TASK-04411,AST-463,,DEP-003,SEC-001,PREVENTIVE,2024-01-02T00:00:00,2024-01-02T03:00:00,2024-01-17T00:00:00,POWER_BLOCK,180,COMPLETED
TASK-04412,AST-463,,DEP-003,SEC-001,PREVENTIVE,2024-06-30T00:00:00,2024-06-30T03:00:00,2024-07-15T00:00:00,POWER_BLOCK,180,COMPLETED
TASK-04413,AST-463,,DEP-003,SEC-001,PREVENTIVE,2024-12-27T00:00:00,2024-12-27T03:00:00,2025-01-11T00:00:00,POWER_BLOCK,180,COMPLETED
TASK-04414,AST-463,,DEP-003,SEC-001,PREVENTIVE,2025-06-25T00:00:00,2025-06-25T03:00:00,2025-07-10T00:00:00,POWER_BLOCK,180,COMPLETED
TASK-04415,AST-463,,DEP-003,SEC-001,PREVENTIVE,2025-12-22T00:00:00,2025-12-22T03:00:00,2026-01-06T00:00:00,POWER_BLOCK,180,COMPLETED
TASK-04416,AST-463,,DEP-003,SEC-001,PREVENTIVE,2026-06-20T00:00:00,2026-06-20T03:00:00,2026-07-05T00:00:00,POWER_BLOCK,180,COMPLETED
TASK-04429,AST-465,,DEP-003,SEC-001,PREVENTIVE,2023-09-20T00:00:00,2023-09-20T03:00:00,2023-10-05T00:00:00,POWER_BLOCK,180,COMPLETED
TASK-04430,AST-465,,DEP-003,SEC-001,PREVENTIVE,2024-03-18T00:00:00,2024-03-18T03:00:00,2024-04-02T00:00:00,POWER_BLOCK,180,COMPLETED
TASK-04431,AST-465,,DEP-003,SEC-001,PREVENTIVE,2024-09-14T00:00:00,2024-09-14T03:00:00,2024-09-29T00:00:00,POWER_BLOCK,180,COMPLETED
TASK-04432,AST-465,,DEP-003,SEC-001,PREVENTIVE,2025-03-13T00:00:00,2025-03-13T03:00:00,2025-03-28T00:00:00,POWER_BLOCK,180,COMPLETED
TASK-04433,AST-465,,DEP-003,SEC-001,PREVENTIVE,2025-09-09T00:00:00,2025-09-09T03:00:00,2025-09-24T00:00:00,POWER_BLOCK,180,COMPLETED
TASK-04434,AST-465,,DEP-003,SEC-001,PREVENTIVE,2026-03-08T00:00:00,2026-03-08T03:00:00,2026-03-23T00:00:00,POWER_BLOCK,180,COMPLETED
TASK-04459,AST-468,,DEP-003,SEC-001,PREVENTIVE,2023-10-17T00:00:00,2023-10-17T03:00:00,2023-11-01T00:00:00,POWER_BLOCK,180,COMPLETED
TASK-04460,AST-468,,DEP-003,SEC-001,PREVENTIVE,2024-04-14T00:00:00,2024-04-14T03:00:00,2024-04-29T00:00:00,POWER_BLOCK,180,COMPLETED
TASK-04461,AST-468,,DEP-003,SEC-001,PREVENTIVE,2024-10-11T00:00:00,2024-10-11T03:00:00,2024-10-26T00:00:00,POWER_BLOCK,180,COMPLETED
TASK-04462,AST-468,,DEP-003,SEC-001,PREVENTIVE,2025-04-09T00:00:00,2025-04-09T03:00:00,2025-04-24T00:00:00,POWER_BLOCK,180,COMPLETED
TASK-04463,AST-468,,DEP-003,SEC-001,PREVENTIVE,2025-10-06T00:00:00,2025-10-06T03:00:00,2025-10-21T00:00:00,POWER_BLOCK,180,COMPLETED
TASK-04464,AST-468,,DEP-003,SEC-001,PREVENTIVE,2026-04-04T00:00:00,2026-04-04T03:00:00,2026-04-19T00:00:00,POWER_BLOCK,180,COMPLETED
TASK-04465,AST-469,,DEP-003,SEC-006,PREVENTIVE,2023-09-24T00:00:00,2023-09-24T03:00:00,2023-10-09T00:00:00,POWER_BLOCK,180,COMPLETED
TASK-04466,AST-469,,DEP-003,SEC-006,PREVENTIVE,2024-03-22T00:00:00,2024-03-22T03:00:00,2024-04-06T00:00:00,POWER_BLOCK,180,COMPLETED
TASK-04467,AST-469,,DEP-003,SEC-006,PREVENTIVE,2024-09-18T00:00:00,2024-09-18T03:00:00,2024-10-03T00:00:00,POWER_BLOCK,180,COMPLETED
TASK-04468,AST-469,,DEP-003,SEC-006,PREVENTIVE,2025-03-17T00:00:00,2025-03-17T03:00:00,2025-04-01T00:00:00,POWER_BLOCK,180,COMPLETED
TASK-04469,AST-469,,DEP-003,SEC-006,PREVENTIVE,2025-09-13T00:00:00,2025-09-13T03:00:00,2025-09-28T00:00:00,POWER_BLOCK,180,COMPLETED
TASK-04470,AST-469,,DEP-003,SEC-006,PREVENTIVE,2026-03-12T00:00:00,2026-03-12T03:00:00,2026-03-27T00:00:00,POWER_BLOCK,180,COMPLETED
TASK-04471,AST-470,,DEP-003,SEC-004,PREVENTIVE,2024-01-10T00:00:00,2024-01-10T03:00:00,2024-01-25T00:00:00,POWER_BLOCK,180,COMPLETED
TASK-04472,AST-470,,DEP-003,SEC-004,PREVENTIVE,2024-07-08T00:00:00,2024-07-08T03:00:00,2024-07-23T00:00:00,POWER_BLOCK,180,COMPLETED
TASK-04473,AST-470,,DEP-003,SEC-004,PREVENTIVE,2025-01-04T00:00:00,2025-01-04T03:00:00,2025-01-19T00:00:00,POWER_BLOCK,180,COMPLETED
TASK-04474,AST-470,,DEP-003,SEC-004,PREVENTIVE,2025-07-03T00:00:00,2025-07-03T03:00:00,2025-07-18T00:00:00,POWER_BLOCK,180,COMPLETED
TASK-04475,AST-470,,DEP-003,SEC-004,PREVENTIVE,2025-12-30T00:00:00,2025-12-30T03:00:00,2026-01-14T00:00:00,POWER_BLOCK,180,COMPLETED
TASK-04476,AST-470,,DEP-003,SEC-004,PREVENTIVE,2026-06-28T00:00:00,2026-06-28T03:00:00,2026-07-13T00:00:00,POWER_BLOCK,180,COMPLETED
TASK-04483,AST-473,,DEP-003,SEC-001,PREVENTIVE,2023-11-12T00:00:00,2023-11-12T03:00:00,2023-11-27T00:00:00,POWER_BLOCK,180,COMPLETED
TASK-04484,AST-473,,DEP-003,SEC-001,PREVENTIVE,2024-05-10T00:00:00,2024-05-10T03:00:00,2024-05-25T00:00:00,POWER_BLOCK,180,COMPLETED
TASK-04485,AST-473,,DEP-003,SEC-001,PREVENTIVE,2024-11-06T00:00:00,2024-11-06T03:00:00,2024-11-21T00:00:00,POWER_BLOCK,180,COMPLETED
TASK-04486,AST-473,,DEP-003,SEC-001,PREVENTIVE,2025-05-05T00:00:00,2025-05-05T03:00:00,2025-05-20T00:00:00,POWER_BLOCK,180,COMPLETED
TASK-04487,AST-473,,DEP-003,SEC-001,PREVENTIVE,2025-11-01T00:00:00,2025-11-01T03:00:00,2025-11-16T00:00:00,POWER_BLOCK,180,COMPLETED
TASK-04488,AST-473,,DEP-003,SEC-001,PREVENTIVE,2026-04-30T00:00:00,2026-04-30T03:00:00,2026-05-15T00:00:00,POWER_BLOCK,180,COMPLETED
TASK-04504,AST-476,,DEP-003,SEC-006,PREVENTIVE,2023-11-24T00:00:00,2023-11-24T03:00:00,2023-12-09T00:00:00,POWER_BLOCK,180,COMPLETED
TASK-04505,AST-476,,DEP-003,SEC-006,PREVENTIVE,2024-05-22T00:00:00,2024-05-22T03:00:00,2024-06-06T00:00:00,POWER_BLOCK,180,COMPLETED
TASK-04506,AST-476,,DEP-003,SEC-006,PREVENTIVE,2024-11-18T00:00:00,2024-11-18T03:00:00,2024-12-03T00:00:00,POWER_BLOCK,180,COMPLETED
TASK-04507,AST-476,,DEP-003,SEC-006,PREVENTIVE,2025-05-17T00:00:00,2025-05-17T03:00:00,2025-06-01T00:00:00,POWER_BLOCK,180,COMPLETED
TASK-04508,AST-476,,DEP-003,SEC-006,PREVENTIVE,2025-11-13T00:00:00,2025-11-13T03:00:00,2025-11-28T00:00:00,POWER_BLOCK,180,COMPLETED
TASK-04509,AST-476,,DEP-003,SEC-006,PREVENTIVE,2026-05-12T00:00:00,2026-05-12T03:00:00,2026-05-27T00:00:00,POWER_BLOCK,180,COMPLETED
TASK-04510,AST-477,,DEP-003,SEC-002,PREVENTIVE,2023-10-06T00:00:00,2023-10-06T03:00:00,2023-10-21T00:00:00,POWER_BLOCK,180,COMPLETED
TASK-04511,AST-477,,DEP-003,SEC-002,PREVENTIVE,2024-04-03T00:00:00,2024-04-03T03:00:00,2024-04-18T00:00:00,POWER_BLOCK,180,COMPLETED
TASK-04512,AST-477,,DEP-003,SEC-002,PREVENTIVE,2024-09-30T00:00:00,2024-09-30T03:00:00,2024-10-15T00:00:00,POWER_BLOCK,180,COMPLETED
TASK-04513,AST-477,,DEP-003,SEC-002,PREVENTIVE,2025-03-29T00:00:00,2025-03-29T03:00:00,2025-04-13T00:00:00,POWER_BLOCK,180,COMPLETED
TASK-04514,AST-477,,DEP-003,SEC-002,PREVENTIVE,2025-09-25T00:00:00,2025-09-25T03:00:00,2025-10-10T00:00:00,POWER_BLOCK,180,COMPLETED
TASK-04515,AST-477,,DEP-003,SEC-002,PREVENTIVE,2026-03-24T00:00:00,2026-03-24T03:00:00,2026-04-08T00:00:00,POWER_BLOCK,180,COMPLETED
TASK-04537,AST-482,,DEP-003,SEC-003,PREVENTIVE,2023-09-04T00:00:00,2023-09-04T03:00:00,2023-09-19T00:00:00,POWER_BLOCK,180,COMPLETED
TASK-04538,AST-482,,DEP-003,SEC-003,PREVENTIVE,2024-03-02T00:00:00,2024-03-02T03:00:00,2024-03-17T00:00:00,POWER_BLOCK,180,COMPLETED
TASK-04539,AST-482,,DEP-003,SEC-003,PREVENTIVE,2024-08-29T00:00:00,2024-08-29T03:00:00,2024-09-13T00:00:00,POWER_BLOCK,180,COMPLETED
TASK-04540,AST-482,,DEP-003,SEC-003,PREVENTIVE,2025-02-25T00:00:00,2025-02-25T03:00:00,2025-03-12T00:00:00,POWER_BLOCK,180,COMPLETED
TASK-04541,AST-482,,DEP-003,SEC-003,PREVENTIVE,2025-08-24T00:00:00,2025-08-24T03:00:00,2025-09-08T00:00:00,POWER_BLOCK,180,COMPLETED
TASK-04542,AST-482,,DEP-003,SEC-003,PREVENTIVE,2026-02-20T00:00:00,2026-02-20T03:00:00,2026-03-07T00:00:00,POWER_BLOCK,180,COMPLETED
TASK-04555,AST-484,,DEP-003,SEC-002,PREVENTIVE,2023-08-17T00:00:00,2023-08-17T03:00:00,2023-09-01T00:00:00,POWER_BLOCK,180,COMPLETED
TASK-04556,AST-484,,DEP-003,SEC-002,PREVENTIVE,2024-02-13T00:00:00,2024-02-13T03:00:00,2024-02-28T00:00:00,POWER_BLOCK,180,COMPLETED
TASK-04557,AST-484,,DEP-003,SEC-002,PREVENTIVE,2024-08-11T00:00:00,2024-08-11T03:00:00,2024-08-26T00:00:00,POWER_BLOCK,180,COMPLETED
TASK-04558,AST-484,,DEP-003,SEC-002,PREVENTIVE,2025-02-07T00:00:00,2025-02-07T03:00:00,2025-02-22T00:00:00,POWER_BLOCK,180,COMPLETED
TASK-04559,AST-484,,DEP-003,SEC-002,PREVENTIVE,2025-08-06T00:00:00,2025-08-06T03:00:00,2025-08-21T00:00:00,POWER_BLOCK,180,COMPLETED
TASK-04560,AST-484,,DEP-003,SEC-002,PREVENTIVE,2026-02-02T00:00:00,2026-02-02T03:00:00,2026-02-17T00:00:00,POWER_BLOCK,180,COMPLETED
TASK-04597,AST-491,,DEP-003,SEC-005,PREVENTIVE,2023-12-13T00:00:00,2023-12-13T03:00:00,2023-12-28T00:00:00,POWER_BLOCK,180,COMPLETED
TASK-04598,AST-491,,DEP-003,SEC-005,PREVENTIVE,2024-06-10T00:00:00,2024-06-10T03:00:00,2024-06-25T00:00:00,POWER_BLOCK,180,COMPLETED
TASK-04599,AST-491,,DEP-003,SEC-005,PREVENTIVE,2024-12-07T00:00:00,2024-12-07T03:00:00,2024-12-22T00:00:00,POWER_BLOCK,180,COMPLETED
TASK-04600,AST-491,,DEP-003,SEC-005,PREVENTIVE,2025-06-05T00:00:00,2025-06-05T03:00:00,2025-06-20T00:00:00,POWER_BLOCK,180,COMPLETED
TASK-04601,AST-491,,DEP-003,SEC-005,PREVENTIVE,2025-12-02T00:00:00,2025-12-02T03:00:00,2025-12-17T00:00:00,POWER_BLOCK,180,COMPLETED
TASK-04602,AST-491,,DEP-003,SEC-005,PREVENTIVE,2026-05-31T00:00:00,2026-05-31T03:00:00,2026-06-15T00:00:00,POWER_BLOCK,180,COMPLETED
TASK-04606,AST-493,,DEP-003,SEC-005,PREVENTIVE,2023-10-17T00:00:00,2023-10-17T03:00:00,2023-11-01T00:00:00,POWER_BLOCK,180,COMPLETED
TASK-04607,AST-493,,DEP-003,SEC-005,PREVENTIVE,2024-04-14T00:00:00,2024-04-14T03:00:00,2024-04-29T00:00:00,POWER_BLOCK,180,COMPLETED
TASK-04608,AST-493,,DEP-003,SEC-005,PREVENTIVE,2024-10-11T00:00:00,2024-10-11T03:00:00,2024-10-26T00:00:00,POWER_BLOCK,180,COMPLETED
TASK-04609,AST-493,,DEP-003,SEC-005,PREVENTIVE,2025-04-09T00:00:00,2025-04-09T03:00:00,2025-04-24T00:00:00,POWER_BLOCK,180,COMPLETED
TASK-04610,AST-493,,DEP-003,SEC-005,PREVENTIVE,2025-10-06T00:00:00,2025-10-06T03:00:00,2025-10-21T00:00:00,POWER_BLOCK,180,COMPLETED
TASK-04611,AST-493,,DEP-003,SEC-005,PREVENTIVE,2026-04-04T00:00:00,2026-04-04T03:00:00,2026-04-19T00:00:00,POWER_BLOCK,180,COMPLETED
TASK-04636,AST-499,,DEP-003,SEC-001,PREVENTIVE,2024-01-27T00:00:00,2024-01-27T03:00:00,2024-02-11T00:00:00,POWER_BLOCK,180,COMPLETED
TASK-04637,AST-499,,DEP-003,SEC-001,PREVENTIVE,2024-07-25T00:00:00,2024-07-25T03:00:00,2024-08-09T00:00:00,POWER_BLOCK,180,COMPLETED
TASK-04638,AST-499,,DEP-003,SEC-001,PREVENTIVE,2025-01-21T00:00:00,2025-01-21T03:00:00,2025-02-05T00:00:00,POWER_BLOCK,180,COMPLETED
TASK-04639,AST-499,,DEP-003,SEC-001,PREVENTIVE,2025-07-20T00:00:00,2025-07-20T03:00:00,2025-08-04T00:00:00,POWER_BLOCK,180,COMPLETED
TASK-04640,AST-499,,DEP-003,SEC-001,PREVENTIVE,2026-01-16T00:00:00,2026-01-16T03:00:00,2026-01-31T00:00:00,POWER_BLOCK,180,COMPLETED
TASK-04641,AST-499,,DEP-003,SEC-001,PREVENTIVE,2026-07-15T00:00:00,2026-07-15T03:00:00,2026-07-30T00:00:00,POWER_BLOCK,180,COMPLETED
TASK-04684,AST-505,,DEP-003,SEC-006,PREVENTIVE,2024-01-07T00:00:00,2024-01-07T03:00:00,2024-01-22T00:00:00,POWER_BLOCK,180,COMPLETED
TASK-04685,AST-505,,DEP-003,SEC-006,PREVENTIVE,2024-07-05T00:00:00,2024-07-05T03:00:00,2024-07-20T00:00:00,POWER_BLOCK,180,COMPLETED
TASK-04686,AST-505,,DEP-003,SEC-006,PREVENTIVE,2025-01-01T00:00:00,2025-01-01T03:00:00,2025-01-16T00:00:00,POWER_BLOCK,180,COMPLETED
TASK-04687,AST-505,,DEP-003,SEC-006,PREVENTIVE,2025-06-30T00:00:00,2025-06-30T03:00:00,2025-07-15T00:00:00,POWER_BLOCK,180,COMPLETED
TASK-04688,AST-505,,DEP-003,SEC-006,PREVENTIVE,2025-12-27T00:00:00,2025-12-27T03:00:00,2026-01-11T00:00:00,POWER_BLOCK,180,COMPLETED
TASK-04689,AST-505,,DEP-003,SEC-006,PREVENTIVE,2026-06-25T00:00:00,2026-06-25T03:00:00,2026-07-10T00:00:00,POWER_BLOCK,180,COMPLETED
TASK-04780,AST-518,,DEP-003,SEC-006,PREVENTIVE,2023-11-05T00:00:00,2023-11-05T03:00:00,2023-11-20T00:00:00,POWER_BLOCK,180,COMPLETED
TASK-04781,AST-518,,DEP-003,SEC-006,PREVENTIVE,2024-05-03T00:00:00,2024-05-03T03:00:00,2024-05-18T00:00:00,POWER_BLOCK,180,COMPLETED
TASK-04782,AST-518,,DEP-003,SEC-006,PREVENTIVE,2024-10-30T00:00:00,2024-10-30T03:00:00,2024-11-14T00:00:00,POWER_BLOCK,180,COMPLETED
TASK-04783,AST-518,,DEP-003,SEC-006,PREVENTIVE,2025-04-28T00:00:00,2025-04-28T03:00:00,2025-05-13T00:00:00,POWER_BLOCK,180,COMPLETED
TASK-04784,AST-518,,DEP-003,SEC-006,PREVENTIVE,2025-10-25T00:00:00,2025-10-25T03:00:00,2025-11-09T00:00:00,POWER_BLOCK,180,COMPLETED
TASK-04785,AST-518,,DEP-003,SEC-006,PREVENTIVE,2026-04-23T00:00:00,2026-04-23T03:00:00,2026-05-08T00:00:00,POWER_BLOCK,180,COMPLETED
TASK-04786,AST-519,,DEP-003,SEC-004,PREVENTIVE,2023-11-02T00:00:00,2023-11-02T03:00:00,2023-11-17T00:00:00,POWER_BLOCK,180,COMPLETED
TASK-04787,AST-519,,DEP-003,SEC-004,PREVENTIVE,2024-04-30T00:00:00,2024-04-30T03:00:00,2024-05-15T00:00:00,POWER_BLOCK,180,COMPLETED
TASK-04788,AST-519,,DEP-003,SEC-004,PREVENTIVE,2024-10-27T00:00:00,2024-10-27T03:00:00,2024-11-11T00:00:00,POWER_BLOCK,180,COMPLETED
TASK-04789,AST-519,,DEP-003,SEC-004,PREVENTIVE,2025-04-25T00:00:00,2025-04-25T03:00:00,2025-05-10T00:00:00,POWER_BLOCK,180,COMPLETED
TASK-04790,AST-519,,DEP-003,SEC-004,PREVENTIVE,2025-10-22T00:00:00,2025-10-22T03:00:00,2025-11-06T00:00:00,POWER_BLOCK,180,COMPLETED
TASK-04791,AST-519,,DEP-003,SEC-004,PREVENTIVE,2026-04-20T00:00:00,2026-04-20T03:00:00,2026-05-05T00:00:00,POWER_BLOCK,180,COMPLETED
TASK-04804,AST-521,,DEP-003,SEC-003,PREVENTIVE,2024-01-14T00:00:00,2024-01-14T03:00:00,2024-01-29T00:00:00,POWER_BLOCK,180,COMPLETED
TASK-04805,AST-521,,DEP-003,SEC-003,PREVENTIVE,2024-07-12T00:00:00,2024-07-12T03:00:00,2024-07-27T00:00:00,POWER_BLOCK,180,COMPLETED
TASK-04806,AST-521,,DEP-003,SEC-003,PREVENTIVE,2025-01-08T00:00:00,2025-01-08T03:00:00,2025-01-23T00:00:00,POWER_BLOCK,180,COMPLETED
TASK-04807,AST-521,,DEP-003,SEC-003,PREVENTIVE,2025-07-07T00:00:00,2025-07-07T03:00:00,2025-07-22T00:00:00,POWER_BLOCK,180,COMPLETED
TASK-04808,AST-521,,DEP-003,SEC-003,PREVENTIVE,2026-01-03T00:00:00,2026-01-03T03:00:00,2026-01-18T00:00:00,POWER_BLOCK,180,COMPLETED
TASK-04809,AST-521,,DEP-003,SEC-003,PREVENTIVE,2026-07-02T00:00:00,2026-07-02T03:00:00,2026-07-17T00:00:00,POWER_BLOCK,180,COMPLETED
TASK-04810,AST-522,,DEP-003,SEC-002,PREVENTIVE,2023-11-21T00:00:00,2023-11-21T03:00:00,2023-12-06T00:00:00,POWER_BLOCK,180,COMPLETED
TASK-04811,AST-522,,DEP-003,SEC-002,PREVENTIVE,2024-05-19T00:00:00,2024-05-19T03:00:00,2024-06-03T00:00:00,POWER_BLOCK,180,COMPLETED
TASK-04812,AST-522,,DEP-003,SEC-002,PREVENTIVE,2024-11-15T00:00:00,2024-11-15T03:00:00,2024-11-30T00:00:00,POWER_BLOCK,180,COMPLETED
TASK-04813,AST-522,,DEP-003,SEC-002,PREVENTIVE,2025-05-14T00:00:00,2025-05-14T03:00:00,2025-05-29T00:00:00,POWER_BLOCK,180,COMPLETED
TASK-04814,AST-522,,DEP-003,SEC-002,PREVENTIVE,2025-11-10T00:00:00,2025-11-10T03:00:00,2025-11-25T00:00:00,POWER_BLOCK,180,COMPLETED
TASK-04815,AST-522,,DEP-003,SEC-002,PREVENTIVE,2026-05-09T00:00:00,2026-05-09T03:00:00,2026-05-24T00:00:00,POWER_BLOCK,180,COMPLETED
TASK-04816,AST-523,,DEP-003,SEC-003,PREVENTIVE,2023-10-10T00:00:00,2023-10-10T03:00:00,2023-10-25T00:00:00,POWER_BLOCK,180,COMPLETED
TASK-04817,AST-523,,DEP-003,SEC-003,PREVENTIVE,2024-04-07T00:00:00,2024-04-07T03:00:00,2024-04-22T00:00:00,POWER_BLOCK,180,COMPLETED
TASK-04818,AST-523,,DEP-003,SEC-003,PREVENTIVE,2024-10-04T00:00:00,2024-10-04T03:00:00,2024-10-19T00:00:00,POWER_BLOCK,180,COMPLETED
TASK-04819,AST-523,,DEP-003,SEC-003,PREVENTIVE,2025-04-02T00:00:00,2025-04-02T03:00:00,2025-04-17T00:00:00,POWER_BLOCK,180,COMPLETED
TASK-04820,AST-523,,DEP-003,SEC-003,PREVENTIVE,2025-09-29T00:00:00,2025-09-29T03:00:00,2025-10-14T00:00:00,POWER_BLOCK,180,COMPLETED
TASK-04821,AST-523,,DEP-003,SEC-003,PREVENTIVE,2026-03-28T00:00:00,2026-03-28T03:00:00,2026-04-12T00:00:00,POWER_BLOCK,180,COMPLETED
TASK-04858,AST-530,,DEP-003,SEC-005,PREVENTIVE,2023-09-15T00:00:00,2023-09-15T03:00:00,2023-09-30T00:00:00,POWER_BLOCK,180,COMPLETED
TASK-04859,AST-530,,DEP-003,SEC-005,PREVENTIVE,2024-03-13T00:00:00,2024-03-13T03:00:00,2024-03-28T00:00:00,POWER_BLOCK,180,COMPLETED
TASK-04860,AST-530,,DEP-003,SEC-005,PREVENTIVE,2024-09-09T00:00:00,2024-09-09T03:00:00,2024-09-24T00:00:00,POWER_BLOCK,180,COMPLETED
TASK-04861,AST-530,,DEP-003,SEC-005,PREVENTIVE,2025-03-08T00:00:00,2025-03-08T03:00:00,2025-03-23T00:00:00,POWER_BLOCK,180,COMPLETED
TASK-04862,AST-530,,DEP-003,SEC-005,PREVENTIVE,2025-09-04T00:00:00,2025-09-04T03:00:00,2025-09-19T00:00:00,POWER_BLOCK,180,COMPLETED
TASK-04863,AST-530,,DEP-003,SEC-005,PREVENTIVE,2026-03-03T00:00:00,2026-03-03T03:00:00,2026-03-18T00:00:00,POWER_BLOCK,180,COMPLETED
TASK-04867,AST-532,,DEP-003,SEC-002,PREVENTIVE,2024-01-07T00:00:00,2024-01-07T03:00:00,2024-01-22T00:00:00,POWER_BLOCK,180,COMPLETED
TASK-04868,AST-532,,DEP-003,SEC-002,PREVENTIVE,2024-07-05T00:00:00,2024-07-05T03:00:00,2024-07-20T00:00:00,POWER_BLOCK,180,COMPLETED
TASK-04869,AST-532,,DEP-003,SEC-002,PREVENTIVE,2025-01-01T00:00:00,2025-01-01T03:00:00,2025-01-16T00:00:00,POWER_BLOCK,180,COMPLETED
TASK-04870,AST-532,,DEP-003,SEC-002,PREVENTIVE,2025-06-30T00:00:00,2025-06-30T03:00:00,2025-07-15T00:00:00,POWER_BLOCK,180,COMPLETED
TASK-04871,AST-532,,DEP-003,SEC-002,PREVENTIVE,2025-12-27T00:00:00,2025-12-27T03:00:00,2026-01-11T00:00:00,POWER_BLOCK,180,COMPLETED
TASK-04872,AST-532,,DEP-003,SEC-002,PREVENTIVE,2026-06-25T00:00:00,2026-06-25T03:00:00,2026-07-10T00:00:00,POWER_BLOCK,180,COMPLETED
TASK-04921,AST-540,,DEP-003,SEC-003,PREVENTIVE,2024-01-09T00:00:00,2024-01-09T03:00:00,2024-01-24T00:00:00,POWER_BLOCK,180,COMPLETED
TASK-04922,AST-540,,DEP-003,SEC-003,PREVENTIVE,2024-07-07T00:00:00,2024-07-07T03:00:00,2024-07-22T00:00:00,POWER_BLOCK,180,COMPLETED
TASK-04923,AST-540,,DEP-003,SEC-003,PREVENTIVE,2025-01-03T00:00:00,2025-01-03T03:00:00,2025-01-18T00:00:00,POWER_BLOCK,180,COMPLETED
TASK-04924,AST-540,,DEP-003,SEC-003,PREVENTIVE,2025-07-02T00:00:00,2025-07-02T03:00:00,2025-07-17T00:00:00,POWER_BLOCK,180,COMPLETED
TASK-04925,AST-540,,DEP-003,SEC-003,PREVENTIVE,2025-12-29T00:00:00,2025-12-29T03:00:00,2026-01-13T00:00:00,POWER_BLOCK,180,COMPLETED
TASK-04926,AST-540,,DEP-003,SEC-003,PREVENTIVE,2026-06-27T00:00:00,2026-06-27T03:00:00,2026-07-12T00:00:00,POWER_BLOCK,180,COMPLETED
TASK-04963,AST-547,,DEP-003,SEC-003,PREVENTIVE,2023-10-17T00:00:00,2023-10-17T03:00:00,2023-11-01T00:00:00,POWER_BLOCK,180,COMPLETED
TASK-04964,AST-547,,DEP-003,SEC-003,PREVENTIVE,2024-04-14T00:00:00,2024-04-14T03:00:00,2024-04-29T00:00:00,POWER_BLOCK,180,COMPLETED
TASK-04965,AST-547,,DEP-003,SEC-003,PREVENTIVE,2024-10-11T00:00:00,2024-10-11T03:00:00,2024-10-26T00:00:00,POWER_BLOCK,180,COMPLETED
TASK-04966,AST-547,,DEP-003,SEC-003,PREVENTIVE,2025-04-09T00:00:00,2025-04-09T03:00:00,2025-04-24T00:00:00,POWER_BLOCK,180,COMPLETED
TASK-04967,AST-547,,DEP-003,SEC-003,PREVENTIVE,2025-10-06T00:00:00,2025-10-06T03:00:00,2025-10-21T00:00:00,POWER_BLOCK,180,COMPLETED
TASK-04968,AST-547,,DEP-003,SEC-003,PREVENTIVE,2026-04-04T00:00:00,2026-04-04T03:00:00,2026-04-19T00:00:00,POWER_BLOCK,180,COMPLETED
TASK-04969,AST-548,,DEP-003,SEC-006,PREVENTIVE,2023-12-25T00:00:00,2023-12-25T03:00:00,2024-01-09T00:00:00,POWER_BLOCK,180,COMPLETED
TASK-04970,AST-548,,DEP-003,SEC-006,PREVENTIVE,2024-06-22T00:00:00,2024-06-22T03:00:00,2024-07-07T00:00:00,POWER_BLOCK,180,COMPLETED
TASK-04971,AST-548,,DEP-003,SEC-006,PREVENTIVE,2024-12-19T00:00:00,2024-12-19T03:00:00,2025-01-03T00:00:00,POWER_BLOCK,180,COMPLETED
TASK-04972,AST-548,,DEP-003,SEC-006,PREVENTIVE,2025-06-17T00:00:00,2025-06-17T03:00:00,2025-07-02T00:00:00,POWER_BLOCK,180,COMPLETED
TASK-04973,AST-548,,DEP-003,SEC-006,PREVENTIVE,2025-12-14T00:00:00,2025-12-14T03:00:00,2025-12-29T00:00:00,POWER_BLOCK,180,COMPLETED
TASK-04974,AST-548,,DEP-003,SEC-006,PREVENTIVE,2026-06-12T00:00:00,2026-06-12T03:00:00,2026-06-27T00:00:00,POWER_BLOCK,180,COMPLETED
TASK-04978,AST-550,,DEP-003,SEC-006,PREVENTIVE,2023-12-26T00:00:00,2023-12-26T03:00:00,2024-01-10T00:00:00,POWER_BLOCK,180,COMPLETED
TASK-04979,AST-550,,DEP-003,SEC-006,PREVENTIVE,2024-06-23T00:00:00,2024-06-23T03:00:00,2024-07-08T00:00:00,POWER_BLOCK,180,COMPLETED
TASK-04980,AST-550,,DEP-003,SEC-006,PREVENTIVE,2024-12-20T00:00:00,2024-12-20T03:00:00,2025-01-04T00:00:00,POWER_BLOCK,180,COMPLETED
TASK-04981,AST-550,,DEP-003,SEC-006,PREVENTIVE,2025-06-18T00:00:00,2025-06-18T03:00:00,2025-07-03T00:00:00,POWER_BLOCK,180,COMPLETED
TASK-04982,AST-550,,DEP-003,SEC-006,PREVENTIVE,2025-12-15T00:00:00,2025-12-15T03:00:00,2025-12-30T00:00:00,POWER_BLOCK,180,COMPLETED
TASK-04983,AST-550,,DEP-003,SEC-006,PREVENTIVE,2026-06-13T00:00:00,2026-06-13T03:00:00,2026-06-28T00:00:00,POWER_BLOCK,180,COMPLETED
TASK-04984,AST-551,,DEP-003,SEC-002,PREVENTIVE,2023-11-03T00:00:00,2023-11-03T03:00:00,2023-11-18T00:00:00,POWER_BLOCK,180,COMPLETED
TASK-04985,AST-551,,DEP-003,SEC-002,PREVENTIVE,2024-05-01T00:00:00,2024-05-01T03:00:00,2024-05-16T00:00:00,POWER_BLOCK,180,COMPLETED
TASK-04986,AST-551,,DEP-003,SEC-002,PREVENTIVE,2024-10-28T00:00:00,2024-10-28T03:00:00,2024-11-12T00:00:00,POWER_BLOCK,180,COMPLETED
TASK-04987,AST-551,,DEP-003,SEC-002,PREVENTIVE,2025-04-26T00:00:00,2025-04-26T03:00:00,2025-05-11T00:00:00,POWER_BLOCK,180,COMPLETED
TASK-04988,AST-551,,DEP-003,SEC-002,PREVENTIVE,2025-10-23T00:00:00,2025-10-23T03:00:00,2025-11-07T00:00:00,POWER_BLOCK,180,COMPLETED
TASK-04989,AST-551,,DEP-003,SEC-002,PREVENTIVE,2026-04-21T00:00:00,2026-04-21T03:00:00,2026-05-06T00:00:00,POWER_BLOCK,180,COMPLETED
TASK-04990,AST-552,,DEP-003,SEC-003,PREVENTIVE,2024-01-18T00:00:00,2024-01-18T03:00:00,2024-02-02T00:00:00,POWER_BLOCK,180,COMPLETED
TASK-04991,AST-552,,DEP-003,SEC-003,PREVENTIVE,2024-07-16T00:00:00,2024-07-16T03:00:00,2024-07-31T00:00:00,POWER_BLOCK,180,COMPLETED
TASK-04992,AST-552,,DEP-003,SEC-003,PREVENTIVE,2025-01-12T00:00:00,2025-01-12T03:00:00,2025-01-27T00:00:00,POWER_BLOCK,180,COMPLETED
TASK-04993,AST-552,,DEP-003,SEC-003,PREVENTIVE,2025-07-11T00:00:00,2025-07-11T03:00:00,2025-07-26T00:00:00,POWER_BLOCK,180,COMPLETED
TASK-04994,AST-552,,DEP-003,SEC-003,PREVENTIVE,2026-01-07T00:00:00,2026-01-07T03:00:00,2026-01-22T00:00:00,POWER_BLOCK,180,COMPLETED
TASK-04995,AST-552,,DEP-003,SEC-003,PREVENTIVE,2026-07-06T00:00:00,2026-07-06T03:00:00,2026-07-21T00:00:00,POWER_BLOCK,180,COMPLETED
TASK-04999,AST-554,,DEP-003,SEC-006,PREVENTIVE,2023-11-03T00:00:00,2023-11-03T03:00:00,2023-11-18T00:00:00,POWER_BLOCK,180,COMPLETED
TASK-05000,AST-554,,DEP-003,SEC-006,PREVENTIVE,2024-05-01T00:00:00,2024-05-01T03:00:00,2024-05-16T00:00:00,POWER_BLOCK,180,COMPLETED
TASK-05001,AST-554,,DEP-003,SEC-006,PREVENTIVE,2024-10-28T00:00:00,2024-10-28T03:00:00,2024-11-12T00:00:00,POWER_BLOCK,180,COMPLETED
TASK-05002,AST-554,,DEP-003,SEC-006,PREVENTIVE,2025-04-26T00:00:00,2025-04-26T03:00:00,2025-05-11T00:00:00,POWER_BLOCK,180,COMPLETED
TASK-05003,AST-554,,DEP-003,SEC-006,PREVENTIVE,2025-10-23T00:00:00,2025-10-23T03:00:00,2025-11-07T00:00:00,POWER_BLOCK,180,COMPLETED
TASK-05004,AST-554,,DEP-003,SEC-006,PREVENTIVE,2026-04-21T00:00:00,2026-04-21T03:00:00,2026-05-06T00:00:00,POWER_BLOCK,180,COMPLETED
TASK-05080,AST-562,,DEP-003,SEC-006,PREVENTIVE,2024-01-01T00:00:00,2024-01-01T03:00:00,2024-01-16T00:00:00,POWER_BLOCK,180,COMPLETED
TASK-05081,AST-562,,DEP-003,SEC-006,PREVENTIVE,2024-06-29T00:00:00,2024-06-29T03:00:00,2024-07-14T00:00:00,POWER_BLOCK,180,COMPLETED
TASK-05082,AST-562,,DEP-003,SEC-006,PREVENTIVE,2024-12-26T00:00:00,2024-12-26T03:00:00,2025-01-10T00:00:00,POWER_BLOCK,180,COMPLETED
TASK-05083,AST-562,,DEP-003,SEC-006,PREVENTIVE,2025-06-24T00:00:00,2025-06-24T03:00:00,2025-07-09T00:00:00,POWER_BLOCK,180,COMPLETED
TASK-05084,AST-562,,DEP-003,SEC-006,PREVENTIVE,2025-12-21T00:00:00,2025-12-21T03:00:00,2026-01-05T00:00:00,POWER_BLOCK,180,COMPLETED
TASK-05085,AST-562,,DEP-003,SEC-006,PREVENTIVE,2026-06-19T00:00:00,2026-06-19T03:00:00,2026-07-04T00:00:00,POWER_BLOCK,180,COMPLETED
TASK-05092,AST-565,,DEP-003,SEC-006,PREVENTIVE,2023-09-07T00:00:00,2023-09-07T03:00:00,2023-09-22T00:00:00,POWER_BLOCK,180,COMPLETED
TASK-05093,AST-565,,DEP-003,SEC-006,PREVENTIVE,2024-03-05T00:00:00,2024-03-05T03:00:00,2024-03-20T00:00:00,POWER_BLOCK,180,COMPLETED
TASK-05094,AST-565,,DEP-003,SEC-006,PREVENTIVE,2024-09-01T00:00:00,2024-09-01T03:00:00,2024-09-16T00:00:00,POWER_BLOCK,180,COMPLETED
TASK-05095,AST-565,,DEP-003,SEC-006,PREVENTIVE,2025-02-28T00:00:00,2025-02-28T03:00:00,2025-03-15T00:00:00,POWER_BLOCK,180,COMPLETED
TASK-05096,AST-565,,DEP-003,SEC-006,PREVENTIVE,2025-08-27T00:00:00,2025-08-27T03:00:00,2025-09-11T00:00:00,POWER_BLOCK,180,COMPLETED
TASK-05097,AST-565,,DEP-003,SEC-006,PREVENTIVE,2026-02-23T00:00:00,2026-02-23T03:00:00,2026-03-10T00:00:00,POWER_BLOCK,180,COMPLETED
TASK-05098,AST-566,,DEP-003,SEC-001,PREVENTIVE,2023-11-10T00:00:00,2023-11-10T03:00:00,2023-11-25T00:00:00,POWER_BLOCK,180,COMPLETED
TASK-05099,AST-566,,DEP-003,SEC-001,PREVENTIVE,2024-05-08T00:00:00,2024-05-08T03:00:00,2024-05-23T00:00:00,POWER_BLOCK,180,COMPLETED
TASK-05100,AST-566,,DEP-003,SEC-001,PREVENTIVE,2024-11-04T00:00:00,2024-11-04T03:00:00,2024-11-19T00:00:00,POWER_BLOCK,180,COMPLETED
TASK-05101,AST-566,,DEP-003,SEC-001,PREVENTIVE,2025-05-03T00:00:00,2025-05-03T03:00:00,2025-05-18T00:00:00,POWER_BLOCK,180,COMPLETED
TASK-05102,AST-566,,DEP-003,SEC-001,PREVENTIVE,2025-10-30T00:00:00,2025-10-30T03:00:00,2025-11-14T00:00:00,POWER_BLOCK,180,COMPLETED
TASK-05103,AST-566,,DEP-003,SEC-001,PREVENTIVE,2026-04-28T00:00:00,2026-04-28T03:00:00,2026-05-13T00:00:00,POWER_BLOCK,180,COMPLETED
TASK-05107,AST-568,,DEP-003,SEC-004,PREVENTIVE,2023-12-06T00:00:00,2023-12-06T03:00:00,2023-12-21T00:00:00,POWER_BLOCK,180,COMPLETED
TASK-05108,AST-568,,DEP-003,SEC-004,PREVENTIVE,2024-06-03T00:00:00,2024-06-03T03:00:00,2024-06-18T00:00:00,POWER_BLOCK,180,COMPLETED
TASK-05109,AST-568,,DEP-003,SEC-004,PREVENTIVE,2024-11-30T00:00:00,2024-11-30T03:00:00,2024-12-15T00:00:00,POWER_BLOCK,180,COMPLETED
TASK-05110,AST-568,,DEP-003,SEC-004,PREVENTIVE,2025-05-29T00:00:00,2025-05-29T03:00:00,2025-06-13T00:00:00,POWER_BLOCK,180,COMPLETED
TASK-05111,AST-568,,DEP-003,SEC-004,PREVENTIVE,2025-11-25T00:00:00,2025-11-25T03:00:00,2025-12-10T00:00:00,POWER_BLOCK,180,COMPLETED
TASK-05112,AST-568,,DEP-003,SEC-004,PREVENTIVE,2026-05-24T00:00:00,2026-05-24T03:00:00,2026-06-08T00:00:00,POWER_BLOCK,180,COMPLETED
TASK-05125,AST-570,,DEP-003,SEC-001,PREVENTIVE,2023-09-30T00:00:00,2023-09-30T03:00:00,2023-10-15T00:00:00,POWER_BLOCK,180,COMPLETED
TASK-05126,AST-570,,DEP-003,SEC-001,PREVENTIVE,2024-03-28T00:00:00,2024-03-28T03:00:00,2024-04-12T00:00:00,POWER_BLOCK,180,COMPLETED
TASK-05127,AST-570,,DEP-003,SEC-001,PREVENTIVE,2024-09-24T00:00:00,2024-09-24T03:00:00,2024-10-09T00:00:00,POWER_BLOCK,180,COMPLETED
TASK-05128,AST-570,,DEP-003,SEC-001,PREVENTIVE,2025-03-23T00:00:00,2025-03-23T03:00:00,2025-04-07T00:00:00,POWER_BLOCK,180,COMPLETED
TASK-05129,AST-570,,DEP-003,SEC-001,PREVENTIVE,2025-09-19T00:00:00,2025-09-19T03:00:00,2025-10-04T00:00:00,POWER_BLOCK,180,COMPLETED
TASK-05130,AST-570,,DEP-003,SEC-001,PREVENTIVE,2026-03-18T00:00:00,2026-03-18T03:00:00,2026-04-02T00:00:00,POWER_BLOCK,180,COMPLETED
TASK-05242,AST-587,,DEP-003,SEC-002,PREVENTIVE,2023-09-17T00:00:00,2023-09-17T03:00:00,2023-10-02T00:00:00,POWER_BLOCK,180,COMPLETED
TASK-05243,AST-587,,DEP-003,SEC-002,PREVENTIVE,2024-03-15T00:00:00,2024-03-15T03:00:00,2024-03-30T00:00:00,POWER_BLOCK,180,COMPLETED
TASK-05244,AST-587,,DEP-003,SEC-002,PREVENTIVE,2024-09-11T00:00:00,2024-09-11T03:00:00,2024-09-26T00:00:00,POWER_BLOCK,180,COMPLETED
TASK-05245,AST-587,,DEP-003,SEC-002,PREVENTIVE,2025-03-10T00:00:00,2025-03-10T03:00:00,2025-03-25T00:00:00,POWER_BLOCK,180,COMPLETED
TASK-05246,AST-587,,DEP-003,SEC-002,PREVENTIVE,2025-09-06T00:00:00,2025-09-06T03:00:00,2025-09-21T00:00:00,POWER_BLOCK,180,COMPLETED
TASK-05247,AST-587,,DEP-003,SEC-002,PREVENTIVE,2026-03-05T00:00:00,2026-03-05T03:00:00,2026-03-20T00:00:00,POWER_BLOCK,180,COMPLETED
TASK-05248,AST-588,,DEP-003,SEC-006,PREVENTIVE,2023-12-28T00:00:00,2023-12-28T03:00:00,2024-01-12T00:00:00,POWER_BLOCK,180,COMPLETED
TASK-05249,AST-588,,DEP-003,SEC-006,PREVENTIVE,2024-06-25T00:00:00,2024-06-25T03:00:00,2024-07-10T00:00:00,POWER_BLOCK,180,COMPLETED
TASK-05250,AST-588,,DEP-003,SEC-006,PREVENTIVE,2024-12-22T00:00:00,2024-12-22T03:00:00,2025-01-06T00:00:00,POWER_BLOCK,180,COMPLETED
TASK-05251,AST-588,,DEP-003,SEC-006,PREVENTIVE,2025-06-20T00:00:00,2025-06-20T03:00:00,2025-07-05T00:00:00,POWER_BLOCK,180,COMPLETED
TASK-05252,AST-588,,DEP-003,SEC-006,PREVENTIVE,2025-12-17T00:00:00,2025-12-17T03:00:00,2026-01-01T00:00:00,POWER_BLOCK,180,COMPLETED
TASK-05253,AST-588,,DEP-003,SEC-006,PREVENTIVE,2026-06-15T00:00:00,2026-06-15T03:00:00,2026-06-30T00:00:00,POWER_BLOCK,180,COMPLETED
TASK-05281,AST-592,,DEP-003,SEC-005,PREVENTIVE,2023-09-27T00:00:00,2023-09-27T03:00:00,2023-10-12T00:00:00,POWER_BLOCK,180,COMPLETED
TASK-05282,AST-592,,DEP-003,SEC-005,PREVENTIVE,2024-03-25T00:00:00,2024-03-25T03:00:00,2024-04-09T00:00:00,POWER_BLOCK,180,COMPLETED
TASK-05283,AST-592,,DEP-003,SEC-005,PREVENTIVE,2024-09-21T00:00:00,2024-09-21T03:00:00,2024-10-06T00:00:00,POWER_BLOCK,180,COMPLETED
TASK-05284,AST-592,,DEP-003,SEC-005,PREVENTIVE,2025-03-20T00:00:00,2025-03-20T03:00:00,2025-04-04T00:00:00,POWER_BLOCK,180,COMPLETED
TASK-05285,AST-592,,DEP-003,SEC-005,PREVENTIVE,2025-09-16T00:00:00,2025-09-16T03:00:00,2025-10-01T00:00:00,POWER_BLOCK,180,COMPLETED
TASK-05286,AST-592,,DEP-003,SEC-005,PREVENTIVE,2026-03-15T00:00:00,2026-03-15T03:00:00,2026-03-30T00:00:00,POWER_BLOCK,180,COMPLETED
TASK-05290,AST-594,,DEP-003,SEC-005,PREVENTIVE,2023-12-30T00:00:00,2023-12-30T03:00:00,2024-01-14T00:00:00,POWER_BLOCK,180,COMPLETED
TASK-05291,AST-594,,DEP-003,SEC-005,PREVENTIVE,2024-06-27T00:00:00,2024-06-27T03:00:00,2024-07-12T00:00:00,POWER_BLOCK,180,COMPLETED
TASK-05292,AST-594,,DEP-003,SEC-005,PREVENTIVE,2024-12-24T00:00:00,2024-12-24T03:00:00,2025-01-08T00:00:00,POWER_BLOCK,180,COMPLETED
TASK-05293,AST-594,,DEP-003,SEC-005,PREVENTIVE,2025-06-22T00:00:00,2025-06-22T03:00:00,2025-07-07T00:00:00,POWER_BLOCK,180,COMPLETED
TASK-05294,AST-594,,DEP-003,SEC-005,PREVENTIVE,2025-12-19T00:00:00,2025-12-19T03:00:00,2026-01-03T00:00:00,POWER_BLOCK,180,COMPLETED
TASK-05295,AST-594,,DEP-003,SEC-005,PREVENTIVE,2026-06-17T00:00:00,2026-06-17T03:00:00,2026-07-02T00:00:00,POWER_BLOCK,180,COMPLETED
TASK-05311,AST-597,,DEP-003,SEC-002,PREVENTIVE,2023-12-09T00:00:00,2023-12-09T03:00:00,2023-12-24T00:00:00,POWER_BLOCK,180,COMPLETED
TASK-05312,AST-597,,DEP-003,SEC-002,PREVENTIVE,2024-06-06T00:00:00,2024-06-06T03:00:00,2024-06-21T00:00:00,POWER_BLOCK,180,COMPLETED
TASK-05313,AST-597,,DEP-003,SEC-002,PREVENTIVE,2024-12-03T00:00:00,2024-12-03T03:00:00,2024-12-18T00:00:00,POWER_BLOCK,180,COMPLETED
TASK-05314,AST-597,,DEP-003,SEC-002,PREVENTIVE,2025-06-01T00:00:00,2025-06-01T03:00:00,2025-06-16T00:00:00,POWER_BLOCK,180,COMPLETED
TASK-05315,AST-597,,DEP-003,SEC-002,PREVENTIVE,2025-11-28T00:00:00,2025-11-28T03:00:00,2025-12-13T00:00:00,POWER_BLOCK,180,COMPLETED
TASK-05316,AST-597,,DEP-003,SEC-002,PREVENTIVE,2026-05-27T00:00:00,2026-05-27T03:00:00,2026-06-11T00:00:00,POWER_BLOCK,180,COMPLETED
TASK-05335,AST-601,,DEP-003,SEC-003,PREVENTIVE,2023-09-13T00:00:00,2023-09-13T03:00:00,2023-09-28T00:00:00,POWER_BLOCK,180,COMPLETED
TASK-05336,AST-601,,DEP-003,SEC-003,PREVENTIVE,2024-03-11T00:00:00,2024-03-11T03:00:00,2024-03-26T00:00:00,POWER_BLOCK,180,COMPLETED
TASK-05337,AST-601,,DEP-003,SEC-003,PREVENTIVE,2024-09-07T00:00:00,2024-09-07T03:00:00,2024-09-22T00:00:00,POWER_BLOCK,180,COMPLETED
TASK-05338,AST-601,,DEP-003,SEC-003,PREVENTIVE,2025-03-06T00:00:00,2025-03-06T03:00:00,2025-03-21T00:00:00,POWER_BLOCK,180,COMPLETED
TASK-05339,AST-601,,DEP-003,SEC-003,PREVENTIVE,2025-09-02T00:00:00,2025-09-02T03:00:00,2025-09-17T00:00:00,POWER_BLOCK,180,COMPLETED
TASK-05340,AST-601,,DEP-003,SEC-003,PREVENTIVE,2026-03-01T00:00:00,2026-03-01T03:00:00,2026-03-16T00:00:00,POWER_BLOCK,180,COMPLETED
TASK-05341,AST-602,,DEP-003,SEC-001,PREVENTIVE,2023-08-26T00:00:00,2023-08-26T03:00:00,2023-09-10T00:00:00,POWER_BLOCK,180,COMPLETED
TASK-05342,AST-602,,DEP-003,SEC-001,PREVENTIVE,2024-02-22T00:00:00,2024-02-22T03:00:00,2024-03-08T00:00:00,POWER_BLOCK,180,COMPLETED
TASK-05343,AST-602,,DEP-003,SEC-001,PREVENTIVE,2024-08-20T00:00:00,2024-08-20T03:00:00,2024-09-04T00:00:00,POWER_BLOCK,180,COMPLETED
TASK-05344,AST-602,,DEP-003,SEC-001,PREVENTIVE,2025-02-16T00:00:00,2025-02-16T03:00:00,2025-03-03T00:00:00,POWER_BLOCK,180,COMPLETED
TASK-05345,AST-602,,DEP-003,SEC-001,PREVENTIVE,2025-08-15T00:00:00,2025-08-15T03:00:00,2025-08-30T00:00:00,POWER_BLOCK,180,COMPLETED
TASK-05346,AST-602,,DEP-003,SEC-001,PREVENTIVE,2026-02-11T00:00:00,2026-02-11T03:00:00,2026-02-26T00:00:00,POWER_BLOCK,180,COMPLETED
TASK-05347,AST-603,,DEP-003,SEC-003,PREVENTIVE,2023-10-16T00:00:00,2023-10-16T03:00:00,2023-10-31T00:00:00,POWER_BLOCK,180,COMPLETED
TASK-05348,AST-603,,DEP-003,SEC-003,PREVENTIVE,2024-04-13T00:00:00,2024-04-13T03:00:00,2024-04-28T00:00:00,POWER_BLOCK,180,COMPLETED
TASK-05349,AST-603,,DEP-003,SEC-003,PREVENTIVE,2024-10-10T00:00:00,2024-10-10T03:00:00,2024-10-25T00:00:00,POWER_BLOCK,180,COMPLETED
TASK-05350,AST-603,,DEP-003,SEC-003,PREVENTIVE,2025-04-08T00:00:00,2025-04-08T03:00:00,2025-04-23T00:00:00,POWER_BLOCK,180,COMPLETED
TASK-05351,AST-603,,DEP-003,SEC-003,PREVENTIVE,2025-10-05T00:00:00,2025-10-05T03:00:00,2025-10-20T00:00:00,POWER_BLOCK,180,COMPLETED
TASK-05352,AST-603,,DEP-003,SEC-003,PREVENTIVE,2026-04-03T00:00:00,2026-04-03T03:00:00,2026-04-18T00:00:00,POWER_BLOCK,180,COMPLETED
TASK-05365,AST-605,,DEP-003,SEC-006,PREVENTIVE,2023-09-10T00:00:00,2023-09-10T03:00:00,2023-09-25T00:00:00,POWER_BLOCK,180,COMPLETED
TASK-05366,AST-605,,DEP-003,SEC-006,PREVENTIVE,2024-03-08T00:00:00,2024-03-08T03:00:00,2024-03-23T00:00:00,POWER_BLOCK,180,COMPLETED
TASK-05367,AST-605,,DEP-003,SEC-006,PREVENTIVE,2024-09-04T00:00:00,2024-09-04T03:00:00,2024-09-19T00:00:00,POWER_BLOCK,180,COMPLETED
TASK-05368,AST-605,,DEP-003,SEC-006,PREVENTIVE,2025-03-03T00:00:00,2025-03-03T03:00:00,2025-03-18T00:00:00,POWER_BLOCK,180,COMPLETED
TASK-05369,AST-605,,DEP-003,SEC-006,PREVENTIVE,2025-08-30T00:00:00,2025-08-30T03:00:00,2025-09-14T00:00:00,POWER_BLOCK,180,COMPLETED
TASK-05370,AST-605,,DEP-003,SEC-006,PREVENTIVE,2026-02-26T00:00:00,2026-02-26T03:00:00,2026-03-13T00:00:00,POWER_BLOCK,180,COMPLETED
TASK-05425,AST-612,,DEP-003,SEC-005,PREVENTIVE,2023-11-05T00:00:00,2023-11-05T03:00:00,2023-11-20T00:00:00,POWER_BLOCK,180,COMPLETED
TASK-05426,AST-612,,DEP-003,SEC-005,PREVENTIVE,2024-05-03T00:00:00,2024-05-03T03:00:00,2024-05-18T00:00:00,POWER_BLOCK,180,COMPLETED
TASK-05427,AST-612,,DEP-003,SEC-005,PREVENTIVE,2024-10-30T00:00:00,2024-10-30T03:00:00,2024-11-14T00:00:00,POWER_BLOCK,180,COMPLETED
TASK-05428,AST-612,,DEP-003,SEC-005,PREVENTIVE,2025-04-28T00:00:00,2025-04-28T03:00:00,2025-05-13T00:00:00,POWER_BLOCK,180,COMPLETED
TASK-05429,AST-612,,DEP-003,SEC-005,PREVENTIVE,2025-10-25T00:00:00,2025-10-25T03:00:00,2025-11-09T00:00:00,POWER_BLOCK,180,COMPLETED
TASK-05430,AST-612,,DEP-003,SEC-005,PREVENTIVE,2026-04-23T00:00:00,2026-04-23T03:00:00,2026-05-08T00:00:00,POWER_BLOCK,180,COMPLETED
TASK-05431,AST-613,,DEP-003,SEC-003,PREVENTIVE,2023-10-26T00:00:00,2023-10-26T03:00:00,2023-11-10T00:00:00,POWER_BLOCK,180,COMPLETED
TASK-05432,AST-613,,DEP-003,SEC-003,PREVENTIVE,2024-04-23T00:00:00,2024-04-23T03:00:00,2024-05-08T00:00:00,POWER_BLOCK,180,COMPLETED
TASK-05433,AST-613,,DEP-003,SEC-003,PREVENTIVE,2024-10-20T00:00:00,2024-10-20T03:00:00,2024-11-04T00:00:00,POWER_BLOCK,180,COMPLETED
TASK-05434,AST-613,,DEP-003,SEC-003,PREVENTIVE,2025-04-18T00:00:00,2025-04-18T03:00:00,2025-05-03T00:00:00,POWER_BLOCK,180,COMPLETED
TASK-05435,AST-613,,DEP-003,SEC-003,PREVENTIVE,2025-10-15T00:00:00,2025-10-15T03:00:00,2025-10-30T00:00:00,POWER_BLOCK,180,COMPLETED
TASK-05436,AST-613,,DEP-003,SEC-003,PREVENTIVE,2026-04-13T00:00:00,2026-04-13T03:00:00,2026-04-28T00:00:00,POWER_BLOCK,180,COMPLETED
TASK-05449,AST-618,,DEP-003,SEC-001,PREVENTIVE,2023-09-07T00:00:00,2023-09-07T03:00:00,2023-09-22T00:00:00,POWER_BLOCK,180,COMPLETED
TASK-05450,AST-618,,DEP-003,SEC-001,PREVENTIVE,2024-03-05T00:00:00,2024-03-05T03:00:00,2024-03-20T00:00:00,POWER_BLOCK,180,COMPLETED
TASK-05451,AST-618,,DEP-003,SEC-001,PREVENTIVE,2024-09-01T00:00:00,2024-09-01T03:00:00,2024-09-16T00:00:00,POWER_BLOCK,180,COMPLETED
TASK-05452,AST-618,,DEP-003,SEC-001,PREVENTIVE,2025-02-28T00:00:00,2025-02-28T03:00:00,2025-03-15T00:00:00,POWER_BLOCK,180,COMPLETED
TASK-05453,AST-618,,DEP-003,SEC-001,PREVENTIVE,2025-08-27T00:00:00,2025-08-27T03:00:00,2025-09-11T00:00:00,POWER_BLOCK,180,COMPLETED
TASK-05454,AST-618,,DEP-003,SEC-001,PREVENTIVE,2026-02-23T00:00:00,2026-02-23T03:00:00,2026-03-10T00:00:00,POWER_BLOCK,180,COMPLETED
TASK-05473,AST-622,,DEP-003,SEC-004,PREVENTIVE,2023-09-09T00:00:00,2023-09-09T03:00:00,2023-09-24T00:00:00,POWER_BLOCK,180,COMPLETED
TASK-05474,AST-622,,DEP-003,SEC-004,PREVENTIVE,2024-03-07T00:00:00,2024-03-07T03:00:00,2024-03-22T00:00:00,POWER_BLOCK,180,COMPLETED
TASK-05475,AST-622,,DEP-003,SEC-004,PREVENTIVE,2024-09-03T00:00:00,2024-09-03T03:00:00,2024-09-18T00:00:00,POWER_BLOCK,180,COMPLETED
TASK-05476,AST-622,,DEP-003,SEC-004,PREVENTIVE,2025-03-02T00:00:00,2025-03-02T03:00:00,2025-03-17T00:00:00,POWER_BLOCK,180,COMPLETED
TASK-05477,AST-622,,DEP-003,SEC-004,PREVENTIVE,2025-08-29T00:00:00,2025-08-29T03:00:00,2025-09-13T00:00:00,POWER_BLOCK,180,COMPLETED
TASK-05478,AST-622,,DEP-003,SEC-004,PREVENTIVE,2026-02-25T00:00:00,2026-02-25T03:00:00,2026-03-12T00:00:00,POWER_BLOCK,180,COMPLETED
TASK-05485,AST-625,,DEP-003,SEC-002,PREVENTIVE,2023-12-19T00:00:00,2023-12-19T03:00:00,2024-01-03T00:00:00,POWER_BLOCK,180,COMPLETED
TASK-05486,AST-625,,DEP-003,SEC-002,PREVENTIVE,2024-06-16T00:00:00,2024-06-16T03:00:00,2024-07-01T00:00:00,POWER_BLOCK,180,COMPLETED
TASK-05487,AST-625,,DEP-003,SEC-002,PREVENTIVE,2024-12-13T00:00:00,2024-12-13T03:00:00,2024-12-28T00:00:00,POWER_BLOCK,180,COMPLETED
TASK-05488,AST-625,,DEP-003,SEC-002,PREVENTIVE,2025-06-11T00:00:00,2025-06-11T03:00:00,2025-06-26T00:00:00,POWER_BLOCK,180,COMPLETED
TASK-05489,AST-625,,DEP-003,SEC-002,PREVENTIVE,2025-12-08T00:00:00,2025-12-08T03:00:00,2025-12-23T00:00:00,POWER_BLOCK,180,COMPLETED
TASK-05490,AST-625,,DEP-003,SEC-002,PREVENTIVE,2026-06-06T00:00:00,2026-06-06T03:00:00,2026-06-21T00:00:00,POWER_BLOCK,180,COMPLETED
TASK-05512,AST-630,,DEP-003,SEC-002,PREVENTIVE,2023-10-07T00:00:00,2023-10-07T03:00:00,2023-10-22T00:00:00,POWER_BLOCK,180,COMPLETED
TASK-05513,AST-630,,DEP-003,SEC-002,PREVENTIVE,2024-04-04T00:00:00,2024-04-04T03:00:00,2024-04-19T00:00:00,POWER_BLOCK,180,COMPLETED
TASK-05514,AST-630,,DEP-003,SEC-002,PREVENTIVE,2024-10-01T00:00:00,2024-10-01T03:00:00,2024-10-16T00:00:00,POWER_BLOCK,180,COMPLETED
TASK-05515,AST-630,,DEP-003,SEC-002,PREVENTIVE,2025-03-30T00:00:00,2025-03-30T03:00:00,2025-04-14T00:00:00,POWER_BLOCK,180,COMPLETED
TASK-05516,AST-630,,DEP-003,SEC-002,PREVENTIVE,2025-09-26T00:00:00,2025-09-26T03:00:00,2025-10-11T00:00:00,POWER_BLOCK,180,COMPLETED
TASK-05517,AST-630,,DEP-003,SEC-002,PREVENTIVE,2026-03-25T00:00:00,2026-03-25T03:00:00,2026-04-09T00:00:00,POWER_BLOCK,180,COMPLETED
TASK-05521,AST-632,,DEP-003,SEC-005,PREVENTIVE,2023-11-20T00:00:00,2023-11-20T03:00:00,2023-12-05T00:00:00,POWER_BLOCK,180,COMPLETED
TASK-05522,AST-632,,DEP-003,SEC-005,PREVENTIVE,2024-05-18T00:00:00,2024-05-18T03:00:00,2024-06-02T00:00:00,POWER_BLOCK,180,COMPLETED
TASK-05523,AST-632,,DEP-003,SEC-005,PREVENTIVE,2024-11-14T00:00:00,2024-11-14T03:00:00,2024-11-29T00:00:00,POWER_BLOCK,180,COMPLETED
TASK-05524,AST-632,,DEP-003,SEC-005,PREVENTIVE,2025-05-13T00:00:00,2025-05-13T03:00:00,2025-05-28T00:00:00,POWER_BLOCK,180,COMPLETED
TASK-05525,AST-632,,DEP-003,SEC-005,PREVENTIVE,2025-11-09T00:00:00,2025-11-09T03:00:00,2025-11-24T00:00:00,POWER_BLOCK,180,COMPLETED
TASK-05526,AST-632,,DEP-003,SEC-005,PREVENTIVE,2026-05-08T00:00:00,2026-05-08T03:00:00,2026-05-23T00:00:00,POWER_BLOCK,180,COMPLETED
TASK-05539,AST-634,,DEP-003,SEC-004,PREVENTIVE,2023-12-23T00:00:00,2023-12-23T03:00:00,2024-01-07T00:00:00,POWER_BLOCK,180,COMPLETED
TASK-05540,AST-634,,DEP-003,SEC-004,PREVENTIVE,2024-06-20T00:00:00,2024-06-20T03:00:00,2024-07-05T00:00:00,POWER_BLOCK,180,COMPLETED
TASK-05541,AST-634,,DEP-003,SEC-004,PREVENTIVE,2024-12-17T00:00:00,2024-12-17T03:00:00,2025-01-01T00:00:00,POWER_BLOCK,180,COMPLETED
TASK-05542,AST-634,,DEP-003,SEC-004,PREVENTIVE,2025-06-15T00:00:00,2025-06-15T03:00:00,2025-06-30T00:00:00,POWER_BLOCK,180,COMPLETED
TASK-05543,AST-634,,DEP-003,SEC-004,PREVENTIVE,2025-12-12T00:00:00,2025-12-12T03:00:00,2025-12-27T00:00:00,POWER_BLOCK,180,COMPLETED
TASK-05544,AST-634,,DEP-003,SEC-004,PREVENTIVE,2026-06-10T00:00:00,2026-06-10T03:00:00,2026-06-25T00:00:00,POWER_BLOCK,180,COMPLETED
TASK-05557,AST-636,,DEP-003,SEC-002,PREVENTIVE,2024-01-23T00:00:00,2024-01-23T03:00:00,2024-02-07T00:00:00,POWER_BLOCK,180,COMPLETED
TASK-05558,AST-636,,DEP-003,SEC-002,PREVENTIVE,2024-07-21T00:00:00,2024-07-21T03:00:00,2024-08-05T00:00:00,POWER_BLOCK,180,COMPLETED
TASK-05559,AST-636,,DEP-003,SEC-002,PREVENTIVE,2025-01-17T00:00:00,2025-01-17T03:00:00,2025-02-01T00:00:00,POWER_BLOCK,180,COMPLETED
TASK-05560,AST-636,,DEP-003,SEC-002,PREVENTIVE,2025-07-16T00:00:00,2025-07-16T03:00:00,2025-07-31T00:00:00,POWER_BLOCK,180,COMPLETED
TASK-05561,AST-636,,DEP-003,SEC-002,PREVENTIVE,2026-01-12T00:00:00,2026-01-12T03:00:00,2026-01-27T00:00:00,POWER_BLOCK,180,COMPLETED
TASK-05562,AST-636,,DEP-003,SEC-002,PREVENTIVE,2026-07-11T00:00:00,2026-07-11T03:00:00,2026-07-26T00:00:00,POWER_BLOCK,180,COMPLETED
TASK-05575,AST-638,,DEP-003,SEC-001,PREVENTIVE,2023-09-16T00:00:00,2023-09-16T03:00:00,2023-10-01T00:00:00,POWER_BLOCK,180,COMPLETED
TASK-05576,AST-638,,DEP-003,SEC-001,PREVENTIVE,2024-03-14T00:00:00,2024-03-14T03:00:00,2024-03-29T00:00:00,POWER_BLOCK,180,COMPLETED
TASK-05577,AST-638,,DEP-003,SEC-001,PREVENTIVE,2024-09-10T00:00:00,2024-09-10T03:00:00,2024-09-25T00:00:00,POWER_BLOCK,180,COMPLETED
TASK-05578,AST-638,,DEP-003,SEC-001,PREVENTIVE,2025-03-09T00:00:00,2025-03-09T03:00:00,2025-03-24T00:00:00,POWER_BLOCK,180,COMPLETED
TASK-05579,AST-638,,DEP-003,SEC-001,PREVENTIVE,2025-09-05T00:00:00,2025-09-05T03:00:00,2025-09-20T00:00:00,POWER_BLOCK,180,COMPLETED
TASK-05580,AST-638,,DEP-003,SEC-001,PREVENTIVE,2026-03-04T00:00:00,2026-03-04T03:00:00,2026-03-19T00:00:00,POWER_BLOCK,180,COMPLETED
TASK-05611,AST-643,,DEP-003,SEC-002,PREVENTIVE,2024-01-21T00:00:00,2024-01-21T03:00:00,2024-02-05T00:00:00,POWER_BLOCK,180,COMPLETED
TASK-05612,AST-643,,DEP-003,SEC-002,PREVENTIVE,2024-07-19T00:00:00,2024-07-19T03:00:00,2024-08-03T00:00:00,POWER_BLOCK,180,COMPLETED
TASK-05613,AST-643,,DEP-003,SEC-002,PREVENTIVE,2025-01-15T00:00:00,2025-01-15T03:00:00,2025-01-30T00:00:00,POWER_BLOCK,180,COMPLETED
TASK-05614,AST-643,,DEP-003,SEC-002,PREVENTIVE,2025-07-14T00:00:00,2025-07-14T03:00:00,2025-07-29T00:00:00,POWER_BLOCK,180,COMPLETED
TASK-05615,AST-643,,DEP-003,SEC-002,PREVENTIVE,2026-01-10T00:00:00,2026-01-10T03:00:00,2026-01-25T00:00:00,POWER_BLOCK,180,COMPLETED
TASK-05616,AST-643,,DEP-003,SEC-002,PREVENTIVE,2026-07-09T00:00:00,2026-07-09T03:00:00,2026-07-24T00:00:00,POWER_BLOCK,180,COMPLETED
TASK-05629,AST-645,,DEP-003,SEC-001,PREVENTIVE,2023-11-04T00:00:00,2023-11-04T03:00:00,2023-11-19T00:00:00,POWER_BLOCK,180,COMPLETED
TASK-05630,AST-645,,DEP-003,SEC-001,PREVENTIVE,2024-05-02T00:00:00,2024-05-02T03:00:00,2024-05-17T00:00:00,POWER_BLOCK,180,COMPLETED
TASK-05631,AST-645,,DEP-003,SEC-001,PREVENTIVE,2024-10-29T00:00:00,2024-10-29T03:00:00,2024-11-13T00:00:00,POWER_BLOCK,180,COMPLETED
TASK-05632,AST-645,,DEP-003,SEC-001,PREVENTIVE,2025-04-27T00:00:00,2025-04-27T03:00:00,2025-05-12T00:00:00,POWER_BLOCK,180,COMPLETED
TASK-05633,AST-645,,DEP-003,SEC-001,PREVENTIVE,2025-10-24T00:00:00,2025-10-24T03:00:00,2025-11-08T00:00:00,POWER_BLOCK,180,COMPLETED
TASK-05634,AST-645,,DEP-003,SEC-001,PREVENTIVE,2026-04-22T00:00:00,2026-04-22T03:00:00,2026-05-07T00:00:00,POWER_BLOCK,180,COMPLETED
TASK-05653,AST-649,,DEP-003,SEC-002,PREVENTIVE,2023-09-13T00:00:00,2023-09-13T03:00:00,2023-09-28T00:00:00,POWER_BLOCK,180,COMPLETED
TASK-05654,AST-649,,DEP-003,SEC-002,PREVENTIVE,2024-03-11T00:00:00,2024-03-11T03:00:00,2024-03-26T00:00:00,POWER_BLOCK,180,COMPLETED
TASK-05655,AST-649,,DEP-003,SEC-002,PREVENTIVE,2024-09-07T00:00:00,2024-09-07T03:00:00,2024-09-22T00:00:00,POWER_BLOCK,180,COMPLETED
TASK-05656,AST-649,,DEP-003,SEC-002,PREVENTIVE,2025-03-06T00:00:00,2025-03-06T03:00:00,2025-03-21T00:00:00,POWER_BLOCK,180,COMPLETED
TASK-05657,AST-649,,DEP-003,SEC-002,PREVENTIVE,2025-09-02T00:00:00,2025-09-02T03:00:00,2025-09-17T00:00:00,POWER_BLOCK,180,COMPLETED
TASK-05658,AST-649,,DEP-003,SEC-002,PREVENTIVE,2026-03-01T00:00:00,2026-03-01T03:00:00,2026-03-16T00:00:00,POWER_BLOCK,180,COMPLETED
TASK-05659,AST-650,,DEP-003,SEC-006,PREVENTIVE,2023-09-13T00:00:00,2023-09-13T03:00:00,2023-09-28T00:00:00,POWER_BLOCK,180,COMPLETED
TASK-05660,AST-650,,DEP-003,SEC-006,PREVENTIVE,2024-03-11T00:00:00,2024-03-11T03:00:00,2024-03-26T00:00:00,POWER_BLOCK,180,COMPLETED
TASK-05661,AST-650,,DEP-003,SEC-006,PREVENTIVE,2024-09-07T00:00:00,2024-09-07T03:00:00,2024-09-22T00:00:00,POWER_BLOCK,180,COMPLETED
TASK-05662,AST-650,,DEP-003,SEC-006,PREVENTIVE,2025-03-06T00:00:00,2025-03-06T03:00:00,2025-03-21T00:00:00,POWER_BLOCK,180,COMPLETED
TASK-05663,AST-650,,DEP-003,SEC-006,PREVENTIVE,2025-09-02T00:00:00,2025-09-02T03:00:00,2025-09-17T00:00:00,POWER_BLOCK,180,COMPLETED
TASK-05664,AST-650,,DEP-003,SEC-006,PREVENTIVE,2026-03-01T00:00:00,2026-03-01T03:00:00,2026-03-16T00:00:00,POWER_BLOCK,180,COMPLETED
TASK-05665,AST-651,,DEP-003,SEC-004,PREVENTIVE,2023-09-06T00:00:00,2023-09-06T03:00:00,2023-09-21T00:00:00,POWER_BLOCK,180,COMPLETED
TASK-05666,AST-651,,DEP-003,SEC-004,PREVENTIVE,2024-03-04T00:00:00,2024-03-04T03:00:00,2024-03-19T00:00:00,POWER_BLOCK,180,COMPLETED
TASK-05667,AST-651,,DEP-003,SEC-004,PREVENTIVE,2024-08-31T00:00:00,2024-08-31T03:00:00,2024-09-15T00:00:00,POWER_BLOCK,180,COMPLETED
TASK-05668,AST-651,,DEP-003,SEC-004,PREVENTIVE,2025-02-27T00:00:00,2025-02-27T03:00:00,2025-03-14T00:00:00,POWER_BLOCK,180,COMPLETED
TASK-05669,AST-651,,DEP-003,SEC-004,PREVENTIVE,2025-08-26T00:00:00,2025-08-26T03:00:00,2025-09-10T00:00:00,POWER_BLOCK,180,COMPLETED
TASK-05670,AST-651,,DEP-003,SEC-004,PREVENTIVE,2026-02-22T00:00:00,2026-02-22T03:00:00,2026-03-09T00:00:00,POWER_BLOCK,180,COMPLETED
TASK-05698,AST-658,,DEP-003,SEC-003,PREVENTIVE,2023-11-03T00:00:00,2023-11-03T03:00:00,2023-11-18T00:00:00,POWER_BLOCK,180,COMPLETED
TASK-05699,AST-658,,DEP-003,SEC-003,PREVENTIVE,2024-05-01T00:00:00,2024-05-01T03:00:00,2024-05-16T00:00:00,POWER_BLOCK,180,COMPLETED
TASK-05700,AST-658,,DEP-003,SEC-003,PREVENTIVE,2024-10-28T00:00:00,2024-10-28T03:00:00,2024-11-12T00:00:00,POWER_BLOCK,180,COMPLETED
TASK-05701,AST-658,,DEP-003,SEC-003,PREVENTIVE,2025-04-26T00:00:00,2025-04-26T03:00:00,2025-05-11T00:00:00,POWER_BLOCK,180,COMPLETED
TASK-05702,AST-658,,DEP-003,SEC-003,PREVENTIVE,2025-10-23T00:00:00,2025-10-23T03:00:00,2025-11-07T00:00:00,POWER_BLOCK,180,COMPLETED
TASK-05703,AST-658,,DEP-003,SEC-003,PREVENTIVE,2026-04-21T00:00:00,2026-04-21T03:00:00,2026-05-06T00:00:00,POWER_BLOCK,180,COMPLETED
TASK-05707,AST-660,,DEP-003,SEC-001,PREVENTIVE,2024-01-13T00:00:00,2024-01-13T03:00:00,2024-01-28T00:00:00,POWER_BLOCK,180,COMPLETED
TASK-05708,AST-660,,DEP-003,SEC-001,PREVENTIVE,2024-07-11T00:00:00,2024-07-11T03:00:00,2024-07-26T00:00:00,POWER_BLOCK,180,COMPLETED
TASK-05709,AST-660,,DEP-003,SEC-001,PREVENTIVE,2025-01-07T00:00:00,2025-01-07T03:00:00,2025-01-22T00:00:00,POWER_BLOCK,180,COMPLETED
TASK-05710,AST-660,,DEP-003,SEC-001,PREVENTIVE,2025-07-06T00:00:00,2025-07-06T03:00:00,2025-07-21T00:00:00,POWER_BLOCK,180,COMPLETED
TASK-05711,AST-660,,DEP-003,SEC-001,PREVENTIVE,2026-01-02T00:00:00,2026-01-02T03:00:00,2026-01-17T00:00:00,POWER_BLOCK,180,COMPLETED
TASK-05712,AST-660,,DEP-003,SEC-001,PREVENTIVE,2026-07-01T00:00:00,2026-07-01T03:00:00,2026-07-16T00:00:00,POWER_BLOCK,180,COMPLETED
TASK-05713,AST-661,,DEP-003,SEC-003,PREVENTIVE,2023-08-23T00:00:00,2023-08-23T03:00:00,2023-09-07T00:00:00,POWER_BLOCK,180,COMPLETED
TASK-05714,AST-661,,DEP-003,SEC-003,PREVENTIVE,2024-02-19T00:00:00,2024-02-19T03:00:00,2024-03-05T00:00:00,POWER_BLOCK,180,COMPLETED
TASK-05715,AST-661,,DEP-003,SEC-003,PREVENTIVE,2024-08-17T00:00:00,2024-08-17T03:00:00,2024-09-01T00:00:00,POWER_BLOCK,180,COMPLETED
TASK-05716,AST-661,,DEP-003,SEC-003,PREVENTIVE,2025-02-13T00:00:00,2025-02-13T03:00:00,2025-02-28T00:00:00,POWER_BLOCK,180,COMPLETED
TASK-05717,AST-661,,DEP-003,SEC-003,PREVENTIVE,2025-08-12T00:00:00,2025-08-12T03:00:00,2025-08-27T00:00:00,POWER_BLOCK,180,COMPLETED
TASK-05718,AST-661,,DEP-003,SEC-003,PREVENTIVE,2026-02-08T00:00:00,2026-02-08T03:00:00,2026-02-23T00:00:00,POWER_BLOCK,180,COMPLETED
TASK-05734,AST-664,,DEP-003,SEC-002,PREVENTIVE,2023-11-12T00:00:00,2023-11-12T03:00:00,2023-11-27T00:00:00,POWER_BLOCK,180,COMPLETED
TASK-05735,AST-664,,DEP-003,SEC-002,PREVENTIVE,2024-05-10T00:00:00,2024-05-10T03:00:00,2024-05-25T00:00:00,POWER_BLOCK,180,COMPLETED
TASK-05736,AST-664,,DEP-003,SEC-002,PREVENTIVE,2024-11-06T00:00:00,2024-11-06T03:00:00,2024-11-21T00:00:00,POWER_BLOCK,180,COMPLETED
TASK-05737,AST-664,,DEP-003,SEC-002,PREVENTIVE,2025-05-05T00:00:00,2025-05-05T03:00:00,2025-05-20T00:00:00,POWER_BLOCK,180,COMPLETED
TASK-05738,AST-664,,DEP-003,SEC-002,PREVENTIVE,2025-11-01T00:00:00,2025-11-01T03:00:00,2025-11-16T00:00:00,POWER_BLOCK,180,COMPLETED
TASK-05739,AST-664,,DEP-003,SEC-002,PREVENTIVE,2026-04-30T00:00:00,2026-04-30T03:00:00,2026-05-15T00:00:00,POWER_BLOCK,180,COMPLETED
TASK-05740,AST-665,,DEP-003,SEC-002,PREVENTIVE,2023-09-27T00:00:00,2023-09-27T03:00:00,2023-10-12T00:00:00,POWER_BLOCK,180,COMPLETED
TASK-05741,AST-665,,DEP-003,SEC-002,PREVENTIVE,2024-03-25T00:00:00,2024-03-25T03:00:00,2024-04-09T00:00:00,POWER_BLOCK,180,COMPLETED
TASK-05742,AST-665,,DEP-003,SEC-002,PREVENTIVE,2024-09-21T00:00:00,2024-09-21T03:00:00,2024-10-06T00:00:00,POWER_BLOCK,180,COMPLETED
TASK-05743,AST-665,,DEP-003,SEC-002,PREVENTIVE,2025-03-20T00:00:00,2025-03-20T03:00:00,2025-04-04T00:00:00,POWER_BLOCK,180,COMPLETED
TASK-05744,AST-665,,DEP-003,SEC-002,PREVENTIVE,2025-09-16T00:00:00,2025-09-16T03:00:00,2025-10-01T00:00:00,POWER_BLOCK,180,COMPLETED
TASK-05745,AST-665,,DEP-003,SEC-002,PREVENTIVE,2026-03-15T00:00:00,2026-03-15T03:00:00,2026-03-30T00:00:00,POWER_BLOCK,180,COMPLETED
TASK-05749,AST-667,,DEP-003,SEC-006,PREVENTIVE,2024-01-04T00:00:00,2024-01-04T03:00:00,2024-01-19T00:00:00,POWER_BLOCK,180,COMPLETED
TASK-05750,AST-667,,DEP-003,SEC-006,PREVENTIVE,2024-07-02T00:00:00,2024-07-02T03:00:00,2024-07-17T00:00:00,POWER_BLOCK,180,COMPLETED
TASK-05751,AST-667,,DEP-003,SEC-006,PREVENTIVE,2024-12-29T00:00:00,2024-12-29T03:00:00,2025-01-13T00:00:00,POWER_BLOCK,180,COMPLETED
TASK-05752,AST-667,,DEP-003,SEC-006,PREVENTIVE,2025-06-27T00:00:00,2025-06-27T03:00:00,2025-07-12T00:00:00,POWER_BLOCK,180,COMPLETED
TASK-05753,AST-667,,DEP-003,SEC-006,PREVENTIVE,2025-12-24T00:00:00,2025-12-24T03:00:00,2026-01-08T00:00:00,POWER_BLOCK,180,COMPLETED
TASK-05754,AST-667,,DEP-003,SEC-006,PREVENTIVE,2026-06-22T00:00:00,2026-06-22T03:00:00,2026-07-07T00:00:00,POWER_BLOCK,180,COMPLETED
TASK-05818,AST-674,,DEP-003,SEC-006,PREVENTIVE,2023-11-04T00:00:00,2023-11-04T03:00:00,2023-11-19T00:00:00,POWER_BLOCK,180,COMPLETED
TASK-05819,AST-674,,DEP-003,SEC-006,PREVENTIVE,2024-05-02T00:00:00,2024-05-02T03:00:00,2024-05-17T00:00:00,POWER_BLOCK,180,COMPLETED
TASK-05820,AST-674,,DEP-003,SEC-006,PREVENTIVE,2024-10-29T00:00:00,2024-10-29T03:00:00,2024-11-13T00:00:00,POWER_BLOCK,180,COMPLETED
TASK-05821,AST-674,,DEP-003,SEC-006,PREVENTIVE,2025-04-27T00:00:00,2025-04-27T03:00:00,2025-05-12T00:00:00,POWER_BLOCK,180,COMPLETED
TASK-05822,AST-674,,DEP-003,SEC-006,PREVENTIVE,2025-10-24T00:00:00,2025-10-24T03:00:00,2025-11-08T00:00:00,POWER_BLOCK,180,COMPLETED
TASK-05823,AST-674,,DEP-003,SEC-006,PREVENTIVE,2026-04-22T00:00:00,2026-04-22T03:00:00,2026-05-07T00:00:00,POWER_BLOCK,180,COMPLETED
TASK-05851,AST-681,,DEP-003,SEC-005,PREVENTIVE,2023-12-28T00:00:00,2023-12-28T03:00:00,2024-01-12T00:00:00,POWER_BLOCK,180,COMPLETED
TASK-05852,AST-681,,DEP-003,SEC-005,PREVENTIVE,2024-06-25T00:00:00,2024-06-25T03:00:00,2024-07-10T00:00:00,POWER_BLOCK,180,COMPLETED
TASK-05853,AST-681,,DEP-003,SEC-005,PREVENTIVE,2024-12-22T00:00:00,2024-12-22T03:00:00,2025-01-06T00:00:00,POWER_BLOCK,180,COMPLETED
TASK-05854,AST-681,,DEP-003,SEC-005,PREVENTIVE,2025-06-20T00:00:00,2025-06-20T03:00:00,2025-07-05T00:00:00,POWER_BLOCK,180,COMPLETED
TASK-05855,AST-681,,DEP-003,SEC-005,PREVENTIVE,2025-12-17T00:00:00,2025-12-17T03:00:00,2026-01-01T00:00:00,POWER_BLOCK,180,COMPLETED
TASK-05856,AST-681,,DEP-003,SEC-005,PREVENTIVE,2026-06-15T00:00:00,2026-06-15T03:00:00,2026-06-30T00:00:00,POWER_BLOCK,180,COMPLETED
TASK-05872,AST-684,,DEP-003,SEC-001,PREVENTIVE,2023-10-23T00:00:00,2023-10-23T03:00:00,2023-11-07T00:00:00,POWER_BLOCK,180,COMPLETED
TASK-05873,AST-684,,DEP-003,SEC-001,PREVENTIVE,2024-04-20T00:00:00,2024-04-20T03:00:00,2024-05-05T00:00:00,POWER_BLOCK,180,COMPLETED
TASK-05874,AST-684,,DEP-003,SEC-001,PREVENTIVE,2024-10-17T00:00:00,2024-10-17T03:00:00,2024-11-01T00:00:00,POWER_BLOCK,180,COMPLETED
TASK-05875,AST-684,,DEP-003,SEC-001,PREVENTIVE,2025-04-15T00:00:00,2025-04-15T03:00:00,2025-04-30T00:00:00,POWER_BLOCK,180,COMPLETED
TASK-05876,AST-684,,DEP-003,SEC-001,PREVENTIVE,2025-10-12T00:00:00,2025-10-12T03:00:00,2025-10-27T00:00:00,POWER_BLOCK,180,COMPLETED
TASK-05877,AST-684,,DEP-003,SEC-001,PREVENTIVE,2026-04-10T00:00:00,2026-04-10T03:00:00,2026-04-25T00:00:00,POWER_BLOCK,180,COMPLETED
TASK-05878,AST-685,,DEP-003,SEC-002,PREVENTIVE,2023-12-21T00:00:00,2023-12-21T03:00:00,2024-01-05T00:00:00,POWER_BLOCK,180,COMPLETED
TASK-05879,AST-685,,DEP-003,SEC-002,PREVENTIVE,2024-06-18T00:00:00,2024-06-18T03:00:00,2024-07-03T00:00:00,POWER_BLOCK,180,COMPLETED
TASK-05880,AST-685,,DEP-003,SEC-002,PREVENTIVE,2024-12-15T00:00:00,2024-12-15T03:00:00,2024-12-30T00:00:00,POWER_BLOCK,180,COMPLETED
TASK-05881,AST-685,,DEP-003,SEC-002,PREVENTIVE,2025-06-13T00:00:00,2025-06-13T03:00:00,2025-06-28T00:00:00,POWER_BLOCK,180,COMPLETED
TASK-05882,AST-685,,DEP-003,SEC-002,PREVENTIVE,2025-12-10T00:00:00,2025-12-10T03:00:00,2025-12-25T00:00:00,POWER_BLOCK,180,COMPLETED
TASK-05883,AST-685,,DEP-003,SEC-002,PREVENTIVE,2026-06-08T00:00:00,2026-06-08T03:00:00,2026-06-23T00:00:00,POWER_BLOCK,180,COMPLETED
TASK-05899,AST-688,,DEP-003,SEC-003,PREVENTIVE,2023-10-16T00:00:00,2023-10-16T03:00:00,2023-10-31T00:00:00,POWER_BLOCK,180,COMPLETED
TASK-05900,AST-688,,DEP-003,SEC-003,PREVENTIVE,2024-04-13T00:00:00,2024-04-13T03:00:00,2024-04-28T00:00:00,POWER_BLOCK,180,COMPLETED
TASK-05901,AST-688,,DEP-003,SEC-003,PREVENTIVE,2024-10-10T00:00:00,2024-10-10T03:00:00,2024-10-25T00:00:00,POWER_BLOCK,180,COMPLETED
TASK-05902,AST-688,,DEP-003,SEC-003,PREVENTIVE,2025-04-08T00:00:00,2025-04-08T03:00:00,2025-04-23T00:00:00,POWER_BLOCK,180,COMPLETED
TASK-05903,AST-688,,DEP-003,SEC-003,PREVENTIVE,2025-10-05T00:00:00,2025-10-05T03:00:00,2025-10-20T00:00:00,POWER_BLOCK,180,COMPLETED
TASK-05904,AST-688,,DEP-003,SEC-003,PREVENTIVE,2026-04-03T00:00:00,2026-04-03T03:00:00,2026-04-18T00:00:00,POWER_BLOCK,180,COMPLETED
TASK-05941,AST-695,,DEP-003,SEC-006,PREVENTIVE,2023-10-08T00:00:00,2023-10-08T03:00:00,2023-10-23T00:00:00,POWER_BLOCK,180,COMPLETED
TASK-05942,AST-695,,DEP-003,SEC-006,PREVENTIVE,2024-04-05T00:00:00,2024-04-05T03:00:00,2024-04-20T00:00:00,POWER_BLOCK,180,COMPLETED
TASK-05943,AST-695,,DEP-003,SEC-006,PREVENTIVE,2024-10-02T00:00:00,2024-10-02T03:00:00,2024-10-17T00:00:00,POWER_BLOCK,180,COMPLETED
TASK-05944,AST-695,,DEP-003,SEC-006,PREVENTIVE,2025-03-31T00:00:00,2025-03-31T03:00:00,2025-04-15T00:00:00,POWER_BLOCK,180,COMPLETED
TASK-05945,AST-695,,DEP-003,SEC-006,PREVENTIVE,2025-09-27T00:00:00,2025-09-27T03:00:00,2025-10-12T00:00:00,POWER_BLOCK,180,COMPLETED
TASK-05946,AST-695,,DEP-003,SEC-006,PREVENTIVE,2026-03-26T00:00:00,2026-03-26T03:00:00,2026-04-10T00:00:00,POWER_BLOCK,180,COMPLETED
TASK-05947,AST-696,,DEP-003,SEC-005,PREVENTIVE,2023-11-10T00:00:00,2023-11-10T03:00:00,2023-11-25T00:00:00,POWER_BLOCK,180,COMPLETED
TASK-05948,AST-696,,DEP-003,SEC-005,PREVENTIVE,2024-05-08T00:00:00,2024-05-08T03:00:00,2024-05-23T00:00:00,POWER_BLOCK,180,COMPLETED
TASK-05949,AST-696,,DEP-003,SEC-005,PREVENTIVE,2024-11-04T00:00:00,2024-11-04T03:00:00,2024-11-19T00:00:00,POWER_BLOCK,180,COMPLETED
TASK-05950,AST-696,,DEP-003,SEC-005,PREVENTIVE,2025-05-03T00:00:00,2025-05-03T03:00:00,2025-05-18T00:00:00,POWER_BLOCK,180,COMPLETED
TASK-05951,AST-696,,DEP-003,SEC-005,PREVENTIVE,2025-10-30T00:00:00,2025-10-30T03:00:00,2025-11-14T00:00:00,POWER_BLOCK,180,COMPLETED
TASK-05952,AST-696,,DEP-003,SEC-005,PREVENTIVE,2026-04-28T00:00:00,2026-04-28T03:00:00,2026-05-13T00:00:00,POWER_BLOCK,180,COMPLETED
TASK-05956,AST-698,,DEP-003,SEC-003,PREVENTIVE,2023-11-23T00:00:00,2023-11-23T03:00:00,2023-12-08T00:00:00,POWER_BLOCK,180,COMPLETED
TASK-05957,AST-698,,DEP-003,SEC-003,PREVENTIVE,2024-05-21T00:00:00,2024-05-21T03:00:00,2024-06-05T00:00:00,POWER_BLOCK,180,COMPLETED
TASK-05958,AST-698,,DEP-003,SEC-003,PREVENTIVE,2024-11-17T00:00:00,2024-11-17T03:00:00,2024-12-02T00:00:00,POWER_BLOCK,180,COMPLETED
TASK-05959,AST-698,,DEP-003,SEC-003,PREVENTIVE,2025-05-16T00:00:00,2025-05-16T03:00:00,2025-05-31T00:00:00,POWER_BLOCK,180,COMPLETED
TASK-05960,AST-698,,DEP-003,SEC-003,PREVENTIVE,2025-11-12T00:00:00,2025-11-12T03:00:00,2025-11-27T00:00:00,POWER_BLOCK,180,COMPLETED
TASK-05961,AST-698,,DEP-003,SEC-003,PREVENTIVE,2026-05-11T00:00:00,2026-05-11T03:00:00,2026-05-26T00:00:00,POWER_BLOCK,180,COMPLETED
TASK-05977,AST-701,,DEP-003,SEC-002,PREVENTIVE,2024-01-20T00:00:00,2024-01-20T03:00:00,2024-02-04T00:00:00,POWER_BLOCK,180,COMPLETED
TASK-05978,AST-701,,DEP-003,SEC-002,PREVENTIVE,2024-07-18T00:00:00,2024-07-18T03:00:00,2024-08-02T00:00:00,POWER_BLOCK,180,COMPLETED
TASK-05979,AST-701,,DEP-003,SEC-002,PREVENTIVE,2025-01-14T00:00:00,2025-01-14T03:00:00,2025-01-29T00:00:00,POWER_BLOCK,180,COMPLETED
TASK-05980,AST-701,,DEP-003,SEC-002,PREVENTIVE,2025-07-13T00:00:00,2025-07-13T03:00:00,2025-07-28T00:00:00,POWER_BLOCK,180,COMPLETED
TASK-05981,AST-701,,DEP-003,SEC-002,PREVENTIVE,2026-01-09T00:00:00,2026-01-09T03:00:00,2026-01-24T00:00:00,POWER_BLOCK,180,COMPLETED
TASK-05982,AST-701,,DEP-003,SEC-002,PREVENTIVE,2026-07-08T00:00:00,2026-07-08T03:00:00,2026-07-23T00:00:00,POWER_BLOCK,180,COMPLETED
TASK-05986,AST-703,,DEP-003,SEC-003,PREVENTIVE,2023-08-25T00:00:00,2023-08-25T03:00:00,2023-09-09T00:00:00,POWER_BLOCK,180,COMPLETED
TASK-05987,AST-703,,DEP-003,SEC-003,PREVENTIVE,2024-02-21T00:00:00,2024-02-21T03:00:00,2024-03-07T00:00:00,POWER_BLOCK,180,COMPLETED
TASK-05988,AST-703,,DEP-003,SEC-003,PREVENTIVE,2024-08-19T00:00:00,2024-08-19T03:00:00,2024-09-03T00:00:00,POWER_BLOCK,180,COMPLETED
TASK-05989,AST-703,,DEP-003,SEC-003,PREVENTIVE,2025-02-15T00:00:00,2025-02-15T03:00:00,2025-03-02T00:00:00,POWER_BLOCK,180,COMPLETED
TASK-05990,AST-703,,DEP-003,SEC-003,PREVENTIVE,2025-08-14T00:00:00,2025-08-14T03:00:00,2025-08-29T00:00:00,POWER_BLOCK,180,COMPLETED
TASK-05991,AST-703,,DEP-003,SEC-003,PREVENTIVE,2026-02-10T00:00:00,2026-02-10T03:00:00,2026-02-25T00:00:00,POWER_BLOCK,180,COMPLETED
TASK-06004,AST-705,,DEP-003,SEC-004,PREVENTIVE,2023-09-27T00:00:00,2023-09-27T03:00:00,2023-10-12T00:00:00,POWER_BLOCK,180,COMPLETED
TASK-06005,AST-705,,DEP-003,SEC-004,PREVENTIVE,2024-03-25T00:00:00,2024-03-25T03:00:00,2024-04-09T00:00:00,POWER_BLOCK,180,COMPLETED
TASK-06006,AST-705,,DEP-003,SEC-004,PREVENTIVE,2024-09-21T00:00:00,2024-09-21T03:00:00,2024-10-06T00:00:00,POWER_BLOCK,180,COMPLETED
TASK-06007,AST-705,,DEP-003,SEC-004,PREVENTIVE,2025-03-20T00:00:00,2025-03-20T03:00:00,2025-04-04T00:00:00,POWER_BLOCK,180,COMPLETED
TASK-06008,AST-705,,DEP-003,SEC-004,PREVENTIVE,2025-09-16T00:00:00,2025-09-16T03:00:00,2025-10-01T00:00:00,POWER_BLOCK,180,COMPLETED
TASK-06009,AST-705,,DEP-003,SEC-004,PREVENTIVE,2026-03-15T00:00:00,2026-03-15T03:00:00,2026-03-30T00:00:00,POWER_BLOCK,180,COMPLETED
TASK-06031,AST-710,,DEP-003,SEC-005,PREVENTIVE,2023-11-06T00:00:00,2023-11-06T03:00:00,2023-11-21T00:00:00,POWER_BLOCK,180,COMPLETED
TASK-06032,AST-710,,DEP-003,SEC-005,PREVENTIVE,2024-05-04T00:00:00,2024-05-04T03:00:00,2024-05-19T00:00:00,POWER_BLOCK,180,COMPLETED
TASK-06033,AST-710,,DEP-003,SEC-005,PREVENTIVE,2024-10-31T00:00:00,2024-10-31T03:00:00,2024-11-15T00:00:00,POWER_BLOCK,180,COMPLETED
TASK-06034,AST-710,,DEP-003,SEC-005,PREVENTIVE,2025-04-29T00:00:00,2025-04-29T03:00:00,2025-05-14T00:00:00,POWER_BLOCK,180,COMPLETED
TASK-06035,AST-710,,DEP-003,SEC-005,PREVENTIVE,2025-10-26T00:00:00,2025-10-26T03:00:00,2025-11-10T00:00:00,POWER_BLOCK,180,COMPLETED
TASK-06036,AST-710,,DEP-003,SEC-005,PREVENTIVE,2026-04-24T00:00:00,2026-04-24T03:00:00,2026-05-09T00:00:00,POWER_BLOCK,180,COMPLETED
TASK-06055,AST-714,,DEP-003,SEC-005,PREVENTIVE,2023-09-19T00:00:00,2023-09-19T03:00:00,2023-10-04T00:00:00,POWER_BLOCK,180,COMPLETED
TASK-06056,AST-714,,DEP-003,SEC-005,PREVENTIVE,2024-03-17T00:00:00,2024-03-17T03:00:00,2024-04-01T00:00:00,POWER_BLOCK,180,COMPLETED
TASK-06057,AST-714,,DEP-003,SEC-005,PREVENTIVE,2024-09-13T00:00:00,2024-09-13T03:00:00,2024-09-28T00:00:00,POWER_BLOCK,180,COMPLETED
TASK-06058,AST-714,,DEP-003,SEC-005,PREVENTIVE,2025-03-12T00:00:00,2025-03-12T03:00:00,2025-03-27T00:00:00,POWER_BLOCK,180,COMPLETED
TASK-06059,AST-714,,DEP-003,SEC-005,PREVENTIVE,2025-09-08T00:00:00,2025-09-08T03:00:00,2025-09-23T00:00:00,POWER_BLOCK,180,COMPLETED
TASK-06060,AST-714,,DEP-003,SEC-005,PREVENTIVE,2026-03-07T00:00:00,2026-03-07T03:00:00,2026-03-22T00:00:00,POWER_BLOCK,180,COMPLETED
TASK-06076,AST-717,,DEP-003,SEC-005,PREVENTIVE,2024-01-18T00:00:00,2024-01-18T03:00:00,2024-02-02T00:00:00,POWER_BLOCK,180,COMPLETED
TASK-06077,AST-717,,DEP-003,SEC-005,PREVENTIVE,2024-07-16T00:00:00,2024-07-16T03:00:00,2024-07-31T00:00:00,POWER_BLOCK,180,COMPLETED
TASK-06078,AST-717,,DEP-003,SEC-005,PREVENTIVE,2025-01-12T00:00:00,2025-01-12T03:00:00,2025-01-27T00:00:00,POWER_BLOCK,180,COMPLETED
TASK-06079,AST-717,,DEP-003,SEC-005,PREVENTIVE,2025-07-11T00:00:00,2025-07-11T03:00:00,2025-07-26T00:00:00,POWER_BLOCK,180,COMPLETED
TASK-06080,AST-717,,DEP-003,SEC-005,PREVENTIVE,2026-01-07T00:00:00,2026-01-07T03:00:00,2026-01-22T00:00:00,POWER_BLOCK,180,COMPLETED
TASK-06081,AST-717,,DEP-003,SEC-005,PREVENTIVE,2026-07-06T00:00:00,2026-07-06T03:00:00,2026-07-21T00:00:00,POWER_BLOCK,180,COMPLETED
TASK-06091,AST-721,,DEP-003,SEC-001,PREVENTIVE,2023-10-30T00:00:00,2023-10-30T03:00:00,2023-11-14T00:00:00,POWER_BLOCK,180,COMPLETED
TASK-06092,AST-721,,DEP-003,SEC-001,PREVENTIVE,2024-04-27T00:00:00,2024-04-27T03:00:00,2024-05-12T00:00:00,POWER_BLOCK,180,COMPLETED
TASK-06093,AST-721,,DEP-003,SEC-001,PREVENTIVE,2024-10-24T00:00:00,2024-10-24T03:00:00,2024-11-08T00:00:00,POWER_BLOCK,180,COMPLETED
TASK-06094,AST-721,,DEP-003,SEC-001,PREVENTIVE,2025-04-22T00:00:00,2025-04-22T03:00:00,2025-05-07T00:00:00,POWER_BLOCK,180,COMPLETED
TASK-06095,AST-721,,DEP-003,SEC-001,PREVENTIVE,2025-10-19T00:00:00,2025-10-19T03:00:00,2025-11-03T00:00:00,POWER_BLOCK,180,COMPLETED
TASK-06096,AST-721,,DEP-003,SEC-001,PREVENTIVE,2026-04-17T00:00:00,2026-04-17T03:00:00,2026-05-02T00:00:00,POWER_BLOCK,180,COMPLETED
TASK-06112,AST-724,,DEP-003,SEC-004,PREVENTIVE,2023-11-05T00:00:00,2023-11-05T03:00:00,2023-11-20T00:00:00,POWER_BLOCK,180,COMPLETED
TASK-06113,AST-724,,DEP-003,SEC-004,PREVENTIVE,2024-05-03T00:00:00,2024-05-03T03:00:00,2024-05-18T00:00:00,POWER_BLOCK,180,COMPLETED
TASK-06114,AST-724,,DEP-003,SEC-004,PREVENTIVE,2024-10-30T00:00:00,2024-10-30T03:00:00,2024-11-14T00:00:00,POWER_BLOCK,180,COMPLETED
TASK-06115,AST-724,,DEP-003,SEC-004,PREVENTIVE,2025-04-28T00:00:00,2025-04-28T03:00:00,2025-05-13T00:00:00,POWER_BLOCK,180,COMPLETED
TASK-06116,AST-724,,DEP-003,SEC-004,PREVENTIVE,2025-10-25T00:00:00,2025-10-25T03:00:00,2025-11-09T00:00:00,POWER_BLOCK,180,COMPLETED
TASK-06117,AST-724,,DEP-003,SEC-004,PREVENTIVE,2026-04-23T00:00:00,2026-04-23T03:00:00,2026-05-08T00:00:00,POWER_BLOCK,180,COMPLETED
TASK-06130,AST-729,,DEP-003,SEC-003,PREVENTIVE,2024-01-26T00:00:00,2024-01-26T03:00:00,2024-02-10T00:00:00,POWER_BLOCK,180,COMPLETED
TASK-06131,AST-729,,DEP-003,SEC-003,PREVENTIVE,2024-07-24T00:00:00,2024-07-24T03:00:00,2024-08-08T00:00:00,POWER_BLOCK,180,COMPLETED
TASK-06132,AST-729,,DEP-003,SEC-003,PREVENTIVE,2025-01-20T00:00:00,2025-01-20T03:00:00,2025-02-04T00:00:00,POWER_BLOCK,180,COMPLETED
TASK-06133,AST-729,,DEP-003,SEC-003,PREVENTIVE,2025-07-19T00:00:00,2025-07-19T03:00:00,2025-08-03T00:00:00,POWER_BLOCK,180,COMPLETED
TASK-06134,AST-729,,DEP-003,SEC-003,PREVENTIVE,2026-01-15T00:00:00,2026-01-15T03:00:00,2026-01-30T00:00:00,POWER_BLOCK,180,COMPLETED
TASK-06135,AST-729,,DEP-003,SEC-003,PREVENTIVE,2026-07-14T00:00:00,2026-07-14T03:00:00,2026-07-29T00:00:00,POWER_BLOCK,180,COMPLETED
TASK-06136,AST-730,,DEP-003,SEC-001,PREVENTIVE,2023-12-07T00:00:00,2023-12-07T03:00:00,2023-12-22T00:00:00,POWER_BLOCK,180,COMPLETED
TASK-06137,AST-730,,DEP-003,SEC-001,PREVENTIVE,2024-06-04T00:00:00,2024-06-04T03:00:00,2024-06-19T00:00:00,POWER_BLOCK,180,COMPLETED
TASK-06138,AST-730,,DEP-003,SEC-001,PREVENTIVE,2024-12-01T00:00:00,2024-12-01T03:00:00,2024-12-16T00:00:00,POWER_BLOCK,180,COMPLETED
TASK-06139,AST-730,,DEP-003,SEC-001,PREVENTIVE,2025-05-30T00:00:00,2025-05-30T03:00:00,2025-06-14T00:00:00,POWER_BLOCK,180,COMPLETED
TASK-06140,AST-730,,DEP-003,SEC-001,PREVENTIVE,2025-11-26T00:00:00,2025-11-26T03:00:00,2025-12-11T00:00:00,POWER_BLOCK,180,COMPLETED
TASK-06141,AST-730,,DEP-003,SEC-001,PREVENTIVE,2026-05-25T00:00:00,2026-05-25T03:00:00,2026-06-09T00:00:00,POWER_BLOCK,180,COMPLETED
TASK-06148,AST-733,,DEP-003,SEC-003,PREVENTIVE,2023-12-12T00:00:00,2023-12-12T03:00:00,2023-12-27T00:00:00,POWER_BLOCK,180,COMPLETED
TASK-06149,AST-733,,DEP-003,SEC-003,PREVENTIVE,2024-06-09T00:00:00,2024-06-09T03:00:00,2024-06-24T00:00:00,POWER_BLOCK,180,COMPLETED
TASK-06150,AST-733,,DEP-003,SEC-003,PREVENTIVE,2024-12-06T00:00:00,2024-12-06T03:00:00,2024-12-21T00:00:00,POWER_BLOCK,180,COMPLETED
TASK-06151,AST-733,,DEP-003,SEC-003,PREVENTIVE,2025-06-04T00:00:00,2025-06-04T03:00:00,2025-06-19T00:00:00,POWER_BLOCK,180,COMPLETED
TASK-06152,AST-733,,DEP-003,SEC-003,PREVENTIVE,2025-12-01T00:00:00,2025-12-01T03:00:00,2025-12-16T00:00:00,POWER_BLOCK,180,COMPLETED
TASK-06153,AST-733,,DEP-003,SEC-003,PREVENTIVE,2026-05-30T00:00:00,2026-05-30T03:00:00,2026-06-14T00:00:00,POWER_BLOCK,180,COMPLETED
TASK-06160,AST-736,,DEP-003,SEC-005,PREVENTIVE,2024-01-15T00:00:00,2024-01-15T03:00:00,2024-01-30T00:00:00,POWER_BLOCK,180,COMPLETED
TASK-06161,AST-736,,DEP-003,SEC-005,PREVENTIVE,2024-07-13T00:00:00,2024-07-13T03:00:00,2024-07-28T00:00:00,POWER_BLOCK,180,COMPLETED
TASK-06162,AST-736,,DEP-003,SEC-005,PREVENTIVE,2025-01-09T00:00:00,2025-01-09T03:00:00,2025-01-24T00:00:00,POWER_BLOCK,180,COMPLETED
TASK-06163,AST-736,,DEP-003,SEC-005,PREVENTIVE,2025-07-08T00:00:00,2025-07-08T03:00:00,2025-07-23T00:00:00,POWER_BLOCK,180,COMPLETED
TASK-06164,AST-736,,DEP-003,SEC-005,PREVENTIVE,2026-01-04T00:00:00,2026-01-04T03:00:00,2026-01-19T00:00:00,POWER_BLOCK,180,COMPLETED
TASK-06165,AST-736,,DEP-003,SEC-005,PREVENTIVE,2026-07-03T00:00:00,2026-07-03T03:00:00,2026-07-18T00:00:00,POWER_BLOCK,180,COMPLETED
TASK-06226,AST-745,,DEP-003,SEC-004,PREVENTIVE,2023-10-30T00:00:00,2023-10-30T03:00:00,2023-11-14T00:00:00,POWER_BLOCK,180,COMPLETED
TASK-06227,AST-745,,DEP-003,SEC-004,PREVENTIVE,2024-04-27T00:00:00,2024-04-27T03:00:00,2024-05-12T00:00:00,POWER_BLOCK,180,COMPLETED
TASK-06228,AST-745,,DEP-003,SEC-004,PREVENTIVE,2024-10-24T00:00:00,2024-10-24T03:00:00,2024-11-08T00:00:00,POWER_BLOCK,180,COMPLETED
TASK-06229,AST-745,,DEP-003,SEC-004,PREVENTIVE,2025-04-22T00:00:00,2025-04-22T03:00:00,2025-05-07T00:00:00,POWER_BLOCK,180,COMPLETED
TASK-06230,AST-745,,DEP-003,SEC-004,PREVENTIVE,2025-10-19T00:00:00,2025-10-19T03:00:00,2025-11-03T00:00:00,POWER_BLOCK,180,COMPLETED
TASK-06231,AST-745,,DEP-003,SEC-004,PREVENTIVE,2026-04-17T00:00:00,2026-04-17T03:00:00,2026-05-02T00:00:00,POWER_BLOCK,180,COMPLETED
