asset_id,section_id,section_name,section_class,asset_type,age_years,base_wear_index,historical_failures,maintenance_frequency_per_year,last_service_date,days_since_last_service,previous_maintenance_outcome,vibration_mm_s,rail_wear_mm,ultrasonic_flaw_score,track_geometry_deviation_mm,critical_defects_180d,major_defects_180d,open_defects,maintenance_count_365d,deferred_count,emergency_count,avg_duration_minutes,failure_probability,urgency_score,health_score,track_section
AST-002,SEC-006,Sahibabad - Ghaziabad DOWN,DOWN,track,10.11,19.0,1.0,4,2026-07-20 05:31:00,11,COMPLETED,3.5,0.0,40.0,14.0,1.0,0.0,0.0,4,1,1,195.0,0.9761924869512436,97.61924869512436,79.53490617687677,SEC-006
AST-003,SEC-001,Delhi Main - Delhi Shahdara UP,UP,sleeper,6.45,16.0,0.0,1,2026-01-06 05:04:00,206,COMPLETED,0.75,0.0,0.0,3.0,0.0,0.0,0.0,1,0,0,300.0,0.0119039614986507,1.1903961498650708,86.26542433210345,SEC-001
AST-004,SEC-005,Sahibabad - Ghaziabad UP,UP,track,11.29,16.0,0.0,1,2026-07-31 04:19:00,0,COMPLETED,1.25,0.0,0.0,5.0,0.0,0.0,0.0,1,0,0,300.0,0.0211755111838774,2.117551118387749,94.518444776615,SEC-005
AST-007,SEC-003,Delhi Shahdara - Sahibabad UP,UP,rail,8.26,43.0,0.0,1,2026-06-12 04:37:00,49,COMPLETED,0.0,0.0,0.0,0.0,0.0,0.0,0.0,1,0,0,300.0,0.0108846955363328,1.0884695536332851,82.52488847092515,SEC-003
AST-008,SEC-005,Sahibabad - Ghaziabad UP,UP,turnout,4.48,88.0,1.0,2,2026-07-30 04:55:00,1,COMPLETED,0.75,0.0,40.0,3.0,1.0,0.0,0.0,2,0,1,270.0,0.961609644161308,96.1609644161308,56.94652511954602,SEC-005
AST-010,SEC-006,Sahibabad - Ghaziabad DOWN,DOWN,turnout,8.05,9.0,0.0,1,2025-08-23 04:39:00,342,COMPLETED,0.25,0.0,0.0,1.0,0.0,0.0,0.0,1,0,0,300.0,0.0119039614986507,1.1903961498650708,82.9985983516094,SEC-006
AST-012,SEC-002,Delhi Main - Delhi Shahdara DOWN,DOWN,track,8.26,87.0,1.0,3,2026-06-12 12:24:00,49,COMPLETED,0.25,0.0,40.0,-1.0,1.0,0.0,0.0,3,1,2,260.0,0.970143266834752,97.0143266834752,50.023422657228494,SEC-002
AST-013,SEC-002,Delhi Main - Delhi Shahdara DOWN,DOWN,turnout,6.35,31.0,1.0,2,2026-04-16 02:03:00,106,COMPLETED,0.25,0.0,0.0,1.0,0.0,0.0,0.0,2,0,0,180.0,0.4137768560218519,41.37768560218519,78.02478412832254,SEC-002
AST-018,SEC-005,Sahibabad - Ghaziabad UP,UP,rail,7.53,38.0,0.0,1,2026-01-31 05:00:00,181,COMPLETED,0.0,0.0,0.0,0.0,0.0,0.0,0.0,1,0,0,300.0,0.0096264284197309,0.9626428419730932,78.99957951969688,SEC-005
AST-019,SEC-004,Delhi Shahdara - Sahibabad DOWN,DOWN,sleeper,11.21,25.0,0.0,1,2025-12-19 05:10:00,224,COMPLETED,0.0,0.0,0.0,0.0,0.0,0.0,0.0,1,0,0,300.0,0.0096264284197309,0.9626428419730932,81.81825666601844,SEC-004
AST-022,SEC-005,Sahibabad - Ghaziabad UP,UP,rail,12.47,18.0,0.0,1,2025-08-23 04:35:00,342,COMPLETED,0.0,0.0,0.0,0.0,0.0,0.0,0.0,1,0,0,300.0,0.0081584449529113,0.815844495291137,80.05942108449088,SEC-005
AST-023,SEC-002,Delhi Main - Delhi Shahdara DOWN,DOWN,track,12.88,8.0,0.0,2,2026-01-12 05:22:00,200,COMPLETED,0.0,0.0,0.0,0.0,0.0,0.0,0.0,2,0,0,210.0,0.0081584449529113,0.815844495291137,89.35824983490878,SEC-002
AST-027,SEC-001,Delhi Main - Delhi Shahdara UP,UP,turnout,5.77,21.0,0.0,1,2025-09-22 05:30:00,312,COMPLETED,1.25,0.0,0.0,5.0,0.0,0.0,0.0,1,0,0,300.0,0.0119039614986507,1.1903961498650708,80.16917377777762,SEC-001
AST-032,SEC-003,Delhi Shahdara - Sahibabad UP,UP,turnout,6.7,17.0,0.0,2,2026-03-11 05:04:00,142,COMPLETED,0.0,0.0,0.0,0.0,0.0,0.0,0.0,2,0,0,180.0,0.0079369781573196,0.7936978157319686,88.02135816104531,SEC-003
AST-037,SEC-004,Delhi Shahdara - Sahibabad DOWN,DOWN,turnout,11.29,12.0,0.0,2,2025-11-17 01:58:00,256,COMPLETED,0.5,0.0,0.0,2.0,0.0,0.0,0.0,2,0,0,210.0,0.0119039614986507,1.1903961498650708,85.24766505015621,SEC-004
AST-038,SEC-001,Delhi Main - Delhi Shahdara UP,UP,sleeper,4.72,39.0,0.0,1,2026-03-24 04:53:00,129,COMPLETED,0.5,0.0,0.0,2.0,0.0,0.0,0.0,1,0,0,300.0,0.0119039614986507,1.1903961498650708,80.52349355723636,SEC-001
AST-039,SEC-005,Sahibabad - Ghaziabad UP,UP,rail,4.79,7.000000000000001,0.0,1,2025-09-17 04:53:00,317,COMPLETED,1.5,0.0,0.0,6.0,0.0,0.0,0.0,1,0,0,300.0,0.0119039614986507,1.1903961498650708,84.46978420854823,SEC-005
AST-044,SEC-003,Delhi Shahdara - Sahibabad UP,UP,sleeper,9.23,10.0,0.0,1,2026-03-27 05:31:00,126,COMPLETED,0.25,0.0,0.0,1.0,0.0,0.0,0.0,1,0,0,300.0,0.0119039614986507,1.1903961498650708,91.38133802481256,SEC-003
AST-046,SEC-006,Sahibabad - Ghaziabad DOWN,DOWN,sleeper,5.22,8.0,0.0,1,2026-06-25 05:17:00,36,COMPLETED,1.0,0.0,0.0,4.0,0.0,0.0,0.0,1,0,0,300.0,0.014787204756386,1.478720475638609,95.51800020595638,SEC-006
AST-047,SEC-005,Sahibabad - Ghaziabad UP,UP,rail,8.73,32.0,0.0,2,2025-11-28 05:12:00,245,COMPLETED,0.25,0.0,0.0,1.0,0.0,0.0,0.0,2,0,0,210.0,0.0119039614986507,1.1903961498650708,78.93088156536336,SEC-005
AST-048,SEC-002,Delhi Main - Delhi Shahdara DOWN,DOWN,sleeper,4.84,15.0,0.0,1,2026-06-12 04:51:00,49,COMPLETED,0.75,0.0,0.0,3.0,0.0,0.0,0.0,1,0,0,300.0,0.014787204756386,1.478720475638609,92.35437535819756,SEC-002
AST-054,SEC-002,Delhi Main - Delhi Shahdara DOWN,DOWN,turnout,10.49,1.0,0.0,1,2025-09-19 04:44:00,315,COMPLETED,0.25,0.0,0.0,1.0,0.0,0.0,0.0,1,0,0,300.0,0.0119039614986507,1.1903961498650708,86.50356189525962,SEC-002
AST-057,SEC-001,Delhi Main - Delhi Shahdara UP,UP,rail,11.57,78.0,1.0,2,2026-07-02 02:04:00,29,COMPLETED,0.5,0.0,20.0,2.0,0.0,1.0,0.0,2,0,0,210.0,0.8231167470099047,82.31167470099047,66.13027847852332,SEC-001
AST-059,SEC-005,Sahibabad - Ghaziabad UP,UP,track,11.37,81.0,1.0,2,2026-07-10 03:00:00,21,COMPLETED,0.0,0.0,20.0,0.0,0.0,1.0,0.0,2,0,0,210.0,0.8143520810891534,81.43520810891533,63.53051667115714,SEC-005
AST-065,SEC-001,Delhi Main - Delhi Shahdara UP,UP,turnout,8.14,24.0,0.0,1,2026-06-12 04:24:00,49,COMPLETED,0.0,0.0,0.0,0.0,0.0,0.0,0.0,1,0,0,300.0,0.0108846955363328,1.0884695536332851,89.79558485549906,SEC-001
AST-066,SEC-005,Sahibabad - Ghaziabad UP,UP,sleeper,10.86,18.0,0.0,1,2026-03-07 04:58:00,146,COMPLETED,0.0,0.0,0.0,0.0,0.0,0.0,0.0,1,0,0,300.0,0.0096264284197309,0.9626428419730932,87.57259422907734,SEC-005
AST-069,SEC-006,Sahibabad - Ghaziabad DOWN,DOWN,track,7.05,44.0,0.0,1,2026-01-21 04:54:00,191,COMPLETED,0.25,0.0,0.0,1.0,0.0,0.0,0.0,1,0,0,300.0,0.0119039614986507,1.1903961498650708,76.78220138302063,SEC-006
AST-070,SEC-006,Sahibabad - Ghaziabad DOWN,DOWN,rail,11.71,20.0,1.0,2,2026-07-24 09:15:00,7,COMPLETED,3.75,0.0,40.0,15.0,1.0,0.0,0.0,2,0,1,270.0,0.9444178812186936,94.44178812186938,80.74457161749922,SEC-006
AST-072,SEC-003,Delhi Shahdara - Sahibabad UP,UP,sleeper,7.74,36.0,0.0,1,2026-04-04 05:28:00,118,COMPLETED,1.0,0.0,0.0,-4.0,0.0,0.0,0.0,1,0,0,300.0,0.0119039614986507,1.1903961498650708,82.32704061008708,SEC-003
AST-077,SEC-003,Delhi Shahdara - Sahibabad UP,UP,track,6.8,36.0,1.0,5,2026-04-09 02:03:00,113,COMPLETED,0.0,0.0,20.0,0.0,0.0,1.0,0.0,5,2,0,156.0,0.7218624769979595,72.18624769979594,73.59148282062205,SEC-003
AST-081,SEC-004,Delhi Shahdara - Sahibabad DOWN,DOWN,turnout,12.24,12.0,0.0,1,2026-05-09 05:11:00,83,COMPLETED,0.5,0.0,0.0,2.0,0.0,0.0,0.0,1,0,0,300.0,0.0111590845270025,1.1159084527002596,93.11487898703588,SEC-004
AST-083,SEC-004,Delhi Shahdara - Sahibabad DOWN,DOWN,track,9.16,45.0,0.0,1,2025-09-11 05:02:00,323,COMPLETED,0.0,0.0,0.0,0.0,0.0,0.0,0.0,1,0,0,300.0,0.0096264284197309,0.9626428419730932,71.59187545264766,SEC-004
AST-084,SEC-002,Delhi Main - Delhi Shahdara DOWN,DOWN,rail,6.17,14.000000000000002,0.0,1,2025-10-18 04:39:00,286,COMPLETED,1.5,0.0,0.0,6.0,0.0,0.0,0.0,1,0,0,300.0,0.0119039614986507,1.1903961498650708,82.88270332922924,SEC-002
AST-085,SEC-001,Delhi Main - Delhi Shahdara UP,UP,turnout,7.13,18.0,0.0,1,2026-07-04 04:45:00,27,COMPLETED,0.0,0.0,0.0,0.0,0.0,0.0,0.0,1,0,0,300.0,0.012720495139917,1.2720495139917027,92.21732880347716,SEC-001
AST-086,SEC-006,Sahibabad - Ghaziabad DOWN,DOWN,sleeper,10.01,20.0,0.0,1,2025-10-30 04:35:00,274,COMPLETED,0.0,0.0,0.0,0.0,0.0,0.0,0.0,1,0,0,300.0,0.0096264284197309,0.9626428419730932,81.66886893923244,SEC-006
AST-087,SEC-001,Delhi Main - Delhi Shahdara UP,UP,track,6.93,42.0,1.0,2,2026-07-06 05:22:00,25,COMPLETED,0.25,0.0,40.0,1.0,1.0,0.0,0.0,2,0,1,270.0,0.9264296982324656,92.64296982324656,74.50890183965811,SEC-001
AST-088,SEC-001,Delhi Main - Delhi Shahdara UP,UP,turnout,8.87,36.0,0.0,1,2025-09-18 05:14:00,316,COMPLETED,1.25,0.0,0.0,5.0,0.0,0.0,0.0,1,0,0,300.0,0.0119039614986507,1.1903961498650708,74.51171704633316,SEC-001
AST-089,SEC-004,Delhi Shahdara - Sahibabad DOWN,DOWN,turnout,9.73,21.0,0.0,1,2025-09-20 04:49:00,314,COMPLETED,1.0,0.0,0.0,4.0,0.0,0.0,0.0,1,0,0,300.0,0.0119039614986507,1.1903961498650708,80.02534582147925,SEC-004
AST-090,SEC-003,Delhi Shahdara - Sahibabad UP,UP,rail,8.89,42.0,0.0,1,2026-03-15 05:16:00,138,COMPLETED,0.0,0.0,0.0,0.0,0.0,0.0,0.0,1,0,0,300.0,0.0096264284197309,0.9626428419730932,79.93155332256038,SEC-003
AST-091,SEC-003,Delhi Shahdara - Sahibabad UP,UP,rail,11.45,9.0,0.0,1,2025-11-16 04:32:00,257,COMPLETED,0.0,0.0,0.0,0.0,0.0,0.0,0.0,1,0,0,300.0,0.0096264284197309,0.9626428419730932,85.97955376366703,SEC-003
AST-094,SEC-005,Sahibabad - Ghaziabad UP,UP,turnout,8.71,21.0,0.0,1,2025-11-07 04:49:00,266,COMPLETED,1.25,0.0,0.0,5.0,0.0,0.0,0.0,1,0,0,300.0,0.0119039614986507,1.1903961498650708,81.84318508267954,SEC-005
AST-097,SEC-004,Delhi Shahdara - Sahibabad DOWN,DOWN,rail,10.8,9.0,0.0,1,2025-08-31 04:43:00,334,COMPLETED,1.0,0.0,0.0,4.0,0.0,0.0,0.0,1,0,0,300.0,0.0119039614986507,1.1903961498650708,83.18002004011097,SEC-004
AST-101,SEC-002,Delhi Main - Delhi Shahdara DOWN,DOWN,turnout,5.65,29.0,0.0,1,2025-11-21 05:10:00,252,COMPLETED,0.25,0.0,0.0,-1.0,0.0,0.0,0.0,1,0,0,300.0,0.0119039614986507,1.1903961498650708,79.54188247226297,SEC-002
AST-102,SEC-004,Delhi Shahdara - Sahibabad DOWN,DOWN,rail,12.62,19.0,0.0,3,2026-06-09 05:22:00,52,COMPLETED,0.0,0.0,0.0,0.0,0.0,0.0,0.0,3,1,2,260.0,0.8009017770736724,80.09017770736723,85.29586925960112,SEC-004
AST-103,SEC-006,Sahibabad - Ghaziabad DOWN,DOWN,sleeper,12.05,92.0,1.0,2,2026-06-16 09:26:00,45,COMPLETED,0.5,0.0,40.0,2.0,1.0,0.0,0.0,2,0,1,270.0,0.921099262131633,92.10992621316328,55.08370339841925,SEC-006
AST-111,SEC-006,Sahibabad - Ghaziabad DOWN,DOWN,sleeper,8.93,9.0,0.0,1,2026-07-20 05:23:00,11,COMPLETED,1.0,0.0,0.0,4.0,0.0,0.0,0.0,1,0,0,300.0,0.0231628457884568,2.3162845788456803,95.77597455953062,SEC-006
AST-112,SEC-002,Delhi Main - Delhi Shahdara DOWN,DOWN,turnout,7.58,9.0,0.0,1,2026-03-11 04:59:00,142,COMPLETED,1.25,0.0,0.0,5.0,0.0,0.0,0.0,1,0,0,300.0,0.0119039614986507,1.1903961498650708,90.410271383176,SEC-002
AST-116,SEC-005,Sahibabad - Ghaziabad UP,UP,track,4.07,10.0,0.0,1,2025-08-19 05:20:00,346,COMPLETED,0.0,0.0,0.0,0.0,0.0,0.0,0.0,1,0,0,300.0,0.0096264284197309,0.9626428419730932,82.42176840393644,SEC-005
AST-119,SEC-004,Delhi Shahdara - Sahibabad DOWN,DOWN,sleeper,7.77,31.0,0.0,1,2026-06-15 04:52:00,46,COMPLETED,0.5,0.0,0.0,2.0,0.0,0.0,0.0,1,0,0,300.0,0.014787204756386,1.478720475638609,86.75059499376756,SEC-004
AST-124,SEC-003,Delhi Shahdara - Sahibabad UP,UP,turnout,8.25,10.0,0.0,1,2025-09-12 04:37:00,322,COMPLETED,0.0,0.0,0.0,0.0,0.0,0.0,0.0,1,0,0,300.0,0.0096264284197309,0.9626428419730932,82.843672712195,SEC-003
AST-125,SEC-003,Delhi Shahdara - Sahibabad UP,UP,sleeper,9.27,32.0,0.0,1,2026-01-08 04:55:00,204,COMPLETED,0.5,0.0,0.0,2.0,0.0,0.0,0.0,1,0,0,300.0,0.0119039614986507,1.1903961498650708,80.48002065623497,SEC-003
AST-126,SEC-003,Delhi Shahdara - Sahibabad UP,UP,track,4.77,28.000000000000004,0.0,1,2026-06-26 04:56:00,35,COMPLETED,1.25,0.0,0.0,5.0,0.0,0.0,0.0,1,0,0,300.0,0.014787204756386,1.478720475638609,89.06917301478819,SEC-003
AST-128,SEC-005,Sahibabad - Ghaziabad UP,UP,track,5.42,21.0,0.0,1,2026-07-11 05:23:00,20,COMPLETED,1.0,0.0,0.0,4.0,0.0,0.0,0.0,1,0,0,300.0,0.0220943690595085,2.209436905950859,91.38501843646416,SEC-005
AST-133,SEC-001,Delhi Main - Delhi Shahdara UP,UP,rail,11.03,16.0,0.0,1,2025-12-01 04:59:00,242,COMPLETED,0.75,0.0,0.0,3.0,0.0,0.0,0.0,1,0,0,300.0,0.0119039614986507,1.1903961498650708,84.53906544472551,SEC-001
AST-134,SEC-006,Sahibabad - Ghaziabad DOWN,DOWN,turnout,5.36,13.0,0.0,1,2026-05-09 05:08:00,83,COMPLETED,0.25,0.0,0.0,1.0,0.0,0.0,0.0,1,0,0,300.0,0.0111590845270025,1.1159084527002596,92.85477743826134,SEC-006
AST-141,SEC-001,Delhi Main - Delhi Shahdara UP,UP,rail,9.05,16.0,1.0,2,2026-02-19 00:30:00,162,COMPLETED,1.25,0.0,20.0,5.0,0.0,1.0,0.0,2,0,1,240.0,0.8223598797432251,82.23598797432251,79.55347424227523,SEC-001
AST-142,SEC-005,Sahibabad - Ghaziabad UP,UP,sleeper,8.25,5.0,1.0,2,2026-07-27 01:01:00,4,COMPLETED,2.5,0.0,0.0,-10.0,0.0,0.0,0.0,2,0,0,180.0,0.1779998032089736,17.79998032089736,97.81997444989275,SEC-005
AST-143,SEC-003,Delhi Shahdara - Sahibabad UP,UP,sleeper,6.38,20.0,0.0,1,2026-01-13 05:25:00,199,COMPLETED,0.75,0.0,0.0,3.0,0.0,0.0,0.0,1,0,0,300.0,0.0119039614986507,1.1903961498650708,84.64510265332534,SEC-003
AST-144,SEC-003,Delhi Shahdara - Sahibabad UP,UP,turnout,10.68,18.0,1.0,2,2026-07-26 09:11:00,5,COMPLETED,3.5,0.0,40.0,14.0,1.0,0.0,0.0,2,0,1,270.0,0.9444178812186936,94.44178812186938,81.52778471104672,SEC-003
AST-146,SEC-004,Delhi Shahdara - Sahibabad DOWN,DOWN,sleeper,6.69,25.0,0.0,1,2025-12-18 04:43:00,225,COMPLETED,0.0,0.0,0.0,0.0,0.0,0.0,0.0,1,0,0,300.0,0.0096264284197309,0.9626428419730932,81.76741373181686,SEC-004
AST-148,SEC-006,Sahibabad - Ghaziabad DOWN,DOWN,sleeper,11.44,35.0,0.0,2,2025-11-25 02:04:00,248,COMPLETED,1.0,0.0,0.0,4.0,0.0,0.0,0.0,2,0,0,210.0,0.0119039614986507,1.1903961498650708,78.42284915899273,SEC-006
AST-151,SEC-002,Delhi Main - Delhi Shahdara DOWN,DOWN,turnout,6.16,50.0,0.0,1,2025-09-05 04:54:00,329,COMPLETED,0.75,0.0,0.0,3.0,0.0,0.0,0.0,1,0,0,300.0,0.0119039614986507,1.1903961498650708,69.3010433809195,SEC-002
AST-152,SEC-002,Delhi Main - Delhi Shahdara DOWN,DOWN,rail,9.43,27.0,0.0,1,2026-03-22 05:10:00,131,COMPLETED,0.75,0.0,0.0,3.0,0.0,0.0,0.0,1,0,0,300.0,0.0119039614986507,1.1903961498650708,84.08130255743983,SEC-002
AST-153,SEC-001,Delhi Main - Delhi Shahdara UP,UP,turnout,7.32,10.0,0.0,1,2025-09-24 04:49:00,310,COMPLETED,1.25,0.0,0.0,5.0,0.0,0.0,0.0,1,0,0,300.0,0.0119039614986507,1.1903961498650708,83.79303841397723,SEC-001
AST-154,SEC-003,Delhi Shahdara - Sahibabad UP,UP,rail,9.99,14.000000000000002,1.0,2,2026-05-22 05:23:00,70,COMPLETED,0.75,0.0,40.0,3.0,1.0,0.0,0.0,2,0,1,270.0,0.8126082077326862,81.26082077326862,82.89002967429282,SEC-003
AST-155,SEC-001,Delhi Main - Delhi Shahdara UP,UP,track,11.82,13.0,0.0,1,2025-12-31 04:38:00,212,COMPLETED,1.0,0.0,0.0,4.0,0.0,0.0,0.0,1,0,0,300.0,0.0119039614986507,1.1903961498650708,87.81979460623482,SEC-001
AST-160,SEC-001,Delhi Main - Delhi Shahdara UP,UP,turnout,5.33,11.0,1.0,2,2026-05-13 05:15:00,79,COMPLETED,0.25,0.0,20.0,1.0,0.0,1.0,0.0,2,0,0,210.0,0.4979318247512637,49.79318247512637,89.90030095635858,SEC-001
AST-162,SEC-004,Delhi Shahdara - Sahibabad DOWN,DOWN,sleeper,7.33,38.0,0.0,1,2025-12-05 05:08:00,238,COMPLETED,0.25,0.0,0.0,1.0,0.0,0.0,0.0,1,0,0,300.0,0.0119039614986507,1.1903961498650708,77.26375420572708,SEC-004
AST-166,SEC-004,Delhi Shahdara - Sahibabad DOWN,DOWN,sleeper,9.27,39.0,1.0,2,2026-04-09 03:01:00,113,COMPLETED,0.75,0.0,20.0,3.0,0.0,1.0,0.0,2,0,0,210.0,0.5142706582162669,51.42706582162669,75.02618926646964,SEC-004
AST-167,SEC-003,Delhi Shahdara - Sahibabad UP,UP,rail,11.88,2.0,2.0,4,2026-07-22 05:05:00,9,COMPLETED,1.0,0.0,40.0,4.0,0.0,2.0,0.0,4,0,1,180.0,0.9726710693915548,97.26710693915548,86.7448676603295,SEC-003
AST-175,SEC-001,Delhi Main - Delhi Shahdara UP,UP,turnout,11.56,29.0,0.0,1,2026-03-25 05:14:00,128,COMPLETED,0.0,0.0,0.0,0.0,0.0,0.0,0.0,1,0,0,300.0,0.0096264284197309,0.9626428419730932,84.3917420400125,SEC-001
AST-178,SEC-003,Delhi Shahdara - Sahibabad UP,UP,sleeper,10.56,30.0,0.0,1,2025-12-14 05:16:00,229,COMPLETED,0.0,0.0,0.0,0.0,0.0,0.0,0.0,1,0,0,300.0,0.0096264284197309,0.9626428419730932,80.24614026469011,SEC-003
AST-180,SEC-002,Delhi Main - Delhi Shahdara DOWN,DOWN,track,11.78,6.0,0.0,1,2026-03-10 05:00:00,143,COMPLETED,0.25,0.0,0.0,-1.0,0.0,0.0,0.0,1,0,0,300.0,0.0119039614986507,1.1903961498650708,91.39038539873494,SEC-002
AST-182,SEC-001,Delhi Main - Delhi Shahdara UP,UP,turnout,8.53,35.0,0.0,1,2026-06-23 04:49:00,38,COMPLETED,0.0,0.0,0.0,0.0,0.0,0.0,0.0,1,0,0,300.0,0.0108846955363328,1.0884695536332851,86.66109767780631,SEC-001
AST-186,SEC-003,Delhi Shahdara - Sahibabad UP,UP,rail,11.83,10.0,0.0,1,2026-02-05 05:35:00,176,COMPLETED,0.5,0.0,0.0,2.0,0.0,0.0,0.0,1,0,0,300.0,0.0119039614986507,1.1903961498650708,89.17817691867137,SEC-003
AST-189,SEC-004,Delhi Shahdara - Sahibabad DOWN,DOWN,track,11.26,14.000000000000002,0.0,3,2026-04-24 05:20:00,98,COMPLETED,0.0,0.0,0.0,0.0,0.0,0.0,0.0,3,1,2,260.0,0.7803699010433957,78.03699010433957,84.94735183703219,SEC-004
AST-191,SEC-004,Delhi Shahdara - Sahibabad DOWN,DOWN,sleeper,10.18,34.0,0.0,1,2026-02-15 05:17:00,166,COMPLETED,1.0,0.0,0.0,4.0,0.0,0.0,0.0,1,0,0,300.0,0.0119039614986507,1.1903961498650708,81.74260378747667,SEC-004
AST-192,SEC-005,Sahibabad - Ghaziabad UP,UP,rail,5.53,35.0,0.0,1,2025-12-20 04:46:00,223,COMPLETED,1.25,0.0,0.0,5.0,0.0,0.0,0.0,1,0,0,300.0,0.0119039614986507,1.1903961498650708,79.95335432344437,SEC-005
AST-196,SEC-004,Delhi Shahdara - Sahibabad DOWN,DOWN,sleeper,6.11,36.0,0.0,1,2025-12-21 05:14:00,222,COMPLETED,0.25,0.0,0.0,1.0,0.0,0.0,0.0,1,0,0,300.0,0.0119039614986507,1.1903961498650708,78.7955088886856,SEC-004
AST-199,SEC-004,Delhi Shahdara - Sahibabad DOWN,DOWN,rail,5.42,36.0,0.0,1,2026-07-18 04:58:00,13,COMPLETED,0.25,0.0,0.0,1.0,0.0,0.0,0.0,1,0,0,300.0,0.0231628457884568,2.3162845788456803,86.1486258832928,SEC-004
AST-201,SEC-001,Delhi Main - Delhi Shahdara UP,UP,sleeper,8.6,37.0,0.0,1,2026-05-23 05:15:00,69,COMPLETED,0.0,0.0,0.0,0.0,0.0,0.0,0.0,1,0,0,300.0,0.0090227641509109,0.9022764150910908,84.69235839941756,SEC-001
AST-203,SEC-006,Sahibabad - Ghaziabad DOWN,DOWN,sleeper,7.68,6.0,0.0,1,2025-08-26 04:40:00,339,COMPLETED,0.5,0.0,0.0,2.0,0.0,0.0,0.0,1,0,0,300.0,0.0119039614986507,1.1903961498650708,84.4449604928208,SEC-006
AST-206,SEC-002,Delhi Main - Delhi Shahdara DOWN,DOWN,turnout,8.87,10.0,0.0,2,2026-03-31 05:11:00,122,COMPLETED,0.5,0.0,0.0,-2.0,0.0,0.0,0.0,2,0,0,180.0,0.0098187641291098,0.9818764129109814,91.23094803916187,SEC-002
AST-209,SEC-003,Delhi Shahdara - Sahibabad UP,UP,turnout,6.74,4.0,0.0,1,2025-12-23 04:19:00,220,COMPLETED,0.25,0.0,0.0,-1.0,0.0,0.0,0.0,1,0,0,300.0,0.0119039614986507,1.1903961498650708,89.80880281383291,SEC-003
AST-211,SEC-005,Sahibabad - Ghaziabad UP,UP,sleeper,9.58,20.0,0.0,1,2025-10-19 05:16:00,285,COMPLETED,0.25,0.0,0.0,-1.0,0.0,0.0,0.0,1,0,0,300.0,0.0119039614986507,1.1903961498650708,80.68347155937812,SEC-005
AST-215,SEC-006,Sahibabad - Ghaziabad DOWN,DOWN,sleeper,7.39,7.000000000000001,0.0,1,2026-01-05 04:54:00,207,COMPLETED,0.75,0.0,0.0,3.0,0.0,0.0,0.0,1,0,0,300.0,0.0119039614986507,1.1903961498650708,89.40139662142491,SEC-006
AST-216,SEC-004,Delhi Shahdara - Sahibabad DOWN,DOWN,sleeper,8.28,8.0,0.0,1,2026-05-10 05:13:00,82,COMPLETED,0.0,0.0,0.0,0.0,0.0,0.0,0.0,1,0,0,300.0,0.0090227641509109,0.9022764150910908,94.96248096153172,SEC-004
AST-218,SEC-003,Delhi Shahdara - Sahibabad UP,UP,sleeper,11.69,14.000000000000002,0.0,2,2025-12-06 01:53:00,237,COMPLETED,0.75,0.0,0.0,3.0,0.0,0.0,0.0,2,0,0,180.0,0.0098187641291098,0.9818764129109814,84.87044544299303,SEC-003
AST-225,SEC-005,Sahibabad - Ghaziabad UP,UP,rail,8.1,17.0,0.0,1,2026-03-05 04:57:00,148,COMPLETED,1.0,0.0,0.0,4.0,0.0,0.0,0.0,1,0,0,300.0,0.0119039614986507,1.1903961498650708,88.11958335162636,SEC-005
AST-230,SEC-001,Delhi Main - Delhi Shahdara UP,UP,sleeper,5.39,5.0,0.0,2,2026-01-02 01:57:00,210,COMPLETED,0.5,0.0,0.0,2.0,0.0,0.0,0.0,2,0,0,210.0,0.0119039614986507,1.1903961498650708,89.58639626134834,SEC-001
AST-235,SEC-001,Delhi Main - Delhi Shahdara UP,UP,track,9.52,16.0,0.0,2,2026-02-20 05:21:00,161,COMPLETED,1.25,0.0,0.0,5.0,0.0,0.0,0.0,2,0,1,270.0,0.0500404183172485,5.004041831724859,85.40649113828674,SEC-001
AST-236,SEC-005,Sahibabad - Ghaziabad UP,UP,rail,9.09,21.0,0.0,2,2026-03-05 05:30:00,148,COMPLETED,0.25,0.0,0.0,1.0,0.0,0.0,0.0,2,0,0,210.0,0.0119039614986507,1.1903961498650708,86.0968355323881,SEC-005
AST-237,SEC-005,Sahibabad - Ghaziabad UP,UP,sleeper,5.73,11.0,0.0,1,2025-11-02 05:14:00,271,COMPLETED,0.25,0.0,0.0,-1.0,0.0,0.0,0.0,1,0,0,300.0,0.0119039614986507,1.1903961498650708,85.0224366652566,SEC-005
AST-241,SEC-001,Delhi Main - Delhi Shahdara UP,UP,turnout,6.13,22.0,0.0,1,2026-01-24 05:18:00,188,COMPLETED,0.25,0.0,0.0,1.0,0.0,0.0,0.0,1,0,0,300.0,0.0119039614986507,1.1903961498650708,84.49023706821805,SEC-001
AST-244,SEC-005,Sahibabad - Ghaziabad UP,UP,rail,12.58,13.0,0.0,1,2025-11-07 05:16:00,266,COMPLETED,0.5,0.0,0.0,-2.0,0.0,0.0,0.0,1,0,0,300.0,0.0100922045466129,1.0092204546612975,84.52599929116812,SEC-005
AST-246,SEC-005,Sahibabad - Ghaziabad UP,UP,rail,5.62,40.0,0.0,3,2026-02-06 04:36:00,175,COMPLETED,0.75,0.0,0.0,3.0,0.0,0.0,0.0,3,0,1,200.0,0.1198968052036538,11.989680520365388,77.21250275963462,SEC-005
AST-250,SEC-005,Sahibabad - Ghaziabad UP,UP,sleeper,4.71,7.000000000000001,0.0,1,2026-07-01 04:29:00,30,COMPLETED,0.25,0.0,0.0,1.0,0.0,0.0,0.0,1,0,0,300.0,0.0172697049761966,1.7269704976196687,95.65348528450076,SEC-005
AST-258,SEC-001,Delhi Main - Delhi Shahdara UP,UP,sleeper,5.28,15.0,0.0,1,2025-12-17 04:30:00,226,COMPLETED,0.75,0.0,0.0,3.0,0.0,0.0,0.0,1,0,0,300.0,0.0119039614986507,1.1903961498650708,84.8289051512832,SEC-001
AST-261,SEC-003,Delhi Shahdara - Sahibabad UP,UP,track,11.46,21.0,0.0,2,2025-10-07 04:51:00,297,COMPLETED,0.75,0.0,0.0,3.0,0.0,0.0,0.0,2,0,0,180.0,0.0098187641291098,0.9818764129109814,80.41023342541989,SEC-003
AST-262,SEC-006,Sahibabad - Ghaziabad DOWN,DOWN,rail,4.75,22.0,0.0,1,2026-01-19 04:39:00,193,COMPLETED,0.0,0.0,0.0,0.0,0.0,0.0,0.0,1,0,0,300.0,0.0096264284197309,0.9626428419730932,84.5624301675869,SEC-006
AST-263,SEC-001,Delhi Main - Delhi Shahdara UP,UP,track,12.35,24.0,0.0,1,2025-11-01 05:00:00,272,COMPLETED,0.25,0.0,0.0,1.0,0.0,0.0,0.0,1,0,0,300.0,0.0119039614986507,1.1903961498650708,80.8663709453063,SEC-001
AST-268,SEC-002,Delhi Main - Delhi Shahdara DOWN,DOWN,sleeper,7.93,3.0,0.0,1,2026-07-09 05:29:00,22,COMPLETED,0.25,0.0,0.0,1.0,0.0,0.0,0.0,1,0,0,300.0,0.0172697049761966,1.7269704976196687,96.34515972379585,SEC-002
AST-270,SEC-005,Sahibabad - Ghaziabad UP,UP,sleeper,10.97,23.0,0.0,2,2026-02-02 04:48:00,179,COMPLETED,0.5,0.0,0.0,2.0,0.0,0.0,0.0,2,0,1,270.0,0.0500404183172485,5.004041831724859,82.68301792545645,SEC-005
AST-277,SEC-001,Delhi Main - Delhi Shahdara UP,UP,track,12.46,4.0,1.0,3,2026-05-15 00:48:00,77,COMPLETED,0.0,0.0,0.0,0.0,0.0,0.0,0.0,3,0,0,160.0,0.6729170432324909,67.29170432324909,93.64665703054224,SEC-001
AST-282,SEC-001,Delhi Main - Delhi Shahdara UP,UP,track,6.37,9.0,0.0,1,2025-10-08 05:37:00,296,COMPLETED,0.75,0.0,0.0,3.0,0.0,0.0,0.0,1,0,0,300.0,0.0119039614986507,1.1903961498650708,84.51617357233117,SEC-001
AST-284,SEC-002,Delhi Main - Delhi Shahdara DOWN,DOWN,sleeper,9.97,26.0,0.0,1,2025-11-21 04:49:00,252,COMPLETED,0.75,0.0,0.0,3.0,0.0,0.0,0.0,1,0,0,300.0,0.0119039614986507,1.1903961498650708,80.02268675319733,SEC-002
AST-286,SEC-004,Delhi Shahdara - Sahibabad DOWN,DOWN,track,4.87,12.0,0.0,1,2025-10-07 04:53:00,297,COMPLETED,1.0,0.0,0.0,4.0,0.0,0.0,0.0,1,0,0,300.0,0.0119039614986507,1.1903961498650708,83.69249398828072,SEC-004
AST-289,SEC-006,Sahibabad - Ghaziabad DOWN,DOWN,sleeper,4.99,16.0,0.0,1,2025-09-28 05:08:00,306,COMPLETED,0.0,0.0,0.0,0.0,0.0,0.0,0.0,1,0,0,300.0,0.0096264284197309,0.9626428419730932,82.17723163631085,SEC-006
AST-292,SEC-001,Delhi Main - Delhi Shahdara UP,UP,rail,5.28,25.0,0.0,1,2026-01-26 04:45:00,186,COMPLETED,1.0,0.0,0.0,4.0,0.0,0.0,0.0,1,0,0,300.0,0.0119039614986507,1.1903961498650708,83.99539505292202,SEC-001
AST-295,SEC-006,Sahibabad - Ghaziabad DOWN,DOWN,rail,12.67,13.0,0.0,2,2026-05-24 04:59:00,68,COMPLETED,0.75,0.0,0.0,3.0,0.0,0.0,0.0,2,0,0,210.0,0.009459610880688,0.9459610880688044,92.9639298410764,SEC-006
AST-298,SEC-002,Delhi Main - Delhi Shahdara DOWN,DOWN,turnout,9.26,43.0,0.0,2,2026-06-27 04:48:00,34,COMPLETED,0.5,0.0,0.0,2.0,0.0,0.0,0.0,2,0,1,270.0,0.0615849317213512,6.158493172135129,81.95922633145098,SEC-002
AST-301,SEC-001,Delhi Main - Delhi Shahdara UP,UP,turnout,5.01,26.0,0.0,1,2025-08-31 05:18:00,334,COMPLETED,0.25,0.0,0.0,1.0,0.0,0.0,0.0,1,0,0,300.0,0.0119039614986507,1.1903961498650708,77.18208089946458,SEC-001
AST-307,SEC-004,Delhi Shahdara - Sahibabad DOWN,DOWN,sleeper,10.84,13.0,0.0,1,2025-10-14 05:22:00,290,COMPLETED,0.25,0.0,0.0,1.0,0.0,0.0,0.0,1,0,0,300.0,0.0119039614986507,1.1903961498650708,83.57108466663439,SEC-004
AST-308,SEC-003,Delhi Shahdara - Sahibabad UP,UP,turnout,12.68,19.0,0.0,1,2026-06-08 05:41:00,53,COMPLETED,0.5,0.0,0.0,2.0,0.0,0.0,0.0,1,0,0,300.0,0.0125421945890639,1.2542194589063915,91.00990508070268,SEC-003
AST-309,SEC-006,Sahibabad - Ghaziabad DOWN,DOWN,track,4.74,36.0,0.0,1,2026-07-30 05:17:00,1,COMPLETED,0.0,0.0,0.0,0.0,0.0,0.0,0.0,1,0,0,300.0,0.0156137753110462,1.56137753110462,87.34956664074468,SEC-006
AST-310,SEC-003,Delhi Shahdara - Sahibabad UP,UP,sleeper,11.36,22.0,0.0,2,2026-07-03 04:38:00,28,COMPLETED,0.0,0.0,0.0,0.0,0.0,0.0,0.0,2,0,0,180.0,0.0104937859320556,1.04937859320556,91.2865179184046,SEC-003
AST-314,SEC-006,Sahibabad - Ghaziabad DOWN,DOWN,sleeper,5.43,6.0,0.0,1,2025-10-24 05:19:00,280,COMPLETED,0.0,0.0,0.0,0.0,0.0,0.0,0.0,1,0,0,300.0,0.0096264284197309,0.9626428419730932,86.48091377231019,SEC-006
AST-317,SEC-002,Delhi Main - Delhi Shahdara DOWN,DOWN,sleeper,5.54,42.0,0.0,1,2025-12-16 04:42:00,227,COMPLETED,0.75,0.0,0.0,3.0,0.0,0.0,0.0,1,0,0,300.0,0.0119039614986507,1.1903961498650708,76.54887731975177,SEC-002
AST-318,SEC-001,Delhi Main - Delhi Shahdara UP,UP,turnout,10.05,11.0,0.0,1,2026-07-08 04:49:00,23,COMPLETED,0.0,0.0,0.0,0.0,0.0,0.0,0.0,1,0,0,300.0,0.012720495139917,1.2720495139917027,94.60956682227037,SEC-001
AST-323,SEC-005,Sahibabad - Ghaziabad UP,UP,sleeper,12.39,7.000000000000001,0.0,1,2026-03-14 05:07:00,139,COMPLETED,0.0,0.0,0.0,0.0,0.0,0.0,0.0,1,0,0,300.0,0.0096264284197309,0.9626428419730932,91.44051803366384,SEC-005
AST-330,SEC-003,Delhi Shahdara - Sahibabad UP,UP,rail,9.75,4.0,0.0,1,2026-07-02 05:03:00,29,COMPLETED,0.5,0.0,0.0,2.0,0.0,0.0,0.0,1,0,0,300.0,0.0172697049761966,1.7269704976196687,95.73091920272256,SEC-003
AST-331,SEC-001,Delhi Main - Delhi Shahdara UP,UP,sleeper,6.49,51.0,0.0,1,2026-01-30 04:54:00,182,COMPLETED,0.75,0.0,0.0,3.0,0.0,0.0,0.0,1,0,0,300.0,0.0119039614986507,1.1903961498650708,74.87008768322477,SEC-001
AST-334,SEC-001,Delhi Main - Delhi Shahdara UP,UP,turnout,11.29,31.0,0.0,3,2026-06-17 04:58:00,44,COMPLETED,0.75,0.0,0.0,3.0,0.0,0.0,0.0,3,1,0,180.0,0.0960145913012911,9.601459130129118,85.99124380032384,SEC-001
AST-335,SEC-002,Delhi Main - Delhi Shahdara DOWN,DOWN,rail,9.3,16.0,0.0,1,2025-08-20 04:43:00,345,COMPLETED,0.0,0.0,0.0,0.0,0.0,0.0,0.0,1,0,0,300.0,0.0096264284197309,0.9626428419730932,80.81941896787296,SEC-002
AST-337,SEC-001,Delhi Main - Delhi Shahdara UP,UP,track,5.68,33.0,0.0,1,2026-07-03 04:36:00,28,COMPLETED,0.25,0.0,0.0,1.0,0.0,0.0,0.0,1,0,0,300.0,0.0172697049761966,1.7269704976196687,87.2225581739621,SEC-001
AST-339,SEC-001,Delhi Main - Delhi Shahdara UP,UP,turnout,8.71,28.000000000000004,1.0,3,2026-03-16 02:29:00,137,COMPLETED,0.25,0.0,20.0,1.0,0.0,1.0,0.0,3,1,0,180.0,0.8585249960203687,85.85249960203687,78.52709799871721,SEC-001
AST-343,SEC-002,Delhi Main - Delhi Shahdara DOWN,DOWN,sleeper,4.96,5.0,0.0,1,2026-02-01 05:32:00,180,COMPLETED,0.5,0.0,0.0,2.0,0.0,0.0,0.0,1,0,0,300.0,0.0119039614986507,1.1903961498650708,90.59974904314468,SEC-002
AST-346,SEC-003,Delhi Shahdara - Sahibabad UP,UP,sleeper,4.18,3.0,0.0,1,2025-09-26 04:27:00,308,COMPLETED,0.5,0.0,0.0,2.0,0.0,0.0,0.0,1,0,0,300.0,0.0119039614986507,1.1903961498650708,86.3699993792749,SEC-003
AST-347,SEC-003,Delhi Shahdara - Sahibabad UP,UP,track,11.37,12.0,0.0,1,2026-06-22 04:42:00,39,COMPLETED,0.25,0.0,0.0,1.0,0.0,0.0,0.0,1,0,0,300.0,0.014787204756386,1.478720475638609,94.07881152557552,SEC-003
AST-349,SEC-006,Sahibabad - Ghaziabad DOWN,DOWN,turnout,12.74,7.000000000000001,0.0,1,2025-09-09 05:40:00,325,COMPLETED,0.0,0.0,0.0,0.0,0.0,0.0,0.0,1,0,0,300.0,0.0081584449529113,0.815844495291137,84.33707715260134,SEC-006
AST-351,SEC-001,Delhi Main - Delhi Shahdara UP,UP,sleeper,4.49,9.0,0.0,1,2026-05-30 04:49:00,62,COMPLETED,0.75,0.0,0.0,3.0,0.0,0.0,0.0,1,0,0,300.0,0.0111590845270025,1.1159084527002596,94.33601370450953,SEC-001
AST-353,SEC-003,Delhi Shahdara - Sahibabad UP,UP,sleeper,11.25,24.0,0.0,1,2026-01-25 05:11:00,187,COMPLETED,0.0,0.0,0.0,0.0,0.0,0.0,0.0,1,0,0,300.0,0.0096264284197309,0.9626428419730932,84.0497014629162,SEC-003
AST-354,SEC-001,Delhi Main - Delhi Shahdara UP,UP,turnout,7.72,22.0,0.0,2,2026-06-16 05:26:00,45,COMPLETED,0.0,0.0,0.0,0.0,0.0,0.0,0.0,2,0,0,180.0,0.0089764193238922,0.8976419323892284,90.42583840552916,SEC-001
AST-355,SEC-004,Delhi Shahdara - Sahibabad DOWN,DOWN,turnout,12.33,13.0,0.0,1,2026-01-11 05:10:00,201,COMPLETED,0.0,0.0,0.0,0.0,0.0,0.0,0.0,1,0,0,300.0,0.0096264284197309,0.9626428419730932,87.94895231364976,SEC-004
AST-360,SEC-005,Sahibabad - Ghaziabad UP,UP,sleeper,5.87,14.000000000000002,0.0,1,2025-09-28 04:28:00,306,COMPLETED,0.5,0.0,0.0,2.0,0.0,0.0,0.0,1,0,0,300.0,0.0119039614986507,1.1903961498650708,82.48183690076299,SEC-005
AST-367,SEC-006,Sahibabad - Ghaziabad DOWN,DOWN,rail,8.16,6.0,1.0,2,2026-04-25 01:23:00,97,COMPLETED,0.75,0.0,0.0,3.0,0.0,0.0,0.0,2,0,0,180.0,0.3980145857296085,39.80145857296085,91.51525143879444,SEC-006
AST-368,SEC-005,Sahibabad - Ghaziabad UP,UP,track,8.11,24.0,0.0,2,2026-05-09 05:37:00,83,COMPLETED,1.0,0.0,0.0,4.0,0.0,0.0,0.0,2,0,1,240.0,0.0470227599829209,4.702275998292094,86.33344741102175,SEC-005
AST-369,SEC-002,Delhi Main - Delhi Shahdara DOWN,DOWN,turnout,4.29,9.0,0.0,1,2025-12-06 04:38:00,237,COMPLETED,0.0,0.0,0.0,0.0,0.0,0.0,0.0,1,0,0,300.0,0.0096264284197309,0.9626428419730932,86.51230245264341,SEC-002
AST-371,SEC-006,Sahibabad - Ghaziabad DOWN,DOWN,turnout,10.86,23.0,0.0,1,2026-01-21 05:16:00,191,COMPLETED,0.25,0.0,0.0,1.0,0.0,0.0,0.0,1,0,0,300.0,0.0119039614986507,1.1903961498650708,84.03210376575342,SEC-006
AST-372,SEC-002,Delhi Main - Delhi Shahdara DOWN,DOWN,sleeper,4.83,16.0,1.0,3,2026-04-28 01:17:00,94,COMPLETED,0.0,0.0,0.0,0.0,0.0,0.0,0.0,3,0,1,180.0,0.7952825359318549,79.5282535931855,85.19537632223403,SEC-002
AST-376,SEC-005,Sahibabad - Ghaziabad UP,UP,turnout,6.25,32.0,0.0,1,2025-09-05 05:30:00,329,COMPLETED,0.25,0.0,0.0,1.0,0.0,0.0,0.0,1,0,0,300.0,0.0119039614986507,1.1903961498650708,75.4063777291939,SEC-005
AST-379,SEC-006,Sahibabad - Ghaziabad DOWN,DOWN,sleeper,9.89,6.0,0.0,1,2026-01-23 04:52:00,189,COMPLETED,0.25,0.0,0.0,1.0,0.0,0.0,0.0,1,0,0,300.0,0.0119039614986507,1.1903961498650708,89.94887993372016,SEC-006
AST-382,SEC-002,Delhi Main - Delhi Shahdara DOWN,DOWN,rail,4.62,42.0,0.0,1,2026-03-16 04:59:00,137,COMPLETED,0.0,0.0,0.0,0.0,0.0,0.0,0.0,1,0,0,300.0,0.0096264284197309,0.9626428419730932,79.89795029335255,SEC-002
AST-384,SEC-003,Delhi Shahdara - Sahibabad UP,UP,rail,9.82,32.0,0.0,1,2026-01-29 05:10:00,183,COMPLETED,0.25,0.0,0.0,1.0,0.0,0.0,0.0,1,0,0,300.0,0.0119039614986507,1.1903961498650708,81.40649726618817,SEC-003
AST-388,SEC-005,Sahibabad - Ghaziabad UP,UP,turnout,4.32,10.0,0.0,1,2025-10-21 05:18:00,283,COMPLETED,0.25,0.0,0.0,1.0,0.0,0.0,0.0,1,0,0,300.0,0.0119039614986507,1.1903961498650708,85.01534734525715,SEC-005
AST-389,SEC-006,Sahibabad - Ghaziabad DOWN,DOWN,turnout,10.41,23.0,0.0,1,2026-01-17 05:28:00,195,COMPLETED,0.0,0.0,0.0,0.0,0.0,0.0,0.0,1,0,0,300.0,0.0096264284197309,0.9626428419730932,83.98429785436402,SEC-006
AST-391,SEC-004,Delhi Shahdara - Sahibabad DOWN,DOWN,turnout,11.68,25.0,0.0,2,2026-02-23 05:04:00,158,COMPLETED,0.0,0.0,0.0,0.0,0.0,0.0,0.0,2,0,1,270.0,0.0407674456809546,4.076744568095465,83.34569908660112,SEC-004
AST-394,SEC-006,Sahibabad - Ghaziabad DOWN,DOWN,turnout,7.87,8.0,0.0,1,2026-01-06 05:13:00,206,COMPLETED,0.25,0.0,0.0,1.0,0.0,0.0,0.0,1,0,0,300.0,0.0119039614986507,1.1903961498650708,89.37799843286555,SEC-006
AST-396,SEC-001,Delhi Main - Delhi Shahdara UP,UP,sleeper,6.78,17.0,0.0,3,2026-01-11 05:09:00,201,COMPLETED,0.75,0.0,0.0,3.0,0.0,0.0,0.0,3,1,0,180.0,0.5963322602443397,59.63322602443397,85.51493730207214,SEC-001
AST-397,SEC-003,Delhi Shahdara - Sahibabad UP,UP,track,10.9,25.0,0.0,1,2026-07-14 05:32:00,17,COMPLETED,0.75,0.0,0.0,3.0,0.0,0.0,0.0,1,0,0,300.0,0.0231628457884568,2.3162845788456803,90.8506402582384,SEC-003
AST-399,SEC-004,Delhi Shahdara - Sahibabad DOWN,DOWN,rail,9.23,17.0,0.0,1,2026-03-23 05:41:00,130,COMPLETED,0.25,0.0,0.0,1.0,0.0,0.0,0.0,1,0,0,300.0,0.0119039614986507,1.1903961498650708,88.707875336975,SEC-004
AST-402,SEC-005,Sahibabad - Ghaziabad UP,UP,sleeper,11.33,29.0,0.0,1,2026-02-10 04:48:00,171,COMPLETED,0.0,0.0,0.0,0.0,0.0,0.0,0.0,1,0,0,300.0,0.0096264284197309,0.9626428419730932,82.6895228473004,SEC-005
AST-405,SEC-001,Delhi Main - Delhi Shahdara UP,UP,sleeper,6.18,5.0,0.0,1,2025-09-05 05:32:00,329,COMPLETED,0.0,0.0,0.0,0.0,0.0,0.0,0.0,1,0,0,300.0,0.0096264284197309,0.9626428419730932,84.65108970439347,SEC-001
AST-406,SEC-001,Delhi Main - Delhi Shahdara UP,UP,turnout,9.05,3.0,0.0,1,2025-11-09 04:41:00,264,COMPLETED,0.75,0.0,0.0,3.0,0.0,0.0,0.0,1,0,0,300.0,0.0119039614986507,1.1903961498650708,87.43053090872401,SEC-001
AST-408,SEC-004,Delhi Shahdara - Sahibabad DOWN,DOWN,track,7.8,12.0,0.0,1,2025-12-31 04:56:00,212,COMPLETED,0.0,0.0,0.0,0.0,0.0,0.0,0.0,1,0,0,300.0,0.0096264284197309,0.9626428419730932,88.03354038173678,SEC-004
AST-411,SEC-005,Sahibabad - Ghaziabad UP,UP,sleeper,10.8,37.0,0.0,1,2026-07-26 05:12:00,5,COMPLETED,0.0,0.0,0.0,0.0,0.0,0.0,0.0,1,0,0,300.0,0.0170882501772338,1.708825017723389,86.79460323175593,SEC-005
AST-413,SEC-005,Sahibabad - Ghaziabad UP,UP,turnout,9.71,32.0,0.0,1,2026-06-14 04:36:00,47,COMPLETED,0.5,0.0,0.0,-2.0,0.0,0.0,0.0,1,0,0,300.0,0.0134558794817913,1.345587948179131,86.64531717398708,SEC-005
AST-415,SEC-004,Delhi Shahdara - Sahibabad DOWN,DOWN,track,12.93,57.99999999999999,0.0,1,2025-10-19 05:23:00,285,COMPLETED,0.5,0.0,0.0,2.0,0.0,0.0,0.0,1,0,0,300.0,0.0100922045466129,1.0092204546612975,68.46190204152332,SEC-004
AST-420,SEC-002,Delhi Main - Delhi Shahdara DOWN,DOWN,track,7.52,17.0,0.0,1,2026-03-15 05:08:00,138,COMPLETED,0.25,0.0,0.0,1.0,0.0,0.0,0.0,1,0,0,300.0,0.0119039614986507,1.1903961498650708,88.08094538707921,SEC-002
AST-423,SEC-005,Sahibabad - Ghaziabad UP,UP,rail,11.43,29.0,0.0,1,2026-05-28 04:53:00,64,COMPLETED,0.5,0.0,0.0,-2.0,0.0,0.0,0.0,1,0,0,300.0,0.0111590845270025,1.1159084527002596,87.92420074227749,SEC-005
AST-428,SEC-003,Delhi Shahdara - Sahibabad UP,UP,turnout,11.74,28.000000000000004,1.0,2,2026-05-14 01:42:00,78,COMPLETED,0.0,0.0,0.0,0.0,0.0,0.0,0.0,2,0,0,180.0,0.3478720942014884,34.78720942014884,84.63600954595826,SEC-003
AST-431,SEC-003,Delhi Shahdara - Sahibabad UP,UP,sleeper,5.64,5.0,0.0,1,2025-08-31 05:04:00,334,COMPLETED,0.0,0.0,0.0,0.0,0.0,0.0,0.0,1,0,0,300.0,0.0096264284197309,0.9626428419730932,84.6032262494541,SEC-003
AST-432,SEC-006,Sahibabad - Ghaziabad DOWN,DOWN,turnout,8.96,86.0,1.0,2,2026-07-19 05:51:00,12,COMPLETED,0.5,0.0,40.0,2.0,1.0,0.0,0.0,2,0,1,270.0,0.9648564708272924,96.48564708272926,56.94471881362765,SEC-006
AST-434,SEC-002,Delhi Main - Delhi Shahdara DOWN,DOWN,turnout,12.31,19.0,0.0,1,2025-10-07 05:10:00,297,COMPLETED,0.0,0.0,0.0,0.0,0.0,0.0,0.0,1,0,0,300.0,0.0096264284197309,0.9626428419730932,80.89340839975628,SEC-002
AST-436,SEC-001,Delhi Main - Delhi Shahdara UP,UP,rail,7.7,35.0,0.0,1,2026-05-14 04:58:00,78,COMPLETED,1.0,0.0,0.0,4.0,0.0,0.0,0.0,1,0,0,300.0,0.0111590845270025,1.1159084527002596,85.45109285416142,SEC-001
AST-440,SEC-006,Sahibabad - Ghaziabad DOWN,DOWN,track,10.0,13.0,0.0,3,2026-01-08 04:28:00,204,COMPLETED,0.0,0.0,0.0,0.0,0.0,0.0,0.0,3,1,0,180.0,0.3871832407765965,38.71832407765965,86.54612554277733,SEC-006
AST-444,SEC-003,Delhi Shahdara - Sahibabad UP,UP,track,11.19,12.0,0.0,1,2026-07-08 04:48:00,23,COMPLETED,0.25,0.0,0.0,-1.0,0.0,0.0,0.0,1,0,0,300.0,0.0157184405086508,1.5718440508650864,94.33770402286108,SEC-003
AST-446,SEC-003,Delhi Shahdara - Sahibabad UP,UP,track,9.14,13.0,0.0,1,2026-02-15 04:58:00,166,COMPLETED,0.75,0.0,0.0,3.0,0.0,0.0,0.0,1,0,0,300.0,0.0119039614986507,1.1903961498650708,88.87432897382554,SEC-003
AST-448,SEC-002,Delhi Main - Delhi Shahdara DOWN,DOWN,rail,11.16,40.0,0.0,1,2026-05-14 04:58:00,78,COMPLETED,0.0,0.0,0.0,0.0,0.0,0.0,0.0,1,0,0,300.0,0.0090227641509109,0.9022764150910908,81.98913263678479,SEC-002
AST-451,SEC-001,Delhi Main - Delhi Shahdara UP,UP,rail,6.64,5.0,0.0,1,2026-04-10 05:06:00,112,COMPLETED,0.75,0.0,0.0,3.0,0.0,0.0,0.0,1,0,0,300.0,0.0119039614986507,1.1903961498650708,93.24737809788486,SEC-001
AST-454,SEC-004,Delhi Shahdara - Sahibabad DOWN,DOWN,track,8.54,16.0,0.0,1,2026-03-17 05:02:00,136,COMPLETED,0.5,0.0,0.0,2.0,0.0,0.0,0.0,1,0,0,300.0,0.0119039614986507,1.1903961498650708,88.12878334828017,SEC-004
AST-456,SEC-002,Delhi Main - Delhi Shahdara DOWN,DOWN,rail,9.36,43.0,0.0,1,2026-07-19 04:41:00,12,COMPLETED,0.25,0.0,0.0,1.0,0.0,0.0,0.0,1,0,0,300.0,0.0231628457884568,2.3162845788456803,83.58686178587513,SEC-002
AST-457,SEC-004,Delhi Shahdara - Sahibabad DOWN,DOWN,turnout,9.28,8.0,0.0,1,2025-10-19 04:45:00,285,COMPLETED,1.0,0.0,0.0,4.0,0.0,0.0,0.0,1,0,0,300.0,0.0119039614986507,1.1903961498650708,85.49191746274077,SEC-004
AST-459,SEC-005,Sahibabad - Ghaziabad UP,UP,track,11.89,28.000000000000004,0.0,1,2026-07-18 05:20:00,13,COMPLETED,0.0,0.0,0.0,0.0,0.0,0.0,0.0,1,0,0,300.0,0.0170882501772338,1.708825017723389,89.57509328837914,SEC-005
AST-460,SEC-001,Delhi Main - Delhi Shahdara UP,UP,track,9.67,8.0,0.0,1,2026-03-13 04:34:00,140,COMPLETED,0.0,0.0,0.0,0.0,0.0,0.0,0.0,1,0,0,300.0,0.0096264284197309,0.9626428419730932,91.14044727854233,SEC-001
AST-461,SEC-002,Delhi Main - Delhi Shahdara DOWN,DOWN,rail,9.83,24.0,0.0,3,2026-07-12 05:23:00,19,COMPLETED,0.5,0.0,0.0,2.0,0.0,0.0,0.0,3,1,0,140.0,0.208323786431376,20.8323786431376,90.03945516657778,SEC-002
AST-471,SEC-006,Sahibabad - Ghaziabad DOWN,DOWN,rail,5.33,19.0,0.0,1,2026-02-01 05:02:00,180,COMPLETED,0.25,0.0,0.0,1.0,0.0,0.0,0.0,1,0,0,300.0,0.0119039614986507,1.1903961498650708,85.46208197588231,SEC-006
AST-472,SEC-005,Sahibabad - Ghaziabad UP,UP,sleeper,6.5,38.0,0.0,1,2026-01-02 05:14:00,210,COMPLETED,0.5,0.0,0.0,-2.0,0.0,0.0,0.0,1,0,0,300.0,0.0119039614986507,1.1903961498650708,77.99344444490262,SEC-005
AST-475,SEC-002,Delhi Main - Delhi Shahdara DOWN,DOWN,turnout,12.13,47.0,0.0,2,2025-11-17 04:59:00,256,COMPLETED,1.25,0.0,0.0,5.0,0.0,0.0,0.0,2,0,0,210.0,0.0119039614986507,1.1903961498650708,73.55413454035946,SEC-002
AST-479,SEC-004,Delhi Shahdara - Sahibabad DOWN,DOWN,track,10.05,80.0,1.0,4,2026-06-14 02:38:00,47,COMPLETED,0.25,0.0,20.0,1.0,0.0,1.0,0.0,4,1,0,135.0,0.936917335888068,93.6917335888068,61.08247422079441,SEC-004
AST-480,SEC-002,Delhi Main - Delhi Shahdara DOWN,DOWN,track,7.24,18.0,0.0,1,2026-02-05 04:37:00,176,COMPLETED,1.25,0.0,0.0,5.0,0.0,0.0,0.0,1,0,0,300.0,0.0119039614986507,1.1903961498650708,86.42180511245036,SEC-002
AST-481,SEC-005,Sahibabad - Ghaziabad UP,UP,turnout,11.54,12.0,0.0,3,2026-01-13 02:37:00,199,COMPLETED,0.25,0.0,0.0,1.0,0.0,0.0,0.0,3,0,1,220.0,0.1198968052036538,11.989680520365388,84.83675673808114,SEC-005
AST-486,SEC-006,Sahibabad - Ghaziabad DOWN,DOWN,turnout,5.67,19.0,0.0,1,2025-11-09 05:11:00,264,COMPLETED,0.25,0.0,0.0,1.0,0.0,0.0,0.0,1,0,0,300.0,0.0119039614986507,1.1903961498650708,82.12562098814574,SEC-006
AST-487,SEC-005,Sahibabad - Ghaziabad UP,UP,rail,6.53,25.0,0.0,1,2026-02-28 04:59:00,153,COMPLETED,0.25,0.0,0.0,1.0,0.0,0.0,0.0,1,0,0,300.0,0.0119039614986507,1.1903961498650708,85.18189269241543,SEC-005
AST-488,SEC-004,Delhi Shahdara - Sahibabad DOWN,DOWN,rail,10.31,62.0,0.0,1,2026-02-14 04:45:00,167,COMPLETED,0.25,0.0,0.0,1.0,0.0,0.0,0.0,1,0,0,300.0,0.0119039614986507,1.1903961498650708,72.50998240784176,SEC-004
AST-490,SEC-003,Delhi Shahdara - Sahibabad UP,UP,rail,9.04,9.0,1.0,2,2026-07-17 05:16:00,14,COMPLETED,0.25,0.0,40.0,1.0,1.0,0.0,0.0,2,0,1,270.0,0.9444178812186936,94.44178812186938,85.59164433309584,SEC-003
AST-492,SEC-006,Sahibabad - Ghaziabad DOWN,DOWN,sleeper,4.44,20.0,0.0,1,2026-06-23 05:08:00,38,COMPLETED,0.5,0.0,0.0,2.0,0.0,0.0,0.0,1,0,0,300.0,0.014787204756386,1.478720475638609,91.37248773148188,SEC-006
AST-494,SEC-003,Delhi Shahdara - Sahibabad UP,UP,rail,4.17,3.0,0.0,1,2026-02-15 04:39:00,166,COMPLETED,0.75,0.0,0.0,3.0,0.0,0.0,0.0,1,0,0,300.0,0.0119039614986507,1.1903961498650708,91.673630020403,SEC-003
AST-495,SEC-006,Sahibabad - Ghaziabad DOWN,DOWN,rail,12.46,24.0,0.0,1,2026-06-05 05:22:00,56,COMPLETED,0.0,0.0,0.0,0.0,0.0,0.0,0.0,1,0,0,300.0,0.009226620068765,0.9226620068765046,89.60790918471977,SEC-006
AST-497,SEC-005,Sahibabad - Ghaziabad UP,UP,rail,7.17,21.0,0.0,1,2026-03-11 04:17:00,142,COMPLETED,1.0,0.0,0.0,4.0,0.0,0.0,0.0,1,0,0,300.0,0.0119039614986507,1.1903961498650708,86.11228727357431,SEC-005
AST-498,SEC-003,Delhi Shahdara - Sahibabad UP,UP,turnout,9.75,15.0,0.0,1,2026-07-02 04:56:00,29,COMPLETED,0.75,0.0,0.0,3.0,0.0,0.0,0.0,1,0,0,300.0,0.0172697049761966,1.7269704976196687,92.9700159874587,SEC-003
AST-501,SEC-006,Sahibabad - Ghaziabad DOWN,DOWN,rail,6.92,47.0,0.0,1,2025-12-23 05:15:00,220,COMPLETED,0.0,0.0,0.0,0.0,0.0,0.0,0.0,1,0,0,300.0,0.0096264284197309,0.9626428419730932,74.83055777287626,SEC-006
AST-503,SEC-002,Delhi Main - Delhi Shahdara DOWN,DOWN,turnout,6.75,21.0,0.0,1,2025-10-19 04:55:00,285,COMPLETED,0.25,0.0,0.0,-1.0,0.0,0.0,0.0,1,0,0,300.0,0.0119039614986507,1.1903961498650708,80.6448999973156,SEC-002
AST-508,SEC-006,Sahibabad - Ghaziabad DOWN,DOWN,track,4.07,32.0,0.0,1,2025-11-07 05:05:00,266,COMPLETED,0.75,0.0,0.0,3.0,0.0,0.0,0.0,1,0,0,300.0,0.0119039614986507,1.1903961498650708,78.09424418191847,SEC-006
AST-510,SEC-003,Delhi Shahdara - Sahibabad UP,UP,sleeper,11.15,28.000000000000004,1.0,2,2026-07-20 04:53:00,11,COMPLETED,0.75,0.0,20.0,3.0,0.0,1.0,0.0,2,0,0,210.0,0.7953346775919219,79.53346775919219,85.56384705554059,SEC-003
AST-512,SEC-001,Delhi Main - Delhi Shahdara UP,UP,sleeper,12.1,20.0,0.0,3,2025-10-20 10:08:00,284,COMPLETED,0.25,0.0,0.0,1.0,0.0,0.0,0.0,3,1,2,260.0,0.9931015025289074,99.31015025289074,74.95799184239209,SEC-001
AST-513,SEC-001,Delhi Main - Delhi Shahdara UP,UP,turnout,11.82,19.0,0.0,1,2026-06-10 05:00:00,51,COMPLETED,0.0,0.0,0.0,0.0,0.0,0.0,0.0,1,0,0,300.0,0.0108846955363328,1.0884695536332851,91.03534151558608,SEC-001
AST-515,SEC-005,Sahibabad - Ghaziabad UP,UP,rail,7.97,28.000000000000004,0.0,1,2025-08-28 04:34:00,337,COMPLETED,1.0,0.0,0.0,4.0,0.0,0.0,0.0,1,0,0,300.0,0.0119039614986507,1.1903961498650708,76.49430530382463,SEC-005
AST-516,SEC-001,Delhi Main - Delhi Shahdara UP,UP,sleeper,8.55,64.0,0.0,2,2026-06-03 05:06:00,58,COMPLETED,0.25,0.0,0.0,1.0,0.0,0.0,0.0,2,0,1,270.0,0.0566996864898348,5.669968648983481,72.58799798414266,SEC-001
AST-525,SEC-001,Delhi Main - Delhi Shahdara UP,UP,turnout,10.58,28.000000000000004,1.0,2,2026-07-07 01:20:00,24,COMPLETED,2.5,0.0,0.0,-10.0,0.0,0.0,0.0,2,0,0,180.0,0.1545821594583625,15.458215945836256,88.35160664145943,SEC-001
AST-526,SEC-001,Delhi Main - Delhi Shahdara UP,UP,sleeper,10.32,42.0,0.0,1,2026-06-20 05:18:00,41,COMPLETED,0.0,0.0,0.0,0.0,0.0,0.0,0.0,1,0,0,300.0,0.0108846955363328,1.0884695536332851,83.42036351484852,SEC-001
AST-527,SEC-006,Sahibabad - Ghaziabad DOWN,DOWN,sleeper,7.72,6.0,0.0,1,2025-11-18 04:38:00,255,COMPLETED,0.75,0.0,0.0,3.0,0.0,0.0,0.0,1,0,0,300.0,0.0119039614986507,1.1903961498650708,87.14679340272411,SEC-006
AST-528,SEC-006,Sahibabad - Ghaziabad DOWN,DOWN,rail,9.62,31.0,0.0,1,2026-05-02 05:06:00,90,COMPLETED,0.0,0.0,0.0,0.0,0.0,0.0,0.0,1,0,0,300.0,0.0090227641509109,0.9022764150910908,85.27658674941517,SEC-006
AST-531,SEC-001,Delhi Main - Delhi Shahdara UP,UP,turnout,12.79,4.0,0.0,1,2025-11-03 05:06:00,270,COMPLETED,1.0,0.0,0.0,4.0,0.0,0.0,0.0,1,0,0,300.0,0.0100922045466129,1.0092204546612975,87.50778850836552,SEC-001
AST-535,SEC-006,Sahibabad - Ghaziabad DOWN,DOWN,rail,8.04,77.0,1.0,3,2026-05-19 02:17:00,73,COMPLETED,0.25,0.0,20.0,1.0,0.0,1.0,0.0,3,1,0,180.0,0.8503974676211405,85.03974676211405,63.63702829018067,SEC-006
AST-536,SEC-003,Delhi Shahdara - Sahibabad UP,UP,track,12.54,12.0,0.0,1,2026-02-27 05:05:00,154,COMPLETED,0.75,0.0,0.0,3.0,0.0,0.0,0.0,1,0,0,300.0,0.0100922045466129,1.0092204546612975,89.30464788485548,SEC-003
AST-537,SEC-001,Delhi Main - Delhi Shahdara UP,UP,rail,9.03,21.0,0.0,1,2026-02-23 05:07:00,158,COMPLETED,1.0,0.0,0.0,4.0,0.0,0.0,0.0,1,0,0,300.0,0.0119039614986507,1.1903961498650708,85.82036479554402,SEC-001
AST-539,SEC-005,Sahibabad - Ghaziabad UP,UP,track,7.64,20.0,0.0,1,2026-06-13 05:06:00,48,COMPLETED,0.5,0.0,0.0,2.0,0.0,0.0,0.0,1,0,0,300.0,0.014787204756386,1.478720475638609,90.48828099959186,SEC-005
AST-541,SEC-005,Sahibabad - Ghaziabad UP,UP,rail,11.69,5.0,0.0,1,2025-12-28 04:57:00,215,COMPLETED,0.5,0.0,0.0,2.0,0.0,0.0,0.0,1,0,0,300.0,0.0119039614986507,1.1903961498650708,89.62793655305818,SEC-005
AST-542,SEC-003,Delhi Shahdara - Sahibabad UP,UP,rail,9.53,14.000000000000002,0.0,3,2025-11-14 05:13:00,259,COMPLETED,0.5,0.0,0.0,2.0,0.0,0.0,0.0,3,1,0,180.0,0.5963322602443397,59.63322602443397,82.50992991465958,SEC-003
AST-543,SEC-004,Delhi Shahdara - Sahibabad DOWN,DOWN,rail,7.36,30.0,0.0,1,2026-07-14 04:44:00,17,COMPLETED,0.25,0.0,0.0,1.0,0.0,0.0,0.0,1,0,0,300.0,0.0231628457884568,2.3162845788456803,89.39086020043788,SEC-004
AST-546,SEC-001,Delhi Main - Delhi Shahdara UP,UP,turnout,7.72,18.0,0.0,1,2026-06-14 04:34:00,47,COMPLETED,0.0,0.0,0.0,0.0,0.0,0.0,0.0,1,0,0,300.0,0.0108846955363328,1.0884695536332851,91.5667206458168,SEC-001
AST-549,SEC-004,Delhi Shahdara - Sahibabad DOWN,DOWN,rail,8.47,11.0,0.0,2,2026-07-12 05:11:00,19,COMPLETED,1.0,0.0,0.0,4.0,0.0,0.0,0.0,2,0,0,180.0,0.0191436581413275,1.9143658141327573,94.56445465640016,SEC-004
AST-553,SEC-006,Sahibabad - Ghaziabad DOWN,DOWN,rail,4.3,11.0,0.0,1,2025-08-17 05:12:00,348,COMPLETED,1.5,0.0,0.0,6.0,0.0,0.0,0.0,1,0,0,300.0,0.0119039614986507,1.1903961498650708,82.38379277339821,SEC-006
AST-555,SEC-004,Delhi Shahdara - Sahibabad DOWN,DOWN,track,5.56,5.0,0.0,3,2026-06-04 04:27:00,57,COMPLETED,0.25,0.0,0.0,1.0,0.0,0.0,0.0,3,1,0,180.0,0.1556184643002486,15.561846430024865,94.85490849207714,SEC-004
AST-563,SEC-001,Delhi Main - Delhi Shahdara UP,UP,sleeper,6.9,17.0,0.0,1,2025-11-17 05:10:00,256,COMPLETED,0.75,0.0,0.0,3.0,0.0,0.0,0.0,1,0,0,300.0,0.0119039614986507,1.1903961498650708,84.14279800001803,SEC-001
AST-564,SEC-004,Delhi Shahdara - Sahibabad DOWN,DOWN,rail,9.19,13.0,0.0,1,2026-06-29 05:11:00,32,COMPLETED,1.0,0.0,0.0,4.0,0.0,0.0,0.0,1,0,0,300.0,0.0172697049761966,1.7269704976196687,93.97634403155912,SEC-004
AST-567,SEC-003,Delhi Shahdara - Sahibabad UP,UP,rail,9.11,12.0,1.0,2,2026-04-18 08:17:00,104,COMPLETED,0.0,0.0,40.0,0.0,1.0,0.0,0.0,2,0,1,270.0,0.7888083069427401,78.88083069427401,82.41609096278812,SEC-003
AST-571,SEC-006,Sahibabad - Ghaziabad DOWN,DOWN,rail,5.95,26.0,0.0,1,2026-05-31 05:09:00,61,COMPLETED,0.5,0.0,0.0,2.0,0.0,0.0,0.0,1,0,0,300.0,0.0111590845270025,1.1159084527002596,88.05627178683318,SEC-006
AST-573,SEC-006,Sahibabad - Ghaziabad DOWN,DOWN,sleeper,11.18,7.000000000000001,0.0,1,2025-08-27 05:07:00,338,COMPLETED,0.5,0.0,0.0,2.0,0.0,0.0,0.0,1,0,0,300.0,0.0119039614986507,1.1903961498650708,83.9980729200511,SEC-006
AST-576,SEC-005,Sahibabad - Ghaziabad UP,UP,track,10.02,1.0,0.0,2,2026-05-02 05:22:00,90,COMPLETED,0.25,0.0,0.0,1.0,0.0,0.0,0.0,2,0,1,240.0,0.0470227599829209,4.702275998292094,91.19711814683438,SEC-005
AST-577,SEC-002,Delhi Main - Delhi Shahdara DOWN,DOWN,turnout,6.94,4.0,0.0,1,2026-05-13 04:40:00,79,COMPLETED,1.0,0.0,0.0,4.0,0.0,0.0,0.0,1,0,0,300.0,0.0111590845270025,1.1159084527002596,95.23405692148556,SEC-002
AST-580,SEC-005,Sahibabad - Ghaziabad UP,UP,sleeper,11.55,21.0,0.0,1,2026-04-12 04:46:00,110,COMPLETED,1.0,0.0,0.0,4.0,0.0,0.0,0.0,1,0,0,300.0,0.0119039614986507,1.1903961498650708,88.19260101560688,SEC-005
AST-582,SEC-002,Delhi Main - Delhi Shahdara DOWN,DOWN,track,6.05,13.0,0.0,1,2025-10-06 04:54:00,298,COMPLETED,0.0,0.0,0.0,0.0,0.0,0.0,0.0,1,0,0,300.0,0.0096264284197309,0.9626428419730932,83.27449132826354,SEC-002
AST-583,SEC-005,Sahibabad - Ghaziabad UP,UP,rail,10.69,25.0,0.0,1,2026-02-02 05:06:00,179,COMPLETED,0.25,0.0,0.0,-1.0,0.0,0.0,0.0,1,0,0,300.0,0.0119039614986507,1.1903961498650708,84.06188185009745,SEC-005
AST-584,SEC-004,Delhi Shahdara - Sahibabad DOWN,DOWN,sleeper,11.13,5.0,0.0,1,2026-02-22 05:14:00,159,COMPLETED,1.25,0.0,0.0,5.0,0.0,0.0,0.0,1,0,0,300.0,0.0119039614986507,1.1903961498650708,91.27675791652572,SEC-004
AST-586,SEC-004,Delhi Shahdara - Sahibabad DOWN,DOWN,turnout,8.02,27.0,0.0,1,2025-12-19 05:29:00,224,COMPLETED,1.0,0.0,0.0,4.0,0.0,0.0,0.0,1,0,0,300.0,0.0119039614986507,1.1903961498650708,80.60857015448697,SEC-004
AST-590,SEC-003,Delhi Shahdara - Sahibabad UP,UP,rail,6.52,17.0,0.0,1,2025-12-30 04:24:00,213,COMPLETED,0.5,0.0,0.0,-2.0,0.0,0.0,0.0,1,0,0,300.0,0.0119039614986507,1.1903961498650708,86.10174011486932,SEC-003
AST-593,SEC-005,Sahibabad - Ghaziabad UP,UP,turnout,4.47,39.0,0.0,1,2026-01-08 04:56:00,204,COMPLETED,0.5,0.0,0.0,2.0,0.0,0.0,0.0,1,0,0,300.0,0.0119039614986507,1.1903961498650708,77.86390819546314,SEC-005
AST-595,SEC-003,Delhi Shahdara - Sahibabad UP,UP,rail,4.36,52.0,0.0,1,2026-03-25 04:54:00,128,COMPLETED,0.5,0.0,0.0,2.0,0.0,0.0,0.0,1,0,0,300.0,0.0119039614986507,1.1903961498650708,76.7340648996959,SEC-003
AST-599,SEC-002,Delhi Main - Delhi Shahdara DOWN,DOWN,rail,10.39,28.000000000000004,0.0,1,2026-02-08 04:47:00,173,COMPLETED,0.5,0.0,0.0,2.0,0.0,0.0,0.0,1,0,0,300.0,0.0119039614986507,1.1903961498650708,82.64735051214087,SEC-002
AST-600,SEC-005,Sahibabad - Ghaziabad UP,UP,turnout,7.63,3.0,0.0,1,2026-04-14 04:35:00,108,COMPLETED,0.75,0.0,0.0,3.0,0.0,0.0,0.0,1,0,0,300.0,0.0119039614986507,1.1903961498650708,93.77681863853029,SEC-005
AST-607,SEC-004,Delhi Shahdara - Sahibabad DOWN,DOWN,track,7.12,52.0,0.0,1,2026-04-11 05:19:00,111,COMPLETED,0.75,0.0,0.0,3.0,0.0,0.0,0.0,1,0,0,300.0,0.0119039614986507,1.1903961498650708,76.74003921208997,SEC-004
AST-611,SEC-002,Delhi Main - Delhi Shahdara DOWN,DOWN,sleeper,7.62,16.0,0.0,1,2025-11-21 04:55:00,252,COMPLETED,0.0,0.0,0.0,0.0,0.0,0.0,0.0,1,0,0,300.0,0.0096264284197309,0.9626428419730932,84.14801551812954,SEC-002
AST-614,SEC-006,Sahibabad - Ghaziabad DOWN,DOWN,track,9.15,23.0,0.0,1,2026-05-31 04:33:00,61,COMPLETED,0.0,0.0,0.0,0.0,0.0,0.0,0.0,1,0,0,300.0,0.0090227641509109,0.9022764150910908,89.4462210955047,SEC-006
AST-615,SEC-004,Delhi Shahdara - Sahibabad DOWN,DOWN,rail,8.8,11.0,0.0,1,2025-11-07 05:11:00,266,COMPLETED,0.75,0.0,0.0,3.0,0.0,0.0,0.0,1,0,0,300.0,0.0119039614986507,1.1903961498650708,85.10973946038557,SEC-004
AST-616,SEC-006,Sahibabad - Ghaziabad DOWN,DOWN,rail,7.07,31.0,0.0,1,2025-08-15 05:18:00,350,COMPLETED,0.0,0.0,0.0,0.0,0.0,0.0,0.0,1,0,0,300.0,0.0096264284197309,0.9626428419730932,75.17675542545273,SEC-006
AST-617,SEC-003,Delhi Shahdara - Sahibabad UP,UP,turnout,11.45,29.0,0.0,2,2026-02-15 04:42:00,166,COMPLETED,0.0,0.0,0.0,0.0,0.0,0.0,0.0,2,0,1,270.0,0.0407674456809546,4.076744568095465,81.48014103669854,SEC-003
AST-620,SEC-004,Delhi Shahdara - Sahibabad DOWN,DOWN,rail,10.66,14.000000000000002,0.0,1,2026-05-12 04:50:00,80,COMPLETED,0.0,0.0,0.0,0.0,0.0,0.0,0.0,1,0,0,300.0,0.0090227641509109,0.9022764150910908,91.83963304711116,SEC-004
AST-621,SEC-001,Delhi Main - Delhi Shahdara UP,UP,sleeper,7.85,88.0,1.0,2,2026-05-26 05:33:00,66,COMPLETED,1.25,0.0,40.0,5.0,1.0,0.0,0.0,2,0,1,270.0,0.8751059476069514,87.51059476069514,57.25440158713042,SEC-001
AST-623,SEC-001,Delhi Main - Delhi Shahdara UP,UP,sleeper,5.15,12.0,0.0,1,2026-04-03 04:32:00,119,COMPLETED,0.75,0.0,0.0,3.0,0.0,0.0,0.0,1,0,0,300.0,0.0119039614986507,1.1903961498650708,90.79705450906845,SEC-001
AST-624,SEC-003,Delhi Shahdara - Sahibabad UP,UP,turnout,12.67,21.0,0.0,1,2026-07-01 04:58:00,30,COMPLETED,0.5,0.0,0.0,2.0,0.0,0.0,0.0,1,0,0,300.0,0.0146534045170862,1.4653404517086226,91.43995166625464,SEC-003
AST-626,SEC-005,Sahibabad - Ghaziabad UP,UP,track,8.93,13.0,0.0,1,2026-04-14 04:39:00,108,COMPLETED,1.0,0.0,0.0,4.0,0.0,0.0,0.0,1,0,0,300.0,0.0119039614986507,1.1903961498650708,91.13464065199292,SEC-005
AST-627,SEC-006,Sahibabad - Ghaziabad DOWN,DOWN,rail,8.62,28.000000000000004,0.0,1,2025-08-22 05:00:00,343,COMPLETED,0.0,0.0,0.0,0.0,0.0,0.0,0.0,1,0,0,300.0,0.0096264284197309,0.9626428419730932,76.32457694309588,SEC-006
AST-629,SEC-005,Sahibabad - Ghaziabad UP,UP,track,7.94,31.0,0.0,2,2026-03-21 05:11:00,132,COMPLETED,0.0,0.0,0.0,0.0,0.0,0.0,0.0,2,0,1,270.0,0.0407674456809546,4.076744568095465,81.45901475689554,SEC-005
AST-631,SEC-006,Sahibabad - Ghaziabad DOWN,DOWN,turnout,11.38,14.000000000000002,0.0,1,2026-07-25 05:14:00,6,COMPLETED,0.25,0.0,0.0,1.0,0.0,0.0,0.0,1,0,0,300.0,0.0231628457884568,2.3162845788456803,93.7802035652162,SEC-006
AST-639,SEC-001,Delhi Main - Delhi Shahdara UP,UP,rail,12.85,4.0,0.0,1,2025-12-21 05:15:00,222,COMPLETED,1.25,0.0,0.0,5.0,0.0,0.0,0.0,1,0,0,300.0,0.0100922045466129,1.0092204546612975,90.18289977115386,SEC-001
AST-640,SEC-006,Sahibabad - Ghaziabad DOWN,DOWN,turnout,12.6,22.0,0.0,1,2025-11-14 04:47:00,259,COMPLETED,0.25,0.0,0.0,-1.0,0.0,0.0,0.0,1,0,0,300.0,0.0100922045466129,1.0092204546612975,81.66649558027983,SEC-006
AST-646,SEC-003,Delhi Shahdara - Sahibabad UP,UP,track,11.38,27.0,0.0,1,2026-06-18 04:51:00,43,COMPLETED,0.75,0.0,0.0,3.0,0.0,0.0,0.0,1,0,0,300.0,0.014787204756386,1.478720475638609,88.9854202915781,SEC-003
AST-648,SEC-003,Delhi Shahdara - Sahibabad UP,UP,sleeper,12.78,34.0,0.0,1,2025-10-19 04:52:00,285,COMPLETED,0.0,0.0,0.0,0.0,0.0,0.0,0.0,1,0,0,300.0,0.0081584449529113,0.815844495291137,76.58968175623063,SEC-003
AST-652,SEC-004,Delhi Shahdara - Sahibabad DOWN,DOWN,track,8.04,19.0,0.0,1,2026-02-11 05:09:00,170,COMPLETED,0.5,0.0,0.0,2.0,0.0,0.0,0.0,1,0,0,300.0,0.0119039614986507,1.1903961498650708,85.71516096009142,SEC-004
AST-653,SEC-003,Delhi Shahdara - Sahibabad UP,UP,rail,12.67,15.0,0.0,2,2026-07-05 04:33:00,26,COMPLETED,0.0,0.0,0.0,0.0,0.0,0.0,0.0,2,0,1,240.0,0.04550508269247,4.550508269247006,90.10887319529542,SEC-003
AST-654,SEC-002,Delhi Main - Delhi Shahdara DOWN,DOWN,track,4.03,28.000000000000004,0.0,1,2025-12-29 04:54:00,214,COMPLETED,0.75,0.0,0.0,3.0,0.0,0.0,0.0,1,0,0,300.0,0.0119039614986507,1.1903961498650708,81.22666601479311,SEC-002
AST-655,SEC-002,Delhi Main - Delhi Shahdara DOWN,DOWN,track,8.08,13.0,0.0,2,2026-06-23 04:55:00,38,COMPLETED,0.75,0.0,0.0,3.0,0.0,0.0,0.0,2,0,0,210.0,0.014787204756386,1.478720475638609,93.77777822964792,SEC-002
AST-656,SEC-002,Delhi Main - Delhi Shahdara DOWN,DOWN,rail,4.39,22.0,0.0,1,2026-03-07 05:07:00,146,COMPLETED,0.75,0.0,0.0,3.0,0.0,0.0,0.0,1,0,0,300.0,0.0119039614986507,1.1903961498650708,85.97669412610644,SEC-002
AST-659,SEC-002,Delhi Main - Delhi Shahdara DOWN,DOWN,track,9.78,27.0,0.0,3,2025-12-30 05:12:00,213,COMPLETED,1.0,0.0,0.0,4.0,0.0,0.0,0.0,3,1,2,260.0,0.9929195762195668,99.29195762195668,74.91456023943971,SEC-002
AST-662,SEC-003,Delhi Shahdara - Sahibabad UP,UP,rail,7.41,24.0,1.0,4,2026-07-18 01:10:00,13,COMPLETED,2.25,0.0,0.0,-9.0,0.0,0.0,0.0,4,1,0,135.0,0.9538595154176568,95.38595154176568,87.65264011716707,SEC-003
AST-666,SEC-006,Sahibabad - Ghaziabad DOWN,DOWN,turnout,4.11,24.0,1.0,2,2026-03-29 02:06:00,124,COMPLETED,0.0,0.0,0.0,0.0,0.0,0.0,0.0,2,0,0,180.0,0.3628455193467003,36.28455193467003,84.14286289607237,SEC-006
AST-670,SEC-005,Sahibabad - Ghaziabad UP,UP,rail,8.18,31.0,0.0,1,2025-11-17 05:16:00,256,COMPLETED,0.75,0.0,0.0,3.0,0.0,0.0,0.0,1,0,0,300.0,0.0119039614986507,1.1903961498650708,78.17044964661001,SEC-005
AST-675,SEC-002,Delhi Main - Delhi Shahdara DOWN,DOWN,turnout,6.27,3.0,0.0,1,2026-03-08 04:43:00,145,COMPLETED,1.0,0.0,0.0,4.0,0.0,0.0,0.0,1,0,0,300.0,0.0119039614986507,1.1903961498650708,91.77089691909806,SEC-002
AST-676,SEC-002,Delhi Main - Delhi Shahdara DOWN,DOWN,track,9.04,6.0,0.0,1,2025-12-24 05:02:00,219,COMPLETED,0.0,0.0,0.0,0.0,0.0,0.0,0.0,1,0,0,300.0,0.0096264284197309,0.9626428419730932,89.58698307176361,SEC-002
AST-678,SEC-004,Delhi Shahdara - Sahibabad DOWN,DOWN,turnout,5.34,9.0,0.0,1,2025-08-25 04:34:00,340,COMPLETED,0.5,0.0,0.0,2.0,0.0,0.0,0.0,1,0,0,300.0,0.0119039614986507,1.1903961498650708,82.96932943203863,SEC-004
AST-679,SEC-006,Sahibabad - Ghaziabad DOWN,DOWN,turnout,4.45,4.0,1.0,2,2026-06-29 20:24:00,32,COMPLETED,0.25,0.0,40.0,1.0,1.0,0.0,0.0,2,0,1,240.0,0.9264296982324656,92.64296982324656,86.35867008613633,SEC-006
AST-680,SEC-002,Delhi Main - Delhi Shahdara DOWN,DOWN,turnout,6.78,9.0,0.0,1,2026-04-27 04:44:00,95,COMPLETED,0.75,0.0,0.0,3.0,0.0,0.0,0.0,1,0,0,300.0,0.0111590845270025,1.1159084527002596,93.30081240715334,SEC-002
AST-682,SEC-001,Delhi Main - Delhi Shahdara UP,UP,rail,9.07,7.000000000000001,0.0,1,2026-05-22 05:18:00,70,COMPLETED,0.25,0.0,0.0,-1.0,0.0,0.0,0.0,1,0,0,300.0,0.0111590845270025,1.1159084527002596,94.83749857245888,SEC-001
AST-687,SEC-002,Delhi Main - Delhi Shahdara DOWN,DOWN,track,8.97,45.0,0.0,1,2026-03-02 05:04:00,151,COMPLETED,0.5,0.0,0.0,2.0,0.0,0.0,0.0,1,0,0,300.0,0.0119039614986507,1.1903961498650708,77.99049428482677,SEC-002
AST-689,SEC-006,Sahibabad - Ghaziabad DOWN,DOWN,sleeper,4.33,8.0,0.0,1,2025-12-12 05:17:00,231,COMPLETED,0.0,0.0,0.0,0.0,0.0,0.0,0.0,1,0,0,300.0,0.0096264284197309,0.9626428419730932,87.226519854389,SEC-006
AST-690,SEC-002,Delhi Main - Delhi Shahdara DOWN,DOWN,sleeper,6.1,37.0,0.0,1,2026-06-02 04:46:00,59,COMPLETED,0.75,0.0,0.0,3.0,0.0,0.0,0.0,1,0,0,300.0,0.0111590845270025,1.1159084527002596,84.659683826049,SEC-002
AST-691,SEC-002,Delhi Main - Delhi Shahdara DOWN,DOWN,sleeper,10.94,29.0,0.0,1,2026-07-11 04:48:00,20,COMPLETED,1.25,0.0,0.0,5.0,0.0,0.0,0.0,1,0,0,300.0,0.0220943690595085,2.209436905950859,89.51113346322819,SEC-002
AST-694,SEC-006,Sahibabad - Ghaziabad DOWN,DOWN,rail,10.09,6.0,0.0,1,2026-06-11 04:44:00,50,COMPLETED,0.5,0.0,0.0,2.0,0.0,0.0,0.0,1,0,0,300.0,0.014787204756386,1.478720475638609,95.40196674238724,SEC-006
AST-697,SEC-003,Delhi Shahdara - Sahibabad UP,UP,track,4.33,19.0,0.0,1,2025-09-21 05:04:00,313,COMPLETED,0.25,0.0,0.0,1.0,0.0,0.0,0.0,1,0,0,300.0,0.0119039614986507,1.1903961498650708,80.56783404138001,SEC-003
AST-700,SEC-003,Delhi Shahdara - Sahibabad UP,UP,rail,12.87,14.000000000000002,0.0,2,2026-01-26 02:20:00,186,COMPLETED,0.0,0.0,0.0,0.0,0.0,0.0,0.0,2,0,0,210.0,0.0081584449529113,0.815844495291137,87.14615909491134,SEC-003
AST-702,SEC-002,Delhi Main - Delhi Shahdara DOWN,DOWN,rail,7.56,24.0,0.0,1,2025-12-18 05:20:00,225,COMPLETED,0.5,0.0,0.0,2.0,0.0,0.0,0.0,1,0,0,300.0,0.0119039614986507,1.1903961498650708,81.80598529387937,SEC-002
AST-707,SEC-001,Delhi Main - Delhi Shahdara UP,UP,sleeper,10.89,6.0,0.0,1,2025-12-27 04:54:00,216,COMPLETED,0.75,0.0,0.0,3.0,0.0,0.0,0.0,1,0,0,300.0,0.0119039614986507,1.1903961498650708,89.66129059700918,SEC-001
AST-708,SEC-003,Delhi Shahdara - Sahibabad UP,UP,rail,7.63,24.0,0.0,1,2026-02-25 04:28:00,156,COMPLETED,1.25,0.0,0.0,5.0,0.0,0.0,0.0,1,0,0,300.0,0.0119039614986507,1.1903961498650708,85.27317700493178,SEC-003
AST-709,SEC-005,Sahibabad - Ghaziabad UP,UP,rail,5.59,21.0,0.0,1,2025-10-20 04:50:00,284,COMPLETED,0.0,0.0,0.0,0.0,0.0,0.0,0.0,1,0,0,300.0,0.0096264284197309,0.9626428419730932,80.62952280820016,SEC-005
AST-711,SEC-005,Sahibabad - Ghaziabad UP,UP,sleeper,7.38,29.0,0.0,1,2026-07-22 04:55:00,9,COMPLETED,1.75,0.0,0.0,7.0,0.0,0.0,0.0,1,0,0,300.0,0.0231628457884568,2.3162845788456803,89.64629095167595,SEC-005
AST-712,SEC-006,Sahibabad - Ghaziabad DOWN,DOWN,rail,12.88,12.0,0.0,2,2025-12-15 02:19:00,228,COMPLETED,0.25,0.0,0.0,1.0,0.0,0.0,0.0,2,0,0,210.0,0.0100922045466129,1.0092204546612975,85.61620334472875,SEC-006
AST-716,SEC-006,Sahibabad - Ghaziabad DOWN,DOWN,rail,11.87,31.0,0.0,1,2026-05-08 04:52:00,84,COMPLETED,0.25,0.0,0.0,1.0,0.0,0.0,0.0,1,0,0,300.0,0.0111590845270025,1.1159084527002596,86.06003891580345,SEC-006
AST-718,SEC-006,Sahibabad - Ghaziabad DOWN,DOWN,rail,9.56,9.0,1.0,3,2026-05-08 01:08:00,84,COMPLETED,0.5,0.0,0.0,2.0,0.0,0.0,0.0,3,0,0,160.0,0.8503974676211405,85.03974676211405,90.92534388416831,SEC-006
AST-719,SEC-002,Delhi Main - Delhi Shahdara DOWN,DOWN,track,7.58,4.0,1.0,2,2026-07-18 11:46:00,13,COMPLETED,3.75,0.0,40.0,15.0,1.0,0.0,0.0,2,0,1,270.0,0.9444178812186936,94.44178812186938,85.63045317815877,SEC-002
AST-720,SEC-006,Sahibabad - Ghaziabad DOWN,DOWN,track,12.18,20.0,1.0,4,2026-02-07 17:31:00,174,COMPLETED,0.25,0.0,40.0,1.0,1.0,0.0,0.0,4,1,1,195.0,0.917841151635999,91.78411516359988,77.0416032214375,SEC-006
AST-723,SEC-004,Delhi Shahdara - Sahibabad DOWN,DOWN,sleeper,5.86,13.0,0.0,1,2025-11-06 05:17:00,267,COMPLETED,0.5,0.0,0.0,2.0,0.0,0.0,0.0,1,0,0,300.0,0.0119039614986507,1.1903961498650708,84.4597791678511,SEC-004
AST-725,SEC-005,Sahibabad - Ghaziabad UP,UP,sleeper,11.7,17.0,0.0,1,2026-06-06 05:24:00,55,COMPLETED,0.0,0.0,0.0,0.0,0.0,0.0,0.0,1,0,0,300.0,0.0108846955363328,1.0884695536332851,92.02814597687912,SEC-005
AST-726,SEC-001,Delhi Main - Delhi Shahdara UP,UP,sleeper,4.37,24.0,0.0,1,2026-03-11 04:58:00,142,COMPLETED,0.5,0.0,0.0,2.0,0.0,0.0,0.0,1,0,0,300.0,0.0119039614986507,1.1903961498650708,85.58899934810516,SEC-001
AST-727,SEC-003,Delhi Shahdara - Sahibabad UP,UP,turnout,4.83,7.000000000000001,0.0,1,2025-11-15 04:45:00,258,COMPLETED,0.0,0.0,0.0,0.0,0.0,0.0,0.0,1,0,0,300.0,0.0096264284197309,0.9626428419730932,86.96718461111745,SEC-003
AST-728,SEC-002,Delhi Main - Delhi Shahdara DOWN,DOWN,sleeper,10.13,16.0,1.0,2,2026-03-25 01:23:00,128,COMPLETED,0.25,0.0,0.0,1.0,0.0,0.0,0.0,2,0,0,180.0,0.4137768560218519,41.37768560218519,84.60903770297793,SEC-002
AST-731,SEC-002,Delhi Main - Delhi Shahdara DOWN,DOWN,sleeper,7.71,20.0,0.0,1,2026-02-14 04:51:00,167,COMPLETED,0.5,0.0,0.0,2.0,0.0,0.0,0.0,1,0,0,300.0,0.0119039614986507,1.1903961498650708,85.65005292162965,SEC-002
AST-732,SEC-004,Delhi Shahdara - Sahibabad DOWN,DOWN,rail,12.1,34.0,0.0,1,2025-10-07 05:32:00,297,COMPLETED,0.0,0.0,0.0,0.0,0.0,0.0,0.0,1,0,0,300.0,0.0096264284197309,0.9626428419730932,76.36635983871581,SEC-004
AST-734,SEC-004,Delhi Shahdara - Sahibabad DOWN,DOWN,track,9.5,22.0,0.0,1,2025-09-01 04:54:00,333,COMPLETED,0.25,0.0,0.0,1.0,0.0,0.0,0.0,1,0,0,300.0,0.0119039614986507,1.1903961498650708,78.84407559803002,SEC-004
AST-735,SEC-001,Delhi Main - Delhi Shahdara UP,UP,turnout,7.3,21.0,1.0,2,2025-12-13 04:48:00,230,COMPLETED,0.25,0.0,40.0,-1.0,1.0,0.0,0.0,2,0,1,270.0,0.8223598797432251,82.23598797432251,75.93282523094268,SEC-001
AST-737,SEC-006,Sahibabad - Ghaziabad DOWN,DOWN,rail,4.92,28.000000000000004,0.0,1,2025-12-16 05:00:00,227,COMPLETED,1.0,0.0,0.0,4.0,0.0,0.0,0.0,1,0,0,300.0,0.0119039614986507,1.1903961498650708,80.31836864570484,SEC-006
AST-740,SEC-003,Delhi Shahdara - Sahibabad UP,UP,sleeper,4.5,23.0,0.0,1,2025-09-12 04:53:00,322,COMPLETED,0.0,0.0,0.0,0.0,0.0,0.0,0.0,1,0,0,300.0,0.0096264284197309,0.9626428419730932,78.67197843659075,SEC-003
AST-741,SEC-003,Delhi Shahdara - Sahibabad UP,UP,sleeper,7.01,9.0,0.0,1,2025-08-19 04:59:00,346,COMPLETED,0.25,0.0,0.0,-1.0,0.0,0.0,0.0,1,0,0,300.0,0.0119039614986507,1.1903961498650708,82.88388644484115,SEC-003
AST-744,SEC-004,Delhi Shahdara - Sahibabad DOWN,DOWN,track,8.69,14.000000000000002,0.0,1,2025-10-21 04:41:00,283,COMPLETED,0.25,0.0,0.0,1.0,0.0,0.0,0.0,1,0,0,300.0,0.0119039614986507,1.1903961498650708,83.53269821257346,SEC-004
AST-747,SEC-001,Delhi Main - Delhi Shahdara UP,UP,rail,9.03,28.000000000000004,0.0,3,2025-11-27 05:26:00,246,COMPLETED,0.0,0.0,0.0,0.0,0.0,0.0,0.0,3,1,2,260.0,0.9836000670275332,98.36000670275334,73.85018765971108,SEC-001
AST-748,SEC-002,Delhi Main - Delhi Shahdara DOWN,DOWN,rail,5.41,13.0,0.0,1,2025-11-08 05:35:00,265,COMPLETED,0.5,0.0,0.0,2.0,0.0,0.0,0.0,1,0,0,300.0,0.0119039614986507,1.1903961498650708,84.48445899945828,SEC-002
AST-749,SEC-006,Sahibabad - Ghaziabad DOWN,DOWN,track,11.03,6.0,0.0,1,2025-09-13 04:53:00,321,COMPLETED,0.25,0.0,0.0,1.0,0.0,0.0,0.0,1,0,0,300.0,0.0119039614986507,1.1903961498650708,84.78356872856801,SEC-006
AST-750,SEC-003,Delhi Shahdara - Sahibabad UP,UP,turnout,4.75,28.000000000000004,0.0,1,2026-07-12 04:48:00,19,COMPLETED,0.25,0.0,0.0,1.0,0.0,0.0,0.0,1,0,0,300.0,0.0231628457884568,2.3162845788456803,89.39077937927843,SEC-003
AST-001,SEC-006,Sahibabad - Ghaziabad DOWN,DOWN,signal,6.5,0.0,0.0,4,2026-05-07 01:55:00,85,COMPLETED,0.0,0.0,0.0,0.0,0.0,0.0,0.0,4,0,0,120.0,0.0298242246550744,2.9824224655074483,96.66555431587398,SEC-006
AST-005,SEC-002,Delhi Main - Delhi Shahdara DOWN,DOWN,axle counter,7.12,100.0,0.0,5,2026-05-25 01:44:00,67,COMPLETED,0.0,0.0,0.0,0.0,0.0,0.0,0.0,5,0,0,105.0,0.0112774052075433,1.1277405207543318,62.41951988335384,SEC-002
AST-009,SEC-001,Delhi Main - Delhi Shahdara UP,UP,interlocking equipment,8.24,100.0,1.0,5,2026-07-25 14:07:00,6,COMPLETED,0.0,0.0,40.0,0.0,1.0,0.0,0.0,5,0,1,132.0,0.9257656522116108,92.57656522116106,53.20282547973313,SEC-001
AST-011,SEC-001,Delhi Main - Delhi Shahdara UP,UP,signal,12.67,0.0,0.0,4,2026-07-15 01:50:00,16,COMPLETED,0.0,0.0,0.0,0.0,0.0,0.0,0.0,4,0,0,120.0,0.0473228164370875,4.732281643708753,98.3085710562278,SEC-001
AST-014,SEC-005,Sahibabad - Ghaziabad UP,UP,signal,9.99,0.0,2.0,7,2026-06-27 02:21:00,34,COMPLETED,0.0,0.0,40.0,0.0,1.0,0.0,0.0,7,0,2,126.42857142857144,0.9722899681733737,97.22899681733736,83.65038067538818,SEC-005
AST-015,SEC-004,Delhi Shahdara - Sahibabad DOWN,DOWN,point machine,11.18,100.0,0.0,4,2026-07-07 01:52:00,24,COMPLETED,0.0,0.0,0.0,0.0,0.0,0.0,0.0,4,0,0,120.0,0.0344447696192602,3.4444769619260254,63.98295730367005,SEC-004
AST-016,SEC-006,Sahibabad - Ghaziabad DOWN,DOWN,point machine,12.62,100.0,0.0,4,2026-07-10 02:12:00,21,COMPLETED,0.0,0.0,0.0,0.0,0.0,0.0,0.0,4,0,0,120.0,0.037363000126364,3.736300012636401,64.06277403782332,SEC-006
AST-020,SEC-002,Delhi Main - Delhi Shahdara DOWN,DOWN,track circuit,10.29,100.0,0.0,4,2026-07-15 01:35:00,16,COMPLETED,0.0,0.0,0.0,0.0,0.0,0.0,0.0,4,0,0,120.0,0.0353435692206706,3.5343569220670634,64.00989365748329,SEC-002
AST-021,SEC-004,Delhi Shahdara - Sahibabad DOWN,DOWN,interlocking equipment,8.48,100.0,0.0,4,2026-07-08 02:11:00,23,COMPLETED,0.0,0.0,0.0,0.0,0.0,0.0,0.0,4,0,0,120.0,0.0344447696192602,3.4444769619260254,63.95024558962112,SEC-004
AST-024,SEC-001,Delhi Main - Delhi Shahdara UP,UP,interlocking equipment,10.68,100.0,0.0,4,2026-06-10 01:44:00,51,COMPLETED,0.0,0.0,0.0,0.0,0.0,0.0,0.0,4,0,0,120.0,0.0295676559128721,2.9567655912872186,62.8035868913883,SEC-001
AST-026,SEC-006,Sahibabad - Ghaziabad DOWN,DOWN,signal,12.42,48.5,2.0,6,2026-07-07 01:58:00,24,COMPLETED,0.0,0.0,20.0,0.0,0.0,1.0,0.0,6,0,0,102.5,0.8444445976037697,84.44445976037697,76.79380155096759,SEC-006
AST-028,SEC-005,Sahibabad - Ghaziabad UP,UP,track circuit,9.69,100.0,0.0,4,2026-05-17 02:02:00,75,COMPLETED,0.0,0.0,0.0,0.0,0.0,0.0,0.0,4,0,0,120.0,0.0188267902098483,1.8826790209848376,62.12585145174086,SEC-005
AST-030,SEC-002,Delhi Main - Delhi Shahdara DOWN,DOWN,point machine,5.81,100.0,2.0,6,2026-07-01 01:55:00,30,COMPLETED,0.0,0.0,20.0,0.0,0.0,1.0,0.0,6,0,0,102.5,0.8386858756476966,83.86858756476965,59.30360028751583,SEC-002
AST-031,SEC-001,Delhi Main - Delhi Shahdara UP,UP,interlocking equipment,9.48,100.0,0.0,4,2026-05-27 02:15:00,65,COMPLETED,0.0,0.0,0.0,0.0,0.0,0.0,0.0,4,0,0,120.0,0.0245892749080248,2.458927490802482,62.66906788593389,SEC-001
AST-036,SEC-005,Sahibabad - Ghaziabad UP,UP,point machine,11.73,100.0,0.0,4,2026-06-02 02:35:00,59,COMPLETED,0.0,0.0,0.0,0.0,0.0,0.0,0.0,4,0,0,120.0,0.0245892749080248,2.458927490802482,62.708603583081846,SEC-005
AST-040,SEC-002,Delhi Main - Delhi Shahdara DOWN,DOWN,signal,4.35,0.0,1.0,5,2026-05-21 01:33:00,71,COMPLETED,0.0,0.0,0.0,0.0,0.0,0.0,0.0,5,0,0,105.0,0.1509595681676675,15.095956816766757,95.74007209846464,SEC-002
AST-042,SEC-002,Delhi Main - Delhi Shahdara DOWN,DOWN,interlocking equipment,10.4,100.0,0.0,4,2026-05-30 02:30:00,62,COMPLETED,0.0,0.0,0.0,0.0,0.0,0.0,0.0,4,0,0,120.0,0.0245892749080248,2.458927490802482,62.73005877937534,SEC-002
AST-043,SEC-004,Delhi Shahdara - Sahibabad DOWN,DOWN,point machine,6.13,100.0,1.0,5,2026-06-08 02:10:00,53,COMPLETED,0.0,0.0,40.0,0.0,1.0,0.0,0.0,5,0,1,120.0,0.8127822552557562,81.27822552557562,52.37630899806643,SEC-004
AST-049,SEC-001,Delhi Main - Delhi Shahdara UP,UP,interlocking equipment,10.06,100.0,0.0,4,2026-06-11 02:00:00,50,COMPLETED,0.0,0.0,0.0,0.0,0.0,0.0,0.0,4,0,0,120.0,0.0295676559128721,2.9567655912872186,62.824804318704864,SEC-001
AST-051,SEC-001,Delhi Main - Delhi Shahdara UP,UP,axle counter,4.02,100.0,0.0,5,2026-05-29 01:33:00,63,COMPLETED,0.0,0.0,0.0,0.0,0.0,0.0,0.0,5,0,0,105.0,0.0112774052075433,1.1277405207543318,62.63841024099765,SEC-001
AST-055,SEC-006,Sahibabad - Ghaziabad DOWN,DOWN,signal,4.56,0.0,0.0,5,2026-05-05 02:14:00,87,COMPLETED,0.0,0.0,0.0,0.0,0.0,0.0,0.0,5,0,0,114.0,0.0298242246550744,2.9824224655074483,96.55963367061716,SEC-006
AST-056,SEC-005,Sahibabad - Ghaziabad UP,UP,interlocking equipment,9.69,100.0,1.0,5,2026-06-08 01:14:00,53,COMPLETED,0.0,0.0,0.0,0.0,0.0,0.0,0.0,5,0,0,105.0,0.1808372699618325,18.083726996183252,62.37657717014534,SEC-005
AST-060,SEC-003,Delhi Shahdara - Sahibabad UP,UP,interlocking equipment,6.29,100.0,0.0,6,2026-05-08 02:34:00,84,COMPLETED,0.0,0.0,0.0,0.0,0.0,0.0,0.0,6,1,0,95.0,0.7496819366223059,74.96819366223059,59.14531550775567,SEC-003
AST-061,SEC-002,Delhi Main - Delhi Shahdara DOWN,DOWN,track circuit,5.47,100.0,1.0,6,2026-06-11 02:17:00,50,COMPLETED,0.0,0.0,20.0,0.0,0.0,1.0,0.0,6,0,0,102.5,0.591657875777987,59.1657875777987,60.16843150565899,SEC-002
AST-062,SEC-004,Delhi Shahdara - Sahibabad DOWN,DOWN,track circuit,12.43,100.0,1.0,5,2026-06-21 02:06:00,40,COMPLETED,0.0,0.0,40.0,0.0,1.0,0.0,0.0,5,0,1,132.0,0.8014390288880789,80.1439028888079,52.79717777283156,SEC-004
AST-071,SEC-005,Sahibabad - Ghaziabad UP,UP,track circuit,4.57,100.0,0.0,4,2026-06-17 01:49:00,44,COMPLETED,0.0,0.0,0.0,0.0,0.0,0.0,0.0,4,0,0,120.0,0.0226656001788843,2.2665600178884358,62.97351544397525,SEC-005
AST-074,SEC-005,Sahibabad - Ghaziabad UP,UP,axle counter,4.84,100.0,0.0,5,2026-05-18 01:55:00,74,COMPLETED,0.0,0.0,0.0,0.0,0.0,0.0,0.0,5,0,0,105.0,0.0112774052075433,1.1277405207543318,62.09400761880678,SEC-005
AST-076,SEC-004,Delhi Shahdara - Sahibabad DOWN,DOWN,point machine,7.46,100.0,0.0,5,2026-06-15 02:00:00,46,COMPLETED,0.0,0.0,0.0,0.0,0.0,0.0,0.0,5,0,0,105.0,0.0135982183700273,1.3598218370027302,63.12700367392005,SEC-004
AST-078,SEC-005,Sahibabad - Ghaziabad UP,UP,track circuit,8.56,100.0,0.0,4,2026-05-28 02:16:00,64,COMPLETED,0.0,0.0,0.0,0.0,0.0,0.0,0.0,4,0,0,120.0,0.0188267902098483,1.8826790209848376,62.65443667273942,SEC-005
AST-093,SEC-005,Sahibabad - Ghaziabad UP,UP,track circuit,8.58,100.0,0.0,7,2026-06-20 02:03:00,41,COMPLETED,0.0,0.0,0.0,0.0,0.0,0.0,0.0,7,0,0,94.28571428571428,0.4942096043813505,49.420960438135054,62.09692771333267,SEC-005
AST-095,SEC-006,Sahibabad - Ghaziabad DOWN,DOWN,axle counter,5.95,100.0,0.0,4,2026-07-05 01:51:00,26,COMPLETED,0.0,0.0,0.0,0.0,0.0,0.0,0.0,4,0,0,120.0,0.0344447696192602,3.4444769619260254,63.8183414370404,SEC-006
AST-096,SEC-004,Delhi Shahdara - Sahibabad DOWN,DOWN,track circuit,4.0,100.0,0.0,6,2026-06-06 01:35:00,55,COMPLETED,0.0,0.0,0.0,0.0,0.0,0.0,0.0,6,1,0,95.0,0.7464307902478471,74.64307902478471,60.48844914076391,SEC-004
AST-098,SEC-004,Delhi Shahdara - Sahibabad DOWN,DOWN,axle counter,6.4,100.0,0.0,4,2026-05-27 02:25:00,65,COMPLETED,0.0,0.0,0.0,0.0,0.0,0.0,0.0,4,0,0,120.0,0.0245892749080248,2.458927490802482,62.55936490556764,SEC-004
AST-099,SEC-006,Sahibabad - Ghaziabad DOWN,DOWN,point machine,9.78,100.0,0.0,4,2026-07-11 02:07:00,20,COMPLETED,0.0,0.0,0.0,0.0,0.0,0.0,0.0,4,0,0,120.0,0.0438535411100401,4.385354111004016,63.97068593153098,SEC-006
AST-100,SEC-003,Delhi Shahdara - Sahibabad UP,UP,interlocking equipment,12.42,100.0,0.0,5,2026-06-29 01:57:00,32,COMPLETED,0.0,0.0,0.0,0.0,0.0,0.0,0.0,5,0,0,105.0,0.0167009874496845,1.670098744968456,63.75452673299091,SEC-003
AST-104,SEC-004,Delhi Shahdara - Sahibabad DOWN,DOWN,axle counter,11.36,48.5,1.0,5,2026-07-02 01:50:00,29,COMPLETED,0.0,0.0,30.0,0.0,0.0,0.0,1.0,5,0,0,105.0,0.3099114462602185,30.99114462602185,76.2631501719279,SEC-004
AST-105,SEC-004,Delhi Shahdara - Sahibabad DOWN,DOWN,signal,11.8,0.0,0.0,7,2026-06-17 01:58:00,44,COMPLETED,0.0,0.0,0.0,0.0,0.0,0.0,0.0,7,1,0,94.28571428571428,0.7673363506721056,76.73363506721056,94.25210268023152,SEC-004
AST-106,SEC-005,Sahibabad - Ghaziabad UP,UP,signal,5.36,0.0,0.0,4,2026-07-07 01:32:00,24,COMPLETED,0.0,0.0,0.0,0.0,0.0,0.0,0.0,4,0,0,120.0,0.0416882363861165,4.168823638611658,97.36365825024642,SEC-005
AST-107,SEC-006,Sahibabad - Ghaziabad DOWN,DOWN,axle counter,10.27,100.0,0.0,4,2026-07-04 02:30:00,27,COMPLETED,0.0,0.0,0.0,0.0,0.0,0.0,0.0,4,0,0,120.0,0.0344447696192602,3.4444769619260254,63.74271852072772,SEC-006
AST-108,SEC-005,Sahibabad - Ghaziabad UP,UP,axle counter,9.66,100.0,0.0,4,2026-07-07 01:47:00,24,COMPLETED,0.0,0.0,0.0,0.0,0.0,0.0,0.0,4,0,0,120.0,0.0344447696192602,3.4444769619260254,63.97068593153098,SEC-005
AST-109,SEC-004,Delhi Shahdara - Sahibabad DOWN,DOWN,interlocking equipment,12.34,100.0,0.0,4,2026-06-02 01:58:00,59,COMPLETED,0.0,0.0,0.0,0.0,0.0,0.0,0.0,4,0,0,120.0,0.0245892749080248,2.458927490802482,62.73005877937534,SEC-004
AST-114,SEC-001,Delhi Main - Delhi Shahdara UP,UP,point machine,7.71,100.0,2.0,7,2026-07-20 01:23:00,11,COMPLETED,0.0,0.0,40.0,0.0,0.0,2.0,0.0,7,0,1,120.0,0.9520173971047788,95.20173971047788,52.164543338926,SEC-001
AST-115,SEC-001,Delhi Main - Delhi Shahdara UP,UP,axle counter,8.71,100.0,0.0,6,2026-05-22 01:37:00,70,COMPLETED,0.0,0.0,0.0,0.0,0.0,0.0,0.0,6,1,0,95.0,0.6574519675488483,65.74519675488483,60.16299012363351,SEC-001
AST-118,SEC-005,Sahibabad - Ghaziabad UP,UP,interlocking equipment,9.47,100.0,1.0,7,2026-05-08 01:39:00,84,COMPLETED,0.0,0.0,0.0,0.0,0.0,0.0,0.0,7,1,2,126.42857142857144,0.9309214927850944,93.09214927850944,48.50973917132328,SEC-005
AST-120,SEC-006,Sahibabad - Ghaziabad DOWN,DOWN,axle counter,9.24,100.0,0.0,4,2026-06-10 02:11:00,51,COMPLETED,0.0,0.0,0.0,0.0,0.0,0.0,0.0,4,0,0,120.0,0.0295676559128721,2.9567655912872186,62.77668430605476,SEC-006
AST-122,SEC-001,Delhi Main - Delhi Shahdara UP,UP,signal,5.52,0.0,0.0,5,2026-05-09 01:49:00,83,COMPLETED,0.0,0.0,0.0,0.0,0.0,0.0,0.0,5,0,0,105.0,0.0137181736765909,1.371817367659094,96.82295165709668,SEC-001
AST-129,SEC-005,Sahibabad - Ghaziabad UP,UP,signal,9.21,0.0,0.0,4,2026-05-07 01:40:00,85,COMPLETED,0.0,0.0,0.0,0.0,0.0,0.0,0.0,4,0,0,120.0,0.0298242246550744,2.9824224655074483,96.73837190987716,SEC-005
AST-130,SEC-002,Delhi Main - Delhi Shahdara DOWN,DOWN,track circuit,12.39,100.0,0.0,5,2026-05-09 01:52:00,83,COMPLETED,0.0,0.0,0.0,0.0,0.0,0.0,0.0,5,0,0,114.0,0.0188267902098483,1.8826790209848376,61.68152946154758,SEC-002
AST-131,SEC-003,Delhi Shahdara - Sahibabad UP,UP,point machine,4.29,100.0,0.0,4,2026-06-17 01:42:00,44,COMPLETED,0.0,0.0,0.0,0.0,0.0,0.0,0.0,4,0,0,120.0,0.0295676559128721,2.9567655912872186,62.98614193763464,SEC-003
AST-136,SEC-005,Sahibabad - Ghaziabad UP,UP,signal,4.14,0.0,0.0,4,2026-05-13 01:52:00,79,COMPLETED,0.0,0.0,0.0,0.0,0.0,0.0,0.0,4,0,0,120.0,0.0298242246550744,2.9824224655074483,96.8806076444794,SEC-005
AST-138,SEC-006,Sahibabad - Ghaziabad DOWN,DOWN,axle counter,5.97,100.0,0.0,4,2026-05-09 02:07:00,83,COMPLETED,0.0,0.0,0.0,0.0,0.0,0.0,0.0,4,0,0,120.0,0.0245892749080248,2.458927490802482,61.68802306608387,SEC-006
AST-139,SEC-005,Sahibabad - Ghaziabad UP,UP,track circuit,10.03,100.0,1.0,5,2026-06-25 02:14:00,36,COMPLETED,0.0,0.0,0.0,0.0,0.0,0.0,0.0,5,0,0,105.0,0.1438585523743706,14.38585523743706,62.60071700263067,SEC-005
AST-145,SEC-005,Sahibabad - Ghaziabad UP,UP,track circuit,6.14,100.0,0.0,5,2026-07-11 01:34:00,20,COMPLETED,0.0,0.0,0.0,0.0,0.0,0.0,0.0,5,0,0,105.0,0.0163494769312908,1.63494769312908,63.81057123927699,SEC-005
AST-147,SEC-004,Delhi Shahdara - Sahibabad DOWN,DOWN,axle counter,5.04,100.0,0.0,6,2026-06-17 02:00:00,44,COMPLETED,0.0,0.0,0.0,0.0,0.0,0.0,0.0,6,1,2,140.0,0.9771340542628008,97.71340542628008,52.5231081866723,SEC-004
AST-149,SEC-005,Sahibabad - Ghaziabad UP,UP,axle counter,8.77,100.0,0.0,4,2026-07-08 02:21:00,23,COMPLETED,0.0,0.0,0.0,0.0,0.0,0.0,0.0,4,0,0,120.0,0.0344447696192602,3.4444769619260254,63.92879039332762,SEC-005
AST-157,SEC-004,Delhi Shahdara - Sahibabad DOWN,DOWN,axle counter,6.07,100.0,1.0,5,2026-07-07 04:40:00,24,COMPLETED,0.0,0.0,40.0,0.0,1.0,0.0,0.0,5,0,1,132.0,0.9023650573830184,90.23650573830184,52.70835758028304,SEC-004
AST-159,SEC-005,Sahibabad - Ghaziabad UP,UP,signal,4.6,0.0,0.0,4,2026-06-13 01:35:00,48,COMPLETED,0.0,0.0,0.0,0.0,0.0,0.0,0.0,4,0,0,120.0,0.0358235556673081,3.5823555667308096,97.08231714047425,SEC-005
AST-161,SEC-005,Sahibabad - Ghaziabad UP,UP,axle counter,10.93,100.0,0.0,4,2026-05-24 02:15:00,68,COMPLETED,0.0,0.0,0.0,0.0,0.0,0.0,0.0,4,0,0,120.0,0.0245892749080248,2.458927490802482,62.23269221857724,SEC-005
AST-164,SEC-002,Delhi Main - Delhi Shahdara DOWN,DOWN,signal,6.97,0.0,0.0,4,2026-07-06 01:54:00,25,COMPLETED,0.0,0.0,0.0,0.0,0.0,0.0,0.0,4,0,0,120.0,0.0416882363861165,4.168823638611658,97.35435560775468,SEC-002
AST-165,SEC-002,Delhi Main - Delhi Shahdara DOWN,DOWN,point machine,4.84,100.0,0.0,4,2026-05-10 01:32:00,82,COMPLETED,0.0,0.0,0.0,0.0,0.0,0.0,0.0,4,0,0,120.0,0.0245892749080248,2.458927490802482,61.74261481999467,SEC-002
AST-170,SEC-002,Delhi Main - Delhi Shahdara DOWN,DOWN,interlocking equipment,6.98,100.0,0.0,5,2026-05-10 02:22:00,82,COMPLETED,0.0,0.0,0.0,0.0,0.0,0.0,0.0,5,0,0,105.0,0.0112774052075433,1.1277405207543318,61.81204046479898,SEC-002
AST-172,SEC-003,Delhi Shahdara - Sahibabad UP,UP,interlocking equipment,9.25,100.0,0.0,6,2026-05-31 01:37:00,61,COMPLETED,0.0,0.0,0.0,0.0,0.0,0.0,0.0,6,1,0,95.0,0.6261399564095241,62.61399564095241,61.1564254905352,SEC-003
AST-173,SEC-003,Delhi Shahdara - Sahibabad UP,UP,axle counter,9.54,100.0,1.0,5,2026-05-09 01:55:00,83,COMPLETED,0.0,0.0,0.0,0.0,0.0,0.0,0.0,5,0,0,105.0,0.1272509715671507,12.725097156715073,61.48434462567715,SEC-003
AST-174,SEC-001,Delhi Main - Delhi Shahdara UP,UP,interlocking equipment,12.24,100.0,0.0,4,2026-06-29 01:46:00,32,COMPLETED,0.0,0.0,0.0,0.0,0.0,0.0,0.0,4,0,0,120.0,0.0344447696192602,3.4444769619260254,63.63085152501859,SEC-001
AST-177,SEC-005,Sahibabad - Ghaziabad UP,UP,track circuit,12.48,100.0,0.0,4,2026-05-11 02:18:00,81,COMPLETED,0.0,0.0,0.0,0.0,0.0,0.0,0.0,4,0,0,120.0,0.0159784321710607,1.597843217106079,61.90303779471827,SEC-005
AST-179,SEC-001,Delhi Main - Delhi Shahdara UP,UP,axle counter,8.58,100.0,1.0,5,2026-05-05 01:54:00,87,COMPLETED,0.0,0.0,0.0,0.0,0.0,0.0,0.0,5,0,0,105.0,0.1272509715671507,12.725097156715073,61.4424490874738,SEC-001
AST-181,SEC-005,Sahibabad - Ghaziabad UP,UP,axle counter,4.99,100.0,0.0,5,2026-06-26 01:51:00,35,COMPLETED,0.0,0.0,0.0,0.0,0.0,0.0,0.0,5,0,0,105.0,0.0135982183700273,1.3598218370027302,63.57671516413057,SEC-005
AST-184,SEC-002,Delhi Main - Delhi Shahdara DOWN,DOWN,signal,10.98,0.0,1.0,5,2026-07-16 02:26:00,15,COMPLETED,0.0,0.0,20.0,0.0,0.0,1.0,0.0,5,0,0,114.0,0.8862530151166222,88.62530151166223,93.7909546881617,SEC-002
AST-187,SEC-006,Sahibabad - Ghaziabad DOWN,DOWN,signal,6.68,0.0,0.0,4,2026-05-08 02:09:00,84,COMPLETED,0.0,0.0,0.0,0.0,0.0,0.0,0.0,4,0,0,120.0,0.0298242246550744,2.9824224655074483,96.66555431587398,SEC-006
AST-188,SEC-005,Sahibabad - Ghaziabad UP,UP,track circuit,8.57,100.0,0.0,4,2026-05-07 02:14:00,85,COMPLETED,0.0,0.0,0.0,0.0,0.0,0.0,0.0,4,0,0,120.0,0.0188267902098483,1.8826790209848376,61.7984720223711,SEC-005
AST-194,SEC-003,Delhi Shahdara - Sahibabad UP,UP,signal,10.58,0.0,1.0,8,2026-06-03 01:33:00,58,COMPLETED,0.0,0.0,20.0,0.0,0.0,1.0,0.0,8,1,1,116.25,0.9264158548172226,92.64158548172226,84.47134112802239,SEC-003
AST-195,SEC-002,Delhi Main - Delhi Shahdara DOWN,DOWN,axle counter,9.43,100.0,1.0,8,2026-05-20 02:04:00,72,COMPLETED,0.0,0.0,0.0,0.0,0.0,0.0,0.0,8,1,0,82.5,0.867969825945905,86.7969825945905,59.15620365487484,SEC-002
AST-198,SEC-006,Sahibabad - Ghaziabad DOWN,DOWN,track circuit,8.27,100.0,0.0,4,2026-06-27 02:20:00,34,COMPLETED,0.0,0.0,0.0,0.0,0.0,0.0,0.0,4,0,0,120.0,0.0226656001788843,2.2665600178884358,63.58718434216601,SEC-006
AST-200,SEC-003,Delhi Shahdara - Sahibabad UP,UP,interlocking equipment,8.94,100.0,1.0,5,2026-07-07 02:10:00,24,COMPLETED,0.0,0.0,20.0,0.0,0.0,1.0,0.0,5,0,0,114.0,0.8256380958075449,82.5638095807545,59.89096605141586,SEC-003
AST-205,SEC-005,Sahibabad - Ghaziabad UP,UP,axle counter,4.77,100.0,1.0,5,2026-05-21 01:58:00,71,COMPLETED,0.0,0.0,0.0,0.0,0.0,0.0,0.0,5,0,0,105.0,0.1272509715671507,12.725097156715073,61.59376189999704,SEC-005
AST-208,SEC-001,Delhi Main - Delhi Shahdara UP,UP,track circuit,12.93,100.0,0.0,4,2026-06-26 01:25:00,35,COMPLETED,0.0,0.0,0.0,0.0,0.0,0.0,0.0,4,0,0,120.0,0.0192478511347824,1.9247851134782463,63.64135125250844,SEC-001
AST-210,SEC-006,Sahibabad - Ghaziabad DOWN,DOWN,interlocking equipment,5.91,100.0,0.0,4,2026-07-16 01:48:00,15,COMPLETED,0.0,0.0,0.0,0.0,0.0,0.0,0.0,4,0,0,120.0,0.0459248674985679,4.592486749856799,63.866732987147145,SEC-006
AST-213,SEC-004,Delhi Shahdara - Sahibabad DOWN,DOWN,signal,11.6,0.0,2.0,7,2026-07-14 02:10:00,17,COMPLETED,0.0,0.0,20.0,0.0,0.0,1.0,0.0,7,1,0,100.71428571428572,0.8848399592621337,88.48399592621337,91.4290812641986,SEC-004
AST-214,SEC-004,Delhi Shahdara - Sahibabad DOWN,DOWN,signal,10.59,0.0,0.0,4,2026-05-23 01:51:00,69,COMPLETED,0.0,0.0,0.0,0.0,0.0,0.0,0.0,4,0,0,120.0,0.0298242246550744,2.9824224655074483,96.8025124376052,SEC-004
AST-217,SEC-003,Delhi Shahdara - Sahibabad UP,UP,interlocking equipment,7.31,100.0,1.0,5,2026-06-28 01:57:00,33,COMPLETED,0.0,0.0,20.0,0.0,0.0,1.0,0.0,5,0,0,114.0,0.8256380958075449,82.5638095807545,59.7271788409102,SEC-003
AST-221,SEC-003,Delhi Shahdara - Sahibabad UP,UP,interlocking equipment,12.08,100.0,1.0,5,2026-06-29 02:27:00,32,COMPLETED,0.0,0.0,20.0,0.0,0.0,1.0,0.0,5,0,0,114.0,0.8256380958075449,82.5638095807545,59.81079086022321,SEC-003
AST-223,SEC-004,Delhi Shahdara - Sahibabad DOWN,DOWN,track circuit,8.09,100.0,0.0,4,2026-06-29 01:31:00,32,COMPLETED,0.0,0.0,0.0,0.0,0.0,0.0,0.0,4,0,0,120.0,0.0264352493129561,2.64352493129561,63.603948939685054,SEC-004
AST-224,SEC-003,Delhi Shahdara - Sahibabad UP,UP,signal,8.66,0.0,1.0,6,2026-06-22 02:25:00,39,COMPLETED,0.0,0.0,20.0,0.0,0.0,1.0,0.0,6,0,0,102.5,0.7474694012009628,74.74694012009628,93.06198278609412,SEC-003
AST-226,SEC-002,Delhi Main - Delhi Shahdara DOWN,DOWN,track circuit,9.4,100.0,1.0,6,2026-06-24 01:36:00,37,COMPLETED,0.0,0.0,0.0,0.0,0.0,0.0,0.0,6,0,0,95.0,0.4672138469843383,46.72138469843383,61.813072152915645,SEC-002
AST-228,SEC-002,Delhi Main - Delhi Shahdara DOWN,DOWN,signal,6.53,0.0,0.0,6,2026-05-17 01:56:00,75,COMPLETED,0.0,0.0,0.0,0.0,0.0,0.0,0.0,6,1,0,110.0,0.6074067834809991,60.74067834809991,94.37031107054572,SEC-002
AST-231,SEC-005,Sahibabad - Ghaziabad UP,UP,track circuit,11.16,100.0,1.0,6,2026-07-03 01:37:00,28,COMPLETED,0.0,0.0,0.0,0.0,0.0,0.0,0.0,6,0,0,95.0,0.6166098075370186,61.66098075370186,62.21635356734894,SEC-005
AST-233,SEC-003,Delhi Shahdara - Sahibabad UP,UP,interlocking equipment,6.48,100.0,0.0,4,2026-05-29 02:18:00,63,COMPLETED,0.0,0.0,0.0,0.0,0.0,0.0,0.0,4,0,0,120.0,0.0245892749080248,2.458927490802482,62.55435475372738,SEC-003
AST-234,SEC-006,Sahibabad - Ghaziabad DOWN,DOWN,axle counter,8.58,100.0,0.0,4,2026-07-10 02:29:00,21,COMPLETED,0.0,0.0,0.0,0.0,0.0,0.0,0.0,4,0,0,120.0,0.0438535411100401,4.385354111004016,63.92879039332762,SEC-006
AST-239,SEC-001,Delhi Main - Delhi Shahdara UP,UP,track circuit,6.43,100.0,1.0,6,2026-07-06 02:05:00,25,COMPLETED,0.0,0.0,40.0,0.0,1.0,0.0,0.0,6,0,2,140.0,0.9642841291297056,96.42841291297056,48.73542759521015,SEC-001
AST-240,SEC-003,Delhi Shahdara - Sahibabad UP,UP,point machine,11.69,100.0,0.0,4,2026-05-17 01:50:00,75,COMPLETED,0.0,0.0,0.0,0.0,0.0,0.0,0.0,4,0,0,120.0,0.0245892749080248,2.458927490802482,62.138122823879925,SEC-003
AST-243,SEC-001,Delhi Main - Delhi Shahdara UP,UP,interlocking equipment,7.74,100.0,0.0,4,2026-06-13 01:27:00,48,COMPLETED,0.0,0.0,0.0,0.0,0.0,0.0,0.0,4,0,0,120.0,0.0295676559128721,2.9567655912872186,62.92091506022,SEC-001
AST-245,SEC-002,Delhi Main - Delhi Shahdara DOWN,DOWN,interlocking equipment,6.61,100.0,1.0,5,2026-06-18 02:09:00,43,COMPLETED,0.0,0.0,0.0,0.0,0.0,0.0,0.0,5,0,0,105.0,0.1808372699618325,18.083726996183252,62.26333438177628,SEC-002
AST-248,SEC-002,Delhi Main - Delhi Shahdara DOWN,DOWN,signal,12.86,0.0,0.0,4,2026-07-15 02:30:00,16,COMPLETED,0.0,0.0,0.0,0.0,0.0,0.0,0.0,4,0,0,120.0,0.0473228164370875,4.732281643708753,98.3085710562278,SEC-002
AST-251,SEC-005,Sahibabad - Ghaziabad UP,UP,track circuit,9.07,100.0,0.0,4,2026-05-19 01:54:00,73,COMPLETED,0.0,0.0,0.0,0.0,0.0,0.0,0.0,4,0,0,120.0,0.0188267902098483,1.8826790209848376,62.17852530823482,SEC-005
AST-252,SEC-001,Delhi Main - Delhi Shahdara UP,UP,interlocking equipment,11.39,100.0,0.0,5,2026-05-18 02:13:00,74,COMPLETED,0.0,0.0,0.0,0.0,0.0,0.0,0.0,5,0,0,105.0,0.0112774052075433,1.1277405207543318,62.27181918766712,SEC-001
AST-253,SEC-006,Sahibabad - Ghaziabad DOWN,DOWN,axle counter,4.68,100.0,0.0,4,2026-05-26 02:19:00,66,COMPLETED,0.0,0.0,0.0,0.0,0.0,0.0,0.0,4,0,0,120.0,0.0245892749080248,2.458927490802482,62.59857947036299,SEC-006
AST-255,SEC-001,Delhi Main - Delhi Shahdara UP,UP,axle counter,7.61,100.0,0.0,4,2026-07-03 01:54:00,28,COMPLETED,0.0,0.0,0.0,0.0,0.0,0.0,0.0,4,0,0,120.0,0.0344447696192602,3.4444769619260254,63.688551610385296,SEC-001
AST-256,SEC-002,Delhi Main - Delhi Shahdara DOWN,DOWN,signal,11.1,0.0,2.0,6,2026-06-07 01:37:00,54,COMPLETED,0.0,0.0,60.0,0.0,1.0,1.0,0.0,6,0,2,130.0,0.96751115392009,96.751115392009,80.2239655326519,SEC-002
AST-257,SEC-004,Delhi Shahdara - Sahibabad DOWN,DOWN,track circuit,9.95,100.0,0.0,5,2026-06-27 01:37:00,34,COMPLETED,0.0,0.0,0.0,0.0,0.0,0.0,0.0,5,0,0,105.0,0.0103840614667128,1.0384061466712835,63.78920959596035,SEC-004
AST-260,SEC-004,Delhi Shahdara - Sahibabad DOWN,DOWN,point machine,9.08,100.0,1.0,7,2026-05-09 02:29:00,83,COMPLETED,0.0,0.0,0.0,0.0,0.0,0.0,0.0,7,1,0,87.85714285714286,0.867969825945905,86.7969825945905,59.82805501417699,SEC-004
AST-264,SEC-005,Sahibabad - Ghaziabad UP,UP,point machine,10.3,100.0,1.0,5,2026-07-10 02:33:00,21,COMPLETED,0.0,0.0,20.0,0.0,0.0,1.0,0.0,5,0,0,114.0,0.8589157976567663,85.89157976567662,59.97239728676717,SEC-005
AST-265,SEC-004,Delhi Shahdara - Sahibabad DOWN,DOWN,signal,11.46,0.0,0.0,4,2026-07-13 01:35:00,18,COMPLETED,0.0,0.0,0.0,0.0,0.0,0.0,0.0,4,0,0,120.0,0.0554438832396305,5.544388323963053,97.81475705305104,SEC-004
AST-267,SEC-001,Delhi Main - Delhi Shahdara UP,UP,track circuit,6.38,100.0,0.0,4,2026-06-05 01:34:00,56,COMPLETED,0.0,0.0,0.0,0.0,0.0,0.0,0.0,4,0,0,120.0,0.0226656001788843,2.2665600178884358,62.68161253888298,SEC-001
AST-271,SEC-001,Delhi Main - Delhi Shahdara UP,UP,interlocking equipment,11.38,100.0,2.0,9,2026-07-28 15:16:00,3,COMPLETED,0.0,0.0,60.0,0.0,1.0,1.0,0.0,9,2,2,113.33333333333331,0.9630629152833986,96.30629152833986,40.59247738512609,SEC-001
AST-274,SEC-001,Delhi Main - Delhi Shahdara UP,UP,axle counter,11.1,100.0,0.0,6,2026-06-05 01:44:00,56,COMPLETED,0.0,0.0,0.0,0.0,0.0,0.0,0.0,6,0,1,107.5,0.3071152079561418,30.711520795614184,58.8216440998228,SEC-001
AST-276,SEC-002,Delhi Main - Delhi Shahdara DOWN,DOWN,track circuit,12.09,100.0,0.0,4,2026-06-22 02:22:00,39,COMPLETED,0.0,0.0,0.0,0.0,0.0,0.0,0.0,4,0,0,120.0,0.0226656001788843,2.2665600178884358,63.6222668466694,SEC-002
AST-278,SEC-003,Delhi Shahdara - Sahibabad UP,UP,signal,8.75,0.0,0.0,5,2026-06-01 02:03:00,60,COMPLETED,0.0,0.0,0.0,0.0,0.0,0.0,0.0,5,0,1,132.0,0.0566045555135778,5.66045555135778,91.03860258372434,SEC-003
AST-279,SEC-004,Delhi Shahdara - Sahibabad DOWN,DOWN,axle counter,12.47,100.0,0.0,5,2026-06-23 01:37:00,38,COMPLETED,0.0,0.0,0.0,0.0,0.0,0.0,0.0,5,0,0,105.0,0.0115316086105613,1.15316086105613,63.8029174455651,SEC-004
AST-280,SEC-004,Delhi Shahdara - Sahibabad DOWN,DOWN,track circuit,11.6,100.0,0.0,5,2026-06-24 02:17:00,37,COMPLETED,0.0,0.0,0.0,0.0,0.0,0.0,0.0,5,0,0,105.0,0.0103840614667128,1.0384061466712835,63.80148096809942,SEC-004
AST-281,SEC-005,Sahibabad - Ghaziabad UP,UP,axle counter,4.51,100.0,0.0,4,2026-05-24 02:24:00,68,COMPLETED,0.0,0.0,0.0,0.0,0.0,0.0,0.0,4,0,0,120.0,0.0245892749080248,2.458927490802482,62.12266810585839,SEC-005
AST-285,SEC-005,Sahibabad - Ghaziabad UP,UP,interlocking equipment,7.97,100.0,1.0,6,2026-05-08 02:08:00,84,COMPLETED,0.0,0.0,0.0,0.0,0.0,0.0,0.0,6,1,0,95.0,0.5789526670196588,57.89526670196587,59.7765912490315,SEC-005
AST-288,SEC-001,Delhi Main - Delhi Shahdara UP,UP,track circuit,7.64,100.0,0.0,5,2026-05-15 01:45:00,77,COMPLETED,0.0,0.0,0.0,0.0,0.0,0.0,0.0,5,0,0,105.0,0.0086070231304477,0.8607023130447792,62.18424818832885,SEC-001
AST-290,SEC-002,Delhi Main - Delhi Shahdara DOWN,DOWN,signal,8.49,0.0,1.0,6,2026-05-29 00:49:00,63,COMPLETED,0.0,0.0,0.0,0.0,0.0,0.0,0.0,6,1,0,95.0,0.6615836289495618,66.15836289495618,93.20940867822438,SEC-002
AST-291,SEC-003,Delhi Shahdara - Sahibabad UP,UP,axle counter,6.48,100.0,0.0,5,2026-05-06 01:37:00,86,COMPLETED,0.0,0.0,0.0,0.0,0.0,0.0,0.0,5,0,0,105.0,0.0112774052075433,1.1277405207543318,61.81027517860511,SEC-003
AST-293,SEC-003,Delhi Shahdara - Sahibabad UP,UP,point machine,11.24,100.0,0.0,4,2026-06-24 02:25:00,37,COMPLETED,0.0,0.0,0.0,0.0,0.0,0.0,0.0,4,0,0,120.0,0.0295676559128721,2.9567655912872186,63.64135125250844,SEC-003
AST-296,SEC-005,Sahibabad - Ghaziabad UP,UP,axle counter,9.03,100.0,1.0,5,2026-06-04 01:59:00,57,COMPLETED,0.0,0.0,40.0,0.0,1.0,0.0,0.0,5,0,1,132.0,0.9019736003345716,90.19736003345716,52.48116665843827,SEC-005
AST-297,SEC-006,Sahibabad - Ghaziabad DOWN,DOWN,interlocking equipment,11.0,100.0,0.0,5,2026-05-09 02:16:00,83,COMPLETED,0.0,0.0,0.0,0.0,0.0,0.0,0.0,5,0,0,105.0,0.0112774052075433,1.1277405207543318,62.0350548178031,SEC-006
AST-299,SEC-003,Delhi Shahdara - Sahibabad UP,UP,track circuit,7.95,100.0,0.0,4,2026-07-06 01:58:00,25,COMPLETED,0.0,0.0,0.0,0.0,0.0,0.0,0.0,4,0,0,120.0,0.0264352493129561,2.64352493129561,63.92879039332762,SEC-003
AST-300,SEC-004,Delhi Shahdara - Sahibabad DOWN,DOWN,track circuit,4.64,100.0,1.0,6,2026-06-14 01:49:00,47,COMPLETED,0.0,0.0,20.0,0.0,0.0,1.0,0.0,6,0,0,110.0,0.8970592353321446,89.70592353321446,58.78603160405041,SEC-004
AST-302,SEC-004,Delhi Shahdara - Sahibabad DOWN,DOWN,interlocking equipment,10.21,100.0,0.0,5,2026-07-04 02:22:00,27,COMPLETED,0.0,0.0,0.0,0.0,0.0,0.0,0.0,5,0,0,114.0,0.0344447696192602,3.4444769619260254,63.560271990411486,SEC-004
AST-304,SEC-005,Sahibabad - Ghaziabad UP,UP,track circuit,5.69,100.0,0.0,4,2026-05-21 01:44:00,71,COMPLETED,0.0,0.0,0.0,0.0,0.0,0.0,0.0,4,0,0,120.0,0.0188267902098483,1.8826790209848376,62.06807635194759,SEC-005
AST-312,SEC-003,Delhi Shahdara - Sahibabad UP,UP,track circuit,11.83,100.0,0.0,5,2026-07-07 01:38:00,24,COMPLETED,0.0,0.0,0.0,0.0,0.0,0.0,0.0,5,0,1,132.0,0.0503303556880249,5.033035568802493,58.27983068258126,SEC-003
AST-313,SEC-005,Sahibabad - Ghaziabad UP,UP,point machine,4.95,100.0,0.0,4,2026-05-26 02:11:00,66,COMPLETED,0.0,0.0,0.0,0.0,0.0,0.0,0.0,4,0,0,120.0,0.0245892749080248,2.458927490802482,62.59857947036299,SEC-005
AST-315,SEC-001,Delhi Main - Delhi Shahdara UP,UP,interlocking equipment,8.75,100.0,0.0,6,2026-05-05 02:12:00,87,COMPLETED,0.0,0.0,0.0,0.0,0.0,0.0,0.0,6,1,0,95.0,0.6574519675488483,65.74519675488483,59.585708885887165,SEC-001
AST-316,SEC-003,Delhi Shahdara - Sahibabad UP,UP,signal,6.4,0.0,0.0,4,2026-06-17 02:28:00,44,COMPLETED,0.0,0.0,0.0,0.0,0.0,0.0,0.0,4,0,0,120.0,0.0358235556673081,3.5823555667308096,96.95233357801382,SEC-003
AST-320,SEC-004,Delhi Shahdara - Sahibabad DOWN,DOWN,interlocking equipment,6.03,100.0,1.0,5,2026-06-15 02:25:00,46,COMPLETED,0.0,0.0,0.0,0.0,0.0,0.0,0.0,5,0,0,105.0,0.1808372699618325,18.083726996183252,62.2257030194922,SEC-004
AST-322,SEC-004,Delhi Shahdara - Sahibabad DOWN,DOWN,signal,12.07,0.0,0.0,5,2026-06-08 01:51:00,53,COMPLETED,0.0,0.0,0.0,0.0,0.0,0.0,0.0,5,0,0,105.0,0.0165328812828587,1.6532881282858785,97.9006753103911,SEC-004
AST-325,SEC-003,Delhi Shahdara - Sahibabad UP,UP,point machine,10.4,100.0,0.0,5,2026-06-08 02:01:00,53,COMPLETED,0.0,0.0,0.0,0.0,0.0,0.0,0.0,5,0,0,105.0,0.0135982183700273,1.3598218370027302,63.01150181529289,SEC-003
AST-327,SEC-002,Delhi Main - Delhi Shahdara DOWN,DOWN,point machine,5.55,100.0,1.0,5,2026-05-31 01:34:00,61,COMPLETED,0.0,0.0,0.0,0.0,0.0,0.0,0.0,5,0,0,105.0,0.1272509715671507,12.725097156715073,62.033793353182304,SEC-002
AST-329,SEC-006,Sahibabad - Ghaziabad DOWN,DOWN,signal,5.4,0.0,0.0,4,2026-06-12 02:26:00,49,COMPLETED,0.0,0.0,0.0,0.0,0.0,0.0,0.0,4,0,0,120.0,0.0358235556673081,3.5823555667308096,96.96163622050555,SEC-006
AST-333,SEC-004,Delhi Shahdara - Sahibabad DOWN,DOWN,point machine,8.2,100.0,1.0,6,2026-05-29 02:08:00,63,COMPLETED,0.0,0.0,0.0,0.0,0.0,0.0,0.0,6,0,0,95.0,0.5454264041456339,54.542640414563394,61.48518725307529,SEC-004
AST-336,SEC-006,Sahibabad - Ghaziabad DOWN,DOWN,point machine,10.9,100.0,0.0,4,2026-06-17 01:37:00,44,COMPLETED,0.0,0.0,0.0,0.0,0.0,0.0,0.0,4,0,0,120.0,0.0295676559128721,2.9567655912872186,63.083539556694106,SEC-006
AST-338,SEC-005,Sahibabad - Ghaziabad UP,UP,interlocking equipment,12.7,100.0,0.0,4,2026-06-12 01:43:00,49,COMPLETED,0.0,0.0,0.0,0.0,0.0,0.0,0.0,4,0,0,120.0,0.0251359121078985,2.5135912107898544,62.91050914229595,SEC-005
AST-340,SEC-004,Delhi Shahdara - Sahibabad DOWN,DOWN,interlocking equipment,9.6,100.0,0.0,4,2026-05-16 02:28:00,76,COMPLETED,0.0,0.0,0.0,0.0,0.0,0.0,0.0,4,0,0,120.0,0.0245892749080248,2.458927490802482,62.14730664803435,SEC-004
AST-341,SEC-006,Sahibabad - Ghaziabad DOWN,DOWN,signal,6.71,0.0,0.0,5,2026-05-14 02:14:00,78,COMPLETED,0.0,0.0,0.0,0.0,0.0,0.0,0.0,5,0,0,105.0,0.0137181736765909,1.371817367659094,96.83832884621212,SEC-006
AST-342,SEC-004,Delhi Shahdara - Sahibabad DOWN,DOWN,track circuit,7.96,100.0,0.0,5,2026-07-03 02:20:00,28,COMPLETED,0.0,0.0,0.0,0.0,0.0,0.0,0.0,5,0,0,105.0,0.0127629305664845,1.2762930566484585,63.79352724219143,SEC-004
AST-344,SEC-001,Delhi Main - Delhi Shahdara UP,UP,track circuit,10.1,100.0,0.0,6,2026-07-15 02:21:00,16,COMPLETED,0.0,0.0,0.0,0.0,0.0,0.0,0.0,6,1,0,95.0,0.630164769932073,63.016476993207306,62.39080178838555,SEC-001
AST-345,SEC-005,Sahibabad - Ghaziabad UP,UP,interlocking equipment,9.27,100.0,0.0,4,2026-07-13 02:21:00,18,COMPLETED,0.0,0.0,0.0,0.0,0.0,0.0,0.0,4,0,0,120.0,0.0459248674985679,4.592486749856799,63.95065339104299,SEC-005
AST-348,SEC-006,Sahibabad - Ghaziabad DOWN,DOWN,interlocking equipment,5.49,100.0,1.0,9,2026-07-03 00:36:00,28,COMPLETED,0.0,0.0,0.0,0.0,0.0,0.0,0.0,9,1,0,83.33333333333333,0.95698075644706,95.698075644706,60.41512201380048,SEC-006
AST-350,SEC-006,Sahibabad - Ghaziabad DOWN,DOWN,axle counter,5.51,100.0,0.0,4,2026-07-12 02:05:00,19,COMPLETED,0.0,0.0,0.0,0.0,0.0,0.0,0.0,4,0,0,120.0,0.0459248674985679,4.592486749856799,63.84302126864759,SEC-006
AST-356,SEC-003,Delhi Shahdara - Sahibabad UP,UP,axle counter,9.56,100.0,1.0,7,2026-06-24 01:50:00,37,COMPLETED,0.0,0.0,0.0,0.0,0.0,0.0,0.0,7,1,0,87.85714285714286,0.894961744648487,89.49617446484869,61.676450077678,SEC-003
AST-357,SEC-005,Sahibabad - Ghaziabad UP,UP,track circuit,4.93,100.0,1.0,5,2026-05-11 01:56:00,81,COMPLETED,0.0,0.0,0.0,0.0,0.0,0.0,0.0,5,0,0,105.0,0.0998936670028858,9.989366700288588,61.26410747613807,SEC-005
AST-358,SEC-004,Delhi Shahdara - Sahibabad DOWN,DOWN,signal,6.02,0.0,1.0,5,2026-05-15 02:07:00,77,COMPLETED,0.0,0.0,40.0,0.0,1.0,0.0,0.0,5,0,1,132.0,0.8102788340686041,81.02788340686041,86.33927703413133,SEC-004
AST-359,SEC-001,Delhi Main - Delhi Shahdara UP,UP,track circuit,11.41,100.0,0.0,4,2026-06-28 02:21:00,33,COMPLETED,0.0,0.0,0.0,0.0,0.0,0.0,0.0,4,0,0,120.0,0.0264352493129561,2.64352493129561,63.64135125250844,SEC-001
AST-361,SEC-004,Delhi Shahdara - Sahibabad DOWN,DOWN,track circuit,7.95,100.0,0.0,4,2026-06-08 01:43:00,53,COMPLETED,0.0,0.0,0.0,0.0,0.0,0.0,0.0,4,0,0,120.0,0.0226656001788843,2.2665600178884358,62.77668430605476,SEC-004
AST-362,SEC-003,Delhi Shahdara - Sahibabad UP,UP,axle counter,12.87,100.0,0.0,6,2026-06-27 01:50:00,34,COMPLETED,0.0,0.0,0.0,0.0,0.0,0.0,0.0,6,0,0,95.0,0.3022730073811867,30.227300738118668,62.682174597969286,SEC-003
AST-364,SEC-001,Delhi Main - Delhi Shahdara UP,UP,point machine,10.81,100.0,1.0,6,2026-06-21 00:47:00,40,COMPLETED,0.0,0.0,0.0,0.0,0.0,0.0,0.0,6,0,0,95.0,0.6449718532559056,64.49718532559055,62.22267437904262,SEC-001
AST-365,SEC-001,Delhi Main - Delhi Shahdara UP,UP,axle counter,6.64,100.0,0.0,4,2026-06-14 01:41:00,47,COMPLETED,0.0,0.0,0.0,0.0,0.0,0.0,0.0,4,0,0,120.0,0.0295676559128721,2.9567655912872186,62.95655505234853,SEC-001
AST-370,SEC-005,Sahibabad - Ghaziabad UP,UP,axle counter,10.3,100.0,1.0,6,2026-07-13 02:04:00,18,COMPLETED,0.0,0.0,30.0,0.0,0.0,0.0,1.0,6,0,1,117.5,0.9520173971047788,95.20173971047788,53.04751360036078,SEC-005
AST-373,SEC-001,Delhi Main - Delhi Shahdara UP,UP,axle counter,7.58,100.0,0.0,4,2026-05-30 01:41:00,62,COMPLETED,0.0,0.0,0.0,0.0,0.0,0.0,0.0,4,0,0,120.0,0.0245892749080248,2.458927490802482,62.65443667273942,SEC-001
AST-374,SEC-005,Sahibabad - Ghaziabad UP,UP,signal,7.36,0.0,0.0,6,2026-05-20 01:30:00,72,COMPLETED,0.0,0.0,0.0,0.0,0.0,0.0,0.0,6,1,0,110.0,0.6074067834809991,60.74067834809991,94.49385532697896,SEC-005
AST-378,SEC-005,Sahibabad - Ghaziabad UP,UP,axle counter,4.97,100.0,0.0,5,2026-06-07 02:23:00,54,COMPLETED,0.0,0.0,0.0,0.0,0.0,0.0,0.0,5,0,0,105.0,0.0135982183700273,1.3598218370027302,62.78673601132404,SEC-005
AST-380,SEC-005,Sahibabad - Ghaziabad UP,UP,axle counter,7.55,100.0,0.0,4,2026-07-07 02:01:00,24,COMPLETED,0.0,0.0,0.0,0.0,0.0,0.0,0.0,4,0,0,120.0,0.0344447696192602,3.4444769619260254,63.92879039332762,SEC-005
AST-381,SEC-004,Delhi Shahdara - Sahibabad DOWN,DOWN,axle counter,7.86,100.0,0.0,6,2026-05-26 02:14:00,66,COMPLETED,0.0,0.0,0.0,0.0,0.0,0.0,0.0,6,0,0,95.0,0.6261399564095241,62.61399564095241,61.29430488993096,SEC-004
AST-387,SEC-006,Sahibabad - Ghaziabad DOWN,DOWN,interlocking equipment,10.51,100.0,0.0,6,2026-06-25 01:53:00,36,COMPLETED,0.0,0.0,0.0,0.0,0.0,0.0,0.0,6,0,1,125.0,0.4394433284150354,43.94433284150354,57.46745431574413,SEC-006
AST-390,SEC-004,Delhi Shahdara - Sahibabad DOWN,DOWN,signal,10.12,0.0,0.0,5,2026-07-31 01:45:00,0,COMPLETED,0.0,0.0,0.0,0.0,0.0,0.0,0.0,5,0,0,120.0,0.0508310109221288,5.0831010922128845,100.0,SEC-004
AST-392,SEC-001,Delhi Main - Delhi Shahdara UP,UP,axle counter,5.77,100.0,0.0,4,2026-05-19 01:39:00,73,COMPLETED,0.0,0.0,0.0,0.0,0.0,0.0,0.0,4,0,0,120.0,0.0245892749080248,2.458927490802482,62.06807635194759,SEC-001
AST-393,SEC-004,Delhi Shahdara - Sahibabad DOWN,DOWN,axle counter,10.8,100.0,0.0,4,2026-05-23 02:14:00,69,COMPLETED,0.0,0.0,0.0,0.0,0.0,0.0,0.0,4,0,0,120.0,0.0245892749080248,2.458927490802482,62.23269221857724,SEC-004
AST-398,SEC-003,Delhi Shahdara - Sahibabad UP,UP,point machine,12.08,100.0,0.0,5,2026-05-25 02:02:00,67,COMPLETED,0.0,0.0,0.0,0.0,0.0,0.0,0.0,5,0,0,105.0,0.0112774052075433,1.1277405207543318,62.64253423635795,SEC-003
AST-400,SEC-004,Delhi Shahdara - Sahibabad DOWN,DOWN,track circuit,8.41,100.0,0.0,4,2026-05-06 02:20:00,86,COMPLETED,0.0,0.0,0.0,0.0,0.0,0.0,0.0,4,0,0,120.0,0.0188267902098483,1.8826790209848376,61.7984720223711,SEC-004
AST-401,SEC-002,Delhi Main - Delhi Shahdara DOWN,DOWN,point machine,4.54,100.0,2.0,6,2026-06-27 02:14:00,34,COMPLETED,0.0,0.0,40.0,0.0,1.0,0.0,0.0,6,0,1,117.5,0.940909835397868,94.0909835397868,51.51532413434696,SEC-002
AST-403,SEC-005,Sahibabad - Ghaziabad UP,UP,track circuit,5.2,100.0,0.0,4,2026-07-02 02:15:00,29,COMPLETED,0.0,0.0,0.0,0.0,0.0,0.0,0.0,4,0,0,120.0,0.0264352493129561,2.64352493129561,63.63269440800887,SEC-005
AST-404,SEC-006,Sahibabad - Ghaziabad DOWN,DOWN,track circuit,8.52,100.0,1.0,5,2026-06-16 02:18:00,45,COMPLETED,0.0,0.0,0.0,0.0,0.0,0.0,0.0,5,0,0,105.0,0.1438585523743706,14.38585523743706,62.48855811795814,SEC-006
AST-409,SEC-002,Delhi Main - Delhi Shahdara DOWN,DOWN,track circuit,9.71,100.0,0.0,4,2026-06-28 01:29:00,33,COMPLETED,0.0,0.0,0.0,0.0,0.0,0.0,0.0,4,0,0,120.0,0.0264352493129561,2.64352493129561,63.62907988036937,SEC-002
AST-410,SEC-001,Delhi Main - Delhi Shahdara UP,UP,signal,12.0,0.0,0.0,4,2026-05-04 01:43:00,88,COMPLETED,0.0,0.0,0.0,0.0,0.0,0.0,0.0,4,0,0,120.0,0.0298242246550744,2.9824224655074483,96.95598688137832,SEC-001
AST-414,SEC-003,Delhi Shahdara - Sahibabad UP,UP,interlocking equipment,4.19,100.0,0.0,4,2026-07-16 02:11:00,15,COMPLETED,0.0,0.0,0.0,0.0,0.0,0.0,0.0,4,0,0,120.0,0.0459248674985679,4.592486749856799,63.87299340950376,SEC-003
AST-417,SEC-005,Sahibabad - Ghaziabad UP,UP,interlocking equipment,4.57,100.0,0.0,4,2026-05-25 02:26:00,67,COMPLETED,0.0,0.0,0.0,0.0,0.0,0.0,0.0,4,0,0,120.0,0.0245892749080248,2.458927490802482,62.32459519973451,SEC-005
AST-418,SEC-005,Sahibabad - Ghaziabad UP,UP,point machine,10.95,100.0,0.0,5,2026-05-31 02:24:00,61,COMPLETED,0.0,0.0,0.0,0.0,0.0,0.0,0.0,5,0,0,114.0,0.0245892749080248,2.458927490802482,62.53749411191591,SEC-005
AST-421,SEC-006,Sahibabad - Ghaziabad DOWN,DOWN,axle counter,9.63,100.0,1.0,5,2026-07-06 01:39:00,25,COMPLETED,0.0,0.0,0.0,0.0,0.0,0.0,0.0,5,0,0,105.0,0.2881945288242946,28.819452882429463,62.70084067658355,SEC-006
AST-424,SEC-003,Delhi Shahdara - Sahibabad UP,UP,axle counter,9.15,100.0,0.0,5,2026-05-09 01:40:00,83,COMPLETED,0.0,0.0,0.0,0.0,0.0,0.0,0.0,5,0,0,105.0,0.0112774052075433,1.1277405207543318,61.9791226212668,SEC-003
AST-427,SEC-002,Delhi Main - Delhi Shahdara DOWN,DOWN,point machine,7.35,100.0,0.0,4,2026-05-24 01:34:00,68,COMPLETED,0.0,0.0,0.0,0.0,0.0,0.0,0.0,4,0,0,120.0,0.0245892749080248,2.458927490802482,62.16856945284317,SEC-002
AST-429,SEC-004,Delhi Shahdara - Sahibabad DOWN,DOWN,track circuit,12.92,100.0,1.0,6,2026-06-18 01:29:00,43,COMPLETED,0.0,0.0,20.0,0.0,0.0,1.0,0.0,6,0,0,110.0,0.6142496181234404,61.42496181234404,59.34459831996181,SEC-004
AST-430,SEC-001,Delhi Main - Delhi Shahdara UP,UP,track circuit,10.09,100.0,0.0,4,2026-06-28 01:45:00,33,COMPLETED,0.0,0.0,0.0,0.0,0.0,0.0,0.0,4,0,0,120.0,0.0264352493129561,2.64352493129561,63.62907988036937,SEC-001
AST-433,SEC-002,Delhi Main - Delhi Shahdara DOWN,DOWN,axle counter,10.04,100.0,0.0,8,2026-07-03 02:05:00,28,COMPLETED,0.0,0.0,0.0,0.0,0.0,0.0,0.0,8,2,0,82.5,0.9172770234112092,91.72770234112092,58.90225026715514,SEC-002
AST-435,SEC-001,Delhi Main - Delhi Shahdara UP,UP,point machine,9.95,100.0,0.0,5,2026-07-02 01:54:00,29,COMPLETED,0.0,0.0,0.0,0.0,0.0,0.0,0.0,5,0,0,105.0,0.0167009874496845,1.670098744968456,63.83542278039479,SEC-001
AST-437,SEC-006,Sahibabad - Ghaziabad DOWN,DOWN,signal,4.06,0.0,1.0,5,2026-06-28 01:40:00,33,COMPLETED,0.0,0.0,20.0,0.0,0.0,1.0,0.0,5,0,0,114.0,0.852383074049662,85.23830740496619,93.77288296544047,SEC-006
AST-439,SEC-003,Delhi Shahdara - Sahibabad UP,UP,point machine,11.24,100.0,0.0,4,2026-05-13 02:19:00,79,COMPLETED,0.0,0.0,0.0,0.0,0.0,0.0,0.0,4,0,0,120.0,0.0245892749080248,2.458927490802482,61.98801839420476,SEC-003
AST-441,SEC-002,Delhi Main - Delhi Shahdara DOWN,DOWN,signal,5.97,0.0,1.0,5,2026-06-04 01:51:00,57,COMPLETED,0.0,0.0,20.0,0.0,0.0,1.0,0.0,5,0,0,114.0,0.8518241264324637,85.18241264324638,93.22573579432806,SEC-002
AST-445,SEC-002,Delhi Main - Delhi Shahdara DOWN,DOWN,axle counter,9.25,100.0,0.0,4,2026-06-28 01:57:00,33,COMPLETED,0.0,0.0,0.0,0.0,0.0,0.0,0.0,4,0,0,120.0,0.0344447696192602,3.4444769619260254,63.58718434216601,SEC-002
AST-447,SEC-001,Delhi Main - Delhi Shahdara UP,UP,point machine,12.87,100.0,1.0,5,2026-06-22 02:15:00,39,COMPLETED,0.0,0.0,40.0,0.0,1.0,0.0,0.0,5,0,1,132.0,0.8177671997656657,81.77671997656657,52.79717777283156,SEC-001
AST-450,SEC-002,Delhi Main - Delhi Shahdara DOWN,DOWN,signal,9.35,0.0,1.0,5,2026-06-06 02:00:00,55,COMPLETED,0.0,0.0,20.0,0.0,0.0,1.0,0.0,5,0,0,114.0,0.7681446383053753,76.81446383053753,93.47254004727208,SEC-002
AST-452,SEC-003,Delhi Shahdara - Sahibabad UP,UP,track circuit,12.1,100.0,0.0,4,2026-06-16 01:48:00,45,COMPLETED,0.0,0.0,0.0,0.0,0.0,0.0,0.0,4,0,0,120.0,0.0226656001788843,2.2665600178884358,63.083539556694106,SEC-003
AST-453,SEC-006,Sahibabad - Ghaziabad DOWN,DOWN,track circuit,6.65,100.0,0.0,4,2026-06-01 02:11:00,60,COMPLETED,0.0,0.0,0.0,0.0,0.0,0.0,0.0,4,0,0,120.0,0.0188267902098483,1.8826790209848376,62.58161907873627,SEC-006
AST-455,SEC-006,Sahibabad - Ghaziabad DOWN,DOWN,track circuit,7.31,100.0,0.0,4,2026-07-09 02:29:00,22,COMPLETED,0.0,0.0,0.0,0.0,0.0,0.0,0.0,4,0,0,120.0,0.0264352493129561,2.64352493129561,63.91883453793598,SEC-006
AST-462,SEC-006,Sahibabad - Ghaziabad DOWN,DOWN,point machine,5.02,100.0,1.0,5,2026-05-20 02:09:00,72,COMPLETED,0.0,0.0,0.0,0.0,0.0,0.0,0.0,5,0,0,105.0,0.1272509715671507,12.725097156715073,61.59376189999704,SEC-006
AST-464,SEC-001,Delhi Main - Delhi Shahdara UP,UP,interlocking equipment,11.54,100.0,0.0,5,2026-06-16 01:47:00,45,COMPLETED,0.0,0.0,0.0,0.0,0.0,0.0,0.0,5,0,0,105.0,0.0135982183700273,1.3598218370027302,63.2172359204813,SEC-001
AST-466,SEC-001,Delhi Main - Delhi Shahdara UP,UP,interlocking equipment,7.86,100.0,0.0,4,2026-05-04 02:21:00,88,COMPLETED,0.0,0.0,0.0,0.0,0.0,0.0,0.0,4,0,0,120.0,0.0245892749080248,2.458927490802482,61.771207697362215,SEC-001
AST-467,SEC-001,Delhi Main - Delhi Shahdara UP,UP,interlocking equipment,4.77,100.0,0.0,4,2026-05-04 01:31:00,88,COMPLETED,0.0,0.0,0.0,0.0,0.0,0.0,0.0,4,0,0,120.0,0.0245892749080248,2.458927490802482,61.715350494985785,SEC-001
AST-474,SEC-004,Delhi Shahdara - Sahibabad DOWN,DOWN,interlocking equipment,6.57,100.0,0.0,4,2026-06-17 01:40:00,44,COMPLETED,0.0,0.0,0.0,0.0,0.0,0.0,0.0,4,0,0,120.0,0.0295676559128721,2.9567655912872186,62.97801024864202,SEC-004
AST-478,SEC-005,Sahibabad - Ghaziabad UP,UP,axle counter,4.54,100.0,0.0,4,2026-05-26 01:48:00,66,COMPLETED,0.0,0.0,0.0,0.0,0.0,0.0,0.0,4,0,0,120.0,0.0245892749080248,2.458927490802482,62.59857947036299,SEC-005
AST-483,SEC-003,Delhi Shahdara - Sahibabad UP,UP,axle counter,10.24,100.0,2.0,6,2026-06-28 02:32:00,33,COMPLETED,0.0,0.0,40.0,0.0,0.0,2.0,0.0,6,0,1,115.0,0.9363228369325372,93.63228369325373,51.86228252819544,SEC-003
AST-485,SEC-003,Delhi Shahdara - Sahibabad UP,UP,signal,11.53,0.0,0.0,4,2026-05-15 01:58:00,77,COMPLETED,0.0,0.0,0.0,0.0,0.0,0.0,0.0,4,0,0,120.0,0.0298242246550744,2.9824224655074483,96.95598688137832,SEC-003
AST-489,SEC-005,Sahibabad - Ghaziabad UP,UP,axle counter,8.35,70.0,1.0,4,2026-05-31 02:18:00,61,COMPLETED,0.0,0.0,30.0,0.0,0.0,0.0,1.0,4,0,0,120.0,0.6655900748347291,66.55900748347291,63.61996771389315,SEC-005
AST-496,SEC-006,Sahibabad - Ghaziabad DOWN,DOWN,point machine,6.29,100.0,0.0,4,2026-05-26 02:00:00,66,COMPLETED,0.0,0.0,0.0,0.0,0.0,0.0,0.0,4,0,0,120.0,0.0245892749080248,2.458927490802482,62.55936490556764,SEC-006
AST-500,SEC-002,Delhi Main - Delhi Shahdara DOWN,DOWN,track circuit,8.64,100.0,1.0,7,2026-05-31 02:23:00,61,COMPLETED,0.0,0.0,0.0,0.0,0.0,0.0,0.0,7,1,0,87.85714285714286,0.7309233152566093,73.09233152566092,61.39877161882502,SEC-002
AST-502,SEC-005,Sahibabad - Ghaziabad UP,UP,interlocking equipment,7.31,100.0,0.0,5,2026-05-07 01:58:00,85,COMPLETED,0.0,0.0,0.0,0.0,0.0,0.0,0.0,5,0,0,105.0,0.0112774052075433,1.1277405207543318,61.84914881483096,SEC-005
AST-504,SEC-003,Delhi Shahdara - Sahibabad UP,UP,track circuit,9.48,100.0,0.0,4,2026-06-12 01:39:00,49,COMPLETED,0.0,0.0,0.0,0.0,0.0,0.0,0.0,4,0,0,120.0,0.0226656001788843,2.2665600178884358,62.92550209516577,SEC-003
AST-506,SEC-002,Delhi Main - Delhi Shahdara DOWN,DOWN,track circuit,10.13,100.0,0.0,5,2026-07-12 02:02:00,19,COMPLETED,0.0,0.0,0.0,0.0,0.0,0.0,0.0,5,0,0,105.0,0.0171450033499267,1.7145003349926728,64.05894558242612,SEC-002
AST-507,SEC-006,Sahibabad - Ghaziabad DOWN,DOWN,interlocking equipment,9.88,100.0,0.0,4,2026-05-15 01:40:00,77,COMPLETED,0.0,0.0,0.0,0.0,0.0,0.0,0.0,4,0,0,120.0,0.0245892749080248,2.458927490802482,62.06694832393,SEC-006
AST-509,SEC-001,Delhi Main - Delhi Shahdara UP,UP,point machine,4.1,100.0,0.0,4,2026-07-05 01:51:00,26,COMPLETED,0.0,0.0,0.0,0.0,0.0,0.0,0.0,4,0,0,120.0,0.0344447696192602,3.4444769619260254,63.87332138069939,SEC-001
AST-511,SEC-004,Delhi Shahdara - Sahibabad DOWN,DOWN,interlocking equipment,4.18,100.0,1.0,5,2026-05-07 02:19:00,85,COMPLETED,0.0,0.0,0.0,0.0,0.0,0.0,0.0,5,0,0,105.0,0.1272509715671507,12.725097156715073,62.1427511726821,SEC-004
AST-514,SEC-001,Delhi Main - Delhi Shahdara UP,UP,point machine,9.88,100.0,0.0,5,2026-06-15 02:21:00,46,COMPLETED,0.0,0.0,0.0,0.0,0.0,0.0,0.0,5,0,0,114.0,0.0295676559128721,2.9567655912872186,62.9001587133891,SEC-001
AST-517,SEC-006,Sahibabad - Ghaziabad DOWN,DOWN,point machine,11.67,100.0,1.0,5,2026-06-21 01:06:00,40,COMPLETED,0.0,0.0,0.0,0.0,0.0,0.0,0.0,5,0,0,105.0,0.1808372699618325,18.083726996183252,62.614424852235416,SEC-006
AST-520,SEC-006,Sahibabad - Ghaziabad DOWN,DOWN,signal,9.6,75.0,1.0,5,2026-07-24 05:59:00,7,COMPLETED,0.0,0.0,40.0,0.0,1.0,0.0,0.0,5,0,1,132.0,0.9383000205098964,93.83000205098963,60.30451012234286,SEC-006
AST-524,SEC-005,Sahibabad - Ghaziabad UP,UP,track circuit,4.37,100.0,1.0,5,2026-06-26 01:22:00,35,COMPLETED,0.0,0.0,20.0,0.0,0.0,1.0,0.0,5,0,0,114.0,0.7377827487730932,73.77827487730933,59.50785129492868,SEC-005
AST-529,SEC-001,Delhi Main - Delhi Shahdara UP,UP,track circuit,6.6,100.0,0.0,4,2026-05-25 01:40:00,67,COMPLETED,0.0,0.0,0.0,0.0,0.0,0.0,0.0,4,0,0,120.0,0.0188267902098483,1.8826790209848376,62.33489913311667,SEC-001
AST-533,SEC-006,Sahibabad - Ghaziabad DOWN,DOWN,interlocking equipment,12.66,100.0,1.0,5,2026-06-25 02:16:00,36,COMPLETED,0.0,0.0,0.0,0.0,0.0,0.0,0.0,5,0,0,105.0,0.157410208679974,15.7410208679974,62.61475366096361,SEC-006
AST-534,SEC-006,Sahibabad - Ghaziabad DOWN,DOWN,point machine,7.0,100.0,0.0,4,2026-05-21 01:57:00,71,COMPLETED,0.0,0.0,0.0,0.0,0.0,0.0,0.0,4,0,0,120.0,0.0245892749080248,2.458927490802482,62.10570771423166,SEC-006
AST-538,SEC-004,Delhi Shahdara - Sahibabad DOWN,DOWN,interlocking equipment,5.0,100.0,0.0,6,2026-05-10 02:19:00,82,COMPLETED,0.0,0.0,0.0,0.0,0.0,0.0,0.0,6,1,0,95.0,0.7496819366223059,74.96819366223059,59.14113839835237,SEC-004
AST-544,SEC-003,Delhi Shahdara - Sahibabad UP,UP,signal,6.77,0.0,0.0,4,2026-06-11 01:50:00,50,COMPLETED,0.0,0.0,0.0,0.0,0.0,0.0,0.0,4,0,0,120.0,0.0358235556673081,3.5823555667308096,96.95233357801382,SEC-003
AST-545,SEC-005,Sahibabad - Ghaziabad UP,UP,axle counter,9.13,100.0,2.0,6,2026-07-15 01:43:00,16,COMPLETED,0.0,0.0,20.0,0.0,0.0,1.0,0.0,6,0,0,102.5,0.8250483920369514,82.50483920369514,60.24477624803992,SEC-005
AST-556,SEC-003,Delhi Shahdara - Sahibabad UP,UP,point machine,12.02,100.0,0.0,4,2026-05-20 01:33:00,72,COMPLETED,0.0,0.0,0.0,0.0,0.0,0.0,0.0,4,0,0,120.0,0.0245892749080248,2.458927490802482,62.23269221857724,SEC-003
AST-557,SEC-001,Delhi Main - Delhi Shahdara UP,UP,axle counter,10.7,100.0,0.0,4,2026-06-20 01:50:00,41,COMPLETED,0.0,0.0,0.0,0.0,0.0,0.0,0.0,4,0,0,120.0,0.0295676559128721,2.9567655912872186,63.6222668466694,SEC-001
AST-558,SEC-005,Sahibabad - Ghaziabad UP,UP,axle counter,11.76,100.0,1.0,6,2026-07-23 00:59:00,8,COMPLETED,0.0,0.0,0.0,0.0,0.0,0.0,0.0,6,1,0,95.0,0.8250483920369514,82.50483920369514,62.128100427142,SEC-005
AST-559,SEC-003,Delhi Shahdara - Sahibabad UP,UP,signal,10.02,0.0,1.0,5,2026-07-17 00:58:00,14,COMPLETED,0.0,0.0,0.0,0.0,0.0,0.0,0.0,5,0,0,105.0,0.3998316730761062,39.98316730761061,95.1710687881586,SEC-003
AST-560,SEC-001,Delhi Main - Delhi Shahdara UP,UP,signal,11.37,0.0,1.0,4,2026-07-04 02:24:00,27,COMPLETED,0.0,0.0,30.0,0.0,0.0,0.0,1.0,4,0,0,120.0,0.852383074049662,85.23830740496619,93.7025068730485,SEC-001
AST-561,SEC-006,Sahibabad - Ghaziabad DOWN,DOWN,point machine,10.31,100.0,0.0,4,2026-06-26 02:00:00,35,COMPLETED,0.0,0.0,0.0,0.0,0.0,0.0,0.0,4,0,0,120.0,0.0295676559128721,2.9567655912872186,63.64135125250844,SEC-006
AST-569,SEC-003,Delhi Shahdara - Sahibabad UP,UP,axle counter,4.5,100.0,1.0,7,2026-05-24 02:11:00,68,COMPLETED,0.0,0.0,0.0,0.0,0.0,0.0,0.0,7,1,0,87.85714285714286,0.9037179715423532,90.37179715423532,59.76474478527873,SEC-003
AST-572,SEC-005,Sahibabad - Ghaziabad UP,UP,track circuit,9.18,100.0,0.0,4,2026-07-05 02:12:00,26,COMPLETED,0.0,0.0,0.0,0.0,0.0,0.0,0.0,4,0,0,120.0,0.0264352493129561,2.64352493129561,63.92879039332762,SEC-005
AST-574,SEC-001,Delhi Main - Delhi Shahdara UP,UP,axle counter,6.21,100.0,0.0,4,2026-06-01 01:36:00,60,COMPLETED,0.0,0.0,0.0,0.0,0.0,0.0,0.0,4,0,0,120.0,0.0245892749080248,2.458927490802482,62.55936490556764,SEC-001
AST-575,SEC-004,Delhi Shahdara - Sahibabad DOWN,DOWN,axle counter,6.41,100.0,0.0,4,2026-06-29 02:16:00,32,COMPLETED,0.0,0.0,0.0,0.0,0.0,0.0,0.0,4,0,0,120.0,0.0344447696192602,3.4444769619260254,63.5311313456819,SEC-004
AST-578,SEC-005,Sahibabad - Ghaziabad UP,UP,axle counter,7.51,100.0,0.0,6,2026-07-15 02:00:00,16,COMPLETED,0.0,0.0,0.0,0.0,0.0,0.0,0.0,6,1,0,95.0,0.8463457814190686,84.63457814190686,62.08489754885992,SEC-005
AST-579,SEC-004,Delhi Shahdara - Sahibabad DOWN,DOWN,interlocking equipment,7.9,100.0,0.0,5,2026-06-23 02:08:00,38,COMPLETED,0.0,0.0,0.0,0.0,0.0,0.0,0.0,5,0,0,105.0,0.0135982183700273,1.3598218370027302,63.75051582141655,SEC-004
AST-581,SEC-005,Sahibabad - Ghaziabad UP,UP,track circuit,11.53,100.0,0.0,4,2026-06-13 02:21:00,48,COMPLETED,0.0,0.0,0.0,0.0,0.0,0.0,0.0,4,0,0,120.0,0.0226656001788843,2.2665600178884358,63.00234629557131,SEC-005
AST-585,SEC-005,Sahibabad - Ghaziabad UP,UP,point machine,7.24,100.0,0.0,4,2026-05-27 01:52:00,65,COMPLETED,0.0,0.0,0.0,0.0,0.0,0.0,0.0,4,0,0,120.0,0.0245892749080248,2.458927490802482,62.64448081734778,SEC-005
AST-589,SEC-004,Delhi Shahdara - Sahibabad DOWN,DOWN,axle counter,10.34,100.0,1.0,6,2026-05-26 02:07:00,66,COMPLETED,0.0,0.0,0.0,0.0,0.0,0.0,0.0,6,0,1,107.5,0.4086644802300671,40.866448023006704,58.43202689094481,SEC-004
AST-591,SEC-004,Delhi Shahdara - Sahibabad DOWN,DOWN,point machine,12.66,100.0,1.0,6,2026-06-06 02:13:00,55,COMPLETED,0.0,0.0,0.0,0.0,0.0,0.0,0.0,6,0,0,95.0,0.2799584471067414,27.995844710674145,62.01847066914832,SEC-004
AST-596,SEC-001,Delhi Main - Delhi Shahdara UP,UP,track circuit,5.31,100.0,0.0,4,2026-06-25 01:53:00,36,COMPLETED,0.0,0.0,0.0,0.0,0.0,0.0,0.0,4,0,0,120.0,0.0226656001788843,2.2665600178884358,63.50141521748598,SEC-001
AST-598,SEC-006,Sahibabad - Ghaziabad DOWN,DOWN,interlocking equipment,10.91,100.0,0.0,10,2026-06-12 02:21:00,49,COMPLETED,0.0,0.0,0.0,0.0,0.0,0.0,0.0,10,3,2,102.0,0.9743091561659528,97.43091561659529,50.35223881672128,SEC-006
AST-604,SEC-002,Delhi Main - Delhi Shahdara DOWN,DOWN,point machine,7.61,100.0,0.0,4,2026-05-24 02:27:00,68,COMPLETED,0.0,0.0,0.0,0.0,0.0,0.0,0.0,4,0,0,120.0,0.0245892749080248,2.458927490802482,62.17852530823482,SEC-002
AST-606,SEC-006,Sahibabad - Ghaziabad DOWN,DOWN,track circuit,9.07,100.0,0.0,4,2026-05-25 01:54:00,67,COMPLETED,0.0,0.0,0.0,0.0,0.0,0.0,0.0,4,0,0,120.0,0.0188267902098483,1.8826790209848376,62.40771672711983,SEC-006
AST-608,SEC-004,Delhi Shahdara - Sahibabad DOWN,DOWN,track circuit,7.67,100.0,1.0,7,2026-06-06 02:00:00,55,COMPLETED,0.0,0.0,0.0,0.0,0.0,0.0,0.0,7,0,0,87.85714285714286,0.8044139696040812,80.44139696040811,61.4819937480334,SEC-004
AST-609,SEC-006,Sahibabad - Ghaziabad DOWN,DOWN,signal,11.12,0.0,1.0,6,2026-05-20 02:11:00,72,COMPLETED,0.0,0.0,20.0,0.0,0.0,1.0,0.0,6,1,0,110.0,0.9123122728701928,91.2312272870193,90.38686035870282,SEC-006
AST-610,SEC-001,Delhi Main - Delhi Shahdara UP,UP,track circuit,8.46,100.0,1.0,6,2026-05-29 02:19:00,63,COMPLETED,0.0,0.0,0.0,0.0,0.0,0.0,0.0,6,0,0,95.0,0.3667616728976777,36.676167289767776,61.48518725307529,SEC-001
AST-619,SEC-004,Delhi Shahdara - Sahibabad DOWN,DOWN,point machine,11.89,100.0,0.0,5,2026-07-15 01:37:00,16,COMPLETED,0.0,0.0,0.0,0.0,0.0,0.0,0.0,5,0,0,114.0,0.0459248674985679,4.592486749856799,63.898080037165926,SEC-004
AST-628,SEC-002,Delhi Main - Delhi Shahdara DOWN,DOWN,axle counter,5.13,100.0,0.0,4,2026-06-06 02:21:00,55,COMPLETED,0.0,0.0,0.0,0.0,0.0,0.0,0.0,4,0,0,120.0,0.0295676559128721,2.9567655912872186,62.72082710367833,SEC-002
AST-633,SEC-006,Sahibabad - Ghaziabad DOWN,DOWN,track circuit,12.9,100.0,0.0,4,2026-07-13 02:15:00,18,COMPLETED,0.0,0.0,0.0,0.0,0.0,0.0,0.0,4,0,0,120.0,0.0300729315282494,3.007293152824948,64.08971039163659,SEC-006
AST-635,SEC-005,Sahibabad - Ghaziabad UP,UP,signal,4.13,0.0,0.0,4,2026-06-07 02:13:00,54,COMPLETED,0.0,0.0,0.0,0.0,0.0,0.0,0.0,4,0,0,120.0,0.0358235556673081,3.5823555667308096,97.0111020774192,SEC-005
AST-637,SEC-006,Sahibabad - Ghaziabad DOWN,DOWN,interlocking equipment,9.28,100.0,1.0,5,2026-05-29 02:06:00,63,COMPLETED,0.0,0.0,0.0,0.0,0.0,0.0,0.0,5,0,0,105.0,0.1272509715671507,12.725097156715073,62.32236999294699,SEC-006
AST-641,SEC-001,Delhi Main - Delhi Shahdara UP,UP,axle counter,10.03,100.0,0.0,4,2026-06-02 01:40:00,59,COMPLETED,0.0,0.0,0.0,0.0,0.0,0.0,0.0,4,0,0,120.0,0.0245892749080248,2.458927490802482,62.69633221094278,SEC-001
AST-642,SEC-001,Delhi Main - Delhi Shahdara UP,UP,track circuit,9.73,100.0,0.0,5,2026-07-15 02:25:00,16,COMPLETED,0.0,0.0,0.0,0.0,0.0,0.0,0.0,5,0,0,105.0,0.0171450033499267,1.7145003349926728,64.08588193623936,SEC-001
AST-644,SEC-003,Delhi Shahdara - Sahibabad UP,UP,signal,12.18,0.0,0.0,4,2026-06-04 02:20:00,57,COMPLETED,0.0,0.0,0.0,0.0,0.0,0.0,0.0,4,0,0,120.0,0.0605654935896194,6.056549358961946,97.46551985824776,SEC-003
AST-647,SEC-001,Delhi Main - Delhi Shahdara UP,UP,signal,11.87,0.0,2.0,6,2026-07-01 02:14:00,30,COMPLETED,0.0,0.0,40.0,0.0,0.0,2.0,0.0,6,0,0,110.0,0.9599320476922292,95.9932047692229,89.5452478856062,SEC-001
AST-657,SEC-002,Delhi Main - Delhi Shahdara DOWN,DOWN,axle counter,8.67,100.0,0.0,4,2026-06-27 02:09:00,34,COMPLETED,0.0,0.0,0.0,0.0,0.0,0.0,0.0,4,0,0,120.0,0.0295676559128721,2.9567655912872186,63.58718434216601,SEC-002
AST-663,SEC-004,Delhi Shahdara - Sahibabad DOWN,DOWN,point machine,9.53,100.0,1.0,6,2026-07-12 00:47:00,19,COMPLETED,0.0,0.0,0.0,0.0,0.0,0.0,0.0,6,1,0,95.0,0.8250483920369514,82.50483920369514,61.76025277948033,SEC-004
AST-668,SEC-002,Delhi Main - Delhi Shahdara DOWN,DOWN,signal,6.67,0.0,0.0,5,2026-05-03 01:58:00,89,COMPLETED,0.0,0.0,0.0,0.0,0.0,0.0,0.0,5,0,0,105.0,0.0137181736765909,1.371817367659094,96.83832884621212,SEC-002
AST-669,SEC-002,Delhi Main - Delhi Shahdara DOWN,DOWN,signal,5.04,0.0,1.0,6,2026-06-01 01:48:00,60,COMPLETED,0.0,0.0,40.0,0.0,1.0,0.0,0.0,6,0,2,140.0,0.9730284806666568,97.30284806666567,83.29552590790206,SEC-002
AST-671,SEC-005,Sahibabad - Ghaziabad UP,UP,signal,5.49,0.0,0.0,4,2026-06-12 01:50:00,49,COMPLETED,0.0,0.0,0.0,0.0,0.0,0.0,0.0,4,0,0,120.0,0.0358235556673081,3.5823555667308096,96.96163622050555,SEC-005
AST-672,SEC-001,Delhi Main - Delhi Shahdara UP,UP,axle counter,4.7,100.0,0.0,6,2026-07-10 01:51:00,21,COMPLETED,0.0,0.0,0.0,0.0,0.0,0.0,0.0,6,1,0,95.0,0.8399563458096744,83.99563458096743,61.71202314819726,SEC-001
AST-673,SEC-002,Delhi Main - Delhi Shahdara DOWN,DOWN,point machine,7.53,100.0,1.0,5,2026-06-13 02:28:00,48,COMPLETED,0.0,0.0,0.0,0.0,0.0,0.0,0.0,5,0,0,105.0,0.1808372699618325,18.083726996183252,62.48855811795814,SEC-002
AST-677,SEC-001,Delhi Main - Delhi Shahdara UP,UP,axle counter,12.64,100.0,0.0,4,2026-05-07 02:16:00,85,COMPLETED,0.0,0.0,0.0,0.0,0.0,0.0,0.0,4,0,0,120.0,0.0208876541006302,2.0887654100630235,61.852638932713525,SEC-001
AST-683,SEC-002,Delhi Main - Delhi Shahdara DOWN,DOWN,interlocking equipment,5.14,100.0,0.0,4,2026-06-01 01:58:00,60,COMPLETED,0.0,0.0,0.0,0.0,0.0,0.0,0.0,4,0,0,120.0,0.0245892749080248,2.458927490802482,62.62003466665649,SEC-002
AST-686,SEC-005,Sahibabad - Ghaziabad UP,UP,signal,4.84,0.0,0.0,4,2026-05-04 01:32:00,88,COMPLETED,0.0,0.0,0.0,0.0,0.0,0.0,0.0,4,0,0,120.0,0.0298242246550744,2.9824224655074483,96.7955378783344,SEC-005
AST-692,SEC-004,Delhi Shahdara - Sahibabad DOWN,DOWN,track circuit,10.17,100.0,0.0,4,2026-06-14 01:54:00,47,COMPLETED,0.0,0.0,0.0,0.0,0.0,0.0,0.0,4,0,0,120.0,0.0226656001788843,2.2665600178884358,63.07126818455504,SEC-004
AST-693,SEC-003,Delhi Shahdara - Sahibabad UP,UP,signal,8.7,0.0,1.0,5,2026-06-08 01:09:00,53,COMPLETED,0.0,0.0,0.0,0.0,0.0,0.0,0.0,5,0,0,105.0,0.2121033589260224,21.21033589260224,95.07959575901936,SEC-003
AST-699,SEC-002,Delhi Main - Delhi Shahdara DOWN,DOWN,interlocking equipment,5.12,100.0,0.0,5,2026-06-05 02:10:00,56,COMPLETED,0.0,0.0,0.0,0.0,0.0,0.0,0.0,5,0,0,105.0,0.0135982183700273,1.3598218370027302,62.78850129751791,SEC-002
AST-704,SEC-005,Sahibabad - Ghaziabad UP,UP,track circuit,10.31,100.0,0.0,4,2026-06-16 01:43:00,45,COMPLETED,0.0,0.0,0.0,0.0,0.0,0.0,0.0,4,0,0,120.0,0.0226656001788843,2.2665600178884358,63.083539556694106,SEC-005
AST-706,SEC-001,Delhi Main - Delhi Shahdara UP,UP,signal,6.45,0.0,0.0,5,2026-05-11 01:54:00,81,COMPLETED,0.0,0.0,0.0,0.0,0.0,0.0,0.0,5,0,0,105.0,0.0137181736765909,1.371817367659094,96.83832884621212,SEC-001
AST-713,SEC-006,Sahibabad - Ghaziabad DOWN,DOWN,axle counter,11.93,100.0,0.0,8,2026-07-13 02:08:00,18,COMPLETED,0.0,0.0,0.0,0.0,0.0,0.0,0.0,8,1,0,93.75,0.9290486198182948,92.90486198182948,61.45228958568071,SEC-006
AST-715,SEC-004,Delhi Shahdara - Sahibabad DOWN,DOWN,point machine,11.72,100.0,1.0,5,2026-05-31 02:29:00,61,COMPLETED,0.0,0.0,0.0,0.0,0.0,0.0,0.0,5,0,0,105.0,0.1272509715671507,12.725097156715073,62.35258064818454,SEC-004
AST-722,SEC-003,Delhi Shahdara - Sahibabad UP,UP,track circuit,12.08,100.0,1.0,5,2026-07-23 05:13:00,8,COMPLETED,0.0,0.0,40.0,0.0,1.0,0.0,0.0,5,0,1,120.0,0.8859913275123491,88.5991327512349,53.011962253553406,SEC-003
AST-738,SEC-003,Delhi Shahdara - Sahibabad UP,UP,signal,9.28,0.0,1.0,5,2026-06-25 12:59:00,36,COMPLETED,0.0,0.0,40.0,0.0,1.0,0.0,0.0,5,0,1,132.0,0.8660672243423544,86.60672243423544,86.6510640828718,SEC-003
AST-739,SEC-001,Delhi Main - Delhi Shahdara UP,UP,track circuit,8.34,64.5,1.0,5,2026-07-30 00:40:00,1,COMPLETED,0.0,0.0,0.0,0.0,0.0,0.0,0.0,5,0,0,105.0,0.2902889039250141,29.02889039250141,76.12141732592804,SEC-001
AST-742,SEC-006,Sahibabad - Ghaziabad DOWN,DOWN,point machine,4.96,100.0,1.0,6,2026-06-28 02:09:00,33,COMPLETED,0.0,0.0,0.0,0.0,0.0,0.0,0.0,6,1,0,95.0,0.8386858756476966,83.86858756476965,61.07615193301331,SEC-006
AST-743,SEC-004,Delhi Shahdara - Sahibabad DOWN,DOWN,interlocking equipment,10.61,100.0,0.0,4,2026-06-27 01:58:00,34,COMPLETED,0.0,0.0,0.0,0.0,0.0,0.0,0.0,4,0,0,120.0,0.0295676559128721,2.9567655912872186,63.66280644880193,SEC-004
AST-746,SEC-004,Delhi Shahdara - Sahibabad DOWN,DOWN,signal,12.01,0.0,0.0,5,2026-05-04 01:34:00,88,COMPLETED,0.0,0.0,0.0,0.0,0.0,0.0,0.0,5,0,1,132.0,0.0566045555135778,5.66045555135778,92.18378848389912,SEC-004
AST-006,SEC-002,Delhi Main - Delhi Shahdara DOWN,DOWN,OHE,7.81,23.83333333333333,0.0,2,2026-04-28 02:36:00,94,COMPLETED,1.47,1.43,0.0,0.0,0.0,0.0,0.0,2,0,0,180.0,0.0092031507488122,0.920315074881224,88.48344323721889,SEC-002
AST-017,SEC-001,Delhi Main - Delhi Shahdara UP,UP,contact wire,8.5,48.0,0.0,2,2026-05-23 03:19:00,69,COMPLETED,0.42,2.88,0.0,0.0,0.0,0.0,0.0,2,0,0,180.0,0.0137915141548362,1.3791514154836229,80.40279032817831,SEC-001
AST-025,SEC-003,Delhi Shahdara - Sahibabad UP,UP,isolator,4.13,30.333333333333336,0.0,2,2026-07-08 02:38:00,23,COMPLETED,0.43,1.82,0.0,0.0,0.0,0.0,0.0,2,0,0,180.0,0.0129738403660456,1.297384036604564,89.31525726597881,SEC-003
AST-029,SEC-006,Sahibabad - Ghaziabad DOWN,DOWN,traction substation,11.16,34.833333333333336,0.0,2,2026-03-18 02:49:00,135,COMPLETED,1.03,2.09,0.0,0.0,0.0,0.0,0.0,2,0,0,180.0,0.0098187641291098,0.9818764129109814,82.64988899759516,SEC-006
AST-033,SEC-001,Delhi Main - Delhi Shahdara UP,UP,OHE,4.77,32.166666666666664,0.0,2,2026-03-14 02:39:00,139,COMPLETED,1.66,1.93,0.0,0.0,0.0,0.0,0.0,2,0,0,180.0,0.0098187641291098,0.9818764129109814,82.8592817296403,SEC-001
AST-034,SEC-002,Delhi Main - Delhi Shahdara DOWN,DOWN,isolator,9.33,35.333333333333336,0.0,2,2026-03-24 02:57:00,129,COMPLETED,0.72,2.12,0.0,0.0,0.0,0.0,0.0,2,0,0,180.0,0.0104613942699864,1.0461394269986477,82.68299140385376,SEC-002
AST-035,SEC-003,Delhi Shahdara - Sahibabad UP,UP,contact wire,10.8,19.83333333333333,0.0,3,2026-06-01 02:41:00,60,COMPLETED,0.29,1.19,0.0,0.0,0.0,0.0,0.0,3,0,1,200.0,0.076734377399322,7.673437739932205,87.26142139531655,SEC-003
AST-041,SEC-005,Sahibabad - Ghaziabad UP,UP,OHE,11.5,51.16666666666666,0.0,2,2026-07-07 03:07:00,24,COMPLETED,0.78,3.07,0.0,0.0,0.0,0.0,0.0,2,0,0,180.0,0.0142138753144289,1.4213875314428916,80.14019266229467,SEC-005
AST-045,SEC-006,Sahibabad - Ghaziabad DOWN,DOWN,OHE,11.24,30.66666666666667,1.0,3,2026-04-22 10:18:00,100,COMPLETED,0.86,1.84,40.0,0.0,1.0,0.0,0.0,3,0,1,200.0,0.8919571177893432,89.19571177893431,73.77976543446749,SEC-006
AST-050,SEC-002,Delhi Main - Delhi Shahdara DOWN,DOWN,OHE,9.45,38.33333333333333,0.0,4,2026-02-18 02:35:00,163,COMPLETED,1.56,2.3,0.0,0.0,0.0,0.0,0.0,4,1,2,210.0,0.8880866615371503,88.80866615371504,72.3533257099177,SEC-002
AST-052,SEC-004,Delhi Shahdara - Sahibabad DOWN,DOWN,mast,11.81,37.16666666666666,0.0,2,2026-03-02 02:43:00,151,COMPLETED,0.66,2.23,0.0,0.0,0.0,0.0,0.0,2,0,0,180.0,0.0147094938396856,1.4709493839685643,81.42721602223202,SEC-004
AST-053,SEC-005,Sahibabad - Ghaziabad UP,UP,traction substation,9.46,34.833333333333336,0.0,3,2026-05-11 03:10:00,81,COMPLETED,0.51,2.09,0.0,0.0,0.0,0.0,0.0,3,0,1,200.0,0.076734377399322,7.673437739932205,82.54244086870101,SEC-005
AST-058,SEC-001,Delhi Main - Delhi Shahdara UP,UP,cantilever,10.39,28.0,0.0,2,2026-06-14 02:41:00,47,COMPLETED,0.22,1.68,0.0,0.0,0.0,0.0,0.0,2,0,0,180.0,0.0111018895636394,1.1101889563639464,88.52557130468287,SEC-001
AST-063,SEC-004,Delhi Shahdara - Sahibabad DOWN,DOWN,OHE,10.31,39.16666666666666,0.0,3,2026-05-05 02:29:00,87,COMPLETED,0.55,2.35,0.0,0.0,0.0,0.0,0.0,3,0,1,170.0,0.1112122583898636,11.121225838986366,79.53853579432004,SEC-004
AST-064,SEC-005,Sahibabad - Ghaziabad UP,UP,OHE,6.97,34.833333333333336,0.0,2,2026-05-31 02:37:00,61,COMPLETED,0.57,2.09,0.0,0.0,0.0,0.0,0.0,2,0,0,180.0,0.0092031507488122,0.920315074881224,85.50005115823913,SEC-005
AST-067,SEC-006,Sahibabad - Ghaziabad DOWN,DOWN,traction substation,11.49,33.666666666666664,0.0,2,2026-03-21 03:19:00,132,COMPLETED,0.98,2.02,0.0,0.0,0.0,0.0,0.0,2,0,0,180.0,0.0098187641291098,0.9818764129109814,82.64988899759516,SEC-006
AST-068,SEC-006,Sahibabad - Ghaziabad DOWN,DOWN,mast,5.51,29.5,0.0,2,2026-05-20 03:19:00,72,COMPLETED,0.7,1.77,0.0,0.0,0.0,0.0,0.0,2,0,0,180.0,0.0092031507488122,0.920315074881224,87.78202807494738,SEC-006
AST-073,SEC-003,Delhi Shahdara - Sahibabad UP,UP,feeder,8.95,31.16666666666667,0.0,2,2026-07-09 03:13:00,22,COMPLETED,0.11,1.87,0.0,0.0,0.0,0.0,0.0,2,0,0,180.0,0.0129738403660456,1.297384036604564,87.66475378579031,SEC-003
AST-075,SEC-002,Delhi Main - Delhi Shahdara DOWN,DOWN,feeder,8.14,30.333333333333336,0.0,2,2026-03-08 02:49:00,145,COMPLETED,1.1,1.82,0.0,0.0,0.0,0.0,0.0,2,0,0,180.0,0.0098187641291098,0.9818764129109814,83.71151893721859,SEC-002
AST-079,SEC-002,Delhi Main - Delhi Shahdara DOWN,DOWN,feeder,6.65,39.833333333333336,0.0,2,2026-02-08 03:25:00,173,COMPLETED,0.62,2.39,0.0,0.0,0.0,0.0,0.0,2,0,0,180.0,0.0147094938396856,1.4709493839685643,79.08111539939388,SEC-002
AST-080,SEC-002,Delhi Main - Delhi Shahdara DOWN,DOWN,traction substation,4.28,42.333333333333336,0.0,2,2026-03-19 03:13:00,134,COMPLETED,1.27,2.54,0.0,0.0,0.0,0.0,0.0,2,0,0,180.0,0.0147094938396856,1.4709493839685643,80.0918689062303,SEC-002
AST-082,SEC-002,Delhi Main - Delhi Shahdara DOWN,DOWN,mast,5.21,21.0,0.0,2,2026-03-13 02:52:00,140,COMPLETED,0.51,1.26,0.0,0.0,0.0,0.0,0.0,2,0,0,180.0,0.0098187641291098,0.9818764129109814,86.11988369052025,SEC-002
AST-092,SEC-003,Delhi Shahdara - Sahibabad UP,UP,isolator,5.4,25.5,0.0,2,2026-03-22 02:40:00,131,COMPLETED,0.14,1.53,0.0,0.0,0.0,0.0,0.0,2,0,0,180.0,0.0098187641291098,0.9818764129109814,85.47890280303761,SEC-003
AST-110,SEC-003,Delhi Shahdara - Sahibabad UP,UP,cantilever,11.15,36.333333333333336,0.0,2,2026-06-18 02:57:00,43,COMPLETED,0.98,2.18,0.0,0.0,0.0,0.0,0.0,2,0,0,180.0,0.0130638687722977,1.306386877229774,85.69416402700656,SEC-003
AST-113,SEC-002,Delhi Main - Delhi Shahdara DOWN,DOWN,OHE,8.29,101.83333333333331,1.0,3,2026-06-21 02:16:00,40,COMPLETED,0.7,6.11,20.0,0.0,0.0,1.0,0.0,3,0,0,160.0,0.863173208434693,86.3173208434693,59.1447531857754,SEC-002
AST-117,SEC-004,Delhi Shahdara - Sahibabad DOWN,DOWN,mast,8.7,37.833333333333336,0.0,2,2026-02-02 03:17:00,179,COMPLETED,0.22,2.27,0.0,0.0,0.0,0.0,0.0,2,0,0,180.0,0.0147094938396856,1.4709493839685643,80.34356129971239,SEC-004
AST-121,SEC-005,Sahibabad - Ghaziabad UP,UP,isolator,8.42,30.333333333333336,0.0,2,2026-02-25 02:50:00,156,COMPLETED,0.42,1.82,0.0,0.0,0.0,0.0,0.0,2,0,0,180.0,0.0098187641291098,0.9818764129109814,83.45594623231776,SEC-005
AST-123,SEC-001,Delhi Main - Delhi Shahdara UP,UP,contact wire,7.67,29.666666666666668,0.0,2,2026-04-11 03:06:00,111,COMPLETED,0.75,1.78,0.0,0.0,0.0,0.0,0.0,2,0,0,180.0,0.0098187641291098,0.9818764129109814,85.34083018601734,SEC-001
AST-127,SEC-001,Delhi Main - Delhi Shahdara UP,UP,feeder,6.77,19.33333333333333,0.0,2,2026-06-21 03:09:00,40,COMPLETED,0.62,1.16,0.0,0.0,0.0,0.0,0.0,2,0,0,180.0,0.0111018895636394,1.1101889563639464,91.72778891285851,SEC-001
AST-132,SEC-006,Sahibabad - Ghaziabad DOWN,DOWN,isolator,8.21,28.33333333333333,0.0,2,2026-06-11 02:53:00,50,COMPLETED,0.43,1.7,0.0,0.0,0.0,0.0,0.0,2,0,0,180.0,0.0111018895636394,1.1101889563639464,88.18519485915164,SEC-006
AST-135,SEC-001,Delhi Main - Delhi Shahdara UP,UP,isolator,8.8,29.33333333333333,0.0,3,2026-07-08 03:14:00,23,COMPLETED,1.16,1.76,0.0,0.0,0.0,0.0,0.0,3,0,0,160.0,0.0685560987813202,6.855609878132023,88.8641963412696,SEC-001
AST-137,SEC-004,Delhi Shahdara - Sahibabad DOWN,DOWN,traction substation,8.06,34.833333333333336,0.0,2,2026-06-13 03:12:00,48,COMPLETED,0.52,2.09,0.0,0.0,0.0,0.0,0.0,2,0,0,180.0,0.0111018895636394,1.1101889563639464,85.91396789816683,SEC-004
AST-140,SEC-004,Delhi Shahdara - Sahibabad DOWN,DOWN,cantilever,10.64,29.666666666666668,0.0,2,2026-03-19 03:01:00,134,COMPLETED,0.72,1.78,0.0,0.0,0.0,0.0,0.0,2,0,0,180.0,0.0098187641291098,0.9818764129109814,83.81592456389531,SEC-004
AST-150,SEC-003,Delhi Shahdara - Sahibabad UP,UP,isolator,9.09,24.666666666666668,0.0,2,2026-06-13 02:36:00,48,COMPLETED,0.4,1.48,0.0,0.0,0.0,0.0,0.0,2,0,0,180.0,0.0111018895636394,1.1101889563639464,89.83475008718767,SEC-003
AST-156,SEC-004,Delhi Shahdara - Sahibabad DOWN,DOWN,feeder,4.14,26.5,0.0,3,2026-07-03 02:40:00,28,COMPLETED,0.96,1.59,0.0,0.0,0.0,0.0,0.0,3,0,1,200.0,0.1052350127310248,10.523501273102484,85.84356060891974,SEC-004
AST-158,SEC-004,Delhi Shahdara - Sahibabad DOWN,DOWN,mast,4.73,32.0,0.0,2,2026-05-04 03:24:00,88,COMPLETED,0.08,1.92,0.0,0.0,0.0,0.0,0.0,2,0,0,180.0,0.0092031507488122,0.920315074881224,85.3237808711865,SEC-004
AST-163,SEC-003,Delhi Shahdara - Sahibabad UP,UP,cantilever,4.67,19.166666666666664,0.0,2,2026-07-08 02:46:00,23,COMPLETED,1.16,1.15,0.0,0.0,0.0,0.0,0.0,2,0,0,180.0,0.0129738403660456,1.297384036604564,92.15069673065366,SEC-003
AST-168,SEC-006,Sahibabad - Ghaziabad DOWN,DOWN,OHE,6.97,30.833333333333336,0.0,2,2026-03-09 02:48:00,144,COMPLETED,0.98,1.85,0.0,0.0,0.0,0.0,0.0,2,0,0,180.0,0.0098187641291098,0.9818764129109814,83.04096702018045,SEC-006
AST-169,SEC-005,Sahibabad - Ghaziabad UP,UP,feeder,6.22,32.33333333333333,0.0,2,2026-03-24 02:37:00,129,COMPLETED,0.82,1.94,0.0,0.0,0.0,0.0,0.0,2,0,0,180.0,0.0098187641291098,0.9818764129109814,82.87694787959164,SEC-005
AST-171,SEC-001,Delhi Main - Delhi Shahdara UP,UP,OHE,7.45,21.0,0.0,2,2026-05-05 02:40:00,87,COMPLETED,0.27,1.26,0.0,0.0,0.0,0.0,0.0,2,0,0,180.0,0.0092031507488122,0.920315074881224,89.77495343104984,SEC-001
AST-176,SEC-005,Sahibabad - Ghaziabad UP,UP,isolator,12.57,26.666666666666668,0.0,2,2026-04-09 02:31:00,113,COMPLETED,0.9,1.6,0.0,0.0,0.0,0.0,0.0,2,0,0,180.0,0.008321696852974,0.8321696852974011,84.99003062239736,SEC-005
AST-183,SEC-001,Delhi Main - Delhi Shahdara UP,UP,traction substation,10.08,47.16666666666667,0.0,3,2026-05-02 03:30:00,90,COMPLETED,0.22,2.83,0.0,0.0,0.0,0.0,0.0,3,0,1,200.0,0.1112122583898636,11.121225838986366,77.814235303569,SEC-001
AST-185,SEC-004,Delhi Shahdara - Sahibabad DOWN,DOWN,feeder,6.28,31.33333333333333,0.0,2,2026-02-06 02:48:00,175,COMPLETED,1.18,1.88,0.0,0.0,0.0,0.0,0.0,2,0,0,180.0,0.0098187641291098,0.9818764129109814,81.71206036365724,SEC-004
AST-190,SEC-006,Sahibabad - Ghaziabad DOWN,DOWN,cantilever,11.91,46.0,0.0,2,2026-03-06 02:48:00,147,COMPLETED,1.02,2.76,0.0,0.0,0.0,0.0,0.0,2,0,0,180.0,0.0147094938396856,1.4709493839685643,78.99347682817206,SEC-006
AST-193,SEC-004,Delhi Shahdara - Sahibabad DOWN,DOWN,mast,12.83,18.83333333333333,0.0,3,2026-03-16 02:55:00,137,COMPLETED,0.6,1.13,0.0,0.0,0.0,0.0,0.0,3,0,1,200.0,0.0698408822308261,6.984088223082613,84.79549947423895,SEC-004
AST-197,SEC-005,Sahibabad - Ghaziabad UP,UP,contact wire,12.7,28.166666666666668,0.0,2,2026-05-02 03:19:00,90,COMPLETED,0.11,1.69,0.0,0.0,0.0,0.0,0.0,2,0,0,180.0,0.007799206751271,0.7799206751271015,87.14540728009113,SEC-005
AST-202,SEC-001,Delhi Main - Delhi Shahdara UP,UP,contact wire,6.97,23.666666666666668,0.0,2,2026-03-03 02:54:00,150,COMPLETED,0.12,1.42,0.0,0.0,0.0,0.0,0.0,2,0,0,180.0,0.0098187641291098,0.9818764129109814,85.39717047530056,SEC-001
AST-204,SEC-005,Sahibabad - Ghaziabad UP,UP,traction substation,7.55,29.33333333333333,0.0,2,2026-06-15 02:28:00,46,COMPLETED,1.03,1.76,0.0,0.0,0.0,0.0,0.0,2,0,0,180.0,0.0111018895636394,1.1101889563639464,88.32104549130236,SEC-005
AST-207,SEC-006,Sahibabad - Ghaziabad DOWN,DOWN,traction substation,5.13,49.16666666666667,0.0,3,2026-07-12 02:56:00,19,COMPLETED,1.14,2.95,0.0,0.0,0.0,0.0,0.0,3,0,0,160.0,0.0928059724245137,9.280597242451371,81.11006182867146,SEC-006
AST-212,SEC-002,Delhi Main - Delhi Shahdara DOWN,DOWN,contact wire,6.85,4.666666666666667,1.0,4,2026-05-13 03:26:00,79,COMPLETED,1.86,0.28,20.0,0.0,0.0,1.0,0.0,4,0,0,150.0,0.8600784631586772,86.00784631586772,91.09921983239563,SEC-002
AST-219,SEC-005,Sahibabad - Ghaziabad UP,UP,OHE,7.21,19.5,0.0,2,2026-05-18 03:06:00,74,COMPLETED,0.27,1.17,0.0,0.0,0.0,0.0,0.0,2,0,0,180.0,0.0092031507488122,0.920315074881224,90.61825656212368,SEC-005
AST-220,SEC-005,Sahibabad - Ghaziabad UP,UP,contact wire,6.46,27.5,0.0,2,2026-03-17 02:55:00,136,COMPLETED,0.75,1.65,0.0,0.0,0.0,0.0,0.0,2,0,0,180.0,0.0098187641291098,0.9818764129109814,83.96337279756644,SEC-005
AST-222,SEC-002,Delhi Main - Delhi Shahdara DOWN,DOWN,feeder,11.04,32.666666666666664,0.0,2,2026-02-17 03:03:00,164,COMPLETED,0.92,1.96,0.0,0.0,0.0,0.0,0.0,2,0,0,180.0,0.0098187641291098,0.9818764129109814,82.14779099443184,SEC-002
AST-227,SEC-006,Sahibabad - Ghaziabad DOWN,DOWN,mast,5.29,42.16666666666666,1.0,3,2026-04-10 02:43:00,112,COMPLETED,0.43,2.53,20.0,0.0,0.0,1.0,0.0,3,0,0,160.0,0.8630117180743502,86.30117180743501,73.07830184224039,SEC-006
AST-229,SEC-006,Sahibabad - Ghaziabad DOWN,DOWN,feeder,10.25,24.83333333333333,0.0,2,2026-02-10 02:42:00,171,COMPLETED,0.68,1.49,0.0,0.0,0.0,0.0,0.0,2,0,0,180.0,0.0098187641291098,0.9818764129109814,84.30123120334514,SEC-006
AST-232,SEC-006,Sahibabad - Ghaziabad DOWN,DOWN,OHE,4.28,15.5,0.0,3,2026-06-27 03:35:00,34,COMPLETED,1.18,0.93,0.0,0.0,0.0,0.0,0.0,3,0,1,200.0,0.0912821392660685,9.128213926606852,89.66396374384026,SEC-006
AST-238,SEC-001,Delhi Main - Delhi Shahdara UP,UP,feeder,10.9,35.0,0.0,2,2026-04-08 03:25:00,114,COMPLETED,0.69,2.1,0.0,0.0,0.0,0.0,0.0,2,0,0,180.0,0.0098187641291098,0.9818764129109814,82.71496734528517,SEC-001
AST-242,SEC-004,Delhi Shahdara - Sahibabad DOWN,DOWN,traction substation,6.38,41.83333333333333,0.0,2,2026-04-11 02:44:00,111,COMPLETED,1.52,2.51,0.0,0.0,0.0,0.0,0.0,2,0,0,180.0,0.0147094938396856,1.4709493839685643,80.72325634762905,SEC-004
AST-247,SEC-003,Delhi Shahdara - Sahibabad UP,UP,isolator,5.23,33.83333333333333,0.0,3,2026-02-18 02:38:00,163,COMPLETED,0.38,2.03,0.0,0.0,0.0,0.0,0.0,3,0,1,200.0,0.0814957041697551,8.149570416975518,80.20298221945684,SEC-003
AST-249,SEC-003,Delhi Shahdara - Sahibabad UP,UP,isolator,6.97,42.333333333333336,0.0,2,2026-06-26 02:39:00,35,COMPLETED,1.36,2.54,0.0,0.0,0.0,0.0,0.0,2,0,0,180.0,0.0130638687722977,1.306386877229774,83.57973250762849,SEC-003
AST-254,SEC-004,Delhi Shahdara - Sahibabad DOWN,DOWN,traction substation,5.21,39.16666666666666,0.0,2,2026-06-22 03:34:00,39,COMPLETED,1.26,2.35,0.0,0.0,0.0,0.0,0.0,2,0,0,180.0,0.0130638687722977,1.306386877229774,84.09385926713645,SEC-004
AST-259,SEC-005,Sahibabad - Ghaziabad UP,UP,feeder,6.41,28.166666666666668,0.0,4,2026-04-25 03:15:00,97,COMPLETED,0.34,1.69,0.0,0.0,0.0,0.0,0.0,4,0,1,157.5,0.076734377399322,7.673437739932205,83.2619092686163,SEC-005
AST-266,SEC-006,Sahibabad - Ghaziabad DOWN,DOWN,cantilever,7.23,24.5,0.0,2,2026-02-25 02:54:00,156,COMPLETED,0.04,1.47,0.0,0.0,0.0,0.0,0.0,2,0,0,180.0,0.0098187641291098,0.9818764129109814,85.20445950901126,SEC-006
AST-269,SEC-001,Delhi Main - Delhi Shahdara UP,UP,mast,10.44,36.333333333333336,1.0,3,2026-05-15 02:17:00,77,COMPLETED,0.34,2.18,20.0,0.0,0.0,1.0,0.0,3,0,0,160.0,0.8550984412920192,85.50984412920192,78.6927098190294,SEC-001
AST-272,SEC-001,Delhi Main - Delhi Shahdara UP,UP,mast,11.88,14.833333333333334,0.0,2,2026-05-09 02:41:00,83,COMPLETED,0.74,0.89,0.0,0.0,0.0,0.0,0.0,2,0,0,180.0,0.0092031507488122,0.920315074881224,91.8142254505333,SEC-001
AST-273,SEC-003,Delhi Shahdara - Sahibabad UP,UP,mast,5.6,39.33333333333333,0.0,2,2026-03-15 03:13:00,138,COMPLETED,1.35,2.36,0.0,0.0,0.0,0.0,0.0,2,0,0,180.0,0.0147094938396856,1.4709493839685643,80.73502714812521,SEC-003
AST-275,SEC-006,Sahibabad - Ghaziabad DOWN,DOWN,OHE,8.22,28.83333333333333,0.0,2,2026-02-20 03:27:00,161,COMPLETED,0.64,1.73,0.0,0.0,0.0,0.0,0.0,2,0,0,180.0,0.0098187641291098,0.9818764129109814,83.05938433491082,SEC-006
AST-283,SEC-003,Delhi Shahdara - Sahibabad UP,UP,traction substation,5.34,25.833333333333336,0.0,2,2026-05-30 03:03:00,62,COMPLETED,1.08,1.55,0.0,0.0,0.0,0.0,0.0,2,0,0,180.0,0.0092031507488122,0.920315074881224,89.26393349109173,SEC-003
AST-287,SEC-004,Delhi Shahdara - Sahibabad DOWN,DOWN,isolator,11.96,30.833333333333336,0.0,2,2026-03-12 03:09:00,141,COMPLETED,1.14,1.85,0.0,0.0,0.0,0.0,0.0,2,0,0,180.0,0.0098187641291098,0.9818764129109814,83.14576055561504,SEC-004
AST-294,SEC-001,Delhi Main - Delhi Shahdara UP,UP,contact wire,6.21,25.333333333333336,0.0,4,2026-07-31 03:08:00,0,COMPLETED,0.6,1.52,0.0,0.0,0.0,0.0,0.0,4,0,1,195.0,0.1264751094020219,12.647510940202194,89.02905856953983,SEC-001
AST-303,SEC-001,Delhi Main - Delhi Shahdara UP,UP,feeder,10.41,13.166666666666668,1.0,3,2026-07-10 02:33:00,21,COMPLETED,0.72,0.79,20.0,0.0,0.0,1.0,0.0,3,0,0,160.0,0.9300628953775782,93.00628953775782,89.56272155496583,SEC-001
AST-305,SEC-001,Delhi Main - Delhi Shahdara UP,UP,cantilever,7.85,36.333333333333336,0.0,4,2026-04-06 03:26:00,116,COMPLETED,0.48,2.18,0.0,0.0,0.0,0.0,0.0,4,1,0,150.0,0.2859812533531373,28.59812533531373,79.41899688609284,SEC-001
AST-306,SEC-005,Sahibabad - Ghaziabad UP,UP,OHE,4.44,35.66666666666667,0.0,2,2026-06-23 02:40:00,38,COMPLETED,1.26,2.14,0.0,0.0,0.0,0.0,0.0,2,0,0,180.0,0.0130638687722977,1.306386877229774,86.63741927933701,SEC-005
AST-311,SEC-002,Delhi Main - Delhi Shahdara DOWN,DOWN,isolator,10.53,23.5,0.0,2,2026-02-26 03:07:00,155,COMPLETED,1.34,1.41,0.0,0.0,0.0,0.0,0.0,2,0,0,180.0,0.0098187641291098,0.9818764129109814,85.29529432028394,SEC-002
AST-319,SEC-001,Delhi Main - Delhi Shahdara UP,UP,isolator,12.59,52.66666666666667,0.0,2,2026-05-26 02:36:00,66,COMPLETED,2.08,3.16,0.0,0.0,0.0,0.0,0.0,2,0,0,180.0,0.0116958762962309,1.1695876296230967,78.41089836090447,SEC-001
AST-321,SEC-005,Sahibabad - Ghaziabad UP,UP,traction substation,5.86,25.833333333333336,0.0,2,2026-06-26 03:16:00,35,COMPLETED,0.54,1.55,0.0,0.0,0.0,0.0,0.0,2,0,0,180.0,0.0111018895636394,1.1101889563639464,90.33547131981013,SEC-005
AST-324,SEC-005,Sahibabad - Ghaziabad UP,UP,contact wire,12.79,31.83333333333333,0.0,2,2026-07-09 02:59:00,22,COMPLETED,0.69,1.91,0.0,0.0,0.0,0.0,0.0,2,0,0,180.0,0.0110010631056299,1.1001063105629991,87.8156155678251,SEC-005
AST-326,SEC-003,Delhi Shahdara - Sahibabad UP,UP,cantilever,9.64,34.0,0.0,2,2026-06-01 02:45:00,60,COMPLETED,0.66,2.04,0.0,0.0,0.0,0.0,0.0,2,0,0,180.0,0.0092031507488122,0.920315074881224,85.59257332153466,SEC-003
AST-328,SEC-006,Sahibabad - Ghaziabad DOWN,DOWN,OHE,8.16,36.66666666666667,0.0,2,2026-06-28 02:53:00,33,COMPLETED,0.66,2.2,0.0,0.0,0.0,0.0,0.0,2,0,0,180.0,0.0142138753144289,1.4213875314428916,85.92074585655034,SEC-006
AST-332,SEC-001,Delhi Main - Delhi Shahdara UP,UP,mast,8.44,37.833333333333336,0.0,2,2026-05-29 02:58:00,63,COMPLETED,1.17,2.27,0.0,0.0,0.0,0.0,0.0,2,0,0,180.0,0.0137915141548362,1.3791514154836229,84.68915190842563,SEC-001
AST-352,SEC-003,Delhi Shahdara - Sahibabad UP,UP,OHE,9.78,113.0,1.0,4,2026-07-09 03:29:00,22,COMPLETED,0.15,6.78,40.0,0.0,1.0,0.0,0.0,4,1,2,210.0,0.9790416456963006,97.90416456963004,47.56815557696517,SEC-003
AST-363,SEC-006,Sahibabad - Ghaziabad DOWN,DOWN,OHE,8.07,19.33333333333333,0.0,2,2026-06-17 02:26:00,44,COMPLETED,1.56,1.16,0.0,0.0,0.0,0.0,0.0,2,0,0,180.0,0.0111018895636394,1.1101889563639464,91.1881513135395,SEC-006
AST-366,SEC-003,Delhi Shahdara - Sahibabad UP,UP,mast,10.36,35.166666666666664,0.0,3,2026-06-03 03:33:00,58,COMPLETED,0.15,2.11,0.0,0.0,0.0,0.0,0.0,3,0,1,200.0,0.0792309860092439,7.923098600924396,82.68009027044646,SEC-003
AST-375,SEC-006,Sahibabad - Ghaziabad DOWN,DOWN,feeder,11.15,28.166666666666668,0.0,3,2026-04-04 03:10:00,118,COMPLETED,1.34,1.69,0.0,0.0,0.0,0.0,0.0,3,0,1,170.0,0.0814957041697551,8.149570416975518,82.59929840523036,SEC-006
AST-377,SEC-004,Delhi Shahdara - Sahibabad DOWN,DOWN,contact wire,10.21,20.166666666666664,0.0,2,2026-02-18 02:38:00,163,COMPLETED,0.68,1.21,0.0,0.0,0.0,0.0,0.0,2,0,0,180.0,0.0098187641291098,0.9818764129109814,85.56532432737333,SEC-004
AST-383,SEC-002,Delhi Main - Delhi Shahdara DOWN,DOWN,isolator,5.82,29.5,0.0,2,2026-07-06 02:54:00,25,COMPLETED,0.32,1.77,0.0,0.0,0.0,0.0,0.0,2,0,0,180.0,0.0129738403660456,1.297384036604564,89.26027732231981,SEC-002
AST-385,SEC-001,Delhi Main - Delhi Shahdara UP,UP,traction substation,11.12,40.66666666666666,0.0,2,2026-04-30 03:17:00,92,COMPLETED,0.76,2.44,0.0,0.0,0.0,0.0,0.0,2,0,0,180.0,0.0137915141548362,1.3791514154836229,81.27511989427222,SEC-001
AST-386,SEC-002,Delhi Main - Delhi Shahdara DOWN,DOWN,mast,10.89,19.5,1.0,3,2026-05-29 02:12:00,63,COMPLETED,0.74,1.17,20.0,0.0,0.0,1.0,0.0,3,0,0,160.0,0.7967351755325174,79.67351755325174,86.89869209251178,SEC-002
AST-395,SEC-003,Delhi Shahdara - Sahibabad UP,UP,contact wire,5.19,31.16666666666667,1.0,3,2026-06-20 02:17:00,41,COMPLETED,4.86,1.87,20.0,0.0,0.0,1.0,0.0,3,0,0,160.0,0.8557973757917888,85.57973757917888,81.4003163780377,SEC-003
AST-407,SEC-005,Sahibabad - Ghaziabad UP,UP,mast,5.33,20.166666666666664,0.0,4,2026-05-21 02:58:00,71,COMPLETED,1.22,1.21,0.0,0.0,0.0,0.0,0.0,4,1,0,150.0,0.0754137600008924,7.541376000089245,89.2912511123499,SEC-005
AST-412,SEC-003,Delhi Shahdara - Sahibabad UP,UP,contact wire,7.57,34.166666666666664,0.0,2,2026-06-30 03:09:00,31,COMPLETED,1.22,2.05,0.0,0.0,0.0,0.0,0.0,2,0,0,180.0,0.0129738403660456,1.297384036604564,86.90582996858632,SEC-003
AST-416,SEC-006,Sahibabad - Ghaziabad DOWN,DOWN,traction substation,10.69,42.0,0.0,3,2026-02-21 03:04:00,160,COMPLETED,0.93,2.52,0.0,0.0,0.0,0.0,0.0,3,0,1,200.0,0.1178398678520175,11.783986785201757,77.54065792983552,SEC-006
AST-419,SEC-002,Delhi Main - Delhi Shahdara DOWN,DOWN,cantilever,6.72,28.83333333333333,0.0,2,2026-06-11 02:33:00,50,COMPLETED,0.21,1.73,0.0,0.0,0.0,0.0,0.0,2,0,0,180.0,0.0111018895636394,1.1101889563639464,88.11237726514845,SEC-002
AST-422,SEC-006,Sahibabad - Ghaziabad DOWN,DOWN,cantilever,11.91,24.83333333333333,0.0,2,2026-05-19 02:38:00,73,COMPLETED,1.65,1.49,0.0,0.0,0.0,0.0,0.0,2,0,0,180.0,0.0092031507488122,0.920315074881224,89.47574634220295,SEC-006
AST-425,SEC-005,Sahibabad - Ghaziabad UP,UP,mast,12.66,26.166666666666664,0.0,2,2026-04-10 03:15:00,112,COMPLETED,1.11,1.57,0.0,0.0,0.0,0.0,0.0,2,0,0,180.0,0.008321696852974,0.8321696852974011,85.66411700300456,SEC-005
AST-426,SEC-006,Sahibabad - Ghaziabad DOWN,DOWN,feeder,6.96,26.166666666666664,0.0,2,2026-05-03 03:26:00,89,COMPLETED,0.43,1.57,0.0,0.0,0.0,0.0,0.0,2,0,0,180.0,0.0092031507488122,0.920315074881224,87.25378640731218,SEC-006
AST-438,SEC-004,Delhi Shahdara - Sahibabad DOWN,DOWN,contact wire,9.33,23.33333333333333,0.0,2,2026-03-23 03:24:00,130,COMPLETED,0.51,1.4,0.0,0.0,0.0,0.0,0.0,2,0,0,180.0,0.0098187641291098,0.9818764129109814,86.09282763408838,SEC-004
AST-442,SEC-004,Delhi Shahdara - Sahibabad DOWN,DOWN,OHE,6.09,24.33333333333333,0.0,2,2026-05-20 02:24:00,72,COMPLETED,0.96,1.46,0.0,0.0,0.0,0.0,0.0,2,0,0,180.0,0.0092031507488122,0.920315074881224,89.3400266471543,SEC-004
AST-443,SEC-003,Delhi Shahdara - Sahibabad UP,UP,traction substation,4.1,24.33333333333333,0.0,2,2026-04-22 03:01:00,100,COMPLETED,0.94,1.46,0.0,0.0,0.0,0.0,0.0,2,0,0,180.0,0.0098187641291098,0.9818764129109814,87.28079449665897,SEC-003
AST-449,SEC-004,Delhi Shahdara - Sahibabad DOWN,DOWN,traction substation,4.97,30.166666666666668,0.0,3,2026-06-27 03:10:00,34,COMPLETED,0.27,1.81,0.0,0.0,0.0,0.0,0.0,3,0,1,170.0,0.0912821392660685,9.128213926606852,85.71433890063301,SEC-004
AST-458,SEC-006,Sahibabad - Ghaziabad DOWN,DOWN,traction substation,12.54,17.833333333333336,0.0,2,2026-06-28 02:51:00,33,COMPLETED,0.99,1.07,0.0,0.0,0.0,0.0,0.0,2,0,0,180.0,0.0110010631056299,1.1001063105629991,92.64018161704377,SEC-006
AST-463,SEC-001,Delhi Main - Delhi Shahdara UP,UP,cantilever,9.75,41.0,0.0,2,2026-06-20 03:11:00,41,COMPLETED,0.76,2.46,0.0,0.0,0.0,0.0,0.0,2,0,0,180.0,0.0130638687722977,1.306386877229774,83.7141638841963,SEC-001
AST-465,SEC-001,Delhi Main - Delhi Shahdara UP,UP,feeder,4.03,32.166666666666664,0.0,2,2026-03-08 02:39:00,145,COMPLETED,1.16,1.93,0.0,0.0,0.0,0.0,0.0,2,0,0,180.0,0.0098187641291098,0.9818764129109814,82.82976442176134,SEC-001
AST-468,SEC-001,Delhi Main - Delhi Shahdara UP,UP,cantilever,6.02,23.5,0.0,2,2026-04-04 03:00:00,118,COMPLETED,1.14,1.41,0.0,0.0,0.0,0.0,0.0,2,0,0,180.0,0.0098187641291098,0.9818764129109814,86.67535861044294,SEC-001
AST-469,SEC-006,Sahibabad - Ghaziabad DOWN,DOWN,traction substation,11.24,39.66666666666666,2.0,4,2026-06-01 20:16:00,60,COMPLETED,1.78,2.38,40.0,0.0,0.0,2.0,0.0,4,0,1,157.5,0.9192158623664638,91.92158623664638,71.5074625009716,SEC-006
AST-470,SEC-004,Delhi Shahdara - Sahibabad DOWN,DOWN,mast,8.23,30.833333333333336,0.0,2,2026-06-28 03:13:00,33,COMPLETED,0.92,1.85,0.0,0.0,0.0,0.0,0.0,2,0,0,180.0,0.0129738403660456,1.297384036604564,87.61788164641176,SEC-004
AST-473,SEC-001,Delhi Main - Delhi Shahdara UP,UP,traction substation,9.19,38.16666666666666,1.0,4,2026-06-05 11:03:00,56,COMPLETED,0.4,2.29,40.0,0.0,1.0,0.0,0.0,4,1,2,210.0,0.9759396071537914,97.59396071537914,67.03610589564884,SEC-001
AST-476,SEC-006,Sahibabad - Ghaziabad DOWN,DOWN,OHE,12.59,33.33333333333333,1.0,3,2026-05-12 03:09:00,80,COMPLETED,1.03,2.0,20.0,0.0,0.0,1.0,0.0,3,0,0,160.0,0.7683598012313028,76.83598012313027,79.96893141509787,SEC-006
AST-477,SEC-002,Delhi Main - Delhi Shahdara DOWN,DOWN,OHE,5.13,31.666666666666664,0.0,2,2026-03-24 03:07:00,129,COMPLETED,0.33,1.9,0.0,0.0,0.0,0.0,0.0,2,0,0,180.0,0.0098187641291098,0.9818764129109814,82.916162444387,SEC-002
AST-482,SEC-003,Delhi Shahdara - Sahibabad UP,UP,contact wire,11.4,27.166666666666668,0.0,2,2026-02-20 03:28:00,161,COMPLETED,0.62,1.63,0.0,0.0,0.0,0.0,0.0,2,0,0,180.0,0.0098187641291098,0.9818764129109814,83.34360204544795,SEC-003
AST-484,SEC-002,Delhi Main - Delhi Shahdara DOWN,DOWN,feeder,8.79,40.16666666666666,1.0,3,2026-04-19 21:36:00,103,COMPLETED,1.16,2.41,40.0,0.0,1.0,0.0,0.0,3,0,1,170.0,0.9096403464335194,90.96403464335194,70.85277112686325,SEC-002
AST-491,SEC-005,Sahibabad - Ghaziabad UP,UP,OHE,6.14,35.66666666666667,0.0,2,2026-05-31 03:14:00,61,COMPLETED,0.98,2.14,0.0,0.0,0.0,0.0,0.0,2,0,0,180.0,0.0137915141548362,1.3791514154836229,85.48467396912369,SEC-005
AST-493,SEC-005,Sahibabad - Ghaziabad UP,UP,contact wire,10.27,100.16666666666669,1.0,3,2026-06-12 01:48:00,49,COMPLETED,1.36,6.01,20.0,0.0,0.0,1.0,0.0,3,0,0,160.0,0.863173208434693,86.3173208434693,59.52366939384319,SEC-005
AST-499,SEC-001,Delhi Main - Delhi Shahdara UP,UP,cantilever,12.1,90.66666666666669,1.0,4,2026-07-15 03:06:00,16,COMPLETED,0.88,5.44,20.0,0.0,0.0,1.0,0.0,4,1,0,150.0,0.9856900401214754,98.56900401214754,59.761745983911226,SEC-001
AST-505,SEC-006,Sahibabad - Ghaziabad DOWN,DOWN,feeder,5.89,35.5,1.0,3,2026-06-25 02:48:00,36,COMPLETED,1.23,2.13,20.0,0.0,0.0,1.0,0.0,3,0,0,160.0,0.8749589816122568,87.49589816122568,80.39935652412488,SEC-006
AST-518,SEC-006,Sahibabad - Ghaziabad DOWN,DOWN,OHE,11.29,51.33333333333333,0.0,2,2026-04-23 02:30:00,99,COMPLETED,0.43,3.08,0.0,0.0,0.0,0.0,0.0,2,0,0,180.0,0.0147094938396856,1.4709493839685643,77.3845720917481,SEC-006
AST-519,SEC-004,Delhi Shahdara - Sahibabad DOWN,DOWN,OHE,10.2,18.333333333333336,0.0,2,2026-04-20 02:45:00,102,COMPLETED,1.4,1.1,0.0,0.0,0.0,0.0,0.0,2,0,0,180.0,0.0098187641291098,0.9818764129109814,89.34251313827441,SEC-004
AST-521,SEC-003,Delhi Shahdara - Sahibabad UP,UP,feeder,5.07,51.16666666666666,0.0,2,2026-07-02 02:48:00,29,COMPLETED,1.11,3.07,0.0,0.0,0.0,0.0,0.0,2,0,0,180.0,0.0142138753144289,1.4213875314428916,79.85757020470477,SEC-003
AST-522,SEC-002,Delhi Main - Delhi Shahdara DOWN,DOWN,OHE,11.76,37.99999999999999,0.0,2,2026-05-09 02:32:00,83,COMPLETED,0.7,2.28,0.0,0.0,0.0,0.0,0.0,2,0,0,180.0,0.0137915141548362,1.3791514154836229,82.68794446008457,SEC-002
AST-523,SEC-003,Delhi Shahdara - Sahibabad UP,UP,cantilever,4.83,20.0,0.0,2,2026-03-28 02:57:00,125,COMPLETED,0.66,1.2,0.0,0.0,0.0,0.0,0.0,2,0,0,180.0,0.0098187641291098,0.9818764129109814,87.41301924566714,SEC-003
AST-530,SEC-005,Sahibabad - Ghaziabad UP,UP,mast,10.68,35.5,0.0,5,2026-03-03 03:20:00,150,COMPLETED,0.4,2.13,0.0,0.0,0.0,0.0,0.0,5,1,3,216.0,0.8880866615371503,88.80866615371504,76.8501252524984,SEC-005
AST-532,SEC-002,Delhi Main - Delhi Shahdara DOWN,DOWN,cantilever,8.21,19.5,0.0,3,2026-06-25 02:59:00,36,COMPLETED,0.48,1.17,0.0,0.0,0.0,0.0,0.0,3,0,1,200.0,0.0912821392660685,9.128213926606852,88.41033246850711,SEC-002
AST-540,SEC-003,Delhi Shahdara - Sahibabad UP,UP,OHE,12.74,44.0,0.0,2,2026-06-27 02:55:00,34,COMPLETED,1.03,2.64,0.0,0.0,0.0,0.0,0.0,2,0,0,180.0,0.0110775556052683,1.1077555605268308,82.1730543497128,SEC-003
AST-547,SEC-003,Delhi Shahdara - Sahibabad UP,UP,cantilever,8.83,21.0,0.0,2,2026-04-04 03:06:00,118,COMPLETED,0.81,1.26,0.0,0.0,0.0,0.0,0.0,2,0,0,180.0,0.0098187641291098,0.9818764129109814,87.35585327720992,SEC-003
AST-548,SEC-006,Sahibabad - Ghaziabad DOWN,DOWN,traction substation,5.52,28.5,0.0,2,2026-06-12 03:00:00,49,COMPLETED,2.14,1.71,0.0,0.0,0.0,0.0,0.0,2,0,0,180.0,0.0111018895636394,1.1101889563639464,88.0137288915171,SEC-006
AST-550,SEC-006,Sahibabad - Ghaziabad DOWN,DOWN,mast,9.51,22.833333333333336,1.0,3,2026-06-13 02:35:00,48,COMPLETED,0.52,1.37,20.0,0.0,0.0,1.0,0.0,3,0,0,160.0,0.8557973757917888,85.57973757917888,86.13863810477365,SEC-006
AST-551,SEC-002,Delhi Main - Delhi Shahdara DOWN,DOWN,traction substation,7.14,15.0,1.0,5,2026-04-21 03:06:00,101,COMPLETED,0.7,0.9,20.0,0.0,0.0,1.0,0.0,5,1,0,144.0,0.8677618326247083,86.77618326247082,84.30545380584047,SEC-002
AST-552,SEC-003,Delhi Shahdara - Sahibabad UP,UP,cantilever,10.32,12.5,0.0,2,2026-07-06 03:22:00,25,COMPLETED,0.6,0.75,0.0,0.0,0.0,0.0,0.0,2,0,0,180.0,0.0129738403660456,1.297384036604564,94.37501029348788,SEC-003
AST-554,SEC-006,Sahibabad - Ghaziabad DOWN,DOWN,cantilever,12.94,22.5,0.0,2,2026-04-21 02:54:00,101,COMPLETED,0.42,1.35,0.0,0.0,0.0,0.0,0.0,2,0,0,180.0,0.008321696852974,0.8321696852974011,87.99064001488125,SEC-006
AST-562,SEC-006,Sahibabad - Ghaziabad DOWN,DOWN,feeder,12.44,40.833333333333336,0.0,2,2026-06-19 03:31:00,42,COMPLETED,0.38,2.45,0.0,0.0,0.0,0.0,0.0,2,0,0,180.0,0.0130638687722977,1.306386877229774,83.76550436278545,SEC-006
AST-565,SEC-006,Sahibabad - Ghaziabad DOWN,DOWN,isolator,7.87,44.0,0.0,2,2026-02-23 03:29:00,158,COMPLETED,0.26,2.64,0.0,0.0,0.0,0.0,0.0,2,0,0,180.0,0.0147094938396856,1.4709493839685643,78.15471260531041,SEC-006
AST-566,SEC-001,Delhi Main - Delhi Shahdara UP,UP,cantilever,4.96,25.333333333333336,0.0,3,2026-04-28 02:58:00,94,COMPLETED,0.33,1.52,0.0,0.0,0.0,0.0,0.0,3,0,0,160.0,0.0494402702726044,4.944027027260445,87.8005460267077,SEC-001
AST-568,SEC-004,Delhi Shahdara - Sahibabad DOWN,DOWN,isolator,5.09,28.83333333333333,0.0,2,2026-05-24 02:43:00,68,COMPLETED,0.64,1.73,0.0,0.0,0.0,0.0,0.0,2,0,0,180.0,0.0092031507488122,0.920315074881224,87.81193999725099,SEC-004
AST-570,SEC-001,Delhi Main - Delhi Shahdara UP,UP,OHE,11.27,43.333333333333336,0.0,3,2026-03-18 03:06:00,135,COMPLETED,0.4,2.6,0.0,0.0,0.0,0.0,0.0,3,0,1,200.0,0.1178398678520175,11.783986785201757,77.52370108266793,SEC-001
AST-587,SEC-002,Delhi Main - Delhi Shahdara DOWN,DOWN,cantilever,8.3,21.166666666666668,0.0,2,2026-03-05 03:07:00,148,COMPLETED,1.1,1.27,0.0,0.0,0.0,0.0,0.0,2,0,0,180.0,0.0098187641291098,0.9818764129109814,86.0968355323881,SEC-002
AST-588,SEC-006,Sahibabad - Ghaziabad DOWN,DOWN,isolator,11.68,32.5,0.0,3,2026-06-15 02:52:00,46,COMPLETED,0.72,1.95,0.0,0.0,0.0,0.0,0.0,3,0,1,200.0,0.0912821392660685,9.128213926606852,83.63021995385778,SEC-006
AST-592,SEC-005,Sahibabad - Ghaziabad UP,UP,isolator,5.28,30.833333333333336,0.0,2,2026-03-15 02:48:00,138,COMPLETED,0.38,1.85,0.0,0.0,0.0,0.0,0.0,2,0,0,180.0,0.0098187641291098,0.9818764129109814,83.05026966267219,SEC-005
AST-594,SEC-005,Sahibabad - Ghaziabad UP,UP,cantilever,8.77,25.166666666666664,0.0,2,2026-06-17 03:16:00,44,COMPLETED,0.68,1.51,0.0,0.0,0.0,0.0,0.0,2,0,0,180.0,0.0111018895636394,1.1101889563639464,89.92365478496363,SEC-005
AST-597,SEC-002,Delhi Main - Delhi Shahdara DOWN,DOWN,contact wire,10.59,39.16666666666666,0.0,2,2026-05-27 02:53:00,65,COMPLETED,0.43,2.35,0.0,0.0,0.0,0.0,0.0,2,0,0,180.0,0.0137915141548362,1.3791514154836229,82.73835620300352,SEC-002
AST-601,SEC-003,Delhi Shahdara - Sahibabad UP,UP,mast,9.77,19.83333333333333,0.0,2,2026-03-01 03:06:00,152,COMPLETED,1.38,1.19,0.0,0.0,0.0,0.0,0.0,2,0,0,180.0,0.0098187641291098,0.9818764129109814,86.6029313723253,SEC-003
AST-602,SEC-001,Delhi Main - Delhi Shahdara UP,UP,feeder,12.41,28.666666666666668,0.0,2,2026-02-11 02:48:00,170,COMPLETED,0.68,1.72,0.0,0.0,0.0,0.0,0.0,2,0,0,180.0,0.0098187641291098,0.9818764129109814,82.60479425304408,SEC-001
AST-603,SEC-003,Delhi Shahdara - Sahibabad UP,UP,OHE,5.42,31.0,0.0,2,2026-04-03 02:21:00,119,COMPLETED,1.32,1.86,0.0,0.0,0.0,0.0,0.0,2,0,0,180.0,0.0098187641291098,0.9818764129109814,82.901799492582,SEC-003
AST-605,SEC-006,Sahibabad - Ghaziabad DOWN,DOWN,traction substation,5.59,31.33333333333333,0.0,2,2026-02-26 03:13:00,155,COMPLETED,0.43,1.88,0.0,0.0,0.0,0.0,0.0,2,0,0,180.0,0.0098187641291098,0.9818764129109814,82.60399791527908,SEC-006
AST-612,SEC-005,Sahibabad - Ghaziabad UP,UP,mast,10.35,11.166666666666668,0.0,2,2026-04-23 02:37:00,99,COMPLETED,0.84,0.67,0.0,0.0,0.0,0.0,0.0,2,0,0,180.0,0.0098187641291098,0.9818764129109814,91.60810904986498,SEC-005
AST-613,SEC-003,Delhi Shahdara - Sahibabad UP,UP,traction substation,12.55,103.5,1.0,3,2026-04-13 02:29:00,109,COMPLETED,0.04,6.21,50.0,0.0,0.0,1.0,1.0,3,0,0,160.0,0.8180268574328803,81.80268574328802,58.11879246407295,SEC-003
AST-618,SEC-001,Delhi Main - Delhi Shahdara UP,UP,contact wire,7.43,31.5,0.0,2,2026-02-23 02:48:00,158,COMPLETED,2.22,1.89,0.0,0.0,0.0,0.0,0.0,2,0,0,180.0,0.0098187641291098,0.9818764129109814,82.44713005974181,SEC-001
AST-622,SEC-004,Delhi Shahdara - Sahibabad DOWN,DOWN,traction substation,9.36,26.5,0.0,3,2026-02-25 03:02:00,156,COMPLETED,0.66,1.59,0.0,0.0,0.0,0.0,0.0,3,0,0,160.0,0.0526045070442161,5.260450704421613,83.18504425693082,SEC-004
AST-625,SEC-002,Delhi Main - Delhi Shahdara DOWN,DOWN,traction substation,11.59,21.666666666666668,0.0,2,2026-06-06 03:26:00,55,COMPLETED,1.27,1.3,0.0,0.0,0.0,0.0,0.0,2,0,0,180.0,0.0111018895636394,1.1101889563639464,90.10842291267323,SEC-002
AST-630,SEC-002,Delhi Main - Delhi Shahdara DOWN,DOWN,mast,11.23,14.833333333333334,0.0,2,2026-03-25 02:38:00,128,COMPLETED,0.57,0.89,0.0,0.0,0.0,0.0,0.0,2,0,0,180.0,0.0098187641291098,0.9818764129109814,88.71444368182854,SEC-002
AST-632,SEC-005,Sahibabad - Ghaziabad UP,UP,contact wire,6.11,43.16666666666666,1.0,3,2026-07-16 14:56:00,15,COMPLETED,5.62,2.59,40.0,0.0,1.0,0.0,0.0,3,0,1,200.0,0.9659443379397,96.59443379397,73.11282506653055,SEC-005
AST-634,SEC-004,Delhi Shahdara - Sahibabad DOWN,DOWN,cantilever,9.6,35.166666666666664,0.0,2,2026-06-10 03:01:00,51,COMPLETED,0.76,2.11,0.0,0.0,0.0,0.0,0.0,2,0,0,180.0,0.0111018895636394,1.1101889563639464,85.87746217696244,SEC-004
AST-636,SEC-002,Delhi Main - Delhi Shahdara DOWN,DOWN,mast,10.37,31.16666666666667,0.0,2,2026-07-11 02:33:00,20,COMPLETED,1.23,1.87,0.0,0.0,0.0,0.0,0.0,2,0,0,180.0,0.0166186573822585,1.661865738225857,87.69672972722172,SEC-002
AST-638,SEC-001,Delhi Main - Delhi Shahdara UP,UP,traction substation,4.76,23.666666666666668,0.0,2,2026-03-04 03:15:00,149,COMPLETED,0.86,1.42,0.0,0.0,0.0,0.0,0.0,2,0,0,180.0,0.0098187641291098,0.9818764129109814,85.33813897161667,SEC-001
AST-643,SEC-002,Delhi Main - Delhi Shahdara DOWN,DOWN,traction substation,8.38,36.00000000000001,0.0,2,2026-07-09 02:32:00,22,COMPLETED,0.18,2.16,0.0,0.0,0.0,0.0,0.0,2,0,0,180.0,0.0142138753144289,1.4213875314428916,86.13898847407299,SEC-002
AST-645,SEC-001,Delhi Main - Delhi Shahdara UP,UP,contact wire,8.87,22.0,0.0,2,2026-04-22 03:24:00,100,COMPLETED,0.5,1.32,0.0,0.0,0.0,0.0,0.0,2,0,0,180.0,0.0098187641291098,0.9818764129109814,87.91959496699975,SEC-001
AST-649,SEC-002,Delhi Main - Delhi Shahdara DOWN,DOWN,mast,12.41,16.666666666666664,0.0,2,2026-03-01 02:47:00,152,COMPLETED,0.64,1.0,0.0,0.0,0.0,0.0,0.0,2,0,0,180.0,0.0098187641291098,0.9818764129109814,88.0717455639585,SEC-002
AST-650,SEC-006,Sahibabad - Ghaziabad DOWN,DOWN,mast,12.65,45.16666666666666,0.0,2,2026-03-01 02:48:00,152,COMPLETED,0.43,2.71,0.0,0.0,0.0,0.0,0.0,2,0,0,180.0,0.0124761324270406,1.2476132427040665,78.3672670472146,SEC-006
AST-651,SEC-004,Delhi Shahdara - Sahibabad DOWN,DOWN,mast,4.71,39.5,0.0,4,2026-02-22 02:42:00,159,COMPLETED,0.51,2.37,0.0,0.0,0.0,0.0,0.0,4,1,0,150.0,0.2859812533531373,28.59812533531373,77.15841541624066,SEC-004
AST-658,SEC-003,Delhi Shahdara - Sahibabad UP,UP,mast,10.41,42.0,0.0,2,2026-04-21 03:02:00,101,COMPLETED,1.41,2.52,0.0,0.0,0.0,0.0,0.0,2,0,0,180.0,0.0147094938396856,1.4709493839685643,80.8078214553291,SEC-003
AST-660,SEC-001,Delhi Main - Delhi Shahdara UP,UP,cantilever,7.16,39.33333333333333,1.0,3,2026-07-01 03:13:00,30,COMPLETED,0.74,2.36,20.0,0.0,0.0,1.0,0.0,3,0,0,160.0,0.9190051432716424,91.90051432716425,77.59874252590294,SEC-001
AST-661,SEC-003,Delhi Shahdara - Sahibabad UP,UP,mast,9.12,34.5,1.0,4,2026-03-31 02:13:00,122,COMPLETED,0.2,2.07,20.0,0.0,0.0,1.0,0.0,4,1,0,150.0,0.8677618326247083,86.77618326247082,75.49468285456692,SEC-003
AST-664,SEC-002,Delhi Main - Delhi Shahdara DOWN,DOWN,traction substation,10.13,36.5,1.0,4,2026-04-30 02:22:00,92,COMPLETED,1.17,2.19,40.0,0.0,1.0,0.0,0.0,4,0,2,187.5,0.9651648756639968,96.51648756639968,69.57910147982763,SEC-002
AST-665,SEC-002,Delhi Main - Delhi Shahdara DOWN,DOWN,contact wire,8.6,44.0,0.0,2,2026-03-15 03:19:00,138,COMPLETED,0.7,2.64,0.0,0.0,0.0,0.0,0.0,2,0,0,180.0,0.0147094938396856,1.4709493839685643,79.17310345658655,SEC-002
AST-667,SEC-006,Sahibabad - Ghaziabad DOWN,DOWN,OHE,12.28,38.33333333333333,0.0,2,2026-06-22 02:43:00,39,COMPLETED,0.5,2.3,0.0,0.0,0.0,0.0,0.0,2,0,0,180.0,0.0130638687722977,1.306386877229774,84.19850734422577,SEC-006
AST-674,SEC-006,Sahibabad - Ghaziabad DOWN,DOWN,cantilever,7.66,22.5,0.0,2,2026-04-22 02:34:00,100,COMPLETED,1.38,1.35,0.0,0.0,0.0,0.0,0.0,2,0,0,180.0,0.0098187641291098,0.9818764129109814,87.93514393749837,SEC-006
AST-681,SEC-005,Sahibabad - Ghaziabad UP,UP,cantilever,7.35,29.33333333333333,0.0,2,2026-06-15 03:27:00,46,COMPLETED,0.39,1.76,0.0,0.0,0.0,0.0,0.0,2,0,0,180.0,0.0111018895636394,1.1101889563639464,88.43313680138986,SEC-005
AST-684,SEC-001,Delhi Main - Delhi Shahdara UP,UP,contact wire,12.76,40.0,1.0,4,2026-05-04 16:12:00,88,COMPLETED,1.23,2.4,40.0,0.0,1.0,0.0,0.0,4,1,2,210.0,0.9723118973802942,97.23118973802944,65.38466620567144,SEC-001
AST-685,SEC-002,Delhi Main - Delhi Shahdara DOWN,DOWN,contact wire,8.17,37.833333333333336,0.0,2,2026-06-08 02:47:00,53,COMPLETED,0.66,2.27,0.0,0.0,0.0,0.0,0.0,2,0,0,180.0,0.0130638687722977,1.306386877229774,84.97404076385341,SEC-002
AST-688,SEC-003,Delhi Shahdara - Sahibabad UP,UP,OHE,9.17,37.5,0.0,2,2026-04-03 03:19:00,119,COMPLETED,1.29,2.25,0.0,0.0,0.0,0.0,0.0,2,0,0,180.0,0.0147094938396856,1.4709493839685643,81.81482353053569,SEC-003
AST-695,SEC-006,Sahibabad - Ghaziabad DOWN,DOWN,cantilever,10.11,25.166666666666664,0.0,2,2026-03-26 03:26:00,127,COMPLETED,0.7,1.51,0.0,0.0,0.0,0.0,0.0,2,0,0,180.0,0.0098187641291098,0.9818764129109814,86.11253220338072,SEC-006
AST-696,SEC-005,Sahibabad - Ghaziabad UP,UP,mast,8.35,47.66666666666666,0.0,2,2026-04-28 02:33:00,94,COMPLETED,1.17,2.86,0.0,0.0,0.0,0.0,0.0,2,0,0,180.0,0.0137915141548362,1.3791514154836229,79.60526940474763,SEC-005
AST-698,SEC-003,Delhi Shahdara - Sahibabad UP,UP,traction substation,9.29,33.166666666666664,0.0,2,2026-05-11 02:56:00,81,COMPLETED,1.35,1.99,0.0,0.0,0.0,0.0,0.0,2,0,0,180.0,0.0092031507488122,0.920315074881224,85.5020651972415,SEC-003
AST-701,SEC-002,Delhi Main - Delhi Shahdara DOWN,DOWN,OHE,12.94,23.83333333333333,0.0,2,2026-07-08 03:11:00,23,COMPLETED,0.38,1.43,0.0,0.0,0.0,0.0,0.0,2,0,0,180.0,0.0110010631056299,1.1001063105629991,90.97989601565536,SEC-002
AST-703,SEC-003,Delhi Shahdara - Sahibabad UP,UP,feeder,4.31,39.833333333333336,0.0,3,2026-02-10 02:42:00,171,COMPLETED,0.92,2.39,0.0,0.0,0.0,0.0,0.0,3,0,0,160.0,0.0771464134774451,7.714641347744516,78.33250758099122,SEC-003
AST-705,SEC-004,Delhi Shahdara - Sahibabad DOWN,DOWN,traction substation,5.97,28.166666666666668,1.0,3,2026-03-15 03:21:00,138,COMPLETED,0.88,1.69,40.0,0.0,1.0,0.0,0.0,3,0,1,200.0,0.8919571177893432,89.19571177893431,75.09877028569198,SEC-004
AST-710,SEC-005,Sahibabad - Ghaziabad UP,UP,traction substation,4.81,27.0,0.0,2,2026-04-24 03:19:00,98,COMPLETED,0.51,1.62,0.0,0.0,0.0,0.0,0.0,2,0,0,180.0,0.0098187641291098,0.9818764129109814,85.41719333270154,SEC-005
AST-714,SEC-005,Sahibabad - Ghaziabad UP,UP,feeder,6.5,28.0,0.0,2,2026-03-07 03:29:00,146,COMPLETED,0.48,1.68,0.0,0.0,0.0,0.0,0.0,2,0,0,180.0,0.0098187641291098,0.9818764129109814,83.68920404968534,SEC-005
AST-717,SEC-005,Sahibabad - Ghaziabad UP,UP,cantilever,10.75,28.83333333333333,0.0,2,2026-07-06 03:23:00,25,COMPLETED,0.66,1.73,0.0,0.0,0.0,0.0,0.0,2,0,0,180.0,0.0129738403660456,1.297384036604564,89.38044804686984,SEC-005
AST-721,SEC-001,Delhi Main - Delhi Shahdara UP,UP,cantilever,6.8,23.83333333333333,0.0,3,2026-04-17 02:26:00,105,COMPLETED,2.03,1.43,0.0,0.0,0.0,0.0,0.0,3,0,0,160.0,0.0526045070442161,5.260450704421613,86.69228056545357,SEC-001
AST-724,SEC-004,Delhi Shahdara - Sahibabad DOWN,DOWN,cantilever,8.21,28.33333333333333,0.0,2,2026-04-23 02:58:00,99,COMPLETED,0.63,1.7,0.0,0.0,0.0,0.0,0.0,2,0,0,180.0,0.0098187641291098,0.9818764129109814,85.3206017582828,SEC-004
AST-729,SEC-003,Delhi Shahdara - Sahibabad UP,UP,OHE,10.88,24.0,1.0,3,2026-07-14 02:53:00,17,COMPLETED,0.96,1.44,20.0,0.0,0.0,1.0,0.0,3,0,0,160.0,0.9331413395607768,93.31413395607768,86.51800237445477,SEC-003
AST-730,SEC-001,Delhi Main - Delhi Shahdara UP,UP,feeder,11.33,30.333333333333336,1.0,4,2026-05-25 03:20:00,67,COMPLETED,4.44,1.82,20.0,0.0,0.0,1.0,0.0,4,0,0,150.0,0.8600784631586772,86.00784631586772,83.8014150776068,SEC-001
AST-733,SEC-003,Delhi Shahdara - Sahibabad UP,UP,isolator,7.33,18.000000000000004,0.0,2,2026-05-30 02:41:00,62,COMPLETED,0.78,1.08,0.0,0.0,0.0,0.0,0.0,2,0,0,180.0,0.0092031507488122,0.920315074881224,91.10932494775876,SEC-003
AST-736,SEC-005,Sahibabad - Ghaziabad UP,UP,feeder,5.09,19.83333333333333,0.0,2,2026-07-03 02:39:00,28,COMPLETED,0.46,1.19,0.0,0.0,0.0,0.0,0.0,2,0,0,180.0,0.0129738403660456,1.297384036604564,91.93462522333522,SEC-005
AST-745,SEC-004,Delhi Shahdara - Sahibabad DOWN,DOWN,feeder,6.64,37.99999999999999,1.0,4,2026-04-17 02:37:00,105,COMPLETED,0.6,2.28,40.0,0.0,1.0,0.0,0.0,4,1,2,210.0,0.9733468038581808,97.33468038581807,65.34997144477006,SEC-004
