date,track_section,hour,day_of_week,is_weekend,is_holiday,month,season,scheduled_train_count,actual_train_count
2026-05-03,SEC-001,0,6,1,0,5,Summer,3,3
2026-05-03,SEC-001,1,6,1,0,5,Summer,2,2
2026-05-03,SEC-001,2,6,1,0,5,Summer,1,1
2026-05-03,SEC-001,3,6,1,0,5,Summer,3,3
2026-05-03,SEC-001,4,6,1,0,5,Summer,2,2
2026-05-03,SEC-001,5,6,1,0,5,Summer,1,1
2026-05-03,SEC-001,6,6,1,0,5,Summer,1,1
2026-05-03,SEC-001,7,6,1,0,5,Summer,0,0
2026-05-03,SEC-001,8,6,1,0,5,Summer,0,0
2026-05-03,SEC-001,9,6,1,0,5,Summer,1,1
2026-05-03,SEC-001,10,6,1,0,5,Summer,0,0
2026-05-03,SEC-001,11,6,1,0,5,Summer,0,0
2026-05-03,SEC-001,12,6,1,0,5,Summer,0,0
2026-05-03,SEC-001,13,6,1,0,5,Summer,2,2
2026-05-03,SEC-001,14,6,1,0,5,Summer,0,0
2026-05-03,SEC-001,15,6,1,0,5,Summer,0,0
2026-05-03,SEC-001,16,6,1,0,5,Summer,0,0
2026-05-03,SEC-001,17,6,1,0,5,Summer,1,1
2026-05-03,SEC-001,18,6,1,0,5,Summer,0,0
2026-05-03,SEC-001,19,6,1,0,5,Summer,1,1
2026-05-03,SEC-001,20,6,1,0,5,Summer,1,1
2026-05-03,SEC-001,21,6,1,0,5,Summer,0,0
2026-05-03,SEC-001,22,6,1,0,5,Summer,4,4
2026-05-03,SEC-001,23,6,1,0,5,Summer,5,5
2026-05-03,SEC-002,0,6,1,0,5,Summer,1,1
2026-05-03,SEC-002,1,6,1,0,5,Summer,2,2
2026-05-03,SEC-002,2,6,1,0,5,Summer,3,3
2026-05-03,SEC-002,3,6,1,0,5,Summer,3,3
2026-05-03,SEC-002,4,6,1,0,5,Summer,1,1
2026-05-03,SEC-002,5,6,1,0,5,Summer,0,0
2026-05-03,SEC-002,6,6,1,0,5,Summer,0,0
2026-05-03,SEC-002,7,6,1,0,5,Summer,0,0
2026-05-03,SEC-002,8,6,1,0,5,Summer,2,2
2026-05-03,SEC-002,9,6,1,0,5,Summer,0,0
2026-05-03,SEC-002,10,6,1,0,5,Summer,0,0
2026-05-03,SEC-002,11,6,1,0,5,Summer,0,0
2026-05-03,SEC-002,12,6,1,0,5,Summer,0,0
2026-05-03,SEC-002,13,6,1,0,5,Summer,0,0
2026-05-03,SEC-002,14,6,1,0,5,Summer,0,0
2026-05-03,SEC-002,15,6,1,0,5,Summer,1,1
2026-05-03,SEC-002,16,6,1,0,5,Summer,0,0
2026-05-03,SEC-002,17,6,1,0,5,Summer,0,0
2026-05-03,SEC-002,18,6,1,0,5,Summer,1,1
2026-05-03,SEC-002,19,6,1,0,5,Summer,0,0
2026-05-03,SEC-002,20,6,1,0,5,Summer,0,0
2026-05-03,SEC-002,21,6,1,0,5,Summer,2,2
2026-05-03,SEC-002,22,6,1,0,5,Summer,1,1
2026-05-03,SEC-002,23,6,1,0,5,Summer,3,3
2026-05-03,SEC-003,0,6,1,0,5,Summer,2,2
2026-05-03,SEC-003,1,6,1,0,5,Summer,1,1
2026-05-03,SEC-003,2,6,1,0,5,Summer,5,5
2026-05-03,SEC-003,3,6,1,0,5,Summer,0,0
2026-05-03,SEC-003,4,6,1,0,5,Summer,0,0
2026-05-03,SEC-003,5,6,1,0,5,Summer,1,1
2026-05-03,SEC-003,6,6,1,0,5,Summer,1,1
2026-05-03,SEC-003,7,6,1,0,5,Summer,0,0
2026-05-03,SEC-003,8,6,1,0,5,Summer,0,0
2026-05-03,SEC-003,9,6,1,0,5,Summer,1,1
2026-05-03,SEC-003,10,6,1,0,5,Summer,1,1
2026-05-03,SEC-003,11,6,1,0,5,Summer,0,0
2026-05-03,SEC-003,12,6,1,0,5,Summer,0,0
2026-05-03,SEC-003,13,6,1,0,5,Summer,1,1
2026-05-03,SEC-003,14,6,1,0,5,Summer,0,0
2026-05-03,SEC-003,15,6,1,0,5,Summer,0,0
2026-05-03,SEC-003,16,6,1,0,5,Summer,0,0
2026-05-03,SEC-003,17,6,1,0,5,Summer,0,0
2026-05-03,SEC-003,18,6,1,0,5,Summer,2,2
2026-05-03,SEC-003,19,6,1,0,5,Summer,1,1
2026-05-03,SEC-003,20,6,1,0,5,Summer,0,0
2026-05-03,SEC-003,21,6,1,0,5,Summer,0,0
2026-05-03,SEC-003,22,6,1,0,5,Summer,2,2
2026-05-03,SEC-003,23,6,1,0,5,Summer,0,0
2026-05-03,SEC-004,0,6,1,0,5,Summer,2,2
2026-05-03,SEC-004,1,6,1,0,5,Summer,2,2
2026-05-03,SEC-004,2,6,1,0,5,Summer,2,2
2026-05-03,SEC-004,3,6,1,0,5,Summer,2,2
2026-05-03,SEC-004,4,6,1,0,5,Summer,3,3
2026-05-03,SEC-004,5,6,1,0,5,Summer,0,0
2026-05-03,SEC-004,6,6,1,0,5,Summer,3,3
2026-05-03,SEC-004,7,6,1,0,5,Summer,0,0
2026-05-03,SEC-004,8,6,1,0,5,Summer,1,1
2026-05-03,SEC-004,9,6,1,0,5,Summer,0,0
2026-05-03,SEC-004,10,6,1,0,5,Summer,2,2
2026-05-03,SEC-004,11,6,1,0,5,Summer,0,0
2026-05-03,SEC-004,12,6,1,0,5,Summer,1,1
2026-05-03,SEC-004,13,6,1,0,5,Summer,0,0
2026-05-03,SEC-004,14,6,1,0,5,Summer,0,0
2026-05-03,SEC-004,15,6,1,0,5,Summer,1,1
2026-05-03,SEC-004,16,6,1,0,5,Summer,1,1
2026-05-03,SEC-004,17,6,1,0,5,Summer,1,1
2026-05-03,SEC-004,18,6,1,0,5,Summer,0,0
2026-05-03,SEC-004,19,6,1,0,5,Summer,0,0
2026-05-03,SEC-004,20,6,1,0,5,Summer,1,1
2026-05-03,SEC-004,21,6,1,0,5,Summer,0,0
2026-05-03,SEC-004,22,6,1,0,5,Summer,0,0
2026-05-03,SEC-004,23,6,1,0,5,Summer,1,1
2026-05-03,SEC-005,0,6,1,0,5,Summer,3,3
2026-05-03,SEC-005,1,6,1,0,5,Summer,1,1
2026-05-03,SEC-005,2,6,1,0,5,Summer,4,4
2026-05-03,SEC-005,3,6,1,0,5,Summer,1,1
2026-05-03,SEC-005,4,6,1,0,5,Summer,4,4
2026-05-03,SEC-005,5,6,1,0,5,Summer,2,2
2026-05-03,SEC-005,6,6,1,0,5,Summer,0,0
2026-05-03,SEC-005,7,6,1,0,5,Summer,0,0
2026-05-03,SEC-005,8,6,1,0,5,Summer,0,0
2026-05-03,SEC-005,9,6,1,0,5,Summer,2,2
2026-05-03,SEC-005,10,6,1,0,5,Summer,2,2
2026-05-03,SEC-005,11,6,1,0,5,Summer,0,0
2026-05-03,SEC-005,12,6,1,0,5,Summer,0,0
2026-05-03,SEC-005,13,6,1,0,5,Summer,0,0
2026-05-03,SEC-005,14,6,1,0,5,Summer,0,0
2026-05-03,SEC-005,15,6,1,0,5,Summer,0,0
2026-05-03,SEC-005,16,6,1,0,5,Summer,2,2
2026-05-03,SEC-005,17,6,1,0,5,Summer,0,0
2026-05-03,SEC-005,18,6,1,0,5,Summer,0,0
2026-05-03,SEC-005,19,6,1,0,5,Summer,2,2
2026-05-03,SEC-005,20,6,1,0,5,Summer,1,1
2026-05-03,SEC-005,21,6,1,0,5,Summer,0,0
2026-05-03,SEC-005,22,6,1,0,5,Summer,2,2
2026-05-03,SEC-005,23,6,1,0,5,Summer,1,1
2026-05-03,SEC-006,0,6,1,0,5,Summer,2,2
2026-05-03,SEC-006,1,6,1,0,5,Summer,1,1
2026-05-03,SEC-006,2,6,1,0,5,Summer,1,1
2026-05-03,SEC-006,3,6,1,0,5,Summer,1,1
2026-05-03,SEC-006,4,6,1,0,5,Summer,2,2
2026-05-03,SEC-006,5,6,1,0,5,Summer,0,0
2026-05-03,SEC-006,6,6,1,0,5,Summer,0,0
2026-05-03,SEC-006,7,6,1,0,5,Summer,0,0
2026-05-03,SEC-006,8,6,1,0,5,Summer,0,0
2026-05-03,SEC-006,9,6,1,0,5,Summer,0,0
2026-05-03,SEC-006,10,6,1,0,5,Summer,0,0
2026-05-03,SEC-006,11,6,1,0,5,Summer,2,2
2026-05-03,SEC-006,12,6,1,0,5,Summer,0,0
2026-05-03,SEC-006,13,6,1,0,5,Summer,0,0
2026-05-03,SEC-006,14,6,1,0,5,Summer,0,0
2026-05-03,SEC-006,15,6,1,0,5,Summer,0,0
2026-05-03,SEC-006,16,6,1,0,5,Summer,1,1
2026-05-03,SEC-006,17,6,1,0,5,Summer,1,1
2026-05-03,SEC-006,18,6,1,0,5,Summer,1,1
2026-05-03,SEC-006,19,6,1,0,5,Summer,0,0
2026-05-03,SEC-006,20,6,1,0,5,Summer,0,0
2026-05-03,SEC-006,21,6,1,0,5,Summer,0,0
2026-05-03,SEC-006,22,6,1,0,5,Summer,1,1
2026-05-03,SEC-006,23,6,1,0,5,Summer,4,4
2026-05-04,SEC-001,0,0,0,0,5,Summer,3,3
2026-05-04,SEC-001,1,0,0,0,5,Summer,3,3
2026-05-04,SEC-001,2,0,0,0,5,Summer,1,1
2026-05-04,SEC-001,3,0,0,0,5,Summer,2,2
2026-05-04,SEC-001,4,0,0,0,5,Summer,2,2
2026-05-04,SEC-001,5,0,0,0,5,Summer,0,0
2026-05-04,SEC-001,6,0,0,0,5,Summer,0,0
2026-05-04,SEC-001,7,0,0,0,5,Summer,0,0
2026-05-04,SEC-001,8,0,0,0,5,Summer,0,0
2026-05-04,SEC-001,9,0,0,0,5,Summer,0,0
2026-05-04,SEC-001,10,0,0,0,5,Summer,0,0
2026-05-04,SEC-001,11,0,0,0,5,Summer,1,1
2026-05-04,SEC-001,12,0,0,0,5,Summer,0,0
2026-05-04,SEC-001,13,0,0,0,5,Summer,0,0
2026-05-04,SEC-001,14,0,0,0,5,Summer,1,1
2026-05-04,SEC-001,15,0,0,0,5,Summer,0,0
2026-05-04,SEC-001,16,0,0,0,5,Summer,1,1
2026-05-04,SEC-001,17,0,0,0,5,Summer,0,0
2026-05-04,SEC-001,18,0,0,0,5,Summer,0,0
2026-05-04,SEC-001,19,0,0,0,5,Summer,1,1
2026-05-04,SEC-001,20,0,0,0,5,Summer,0,0
2026-05-04,SEC-001,21,0,0,0,5,Summer,0,0
2026-05-04,SEC-001,22,0,0,0,5,Summer,3,3
2026-05-04,SEC-001,23,0,0,0,5,Summer,0,0
2026-05-04,SEC-002,0,0,0,0,5,Summer,1,1
2026-05-04,SEC-002,1,0,0,0,5,Summer,1,1
2026-05-04,SEC-002,2,0,0,0,5,Summer,1,1
2026-05-04,SEC-002,3,0,0,0,5,Summer,2,2
2026-05-04,SEC-002,4,0,0,0,5,Summer,3,3
2026-05-04,SEC-002,5,0,0,0,5,Summer,0,0
2026-05-04,SEC-002,6,0,0,0,5,Summer,2,2
2026-05-04,SEC-002,7,0,0,0,5,Summer,0,0
2026-05-04,SEC-002,8,0,0,0,5,Summer,0,0
2026-05-04,SEC-002,9,0,0,0,5,Summer,1,1
2026-05-04,SEC-002,10,0,0,0,5,Summer,0,0
2026-05-04,SEC-002,11,0,0,0,5,Summer,1,1
2026-05-04,SEC-002,12,0,0,0,5,Summer,0,0
2026-05-04,SEC-002,13,0,0,0,5,Summer,1,1
2026-05-04,SEC-002,14,0,0,0,5,Summer,0,0
2026-05-04,SEC-002,15,0,0,0,5,Summer,1,1
2026-05-04,SEC-002,16,0,0,0,5,Summer,0,0
2026-05-04,SEC-002,17,0,0,0,5,Summer,0,0
2026-05-04,SEC-002,18,0,0,0,5,Summer,0,0
2026-05-04,SEC-002,19,0,0,0,5,Summer,0,0
2026-05-04,SEC-002,20,0,0,0,5,Summer,0,0
2026-05-04,SEC-002,21,0,0,0,5,Summer,0,0
2026-05-04,SEC-002,22,0,0,0,5,Summer,3,3
2026-05-04,SEC-002,23,0,0,0,5,Summer,0,0
2026-05-04,SEC-003,0,0,0,0,5,Summer,3,3
2026-05-04,SEC-003,1,0,0,0,5,Summer,1,1
2026-05-04,SEC-003,2,0,0,0,5,Summer,2,2
2026-05-04,SEC-003,3,0,0,0,5,Summer,3,3
2026-05-04,SEC-003,4,0,0,0,5,Summer,1,1
2026-05-04,SEC-003,5,0,0,0,5,Summer,1,1
2026-05-04,SEC-003,6,0,0,0,5,Summer,0,0
2026-05-04,SEC-003,7,0,0,0,5,Summer,0,0
2026-05-04,SEC-003,8,0,0,0,5,Summer,1,1
2026-05-04,SEC-003,9,0,0,0,5,Summer,0,0
2026-05-04,SEC-003,10,0,0,0,5,Summer,2,2
2026-05-04,SEC-003,11,0,0,0,5,Summer,0,0
2026-05-04,SEC-003,12,0,0,0,5,Summer,0,0
2026-05-04,SEC-003,13,0,0,0,5,Summer,0,0
2026-05-04,SEC-003,14,0,0,0,5,Summer,1,1
2026-05-04,SEC-003,15,0,0,0,5,Summer,0,0
2026-05-04,SEC-003,16,0,0,0,5,Summer,2,2
2026-05-04,SEC-003,17,0,0,0,5,Summer,1,1
2026-05-04,SEC-003,18,0,0,0,5,Summer,0,0
2026-05-04,SEC-003,19,0,0,0,5,Summer,1,1
2026-05-04,SEC-003,20,0,0,0,5,Summer,0,0
2026-05-04,SEC-003,21,0,0,0,5,Summer,0,0
2026-05-04,SEC-003,22,0,0,0,5,Summer,4,4
2026-05-04,SEC-003,23,0,0,0,5,Summer,2,2
2026-05-04,SEC-004,0,0,0,0,5,Summer,2,2
2026-05-04,SEC-004,1,0,0,0,5,Summer,3,3
2026-05-04,SEC-004,2,0,0,0,5,Summer,2,2
2026-05-04,SEC-004,3,0,0,0,5,Summer,1,1
2026-05-04,SEC-004,4,0,0,0,5,Summer,4,4
2026-05-04,SEC-004,5,0,0,0,5,Summer,0,0
2026-05-04,SEC-004,6,0,0,0,5,Summer,0,0
2026-05-04,SEC-004,7,0,0,0,5,Summer,0,0
2026-05-04,SEC-004,8,0,0,0,5,Summer,0,0
2026-05-04,SEC-004,9,0,0,0,5,Summer,0,0
2026-05-04,SEC-004,10,0,0,0,5,Summer,0,0
2026-05-04,SEC-004,11,0,0,0,5,Summer,1,1
2026-05-04,SEC-004,12,0,0,0,5,Summer,0,0
2026-05-04,SEC-004,13,0,0,0,5,Summer,0,0
2026-05-04,SEC-004,14,0,0,0,5,Summer,5,5
2026-05-04,SEC-004,15,0,0,0,5,Summer,0,0
2026-05-04,SEC-004,16,0,0,0,5,Summer,0,0
2026-05-04,SEC-004,17,0,0,0,5,Summer,1,1
2026-05-04,SEC-004,18,0,0,0,5,Summer,1,1
2026-05-04,SEC-004,19,0,0,0,5,Summer,1,1
2026-05-04,SEC-004,20,0,0,0,5,Summer,0,0
2026-05-04,SEC-004,21,0,0,0,5,Summer,0,0
2026-05-04,SEC-004,22,0,0,0,5,Summer,2,2
2026-05-04,SEC-004,23,0,0,0,5,Summer,1,1
2026-05-04,SEC-005,0,0,0,0,5,Summer,1,1
2026-05-04,SEC-005,1,0,0,0,5,Summer,3,3
2026-05-04,SEC-005,2,0,0,0,5,Summer,0,0
2026-05-04,SEC-005,3,0,0,0,5,Summer,2,2
2026-05-04,SEC-005,4,0,0,0,5,Summer,4,4
2026-05-04,SEC-005,5,0,0,0,5,Summer,1,1
2026-05-04,SEC-005,6,0,0,0,5,Summer,1,1
2026-05-04,SEC-005,7,0,0,0,5,Summer,0,0
2026-05-04,SEC-005,8,0,0,0,5,Summer,1,1
2026-05-04,SEC-005,9,0,0,0,5,Summer,1,1
2026-05-04,SEC-005,10,0,0,0,5,Summer,0,0
2026-05-04,SEC-005,11,0,0,0,5,Summer,0,0
2026-05-04,SEC-005,12,0,0,0,5,Summer,0,0
2026-05-04,SEC-005,13,0,0,0,5,Summer,0,0
2026-05-04,SEC-005,14,0,0,0,5,Summer,0,0
2026-05-04,SEC-005,15,0,0,0,5,Summer,0,0
2026-05-04,SEC-005,16,0,0,0,5,Summer,0,0
2026-05-04,SEC-005,17,0,0,0,5,Summer,0,0
2026-05-04,SEC-005,18,0,0,0,5,Summer,1,1
2026-05-04,SEC-005,19,0,0,0,5,Summer,0,0
2026-05-04,SEC-005,20,0,0,0,5,Summer,0,0
2026-05-04,SEC-005,21,0,0,0,5,Summer,0,0
2026-05-04,SEC-005,22,0,0,0,5,Summer,1,1
2026-05-04,SEC-005,23,0,0,0,5,Summer,1,1
2026-05-04,SEC-006,0,0,0,0,5,Summer,2,2
2026-05-04,SEC-006,1,0,0,0,5,Summer,2,2
2026-05-04,SEC-006,2,0,0,0,5,Summer,6,6
2026-05-04,SEC-006,3,0,0,0,5,Summer,2,2
2026-05-04,SEC-006,4,0,0,0,5,Summer,0,0
2026-05-04,SEC-006,5,0,0,0,5,Summer,0,0
2026-05-04,SEC-006,6,0,0,0,5,Summer,0,0
2026-05-04,SEC-006,7,0,0,0,5,Summer,0,0
2026-05-04,SEC-006,8,0,0,0,5,Summer,0,0
2026-05-04,SEC-006,9,0,0,0,5,Summer,1,1
2026-05-04,SEC-006,10,0,0,0,5,Summer,1,1
2026-05-04,SEC-006,11,0,0,0,5,Summer,0,0
2026-05-04,SEC-006,12,0,0,0,5,Summer,0,0
2026-05-04,SEC-006,13,0,0,0,5,Summer,0,0
2026-05-04,SEC-006,14,0,0,0,5,Summer,0,0
2026-05-04,SEC-006,15,0,0,0,5,Summer,1,1
2026-05-04,SEC-006,16,0,0,0,5,Summer,1,1
2026-05-04,SEC-006,17,0,0,0,5,Summer,1,1
2026-05-04,SEC-006,18,0,0,0,5,Summer,1,1
2026-05-04,SEC-006,19,0,0,0,5,Summer,0,0
2026-05-04,SEC-006,20,0,0,0,5,Summer,0,0
2026-05-04,SEC-006,21,0,0,0,5,Summer,0,0
2026-05-04,SEC-006,22,0,0,0,5,Summer,2,2
2026-05-04,SEC-006,23,0,0,0,5,Summer,1,1
2026-05-05,SEC-001,0,1,0,0,5,Summer,0,0
2026-05-05,SEC-001,1,1,0,0,5,Summer,1,1
2026-05-05,SEC-001,2,1,0,0,5,Summer,1,1
2026-05-05,SEC-001,3,1,0,0,5,Summer,1,1
2026-05-05,SEC-001,4,1,0,0,5,Summer,1,1
2026-05-05,SEC-001,5,1,0,0,5,Summer,0,0
2026-05-05,SEC-001,6,1,0,0,5,Summer,0,0
2026-05-05,SEC-001,7,1,0,0,5,Summer,0,0
2026-05-05,SEC-001,8,1,0,0,5,Summer,0,0
2026-05-05,SEC-001,9,1,0,0,5,Summer,0,0
2026-05-05,SEC-001,10,1,0,0,5,Summer,1,1
2026-05-05,SEC-001,11,1,0,0,5,Summer,0,0
2026-05-05,SEC-001,12,1,0,0,5,Summer,1,1
2026-05-05,SEC-001,13,1,0,0,5,Summer,0,0
2026-05-05,SEC-001,14,1,0,0,5,Summer,0,0
2026-05-05,SEC-001,15,1,0,0,5,Summer,0,0
2026-05-05,SEC-001,16,1,0,0,5,Summer,1,1
2026-05-05,SEC-001,17,1,0,0,5,Summer,0,0
2026-05-05,SEC-001,18,1,0,0,5,Summer,0,0
2026-05-05,SEC-001,19,1,0,0,5,Summer,0,0
2026-05-05,SEC-001,20,1,0,0,5,Summer,1,1
2026-05-05,SEC-001,21,1,0,0,5,Summer,1,1
2026-05-05,SEC-001,22,1,0,0,5,Summer,1,1
2026-05-05,SEC-001,23,1,0,0,5,Summer,0,0
2026-05-05,SEC-002,0,1,0,0,5,Summer,3,3
2026-05-05,SEC-002,1,1,0,0,5,Summer,0,0
2026-05-05,SEC-002,2,1,0,0,5,Summer,5,5
2026-05-05,SEC-002,3,1,0,0,5,Summer,3,3
2026-05-05,SEC-002,4,1,0,0,5,Summer,0,0
2026-05-05,SEC-002,5,1,0,0,5,Summer,0,0
2026-05-05,SEC-002,6,1,0,0,5,Summer,0,0
2026-05-05,SEC-002,7,1,0,0,5,Summer,0,0
2026-05-05,SEC-002,8,1,0,0,5,Summer,0,0
2026-05-05,SEC-002,9,1,0,0,5,Summer,1,1
2026-05-05,SEC-002,10,1,0,0,5,Summer,0,0
2026-05-05,SEC-002,11,1,0,0,5,Summer,2,2
2026-05-05,SEC-002,12,1,0,0,5,Summer,1,1
2026-05-05,SEC-002,13,1,0,0,5,Summer,2,2
2026-05-05,SEC-002,14,1,0,0,5,Summer,2,2
2026-05-05,SEC-002,15,1,0,0,5,Summer,0,0
2026-05-05,SEC-002,16,1,0,0,5,Summer,0,0
2026-05-05,SEC-002,17,1,0,0,5,Summer,1,1
2026-05-05,SEC-002,18,1,0,0,5,Summer,0,0
2026-05-05,SEC-002,19,1,0,0,5,Summer,0,0
2026-05-05,SEC-002,20,1,0,0,5,Summer,3,3
2026-05-05,SEC-002,21,1,0,0,5,Summer,0,0
2026-05-05,SEC-002,22,1,0,0,5,Summer,1,1
2026-05-05,SEC-002,23,1,0,0,5,Summer,2,2
2026-05-05,SEC-003,0,1,0,0,5,Summer,1,1
2026-05-05,SEC-003,1,1,0,0,5,Summer,3,3
2026-05-05,SEC-003,2,1,0,0,5,Summer,2,2
2026-05-05,SEC-003,3,1,0,0,5,Summer,3,3
2026-05-05,SEC-003,4,1,0,0,5,Summer,2,2
2026-05-05,SEC-003,5,1,0,0,5,Summer,0,0
2026-05-05,SEC-003,6,1,0,0,5,Summer,0,0
2026-05-05,SEC-003,7,1,0,0,5,Summer,0,0
2026-05-05,SEC-003,8,1,0,0,5,Summer,3,3
2026-05-05,SEC-003,9,1,0,0,5,Summer,1,1
2026-05-05,SEC-003,10,1,0,0,5,Summer,0,0
2026-05-05,SEC-003,11,1,0,0,5,Summer,1,1
2026-05-05,SEC-003,12,1,0,0,5,Summer,1,1
2026-05-05,SEC-003,13,1,0,0,5,Summer,1,1
2026-05-05,SEC-003,14,1,0,0,5,Summer,0,0
2026-05-05,SEC-003,15,1,0,0,5,Summer,0,0
2026-05-05,SEC-003,16,1,0,0,5,Summer,0,0
2026-05-05,SEC-003,17,1,0,0,5,Summer,2,2
2026-05-05,SEC-003,18,1,0,0,5,Summer,1,1
2026-05-05,SEC-003,19,1,0,0,5,Summer,2,2
2026-05-05,SEC-003,20,1,0,0,5,Summer,0,0
2026-05-05,SEC-003,21,1,0,0,5,Summer,0,0
2026-05-05,SEC-003,22,1,0,0,5,Summer,1,1
2026-05-05,SEC-003,23,1,0,0,5,Summer,1,1
2026-05-05,SEC-004,0,1,0,0,5,Summer,4,4
2026-05-05,SEC-004,1,1,0,0,5,Summer,1,1
2026-05-05,SEC-004,2,1,0,0,5,Summer,1,1
2026-05-05,SEC-004,3,1,0,0,5,Summer,1,1
2026-05-05,SEC-004,4,1,0,0,5,Summer,1,1
2026-05-05,SEC-004,5,1,0,0,5,Summer,0,0
2026-05-05,SEC-004,6,1,0,0,5,Summer,1,1
2026-05-05,SEC-004,7,1,0,0,5,Summer,2,2
2026-05-05,SEC-004,8,1,0,0,5,Summer,0,0
2026-05-05,SEC-004,9,1,0,0,5,Summer,0,0
2026-05-05,SEC-004,10,1,0,0,5,Summer,0,0
2026-05-05,SEC-004,11,1,0,0,5,Summer,0,0
2026-05-05,SEC-004,12,1,0,0,5,Summer,0,0
2026-05-05,SEC-004,13,1,0,0,5,Summer,1,1
2026-05-05,SEC-004,14,1,0,0,5,Summer,1,1
2026-05-05,SEC-004,15,1,0,0,5,Summer,2,2
2026-05-05,SEC-004,16,1,0,0,5,Summer,0,0
2026-05-05,SEC-004,17,1,0,0,5,Summer,0,0
2026-05-05,SEC-004,18,1,0,0,5,Summer,1,1
2026-05-05,SEC-004,19,1,0,0,5,Summer,0,0
2026-05-05,SEC-004,20,1,0,0,5,Summer,0,0
2026-05-05,SEC-004,21,1,0,0,5,Summer,0,0
2026-05-05,SEC-004,22,1,0,0,5,Summer,2,2
2026-05-05,SEC-004,23,1,0,0,5,Summer,1,1
2026-05-05,SEC-005,0,1,0,0,5,Summer,5,5
2026-05-05,SEC-005,1,1,0,0,5,Summer,1,1
2026-05-05,SEC-005,2,1,0,0,5,Summer,0,0
2026-05-05,SEC-005,3,1,0,0,5,Summer,1,1
2026-05-05,SEC-005,4,1,0,0,5,Summer,2,2
2026-05-05,SEC-005,5,1,0,0,5,Summer,0,0
2026-05-05,SEC-005,6,1,0,0,5,Summer,0,0
2026-05-05,SEC-005,7,1,0,0,5,Summer,0,0
2026-05-05,SEC-005,8,1,0,0,5,Summer,1,1
2026-05-05,SEC-005,9,1,0,0,5,Summer,0,0
2026-05-05,SEC-005,10,1,0,0,5,Summer,1,1
2026-05-05,SEC-005,11,1,0,0,5,Summer,3,3
2026-05-05,SEC-005,12,1,0,0,5,Summer,0,0
2026-05-05,SEC-005,13,1,0,0,5,Summer,0,0
2026-05-05,SEC-005,14,1,0,0,5,Summer,0,0
2026-05-05,SEC-005,15,1,0,0,5,Summer,0,0
2026-05-05,SEC-005,16,1,0,0,5,Summer,0,0
2026-05-05,SEC-005,17,1,0,0,5,Summer,0,0
2026-05-05,SEC-005,18,1,0,0,5,Summer,1,1
2026-05-05,SEC-005,19,1,0,0,5,Summer,0,0
2026-05-05,SEC-005,20,1,0,0,5,Summer,0,0
2026-05-05,SEC-005,21,1,0,0,5,Summer,1,1
2026-05-05,SEC-005,22,1,0,0,5,Summer,2,2
2026-05-05,SEC-005,23,1,0,0,5,Summer,1,1
2026-05-05,SEC-006,0,1,0,0,5,Summer,2,2
2026-05-05,SEC-006,1,1,0,0,5,Summer,3,3
2026-05-05,SEC-006,2,1,0,0,5,Summer,1,1
2026-05-05,SEC-006,3,1,0,0,5,Summer,0,0
2026-05-05,SEC-006,4,1,0,0,5,Summer,3,3
2026-05-05,SEC-006,5,1,0,0,5,Summer,0,0
2026-05-05,SEC-006,6,1,0,0,5,Summer,1,1
2026-05-05,SEC-006,7,1,0,0,5,Summer,0,0
2026-05-05,SEC-006,8,1,0,0,5,Summer,1,1
2026-05-05,SEC-006,9,1,0,0,5,Summer,0,0
2026-05-05,SEC-006,10,1,0,0,5,Summer,0,0
2026-05-05,SEC-006,11,1,0,0,5,Summer,0,0
2026-05-05,SEC-006,12,1,0,0,5,Summer,2,2
2026-05-05,SEC-006,13,1,0,0,5,Summer,1,1
2026-05-05,SEC-006,14,1,0,0,5,Summer,1,1
2026-05-05,SEC-006,15,1,0,0,5,Summer,0,0
2026-05-05,SEC-006,16,1,0,0,5,Summer,1,1
2026-05-05,SEC-006,17,1,0,0,5,Summer,0,0
2026-05-05,SEC-006,18,1,0,0,5,Summer,0,0
2026-05-05,SEC-006,19,1,0,0,5,Summer,2,2
2026-05-05,SEC-006,20,1,0,0,5,Summer,0,0
2026-05-05,SEC-006,21,1,0,0,5,Summer,0,0
2026-05-05,SEC-006,22,1,0,0,5,Summer,1,1
2026-05-05,SEC-006,23,1,0,0,5,Summer,1,1
2026-05-06,SEC-001,0,2,0,0,5,Summer,0,0
2026-05-06,SEC-001,1,2,0,0,5,Summer,1,1
2026-05-06,SEC-001,2,2,0,0,5,Summer,1,1
2026-05-06,SEC-001,3,2,0,0,5,Summer,2,2
2026-05-06,SEC-001,4,2,0,0,5,Summer,2,2
2026-05-06,SEC-001,5,2,0,0,5,Summer,2,2
2026-05-06,SEC-001,6,2,0,0,5,Summer,0,0
2026-05-06,SEC-001,7,2,0,0,5,Summer,0,0
2026-05-06,SEC-001,8,2,0,0,5,Summer,1,1
2026-05-06,SEC-001,9,2,0,0,5,Summer,0,0
2026-05-06,SEC-001,10,2,0,0,5,Summer,1,1
2026-05-06,SEC-001,11,2,0,0,5,Summer,1,1
2026-05-06,SEC-001,12,2,0,0,5,Summer,1,1
2026-05-06,SEC-001,13,2,0,0,5,Summer,0,0
2026-05-06,SEC-001,14,2,0,0,5,Summer,1,1
2026-05-06,SEC-001,15,2,0,0,5,Summer,0,0
2026-05-06,SEC-001,16,2,0,0,5,Summer,0,0
2026-05-06,SEC-001,17,2,0,0,5,Summer,1,1
2026-05-06,SEC-001,18,2,0,0,5,Summer,0,0
2026-05-06,SEC-001,19,2,0,0,5,Summer,2,2
2026-05-06,SEC-001,20,2,0,0,5,Summer,0,0
2026-05-06,SEC-001,21,2,0,0,5,Summer,0,0
2026-05-06,SEC-001,22,2,0,0,5,Summer,1,1
2026-05-06,SEC-001,23,2,0,0,5,Summer,8,8
2026-05-06,SEC-002,0,2,0,0,5,Summer,2,2
2026-05-06,SEC-002,1,2,0,0,5,Summer,2,2
2026-05-06,SEC-002,2,2,0,0,5,Summer,6,6
2026-05-06,SEC-002,3,2,0,0,5,Summer,1,1
2026-05-06,SEC-002,4,2,0,0,5,Summer,2,2
2026-05-06,SEC-002,5,2,0,0,5,Summer,1,1
2026-05-06,SEC-002,6,2,0,0,5,Summer,0,0
2026-05-06,SEC-002,7,2,0,0,5,Summer,0,0
2026-05-06,SEC-002,8,2,0,0,5,Summer,1,1
2026-05-06,SEC-002,9,2,0,0,5,Summer,0,0
2026-05-06,SEC-002,10,2,0,0,5,Summer,1,1
2026-05-06,SEC-002,11,2,0,0,5,Summer,0,0
2026-05-06,SEC-002,12,2,0,0,5,Summer,1,1
2026-05-06,SEC-002,13,2,0,0,5,Summer,1,1
2026-05-06,SEC-002,14,2,0,0,5,Summer,1,1
2026-05-06,SEC-002,15,2,0,0,5,Summer,1,1
2026-05-06,SEC-002,16,2,0,0,5,Summer,0,0
2026-05-06,SEC-002,17,2,0,0,5,Summer,0,0
2026-05-06,SEC-002,18,2,0,0,5,Summer,0,0
2026-05-06,SEC-002,19,2,0,0,5,Summer,1,1
2026-05-06,SEC-002,20,2,0,0,5,Summer,0,0
2026-05-06,SEC-002,21,2,0,0,5,Summer,0,0
2026-05-06,SEC-002,22,2,0,0,5,Summer,3,3
2026-05-06,SEC-002,23,2,0,0,5,Summer,1,1
2026-05-06,SEC-003,0,2,0,0,5,Summer,2,2
2026-05-06,SEC-003,1,2,0,0,5,Summer,1,1
2026-05-06,SEC-003,2,2,0,0,5,Summer,4,4
2026-05-06,SEC-003,3,2,0,0,5,Summer,1,1
2026-05-06,SEC-003,4,2,0,0,5,Summer,1,1
2026-05-06,SEC-003,5,2,0,0,5,Summer,0,0
2026-05-06,SEC-003,6,2,0,0,5,Summer,0,0
2026-05-06,SEC-003,7,2,0,0,5,Summer,0,0
2026-05-06,SEC-003,8,2,0,0,5,Summer,0,0
2026-05-06,SEC-003,9,2,0,0,5,Summer,0,0
2026-05-06,SEC-003,10,2,0,0,5,Summer,0,0
2026-05-06,SEC-003,11,2,0,0,5,Summer,0,0
2026-05-06,SEC-003,12,2,0,0,5,Summer,0,0
2026-05-06,SEC-003,13,2,0,0,5,Summer,0,0
2026-05-06,SEC-003,14,2,0,0,5,Summer,0,0
2026-05-06,SEC-003,15,2,0,0,5,Summer,0,0
2026-05-06,SEC-003,16,2,0,0,5,Summer,1,1
2026-05-06,SEC-003,17,2,0,0,5,Summer,1,1
2026-05-06,SEC-003,18,2,0,0,5,Summer,0,0
2026-05-06,SEC-003,19,2,0,0,5,Summer,0,0
2026-05-06,SEC-003,20,2,0,0,5,Summer,0,0
2026-05-06,SEC-003,21,2,0,0,5,Summer,0,0
2026-05-06,SEC-003,22,2,0,0,5,Summer,1,1
2026-05-06,SEC-003,23,2,0,0,5,Summer,4,4
2026-05-06,SEC-004,0,2,0,0,5,Summer,1,1
2026-05-06,SEC-004,1,2,0,0,5,Summer,3,3
2026-05-06,SEC-004,2,2,0,0,5,Summer,0,0
2026-05-06,SEC-004,3,2,0,0,5,Summer,1,1
2026-05-06,SEC-004,4,2,0,0,5,Summer,3,3
2026-05-06,SEC-004,5,2,0,0,5,Summer,0,0
2026-05-06,SEC-004,6,2,0,0,5,Summer,0,0
2026-05-06,SEC-004,7,2,0,0,5,Summer,1,1
2026-05-06,SEC-004,8,2,0,0,5,Summer,0,0
2026-05-06,SEC-004,9,2,0,0,5,Summer,0,0
2026-05-06,SEC-004,10,2,0,0,5,Summer,0,0
2026-05-06,SEC-004,11,2,0,0,5,Summer,0,0
2026-05-06,SEC-004,12,2,0,0,5,Summer,1,1
2026-05-06,SEC-004,13,2,0,0,5,Summer,0,0
2026-05-06,SEC-004,14,2,0,0,5,Summer,0,0
2026-05-06,SEC-004,15,2,0,0,5,Summer,0,0
2026-05-06,SEC-004,16,2,0,0,5,Summer,2,2
2026-05-06,SEC-004,17,2,0,0,5,Summer,1,1
2026-05-06,SEC-004,18,2,0,0,5,Summer,0,0
2026-05-06,SEC-004,19,2,0,0,5,Summer,0,0
2026-05-06,SEC-004,20,2,0,0,5,Summer,0,0
2026-05-06,SEC-004,21,2,0,0,5,Summer,0,0
2026-05-06,SEC-004,22,2,0,0,5,Summer,2,2
2026-05-06,SEC-004,23,2,0,0,5,Summer,4,4
2026-05-06,SEC-005,0,2,0,0,5,Summer,3,3
2026-05-06,SEC-005,1,2,0,0,5,Summer,0,0
2026-05-06,SEC-005,2,2,0,0,5,Summer,2,2
2026-05-06,SEC-005,3,2,0,0,5,Summer,0,0
2026-05-06,SEC-005,4,2,0,0,5,Summer,3,3
2026-05-06,SEC-005,5,2,0,0,5,Summer,0,0
2026-05-06,SEC-005,6,2,0,0,5,Summer,1,1
2026-05-06,SEC-005,7,2,0,0,5,Summer,0,0
2026-05-06,SEC-005,8,2,0,0,5,Summer,0,0
2026-05-06,SEC-005,9,2,0,0,5,Summer,0,0
2026-05-06,SEC-005,10,2,0,0,5,Summer,0,0
2026-05-06,SEC-005,11,2,0,0,5,Summer,0,0
2026-05-06,SEC-005,12,2,0,0,5,Summer,1,1
2026-05-06,SEC-005,13,2,0,0,5,Summer,1,1
2026-05-06,SEC-005,14,2,0,0,5,Summer,0,0
2026-05-06,SEC-005,15,2,0,0,5,Summer,0,0
2026-05-06,SEC-005,16,2,0,0,5,Summer,0,0
2026-05-06,SEC-005,17,2,0,0,5,Summer,0,0
2026-05-06,SEC-005,18,2,0,0,5,Summer,0,0
2026-05-06,SEC-005,19,2,0,0,5,Summer,0,0
2026-05-06,SEC-005,20,2,0,0,5,Summer,0,0
2026-05-06,SEC-005,21,2,0,0,5,Summer,1,1
2026-05-06,SEC-005,22,2,0,0,5,Summer,4,4
2026-05-06,SEC-005,23,2,0,0,5,Summer,1,1
2026-05-06,SEC-006,0,2,0,0,5,Summer,2,2
2026-05-06,SEC-006,1,2,0,0,5,Summer,1,1
2026-05-06,SEC-006,2,2,0,0,5,Summer,2,2
2026-05-06,SEC-006,3,2,0,0,5,Summer,1,1
2026-05-06,SEC-006,4,2,0,0,5,Summer,2,2
2026-05-06,SEC-006,5,2,0,0,5,Summer,0,0
2026-05-06,SEC-006,6,2,0,0,5,Summer,0,0
2026-05-06,SEC-006,7,2,0,0,5,Summer,2,2
2026-05-06,SEC-006,8,2,0,0,5,Summer,0,0
2026-05-06,SEC-006,9,2,0,0,5,Summer,0,0
2026-05-06,SEC-006,10,2,0,0,5,Summer,0,0
2026-05-06,SEC-006,11,2,0,0,5,Summer,2,2
2026-05-06,SEC-006,12,2,0,0,5,Summer,0,0
2026-05-06,SEC-006,13,2,0,0,5,Summer,0,0
2026-05-06,SEC-006,14,2,0,0,5,Summer,0,0
2026-05-06,SEC-006,15,2,0,0,5,Summer,2,2
2026-05-06,SEC-006,16,2,0,0,5,Summer,0,0
2026-05-06,SEC-006,17,2,0,0,5,Summer,2,2
2026-05-06,SEC-006,18,2,0,0,5,Summer,0,0
2026-05-06,SEC-006,19,2,0,0,5,Summer,0,0
2026-05-06,SEC-006,20,2,0,0,5,Summer,0,0
2026-05-06,SEC-006,21,2,0,0,5,Summer,0,0
2026-05-06,SEC-006,22,2,0,0,5,Summer,3,3
2026-05-06,SEC-006,23,2,0,0,5,Summer,0,0
2026-05-07,SEC-001,0,3,0,0,5,Summer,3,3
2026-05-07,SEC-001,1,3,0,0,5,Summer,3,3
2026-05-07,SEC-001,2,3,0,0,5,Summer,4,4
2026-05-07,SEC-001,3,3,0,0,5,Summer,2,2
2026-05-07,SEC-001,4,3,0,0,5,Summer,0,0
2026-05-07,SEC-001,5,3,0,0,5,Summer,2,2
2026-05-07,SEC-001,6,3,0,0,5,Summer,0,0
2026-05-07,SEC-001,7,3,0,0,5,Summer,1,1
2026-05-07,SEC-001,8,3,0,0,5,Summer,0,0
2026-05-07,SEC-001,9,3,0,0,5,Summer,0,0
2026-05-07,SEC-001,10,3,0,0,5,Summer,0,0
2026-05-07,SEC-001,11,3,0,0,5,Summer,0,0
2026-05-07,SEC-001,12,3,0,0,5,Summer,0,0
2026-05-07,SEC-001,13,3,0,0,5,Summer,1,1
2026-05-07,SEC-001,14,3,0,0,5,Summer,2,2
2026-05-07,SEC-001,15,3,0,0,5,Summer,0,0
2026-05-07,SEC-001,16,3,0,0,5,Summer,0,0
2026-05-07,SEC-001,17,3,0,0,5,Summer,0,0
2026-05-07,SEC-001,18,3,0,0,5,Summer,0,0
2026-05-07,SEC-001,19,3,0,0,5,Summer,0,0
2026-05-07,SEC-001,20,3,0,0,5,Summer,1,1
2026-05-07,SEC-001,21,3,0,0,5,Summer,0,0
2026-05-07,SEC-001,22,3,0,0,5,Summer,2,2
2026-05-07,SEC-001,23,3,0,0,5,Summer,1,1
2026-05-07,SEC-002,0,3,0,0,5,Summer,4,4
2026-05-07,SEC-002,1,3,0,0,5,Summer,2,2
2026-05-07,SEC-002,2,3,0,0,5,Summer,0,0
2026-05-07,SEC-002,3,3,0,0,5,Summer,3,3
2026-05-07,SEC-002,4,3,0,0,5,Summer,0,0
2026-05-07,SEC-002,5,3,0,0,5,Summer,1,1
2026-05-07,SEC-002,6,3,0,0,5,Summer,0,0
2026-05-07,SEC-002,7,3,0,0,5,Summer,1,1
2026-05-07,SEC-002,8,3,0,0,5,Summer,0,0
2026-05-07,SEC-002,9,3,0,0,5,Summer,1,1
2026-05-07,SEC-002,10,3,0,0,5,Summer,0,0
2026-05-07,SEC-002,11,3,0,0,5,Summer,2,2
2026-05-07,SEC-002,12,3,0,0,5,Summer,1,1
2026-05-07,SEC-002,13,3,0,0,5,Summer,0,0
2026-05-07,SEC-002,14,3,0,0,5,Summer,1,1
2026-05-07,SEC-002,15,3,0,0,5,Summer,0,0
2026-05-07,SEC-002,16,3,0,0,5,Summer,1,1
2026-05-07,SEC-002,17,3,0,0,5,Summer,0,0
2026-05-07,SEC-002,18,3,0,0,5,Summer,1,1
2026-05-07,SEC-002,19,3,0,0,5,Summer,0,0
2026-05-07,SEC-002,20,3,0,0,5,Summer,0,0
2026-05-07,SEC-002,21,3,0,0,5,Summer,1,1
2026-05-07,SEC-002,22,3,0,0,5,Summer,5,5
2026-05-07,SEC-002,23,3,0,0,5,Summer,1,1
2026-05-07,SEC-003,0,3,0,0,5,Summer,5,5
2026-05-07,SEC-003,1,3,0,0,5,Summer,3,3
2026-05-07,SEC-003,2,3,0,0,5,Summer,1,1
2026-05-07,SEC-003,3,3,0,0,5,Summer,3,3
2026-05-07,SEC-003,4,3,0,0,5,Summer,0,0
2026-05-07,SEC-003,5,3,0,0,5,Summer,1,1
2026-05-07,SEC-003,6,3,0,0,5,Summer,0,0
2026-05-07,SEC-003,7,3,0,0,5,Summer,1,1
2026-05-07,SEC-003,8,3,0,0,5,Summer,2,2
2026-05-07,SEC-003,9,3,0,0,5,Summer,1,1
2026-05-07,SEC-003,10,3,0,0,5,Summer,1,1
2026-05-07,SEC-003,11,3,0,0,5,Summer,1,1
2026-05-07,SEC-003,12,3,0,0,5,Summer,0,0
2026-05-07,SEC-003,13,3,0,0,5,Summer,0,0
2026-05-07,SEC-003,14,3,0,0,5,Summer,0,0
2026-05-07,SEC-003,15,3,0,0,5,Summer,1,1
2026-05-07,SEC-003,16,3,0,0,5,Summer,1,1
2026-05-07,SEC-003,17,3,0,0,5,Summer,0,0
2026-05-07,SEC-003,18,3,0,0,5,Summer,1,1
2026-05-07,SEC-003,19,3,0,0,5,Summer,0,0
2026-05-07,SEC-003,20,3,0,0,5,Summer,0,0
2026-05-07,SEC-003,21,3,0,0,5,Summer,0,0
2026-05-07,SEC-003,22,3,0,0,5,Summer,2,2
2026-05-07,SEC-003,23,3,0,0,5,Summer,4,4
2026-05-07,SEC-004,0,3,0,0,5,Summer,3,3
2026-05-07,SEC-004,1,3,0,0,5,Summer,0,0
2026-05-07,SEC-004,2,3,0,0,5,Summer,3,3
2026-05-07,SEC-004,3,3,0,0,5,Summer,3,3
2026-05-07,SEC-004,4,3,0,0,5,Summer,1,1
2026-05-07,SEC-004,5,3,0,0,5,Summer,0,0
2026-05-07,SEC-004,6,3,0,0,5,Summer,0,0
2026-05-07,SEC-004,7,3,0,0,5,Summer,1,1
2026-05-07,SEC-004,8,3,0,0,5,Summer,1,1
2026-05-07,SEC-004,9,3,0,0,5,Summer,0,0
2026-05-07,SEC-004,10,3,0,0,5,Summer,0,0
2026-05-07,SEC-004,11,3,0,0,5,Summer,0,0
2026-05-07,SEC-004,12,3,0,0,5,Summer,0,0
2026-05-07,SEC-004,13,3,0,0,5,Summer,0,0
2026-05-07,SEC-004,14,3,0,0,5,Summer,0,0
2026-05-07,SEC-004,15,3,0,0,5,Summer,2,2
2026-05-07,SEC-004,16,3,0,0,5,Summer,1,1
2026-05-07,SEC-004,17,3,0,0,5,Summer,0,0
2026-05-07,SEC-004,18,3,0,0,5,Summer,0,0
2026-05-07,SEC-004,19,3,0,0,5,Summer,0,0
2026-05-07,SEC-004,20,3,0,0,5,Summer,0,0
2026-05-07,SEC-004,21,3,0,0,5,Summer,1,1
2026-05-07,SEC-004,22,3,0,0,5,Summer,1,1
2026-05-07,SEC-004,23,3,0,0,5,Summer,1,1
2026-05-07,SEC-005,0,3,0,0,5,Summer,1,1
2026-05-07,SEC-005,1,3,0,0,5,Summer,2,2
2026-05-07,SEC-005,2,3,0,0,5,Summer,3,3
2026-05-07,SEC-005,3,3,0,0,5,Summer,1,1
2026-05-07,SEC-005,4,3,0,0,5,Summer,3,3
2026-05-07,SEC-005,5,3,0,0,5,Summer,1,1
2026-05-07,SEC-005,6,3,0,0,5,Summer,0,0
2026-05-07,SEC-005,7,3,0,0,5,Summer,0,0
2026-05-07,SEC-005,8,3,0,0,5,Summer,1,1
2026-05-07,SEC-005,9,3,0,0,5,Summer,0,0
2026-05-07,SEC-005,10,3,0,0,5,Summer,0,0
2026-05-07,SEC-005,11,3,0,0,5,Summer,0,0
2026-05-07,SEC-005,12,3,0,0,5,Summer,0,0
2026-05-07,SEC-005,13,3,0,0,5,Summer,0,0
2026-05-07,SEC-005,14,3,0,0,5,Summer,0,0
2026-05-07,SEC-005,15,3,0,0,5,Summer,0,0
2026-05-07,SEC-005,16,3,0,0,5,Summer,1,1
2026-05-07,SEC-005,17,3,0,0,5,Summer,0,0
2026-05-07,SEC-005,18,3,0,0,5,Summer,1,1
2026-05-07,SEC-005,19,3,0,0,5,Summer,1,1
2026-05-07,SEC-005,20,3,0,0,5,Summer,1,1
2026-05-07,SEC-005,21,3,0,0,5,Summer,0,0
2026-05-07,SEC-005,22,3,0,0,5,Summer,3,3
2026-05-07,SEC-005,23,3,0,0,5,Summer,2,2
2026-05-07,SEC-006,0,3,0,0,5,Summer,0,0
2026-05-07,SEC-006,1,3,0,0,5,Summer,4,4
2026-05-07,SEC-006,2,3,0,0,5,Summer,0,0
2026-05-07,SEC-006,3,3,0,0,5,Summer,3,3
2026-05-07,SEC-006,4,3,0,0,5,Summer,4,4
2026-05-07,SEC-006,5,3,0,0,5,Summer,0,0
2026-05-07,SEC-006,6,3,0,0,5,Summer,0,0
2026-05-07,SEC-006,7,3,0,0,5,Summer,0,0
2026-05-07,SEC-006,8,3,0,0,5,Summer,1,1
2026-05-07,SEC-006,9,3,0,0,5,Summer,2,2
2026-05-07,SEC-006,10,3,0,0,5,Summer,0,0
2026-05-07,SEC-006,11,3,0,0,5,Summer,0,0
2026-05-07,SEC-006,12,3,0,0,5,Summer,0,0
2026-05-07,SEC-006,13,3,0,0,5,Summer,0,0
2026-05-07,SEC-006,14,3,0,0,5,Summer,0,0
2026-05-07,SEC-006,15,3,0,0,5,Summer,0,0
2026-05-07,SEC-006,16,3,0,0,5,Summer,0,0
2026-05-07,SEC-006,17,3,0,0,5,Summer,1,1
2026-05-07,SEC-006,18,3,0,0,5,Summer,0,0
2026-05-07,SEC-006,19,3,0,0,5,Summer,0,0
2026-05-07,SEC-006,20,3,0,0,5,Summer,0,0
2026-05-07,SEC-006,21,3,0,0,5,Summer,2,2
2026-05-07,SEC-006,22,3,0,0,5,Summer,0,0
2026-05-07,SEC-006,23,3,0,0,5,Summer,1,1
2026-05-08,SEC-001,0,4,0,0,5,Summer,5,5
2026-05-08,SEC-001,1,4,0,0,5,Summer,1,1
2026-05-08,SEC-001,2,4,0,0,5,Summer,1,1
2026-05-08,SEC-001,3,4,0,0,5,Summer,0,0
2026-05-08,SEC-001,4,4,0,0,5,Summer,1,1
2026-05-08,SEC-001,5,4,0,0,5,Summer,1,1
2026-05-08,SEC-001,6,4,0,0,5,Summer,0,0
2026-05-08,SEC-001,7,4,0,0,5,Summer,0,0
2026-05-08,SEC-001,8,4,0,0,5,Summer,1,1
2026-05-08,SEC-001,9,4,0,0,5,Summer,0,0
2026-05-08,SEC-001,10,4,0,0,5,Summer,0,0
2026-05-08,SEC-001,11,4,0,0,5,Summer,2,2
2026-05-08,SEC-001,12,4,0,0,5,Summer,0,0
2026-05-08,SEC-001,13,4,0,0,5,Summer,0,0
2026-05-08,SEC-001,14,4,0,0,5,Summer,0,0
2026-05-08,SEC-001,15,4,0,0,5,Summer,0,0
2026-05-08,SEC-001,16,4,0,0,5,Summer,0,0
2026-05-08,SEC-001,17,4,0,0,5,Summer,0,0
2026-05-08,SEC-001,18,4,0,0,5,Summer,0,0
2026-05-08,SEC-001,19,4,0,0,5,Summer,1,1
2026-05-08,SEC-001,20,4,0,0,5,Summer,1,1
2026-05-08,SEC-001,21,4,0,0,5,Summer,0,0
2026-05-08,SEC-001,22,4,0,0,5,Summer,2,2
2026-05-08,SEC-001,23,4,0,0,5,Summer,1,1
2026-05-08,SEC-002,0,4,0,0,5,Summer,2,2
2026-05-08,SEC-002,1,4,0,0,5,Summer,2,2
2026-05-08,SEC-002,2,4,0,0,5,Summer,1,1
2026-05-08,SEC-002,3,4,0,0,5,Summer,3,3
2026-05-08,SEC-002,4,4,0,0,5,Summer,4,4
2026-05-08,SEC-002,5,4,0,0,5,Summer,0,0
2026-05-08,SEC-002,6,4,0,0,5,Summer,0,0
2026-05-08,SEC-002,7,4,0,0,5,Summer,0,0
2026-05-08,SEC-002,8,4,0,0,5,Summer,0,0
2026-05-08,SEC-002,9,4,0,0,5,Summer,0,0
2026-05-08,SEC-002,10,4,0,0,5,Summer,0,0
2026-05-08,SEC-002,11,4,0,0,5,Summer,1,1
2026-05-08,SEC-002,12,4,0,0,5,Summer,0,0
2026-05-08,SEC-002,13,4,0,0,5,Summer,1,1
2026-05-08,SEC-002,14,4,0,0,5,Summer,1,1
2026-05-08,SEC-002,15,4,0,0,5,Summer,1,1
2026-05-08,SEC-002,16,4,0,0,5,Summer,0,0
2026-05-08,SEC-002,17,4,0,0,5,Summer,0,0
2026-05-08,SEC-002,18,4,0,0,5,Summer,0,0
2026-05-08,SEC-002,19,4,0,0,5,Summer,3,3
2026-05-08,SEC-002,20,4,0,0,5,Summer,0,0
2026-05-08,SEC-002,21,4,0,0,5,Summer,0,0
2026-05-08,SEC-002,22,4,0,0,5,Summer,1,1
2026-05-08,SEC-002,23,4,0,0,5,Summer,0,0
2026-05-08,SEC-003,0,4,0,0,5,Summer,3,3
2026-05-08,SEC-003,1,4,0,0,5,Summer,5,5
2026-05-08,SEC-003,2,4,0,0,5,Summer,1,1
2026-05-08,SEC-003,3,4,0,0,5,Summer,0,0
2026-05-08,SEC-003,4,4,0,0,5,Summer,1,1
2026-05-08,SEC-003,5,4,0,0,5,Summer,0,0
2026-05-08,SEC-003,6,4,0,0,5,Summer,0,0
2026-05-08,SEC-003,7,4,0,0,5,Summer,0,0
2026-05-08,SEC-003,8,4,0,0,5,Summer,0,0
2026-05-08,SEC-003,9,4,0,0,5,Summer,0,0
2026-05-08,SEC-003,10,4,0,0,5,Summer,0,0
2026-05-08,SEC-003,11,4,0,0,5,Summer,0,0
2026-05-08,SEC-003,12,4,0,0,5,Summer,0,0
2026-05-08,SEC-003,13,4,0,0,5,Summer,0,0
2026-05-08,SEC-003,14,4,0,0,5,Summer,0,0
2026-05-08,SEC-003,15,4,0,0,5,Summer,1,1
2026-05-08,SEC-003,16,4,0,0,5,Summer,0,0
2026-05-08,SEC-003,17,4,0,0,5,Summer,0,0
2026-05-08,SEC-003,18,4,0,0,5,Summer,2,2
2026-05-08,SEC-003,19,4,0,0,5,Summer,0,0
2026-05-08,SEC-003,20,4,0,0,5,Summer,0,0
2026-05-08,SEC-003,21,4,0,0,5,Summer,0,0
2026-05-08,SEC-003,22,4,0,0,5,Summer,4,4
2026-05-08,SEC-003,23,4,0,0,5,Summer,2,2
2026-05-08,SEC-004,0,4,0,0,5,Summer,1,1
2026-05-08,SEC-004,1,4,0,0,5,Summer,2,2
2026-05-08,SEC-004,2,4,0,0,5,Summer,2,2
2026-05-08,SEC-004,3,4,0,0,5,Summer,3,3
2026-05-08,SEC-004,4,4,0,0,5,Summer,1,1
2026-05-08,SEC-004,5,4,0,0,5,Summer,0,0
2026-05-08,SEC-004,6,4,0,0,5,Summer,1,1
2026-05-08,SEC-004,7,4,0,0,5,Summer,0,0
2026-05-08,SEC-004,8,4,0,0,5,Summer,0,0
2026-05-08,SEC-004,9,4,0,0,5,Summer,0,0
2026-05-08,SEC-004,10,4,0,0,5,Summer,1,1
2026-05-08,SEC-004,11,4,0,0,5,Summer,0,0
2026-05-08,SEC-004,12,4,0,0,5,Summer,0,0
2026-05-08,SEC-004,13,4,0,0,5,Summer,0,0
2026-05-08,SEC-004,14,4,0,0,5,Summer,0,0
2026-05-08,SEC-004,15,4,0,0,5,Summer,0,0
2026-05-08,SEC-004,16,4,0,0,5,Summer,0,0
2026-05-08,SEC-004,17,4,0,0,5,Summer,0,0
2026-05-08,SEC-004,18,4,0,0,5,Summer,0,0
2026-05-08,SEC-004,19,4,0,0,5,Summer,0,0
2026-05-08,SEC-004,20,4,0,0,5,Summer,1,1
2026-05-08,SEC-004,21,4,0,0,5,Summer,0,0
2026-05-08,SEC-004,22,4,0,0,5,Summer,0,0
2026-05-08,SEC-004,23,4,0,0,5,Summer,1,1
2026-05-08,SEC-005,0,4,0,0,5,Summer,5,5
2026-05-08,SEC-005,1,4,0,0,5,Summer,0,0
2026-05-08,SEC-005,2,4,0,0,5,Summer,3,3
2026-05-08,SEC-005,3,4,0,0,5,Summer,4,4
2026-05-08,SEC-005,4,4,0,0,5,Summer,2,2
2026-05-08,SEC-005,5,4,0,0,5,Summer,0,0
2026-05-08,SEC-005,6,4,0,0,5,Summer,0,0
2026-05-08,SEC-005,7,4,0,0,5,Summer,0,0
2026-05-08,SEC-005,8,4,0,0,5,Summer,0,0
2026-05-08,SEC-005,9,4,0,0,5,Summer,0,0
2026-05-08,SEC-005,10,4,0,0,5,Summer,0,0
2026-05-08,SEC-005,11,4,0,0,5,Summer,0,0
2026-05-08,SEC-005,12,4,0,0,5,Summer,2,2
2026-05-08,SEC-005,13,4,0,0,5,Summer,1,1
2026-05-08,SEC-005,14,4,0,0,5,Summer,0,0
2026-05-08,SEC-005,15,4,0,0,5,Summer,1,1
2026-05-08,SEC-005,16,4,0,0,5,Summer,1,1
2026-05-08,SEC-005,17,4,0,0,5,Summer,1,1
2026-05-08,SEC-005,18,4,0,0,5,Summer,0,0
2026-05-08,SEC-005,19,4,0,0,5,Summer,0,0
2026-05-08,SEC-005,20,4,0,0,5,Summer,0,0
2026-05-08,SEC-005,21,4,0,0,5,Summer,0,0
2026-05-08,SEC-005,22,4,0,0,5,Summer,1,1
2026-05-08,SEC-005,23,4,0,0,5,Summer,1,1
2026-05-08,SEC-006,0,4,0,0,5,Summer,2,2
2026-05-08,SEC-006,1,4,0,0,5,Summer,1,1
2026-05-08,SEC-006,2,4,0,0,5,Summer,2,2
2026-05-08,SEC-006,3,4,0,0,5,Summer,2,2
2026-05-08,SEC-006,4,4,0,0,5,Summer,2,2
2026-05-08,SEC-006,5,4,0,0,5,Summer,1,1
2026-05-08,SEC-006,6,4,0,0,5,Summer,1,1
2026-05-08,SEC-006,7,4,0,0,5,Summer,0,0
2026-05-08,SEC-006,8,4,0,0,5,Summer,0,0
2026-05-08,SEC-006,9,4,0,0,5,Summer,0,0
2026-05-08,SEC-006,10,4,0,0,5,Summer,0,0
2026-05-08,SEC-006,11,4,0,0,5,Summer,0,0
2026-05-08,SEC-006,12,4,0,0,5,Summer,0,0
2026-05-08,SEC-006,13,4,0,0,5,Summer,0,0
2026-05-08,SEC-006,14,4,0,0,5,Summer,0,0
2026-05-08,SEC-006,15,4,0,0,5,Summer,1,1
2026-05-08,SEC-006,16,4,0,0,5,Summer,0,0
2026-05-08,SEC-006,17,4,0,0,5,Summer,0,0
2026-05-08,SEC-006,18,4,0,0,5,Summer,0,0
2026-05-08,SEC-006,19,4,0,0,5,Summer,1,1
2026-05-08,SEC-006,20,4,0,0,5,Summer,0,0
2026-05-08,SEC-006,21,4,0,0,5,Summer,0,0
2026-05-08,SEC-006,22,4,0,0,5,Summer,0,0
2026-05-08,SEC-006,23,4,0,0,5,Summer,2,2
2026-05-09,SEC-001,0,5,1,0,5,Summer,0,0
2026-05-09,SEC-001,1,5,1,0,5,Summer,1,1
2026-05-09,SEC-001,2,5,1,0,5,Summer,4,4
2026-05-09,SEC-001,3,5,1,0,5,Summer,2,2
2026-05-09,SEC-001,4,5,1,0,5,Summer,4,4
2026-05-09,SEC-001,5,5,1,0,5,Summer,0,0
2026-05-09,SEC-001,6,5,1,0,5,Summer,1,1
2026-05-09,SEC-001,7,5,1,0,5,Summer,1,1
2026-05-09,SEC-001,8,5,1,0,5,Summer,2,2
2026-05-09,SEC-001,9,5,1,0,5,Summer,0,0
2026-05-09,SEC-001,10,5,1,0,5,Summer,0,0
2026-05-09,SEC-001,11,5,1,0,5,Summer,1,1
2026-05-09,SEC-001,12,5,1,0,5,Summer,1,1
2026-05-09,SEC-001,13,5,1,0,5,Summer,0,0
2026-05-09,SEC-001,14,5,1,0,5,Summer,0,0
2026-05-09,SEC-001,15,5,1,0,5,Summer,0,0
2026-05-09,SEC-001,16,5,1,0,5,Summer,0,0
2026-05-09,SEC-001,17,5,1,0,5,Summer,1,1
2026-05-09,SEC-001,18,5,1,0,5,Summer,1,1
2026-05-09,SEC-001,19,5,1,0,5,Summer,0,0
2026-05-09,SEC-001,20,5,1,0,5,Summer,0,0
2026-05-09,SEC-001,21,5,1,0,5,Summer,1,1
2026-05-09,SEC-001,22,5,1,0,5,Summer,1,1
2026-05-09,SEC-001,23,5,1,0,5,Summer,1,1
2026-05-09,SEC-002,0,5,1,0,5,Summer,1,1
2026-05-09,SEC-002,1,5,1,0,5,Summer,2,2
2026-05-09,SEC-002,2,5,1,0,5,Summer,0,0
2026-05-09,SEC-002,3,5,1,0,5,Summer,0,0
2026-05-09,SEC-002,4,5,1,0,5,Summer,2,2
2026-05-09,SEC-002,5,5,1,0,5,Summer,1,1
2026-05-09,SEC-002,6,5,1,0,5,Summer,0,0
2026-05-09,SEC-002,7,5,1,0,5,Summer,0,0
2026-05-09,SEC-002,8,5,1,0,5,Summer,1,1
2026-05-09,SEC-002,9,5,1,0,5,Summer,0,0
2026-05-09,SEC-002,10,5,1,0,5,Summer,0,0
2026-05-09,SEC-002,11,5,1,0,5,Summer,0,0
2026-05-09,SEC-002,12,5,1,0,5,Summer,2,2
2026-05-09,SEC-002,13,5,1,0,5,Summer,0,0
2026-05-09,SEC-002,14,5,1,0,5,Summer,0,0
2026-05-09,SEC-002,15,5,1,0,5,Summer,1,1
2026-05-09,SEC-002,16,5,1,0,5,Summer,1,1
2026-05-09,SEC-002,17,5,1,0,5,Summer,1,1
2026-05-09,SEC-002,18,5,1,0,5,Summer,0,0
2026-05-09,SEC-002,19,5,1,0,5,Summer,0,0
2026-05-09,SEC-002,20,5,1,0,5,Summer,1,1
2026-05-09,SEC-002,21,5,1,0,5,Summer,0,0
2026-05-09,SEC-002,22,5,1,0,5,Summer,5,5
2026-05-09,SEC-002,23,5,1,0,5,Summer,3,3
2026-05-09,SEC-003,0,5,1,0,5,Summer,3,3
2026-05-09,SEC-003,1,5,1,0,5,Summer,4,4
2026-05-09,SEC-003,2,5,1,0,5,Summer,5,5
2026-05-09,SEC-003,3,5,1,0,5,Summer,0,0
2026-05-09,SEC-003,4,5,1,0,5,Summer,1,1
2026-05-09,SEC-003,5,5,1,0,5,Summer,0,0
2026-05-09,SEC-003,6,5,1,0,5,Summer,1,1
2026-05-09,SEC-003,7,5,1,0,5,Summer,0,0
2026-05-09,SEC-003,8,5,1,0,5,Summer,0,0
2026-05-09,SEC-003,9,5,1,0,5,Summer,1,1
2026-05-09,SEC-003,10,5,1,0,5,Summer,0,0
2026-05-09,SEC-003,11,5,1,0,5,Summer,1,1
2026-05-09,SEC-003,12,5,1,0,5,Summer,0,0
2026-05-09,SEC-003,13,5,1,0,5,Summer,0,0
2026-05-09,SEC-003,14,5,1,0,5,Summer,1,1
2026-05-09,SEC-003,15,5,1,0,5,Summer,0,0
2026-05-09,SEC-003,16,5,1,0,5,Summer,0,0
2026-05-09,SEC-003,17,5,1,0,5,Summer,0,0
2026-05-09,SEC-003,18,5,1,0,5,Summer,1,1
2026-05-09,SEC-003,19,5,1,0,5,Summer,1,1
2026-05-09,SEC-003,20,5,1,0,5,Summer,1,1
2026-05-09,SEC-003,21,5,1,0,5,Summer,0,0
2026-05-09,SEC-003,22,5,1,0,5,Summer,2,2
2026-05-09,SEC-003,23,5,1,0,5,Summer,0,0
2026-05-09,SEC-004,0,5,1,0,5,Summer,1,1
2026-05-09,SEC-004,1,5,1,0,5,Summer,5,5
2026-05-09,SEC-004,2,5,1,0,5,Summer,2,2
2026-05-09,SEC-004,3,5,1,0,5,Summer,5,5
2026-05-09,SEC-004,4,5,1,0,5,Summer,2,2
2026-05-09,SEC-004,5,5,1,0,5,Summer,1,1
2026-05-09,SEC-004,6,5,1,0,5,Summer,1,1
2026-05-09,SEC-004,7,5,1,0,5,Summer,0,0
2026-05-09,SEC-004,8,5,1,0,5,Summer,0,0
2026-05-09,SEC-004,9,5,1,0,5,Summer,0,0
2026-05-09,SEC-004,10,5,1,0,5,Summer,0,0
2026-05-09,SEC-004,11,5,1,0,5,Summer,0,0
2026-05-09,SEC-004,12,5,1,0,5,Summer,1,1
2026-05-09,SEC-004,13,5,1,0,5,Summer,1,1
2026-05-09,SEC-004,14,5,1,0,5,Summer,1,1
2026-05-09,SEC-004,15,5,1,0,5,Summer,0,0
2026-05-09,SEC-004,16,5,1,0,5,Summer,1,1
2026-05-09,SEC-004,17,5,1,0,5,Summer,1,1
2026-05-09,SEC-004,18,5,1,0,5,Summer,1,1
2026-05-09,SEC-004,19,5,1,0,5,Summer,0,0
2026-05-09,SEC-004,20,5,1,0,5,Summer,1,1
2026-05-09,SEC-004,21,5,1,0,5,Summer,0,0
2026-05-09,SEC-004,22,5,1,0,5,Summer,2,2
2026-05-09,SEC-004,23,5,1,0,5,Summer,3,3
2026-05-09,SEC-005,0,5,1,0,5,Summer,1,1
2026-05-09,SEC-005,1,5,1,0,5,Summer,1,1
2026-05-09,SEC-005,2,5,1,0,5,Summer,2,2
2026-05-09,SEC-005,3,5,1,0,5,Summer,2,2
2026-05-09,SEC-005,4,5,1,0,5,Summer,2,2
2026-05-09,SEC-005,5,5,1,0,5,Summer,0,0
2026-05-09,SEC-005,6,5,1,0,5,Summer,1,1
2026-05-09,SEC-005,7,5,1,0,5,Summer,1,1
2026-05-09,SEC-005,8,5,1,0,5,Summer,0,0
2026-05-09,SEC-005,9,5,1,0,5,Summer,0,0
2026-05-09,SEC-005,10,5,1,0,5,Summer,0,0
2026-05-09,SEC-005,11,5,1,0,5,Summer,0,0
2026-05-09,SEC-005,12,5,1,0,5,Summer,0,0
2026-05-09,SEC-005,13,5,1,0,5,Summer,0,0
2026-05-09,SEC-005,14,5,1,0,5,Summer,0,0
2026-05-09,SEC-005,15,5,1,0,5,Summer,1,1
2026-05-09,SEC-005,16,5,1,0,5,Summer,0,0
2026-05-09,SEC-005,17,5,1,0,5,Summer,0,0
2026-05-09,SEC-005,18,5,1,0,5,Summer,0,0
2026-05-09,SEC-005,19,5,1,0,5,Summer,1,1
2026-05-09,SEC-005,20,5,1,0,5,Summer,0,0
2026-05-09,SEC-005,21,5,1,0,5,Summer,1,1
2026-05-09,SEC-005,22,5,1,0,5,Summer,0,0
2026-05-09,SEC-005,23,5,1,0,5,Summer,3,3
2026-05-09,SEC-006,0,5,1,0,5,Summer,1,1
2026-05-09,SEC-006,1,5,1,0,5,Summer,1,1
2026-05-09,SEC-006,2,5,1,0,5,Summer,3,3
2026-05-09,SEC-006,3,5,1,0,5,Summer,0,0
2026-05-09,SEC-006,4,5,1,0,5,Summer,1,1
2026-05-09,SEC-006,5,5,1,0,5,Summer,1,1
2026-05-09,SEC-006,6,5,1,0,5,Summer,1,1
2026-05-09,SEC-006,7,5,1,0,5,Summer,2,2
2026-05-09,SEC-006,8,5,1,0,5,Summer,0,0
2026-05-09,SEC-006,9,5,1,0,5,Summer,0,0
2026-05-09,SEC-006,10,5,1,0,5,Summer,1,1
2026-05-09,SEC-006,11,5,1,0,5,Summer,1,1
2026-05-09,SEC-006,12,5,1,0,5,Summer,0,0
2026-05-09,SEC-006,13,5,1,0,5,Summer,0,0
2026-05-09,SEC-006,14,5,1,0,5,Summer,1,1
2026-05-09,SEC-006,15,5,1,0,5,Summer,1,1
2026-05-09,SEC-006,16,5,1,0,5,Summer,1,1
2026-05-09,SEC-006,17,5,1,0,5,Summer,1,1
2026-05-09,SEC-006,18,5,1,0,5,Summer,0,0
2026-05-09,SEC-006,19,5,1,0,5,Summer,0,0
2026-05-09,SEC-006,20,5,1,0,5,Summer,1,1
2026-05-09,SEC-006,21,5,1,0,5,Summer,1,1
2026-05-09,SEC-006,22,5,1,0,5,Summer,1,1
2026-05-09,SEC-006,23,5,1,0,5,Summer,2,2
2026-05-10,SEC-001,0,6,1,0,5,Summer,3,3
2026-05-10,SEC-001,1,6,1,0,5,Summer,1,1
2026-05-10,SEC-001,2,6,1,0,5,Summer,0,0
2026-05-10,SEC-001,3,6,1,0,5,Summer,2,2
2026-05-10,SEC-001,4,6,1,0,5,Summer,1,1
2026-05-10,SEC-001,5,6,1,0,5,Summer,0,0
2026-05-10,SEC-001,6,6,1,0,5,Summer,1,1
2026-05-10,SEC-001,7,6,1,0,5,Summer,0,0
2026-05-10,SEC-001,8,6,1,0,5,Summer,0,0
2026-05-10,SEC-001,9,6,1,0,5,Summer,0,0
2026-05-10,SEC-001,10,6,1,0,5,Summer,2,2
2026-05-10,SEC-001,11,6,1,0,5,Summer,0,0
2026-05-10,SEC-001,12,6,1,0,5,Summer,1,1
2026-05-10,SEC-001,13,6,1,0,5,Summer,1,1
2026-05-10,SEC-001,14,6,1,0,5,Summer,0,0
2026-05-10,SEC-001,15,6,1,0,5,Summer,0,0
2026-05-10,SEC-001,16,6,1,0,5,Summer,1,1
2026-05-10,SEC-001,17,6,1,0,5,Summer,0,0
2026-05-10,SEC-001,18,6,1,0,5,Summer,0,0
2026-05-10,SEC-001,19,6,1,0,5,Summer,0,0
2026-05-10,SEC-001,20,6,1,0,5,Summer,0,0
2026-05-10,SEC-001,21,6,1,0,5,Summer,0,0
2026-05-10,SEC-001,22,6,1,0,5,Summer,2,2
2026-05-10,SEC-001,23,6,1,0,5,Summer,5,5
2026-05-10,SEC-002,0,6,1,0,5,Summer,1,1
2026-05-10,SEC-002,1,6,1,0,5,Summer,0,0
2026-05-10,SEC-002,2,6,1,0,5,Summer,2,2
2026-05-10,SEC-002,3,6,1,0,5,Summer,2,2
2026-05-10,SEC-002,4,6,1,0,5,Summer,3,3
2026-05-10,SEC-002,5,6,1,0,5,Summer,0,0
2026-05-10,SEC-002,6,6,1,0,5,Summer,0,0
2026-05-10,SEC-002,7,6,1,0,5,Summer,0,0
2026-05-10,SEC-002,8,6,1,0,5,Summer,1,1
2026-05-10,SEC-002,9,6,1,0,5,Summer,0,0
2026-05-10,SEC-002,10,6,1,0,5,Summer,2,2
2026-05-10,SEC-002,11,6,1,0,5,Summer,0,0
2026-05-10,SEC-002,12,6,1,0,5,Summer,0,0
2026-05-10,SEC-002,13,6,1,0,5,Summer,0,0
2026-05-10,SEC-002,14,6,1,0,5,Summer,1,1
2026-05-10,SEC-002,15,6,1,0,5,Summer,1,1
2026-05-10,SEC-002,16,6,1,0,5,Summer,0,0
2026-05-10,SEC-002,17,6,1,0,5,Summer,0,0
2026-05-10,SEC-002,18,6,1,0,5,Summer,1,1
2026-05-10,SEC-002,19,6,1,0,5,Summer,0,0
2026-05-10,SEC-002,20,6,1,0,5,Summer,0,0
2026-05-10,SEC-002,21,6,1,0,5,Summer,1,1
2026-05-10,SEC-002,22,6,1,0,5,Summer,1,1
2026-05-10,SEC-002,23,6,1,0,5,Summer,2,2
2026-05-10,SEC-003,0,6,1,0,5,Summer,0,0
2026-05-10,SEC-003,1,6,1,0,5,Summer,3,3
2026-05-10,SEC-003,2,6,1,0,5,Summer,2,2
2026-05-10,SEC-003,3,6,1,0,5,Summer,0,0
2026-05-10,SEC-003,4,6,1,0,5,Summer,1,1
2026-05-10,SEC-003,5,6,1,0,5,Summer,1,1
2026-05-10,SEC-003,6,6,1,0,5,Summer,0,0
2026-05-10,SEC-003,7,6,1,0,5,Summer,0,0
2026-05-10,SEC-003,8,6,1,0,5,Summer,0,0
2026-05-10,SEC-003,9,6,1,0,5,Summer,0,0
2026-05-10,SEC-003,10,6,1,0,5,Summer,0,0
2026-05-10,SEC-003,11,6,1,0,5,Summer,0,0
2026-05-10,SEC-003,12,6,1,0,5,Summer,0,0
2026-05-10,SEC-003,13,6,1,0,5,Summer,0,0
2026-05-10,SEC-003,14,6,1,0,5,Summer,2,2
2026-05-10,SEC-003,15,6,1,0,5,Summer,2,2
2026-05-10,SEC-003,16,6,1,0,5,Summer,0,0
2026-05-10,SEC-003,17,6,1,0,5,Summer,0,0
2026-05-10,SEC-003,18,6,1,0,5,Summer,0,0
2026-05-10,SEC-003,19,6,1,0,5,Summer,1,1
2026-05-10,SEC-003,20,6,1,0,5,Summer,1,1
2026-05-10,SEC-003,21,6,1,0,5,Summer,2,2
2026-05-10,SEC-003,22,6,1,0,5,Summer,2,2
2026-05-10,SEC-003,23,6,1,0,5,Summer,3,3
2026-05-10,SEC-004,0,6,1,0,5,Summer,1,1
2026-05-10,SEC-004,1,6,1,0,5,Summer,2,2
2026-05-10,SEC-004,2,6,1,0,5,Summer,2,2
2026-05-10,SEC-004,3,6,1,0,5,Summer,0,0
2026-05-10,SEC-004,4,6,1,0,5,Summer,2,2
2026-05-10,SEC-004,5,6,1,0,5,Summer,0,0
2026-05-10,SEC-004,6,6,1,0,5,Summer,1,1
2026-05-10,SEC-004,7,6,1,0,5,Summer,0,0
2026-05-10,SEC-004,8,6,1,0,5,Summer,0,0
2026-05-10,SEC-004,9,6,1,0,5,Summer,1,1
2026-05-10,SEC-004,10,6,1,0,5,Summer,1,1
2026-05-10,SEC-004,11,6,1,0,5,Summer,0,0
2026-05-10,SEC-004,12,6,1,0,5,Summer,0,0
2026-05-10,SEC-004,13,6,1,0,5,Summer,1,1
2026-05-10,SEC-004,14,6,1,0,5,Summer,0,0
2026-05-10,SEC-004,15,6,1,0,5,Summer,0,0
2026-05-10,SEC-004,16,6,1,0,5,Summer,0,0
2026-05-10,SEC-004,17,6,1,0,5,Summer,0,0
2026-05-10,SEC-004,18,6,1,0,5,Summer,0,0
2026-05-10,SEC-004,19,6,1,0,5,Summer,1,1
2026-05-10,SEC-004,20,6,1,0,5,Summer,2,2
2026-05-10,SEC-004,21,6,1,0,5,Summer,0,0
2026-05-10,SEC-004,22,6,1,0,5,Summer,2,2
2026-05-10,SEC-004,23,6,1,0,5,Summer,2,2
2026-05-10,SEC-005,0,6,1,0,5,Summer,4,4
2026-05-10,SEC-005,1,6,1,0,5,Summer,3,3
2026-05-10,SEC-005,2,6,1,0,5,Summer,1,1
2026-05-10,SEC-005,3,6,1,0,5,Summer,4,4
2026-05-10,SEC-005,4,6,1,0,5,Summer,1,1
2026-05-10,SEC-005,5,6,1,0,5,Summer,1,1
2026-05-10,SEC-005,6,6,1,0,5,Summer,0,0
2026-05-10,SEC-005,7,6,1,0,5,Summer,1,1
2026-05-10,SEC-005,8,6,1,0,5,Summer,1,1
2026-05-10,SEC-005,9,6,1,0,5,Summer,2,2
2026-05-10,SEC-005,10,6,1,0,5,Summer,0,0
2026-05-10,SEC-005,11,6,1,0,5,Summer,0,0
2026-05-10,SEC-005,12,6,1,0,5,Summer,0,0
2026-05-10,SEC-005,13,6,1,0,5,Summer,0,0
2026-05-10,SEC-005,14,6,1,0,5,Summer,1,1
2026-05-10,SEC-005,15,6,1,0,5,Summer,0,0
2026-05-10,SEC-005,16,6,1,0,5,Summer,0,0
2026-05-10,SEC-005,17,6,1,0,5,Summer,2,2
2026-05-10,SEC-005,18,6,1,0,5,Summer,0,0
2026-05-10,SEC-005,19,6,1,0,5,Summer,0,0
2026-05-10,SEC-005,20,6,1,0,5,Summer,0,0
2026-05-10,SEC-005,21,6,1,0,5,Summer,0,0
2026-05-10,SEC-005,22,6,1,0,5,Summer,2,2
2026-05-10,SEC-005,23,6,1,0,5,Summer,6,6
2026-05-10,SEC-006,0,6,1,0,5,Summer,0,0
2026-05-10,SEC-006,1,6,1,0,5,Summer,2,2
2026-05-10,SEC-006,2,6,1,0,5,Summer,2,2
2026-05-10,SEC-006,3,6,1,0,5,Summer,1,1
2026-05-10,SEC-006,4,6,1,0,5,Summer,0,0
2026-05-10,SEC-006,5,6,1,0,5,Summer,1,1
2026-05-10,SEC-006,6,6,1,0,5,Summer,0,0
2026-05-10,SEC-006,7,6,1,0,5,Summer,1,1
2026-05-10,SEC-006,8,6,1,0,5,Summer,0,0
2026-05-10,SEC-006,9,6,1,0,5,Summer,0,0
2026-05-10,SEC-006,10,6,1,0,5,Summer,1,1
2026-05-10,SEC-006,11,6,1,0,5,Summer,0,0
2026-05-10,SEC-006,12,6,1,0,5,Summer,1,1
2026-05-10,SEC-006,13,6,1,0,5,Summer,0,0
2026-05-10,SEC-006,14,6,1,0,5,Summer,0,0
2026-05-10,SEC-006,15,6,1,0,5,Summer,0,0
2026-05-10,SEC-006,16,6,1,0,5,Summer,1,1
2026-05-10,SEC-006,17,6,1,0,5,Summer,0,0
2026-05-10,SEC-006,18,6,1,0,5,Summer,1,1
2026-05-10,SEC-006,19,6,1,0,5,Summer,0,0
2026-05-10,SEC-006,20,6,1,0,5,Summer,0,0
2026-05-10,SEC-006,21,6,1,0,5,Summer,0,0
2026-05-10,SEC-006,22,6,1,0,5,Summer,1,1
2026-05-10,SEC-006,23,6,1,0,5,Summer,3,3
2026-05-11,SEC-001,0,0,0,0,5,Summer,2,2
2026-05-11,SEC-001,1,0,0,0,5,Summer,0,0
2026-05-11,SEC-001,2,0,0,0,5,Summer,1,1
2026-05-11,SEC-001,3,0,0,0,5,Summer,3,3
2026-05-11,SEC-001,4,0,0,0,5,Summer,1,1
2026-05-11,SEC-001,5,0,0,0,5,Summer,0,0
2026-05-11,SEC-001,6,0,0,0,5,Summer,0,0
2026-05-11,SEC-001,7,0,0,0,5,Summer,0,0
2026-05-11,SEC-001,8,0,0,0,5,Summer,0,0
2026-05-11,SEC-001,9,0,0,0,5,Summer,0,0
2026-05-11,SEC-001,10,0,0,0,5,Summer,0,0
2026-05-11,SEC-001,11,0,0,0,5,Summer,0,0
2026-05-11,SEC-001,12,0,0,0,5,Summer,0,0
2026-05-11,SEC-001,13,0,0,0,5,Summer,0,0
2026-05-11,SEC-001,14,0,0,0,5,Summer,0,0
2026-05-11,SEC-001,15,0,0,0,5,Summer,0,0
2026-05-11,SEC-001,16,0,0,0,5,Summer,0,0
2026-05-11,SEC-001,17,0,0,0,5,Summer,0,0
2026-05-11,SEC-001,18,0,0,0,5,Summer,0,0
2026-05-11,SEC-001,19,0,0,0,5,Summer,0,0
2026-05-11,SEC-001,20,0,0,0,5,Summer,0,0
2026-05-11,SEC-001,21,0,0,0,5,Summer,1,1
2026-05-11,SEC-001,22,0,0,0,5,Summer,3,3
2026-05-11,SEC-001,23,0,0,0,5,Summer,0,0
2026-05-11,SEC-002,0,0,0,0,5,Summer,2,2
2026-05-11,SEC-002,1,0,0,0,5,Summer,1,1
2026-05-11,SEC-002,2,0,0,0,5,Summer,2,2
2026-05-11,SEC-002,3,0,0,0,5,Summer,1,1
2026-05-11,SEC-002,4,0,0,0,5,Summer,2,2
2026-05-11,SEC-002,5,0,0,0,5,Summer,1,1
2026-05-11,SEC-002,6,0,0,0,5,Summer,0,0
2026-05-11,SEC-002,7,0,0,0,5,Summer,0,0
2026-05-11,SEC-002,8,0,0,0,5,Summer,1,1
2026-05-11,SEC-002,9,0,0,0,5,Summer,0,0
2026-05-11,SEC-002,10,0,0,0,5,Summer,1,1
2026-05-11,SEC-002,11,0,0,0,5,Summer,2,2
2026-05-11,SEC-002,12,0,0,0,5,Summer,1,1
2026-05-11,SEC-002,13,0,0,0,5,Summer,0,0
2026-05-11,SEC-002,14,0,0,0,5,Summer,0,0
2026-05-11,SEC-002,15,0,0,0,5,Summer,1,1
2026-05-11,SEC-002,16,0,0,0,5,Summer,2,2
2026-05-11,SEC-002,17,0,0,0,5,Summer,1,1
2026-05-11,SEC-002,18,0,0,0,5,Summer,1,1
2026-05-11,SEC-002,19,0,0,0,5,Summer,1,1
2026-05-11,SEC-002,20,0,0,0,5,Summer,0,0
2026-05-11,SEC-002,21,0,0,0,5,Summer,0,0
2026-05-11,SEC-002,22,0,0,0,5,Summer,3,3
2026-05-11,SEC-002,23,0,0,0,5,Summer,2,2
2026-05-11,SEC-003,0,0,0,0,5,Summer,4,4
2026-05-11,SEC-003,1,0,0,0,5,Summer,1,1
2026-05-11,SEC-003,2,0,0,0,5,Summer,2,2
2026-05-11,SEC-003,3,0,0,0,5,Summer,5,5
2026-05-11,SEC-003,4,0,0,0,5,Summer,3,3
2026-05-11,SEC-003,5,0,0,0,5,Summer,0,0
2026-05-11,SEC-003,6,0,0,0,5,Summer,0,0
2026-05-11,SEC-003,7,0,0,0,5,Summer,0,0
2026-05-11,SEC-003,8,0,0,0,5,Summer,0,0
2026-05-11,SEC-003,9,0,0,0,5,Summer,0,0
2026-05-11,SEC-003,10,0,0,0,5,Summer,1,1
2026-05-11,SEC-003,11,0,0,0,5,Summer,0,0
2026-05-11,SEC-003,12,0,0,0,5,Summer,2,2
2026-05-11,SEC-003,13,0,0,0,5,Summer,0,0
2026-05-11,SEC-003,14,0,0,0,5,Summer,0,0
2026-05-11,SEC-003,15,0,0,0,5,Summer,0,0
2026-05-11,SEC-003,16,0,0,0,5,Summer,0,0
2026-05-11,SEC-003,17,0,0,0,5,Summer,0,0
2026-05-11,SEC-003,18,0,0,0,5,Summer,0,0
2026-05-11,SEC-003,19,0,0,0,5,Summer,1,1
2026-05-11,SEC-003,20,0,0,0,5,Summer,0,0
2026-05-11,SEC-003,21,0,0,0,5,Summer,0,0
2026-05-11,SEC-003,22,0,0,0,5,Summer,1,1
2026-05-11,SEC-003,23,0,0,0,5,Summer,1,1
2026-05-11,SEC-004,0,0,0,0,5,Summer,1,1
2026-05-11,SEC-004,1,0,0,0,5,Summer,1,1
2026-05-11,SEC-004,2,0,0,0,5,Summer,0,0
2026-05-11,SEC-004,3,0,0,0,5,Summer,2,2
2026-05-11,SEC-004,4,0,0,0,5,Summer,0,0
2026-05-11,SEC-004,5,0,0,0,5,Summer,0,0
2026-05-11,SEC-004,6,0,0,0,5,Summer,1,1
2026-05-11,SEC-004,7,0,0,0,5,Summer,1,1
2026-05-11,SEC-004,8,0,0,0,5,Summer,0,0
2026-05-11,SEC-004,9,0,0,0,5,Summer,2,2
2026-05-11,SEC-004,10,0,0,0,5,Summer,0,0
2026-05-11,SEC-004,11,0,0,0,5,Summer,0,0
2026-05-11,SEC-004,12,0,0,0,5,Summer,0,0
2026-05-11,SEC-004,13,0,0,0,5,Summer,1,1
2026-05-11,SEC-004,14,0,0,0,5,Summer,0,0
2026-05-11,SEC-004,15,0,0,0,5,Summer,0,0
2026-05-11,SEC-004,16,0,0,0,5,Summer,0,0
2026-05-11,SEC-004,17,0,0,0,5,Summer,0,0
2026-05-11,SEC-004,18,0,0,0,5,Summer,0,0
2026-05-11,SEC-004,19,0,0,0,5,Summer,0,0
2026-05-11,SEC-004,20,0,0,0,5,Summer,1,1
2026-05-11,SEC-004,21,0,0,0,5,Summer,1,1
2026-05-11,SEC-004,22,0,0,0,5,Summer,4,4
2026-05-11,SEC-004,23,0,0,0,5,Summer,0,0
2026-05-11,SEC-005,0,0,0,0,5,Summer,2,2
2026-05-11,SEC-005,1,0,0,0,5,Summer,2,2
2026-05-11,SEC-005,2,0,0,0,5,Summer,1,1
2026-05-11,SEC-005,3,0,0,0,5,Summer,0,0
2026-05-11,SEC-005,4,0,0,0,5,Summer,4,4
2026-05-11,SEC-005,5,0,0,0,5,Summer,0,0
2026-05-11,SEC-005,6,0,0,0,5,Summer,1,1
2026-05-11,SEC-005,7,0,0,0,5,Summer,0,0
2026-05-11,SEC-005,8,0,0,0,5,Summer,0,0
2026-05-11,SEC-005,9,0,0,0,5,Summer,0,0
2026-05-11,SEC-005,10,0,0,0,5,Summer,0,0
2026-05-11,SEC-005,11,0,0,0,5,Summer,0,0
2026-05-11,SEC-005,12,0,0,0,5,Summer,0,0
2026-05-11,SEC-005,13,0,0,0,5,Summer,0,0
2026-05-11,SEC-005,14,0,0,0,5,Summer,0,0
2026-05-11,SEC-005,15,0,0,0,5,Summer,0,0
2026-05-11,SEC-005,16,0,0,0,5,Summer,2,2
2026-05-11,SEC-005,17,0,0,0,5,Summer,0,0
2026-05-11,SEC-005,18,0,0,0,5,Summer,0,0
2026-05-11,SEC-005,19,0,0,0,5,Summer,0,0
2026-05-11,SEC-005,20,0,0,0,5,Summer,0,0
2026-05-11,SEC-005,21,0,0,0,5,Summer,0,0
2026-05-11,SEC-005,22,0,0,0,5,Summer,2,2
2026-05-11,SEC-005,23,0,0,0,5,Summer,1,1
2026-05-11,SEC-006,0,0,0,0,5,Summer,2,2
2026-05-11,SEC-006,1,0,0,0,5,Summer,2,2
2026-05-11,SEC-006,2,0,0,0,5,Summer,0,0
2026-05-11,SEC-006,3,0,0,0,5,Summer,0,0
2026-05-11,SEC-006,4,0,0,0,5,Summer,5,5
2026-05-11,SEC-006,5,0,0,0,5,Summer,0,0
2026-05-11,SEC-006,6,0,0,0,5,Summer,0,0
2026-05-11,SEC-006,7,0,0,0,5,Summer,0,0
2026-05-11,SEC-006,8,0,0,0,5,Summer,0,0
2026-05-11,SEC-006,9,0,0,0,5,Summer,0,0
2026-05-11,SEC-006,10,0,0,0,5,Summer,0,0
2026-05-11,SEC-006,11,0,0,0,5,Summer,0,0
2026-05-11,SEC-006,12,0,0,0,5,Summer,0,0
2026-05-11,SEC-006,13,0,0,0,5,Summer,0,0
2026-05-11,SEC-006,14,0,0,0,5,Summer,0,0
2026-05-11,SEC-006,15,0,0,0,5,Summer,0,0
2026-05-11,SEC-006,16,0,0,0,5,Summer,2,2
2026-05-11,SEC-006,17,0,0,0,5,Summer,0,0
2026-05-11,SEC-006,18,0,0,0,5,Summer,0,0
2026-05-11,SEC-006,19,0,0,0,5,Summer,1,1
2026-05-11,SEC-006,20,0,0,0,5,Summer,1,1
2026-05-11,SEC-006,21,0,0,0,5,Summer,2,2
2026-05-11,SEC-006,22,0,0,0,5,Summer,3,3
2026-05-11,SEC-006,23,0,0,0,5,Summer,4,4
2026-05-12,SEC-001,0,1,0,0,5,Summer,1,1
2026-05-12,SEC-001,1,1,0,0,5,Summer,2,2
2026-05-12,SEC-001,2,1,0,0,5,Summer,1,1
2026-05-12,SEC-001,3,1,0,0,5,Summer,2,2
2026-05-12,SEC-001,4,1,0,0,5,Summer,1,1
2026-05-12,SEC-001,5,1,0,0,5,Summer,0,0
2026-05-12,SEC-001,6,1,0,0,5,Summer,0,0
2026-05-12,SEC-001,7,1,0,0,5,Summer,0,0
2026-05-12,SEC-001,8,1,0,0,5,Summer,1,1
2026-05-12,SEC-001,9,1,0,0,5,Summer,0,0
2026-05-12,SEC-001,10,1,0,0,5,Summer,0,0
2026-05-12,SEC-001,11,1,0,0,5,Summer,1,1
2026-05-12,SEC-001,12,1,0,0,5,Summer,1,1
2026-05-12,SEC-001,13,1,0,0,5,Summer,0,0
2026-05-12,SEC-001,14,1,0,0,5,Summer,0,0
2026-05-12,SEC-001,15,1,0,0,5,Summer,1,1
2026-05-12,SEC-001,16,1,0,0,5,Summer,0,0
2026-05-12,SEC-001,17,1,0,0,5,Summer,0,0
2026-05-12,SEC-001,18,1,0,0,5,Summer,0,0
2026-05-12,SEC-001,19,1,0,0,5,Summer,0,0
2026-05-12,SEC-001,20,1,0,0,5,Summer,0,0
2026-05-12,SEC-001,21,1,0,0,5,Summer,0,0
2026-05-12,SEC-001,22,1,0,0,5,Summer,1,1
2026-05-12,SEC-001,23,1,0,0,5,Summer,3,3
2026-05-12,SEC-002,0,1,0,0,5,Summer,0,0
2026-05-12,SEC-002,1,1,0,0,5,Summer,1,1
2026-05-12,SEC-002,2,1,0,0,5,Summer,0,0
2026-05-12,SEC-002,3,1,0,0,5,Summer,2,2
2026-05-12,SEC-002,4,1,0,0,5,Summer,0,0
2026-05-12,SEC-002,5,1,0,0,5,Summer,0,0
2026-05-12,SEC-002,6,1,0,0,5,Summer,0,0
2026-05-12,SEC-002,7,1,0,0,5,Summer,0,0
2026-05-12,SEC-002,8,1,0,0,5,Summer,0,0
2026-05-12,SEC-002,9,1,0,0,5,Summer,1,1
2026-05-12,SEC-002,10,1,0,0,5,Summer,0,0
2026-05-12,SEC-002,11,1,0,0,5,Summer,1,1
2026-05-12,SEC-002,12,1,0,0,5,Summer,0,0
2026-05-12,SEC-002,13,1,0,0,5,Summer,0,0
2026-05-12,SEC-002,14,1,0,0,5,Summer,0,0
2026-05-12,SEC-002,15,1,0,0,5,Summer,0,0
2026-05-12,SEC-002,16,1,0,0,5,Summer,0,0
2026-05-12,SEC-002,17,1,0,0,5,Summer,0,0
2026-05-12,SEC-002,18,1,0,0,5,Summer,0,0
2026-05-12,SEC-002,19,1,0,0,5,Summer,2,2
2026-05-12,SEC-002,20,1,0,0,5,Summer,0,0
2026-05-12,SEC-002,21,1,0,0,5,Summer,0,0
2026-05-12,SEC-002,22,1,0,0,5,Summer,0,0
2026-05-12,SEC-002,23,1,0,0,5,Summer,2,2
2026-05-12,SEC-003,0,1,0,0,5,Summer,0,0
2026-05-12,SEC-003,1,1,0,0,5,Summer,3,3
2026-05-12,SEC-003,2,1,0,0,5,Summer,4,4
2026-05-12,SEC-003,3,1,0,0,5,Summer,0,0
2026-05-12,SEC-003,4,1,0,0,5,Summer,3,3
2026-05-12,SEC-003,5,1,0,0,5,Summer,0,0
2026-05-12,SEC-003,6,1,0,0,5,Summer,0,0
2026-05-12,SEC-003,7,1,0,0,5,Summer,1,1
2026-05-12,SEC-003,8,1,0,0,5,Summer,1,1
2026-05-12,SEC-003,9,1,0,0,5,Summer,0,0
2026-05-12,SEC-003,10,1,0,0,5,Summer,0,0
2026-05-12,SEC-003,11,1,0,0,5,Summer,0,0
2026-05-12,SEC-003,12,1,0,0,5,Summer,0,0
2026-05-12,SEC-003,13,1,0,0,5,Summer,0,0
2026-05-12,SEC-003,14,1,0,0,5,Summer,0,0
2026-05-12,SEC-003,15,1,0,0,5,Summer,0,0
2026-05-12,SEC-003,16,1,0,0,5,Summer,0,0
2026-05-12,SEC-003,17,1,0,0,5,Summer,0,0
2026-05-12,SEC-003,18,1,0,0,5,Summer,1,1
2026-05-12,SEC-003,19,1,0,0,5,Summer,1,1
2026-05-12,SEC-003,20,1,0,0,5,Summer,0,0
2026-05-12,SEC-003,21,1,0,0,5,Summer,0,0
2026-05-12,SEC-003,22,1,0,0,5,Summer,1,1
2026-05-12,SEC-003,23,1,0,0,5,Summer,3,3
2026-05-12,SEC-004,0,1,0,0,5,Summer,1,1
2026-05-12,SEC-004,1,1,0,0,5,Summer,1,1
2026-05-12,SEC-004,2,1,0,0,5,Summer,5,5
2026-05-12,SEC-004,3,1,0,0,5,Summer,0,0
2026-05-12,SEC-004,4,1,0,0,5,Summer,1,1
2026-05-12,SEC-004,5,1,0,0,5,Summer,0,0
2026-05-12,SEC-004,6,1,0,0,5,Summer,0,0
2026-05-12,SEC-004,7,1,0,0,5,Summer,0,0
2026-05-12,SEC-004,8,1,0,0,5,Summer,0,0
2026-05-12,SEC-004,9,1,0,0,5,Summer,0,0
2026-05-12,SEC-004,10,1,0,0,5,Summer,0,0
2026-05-12,SEC-004,11,1,0,0,5,Summer,0,0
2026-05-12,SEC-004,12,1,0,0,5,Summer,1,1
2026-05-12,SEC-004,13,1,0,0,5,Summer,0,0
2026-05-12,SEC-004,14,1,0,0,5,Summer,0,0
2026-05-12,SEC-004,15,1,0,0,5,Summer,1,1
2026-05-12,SEC-004,16,1,0,0,5,Summer,0,0
2026-05-12,SEC-004,17,1,0,0,5,Summer,0,0
2026-05-12,SEC-004,18,1,0,0,5,Summer,0,0
2026-05-12,SEC-004,19,1,0,0,5,Summer,0,0
2026-05-12,SEC-004,20,1,0,0,5,Summer,1,1
2026-05-12,SEC-004,21,1,0,0,5,Summer,0,0
2026-05-12,SEC-004,22,1,0,0,5,Summer,2,2
2026-05-12,SEC-004,23,1,0,0,5,Summer,1,1
2026-05-12,SEC-005,0,1,0,0,5,Summer,2,2
2026-05-12,SEC-005,1,1,0,0,5,Summer,1,1
2026-05-12,SEC-005,2,1,0,0,5,Summer,0,0
2026-05-12,SEC-005,3,1,0,0,5,Summer,4,4
2026-05-12,SEC-005,4,1,0,0,5,Summer,1,1
2026-05-12,SEC-005,5,1,0,0,5,Summer,0,0
2026-05-12,SEC-005,6,1,0,0,5,Summer,0,0
2026-05-12,SEC-005,7,1,0,0,5,Summer,1,1
2026-05-12,SEC-005,8,1,0,0,5,Summer,0,0
2026-05-12,SEC-005,9,1,0,0,5,Summer,0,0
2026-05-12,SEC-005,10,1,0,0,5,Summer,0,0
2026-05-12,SEC-005,11,1,0,0,5,Summer,1,1
2026-05-12,SEC-005,12,1,0,0,5,Summer,1,1
2026-05-12,SEC-005,13,1,0,0,5,Summer,0,0
2026-05-12,SEC-005,14,1,0,0,5,Summer,0,0
2026-05-12,SEC-005,15,1,0,0,5,Summer,1,1
2026-05-12,SEC-005,16,1,0,0,5,Summer,1,1
2026-05-12,SEC-005,17,1,0,0,5,Summer,1,1
2026-05-12,SEC-005,18,1,0,0,5,Summer,0,0
2026-05-12,SEC-005,19,1,0,0,5,Summer,0,0
2026-05-12,SEC-005,20,1,0,0,5,Summer,0,0
2026-05-12,SEC-005,21,1,0,0,5,Summer,0,0
2026-05-12,SEC-005,22,1,0,0,5,Summer,1,1
2026-05-12,SEC-005,23,1,0,0,5,Summer,2,2
2026-05-12,SEC-006,0,1,0,0,5,Summer,1,1
2026-05-12,SEC-006,1,1,0,0,5,Summer,1,1
2026-05-12,SEC-006,2,1,0,0,5,Summer,4,4
2026-05-12,SEC-006,3,1,0,0,5,Summer,1,1
2026-05-12,SEC-006,4,1,0,0,5,Summer,1,1
2026-05-12,SEC-006,5,1,0,0,5,Summer,0,0
2026-05-12,SEC-006,6,1,0,0,5,Summer,0,0
2026-05-12,SEC-006,7,1,0,0,5,Summer,2,2
2026-05-12,SEC-006,8,1,0,0,5,Summer,0,0
2026-05-12,SEC-006,9,1,0,0,5,Summer,0,0
2026-05-12,SEC-006,10,1,0,0,5,Summer,0,0
2026-05-12,SEC-006,11,1,0,0,5,Summer,0,0
2026-05-12,SEC-006,12,1,0,0,5,Summer,2,2
2026-05-12,SEC-006,13,1,0,0,5,Summer,1,1
2026-05-12,SEC-006,14,1,0,0,5,Summer,1,1
2026-05-12,SEC-006,15,1,0,0,5,Summer,1,1
2026-05-12,SEC-006,16,1,0,0,5,Summer,1,1
2026-05-12,SEC-006,17,1,0,0,5,Summer,0,0
2026-05-12,SEC-006,18,1,0,0,5,Summer,0,0
2026-05-12,SEC-006,19,1,0,0,5,Summer,1,1
2026-05-12,SEC-006,20,1,0,0,5,Summer,0,0
2026-05-12,SEC-006,21,1,0,0,5,Summer,0,0
2026-05-12,SEC-006,22,1,0,0,5,Summer,3,3
2026-05-12,SEC-006,23,1,0,0,5,Summer,4,4
2026-05-13,SEC-001,0,2,0,0,5,Summer,0,0
2026-05-13,SEC-001,1,2,0,0,5,Summer,0,0
2026-05-13,SEC-001,2,2,0,0,5,Summer,2,2
2026-05-13,SEC-001,3,2,0,0,5,Summer,2,2
2026-05-13,SEC-001,4,2,0,0,5,Summer,2,2
2026-05-13,SEC-001,5,2,0,0,5,Summer,1,1
2026-05-13,SEC-001,6,2,0,0,5,Summer,1,1
2026-05-13,SEC-001,7,2,0,0,5,Summer,0,0
2026-05-13,SEC-001,8,2,0,0,5,Summer,0,0
2026-05-13,SEC-001,9,2,0,0,5,Summer,0,0
2026-05-13,SEC-001,10,2,0,0,5,Summer,1,1
2026-05-13,SEC-001,11,2,0,0,5,Summer,0,0
2026-05-13,SEC-001,12,2,0,0,5,Summer,0,0
2026-05-13,SEC-001,13,2,0,0,5,Summer,0,0
2026-05-13,SEC-001,14,2,0,0,5,Summer,0,0
2026-05-13,SEC-001,15,2,0,0,5,Summer,0,0
2026-05-13,SEC-001,16,2,0,0,5,Summer,0,0
2026-05-13,SEC-001,17,2,0,0,5,Summer,0,0
2026-05-13,SEC-001,18,2,0,0,5,Summer,0,0
2026-05-13,SEC-001,19,2,0,0,5,Summer,0,0
2026-05-13,SEC-001,20,2,0,0,5,Summer,0,0
2026-05-13,SEC-001,21,2,0,0,5,Summer,1,1
2026-05-13,SEC-001,22,2,0,0,5,Summer,3,3
2026-05-13,SEC-001,23,2,0,0,5,Summer,0,0
2026-05-13,SEC-002,0,2,0,0,5,Summer,2,2
2026-05-13,SEC-002,1,2,0,0,5,Summer,1,1
2026-05-13,SEC-002,2,2,0,0,5,Summer,2,2
2026-05-13,SEC-002,3,2,0,0,5,Summer,0,0
2026-05-13,SEC-002,4,2,0,0,5,Summer,4,4
2026-05-13,SEC-002,5,2,0,0,5,Summer,0,0
2026-05-13,SEC-002,6,2,0,0,5,Summer,1,1
2026-05-13,SEC-002,7,2,0,0,5,Summer,1,1
2026-05-13,SEC-002,8,2,0,0,5,Summer,0,0
2026-05-13,SEC-002,9,2,0,0,5,Summer,0,0
2026-05-13,SEC-002,10,2,0,0,5,Summer,0,0
2026-05-13,SEC-002,11,2,0,0,5,Summer,0,0
2026-05-13,SEC-002,12,2,0,0,5,Summer,0,0
2026-05-13,SEC-002,13,2,0,0,5,Summer,1,1
2026-05-13,SEC-002,14,2,0,0,5,Summer,0,0
2026-05-13,SEC-002,15,2,0,0,5,Summer,1,1
2026-05-13,SEC-002,16,2,0,0,5,Summer,0,0
2026-05-13,SEC-002,17,2,0,0,5,Summer,0,0
2026-05-13,SEC-002,18,2,0,0,5,Summer,1,1
2026-05-13,SEC-002,19,2,0,0,5,Summer,0,0
2026-05-13,SEC-002,20,2,0,0,5,Summer,0,0
2026-05-13,SEC-002,21,2,0,0,5,Summer,0,0
2026-05-13,SEC-002,22,2,0,0,5,Summer,1,1
2026-05-13,SEC-002,23,2,0,0,5,Summer,2,2
2026-05-13,SEC-003,0,2,0,0,5,Summer,0,0
2026-05-13,SEC-003,1,2,0,0,5,Summer,1,1
2026-05-13,SEC-003,2,2,0,0,5,Summer,3,3
2026-05-13,SEC-003,3,2,0,0,5,Summer,3,3
2026-05-13,SEC-003,4,2,0,0,5,Summer,4,4
2026-05-13,SEC-003,5,2,0,0,5,Summer,0,0
2026-05-13,SEC-003,6,2,0,0,5,Summer,0,0
2026-05-13,SEC-003,7,2,0,0,5,Summer,0,0
2026-05-13,SEC-003,8,2,0,0,5,Summer,1,1
2026-05-13,SEC-003,9,2,0,0,5,Summer,0,0
2026-05-13,SEC-003,10,2,0,0,5,Summer,0,0
2026-05-13,SEC-003,11,2,0,0,5,Summer,1,1
2026-05-13,SEC-003,12,2,0,0,5,Summer,0,0
2026-05-13,SEC-003,13,2,0,0,5,Summer,0,0
2026-05-13,SEC-003,14,2,0,0,5,Summer,1,1
2026-05-13,SEC-003,15,2,0,0,5,Summer,0,0
2026-05-13,SEC-003,16,2,0,0,5,Summer,0,0
2026-05-13,SEC-003,17,2,0,0,5,Summer,0,0
2026-05-13,SEC-003,18,2,0,0,5,Summer,0,0
2026-05-13,SEC-003,19,2,0,0,5,Summer,3,3
2026-05-13,SEC-003,20,2,0,0,5,Summer,0,0
2026-05-13,SEC-003,21,2,0,0,5,Summer,0,0
2026-05-13,SEC-003,22,2,0,0,5,Summer,4,4
2026-05-13,SEC-003,23,2,0,0,5,Summer,3,3
2026-05-13,SEC-004,0,2,0,0,5,Summer,1,1
2026-05-13,SEC-004,1,2,0,0,5,Summer,4,4
2026-05-13,SEC-004,2,2,0,0,5,Summer,1,1
2026-05-13,SEC-004,3,2,0,0,5,Summer,0,0
2026-05-13,SEC-004,4,2,0,0,5,Summer,0,0
2026-05-13,SEC-004,5,2,0,0,5,Summer,0,0
2026-05-13,SEC-004,6,2,0,0,5,Summer,0,0
2026-05-13,SEC-004,7,2,0,0,5,Summer,0,0
2026-05-13,SEC-004,8,2,0,0,5,Summer,0,0
2026-05-13,SEC-004,9,2,0,0,5,Summer,0,0
2026-05-13,SEC-004,10,2,0,0,5,Summer,2,2
2026-05-13,SEC-004,11,2,0,0,5,Summer,1,1
2026-05-13,SEC-004,12,2,0,0,5,Summer,1,1
2026-05-13,SEC-004,13,2,0,0,5,Summer,0,0
2026-05-13,SEC-004,14,2,0,0,5,Summer,1,1
2026-05-13,SEC-004,15,2,0,0,5,Summer,0,0
2026-05-13,SEC-004,16,2,0,0,5,Summer,0,0
2026-05-13,SEC-004,17,2,0,0,5,Summer,1,1
2026-05-13,SEC-004,18,2,0,0,5,Summer,0,0
2026-05-13,SEC-004,19,2,0,0,5,Summer,0,0
2026-05-13,SEC-004,20,2,0,0,5,Summer,1,1
2026-05-13,SEC-004,21,2,0,0,5,Summer,0,0
2026-05-13,SEC-004,22,2,0,0,5,Summer,1,1
2026-05-13,SEC-004,23,2,0,0,5,Summer,2,2
2026-05-13,SEC-005,0,2,0,0,5,Summer,1,1
2026-05-13,SEC-005,1,2,0,0,5,Summer,2,2
2026-05-13,SEC-005,2,2,0,0,5,Summer,1,1
2026-05-13,SEC-005,3,2,0,0,5,Summer,2,2
2026-05-13,SEC-005,4,2,0,0,5,Summer,4,4
2026-05-13,SEC-005,5,2,0,0,5,Summer,0,0
2026-05-13,SEC-005,6,2,0,0,5,Summer,1,1
2026-05-13,SEC-005,7,2,0,0,5,Summer,1,1
2026-05-13,SEC-005,8,2,0,0,5,Summer,0,0
2026-05-13,SEC-005,9,2,0,0,5,Summer,0,0
2026-05-13,SEC-005,10,2,0,0,5,Summer,0,0
2026-05-13,SEC-005,11,2,0,0,5,Summer,1,1
2026-05-13,SEC-005,12,2,0,0,5,Summer,1,1
2026-05-13,SEC-005,13,2,0,0,5,Summer,2,2
2026-05-13,SEC-005,14,2,0,0,5,Summer,1,1
2026-05-13,SEC-005,15,2,0,0,5,Summer,0,0
2026-05-13,SEC-005,16,2,0,0,5,Summer,0,0
2026-05-13,SEC-005,17,2,0,0,5,Summer,0,0
2026-05-13,SEC-005,18,2,0,0,5,Summer,0,0
2026-05-13,SEC-005,19,2,0,0,5,Summer,2,2
2026-05-13,SEC-005,20,2,0,0,5,Summer,1,1
2026-05-13,SEC-005,21,2,0,0,5,Summer,0,0
2026-05-13,SEC-005,22,2,0,0,5,Summer,3,3
2026-05-13,SEC-005,23,2,0,0,5,Summer,3,3
2026-05-13,SEC-006,0,2,0,0,5,Summer,1,1
2026-05-13,SEC-006,1,2,0,0,5,Summer,1,1
2026-05-13,SEC-006,2,2,0,0,5,Summer,1,1
2026-05-13,SEC-006,3,2,0,0,5,Summer,2,2
2026-05-13,SEC-006,4,2,0,0,5,Summer,4,4
2026-05-13,SEC-006,5,2,0,0,5,Summer,0,0
2026-05-13,SEC-006,6,2,0,0,5,Summer,0,0
2026-05-13,SEC-006,7,2,0,0,5,Summer,2,2
2026-05-13,SEC-006,8,2,0,0,5,Summer,0,0
2026-05-13,SEC-006,9,2,0,0,5,Summer,0,0
2026-05-13,SEC-006,10,2,0,0,5,Summer,0,0
2026-05-13,SEC-006,11,2,0,0,5,Summer,1,1
2026-05-13,SEC-006,12,2,0,0,5,Summer,0,0
2026-05-13,SEC-006,13,2,0,0,5,Summer,0,0
2026-05-13,SEC-006,14,2,0,0,5,Summer,0,0
2026-05-13,SEC-006,15,2,0,0,5,Summer,0,0
2026-05-13,SEC-006,16,2,0,0,5,Summer,0,0
2026-05-13,SEC-006,17,2,0,0,5,Summer,1,1
2026-05-13,SEC-006,18,2,0,0,5,Summer,1,1
2026-05-13,SEC-006,19,2,0,0,5,Summer,1,1
2026-05-13,SEC-006,20,2,0,0,5,Summer,1,1
2026-05-13,SEC-006,21,2,0,0,5,Summer,1,1
2026-05-13,SEC-006,22,2,0,0,5,Summer,1,1
2026-05-13,SEC-006,23,2,0,0,5,Summer,0,0
2026-05-14,SEC-001,0,3,0,0,5,Summer,1,1
2026-05-14,SEC-001,1,3,0,0,5,Summer,2,2
2026-05-14,SEC-001,2,3,0,0,5,Summer,3,3
2026-05-14,SEC-001,3,3,0,0,5,Summer,1,1
2026-05-14,SEC-001,4,3,0,0,5,Summer,4,4
2026-05-14,SEC-001,5,3,0,0,5,Summer,0,0
2026-05-14,SEC-001,6,3,0,0,5,Summer,0,0
2026-05-14,SEC-001,7,3,0,0,5,Summer,1,1
2026-05-14,SEC-001,8,3,0,0,5,Summer,0,0
2026-05-14,SEC-001,9,3,0,0,5,Summer,0,0
2026-05-14,SEC-001,10,3,0,0,5,Summer,0,0
2026-05-14,SEC-001,11,3,0,0,5,Summer,0,0
2026-05-14,SEC-001,12,3,0,0,5,Summer,0,0
2026-05-14,SEC-001,13,3,0,0,5,Summer,1,1
2026-05-14,SEC-001,14,3,0,0,5,Summer,1,1
2026-05-14,SEC-001,15,3,0,0,5,Summer,2,2
2026-05-14,SEC-001,16,3,0,0,5,Summer,0,0
2026-05-14,SEC-001,17,3,0,0,5,Summer,1,1
2026-05-14,SEC-001,18,3,0,0,5,Summer,0,0
2026-05-14,SEC-001,19,3,0,0,5,Summer,0,0
2026-05-14,SEC-001,20,3,0,0,5,Summer,2,2
2026-05-14,SEC-001,21,3,0,0,5,Summer,1,1
2026-05-14,SEC-001,22,3,0,0,5,Summer,3,3
2026-05-14,SEC-001,23,3,0,0,5,Summer,1,1
2026-05-14,SEC-002,0,3,0,0,5,Summer,2,2
2026-05-14,SEC-002,1,3,0,0,5,Summer,1,1
2026-05-14,SEC-002,2,3,0,0,5,Summer,4,4
2026-05-14,SEC-002,3,3,0,0,5,Summer,1,1
2026-05-14,SEC-002,4,3,0,0,5,Summer,2,2
2026-05-14,SEC-002,5,3,0,0,5,Summer,2,2
2026-05-14,SEC-002,6,3,0,0,5,Summer,1,1
2026-05-14,SEC-002,7,3,0,0,5,Summer,0,0
2026-05-14,SEC-002,8,3,0,0,5,Summer,0,0
2026-05-14,SEC-002,9,3,0,0,5,Summer,0,0
2026-05-14,SEC-002,10,3,0,0,5,Summer,1,1
2026-05-14,SEC-002,11,3,0,0,5,Summer,0,0
2026-05-14,SEC-002,12,3,0,0,5,Summer,1,1
2026-05-14,SEC-002,13,3,0,0,5,Summer,1,1
2026-05-14,SEC-002,14,3,0,0,5,Summer,0,0
2026-05-14,SEC-002,15,3,0,0,5,Summer,0,0
2026-05-14,SEC-002,16,3,0,0,5,Summer,0,0
2026-05-14,SEC-002,17,3,0,0,5,Summer,0,0
2026-05-14,SEC-002,18,3,0,0,5,Summer,0,0
2026-05-14,SEC-002,19,3,0,0,5,Summer,0,0
2026-05-14,SEC-002,20,3,0,0,5,Summer,0,0
2026-05-14,SEC-002,21,3,0,0,5,Summer,0,0
2026-05-14,SEC-002,22,3,0,0,5,Summer,2,2
2026-05-14,SEC-002,23,3,0,0,5,Summer,1,1
2026-05-14,SEC-003,0,3,0,0,5,Summer,2,2
2026-05-14,SEC-003,1,3,0,0,5,Summer,3,3
2026-05-14,SEC-003,2,3,0,0,5,Summer,0,0
2026-05-14,SEC-003,3,3,0,0,5,Summer,2,2
2026-05-14,SEC-003,4,3,0,0,5,Summer,5,5
2026-05-14,SEC-003,5,3,0,0,5,Summer,0,0
2026-05-14,SEC-003,6,3,0,0,5,Summer,1,1
2026-05-14,SEC-003,7,3,0,0,5,Summer,0,0
2026-05-14,SEC-003,8,3,0,0,5,Summer,0,0
2026-05-14,SEC-003,9,3,0,0,5,Summer,2,2
2026-05-14,SEC-003,10,3,0,0,5,Summer,1,1
2026-05-14,SEC-003,11,3,0,0,5,Summer,0,0
2026-05-14,SEC-003,12,3,0,0,5,Summer,0,0
2026-05-14,SEC-003,13,3,0,0,5,Summer,1,1
2026-05-14,SEC-003,14,3,0,0,5,Summer,0,0
2026-05-14,SEC-003,15,3,0,0,5,Summer,0,0
2026-05-14,SEC-003,16,3,0,0,5,Summer,0,0
2026-05-14,SEC-003,17,3,0,0,5,Summer,1,1
2026-05-14,SEC-003,18,3,0,0,5,Summer,1,1
2026-05-14,SEC-003,19,3,0,0,5,Summer,0,0
2026-05-14,SEC-003,20,3,0,0,5,Summer,0,0
2026-05-14,SEC-003,21,3,0,0,5,Summer,2,2
2026-05-14,SEC-003,22,3,0,0,5,Summer,4,4
2026-05-14,SEC-003,23,3,0,0,5,Summer,2,2
2026-05-14,SEC-004,0,3,0,0,5,Summer,4,4
2026-05-14,SEC-004,1,3,0,0,5,Summer,1,1
2026-05-14,SEC-004,2,3,0,0,5,Summer,4,4
2026-05-14,SEC-004,3,3,0,0,5,Summer,1,1
2026-05-14,SEC-004,4,3,0,0,5,Summer,1,1
2026-05-14,SEC-004,5,3,0,0,5,Summer,1,1
2026-05-14,SEC-004,6,3,0,0,5,Summer,0,0
2026-05-14,SEC-004,7,3,0,0,5,Summer,2,2
2026-05-14,SEC-004,8,3,0,0,5,Summer,1,1
2026-05-14,SEC-004,9,3,0,0,5,Summer,2,2
2026-05-14,SEC-004,10,3,0,0,5,Summer,2,2
2026-05-14,SEC-004,11,3,0,0,5,Summer,0,0
2026-05-14,SEC-004,12,3,0,0,5,Summer,1,1
2026-05-14,SEC-004,13,3,0,0,5,Summer,0,0
2026-05-14,SEC-004,14,3,0,0,5,Summer,1,1
2026-05-14,SEC-004,15,3,0,0,5,Summer,0,0
2026-05-14,SEC-004,16,3,0,0,5,Summer,0,0
2026-05-14,SEC-004,17,3,0,0,5,Summer,0,0
2026-05-14,SEC-004,18,3,0,0,5,Summer,0,0
2026-05-14,SEC-004,19,3,0,0,5,Summer,0,0
2026-05-14,SEC-004,20,3,0,0,5,Summer,0,0
2026-05-14,SEC-004,21,3,0,0,5,Summer,0,0
2026-05-14,SEC-004,22,3,0,0,5,Summer,4,4
2026-05-14,SEC-004,23,3,0,0,5,Summer,2,2
2026-05-14,SEC-005,0,3,0,0,5,Summer,0,0
2026-05-14,SEC-005,1,3,0,0,5,Summer,2,2
2026-05-14,SEC-005,2,3,0,0,5,Summer,1,1
2026-05-14,SEC-005,3,3,0,0,5,Summer,2,2
2026-05-14,SEC-005,4,3,0,0,5,Summer,0,0
2026-05-14,SEC-005,5,3,0,0,5,Summer,0,0
2026-05-14,SEC-005,6,3,0,0,5,Summer,0,0
2026-05-14,SEC-005,7,3,0,0,5,Summer,0,0
2026-05-14,SEC-005,8,3,0,0,5,Summer,0,0
2026-05-14,SEC-005,9,3,0,0,5,Summer,0,0
2026-05-14,SEC-005,10,3,0,0,5,Summer,2,2
2026-05-14,SEC-005,11,3,0,0,5,Summer,0,0
2026-05-14,SEC-005,12,3,0,0,5,Summer,0,0
2026-05-14,SEC-005,13,3,0,0,5,Summer,0,0
2026-05-14,SEC-005,14,3,0,0,5,Summer,1,1
2026-05-14,SEC-005,15,3,0,0,5,Summer,0,0
2026-05-14,SEC-005,16,3,0,0,5,Summer,0,0
2026-05-14,SEC-005,17,3,0,0,5,Summer,2,2
2026-05-14,SEC-005,18,3,0,0,5,Summer,1,1
2026-05-14,SEC-005,19,3,0,0,5,Summer,1,1
2026-05-14,SEC-005,20,3,0,0,5,Summer,0,0
2026-05-14,SEC-005,21,3,0,0,5,Summer,2,2
2026-05-14,SEC-005,22,3,0,0,5,Summer,4,4
2026-05-14,SEC-005,23,3,0,0,5,Summer,1,1
2026-05-14,SEC-006,0,3,0,0,5,Summer,1,1
2026-05-14,SEC-006,1,3,0,0,5,Summer,0,0
2026-05-14,SEC-006,2,3,0,0,5,Summer,1,1
2026-05-14,SEC-006,3,3,0,0,5,Summer,0,0
2026-05-14,SEC-006,4,3,0,0,5,Summer,0,0
2026-05-14,SEC-006,5,3,0,0,5,Summer,1,1
2026-05-14,SEC-006,6,3,0,0,5,Summer,0,0
2026-05-14,SEC-006,7,3,0,0,5,Summer,0,0
2026-05-14,SEC-006,8,3,0,0,5,Summer,1,1
2026-05-14,SEC-006,9,3,0,0,5,Summer,1,1
2026-05-14,SEC-006,10,3,0,0,5,Summer,0,0
2026-05-14,SEC-006,11,3,0,0,5,Summer,1,1
2026-05-14,SEC-006,12,3,0,0,5,Summer,0,0
2026-05-14,SEC-006,13,3,0,0,5,Summer,0,0
2026-05-14,SEC-006,14,3,0,0,5,Summer,2,2
2026-05-14,SEC-006,15,3,0,0,5,Summer,0,0
2026-05-14,SEC-006,16,3,0,0,5,Summer,1,1
2026-05-14,SEC-006,17,3,0,0,5,Summer,0,0
2026-05-14,SEC-006,18,3,0,0,5,Summer,0,0
2026-05-14,SEC-006,19,3,0,0,5,Summer,0,0
2026-05-14,SEC-006,20,3,0,0,5,Summer,2,2
2026-05-14,SEC-006,21,3,0,0,5,Summer,0,0
2026-05-14,SEC-006,22,3,0,0,5,Summer,3,3
2026-05-14,SEC-006,23,3,0,0,5,Summer,3,3
2026-05-15,SEC-001,0,4,0,0,5,Summer,1,1
2026-05-15,SEC-001,1,4,0,0,5,Summer,0,0
2026-05-15,SEC-001,2,4,0,0,5,Summer,2,2
2026-05-15,SEC-001,3,4,0,0,5,Summer,0,0
2026-05-15,SEC-001,4,4,0,0,5,Summer,1,1
2026-05-15,SEC-001,5,4,0,0,5,Summer,1,1
2026-05-15,SEC-001,6,4,0,0,5,Summer,0,0
2026-05-15,SEC-001,7,4,0,0,5,Summer,0,0
2026-05-15,SEC-001,8,4,0,0,5,Summer,2,2
2026-05-15,SEC-001,9,4,0,0,5,Summer,0,0
2026-05-15,SEC-001,10,4,0,0,5,Summer,0,0
2026-05-15,SEC-001,11,4,0,0,5,Summer,0,0
2026-05-15,SEC-001,12,4,0,0,5,Summer,0,0
2026-05-15,SEC-001,13,4,0,0,5,Summer,0,0
2026-05-15,SEC-001,14,4,0,0,5,Summer,2,2
2026-05-15,SEC-001,15,4,0,0,5,Summer,0,0
2026-05-15,SEC-001,16,4,0,0,5,Summer,0,0
2026-05-15,SEC-001,17,4,0,0,5,Summer,0,0
2026-05-15,SEC-001,18,4,0,0,5,Summer,2,2
2026-05-15,SEC-001,19,4,0,0,5,Summer,0,0
2026-05-15,SEC-001,20,4,0,0,5,Summer,1,1
2026-05-15,SEC-001,21,4,0,0,5,Summer,0,0
2026-05-15,SEC-001,22,4,0,0,5,Summer,2,2
2026-05-15,SEC-001,23,4,0,0,5,Summer,4,4
2026-05-15,SEC-002,0,4,0,0,5,Summer,4,4
2026-05-15,SEC-002,1,4,0,0,5,Summer,1,1
2026-05-15,SEC-002,2,4,0,0,5,Summer,2,2
2026-05-15,SEC-002,3,4,0,0,5,Summer,1,1
2026-05-15,SEC-002,4,4,0,0,5,Summer,2,2
2026-05-15,SEC-002,5,4,0,0,5,Summer,0,0
2026-05-15,SEC-002,6,4,0,0,5,Summer,1,1
2026-05-15,SEC-002,7,4,0,0,5,Summer,1,1
2026-05-15,SEC-002,8,4,0,0,5,Summer,0,0
2026-05-15,SEC-002,9,4,0,0,5,Summer,0,0
2026-05-15,SEC-002,10,4,0,0,5,Summer,0,0
2026-05-15,SEC-002,11,4,0,0,5,Summer,0,0
2026-05-15,SEC-002,12,4,0,0,5,Summer,0,0
2026-05-15,SEC-002,13,4,0,0,5,Summer,0,0
2026-05-15,SEC-002,14,4,0,0,5,Summer,1,1
2026-05-15,SEC-002,15,4,0,0,5,Summer,1,1
2026-05-15,SEC-002,16,4,0,0,5,Summer,3,3
2026-05-15,SEC-002,17,4,0,0,5,Summer,0,0
2026-05-15,SEC-002,18,4,0,0,5,Summer,0,0
2026-05-15,SEC-002,19,4,0,0,5,Summer,0,0
2026-05-15,SEC-002,20,4,0,0,5,Summer,0,0
2026-05-15,SEC-002,21,4,0,0,5,Summer,0,0
2026-05-15,SEC-002,22,4,0,0,5,Summer,2,2
2026-05-15,SEC-002,23,4,0,0,5,Summer,2,2
2026-05-15,SEC-003,0,4,0,0,5,Summer,3,3
2026-05-15,SEC-003,1,4,0,0,5,Summer,3,3
2026-05-15,SEC-003,2,4,0,0,5,Summer,3,3
2026-05-15,SEC-003,3,4,0,0,5,Summer,1,1
2026-05-15,SEC-003,4,4,0,0,5,Summer,3,3
2026-05-15,SEC-003,5,4,0,0,5,Summer,1,1
2026-05-15,SEC-003,6,4,0,0,5,Summer,1,1
2026-05-15,SEC-003,7,4,0,0,5,Summer,0,0
2026-05-15,SEC-003,8,4,0,0,5,Summer,0,0
2026-05-15,SEC-003,9,4,0,0,5,Summer,0,0
2026-05-15,SEC-003,10,4,0,0,5,Summer,0,0
2026-05-15,SEC-003,11,4,0,0,5,Summer,0,0
2026-05-15,SEC-003,12,4,0,0,5,Summer,1,1
2026-05-15,SEC-003,13,4,0,0,5,Summer,0,0
2026-05-15,SEC-003,14,4,0,0,5,Summer,0,0
2026-05-15,SEC-003,15,4,0,0,5,Summer,0,0
2026-05-15,SEC-003,16,4,0,0,5,Summer,0,0
2026-05-15,SEC-003,17,4,0,0,5,Summer,0,0
2026-05-15,SEC-003,18,4,0,0,5,Summer,1,1
2026-05-15,SEC-003,19,4,0,0,5,Summer,0,0
2026-05-15,SEC-003,20,4,0,0,5,Summer,0,0
2026-05-15,SEC-003,21,4,0,0,5,Summer,0,0
2026-05-15,SEC-003,22,4,0,0,5,Summer,3,3
2026-05-15,SEC-003,23,4,0,0,5,Summer,2,2
2026-05-15,SEC-004,0,4,0,0,5,Summer,1,1
2026-05-15,SEC-004,1,4,0,0,5,Summer,2,2
2026-05-15,SEC-004,2,4,0,0,5,Summer,3,3
2026-05-15,SEC-004,3,4,0,0,5,Summer,3,3
2026-05-15,SEC-004,4,4,0,0,5,Summer,3,3
2026-05-15,SEC-004,5,4,0,0,5,Summer,0,0
2026-05-15,SEC-004,6,4,0,0,5,Summer,0,0
2026-05-15,SEC-004,7,4,0,0,5,Summer,1,1
2026-05-15,SEC-004,8,4,0,0,5,Summer,1,1
2026-05-15,SEC-004,9,4,0,0,5,Summer,0,0
2026-05-15,SEC-004,10,4,0,0,5,Summer,0,0
2026-05-15,SEC-004,11,4,0,0,5,Summer,0,0
2026-05-15,SEC-004,12,4,0,0,5,Summer,0,0
2026-05-15,SEC-004,13,4,0,0,5,Summer,1,1
2026-05-15,SEC-004,14,4,0,0,5,Summer,0,0
2026-05-15,SEC-004,15,4,0,0,5,Summer,0,0
2026-05-15,SEC-004,16,4,0,0,5,Summer,0,0
2026-05-15,SEC-004,17,4,0,0,5,Summer,0,0
2026-05-15,SEC-004,18,4,0,0,5,Summer,1,1
2026-05-15,SEC-004,19,4,0,0,5,Summer,1,1
2026-05-15,SEC-004,20,4,0,0,5,Summer,0,0
2026-05-15,SEC-004,21,4,0,0,5,Summer,0,0
2026-05-15,SEC-004,22,4,0,0,5,Summer,1,1
2026-05-15,SEC-004,23,4,0,0,5,Summer,1,1
2026-05-15,SEC-005,0,4,0,0,5,Summer,1,1
2026-05-15,SEC-005,1,4,0,0,5,Summer,1,1
2026-05-15,SEC-005,2,4,0,0,5,Summer,1,1
2026-05-15,SEC-005,3,4,0,0,5,Summer,2,2
2026-05-15,SEC-005,4,4,0,0,5,Summer,0,0
2026-05-15,SEC-005,5,4,0,0,5,Summer,1,1
2026-05-15,SEC-005,6,4,0,0,5,Summer,2,2
2026-05-15,SEC-005,7,4,0,0,5,Summer,0,0
2026-05-15,SEC-005,8,4,0,0,5,Summer,0,0
2026-05-15,SEC-005,9,4,0,0,5,Summer,1,1
2026-05-15,SEC-005,10,4,0,0,5,Summer,1,1
2026-05-15,SEC-005,11,4,0,0,5,Summer,1,1
2026-05-15,SEC-005,12,4,0,0,5,Summer,1,1
2026-05-15,SEC-005,13,4,0,0,5,Summer,1,1
2026-05-15,SEC-005,14,4,0,0,5,Summer,0,0
2026-05-15,SEC-005,15,4,0,0,5,Summer,0,0
2026-05-15,SEC-005,16,4,0,0,5,Summer,0,0
2026-05-15,SEC-005,17,4,0,0,5,Summer,0,0
2026-05-15,SEC-005,18,4,0,0,5,Summer,1,1
2026-05-15,SEC-005,19,4,0,0,5,Summer,0,0
2026-05-15,SEC-005,20,4,0,0,5,Summer,0,0
2026-05-15,SEC-005,21,4,0,0,5,Summer,0,0
2026-05-15,SEC-005,22,4,0,0,5,Summer,0,0
2026-05-15,SEC-005,23,4,0,0,5,Summer,4,4
2026-05-15,SEC-006,0,4,0,0,5,Summer,3,3
2026-05-15,SEC-006,1,4,0,0,5,Summer,1,1
2026-05-15,SEC-006,2,4,0,0,5,Summer,1,1
2026-05-15,SEC-006,3,4,0,0,5,Summer,3,3
2026-05-15,SEC-006,4,4,0,0,5,Summer,4,4
2026-05-15,SEC-006,5,4,0,0,5,Summer,1,1
2026-05-15,SEC-006,6,4,0,0,5,Summer,0,0
2026-05-15,SEC-006,7,4,0,0,5,Summer,1,1
2026-05-15,SEC-006,8,4,0,0,5,Summer,1,1
2026-05-15,SEC-006,9,4,0,0,5,Summer,0,0
2026-05-15,SEC-006,10,4,0,0,5,Summer,0,0
2026-05-15,SEC-006,11,4,0,0,5,Summer,0,0
2026-05-15,SEC-006,12,4,0,0,5,Summer,0,0
2026-05-15,SEC-006,13,4,0,0,5,Summer,0,0
2026-05-15,SEC-006,14,4,0,0,5,Summer,0,0
2026-05-15,SEC-006,15,4,0,0,5,Summer,1,1
2026-05-15,SEC-006,16,4,0,0,5,Summer,0,0
2026-05-15,SEC-006,17,4,0,0,5,Summer,0,0
2026-05-15,SEC-006,18,4,0,0,5,Summer,0,0
2026-05-15,SEC-006,19,4,0,0,5,Summer,1,1
2026-05-15,SEC-006,20,4,0,0,5,Summer,0,0
2026-05-15,SEC-006,21,4,0,0,5,Summer,0,0
2026-05-15,SEC-006,22,4,0,0,5,Summer,1,1
2026-05-15,SEC-006,23,4,0,0,5,Summer,2,2
2026-05-16,SEC-001,0,5,1,0,5,Summer,1,1
2026-05-16,SEC-001,1,5,1,0,5,Summer,2,2
2026-05-16,SEC-001,2,5,1,0,5,Summer,1,1
2026-05-16,SEC-001,3,5,1,0,5,Summer,5,5
2026-05-16,SEC-001,4,5,1,0,5,Summer,0,0
2026-05-16,SEC-001,5,5,1,0,5,Summer,0,0
2026-05-16,SEC-001,6,5,1,0,5,Summer,0,0
2026-05-16,SEC-001,7,5,1,0,5,Summer,0,0
2026-05-16,SEC-001,8,5,1,0,5,Summer,0,0
2026-05-16,SEC-001,9,5,1,0,5,Summer,0,0
2026-05-16,SEC-001,10,5,1,0,5,Summer,1,1
2026-05-16,SEC-001,11,5,1,0,5,Summer,0,0
2026-05-16,SEC-001,12,5,1,0,5,Summer,1,1
2026-05-16,SEC-001,13,5,1,0,5,Summer,0,0
2026-05-16,SEC-001,14,5,1,0,5,Summer,0,0
2026-05-16,SEC-001,15,5,1,0,5,Summer,1,1
2026-05-16,SEC-001,16,5,1,0,5,Summer,1,1
2026-05-16,SEC-001,17,5,1,0,5,Summer,1,1
2026-05-16,SEC-001,18,5,1,0,5,Summer,1,1
2026-05-16,SEC-001,19,5,1,0,5,Summer,0,0
2026-05-16,SEC-001,20,5,1,0,5,Summer,0,0
2026-05-16,SEC-001,21,5,1,0,5,Summer,0,0
2026-05-16,SEC-001,22,5,1,0,5,Summer,2,2
2026-05-16,SEC-001,23,5,1,0,5,Summer,2,2
2026-05-16,SEC-002,0,5,1,0,5,Summer,2,2
2026-05-16,SEC-002,1,5,1,0,5,Summer,0,0
2026-05-16,SEC-002,2,5,1,0,5,Summer,3,3
2026-05-16,SEC-002,3,5,1,0,5,Summer,2,2
2026-05-16,SEC-002,4,5,1,0,5,Summer,1,1
2026-05-16,SEC-002,5,5,1,0,5,Summer,1,1
2026-05-16,SEC-002,6,5,1,0,5,Summer,0,0
2026-05-16,SEC-002,7,5,1,0,5,Summer,0,0
2026-05-16,SEC-002,8,5,1,0,5,Summer,1,1
2026-05-16,SEC-002,9,5,1,0,5,Summer,0,0
2026-05-16,SEC-002,10,5,1,0,5,Summer,0,0
2026-05-16,SEC-002,11,5,1,0,5,Summer,0,0
2026-05-16,SEC-002,12,5,1,0,5,Summer,0,0
2026-05-16,SEC-002,13,5,1,0,5,Summer,0,0
2026-05-16,SEC-002,14,5,1,0,5,Summer,1,1
2026-05-16,SEC-002,15,5,1,0,5,Summer,2,2
2026-05-16,SEC-002,16,5,1,0,5,Summer,0,0
2026-05-16,SEC-002,17,5,1,0,5,Summer,0,0
2026-05-16,SEC-002,18,5,1,0,5,Summer,0,0
2026-05-16,SEC-002,19,5,1,0,5,Summer,0,0
2026-05-16,SEC-002,20,5,1,0,5,Summer,0,0
2026-05-16,SEC-002,21,5,1,0,5,Summer,1,1
2026-05-16,SEC-002,22,5,1,0,5,Summer,0,0
2026-05-16,SEC-002,23,5,1,0,5,Summer,2,2
2026-05-16,SEC-003,0,5,1,0,5,Summer,1,1
2026-05-16,SEC-003,1,5,1,0,5,Summer,3,3
2026-05-16,SEC-003,2,5,1,0,5,Summer,1,1
2026-05-16,SEC-003,3,5,1,0,5,Summer,1,1
2026-05-16,SEC-003,4,5,1,0,5,Summer,0,0
2026-05-16,SEC-003,5,5,1,0,5,Summer,0,0
2026-05-16,SEC-003,6,5,1,0,5,Summer,0,0
2026-05-16,SEC-003,7,5,1,0,5,Summer,0,0
2026-05-16,SEC-003,8,5,1,0,5,Summer,0,0
2026-05-16,SEC-003,9,5,1,0,5,Summer,0,0
2026-05-16,SEC-003,10,5,1,0,5,Summer,1,1
2026-05-16,SEC-003,11,5,1,0,5,Summer,0,0
2026-05-16,SEC-003,12,5,1,0,5,Summer,0,0
2026-05-16,SEC-003,13,5,1,0,5,Summer,1,1
2026-05-16,SEC-003,14,5,1,0,5,Summer,0,0
2026-05-16,SEC-003,15,5,1,0,5,Summer,1,1
2026-05-16,SEC-003,16,5,1,0,5,Summer,1,1
2026-05-16,SEC-003,17,5,1,0,5,Summer,0,0
2026-05-16,SEC-003,18,5,1,0,5,Summer,0,0
2026-05-16,SEC-003,19,5,1,0,5,Summer,1,1
2026-05-16,SEC-003,20,5,1,0,5,Summer,0,0
2026-05-16,SEC-003,21,5,1,0,5,Summer,1,1
2026-05-16,SEC-003,22,5,1,0,5,Summer,2,2
2026-05-16,SEC-003,23,5,1,0,5,Summer,2,2
2026-05-16,SEC-004,0,5,1,0,5,Summer,2,2
2026-05-16,SEC-004,1,5,1,0,5,Summer,3,3
2026-05-16,SEC-004,2,5,1,0,5,Summer,1,1
2026-05-16,SEC-004,3,5,1,0,5,Summer,0,0
2026-05-16,SEC-004,4,5,1,0,5,Summer,1,1
2026-05-16,SEC-004,5,5,1,0,5,Summer,1,1
2026-05-16,SEC-004,6,5,1,0,5,Summer,0,0
2026-05-16,SEC-004,7,5,1,0,5,Summer,1,1
2026-05-16,SEC-004,8,5,1,0,5,Summer,1,1
2026-05-16,SEC-004,9,5,1,0,5,Summer,0,0
2026-05-16,SEC-004,10,5,1,0,5,Summer,0,0
2026-05-16,SEC-004,11,5,1,0,5,Summer,1,1
2026-05-16,SEC-004,12,5,1,0,5,Summer,0,0
2026-05-16,SEC-004,13,5,1,0,5,Summer,0,0
2026-05-16,SEC-004,14,5,1,0,5,Summer,0,0
2026-05-16,SEC-004,15,5,1,0,5,Summer,0,0
2026-05-16,SEC-004,16,5,1,0,5,Summer,0,0
2026-05-16,SEC-004,17,5,1,0,5,Summer,0,0
2026-05-16,SEC-004,18,5,1,0,5,Summer,0,0
2026-05-16,SEC-004,19,5,1,0,5,Summer,0,0
2026-05-16,SEC-004,20,5,1,0,5,Summer,0,0
2026-05-16,SEC-004,21,5,1,0,5,Summer,0,0
2026-05-16,SEC-004,22,5,1,0,5,Summer,2,2
2026-05-16,SEC-004,23,5,1,0,5,Summer,2,2
2026-05-16,SEC-005,0,5,1,0,5,Summer,1,1
2026-05-16,SEC-005,1,5,1,0,5,Summer,0,0
2026-05-16,SEC-005,2,5,1,0,5,Summer,2,2
2026-05-16,SEC-005,3,5,1,0,5,Summer,1,1
2026-05-16,SEC-005,4,5,1,0,5,Summer,2,2
2026-05-16,SEC-005,5,5,1,0,5,Summer,1,1
2026-05-16,SEC-005,6,5,1,0,5,Summer,0,0
2026-05-16,SEC-005,7,5,1,0,5,Summer,0,0
2026-05-16,SEC-005,8,5,1,0,5,Summer,1,1
2026-05-16,SEC-005,9,5,1,0,5,Summer,1,1
2026-05-16,SEC-005,10,5,1,0,5,Summer,0,0
2026-05-16,SEC-005,11,5,1,0,5,Summer,0,0
2026-05-16,SEC-005,12,5,1,0,5,Summer,1,1
2026-05-16,SEC-005,13,5,1,0,5,Summer,0,0
2026-05-16,SEC-005,14,5,1,0,5,Summer,0,0
2026-05-16,SEC-005,15,5,1,0,5,Summer,0,0
2026-05-16,SEC-005,16,5,1,0,5,Summer,0,0
2026-05-16,SEC-005,17,5,1,0,5,Summer,2,2
2026-05-16,SEC-005,18,5,1,0,5,Summer,1,1
2026-05-16,SEC-005,19,5,1,0,5,Summer,0,0
2026-05-16,SEC-005,20,5,1,0,5,Summer,0,0
2026-05-16,SEC-005,21,5,1,0,5,Summer,1,1
2026-05-16,SEC-005,22,5,1,0,5,Summer,0,0
2026-05-16,SEC-005,23,5,1,0,5,Summer,3,3
2026-05-16,SEC-006,0,5,1,0,5,Summer,4,4
2026-05-16,SEC-006,1,5,1,0,5,Summer,1,1
2026-05-16,SEC-006,2,5,1,0,5,Summer,2,2
2026-05-16,SEC-006,3,5,1,0,5,Summer,3,3
2026-05-16,SEC-006,4,5,1,0,5,Summer,1,1
2026-05-16,SEC-006,5,5,1,0,5,Summer,1,1
2026-05-16,SEC-006,6,5,1,0,5,Summer,0,0
2026-05-16,SEC-006,7,5,1,0,5,Summer,0,0
2026-05-16,SEC-006,8,5,1,0,5,Summer,1,1
2026-05-16,SEC-006,9,5,1,0,5,Summer,0,0
2026-05-16,SEC-006,10,5,1,0,5,Summer,0,0
2026-05-16,SEC-006,11,5,1,0,5,Summer,0,0
2026-05-16,SEC-006,12,5,1,0,5,Summer,1,1
2026-05-16,SEC-006,13,5,1,0,5,Summer,1,1
2026-05-16,SEC-006,14,5,1,0,5,Summer,0,0
2026-05-16,SEC-006,15,5,1,0,5,Summer,1,1
2026-05-16,SEC-006,16,5,1,0,5,Summer,0,0
2026-05-16,SEC-006,17,5,1,0,5,Summer,0,0
2026-05-16,SEC-006,18,5,1,0,5,Summer,0,0
2026-05-16,SEC-006,19,5,1,0,5,Summer,0,0
2026-05-16,SEC-006,20,5,1,0,5,Summer,0,0
2026-05-16,SEC-006,21,5,1,0,5,Summer,0,0
2026-05-16,SEC-006,22,5,1,0,5,Summer,3,3
2026-05-16,SEC-006,23,5,1,0,5,Summer,2,2
2026-05-17,SEC-001,0,6,1,0,5,Summer,2,2
2026-05-17,SEC-001,1,6,1,0,5,Summer,3,3
2026-05-17,SEC-001,2,6,1,0,5,Summer,2,2
2026-05-17,SEC-001,3,6,1,0,5,Summer,3,3
2026-05-17,SEC-001,4,6,1,0,5,Summer,2,2
2026-05-17,SEC-001,5,6,1,0,5,Summer,0,0
2026-05-17,SEC-001,6,6,1,0,5,Summer,0,0
2026-05-17,SEC-001,7,6,1,0,5,Summer,1,1
2026-05-17,SEC-001,8,6,1,0,5,Summer,0,0
2026-05-17,SEC-001,9,6,1,0,5,Summer,0,0
2026-05-17,SEC-001,10,6,1,0,5,Summer,1,1
2026-05-17,SEC-001,11,6,1,0,5,Summer,0,0
2026-05-17,SEC-001,12,6,1,0,5,Summer,1,1
2026-05-17,SEC-001,13,6,1,0,5,Summer,1,1
2026-05-17,SEC-001,14,6,1,0,5,Summer,0,0
2026-05-17,SEC-001,15,6,1,0,5,Summer,0,0
2026-05-17,SEC-001,16,6,1,0,5,Summer,2,2
2026-05-17,SEC-001,17,6,1,0,5,Summer,0,0
2026-05-17,SEC-001,18,6,1,0,5,Summer,0,0
2026-05-17,SEC-001,19,6,1,0,5,Summer,1,1
2026-05-17,SEC-001,20,6,1,0,5,Summer,1,1
2026-05-17,SEC-001,21,6,1,0,5,Summer,0,0
2026-05-17,SEC-001,22,6,1,0,5,Summer,3,3
2026-05-17,SEC-001,23,6,1,0,5,Summer,1,1
2026-05-17,SEC-002,0,6,1,0,5,Summer,2,2
2026-05-17,SEC-002,1,6,1,0,5,Summer,3,3
2026-05-17,SEC-002,2,6,1,0,5,Summer,2,2
2026-05-17,SEC-002,3,6,1,0,5,Summer,6,6
2026-05-17,SEC-002,4,6,1,0,5,Summer,2,2
2026-05-17,SEC-002,5,6,1,0,5,Summer,0,0
2026-05-17,SEC-002,6,6,1,0,5,Summer,0,0
2026-05-17,SEC-002,7,6,1,0,5,Summer,0,0
2026-05-17,SEC-002,8,6,1,0,5,Summer,1,1
2026-05-17,SEC-002,9,6,1,0,5,Summer,1,1
2026-05-17,SEC-002,10,6,1,0,5,Summer,1,1
2026-05-17,SEC-002,11,6,1,0,5,Summer,0,0
2026-05-17,SEC-002,12,6,1,0,5,Summer,0,0
2026-05-17,SEC-002,13,6,1,0,5,Summer,0,0
2026-05-17,SEC-002,14,6,1,0,5,Summer,1,1
2026-05-17,SEC-002,15,6,1,0,5,Summer,0,0
2026-05-17,SEC-002,16,6,1,0,5,Summer,1,1
2026-05-17,SEC-002,17,6,1,0,5,Summer,0,0
2026-05-17,SEC-002,18,6,1,0,5,Summer,0,0
2026-05-17,SEC-002,19,6,1,0,5,Summer,0,0
2026-05-17,SEC-002,20,6,1,0,5,Summer,1,1
2026-05-17,SEC-002,21,6,1,0,5,Summer,0,0
2026-05-17,SEC-002,22,6,1,0,5,Summer,0,0
2026-05-17,SEC-002,23,6,1,0,5,Summer,2,2
2026-05-17,SEC-003,0,6,1,0,5,Summer,2,2
2026-05-17,SEC-003,1,6,1,0,5,Summer,5,5
2026-05-17,SEC-003,2,6,1,0,5,Summer,1,1
2026-05-17,SEC-003,3,6,1,0,5,Summer,1,1
2026-05-17,SEC-003,4,6,1,0,5,Summer,3,3
2026-05-17,SEC-003,5,6,1,0,5,Summer,0,0
2026-05-17,SEC-003,6,6,1,0,5,Summer,0,0
2026-05-17,SEC-003,7,6,1,0,5,Summer,0,0
2026-05-17,SEC-003,8,6,1,0,5,Summer,0,0
2026-05-17,SEC-003,9,6,1,0,5,Summer,0,0
2026-05-17,SEC-003,10,6,1,0,5,Summer,0,0
2026-05-17,SEC-003,11,6,1,0,5,Summer,0,0
2026-05-17,SEC-003,12,6,1,0,5,Summer,0,0
2026-05-17,SEC-003,13,6,1,0,5,Summer,0,0
2026-05-17,SEC-003,14,6,1,0,5,Summer,0,0
2026-05-17,SEC-003,15,6,1,0,5,Summer,0,0
2026-05-17,SEC-003,16,6,1,0,5,Summer,1,1
2026-05-17,SEC-003,17,6,1,0,5,Summer,0,0
2026-05-17,SEC-003,18,6,1,0,5,Summer,1,1
2026-05-17,SEC-003,19,6,1,0,5,Summer,0,0
2026-05-17,SEC-003,20,6,1,0,5,Summer,1,1
2026-05-17,SEC-003,21,6,1,0,5,Summer,0,0
2026-05-17,SEC-003,22,6,1,0,5,Summer,6,6
2026-05-17,SEC-003,23,6,1,0,5,Summer,2,2
2026-05-17,SEC-004,0,6,1,0,5,Summer,7,7
2026-05-17,SEC-004,1,6,1,0,5,Summer,4,4
2026-05-17,SEC-004,2,6,1,0,5,Summer,2,2
2026-05-17,SEC-004,3,6,1,0,5,Summer,0,0
2026-05-17,SEC-004,4,6,1,0,5,Summer,1,1
2026-05-17,SEC-004,5,6,1,0,5,Summer,1,1
2026-05-17,SEC-004,6,6,1,0,5,Summer,0,0
2026-05-17,SEC-004,7,6,1,0,5,Summer,0,0
2026-05-17,SEC-004,8,6,1,0,5,Summer,0,0
2026-05-17,SEC-004,9,6,1,0,5,Summer,0,0
2026-05-17,SEC-004,10,6,1,0,5,Summer,0,0
2026-05-17,SEC-004,11,6,1,0,5,Summer,0,0
2026-05-17,SEC-004,12,6,1,0,5,Summer,0,0
2026-05-17,SEC-004,13,6,1,0,5,Summer,1,1
2026-05-17,SEC-004,14,6,1,0,5,Summer,1,1
2026-05-17,SEC-004,15,6,1,0,5,Summer,0,0
2026-05-17,SEC-004,16,6,1,0,5,Summer,0,0
2026-05-17,SEC-004,17,6,1,0,5,Summer,0,0
2026-05-17,SEC-004,18,6,1,0,5,Summer,0,0
2026-05-17,SEC-004,19,6,1,0,5,Summer,0,0
2026-05-17,SEC-004,20,6,1,0,5,Summer,1,1
2026-05-17,SEC-004,21,6,1,0,5,Summer,3,3
2026-05-17,SEC-004,22,6,1,0,5,Summer,3,3
2026-05-17,SEC-004,23,6,1,0,5,Summer,0,0
2026-05-17,SEC-005,0,6,1,0,5,Summer,1,1
2026-05-17,SEC-005,1,6,1,0,5,Summer,4,4
2026-05-17,SEC-005,2,6,1,0,5,Summer,0,0
2026-05-17,SEC-005,3,6,1,0,5,Summer,1,1
2026-05-17,SEC-005,4,6,1,0,5,Summer,3,3
2026-05-17,SEC-005,5,6,1,0,5,Summer,1,1
2026-05-17,SEC-005,6,6,1,0,5,Summer,0,0
2026-05-17,SEC-005,7,6,1,0,5,Summer,0,0
2026-05-17,SEC-005,8,6,1,0,5,Summer,1,1
2026-05-17,SEC-005,9,6,1,0,5,Summer,1,1
2026-05-17,SEC-005,10,6,1,0,5,Summer,0,0
2026-05-17,SEC-005,11,6,1,0,5,Summer,0,0
2026-05-17,SEC-005,12,6,1,0,5,Summer,0,0
2026-05-17,SEC-005,13,6,1,0,5,Summer,0,0
2026-05-17,SEC-005,14,6,1,0,5,Summer,0,0
2026-05-17,SEC-005,15,6,1,0,5,Summer,0,0
2026-05-17,SEC-005,16,6,1,0,5,Summer,1,1
2026-05-17,SEC-005,17,6,1,0,5,Summer,0,0
2026-05-17,SEC-005,18,6,1,0,5,Summer,1,1
2026-05-17,SEC-005,19,6,1,0,5,Summer,0,0
2026-05-17,SEC-005,20,6,1,0,5,Summer,0,0
2026-05-17,SEC-005,21,6,1,0,5,Summer,0,0
2026-05-17,SEC-005,22,6,1,0,5,Summer,1,1
2026-05-17,SEC-005,23,6,1,0,5,Summer,1,1
2026-05-17,SEC-006,0,6,1,0,5,Summer,1,1
2026-05-17,SEC-006,1,6,1,0,5,Summer,3,3
2026-05-17,SEC-006,2,6,1,0,5,Summer,3,3
2026-05-17,SEC-006,3,6,1,0,5,Summer,0,0
2026-05-17,SEC-006,4,6,1,0,5,Summer,0,0
2026-05-17,SEC-006,5,6,1,0,5,Summer,2,2
2026-05-17,SEC-006,6,6,1,0,5,Summer,0,0
2026-05-17,SEC-006,7,6,1,0,5,Summer,1,1
2026-05-17,SEC-006,8,6,1,0,5,Summer,0,0
2026-05-17,SEC-006,9,6,1,0,5,Summer,0,0
2026-05-17,SEC-006,10,6,1,0,5,Summer,0,0
2026-05-17,SEC-006,11,6,1,0,5,Summer,1,1
2026-05-17,SEC-006,12,6,1,0,5,Summer,1,1
2026-05-17,SEC-006,13,6,1,0,5,Summer,1,1
2026-05-17,SEC-006,14,6,1,0,5,Summer,1,1
2026-05-17,SEC-006,15,6,1,0,5,Summer,0,0
2026-05-17,SEC-006,16,6,1,0,5,Summer,0,0
2026-05-17,SEC-006,17,6,1,0,5,Summer,1,1
2026-05-17,SEC-006,18,6,1,0,5,Summer,1,1
2026-05-17,SEC-006,19,6,1,0,5,Summer,0,0
2026-05-17,SEC-006,20,6,1,0,5,Summer,1,1
2026-05-17,SEC-006,21,6,1,0,5,Summer,0,0
2026-05-17,SEC-006,22,6,1,0,5,Summer,4,4
2026-05-17,SEC-006,23,6,1,0,5,Summer,1,1
2026-05-18,SEC-001,0,0,0,0,5,Summer,1,1
2026-05-18,SEC-001,1,0,0,0,5,Summer,1,1
2026-05-18,SEC-001,2,0,0,0,5,Summer,2,2
2026-05-18,SEC-001,3,0,0,0,5,Summer,1,1
2026-05-18,SEC-001,4,0,0,0,5,Summer,3,3
2026-05-18,SEC-001,5,0,0,0,5,Summer,0,0
2026-05-18,SEC-001,6,0,0,0,5,Summer,0,0
2026-05-18,SEC-001,7,0,0,0,5,Summer,0,0
2026-05-18,SEC-001,8,0,0,0,5,Summer,3,3
2026-05-18,SEC-001,9,0,0,0,5,Summer,2,2
2026-05-18,SEC-001,10,0,0,0,5,Summer,1,1
2026-05-18,SEC-001,11,0,0,0,5,Summer,1,1
2026-05-18,SEC-001,12,0,0,0,5,Summer,2,2
2026-05-18,SEC-001,13,0,0,0,5,Summer,2,2
2026-05-18,SEC-001,14,0,0,0,5,Summer,0,0
2026-05-18,SEC-001,15,0,0,0,5,Summer,0,0
2026-05-18,SEC-001,16,0,0,0,5,Summer,1,1
2026-05-18,SEC-001,17,0,0,0,5,Summer,0,0
2026-05-18,SEC-001,18,0,0,0,5,Summer,0,0
2026-05-18,SEC-001,19,0,0,0,5,Summer,2,2
2026-05-18,SEC-001,20,0,0,0,5,Summer,0,0
2026-05-18,SEC-001,21,0,0,0,5,Summer,1,1
2026-05-18,SEC-001,22,0,0,0,5,Summer,0,0
2026-05-18,SEC-001,23,0,0,0,5,Summer,2,2
2026-05-18,SEC-002,0,0,0,0,5,Summer,3,3
2026-05-18,SEC-002,1,0,0,0,5,Summer,3,3
2026-05-18,SEC-002,2,0,0,0,5,Summer,4,4
2026-05-18,SEC-002,3,0,0,0,5,Summer,0,0
2026-05-18,SEC-002,4,0,0,0,5,Summer,1,1
2026-05-18,SEC-002,5,0,0,0,5,Summer,0,0
2026-05-18,SEC-002,6,0,0,0,5,Summer,0,0
2026-05-18,SEC-002,7,0,0,0,5,Summer,2,2
2026-05-18,SEC-002,8,0,0,0,5,Summer,2,2
2026-05-18,SEC-002,9,0,0,0,5,Summer,0,0
2026-05-18,SEC-002,10,0,0,0,5,Summer,0,0
2026-05-18,SEC-002,11,0,0,0,5,Summer,1,1
2026-05-18,SEC-002,12,0,0,0,5,Summer,0,0
2026-05-18,SEC-002,13,0,0,0,5,Summer,1,1
2026-05-18,SEC-002,14,0,0,0,5,Summer,0,0
2026-05-18,SEC-002,15,0,0,0,5,Summer,1,1
2026-05-18,SEC-002,16,0,0,0,5,Summer,0,0
2026-05-18,SEC-002,17,0,0,0,5,Summer,0,0
2026-05-18,SEC-002,18,0,0,0,5,Summer,1,1
2026-05-18,SEC-002,19,0,0,0,5,Summer,0,0
2026-05-18,SEC-002,20,0,0,0,5,Summer,0,0
2026-05-18,SEC-002,21,0,0,0,5,Summer,0,0
2026-05-18,SEC-002,22,0,0,0,5,Summer,1,1
2026-05-18,SEC-002,23,0,0,0,5,Summer,1,1
2026-05-18,SEC-003,0,0,0,0,5,Summer,3,3
2026-05-18,SEC-003,1,0,0,0,5,Summer,4,4
2026-05-18,SEC-003,2,0,0,0,5,Summer,2,2
2026-05-18,SEC-003,3,0,0,0,5,Summer,1,1
2026-05-18,SEC-003,4,0,0,0,5,Summer,5,5
2026-05-18,SEC-003,5,0,0,0,5,Summer,1,1
2026-05-18,SEC-003,6,0,0,0,5,Summer,0,0
2026-05-18,SEC-003,7,0,0,0,5,Summer,3,3
2026-05-18,SEC-003,8,0,0,0,5,Summer,0,0
2026-05-18,SEC-003,9,0,0,0,5,Summer,0,0
2026-05-18,SEC-003,10,0,0,0,5,Summer,0,0
2026-05-18,SEC-003,11,0,0,0,5,Summer,0,0
2026-05-18,SEC-003,12,0,0,0,5,Summer,0,0
2026-05-18,SEC-003,13,0,0,0,5,Summer,0,0
2026-05-18,SEC-003,14,0,0,0,5,Summer,1,1
2026-05-18,SEC-003,15,0,0,0,5,Summer,0,0
2026-05-18,SEC-003,16,0,0,0,5,Summer,0,0
2026-05-18,SEC-003,17,0,0,0,5,Summer,1,1
2026-05-18,SEC-003,18,0,0,0,5,Summer,0,0
2026-05-18,SEC-003,19,0,0,0,5,Summer,0,0
2026-05-18,SEC-003,20,0,0,0,5,Summer,0,0
2026-05-18,SEC-003,21,0,0,0,5,Summer,0,0
2026-05-18,SEC-003,22,0,0,0,5,Summer,2,2
2026-05-18,SEC-003,23,0,0,0,5,Summer,2,2
2026-05-18,SEC-004,0,0,0,0,5,Summer,2,2
2026-05-18,SEC-004,1,0,0,0,5,Summer,0,0
2026-05-18,SEC-004,2,0,0,0,5,Summer,0,0
2026-05-18,SEC-004,3,0,0,0,5,Summer,0,0
2026-05-18,SEC-004,4,0,0,0,5,Summer,2,2
2026-05-18,SEC-004,5,0,0,0,5,Summer,1,1
2026-05-18,SEC-004,6,0,0,0,5,Summer,0,0
2026-05-18,SEC-004,7,0,0,0,5,Summer,0,0
2026-05-18,SEC-004,8,0,0,0,5,Summer,0,0
2026-05-18,SEC-004,9,0,0,0,5,Summer,0,0
2026-05-18,SEC-004,10,0,0,0,5,Summer,0,0
2026-05-18,SEC-004,11,0,0,0,5,Summer,1,1
2026-05-18,SEC-004,12,0,0,0,5,Summer,0,0
2026-05-18,SEC-004,13,0,0,0,5,Summer,1,1
2026-05-18,SEC-004,14,0,0,0,5,Summer,0,0
2026-05-18,SEC-004,15,0,0,0,5,Summer,0,0
2026-05-18,SEC-004,16,0,0,0,5,Summer,0,0
2026-05-18,SEC-004,17,0,0,0,5,Summer,0,0
2026-05-18,SEC-004,18,0,0,0,5,Summer,0,0
2026-05-18,SEC-004,19,0,0,0,5,Summer,0,0
2026-05-18,SEC-004,20,0,0,0,5,Summer,0,0
2026-05-18,SEC-004,21,0,0,0,5,Summer,1,1
2026-05-18,SEC-004,22,0,0,0,5,Summer,2,2
2026-05-18,SEC-004,23,0,0,0,5,Summer,1,1
2026-05-18,SEC-005,0,0,0,0,5,Summer,3,3
2026-05-18,SEC-005,1,0,0,0,5,Summer,2,2
2026-05-18,SEC-005,2,0,0,0,5,Summer,1,1
2026-05-18,SEC-005,3,0,0,0,5,Summer,4,4
2026-05-18,SEC-005,4,0,0,0,5,Summer,3,3
2026-05-18,SEC-005,5,0,0,0,5,Summer,1,1
2026-05-18,SEC-005,6,0,0,0,5,Summer,0,0
2026-05-18,SEC-005,7,0,0,0,5,Summer,0,0
2026-05-18,SEC-005,8,0,0,0,5,Summer,0,0
2026-05-18,SEC-005,9,0,0,0,5,Summer,1,1
2026-05-18,SEC-005,10,0,0,0,5,Summer,0,0
2026-05-18,SEC-005,11,0,0,0,5,Summer,2,2
2026-05-18,SEC-005,12,0,0,0,5,Summer,1,1
2026-05-18,SEC-005,13,0,0,0,5,Summer,2,2
2026-05-18,SEC-005,14,0,0,0,5,Summer,0,0
2026-05-18,SEC-005,15,0,0,0,5,Summer,0,0
2026-05-18,SEC-005,16,0,0,0,5,Summer,1,1
2026-05-18,SEC-005,17,0,0,0,5,Summer,0,0
2026-05-18,SEC-005,18,0,0,0,5,Summer,1,1
2026-05-18,SEC-005,19,0,0,0,5,Summer,0,0
2026-05-18,SEC-005,20,0,0,0,5,Summer,0,0
2026-05-18,SEC-005,21,0,0,0,5,Summer,2,2
2026-05-18,SEC-005,22,0,0,0,5,Summer,1,1
2026-05-18,SEC-005,23,0,0,0,5,Summer,0,0
2026-05-18,SEC-006,0,0,0,0,5,Summer,0,0
2026-05-18,SEC-006,1,0,0,0,5,Summer,5,5
2026-05-18,SEC-006,2,0,0,0,5,Summer,5,5
2026-05-18,SEC-006,3,0,0,0,5,Summer,0,0
2026-05-18,SEC-006,4,0,0,0,5,Summer,1,1
2026-05-18,SEC-006,5,0,0,0,5,Summer,3,3
2026-05-18,SEC-006,6,0,0,0,5,Summer,0,0
2026-05-18,SEC-006,7,0,0,0,5,Summer,3,3
2026-05-18,SEC-006,8,0,0,0,5,Summer,0,0
2026-05-18,SEC-006,9,0,0,0,5,Summer,1,1
2026-05-18,SEC-006,10,0,0,0,5,Summer,0,0
2026-05-18,SEC-006,11,0,0,0,5,Summer,0,0
2026-05-18,SEC-006,12,0,0,0,5,Summer,0,0
2026-05-18,SEC-006,13,0,0,0,5,Summer,1,1
2026-05-18,SEC-006,14,0,0,0,5,Summer,0,0
2026-05-18,SEC-006,15,0,0,0,5,Summer,2,2
2026-05-18,SEC-006,16,0,0,0,5,Summer,0,0
2026-05-18,SEC-006,17,0,0,0,5,Summer,0,0
2026-05-18,SEC-006,18,0,0,0,5,Summer,2,2
2026-05-18,SEC-006,19,0,0,0,5,Summer,0,0
2026-05-18,SEC-006,20,0,0,0,5,Summer,0,0
2026-05-18,SEC-006,21,0,0,0,5,Summer,1,1
2026-05-18,SEC-006,22,0,0,0,5,Summer,1,1
2026-05-18,SEC-006,23,0,0,0,5,Summer,1,1
2026-05-19,SEC-001,0,1,0,0,5,Summer,1,1
2026-05-19,SEC-001,1,1,0,0,5,Summer,1,1
2026-05-19,SEC-001,2,1,0,0,5,Summer,2,2
2026-05-19,SEC-001,3,1,0,0,5,Summer,3,3
2026-05-19,SEC-001,4,1,0,0,5,Summer,2,2
2026-05-19,SEC-001,5,1,0,0,5,Summer,0,0
2026-05-19,SEC-001,6,1,0,0,5,Summer,0,0
2026-05-19,SEC-001,7,1,0,0,5,Summer,0,0
2026-05-19,SEC-001,8,1,0,0,5,Summer,0,0
2026-05-19,SEC-001,9,1,0,0,5,Summer,1,1
2026-05-19,SEC-001,10,1,0,0,5,Summer,0,0
2026-05-19,SEC-001,11,1,0,0,5,Summer,0,0
2026-05-19,SEC-001,12,1,0,0,5,Summer,1,1
2026-05-19,SEC-001,13,1,0,0,5,Summer,1,1
2026-05-19,SEC-001,14,1,0,0,5,Summer,1,1
2026-05-19,SEC-001,15,1,0,0,5,Summer,0,0
2026-05-19,SEC-001,16,1,0,0,5,Summer,1,1
2026-05-19,SEC-001,17,1,0,0,5,Summer,0,0
2026-05-19,SEC-001,18,1,0,0,5,Summer,0,0
2026-05-19,SEC-001,19,1,0,0,5,Summer,1,1
2026-05-19,SEC-001,20,1,0,0,5,Summer,0,0
2026-05-19,SEC-001,21,1,0,0,5,Summer,0,0
2026-05-19,SEC-001,22,1,0,0,5,Summer,4,4
2026-05-19,SEC-001,23,1,0,0,5,Summer,1,1
2026-05-19,SEC-002,0,1,0,0,5,Summer,1,1
2026-05-19,SEC-002,1,1,0,0,5,Summer,0,0
2026-05-19,SEC-002,2,1,0,0,5,Summer,2,2
2026-05-19,SEC-002,3,1,0,0,5,Summer,2,2
2026-05-19,SEC-002,4,1,0,0,5,Summer,1,1
2026-05-19,SEC-002,5,1,0,0,5,Summer,0,0
2026-05-19,SEC-002,6,1,0,0,5,Summer,1,1
2026-05-19,SEC-002,7,1,0,0,5,Summer,0,0
2026-05-19,SEC-002,8,1,0,0,5,Summer,1,1
2026-05-19,SEC-002,9,1,0,0,5,Summer,1,1
2026-05-19,SEC-002,10,1,0,0,5,Summer,1,1
2026-05-19,SEC-002,11,1,0,0,5,Summer,1,1
2026-05-19,SEC-002,12,1,0,0,5,Summer,1,1
2026-05-19,SEC-002,13,1,0,0,5,Summer,1,1
2026-05-19,SEC-002,14,1,0,0,5,Summer,0,0
2026-05-19,SEC-002,15,1,0,0,5,Summer,1,1
2026-05-19,SEC-002,16,1,0,0,5,Summer,0,0
2026-05-19,SEC-002,17,1,0,0,5,Summer,0,0
2026-05-19,SEC-002,18,1,0,0,5,Summer,0,0
2026-05-19,SEC-002,19,1,0,0,5,Summer,0,0
2026-05-19,SEC-002,20,1,0,0,5,Summer,0,0
2026-05-19,SEC-002,21,1,0,0,5,Summer,0,0
2026-05-19,SEC-002,22,1,0,0,5,Summer,4,4
2026-05-19,SEC-002,23,1,0,0,5,Summer,5,5
2026-05-19,SEC-003,0,1,0,0,5,Summer,1,1
2026-05-19,SEC-003,1,1,0,0,5,Summer,4,4
2026-05-19,SEC-003,2,1,0,0,5,Summer,0,0
2026-05-19,SEC-003,3,1,0,0,5,Summer,0,0
2026-05-19,SEC-003,4,1,0,0,5,Summer,5,5
2026-05-19,SEC-003,5,1,0,0,5,Summer,0,0
2026-05-19,SEC-003,6,1,0,0,5,Summer,0,0
2026-05-19,SEC-003,7,1,0,0,5,Summer,0,0
2026-05-19,SEC-003,8,1,0,0,5,Summer,0,0
2026-05-19,SEC-003,9,1,0,0,5,Summer,0,0
2026-05-19,SEC-003,10,1,0,0,5,Summer,0,0
2026-05-19,SEC-003,11,1,0,0,5,Summer,0,0
2026-05-19,SEC-003,12,1,0,0,5,Summer,0,0
2026-05-19,SEC-003,13,1,0,0,5,Summer,0,0
2026-05-19,SEC-003,14,1,0,0,5,Summer,0,0
2026-05-19,SEC-003,15,1,0,0,5,Summer,0,0
2026-05-19,SEC-003,16,1,0,0,5,Summer,0,0
2026-05-19,SEC-003,17,1,0,0,5,Summer,1,1
2026-05-19,SEC-003,18,1,0,0,5,Summer,0,0
2026-05-19,SEC-003,19,1,0,0,5,Summer,1,1
2026-05-19,SEC-003,20,1,0,0,5,Summer,0,0
2026-05-19,SEC-003,21,1,0,0,5,Summer,1,1
2026-05-19,SEC-003,22,1,0,0,5,Summer,0,0
2026-05-19,SEC-003,23,1,0,0,5,Summer,0,0
2026-05-19,SEC-004,0,1,0,0,5,Summer,1,1
2026-05-19,SEC-004,1,1,0,0,5,Summer,2,2
2026-05-19,SEC-004,2,1,0,0,5,Summer,0,0
2026-05-19,SEC-004,3,1,0,0,5,Summer,2,2
2026-05-19,SEC-004,4,1,0,0,5,Summer,3,3
2026-05-19,SEC-004,5,1,0,0,5,Summer,0,0
2026-05-19,SEC-004,6,1,0,0,5,Summer,1,1
2026-05-19,SEC-004,7,1,0,0,5,Summer,1,1
2026-05-19,SEC-004,8,1,0,0,5,Summer,1,1
2026-05-19,SEC-004,9,1,0,0,5,Summer,0,0
2026-05-19,SEC-004,10,1,0,0,5,Summer,0,0
2026-05-19,SEC-004,11,1,0,0,5,Summer,0,0
2026-05-19,SEC-004,12,1,0,0,5,Summer,0,0
2026-05-19,SEC-004,13,1,0,0,5,Summer,0,0
2026-05-19,SEC-004,14,1,0,0,5,Summer,0,0
2026-05-19,SEC-004,15,1,0,0,5,Summer,0,0
2026-05-19,SEC-004,16,1,0,0,5,Summer,0,0
2026-05-19,SEC-004,17,1,0,0,5,Summer,1,1
2026-05-19,SEC-004,18,1,0,0,5,Summer,1,1
2026-05-19,SEC-004,19,1,0,0,5,Summer,1,1
2026-05-19,SEC-004,20,1,0,0,5,Summer,0,0
2026-05-19,SEC-004,21,1,0,0,5,Summer,0,0
2026-05-19,SEC-004,22,1,0,0,5,Summer,2,2
2026-05-19,SEC-004,23,1,0,0,5,Summer,2,2
2026-05-19,SEC-005,0,1,0,0,5,Summer,2,2
2026-05-19,SEC-005,1,1,0,0,5,Summer,1,1
2026-05-19,SEC-005,2,1,0,0,5,Summer,3,3
2026-05-19,SEC-005,3,1,0,0,5,Summer,1,1
2026-05-19,SEC-005,4,1,0,0,5,Summer,1,1
2026-05-19,SEC-005,5,1,0,0,5,Summer,2,2
2026-05-19,SEC-005,6,1,0,0,5,Summer,1,1
2026-05-19,SEC-005,7,1,0,0,5,Summer,0,0
2026-05-19,SEC-005,8,1,0,0,5,Summer,1,1
2026-05-19,SEC-005,9,1,0,0,5,Summer,1,1
2026-05-19,SEC-005,10,1,0,0,5,Summer,1,1
2026-05-19,SEC-005,11,1,0,0,5,Summer,0,0
2026-05-19,SEC-005,12,1,0,0,5,Summer,2,2
2026-05-19,SEC-005,13,1,0,0,5,Summer,1,1
2026-05-19,SEC-005,14,1,0,0,5,Summer,0,0
2026-05-19,SEC-005,15,1,0,0,5,Summer,1,1
2026-05-19,SEC-005,16,1,0,0,5,Summer,1,1
2026-05-19,SEC-005,17,1,0,0,5,Summer,2,2
2026-05-19,SEC-005,18,1,0,0,5,Summer,2,2
2026-05-19,SEC-005,19,1,0,0,5,Summer,1,1
2026-05-19,SEC-005,20,1,0,0,5,Summer,0,0
2026-05-19,SEC-005,21,1,0,0,5,Summer,2,2
2026-05-19,SEC-005,22,1,0,0,5,Summer,1,1
2026-05-19,SEC-005,23,1,0,0,5,Summer,1,1
2026-05-19,SEC-006,0,1,0,0,5,Summer,3,3
2026-05-19,SEC-006,1,1,0,0,5,Summer,0,0
2026-05-19,SEC-006,2,1,0,0,5,Summer,2,2
2026-05-19,SEC-006,3,1,0,0,5,Summer,0,0
2026-05-19,SEC-006,4,1,0,0,5,Summer,2,2
2026-05-19,SEC-006,5,1,0,0,5,Summer,0,0
2026-05-19,SEC-006,6,1,0,0,5,Summer,0,0
2026-05-19,SEC-006,7,1,0,0,5,Summer,0,0
2026-05-19,SEC-006,8,1,0,0,5,Summer,0,0
2026-05-19,SEC-006,9,1,0,0,5,Summer,2,2
2026-05-19,SEC-006,10,1,0,0,5,Summer,0,0
2026-05-19,SEC-006,11,1,0,0,5,Summer,0,0
2026-05-19,SEC-006,12,1,0,0,5,Summer,0,0
2026-05-19,SEC-006,13,1,0,0,5,Summer,0,0
2026-05-19,SEC-006,14,1,0,0,5,Summer,0,0
2026-05-19,SEC-006,15,1,0,0,5,Summer,1,1
2026-05-19,SEC-006,16,1,0,0,5,Summer,2,2
2026-05-19,SEC-006,17,1,0,0,5,Summer,0,0
2026-05-19,SEC-006,18,1,0,0,5,Summer,1,1
2026-05-19,SEC-006,19,1,0,0,5,Summer,1,1
2026-05-19,SEC-006,20,1,0,0,5,Summer,0,0
2026-05-19,SEC-006,21,1,0,0,5,Summer,0,0
2026-05-19,SEC-006,22,1,0,0,5,Summer,1,1
2026-05-19,SEC-006,23,1,0,0,5,Summer,2,2
2026-05-20,SEC-001,0,2,0,0,5,Summer,1,1
2026-05-20,SEC-001,1,2,0,0,5,Summer,2,2
2026-05-20,SEC-001,2,2,0,0,5,Summer,3,3
2026-05-20,SEC-001,3,2,0,0,5,Summer,1,1
2026-05-20,SEC-001,4,2,0,0,5,Summer,6,6
2026-05-20,SEC-001,5,2,0,0,5,Summer,0,0
2026-05-20,SEC-001,6,2,0,0,5,Summer,0,0
2026-05-20,SEC-001,7,2,0,0,5,Summer,0,0
2026-05-20,SEC-001,8,2,0,0,5,Summer,0,0
2026-05-20,SEC-001,9,2,0,0,5,Summer,1,1
2026-05-20,SEC-001,10,2,0,0,5,Summer,0,0
2026-05-20,SEC-001,11,2,0,0,5,Summer,1,1
2026-05-20,SEC-001,12,2,0,0,5,Summer,0,0
2026-05-20,SEC-001,13,2,0,0,5,Summer,1,1
2026-05-20,SEC-001,14,2,0,0,5,Summer,0,0
2026-05-20,SEC-001,15,2,0,0,5,Summer,0,0
2026-05-20,SEC-001,16,2,0,0,5,Summer,0,0
2026-05-20,SEC-001,17,2,0,0,5,Summer,1,1
2026-05-20,SEC-001,18,2,0,0,5,Summer,1,1
2026-05-20,SEC-001,19,2,0,0,5,Summer,0,0
2026-05-20,SEC-001,20,2,0,0,5,Summer,0,0
2026-05-20,SEC-001,21,2,0,0,5,Summer,1,1
2026-05-20,SEC-001,22,2,0,0,5,Summer,1,1
2026-05-20,SEC-001,23,2,0,0,5,Summer,1,1
2026-05-20,SEC-002,0,2,0,0,5,Summer,0,0
2026-05-20,SEC-002,1,2,0,0,5,Summer,2,2
2026-05-20,SEC-002,2,2,0,0,5,Summer,1,1
2026-05-20,SEC-002,3,2,0,0,5,Summer,1,1
2026-05-20,SEC-002,4,2,0,0,5,Summer,0,0
2026-05-20,SEC-002,5,2,0,0,5,Summer,0,0
2026-05-20,SEC-002,6,2,0,0,5,Summer,0,0
2026-05-20,SEC-002,7,2,0,0,5,Summer,1,1
2026-05-20,SEC-002,8,2,0,0,5,Summer,0,0
2026-05-20,SEC-002,9,2,0,0,5,Summer,0,0
2026-05-20,SEC-002,10,2,0,0,5,Summer,1,1
2026-05-20,SEC-002,11,2,0,0,5,Summer,0,0
2026-05-20,SEC-002,12,2,0,0,5,Summer,1,1
2026-05-20,SEC-002,13,2,0,0,5,Summer,1,1
2026-05-20,SEC-002,14,2,0,0,5,Summer,1,1
2026-05-20,SEC-002,15,2,0,0,5,Summer,0,0
2026-05-20,SEC-002,16,2,0,0,5,Summer,0,0
2026-05-20,SEC-002,17,2,0,0,5,Summer,0,0
2026-05-20,SEC-002,18,2,0,0,5,Summer,0,0
2026-05-20,SEC-002,19,2,0,0,5,Summer,0,0
2026-05-20,SEC-002,20,2,0,0,5,Summer,0,0
2026-05-20,SEC-002,21,2,0,0,5,Summer,0,0
2026-05-20,SEC-002,22,2,0,0,5,Summer,0,0
2026-05-20,SEC-002,23,2,0,0,5,Summer,2,2
2026-05-20,SEC-003,0,2,0,0,5,Summer,0,0
2026-05-20,SEC-003,1,2,0,0,5,Summer,1,1
2026-05-20,SEC-003,2,2,0,0,5,Summer,1,1
2026-05-20,SEC-003,3,2,0,0,5,Summer,0,0
2026-05-20,SEC-003,4,2,0,0,5,Summer,4,4
2026-05-20,SEC-003,5,2,0,0,5,Summer,1,1
2026-05-20,SEC-003,6,2,0,0,5,Summer,0,0
2026-05-20,SEC-003,7,2,0,0,5,Summer,0,0
2026-05-20,SEC-003,8,2,0,0,5,Summer,1,1
2026-05-20,SEC-003,9,2,0,0,5,Summer,0,0
2026-05-20,SEC-003,10,2,0,0,5,Summer,0,0
2026-05-20,SEC-003,11,2,0,0,5,Summer,2,2
2026-05-20,SEC-003,12,2,0,0,5,Summer,0,0
2026-05-20,SEC-003,13,2,0,0,5,Summer,0,0
2026-05-20,SEC-003,14,2,0,0,5,Summer,0,0
2026-05-20,SEC-003,15,2,0,0,5,Summer,0,0
2026-05-20,SEC-003,16,2,0,0,5,Summer,0,0
2026-05-20,SEC-003,17,2,0,0,5,Summer,0,0
2026-05-20,SEC-003,18,2,0,0,5,Summer,0,0
2026-05-20,SEC-003,19,2,0,0,5,Summer,2,2
2026-05-20,SEC-003,20,2,0,0,5,Summer,0,0
2026-05-20,SEC-003,21,2,0,0,5,Summer,0,0
2026-05-20,SEC-003,22,2,0,0,5,Summer,2,2
2026-05-20,SEC-003,23,2,0,0,5,Summer,0,0
2026-05-20,SEC-004,0,2,0,0,5,Summer,1,1
2026-05-20,SEC-004,1,2,0,0,5,Summer,2,2
2026-05-20,SEC-004,2,2,0,0,5,Summer,1,1
2026-05-20,SEC-004,3,2,0,0,5,Summer,0,0
2026-05-20,SEC-004,4,2,0,0,5,Summer,1,1
2026-05-20,SEC-004,5,2,0,0,5,Summer,0,0
2026-05-20,SEC-004,6,2,0,0,5,Summer,1,1
2026-05-20,SEC-004,7,2,0,0,5,Summer,0,0
2026-05-20,SEC-004,8,2,0,0,5,Summer,1,1
2026-05-20,SEC-004,9,2,0,0,5,Summer,1,1
2026-05-20,SEC-004,10,2,0,0,5,Summer,0,0
2026-05-20,SEC-004,11,2,0,0,5,Summer,0,0
2026-05-20,SEC-004,12,2,0,0,5,Summer,1,1
2026-05-20,SEC-004,13,2,0,0,5,Summer,0,0
2026-05-20,SEC-004,14,2,0,0,5,Summer,1,1
2026-05-20,SEC-004,15,2,0,0,5,Summer,2,2
2026-05-20,SEC-004,16,2,0,0,5,Summer,0,0
2026-05-20,SEC-004,17,2,0,0,5,Summer,0,0
2026-05-20,SEC-004,18,2,0,0,5,Summer,0,0
2026-05-20,SEC-004,19,2,0,0,5,Summer,0,0
2026-05-20,SEC-004,20,2,0,0,5,Summer,0,0
2026-05-20,SEC-004,21,2,0,0,5,Summer,0,0
2026-05-20,SEC-004,22,2,0,0,5,Summer,4,4
2026-05-20,SEC-004,23,2,0,0,5,Summer,2,2
2026-05-20,SEC-005,0,2,0,0,5,Summer,3,3
2026-05-20,SEC-005,1,2,0,0,5,Summer,2,2
2026-05-20,SEC-005,2,2,0,0,5,Summer,2,2
2026-05-20,SEC-005,3,2,0,0,5,Summer,3,3
2026-05-20,SEC-005,4,2,0,0,5,Summer,2,2
2026-05-20,SEC-005,5,2,0,0,5,Summer,0,0
2026-05-20,SEC-005,6,2,0,0,5,Summer,0,0
2026-05-20,SEC-005,7,2,0,0,5,Summer,0,0
2026-05-20,SEC-005,8,2,0,0,5,Summer,0,0
2026-05-20,SEC-005,9,2,0,0,5,Summer,0,0
2026-05-20,SEC-005,10,2,0,0,5,Summer,2,2
2026-05-20,SEC-005,11,2,0,0,5,Summer,1,1
2026-05-20,SEC-005,12,2,0,0,5,Summer,0,0
2026-05-20,SEC-005,13,2,0,0,5,Summer,1,1
2026-05-20,SEC-005,14,2,0,0,5,Summer,2,2
2026-05-20,SEC-005,15,2,0,0,5,Summer,0,0
2026-05-20,SEC-005,16,2,0,0,5,Summer,0,0
2026-05-20,SEC-005,17,2,0,0,5,Summer,1,1
2026-05-20,SEC-005,18,2,0,0,5,Summer,1,1
2026-05-20,SEC-005,19,2,0,0,5,Summer,0,0
2026-05-20,SEC-005,20,2,0,0,5,Summer,1,1
2026-05-20,SEC-005,21,2,0,0,5,Summer,2,2
2026-05-20,SEC-005,22,2,0,0,5,Summer,2,2
2026-05-20,SEC-005,23,2,0,0,5,Summer,3,3
2026-05-20,SEC-006,0,2,0,0,5,Summer,1,1
2026-05-20,SEC-006,1,2,0,0,5,Summer,1,1
2026-05-20,SEC-006,2,2,0,0,5,Summer,3,3
2026-05-20,SEC-006,3,2,0,0,5,Summer,0,0
2026-05-20,SEC-006,4,2,0,0,5,Summer,1,1
2026-05-20,SEC-006,5,2,0,0,5,Summer,0,0
2026-05-20,SEC-006,6,2,0,0,5,Summer,0,0
2026-05-20,SEC-006,7,2,0,0,5,Summer,3,3
2026-05-20,SEC-006,8,2,0,0,5,Summer,1,1
2026-05-20,SEC-006,9,2,0,0,5,Summer,0,0
2026-05-20,SEC-006,10,2,0,0,5,Summer,1,1
2026-05-20,SEC-006,11,2,0,0,5,Summer,0,0
2026-05-20,SEC-006,12,2,0,0,5,Summer,1,1
2026-05-20,SEC-006,13,2,0,0,5,Summer,0,0
2026-05-20,SEC-006,14,2,0,0,5,Summer,1,1
2026-05-20,SEC-006,15,2,0,0,5,Summer,0,0
2026-05-20,SEC-006,16,2,0,0,5,Summer,0,0
2026-05-20,SEC-006,17,2,0,0,5,Summer,0,0
2026-05-20,SEC-006,18,2,0,0,5,Summer,1,1
2026-05-20,SEC-006,19,2,0,0,5,Summer,0,0
2026-05-20,SEC-006,20,2,0,0,5,Summer,0,0
2026-05-20,SEC-006,21,2,0,0,5,Summer,0,0
2026-05-20,SEC-006,22,2,0,0,5,Summer,0,0
2026-05-20,SEC-006,23,2,0,0,5,Summer,2,2
2026-05-21,SEC-001,0,3,0,0,5,Summer,3,3
2026-05-21,SEC-001,1,3,0,0,5,Summer,1,1
2026-05-21,SEC-001,2,3,0,0,5,Summer,0,0
2026-05-21,SEC-001,3,3,0,0,5,Summer,2,2
2026-05-21,SEC-001,4,3,0,0,5,Summer,4,4
2026-05-21,SEC-001,5,3,0,0,5,Summer,1,1
2026-05-21,SEC-001,6,3,0,0,5,Summer,1,1
2026-05-21,SEC-001,7,3,0,0,5,Summer,1,1
2026-05-21,SEC-001,8,3,0,0,5,Summer,0,0
2026-05-21,SEC-001,9,3,0,0,5,Summer,0,0
2026-05-21,SEC-001,10,3,0,0,5,Summer,0,0
2026-05-21,SEC-001,11,3,0,0,5,Summer,0,0
2026-05-21,SEC-001,12,3,0,0,5,Summer,2,2
2026-05-21,SEC-001,13,3,0,0,5,Summer,0,0
2026-05-21,SEC-001,14,3,0,0,5,Summer,2,2
2026-05-21,SEC-001,15,3,0,0,5,Summer,0,0
2026-05-21,SEC-001,16,3,0,0,5,Summer,0,0
2026-05-21,SEC-001,17,3,0,0,5,Summer,0,0
2026-05-21,SEC-001,18,3,0,0,5,Summer,0,0
2026-05-21,SEC-001,19,3,0,0,5,Summer,0,0
2026-05-21,SEC-001,20,3,0,0,5,Summer,0,0
2026-05-21,SEC-001,21,3,0,0,5,Summer,0,0
2026-05-21,SEC-001,22,3,0,0,5,Summer,3,3
2026-05-21,SEC-001,23,3,0,0,5,Summer,1,1
2026-05-21,SEC-002,0,3,0,0,5,Summer,2,2
2026-05-21,SEC-002,1,3,0,0,5,Summer,2,2
2026-05-21,SEC-002,2,3,0,0,5,Summer,3,3
2026-05-21,SEC-002,3,3,0,0,5,Summer,4,4
2026-05-21,SEC-002,4,3,0,0,5,Summer,1,1
2026-05-21,SEC-002,5,3,0,0,5,Summer,1,1
2026-05-21,SEC-002,6,3,0,0,5,Summer,0,0
2026-05-21,SEC-002,7,3,0,0,5,Summer,0,0
2026-05-21,SEC-002,8,3,0,0,5,Summer,0,0
2026-05-21,SEC-002,9,3,0,0,5,Summer,0,0
2026-05-21,SEC-002,10,3,0,0,5,Summer,0,0
2026-05-21,SEC-002,11,3,0,0,5,Summer,1,1
2026-05-21,SEC-002,12,3,0,0,5,Summer,1,1
2026-05-21,SEC-002,13,3,0,0,5,Summer,0,0
2026-05-21,SEC-002,14,3,0,0,5,Summer,0,0
2026-05-21,SEC-002,15,3,0,0,5,Summer,1,1
2026-05-21,SEC-002,16,3,0,0,5,Summer,0,0
2026-05-21,SEC-002,17,3,0,0,5,Summer,1,1
2026-05-21,SEC-002,18,3,0,0,5,Summer,0,0
2026-05-21,SEC-002,19,3,0,0,5,Summer,0,0
2026-05-21,SEC-002,20,3,0,0,5,Summer,0,0
2026-05-21,SEC-002,21,3,0,0,5,Summer,1,1
2026-05-21,SEC-002,22,3,0,0,5,Summer,1,1
2026-05-21,SEC-002,23,3,0,0,5,Summer,3,3
2026-05-21,SEC-003,0,3,0,0,5,Summer,1,1
2026-05-21,SEC-003,1,3,0,0,5,Summer,0,0
2026-05-21,SEC-003,2,3,0,0,5,Summer,0,0
2026-05-21,SEC-003,3,3,0,0,5,Summer,3,3
2026-05-21,SEC-003,4,3,0,0,5,Summer,2,2
2026-05-21,SEC-003,5,3,0,0,5,Summer,0,0
2026-05-21,SEC-003,6,3,0,0,5,Summer,0,0
2026-05-21,SEC-003,7,3,0,0,5,Summer,1,1
2026-05-21,SEC-003,8,3,0,0,5,Summer,0,0
2026-05-21,SEC-003,9,3,0,0,5,Summer,0,0
2026-05-21,SEC-003,10,3,0,0,5,Summer,0,0
2026-05-21,SEC-003,11,3,0,0,5,Summer,0,0
2026-05-21,SEC-003,12,3,0,0,5,Summer,1,1
2026-05-21,SEC-003,13,3,0,0,5,Summer,0,0
2026-05-21,SEC-003,14,3,0,0,5,Summer,0,0
2026-05-21,SEC-003,15,3,0,0,5,Summer,0,0
2026-05-21,SEC-003,16,3,0,0,5,Summer,0,0
2026-05-21,SEC-003,17,3,0,0,5,Summer,1,1
2026-05-21,SEC-003,18,3,0,0,5,Summer,0,0
2026-05-21,SEC-003,19,3,0,0,5,Summer,0,0
2026-05-21,SEC-003,20,3,0,0,5,Summer,1,1
2026-05-21,SEC-003,21,3,0,0,5,Summer,0,0
2026-05-21,SEC-003,22,3,0,0,5,Summer,2,2
2026-05-21,SEC-003,23,3,0,0,5,Summer,1,1
2026-05-21,SEC-004,0,3,0,0,5,Summer,0,0
2026-05-21,SEC-004,1,3,0,0,5,Summer,4,4
2026-05-21,SEC-004,2,3,0,0,5,Summer,3,3
2026-05-21,SEC-004,3,3,0,0,5,Summer,3,3
2026-05-21,SEC-004,4,3,0,0,5,Summer,4,4
2026-05-21,SEC-004,5,3,0,0,5,Summer,1,1
2026-05-21,SEC-004,6,3,0,0,5,Summer,0,0
2026-05-21,SEC-004,7,3,0,0,5,Summer,0,0
2026-05-21,SEC-004,8,3,0,0,5,Summer,0,0
2026-05-21,SEC-004,9,3,0,0,5,Summer,1,1
2026-05-21,SEC-004,10,3,0,0,5,Summer,0,0
2026-05-21,SEC-004,11,3,0,0,5,Summer,0,0
2026-05-21,SEC-004,12,3,0,0,5,Summer,0,0
2026-05-21,SEC-004,13,3,0,0,5,Summer,1,1
2026-05-21,SEC-004,14,3,0,0,5,Summer,0,0
2026-05-21,SEC-004,15,3,0,0,5,Summer,1,1
2026-05-21,SEC-004,16,3,0,0,5,Summer,0,0
2026-05-21,SEC-004,17,3,0,0,5,Summer,0,0
2026-05-21,SEC-004,18,3,0,0,5,Summer,1,1
2026-05-21,SEC-004,19,3,0,0,5,Summer,0,0
2026-05-21,SEC-004,20,3,0,0,5,Summer,0,0
2026-05-21,SEC-004,21,3,0,0,5,Summer,1,1
2026-05-21,SEC-004,22,3,0,0,5,Summer,0,0
2026-05-21,SEC-004,23,3,0,0,5,Summer,2,2
2026-05-21,SEC-005,0,3,0,0,5,Summer,2,2
2026-05-21,SEC-005,1,3,0,0,5,Summer,3,3
2026-05-21,SEC-005,2,3,0,0,5,Summer,2,2
2026-05-21,SEC-005,3,3,0,0,5,Summer,1,1
2026-05-21,SEC-005,4,3,0,0,5,Summer,2,2
2026-05-21,SEC-005,5,3,0,0,5,Summer,0,0
2026-05-21,SEC-005,6,3,0,0,5,Summer,1,1
2026-05-21,SEC-005,7,3,0,0,5,Summer,0,0
2026-05-21,SEC-005,8,3,0,0,5,Summer,2,2
2026-05-21,SEC-005,9,3,0,0,5,Summer,0,0
2026-05-21,SEC-005,10,3,0,0,5,Summer,0,0
2026-05-21,SEC-005,11,3,0,0,5,Summer,1,1
2026-05-21,SEC-005,12,3,0,0,5,Summer,1,1
2026-05-21,SEC-005,13,3,0,0,5,Summer,0,0
2026-05-21,SEC-005,14,3,0,0,5,Summer,1,1
2026-05-21,SEC-005,15,3,0,0,5,Summer,0,0
2026-05-21,SEC-005,16,3,0,0,5,Summer,0,0
2026-05-21,SEC-005,17,3,0,0,5,Summer,0,0
2026-05-21,SEC-005,18,3,0,0,5,Summer,1,1
2026-05-21,SEC-005,19,3,0,0,5,Summer,1,1
2026-05-21,SEC-005,20,3,0,0,5,Summer,0,0
2026-05-21,SEC-005,21,3,0,0,5,Summer,0,0
2026-05-21,SEC-005,22,3,0,0,5,Summer,2,2
2026-05-21,SEC-005,23,3,0,0,5,Summer,1,1
2026-05-21,SEC-006,0,3,0,0,5,Summer,0,0
2026-05-21,SEC-006,1,3,0,0,5,Summer,2,2
2026-05-21,SEC-006,2,3,0,0,5,Summer,2,2
2026-05-21,SEC-006,3,3,0,0,5,Summer,2,2
2026-05-21,SEC-006,4,3,0,0,5,Summer,1,1
2026-05-21,SEC-006,5,3,0,0,5,Summer,1,1
2026-05-21,SEC-006,6,3,0,0,5,Summer,0,0
2026-05-21,SEC-006,7,3,0,0,5,Summer,1,1
2026-05-21,SEC-006,8,3,0,0,5,Summer,0,0
2026-05-21,SEC-006,9,3,0,0,5,Summer,0,0
2026-05-21,SEC-006,10,3,0,0,5,Summer,1,1
2026-05-21,SEC-006,11,3,0,0,5,Summer,0,0
2026-05-21,SEC-006,12,3,0,0,5,Summer,1,1
2026-05-21,SEC-006,13,3,0,0,5,Summer,0,0
2026-05-21,SEC-006,14,3,0,0,5,Summer,0,0
2026-05-21,SEC-006,15,3,0,0,5,Summer,1,1
2026-05-21,SEC-006,16,3,0,0,5,Summer,1,1
2026-05-21,SEC-006,17,3,0,0,5,Summer,0,0
2026-05-21,SEC-006,18,3,0,0,5,Summer,0,0
2026-05-21,SEC-006,19,3,0,0,5,Summer,0,0
2026-05-21,SEC-006,20,3,0,0,5,Summer,0,0
2026-05-21,SEC-006,21,3,0,0,5,Summer,0,0
2026-05-21,SEC-006,22,3,0,0,5,Summer,0,0
2026-05-21,SEC-006,23,3,0,0,5,Summer,1,1
2026-05-22,SEC-001,0,4,0,0,5,Summer,3,3
2026-05-22,SEC-001,1,4,0,0,5,Summer,2,2
2026-05-22,SEC-001,2,4,0,0,5,Summer,1,1
2026-05-22,SEC-001,3,4,0,0,5,Summer,2,2
2026-05-22,SEC-001,4,4,0,0,5,Summer,0,0
2026-05-22,SEC-001,5,4,0,0,5,Summer,0,0
2026-05-22,SEC-001,6,4,0,0,5,Summer,0,0
2026-05-22,SEC-001,7,4,0,0,5,Summer,1,1
2026-05-22,SEC-001,8,4,0,0,5,Summer,2,2
2026-05-22,SEC-001,9,4,0,0,5,Summer,0,0
2026-05-22,SEC-001,10,4,0,0,5,Summer,1,1
2026-05-22,SEC-001,11,4,0,0,5,Summer,1,1
2026-05-22,SEC-001,12,4,0,0,5,Summer,0,0
2026-05-22,SEC-001,13,4,0,0,5,Summer,0,0
2026-05-22,SEC-001,14,4,0,0,5,Summer,0,0
2026-05-22,SEC-001,15,4,0,0,5,Summer,0,0
2026-05-22,SEC-001,16,4,0,0,5,Summer,0,0
2026-05-22,SEC-001,17,4,0,0,5,Summer,0,0
2026-05-22,SEC-001,18,4,0,0,5,Summer,0,0
2026-05-22,SEC-001,19,4,0,0,5,Summer,0,0
2026-05-22,SEC-001,20,4,0,0,5,Summer,0,0
2026-05-22,SEC-001,21,4,0,0,5,Summer,2,2
2026-05-22,SEC-001,22,4,0,0,5,Summer,3,3
2026-05-22,SEC-001,23,4,0,0,5,Summer,0,0
2026-05-22,SEC-002,0,4,0,0,5,Summer,0,0
2026-05-22,SEC-002,1,4,0,0,5,Summer,2,2
2026-05-22,SEC-002,2,4,0,0,5,Summer,3,3
2026-05-22,SEC-002,3,4,0,0,5,Summer,2,2
2026-05-22,SEC-002,4,4,0,0,5,Summer,0,0
2026-05-22,SEC-002,5,4,0,0,5,Summer,0,0
2026-05-22,SEC-002,6,4,0,0,5,Summer,0,0
2026-05-22,SEC-002,7,4,0,0,5,Summer,0,0
2026-05-22,SEC-002,8,4,0,0,5,Summer,0,0
2026-05-22,SEC-002,9,4,0,0,5,Summer,1,1
2026-05-22,SEC-002,10,4,0,0,5,Summer,1,1
2026-05-22,SEC-002,11,4,0,0,5,Summer,1,1
2026-05-22,SEC-002,12,4,0,0,5,Summer,0,0
2026-05-22,SEC-002,13,4,0,0,5,Summer,2,2
2026-05-22,SEC-002,14,4,0,0,5,Summer,0,0
2026-05-22,SEC-002,15,4,0,0,5,Summer,1,1
2026-05-22,SEC-002,16,4,0,0,5,Summer,0,0
2026-05-22,SEC-002,17,4,0,0,5,Summer,2,2
2026-05-22,SEC-002,18,4,0,0,5,Summer,0,0
2026-05-22,SEC-002,19,4,0,0,5,Summer,0,0
2026-05-22,SEC-002,20,4,0,0,5,Summer,0,0
2026-05-22,SEC-002,21,4,0,0,5,Summer,0,0
2026-05-22,SEC-002,22,4,0,0,5,Summer,3,3
2026-05-22,SEC-002,23,4,0,0,5,Summer,3,3
2026-05-22,SEC-003,0,4,0,0,5,Summer,2,2
2026-05-22,SEC-003,1,4,0,0,5,Summer,2,2
2026-05-22,SEC-003,2,4,0,0,5,Summer,1,1
2026-05-22,SEC-003,3,4,0,0,5,Summer,1,1
2026-05-22,SEC-003,4,4,0,0,5,Summer,1,1
2026-05-22,SEC-003,5,4,0,0,5,Summer,1,1
2026-05-22,SEC-003,6,4,0,0,5,Summer,1,1
2026-05-22,SEC-003,7,4,0,0,5,Summer,0,0
2026-05-22,SEC-003,8,4,0,0,5,Summer,2,2
2026-05-22,SEC-003,9,4,0,0,5,Summer,1,1
2026-05-22,SEC-003,10,4,0,0,5,Summer,0,0
2026-05-22,SEC-003,11,4,0,0,5,Summer,0,0
2026-05-22,SEC-003,12,4,0,0,5,Summer,0,0
2026-05-22,SEC-003,13,4,0,0,5,Summer,1,1
2026-05-22,SEC-003,14,4,0,0,5,Summer,0,0
2026-05-22,SEC-003,15,4,0,0,5,Summer,0,0
2026-05-22,SEC-003,16,4,0,0,5,Summer,0,0
2026-05-22,SEC-003,17,4,0,0,5,Summer,0,0
2026-05-22,SEC-003,18,4,0,0,5,Summer,1,1
2026-05-22,SEC-003,19,4,0,0,5,Summer,2,2
2026-05-22,SEC-003,20,4,0,0,5,Summer,1,1
2026-05-22,SEC-003,21,4,0,0,5,Summer,1,1
2026-05-22,SEC-003,22,4,0,0,5,Summer,3,3
2026-05-22,SEC-003,23,4,0,0,5,Summer,0,0
2026-05-22,SEC-004,0,4,0,0,5,Summer,4,4
2026-05-22,SEC-004,1,4,0,0,5,Summer,3,3
2026-05-22,SEC-004,2,4,0,0,5,Summer,2,2
2026-05-22,SEC-004,3,4,0,0,5,Summer,1,1
2026-05-22,SEC-004,4,4,0,0,5,Summer,1,1
2026-05-22,SEC-004,5,4,0,0,5,Summer,0,0
2026-05-22,SEC-004,6,4,0,0,5,Summer,0,0
2026-05-22,SEC-004,7,4,0,0,5,Summer,1,1
2026-05-22,SEC-004,8,4,0,0,5,Summer,0,0
2026-05-22,SEC-004,9,4,0,0,5,Summer,0,0
2026-05-22,SEC-004,10,4,0,0,5,Summer,1,1
2026-05-22,SEC-004,11,4,0,0,5,Summer,1,1
2026-05-22,SEC-004,12,4,0,0,5,Summer,1,1
2026-05-22,SEC-004,13,4,0,0,5,Summer,0,0
2026-05-22,SEC-004,14,4,0,0,5,Summer,1,1
2026-05-22,SEC-004,15,4,0,0,5,Summer,0,0
2026-05-22,SEC-004,16,4,0,0,5,Summer,0,0
2026-05-22,SEC-004,17,4,0,0,5,Summer,1,1
2026-05-22,SEC-004,18,4,0,0,5,Summer,0,0
2026-05-22,SEC-004,19,4,0,0,5,Summer,0,0
2026-05-22,SEC-004,20,4,0,0,5,Summer,0,0
2026-05-22,SEC-004,21,4,0,0,5,Summer,0,0
2026-05-22,SEC-004,22,4,0,0,5,Summer,0,0
2026-05-22,SEC-004,23,4,0,0,5,Summer,0,0
2026-05-22,SEC-005,0,4,0,0,5,Summer,0,0
2026-05-22,SEC-005,1,4,0,0,5,Summer,4,4
2026-05-22,SEC-005,2,4,0,0,5,Summer,3,3
2026-05-22,SEC-005,3,4,0,0,5,Summer,3,3
2026-05-22,SEC-005,4,4,0,0,5,Summer,1,1
2026-05-22,SEC-005,5,4,0,0,5,Summer,0,0
2026-05-22,SEC-005,6,4,0,0,5,Summer,0,0
2026-05-22,SEC-005,7,4,0,0,5,Summer,0,0
2026-05-22,SEC-005,8,4,0,0,5,Summer,0,0
2026-05-22,SEC-005,9,4,0,0,5,Summer,0,0
2026-05-22,SEC-005,10,4,0,0,5,Summer,0,0
2026-05-22,SEC-005,11,4,0,0,5,Summer,0,0
2026-05-22,SEC-005,12,4,0,0,5,Summer,0,0
2026-05-22,SEC-005,13,4,0,0,5,Summer,0,0
2026-05-22,SEC-005,14,4,0,0,5,Summer,1,1
2026-05-22,SEC-005,15,4,0,0,5,Summer,1,1
2026-05-22,SEC-005,16,4,0,0,5,Summer,0,0
2026-05-22,SEC-005,17,4,0,0,5,Summer,0,0
2026-05-22,SEC-005,18,4,0,0,5,Summer,1,1
2026-05-22,SEC-005,19,4,0,0,5,Summer,1,1
2026-05-22,SEC-005,20,4,0,0,5,Summer,3,3
2026-05-22,SEC-005,21,4,0,0,5,Summer,0,0
2026-05-22,SEC-005,22,4,0,0,5,Summer,3,3
2026-05-22,SEC-005,23,4,0,0,5,Summer,1,1
2026-05-22,SEC-006,0,4,0,0,5,Summer,3,3
2026-05-22,SEC-006,1,4,0,0,5,Summer,3,3
2026-05-22,SEC-006,2,4,0,0,5,Summer,0,0
2026-05-22,SEC-006,3,4,0,0,5,Summer,2,2
2026-05-22,SEC-006,4,4,0,0,5,Summer,1,1
2026-05-22,SEC-006,5,4,0,0,5,Summer,0,0
2026-05-22,SEC-006,6,4,0,0,5,Summer,0,0
2026-05-22,SEC-006,7,4,0,0,5,Summer,0,0
2026-05-22,SEC-006,8,4,0,0,5,Summer,0,0
2026-05-22,SEC-006,9,4,0,0,5,Summer,1,1
2026-05-22,SEC-006,10,4,0,0,5,Summer,1,1
2026-05-22,SEC-006,11,4,0,0,5,Summer,0,0
2026-05-22,SEC-006,12,4,0,0,5,Summer,0,0
2026-05-22,SEC-006,13,4,0,0,5,Summer,1,1
2026-05-22,SEC-006,14,4,0,0,5,Summer,2,2
2026-05-22,SEC-006,15,4,0,0,5,Summer,0,0
2026-05-22,SEC-006,16,4,0,0,5,Summer,0,0
2026-05-22,SEC-006,17,4,0,0,5,Summer,1,1
2026-05-22,SEC-006,18,4,0,0,5,Summer,0,0
2026-05-22,SEC-006,19,4,0,0,5,Summer,1,1
2026-05-22,SEC-006,20,4,0,0,5,Summer,0,0
2026-05-22,SEC-006,21,4,0,0,5,Summer,0,0
2026-05-22,SEC-006,22,4,0,0,5,Summer,3,3
2026-05-22,SEC-006,23,4,0,0,5,Summer,2,2
2026-05-23,SEC-001,0,5,1,0,5,Summer,1,1
2026-05-23,SEC-001,1,5,1,0,5,Summer,2,2
2026-05-23,SEC-001,2,5,1,0,5,Summer,2,2
2026-05-23,SEC-001,3,5,1,0,5,Summer,3,3
2026-05-23,SEC-001,4,5,1,0,5,Summer,1,1
2026-05-23,SEC-001,5,5,1,0,5,Summer,1,1
2026-05-23,SEC-001,6,5,1,0,5,Summer,1,1
2026-05-23,SEC-001,7,5,1,0,5,Summer,0,0
2026-05-23,SEC-001,8,5,1,0,5,Summer,1,1
2026-05-23,SEC-001,9,5,1,0,5,Summer,0,0
2026-05-23,SEC-001,10,5,1,0,5,Summer,1,1
2026-05-23,SEC-001,11,5,1,0,5,Summer,1,1
2026-05-23,SEC-001,12,5,1,0,5,Summer,0,0
2026-05-23,SEC-001,13,5,1,0,5,Summer,0,0
2026-05-23,SEC-001,14,5,1,0,5,Summer,1,1
2026-05-23,SEC-001,15,5,1,0,5,Summer,0,0
2026-05-23,SEC-001,16,5,1,0,5,Summer,1,1
2026-05-23,SEC-001,17,5,1,0,5,Summer,1,1
2026-05-23,SEC-001,18,5,1,0,5,Summer,0,0
2026-05-23,SEC-001,19,5,1,0,5,Summer,1,1
2026-05-23,SEC-001,20,5,1,0,5,Summer,1,1
2026-05-23,SEC-001,21,5,1,0,5,Summer,2,2
2026-05-23,SEC-001,22,5,1,0,5,Summer,5,5
2026-05-23,SEC-001,23,5,1,0,5,Summer,2,2
2026-05-23,SEC-002,0,5,1,0,5,Summer,1,1
2026-05-23,SEC-002,1,5,1,0,5,Summer,0,0
2026-05-23,SEC-002,2,5,1,0,5,Summer,3,3
2026-05-23,SEC-002,3,5,1,0,5,Summer,2,2
2026-05-23,SEC-002,4,5,1,0,5,Summer,2,2
2026-05-23,SEC-002,5,5,1,0,5,Summer,0,0
2026-05-23,SEC-002,6,5,1,0,5,Summer,0,0
2026-05-23,SEC-002,7,5,1,0,5,Summer,0,0
2026-05-23,SEC-002,8,5,1,0,5,Summer,0,0
2026-05-23,SEC-002,9,5,1,0,5,Summer,1,1
2026-05-23,SEC-002,10,5,1,0,5,Summer,0,0
2026-05-23,SEC-002,11,5,1,0,5,Summer,0,0
2026-05-23,SEC-002,12,5,1,0,5,Summer,0,0
2026-05-23,SEC-002,13,5,1,0,5,Summer,0,0
2026-05-23,SEC-002,14,5,1,0,5,Summer,1,1
2026-05-23,SEC-002,15,5,1,0,5,Summer,1,1
2026-05-23,SEC-002,16,5,1,0,5,Summer,2,2
2026-05-23,SEC-002,17,5,1,0,5,Summer,0,0
2026-05-23,SEC-002,18,5,1,0,5,Summer,0,0
2026-05-23,SEC-002,19,5,1,0,5,Summer,0,0
2026-05-23,SEC-002,20,5,1,0,5,Summer,0,0
2026-05-23,SEC-002,21,5,1,0,5,Summer,0,0
2026-05-23,SEC-002,22,5,1,0,5,Summer,2,2
2026-05-23,SEC-002,23,5,1,0,5,Summer,1,1
2026-05-23,SEC-003,0,5,1,0,5,Summer,2,2
2026-05-23,SEC-003,1,5,1,0,5,Summer,0,0
2026-05-23,SEC-003,2,5,1,0,5,Summer,1,1
2026-05-23,SEC-003,3,5,1,0,5,Summer,1,1
2026-05-23,SEC-003,4,5,1,0,5,Summer,1,1
2026-05-23,SEC-003,5,5,1,0,5,Summer,0,0
2026-05-23,SEC-003,6,5,1,0,5,Summer,0,0
2026-05-23,SEC-003,7,5,1,0,5,Summer,1,1
2026-05-23,SEC-003,8,5,1,0,5,Summer,1,1
2026-05-23,SEC-003,9,5,1,0,5,Summer,0,0
2026-05-23,SEC-003,10,5,1,0,5,Summer,0,0
2026-05-23,SEC-003,11,5,1,0,5,Summer,0,0
2026-05-23,SEC-003,12,5,1,0,5,Summer,0,0
2026-05-23,SEC-003,13,5,1,0,5,Summer,0,0
2026-05-23,SEC-003,14,5,1,0,5,Summer,0,0
2026-05-23,SEC-003,15,5,1,0,5,Summer,0,0
2026-05-23,SEC-003,16,5,1,0,5,Summer,0,0
2026-05-23,SEC-003,17,5,1,0,5,Summer,1,1
2026-05-23,SEC-003,18,5,1,0,5,Summer,0,0
2026-05-23,SEC-003,19,5,1,0,5,Summer,0,0
2026-05-23,SEC-003,20,5,1,0,5,Summer,0,0
2026-05-23,SEC-003,21,5,1,0,5,Summer,0,0
2026-05-23,SEC-003,22,5,1,0,5,Summer,2,2
2026-05-23,SEC-003,23,5,1,0,5,Summer,0,0
2026-05-23,SEC-004,0,5,1,0,5,Summer,0,0
2026-05-23,SEC-004,1,5,1,0,5,Summer,0,0
2026-05-23,SEC-004,2,5,1,0,5,Summer,2,2
2026-05-23,SEC-004,3,5,1,0,5,Summer,3,3
2026-05-23,SEC-004,4,5,1,0,5,Summer,2,2
2026-05-23,SEC-004,5,5,1,0,5,Summer,0,0
2026-05-23,SEC-004,6,5,1,0,5,Summer,0,0
2026-05-23,SEC-004,7,5,1,0,5,Summer,0,0
2026-05-23,SEC-004,8,5,1,0,5,Summer,0,0
2026-05-23,SEC-004,9,5,1,0,5,Summer,0,0
2026-05-23,SEC-004,10,5,1,0,5,Summer,0,0
2026-05-23,SEC-004,11,5,1,0,5,Summer,0,0
2026-05-23,SEC-004,12,5,1,0,5,Summer,0,0
2026-05-23,SEC-004,13,5,1,0,5,Summer,1,1
2026-05-23,SEC-004,14,5,1,0,5,Summer,1,1
2026-05-23,SEC-004,15,5,1,0,5,Summer,2,2
2026-05-23,SEC-004,16,5,1,0,5,Summer,1,1
2026-05-23,SEC-004,17,5,1,0,5,Summer,0,0
2026-05-23,SEC-004,18,5,1,0,5,Summer,1,1
2026-05-23,SEC-004,19,5,1,0,5,Summer,0,0
2026-05-23,SEC-004,20,5,1,0,5,Summer,1,1
2026-05-23,SEC-004,21,5,1,0,5,Summer,0,0
2026-05-23,SEC-004,22,5,1,0,5,Summer,1,1
2026-05-23,SEC-004,23,5,1,0,5,Summer,1,1
2026-05-23,SEC-005,0,5,1,0,5,Summer,0,0
2026-05-23,SEC-005,1,5,1,0,5,Summer,1,1
2026-05-23,SEC-005,2,5,1,0,5,Summer,3,3
2026-05-23,SEC-005,3,5,1,0,5,Summer,0,0
2026-05-23,SEC-005,4,5,1,0,5,Summer,0,0
2026-05-23,SEC-005,5,5,1,0,5,Summer,1,1
2026-05-23,SEC-005,6,5,1,0,5,Summer,1,1
2026-05-23,SEC-005,7,5,1,0,5,Summer,0,0
2026-05-23,SEC-005,8,5,1,0,5,Summer,1,1
2026-05-23,SEC-005,9,5,1,0,5,Summer,0,0
2026-05-23,SEC-005,10,5,1,0,5,Summer,0,0
2026-05-23,SEC-005,11,5,1,0,5,Summer,1,1
2026-05-23,SEC-005,12,5,1,0,5,Summer,2,2
2026-05-23,SEC-005,13,5,1,0,5,Summer,0,0
2026-05-23,SEC-005,14,5,1,0,5,Summer,0,0
2026-05-23,SEC-005,15,5,1,0,5,Summer,0,0
2026-05-23,SEC-005,16,5,1,0,5,Summer,0,0
2026-05-23,SEC-005,17,5,1,0,5,Summer,0,0
2026-05-23,SEC-005,18,5,1,0,5,Summer,0,0
2026-05-23,SEC-005,19,5,1,0,5,Summer,1,1
2026-05-23,SEC-005,20,5,1,0,5,Summer,0,0
2026-05-23,SEC-005,21,5,1,0,5,Summer,2,2
2026-05-23,SEC-005,22,5,1,0,5,Summer,3,3
2026-05-23,SEC-005,23,5,1,0,5,Summer,1,1
2026-05-23,SEC-006,0,5,1,0,5,Summer,4,4
2026-05-23,SEC-006,1,5,1,0,5,Summer,0,0
2026-05-23,SEC-006,2,5,1,0,5,Summer,3,3
2026-05-23,SEC-006,3,5,1,0,5,Summer,1,1
2026-05-23,SEC-006,4,5,1,0,5,Summer,4,4
2026-05-23,SEC-006,5,5,1,0,5,Summer,0,0
2026-05-23,SEC-006,6,5,1,0,5,Summer,0,0
2026-05-23,SEC-006,7,5,1,0,5,Summer,0,0
2026-05-23,SEC-006,8,5,1,0,5,Summer,0,0
2026-05-23,SEC-006,9,5,1,0,5,Summer,0,0
2026-05-23,SEC-006,10,5,1,0,5,Summer,1,1
2026-05-23,SEC-006,11,5,1,0,5,Summer,1,1
2026-05-23,SEC-006,12,5,1,0,5,Summer,0,0
2026-05-23,SEC-006,13,5,1,0,5,Summer,0,0
2026-05-23,SEC-006,14,5,1,0,5,Summer,0,0
2026-05-23,SEC-006,15,5,1,0,5,Summer,1,1
2026-05-23,SEC-006,16,5,1,0,5,Summer,0,0
2026-05-23,SEC-006,17,5,1,0,5,Summer,1,1
2026-05-23,SEC-006,18,5,1,0,5,Summer,0,0
2026-05-23,SEC-006,19,5,1,0,5,Summer,0,0
2026-05-23,SEC-006,20,5,1,0,5,Summer,0,0
2026-05-23,SEC-006,21,5,1,0,5,Summer,0,0
2026-05-23,SEC-006,22,5,1,0,5,Summer,2,2
2026-05-23,SEC-006,23,5,1,0,5,Summer,2,2
2026-05-24,SEC-001,0,6,1,0,5,Summer,1,1
2026-05-24,SEC-001,1,6,1,0,5,Summer,2,2
2026-05-24,SEC-001,2,6,1,0,5,Summer,1,1
2026-05-24,SEC-001,3,6,1,0,5,Summer,3,3
2026-05-24,SEC-001,4,6,1,0,5,Summer,2,2
2026-05-24,SEC-001,5,6,1,0,5,Summer,1,1
2026-05-24,SEC-001,6,6,1,0,5,Summer,0,0
2026-05-24,SEC-001,7,6,1,0,5,Summer,0,0
2026-05-24,SEC-001,8,6,1,0,5,Summer,0,0
2026-05-24,SEC-001,9,6,1,0,5,Summer,0,0
2026-05-24,SEC-001,10,6,1,0,5,Summer,1,1
2026-05-24,SEC-001,11,6,1,0,5,Summer,2,2
2026-05-24,SEC-001,12,6,1,0,5,Summer,0,0
2026-05-24,SEC-001,13,6,1,0,5,Summer,0,0
2026-05-24,SEC-001,14,6,1,0,5,Summer,1,1
2026-05-24,SEC-001,15,6,1,0,5,Summer,0,0
2026-05-24,SEC-001,16,6,1,0,5,Summer,2,2
2026-05-24,SEC-001,17,6,1,0,5,Summer,0,0
2026-05-24,SEC-001,18,6,1,0,5,Summer,0,0
2026-05-24,SEC-001,19,6,1,0,5,Summer,0,0
2026-05-24,SEC-001,20,6,1,0,5,Summer,0,0
2026-05-24,SEC-001,21,6,1,0,5,Summer,0,0
2026-05-24,SEC-001,22,6,1,0,5,Summer,1,1
2026-05-24,SEC-001,23,6,1,0,5,Summer,0,0
2026-05-24,SEC-002,0,6,1,0,5,Summer,2,2
2026-05-24,SEC-002,1,6,1,0,5,Summer,3,3
2026-05-24,SEC-002,2,6,1,0,5,Summer,4,4
2026-05-24,SEC-002,3,6,1,0,5,Summer,1,1
2026-05-24,SEC-002,4,6,1,0,5,Summer,2,2
2026-05-24,SEC-002,5,6,1,0,5,Summer,0,0
2026-05-24,SEC-002,6,6,1,0,5,Summer,0,0
2026-05-24,SEC-002,7,6,1,0,5,Summer,0,0
2026-05-24,SEC-002,8,6,1,0,5,Summer,1,1
2026-05-24,SEC-002,9,6,1,0,5,Summer,0,0
2026-05-24,SEC-002,10,6,1,0,5,Summer,0,0
2026-05-24,SEC-002,11,6,1,0,5,Summer,0,0
2026-05-24,SEC-002,12,6,1,0,5,Summer,0,0
2026-05-24,SEC-002,13,6,1,0,5,Summer,0,0
2026-05-24,SEC-002,14,6,1,0,5,Summer,2,2
2026-05-24,SEC-002,15,6,1,0,5,Summer,0,0
2026-05-24,SEC-002,16,6,1,0,5,Summer,0,0
2026-05-24,SEC-002,17,6,1,0,5,Summer,0,0
2026-05-24,SEC-002,18,6,1,0,5,Summer,0,0
2026-05-24,SEC-002,19,6,1,0,5,Summer,0,0
2026-05-24,SEC-002,20,6,1,0,5,Summer,2,2
2026-05-24,SEC-002,21,6,1,0,5,Summer,1,1
2026-05-24,SEC-002,22,6,1,0,5,Summer,3,3
2026-05-24,SEC-002,23,6,1,0,5,Summer,2,2
2026-05-24,SEC-003,0,6,1,0,5,Summer,2,2
2026-05-24,SEC-003,1,6,1,0,5,Summer,0,0
2026-05-24,SEC-003,2,6,1,0,5,Summer,1,1
2026-05-24,SEC-003,3,6,1,0,5,Summer,3,3
2026-05-24,SEC-003,4,6,1,0,5,Summer,0,0
2026-05-24,SEC-003,5,6,1,0,5,Summer,2,2
2026-05-24,SEC-003,6,6,1,0,5,Summer,0,0
2026-05-24,SEC-003,7,6,1,0,5,Summer,0,0
2026-05-24,SEC-003,8,6,1,0,5,Summer,0,0
2026-05-24,SEC-003,9,6,1,0,5,Summer,0,0
2026-05-24,SEC-003,10,6,1,0,5,Summer,0,0
2026-05-24,SEC-003,11,6,1,0,5,Summer,0,0
2026-05-24,SEC-003,12,6,1,0,5,Summer,0,0
2026-05-24,SEC-003,13,6,1,0,5,Summer,2,2
2026-05-24,SEC-003,14,6,1,0,5,Summer,0,0
2026-05-24,SEC-003,15,6,1,0,5,Summer,0,0
2026-05-24,SEC-003,16,6,1,0,5,Summer,1,1
2026-05-24,SEC-003,17,6,1,0,5,Summer,0,0
2026-05-24,SEC-003,18,6,1,0,5,Summer,0,0
2026-05-24,SEC-003,19,6,1,0,5,Summer,1,1
2026-05-24,SEC-003,20,6,1,0,5,Summer,1,1
2026-05-24,SEC-003,21,6,1,0,5,Summer,0,0
2026-05-24,SEC-003,22,6,1,0,5,Summer,2,2
2026-05-24,SEC-003,23,6,1,0,5,Summer,1,1
2026-05-24,SEC-004,0,6,1,0,5,Summer,3,3
2026-05-24,SEC-004,1,6,1,0,5,Summer,1,1
2026-05-24,SEC-004,2,6,1,0,5,Summer,1,1
2026-05-24,SEC-004,3,6,1,0,5,Summer,3,3
2026-05-24,SEC-004,4,6,1,0,5,Summer,3,3
2026-05-24,SEC-004,5,6,1,0,5,Summer,0,0
2026-05-24,SEC-004,6,6,1,0,5,Summer,2,2
2026-05-24,SEC-004,7,6,1,0,5,Summer,0,0
2026-05-24,SEC-004,8,6,1,0,5,Summer,0,0
2026-05-24,SEC-004,9,6,1,0,5,Summer,0,0
2026-05-24,SEC-004,10,6,1,0,5,Summer,0,0
2026-05-24,SEC-004,11,6,1,0,5,Summer,1,1
2026-05-24,SEC-004,12,6,1,0,5,Summer,1,1
2026-05-24,SEC-004,13,6,1,0,5,Summer,1,1
2026-05-24,SEC-004,14,6,1,0,5,Summer,0,0
2026-05-24,SEC-004,15,6,1,0,5,Summer,0,0
2026-05-24,SEC-004,16,6,1,0,5,Summer,0,0
2026-05-24,SEC-004,17,6,1,0,5,Summer,2,2
2026-05-24,SEC-004,18,6,1,0,5,Summer,0,0
2026-05-24,SEC-004,19,6,1,0,5,Summer,0,0
2026-05-24,SEC-004,20,6,1,0,5,Summer,1,1
2026-05-24,SEC-004,21,6,1,0,5,Summer,0,0
2026-05-24,SEC-004,22,6,1,0,5,Summer,2,2
2026-05-24,SEC-004,23,6,1,0,5,Summer,2,2
2026-05-24,SEC-005,0,6,1,0,5,Summer,1,1
2026-05-24,SEC-005,1,6,1,0,5,Summer,5,5
2026-05-24,SEC-005,2,6,1,0,5,Summer,1,1
2026-05-24,SEC-005,3,6,1,0,5,Summer,0,0
2026-05-24,SEC-005,4,6,1,0,5,Summer,2,2
2026-05-24,SEC-005,5,6,1,0,5,Summer,0,0
2026-05-24,SEC-005,6,6,1,0,5,Summer,2,2
2026-05-24,SEC-005,7,6,1,0,5,Summer,0,0
2026-05-24,SEC-005,8,6,1,0,5,Summer,0,0
2026-05-24,SEC-005,9,6,1,0,5,Summer,0,0
2026-05-24,SEC-005,10,6,1,0,5,Summer,2,2
2026-05-24,SEC-005,11,6,1,0,5,Summer,0,0
2026-05-24,SEC-005,12,6,1,0,5,Summer,1,1
2026-05-24,SEC-005,13,6,1,0,5,Summer,2,2
2026-05-24,SEC-005,14,6,1,0,5,Summer,0,0
2026-05-24,SEC-005,15,6,1,0,5,Summer,0,0
2026-05-24,SEC-005,16,6,1,0,5,Summer,0,0
2026-05-24,SEC-005,17,6,1,0,5,Summer,0,0
2026-05-24,SEC-005,18,6,1,0,5,Summer,0,0
2026-05-24,SEC-005,19,6,1,0,5,Summer,0,0
2026-05-24,SEC-005,20,6,1,0,5,Summer,1,1
2026-05-24,SEC-005,21,6,1,0,5,Summer,1,1
2026-05-24,SEC-005,22,6,1,0,5,Summer,2,2
2026-05-24,SEC-005,23,6,1,0,5,Summer,1,1
2026-05-24,SEC-006,0,6,1,0,5,Summer,2,2
2026-05-24,SEC-006,1,6,1,0,5,Summer,4,4
2026-05-24,SEC-006,2,6,1,0,5,Summer,0,0
2026-05-24,SEC-006,3,6,1,0,5,Summer,1,1
2026-05-24,SEC-006,4,6,1,0,5,Summer,3,3
2026-05-24,SEC-006,5,6,1,0,5,Summer,0,0
2026-05-24,SEC-006,6,6,1,0,5,Summer,0,0
2026-05-24,SEC-006,7,6,1,0,5,Summer,0,0
2026-05-24,SEC-006,8,6,1,0,5,Summer,0,0
2026-05-24,SEC-006,9,6,1,0,5,Summer,0,0
2026-05-24,SEC-006,10,6,1,0,5,Summer,1,1
2026-05-24,SEC-006,11,6,1,0,5,Summer,0,0
2026-05-24,SEC-006,12,6,1,0,5,Summer,1,1
2026-05-24,SEC-006,13,6,1,0,5,Summer,1,1
2026-05-24,SEC-006,14,6,1,0,5,Summer,0,0
2026-05-24,SEC-006,15,6,1,0,5,Summer,0,0
2026-05-24,SEC-006,16,6,1,0,5,Summer,0,0
2026-05-24,SEC-006,17,6,1,0,5,Summer,0,0
2026-05-24,SEC-006,18,6,1,0,5,Summer,0,0
2026-05-24,SEC-006,19,6,1,0,5,Summer,0,0
2026-05-24,SEC-006,20,6,1,0,5,Summer,1,1
2026-05-24,SEC-006,21,6,1,0,5,Summer,0,0
2026-05-24,SEC-006,22,6,1,0,5,Summer,1,1
2026-05-24,SEC-006,23,6,1,0,5,Summer,3,3
2026-05-25,SEC-001,0,0,0,0,5,Summer,1,1
2026-05-25,SEC-001,1,0,0,0,5,Summer,0,0
2026-05-25,SEC-001,2,0,0,0,5,Summer,1,1
2026-05-25,SEC-001,3,0,0,0,5,Summer,2,2
2026-05-25,SEC-001,4,0,0,0,5,Summer,7,7
2026-05-25,SEC-001,5,0,0,0,5,Summer,0,0
2026-05-25,SEC-001,6,0,0,0,5,Summer,0,0
2026-05-25,SEC-001,7,0,0,0,5,Summer,0,0
2026-05-25,SEC-001,8,0,0,0,5,Summer,0,0
2026-05-25,SEC-001,9,0,0,0,5,Summer,0,0
2026-05-25,SEC-001,10,0,0,0,5,Summer,0,0
2026-05-25,SEC-001,11,0,0,0,5,Summer,0,0
2026-05-25,SEC-001,12,0,0,0,5,Summer,0,0
2026-05-25,SEC-001,13,0,0,0,5,Summer,0,0
2026-05-25,SEC-001,14,0,0,0,5,Summer,1,1
2026-05-25,SEC-001,15,0,0,0,5,Summer,0,0
2026-05-25,SEC-001,16,0,0,0,5,Summer,0,0
2026-05-25,SEC-001,17,0,0,0,5,Summer,1,1
2026-05-25,SEC-001,18,0,0,0,5,Summer,0,0
2026-05-25,SEC-001,19,0,0,0,5,Summer,1,1
2026-05-25,SEC-001,20,0,0,0,5,Summer,0,0
2026-05-25,SEC-001,21,0,0,0,5,Summer,0,0
2026-05-25,SEC-001,22,0,0,0,5,Summer,2,2
2026-05-25,SEC-001,23,0,0,0,5,Summer,2,2
2026-05-25,SEC-002,0,0,0,0,5,Summer,3,3
2026-05-25,SEC-002,1,0,0,0,5,Summer,3,3
2026-05-25,SEC-002,2,0,0,0,5,Summer,1,1
2026-05-25,SEC-002,3,0,0,0,5,Summer,3,3
2026-05-25,SEC-002,4,0,0,0,5,Summer,4,4
2026-05-25,SEC-002,5,0,0,0,5,Summer,0,0
2026-05-25,SEC-002,6,0,0,0,5,Summer,0,0
2026-05-25,SEC-002,7,0,0,0,5,Summer,0,0
2026-05-25,SEC-002,8,0,0,0,5,Summer,0,0
2026-05-25,SEC-002,9,0,0,0,5,Summer,0,0
2026-05-25,SEC-002,10,0,0,0,5,Summer,0,0
2026-05-25,SEC-002,11,0,0,0,5,Summer,1,1
2026-05-25,SEC-002,12,0,0,0,5,Summer,0,0
2026-05-25,SEC-002,13,0,0,0,5,Summer,0,0
2026-05-25,SEC-002,14,0,0,0,5,Summer,0,0
2026-05-25,SEC-002,15,0,0,0,5,Summer,0,0
2026-05-25,SEC-002,16,0,0,0,5,Summer,0,0
2026-05-25,SEC-002,17,0,0,0,5,Summer,0,0
2026-05-25,SEC-002,18,0,0,0,5,Summer,0,0
2026-05-25,SEC-002,19,0,0,0,5,Summer,0,0
2026-05-25,SEC-002,20,0,0,0,5,Summer,0,0
2026-05-25,SEC-002,21,0,0,0,5,Summer,0,0
2026-05-25,SEC-002,22,0,0,0,5,Summer,1,1
2026-05-25,SEC-002,23,0,0,0,5,Summer,4,4
2026-05-25,SEC-003,0,0,0,0,5,Summer,0,0
2026-05-25,SEC-003,1,0,0,0,5,Summer,3,3
2026-05-25,SEC-003,2,0,0,0,5,Summer,3,3
2026-05-25,SEC-003,3,0,0,0,5,Summer,2,2
2026-05-25,SEC-003,4,0,0,0,5,Summer,1,1
2026-05-25,SEC-003,5,0,0,0,5,Summer,0,0
2026-05-25,SEC-003,6,0,0,0,5,Summer,0,0
2026-05-25,SEC-003,7,0,0,0,5,Summer,0,0
2026-05-25,SEC-003,8,0,0,0,5,Summer,1,1
2026-05-25,SEC-003,9,0,0,0,5,Summer,0,0
2026-05-25,SEC-003,10,0,0,0,5,Summer,0,0
2026-05-25,SEC-003,11,0,0,0,5,Summer,0,0
2026-05-25,SEC-003,12,0,0,0,5,Summer,2,2
2026-05-25,SEC-003,13,0,0,0,5,Summer,1,1
2026-05-25,SEC-003,14,0,0,0,5,Summer,0,0
2026-05-25,SEC-003,15,0,0,0,5,Summer,0,0
2026-05-25,SEC-003,16,0,0,0,5,Summer,0,0
2026-05-25,SEC-003,17,0,0,0,5,Summer,0,0
2026-05-25,SEC-003,18,0,0,0,5,Summer,0,0
2026-05-25,SEC-003,19,0,0,0,5,Summer,0,0
2026-05-25,SEC-003,20,0,0,0,5,Summer,0,0
2026-05-25,SEC-003,21,0,0,0,5,Summer,0,0
2026-05-25,SEC-003,22,0,0,0,5,Summer,4,4
2026-05-25,SEC-003,23,0,0,0,5,Summer,4,4
2026-05-25,SEC-004,0,0,0,0,5,Summer,3,3
2026-05-25,SEC-004,1,0,0,0,5,Summer,1,1
2026-05-25,SEC-004,2,0,0,0,5,Summer,1,1
2026-05-25,SEC-004,3,0,0,0,5,Summer,2,2
2026-05-25,SEC-004,4,0,0,0,5,Summer,2,2
2026-05-25,SEC-004,5,0,0,0,5,Summer,0,0
2026-05-25,SEC-004,6,0,0,0,5,Summer,0,0
2026-05-25,SEC-004,7,0,0,0,5,Summer,1,1
2026-05-25,SEC-004,8,0,0,0,5,Summer,0,0
2026-05-25,SEC-004,9,0,0,0,5,Summer,3,3
2026-05-25,SEC-004,10,0,0,0,5,Summer,1,1
2026-05-25,SEC-004,11,0,0,0,5,Summer,0,0
2026-05-25,SEC-004,12,0,0,0,5,Summer,1,1
2026-05-25,SEC-004,13,0,0,0,5,Summer,1,1
2026-05-25,SEC-004,14,0,0,0,5,Summer,0,0
2026-05-25,SEC-004,15,0,0,0,5,Summer,0,0
2026-05-25,SEC-004,16,0,0,0,5,Summer,1,1
2026-05-25,SEC-004,17,0,0,0,5,Summer,1,1
2026-05-25,SEC-004,18,0,0,0,5,Summer,1,1
2026-05-25,SEC-004,19,0,0,0,5,Summer,0,0
2026-05-25,SEC-004,20,0,0,0,5,Summer,0,0
2026-05-25,SEC-004,21,0,0,0,5,Summer,0,0
2026-05-25,SEC-004,22,0,0,0,5,Summer,5,5
2026-05-25,SEC-004,23,0,0,0,5,Summer,1,1
2026-05-25,SEC-005,0,0,0,0,5,Summer,2,2
2026-05-25,SEC-005,1,0,0,0,5,Summer,1,1
2026-05-25,SEC-005,2,0,0,0,5,Summer,1,1
2026-05-25,SEC-005,3,0,0,0,5,Summer,3,3
2026-05-25,SEC-005,4,0,0,0,5,Summer,1,1
2026-05-25,SEC-005,5,0,0,0,5,Summer,0,0
2026-05-25,SEC-005,6,0,0,0,5,Summer,0,0
2026-05-25,SEC-005,7,0,0,0,5,Summer,1,1
2026-05-25,SEC-005,8,0,0,0,5,Summer,0,0
2026-05-25,SEC-005,9,0,0,0,5,Summer,0,0
2026-05-25,SEC-005,10,0,0,0,5,Summer,0,0
2026-05-25,SEC-005,11,0,0,0,5,Summer,0,0
2026-05-25,SEC-005,12,0,0,0,5,Summer,0,0
2026-05-25,SEC-005,13,0,0,0,5,Summer,0,0
2026-05-25,SEC-005,14,0,0,0,5,Summer,1,1
2026-05-25,SEC-005,15,0,0,0,5,Summer,0,0
2026-05-25,SEC-005,16,0,0,0,5,Summer,0,0
2026-05-25,SEC-005,17,0,0,0,5,Summer,0,0
2026-05-25,SEC-005,18,0,0,0,5,Summer,1,1
2026-05-25,SEC-005,19,0,0,0,5,Summer,0,0
2026-05-25,SEC-005,20,0,0,0,5,Summer,0,0
2026-05-25,SEC-005,21,0,0,0,5,Summer,1,1
2026-05-25,SEC-005,22,0,0,0,5,Summer,2,2
2026-05-25,SEC-005,23,0,0,0,5,Summer,2,2
2026-05-25,SEC-006,0,0,0,0,5,Summer,1,1
2026-05-25,SEC-006,1,0,0,0,5,Summer,3,3
2026-05-25,SEC-006,2,0,0,0,5,Summer,2,2
2026-05-25,SEC-006,3,0,0,0,5,Summer,0,0
2026-05-25,SEC-006,4,0,0,0,5,Summer,1,1
2026-05-25,SEC-006,5,0,0,0,5,Summer,0,0
2026-05-25,SEC-006,6,0,0,0,5,Summer,0,0
2026-05-25,SEC-006,7,0,0,0,5,Summer,0,0
2026-05-25,SEC-006,8,0,0,0,5,Summer,0,0
2026-05-25,SEC-006,9,0,0,0,5,Summer,0,0
2026-05-25,SEC-006,10,0,0,0,5,Summer,0,0
2026-05-25,SEC-006,11,0,0,0,5,Summer,1,1
2026-05-25,SEC-006,12,0,0,0,5,Summer,0,0
2026-05-25,SEC-006,13,0,0,0,5,Summer,0,0
2026-05-25,SEC-006,14,0,0,0,5,Summer,0,0
2026-05-25,SEC-006,15,0,0,0,5,Summer,0,0
2026-05-25,SEC-006,16,0,0,0,5,Summer,0,0
2026-05-25,SEC-006,17,0,0,0,5,Summer,0,0
2026-05-25,SEC-006,18,0,0,0,5,Summer,0,0
2026-05-25,SEC-006,19,0,0,0,5,Summer,0,0
2026-05-25,SEC-006,20,0,0,0,5,Summer,0,0
2026-05-25,SEC-006,21,0,0,0,5,Summer,0,0
2026-05-25,SEC-006,22,0,0,0,5,Summer,0,0
2026-05-25,SEC-006,23,0,0,0,5,Summer,2,2
2026-05-26,SEC-001,0,1,0,0,5,Summer,2,2
2026-05-26,SEC-001,1,1,0,0,5,Summer,0,0
2026-05-26,SEC-001,2,1,0,0,5,Summer,2,2
2026-05-26,SEC-001,3,1,0,0,5,Summer,4,4
2026-05-26,SEC-001,4,1,0,0,5,Summer,1,1
2026-05-26,SEC-001,5,1,0,0,5,Summer,0,0
2026-05-26,SEC-001,6,1,0,0,5,Summer,1,1
2026-05-26,SEC-001,7,1,0,0,5,Summer,1,1
2026-05-26,SEC-001,8,1,0,0,5,Summer,0,0
2026-05-26,SEC-001,9,1,0,0,5,Summer,2,2
2026-05-26,SEC-001,10,1,0,0,5,Summer,0,0
2026-05-26,SEC-001,11,1,0,0,5,Summer,0,0
2026-05-26,SEC-001,12,1,0,0,5,Summer,0,0
2026-05-26,SEC-001,13,1,0,0,5,Summer,0,0
2026-05-26,SEC-001,14,1,0,0,5,Summer,1,1
2026-05-26,SEC-001,15,1,0,0,5,Summer,0,0
2026-05-26,SEC-001,16,1,0,0,5,Summer,0,0
2026-05-26,SEC-001,17,1,0,0,5,Summer,0,0
2026-05-26,SEC-001,18,1,0,0,5,Summer,0,0
2026-05-26,SEC-001,19,1,0,0,5,Summer,0,0
2026-05-26,SEC-001,20,1,0,0,5,Summer,0,0
2026-05-26,SEC-001,21,1,0,0,5,Summer,0,0
2026-05-26,SEC-001,22,1,0,0,5,Summer,5,5
2026-05-26,SEC-001,23,1,0,0,5,Summer,1,1
2026-05-26,SEC-002,0,1,0,0,5,Summer,4,4
2026-05-26,SEC-002,1,1,0,0,5,Summer,2,2
2026-05-26,SEC-002,2,1,0,0,5,Summer,2,2
2026-05-26,SEC-002,3,1,0,0,5,Summer,3,3
2026-05-26,SEC-002,4,1,0,0,5,Summer,3,3
2026-05-26,SEC-002,5,1,0,0,5,Summer,0,0
2026-05-26,SEC-002,6,1,0,0,5,Summer,0,0
2026-05-26,SEC-002,7,1,0,0,5,Summer,1,1
2026-05-26,SEC-002,8,1,0,0,5,Summer,1,1
2026-05-26,SEC-002,9,1,0,0,5,Summer,1,1
2026-05-26,SEC-002,10,1,0,0,5,Summer,1,1
2026-05-26,SEC-002,11,1,0,0,5,Summer,0,0
2026-05-26,SEC-002,12,1,0,0,5,Summer,2,2
2026-05-26,SEC-002,13,1,0,0,5,Summer,0,0
2026-05-26,SEC-002,14,1,0,0,5,Summer,0,0
2026-05-26,SEC-002,15,1,0,0,5,Summer,0,0
2026-05-26,SEC-002,16,1,0,0,5,Summer,0,0
2026-05-26,SEC-002,17,1,0,0,5,Summer,0,0
2026-05-26,SEC-002,18,1,0,0,5,Summer,1,1
2026-05-26,SEC-002,19,1,0,0,5,Summer,0,0
2026-05-26,SEC-002,20,1,0,0,5,Summer,0,0
2026-05-26,SEC-002,21,1,0,0,5,Summer,0,0
2026-05-26,SEC-002,22,1,0,0,5,Summer,2,2
2026-05-26,SEC-002,23,1,0,0,5,Summer,2,2
2026-05-26,SEC-003,0,1,0,0,5,Summer,1,1
2026-05-26,SEC-003,1,1,0,0,5,Summer,2,2
2026-05-26,SEC-003,2,1,0,0,5,Summer,1,1
2026-05-26,SEC-003,3,1,0,0,5,Summer,2,2
2026-05-26,SEC-003,4,1,0,0,5,Summer,1,1
2026-05-26,SEC-003,5,1,0,0,5,Summer,1,1
2026-05-26,SEC-003,6,1,0,0,5,Summer,0,0
2026-05-26,SEC-003,7,1,0,0,5,Summer,0,0
2026-05-26,SEC-003,8,1,0,0,5,Summer,0,0
2026-05-26,SEC-003,9,1,0,0,5,Summer,0,0
2026-05-26,SEC-003,10,1,0,0,5,Summer,0,0
2026-05-26,SEC-003,11,1,0,0,5,Summer,1,1
2026-05-26,SEC-003,12,1,0,0,5,Summer,0,0
2026-05-26,SEC-003,13,1,0,0,5,Summer,0,0
2026-05-26,SEC-003,14,1,0,0,5,Summer,0,0
2026-05-26,SEC-003,15,1,0,0,5,Summer,0,0
2026-05-26,SEC-003,16,1,0,0,5,Summer,0,0
2026-05-26,SEC-003,17,1,0,0,5,Summer,1,1
2026-05-26,SEC-003,18,1,0,0,5,Summer,0,0
2026-05-26,SEC-003,19,1,0,0,5,Summer,2,2
2026-05-26,SEC-003,20,1,0,0,5,Summer,0,0
2026-05-26,SEC-003,21,1,0,0,5,Summer,0,0
2026-05-26,SEC-003,22,1,0,0,5,Summer,2,2
2026-05-26,SEC-003,23,1,0,0,5,Summer,1,1
2026-05-26,SEC-004,0,1,0,0,5,Summer,2,2
2026-05-26,SEC-004,1,1,0,0,5,Summer,0,0
2026-05-26,SEC-004,2,1,0,0,5,Summer,2,2
2026-05-26,SEC-004,3,1,0,0,5,Summer,0,0
2026-05-26,SEC-004,4,1,0,0,5,Summer,1,1
2026-05-26,SEC-004,5,1,0,0,5,Summer,0,0
2026-05-26,SEC-004,6,1,0,0,5,Summer,0,0
2026-05-26,SEC-004,7,1,0,0,5,Summer,0,0
2026-05-26,SEC-004,8,1,0,0,5,Summer,0,0
2026-05-26,SEC-004,9,1,0,0,5,Summer,0,0
2026-05-26,SEC-004,10,1,0,0,5,Summer,0,0
2026-05-26,SEC-004,11,1,0,0,5,Summer,0,0
2026-05-26,SEC-004,12,1,0,0,5,Summer,0,0
2026-05-26,SEC-004,13,1,0,0,5,Summer,0,0
2026-05-26,SEC-004,14,1,0,0,5,Summer,1,1
2026-05-26,SEC-004,15,1,0,0,5,Summer,0,0
2026-05-26,SEC-004,16,1,0,0,5,Summer,0,0
2026-05-26,SEC-004,17,1,0,0,5,Summer,1,1
2026-05-26,SEC-004,18,1,0,0,5,Summer,1,1
2026-05-26,SEC-004,19,1,0,0,5,Summer,0,0
2026-05-26,SEC-004,20,1,0,0,5,Summer,1,1
2026-05-26,SEC-004,21,1,0,0,5,Summer,0,0
2026-05-26,SEC-004,22,1,0,0,5,Summer,0,0
2026-05-26,SEC-004,23,1,0,0,5,Summer,4,4
2026-05-26,SEC-005,0,1,0,0,5,Summer,5,5
2026-05-26,SEC-005,1,1,0,0,5,Summer,3,3
2026-05-26,SEC-005,2,1,0,0,5,Summer,0,0
2026-05-26,SEC-005,3,1,0,0,5,Summer,1,1
2026-05-26,SEC-005,4,1,0,0,5,Summer,0,0
2026-05-26,SEC-005,5,1,0,0,5,Summer,0,0
2026-05-26,SEC-005,6,1,0,0,5,Summer,2,2
2026-05-26,SEC-005,7,1,0,0,5,Summer,0,0
2026-05-26,SEC-005,8,1,0,0,5,Summer,2,2
2026-05-26,SEC-005,9,1,0,0,5,Summer,0,0
2026-05-26,SEC-005,10,1,0,0,5,Summer,0,0
2026-05-26,SEC-005,11,1,0,0,5,Summer,0,0
2026-05-26,SEC-005,12,1,0,0,5,Summer,1,1
2026-05-26,SEC-005,13,1,0,0,5,Summer,0,0
2026-05-26,SEC-005,14,1,0,0,5,Summer,0,0
2026-05-26,SEC-005,15,1,0,0,5,Summer,0,0
2026-05-26,SEC-005,16,1,0,0,5,Summer,0,0
2026-05-26,SEC-005,17,1,0,0,5,Summer,0,0
2026-05-26,SEC-005,18,1,0,0,5,Summer,0,0
2026-05-26,SEC-005,19,1,0,0,5,Summer,0,0
2026-05-26,SEC-005,20,1,0,0,5,Summer,1,1
2026-05-26,SEC-005,21,1,0,0,5,Summer,0,0
2026-05-26,SEC-005,22,1,0,0,5,Summer,0,0
2026-05-26,SEC-005,23,1,0,0,5,Summer,1,1
2026-05-26,SEC-006,0,1,0,0,5,Summer,2,2
2026-05-26,SEC-006,1,1,0,0,5,Summer,3,3
2026-05-26,SEC-006,2,1,0,0,5,Summer,3,3
2026-05-26,SEC-006,3,1,0,0,5,Summer,4,4
2026-05-26,SEC-006,4,1,0,0,5,Summer,0,0
2026-05-26,SEC-006,5,1,0,0,5,Summer,0,0
2026-05-26,SEC-006,6,1,0,0,5,Summer,0,0
2026-05-26,SEC-006,7,1,0,0,5,Summer,1,1
2026-05-26,SEC-006,8,1,0,0,5,Summer,0,0
2026-05-26,SEC-006,9,1,0,0,5,Summer,0,0
2026-05-26,SEC-006,10,1,0,0,5,Summer,0,0
2026-05-26,SEC-006,11,1,0,0,5,Summer,0,0
2026-05-26,SEC-006,12,1,0,0,5,Summer,0,0
2026-05-26,SEC-006,13,1,0,0,5,Summer,1,1
2026-05-26,SEC-006,14,1,0,0,5,Summer,1,1
2026-05-26,SEC-006,15,1,0,0,5,Summer,0,0
2026-05-26,SEC-006,16,1,0,0,5,Summer,1,1
2026-05-26,SEC-006,17,1,0,0,5,Summer,1,1
2026-05-26,SEC-006,18,1,0,0,5,Summer,0,0
2026-05-26,SEC-006,19,1,0,0,5,Summer,1,1
2026-05-26,SEC-006,20,1,0,0,5,Summer,1,1
2026-05-26,SEC-006,21,1,0,0,5,Summer,1,1
2026-05-26,SEC-006,22,1,0,0,5,Summer,1,1
2026-05-26,SEC-006,23,1,0,0,5,Summer,0,0
2026-05-27,SEC-001,0,2,0,0,5,Summer,1,1
2026-05-27,SEC-001,1,2,0,0,5,Summer,3,3
2026-05-27,SEC-001,2,2,0,0,5,Summer,4,4
2026-05-27,SEC-001,3,2,0,0,5,Summer,1,1
2026-05-27,SEC-001,4,2,0,0,5,Summer,3,3
2026-05-27,SEC-001,5,2,0,0,5,Summer,0,0
2026-05-27,SEC-001,6,2,0,0,5,Summer,0,0
2026-05-27,SEC-001,7,2,0,0,5,Summer,0,0
2026-05-27,SEC-001,8,2,0,0,5,Summer,1,1
2026-05-27,SEC-001,9,2,0,0,5,Summer,1,1
2026-05-27,SEC-001,10,2,0,0,5,Summer,1,1
2026-05-27,SEC-001,11,2,0,0,5,Summer,0,0
2026-05-27,SEC-001,12,2,0,0,5,Summer,1,1
2026-05-27,SEC-001,13,2,0,0,5,Summer,0,0
2026-05-27,SEC-001,14,2,0,0,5,Summer,2,2
2026-05-27,SEC-001,15,2,0,0,5,Summer,1,1
2026-05-27,SEC-001,16,2,0,0,5,Summer,0,0
2026-05-27,SEC-001,17,2,0,0,5,Summer,0,0
2026-05-27,SEC-001,18,2,0,0,5,Summer,0,0
2026-05-27,SEC-001,19,2,0,0,5,Summer,0,0
2026-05-27,SEC-001,20,2,0,0,5,Summer,1,1
2026-05-27,SEC-001,21,2,0,0,5,Summer,0,0
2026-05-27,SEC-001,22,2,0,0,5,Summer,1,1
2026-05-27,SEC-001,23,2,0,0,5,Summer,0,0
2026-05-27,SEC-002,0,2,0,0,5,Summer,1,1
2026-05-27,SEC-002,1,2,0,0,5,Summer,1,1
2026-05-27,SEC-002,2,2,0,0,5,Summer,1,1
2026-05-27,SEC-002,3,2,0,0,5,Summer,2,2
2026-05-27,SEC-002,4,2,0,0,5,Summer,2,2
2026-05-27,SEC-002,5,2,0,0,5,Summer,1,1
2026-05-27,SEC-002,6,2,0,0,5,Summer,0,0
2026-05-27,SEC-002,7,2,0,0,5,Summer,1,1
2026-05-27,SEC-002,8,2,0,0,5,Summer,1,1
2026-05-27,SEC-002,9,2,0,0,5,Summer,0,0
2026-05-27,SEC-002,10,2,0,0,5,Summer,1,1
2026-05-27,SEC-002,11,2,0,0,5,Summer,1,1
2026-05-27,SEC-002,12,2,0,0,5,Summer,0,0
2026-05-27,SEC-002,13,2,0,0,5,Summer,0,0
2026-05-27,SEC-002,14,2,0,0,5,Summer,0,0
2026-05-27,SEC-002,15,2,0,0,5,Summer,0,0
2026-05-27,SEC-002,16,2,0,0,5,Summer,0,0
2026-05-27,SEC-002,17,2,0,0,5,Summer,0,0
2026-05-27,SEC-002,18,2,0,0,5,Summer,0,0
2026-05-27,SEC-002,19,2,0,0,5,Summer,0,0
2026-05-27,SEC-002,20,2,0,0,5,Summer,0,0
2026-05-27,SEC-002,21,2,0,0,5,Summer,0,0
2026-05-27,SEC-002,22,2,0,0,5,Summer,3,3
2026-05-27,SEC-002,23,2,0,0,5,Summer,0,0
2026-05-27,SEC-003,0,2,0,0,5,Summer,2,2
2026-05-27,SEC-003,1,2,0,0,5,Summer,5,5
2026-05-27,SEC-003,2,2,0,0,5,Summer,2,2
2026-05-27,SEC-003,3,2,0,0,5,Summer,0,0
2026-05-27,SEC-003,4,2,0,0,5,Summer,2,2
2026-05-27,SEC-003,5,2,0,0,5,Summer,0,0
2026-05-27,SEC-003,6,2,0,0,5,Summer,2,2
2026-05-27,SEC-003,7,2,0,0,5,Summer,0,0
2026-05-27,SEC-003,8,2,0,0,5,Summer,0,0
2026-05-27,SEC-003,9,2,0,0,5,Summer,0,0
2026-05-27,SEC-003,10,2,0,0,5,Summer,0,0
2026-05-27,SEC-003,11,2,0,0,5,Summer,0,0
2026-05-27,SEC-003,12,2,0,0,5,Summer,0,0
2026-05-27,SEC-003,13,2,0,0,5,Summer,0,0
2026-05-27,SEC-003,14,2,0,0,5,Summer,0,0
2026-05-27,SEC-003,15,2,0,0,5,Summer,0,0
2026-05-27,SEC-003,16,2,0,0,5,Summer,1,1
2026-05-27,SEC-003,17,2,0,0,5,Summer,0,0
2026-05-27,SEC-003,18,2,0,0,5,Summer,0,0
2026-05-27,SEC-003,19,2,0,0,5,Summer,0,0
2026-05-27,SEC-003,20,2,0,0,5,Summer,1,1
2026-05-27,SEC-003,21,2,0,0,5,Summer,0,0
2026-05-27,SEC-003,22,2,0,0,5,Summer,1,1
2026-05-27,SEC-003,23,2,0,0,5,Summer,4,4
2026-05-27,SEC-004,0,2,0,0,5,Summer,0,0
2026-05-27,SEC-004,1,2,0,0,5,Summer,1,1
2026-05-27,SEC-004,2,2,0,0,5,Summer,0,0
2026-05-27,SEC-004,3,2,0,0,5,Summer,4,4
2026-05-27,SEC-004,4,2,0,0,5,Summer,4,4
2026-05-27,SEC-004,5,2,0,0,5,Summer,0,0
2026-05-27,SEC-004,6,2,0,0,5,Summer,2,2
2026-05-27,SEC-004,7,2,0,0,5,Summer,0,0
2026-05-27,SEC-004,8,2,0,0,5,Summer,1,1
2026-05-27,SEC-004,9,2,0,0,5,Summer,2,2
2026-05-27,SEC-004,10,2,0,0,5,Summer,1,1
2026-05-27,SEC-004,11,2,0,0,5,Summer,0,0
2026-05-27,SEC-004,12,2,0,0,5,Summer,0,0
2026-05-27,SEC-004,13,2,0,0,5,Summer,1,1
2026-05-27,SEC-004,14,2,0,0,5,Summer,0,0
2026-05-27,SEC-004,15,2,0,0,5,Summer,0,0
2026-05-27,SEC-004,16,2,0,0,5,Summer,0,0
2026-05-27,SEC-004,17,2,0,0,5,Summer,0,0
2026-05-27,SEC-004,18,2,0,0,5,Summer,0,0
2026-05-27,SEC-004,19,2,0,0,5,Summer,0,0
2026-05-27,SEC-004,20,2,0,0,5,Summer,0,0
2026-05-27,SEC-004,21,2,0,0,5,Summer,0,0
2026-05-27,SEC-004,22,2,0,0,5,Summer,3,3
2026-05-27,SEC-004,23,2,0,0,5,Summer,0,0
2026-05-27,SEC-005,0,2,0,0,5,Summer,0,0
2026-05-27,SEC-005,1,2,0,0,5,Summer,2,2
2026-05-27,SEC-005,2,2,0,0,5,Summer,0,0
2026-05-27,SEC-005,3,2,0,0,5,Summer,2,2
2026-05-27,SEC-005,4,2,0,0,5,Summer,2,2
2026-05-27,SEC-005,5,2,0,0,5,Summer,0,0
2026-05-27,SEC-005,6,2,0,0,5,Summer,0,0
2026-05-27,SEC-005,7,2,0,0,5,Summer,0,0
2026-05-27,SEC-005,8,2,0,0,5,Summer,1,1
2026-05-27,SEC-005,9,2,0,0,5,Summer,0,0
2026-05-27,SEC-005,10,2,0,0,5,Summer,0,0
2026-05-27,SEC-005,11,2,0,0,5,Summer,0,0
2026-05-27,SEC-005,12,2,0,0,5,Summer,1,1
2026-05-27,SEC-005,13,2,0,0,5,Summer,0,0
2026-05-27,SEC-005,14,2,0,0,5,Summer,0,0
2026-05-27,SEC-005,15,2,0,0,5,Summer,0,0
2026-05-27,SEC-005,16,2,0,0,5,Summer,1,1
2026-05-27,SEC-005,17,2,0,0,5,Summer,0,0
2026-05-27,SEC-005,18,2,0,0,5,Summer,0,0
2026-05-27,SEC-005,19,2,0,0,5,Summer,0,0
2026-05-27,SEC-005,20,2,0,0,5,Summer,0,0
2026-05-27,SEC-005,21,2,0,0,5,Summer,0,0
2026-05-27,SEC-005,22,2,0,0,5,Summer,1,1
2026-05-27,SEC-005,23,2,0,0,5,Summer,1,1
2026-05-27,SEC-006,0,2,0,0,5,Summer,2,2
2026-05-27,SEC-006,1,2,0,0,5,Summer,2,2
2026-05-27,SEC-006,2,2,0,0,5,Summer,0,0
2026-05-27,SEC-006,3,2,0,0,5,Summer,1,1
2026-05-27,SEC-006,4,2,0,0,5,Summer,3,3
2026-05-27,SEC-006,5,2,0,0,5,Summer,0,0
2026-05-27,SEC-006,6,2,0,0,5,Summer,0,0
2026-05-27,SEC-006,7,2,0,0,5,Summer,1,1
2026-05-27,SEC-006,8,2,0,0,5,Summer,2,2
2026-05-27,SEC-006,9,2,0,0,5,Summer,0,0
2026-05-27,SEC-006,10,2,0,0,5,Summer,0,0
2026-05-27,SEC-006,11,2,0,0,5,Summer,0,0
2026-05-27,SEC-006,12,2,0,0,5,Summer,1,1
2026-05-27,SEC-006,13,2,0,0,5,Summer,1,1
2026-05-27,SEC-006,14,2,0,0,5,Summer,0,0
2026-05-27,SEC-006,15,2,0,0,5,Summer,1,1
2026-05-27,SEC-006,16,2,0,0,5,Summer,0,0
2026-05-27,SEC-006,17,2,0,0,5,Summer,1,1
2026-05-27,SEC-006,18,2,0,0,5,Summer,0,0
2026-05-27,SEC-006,19,2,0,0,5,Summer,0,0
2026-05-27,SEC-006,20,2,0,0,5,Summer,0,0
2026-05-27,SEC-006,21,2,0,0,5,Summer,0,0
2026-05-27,SEC-006,22,2,0,0,5,Summer,1,1
2026-05-27,SEC-006,23,2,0,0,5,Summer,1,1
2026-05-28,SEC-001,0,3,0,0,5,Summer,2,2
2026-05-28,SEC-001,1,3,0,0,5,Summer,0,0
2026-05-28,SEC-001,2,3,0,0,5,Summer,0,0
2026-05-28,SEC-001,3,3,0,0,5,Summer,2,2
2026-05-28,SEC-001,4,3,0,0,5,Summer,1,1
2026-05-28,SEC-001,5,3,0,0,5,Summer,0,0
2026-05-28,SEC-001,6,3,0,0,5,Summer,0,0
2026-05-28,SEC-001,7,3,0,0,5,Summer,1,1
2026-05-28,SEC-001,8,3,0,0,5,Summer,0,0
2026-05-28,SEC-001,9,3,0,0,5,Summer,0,0
2026-05-28,SEC-001,10,3,0,0,5,Summer,0,0
2026-05-28,SEC-001,11,3,0,0,5,Summer,0,0
2026-05-28,SEC-001,12,3,0,0,5,Summer,0,0
2026-05-28,SEC-001,13,3,0,0,5,Summer,0,0
2026-05-28,SEC-001,14,3,0,0,5,Summer,0,0
2026-05-28,SEC-001,15,3,0,0,5,Summer,0,0
2026-05-28,SEC-001,16,3,0,0,5,Summer,0,0
2026-05-28,SEC-001,17,3,0,0,5,Summer,0,0
2026-05-28,SEC-001,18,3,0,0,5,Summer,0,0
2026-05-28,SEC-001,19,3,0,0,5,Summer,1,1
2026-05-28,SEC-001,20,3,0,0,5,Summer,0,0
2026-05-28,SEC-001,21,3,0,0,5,Summer,0,0
2026-05-28,SEC-001,22,3,0,0,5,Summer,3,3
2026-05-28,SEC-001,23,3,0,0,5,Summer,1,1
2026-05-28,SEC-002,0,3,0,0,5,Summer,3,3
2026-05-28,SEC-002,1,3,0,0,5,Summer,2,2
2026-05-28,SEC-002,2,3,0,0,5,Summer,2,2
2026-05-28,SEC-002,3,3,0,0,5,Summer,2,2
2026-05-28,SEC-002,4,3,0,0,5,Summer,1,1
2026-05-28,SEC-002,5,3,0,0,5,Summer,1,1
2026-05-28,SEC-002,6,3,0,0,5,Summer,1,1
2026-05-28,SEC-002,7,3,0,0,5,Summer,1,1
2026-05-28,SEC-002,8,3,0,0,5,Summer,0,0
2026-05-28,SEC-002,9,3,0,0,5,Summer,1,1
2026-05-28,SEC-002,10,3,0,0,5,Summer,1,1
2026-05-28,SEC-002,11,3,0,0,5,Summer,1,1
2026-05-28,SEC-002,12,3,0,0,5,Summer,0,0
2026-05-28,SEC-002,13,3,0,0,5,Summer,0,0
2026-05-28,SEC-002,14,3,0,0,5,Summer,1,1
2026-05-28,SEC-002,15,3,0,0,5,Summer,1,1
2026-05-28,SEC-002,16,3,0,0,5,Summer,3,3
2026-05-28,SEC-002,17,3,0,0,5,Summer,1,1
2026-05-28,SEC-002,18,3,0,0,5,Summer,0,0
2026-05-28,SEC-002,19,3,0,0,5,Summer,0,0
2026-05-28,SEC-002,20,3,0,0,5,Summer,0,0
2026-05-28,SEC-002,21,3,0,0,5,Summer,0,0
2026-05-28,SEC-002,22,3,0,0,5,Summer,1,1
2026-05-28,SEC-002,23,3,0,0,5,Summer,1,1
2026-05-28,SEC-003,0,3,0,0,5,Summer,1,1
2026-05-28,SEC-003,1,3,0,0,5,Summer,0,0
2026-05-28,SEC-003,2,3,0,0,5,Summer,1,1
2026-05-28,SEC-003,3,3,0,0,5,Summer,1,1
2026-05-28,SEC-003,4,3,0,0,5,Summer,2,2
2026-05-28,SEC-003,5,3,0,0,5,Summer,0,0
2026-05-28,SEC-003,6,3,0,0,5,Summer,0,0
2026-05-28,SEC-003,7,3,0,0,5,Summer,2,2
2026-05-28,SEC-003,8,3,0,0,5,Summer,1,1
2026-05-28,SEC-003,9,3,0,0,5,Summer,0,0
2026-05-28,SEC-003,10,3,0,0,5,Summer,0,0
2026-05-28,SEC-003,11,3,0,0,5,Summer,1,1
2026-05-28,SEC-003,12,3,0,0,5,Summer,0,0
2026-05-28,SEC-003,13,3,0,0,5,Summer,0,0
2026-05-28,SEC-003,14,3,0,0,5,Summer,1,1
2026-05-28,SEC-003,15,3,0,0,5,Summer,1,1
2026-05-28,SEC-003,16,3,0,0,5,Summer,0,0
2026-05-28,SEC-003,17,3,0,0,5,Summer,0,0
2026-05-28,SEC-003,18,3,0,0,5,Summer,0,0
2026-05-28,SEC-003,19,3,0,0,5,Summer,0,0
2026-05-28,SEC-003,20,3,0,0,5,Summer,1,1
2026-05-28,SEC-003,21,3,0,0,5,Summer,0,0
2026-05-28,SEC-003,22,3,0,0,5,Summer,0,0
2026-05-28,SEC-003,23,3,0,0,5,Summer,3,3
2026-05-28,SEC-004,0,3,0,0,5,Summer,1,1
2026-05-28,SEC-004,1,3,0,0,5,Summer,5,5
2026-05-28,SEC-004,2,3,0,0,5,Summer,2,2
2026-05-28,SEC-004,3,3,0,0,5,Summer,2,2
2026-05-28,SEC-004,4,3,0,0,5,Summer,1,1
2026-05-28,SEC-004,5,3,0,0,5,Summer,0,0
2026-05-28,SEC-004,6,3,0,0,5,Summer,0,0
2026-05-28,SEC-004,7,3,0,0,5,Summer,0,0
2026-05-28,SEC-004,8,3,0,0,5,Summer,0,0
2026-05-28,SEC-004,9,3,0,0,5,Summer,1,1
2026-05-28,SEC-004,10,3,0,0,5,Summer,1,1
2026-05-28,SEC-004,11,3,0,0,5,Summer,0,0
2026-05-28,SEC-004,12,3,0,0,5,Summer,1,1
2026-05-28,SEC-004,13,3,0,0,5,Summer,4,4
2026-05-28,SEC-004,14,3,0,0,5,Summer,0,0
2026-05-28,SEC-004,15,3,0,0,5,Summer,0,0
2026-05-28,SEC-004,16,3,0,0,5,Summer,1,1
2026-05-28,SEC-004,17,3,0,0,5,Summer,1,1
2026-05-28,SEC-004,18,3,0,0,5,Summer,1,1
2026-05-28,SEC-004,19,3,0,0,5,Summer,0,0
2026-05-28,SEC-004,20,3,0,0,5,Summer,1,1
2026-05-28,SEC-004,21,3,0,0,5,Summer,0,0
2026-05-28,SEC-004,22,3,0,0,5,Summer,3,3
2026-05-28,SEC-004,23,3,0,0,5,Summer,3,3
2026-05-28,SEC-005,0,3,0,0,5,Summer,1,1
2026-05-28,SEC-005,1,3,0,0,5,Summer,1,1
2026-05-28,SEC-005,2,3,0,0,5,Summer,3,3
2026-05-28,SEC-005,3,3,0,0,5,Summer,2,2
2026-05-28,SEC-005,4,3,0,0,5,Summer,3,3
2026-05-28,SEC-005,5,3,0,0,5,Summer,0,0
2026-05-28,SEC-005,6,3,0,0,5,Summer,0,0
2026-05-28,SEC-005,7,3,0,0,5,Summer,0,0
2026-05-28,SEC-005,8,3,0,0,5,Summer,1,1
2026-05-28,SEC-005,9,3,0,0,5,Summer,0,0
2026-05-28,SEC-005,10,3,0,0,5,Summer,0,0
2026-05-28,SEC-005,11,3,0,0,5,Summer,0,0
2026-05-28,SEC-005,12,3,0,0,5,Summer,2,2
2026-05-28,SEC-005,13,3,0,0,5,Summer,1,1
2026-05-28,SEC-005,14,3,0,0,5,Summer,0,0
2026-05-28,SEC-005,15,3,0,0,5,Summer,1,1
2026-05-28,SEC-005,16,3,0,0,5,Summer,0,0
2026-05-28,SEC-005,17,3,0,0,5,Summer,0,0
2026-05-28,SEC-005,18,3,0,0,5,Summer,0,0
2026-05-28,SEC-005,19,3,0,0,5,Summer,0,0
2026-05-28,SEC-005,20,3,0,0,5,Summer,1,1
2026-05-28,SEC-005,21,3,0,0,5,Summer,1,1
2026-05-28,SEC-005,22,3,0,0,5,Summer,1,1
2026-05-28,SEC-005,23,3,0,0,5,Summer,2,2
2026-05-28,SEC-006,0,3,0,0,5,Summer,2,2
2026-05-28,SEC-006,1,3,0,0,5,Summer,4,4
2026-05-28,SEC-006,2,3,0,0,5,Summer,1,1
2026-05-28,SEC-006,3,3,0,0,5,Summer,0,0
2026-05-28,SEC-006,4,3,0,0,5,Summer,2,2
2026-05-28,SEC-006,5,3,0,0,5,Summer,0,0
2026-05-28,SEC-006,6,3,0,0,5,Summer,0,0
2026-05-28,SEC-006,7,3,0,0,5,Summer,0,0
2026-05-28,SEC-006,8,3,0,0,5,Summer,0,0
2026-05-28,SEC-006,9,3,0,0,5,Summer,2,2
2026-05-28,SEC-006,10,3,0,0,5,Summer,2,2
2026-05-28,SEC-006,11,3,0,0,5,Summer,0,0
2026-05-28,SEC-006,12,3,0,0,5,Summer,1,1
2026-05-28,SEC-006,13,3,0,0,5,Summer,0,0
2026-05-28,SEC-006,14,3,0,0,5,Summer,0,0
2026-05-28,SEC-006,15,3,0,0,5,Summer,0,0
2026-05-28,SEC-006,16,3,0,0,5,Summer,0,0
2026-05-28,SEC-006,17,3,0,0,5,Summer,1,1
2026-05-28,SEC-006,18,3,0,0,5,Summer,0,0
2026-05-28,SEC-006,19,3,0,0,5,Summer,0,0
2026-05-28,SEC-006,20,3,0,0,5,Summer,2,2
2026-05-28,SEC-006,21,3,0,0,5,Summer,1,1
2026-05-28,SEC-006,22,3,0,0,5,Summer,5,5
2026-05-28,SEC-006,23,3,0,0,5,Summer,1,1
2026-05-29,SEC-001,0,4,0,0,5,Summer,4,4
2026-05-29,SEC-001,1,4,0,0,5,Summer,2,2
2026-05-29,SEC-001,2,4,0,0,5,Summer,3,3
2026-05-29,SEC-001,3,4,0,0,5,Summer,1,1
2026-05-29,SEC-001,4,4,0,0,5,Summer,5,5
2026-05-29,SEC-001,5,4,0,0,5,Summer,1,1
2026-05-29,SEC-001,6,4,0,0,5,Summer,0,0
2026-05-29,SEC-001,7,4,0,0,5,Summer,1,1
2026-05-29,SEC-001,8,4,0,0,5,Summer,0,0
2026-05-29,SEC-001,9,4,0,0,5,Summer,0,0
2026-05-29,SEC-001,10,4,0,0,5,Summer,1,1
2026-05-29,SEC-001,11,4,0,0,5,Summer,1,1
2026-05-29,SEC-001,12,4,0,0,5,Summer,0,0
2026-05-29,SEC-001,13,4,0,0,5,Summer,0,0
2026-05-29,SEC-001,14,4,0,0,5,Summer,0,0
2026-05-29,SEC-001,15,4,0,0,5,Summer,1,1
2026-05-29,SEC-001,16,4,0,0,5,Summer,0,0
2026-05-29,SEC-001,17,4,0,0,5,Summer,1,1
2026-05-29,SEC-001,18,4,0,0,5,Summer,0,0
2026-05-29,SEC-001,19,4,0,0,5,Summer,0,0
2026-05-29,SEC-001,20,4,0,0,5,Summer,0,0
2026-05-29,SEC-001,21,4,0,0,5,Summer,0,0
2026-05-29,SEC-001,22,4,0,0,5,Summer,0,0
2026-05-29,SEC-001,23,4,0,0,5,Summer,1,1
2026-05-29,SEC-002,0,4,0,0,5,Summer,3,3
2026-05-29,SEC-002,1,4,0,0,5,Summer,4,4
2026-05-29,SEC-002,2,4,0,0,5,Summer,1,1
2026-05-29,SEC-002,3,4,0,0,5,Summer,2,2
2026-05-29,SEC-002,4,4,0,0,5,Summer,2,2
2026-05-29,SEC-002,5,4,0,0,5,Summer,0,0
2026-05-29,SEC-002,6,4,0,0,5,Summer,0,0
2026-05-29,SEC-002,7,4,0,0,5,Summer,0,0
2026-05-29,SEC-002,8,4,0,0,5,Summer,1,1
2026-05-29,SEC-002,9,4,0,0,5,Summer,0,0
2026-05-29,SEC-002,10,4,0,0,5,Summer,0,0
2026-05-29,SEC-002,11,4,0,0,5,Summer,0,0
2026-05-29,SEC-002,12,4,0,0,5,Summer,1,1
2026-05-29,SEC-002,13,4,0,0,5,Summer,0,0
2026-05-29,SEC-002,14,4,0,0,5,Summer,0,0
2026-05-29,SEC-002,15,4,0,0,5,Summer,0,0
2026-05-29,SEC-002,16,4,0,0,5,Summer,1,1
2026-05-29,SEC-002,17,4,0,0,5,Summer,0,0
2026-05-29,SEC-002,18,4,0,0,5,Summer,1,1
2026-05-29,SEC-002,19,4,0,0,5,Summer,0,0
2026-05-29,SEC-002,20,4,0,0,5,Summer,1,1
2026-05-29,SEC-002,21,4,0,0,5,Summer,0,0
2026-05-29,SEC-002,22,4,0,0,5,Summer,1,1
2026-05-29,SEC-002,23,4,0,0,5,Summer,2,2
2026-05-29,SEC-003,0,4,0,0,5,Summer,1,1
2026-05-29,SEC-003,1,4,0,0,5,Summer,2,2
2026-05-29,SEC-003,2,4,0,0,5,Summer,2,2
2026-05-29,SEC-003,3,4,0,0,5,Summer,5,5
2026-05-29,SEC-003,4,4,0,0,5,Summer,0,0
2026-05-29,SEC-003,5,4,0,0,5,Summer,0,0
2026-05-29,SEC-003,6,4,0,0,5,Summer,1,1
2026-05-29,SEC-003,7,4,0,0,5,Summer,0,0
2026-05-29,SEC-003,8,4,0,0,5,Summer,1,1
2026-05-29,SEC-003,9,4,0,0,5,Summer,0,0
2026-05-29,SEC-003,10,4,0,0,5,Summer,0,0
2026-05-29,SEC-003,11,4,0,0,5,Summer,0,0
2026-05-29,SEC-003,12,4,0,0,5,Summer,1,1
2026-05-29,SEC-003,13,4,0,0,5,Summer,0,0
2026-05-29,SEC-003,14,4,0,0,5,Summer,0,0
2026-05-29,SEC-003,15,4,0,0,5,Summer,1,1
2026-05-29,SEC-003,16,4,0,0,5,Summer,2,2
2026-05-29,SEC-003,17,4,0,0,5,Summer,0,0
2026-05-29,SEC-003,18,4,0,0,5,Summer,0,0
2026-05-29,SEC-003,19,4,0,0,5,Summer,1,1
2026-05-29,SEC-003,20,4,0,0,5,Summer,0,0
2026-05-29,SEC-003,21,4,0,0,5,Summer,1,1
2026-05-29,SEC-003,22,4,0,0,5,Summer,1,1
2026-05-29,SEC-003,23,4,0,0,5,Summer,3,3
2026-05-29,SEC-004,0,4,0,0,5,Summer,2,2
2026-05-29,SEC-004,1,4,0,0,5,Summer,1,1
2026-05-29,SEC-004,2,4,0,0,5,Summer,3,3
2026-05-29,SEC-004,3,4,0,0,5,Summer,0,0
2026-05-29,SEC-004,4,4,0,0,5,Summer,2,2
2026-05-29,SEC-004,5,4,0,0,5,Summer,1,1
2026-05-29,SEC-004,6,4,0,0,5,Summer,2,2
2026-05-29,SEC-004,7,4,0,0,5,Summer,0,0
2026-05-29,SEC-004,8,4,0,0,5,Summer,1,1
2026-05-29,SEC-004,9,4,0,0,5,Summer,0,0
2026-05-29,SEC-004,10,4,0,0,5,Summer,0,0
2026-05-29,SEC-004,11,4,0,0,5,Summer,0,0
2026-05-29,SEC-004,12,4,0,0,5,Summer,1,1
2026-05-29,SEC-004,13,4,0,0,5,Summer,0,0
2026-05-29,SEC-004,14,4,0,0,5,Summer,0,0
2026-05-29,SEC-004,15,4,0,0,5,Summer,0,0
2026-05-29,SEC-004,16,4,0,0,5,Summer,0,0
2026-05-29,SEC-004,17,4,0,0,5,Summer,1,1
2026-05-29,SEC-004,18,4,0,0,5,Summer,1,1
2026-05-29,SEC-004,19,4,0,0,5,Summer,0,0
2026-05-29,SEC-004,20,4,0,0,5,Summer,1,1
2026-05-29,SEC-004,21,4,0,0,5,Summer,0,0
2026-05-29,SEC-004,22,4,0,0,5,Summer,2,2
2026-05-29,SEC-004,23,4,0,0,5,Summer,3,3
2026-05-29,SEC-005,0,4,0,0,5,Summer,2,2
2026-05-29,SEC-005,1,4,0,0,5,Summer,1,1
2026-05-29,SEC-005,2,4,0,0,5,Summer,0,0
2026-05-29,SEC-005,3,4,0,0,5,Summer,2,2
2026-05-29,SEC-005,4,4,0,0,5,Summer,1,1
2026-05-29,SEC-005,5,4,0,0,5,Summer,1,1
2026-05-29,SEC-005,6,4,0,0,5,Summer,0,0
2026-05-29,SEC-005,7,4,0,0,5,Summer,1,1
2026-05-29,SEC-005,8,4,0,0,5,Summer,0,0
2026-05-29,SEC-005,9,4,0,0,5,Summer,0,0
2026-05-29,SEC-005,10,4,0,0,5,Summer,0,0
2026-05-29,SEC-005,11,4,0,0,5,Summer,1,1
2026-05-29,SEC-005,12,4,0,0,5,Summer,0,0
2026-05-29,SEC-005,13,4,0,0,5,Summer,0,0
2026-05-29,SEC-005,14,4,0,0,5,Summer,2,2
2026-05-29,SEC-005,15,4,0,0,5,Summer,1,1
2026-05-29,SEC-005,16,4,0,0,5,Summer,2,2
2026-05-29,SEC-005,17,4,0,0,5,Summer,0,0
2026-05-29,SEC-005,18,4,0,0,5,Summer,2,2
2026-05-29,SEC-005,19,4,0,0,5,Summer,0,0
2026-05-29,SEC-005,20,4,0,0,5,Summer,0,0
2026-05-29,SEC-005,21,4,0,0,5,Summer,1,1
2026-05-29,SEC-005,22,4,0,0,5,Summer,3,3
2026-05-29,SEC-005,23,4,0,0,5,Summer,1,1
2026-05-29,SEC-006,0,4,0,0,5,Summer,1,1
2026-05-29,SEC-006,1,4,0,0,5,Summer,3,3
2026-05-29,SEC-006,2,4,0,0,5,Summer,3,3
2026-05-29,SEC-006,3,4,0,0,5,Summer,1,1
2026-05-29,SEC-006,4,4,0,0,5,Summer,6,6
2026-05-29,SEC-006,5,4,0,0,5,Summer,0,0
2026-05-29,SEC-006,6,4,0,0,5,Summer,0,0
2026-05-29,SEC-006,7,4,0,0,5,Summer,0,0
2026-05-29,SEC-006,8,4,0,0,5,Summer,0,0
2026-05-29,SEC-006,9,4,0,0,5,Summer,0,0
2026-05-29,SEC-006,10,4,0,0,5,Summer,0,0
2026-05-29,SEC-006,11,4,0,0,5,Summer,0,0
2026-05-29,SEC-006,12,4,0,0,5,Summer,0,0
2026-05-29,SEC-006,13,4,0,0,5,Summer,0,0
2026-05-29,SEC-006,14,4,0,0,5,Summer,0,0
2026-05-29,SEC-006,15,4,0,0,5,Summer,1,1
2026-05-29,SEC-006,16,4,0,0,5,Summer,0,0
2026-05-29,SEC-006,17,4,0,0,5,Summer,0,0
2026-05-29,SEC-006,18,4,0,0,5,Summer,0,0
2026-05-29,SEC-006,19,4,0,0,5,Summer,0,0
2026-05-29,SEC-006,20,4,0,0,5,Summer,0,0
2026-05-29,SEC-006,21,4,0,0,5,Summer,0,0
2026-05-29,SEC-006,22,4,0,0,5,Summer,3,3
2026-05-29,SEC-006,23,4,0,0,5,Summer,1,1
2026-05-30,SEC-001,0,5,1,0,5,Summer,1,1
2026-05-30,SEC-001,1,5,1,0,5,Summer,3,3
2026-05-30,SEC-001,2,5,1,0,5,Summer,0,0
2026-05-30,SEC-001,3,5,1,0,5,Summer,1,1
2026-05-30,SEC-001,4,5,1,0,5,Summer,1,1
2026-05-30,SEC-001,5,5,1,0,5,Summer,0,0
2026-05-30,SEC-001,6,5,1,0,5,Summer,0,0
2026-05-30,SEC-001,7,5,1,0,5,Summer,1,1
2026-05-30,SEC-001,8,5,1,0,5,Summer,1,1
2026-05-30,SEC-001,9,5,1,0,5,Summer,1,1
2026-05-30,SEC-001,10,5,1,0,5,Summer,0,0
2026-05-30,SEC-001,11,5,1,0,5,Summer,0,0
2026-05-30,SEC-001,12,5,1,0,5,Summer,0,0
2026-05-30,SEC-001,13,5,1,0,5,Summer,0,0
2026-05-30,SEC-001,14,5,1,0,5,Summer,0,0
2026-05-30,SEC-001,15,5,1,0,5,Summer,0,0
2026-05-30,SEC-001,16,5,1,0,5,Summer,1,1
2026-05-30,SEC-001,17,5,1,0,5,Summer,0,0
2026-05-30,SEC-001,18,5,1,0,5,Summer,0,0
2026-05-30,SEC-001,19,5,1,0,5,Summer,1,1
2026-05-30,SEC-001,20,5,1,0,5,Summer,0,0
2026-05-30,SEC-001,21,5,1,0,5,Summer,1,1
2026-05-30,SEC-001,22,5,1,0,5,Summer,3,3
2026-05-30,SEC-001,23,5,1,0,5,Summer,1,1
2026-05-30,SEC-002,0,5,1,0,5,Summer,3,3
2026-05-30,SEC-002,1,5,1,0,5,Summer,4,4
2026-05-30,SEC-002,2,5,1,0,5,Summer,0,0
2026-05-30,SEC-002,3,5,1,0,5,Summer,3,3
2026-05-30,SEC-002,4,5,1,0,5,Summer,0,0
2026-05-30,SEC-002,5,5,1,0,5,Summer,0,0
2026-05-30,SEC-002,6,5,1,0,5,Summer,0,0
2026-05-30,SEC-002,7,5,1,0,5,Summer,0,0
2026-05-30,SEC-002,8,5,1,0,5,Summer,0,0
2026-05-30,SEC-002,9,5,1,0,5,Summer,0,0
2026-05-30,SEC-002,10,5,1,0,5,Summer,0,0
2026-05-30,SEC-002,11,5,1,0,5,Summer,2,2
2026-05-30,SEC-002,12,5,1,0,5,Summer,0,0
2026-05-30,SEC-002,13,5,1,0,5,Summer,0,0
2026-05-30,SEC-002,14,5,1,0,5,Summer,1,1
2026-05-30,SEC-002,15,5,1,0,5,Summer,0,0
2026-05-30,SEC-002,16,5,1,0,5,Summer,2,2
2026-05-30,SEC-002,17,5,1,0,5,Summer,0,0
2026-05-30,SEC-002,18,5,1,0,5,Summer,0,0
2026-05-30,SEC-002,19,5,1,0,5,Summer,0,0
2026-05-30,SEC-002,20,5,1,0,5,Summer,0,0
2026-05-30,SEC-002,21,5,1,0,5,Summer,0,0
2026-05-30,SEC-002,22,5,1,0,5,Summer,2,2
2026-05-30,SEC-002,23,5,1,0,5,Summer,4,4
2026-05-30,SEC-003,0,5,1,0,5,Summer,2,2
2026-05-30,SEC-003,1,5,1,0,5,Summer,5,5
2026-05-30,SEC-003,2,5,1,0,5,Summer,2,2
2026-05-30,SEC-003,3,5,1,0,5,Summer,1,1
2026-05-30,SEC-003,4,5,1,0,5,Summer,1,1
2026-05-30,SEC-003,5,5,1,0,5,Summer,1,1
2026-05-30,SEC-003,6,5,1,0,5,Summer,0,0
2026-05-30,SEC-003,7,5,1,0,5,Summer,0,0
2026-05-30,SEC-003,8,5,1,0,5,Summer,0,0
2026-05-30,SEC-003,9,5,1,0,5,Summer,2,2
2026-05-30,SEC-003,10,5,1,0,5,Summer,1,1
2026-05-30,SEC-003,11,5,1,0,5,Summer,2,2
2026-05-30,SEC-003,12,5,1,0,5,Summer,0,0
2026-05-30,SEC-003,13,5,1,0,5,Summer,1,1
2026-05-30,SEC-003,14,5,1,0,5,Summer,0,0
2026-05-30,SEC-003,15,5,1,0,5,Summer,0,0
2026-05-30,SEC-003,16,5,1,0,5,Summer,0,0
2026-05-30,SEC-003,17,5,1,0,5,Summer,1,1
2026-05-30,SEC-003,18,5,1,0,5,Summer,1,1
2026-05-30,SEC-003,19,5,1,0,5,Summer,0,0
2026-05-30,SEC-003,20,5,1,0,5,Summer,1,1
2026-05-30,SEC-003,21,5,1,0,5,Summer,0,0
2026-05-30,SEC-003,22,5,1,0,5,Summer,0,0
2026-05-30,SEC-003,23,5,1,0,5,Summer,0,0
2026-05-30,SEC-004,0,5,1,0,5,Summer,2,2
2026-05-30,SEC-004,1,5,1,0,5,Summer,2,2
2026-05-30,SEC-004,2,5,1,0,5,Summer,3,3
2026-05-30,SEC-004,3,5,1,0,5,Summer,0,0
2026-05-30,SEC-004,4,5,1,0,5,Summer,0,0
2026-05-30,SEC-004,5,5,1,0,5,Summer,0,0
2026-05-30,SEC-004,6,5,1,0,5,Summer,0,0
2026-05-30,SEC-004,7,5,1,0,5,Summer,1,1
2026-05-30,SEC-004,8,5,1,0,5,Summer,0,0
2026-05-30,SEC-004,9,5,1,0,5,Summer,2,2
2026-05-30,SEC-004,10,5,1,0,5,Summer,1,1
2026-05-30,SEC-004,11,5,1,0,5,Summer,3,3
2026-05-30,SEC-004,12,5,1,0,5,Summer,0,0
2026-05-30,SEC-004,13,5,1,0,5,Summer,0,0
2026-05-30,SEC-004,14,5,1,0,5,Summer,1,1
2026-05-30,SEC-004,15,5,1,0,5,Summer,0,0
2026-05-30,SEC-004,16,5,1,0,5,Summer,0,0
2026-05-30,SEC-004,17,5,1,0,5,Summer,1,1
2026-05-30,SEC-004,18,5,1,0,5,Summer,0,0
2026-05-30,SEC-004,19,5,1,0,5,Summer,1,1
2026-05-30,SEC-004,20,5,1,0,5,Summer,0,0
2026-05-30,SEC-004,21,5,1,0,5,Summer,0,0
2026-05-30,SEC-004,22,5,1,0,5,Summer,1,1
2026-05-30,SEC-004,23,5,1,0,5,Summer,1,1
2026-05-30,SEC-005,0,5,1,0,5,Summer,2,2
2026-05-30,SEC-005,1,5,1,0,5,Summer,2,2
2026-05-30,SEC-005,2,5,1,0,5,Summer,0,0
2026-05-30,SEC-005,3,5,1,0,5,Summer,2,2
2026-05-30,SEC-005,4,5,1,0,5,Summer,1,1
2026-05-30,SEC-005,5,5,1,0,5,Summer,0,0
2026-05-30,SEC-005,6,5,1,0,5,Summer,0,0
2026-05-30,SEC-005,7,5,1,0,5,Summer,1,1
2026-05-30,SEC-005,8,5,1,0,5,Summer,0,0
2026-05-30,SEC-005,9,5,1,0,5,Summer,1,1
2026-05-30,SEC-005,10,5,1,0,5,Summer,0,0
2026-05-30,SEC-005,11,5,1,0,5,Summer,2,2
2026-05-30,SEC-005,12,5,1,0,5,Summer,0,0
2026-05-30,SEC-005,13,5,1,0,5,Summer,0,0
2026-05-30,SEC-005,14,5,1,0,5,Summer,0,0
2026-05-30,SEC-005,15,5,1,0,5,Summer,0,0
2026-05-30,SEC-005,16,5,1,0,5,Summer,1,1
2026-05-30,SEC-005,17,5,1,0,5,Summer,1,1
2026-05-30,SEC-005,18,5,1,0,5,Summer,0,0
2026-05-30,SEC-005,19,5,1,0,5,Summer,0,0
2026-05-30,SEC-005,20,5,1,0,5,Summer,0,0
2026-05-30,SEC-005,21,5,1,0,5,Summer,1,1
2026-05-30,SEC-005,22,5,1,0,5,Summer,2,2
2026-05-30,SEC-005,23,5,1,0,5,Summer,2,2
2026-05-30,SEC-006,0,5,1,0,5,Summer,2,2
2026-05-30,SEC-006,1,5,1,0,5,Summer,3,3
2026-05-30,SEC-006,2,5,1,0,5,Summer,1,1
2026-05-30,SEC-006,3,5,1,0,5,Summer,1,1
2026-05-30,SEC-006,4,5,1,0,5,Summer,1,1
2026-05-30,SEC-006,5,5,1,0,5,Summer,0,0
2026-05-30,SEC-006,6,5,1,0,5,Summer,1,1
2026-05-30,SEC-006,7,5,1,0,5,Summer,1,1
2026-05-30,SEC-006,8,5,1,0,5,Summer,0,0
2026-05-30,SEC-006,9,5,1,0,5,Summer,1,1
2026-05-30,SEC-006,10,5,1,0,5,Summer,0,0
2026-05-30,SEC-006,11,5,1,0,5,Summer,0,0
2026-05-30,SEC-006,12,5,1,0,5,Summer,1,1
2026-05-30,SEC-006,13,5,1,0,5,Summer,0,0
2026-05-30,SEC-006,14,5,1,0,5,Summer,0,0
2026-05-30,SEC-006,15,5,1,0,5,Summer,1,1
2026-05-30,SEC-006,16,5,1,0,5,Summer,0,0
2026-05-30,SEC-006,17,5,1,0,5,Summer,1,1
2026-05-30,SEC-006,18,5,1,0,5,Summer,0,0
2026-05-30,SEC-006,19,5,1,0,5,Summer,1,1
2026-05-30,SEC-006,20,5,1,0,5,Summer,0,0
2026-05-30,SEC-006,21,5,1,0,5,Summer,0,0
2026-05-30,SEC-006,22,5,1,0,5,Summer,3,3
2026-05-30,SEC-006,23,5,1,0,5,Summer,2,2
2026-05-31,SEC-001,0,6,1,0,5,Summer,1,1
2026-05-31,SEC-001,1,6,1,0,5,Summer,3,3
2026-05-31,SEC-001,2,6,1,0,5,Summer,1,1
2026-05-31,SEC-001,3,6,1,0,5,Summer,1,1
2026-05-31,SEC-001,4,6,1,0,5,Summer,0,0
2026-05-31,SEC-001,5,6,1,0,5,Summer,1,1
2026-05-31,SEC-001,6,6,1,0,5,Summer,0,0
2026-05-31,SEC-001,7,6,1,0,5,Summer,1,1
2026-05-31,SEC-001,8,6,1,0,5,Summer,0,0
2026-05-31,SEC-001,9,6,1,0,5,Summer,0,0
2026-05-31,SEC-001,10,6,1,0,5,Summer,0,0
2026-05-31,SEC-001,11,6,1,0,5,Summer,1,1
2026-05-31,SEC-001,12,6,1,0,5,Summer,0,0
2026-05-31,SEC-001,13,6,1,0,5,Summer,0,0
2026-05-31,SEC-001,14,6,1,0,5,Summer,1,1
2026-05-31,SEC-001,15,6,1,0,5,Summer,2,2
2026-05-31,SEC-001,16,6,1,0,5,Summer,0,0
2026-05-31,SEC-001,17,6,1,0,5,Summer,0,0
2026-05-31,SEC-001,18,6,1,0,5,Summer,0,0
2026-05-31,SEC-001,19,6,1,0,5,Summer,0,0
2026-05-31,SEC-001,20,6,1,0,5,Summer,0,0
2026-05-31,SEC-001,21,6,1,0,5,Summer,0,0
2026-05-31,SEC-001,22,6,1,0,5,Summer,3,3
2026-05-31,SEC-001,23,6,1,0,5,Summer,0,0
2026-05-31,SEC-002,0,6,1,0,5,Summer,3,3
2026-05-31,SEC-002,1,6,1,0,5,Summer,2,2
2026-05-31,SEC-002,2,6,1,0,5,Summer,5,5
2026-05-31,SEC-002,3,6,1,0,5,Summer,0,0
2026-05-31,SEC-002,4,6,1,0,5,Summer,0,0
2026-05-31,SEC-002,5,6,1,0,5,Summer,0,0
2026-05-31,SEC-002,6,6,1,0,5,Summer,1,1
2026-05-31,SEC-002,7,6,1,0,5,Summer,1,1
2026-05-31,SEC-002,8,6,1,0,5,Summer,1,1
2026-05-31,SEC-002,9,6,1,0,5,Summer,0,0
2026-05-31,SEC-002,10,6,1,0,5,Summer,1,1
2026-05-31,SEC-002,11,6,1,0,5,Summer,1,1
2026-05-31,SEC-002,12,6,1,0,5,Summer,0,0
2026-05-31,SEC-002,13,6,1,0,5,Summer,0,0
2026-05-31,SEC-002,14,6,1,0,5,Summer,0,0
2026-05-31,SEC-002,15,6,1,0,5,Summer,1,1
2026-05-31,SEC-002,16,6,1,0,5,Summer,0,0
2026-05-31,SEC-002,17,6,1,0,5,Summer,0,0
2026-05-31,SEC-002,18,6,1,0,5,Summer,0,0
2026-05-31,SEC-002,19,6,1,0,5,Summer,0,0
2026-05-31,SEC-002,20,6,1,0,5,Summer,0,0
2026-05-31,SEC-002,21,6,1,0,5,Summer,0,0
2026-05-31,SEC-002,22,6,1,0,5,Summer,3,3
2026-05-31,SEC-002,23,6,1,0,5,Summer,2,2
2026-05-31,SEC-003,0,6,1,0,5,Summer,2,2
2026-05-31,SEC-003,1,6,1,0,5,Summer,2,2
2026-05-31,SEC-003,2,6,1,0,5,Summer,2,2
2026-05-31,SEC-003,3,6,1,0,5,Summer,3,3
2026-05-31,SEC-003,4,6,1,0,5,Summer,1,1
2026-05-31,SEC-003,5,6,1,0,5,Summer,1,1
2026-05-31,SEC-003,6,6,1,0,5,Summer,1,1
2026-05-31,SEC-003,7,6,1,0,5,Summer,0,0
2026-05-31,SEC-003,8,6,1,0,5,Summer,2,2
2026-05-31,SEC-003,9,6,1,0,5,Summer,0,0
2026-05-31,SEC-003,10,6,1,0,5,Summer,0,0
2026-05-31,SEC-003,11,6,1,0,5,Summer,1,1
2026-05-31,SEC-003,12,6,1,0,5,Summer,1,1
2026-05-31,SEC-003,13,6,1,0,5,Summer,0,0
2026-05-31,SEC-003,14,6,1,0,5,Summer,1,1
2026-05-31,SEC-003,15,6,1,0,5,Summer,0,0
2026-05-31,SEC-003,16,6,1,0,5,Summer,0,0
2026-05-31,SEC-003,17,6,1,0,5,Summer,0,0
2026-05-31,SEC-003,18,6,1,0,5,Summer,0,0
2026-05-31,SEC-003,19,6,1,0,5,Summer,1,1
2026-05-31,SEC-003,20,6,1,0,5,Summer,0,0
2026-05-31,SEC-003,21,6,1,0,5,Summer,0,0
2026-05-31,SEC-003,22,6,1,0,5,Summer,5,5
2026-05-31,SEC-003,23,6,1,0,5,Summer,0,0
2026-05-31,SEC-004,0,6,1,0,5,Summer,4,4
2026-05-31,SEC-004,1,6,1,0,5,Summer,4,4
2026-05-31,SEC-004,2,6,1,0,5,Summer,4,4
2026-05-31,SEC-004,3,6,1,0,5,Summer,4,4
2026-05-31,SEC-004,4,6,1,0,5,Summer,0,0
2026-05-31,SEC-004,5,6,1,0,5,Summer,0,0
2026-05-31,SEC-004,6,6,1,0,5,Summer,0,0
2026-05-31,SEC-004,7,6,1,0,5,Summer,0,0
2026-05-31,SEC-004,8,6,1,0,5,Summer,0,0
2026-05-31,SEC-004,9,6,1,0,5,Summer,0,0
2026-05-31,SEC-004,10,6,1,0,5,Summer,0,0
2026-05-31,SEC-004,11,6,1,0,5,Summer,0,0
2026-05-31,SEC-004,12,6,1,0,5,Summer,2,2
2026-05-31,SEC-004,13,6,1,0,5,Summer,0,0
2026-05-31,SEC-004,14,6,1,0,5,Summer,0,0
2026-05-31,SEC-004,15,6,1,0,5,Summer,1,1
2026-05-31,SEC-004,16,6,1,0,5,Summer,0,0
2026-05-31,SEC-004,17,6,1,0,5,Summer,0,0
2026-05-31,SEC-004,18,6,1,0,5,Summer,1,1
2026-05-31,SEC-004,19,6,1,0,5,Summer,0,0
2026-05-31,SEC-004,20,6,1,0,5,Summer,0,0
2026-05-31,SEC-004,21,6,1,0,5,Summer,0,0
2026-05-31,SEC-004,22,6,1,0,5,Summer,3,3
2026-05-31,SEC-004,23,6,1,0,5,Summer,1,1
2026-05-31,SEC-005,0,6,1,0,5,Summer,3,3
2026-05-31,SEC-005,1,6,1,0,5,Summer,1,1
2026-05-31,SEC-005,2,6,1,0,5,Summer,2,2
2026-05-31,SEC-005,3,6,1,0,5,Summer,3,3
2026-05-31,SEC-005,4,6,1,0,5,Summer,3,3
2026-05-31,SEC-005,5,6,1,0,5,Summer,0,0
2026-05-31,SEC-005,6,6,1,0,5,Summer,2,2
2026-05-31,SEC-005,7,6,1,0,5,Summer,0,0
2026-05-31,SEC-005,8,6,1,0,5,Summer,1,1
2026-05-31,SEC-005,9,6,1,0,5,Summer,1,1
2026-05-31,SEC-005,10,6,1,0,5,Summer,1,1
2026-05-31,SEC-005,11,6,1,0,5,Summer,1,1
2026-05-31,SEC-005,12,6,1,0,5,Summer,0,0
2026-05-31,SEC-005,13,6,1,0,5,Summer,0,0
2026-05-31,SEC-005,14,6,1,0,5,Summer,0,0
2026-05-31,SEC-005,15,6,1,0,5,Summer,0,0
2026-05-31,SEC-005,16,6,1,0,5,Summer,0,0
2026-05-31,SEC-005,17,6,1,0,5,Summer,0,0
2026-05-31,SEC-005,18,6,1,0,5,Summer,0,0
2026-05-31,SEC-005,19,6,1,0,5,Summer,0,0
2026-05-31,SEC-005,20,6,1,0,5,Summer,0,0
2026-05-31,SEC-005,21,6,1,0,5,Summer,0,0
2026-05-31,SEC-005,22,6,1,0,5,Summer,1,1
2026-05-31,SEC-005,23,6,1,0,5,Summer,1,1
2026-05-31,SEC-006,0,6,1,0,5,Summer,1,1
2026-05-31,SEC-006,1,6,1,0,5,Summer,4,4
2026-05-31,SEC-006,2,6,1,0,5,Summer,5,5
2026-05-31,SEC-006,3,6,1,0,5,Summer,1,1
2026-05-31,SEC-006,4,6,1,0,5,Summer,2,2
2026-05-31,SEC-006,5,6,1,0,5,Summer,2,2
2026-05-31,SEC-006,6,6,1,0,5,Summer,0,0
2026-05-31,SEC-006,7,6,1,0,5,Summer,1,1
2026-05-31,SEC-006,8,6,1,0,5,Summer,0,0
2026-05-31,SEC-006,9,6,1,0,5,Summer,0,0
2026-05-31,SEC-006,10,6,1,0,5,Summer,1,1
2026-05-31,SEC-006,11,6,1,0,5,Summer,0,0
2026-05-31,SEC-006,12,6,1,0,5,Summer,1,1
2026-05-31,SEC-006,13,6,1,0,5,Summer,2,2
2026-05-31,SEC-006,14,6,1,0,5,Summer,0,0
2026-05-31,SEC-006,15,6,1,0,5,Summer,0,0
2026-05-31,SEC-006,16,6,1,0,5,Summer,0,0
2026-05-31,SEC-006,17,6,1,0,5,Summer,0,0
2026-05-31,SEC-006,18,6,1,0,5,Summer,1,1
2026-05-31,SEC-006,19,6,1,0,5,Summer,0,0
2026-05-31,SEC-006,20,6,1,0,5,Summer,3,3
2026-05-31,SEC-006,21,6,1,0,5,Summer,0,0
2026-05-31,SEC-006,22,6,1,0,5,Summer,1,1
2026-05-31,SEC-006,23,6,1,0,5,Summer,1,1
2026-06-01,SEC-001,0,0,0,0,6,Summer,5,5
2026-06-01,SEC-001,1,0,0,0,6,Summer,1,1
2026-06-01,SEC-001,2,0,0,0,6,Summer,4,4
2026-06-01,SEC-001,3,0,0,0,6,Summer,0,0
2026-06-01,SEC-001,4,0,0,0,6,Summer,1,1
2026-06-01,SEC-001,5,0,0,0,6,Summer,0,0
2026-06-01,SEC-001,6,0,0,0,6,Summer,0,0
2026-06-01,SEC-001,7,0,0,0,6,Summer,1,1
2026-06-01,SEC-001,8,0,0,0,6,Summer,1,1
2026-06-01,SEC-001,9,0,0,0,6,Summer,0,0
2026-06-01,SEC-001,10,0,0,0,6,Summer,2,2
2026-06-01,SEC-001,11,0,0,0,6,Summer,0,0
2026-06-01,SEC-001,12,0,0,0,6,Summer,0,0
2026-06-01,SEC-001,13,0,0,0,6,Summer,0,0
2026-06-01,SEC-001,14,0,0,0,6,Summer,1,1
2026-06-01,SEC-001,15,0,0,0,6,Summer,0,0
2026-06-01,SEC-001,16,0,0,0,6,Summer,0,0
2026-06-01,SEC-001,17,0,0,0,6,Summer,1,1
2026-06-01,SEC-001,18,0,0,0,6,Summer,0,0
2026-06-01,SEC-001,19,0,0,0,6,Summer,0,0
2026-06-01,SEC-001,20,0,0,0,6,Summer,0,0
2026-06-01,SEC-001,21,0,0,0,6,Summer,0,0
2026-06-01,SEC-001,22,0,0,0,6,Summer,4,4
2026-06-01,SEC-001,23,0,0,0,6,Summer,2,2
2026-06-01,SEC-002,0,0,0,0,6,Summer,2,2
2026-06-01,SEC-002,1,0,0,0,6,Summer,0,0
2026-06-01,SEC-002,2,0,0,0,6,Summer,5,5
2026-06-01,SEC-002,3,0,0,0,6,Summer,3,3
2026-06-01,SEC-002,4,0,0,0,6,Summer,3,3
2026-06-01,SEC-002,5,0,0,0,6,Summer,0,0
2026-06-01,SEC-002,6,0,0,0,6,Summer,0,0
2026-06-01,SEC-002,7,0,0,0,6,Summer,0,0
2026-06-01,SEC-002,8,0,0,0,6,Summer,0,0
2026-06-01,SEC-002,9,0,0,0,6,Summer,0,0
2026-06-01,SEC-002,10,0,0,0,6,Summer,0,0
2026-06-01,SEC-002,11,0,0,0,6,Summer,2,2
2026-06-01,SEC-002,12,0,0,0,6,Summer,1,1
2026-06-01,SEC-002,13,0,0,0,6,Summer,1,1
2026-06-01,SEC-002,14,0,0,0,6,Summer,2,2
2026-06-01,SEC-002,15,0,0,0,6,Summer,0,0
2026-06-01,SEC-002,16,0,0,0,6,Summer,1,1
2026-06-01,SEC-002,17,0,0,0,6,Summer,0,0
2026-06-01,SEC-002,18,0,0,0,6,Summer,1,1
2026-06-01,SEC-002,19,0,0,0,6,Summer,0,0
2026-06-01,SEC-002,20,0,0,0,6,Summer,0,0
2026-06-01,SEC-002,21,0,0,0,6,Summer,0,0
2026-06-01,SEC-002,22,0,0,0,6,Summer,2,2
2026-06-01,SEC-002,23,0,0,0,6,Summer,1,1
2026-06-01,SEC-003,0,0,0,0,6,Summer,0,0
2026-06-01,SEC-003,1,0,0,0,6,Summer,4,4
2026-06-01,SEC-003,2,0,0,0,6,Summer,0,0
2026-06-01,SEC-003,3,0,0,0,6,Summer,1,1
2026-06-01,SEC-003,4,0,0,0,6,Summer,2,2
2026-06-01,SEC-003,5,0,0,0,6,Summer,1,1
2026-06-01,SEC-003,6,0,0,0,6,Summer,0,0
2026-06-01,SEC-003,7,0,0,0,6,Summer,1,1
2026-06-01,SEC-003,8,0,0,0,6,Summer,1,1
2026-06-01,SEC-003,9,0,0,0,6,Summer,0,0
2026-06-01,SEC-003,10,0,0,0,6,Summer,0,0
2026-06-01,SEC-003,11,0,0,0,6,Summer,0,0
2026-06-01,SEC-003,12,0,0,0,6,Summer,0,0
2026-06-01,SEC-003,13,0,0,0,6,Summer,0,0
2026-06-01,SEC-003,14,0,0,0,6,Summer,0,0
2026-06-01,SEC-003,15,0,0,0,6,Summer,0,0
2026-06-01,SEC-003,16,0,0,0,6,Summer,1,1
2026-06-01,SEC-003,17,0,0,0,6,Summer,0,0
2026-06-01,SEC-003,18,0,0,0,6,Summer,2,2
2026-06-01,SEC-003,19,0,0,0,6,Summer,0,0
2026-06-01,SEC-003,20,0,0,0,6,Summer,0,0
2026-06-01,SEC-003,21,0,0,0,6,Summer,0,0
2026-06-01,SEC-003,22,0,0,0,6,Summer,3,3
2026-06-01,SEC-003,23,0,0,0,6,Summer,1,1
2026-06-01,SEC-004,0,0,0,0,6,Summer,0,0
2026-06-01,SEC-004,1,0,0,0,6,Summer,6,6
2026-06-01,SEC-004,2,0,0,0,6,Summer,1,1
2026-06-01,SEC-004,3,0,0,0,6,Summer,2,2
2026-06-01,SEC-004,4,0,0,0,6,Summer,1,1
2026-06-01,SEC-004,5,0,0,0,6,Summer,0,0
2026-06-01,SEC-004,6,0,0,0,6,Summer,0,0
2026-06-01,SEC-004,7,0,0,0,6,Summer,0,0
2026-06-01,SEC-004,8,0,0,0,6,Summer,0,0
2026-06-01,SEC-004,9,0,0,0,6,Summer,0,0
2026-06-01,SEC-004,10,0,0,0,6,Summer,0,0
2026-06-01,SEC-004,11,0,0,0,6,Summer,1,1
2026-06-01,SEC-004,12,0,0,0,6,Summer,0,0
2026-06-01,SEC-004,13,0,0,0,6,Summer,0,0
2026-06-01,SEC-004,14,0,0,0,6,Summer,1,1
2026-06-01,SEC-004,15,0,0,0,6,Summer,1,1
2026-06-01,SEC-004,16,0,0,0,6,Summer,0,0
2026-06-01,SEC-004,17,0,0,0,6,Summer,0,0
2026-06-01,SEC-004,18,0,0,0,6,Summer,0,0
2026-06-01,SEC-004,19,0,0,0,6,Summer,0,0
2026-06-01,SEC-004,20,0,0,0,6,Summer,0,0
2026-06-01,SEC-004,21,0,0,0,6,Summer,0,0
2026-06-01,SEC-004,22,0,0,0,6,Summer,2,2
2026-06-01,SEC-004,23,0,0,0,6,Summer,0,0
2026-06-01,SEC-005,0,0,0,0,6,Summer,4,4
2026-06-01,SEC-005,1,0,0,0,6,Summer,2,2
2026-06-01,SEC-005,2,0,0,0,6,Summer,2,2
2026-06-01,SEC-005,3,0,0,0,6,Summer,2,2
2026-06-01,SEC-005,4,0,0,0,6,Summer,4,4
2026-06-01,SEC-005,5,0,0,0,6,Summer,0,0
2026-06-01,SEC-005,6,0,0,0,6,Summer,0,0
2026-06-01,SEC-005,7,0,0,0,6,Summer,1,1
2026-06-01,SEC-005,8,0,0,0,6,Summer,2,2
2026-06-01,SEC-005,9,0,0,0,6,Summer,0,0
2026-06-01,SEC-005,10,0,0,0,6,Summer,1,1
2026-06-01,SEC-005,11,0,0,0,6,Summer,0,0
2026-06-01,SEC-005,12,0,0,0,6,Summer,0,0
2026-06-01,SEC-005,13,0,0,0,6,Summer,1,1
2026-06-01,SEC-005,14,0,0,0,6,Summer,0,0
2026-06-01,SEC-005,15,0,0,0,6,Summer,0,0
2026-06-01,SEC-005,16,0,0,0,6,Summer,1,1
2026-06-01,SEC-005,17,0,0,0,6,Summer,0,0
2026-06-01,SEC-005,18,0,0,0,6,Summer,0,0
2026-06-01,SEC-005,19,0,0,0,6,Summer,1,1
2026-06-01,SEC-005,20,0,0,0,6,Summer,1,1
2026-06-01,SEC-005,21,0,0,0,6,Summer,1,1
2026-06-01,SEC-005,22,0,0,0,6,Summer,1,1
2026-06-01,SEC-005,23,0,0,0,6,Summer,2,2
2026-06-01,SEC-006,0,0,0,0,6,Summer,1,1
2026-06-01,SEC-006,1,0,0,0,6,Summer,2,2
2026-06-01,SEC-006,2,0,0,0,6,Summer,0,0
2026-06-01,SEC-006,3,0,0,0,6,Summer,3,3
2026-06-01,SEC-006,4,0,0,0,6,Summer,0,0
2026-06-01,SEC-006,5,0,0,0,6,Summer,0,0
2026-06-01,SEC-006,6,0,0,0,6,Summer,0,0
2026-06-01,SEC-006,7,0,0,0,6,Summer,0,0
2026-06-01,SEC-006,8,0,0,0,6,Summer,0,0
2026-06-01,SEC-006,9,0,0,0,6,Summer,2,2
2026-06-01,SEC-006,10,0,0,0,6,Summer,0,0
2026-06-01,SEC-006,11,0,0,0,6,Summer,0,0
2026-06-01,SEC-006,12,0,0,0,6,Summer,0,0
2026-06-01,SEC-006,13,0,0,0,6,Summer,0,0
2026-06-01,SEC-006,14,0,0,0,6,Summer,0,0
2026-06-01,SEC-006,15,0,0,0,6,Summer,0,0
2026-06-01,SEC-006,16,0,0,0,6,Summer,1,1
2026-06-01,SEC-006,17,0,0,0,6,Summer,0,0
2026-06-01,SEC-006,18,0,0,0,6,Summer,0,0
2026-06-01,SEC-006,19,0,0,0,6,Summer,0,0
2026-06-01,SEC-006,20,0,0,0,6,Summer,1,1
2026-06-01,SEC-006,21,0,0,0,6,Summer,0,0
2026-06-01,SEC-006,22,0,0,0,6,Summer,0,0
2026-06-01,SEC-006,23,0,0,0,6,Summer,2,2
2026-06-02,SEC-001,0,1,0,0,6,Summer,3,3
2026-06-02,SEC-001,1,1,0,0,6,Summer,3,3
2026-06-02,SEC-001,2,1,0,0,6,Summer,4,4
2026-06-02,SEC-001,3,1,0,0,6,Summer,2,2
2026-06-02,SEC-001,4,1,0,0,6,Summer,4,4
2026-06-02,SEC-001,5,1,0,0,6,Summer,1,1
2026-06-02,SEC-001,6,1,0,0,6,Summer,0,0
2026-06-02,SEC-001,7,1,0,0,6,Summer,0,0
2026-06-02,SEC-001,8,1,0,0,6,Summer,1,1
2026-06-02,SEC-001,9,1,0,0,6,Summer,2,2
2026-06-02,SEC-001,10,1,0,0,6,Summer,0,0
2026-06-02,SEC-001,11,1,0,0,6,Summer,0,0
2026-06-02,SEC-001,12,1,0,0,6,Summer,0,0
2026-06-02,SEC-001,13,1,0,0,6,Summer,0,0
2026-06-02,SEC-001,14,1,0,0,6,Summer,0,0
2026-06-02,SEC-001,15,1,0,0,6,Summer,2,2
2026-06-02,SEC-001,16,1,0,0,6,Summer,1,1
2026-06-02,SEC-001,17,1,0,0,6,Summer,1,1
2026-06-02,SEC-001,18,1,0,0,6,Summer,0,0
2026-06-02,SEC-001,19,1,0,0,6,Summer,0,0
2026-06-02,SEC-001,20,1,0,0,6,Summer,0,0
2026-06-02,SEC-001,21,1,0,0,6,Summer,0,0
2026-06-02,SEC-001,22,1,0,0,6,Summer,1,1
2026-06-02,SEC-001,23,1,0,0,6,Summer,1,1
2026-06-02,SEC-002,0,1,0,0,6,Summer,2,2
2026-06-02,SEC-002,1,1,0,0,6,Summer,0,0
2026-06-02,SEC-002,2,1,0,0,6,Summer,0,0
2026-06-02,SEC-002,3,1,0,0,6,Summer,0,0
2026-06-02,SEC-002,4,1,0,0,6,Summer,1,1
2026-06-02,SEC-002,5,1,0,0,6,Summer,0,0
2026-06-02,SEC-002,6,1,0,0,6,Summer,0,0
2026-06-02,SEC-002,7,1,0,0,6,Summer,1,1
2026-06-02,SEC-002,8,1,0,0,6,Summer,0,0
2026-06-02,SEC-002,9,1,0,0,6,Summer,0,0
2026-06-02,SEC-002,10,1,0,0,6,Summer,0,0
2026-06-02,SEC-002,11,1,0,0,6,Summer,0,0
2026-06-02,SEC-002,12,1,0,0,6,Summer,0,0
2026-06-02,SEC-002,13,1,0,0,6,Summer,0,0
2026-06-02,SEC-002,14,1,0,0,6,Summer,0,0
2026-06-02,SEC-002,15,1,0,0,6,Summer,2,2
2026-06-02,SEC-002,16,1,0,0,6,Summer,0,0
2026-06-02,SEC-002,17,1,0,0,6,Summer,1,1
2026-06-02,SEC-002,18,1,0,0,6,Summer,0,0
2026-06-02,SEC-002,19,1,0,0,6,Summer,1,1
2026-06-02,SEC-002,20,1,0,0,6,Summer,1,1
2026-06-02,SEC-002,21,1,0,0,6,Summer,0,0
2026-06-02,SEC-002,22,1,0,0,6,Summer,0,0
2026-06-02,SEC-002,23,1,0,0,6,Summer,3,3
2026-06-02,SEC-003,0,1,0,0,6,Summer,1,1
2026-06-02,SEC-003,1,1,0,0,6,Summer,3,3
2026-06-02,SEC-003,2,1,0,0,6,Summer,2,2
2026-06-02,SEC-003,3,1,0,0,6,Summer,2,2
2026-06-02,SEC-003,4,1,0,0,6,Summer,2,2
2026-06-02,SEC-003,5,1,0,0,6,Summer,0,0
2026-06-02,SEC-003,6,1,0,0,6,Summer,0,0
2026-06-02,SEC-003,7,1,0,0,6,Summer,0,0
2026-06-02,SEC-003,8,1,0,0,6,Summer,0,0
2026-06-02,SEC-003,9,1,0,0,6,Summer,0,0
2026-06-02,SEC-003,10,1,0,0,6,Summer,2,2
2026-06-02,SEC-003,11,1,0,0,6,Summer,0,0
2026-06-02,SEC-003,12,1,0,0,6,Summer,1,1
2026-06-02,SEC-003,13,1,0,0,6,Summer,2,2
2026-06-02,SEC-003,14,1,0,0,6,Summer,0,0
2026-06-02,SEC-003,15,1,0,0,6,Summer,0,0
2026-06-02,SEC-003,16,1,0,0,6,Summer,0,0
2026-06-02,SEC-003,17,1,0,0,6,Summer,0,0
2026-06-02,SEC-003,18,1,0,0,6,Summer,0,0
2026-06-02,SEC-003,19,1,0,0,6,Summer,2,2
2026-06-02,SEC-003,20,1,0,0,6,Summer,0,0
2026-06-02,SEC-003,21,1,0,0,6,Summer,0,0
2026-06-02,SEC-003,22,1,0,0,6,Summer,4,4
2026-06-02,SEC-003,23,1,0,0,6,Summer,1,1
2026-06-02,SEC-004,0,1,0,0,6,Summer,0,0
2026-06-02,SEC-004,1,1,0,0,6,Summer,1,1
2026-06-02,SEC-004,2,1,0,0,6,Summer,2,2
2026-06-02,SEC-004,3,1,0,0,6,Summer,1,1
2026-06-02,SEC-004,4,1,0,0,6,Summer,3,3
2026-06-02,SEC-004,5,1,0,0,6,Summer,1,1
2026-06-02,SEC-004,6,1,0,0,6,Summer,0,0
2026-06-02,SEC-004,7,1,0,0,6,Summer,0,0
2026-06-02,SEC-004,8,1,0,0,6,Summer,0,0
2026-06-02,SEC-004,9,1,0,0,6,Summer,0,0
2026-06-02,SEC-004,10,1,0,0,6,Summer,0,0
2026-06-02,SEC-004,11,1,0,0,6,Summer,0,0
2026-06-02,SEC-004,12,1,0,0,6,Summer,1,1
2026-06-02,SEC-004,13,1,0,0,6,Summer,0,0
2026-06-02,SEC-004,14,1,0,0,6,Summer,1,1
2026-06-02,SEC-004,15,1,0,0,6,Summer,0,0
2026-06-02,SEC-004,16,1,0,0,6,Summer,0,0
2026-06-02,SEC-004,17,1,0,0,6,Summer,0,0
2026-06-02,SEC-004,18,1,0,0,6,Summer,0,0
2026-06-02,SEC-004,19,1,0,0,6,Summer,1,1
2026-06-02,SEC-004,20,1,0,0,6,Summer,1,1
2026-06-02,SEC-004,21,1,0,0,6,Summer,1,1
2026-06-02,SEC-004,22,1,0,0,6,Summer,1,1
2026-06-02,SEC-004,23,1,0,0,6,Summer,1,1
2026-06-02,SEC-005,0,1,0,0,6,Summer,1,1
2026-06-02,SEC-005,1,1,0,0,6,Summer,1,1
2026-06-02,SEC-005,2,1,0,0,6,Summer,2,2
2026-06-02,SEC-005,3,1,0,0,6,Summer,3,3
2026-06-02,SEC-005,4,1,0,0,6,Summer,0,0
2026-06-02,SEC-005,5,1,0,0,6,Summer,2,2
2026-06-02,SEC-005,6,1,0,0,6,Summer,0,0
2026-06-02,SEC-005,7,1,0,0,6,Summer,0,0
2026-06-02,SEC-005,8,1,0,0,6,Summer,0,0
2026-06-02,SEC-005,9,1,0,0,6,Summer,1,1
2026-06-02,SEC-005,10,1,0,0,6,Summer,2,2
2026-06-02,SEC-005,11,1,0,0,6,Summer,1,1
2026-06-02,SEC-005,12,1,0,0,6,Summer,0,0
2026-06-02,SEC-005,13,1,0,0,6,Summer,1,1
2026-06-02,SEC-005,14,1,0,0,6,Summer,0,0
2026-06-02,SEC-005,15,1,0,0,6,Summer,0,0
2026-06-02,SEC-005,16,1,0,0,6,Summer,1,1
2026-06-02,SEC-005,17,1,0,0,6,Summer,0,0
2026-06-02,SEC-005,18,1,0,0,6,Summer,0,0
2026-06-02,SEC-005,19,1,0,0,6,Summer,1,1
2026-06-02,SEC-005,20,1,0,0,6,Summer,0,0
2026-06-02,SEC-005,21,1,0,0,6,Summer,0,0
2026-06-02,SEC-005,22,1,0,0,6,Summer,2,2
2026-06-02,SEC-005,23,1,0,0,6,Summer,1,1
2026-06-02,SEC-006,0,1,0,0,6,Summer,2,2
2026-06-02,SEC-006,1,1,0,0,6,Summer,3,3
2026-06-02,SEC-006,2,1,0,0,6,Summer,3,3
2026-06-02,SEC-006,3,1,0,0,6,Summer,2,2
2026-06-02,SEC-006,4,1,0,0,6,Summer,2,2
2026-06-02,SEC-006,5,1,0,0,6,Summer,2,2
2026-06-02,SEC-006,6,1,0,0,6,Summer,0,0
2026-06-02,SEC-006,7,1,0,0,6,Summer,0,0
2026-06-02,SEC-006,8,1,0,0,6,Summer,0,0
2026-06-02,SEC-006,9,1,0,0,6,Summer,0,0
2026-06-02,SEC-006,10,1,0,0,6,Summer,1,1
2026-06-02,SEC-006,11,1,0,0,6,Summer,0,0
2026-06-02,SEC-006,12,1,0,0,6,Summer,0,0
2026-06-02,SEC-006,13,1,0,0,6,Summer,0,0
2026-06-02,SEC-006,14,1,0,0,6,Summer,0,0
2026-06-02,SEC-006,15,1,0,0,6,Summer,0,0
2026-06-02,SEC-006,16,1,0,0,6,Summer,0,0
2026-06-02,SEC-006,17,1,0,0,6,Summer,1,1
2026-06-02,SEC-006,18,1,0,0,6,Summer,1,1
2026-06-02,SEC-006,19,1,0,0,6,Summer,0,0
2026-06-02,SEC-006,20,1,0,0,6,Summer,1,1
2026-06-02,SEC-006,21,1,0,0,6,Summer,0,0
2026-06-02,SEC-006,22,1,0,0,6,Summer,4,4
2026-06-02,SEC-006,23,1,0,0,6,Summer,1,1
2026-06-03,SEC-001,0,2,0,0,6,Summer,1,1
2026-06-03,SEC-001,1,2,0,0,6,Summer,2,2
2026-06-03,SEC-001,2,2,0,0,6,Summer,0,0
2026-06-03,SEC-001,3,2,0,0,6,Summer,3,3
2026-06-03,SEC-001,4,2,0,0,6,Summer,5,5
2026-06-03,SEC-001,5,2,0,0,6,Summer,0,0
2026-06-03,SEC-001,6,2,0,0,6,Summer,0,0
2026-06-03,SEC-001,7,2,0,0,6,Summer,1,1
2026-06-03,SEC-001,8,2,0,0,6,Summer,0,0
2026-06-03,SEC-001,9,2,0,0,6,Summer,0,0
2026-06-03,SEC-001,10,2,0,0,6,Summer,1,1
2026-06-03,SEC-001,11,2,0,0,6,Summer,0,0
2026-06-03,SEC-001,12,2,0,0,6,Summer,0,0
2026-06-03,SEC-001,13,2,0,0,6,Summer,1,1
2026-06-03,SEC-001,14,2,0,0,6,Summer,1,1
2026-06-03,SEC-001,15,2,0,0,6,Summer,1,1
2026-06-03,SEC-001,16,2,0,0,6,Summer,0,0
2026-06-03,SEC-001,17,2,0,0,6,Summer,1,1
2026-06-03,SEC-001,18,2,0,0,6,Summer,1,1
2026-06-03,SEC-001,19,2,0,0,6,Summer,1,1
2026-06-03,SEC-001,20,2,0,0,6,Summer,0,0
2026-06-03,SEC-001,21,2,0,0,6,Summer,0,0
2026-06-03,SEC-001,22,2,0,0,6,Summer,3,3
2026-06-03,SEC-001,23,2,0,0,6,Summer,4,4
2026-06-03,SEC-002,0,2,0,0,6,Summer,2,2
2026-06-03,SEC-002,1,2,0,0,6,Summer,2,2
2026-06-03,SEC-002,2,2,0,0,6,Summer,3,3
2026-06-03,SEC-002,3,2,0,0,6,Summer,4,4
2026-06-03,SEC-002,4,2,0,0,6,Summer,4,4
2026-06-03,SEC-002,5,2,0,0,6,Summer,2,2
2026-06-03,SEC-002,6,2,0,0,6,Summer,0,0
2026-06-03,SEC-002,7,2,0,0,6,Summer,1,1
2026-06-03,SEC-002,8,2,0,0,6,Summer,0,0
2026-06-03,SEC-002,9,2,0,0,6,Summer,0,0
2026-06-03,SEC-002,10,2,0,0,6,Summer,1,1
2026-06-03,SEC-002,11,2,0,0,6,Summer,0,0
2026-06-03,SEC-002,12,2,0,0,6,Summer,0,0
2026-06-03,SEC-002,13,2,0,0,6,Summer,0,0
2026-06-03,SEC-002,14,2,0,0,6,Summer,0,0
2026-06-03,SEC-002,15,2,0,0,6,Summer,0,0
2026-06-03,SEC-002,16,2,0,0,6,Summer,0,0
2026-06-03,SEC-002,17,2,0,0,6,Summer,1,1
2026-06-03,SEC-002,18,2,0,0,6,Summer,0,0
2026-06-03,SEC-002,19,2,0,0,6,Summer,0,0
2026-06-03,SEC-002,20,2,0,0,6,Summer,0,0
2026-06-03,SEC-002,21,2,0,0,6,Summer,0,0
2026-06-03,SEC-002,22,2,0,0,6,Summer,2,2
2026-06-03,SEC-002,23,2,0,0,6,Summer,1,1
2026-06-03,SEC-003,0,2,0,0,6,Summer,1,1
2026-06-03,SEC-003,1,2,0,0,6,Summer,2,2
2026-06-03,SEC-003,2,2,0,0,6,Summer,1,1
2026-06-03,SEC-003,3,2,0,0,6,Summer,2,2
2026-06-03,SEC-003,4,2,0,0,6,Summer,0,0
2026-06-03,SEC-003,5,2,0,0,6,Summer,0,0
2026-06-03,SEC-003,6,2,0,0,6,Summer,0,0
2026-06-03,SEC-003,7,2,0,0,6,Summer,1,1
2026-06-03,SEC-003,8,2,0,0,6,Summer,1,1
2026-06-03,SEC-003,9,2,0,0,6,Summer,0,0
2026-06-03,SEC-003,10,2,0,0,6,Summer,0,0
2026-06-03,SEC-003,11,2,0,0,6,Summer,0,0
2026-06-03,SEC-003,12,2,0,0,6,Summer,0,0
2026-06-03,SEC-003,13,2,0,0,6,Summer,1,1
2026-06-03,SEC-003,14,2,0,0,6,Summer,1,1
2026-06-03,SEC-003,15,2,0,0,6,Summer,0,0
2026-06-03,SEC-003,16,2,0,0,6,Summer,0,0
2026-06-03,SEC-003,17,2,0,0,6,Summer,0,0
2026-06-03,SEC-003,18,2,0,0,6,Summer,0,0
2026-06-03,SEC-003,19,2,0,0,6,Summer,0,0
2026-06-03,SEC-003,20,2,0,0,6,Summer,0,0
2026-06-03,SEC-003,21,2,0,0,6,Summer,4,4
2026-06-03,SEC-003,22,2,0,0,6,Summer,2,2
2026-06-03,SEC-003,23,2,0,0,6,Summer,1,1
2026-06-03,SEC-004,0,2,0,0,6,Summer,1,1
2026-06-03,SEC-004,1,2,0,0,6,Summer,3,3
2026-06-03,SEC-004,2,2,0,0,6,Summer,1,1
2026-06-03,SEC-004,3,2,0,0,6,Summer,0,0
2026-06-03,SEC-004,4,2,0,0,6,Summer,2,2
2026-06-03,SEC-004,5,2,0,0,6,Summer,0,0
2026-06-03,SEC-004,6,2,0,0,6,Summer,1,1
2026-06-03,SEC-004,7,2,0,0,6,Summer,1,1
2026-06-03,SEC-004,8,2,0,0,6,Summer,0,0
2026-06-03,SEC-004,9,2,0,0,6,Summer,0,0
2026-06-03,SEC-004,10,2,0,0,6,Summer,0,0
2026-06-03,SEC-004,11,2,0,0,6,Summer,0,0
2026-06-03,SEC-004,12,2,0,0,6,Summer,2,2
2026-06-03,SEC-004,13,2,0,0,6,Summer,0,0
2026-06-03,SEC-004,14,2,0,0,6,Summer,2,2
2026-06-03,SEC-004,15,2,0,0,6,Summer,0,0
2026-06-03,SEC-004,16,2,0,0,6,Summer,0,0
2026-06-03,SEC-004,17,2,0,0,6,Summer,1,1
2026-06-03,SEC-004,18,2,0,0,6,Summer,1,1
2026-06-03,SEC-004,19,2,0,0,6,Summer,0,0
2026-06-03,SEC-004,20,2,0,0,6,Summer,0,0
2026-06-03,SEC-004,21,2,0,0,6,Summer,2,2
2026-06-03,SEC-004,22,2,0,0,6,Summer,3,3
2026-06-03,SEC-004,23,2,0,0,6,Summer,4,4
2026-06-03,SEC-005,0,2,0,0,6,Summer,2,2
2026-06-03,SEC-005,1,2,0,0,6,Summer,1,1
2026-06-03,SEC-005,2,2,0,0,6,Summer,3,3
2026-06-03,SEC-005,3,2,0,0,6,Summer,3,3
2026-06-03,SEC-005,4,2,0,0,6,Summer,0,0
2026-06-03,SEC-005,5,2,0,0,6,Summer,2,2
2026-06-03,SEC-005,6,2,0,0,6,Summer,0,0
2026-06-03,SEC-005,7,2,0,0,6,Summer,2,2
2026-06-03,SEC-005,8,2,0,0,6,Summer,0,0
2026-06-03,SEC-005,9,2,0,0,6,Summer,1,1
2026-06-03,SEC-005,10,2,0,0,6,Summer,0,0
2026-06-03,SEC-005,11,2,0,0,6,Summer,0,0
2026-06-03,SEC-005,12,2,0,0,6,Summer,0,0
2026-06-03,SEC-005,13,2,0,0,6,Summer,0,0
2026-06-03,SEC-005,14,2,0,0,6,Summer,0,0
2026-06-03,SEC-005,15,2,0,0,6,Summer,0,0
2026-06-03,SEC-005,16,2,0,0,6,Summer,0,0
2026-06-03,SEC-005,17,2,0,0,6,Summer,0,0
2026-06-03,SEC-005,18,2,0,0,6,Summer,0,0
2026-06-03,SEC-005,19,2,0,0,6,Summer,0,0
2026-06-03,SEC-005,20,2,0,0,6,Summer,1,1
2026-06-03,SEC-005,21,2,0,0,6,Summer,1,1
2026-06-03,SEC-005,22,2,0,0,6,Summer,5,5
2026-06-03,SEC-005,23,2,0,0,6,Summer,3,3
2026-06-03,SEC-006,0,2,0,0,6,Summer,1,1
2026-06-03,SEC-006,1,2,0,0,6,Summer,1,1
2026-06-03,SEC-006,2,2,0,0,6,Summer,3,3
2026-06-03,SEC-006,3,2,0,0,6,Summer,1,1
2026-06-03,SEC-006,4,2,0,0,6,Summer,2,2
2026-06-03,SEC-006,5,2,0,0,6,Summer,0,0
2026-06-03,SEC-006,6,2,0,0,6,Summer,0,0
2026-06-03,SEC-006,7,2,0,0,6,Summer,2,2
2026-06-03,SEC-006,8,2,0,0,6,Summer,0,0
2026-06-03,SEC-006,9,2,0,0,6,Summer,0,0
2026-06-03,SEC-006,10,2,0,0,6,Summer,1,1
2026-06-03,SEC-006,11,2,0,0,6,Summer,0,0
2026-06-03,SEC-006,12,2,0,0,6,Summer,0,0
2026-06-03,SEC-006,13,2,0,0,6,Summer,0,0
2026-06-03,SEC-006,14,2,0,0,6,Summer,0,0
2026-06-03,SEC-006,15,2,0,0,6,Summer,1,1
2026-06-03,SEC-006,16,2,0,0,6,Summer,0,0
2026-06-03,SEC-006,17,2,0,0,6,Summer,1,1
2026-06-03,SEC-006,18,2,0,0,6,Summer,0,0
2026-06-03,SEC-006,19,2,0,0,6,Summer,0,0
2026-06-03,SEC-006,20,2,0,0,6,Summer,1,1
2026-06-03,SEC-006,21,2,0,0,6,Summer,2,2
2026-06-03,SEC-006,22,2,0,0,6,Summer,3,3
2026-06-03,SEC-006,23,2,0,0,6,Summer,1,1
2026-06-04,SEC-001,0,3,0,0,6,Summer,2,2
2026-06-04,SEC-001,1,3,0,0,6,Summer,3,3
2026-06-04,SEC-001,2,3,0,0,6,Summer,0,0
2026-06-04,SEC-001,3,3,0,0,6,Summer,0,0
2026-06-04,SEC-001,4,3,0,0,6,Summer,4,4
2026-06-04,SEC-001,5,3,0,0,6,Summer,1,1
2026-06-04,SEC-001,6,3,0,0,6,Summer,1,1
2026-06-04,SEC-001,7,3,0,0,6,Summer,0,0
2026-06-04,SEC-001,8,3,0,0,6,Summer,1,1
2026-06-04,SEC-001,9,3,0,0,6,Summer,2,2
2026-06-04,SEC-001,10,3,0,0,6,Summer,0,0
2026-06-04,SEC-001,11,3,0,0,6,Summer,0,0
2026-06-04,SEC-001,12,3,0,0,6,Summer,0,0
2026-06-04,SEC-001,13,3,0,0,6,Summer,0,0
2026-06-04,SEC-001,14,3,0,0,6,Summer,0,0
2026-06-04,SEC-001,15,3,0,0,6,Summer,0,0
2026-06-04,SEC-001,16,3,0,0,6,Summer,0,0
2026-06-04,SEC-001,17,3,0,0,6,Summer,2,2
2026-06-04,SEC-001,18,3,0,0,6,Summer,0,0
2026-06-04,SEC-001,19,3,0,0,6,Summer,1,1
2026-06-04,SEC-001,20,3,0,0,6,Summer,0,0
2026-06-04,SEC-001,21,3,0,0,6,Summer,0,0
2026-06-04,SEC-001,22,3,0,0,6,Summer,1,1
2026-06-04,SEC-001,23,3,0,0,6,Summer,2,2
2026-06-04,SEC-002,0,3,0,0,6,Summer,1,1
2026-06-04,SEC-002,1,3,0,0,6,Summer,2,2
2026-06-04,SEC-002,2,3,0,0,6,Summer,3,3
2026-06-04,SEC-002,3,3,0,0,6,Summer,3,3
2026-06-04,SEC-002,4,3,0,0,6,Summer,5,5
2026-06-04,SEC-002,5,3,0,0,6,Summer,0,0
2026-06-04,SEC-002,6,3,0,0,6,Summer,0,0
2026-06-04,SEC-002,7,3,0,0,6,Summer,0,0
2026-06-04,SEC-002,8,3,0,0,6,Summer,2,2
2026-06-04,SEC-002,9,3,0,0,6,Summer,0,0
2026-06-04,SEC-002,10,3,0,0,6,Summer,0,0
2026-06-04,SEC-002,11,3,0,0,6,Summer,0,0
2026-06-04,SEC-002,12,3,0,0,6,Summer,2,2
2026-06-04,SEC-002,13,3,0,0,6,Summer,0,0
2026-06-04,SEC-002,14,3,0,0,6,Summer,1,1
2026-06-04,SEC-002,15,3,0,0,6,Summer,2,2
2026-06-04,SEC-002,16,3,0,0,6,Summer,1,1
2026-06-04,SEC-002,17,3,0,0,6,Summer,0,0
2026-06-04,SEC-002,18,3,0,0,6,Summer,0,0
2026-06-04,SEC-002,19,3,0,0,6,Summer,2,2
2026-06-04,SEC-002,20,3,0,0,6,Summer,1,1
2026-06-04,SEC-002,21,3,0,0,6,Summer,0,0
2026-06-04,SEC-002,22,3,0,0,6,Summer,2,2
2026-06-04,SEC-002,23,3,0,0,6,Summer,1,1
2026-06-04,SEC-003,0,3,0,0,6,Summer,2,2
2026-06-04,SEC-003,1,3,0,0,6,Summer,1,1
2026-06-04,SEC-003,2,3,0,0,6,Summer,2,2
2026-06-04,SEC-003,3,3,0,0,6,Summer,1,1
2026-06-04,SEC-003,4,3,0,0,6,Summer,1,1
2026-06-04,SEC-003,5,3,0,0,6,Summer,0,0
2026-06-04,SEC-003,6,3,0,0,6,Summer,0,0
2026-06-04,SEC-003,7,3,0,0,6,Summer,0,0
2026-06-04,SEC-003,8,3,0,0,6,Summer,2,2
2026-06-04,SEC-003,9,3,0,0,6,Summer,0,0
2026-06-04,SEC-003,10,3,0,0,6,Summer,0,0
2026-06-04,SEC-003,11,3,0,0,6,Summer,0,0
2026-06-04,SEC-003,12,3,0,0,6,Summer,2,2
2026-06-04,SEC-003,13,3,0,0,6,Summer,0,0
2026-06-04,SEC-003,14,3,0,0,6,Summer,1,1
2026-06-04,SEC-003,15,3,0,0,6,Summer,0,0
2026-06-04,SEC-003,16,3,0,0,6,Summer,0,0
2026-06-04,SEC-003,17,3,0,0,6,Summer,0,0
2026-06-04,SEC-003,18,3,0,0,6,Summer,0,0
2026-06-04,SEC-003,19,3,0,0,6,Summer,0,0
2026-06-04,SEC-003,20,3,0,0,6,Summer,0,0
2026-06-04,SEC-003,21,3,0,0,6,Summer,0,0
2026-06-04,SEC-003,22,3,0,0,6,Summer,3,3
2026-06-04,SEC-003,23,3,0,0,6,Summer,3,3
2026-06-04,SEC-004,0,3,0,0,6,Summer,1,1
2026-06-04,SEC-004,1,3,0,0,6,Summer,5,5
2026-06-04,SEC-004,2,3,0,0,6,Summer,0,0
2026-06-04,SEC-004,3,3,0,0,6,Summer,0,0
2026-06-04,SEC-004,4,3,0,0,6,Summer,0,0
2026-06-04,SEC-004,5,3,0,0,6,Summer,0,0
2026-06-04,SEC-004,6,3,0,0,6,Summer,0,0
2026-06-04,SEC-004,7,3,0,0,6,Summer,1,1
2026-06-04,SEC-004,8,3,0,0,6,Summer,1,1
2026-06-04,SEC-004,9,3,0,0,6,Summer,1,1
2026-06-04,SEC-004,10,3,0,0,6,Summer,0,0
2026-06-04,SEC-004,11,3,0,0,6,Summer,0,0
2026-06-04,SEC-004,12,3,0,0,6,Summer,1,1
2026-06-04,SEC-004,13,3,0,0,6,Summer,0,0
2026-06-04,SEC-004,14,3,0,0,6,Summer,0,0
2026-06-04,SEC-004,15,3,0,0,6,Summer,0,0
2026-06-04,SEC-004,16,3,0,0,6,Summer,0,0
2026-06-04,SEC-004,17,3,0,0,6,Summer,1,1
2026-06-04,SEC-004,18,3,0,0,6,Summer,0,0
2026-06-04,SEC-004,19,3,0,0,6,Summer,0,0
2026-06-04,SEC-004,20,3,0,0,6,Summer,1,1
2026-06-04,SEC-004,21,3,0,0,6,Summer,0,0
2026-06-04,SEC-004,22,3,0,0,6,Summer,4,4
2026-06-04,SEC-004,23,3,0,0,6,Summer,1,1
2026-06-04,SEC-005,0,3,0,0,6,Summer,0,0
2026-06-04,SEC-005,1,3,0,0,6,Summer,0,0
2026-06-04,SEC-005,2,3,0,0,6,Summer,1,1
2026-06-04,SEC-005,3,3,0,0,6,Summer,1,1
2026-06-04,SEC-005,4,3,0,0,6,Summer,3,3
2026-06-04,SEC-005,5,3,0,0,6,Summer,1,1
2026-06-04,SEC-005,6,3,0,0,6,Summer,0,0
2026-06-04,SEC-005,7,3,0,0,6,Summer,3,3
2026-06-04,SEC-005,8,3,0,0,6,Summer,0,0
2026-06-04,SEC-005,9,3,0,0,6,Summer,0,0
2026-06-04,SEC-005,10,3,0,0,6,Summer,1,1
2026-06-04,SEC-005,11,3,0,0,6,Summer,0,0
2026-06-04,SEC-005,12,3,0,0,6,Summer,0,0
2026-06-04,SEC-005,13,3,0,0,6,Summer,0,0
2026-06-04,SEC-005,14,3,0,0,6,Summer,0,0
2026-06-04,SEC-005,15,3,0,0,6,Summer,0,0
2026-06-04,SEC-005,16,3,0,0,6,Summer,0,0
2026-06-04,SEC-005,17,3,0,0,6,Summer,0,0
2026-06-04,SEC-005,18,3,0,0,6,Summer,0,0
2026-06-04,SEC-005,19,3,0,0,6,Summer,1,1
2026-06-04,SEC-005,20,3,0,0,6,Summer,0,0
2026-06-04,SEC-005,21,3,0,0,6,Summer,0,0
2026-06-04,SEC-005,22,3,0,0,6,Summer,2,2
2026-06-04,SEC-005,23,3,0,0,6,Summer,0,0
2026-06-04,SEC-006,0,3,0,0,6,Summer,0,0
2026-06-04,SEC-006,1,3,0,0,6,Summer,1,1
2026-06-04,SEC-006,2,3,0,0,6,Summer,1,1
2026-06-04,SEC-006,3,3,0,0,6,Summer,4,4
2026-06-04,SEC-006,4,3,0,0,6,Summer,4,4
2026-06-04,SEC-006,5,3,0,0,6,Summer,0,0
2026-06-04,SEC-006,6,3,0,0,6,Summer,2,2
2026-06-04,SEC-006,7,3,0,0,6,Summer,0,0
2026-06-04,SEC-006,8,3,0,0,6,Summer,0,0
2026-06-04,SEC-006,9,3,0,0,6,Summer,1,1
2026-06-04,SEC-006,10,3,0,0,6,Summer,0,0
2026-06-04,SEC-006,11,3,0,0,6,Summer,1,1
2026-06-04,SEC-006,12,3,0,0,6,Summer,0,0
2026-06-04,SEC-006,13,3,0,0,6,Summer,0,0
2026-06-04,SEC-006,14,3,0,0,6,Summer,0,0
2026-06-04,SEC-006,15,3,0,0,6,Summer,0,0
2026-06-04,SEC-006,16,3,0,0,6,Summer,0,0
2026-06-04,SEC-006,17,3,0,0,6,Summer,0,0
2026-06-04,SEC-006,18,3,0,0,6,Summer,0,0
2026-06-04,SEC-006,19,3,0,0,6,Summer,1,1
2026-06-04,SEC-006,20,3,0,0,6,Summer,0,0
2026-06-04,SEC-006,21,3,0,0,6,Summer,0,0
2026-06-04,SEC-006,22,3,0,0,6,Summer,1,1
2026-06-04,SEC-006,23,3,0,0,6,Summer,1,1
2026-06-05,SEC-001,0,4,0,0,6,Summer,1,1
2026-06-05,SEC-001,1,4,0,0,6,Summer,0,0
2026-06-05,SEC-001,2,4,0,0,6,Summer,1,1
2026-06-05,SEC-001,3,4,0,0,6,Summer,4,4
2026-06-05,SEC-001,4,4,0,0,6,Summer,3,3
2026-06-05,SEC-001,5,4,0,0,6,Summer,0,0
2026-06-05,SEC-001,6,4,0,0,6,Summer,0,0
2026-06-05,SEC-001,7,4,0,0,6,Summer,0,0
2026-06-05,SEC-001,8,4,0,0,6,Summer,0,0
2026-06-05,SEC-001,9,4,0,0,6,Summer,1,1
2026-06-05,SEC-001,10,4,0,0,6,Summer,1,1
2026-06-05,SEC-001,11,4,0,0,6,Summer,0,0
2026-06-05,SEC-001,12,4,0,0,6,Summer,0,0
2026-06-05,SEC-001,13,4,0,0,6,Summer,0,0
2026-06-05,SEC-001,14,4,0,0,6,Summer,0,0
2026-06-05,SEC-001,15,4,0,0,6,Summer,0,0
2026-06-05,SEC-001,16,4,0,0,6,Summer,0,0
2026-06-05,SEC-001,17,4,0,0,6,Summer,1,1
2026-06-05,SEC-001,18,4,0,0,6,Summer,0,0
2026-06-05,SEC-001,19,4,0,0,6,Summer,0,0
2026-06-05,SEC-001,20,4,0,0,6,Summer,0,0
2026-06-05,SEC-001,21,4,0,0,6,Summer,1,1
2026-06-05,SEC-001,22,4,0,0,6,Summer,2,2
2026-06-05,SEC-001,23,4,0,0,6,Summer,1,1
2026-06-05,SEC-002,0,4,0,0,6,Summer,2,2
2026-06-05,SEC-002,1,4,0,0,6,Summer,1,1
2026-06-05,SEC-002,2,4,0,0,6,Summer,4,4
2026-06-05,SEC-002,3,4,0,0,6,Summer,2,2
2026-06-05,SEC-002,4,4,0,0,6,Summer,2,2
2026-06-05,SEC-002,5,4,0,0,6,Summer,2,2
2026-06-05,SEC-002,6,4,0,0,6,Summer,0,0
2026-06-05,SEC-002,7,4,0,0,6,Summer,0,0
2026-06-05,SEC-002,8,4,0,0,6,Summer,0,0
2026-06-05,SEC-002,9,4,0,0,6,Summer,1,1
2026-06-05,SEC-002,10,4,0,0,6,Summer,1,1
2026-06-05,SEC-002,11,4,0,0,6,Summer,0,0
2026-06-05,SEC-002,12,4,0,0,6,Summer,0,0
2026-06-05,SEC-002,13,4,0,0,6,Summer,1,1
2026-06-05,SEC-002,14,4,0,0,6,Summer,0,0
2026-06-05,SEC-002,15,4,0,0,6,Summer,0,0
2026-06-05,SEC-002,16,4,0,0,6,Summer,0,0
2026-06-05,SEC-002,17,4,0,0,6,Summer,1,1
2026-06-05,SEC-002,18,4,0,0,6,Summer,0,0
2026-06-05,SEC-002,19,4,0,0,6,Summer,1,1
2026-06-05,SEC-002,20,4,0,0,6,Summer,1,1
2026-06-05,SEC-002,21,4,0,0,6,Summer,0,0
2026-06-05,SEC-002,22,4,0,0,6,Summer,2,2
2026-06-05,SEC-002,23,4,0,0,6,Summer,3,3
2026-06-05,SEC-003,0,4,0,0,6,Summer,5,5
2026-06-05,SEC-003,1,4,0,0,6,Summer,0,0
2026-06-05,SEC-003,2,4,0,0,6,Summer,2,2
2026-06-05,SEC-003,3,4,0,0,6,Summer,4,4
2026-06-05,SEC-003,4,4,0,0,6,Summer,1,1
2026-06-05,SEC-003,5,4,0,0,6,Summer,0,0
2026-06-05,SEC-003,6,4,0,0,6,Summer,0,0
2026-06-05,SEC-003,7,4,0,0,6,Summer,0,0
2026-06-05,SEC-003,8,4,0,0,6,Summer,1,1
2026-06-05,SEC-003,9,4,0,0,6,Summer,0,0
2026-06-05,SEC-003,10,4,0,0,6,Summer,0,0
2026-06-05,SEC-003,11,4,0,0,6,Summer,0,0
2026-06-05,SEC-003,12,4,0,0,6,Summer,0,0
2026-06-05,SEC-003,13,4,0,0,6,Summer,1,1
2026-06-05,SEC-003,14,4,0,0,6,Summer,0,0
2026-06-05,SEC-003,15,4,0,0,6,Summer,0,0
2026-06-05,SEC-003,16,4,0,0,6,Summer,0,0
2026-06-05,SEC-003,17,4,0,0,6,Summer,0,0
2026-06-05,SEC-003,18,4,0,0,6,Summer,1,1
2026-06-05,SEC-003,19,4,0,0,6,Summer,0,0
2026-06-05,SEC-003,20,4,0,0,6,Summer,0,0
2026-06-05,SEC-003,21,4,0,0,6,Summer,1,1
2026-06-05,SEC-003,22,4,0,0,6,Summer,2,2
2026-06-05,SEC-003,23,4,0,0,6,Summer,0,0
2026-06-05,SEC-004,0,4,0,0,6,Summer,1,1
2026-06-05,SEC-004,1,4,0,0,6,Summer,1,1
2026-06-05,SEC-004,2,4,0,0,6,Summer,1,1
2026-06-05,SEC-004,3,4,0,0,6,Summer,2,2
2026-06-05,SEC-004,4,4,0,0,6,Summer,1,1
2026-06-05,SEC-004,5,4,0,0,6,Summer,0,0
2026-06-05,SEC-004,6,4,0,0,6,Summer,1,1
2026-06-05,SEC-004,7,4,0,0,6,Summer,1,1
2026-06-05,SEC-004,8,4,0,0,6,Summer,0,0
2026-06-05,SEC-004,9,4,0,0,6,Summer,0,0
2026-06-05,SEC-004,10,4,0,0,6,Summer,0,0
2026-06-05,SEC-004,11,4,0,0,6,Summer,1,1
2026-06-05,SEC-004,12,4,0,0,6,Summer,0,0
2026-06-05,SEC-004,13,4,0,0,6,Summer,0,0
2026-06-05,SEC-004,14,4,0,0,6,Summer,1,1
2026-06-05,SEC-004,15,4,0,0,6,Summer,0,0
2026-06-05,SEC-004,16,4,0,0,6,Summer,0,0
2026-06-05,SEC-004,17,4,0,0,6,Summer,0,0
2026-06-05,SEC-004,18,4,0,0,6,Summer,0,0
2026-06-05,SEC-004,19,4,0,0,6,Summer,3,3
2026-06-05,SEC-004,20,4,0,0,6,Summer,0,0
2026-06-05,SEC-004,21,4,0,0,6,Summer,0,0
2026-06-05,SEC-004,22,4,0,0,6,Summer,2,2
2026-06-05,SEC-004,23,4,0,0,6,Summer,2,2
2026-06-05,SEC-005,0,4,0,0,6,Summer,1,1
2026-06-05,SEC-005,1,4,0,0,6,Summer,1,1
2026-06-05,SEC-005,2,4,0,0,6,Summer,0,0
2026-06-05,SEC-005,3,4,0,0,6,Summer,1,1
2026-06-05,SEC-005,4,4,0,0,6,Summer,2,2
2026-06-05,SEC-005,5,4,0,0,6,Summer,0,0
2026-06-05,SEC-005,6,4,0,0,6,Summer,0,0
2026-06-05,SEC-005,7,4,0,0,6,Summer,0,0
2026-06-05,SEC-005,8,4,0,0,6,Summer,0,0
2026-06-05,SEC-005,9,4,0,0,6,Summer,0,0
2026-06-05,SEC-005,10,4,0,0,6,Summer,1,1
2026-06-05,SEC-005,11,4,0,0,6,Summer,2,2
2026-06-05,SEC-005,12,4,0,0,6,Summer,0,0
2026-06-05,SEC-005,13,4,0,0,6,Summer,1,1
2026-06-05,SEC-005,14,4,0,0,6,Summer,2,2
2026-06-05,SEC-005,15,4,0,0,6,Summer,0,0
2026-06-05,SEC-005,16,4,0,0,6,Summer,0,0
2026-06-05,SEC-005,17,4,0,0,6,Summer,1,1
2026-06-05,SEC-005,18,4,0,0,6,Summer,0,0
2026-06-05,SEC-005,19,4,0,0,6,Summer,1,1
2026-06-05,SEC-005,20,4,0,0,6,Summer,1,1
2026-06-05,SEC-005,21,4,0,0,6,Summer,1,1
2026-06-05,SEC-005,22,4,0,0,6,Summer,3,3
2026-06-05,SEC-005,23,4,0,0,6,Summer,3,3
2026-06-05,SEC-006,0,4,0,0,6,Summer,2,2
2026-06-05,SEC-006,1,4,0,0,6,Summer,0,0
2026-06-05,SEC-006,2,4,0,0,6,Summer,1,1
2026-06-05,SEC-006,3,4,0,0,6,Summer,4,4
2026-06-05,SEC-006,4,4,0,0,6,Summer,3,3
2026-06-05,SEC-006,5,4,0,0,6,Summer,1,1
2026-06-05,SEC-006,6,4,0,0,6,Summer,1,1
2026-06-05,SEC-006,7,4,0,0,6,Summer,1,1
2026-06-05,SEC-006,8,4,0,0,6,Summer,0,0
2026-06-05,SEC-006,9,4,0,0,6,Summer,0,0
2026-06-05,SEC-006,10,4,0,0,6,Summer,1,1
2026-06-05,SEC-006,11,4,0,0,6,Summer,0,0
2026-06-05,SEC-006,12,4,0,0,6,Summer,0,0
2026-06-05,SEC-006,13,4,0,0,6,Summer,0,0
2026-06-05,SEC-006,14,4,0,0,6,Summer,1,1
2026-06-05,SEC-006,15,4,0,0,6,Summer,0,0
2026-06-05,SEC-006,16,4,0,0,6,Summer,0,0
2026-06-05,SEC-006,17,4,0,0,6,Summer,0,0
2026-06-05,SEC-006,18,4,0,0,6,Summer,2,2
2026-06-05,SEC-006,19,4,0,0,6,Summer,0,0
2026-06-05,SEC-006,20,4,0,0,6,Summer,0,0
2026-06-05,SEC-006,21,4,0,0,6,Summer,0,0
2026-06-05,SEC-006,22,4,0,0,6,Summer,1,1
2026-06-05,SEC-006,23,4,0,0,6,Summer,1,1
2026-06-06,SEC-001,0,5,1,0,6,Summer,2,2
2026-06-06,SEC-001,1,5,1,0,6,Summer,3,3
2026-06-06,SEC-001,2,5,1,0,6,Summer,1,1
2026-06-06,SEC-001,3,5,1,0,6,Summer,4,4
2026-06-06,SEC-001,4,5,1,0,6,Summer,1,1
2026-06-06,SEC-001,5,5,1,0,6,Summer,0,0
2026-06-06,SEC-001,6,5,1,0,6,Summer,2,2
2026-06-06,SEC-001,7,5,1,0,6,Summer,0,0
2026-06-06,SEC-001,8,5,1,0,6,Summer,0,0
2026-06-06,SEC-001,9,5,1,0,6,Summer,0,0
2026-06-06,SEC-001,10,5,1,0,6,Summer,4,4
2026-06-06,SEC-001,11,5,1,0,6,Summer,0,0
2026-06-06,SEC-001,12,5,1,0,6,Summer,0,0
2026-06-06,SEC-001,13,5,1,0,6,Summer,0,0
2026-06-06,SEC-001,14,5,1,0,6,Summer,0,0
2026-06-06,SEC-001,15,5,1,0,6,Summer,0,0
2026-06-06,SEC-001,16,5,1,0,6,Summer,0,0
2026-06-06,SEC-001,17,5,1,0,6,Summer,1,1
2026-06-06,SEC-001,18,5,1,0,6,Summer,0,0
2026-06-06,SEC-001,19,5,1,0,6,Summer,0,0
2026-06-06,SEC-001,20,5,1,0,6,Summer,0,0
2026-06-06,SEC-001,21,5,1,0,6,Summer,1,1
2026-06-06,SEC-001,22,5,1,0,6,Summer,1,1
2026-06-06,SEC-001,23,5,1,0,6,Summer,2,2
2026-06-06,SEC-002,0,5,1,0,6,Summer,3,3
2026-06-06,SEC-002,1,5,1,0,6,Summer,4,4
2026-06-06,SEC-002,2,5,1,0,6,Summer,1,1
2026-06-06,SEC-002,3,5,1,0,6,Summer,1,1
2026-06-06,SEC-002,4,5,1,0,6,Summer,1,1
2026-06-06,SEC-002,5,5,1,0,6,Summer,0,0
2026-06-06,SEC-002,6,5,1,0,6,Summer,0,0
2026-06-06,SEC-002,7,5,1,0,6,Summer,0,0
2026-06-06,SEC-002,8,5,1,0,6,Summer,0,0
2026-06-06,SEC-002,9,5,1,0,6,Summer,0,0
2026-06-06,SEC-002,10,5,1,0,6,Summer,1,1
2026-06-06,SEC-002,11,5,1,0,6,Summer,1,1
2026-06-06,SEC-002,12,5,1,0,6,Summer,0,0
2026-06-06,SEC-002,13,5,1,0,6,Summer,2,2
2026-06-06,SEC-002,14,5,1,0,6,Summer,0,0
2026-06-06,SEC-002,15,5,1,0,6,Summer,0,0
2026-06-06,SEC-002,16,5,1,0,6,Summer,0,0
2026-06-06,SEC-002,17,5,1,0,6,Summer,0,0
2026-06-06,SEC-002,18,5,1,0,6,Summer,2,2
2026-06-06,SEC-002,19,5,1,0,6,Summer,0,0
2026-06-06,SEC-002,20,5,1,0,6,Summer,0,0
2026-06-06,SEC-002,21,5,1,0,6,Summer,0,0
2026-06-06,SEC-002,22,5,1,0,6,Summer,3,3
2026-06-06,SEC-002,23,5,1,0,6,Summer,5,5
2026-06-06,SEC-003,0,5,1,0,6,Summer,3,3
2026-06-06,SEC-003,1,5,1,0,6,Summer,1,1
2026-06-06,SEC-003,2,5,1,0,6,Summer,1,1
2026-06-06,SEC-003,3,5,1,0,6,Summer,0,0
2026-06-06,SEC-003,4,5,1,0,6,Summer,2,2
2026-06-06,SEC-003,5,5,1,0,6,Summer,0,0
2026-06-06,SEC-003,6,5,1,0,6,Summer,0,0
2026-06-06,SEC-003,7,5,1,0,6,Summer,0,0
2026-06-06,SEC-003,8,5,1,0,6,Summer,0,0
2026-06-06,SEC-003,9,5,1,0,6,Summer,0,0
2026-06-06,SEC-003,10,5,1,0,6,Summer,0,0
2026-06-06,SEC-003,11,5,1,0,6,Summer,0,0
2026-06-06,SEC-003,12,5,1,0,6,Summer,0,0
2026-06-06,SEC-003,13,5,1,0,6,Summer,1,1
2026-06-06,SEC-003,14,5,1,0,6,Summer,1,1
2026-06-06,SEC-003,15,5,1,0,6,Summer,0,0
2026-06-06,SEC-003,16,5,1,0,6,Summer,1,1
2026-06-06,SEC-003,17,5,1,0,6,Summer,0,0
2026-06-06,SEC-003,18,5,1,0,6,Summer,0,0
2026-06-06,SEC-003,19,5,1,0,6,Summer,0,0
2026-06-06,SEC-003,20,5,1,0,6,Summer,0,0
2026-06-06,SEC-003,21,5,1,0,6,Summer,0,0
2026-06-06,SEC-003,22,5,1,0,6,Summer,2,2
2026-06-06,SEC-003,23,5,1,0,6,Summer,2,2
2026-06-06,SEC-004,0,5,1,0,6,Summer,0,0
2026-06-06,SEC-004,1,5,1,0,6,Summer,1,1
2026-06-06,SEC-004,2,5,1,0,6,Summer,2,2
2026-06-06,SEC-004,3,5,1,0,6,Summer,3,3
2026-06-06,SEC-004,4,5,1,0,6,Summer,4,4
2026-06-06,SEC-004,5,5,1,0,6,Summer,0,0
2026-06-06,SEC-004,6,5,1,0,6,Summer,1,1
2026-06-06,SEC-004,7,5,1,0,6,Summer,0,0
2026-06-06,SEC-004,8,5,1,0,6,Summer,0,0
2026-06-06,SEC-004,9,5,1,0,6,Summer,0,0
2026-06-06,SEC-004,10,5,1,0,6,Summer,0,0
2026-06-06,SEC-004,11,5,1,0,6,Summer,0,0
2026-06-06,SEC-004,12,5,1,0,6,Summer,1,1
2026-06-06,SEC-004,13,5,1,0,6,Summer,0,0
2026-06-06,SEC-004,14,5,1,0,6,Summer,0,0
2026-06-06,SEC-004,15,5,1,0,6,Summer,1,1
2026-06-06,SEC-004,16,5,1,0,6,Summer,0,0
2026-06-06,SEC-004,17,5,1,0,6,Summer,0,0
2026-06-06,SEC-004,18,5,1,0,6,Summer,1,1
2026-06-06,SEC-004,19,5,1,0,6,Summer,0,0
2026-06-06,SEC-004,20,5,1,0,6,Summer,1,1
2026-06-06,SEC-004,21,5,1,0,6,Summer,1,1
2026-06-06,SEC-004,22,5,1,0,6,Summer,1,1
2026-06-06,SEC-004,23,5,1,0,6,Summer,2,2
2026-06-06,SEC-005,0,5,1,0,6,Summer,2,2
2026-06-06,SEC-005,1,5,1,0,6,Summer,1,1
2026-06-06,SEC-005,2,5,1,0,6,Summer,2,2
2026-06-06,SEC-005,3,5,1,0,6,Summer,5,5
2026-06-06,SEC-005,4,5,1,0,6,Summer,3,3
2026-06-06,SEC-005,5,5,1,0,6,Summer,0,0
2026-06-06,SEC-005,6,5,1,0,6,Summer,1,1
2026-06-06,SEC-005,7,5,1,0,6,Summer,0,0
2026-06-06,SEC-005,8,5,1,0,6,Summer,0,0
2026-06-06,SEC-005,9,5,1,0,6,Summer,0,0
2026-06-06,SEC-005,10,5,1,0,6,Summer,0,0
2026-06-06,SEC-005,11,5,1,0,6,Summer,1,1
2026-06-06,SEC-005,12,5,1,0,6,Summer,1,1
2026-06-06,SEC-005,13,5,1,0,6,Summer,1,1
2026-06-06,SEC-005,14,5,1,0,6,Summer,0,0
2026-06-06,SEC-005,15,5,1,0,6,Summer,1,1
2026-06-06,SEC-005,16,5,1,0,6,Summer,0,0
2026-06-06,SEC-005,17,5,1,0,6,Summer,0,0
2026-06-06,SEC-005,18,5,1,0,6,Summer,0,0
2026-06-06,SEC-005,19,5,1,0,6,Summer,1,1
2026-06-06,SEC-005,20,5,1,0,6,Summer,0,0
2026-06-06,SEC-005,21,5,1,0,6,Summer,0,0
2026-06-06,SEC-005,22,5,1,0,6,Summer,1,1
2026-06-06,SEC-005,23,5,1,0,6,Summer,1,1
2026-06-06,SEC-006,0,5,1,0,6,Summer,2,2
2026-06-06,SEC-006,1,5,1,0,6,Summer,1,1
2026-06-06,SEC-006,2,5,1,0,6,Summer,0,0
2026-06-06,SEC-006,3,5,1,0,6,Summer,1,1
2026-06-06,SEC-006,4,5,1,0,6,Summer,1,1
2026-06-06,SEC-006,5,5,1,0,6,Summer,1,1
2026-06-06,SEC-006,6,5,1,0,6,Summer,0,0
2026-06-06,SEC-006,7,5,1,0,6,Summer,1,1
2026-06-06,SEC-006,8,5,1,0,6,Summer,0,0
2026-06-06,SEC-006,9,5,1,0,6,Summer,1,1
2026-06-06,SEC-006,10,5,1,0,6,Summer,0,0
2026-06-06,SEC-006,11,5,1,0,6,Summer,0,0
2026-06-06,SEC-006,12,5,1,0,6,Summer,1,1
2026-06-06,SEC-006,13,5,1,0,6,Summer,0,0
2026-06-06,SEC-006,14,5,1,0,6,Summer,0,0
2026-06-06,SEC-006,15,5,1,0,6,Summer,0,0
2026-06-06,SEC-006,16,5,1,0,6,Summer,0,0
2026-06-06,SEC-006,17,5,1,0,6,Summer,2,2
2026-06-06,SEC-006,18,5,1,0,6,Summer,0,0
2026-06-06,SEC-006,19,5,1,0,6,Summer,1,1
2026-06-06,SEC-006,20,5,1,0,6,Summer,0,0
2026-06-06,SEC-006,21,5,1,0,6,Summer,0,0
2026-06-06,SEC-006,22,5,1,0,6,Summer,2,2
2026-06-06,SEC-006,23,5,1,0,6,Summer,1,1
2026-06-07,SEC-001,0,6,1,0,6,Summer,0,0
2026-06-07,SEC-001,1,6,1,0,6,Summer,1,1
2026-06-07,SEC-001,2,6,1,0,6,Summer,2,2
2026-06-07,SEC-001,3,6,1,0,6,Summer,0,0
2026-06-07,SEC-001,4,6,1,0,6,Summer,4,4
2026-06-07,SEC-001,5,6,1,0,6,Summer,0,0
2026-06-07,SEC-001,6,6,1,0,6,Summer,0,0
2026-06-07,SEC-001,7,6,1,0,6,Summer,0,0
2026-06-07,SEC-001,8,6,1,0,6,Summer,0,0
2026-06-07,SEC-001,9,6,1,0,6,Summer,0,0
2026-06-07,SEC-001,10,6,1,0,6,Summer,2,2
2026-06-07,SEC-001,11,6,1,0,6,Summer,0,0
2026-06-07,SEC-001,12,6,1,0,6,Summer,0,0
2026-06-07,SEC-001,13,6,1,0,6,Summer,0,0
2026-06-07,SEC-001,14,6,1,0,6,Summer,1,1
2026-06-07,SEC-001,15,6,1,0,6,Summer,0,0
2026-06-07,SEC-001,16,6,1,0,6,Summer,0,0
2026-06-07,SEC-001,17,6,1,0,6,Summer,0,0
2026-06-07,SEC-001,18,6,1,0,6,Summer,0,0
2026-06-07,SEC-001,19,6,1,0,6,Summer,0,0
2026-06-07,SEC-001,20,6,1,0,6,Summer,0,0
2026-06-07,SEC-001,21,6,1,0,6,Summer,0,0
2026-06-07,SEC-001,22,6,1,0,6,Summer,2,2
2026-06-07,SEC-001,23,6,1,0,6,Summer,3,3
2026-06-07,SEC-002,0,6,1,0,6,Summer,4,4
2026-06-07,SEC-002,1,6,1,0,6,Summer,3,3
2026-06-07,SEC-002,2,6,1,0,6,Summer,2,2
2026-06-07,SEC-002,3,6,1,0,6,Summer,2,2
2026-06-07,SEC-002,4,6,1,0,6,Summer,1,1
2026-06-07,SEC-002,5,6,1,0,6,Summer,0,0
2026-06-07,SEC-002,6,6,1,0,6,Summer,0,0
2026-06-07,SEC-002,7,6,1,0,6,Summer,0,0
2026-06-07,SEC-002,8,6,1,0,6,Summer,0,0
2026-06-07,SEC-002,9,6,1,0,6,Summer,1,1
2026-06-07,SEC-002,10,6,1,0,6,Summer,0,0
2026-06-07,SEC-002,11,6,1,0,6,Summer,0,0
2026-06-07,SEC-002,12,6,1,0,6,Summer,1,1
2026-06-07,SEC-002,13,6,1,0,6,Summer,1,1
2026-06-07,SEC-002,14,6,1,0,6,Summer,0,0
2026-06-07,SEC-002,15,6,1,0,6,Summer,1,1
2026-06-07,SEC-002,16,6,1,0,6,Summer,0,0
2026-06-07,SEC-002,17,6,1,0,6,Summer,0,0
2026-06-07,SEC-002,18,6,1,0,6,Summer,0,0
2026-06-07,SEC-002,19,6,1,0,6,Summer,0,0
2026-06-07,SEC-002,20,6,1,0,6,Summer,0,0
2026-06-07,SEC-002,21,6,1,0,6,Summer,0,0
2026-06-07,SEC-002,22,6,1,0,6,Summer,3,3
2026-06-07,SEC-002,23,6,1,0,6,Summer,3,3
2026-06-07,SEC-003,0,6,1,0,6,Summer,1,1
2026-06-07,SEC-003,1,6,1,0,6,Summer,2,2
2026-06-07,SEC-003,2,6,1,0,6,Summer,3,3
2026-06-07,SEC-003,3,6,1,0,6,Summer,1,1
2026-06-07,SEC-003,4,6,1,0,6,Summer,1,1
2026-06-07,SEC-003,5,6,1,0,6,Summer,0,0
2026-06-07,SEC-003,6,6,1,0,6,Summer,1,1
2026-06-07,SEC-003,7,6,1,0,6,Summer,0,0
2026-06-07,SEC-003,8,6,1,0,6,Summer,0,0
2026-06-07,SEC-003,9,6,1,0,6,Summer,1,1
2026-06-07,SEC-003,10,6,1,0,6,Summer,0,0
2026-06-07,SEC-003,11,6,1,0,6,Summer,1,1
2026-06-07,SEC-003,12,6,1,0,6,Summer,0,0
2026-06-07,SEC-003,13,6,1,0,6,Summer,2,2
2026-06-07,SEC-003,14,6,1,0,6,Summer,1,1
2026-06-07,SEC-003,15,6,1,0,6,Summer,2,2
2026-06-07,SEC-003,16,6,1,0,6,Summer,0,0
2026-06-07,SEC-003,17,6,1,0,6,Summer,1,1
2026-06-07,SEC-003,18,6,1,0,6,Summer,0,0
2026-06-07,SEC-003,19,6,1,0,6,Summer,1,1
2026-06-07,SEC-003,20,6,1,0,6,Summer,0,0
2026-06-07,SEC-003,21,6,1,0,6,Summer,0,0
2026-06-07,SEC-003,22,6,1,0,6,Summer,2,2
2026-06-07,SEC-003,23,6,1,0,6,Summer,1,1
2026-06-07,SEC-004,0,6,1,0,6,Summer,1,1
2026-06-07,SEC-004,1,6,1,0,6,Summer,1,1
2026-06-07,SEC-004,2,6,1,0,6,Summer,3,3
2026-06-07,SEC-004,3,6,1,0,6,Summer,3,3
2026-06-07,SEC-004,4,6,1,0,6,Summer,0,0
2026-06-07,SEC-004,5,6,1,0,6,Summer,0,0
2026-06-07,SEC-004,6,6,1,0,6,Summer,0,0
2026-06-07,SEC-004,7,6,1,0,6,Summer,0,0
2026-06-07,SEC-004,8,6,1,0,6,Summer,0,0
2026-06-07,SEC-004,9,6,1,0,6,Summer,0,0
2026-06-07,SEC-004,10,6,1,0,6,Summer,1,1
2026-06-07,SEC-004,11,6,1,0,6,Summer,1,1
2026-06-07,SEC-004,12,6,1,0,6,Summer,0,0
2026-06-07,SEC-004,13,6,1,0,6,Summer,0,0
2026-06-07,SEC-004,14,6,1,0,6,Summer,1,1
2026-06-07,SEC-004,15,6,1,0,6,Summer,0,0
2026-06-07,SEC-004,16,6,1,0,6,Summer,0,0
2026-06-07,SEC-004,17,6,1,0,6,Summer,0,0
2026-06-07,SEC-004,18,6,1,0,6,Summer,0,0
2026-06-07,SEC-004,19,6,1,0,6,Summer,0,0
2026-06-07,SEC-004,20,6,1,0,6,Summer,0,0
2026-06-07,SEC-004,21,6,1,0,6,Summer,1,1
2026-06-07,SEC-004,22,6,1,0,6,Summer,2,2
2026-06-07,SEC-004,23,6,1,0,6,Summer,1,1
2026-06-07,SEC-005,0,6,1,0,6,Summer,1,1
2026-06-07,SEC-005,1,6,1,0,6,Summer,0,0
2026-06-07,SEC-005,2,6,1,0,6,Summer,2,2
2026-06-07,SEC-005,3,6,1,0,6,Summer,1,1
2026-06-07,SEC-005,4,6,1,0,6,Summer,1,1
2026-06-07,SEC-005,5,6,1,0,6,Summer,1,1
2026-06-07,SEC-005,6,6,1,0,6,Summer,0,0
2026-06-07,SEC-005,7,6,1,0,6,Summer,0,0
2026-06-07,SEC-005,8,6,1,0,6,Summer,2,2
2026-06-07,SEC-005,9,6,1,0,6,Summer,0,0
2026-06-07,SEC-005,10,6,1,0,6,Summer,1,1
2026-06-07,SEC-005,11,6,1,0,6,Summer,1,1
2026-06-07,SEC-005,12,6,1,0,6,Summer,0,0
2026-06-07,SEC-005,13,6,1,0,6,Summer,0,0
2026-06-07,SEC-005,14,6,1,0,6,Summer,0,0
2026-06-07,SEC-005,15,6,1,0,6,Summer,1,1
2026-06-07,SEC-005,16,6,1,0,6,Summer,0,0
2026-06-07,SEC-005,17,6,1,0,6,Summer,2,2
2026-06-07,SEC-005,18,6,1,0,6,Summer,0,0
2026-06-07,SEC-005,19,6,1,0,6,Summer,0,0
2026-06-07,SEC-005,20,6,1,0,6,Summer,0,0
2026-06-07,SEC-005,21,6,1,0,6,Summer,0,0
2026-06-07,SEC-005,22,6,1,0,6,Summer,1,1
2026-06-07,SEC-005,23,6,1,0,6,Summer,1,1
2026-06-07,SEC-006,0,6,1,0,6,Summer,0,0
2026-06-07,SEC-006,1,6,1,0,6,Summer,1,1
2026-06-07,SEC-006,2,6,1,0,6,Summer,0,0
2026-06-07,SEC-006,3,6,1,0,6,Summer,0,0
2026-06-07,SEC-006,4,6,1,0,6,Summer,3,3
2026-06-07,SEC-006,5,6,1,0,6,Summer,0,0
2026-06-07,SEC-006,6,6,1,0,6,Summer,1,1
2026-06-07,SEC-006,7,6,1,0,6,Summer,0,0
2026-06-07,SEC-006,8,6,1,0,6,Summer,0,0
2026-06-07,SEC-006,9,6,1,0,6,Summer,0,0
2026-06-07,SEC-006,10,6,1,0,6,Summer,0,0
2026-06-07,SEC-006,11,6,1,0,6,Summer,0,0
2026-06-07,SEC-006,12,6,1,0,6,Summer,0,0
2026-06-07,SEC-006,13,6,1,0,6,Summer,0,0
2026-06-07,SEC-006,14,6,1,0,6,Summer,0,0
2026-06-07,SEC-006,15,6,1,0,6,Summer,0,0
2026-06-07,SEC-006,16,6,1,0,6,Summer,0,0
2026-06-07,SEC-006,17,6,1,0,6,Summer,1,1
2026-06-07,SEC-006,18,6,1,0,6,Summer,0,0
2026-06-07,SEC-006,19,6,1,0,6,Summer,1,1
2026-06-07,SEC-006,20,6,1,0,6,Summer,0,0
2026-06-07,SEC-006,21,6,1,0,6,Summer,0,0
2026-06-07,SEC-006,22,6,1,0,6,Summer,2,2
2026-06-07,SEC-006,23,6,1,0,6,Summer,3,3
2026-06-08,SEC-001,0,0,0,0,6,Summer,0,0
2026-06-08,SEC-001,1,0,0,0,6,Summer,3,3
2026-06-08,SEC-001,2,0,0,0,6,Summer,0,0
2026-06-08,SEC-001,3,0,0,0,6,Summer,1,1
2026-06-08,SEC-001,4,0,0,0,6,Summer,1,1
2026-06-08,SEC-001,5,0,0,0,6,Summer,0,0
2026-06-08,SEC-001,6,0,0,0,6,Summer,2,2
2026-06-08,SEC-001,7,0,0,0,6,Summer,1,1
2026-06-08,SEC-001,8,0,0,0,6,Summer,0,0
2026-06-08,SEC-001,9,0,0,0,6,Summer,0,0
2026-06-08,SEC-001,10,0,0,0,6,Summer,0,0
2026-06-08,SEC-001,11,0,0,0,6,Summer,1,1
2026-06-08,SEC-001,12,0,0,0,6,Summer,2,2
2026-06-08,SEC-001,13,0,0,0,6,Summer,0,0
2026-06-08,SEC-001,14,0,0,0,6,Summer,0,0
2026-06-08,SEC-001,15,0,0,0,6,Summer,0,0
2026-06-08,SEC-001,16,0,0,0,6,Summer,0,0
2026-06-08,SEC-001,17,0,0,0,6,Summer,0,0
2026-06-08,SEC-001,18,0,0,0,6,Summer,1,1
2026-06-08,SEC-001,19,0,0,0,6,Summer,0,0
2026-06-08,SEC-001,20,0,0,0,6,Summer,0,0
2026-06-08,SEC-001,21,0,0,0,6,Summer,0,0
2026-06-08,SEC-001,22,0,0,0,6,Summer,4,4
2026-06-08,SEC-001,23,0,0,0,6,Summer,1,1
2026-06-08,SEC-002,0,0,0,0,6,Summer,2,2
2026-06-08,SEC-002,1,0,0,0,6,Summer,2,2
2026-06-08,SEC-002,2,0,0,0,6,Summer,0,0
2026-06-08,SEC-002,3,0,0,0,6,Summer,3,3
2026-06-08,SEC-002,4,0,0,0,6,Summer,1,1
2026-06-08,SEC-002,5,0,0,0,6,Summer,0,0
2026-06-08,SEC-002,6,0,0,0,6,Summer,1,1
2026-06-08,SEC-002,7,0,0,0,6,Summer,2,2
2026-06-08,SEC-002,8,0,0,0,6,Summer,1,1
2026-06-08,SEC-002,9,0,0,0,6,Summer,0,0
2026-06-08,SEC-002,10,0,0,0,6,Summer,0,0
2026-06-08,SEC-002,11,0,0,0,6,Summer,0,0
2026-06-08,SEC-002,12,0,0,0,6,Summer,0,0
2026-06-08,SEC-002,13,0,0,0,6,Summer,0,0
2026-06-08,SEC-002,14,0,0,0,6,Summer,0,0
2026-06-08,SEC-002,15,0,0,0,6,Summer,1,1
2026-06-08,SEC-002,16,0,0,0,6,Summer,0,0
2026-06-08,SEC-002,17,0,0,0,6,Summer,1,1
2026-06-08,SEC-002,18,0,0,0,6,Summer,2,2
2026-06-08,SEC-002,19,0,0,0,6,Summer,0,0
2026-06-08,SEC-002,20,0,0,0,6,Summer,1,1
2026-06-08,SEC-002,21,0,0,0,6,Summer,1,1
2026-06-08,SEC-002,22,0,0,0,6,Summer,1,1
2026-06-08,SEC-002,23,0,0,0,6,Summer,3,3
2026-06-08,SEC-003,0,0,0,0,6,Summer,0,0
2026-06-08,SEC-003,1,0,0,0,6,Summer,0,0
2026-06-08,SEC-003,2,0,0,0,6,Summer,1,1
2026-06-08,SEC-003,3,0,0,0,6,Summer,2,2
2026-06-08,SEC-003,4,0,0,0,6,Summer,1,1
2026-06-08,SEC-003,5,0,0,0,6,Summer,0,0
2026-06-08,SEC-003,6,0,0,0,6,Summer,0,0
2026-06-08,SEC-003,7,0,0,0,6,Summer,0,0
2026-06-08,SEC-003,8,0,0,0,6,Summer,1,1
2026-06-08,SEC-003,9,0,0,0,6,Summer,0,0
2026-06-08,SEC-003,10,0,0,0,6,Summer,1,1
2026-06-08,SEC-003,11,0,0,0,6,Summer,0,0
2026-06-08,SEC-003,12,0,0,0,6,Summer,0,0
2026-06-08,SEC-003,13,0,0,0,6,Summer,1,1
2026-06-08,SEC-003,14,0,0,0,6,Summer,0,0
2026-06-08,SEC-003,15,0,0,0,6,Summer,1,1
2026-06-08,SEC-003,16,0,0,0,6,Summer,2,2
2026-06-08,SEC-003,17,0,0,0,6,Summer,0,0
2026-06-08,SEC-003,18,0,0,0,6,Summer,0,0
2026-06-08,SEC-003,19,0,0,0,6,Summer,0,0
2026-06-08,SEC-003,20,0,0,0,6,Summer,0,0
2026-06-08,SEC-003,21,0,0,0,6,Summer,1,1
2026-06-08,SEC-003,22,0,0,0,6,Summer,2,2
2026-06-08,SEC-003,23,0,0,0,6,Summer,1,1
2026-06-08,SEC-004,0,0,0,0,6,Summer,2,2
2026-06-08,SEC-004,1,0,0,0,6,Summer,3,3
2026-06-08,SEC-004,2,0,0,0,6,Summer,1,1
2026-06-08,SEC-004,3,0,0,0,6,Summer,4,4
2026-06-08,SEC-004,4,0,0,0,6,Summer,4,4
2026-06-08,SEC-004,5,0,0,0,6,Summer,0,0
2026-06-08,SEC-004,6,0,0,0,6,Summer,1,1
2026-06-08,SEC-004,7,0,0,0,6,Summer,1,1
2026-06-08,SEC-004,8,0,0,0,6,Summer,0,0
2026-06-08,SEC-004,9,0,0,0,6,Summer,1,1
2026-06-08,SEC-004,10,0,0,0,6,Summer,0,0
2026-06-08,SEC-004,11,0,0,0,6,Summer,0,0
2026-06-08,SEC-004,12,0,0,0,6,Summer,1,1
2026-06-08,SEC-004,13,0,0,0,6,Summer,1,1
2026-06-08,SEC-004,14,0,0,0,6,Summer,0,0
2026-06-08,SEC-004,15,0,0,0,6,Summer,0,0
2026-06-08,SEC-004,16,0,0,0,6,Summer,1,1
2026-06-08,SEC-004,17,0,0,0,6,Summer,2,2
2026-06-08,SEC-004,18,0,0,0,6,Summer,1,1
2026-06-08,SEC-004,19,0,0,0,6,Summer,0,0
2026-06-08,SEC-004,20,0,0,0,6,Summer,0,0
2026-06-08,SEC-004,21,0,0,0,6,Summer,1,1
2026-06-08,SEC-004,22,0,0,0,6,Summer,2,2
2026-06-08,SEC-004,23,0,0,0,6,Summer,3,3
2026-06-08,SEC-005,0,0,0,0,6,Summer,0,0
2026-06-08,SEC-005,1,0,0,0,6,Summer,3,3
2026-06-08,SEC-005,2,0,0,0,6,Summer,1,1
2026-06-08,SEC-005,3,0,0,0,6,Summer,0,0
2026-06-08,SEC-005,4,0,0,0,6,Summer,1,1
2026-06-08,SEC-005,5,0,0,0,6,Summer,2,2
2026-06-08,SEC-005,6,0,0,0,6,Summer,0,0
2026-06-08,SEC-005,7,0,0,0,6,Summer,1,1
2026-06-08,SEC-005,8,0,0,0,6,Summer,1,1
2026-06-08,SEC-005,9,0,0,0,6,Summer,0,0
2026-06-08,SEC-005,10,0,0,0,6,Summer,1,1
2026-06-08,SEC-005,11,0,0,0,6,Summer,0,0
2026-06-08,SEC-005,12,0,0,0,6,Summer,0,0
2026-06-08,SEC-005,13,0,0,0,6,Summer,0,0
2026-06-08,SEC-005,14,0,0,0,6,Summer,2,2
2026-06-08,SEC-005,15,0,0,0,6,Summer,0,0
2026-06-08,SEC-005,16,0,0,0,6,Summer,1,1
2026-06-08,SEC-005,17,0,0,0,6,Summer,0,0
2026-06-08,SEC-005,18,0,0,0,6,Summer,1,1
2026-06-08,SEC-005,19,0,0,0,6,Summer,1,1
2026-06-08,SEC-005,20,0,0,0,6,Summer,1,1
2026-06-08,SEC-005,21,0,0,0,6,Summer,0,0
2026-06-08,SEC-005,22,0,0,0,6,Summer,0,0
2026-06-08,SEC-005,23,0,0,0,6,Summer,2,2
2026-06-08,SEC-006,0,0,0,0,6,Summer,7,7
2026-06-08,SEC-006,1,0,0,0,6,Summer,3,3
2026-06-08,SEC-006,2,0,0,0,6,Summer,2,2
2026-06-08,SEC-006,3,0,0,0,6,Summer,3,3
2026-06-08,SEC-006,4,0,0,0,6,Summer,0,0
2026-06-08,SEC-006,5,0,0,0,6,Summer,0,0
2026-06-08,SEC-006,6,0,0,0,6,Summer,0,0
2026-06-08,SEC-006,7,0,0,0,6,Summer,1,1
2026-06-08,SEC-006,8,0,0,0,6,Summer,0,0
2026-06-08,SEC-006,9,0,0,0,6,Summer,0,0
2026-06-08,SEC-006,10,0,0,0,6,Summer,0,0
2026-06-08,SEC-006,11,0,0,0,6,Summer,0,0
2026-06-08,SEC-006,12,0,0,0,6,Summer,1,1
2026-06-08,SEC-006,13,0,0,0,6,Summer,1,1
2026-06-08,SEC-006,14,0,0,0,6,Summer,1,1
2026-06-08,SEC-006,15,0,0,0,6,Summer,0,0
2026-06-08,SEC-006,16,0,0,0,6,Summer,0,0
2026-06-08,SEC-006,17,0,0,0,6,Summer,0,0
2026-06-08,SEC-006,18,0,0,0,6,Summer,0,0
2026-06-08,SEC-006,19,0,0,0,6,Summer,0,0
2026-06-08,SEC-006,20,0,0,0,6,Summer,0,0
2026-06-08,SEC-006,21,0,0,0,6,Summer,1,1
2026-06-08,SEC-006,22,0,0,0,6,Summer,1,1
2026-06-08,SEC-006,23,0,0,0,6,Summer,1,1
2026-06-09,SEC-001,0,1,0,0,6,Summer,0,0
2026-06-09,SEC-001,1,1,0,0,6,Summer,5,5
2026-06-09,SEC-001,2,1,0,0,6,Summer,1,1
2026-06-09,SEC-001,3,1,0,0,6,Summer,3,3
2026-06-09,SEC-001,4,1,0,0,6,Summer,3,3
2026-06-09,SEC-001,5,1,0,0,6,Summer,0,0
2026-06-09,SEC-001,6,1,0,0,6,Summer,1,1
2026-06-09,SEC-001,7,1,0,0,6,Summer,0,0
2026-06-09,SEC-001,8,1,0,0,6,Summer,0,0
2026-06-09,SEC-001,9,1,0,0,6,Summer,1,1
2026-06-09,SEC-001,10,1,0,0,6,Summer,0,0
2026-06-09,SEC-001,11,1,0,0,6,Summer,1,1
2026-06-09,SEC-001,12,1,0,0,6,Summer,0,0
2026-06-09,SEC-001,13,1,0,0,6,Summer,0,0
2026-06-09,SEC-001,14,1,0,0,6,Summer,0,0
2026-06-09,SEC-001,15,1,0,0,6,Summer,1,1
2026-06-09,SEC-001,16,1,0,0,6,Summer,0,0
2026-06-09,SEC-001,17,1,0,0,6,Summer,0,0
2026-06-09,SEC-001,18,1,0,0,6,Summer,1,1
2026-06-09,SEC-001,19,1,0,0,6,Summer,1,1
2026-06-09,SEC-001,20,1,0,0,6,Summer,0,0
2026-06-09,SEC-001,21,1,0,0,6,Summer,1,1
2026-06-09,SEC-001,22,1,0,0,6,Summer,3,3
2026-06-09,SEC-001,23,1,0,0,6,Summer,1,1
2026-06-09,SEC-002,0,1,0,0,6,Summer,3,3
2026-06-09,SEC-002,1,1,0,0,6,Summer,4,4
2026-06-09,SEC-002,2,1,0,0,6,Summer,3,3
2026-06-09,SEC-002,3,1,0,0,6,Summer,3,3
2026-06-09,SEC-002,4,1,0,0,6,Summer,3,3
2026-06-09,SEC-002,5,1,0,0,6,Summer,0,0
2026-06-09,SEC-002,6,1,0,0,6,Summer,1,1
2026-06-09,SEC-002,7,1,0,0,6,Summer,1,1
2026-06-09,SEC-002,8,1,0,0,6,Summer,0,0
2026-06-09,SEC-002,9,1,0,0,6,Summer,0,0
2026-06-09,SEC-002,10,1,0,0,6,Summer,1,1
2026-06-09,SEC-002,11,1,0,0,6,Summer,1,1
2026-06-09,SEC-002,12,1,0,0,6,Summer,0,0
2026-06-09,SEC-002,13,1,0,0,6,Summer,0,0
2026-06-09,SEC-002,14,1,0,0,6,Summer,1,1
2026-06-09,SEC-002,15,1,0,0,6,Summer,1,1
2026-06-09,SEC-002,16,1,0,0,6,Summer,0,0
2026-06-09,SEC-002,17,1,0,0,6,Summer,1,1
2026-06-09,SEC-002,18,1,0,0,6,Summer,0,0
2026-06-09,SEC-002,19,1,0,0,6,Summer,1,1
2026-06-09,SEC-002,20,1,0,0,6,Summer,0,0
2026-06-09,SEC-002,21,1,0,0,6,Summer,2,2
2026-06-09,SEC-002,22,1,0,0,6,Summer,1,1
2026-06-09,SEC-002,23,1,0,0,6,Summer,2,2
2026-06-09,SEC-003,0,1,0,0,6,Summer,3,3
2026-06-09,SEC-003,1,1,0,0,6,Summer,0,0
2026-06-09,SEC-003,2,1,0,0,6,Summer,2,2
2026-06-09,SEC-003,3,1,0,0,6,Summer,1,1
2026-06-09,SEC-003,4,1,0,0,6,Summer,0,0
2026-06-09,SEC-003,5,1,0,0,6,Summer,1,1
2026-06-09,SEC-003,6,1,0,0,6,Summer,0,0
2026-06-09,SEC-003,7,1,0,0,6,Summer,0,0
2026-06-09,SEC-003,8,1,0,0,6,Summer,0,0
2026-06-09,SEC-003,9,1,0,0,6,Summer,0,0
2026-06-09,SEC-003,10,1,0,0,6,Summer,1,1
2026-06-09,SEC-003,11,1,0,0,6,Summer,1,1
2026-06-09,SEC-003,12,1,0,0,6,Summer,1,1
2026-06-09,SEC-003,13,1,0,0,6,Summer,0,0
2026-06-09,SEC-003,14,1,0,0,6,Summer,0,0
2026-06-09,SEC-003,15,1,0,0,6,Summer,0,0
2026-06-09,SEC-003,16,1,0,0,6,Summer,0,0
2026-06-09,SEC-003,17,1,0,0,6,Summer,0,0
2026-06-09,SEC-003,18,1,0,0,6,Summer,1,1
2026-06-09,SEC-003,19,1,0,0,6,Summer,0,0
2026-06-09,SEC-003,20,1,0,0,6,Summer,0,0
2026-06-09,SEC-003,21,1,0,0,6,Summer,1,1
2026-06-09,SEC-003,22,1,0,0,6,Summer,1,1
2026-06-09,SEC-003,23,1,0,0,6,Summer,2,2
2026-06-09,SEC-004,0,1,0,0,6,Summer,4,4
2026-06-09,SEC-004,1,1,0,0,6,Summer,1,1
2026-06-09,SEC-004,2,1,0,0,6,Summer,2,2
2026-06-09,SEC-004,3,1,0,0,6,Summer,0,0
2026-06-09,SEC-004,4,1,0,0,6,Summer,0,0
2026-06-09,SEC-004,5,1,0,0,6,Summer,0,0
2026-06-09,SEC-004,6,1,0,0,6,Summer,0,0
2026-06-09,SEC-004,7,1,0,0,6,Summer,0,0
2026-06-09,SEC-004,8,1,0,0,6,Summer,0,0
2026-06-09,SEC-004,9,1,0,0,6,Summer,1,1
2026-06-09,SEC-004,10,1,0,0,6,Summer,0,0
2026-06-09,SEC-004,11,1,0,0,6,Summer,0,0
2026-06-09,SEC-004,12,1,0,0,6,Summer,0,0
2026-06-09,SEC-004,13,1,0,0,6,Summer,0,0
2026-06-09,SEC-004,14,1,0,0,6,Summer,0,0
2026-06-09,SEC-004,15,1,0,0,6,Summer,1,1
2026-06-09,SEC-004,16,1,0,0,6,Summer,1,1
2026-06-09,SEC-004,17,1,0,0,6,Summer,1,1
2026-06-09,SEC-004,18,1,0,0,6,Summer,1,1
2026-06-09,SEC-004,19,1,0,0,6,Summer,1,1
2026-06-09,SEC-004,20,1,0,0,6,Summer,0,0
2026-06-09,SEC-004,21,1,0,0,6,Summer,1,1
2026-06-09,SEC-004,22,1,0,0,6,Summer,2,2
2026-06-09,SEC-004,23,1,0,0,6,Summer,3,3
2026-06-09,SEC-005,0,1,0,0,6,Summer,1,1
2026-06-09,SEC-005,1,1,0,0,6,Summer,2,2
2026-06-09,SEC-005,2,1,0,0,6,Summer,0,0
2026-06-09,SEC-005,3,1,0,0,6,Summer,3,3
2026-06-09,SEC-005,4,1,0,0,6,Summer,4,4
2026-06-09,SEC-005,5,1,0,0,6,Summer,0,0
2026-06-09,SEC-005,6,1,0,0,6,Summer,2,2
2026-06-09,SEC-005,7,1,0,0,6,Summer,0,0
2026-06-09,SEC-005,8,1,0,0,6,Summer,0,0
2026-06-09,SEC-005,9,1,0,0,6,Summer,1,1
2026-06-09,SEC-005,10,1,0,0,6,Summer,0,0
2026-06-09,SEC-005,11,1,0,0,6,Summer,1,1
2026-06-09,SEC-005,12,1,0,0,6,Summer,0,0
2026-06-09,SEC-005,13,1,0,0,6,Summer,1,1
2026-06-09,SEC-005,14,1,0,0,6,Summer,1,1
2026-06-09,SEC-005,15,1,0,0,6,Summer,0,0
2026-06-09,SEC-005,16,1,0,0,6,Summer,0,0
2026-06-09,SEC-005,17,1,0,0,6,Summer,1,1
2026-06-09,SEC-005,18,1,0,0,6,Summer,0,0
2026-06-09,SEC-005,19,1,0,0,6,Summer,1,1
2026-06-09,SEC-005,20,1,0,0,6,Summer,1,1
2026-06-09,SEC-005,21,1,0,0,6,Summer,0,0
2026-06-09,SEC-005,22,1,0,0,6,Summer,1,1
2026-06-09,SEC-005,23,1,0,0,6,Summer,5,5
2026-06-09,SEC-006,0,1,0,0,6,Summer,2,2
2026-06-09,SEC-006,1,1,0,0,6,Summer,3,3
2026-06-09,SEC-006,2,1,0,0,6,Summer,1,1
2026-06-09,SEC-006,3,1,0,0,6,Summer,1,1
2026-06-09,SEC-006,4,1,0,0,6,Summer,2,2
2026-06-09,SEC-006,5,1,0,0,6,Summer,0,0
2026-06-09,SEC-006,6,1,0,0,6,Summer,1,1
2026-06-09,SEC-006,7,1,0,0,6,Summer,0,0
2026-06-09,SEC-006,8,1,0,0,6,Summer,0,0
2026-06-09,SEC-006,9,1,0,0,6,Summer,1,1
2026-06-09,SEC-006,10,1,0,0,6,Summer,2,2
2026-06-09,SEC-006,11,1,0,0,6,Summer,0,0
2026-06-09,SEC-006,12,1,0,0,6,Summer,1,1
2026-06-09,SEC-006,13,1,0,0,6,Summer,0,0
2026-06-09,SEC-006,14,1,0,0,6,Summer,1,1
2026-06-09,SEC-006,15,1,0,0,6,Summer,0,0
2026-06-09,SEC-006,16,1,0,0,6,Summer,0,0
2026-06-09,SEC-006,17,1,0,0,6,Summer,0,0
2026-06-09,SEC-006,18,1,0,0,6,Summer,0,0
2026-06-09,SEC-006,19,1,0,0,6,Summer,0,0
2026-06-09,SEC-006,20,1,0,0,6,Summer,0,0
2026-06-09,SEC-006,21,1,0,0,6,Summer,0,0
2026-06-09,SEC-006,22,1,0,0,6,Summer,0,0
2026-06-09,SEC-006,23,1,0,0,6,Summer,0,0
2026-06-10,SEC-001,0,2,0,0,6,Summer,0,0
2026-06-10,SEC-001,1,2,0,0,6,Summer,1,1
2026-06-10,SEC-001,2,2,0,0,6,Summer,2,2
2026-06-10,SEC-001,3,2,0,0,6,Summer,0,0
2026-06-10,SEC-001,4,2,0,0,6,Summer,1,1
2026-06-10,SEC-001,5,2,0,0,6,Summer,1,1
2026-06-10,SEC-001,6,2,0,0,6,Summer,0,0
2026-06-10,SEC-001,7,2,0,0,6,Summer,0,0
2026-06-10,SEC-001,8,2,0,0,6,Summer,0,0
2026-06-10,SEC-001,9,2,0,0,6,Summer,0,0
2026-06-10,SEC-001,10,2,0,0,6,Summer,2,2
2026-06-10,SEC-001,11,2,0,0,6,Summer,1,1
2026-06-10,SEC-001,12,2,0,0,6,Summer,0,0
2026-06-10,SEC-001,13,2,0,0,6,Summer,1,1
2026-06-10,SEC-001,14,2,0,0,6,Summer,0,0
2026-06-10,SEC-001,15,2,0,0,6,Summer,0,0
2026-06-10,SEC-001,16,2,0,0,6,Summer,0,0
2026-06-10,SEC-001,17,2,0,0,6,Summer,0,0
2026-06-10,SEC-001,18,2,0,0,6,Summer,0,0
2026-06-10,SEC-001,19,2,0,0,6,Summer,0,0
2026-06-10,SEC-001,20,2,0,0,6,Summer,0,0
2026-06-10,SEC-001,21,2,0,0,6,Summer,0,0
2026-06-10,SEC-001,22,2,0,0,6,Summer,1,1
2026-06-10,SEC-001,23,2,0,0,6,Summer,1,1
2026-06-10,SEC-002,0,2,0,0,6,Summer,2,2
2026-06-10,SEC-002,1,2,0,0,6,Summer,5,5
2026-06-10,SEC-002,2,2,0,0,6,Summer,2,2
2026-06-10,SEC-002,3,2,0,0,6,Summer,0,0
2026-06-10,SEC-002,4,2,0,0,6,Summer,0,0
2026-06-10,SEC-002,5,2,0,0,6,Summer,0,0
2026-06-10,SEC-002,6,2,0,0,6,Summer,1,1
2026-06-10,SEC-002,7,2,0,0,6,Summer,0,0
2026-06-10,SEC-002,8,2,0,0,6,Summer,0,0
2026-06-10,SEC-002,9,2,0,0,6,Summer,0,0
2026-06-10,SEC-002,10,2,0,0,6,Summer,0,0
2026-06-10,SEC-002,11,2,0,0,6,Summer,0,0
2026-06-10,SEC-002,12,2,0,0,6,Summer,0,0
2026-06-10,SEC-002,13,2,0,0,6,Summer,0,0
2026-06-10,SEC-002,14,2,0,0,6,Summer,0,0
2026-06-10,SEC-002,15,2,0,0,6,Summer,1,1
2026-06-10,SEC-002,16,2,0,0,6,Summer,0,0
2026-06-10,SEC-002,17,2,0,0,6,Summer,0,0
2026-06-10,SEC-002,18,2,0,0,6,Summer,0,0
2026-06-10,SEC-002,19,2,0,0,6,Summer,0,0
2026-06-10,SEC-002,20,2,0,0,6,Summer,0,0
2026-06-10,SEC-002,21,2,0,0,6,Summer,0,0
2026-06-10,SEC-002,22,2,0,0,6,Summer,1,1
2026-06-10,SEC-002,23,2,0,0,6,Summer,2,2
2026-06-10,SEC-003,0,2,0,0,6,Summer,1,1
2026-06-10,SEC-003,1,2,0,0,6,Summer,2,2
2026-06-10,SEC-003,2,2,0,0,6,Summer,5,5
2026-06-10,SEC-003,3,2,0,0,6,Summer,1,1
2026-06-10,SEC-003,4,2,0,0,6,Summer,3,3
2026-06-10,SEC-003,5,2,0,0,6,Summer,0,0
2026-06-10,SEC-003,6,2,0,0,6,Summer,0,0
2026-06-10,SEC-003,7,2,0,0,6,Summer,0,0
2026-06-10,SEC-003,8,2,0,0,6,Summer,0,0
2026-06-10,SEC-003,9,2,0,0,6,Summer,0,0
2026-06-10,SEC-003,10,2,0,0,6,Summer,1,1
2026-06-10,SEC-003,11,2,0,0,6,Summer,0,0
2026-06-10,SEC-003,12,2,0,0,6,Summer,1,1
2026-06-10,SEC-003,13,2,0,0,6,Summer,1,1
2026-06-10,SEC-003,14,2,0,0,6,Summer,1,1
2026-06-10,SEC-003,15,2,0,0,6,Summer,2,2
2026-06-10,SEC-003,16,2,0,0,6,Summer,0,0
2026-06-10,SEC-003,17,2,0,0,6,Summer,0,0
2026-06-10,SEC-003,18,2,0,0,6,Summer,0,0
2026-06-10,SEC-003,19,2,0,0,6,Summer,0,0
2026-06-10,SEC-003,20,2,0,0,6,Summer,0,0
2026-06-10,SEC-003,21,2,0,0,6,Summer,0,0
2026-06-10,SEC-003,22,2,0,0,6,Summer,0,0
2026-06-10,SEC-003,23,2,0,0,6,Summer,3,3
2026-06-10,SEC-004,0,2,0,0,6,Summer,1,1
2026-06-10,SEC-004,1,2,0,0,6,Summer,4,4
2026-06-10,SEC-004,2,2,0,0,6,Summer,0,0
2026-06-10,SEC-004,3,2,0,0,6,Summer,1,1
2026-06-10,SEC-004,4,2,0,0,6,Summer,3,3
2026-06-10,SEC-004,5,2,0,0,6,Summer,0,0
2026-06-10,SEC-004,6,2,0,0,6,Summer,0,0
2026-06-10,SEC-004,7,2,0,0,6,Summer,1,1
2026-06-10,SEC-004,8,2,0,0,6,Summer,1,1
2026-06-10,SEC-004,9,2,0,0,6,Summer,2,2
2026-06-10,SEC-004,10,2,0,0,6,Summer,1,1
2026-06-10,SEC-004,11,2,0,0,6,Summer,1,1
2026-06-10,SEC-004,12,2,0,0,6,Summer,1,1
2026-06-10,SEC-004,13,2,0,0,6,Summer,0,0
2026-06-10,SEC-004,14,2,0,0,6,Summer,1,1
2026-06-10,SEC-004,15,2,0,0,6,Summer,1,1
2026-06-10,SEC-004,16,2,0,0,6,Summer,0,0
2026-06-10,SEC-004,17,2,0,0,6,Summer,0,0
2026-06-10,SEC-004,18,2,0,0,6,Summer,1,1
2026-06-10,SEC-004,19,2,0,0,6,Summer,1,1
2026-06-10,SEC-004,20,2,0,0,6,Summer,0,0
2026-06-10,SEC-004,21,2,0,0,6,Summer,0,0
2026-06-10,SEC-004,22,2,0,0,6,Summer,0,0
2026-06-10,SEC-004,23,2,0,0,6,Summer,0,0
2026-06-10,SEC-005,0,2,0,0,6,Summer,0,0
2026-06-10,SEC-005,1,2,0,0,6,Summer,3,3
2026-06-10,SEC-005,2,2,0,0,6,Summer,1,1
2026-06-10,SEC-005,3,2,0,0,6,Summer,1,1
2026-06-10,SEC-005,4,2,0,0,6,Summer,1,1
2026-06-10,SEC-005,5,2,0,0,6,Summer,1,1
2026-06-10,SEC-005,6,2,0,0,6,Summer,0,0
2026-06-10,SEC-005,7,2,0,0,6,Summer,0,0
2026-06-10,SEC-005,8,2,0,0,6,Summer,0,0
2026-06-10,SEC-005,9,2,0,0,6,Summer,0,0
2026-06-10,SEC-005,10,2,0,0,6,Summer,0,0
2026-06-10,SEC-005,11,2,0,0,6,Summer,0,0
2026-06-10,SEC-005,12,2,0,0,6,Summer,0,0
2026-06-10,SEC-005,13,2,0,0,6,Summer,0,0
2026-06-10,SEC-005,14,2,0,0,6,Summer,0,0
2026-06-10,SEC-005,15,2,0,0,6,Summer,1,1
2026-06-10,SEC-005,16,2,0,0,6,Summer,1,1
2026-06-10,SEC-005,17,2,0,0,6,Summer,0,0
2026-06-10,SEC-005,18,2,0,0,6,Summer,0,0
2026-06-10,SEC-005,19,2,0,0,6,Summer,0,0
2026-06-10,SEC-005,20,2,0,0,6,Summer,1,1
2026-06-10,SEC-005,21,2,0,0,6,Summer,0,0
2026-06-10,SEC-005,22,2,0,0,6,Summer,2,2
2026-06-10,SEC-005,23,2,0,0,6,Summer,3,3
2026-06-10,SEC-006,0,2,0,0,6,Summer,5,5
2026-06-10,SEC-006,1,2,0,0,6,Summer,1,1
2026-06-10,SEC-006,2,2,0,0,6,Summer,4,4
2026-06-10,SEC-006,3,2,0,0,6,Summer,5,5
2026-06-10,SEC-006,4,2,0,0,6,Summer,2,2
2026-06-10,SEC-006,5,2,0,0,6,Summer,1,1
2026-06-10,SEC-006,6,2,0,0,6,Summer,0,0
2026-06-10,SEC-006,7,2,0,0,6,Summer,0,0
2026-06-10,SEC-006,8,2,0,0,6,Summer,2,2
2026-06-10,SEC-006,9,2,0,0,6,Summer,1,1
2026-06-10,SEC-006,10,2,0,0,6,Summer,0,0
2026-06-10,SEC-006,11,2,0,0,6,Summer,1,1
2026-06-10,SEC-006,12,2,0,0,6,Summer,1,1
2026-06-10,SEC-006,13,2,0,0,6,Summer,0,0
2026-06-10,SEC-006,14,2,0,0,6,Summer,0,0
2026-06-10,SEC-006,15,2,0,0,6,Summer,0,0
2026-06-10,SEC-006,16,2,0,0,6,Summer,1,1
2026-06-10,SEC-006,17,2,0,0,6,Summer,1,1
2026-06-10,SEC-006,18,2,0,0,6,Summer,0,0
2026-06-10,SEC-006,19,2,0,0,6,Summer,1,1
2026-06-10,SEC-006,20,2,0,0,6,Summer,1,1
2026-06-10,SEC-006,21,2,0,0,6,Summer,1,1
2026-06-10,SEC-006,22,2,0,0,6,Summer,2,2
2026-06-10,SEC-006,23,2,0,0,6,Summer,0,0
2026-06-11,SEC-001,0,3,0,0,6,Summer,1,1
2026-06-11,SEC-001,1,3,0,0,6,Summer,3,3
2026-06-11,SEC-001,2,3,0,0,6,Summer,0,0
2026-06-11,SEC-001,3,3,0,0,6,Summer,5,5
2026-06-11,SEC-001,4,3,0,0,6,Summer,0,0
2026-06-11,SEC-001,5,3,0,0,6,Summer,1,1
2026-06-11,SEC-001,6,3,0,0,6,Summer,1,1
2026-06-11,SEC-001,7,3,0,0,6,Summer,1,1
2026-06-11,SEC-001,8,3,0,0,6,Summer,1,1
2026-06-11,SEC-001,9,3,0,0,6,Summer,0,0
2026-06-11,SEC-001,10,3,0,0,6,Summer,2,2
2026-06-11,SEC-001,11,3,0,0,6,Summer,0,0
2026-06-11,SEC-001,12,3,0,0,6,Summer,1,1
2026-06-11,SEC-001,13,3,0,0,6,Summer,0,0
2026-06-11,SEC-001,14,3,0,0,6,Summer,1,1
2026-06-11,SEC-001,15,3,0,0,6,Summer,0,0
2026-06-11,SEC-001,16,3,0,0,6,Summer,0,0
2026-06-11,SEC-001,17,3,0,0,6,Summer,0,0
2026-06-11,SEC-001,18,3,0,0,6,Summer,2,2
2026-06-11,SEC-001,19,3,0,0,6,Summer,1,1
2026-06-11,SEC-001,20,3,0,0,6,Summer,0,0
2026-06-11,SEC-001,21,3,0,0,6,Summer,1,1
2026-06-11,SEC-001,22,3,0,0,6,Summer,3,3
2026-06-11,SEC-001,23,3,0,0,6,Summer,0,0
2026-06-11,SEC-002,0,3,0,0,6,Summer,5,5
2026-06-11,SEC-002,1,3,0,0,6,Summer,0,0
2026-06-11,SEC-002,2,3,0,0,6,Summer,0,0
2026-06-11,SEC-002,3,3,0,0,6,Summer,0,0
2026-06-11,SEC-002,4,3,0,0,6,Summer,3,3
2026-06-11,SEC-002,5,3,0,0,6,Summer,1,1
2026-06-11,SEC-002,6,3,0,0,6,Summer,0,0
2026-06-11,SEC-002,7,3,0,0,6,Summer,1,1
2026-06-11,SEC-002,8,3,0,0,6,Summer,3,3
2026-06-11,SEC-002,9,3,0,0,6,Summer,1,1
2026-06-11,SEC-002,10,3,0,0,6,Summer,1,1
2026-06-11,SEC-002,11,3,0,0,6,Summer,0,0
2026-06-11,SEC-002,12,3,0,0,6,Summer,1,1
2026-06-11,SEC-002,13,3,0,0,6,Summer,1,1
2026-06-11,SEC-002,14,3,0,0,6,Summer,0,0
2026-06-11,SEC-002,15,3,0,0,6,Summer,0,0
2026-06-11,SEC-002,16,3,0,0,6,Summer,0,0
2026-06-11,SEC-002,17,3,0,0,6,Summer,0,0
2026-06-11,SEC-002,18,3,0,0,6,Summer,0,0
2026-06-11,SEC-002,19,3,0,0,6,Summer,0,0
2026-06-11,SEC-002,20,3,0,0,6,Summer,0,0
2026-06-11,SEC-002,21,3,0,0,6,Summer,0,0
2026-06-11,SEC-002,22,3,0,0,6,Summer,4,4
2026-06-11,SEC-002,23,3,0,0,6,Summer,0,0
2026-06-11,SEC-003,0,3,0,0,6,Summer,3,3
2026-06-11,SEC-003,1,3,0,0,6,Summer,4,4
2026-06-11,SEC-003,2,3,0,0,6,Summer,2,2
2026-06-11,SEC-003,3,3,0,0,6,Summer,1,1
2026-06-11,SEC-003,4,3,0,0,6,Summer,5,5
2026-06-11,SEC-003,5,3,0,0,6,Summer,0,0
2026-06-11,SEC-003,6,3,0,0,6,Summer,0,0
2026-06-11,SEC-003,7,3,0,0,6,Summer,0,0
2026-06-11,SEC-003,8,3,0,0,6,Summer,0,0
2026-06-11,SEC-003,9,3,0,0,6,Summer,0,0
2026-06-11,SEC-003,10,3,0,0,6,Summer,1,1
2026-06-11,SEC-003,11,3,0,0,6,Summer,1,1
2026-06-11,SEC-003,12,3,0,0,6,Summer,1,1
2026-06-11,SEC-003,13,3,0,0,6,Summer,0,0
2026-06-11,SEC-003,14,3,0,0,6,Summer,0,0
2026-06-11,SEC-003,15,3,0,0,6,Summer,0,0
2026-06-11,SEC-003,16,3,0,0,6,Summer,0,0
2026-06-11,SEC-003,17,3,0,0,6,Summer,2,2
2026-06-11,SEC-003,18,3,0,0,6,Summer,1,1
2026-06-11,SEC-003,19,3,0,0,6,Summer,0,0
2026-06-11,SEC-003,20,3,0,0,6,Summer,1,1
2026-06-11,SEC-003,21,3,0,0,6,Summer,2,2
2026-06-11,SEC-003,22,3,0,0,6,Summer,2,2
2026-06-11,SEC-003,23,3,0,0,6,Summer,0,0
2026-06-11,SEC-004,0,3,0,0,6,Summer,3,3
2026-06-11,SEC-004,1,3,0,0,6,Summer,1,1
2026-06-11,SEC-004,2,3,0,0,6,Summer,2,2
2026-06-11,SEC-004,3,3,0,0,6,Summer,1,1
2026-06-11,SEC-004,4,3,0,0,6,Summer,3,3
2026-06-11,SEC-004,5,3,0,0,6,Summer,1,1
2026-06-11,SEC-004,6,3,0,0,6,Summer,0,0
2026-06-11,SEC-004,7,3,0,0,6,Summer,0,0
2026-06-11,SEC-004,8,3,0,0,6,Summer,0,0
2026-06-11,SEC-004,9,3,0,0,6,Summer,0,0
2026-06-11,SEC-004,10,3,0,0,6,Summer,1,1
2026-06-11,SEC-004,11,3,0,0,6,Summer,0,0
2026-06-11,SEC-004,12,3,0,0,6,Summer,0,0
2026-06-11,SEC-004,13,3,0,0,6,Summer,0,0
2026-06-11,SEC-004,14,3,0,0,6,Summer,0,0
2026-06-11,SEC-004,15,3,0,0,6,Summer,1,1
2026-06-11,SEC-004,16,3,0,0,6,Summer,0,0
2026-06-11,SEC-004,17,3,0,0,6,Summer,1,1
2026-06-11,SEC-004,18,3,0,0,6,Summer,0,0
2026-06-11,SEC-004,19,3,0,0,6,Summer,3,3
2026-06-11,SEC-004,20,3,0,0,6,Summer,0,0
2026-06-11,SEC-004,21,3,0,0,6,Summer,0,0
2026-06-11,SEC-004,22,3,0,0,6,Summer,6,6
2026-06-11,SEC-004,23,3,0,0,6,Summer,2,2
2026-06-11,SEC-005,0,3,0,0,6,Summer,1,1
2026-06-11,SEC-005,1,3,0,0,6,Summer,2,2
2026-06-11,SEC-005,2,3,0,0,6,Summer,3,3
2026-06-11,SEC-005,3,3,0,0,6,Summer,3,3
2026-06-11,SEC-005,4,3,0,0,6,Summer,2,2
2026-06-11,SEC-005,5,3,0,0,6,Summer,0,0
2026-06-11,SEC-005,6,3,0,0,6,Summer,0,0
2026-06-11,SEC-005,7,3,0,0,6,Summer,0,0
2026-06-11,SEC-005,8,3,0,0,6,Summer,0,0
2026-06-11,SEC-005,9,3,0,0,6,Summer,0,0
2026-06-11,SEC-005,10,3,0,0,6,Summer,1,1
2026-06-11,SEC-005,11,3,0,0,6,Summer,0,0
2026-06-11,SEC-005,12,3,0,0,6,Summer,0,0
2026-06-11,SEC-005,13,3,0,0,6,Summer,1,1
2026-06-11,SEC-005,14,3,0,0,6,Summer,0,0
2026-06-11,SEC-005,15,3,0,0,6,Summer,1,1
2026-06-11,SEC-005,16,3,0,0,6,Summer,0,0
2026-06-11,SEC-005,17,3,0,0,6,Summer,0,0
2026-06-11,SEC-005,18,3,0,0,6,Summer,1,1
2026-06-11,SEC-005,19,3,0,0,6,Summer,0,0
2026-06-11,SEC-005,20,3,0,0,6,Summer,2,2
2026-06-11,SEC-005,21,3,0,0,6,Summer,0,0
2026-06-11,SEC-005,22,3,0,0,6,Summer,1,1
2026-06-11,SEC-005,23,3,0,0,6,Summer,2,2
2026-06-11,SEC-006,0,3,0,0,6,Summer,2,2
2026-06-11,SEC-006,1,3,0,0,6,Summer,2,2
2026-06-11,SEC-006,2,3,0,0,6,Summer,2,2
2026-06-11,SEC-006,3,3,0,0,6,Summer,1,1
2026-06-11,SEC-006,4,3,0,0,6,Summer,1,1
2026-06-11,SEC-006,5,3,0,0,6,Summer,0,0
2026-06-11,SEC-006,6,3,0,0,6,Summer,0,0
2026-06-11,SEC-006,7,3,0,0,6,Summer,0,0
2026-06-11,SEC-006,8,3,0,0,6,Summer,0,0
2026-06-11,SEC-006,9,3,0,0,6,Summer,0,0
2026-06-11,SEC-006,10,3,0,0,6,Summer,1,1
2026-06-11,SEC-006,11,3,0,0,6,Summer,2,2
2026-06-11,SEC-006,12,3,0,0,6,Summer,0,0
2026-06-11,SEC-006,13,3,0,0,6,Summer,0,0
2026-06-11,SEC-006,14,3,0,0,6,Summer,1,1
2026-06-11,SEC-006,15,3,0,0,6,Summer,0,0
2026-06-11,SEC-006,16,3,0,0,6,Summer,0,0
2026-06-11,SEC-006,17,3,0,0,6,Summer,1,1
2026-06-11,SEC-006,18,3,0,0,6,Summer,0,0
2026-06-11,SEC-006,19,3,0,0,6,Summer,2,2
2026-06-11,SEC-006,20,3,0,0,6,Summer,1,1
2026-06-11,SEC-006,21,3,0,0,6,Summer,1,1
2026-06-11,SEC-006,22,3,0,0,6,Summer,1,1
2026-06-11,SEC-006,23,3,0,0,6,Summer,4,4
2026-06-12,SEC-001,0,4,0,0,6,Summer,6,6
2026-06-12,SEC-001,1,4,0,0,6,Summer,2,2
2026-06-12,SEC-001,2,4,0,0,6,Summer,0,0
2026-06-12,SEC-001,3,4,0,0,6,Summer,1,1
2026-06-12,SEC-001,4,4,0,0,6,Summer,3,3
2026-06-12,SEC-001,5,4,0,0,6,Summer,3,3
2026-06-12,SEC-001,6,4,0,0,6,Summer,1,1
2026-06-12,SEC-001,7,4,0,0,6,Summer,0,0
2026-06-12,SEC-001,8,4,0,0,6,Summer,1,1
2026-06-12,SEC-001,9,4,0,0,6,Summer,0,0
2026-06-12,SEC-001,10,4,0,0,6,Summer,1,1
2026-06-12,SEC-001,11,4,0,0,6,Summer,0,0
2026-06-12,SEC-001,12,4,0,0,6,Summer,0,0
2026-06-12,SEC-001,13,4,0,0,6,Summer,1,1
2026-06-12,SEC-001,14,4,0,0,6,Summer,0,0
2026-06-12,SEC-001,15,4,0,0,6,Summer,0,0
2026-06-12,SEC-001,16,4,0,0,6,Summer,0,0
2026-06-12,SEC-001,17,4,0,0,6,Summer,0,0
2026-06-12,SEC-001,18,4,0,0,6,Summer,1,1
2026-06-12,SEC-001,19,4,0,0,6,Summer,1,1
2026-06-12,SEC-001,20,4,0,0,6,Summer,0,0
2026-06-12,SEC-001,21,4,0,0,6,Summer,1,1
2026-06-12,SEC-001,22,4,0,0,6,Summer,1,1
2026-06-12,SEC-001,23,4,0,0,6,Summer,2,2
2026-06-12,SEC-002,0,4,0,0,6,Summer,1,1
2026-06-12,SEC-002,1,4,0,0,6,Summer,3,3
2026-06-12,SEC-002,2,4,0,0,6,Summer,3,3
2026-06-12,SEC-002,3,4,0,0,6,Summer,2,2
2026-06-12,SEC-002,4,4,0,0,6,Summer,0,0
2026-06-12,SEC-002,5,4,0,0,6,Summer,0,0
2026-06-12,SEC-002,6,4,0,0,6,Summer,0,0
2026-06-12,SEC-002,7,4,0,0,6,Summer,0,0
2026-06-12,SEC-002,8,4,0,0,6,Summer,0,0
2026-06-12,SEC-002,9,4,0,0,6,Summer,1,1
2026-06-12,SEC-002,10,4,0,0,6,Summer,0,0
2026-06-12,SEC-002,11,4,0,0,6,Summer,0,0
2026-06-12,SEC-002,12,4,0,0,6,Summer,1,1
2026-06-12,SEC-002,13,4,0,0,6,Summer,0,0
2026-06-12,SEC-002,14,4,0,0,6,Summer,0,0
2026-06-12,SEC-002,15,4,0,0,6,Summer,2,2
2026-06-12,SEC-002,16,4,0,0,6,Summer,0,0
2026-06-12,SEC-002,17,4,0,0,6,Summer,0,0
2026-06-12,SEC-002,18,4,0,0,6,Summer,1,1
2026-06-12,SEC-002,19,4,0,0,6,Summer,0,0
2026-06-12,SEC-002,20,4,0,0,6,Summer,2,2
2026-06-12,SEC-002,21,4,0,0,6,Summer,0,0
2026-06-12,SEC-002,22,4,0,0,6,Summer,3,3
2026-06-12,SEC-002,23,4,0,0,6,Summer,1,1
2026-06-12,SEC-003,0,4,0,0,6,Summer,1,1
2026-06-12,SEC-003,1,4,0,0,6,Summer,3,3
2026-06-12,SEC-003,2,4,0,0,6,Summer,1,1
2026-06-12,SEC-003,3,4,0,0,6,Summer,1,1
2026-06-12,SEC-003,4,4,0,0,6,Summer,3,3
2026-06-12,SEC-003,5,4,0,0,6,Summer,0,0
2026-06-12,SEC-003,6,4,0,0,6,Summer,0,0
2026-06-12,SEC-003,7,4,0,0,6,Summer,0,0
2026-06-12,SEC-003,8,4,0,0,6,Summer,0,0
2026-06-12,SEC-003,9,4,0,0,6,Summer,0,0
2026-06-12,SEC-003,10,4,0,0,6,Summer,0,0
2026-06-12,SEC-003,11,4,0,0,6,Summer,1,1
2026-06-12,SEC-003,12,4,0,0,6,Summer,1,1
2026-06-12,SEC-003,13,4,0,0,6,Summer,1,1
2026-06-12,SEC-003,14,4,0,0,6,Summer,0,0
2026-06-12,SEC-003,15,4,0,0,6,Summer,0,0
2026-06-12,SEC-003,16,4,0,0,6,Summer,0,0
2026-06-12,SEC-003,17,4,0,0,6,Summer,1,1
2026-06-12,SEC-003,18,4,0,0,6,Summer,0,0
2026-06-12,SEC-003,19,4,0,0,6,Summer,0,0
2026-06-12,SEC-003,20,4,0,0,6,Summer,0,0
2026-06-12,SEC-003,21,4,0,0,6,Summer,0,0
2026-06-12,SEC-003,22,4,0,0,6,Summer,1,1
2026-06-12,SEC-003,23,4,0,0,6,Summer,1,1
2026-06-12,SEC-004,0,4,0,0,6,Summer,1,1
2026-06-12,SEC-004,1,4,0,0,6,Summer,5,5
2026-06-12,SEC-004,2,4,0,0,6,Summer,0,0
2026-06-12,SEC-004,3,4,0,0,6,Summer,2,2
2026-06-12,SEC-004,4,4,0,0,6,Summer,2,2
2026-06-12,SEC-004,5,4,0,0,6,Summer,0,0
2026-06-12,SEC-004,6,4,0,0,6,Summer,1,1
2026-06-12,SEC-004,7,4,0,0,6,Summer,0,0
2026-06-12,SEC-004,8,4,0,0,6,Summer,0,0
2026-06-12,SEC-004,9,4,0,0,6,Summer,2,2
2026-06-12,SEC-004,10,4,0,0,6,Summer,0,0
2026-06-12,SEC-004,11,4,0,0,6,Summer,1,1
2026-06-12,SEC-004,12,4,0,0,6,Summer,1,1
2026-06-12,SEC-004,13,4,0,0,6,Summer,0,0
2026-06-12,SEC-004,14,4,0,0,6,Summer,1,1
2026-06-12,SEC-004,15,4,0,0,6,Summer,0,0
2026-06-12,SEC-004,16,4,0,0,6,Summer,1,1
2026-06-12,SEC-004,17,4,0,0,6,Summer,1,1
2026-06-12,SEC-004,18,4,0,0,6,Summer,0,0
2026-06-12,SEC-004,19,4,0,0,6,Summer,0,0
2026-06-12,SEC-004,20,4,0,0,6,Summer,0,0
2026-06-12,SEC-004,21,4,0,0,6,Summer,1,1
2026-06-12,SEC-004,22,4,0,0,6,Summer,4,4
2026-06-12,SEC-004,23,4,0,0,6,Summer,2,2
2026-06-12,SEC-005,0,4,0,0,6,Summer,3,3
2026-06-12,SEC-005,1,4,0,0,6,Summer,0,0
2026-06-12,SEC-005,2,4,0,0,6,Summer,2,2
2026-06-12,SEC-005,3,4,0,0,6,Summer,4,4
2026-06-12,SEC-005,4,4,0,0,6,Summer,4,4
2026-06-12,SEC-005,5,4,0,0,6,Summer,0,0
2026-06-12,SEC-005,6,4,0,0,6,Summer,0,0
2026-06-12,SEC-005,7,4,0,0,6,Summer,1,1
2026-06-12,SEC-005,8,4,0,0,6,Summer,0,0
2026-06-12,SEC-005,9,4,0,0,6,Summer,1,1
2026-06-12,SEC-005,10,4,0,0,6,Summer,1,1
2026-06-12,SEC-005,11,4,0,0,6,Summer,0,0
2026-06-12,SEC-005,12,4,0,0,6,Summer,0,0
2026-06-12,SEC-005,13,4,0,0,6,Summer,0,0
2026-06-12,SEC-005,14,4,0,0,6,Summer,1,1
2026-06-12,SEC-005,15,4,0,0,6,Summer,2,2
2026-06-12,SEC-005,16,4,0,0,6,Summer,0,0
2026-06-12,SEC-005,17,4,0,0,6,Summer,0,0
2026-06-12,SEC-005,18,4,0,0,6,Summer,0,0
2026-06-12,SEC-005,19,4,0,0,6,Summer,0,0
2026-06-12,SEC-005,20,4,0,0,6,Summer,1,1
2026-06-12,SEC-005,21,4,0,0,6,Summer,0,0
2026-06-12,SEC-005,22,4,0,0,6,Summer,1,1
2026-06-12,SEC-005,23,4,0,0,6,Summer,4,4
2026-06-12,SEC-006,0,4,0,0,6,Summer,5,5
2026-06-12,SEC-006,1,4,0,0,6,Summer,1,1
2026-06-12,SEC-006,2,4,0,0,6,Summer,3,3
2026-06-12,SEC-006,3,4,0,0,6,Summer,3,3
2026-06-12,SEC-006,4,4,0,0,6,Summer,1,1
2026-06-12,SEC-006,5,4,0,0,6,Summer,0,0
2026-06-12,SEC-006,6,4,0,0,6,Summer,1,1
2026-06-12,SEC-006,7,4,0,0,6,Summer,0,0
2026-06-12,SEC-006,8,4,0,0,6,Summer,1,1
2026-06-12,SEC-006,9,4,0,0,6,Summer,0,0
2026-06-12,SEC-006,10,4,0,0,6,Summer,2,2
2026-06-12,SEC-006,11,4,0,0,6,Summer,0,0
2026-06-12,SEC-006,12,4,0,0,6,Summer,0,0
2026-06-12,SEC-006,13,4,0,0,6,Summer,1,1
2026-06-12,SEC-006,14,4,0,0,6,Summer,0,0
2026-06-12,SEC-006,15,4,0,0,6,Summer,1,1
2026-06-12,SEC-006,16,4,0,0,6,Summer,1,1
2026-06-12,SEC-006,17,4,0,0,6,Summer,0,0
2026-06-12,SEC-006,18,4,0,0,6,Summer,0,0
2026-06-12,SEC-006,19,4,0,0,6,Summer,1,1
2026-06-12,SEC-006,20,4,0,0,6,Summer,1,1
2026-06-12,SEC-006,21,4,0,0,6,Summer,0,0
2026-06-12,SEC-006,22,4,0,0,6,Summer,3,3
2026-06-12,SEC-006,23,4,0,0,6,Summer,1,1
2026-06-13,SEC-001,0,5,1,0,6,Summer,2,2
2026-06-13,SEC-001,1,5,1,0,6,Summer,0,0
2026-06-13,SEC-001,2,5,1,0,6,Summer,2,2
2026-06-13,SEC-001,3,5,1,0,6,Summer,5,5
2026-06-13,SEC-001,4,5,1,0,6,Summer,4,4
2026-06-13,SEC-001,5,5,1,0,6,Summer,1,1
2026-06-13,SEC-001,6,5,1,0,6,Summer,1,1
2026-06-13,SEC-001,7,5,1,0,6,Summer,1,1
2026-06-13,SEC-001,8,5,1,0,6,Summer,2,2
2026-06-13,SEC-001,9,5,1,0,6,Summer,0,0
2026-06-13,SEC-001,10,5,1,0,6,Summer,0,0
2026-06-13,SEC-001,11,5,1,0,6,Summer,0,0
2026-06-13,SEC-001,12,5,1,0,6,Summer,0,0
2026-06-13,SEC-001,13,5,1,0,6,Summer,1,1
2026-06-13,SEC-001,14,5,1,0,6,Summer,0,0
2026-06-13,SEC-001,15,5,1,0,6,Summer,0,0
2026-06-13,SEC-001,16,5,1,0,6,Summer,0,0
2026-06-13,SEC-001,17,5,1,0,6,Summer,0,0
2026-06-13,SEC-001,18,5,1,0,6,Summer,0,0
2026-06-13,SEC-001,19,5,1,0,6,Summer,0,0
2026-06-13,SEC-001,20,5,1,0,6,Summer,0,0
2026-06-13,SEC-001,21,5,1,0,6,Summer,0,0
2026-06-13,SEC-001,22,5,1,0,6,Summer,1,1
2026-06-13,SEC-001,23,5,1,0,6,Summer,0,0
2026-06-13,SEC-002,0,5,1,0,6,Summer,3,3
2026-06-13,SEC-002,1,5,1,0,6,Summer,2,2
2026-06-13,SEC-002,2,5,1,0,6,Summer,3,3
2026-06-13,SEC-002,3,5,1,0,6,Summer,1,1
2026-06-13,SEC-002,4,5,1,0,6,Summer,3,3
2026-06-13,SEC-002,5,5,1,0,6,Summer,0,0
2026-06-13,SEC-002,6,5,1,0,6,Summer,1,1
2026-06-13,SEC-002,7,5,1,0,6,Summer,0,0
2026-06-13,SEC-002,8,5,1,0,6,Summer,0,0
2026-06-13,SEC-002,9,5,1,0,6,Summer,0,0
2026-06-13,SEC-002,10,5,1,0,6,Summer,0,0
2026-06-13,SEC-002,11,5,1,0,6,Summer,3,3
2026-06-13,SEC-002,12,5,1,0,6,Summer,0,0
2026-06-13,SEC-002,13,5,1,0,6,Summer,0,0
2026-06-13,SEC-002,14,5,1,0,6,Summer,0,0
2026-06-13,SEC-002,15,5,1,0,6,Summer,0,0
2026-06-13,SEC-002,16,5,1,0,6,Summer,0,0
2026-06-13,SEC-002,17,5,1,0,6,Summer,0,0
2026-06-13,SEC-002,18,5,1,0,6,Summer,0,0
2026-06-13,SEC-002,19,5,1,0,6,Summer,0,0
2026-06-13,SEC-002,20,5,1,0,6,Summer,1,1
2026-06-13,SEC-002,21,5,1,0,6,Summer,0,0
2026-06-13,SEC-002,22,5,1,0,6,Summer,1,1
2026-06-13,SEC-002,23,5,1,0,6,Summer,2,2
2026-06-13,SEC-003,0,5,1,0,6,Summer,0,0
2026-06-13,SEC-003,1,5,1,0,6,Summer,2,2
2026-06-13,SEC-003,2,5,1,0,6,Summer,0,0
2026-06-13,SEC-003,3,5,1,0,6,Summer,2,2
2026-06-13,SEC-003,4,5,1,0,6,Summer,1,1
2026-06-13,SEC-003,5,5,1,0,6,Summer,1,1
2026-06-13,SEC-003,6,5,1,0,6,Summer,0,0
2026-06-13,SEC-003,7,5,1,0,6,Summer,0,0
2026-06-13,SEC-003,8,5,1,0,6,Summer,0,0
2026-06-13,SEC-003,9,5,1,0,6,Summer,0,0
2026-06-13,SEC-003,10,5,1,0,6,Summer,1,1
2026-06-13,SEC-003,11,5,1,0,6,Summer,0,0
2026-06-13,SEC-003,12,5,1,0,6,Summer,0,0
2026-06-13,SEC-003,13,5,1,0,6,Summer,0,0
2026-06-13,SEC-003,14,5,1,0,6,Summer,0,0
2026-06-13,SEC-003,15,5,1,0,6,Summer,0,0
2026-06-13,SEC-003,16,5,1,0,6,Summer,1,1
2026-06-13,SEC-003,17,5,1,0,6,Summer,1,1
2026-06-13,SEC-003,18,5,1,0,6,Summer,0,0
2026-06-13,SEC-003,19,5,1,0,6,Summer,0,0
2026-06-13,SEC-003,20,5,1,0,6,Summer,0,0
2026-06-13,SEC-003,21,5,1,0,6,Summer,1,1
2026-06-13,SEC-003,22,5,1,0,6,Summer,2,2
2026-06-13,SEC-003,23,5,1,0,6,Summer,3,3
2026-06-13,SEC-004,0,5,1,0,6,Summer,1,1
2026-06-13,SEC-004,1,5,1,0,6,Summer,3,3
2026-06-13,SEC-004,2,5,1,0,6,Summer,2,2
2026-06-13,SEC-004,3,5,1,0,6,Summer,1,1
2026-06-13,SEC-004,4,5,1,0,6,Summer,0,0
2026-06-13,SEC-004,5,5,1,0,6,Summer,0,0
2026-06-13,SEC-004,6,5,1,0,6,Summer,0,0
2026-06-13,SEC-004,7,5,1,0,6,Summer,0,0
2026-06-13,SEC-004,8,5,1,0,6,Summer,0,0
2026-06-13,SEC-004,9,5,1,0,6,Summer,0,0
2026-06-13,SEC-004,10,5,1,0,6,Summer,1,1
2026-06-13,SEC-004,11,5,1,0,6,Summer,1,1
2026-06-13,SEC-004,12,5,1,0,6,Summer,1,1
2026-06-13,SEC-004,13,5,1,0,6,Summer,0,0
2026-06-13,SEC-004,14,5,1,0,6,Summer,0,0
2026-06-13,SEC-004,15,5,1,0,6,Summer,1,1
2026-06-13,SEC-004,16,5,1,0,6,Summer,0,0
2026-06-13,SEC-004,17,5,1,0,6,Summer,2,2
2026-06-13,SEC-004,18,5,1,0,6,Summer,1,1
2026-06-13,SEC-004,19,5,1,0,6,Summer,0,0
2026-06-13,SEC-004,20,5,1,0,6,Summer,0,0
2026-06-13,SEC-004,21,5,1,0,6,Summer,2,2
2026-06-13,SEC-004,22,5,1,0,6,Summer,2,2
2026-06-13,SEC-004,23,5,1,0,6,Summer,5,5
2026-06-13,SEC-005,0,5,1,0,6,Summer,2,2
2026-06-13,SEC-005,1,5,1,0,6,Summer,1,1
2026-06-13,SEC-005,2,5,1,0,6,Summer,1,1
2026-06-13,SEC-005,3,5,1,0,6,Summer,1,1
2026-06-13,SEC-005,4,5,1,0,6,Summer,0,0
2026-06-13,SEC-005,5,5,1,0,6,Summer,2,2
2026-06-13,SEC-005,6,5,1,0,6,Summer,1,1
2026-06-13,SEC-005,7,5,1,0,6,Summer,0,0
2026-06-13,SEC-005,8,5,1,0,6,Summer,1,1
2026-06-13,SEC-005,9,5,1,0,6,Summer,0,0
2026-06-13,SEC-005,10,5,1,0,6,Summer,0,0
2026-06-13,SEC-005,11,5,1,0,6,Summer,0,0
2026-06-13,SEC-005,12,5,1,0,6,Summer,0,0
2026-06-13,SEC-005,13,5,1,0,6,Summer,0,0
2026-06-13,SEC-005,14,5,1,0,6,Summer,0,0
2026-06-13,SEC-005,15,5,1,0,6,Summer,0,0
2026-06-13,SEC-005,16,5,1,0,6,Summer,1,1
2026-06-13,SEC-005,17,5,1,0,6,Summer,0,0
2026-06-13,SEC-005,18,5,1,0,6,Summer,1,1
2026-06-13,SEC-005,19,5,1,0,6,Summer,0,0
2026-06-13,SEC-005,20,5,1,0,6,Summer,0,0
2026-06-13,SEC-005,21,5,1,0,6,Summer,0,0
2026-06-13,SEC-005,22,5,1,0,6,Summer,1,1
2026-06-13,SEC-005,23,5,1,0,6,Summer,1,1
2026-06-13,SEC-006,0,5,1,0,6,Summer,1,1
2026-06-13,SEC-006,1,5,1,0,6,Summer,5,5
2026-06-13,SEC-006,2,5,1,0,6,Summer,2,2
2026-06-13,SEC-006,3,5,1,0,6,Summer,5,5
2026-06-13,SEC-006,4,5,1,0,6,Summer,3,3
2026-06-13,SEC-006,5,5,1,0,6,Summer,0,0
2026-06-13,SEC-006,6,5,1,0,6,Summer,0,0
2026-06-13,SEC-006,7,5,1,0,6,Summer,1,1
2026-06-13,SEC-006,8,5,1,0,6,Summer,0,0
2026-06-13,SEC-006,9,5,1,0,6,Summer,2,2
2026-06-13,SEC-006,10,5,1,0,6,Summer,1,1
2026-06-13,SEC-006,11,5,1,0,6,Summer,1,1
2026-06-13,SEC-006,12,5,1,0,6,Summer,0,0
2026-06-13,SEC-006,13,5,1,0,6,Summer,0,0
2026-06-13,SEC-006,14,5,1,0,6,Summer,0,0
2026-06-13,SEC-006,15,5,1,0,6,Summer,0,0
2026-06-13,SEC-006,16,5,1,0,6,Summer,1,1
2026-06-13,SEC-006,17,5,1,0,6,Summer,1,1
2026-06-13,SEC-006,18,5,1,0,6,Summer,0,0
2026-06-13,SEC-006,19,5,1,0,6,Summer,0,0
2026-06-13,SEC-006,20,5,1,0,6,Summer,0,0
2026-06-13,SEC-006,21,5,1,0,6,Summer,3,3
2026-06-13,SEC-006,22,5,1,0,6,Summer,0,0
2026-06-13,SEC-006,23,5,1,0,6,Summer,0,0
2026-06-14,SEC-001,0,6,1,0,6,Summer,1,1
2026-06-14,SEC-001,1,6,1,0,6,Summer,0,0
2026-06-14,SEC-001,2,6,1,0,6,Summer,1,1
2026-06-14,SEC-001,3,6,1,0,6,Summer,1,1
2026-06-14,SEC-001,4,6,1,0,6,Summer,1,1
2026-06-14,SEC-001,5,6,1,0,6,Summer,1,1
2026-06-14,SEC-001,6,6,1,0,6,Summer,0,0
2026-06-14,SEC-001,7,6,1,0,6,Summer,0,0
2026-06-14,SEC-001,8,6,1,0,6,Summer,2,2
2026-06-14,SEC-001,9,6,1,0,6,Summer,0,0
2026-06-14,SEC-001,10,6,1,0,6,Summer,0,0
2026-06-14,SEC-001,11,6,1,0,6,Summer,1,1
2026-06-14,SEC-001,12,6,1,0,6,Summer,0,0
2026-06-14,SEC-001,13,6,1,0,6,Summer,1,1
2026-06-14,SEC-001,14,6,1,0,6,Summer,0,0
2026-06-14,SEC-001,15,6,1,0,6,Summer,0,0
2026-06-14,SEC-001,16,6,1,0,6,Summer,1,1
2026-06-14,SEC-001,17,6,1,0,6,Summer,0,0
2026-06-14,SEC-001,18,6,1,0,6,Summer,0,0
2026-06-14,SEC-001,19,6,1,0,6,Summer,3,3
2026-06-14,SEC-001,20,6,1,0,6,Summer,0,0
2026-06-14,SEC-001,21,6,1,0,6,Summer,0,0
2026-06-14,SEC-001,22,6,1,0,6,Summer,4,4
2026-06-14,SEC-001,23,6,1,0,6,Summer,5,5
2026-06-14,SEC-002,0,6,1,0,6,Summer,0,0
2026-06-14,SEC-002,1,6,1,0,6,Summer,4,4
2026-06-14,SEC-002,2,6,1,0,6,Summer,2,2
2026-06-14,SEC-002,3,6,1,0,6,Summer,4,4
2026-06-14,SEC-002,4,6,1,0,6,Summer,1,1
2026-06-14,SEC-002,5,6,1,0,6,Summer,0,0
2026-06-14,SEC-002,6,6,1,0,6,Summer,0,0
2026-06-14,SEC-002,7,6,1,0,6,Summer,0,0
2026-06-14,SEC-002,8,6,1,0,6,Summer,2,2
2026-06-14,SEC-002,9,6,1,0,6,Summer,0,0
2026-06-14,SEC-002,10,6,1,0,6,Summer,0,0
2026-06-14,SEC-002,11,6,1,0,6,Summer,0,0
2026-06-14,SEC-002,12,6,1,0,6,Summer,1,1
2026-06-14,SEC-002,13,6,1,0,6,Summer,0,0
2026-06-14,SEC-002,14,6,1,0,6,Summer,0,0
2026-06-14,SEC-002,15,6,1,0,6,Summer,0,0
2026-06-14,SEC-002,16,6,1,0,6,Summer,0,0
2026-06-14,SEC-002,17,6,1,0,6,Summer,0,0
2026-06-14,SEC-002,18,6,1,0,6,Summer,0,0
2026-06-14,SEC-002,19,6,1,0,6,Summer,0,0
2026-06-14,SEC-002,20,6,1,0,6,Summer,1,1
2026-06-14,SEC-002,21,6,1,0,6,Summer,1,1
2026-06-14,SEC-002,22,6,1,0,6,Summer,1,1
2026-06-14,SEC-002,23,6,1,0,6,Summer,0,0
2026-06-14,SEC-003,0,6,1,0,6,Summer,0,0
2026-06-14,SEC-003,1,6,1,0,6,Summer,5,5
2026-06-14,SEC-003,2,6,1,0,6,Summer,3,3
2026-06-14,SEC-003,3,6,1,0,6,Summer,4,4
2026-06-14,SEC-003,4,6,1,0,6,Summer,3,3
2026-06-14,SEC-003,5,6,1,0,6,Summer,0,0
2026-06-14,SEC-003,6,6,1,0,6,Summer,0,0
2026-06-14,SEC-003,7,6,1,0,6,Summer,0,0
2026-06-14,SEC-003,8,6,1,0,6,Summer,0,0
2026-06-14,SEC-003,9,6,1,0,6,Summer,0,0
2026-06-14,SEC-003,10,6,1,0,6,Summer,0,0
2026-06-14,SEC-003,11,6,1,0,6,Summer,0,0
2026-06-14,SEC-003,12,6,1,0,6,Summer,0,0
2026-06-14,SEC-003,13,6,1,0,6,Summer,0,0
2026-06-14,SEC-003,14,6,1,0,6,Summer,0,0
2026-06-14,SEC-003,15,6,1,0,6,Summer,0,0
2026-06-14,SEC-003,16,6,1,0,6,Summer,0,0
2026-06-14,SEC-003,17,6,1,0,6,Summer,1,1
2026-06-14,SEC-003,18,6,1,0,6,Summer,0,0
2026-06-14,SEC-003,19,6,1,0,6,Summer,0,0
2026-06-14,SEC-003,20,6,1,0,6,Summer,0,0
2026-06-14,SEC-003,21,6,1,0,6,Summer,0,0
2026-06-14,SEC-003,22,6,1,0,6,Summer,3,3
2026-06-14,SEC-003,23,6,1,0,6,Summer,3,3
2026-06-14,SEC-004,0,6,1,0,6,Summer,1,1
2026-06-14,SEC-004,1,6,1,0,6,Summer,1,1
2026-06-14,SEC-004,2,6,1,0,6,Summer,0,0
2026-06-14,SEC-004,3,6,1,0,6,Summer,0,0
2026-06-14,SEC-004,4,6,1,0,6,Summer,2,2
2026-06-14,SEC-004,5,6,1,0,6,Summer,0,0
2026-06-14,SEC-004,6,6,1,0,6,Summer,0,0
2026-06-14,SEC-004,7,6,1,0,6,Summer,0,0
2026-06-14,SEC-004,8,6,1,0,6,Summer,0,0
2026-06-14,SEC-004,9,6,1,0,6,Summer,1,1
2026-06-14,SEC-004,10,6,1,0,6,Summer,0,0
2026-06-14,SEC-004,11,6,1,0,6,Summer,1,1
2026-06-14,SEC-004,12,6,1,0,6,Summer,1,1
2026-06-14,SEC-004,13,6,1,0,6,Summer,0,0
2026-06-14,SEC-004,14,6,1,0,6,Summer,0,0
2026-06-14,SEC-004,15,6,1,0,6,Summer,0,0
2026-06-14,SEC-004,16,6,1,0,6,Summer,0,0
2026-06-14,SEC-004,17,6,1,0,6,Summer,0,0
2026-06-14,SEC-004,18,6,1,0,6,Summer,0,0
2026-06-14,SEC-004,19,6,1,0,6,Summer,0,0
2026-06-14,SEC-004,20,6,1,0,6,Summer,0,0
2026-06-14,SEC-004,21,6,1,0,6,Summer,0,0
2026-06-14,SEC-004,22,6,1,0,6,Summer,1,1
2026-06-14,SEC-004,23,6,1,0,6,Summer,3,3
2026-06-14,SEC-005,0,6,1,0,6,Summer,6,6
2026-06-14,SEC-005,1,6,1,0,6,Summer,2,2
2026-06-14,SEC-005,2,6,1,0,6,Summer,1,1
2026-06-14,SEC-005,3,6,1,0,6,Summer,0,0
2026-06-14,SEC-005,4,6,1,0,6,Summer,0,0
2026-06-14,SEC-005,5,6,1,0,6,Summer,0,0
2026-06-14,SEC-005,6,6,1,0,6,Summer,0,0
2026-06-14,SEC-005,7,6,1,0,6,Summer,0,0
2026-06-14,SEC-005,8,6,1,0,6,Summer,1,1
2026-06-14,SEC-005,9,6,1,0,6,Summer,0,0
2026-06-14,SEC-005,10,6,1,0,6,Summer,0,0
2026-06-14,SEC-005,11,6,1,0,6,Summer,2,2
2026-06-14,SEC-005,12,6,1,0,6,Summer,0,0
2026-06-14,SEC-005,13,6,1,0,6,Summer,1,1
2026-06-14,SEC-005,14,6,1,0,6,Summer,0,0
2026-06-14,SEC-005,15,6,1,0,6,Summer,1,1
2026-06-14,SEC-005,16,6,1,0,6,Summer,1,1
2026-06-14,SEC-005,17,6,1,0,6,Summer,0,0
2026-06-14,SEC-005,18,6,1,0,6,Summer,1,1
2026-06-14,SEC-005,19,6,1,0,6,Summer,0,0
2026-06-14,SEC-005,20,6,1,0,6,Summer,1,1
2026-06-14,SEC-005,21,6,1,0,6,Summer,0,0
2026-06-14,SEC-005,22,6,1,0,6,Summer,3,3
2026-06-14,SEC-005,23,6,1,0,6,Summer,1,1
2026-06-14,SEC-006,0,6,1,0,6,Summer,3,3
2026-06-14,SEC-006,1,6,1,0,6,Summer,3,3
2026-06-14,SEC-006,2,6,1,0,6,Summer,0,0
2026-06-14,SEC-006,3,6,1,0,6,Summer,0,0
2026-06-14,SEC-006,4,6,1,0,6,Summer,0,0
2026-06-14,SEC-006,5,6,1,0,6,Summer,0,0
2026-06-14,SEC-006,6,6,1,0,6,Summer,0,0
2026-06-14,SEC-006,7,6,1,0,6,Summer,2,2
2026-06-14,SEC-006,8,6,1,0,6,Summer,0,0
2026-06-14,SEC-006,9,6,1,0,6,Summer,0,0
2026-06-14,SEC-006,10,6,1,0,6,Summer,0,0
2026-06-14,SEC-006,11,6,1,0,6,Summer,0,0
2026-06-14,SEC-006,12,6,1,0,6,Summer,0,0
2026-06-14,SEC-006,13,6,1,0,6,Summer,1,1
2026-06-14,SEC-006,14,6,1,0,6,Summer,1,1
2026-06-14,SEC-006,15,6,1,0,6,Summer,0,0
2026-06-14,SEC-006,16,6,1,0,6,Summer,1,1
2026-06-14,SEC-006,17,6,1,0,6,Summer,0,0
2026-06-14,SEC-006,18,6,1,0,6,Summer,0,0
2026-06-14,SEC-006,19,6,1,0,6,Summer,0,0
2026-06-14,SEC-006,20,6,1,0,6,Summer,0,0
2026-06-14,SEC-006,21,6,1,0,6,Summer,0,0
2026-06-14,SEC-006,22,6,1,0,6,Summer,3,3
2026-06-14,SEC-006,23,6,1,0,6,Summer,1,1
2026-06-15,SEC-001,0,0,0,0,6,Summer,1,1
2026-06-15,SEC-001,1,0,0,0,6,Summer,2,2
2026-06-15,SEC-001,2,0,0,0,6,Summer,1,1
2026-06-15,SEC-001,3,0,0,0,6,Summer,1,1
2026-06-15,SEC-001,4,0,0,0,6,Summer,2,2
2026-06-15,SEC-001,5,0,0,0,6,Summer,1,1
2026-06-15,SEC-001,6,0,0,0,6,Summer,1,1
2026-06-15,SEC-001,7,0,0,0,6,Summer,0,0
2026-06-15,SEC-001,8,0,0,0,6,Summer,0,0
2026-06-15,SEC-001,9,0,0,0,6,Summer,0,0
2026-06-15,SEC-001,10,0,0,0,6,Summer,2,2
2026-06-15,SEC-001,11,0,0,0,6,Summer,0,0
2026-06-15,SEC-001,12,0,0,0,6,Summer,0,0
2026-06-15,SEC-001,13,0,0,0,6,Summer,1,1
2026-06-15,SEC-001,14,0,0,0,6,Summer,2,2
2026-06-15,SEC-001,15,0,0,0,6,Summer,0,0
2026-06-15,SEC-001,16,0,0,0,6,Summer,0,0
2026-06-15,SEC-001,17,0,0,0,6,Summer,0,0
2026-06-15,SEC-001,18,0,0,0,6,Summer,0,0
2026-06-15,SEC-001,19,0,0,0,6,Summer,0,0
2026-06-15,SEC-001,20,0,0,0,6,Summer,0,0
2026-06-15,SEC-001,21,0,0,0,6,Summer,0,0
2026-06-15,SEC-001,22,0,0,0,6,Summer,4,4
2026-06-15,SEC-001,23,0,0,0,6,Summer,2,2
2026-06-15,SEC-002,0,0,0,0,6,Summer,1,1
2026-06-15,SEC-002,1,0,0,0,6,Summer,1,1
2026-06-15,SEC-002,2,0,0,0,6,Summer,3,3
2026-06-15,SEC-002,3,0,0,0,6,Summer,1,1
2026-06-15,SEC-002,4,0,0,0,6,Summer,2,2
2026-06-15,SEC-002,5,0,0,0,6,Summer,0,0
2026-06-15,SEC-002,6,0,0,0,6,Summer,0,0
2026-06-15,SEC-002,7,0,0,0,6,Summer,1,1
2026-06-15,SEC-002,8,0,0,0,6,Summer,1,1
2026-06-15,SEC-002,9,0,0,0,6,Summer,1,1
2026-06-15,SEC-002,10,0,0,0,6,Summer,0,0
2026-06-15,SEC-002,11,0,0,0,6,Summer,0,0
2026-06-15,SEC-002,12,0,0,0,6,Summer,1,1
2026-06-15,SEC-002,13,0,0,0,6,Summer,0,0
2026-06-15,SEC-002,14,0,0,0,6,Summer,0,0
2026-06-15,SEC-002,15,0,0,0,6,Summer,0,0
2026-06-15,SEC-002,16,0,0,0,6,Summer,0,0
2026-06-15,SEC-002,17,0,0,0,6,Summer,0,0
2026-06-15,SEC-002,18,0,0,0,6,Summer,0,0
2026-06-15,SEC-002,19,0,0,0,6,Summer,1,1
2026-06-15,SEC-002,20,0,0,0,6,Summer,0,0
2026-06-15,SEC-002,21,0,0,0,6,Summer,0,0
2026-06-15,SEC-002,22,0,0,0,6,Summer,2,2
2026-06-15,SEC-002,23,0,0,0,6,Summer,4,4
2026-06-15,SEC-003,0,0,0,0,6,Summer,3,3
2026-06-15,SEC-003,1,0,0,0,6,Summer,2,2
2026-06-15,SEC-003,2,0,0,0,6,Summer,1,1
2026-06-15,SEC-003,3,0,0,0,6,Summer,2,2
2026-06-15,SEC-003,4,0,0,0,6,Summer,4,4
2026-06-15,SEC-003,5,0,0,0,6,Summer,0,0
2026-06-15,SEC-003,6,0,0,0,6,Summer,1,1
2026-06-15,SEC-003,7,0,0,0,6,Summer,0,0
2026-06-15,SEC-003,8,0,0,0,6,Summer,1,1
2026-06-15,SEC-003,9,0,0,0,6,Summer,0,0
2026-06-15,SEC-003,10,0,0,0,6,Summer,1,1
2026-06-15,SEC-003,11,0,0,0,6,Summer,0,0
2026-06-15,SEC-003,12,0,0,0,6,Summer,1,1
2026-06-15,SEC-003,13,0,0,0,6,Summer,0,0
2026-06-15,SEC-003,14,0,0,0,6,Summer,0,0
2026-06-15,SEC-003,15,0,0,0,6,Summer,1,1
2026-06-15,SEC-003,16,0,0,0,6,Summer,0,0
2026-06-15,SEC-003,17,0,0,0,6,Summer,0,0
2026-06-15,SEC-003,18,0,0,0,6,Summer,0,0
2026-06-15,SEC-003,19,0,0,0,6,Summer,0,0
2026-06-15,SEC-003,20,0,0,0,6,Summer,0,0
2026-06-15,SEC-003,21,0,0,0,6,Summer,1,1
2026-06-15,SEC-003,22,0,0,0,6,Summer,2,2
2026-06-15,SEC-003,23,0,0,0,6,Summer,1,1
2026-06-15,SEC-004,0,0,0,0,6,Summer,1,1
2026-06-15,SEC-004,1,0,0,0,6,Summer,2,2
2026-06-15,SEC-004,2,0,0,0,6,Summer,3,3
2026-06-15,SEC-004,3,0,0,0,6,Summer,3,3
2026-06-15,SEC-004,4,0,0,0,6,Summer,2,2
2026-06-15,SEC-004,5,0,0,0,6,Summer,0,0
2026-06-15,SEC-004,6,0,0,0,6,Summer,2,2
2026-06-15,SEC-004,7,0,0,0,6,Summer,0,0
2026-06-15,SEC-004,8,0,0,0,6,Summer,0,0
2026-06-15,SEC-004,9,0,0,0,6,Summer,0,0
2026-06-15,SEC-004,10,0,0,0,6,Summer,0,0
2026-06-15,SEC-004,11,0,0,0,6,Summer,0,0
2026-06-15,SEC-004,12,0,0,0,6,Summer,0,0
2026-06-15,SEC-004,13,0,0,0,6,Summer,0,0
2026-06-15,SEC-004,14,0,0,0,6,Summer,0,0
2026-06-15,SEC-004,15,0,0,0,6,Summer,0,0
2026-06-15,SEC-004,16,0,0,0,6,Summer,2,2
2026-06-15,SEC-004,17,0,0,0,6,Summer,2,2
2026-06-15,SEC-004,18,0,0,0,6,Summer,0,0
2026-06-15,SEC-004,19,0,0,0,6,Summer,1,1
2026-06-15,SEC-004,20,0,0,0,6,Summer,0,0
2026-06-15,SEC-004,21,0,0,0,6,Summer,0,0
2026-06-15,SEC-004,22,0,0,0,6,Summer,2,2
2026-06-15,SEC-004,23,0,0,0,6,Summer,1,1
2026-06-15,SEC-005,0,0,0,0,6,Summer,0,0
2026-06-15,SEC-005,1,0,0,0,6,Summer,1,1
2026-06-15,SEC-005,2,0,0,0,6,Summer,2,2
2026-06-15,SEC-005,3,0,0,0,6,Summer,1,1
2026-06-15,SEC-005,4,0,0,0,6,Summer,0,0
2026-06-15,SEC-005,5,0,0,0,6,Summer,0,0
2026-06-15,SEC-005,6,0,0,0,6,Summer,0,0
2026-06-15,SEC-005,7,0,0,0,6,Summer,1,1
2026-06-15,SEC-005,8,0,0,0,6,Summer,0,0
2026-06-15,SEC-005,9,0,0,0,6,Summer,2,2
2026-06-15,SEC-005,10,0,0,0,6,Summer,2,2
2026-06-15,SEC-005,11,0,0,0,6,Summer,0,0
2026-06-15,SEC-005,12,0,0,0,6,Summer,0,0
2026-06-15,SEC-005,13,0,0,0,6,Summer,1,1
2026-06-15,SEC-005,14,0,0,0,6,Summer,0,0
2026-06-15,SEC-005,15,0,0,0,6,Summer,0,0
2026-06-15,SEC-005,16,0,0,0,6,Summer,0,0
2026-06-15,SEC-005,17,0,0,0,6,Summer,0,0
2026-06-15,SEC-005,18,0,0,0,6,Summer,0,0
2026-06-15,SEC-005,19,0,0,0,6,Summer,0,0
2026-06-15,SEC-005,20,0,0,0,6,Summer,0,0
2026-06-15,SEC-005,21,0,0,0,6,Summer,1,1
2026-06-15,SEC-005,22,0,0,0,6,Summer,0,0
2026-06-15,SEC-005,23,0,0,0,6,Summer,1,1
2026-06-15,SEC-006,0,0,0,0,6,Summer,1,1
2026-06-15,SEC-006,1,0,0,0,6,Summer,2,2
2026-06-15,SEC-006,2,0,0,0,6,Summer,0,0
2026-06-15,SEC-006,3,0,0,0,6,Summer,2,2
2026-06-15,SEC-006,4,0,0,0,6,Summer,0,0
2026-06-15,SEC-006,5,0,0,0,6,Summer,0,0
2026-06-15,SEC-006,6,0,0,0,6,Summer,0,0
2026-06-15,SEC-006,7,0,0,0,6,Summer,0,0
2026-06-15,SEC-006,8,0,0,0,6,Summer,0,0
2026-06-15,SEC-006,9,0,0,0,6,Summer,0,0
2026-06-15,SEC-006,10,0,0,0,6,Summer,0,0
2026-06-15,SEC-006,11,0,0,0,6,Summer,0,0
2026-06-15,SEC-006,12,0,0,0,6,Summer,0,0
2026-06-15,SEC-006,13,0,0,0,6,Summer,0,0
2026-06-15,SEC-006,14,0,0,0,6,Summer,0,0
2026-06-15,SEC-006,15,0,0,0,6,Summer,0,0
2026-06-15,SEC-006,16,0,0,0,6,Summer,0,0
2026-06-15,SEC-006,17,0,0,0,6,Summer,1,1
2026-06-15,SEC-006,18,0,0,0,6,Summer,1,1
2026-06-15,SEC-006,19,0,0,0,6,Summer,0,0
2026-06-15,SEC-006,20,0,0,0,6,Summer,0,0
2026-06-15,SEC-006,21,0,0,0,6,Summer,0,0
2026-06-15,SEC-006,22,0,0,0,6,Summer,0,0
2026-06-15,SEC-006,23,0,0,0,6,Summer,1,1
2026-06-16,SEC-001,0,1,0,0,6,Summer,0,0
2026-06-16,SEC-001,1,1,0,0,6,Summer,2,2
2026-06-16,SEC-001,2,1,0,0,6,Summer,0,0
2026-06-16,SEC-001,3,1,0,0,6,Summer,0,0
2026-06-16,SEC-001,4,1,0,0,6,Summer,2,2
2026-06-16,SEC-001,5,1,0,0,6,Summer,0,0
2026-06-16,SEC-001,6,1,0,0,6,Summer,0,0
2026-06-16,SEC-001,7,1,0,0,6,Summer,0,0
2026-06-16,SEC-001,8,1,0,0,6,Summer,1,1
2026-06-16,SEC-001,9,1,0,0,6,Summer,0,0
2026-06-16,SEC-001,10,1,0,0,6,Summer,1,1
2026-06-16,SEC-001,11,1,0,0,6,Summer,0,0
2026-06-16,SEC-001,12,1,0,0,6,Summer,0,0
2026-06-16,SEC-001,13,1,0,0,6,Summer,0,0
2026-06-16,SEC-001,14,1,0,0,6,Summer,0,0
2026-06-16,SEC-001,15,1,0,0,6,Summer,0,0
2026-06-16,SEC-001,16,1,0,0,6,Summer,0,0
2026-06-16,SEC-001,17,1,0,0,6,Summer,0,0
2026-06-16,SEC-001,18,1,0,0,6,Summer,0,0
2026-06-16,SEC-001,19,1,0,0,6,Summer,0,0
2026-06-16,SEC-001,20,1,0,0,6,Summer,0,0
2026-06-16,SEC-001,21,1,0,0,6,Summer,1,1
2026-06-16,SEC-001,22,1,0,0,6,Summer,2,2
2026-06-16,SEC-001,23,1,0,0,6,Summer,0,0
2026-06-16,SEC-002,0,1,0,0,6,Summer,0,0
2026-06-16,SEC-002,1,1,0,0,6,Summer,3,3
2026-06-16,SEC-002,2,1,0,0,6,Summer,3,3
2026-06-16,SEC-002,3,1,0,0,6,Summer,2,2
2026-06-16,SEC-002,4,1,0,0,6,Summer,0,0
2026-06-16,SEC-002,5,1,0,0,6,Summer,1,1
2026-06-16,SEC-002,6,1,0,0,6,Summer,0,0
2026-06-16,SEC-002,7,1,0,0,6,Summer,1,1
2026-06-16,SEC-002,8,1,0,0,6,Summer,0,0
2026-06-16,SEC-002,9,1,0,0,6,Summer,0,0
2026-06-16,SEC-002,10,1,0,0,6,Summer,0,0
2026-06-16,SEC-002,11,1,0,0,6,Summer,1,1
2026-06-16,SEC-002,12,1,0,0,6,Summer,0,0
2026-06-16,SEC-002,13,1,0,0,6,Summer,0,0
2026-06-16,SEC-002,14,1,0,0,6,Summer,0,0
2026-06-16,SEC-002,15,1,0,0,6,Summer,0,0
2026-06-16,SEC-002,16,1,0,0,6,Summer,0,0
2026-06-16,SEC-002,17,1,0,0,6,Summer,0,0
2026-06-16,SEC-002,18,1,0,0,6,Summer,1,1
2026-06-16,SEC-002,19,1,0,0,6,Summer,0,0
2026-06-16,SEC-002,20,1,0,0,6,Summer,0,0
2026-06-16,SEC-002,21,1,0,0,6,Summer,2,2
2026-06-16,SEC-002,22,1,0,0,6,Summer,2,2
2026-06-16,SEC-002,23,1,0,0,6,Summer,0,0
2026-06-16,SEC-003,0,1,0,0,6,Summer,4,4
2026-06-16,SEC-003,1,1,0,0,6,Summer,4,4
2026-06-16,SEC-003,2,1,0,0,6,Summer,2,2
2026-06-16,SEC-003,3,1,0,0,6,Summer,3,3
2026-06-16,SEC-003,4,1,0,0,6,Summer,2,2
2026-06-16,SEC-003,5,1,0,0,6,Summer,0,0
2026-06-16,SEC-003,6,1,0,0,6,Summer,1,1
2026-06-16,SEC-003,7,1,0,0,6,Summer,0,0
2026-06-16,SEC-003,8,1,0,0,6,Summer,1,1
2026-06-16,SEC-003,9,1,0,0,6,Summer,0,0
2026-06-16,SEC-003,10,1,0,0,6,Summer,1,1
2026-06-16,SEC-003,11,1,0,0,6,Summer,1,1
2026-06-16,SEC-003,12,1,0,0,6,Summer,0,0
2026-06-16,SEC-003,13,1,0,0,6,Summer,0,0
2026-06-16,SEC-003,14,1,0,0,6,Summer,1,1
2026-06-16,SEC-003,15,1,0,0,6,Summer,1,1
2026-06-16,SEC-003,16,1,0,0,6,Summer,0,0
2026-06-16,SEC-003,17,1,0,0,6,Summer,0,0
2026-06-16,SEC-003,18,1,0,0,6,Summer,1,1
2026-06-16,SEC-003,19,1,0,0,6,Summer,1,1
2026-06-16,SEC-003,20,1,0,0,6,Summer,0,0
2026-06-16,SEC-003,21,1,0,0,6,Summer,1,1
2026-06-16,SEC-003,22,1,0,0,6,Summer,2,2
2026-06-16,SEC-003,23,1,0,0,6,Summer,0,0
2026-06-16,SEC-004,0,1,0,0,6,Summer,6,6
2026-06-16,SEC-004,1,1,0,0,6,Summer,1,1
2026-06-16,SEC-004,2,1,0,0,6,Summer,3,3
2026-06-16,SEC-004,3,1,0,0,6,Summer,2,2
2026-06-16,SEC-004,4,1,0,0,6,Summer,2,2
2026-06-16,SEC-004,5,1,0,0,6,Summer,0,0
2026-06-16,SEC-004,6,1,0,0,6,Summer,0,0
2026-06-16,SEC-004,7,1,0,0,6,Summer,0,0
2026-06-16,SEC-004,8,1,0,0,6,Summer,1,1
2026-06-16,SEC-004,9,1,0,0,6,Summer,1,1
2026-06-16,SEC-004,10,1,0,0,6,Summer,0,0
2026-06-16,SEC-004,11,1,0,0,6,Summer,0,0
2026-06-16,SEC-004,12,1,0,0,6,Summer,2,2
2026-06-16,SEC-004,13,1,0,0,6,Summer,0,0
2026-06-16,SEC-004,14,1,0,0,6,Summer,0,0
2026-06-16,SEC-004,15,1,0,0,6,Summer,0,0
2026-06-16,SEC-004,16,1,0,0,6,Summer,1,1
2026-06-16,SEC-004,17,1,0,0,6,Summer,0,0
2026-06-16,SEC-004,18,1,0,0,6,Summer,0,0
2026-06-16,SEC-004,19,1,0,0,6,Summer,0,0
2026-06-16,SEC-004,20,1,0,0,6,Summer,2,2
2026-06-16,SEC-004,21,1,0,0,6,Summer,0,0
2026-06-16,SEC-004,22,1,0,0,6,Summer,2,2
2026-06-16,SEC-004,23,1,0,0,6,Summer,2,2
2026-06-16,SEC-005,0,1,0,0,6,Summer,2,2
2026-06-16,SEC-005,1,1,0,0,6,Summer,2,2
2026-06-16,SEC-005,2,1,0,0,6,Summer,1,1
2026-06-16,SEC-005,3,1,0,0,6,Summer,0,0
2026-06-16,SEC-005,4,1,0,0,6,Summer,6,6
2026-06-16,SEC-005,5,1,0,0,6,Summer,0,0
2026-06-16,SEC-005,6,1,0,0,6,Summer,1,1
2026-06-16,SEC-005,7,1,0,0,6,Summer,1,1
2026-06-16,SEC-005,8,1,0,0,6,Summer,1,1
2026-06-16,SEC-005,9,1,0,0,6,Summer,0,0
2026-06-16,SEC-005,10,1,0,0,6,Summer,1,1
2026-06-16,SEC-005,11,1,0,0,6,Summer,0,0
2026-06-16,SEC-005,12,1,0,0,6,Summer,1,1
2026-06-16,SEC-005,13,1,0,0,6,Summer,0,0
2026-06-16,SEC-005,14,1,0,0,6,Summer,0,0
2026-06-16,SEC-005,15,1,0,0,6,Summer,1,1
2026-06-16,SEC-005,16,1,0,0,6,Summer,1,1
2026-06-16,SEC-005,17,1,0,0,6,Summer,0,0
2026-06-16,SEC-005,18,1,0,0,6,Summer,0,0
2026-06-16,SEC-005,19,1,0,0,6,Summer,0,0
2026-06-16,SEC-005,20,1,0,0,6,Summer,0,0
2026-06-16,SEC-005,21,1,0,0,6,Summer,0,0
2026-06-16,SEC-005,22,1,0,0,6,Summer,0,0
2026-06-16,SEC-005,23,1,0,0,6,Summer,3,3
2026-06-16,SEC-006,0,1,0,0,6,Summer,4,4
2026-06-16,SEC-006,1,1,0,0,6,Summer,4,4
2026-06-16,SEC-006,2,1,0,0,6,Summer,0,0
2026-06-16,SEC-006,3,1,0,0,6,Summer,1,1
2026-06-16,SEC-006,4,1,0,0,6,Summer,2,2
2026-06-16,SEC-006,5,1,0,0,6,Summer,0,0
2026-06-16,SEC-006,6,1,0,0,6,Summer,0,0
2026-06-16,SEC-006,7,1,0,0,6,Summer,0,0
2026-06-16,SEC-006,8,1,0,0,6,Summer,1,1
2026-06-16,SEC-006,9,1,0,0,6,Summer,0,0
2026-06-16,SEC-006,10,1,0,0,6,Summer,0,0
2026-06-16,SEC-006,11,1,0,0,6,Summer,0,0
2026-06-16,SEC-006,12,1,0,0,6,Summer,1,1
2026-06-16,SEC-006,13,1,0,0,6,Summer,0,0
2026-06-16,SEC-006,14,1,0,0,6,Summer,0,0
2026-06-16,SEC-006,15,1,0,0,6,Summer,0,0
2026-06-16,SEC-006,16,1,0,0,6,Summer,0,0
2026-06-16,SEC-006,17,1,0,0,6,Summer,0,0
2026-06-16,SEC-006,18,1,0,0,6,Summer,0,0
2026-06-16,SEC-006,19,1,0,0,6,Summer,1,1
2026-06-16,SEC-006,20,1,0,0,6,Summer,0,0
2026-06-16,SEC-006,21,1,0,0,6,Summer,2,2
2026-06-16,SEC-006,22,1,0,0,6,Summer,2,2
2026-06-16,SEC-006,23,1,0,0,6,Summer,2,2
2026-06-17,SEC-001,0,2,0,0,6,Summer,0,0
2026-06-17,SEC-001,1,2,0,0,6,Summer,2,2
2026-06-17,SEC-001,2,2,0,0,6,Summer,1,1
2026-06-17,SEC-001,3,2,0,0,6,Summer,2,2
2026-06-17,SEC-001,4,2,0,0,6,Summer,2,2
2026-06-17,SEC-001,5,2,0,0,6,Summer,0,0
2026-06-17,SEC-001,6,2,0,0,6,Summer,0,0
2026-06-17,SEC-001,7,2,0,0,6,Summer,1,1
2026-06-17,SEC-001,8,2,0,0,6,Summer,0,0
2026-06-17,SEC-001,9,2,0,0,6,Summer,0,0
2026-06-17,SEC-001,10,2,0,0,6,Summer,0,0
2026-06-17,SEC-001,11,2,0,0,6,Summer,1,1
2026-06-17,SEC-001,12,2,0,0,6,Summer,1,1
2026-06-17,SEC-001,13,2,0,0,6,Summer,0,0
2026-06-17,SEC-001,14,2,0,0,6,Summer,0,0
2026-06-17,SEC-001,15,2,0,0,6,Summer,0,0
2026-06-17,SEC-001,16,2,0,0,6,Summer,0,0
2026-06-17,SEC-001,17,2,0,0,6,Summer,2,2
2026-06-17,SEC-001,18,2,0,0,6,Summer,0,0
2026-06-17,SEC-001,19,2,0,0,6,Summer,2,2
2026-06-17,SEC-001,20,2,0,0,6,Summer,1,1
2026-06-17,SEC-001,21,2,0,0,6,Summer,0,0
2026-06-17,SEC-001,22,2,0,0,6,Summer,2,2
2026-06-17,SEC-001,23,2,0,0,6,Summer,1,1
2026-06-17,SEC-002,0,2,0,0,6,Summer,2,2
2026-06-17,SEC-002,1,2,0,0,6,Summer,4,4
2026-06-17,SEC-002,2,2,0,0,6,Summer,1,1
2026-06-17,SEC-002,3,2,0,0,6,Summer,2,2
2026-06-17,SEC-002,4,2,0,0,6,Summer,4,4
2026-06-17,SEC-002,5,2,0,0,6,Summer,0,0
2026-06-17,SEC-002,6,2,0,0,6,Summer,0,0
2026-06-17,SEC-002,7,2,0,0,6,Summer,0,0
2026-06-17,SEC-002,8,2,0,0,6,Summer,0,0
2026-06-17,SEC-002,9,2,0,0,6,Summer,1,1
2026-06-17,SEC-002,10,2,0,0,6,Summer,0,0
2026-06-17,SEC-002,11,2,0,0,6,Summer,1,1
2026-06-17,SEC-002,12,2,0,0,6,Summer,0,0
2026-06-17,SEC-002,13,2,0,0,6,Summer,0,0
2026-06-17,SEC-002,14,2,0,0,6,Summer,0,0
2026-06-17,SEC-002,15,2,0,0,6,Summer,1,1
2026-06-17,SEC-002,16,2,0,0,6,Summer,2,2
2026-06-17,SEC-002,17,2,0,0,6,Summer,1,1
2026-06-17,SEC-002,18,2,0,0,6,Summer,1,1
2026-06-17,SEC-002,19,2,0,0,6,Summer,0,0
2026-06-17,SEC-002,20,2,0,0,6,Summer,2,2
2026-06-17,SEC-002,21,2,0,0,6,Summer,1,1
2026-06-17,SEC-002,22,2,0,0,6,Summer,3,3
2026-06-17,SEC-002,23,2,0,0,6,Summer,1,1
2026-06-17,SEC-003,0,2,0,0,6,Summer,2,2
2026-06-17,SEC-003,1,2,0,0,6,Summer,1,1
2026-06-17,SEC-003,2,2,0,0,6,Summer,0,0
2026-06-17,SEC-003,3,2,0,0,6,Summer,2,2
2026-06-17,SEC-003,4,2,0,0,6,Summer,2,2
2026-06-17,SEC-003,5,2,0,0,6,Summer,1,1
2026-06-17,SEC-003,6,2,0,0,6,Summer,0,0
2026-06-17,SEC-003,7,2,0,0,6,Summer,1,1
2026-06-17,SEC-003,8,2,0,0,6,Summer,0,0
2026-06-17,SEC-003,9,2,0,0,6,Summer,0,0
2026-06-17,SEC-003,10,2,0,0,6,Summer,0,0
2026-06-17,SEC-003,11,2,0,0,6,Summer,0,0
2026-06-17,SEC-003,12,2,0,0,6,Summer,2,2
2026-06-17,SEC-003,13,2,0,0,6,Summer,0,0
2026-06-17,SEC-003,14,2,0,0,6,Summer,0,0
2026-06-17,SEC-003,15,2,0,0,6,Summer,2,2
2026-06-17,SEC-003,16,2,0,0,6,Summer,1,1
2026-06-17,SEC-003,17,2,0,0,6,Summer,0,0
2026-06-17,SEC-003,18,2,0,0,6,Summer,0,0
2026-06-17,SEC-003,19,2,0,0,6,Summer,0,0
2026-06-17,SEC-003,20,2,0,0,6,Summer,0,0
2026-06-17,SEC-003,21,2,0,0,6,Summer,0,0
2026-06-17,SEC-003,22,2,0,0,6,Summer,1,1
2026-06-17,SEC-003,23,2,0,0,6,Summer,1,1
2026-06-17,SEC-004,0,2,0,0,6,Summer,1,1
2026-06-17,SEC-004,1,2,0,0,6,Summer,0,0
2026-06-17,SEC-004,2,2,0,0,6,Summer,0,0
2026-06-17,SEC-004,3,2,0,0,6,Summer,0,0
2026-06-17,SEC-004,4,2,0,0,6,Summer,1,1
2026-06-17,SEC-004,5,2,0,0,6,Summer,0,0
2026-06-17,SEC-004,6,2,0,0,6,Summer,3,3
2026-06-17,SEC-004,7,2,0,0,6,Summer,1,1
2026-06-17,SEC-004,8,2,0,0,6,Summer,0,0
2026-06-17,SEC-004,9,2,0,0,6,Summer,2,2
2026-06-17,SEC-004,10,2,0,0,6,Summer,1,1
2026-06-17,SEC-004,11,2,0,0,6,Summer,0,0
2026-06-17,SEC-004,12,2,0,0,6,Summer,0,0
2026-06-17,SEC-004,13,2,0,0,6,Summer,0,0
2026-06-17,SEC-004,14,2,0,0,6,Summer,2,2
2026-06-17,SEC-004,15,2,0,0,6,Summer,0,0
2026-06-17,SEC-004,16,2,0,0,6,Summer,0,0
2026-06-17,SEC-004,17,2,0,0,6,Summer,0,0
2026-06-17,SEC-004,18,2,0,0,6,Summer,0,0
2026-06-17,SEC-004,19,2,0,0,6,Summer,0,0
2026-06-17,SEC-004,20,2,0,0,6,Summer,0,0
2026-06-17,SEC-004,21,2,0,0,6,Summer,1,1
2026-06-17,SEC-004,22,2,0,0,6,Summer,1,1
2026-06-17,SEC-004,23,2,0,0,6,Summer,3,3
2026-06-17,SEC-005,0,2,0,0,6,Summer,3,3
2026-06-17,SEC-005,1,2,0,0,6,Summer,1,1
2026-06-17,SEC-005,2,2,0,0,6,Summer,5,5
2026-06-17,SEC-005,3,2,0,0,6,Summer,3,3
2026-06-17,SEC-005,4,2,0,0,6,Summer,1,1
2026-06-17,SEC-005,5,2,0,0,6,Summer,1,1
2026-06-17,SEC-005,6,2,0,0,6,Summer,0,0
2026-06-17,SEC-005,7,2,0,0,6,Summer,1,1
2026-06-17,SEC-005,8,2,0,0,6,Summer,0,0
2026-06-17,SEC-005,9,2,0,0,6,Summer,0,0
2026-06-17,SEC-005,10,2,0,0,6,Summer,1,1
2026-06-17,SEC-005,11,2,0,0,6,Summer,1,1
2026-06-17,SEC-005,12,2,0,0,6,Summer,0,0
2026-06-17,SEC-005,13,2,0,0,6,Summer,0,0
2026-06-17,SEC-005,14,2,0,0,6,Summer,1,1
2026-06-17,SEC-005,15,2,0,0,6,Summer,0,0
2026-06-17,SEC-005,16,2,0,0,6,Summer,0,0
2026-06-17,SEC-005,17,2,0,0,6,Summer,0,0
2026-06-17,SEC-005,18,2,0,0,6,Summer,0,0
2026-06-17,SEC-005,19,2,0,0,6,Summer,1,1
2026-06-17,SEC-005,20,2,0,0,6,Summer,0,0
2026-06-17,SEC-005,21,2,0,0,6,Summer,0,0
2026-06-17,SEC-005,22,2,0,0,6,Summer,2,2
2026-06-17,SEC-005,23,2,0,0,6,Summer,3,3
2026-06-17,SEC-006,0,2,0,0,6,Summer,2,2
2026-06-17,SEC-006,1,2,0,0,6,Summer,3,3
2026-06-17,SEC-006,2,2,0,0,6,Summer,3,3
2026-06-17,SEC-006,3,2,0,0,6,Summer,0,0
2026-06-17,SEC-006,4,2,0,0,6,Summer,0,0
2026-06-17,SEC-006,5,2,0,0,6,Summer,0,0
2026-06-17,SEC-006,6,2,0,0,6,Summer,1,1
2026-06-17,SEC-006,7,2,0,0,6,Summer,0,0
2026-06-17,SEC-006,8,2,0,0,6,Summer,0,0
2026-06-17,SEC-006,9,2,0,0,6,Summer,0,0
2026-06-17,SEC-006,10,2,0,0,6,Summer,0,0
2026-06-17,SEC-006,11,2,0,0,6,Summer,0,0
2026-06-17,SEC-006,12,2,0,0,6,Summer,0,0
2026-06-17,SEC-006,13,2,0,0,6,Summer,0,0
2026-06-17,SEC-006,14,2,0,0,6,Summer,0,0
2026-06-17,SEC-006,15,2,0,0,6,Summer,1,1
2026-06-17,SEC-006,16,2,0,0,6,Summer,0,0
2026-06-17,SEC-006,17,2,0,0,6,Summer,0,0
2026-06-17,SEC-006,18,2,0,0,6,Summer,0,0
2026-06-17,SEC-006,19,2,0,0,6,Summer,1,1
2026-06-17,SEC-006,20,2,0,0,6,Summer,1,1
2026-06-17,SEC-006,21,2,0,0,6,Summer,0,0
2026-06-17,SEC-006,22,2,0,0,6,Summer,1,1
2026-06-17,SEC-006,23,2,0,0,6,Summer,1,1
2026-06-18,SEC-001,0,3,0,0,6,Summer,2,2
2026-06-18,SEC-001,1,3,0,0,6,Summer,0,0
2026-06-18,SEC-001,2,3,0,0,6,Summer,5,5
2026-06-18,SEC-001,3,3,0,0,6,Summer,3,3
2026-06-18,SEC-001,4,3,0,0,6,Summer,1,1
2026-06-18,SEC-001,5,3,0,0,6,Summer,1,1
2026-06-18,SEC-001,6,3,0,0,6,Summer,0,0
2026-06-18,SEC-001,7,3,0,0,6,Summer,2,2
2026-06-18,SEC-001,8,3,0,0,6,Summer,0,0
2026-06-18,SEC-001,9,3,0,0,6,Summer,1,1
2026-06-18,SEC-001,10,3,0,0,6,Summer,1,1
2026-06-18,SEC-001,11,3,0,0,6,Summer,0,0
2026-06-18,SEC-001,12,3,0,0,6,Summer,0,0
2026-06-18,SEC-001,13,3,0,0,6,Summer,0,0
2026-06-18,SEC-001,14,3,0,0,6,Summer,1,1
2026-06-18,SEC-001,15,3,0,0,6,Summer,0,0
2026-06-18,SEC-001,16,3,0,0,6,Summer,0,0
2026-06-18,SEC-001,17,3,0,0,6,Summer,0,0
2026-06-18,SEC-001,18,3,0,0,6,Summer,2,2
2026-06-18,SEC-001,19,3,0,0,6,Summer,0,0
2026-06-18,SEC-001,20,3,0,0,6,Summer,0,0
2026-06-18,SEC-001,21,3,0,0,6,Summer,1,1
2026-06-18,SEC-001,22,3,0,0,6,Summer,1,1
2026-06-18,SEC-001,23,3,0,0,6,Summer,2,2
2026-06-18,SEC-002,0,3,0,0,6,Summer,0,0
2026-06-18,SEC-002,1,3,0,0,6,Summer,1,1
2026-06-18,SEC-002,2,3,0,0,6,Summer,0,0
2026-06-18,SEC-002,3,3,0,0,6,Summer,1,1
2026-06-18,SEC-002,4,3,0,0,6,Summer,0,0
2026-06-18,SEC-002,5,3,0,0,6,Summer,0,0
2026-06-18,SEC-002,6,3,0,0,6,Summer,0,0
2026-06-18,SEC-002,7,3,0,0,6,Summer,0,0
2026-06-18,SEC-002,8,3,0,0,6,Summer,2,2
2026-06-18,SEC-002,9,3,0,0,6,Summer,0,0
2026-06-18,SEC-002,10,3,0,0,6,Summer,0,0
2026-06-18,SEC-002,11,3,0,0,6,Summer,1,1
2026-06-18,SEC-002,12,3,0,0,6,Summer,0,0
2026-06-18,SEC-002,13,3,0,0,6,Summer,0,0
2026-06-18,SEC-002,14,3,0,0,6,Summer,0,0
2026-06-18,SEC-002,15,3,0,0,6,Summer,0,0
2026-06-18,SEC-002,16,3,0,0,6,Summer,0,0
2026-06-18,SEC-002,17,3,0,0,6,Summer,0,0
2026-06-18,SEC-002,18,3,0,0,6,Summer,1,1
2026-06-18,SEC-002,19,3,0,0,6,Summer,0,0
2026-06-18,SEC-002,20,3,0,0,6,Summer,0,0
2026-06-18,SEC-002,21,3,0,0,6,Summer,0,0
2026-06-18,SEC-002,22,3,0,0,6,Summer,3,3
2026-06-18,SEC-002,23,3,0,0,6,Summer,1,1
2026-06-18,SEC-003,0,3,0,0,6,Summer,4,4
2026-06-18,SEC-003,1,3,0,0,6,Summer,1,1
2026-06-18,SEC-003,2,3,0,0,6,Summer,1,1
2026-06-18,SEC-003,3,3,0,0,6,Summer,2,2
2026-06-18,SEC-003,4,3,0,0,6,Summer,0,0
2026-06-18,SEC-003,5,3,0,0,6,Summer,0,0
2026-06-18,SEC-003,6,3,0,0,6,Summer,1,1
2026-06-18,SEC-003,7,3,0,0,6,Summer,0,0
2026-06-18,SEC-003,8,3,0,0,6,Summer,1,1
2026-06-18,SEC-003,9,3,0,0,6,Summer,1,1
2026-06-18,SEC-003,10,3,0,0,6,Summer,0,0
2026-06-18,SEC-003,11,3,0,0,6,Summer,0,0
2026-06-18,SEC-003,12,3,0,0,6,Summer,0,0
2026-06-18,SEC-003,13,3,0,0,6,Summer,2,2
2026-06-18,SEC-003,14,3,0,0,6,Summer,1,1
2026-06-18,SEC-003,15,3,0,0,6,Summer,0,0
2026-06-18,SEC-003,16,3,0,0,6,Summer,1,1
2026-06-18,SEC-003,17,3,0,0,6,Summer,0,0
2026-06-18,SEC-003,18,3,0,0,6,Summer,1,1
2026-06-18,SEC-003,19,3,0,0,6,Summer,0,0
2026-06-18,SEC-003,20,3,0,0,6,Summer,0,0
2026-06-18,SEC-003,21,3,0,0,6,Summer,0,0
2026-06-18,SEC-003,22,3,0,0,6,Summer,2,2
2026-06-18,SEC-003,23,3,0,0,6,Summer,4,4
2026-06-18,SEC-004,0,3,0,0,6,Summer,2,2
2026-06-18,SEC-004,1,3,0,0,6,Summer,0,0
2026-06-18,SEC-004,2,3,0,0,6,Summer,5,5
2026-06-18,SEC-004,3,3,0,0,6,Summer,0,0
2026-06-18,SEC-004,4,3,0,0,6,Summer,2,2
2026-06-18,SEC-004,5,3,0,0,6,Summer,0,0
2026-06-18,SEC-004,6,3,0,0,6,Summer,1,1
2026-06-18,SEC-004,7,3,0,0,6,Summer,0,0
2026-06-18,SEC-004,8,3,0,0,6,Summer,1,1
2026-06-18,SEC-004,9,3,0,0,6,Summer,3,3
2026-06-18,SEC-004,10,3,0,0,6,Summer,0,0
2026-06-18,SEC-004,11,3,0,0,6,Summer,0,0
2026-06-18,SEC-004,12,3,0,0,6,Summer,0,0
2026-06-18,SEC-004,13,3,0,0,6,Summer,3,3
2026-06-18,SEC-004,14,3,0,0,6,Summer,0,0
2026-06-18,SEC-004,15,3,0,0,6,Summer,0,0
2026-06-18,SEC-004,16,3,0,0,6,Summer,0,0
2026-06-18,SEC-004,17,3,0,0,6,Summer,0,0
2026-06-18,SEC-004,18,3,0,0,6,Summer,0,0
2026-06-18,SEC-004,19,3,0,0,6,Summer,0,0
2026-06-18,SEC-004,20,3,0,0,6,Summer,0,0
2026-06-18,SEC-004,21,3,0,0,6,Summer,1,1
2026-06-18,SEC-004,22,3,0,0,6,Summer,2,2
2026-06-18,SEC-004,23,3,0,0,6,Summer,2,2
2026-06-18,SEC-005,0,3,0,0,6,Summer,3,3
2026-06-18,SEC-005,1,3,0,0,6,Summer,3,3
2026-06-18,SEC-005,2,3,0,0,6,Summer,2,2
2026-06-18,SEC-005,3,3,0,0,6,Summer,2,2
2026-06-18,SEC-005,4,3,0,0,6,Summer,3,3
2026-06-18,SEC-005,5,3,0,0,6,Summer,0,0
2026-06-18,SEC-005,6,3,0,0,6,Summer,0,0
2026-06-18,SEC-005,7,3,0,0,6,Summer,2,2
2026-06-18,SEC-005,8,3,0,0,6,Summer,0,0
2026-06-18,SEC-005,9,3,0,0,6,Summer,0,0
2026-06-18,SEC-005,10,3,0,0,6,Summer,0,0
2026-06-18,SEC-005,11,3,0,0,6,Summer,0,0
2026-06-18,SEC-005,12,3,0,0,6,Summer,1,1
2026-06-18,SEC-005,13,3,0,0,6,Summer,0,0
2026-06-18,SEC-005,14,3,0,0,6,Summer,0,0
2026-06-18,SEC-005,15,3,0,0,6,Summer,1,1
2026-06-18,SEC-005,16,3,0,0,6,Summer,0,0
2026-06-18,SEC-005,17,3,0,0,6,Summer,0,0
2026-06-18,SEC-005,18,3,0,0,6,Summer,1,1
2026-06-18,SEC-005,19,3,0,0,6,Summer,0,0
2026-06-18,SEC-005,20,3,0,0,6,Summer,0,0
2026-06-18,SEC-005,21,3,0,0,6,Summer,0,0
2026-06-18,SEC-005,22,3,0,0,6,Summer,1,1
2026-06-18,SEC-005,23,3,0,0,6,Summer,2,2
2026-06-18,SEC-006,0,3,0,0,6,Summer,1,1
2026-06-18,SEC-006,1,3,0,0,6,Summer,1,1
2026-06-18,SEC-006,2,3,0,0,6,Summer,1,1
2026-06-18,SEC-006,3,3,0,0,6,Summer,1,1
2026-06-18,SEC-006,4,3,0,0,6,Summer,0,0
2026-06-18,SEC-006,5,3,0,0,6,Summer,2,2
2026-06-18,SEC-006,6,3,0,0,6,Summer,1,1
2026-06-18,SEC-006,7,3,0,0,6,Summer,3,3
2026-06-18,SEC-006,8,3,0,0,6,Summer,0,0
2026-06-18,SEC-006,9,3,0,0,6,Summer,1,1
2026-06-18,SEC-006,10,3,0,0,6,Summer,3,3
2026-06-18,SEC-006,11,3,0,0,6,Summer,0,0
2026-06-18,SEC-006,12,3,0,0,6,Summer,0,0
2026-06-18,SEC-006,13,3,0,0,6,Summer,1,1
2026-06-18,SEC-006,14,3,0,0,6,Summer,0,0
2026-06-18,SEC-006,15,3,0,0,6,Summer,0,0
2026-06-18,SEC-006,16,3,0,0,6,Summer,0,0
2026-06-18,SEC-006,17,3,0,0,6,Summer,0,0
2026-06-18,SEC-006,18,3,0,0,6,Summer,0,0
2026-06-18,SEC-006,19,3,0,0,6,Summer,0,0
2026-06-18,SEC-006,20,3,0,0,6,Summer,0,0
2026-06-18,SEC-006,21,3,0,0,6,Summer,0,0
2026-06-18,SEC-006,22,3,0,0,6,Summer,2,2
2026-06-18,SEC-006,23,3,0,0,6,Summer,2,2
2026-06-19,SEC-001,0,4,0,0,6,Summer,2,2
2026-06-19,SEC-001,1,4,0,0,6,Summer,2,2
2026-06-19,SEC-001,2,4,0,0,6,Summer,0,0
2026-06-19,SEC-001,3,4,0,0,6,Summer,1,1
2026-06-19,SEC-001,4,4,0,0,6,Summer,1,1
2026-06-19,SEC-001,5,4,0,0,6,Summer,1,1
2026-06-19,SEC-001,6,4,0,0,6,Summer,0,0
2026-06-19,SEC-001,7,4,0,0,6,Summer,0,0
2026-06-19,SEC-001,8,4,0,0,6,Summer,0,0
2026-06-19,SEC-001,9,4,0,0,6,Summer,0,0
2026-06-19,SEC-001,10,4,0,0,6,Summer,0,0
2026-06-19,SEC-001,11,4,0,0,6,Summer,0,0
2026-06-19,SEC-001,12,4,0,0,6,Summer,0,0
2026-06-19,SEC-001,13,4,0,0,6,Summer,2,2
2026-06-19,SEC-001,14,4,0,0,6,Summer,1,1
2026-06-19,SEC-001,15,4,0,0,6,Summer,0,0
2026-06-19,SEC-001,16,4,0,0,6,Summer,0,0
2026-06-19,SEC-001,17,4,0,0,6,Summer,0,0
2026-06-19,SEC-001,18,4,0,0,6,Summer,1,1
2026-06-19,SEC-001,19,4,0,0,6,Summer,1,1
2026-06-19,SEC-001,20,4,0,0,6,Summer,0,0
2026-06-19,SEC-001,21,4,0,0,6,Summer,2,2
2026-06-19,SEC-001,22,4,0,0,6,Summer,1,1
2026-06-19,SEC-001,23,4,0,0,6,Summer,0,0
2026-06-19,SEC-002,0,4,0,0,6,Summer,2,2
2026-06-19,SEC-002,1,4,0,0,6,Summer,1,1
2026-06-19,SEC-002,2,4,0,0,6,Summer,1,1
2026-06-19,SEC-002,3,4,0,0,6,Summer,0,0
2026-06-19,SEC-002,4,4,0,0,6,Summer,1,1
2026-06-19,SEC-002,5,4,0,0,6,Summer,0,0
2026-06-19,SEC-002,6,4,0,0,6,Summer,0,0
2026-06-19,SEC-002,7,4,0,0,6,Summer,0,0
2026-06-19,SEC-002,8,4,0,0,6,Summer,1,1
2026-06-19,SEC-002,9,4,0,0,6,Summer,0,0
2026-06-19,SEC-002,10,4,0,0,6,Summer,1,1
2026-06-19,SEC-002,11,4,0,0,6,Summer,1,1
2026-06-19,SEC-002,12,4,0,0,6,Summer,0,0
2026-06-19,SEC-002,13,4,0,0,6,Summer,0,0
2026-06-19,SEC-002,14,4,0,0,6,Summer,0,0
2026-06-19,SEC-002,15,4,0,0,6,Summer,0,0
2026-06-19,SEC-002,16,4,0,0,6,Summer,0,0
2026-06-19,SEC-002,17,4,0,0,6,Summer,1,1
2026-06-19,SEC-002,18,4,0,0,6,Summer,1,1
2026-06-19,SEC-002,19,4,0,0,6,Summer,2,2
2026-06-19,SEC-002,20,4,0,0,6,Summer,0,0
2026-06-19,SEC-002,21,4,0,0,6,Summer,0,0
2026-06-19,SEC-002,22,4,0,0,6,Summer,0,0
2026-06-19,SEC-002,23,4,0,0,6,Summer,3,3
2026-06-19,SEC-003,0,4,0,0,6,Summer,1,1
2026-06-19,SEC-003,1,4,0,0,6,Summer,0,0
2026-06-19,SEC-003,2,4,0,0,6,Summer,1,1
2026-06-19,SEC-003,3,4,0,0,6,Summer,1,1
2026-06-19,SEC-003,4,4,0,0,6,Summer,1,1
2026-06-19,SEC-003,5,4,0,0,6,Summer,0,0
2026-06-19,SEC-003,6,4,0,0,6,Summer,0,0
2026-06-19,SEC-003,7,4,0,0,6,Summer,0,0
2026-06-19,SEC-003,8,4,0,0,6,Summer,0,0
2026-06-19,SEC-003,9,4,0,0,6,Summer,0,0
2026-06-19,SEC-003,10,4,0,0,6,Summer,0,0
2026-06-19,SEC-003,11,4,0,0,6,Summer,0,0
2026-06-19,SEC-003,12,4,0,0,6,Summer,0,0
2026-06-19,SEC-003,13,4,0,0,6,Summer,1,1
2026-06-19,SEC-003,14,4,0,0,6,Summer,0,0
2026-06-19,SEC-003,15,4,0,0,6,Summer,0,0
2026-06-19,SEC-003,16,4,0,0,6,Summer,0,0
2026-06-19,SEC-003,17,4,0,0,6,Summer,0,0
2026-06-19,SEC-003,18,4,0,0,6,Summer,0,0
2026-06-19,SEC-003,19,4,0,0,6,Summer,1,1
2026-06-19,SEC-003,20,4,0,0,6,Summer,0,0
2026-06-19,SEC-003,21,4,0,0,6,Summer,1,1
2026-06-19,SEC-003,22,4,0,0,6,Summer,4,4
2026-06-19,SEC-003,23,4,0,0,6,Summer,4,4
2026-06-19,SEC-004,0,4,0,0,6,Summer,1,1
2026-06-19,SEC-004,1,4,0,0,6,Summer,3,3
2026-06-19,SEC-004,2,4,0,0,6,Summer,0,0
2026-06-19,SEC-004,3,4,0,0,6,Summer,1,1
2026-06-19,SEC-004,4,4,0,0,6,Summer,0,0
2026-06-19,SEC-004,5,4,0,0,6,Summer,0,0
2026-06-19,SEC-004,6,4,0,0,6,Summer,0,0
2026-06-19,SEC-004,7,4,0,0,6,Summer,1,1
2026-06-19,SEC-004,8,4,0,0,6,Summer,0,0
2026-06-19,SEC-004,9,4,0,0,6,Summer,3,3
2026-06-19,SEC-004,10,4,0,0,6,Summer,0,0
2026-06-19,SEC-004,11,4,0,0,6,Summer,0,0
2026-06-19,SEC-004,12,4,0,0,6,Summer,0,0
2026-06-19,SEC-004,13,4,0,0,6,Summer,0,0
2026-06-19,SEC-004,14,4,0,0,6,Summer,0,0
2026-06-19,SEC-004,15,4,0,0,6,Summer,0,0
2026-06-19,SEC-004,16,4,0,0,6,Summer,1,1
2026-06-19,SEC-004,17,4,0,0,6,Summer,0,0
2026-06-19,SEC-004,18,4,0,0,6,Summer,1,1
2026-06-19,SEC-004,19,4,0,0,6,Summer,0,0
2026-06-19,SEC-004,20,4,0,0,6,Summer,0,0
2026-06-19,SEC-004,21,4,0,0,6,Summer,0,0
2026-06-19,SEC-004,22,4,0,0,6,Summer,1,1
2026-06-19,SEC-004,23,4,0,0,6,Summer,3,3
2026-06-19,SEC-005,0,4,0,0,6,Summer,0,0
2026-06-19,SEC-005,1,4,0,0,6,Summer,1,1
2026-06-19,SEC-005,2,4,0,0,6,Summer,1,1
2026-06-19,SEC-005,3,4,0,0,6,Summer,1,1
2026-06-19,SEC-005,4,4,0,0,6,Summer,1,1
2026-06-19,SEC-005,5,4,0,0,6,Summer,0,0
2026-06-19,SEC-005,6,4,0,0,6,Summer,1,1
2026-06-19,SEC-005,7,4,0,0,6,Summer,1,1
2026-06-19,SEC-005,8,4,0,0,6,Summer,0,0
2026-06-19,SEC-005,9,4,0,0,6,Summer,1,1
2026-06-19,SEC-005,10,4,0,0,6,Summer,0,0
2026-06-19,SEC-005,11,4,0,0,6,Summer,0,0
2026-06-19,SEC-005,12,4,0,0,6,Summer,0,0
2026-06-19,SEC-005,13,4,0,0,6,Summer,1,1
2026-06-19,SEC-005,14,4,0,0,6,Summer,1,1
2026-06-19,SEC-005,15,4,0,0,6,Summer,0,0
2026-06-19,SEC-005,16,4,0,0,6,Summer,1,1
2026-06-19,SEC-005,17,4,0,0,6,Summer,0,0
2026-06-19,SEC-005,18,4,0,0,6,Summer,1,1
2026-06-19,SEC-005,19,4,0,0,6,Summer,0,0
2026-06-19,SEC-005,20,4,0,0,6,Summer,0,0
2026-06-19,SEC-005,21,4,0,0,6,Summer,0,0
2026-06-19,SEC-005,22,4,0,0,6,Summer,1,1
2026-06-19,SEC-005,23,4,0,0,6,Summer,0,0
2026-06-19,SEC-006,0,4,0,0,6,Summer,0,0
2026-06-19,SEC-006,1,4,0,0,6,Summer,5,5
2026-06-19,SEC-006,2,4,0,0,6,Summer,1,1
2026-06-19,SEC-006,3,4,0,0,6,Summer,3,3
2026-06-19,SEC-006,4,4,0,0,6,Summer,2,2
2026-06-19,SEC-006,5,4,0,0,6,Summer,0,0
2026-06-19,SEC-006,6,4,0,0,6,Summer,0,0
2026-06-19,SEC-006,7,4,0,0,6,Summer,0,0
2026-06-19,SEC-006,8,4,0,0,6,Summer,1,1
2026-06-19,SEC-006,9,4,0,0,6,Summer,1,1
2026-06-19,SEC-006,10,4,0,0,6,Summer,0,0
2026-06-19,SEC-006,11,4,0,0,6,Summer,0,0
2026-06-19,SEC-006,12,4,0,0,6,Summer,2,2
2026-06-19,SEC-006,13,4,0,0,6,Summer,1,1
2026-06-19,SEC-006,14,4,0,0,6,Summer,0,0
2026-06-19,SEC-006,15,4,0,0,6,Summer,2,2
2026-06-19,SEC-006,16,4,0,0,6,Summer,0,0
2026-06-19,SEC-006,17,4,0,0,6,Summer,1,1
2026-06-19,SEC-006,18,4,0,0,6,Summer,1,1
2026-06-19,SEC-006,19,4,0,0,6,Summer,0,0
2026-06-19,SEC-006,20,4,0,0,6,Summer,0,0
2026-06-19,SEC-006,21,4,0,0,6,Summer,0,0
2026-06-19,SEC-006,22,4,0,0,6,Summer,1,1
2026-06-19,SEC-006,23,4,0,0,6,Summer,2,2
2026-06-20,SEC-001,0,5,1,0,6,Summer,1,1
2026-06-20,SEC-001,1,5,1,0,6,Summer,0,0
2026-06-20,SEC-001,2,5,1,0,6,Summer,0,0
2026-06-20,SEC-001,3,5,1,0,6,Summer,4,4
2026-06-20,SEC-001,4,5,1,0,6,Summer,3,3
2026-06-20,SEC-001,5,5,1,0,6,Summer,0,0
2026-06-20,SEC-001,6,5,1,0,6,Summer,0,0
2026-06-20,SEC-001,7,5,1,0,6,Summer,0,0
2026-06-20,SEC-001,8,5,1,0,6,Summer,0,0
2026-06-20,SEC-001,9,5,1,0,6,Summer,0,0
2026-06-20,SEC-001,10,5,1,0,6,Summer,0,0
2026-06-20,SEC-001,11,5,1,0,6,Summer,1,1
2026-06-20,SEC-001,12,5,1,0,6,Summer,0,0
2026-06-20,SEC-001,13,5,1,0,6,Summer,0,0
2026-06-20,SEC-001,14,5,1,0,6,Summer,0,0
2026-06-20,SEC-001,15,5,1,0,6,Summer,1,1
2026-06-20,SEC-001,16,5,1,0,6,Summer,0,0
2026-06-20,SEC-001,17,5,1,0,6,Summer,0,0
2026-06-20,SEC-001,18,5,1,0,6,Summer,0,0
2026-06-20,SEC-001,19,5,1,0,6,Summer,0,0
2026-06-20,SEC-001,20,5,1,0,6,Summer,0,0
2026-06-20,SEC-001,21,5,1,0,6,Summer,2,2
2026-06-20,SEC-001,22,5,1,0,6,Summer,2,2
2026-06-20,SEC-001,23,5,1,0,6,Summer,2,2
2026-06-20,SEC-002,0,5,1,0,6,Summer,2,2
2026-06-20,SEC-002,1,5,1,0,6,Summer,3,3
2026-06-20,SEC-002,2,5,1,0,6,Summer,1,1
2026-06-20,SEC-002,3,5,1,0,6,Summer,1,1
2026-06-20,SEC-002,4,5,1,0,6,Summer,4,4
2026-06-20,SEC-002,5,5,1,0,6,Summer,0,0
2026-06-20,SEC-002,6,5,1,0,6,Summer,0,0
2026-06-20,SEC-002,7,5,1,0,6,Summer,1,1
2026-06-20,SEC-002,8,5,1,0,6,Summer,0,0
2026-06-20,SEC-002,9,5,1,0,6,Summer,0,0
2026-06-20,SEC-002,10,5,1,0,6,Summer,2,2
2026-06-20,SEC-002,11,5,1,0,6,Summer,0,0
2026-06-20,SEC-002,12,5,1,0,6,Summer,0,0
2026-06-20,SEC-002,13,5,1,0,6,Summer,0,0
2026-06-20,SEC-002,14,5,1,0,6,Summer,1,1
2026-06-20,SEC-002,15,5,1,0,6,Summer,1,1
2026-06-20,SEC-002,16,5,1,0,6,Summer,1,1
2026-06-20,SEC-002,17,5,1,0,6,Summer,1,1
2026-06-20,SEC-002,18,5,1,0,6,Summer,0,0
2026-06-20,SEC-002,19,5,1,0,6,Summer,0,0
2026-06-20,SEC-002,20,5,1,0,6,Summer,0,0
2026-06-20,SEC-002,21,5,1,0,6,Summer,1,1
2026-06-20,SEC-002,22,5,1,0,6,Summer,3,3
2026-06-20,SEC-002,23,5,1,0,6,Summer,5,5
2026-06-20,SEC-003,0,5,1,0,6,Summer,1,1
2026-06-20,SEC-003,1,5,1,0,6,Summer,1,1
2026-06-20,SEC-003,2,5,1,0,6,Summer,0,0
2026-06-20,SEC-003,3,5,1,0,6,Summer,1,1
2026-06-20,SEC-003,4,5,1,0,6,Summer,1,1
2026-06-20,SEC-003,5,5,1,0,6,Summer,1,1
2026-06-20,SEC-003,6,5,1,0,6,Summer,0,0
2026-06-20,SEC-003,7,5,1,0,6,Summer,0,0
2026-06-20,SEC-003,8,5,1,0,6,Summer,0,0
2026-06-20,SEC-003,9,5,1,0,6,Summer,0,0
2026-06-20,SEC-003,10,5,1,0,6,Summer,0,0
2026-06-20,SEC-003,11,5,1,0,6,Summer,0,0
2026-06-20,SEC-003,12,5,1,0,6,Summer,0,0
2026-06-20,SEC-003,13,5,1,0,6,Summer,0,0
2026-06-20,SEC-003,14,5,1,0,6,Summer,0,0
2026-06-20,SEC-003,15,5,1,0,6,Summer,0,0
2026-06-20,SEC-003,16,5,1,0,6,Summer,3,3
2026-06-20,SEC-003,17,5,1,0,6,Summer,0,0
2026-06-20,SEC-003,18,5,1,0,6,Summer,0,0
2026-06-20,SEC-003,19,5,1,0,6,Summer,0,0
2026-06-20,SEC-003,20,5,1,0,6,Summer,1,1
2026-06-20,SEC-003,21,5,1,0,6,Summer,0,0
2026-06-20,SEC-003,22,5,1,0,6,Summer,3,3
2026-06-20,SEC-003,23,5,1,0,6,Summer,4,4
2026-06-20,SEC-004,0,5,1,0,6,Summer,3,3
2026-06-20,SEC-004,1,5,1,0,6,Summer,2,2
2026-06-20,SEC-004,2,5,1,0,6,Summer,2,2
2026-06-20,SEC-004,3,5,1,0,6,Summer,0,0
2026-06-20,SEC-004,4,5,1,0,6,Summer,4,4
2026-06-20,SEC-004,5,5,1,0,6,Summer,0,0
2026-06-20,SEC-004,6,5,1,0,6,Summer,1,1
2026-06-20,SEC-004,7,5,1,0,6,Summer,1,1
2026-06-20,SEC-004,8,5,1,0,6,Summer,1,1
2026-06-20,SEC-004,9,5,1,0,6,Summer,0,0
2026-06-20,SEC-004,10,5,1,0,6,Summer,0,0
2026-06-20,SEC-004,11,5,1,0,6,Summer,0,0
2026-06-20,SEC-004,12,5,1,0,6,Summer,1,1
2026-06-20,SEC-004,13,5,1,0,6,Summer,0,0
2026-06-20,SEC-004,14,5,1,0,6,Summer,1,1
2026-06-20,SEC-004,15,5,1,0,6,Summer,0,0
2026-06-20,SEC-004,16,5,1,0,6,Summer,0,0
2026-06-20,SEC-004,17,5,1,0,6,Summer,1,1
2026-06-20,SEC-004,18,5,1,0,6,Summer,0,0
2026-06-20,SEC-004,19,5,1,0,6,Summer,0,0
2026-06-20,SEC-004,20,5,1,0,6,Summer,2,2
2026-06-20,SEC-004,21,5,1,0,6,Summer,0,0
2026-06-20,SEC-004,22,5,1,0,6,Summer,8,8
2026-06-20,SEC-004,23,5,1,0,6,Summer,3,3
2026-06-20,SEC-005,0,5,1,0,6,Summer,0,0
2026-06-20,SEC-005,1,5,1,0,6,Summer,2,2
2026-06-20,SEC-005,2,5,1,0,6,Summer,2,2
2026-06-20,SEC-005,3,5,1,0,6,Summer,0,0
2026-06-20,SEC-005,4,5,1,0,6,Summer,6,6
2026-06-20,SEC-005,5,5,1,0,6,Summer,0,0
2026-06-20,SEC-005,6,5,1,0,6,Summer,0,0
2026-06-20,SEC-005,7,5,1,0,6,Summer,1,1
2026-06-20,SEC-005,8,5,1,0,6,Summer,0,0
2026-06-20,SEC-005,9,5,1,0,6,Summer,0,0
2026-06-20,SEC-005,10,5,1,0,6,Summer,1,1
2026-06-20,SEC-005,11,5,1,0,6,Summer,0,0
2026-06-20,SEC-005,12,5,1,0,6,Summer,0,0
2026-06-20,SEC-005,13,5,1,0,6,Summer,0,0
2026-06-20,SEC-005,14,5,1,0,6,Summer,0,0
2026-06-20,SEC-005,15,5,1,0,6,Summer,0,0
2026-06-20,SEC-005,16,5,1,0,6,Summer,0,0
2026-06-20,SEC-005,17,5,1,0,6,Summer,0,0
2026-06-20,SEC-005,18,5,1,0,6,Summer,1,1
2026-06-20,SEC-005,19,5,1,0,6,Summer,0,0
2026-06-20,SEC-005,20,5,1,0,6,Summer,0,0
2026-06-20,SEC-005,21,5,1,0,6,Summer,1,1
2026-06-20,SEC-005,22,5,1,0,6,Summer,1,1
2026-06-20,SEC-005,23,5,1,0,6,Summer,1,1
2026-06-20,SEC-006,0,5,1,0,6,Summer,1,1
2026-06-20,SEC-006,1,5,1,0,6,Summer,3,3
2026-06-20,SEC-006,2,5,1,0,6,Summer,0,0
2026-06-20,SEC-006,3,5,1,0,6,Summer,1,1
2026-06-20,SEC-006,4,5,1,0,6,Summer,5,5
2026-06-20,SEC-006,5,5,1,0,6,Summer,0,0
2026-06-20,SEC-006,6,5,1,0,6,Summer,1,1
2026-06-20,SEC-006,7,5,1,0,6,Summer,2,2
2026-06-20,SEC-006,8,5,1,0,6,Summer,0,0
2026-06-20,SEC-006,9,5,1,0,6,Summer,0,0
2026-06-20,SEC-006,10,5,1,0,6,Summer,0,0
2026-06-20,SEC-006,11,5,1,0,6,Summer,0,0
2026-06-20,SEC-006,12,5,1,0,6,Summer,0,0
2026-06-20,SEC-006,13,5,1,0,6,Summer,0,0
2026-06-20,SEC-006,14,5,1,0,6,Summer,0,0
2026-06-20,SEC-006,15,5,1,0,6,Summer,0,0
2026-06-20,SEC-006,16,5,1,0,6,Summer,1,1
2026-06-20,SEC-006,17,5,1,0,6,Summer,0,0
2026-06-20,SEC-006,18,5,1,0,6,Summer,1,1
2026-06-20,SEC-006,19,5,1,0,6,Summer,0,0
2026-06-20,SEC-006,20,5,1,0,6,Summer,1,1
2026-06-20,SEC-006,21,5,1,0,6,Summer,0,0
2026-06-20,SEC-006,22,5,1,0,6,Summer,2,2
2026-06-20,SEC-006,23,5,1,0,6,Summer,2,2
2026-06-21,SEC-001,0,6,1,0,6,Summer,6,6
2026-06-21,SEC-001,1,6,1,0,6,Summer,4,4
2026-06-21,SEC-001,2,6,1,0,6,Summer,2,2
2026-06-21,SEC-001,3,6,1,0,6,Summer,1,1
2026-06-21,SEC-001,4,6,1,0,6,Summer,2,2
2026-06-21,SEC-001,5,6,1,0,6,Summer,1,1
2026-06-21,SEC-001,6,6,1,0,6,Summer,0,0
2026-06-21,SEC-001,7,6,1,0,6,Summer,0,0
2026-06-21,SEC-001,8,6,1,0,6,Summer,1,1
2026-06-21,SEC-001,9,6,1,0,6,Summer,1,1
2026-06-21,SEC-001,10,6,1,0,6,Summer,1,1
2026-06-21,SEC-001,11,6,1,0,6,Summer,0,0
2026-06-21,SEC-001,12,6,1,0,6,Summer,0,0
2026-06-21,SEC-001,13,6,1,0,6,Summer,0,0
2026-06-21,SEC-001,14,6,1,0,6,Summer,0,0
2026-06-21,SEC-001,15,6,1,0,6,Summer,0,0
2026-06-21,SEC-001,16,6,1,0,6,Summer,0,0
2026-06-21,SEC-001,17,6,1,0,6,Summer,0,0
2026-06-21,SEC-001,18,6,1,0,6,Summer,0,0
2026-06-21,SEC-001,19,6,1,0,6,Summer,2,2
2026-06-21,SEC-001,20,6,1,0,6,Summer,0,0
2026-06-21,SEC-001,21,6,1,0,6,Summer,0,0
2026-06-21,SEC-001,22,6,1,0,6,Summer,2,2
2026-06-21,SEC-001,23,6,1,0,6,Summer,1,1
2026-06-21,SEC-002,0,6,1,0,6,Summer,0,0
2026-06-21,SEC-002,1,6,1,0,6,Summer,0,0
2026-06-21,SEC-002,2,6,1,0,6,Summer,0,0
2026-06-21,SEC-002,3,6,1,0,6,Summer,1,1
2026-06-21,SEC-002,4,6,1,0,6,Summer,1,1
2026-06-21,SEC-002,5,6,1,0,6,Summer,0,0
2026-06-21,SEC-002,6,6,1,0,6,Summer,1,1
2026-06-21,SEC-002,7,6,1,0,6,Summer,0,0
2026-06-21,SEC-002,8,6,1,0,6,Summer,0,0
2026-06-21,SEC-002,9,6,1,0,6,Summer,1,1
2026-06-21,SEC-002,10,6,1,0,6,Summer,0,0
2026-06-21,SEC-002,11,6,1,0,6,Summer,0,0
2026-06-21,SEC-002,12,6,1,0,6,Summer,0,0
2026-06-21,SEC-002,13,6,1,0,6,Summer,0,0
2026-06-21,SEC-002,14,6,1,0,6,Summer,0,0
2026-06-21,SEC-002,15,6,1,0,6,Summer,2,2
2026-06-21,SEC-002,16,6,1,0,6,Summer,1,1
2026-06-21,SEC-002,17,6,1,0,6,Summer,0,0
2026-06-21,SEC-002,18,6,1,0,6,Summer,0,0
2026-06-21,SEC-002,19,6,1,0,6,Summer,0,0
2026-06-21,SEC-002,20,6,1,0,6,Summer,0,0
2026-06-21,SEC-002,21,6,1,0,6,Summer,0,0
2026-06-21,SEC-002,22,6,1,0,6,Summer,0,0
2026-06-21,SEC-002,23,6,1,0,6,Summer,5,5
2026-06-21,SEC-003,0,6,1,0,6,Summer,2,2
2026-06-21,SEC-003,1,6,1,0,6,Summer,2,2
2026-06-21,SEC-003,2,6,1,0,6,Summer,2,2
2026-06-21,SEC-003,3,6,1,0,6,Summer,4,4
2026-06-21,SEC-003,4,6,1,0,6,Summer,2,2
2026-06-21,SEC-003,5,6,1,0,6,Summer,0,0
2026-06-21,SEC-003,6,6,1,0,6,Summer,0,0
2026-06-21,SEC-003,7,6,1,0,6,Summer,0,0
2026-06-21,SEC-003,8,6,1,0,6,Summer,0,0
2026-06-21,SEC-003,9,6,1,0,6,Summer,0,0
2026-06-21,SEC-003,10,6,1,0,6,Summer,0,0
2026-06-21,SEC-003,11,6,1,0,6,Summer,0,0
2026-06-21,SEC-003,12,6,1,0,6,Summer,3,3
2026-06-21,SEC-003,13,6,1,0,6,Summer,1,1
2026-06-21,SEC-003,14,6,1,0,6,Summer,0,0
2026-06-21,SEC-003,15,6,1,0,6,Summer,0,0
2026-06-21,SEC-003,16,6,1,0,6,Summer,1,1
2026-06-21,SEC-003,17,6,1,0,6,Summer,1,1
2026-06-21,SEC-003,18,6,1,0,6,Summer,0,0
2026-06-21,SEC-003,19,6,1,0,6,Summer,1,1
2026-06-21,SEC-003,20,6,1,0,6,Summer,0,0
2026-06-21,SEC-003,21,6,1,0,6,Summer,1,1
2026-06-21,SEC-003,22,6,1,0,6,Summer,1,1
2026-06-21,SEC-003,23,6,1,0,6,Summer,2,2
2026-06-21,SEC-004,0,6,1,0,6,Summer,1,1
2026-06-21,SEC-004,1,6,1,0,6,Summer,2,2
2026-06-21,SEC-004,2,6,1,0,6,Summer,2,2
2026-06-21,SEC-004,3,6,1,0,6,Summer,0,0
2026-06-21,SEC-004,4,6,1,0,6,Summer,0,0
2026-06-21,SEC-004,5,6,1,0,6,Summer,0,0
2026-06-21,SEC-004,6,6,1,0,6,Summer,0,0
2026-06-21,SEC-004,7,6,1,0,6,Summer,0,0
2026-06-21,SEC-004,8,6,1,0,6,Summer,1,1
2026-06-21,SEC-004,9,6,1,0,6,Summer,0,0
2026-06-21,SEC-004,10,6,1,0,6,Summer,1,1
2026-06-21,SEC-004,11,6,1,0,6,Summer,1,1
2026-06-21,SEC-004,12,6,1,0,6,Summer,1,1
2026-06-21,SEC-004,13,6,1,0,6,Summer,0,0
2026-06-21,SEC-004,14,6,1,0,6,Summer,1,1
2026-06-21,SEC-004,15,6,1,0,6,Summer,0,0
2026-06-21,SEC-004,16,6,1,0,6,Summer,1,1
2026-06-21,SEC-004,17,6,1,0,6,Summer,0,0
2026-06-21,SEC-004,18,6,1,0,6,Summer,1,1
2026-06-21,SEC-004,19,6,1,0,6,Summer,0,0
2026-06-21,SEC-004,20,6,1,0,6,Summer,1,1
2026-06-21,SEC-004,21,6,1,0,6,Summer,0,0
2026-06-21,SEC-004,22,6,1,0,6,Summer,2,2
2026-06-21,SEC-004,23,6,1,0,6,Summer,3,3
2026-06-21,SEC-005,0,6,1,0,6,Summer,2,2
2026-06-21,SEC-005,1,6,1,0,6,Summer,2,2
2026-06-21,SEC-005,2,6,1,0,6,Summer,4,4
2026-06-21,SEC-005,3,6,1,0,6,Summer,1,1
2026-06-21,SEC-005,4,6,1,0,6,Summer,2,2
2026-06-21,SEC-005,5,6,1,0,6,Summer,0,0
2026-06-21,SEC-005,6,6,1,0,6,Summer,0,0
2026-06-21,SEC-005,7,6,1,0,6,Summer,2,2
2026-06-21,SEC-005,8,6,1,0,6,Summer,0,0
2026-06-21,SEC-005,9,6,1,0,6,Summer,0,0
2026-06-21,SEC-005,10,6,1,0,6,Summer,0,0
2026-06-21,SEC-005,11,6,1,0,6,Summer,0,0
2026-06-21,SEC-005,12,6,1,0,6,Summer,0,0
2026-06-21,SEC-005,13,6,1,0,6,Summer,1,1
2026-06-21,SEC-005,14,6,1,0,6,Summer,1,1
2026-06-21,SEC-005,15,6,1,0,6,Summer,0,0
2026-06-21,SEC-005,16,6,1,0,6,Summer,0,0
2026-06-21,SEC-005,17,6,1,0,6,Summer,0,0
2026-06-21,SEC-005,18,6,1,0,6,Summer,1,1
2026-06-21,SEC-005,19,6,1,0,6,Summer,0,0
2026-06-21,SEC-005,20,6,1,0,6,Summer,1,1
2026-06-21,SEC-005,21,6,1,0,6,Summer,0,0
2026-06-21,SEC-005,22,6,1,0,6,Summer,1,1
2026-06-21,SEC-005,23,6,1,0,6,Summer,1,1
2026-06-21,SEC-006,0,6,1,0,6,Summer,5,5
2026-06-21,SEC-006,1,6,1,0,6,Summer,0,0
2026-06-21,SEC-006,2,6,1,0,6,Summer,4,4
2026-06-21,SEC-006,3,6,1,0,6,Summer,6,6
2026-06-21,SEC-006,4,6,1,0,6,Summer,3,3
2026-06-21,SEC-006,5,6,1,0,6,Summer,0,0
2026-06-21,SEC-006,6,6,1,0,6,Summer,0,0
2026-06-21,SEC-006,7,6,1,0,6,Summer,1,1
2026-06-21,SEC-006,8,6,1,0,6,Summer,0,0
2026-06-21,SEC-006,9,6,1,0,6,Summer,1,1
2026-06-21,SEC-006,10,6,1,0,6,Summer,1,1
2026-06-21,SEC-006,11,6,1,0,6,Summer,2,2
2026-06-21,SEC-006,12,6,1,0,6,Summer,0,0
2026-06-21,SEC-006,13,6,1,0,6,Summer,0,0
2026-06-21,SEC-006,14,6,1,0,6,Summer,0,0
2026-06-21,SEC-006,15,6,1,0,6,Summer,1,1
2026-06-21,SEC-006,16,6,1,0,6,Summer,1,1
2026-06-21,SEC-006,17,6,1,0,6,Summer,1,1
2026-06-21,SEC-006,18,6,1,0,6,Summer,1,1
2026-06-21,SEC-006,19,6,1,0,6,Summer,0,0
2026-06-21,SEC-006,20,6,1,0,6,Summer,0,0
2026-06-21,SEC-006,21,6,1,0,6,Summer,0,0
2026-06-21,SEC-006,22,6,1,0,6,Summer,5,5
2026-06-21,SEC-006,23,6,1,0,6,Summer,3,3
2026-06-22,SEC-001,0,0,0,0,6,Summer,2,2
2026-06-22,SEC-001,1,0,0,0,6,Summer,2,2
2026-06-22,SEC-001,2,0,0,0,6,Summer,3,3
2026-06-22,SEC-001,3,0,0,0,6,Summer,2,2
2026-06-22,SEC-001,4,0,0,0,6,Summer,1,1
2026-06-22,SEC-001,5,0,0,0,6,Summer,0,0
2026-06-22,SEC-001,6,0,0,0,6,Summer,0,0
2026-06-22,SEC-001,7,0,0,0,6,Summer,1,1
2026-06-22,SEC-001,8,0,0,0,6,Summer,0,0
2026-06-22,SEC-001,9,0,0,0,6,Summer,0,0
2026-06-22,SEC-001,10,0,0,0,6,Summer,0,0
2026-06-22,SEC-001,11,0,0,0,6,Summer,0,0
2026-06-22,SEC-001,12,0,0,0,6,Summer,0,0
2026-06-22,SEC-001,13,0,0,0,6,Summer,1,1
2026-06-22,SEC-001,14,0,0,0,6,Summer,0,0
2026-06-22,SEC-001,15,0,0,0,6,Summer,0,0
2026-06-22,SEC-001,16,0,0,0,6,Summer,0,0
2026-06-22,SEC-001,17,0,0,0,6,Summer,1,1
2026-06-22,SEC-001,18,0,0,0,6,Summer,0,0
2026-06-22,SEC-001,19,0,0,0,6,Summer,0,0
2026-06-22,SEC-001,20,0,0,0,6,Summer,2,2
2026-06-22,SEC-001,21,0,0,0,6,Summer,1,1
2026-06-22,SEC-001,22,0,0,0,6,Summer,1,1
2026-06-22,SEC-001,23,0,0,0,6,Summer,2,2
2026-06-22,SEC-002,0,0,0,0,6,Summer,2,2
2026-06-22,SEC-002,1,0,0,0,6,Summer,2,2
2026-06-22,SEC-002,2,0,0,0,6,Summer,1,1
2026-06-22,SEC-002,3,0,0,0,6,Summer,2,2
2026-06-22,SEC-002,4,0,0,0,6,Summer,2,2
2026-06-22,SEC-002,5,0,0,0,6,Summer,1,1
2026-06-22,SEC-002,6,0,0,0,6,Summer,0,0
2026-06-22,SEC-002,7,0,0,0,6,Summer,0,0
2026-06-22,SEC-002,8,0,0,0,6,Summer,0,0
2026-06-22,SEC-002,9,0,0,0,6,Summer,0,0
2026-06-22,SEC-002,10,0,0,0,6,Summer,0,0
2026-06-22,SEC-002,11,0,0,0,6,Summer,1,1
2026-06-22,SEC-002,12,0,0,0,6,Summer,0,0
2026-06-22,SEC-002,13,0,0,0,6,Summer,1,1
2026-06-22,SEC-002,14,0,0,0,6,Summer,1,1
2026-06-22,SEC-002,15,0,0,0,6,Summer,0,0
2026-06-22,SEC-002,16,0,0,0,6,Summer,1,1
2026-06-22,SEC-002,17,0,0,0,6,Summer,1,1
2026-06-22,SEC-002,18,0,0,0,6,Summer,0,0
2026-06-22,SEC-002,19,0,0,0,6,Summer,2,2
2026-06-22,SEC-002,20,0,0,0,6,Summer,0,0
2026-06-22,SEC-002,21,0,0,0,6,Summer,0,0
2026-06-22,SEC-002,22,0,0,0,6,Summer,0,0
2026-06-22,SEC-002,23,0,0,0,6,Summer,4,4
2026-06-22,SEC-003,0,0,0,0,6,Summer,1,1
2026-06-22,SEC-003,1,0,0,0,6,Summer,5,5
2026-06-22,SEC-003,2,0,0,0,6,Summer,1,1
2026-06-22,SEC-003,3,0,0,0,6,Summer,3,3
2026-06-22,SEC-003,4,0,0,0,6,Summer,2,2
2026-06-22,SEC-003,5,0,0,0,6,Summer,0,0
2026-06-22,SEC-003,6,0,0,0,6,Summer,0,0
2026-06-22,SEC-003,7,0,0,0,6,Summer,0,0
2026-06-22,SEC-003,8,0,0,0,6,Summer,0,0
2026-06-22,SEC-003,9,0,0,0,6,Summer,0,0
2026-06-22,SEC-003,10,0,0,0,6,Summer,2,2
2026-06-22,SEC-003,11,0,0,0,6,Summer,0,0
2026-06-22,SEC-003,12,0,0,0,6,Summer,1,1
2026-06-22,SEC-003,13,0,0,0,6,Summer,0,0
2026-06-22,SEC-003,14,0,0,0,6,Summer,0,0
2026-06-22,SEC-003,15,0,0,0,6,Summer,0,0
2026-06-22,SEC-003,16,0,0,0,6,Summer,1,1
2026-06-22,SEC-003,17,0,0,0,6,Summer,0,0
2026-06-22,SEC-003,18,0,0,0,6,Summer,0,0
2026-06-22,SEC-003,19,0,0,0,6,Summer,0,0
2026-06-22,SEC-003,20,0,0,0,6,Summer,0,0
2026-06-22,SEC-003,21,0,0,0,6,Summer,0,0
2026-06-22,SEC-003,22,0,0,0,6,Summer,0,0
2026-06-22,SEC-003,23,0,0,0,6,Summer,2,2
2026-06-22,SEC-004,0,0,0,0,6,Summer,2,2
2026-06-22,SEC-004,1,0,0,0,6,Summer,0,0
2026-06-22,SEC-004,2,0,0,0,6,Summer,2,2
2026-06-22,SEC-004,3,0,0,0,6,Summer,0,0
2026-06-22,SEC-004,4,0,0,0,6,Summer,0,0
2026-06-22,SEC-004,5,0,0,0,6,Summer,0,0
2026-06-22,SEC-004,6,0,0,0,6,Summer,0,0
2026-06-22,SEC-004,7,0,0,0,6,Summer,2,2
2026-06-22,SEC-004,8,0,0,0,6,Summer,0,0
2026-06-22,SEC-004,9,0,0,0,6,Summer,0,0
2026-06-22,SEC-004,10,0,0,0,6,Summer,0,0
2026-06-22,SEC-004,11,0,0,0,6,Summer,0,0
2026-06-22,SEC-004,12,0,0,0,6,Summer,0,0
2026-06-22,SEC-004,13,0,0,0,6,Summer,0,0
2026-06-22,SEC-004,14,0,0,0,6,Summer,0,0
2026-06-22,SEC-004,15,0,0,0,6,Summer,0,0
2026-06-22,SEC-004,16,0,0,0,6,Summer,1,1
2026-06-22,SEC-004,17,0,0,0,6,Summer,0,0
2026-06-22,SEC-004,18,0,0,0,6,Summer,0,0
2026-06-22,SEC-004,19,0,0,0,6,Summer,0,0
2026-06-22,SEC-004,20,0,0,0,6,Summer,0,0
2026-06-22,SEC-004,21,0,0,0,6,Summer,0,0
2026-06-22,SEC-004,22,0,0,0,6,Summer,4,4
2026-06-22,SEC-004,23,0,0,0,6,Summer,4,4
2026-06-22,SEC-005,0,0,0,0,6,Summer,5,5
2026-06-22,SEC-005,1,0,0,0,6,Summer,2,2
2026-06-22,SEC-005,2,0,0,0,6,Summer,3,3
2026-06-22,SEC-005,3,0,0,0,6,Summer,2,2
2026-06-22,SEC-005,4,0,0,0,6,Summer,2,2
2026-06-22,SEC-005,5,0,0,0,6,Summer,2,2
2026-06-22,SEC-005,6,0,0,0,6,Summer,0,0
2026-06-22,SEC-005,7,0,0,0,6,Summer,1,1
2026-06-22,SEC-005,8,0,0,0,6,Summer,1,1
2026-06-22,SEC-005,9,0,0,0,6,Summer,2,2
2026-06-22,SEC-005,10,0,0,0,6,Summer,0,0
2026-06-22,SEC-005,11,0,0,0,6,Summer,0,0
2026-06-22,SEC-005,12,0,0,0,6,Summer,1,1
2026-06-22,SEC-005,13,0,0,0,6,Summer,0,0
2026-06-22,SEC-005,14,0,0,0,6,Summer,0,0
2026-06-22,SEC-005,15,0,0,0,6,Summer,0,0
2026-06-22,SEC-005,16,0,0,0,6,Summer,0,0
2026-06-22,SEC-005,17,0,0,0,6,Summer,0,0
2026-06-22,SEC-005,18,0,0,0,6,Summer,2,2
2026-06-22,SEC-005,19,0,0,0,6,Summer,0,0
2026-06-22,SEC-005,20,0,0,0,6,Summer,1,1
2026-06-22,SEC-005,21,0,0,0,6,Summer,0,0
2026-06-22,SEC-005,22,0,0,0,6,Summer,0,0
2026-06-22,SEC-005,23,0,0,0,6,Summer,2,2
2026-06-22,SEC-006,0,0,0,0,6,Summer,0,0
2026-06-22,SEC-006,1,0,0,0,6,Summer,2,2
2026-06-22,SEC-006,2,0,0,0,6,Summer,1,1
2026-06-22,SEC-006,3,0,0,0,6,Summer,3,3
2026-06-22,SEC-006,4,0,0,0,6,Summer,2,2
2026-06-22,SEC-006,5,0,0,0,6,Summer,0,0
2026-06-22,SEC-006,6,0,0,0,6,Summer,0,0
2026-06-22,SEC-006,7,0,0,0,6,Summer,0,0
2026-06-22,SEC-006,8,0,0,0,6,Summer,0,0
2026-06-22,SEC-006,9,0,0,0,6,Summer,0,0
2026-06-22,SEC-006,10,0,0,0,6,Summer,0,0
2026-06-22,SEC-006,11,0,0,0,6,Summer,0,0
2026-06-22,SEC-006,12,0,0,0,6,Summer,0,0
2026-06-22,SEC-006,13,0,0,0,6,Summer,0,0
2026-06-22,SEC-006,14,0,0,0,6,Summer,2,2
2026-06-22,SEC-006,15,0,0,0,6,Summer,0,0
2026-06-22,SEC-006,16,0,0,0,6,Summer,0,0
2026-06-22,SEC-006,17,0,0,0,6,Summer,2,2
2026-06-22,SEC-006,18,0,0,0,6,Summer,0,0
2026-06-22,SEC-006,19,0,0,0,6,Summer,2,2
2026-06-22,SEC-006,20,0,0,0,6,Summer,0,0
2026-06-22,SEC-006,21,0,0,0,6,Summer,0,0
2026-06-22,SEC-006,22,0,0,0,6,Summer,1,1
2026-06-22,SEC-006,23,0,0,0,6,Summer,0,0
2026-06-23,SEC-001,0,1,0,0,6,Summer,2,2
2026-06-23,SEC-001,1,1,0,0,6,Summer,1,1
2026-06-23,SEC-001,2,1,0,0,6,Summer,2,2
2026-06-23,SEC-001,3,1,0,0,6,Summer,1,1
2026-06-23,SEC-001,4,1,0,0,6,Summer,1,1
2026-06-23,SEC-001,5,1,0,0,6,Summer,1,1
2026-06-23,SEC-001,6,1,0,0,6,Summer,0,0
2026-06-23,SEC-001,7,1,0,0,6,Summer,1,1
2026-06-23,SEC-001,8,1,0,0,6,Summer,0,0
2026-06-23,SEC-001,9,1,0,0,6,Summer,0,0
2026-06-23,SEC-001,10,1,0,0,6,Summer,1,1
2026-06-23,SEC-001,11,1,0,0,6,Summer,0,0
2026-06-23,SEC-001,12,1,0,0,6,Summer,1,1
2026-06-23,SEC-001,13,1,0,0,6,Summer,0,0
2026-06-23,SEC-001,14,1,0,0,6,Summer,0,0
2026-06-23,SEC-001,15,1,0,0,6,Summer,0,0
2026-06-23,SEC-001,16,1,0,0,6,Summer,0,0
2026-06-23,SEC-001,17,1,0,0,6,Summer,1,1
2026-06-23,SEC-001,18,1,0,0,6,Summer,0,0
2026-06-23,SEC-001,19,1,0,0,6,Summer,0,0
2026-06-23,SEC-001,20,1,0,0,6,Summer,0,0
2026-06-23,SEC-001,21,1,0,0,6,Summer,0,0
2026-06-23,SEC-001,22,1,0,0,6,Summer,1,1
2026-06-23,SEC-001,23,1,0,0,6,Summer,5,5
2026-06-23,SEC-002,0,1,0,0,6,Summer,4,4
2026-06-23,SEC-002,1,1,0,0,6,Summer,2,2
2026-06-23,SEC-002,2,1,0,0,6,Summer,2,2
2026-06-23,SEC-002,3,1,0,0,6,Summer,1,1
2026-06-23,SEC-002,4,1,0,0,6,Summer,1,1
2026-06-23,SEC-002,5,1,0,0,6,Summer,1,1
2026-06-23,SEC-002,6,1,0,0,6,Summer,0,0
2026-06-23,SEC-002,7,1,0,0,6,Summer,0,0
2026-06-23,SEC-002,8,1,0,0,6,Summer,0,0
2026-06-23,SEC-002,9,1,0,0,6,Summer,0,0
2026-06-23,SEC-002,10,1,0,0,6,Summer,0,0
2026-06-23,SEC-002,11,1,0,0,6,Summer,0,0
2026-06-23,SEC-002,12,1,0,0,6,Summer,1,1
2026-06-23,SEC-002,13,1,0,0,6,Summer,0,0
2026-06-23,SEC-002,14,1,0,0,6,Summer,0,0
2026-06-23,SEC-002,15,1,0,0,6,Summer,0,0
2026-06-23,SEC-002,16,1,0,0,6,Summer,0,0
2026-06-23,SEC-002,17,1,0,0,6,Summer,2,2
2026-06-23,SEC-002,18,1,0,0,6,Summer,1,1
2026-06-23,SEC-002,19,1,0,0,6,Summer,2,2
2026-06-23,SEC-002,20,1,0,0,6,Summer,1,1
2026-06-23,SEC-002,21,1,0,0,6,Summer,1,1
2026-06-23,SEC-002,22,1,0,0,6,Summer,2,2
2026-06-23,SEC-002,23,1,0,0,6,Summer,1,1
2026-06-23,SEC-003,0,1,0,0,6,Summer,0,0
2026-06-23,SEC-003,1,1,0,0,6,Summer,2,2
2026-06-23,SEC-003,2,1,0,0,6,Summer,1,1
2026-06-23,SEC-003,3,1,0,0,6,Summer,2,2
2026-06-23,SEC-003,4,1,0,0,6,Summer,2,2
2026-06-23,SEC-003,5,1,0,0,6,Summer,1,1
2026-06-23,SEC-003,6,1,0,0,6,Summer,0,0
2026-06-23,SEC-003,7,1,0,0,6,Summer,0,0
2026-06-23,SEC-003,8,1,0,0,6,Summer,2,2
2026-06-23,SEC-003,9,1,0,0,6,Summer,0,0
2026-06-23,SEC-003,10,1,0,0,6,Summer,0,0
2026-06-23,SEC-003,11,1,0,0,6,Summer,0,0
2026-06-23,SEC-003,12,1,0,0,6,Summer,1,1
2026-06-23,SEC-003,13,1,0,0,6,Summer,1,1
2026-06-23,SEC-003,14,1,0,0,6,Summer,1,1
2026-06-23,SEC-003,15,1,0,0,6,Summer,0,0
2026-06-23,SEC-003,16,1,0,0,6,Summer,0,0
2026-06-23,SEC-003,17,1,0,0,6,Summer,1,1
2026-06-23,SEC-003,18,1,0,0,6,Summer,0,0
2026-06-23,SEC-003,19,1,0,0,6,Summer,2,2
2026-06-23,SEC-003,20,1,0,0,6,Summer,3,3
2026-06-23,SEC-003,21,1,0,0,6,Summer,0,0
2026-06-23,SEC-003,22,1,0,0,6,Summer,0,0
2026-06-23,SEC-003,23,1,0,0,6,Summer,0,0
2026-06-23,SEC-004,0,1,0,0,6,Summer,2,2
2026-06-23,SEC-004,1,1,0,0,6,Summer,2,2
2026-06-23,SEC-004,2,1,0,0,6,Summer,2,2
2026-06-23,SEC-004,3,1,0,0,6,Summer,1,1
2026-06-23,SEC-004,4,1,0,0,6,Summer,2,2
2026-06-23,SEC-004,5,1,0,0,6,Summer,0,0
2026-06-23,SEC-004,6,1,0,0,6,Summer,0,0
2026-06-23,SEC-004,7,1,0,0,6,Summer,1,1
2026-06-23,SEC-004,8,1,0,0,6,Summer,0,0
2026-06-23,SEC-004,9,1,0,0,6,Summer,0,0
2026-06-23,SEC-004,10,1,0,0,6,Summer,0,0
2026-06-23,SEC-004,11,1,0,0,6,Summer,0,0
2026-06-23,SEC-004,12,1,0,0,6,Summer,0,0
2026-06-23,SEC-004,13,1,0,0,6,Summer,0,0
2026-06-23,SEC-004,14,1,0,0,6,Summer,0,0
2026-06-23,SEC-004,15,1,0,0,6,Summer,0,0
2026-06-23,SEC-004,16,1,0,0,6,Summer,0,0
2026-06-23,SEC-004,17,1,0,0,6,Summer,1,1
2026-06-23,SEC-004,18,1,0,0,6,Summer,1,1
2026-06-23,SEC-004,19,1,0,0,6,Summer,1,1
2026-06-23,SEC-004,20,1,0,0,6,Summer,1,1
2026-06-23,SEC-004,21,1,0,0,6,Summer,0,0
2026-06-23,SEC-004,22,1,0,0,6,Summer,0,0
2026-06-23,SEC-004,23,1,0,0,6,Summer,2,2
2026-06-23,SEC-005,0,1,0,0,6,Summer,1,1
2026-06-23,SEC-005,1,1,0,0,6,Summer,6,6
2026-06-23,SEC-005,2,1,0,0,6,Summer,2,2
2026-06-23,SEC-005,3,1,0,0,6,Summer,4,4
2026-06-23,SEC-005,4,1,0,0,6,Summer,5,5
2026-06-23,SEC-005,5,1,0,0,6,Summer,0,0
2026-06-23,SEC-005,6,1,0,0,6,Summer,1,1
2026-06-23,SEC-005,7,1,0,0,6,Summer,1,1
2026-06-23,SEC-005,8,1,0,0,6,Summer,0,0
2026-06-23,SEC-005,9,1,0,0,6,Summer,1,1
2026-06-23,SEC-005,10,1,0,0,6,Summer,0,0
2026-06-23,SEC-005,11,1,0,0,6,Summer,0,0
2026-06-23,SEC-005,12,1,0,0,6,Summer,0,0
2026-06-23,SEC-005,13,1,0,0,6,Summer,0,0
2026-06-23,SEC-005,14,1,0,0,6,Summer,1,1
2026-06-23,SEC-005,15,1,0,0,6,Summer,0,0
2026-06-23,SEC-005,16,1,0,0,6,Summer,1,1
2026-06-23,SEC-005,17,1,0,0,6,Summer,0,0
2026-06-23,SEC-005,18,1,0,0,6,Summer,0,0
2026-06-23,SEC-005,19,1,0,0,6,Summer,1,1
2026-06-23,SEC-005,20,1,0,0,6,Summer,1,1
2026-06-23,SEC-005,21,1,0,0,6,Summer,0,0
2026-06-23,SEC-005,22,1,0,0,6,Summer,1,1
2026-06-23,SEC-005,23,1,0,0,6,Summer,3,3
2026-06-23,SEC-006,0,1,0,0,6,Summer,1,1
2026-06-23,SEC-006,1,1,0,0,6,Summer,2,2
2026-06-23,SEC-006,2,1,0,0,6,Summer,2,2
2026-06-23,SEC-006,3,1,0,0,6,Summer,1,1
2026-06-23,SEC-006,4,1,0,0,6,Summer,2,2
2026-06-23,SEC-006,5,1,0,0,6,Summer,0,0
2026-06-23,SEC-006,6,1,0,0,6,Summer,1,1
2026-06-23,SEC-006,7,1,0,0,6,Summer,1,1
2026-06-23,SEC-006,8,1,0,0,6,Summer,2,2
2026-06-23,SEC-006,9,1,0,0,6,Summer,0,0
2026-06-23,SEC-006,10,1,0,0,6,Summer,1,1
2026-06-23,SEC-006,11,1,0,0,6,Summer,1,1
2026-06-23,SEC-006,12,1,0,0,6,Summer,0,0
2026-06-23,SEC-006,13,1,0,0,6,Summer,0,0
2026-06-23,SEC-006,14,1,0,0,6,Summer,0,0
2026-06-23,SEC-006,15,1,0,0,6,Summer,1,1
2026-06-23,SEC-006,16,1,0,0,6,Summer,0,0
2026-06-23,SEC-006,17,1,0,0,6,Summer,0,0
2026-06-23,SEC-006,18,1,0,0,6,Summer,1,1
2026-06-23,SEC-006,19,1,0,0,6,Summer,0,0
2026-06-23,SEC-006,20,1,0,0,6,Summer,0,0
2026-06-23,SEC-006,21,1,0,0,6,Summer,0,0
2026-06-23,SEC-006,22,1,0,0,6,Summer,3,3
2026-06-23,SEC-006,23,1,0,0,6,Summer,0,0
2026-06-24,SEC-001,0,2,0,0,6,Summer,2,2
2026-06-24,SEC-001,1,2,0,0,6,Summer,3,3
2026-06-24,SEC-001,2,2,0,0,6,Summer,1,1
2026-06-24,SEC-001,3,2,0,0,6,Summer,1,1
2026-06-24,SEC-001,4,2,0,0,6,Summer,4,4
2026-06-24,SEC-001,5,2,0,0,6,Summer,0,0
2026-06-24,SEC-001,6,2,0,0,6,Summer,0,0
2026-06-24,SEC-001,7,2,0,0,6,Summer,1,1
2026-06-24,SEC-001,8,2,0,0,6,Summer,0,0
2026-06-24,SEC-001,9,2,0,0,6,Summer,1,1
2026-06-24,SEC-001,10,2,0,0,6,Summer,1,1
2026-06-24,SEC-001,11,2,0,0,6,Summer,0,0
2026-06-24,SEC-001,12,2,0,0,6,Summer,0,0
2026-06-24,SEC-001,13,2,0,0,6,Summer,0,0
2026-06-24,SEC-001,14,2,0,0,6,Summer,1,1
2026-06-24,SEC-001,15,2,0,0,6,Summer,0,0
2026-06-24,SEC-001,16,2,0,0,6,Summer,0,0
2026-06-24,SEC-001,17,2,0,0,6,Summer,1,1
2026-06-24,SEC-001,18,2,0,0,6,Summer,0,0
2026-06-24,SEC-001,19,2,0,0,6,Summer,0,0
2026-06-24,SEC-001,20,2,0,0,6,Summer,0,0
2026-06-24,SEC-001,21,2,0,0,6,Summer,0,0
2026-06-24,SEC-001,22,2,0,0,6,Summer,2,2
2026-06-24,SEC-001,23,2,0,0,6,Summer,2,2
2026-06-24,SEC-002,0,2,0,0,6,Summer,1,1
2026-06-24,SEC-002,1,2,0,0,6,Summer,1,1
2026-06-24,SEC-002,2,2,0,0,6,Summer,0,0
2026-06-24,SEC-002,3,2,0,0,6,Summer,1,1
2026-06-24,SEC-002,4,2,0,0,6,Summer,3,3
2026-06-24,SEC-002,5,2,0,0,6,Summer,0,0
2026-06-24,SEC-002,6,2,0,0,6,Summer,0,0
2026-06-24,SEC-002,7,2,0,0,6,Summer,1,1
2026-06-24,SEC-002,8,2,0,0,6,Summer,2,2
2026-06-24,SEC-002,9,2,0,0,6,Summer,0,0
2026-06-24,SEC-002,10,2,0,0,6,Summer,1,1
2026-06-24,SEC-002,11,2,0,0,6,Summer,0,0
2026-06-24,SEC-002,12,2,0,0,6,Summer,0,0
2026-06-24,SEC-002,13,2,0,0,6,Summer,0,0
2026-06-24,SEC-002,14,2,0,0,6,Summer,1,1
2026-06-24,SEC-002,15,2,0,0,6,Summer,1,1
2026-06-24,SEC-002,16,2,0,0,6,Summer,0,0
2026-06-24,SEC-002,17,2,0,0,6,Summer,1,1
2026-06-24,SEC-002,18,2,0,0,6,Summer,0,0
2026-06-24,SEC-002,19,2,0,0,6,Summer,1,1
2026-06-24,SEC-002,20,2,0,0,6,Summer,0,0
2026-06-24,SEC-002,21,2,0,0,6,Summer,1,1
2026-06-24,SEC-002,22,2,0,0,6,Summer,1,1
2026-06-24,SEC-002,23,2,0,0,6,Summer,0,0
2026-06-24,SEC-003,0,2,0,0,6,Summer,6,6
2026-06-24,SEC-003,1,2,0,0,6,Summer,2,2
2026-06-24,SEC-003,2,2,0,0,6,Summer,3,3
2026-06-24,SEC-003,3,2,0,0,6,Summer,2,2
2026-06-24,SEC-003,4,2,0,0,6,Summer,2,2
2026-06-24,SEC-003,5,2,0,0,6,Summer,1,1
2026-06-24,SEC-003,6,2,0,0,6,Summer,0,0
2026-06-24,SEC-003,7,2,0,0,6,Summer,0,0
2026-06-24,SEC-003,8,2,0,0,6,Summer,1,1
2026-06-24,SEC-003,9,2,0,0,6,Summer,2,2
2026-06-24,SEC-003,10,2,0,0,6,Summer,0,0
2026-06-24,SEC-003,11,2,0,0,6,Summer,2,2
2026-06-24,SEC-003,12,2,0,0,6,Summer,0,0
2026-06-24,SEC-003,13,2,0,0,6,Summer,0,0
2026-06-24,SEC-003,14,2,0,0,6,Summer,1,1
2026-06-24,SEC-003,15,2,0,0,6,Summer,0,0
2026-06-24,SEC-003,16,2,0,0,6,Summer,0,0
2026-06-24,SEC-003,17,2,0,0,6,Summer,0,0
2026-06-24,SEC-003,18,2,0,0,6,Summer,1,1
2026-06-24,SEC-003,19,2,0,0,6,Summer,0,0
2026-06-24,SEC-003,20,2,0,0,6,Summer,0,0
2026-06-24,SEC-003,21,2,0,0,6,Summer,1,1
2026-06-24,SEC-003,22,2,0,0,6,Summer,1,1
2026-06-24,SEC-003,23,2,0,0,6,Summer,6,6
2026-06-24,SEC-004,0,2,0,0,6,Summer,2,2
2026-06-24,SEC-004,1,2,0,0,6,Summer,1,1
2026-06-24,SEC-004,2,2,0,0,6,Summer,2,2
2026-06-24,SEC-004,3,2,0,0,6,Summer,2,2
2026-06-24,SEC-004,4,2,0,0,6,Summer,7,7
2026-06-24,SEC-004,5,2,0,0,6,Summer,0,0
2026-06-24,SEC-004,6,2,0,0,6,Summer,2,2
2026-06-24,SEC-004,7,2,0,0,6,Summer,1,1
2026-06-24,SEC-004,8,2,0,0,6,Summer,0,0
2026-06-24,SEC-004,9,2,0,0,6,Summer,0,0
2026-06-24,SEC-004,10,2,0,0,6,Summer,0,0
2026-06-24,SEC-004,11,2,0,0,6,Summer,1,1
2026-06-24,SEC-004,12,2,0,0,6,Summer,0,0
2026-06-24,SEC-004,13,2,0,0,6,Summer,0,0
2026-06-24,SEC-004,14,2,0,0,6,Summer,0,0
2026-06-24,SEC-004,15,2,0,0,6,Summer,1,1
2026-06-24,SEC-004,16,2,0,0,6,Summer,0,0
2026-06-24,SEC-004,17,2,0,0,6,Summer,1,1
2026-06-24,SEC-004,18,2,0,0,6,Summer,0,0
2026-06-24,SEC-004,19,2,0,0,6,Summer,1,1
2026-06-24,SEC-004,20,2,0,0,6,Summer,1,1
2026-06-24,SEC-004,21,2,0,0,6,Summer,0,0
2026-06-24,SEC-004,22,2,0,0,6,Summer,1,1
2026-06-24,SEC-004,23,2,0,0,6,Summer,1,1
2026-06-24,SEC-005,0,2,0,0,6,Summer,4,4
2026-06-24,SEC-005,1,2,0,0,6,Summer,1,1
2026-06-24,SEC-005,2,2,0,0,6,Summer,4,4
2026-06-24,SEC-005,3,2,0,0,6,Summer,2,2
2026-06-24,SEC-005,4,2,0,0,6,Summer,3,3
2026-06-24,SEC-005,5,2,0,0,6,Summer,0,0
2026-06-24,SEC-005,6,2,0,0,6,Summer,1,1
2026-06-24,SEC-005,7,2,0,0,6,Summer,0,0
2026-06-24,SEC-005,8,2,0,0,6,Summer,0,0
2026-06-24,SEC-005,9,2,0,0,6,Summer,0,0
2026-06-24,SEC-005,10,2,0,0,6,Summer,0,0
2026-06-24,SEC-005,11,2,0,0,6,Summer,0,0
2026-06-24,SEC-005,12,2,0,0,6,Summer,1,1
2026-06-24,SEC-005,13,2,0,0,6,Summer,0,0
2026-06-24,SEC-005,14,2,0,0,6,Summer,0,0
2026-06-24,SEC-005,15,2,0,0,6,Summer,0,0
2026-06-24,SEC-005,16,2,0,0,6,Summer,0,0
2026-06-24,SEC-005,17,2,0,0,6,Summer,1,1
2026-06-24,SEC-005,18,2,0,0,6,Summer,0,0
2026-06-24,SEC-005,19,2,0,0,6,Summer,1,1
2026-06-24,SEC-005,20,2,0,0,6,Summer,0,0
2026-06-24,SEC-005,21,2,0,0,6,Summer,1,1
2026-06-24,SEC-005,22,2,0,0,6,Summer,4,4
2026-06-24,SEC-005,23,2,0,0,6,Summer,1,1
2026-06-24,SEC-006,0,2,0,0,6,Summer,1,1
2026-06-24,SEC-006,1,2,0,0,6,Summer,1,1
2026-06-24,SEC-006,2,2,0,0,6,Summer,1,1
2026-06-24,SEC-006,3,2,0,0,6,Summer,0,0
2026-06-24,SEC-006,4,2,0,0,6,Summer,3,3
2026-06-24,SEC-006,5,2,0,0,6,Summer,1,1
2026-06-24,SEC-006,6,2,0,0,6,Summer,0,0
2026-06-24,SEC-006,7,2,0,0,6,Summer,0,0
2026-06-24,SEC-006,8,2,0,0,6,Summer,1,1
2026-06-24,SEC-006,9,2,0,0,6,Summer,1,1
2026-06-24,SEC-006,10,2,0,0,6,Summer,0,0
2026-06-24,SEC-006,11,2,0,0,6,Summer,0,0
2026-06-24,SEC-006,12,2,0,0,6,Summer,0,0
2026-06-24,SEC-006,13,2,0,0,6,Summer,0,0
2026-06-24,SEC-006,14,2,0,0,6,Summer,0,0
2026-06-24,SEC-006,15,2,0,0,6,Summer,1,1
2026-06-24,SEC-006,16,2,0,0,6,Summer,0,0
2026-06-24,SEC-006,17,2,0,0,6,Summer,1,1
2026-06-24,SEC-006,18,2,0,0,6,Summer,1,1
2026-06-24,SEC-006,19,2,0,0,6,Summer,0,0
2026-06-24,SEC-006,20,2,0,0,6,Summer,0,0
2026-06-24,SEC-006,21,2,0,0,6,Summer,0,0
2026-06-24,SEC-006,22,2,0,0,6,Summer,2,2
2026-06-24,SEC-006,23,2,0,0,6,Summer,2,2
2026-06-25,SEC-001,0,3,0,0,6,Summer,0,0
2026-06-25,SEC-001,1,3,0,0,6,Summer,0,0
2026-06-25,SEC-001,2,3,0,0,6,Summer,6,6
2026-06-25,SEC-001,3,3,0,0,6,Summer,2,2
2026-06-25,SEC-001,4,3,0,0,6,Summer,2,2
2026-06-25,SEC-001,5,3,0,0,6,Summer,0,0
2026-06-25,SEC-001,6,3,0,0,6,Summer,0,0
2026-06-25,SEC-001,7,3,0,0,6,Summer,0,0
2026-06-25,SEC-001,8,3,0,0,6,Summer,0,0
2026-06-25,SEC-001,9,3,0,0,6,Summer,1,1
2026-06-25,SEC-001,10,3,0,0,6,Summer,0,0
2026-06-25,SEC-001,11,3,0,0,6,Summer,0,0
2026-06-25,SEC-001,12,3,0,0,6,Summer,0,0
2026-06-25,SEC-001,13,3,0,0,6,Summer,0,0
2026-06-25,SEC-001,14,3,0,0,6,Summer,1,1
2026-06-25,SEC-001,15,3,0,0,6,Summer,1,1
2026-06-25,SEC-001,16,3,0,0,6,Summer,1,1
2026-06-25,SEC-001,17,3,0,0,6,Summer,1,1
2026-06-25,SEC-001,18,3,0,0,6,Summer,1,1
2026-06-25,SEC-001,19,3,0,0,6,Summer,0,0
2026-06-25,SEC-001,20,3,0,0,6,Summer,0,0
2026-06-25,SEC-001,21,3,0,0,6,Summer,0,0
2026-06-25,SEC-001,22,3,0,0,6,Summer,2,2
2026-06-25,SEC-001,23,3,0,0,6,Summer,1,1
2026-06-25,SEC-002,0,3,0,0,6,Summer,2,2
2026-06-25,SEC-002,1,3,0,0,6,Summer,3,3
2026-06-25,SEC-002,2,3,0,0,6,Summer,2,2
2026-06-25,SEC-002,3,3,0,0,6,Summer,1,1
2026-06-25,SEC-002,4,3,0,0,6,Summer,5,5
2026-06-25,SEC-002,5,3,0,0,6,Summer,0,0
2026-06-25,SEC-002,6,3,0,0,6,Summer,0,0
2026-06-25,SEC-002,7,3,0,0,6,Summer,0,0
2026-06-25,SEC-002,8,3,0,0,6,Summer,2,2
2026-06-25,SEC-002,9,3,0,0,6,Summer,0,0
2026-06-25,SEC-002,10,3,0,0,6,Summer,2,2
2026-06-25,SEC-002,11,3,0,0,6,Summer,0,0
2026-06-25,SEC-002,12,3,0,0,6,Summer,0,0
2026-06-25,SEC-002,13,3,0,0,6,Summer,0,0
2026-06-25,SEC-002,14,3,0,0,6,Summer,0,0
2026-06-25,SEC-002,15,3,0,0,6,Summer,0,0
2026-06-25,SEC-002,16,3,0,0,6,Summer,0,0
2026-06-25,SEC-002,17,3,0,0,6,Summer,1,1
2026-06-25,SEC-002,18,3,0,0,6,Summer,2,2
2026-06-25,SEC-002,19,3,0,0,6,Summer,0,0
2026-06-25,SEC-002,20,3,0,0,6,Summer,0,0
2026-06-25,SEC-002,21,3,0,0,6,Summer,0,0
2026-06-25,SEC-002,22,3,0,0,6,Summer,2,2
2026-06-25,SEC-002,23,3,0,0,6,Summer,1,1
2026-06-25,SEC-003,0,3,0,0,6,Summer,3,3
2026-06-25,SEC-003,1,3,0,0,6,Summer,1,1
2026-06-25,SEC-003,2,3,0,0,6,Summer,2,2
2026-06-25,SEC-003,3,3,0,0,6,Summer,2,2
2026-06-25,SEC-003,4,3,0,0,6,Summer,0,0
2026-06-25,SEC-003,5,3,0,0,6,Summer,0,0
2026-06-25,SEC-003,6,3,0,0,6,Summer,0,0
2026-06-25,SEC-003,7,3,0,0,6,Summer,1,1
2026-06-25,SEC-003,8,3,0,0,6,Summer,0,0
2026-06-25,SEC-003,9,3,0,0,6,Summer,1,1
2026-06-25,SEC-003,10,3,0,0,6,Summer,0,0
2026-06-25,SEC-003,11,3,0,0,6,Summer,0,0
2026-06-25,SEC-003,12,3,0,0,6,Summer,0,0
2026-06-25,SEC-003,13,3,0,0,6,Summer,1,1
2026-06-25,SEC-003,14,3,0,0,6,Summer,1,1
2026-06-25,SEC-003,15,3,0,0,6,Summer,0,0
2026-06-25,SEC-003,16,3,0,0,6,Summer,0,0
2026-06-25,SEC-003,17,3,0,0,6,Summer,0,0
2026-06-25,SEC-003,18,3,0,0,6,Summer,0,0
2026-06-25,SEC-003,19,3,0,0,6,Summer,0,0
2026-06-25,SEC-003,20,3,0,0,6,Summer,2,2
2026-06-25,SEC-003,21,3,0,0,6,Summer,1,1
2026-06-25,SEC-003,22,3,0,0,6,Summer,1,1
2026-06-25,SEC-003,23,3,0,0,6,Summer,3,3
2026-06-25,SEC-004,0,3,0,0,6,Summer,4,4
2026-06-25,SEC-004,1,3,0,0,6,Summer,0,0
2026-06-25,SEC-004,2,3,0,0,6,Summer,1,1
2026-06-25,SEC-004,3,3,0,0,6,Summer,2,2
2026-06-25,SEC-004,4,3,0,0,6,Summer,1,1
2026-06-25,SEC-004,5,3,0,0,6,Summer,1,1
2026-06-25,SEC-004,6,3,0,0,6,Summer,0,0
2026-06-25,SEC-004,7,3,0,0,6,Summer,0,0
2026-06-25,SEC-004,8,3,0,0,6,Summer,1,1
2026-06-25,SEC-004,9,3,0,0,6,Summer,0,0
2026-06-25,SEC-004,10,3,0,0,6,Summer,0,0
2026-06-25,SEC-004,11,3,0,0,6,Summer,1,1
2026-06-25,SEC-004,12,3,0,0,6,Summer,1,1
2026-06-25,SEC-004,13,3,0,0,6,Summer,0,0
2026-06-25,SEC-004,14,3,0,0,6,Summer,0,0
2026-06-25,SEC-004,15,3,0,0,6,Summer,1,1
2026-06-25,SEC-004,16,3,0,0,6,Summer,0,0
2026-06-25,SEC-004,17,3,0,0,6,Summer,0,0
2026-06-25,SEC-004,18,3,0,0,6,Summer,1,1
2026-06-25,SEC-004,19,3,0,0,6,Summer,0,0
2026-06-25,SEC-004,20,3,0,0,6,Summer,0,0
2026-06-25,SEC-004,21,3,0,0,6,Summer,0,0
2026-06-25,SEC-004,22,3,0,0,6,Summer,1,1
2026-06-25,SEC-004,23,3,0,0,6,Summer,1,1
2026-06-25,SEC-005,0,3,0,0,6,Summer,2,2
2026-06-25,SEC-005,1,3,0,0,6,Summer,2,2
2026-06-25,SEC-005,2,3,0,0,6,Summer,3,3
2026-06-25,SEC-005,3,3,0,0,6,Summer,1,1
2026-06-25,SEC-005,4,3,0,0,6,Summer,2,2
2026-06-25,SEC-005,5,3,0,0,6,Summer,1,1
2026-06-25,SEC-005,6,3,0,0,6,Summer,1,1
2026-06-25,SEC-005,7,3,0,0,6,Summer,0,0
2026-06-25,SEC-005,8,3,0,0,6,Summer,0,0
2026-06-25,SEC-005,9,3,0,0,6,Summer,0,0
2026-06-25,SEC-005,10,3,0,0,6,Summer,1,1
2026-06-25,SEC-005,11,3,0,0,6,Summer,1,1
2026-06-25,SEC-005,12,3,0,0,6,Summer,0,0
2026-06-25,SEC-005,13,3,0,0,6,Summer,0,0
2026-06-25,SEC-005,14,3,0,0,6,Summer,2,2
2026-06-25,SEC-005,15,3,0,0,6,Summer,0,0
2026-06-25,SEC-005,16,3,0,0,6,Summer,0,0
2026-06-25,SEC-005,17,3,0,0,6,Summer,1,1
2026-06-25,SEC-005,18,3,0,0,6,Summer,1,1
2026-06-25,SEC-005,19,3,0,0,6,Summer,0,0
2026-06-25,SEC-005,20,3,0,0,6,Summer,0,0
2026-06-25,SEC-005,21,3,0,0,6,Summer,0,0
2026-06-25,SEC-005,22,3,0,0,6,Summer,0,0
2026-06-25,SEC-005,23,3,0,0,6,Summer,1,1
2026-06-25,SEC-006,0,3,0,0,6,Summer,2,2
2026-06-25,SEC-006,1,3,0,0,6,Summer,0,0
2026-06-25,SEC-006,2,3,0,0,6,Summer,0,0
2026-06-25,SEC-006,3,3,0,0,6,Summer,1,1
2026-06-25,SEC-006,4,3,0,0,6,Summer,0,0
2026-06-25,SEC-006,5,3,0,0,6,Summer,0,0
2026-06-25,SEC-006,6,3,0,0,6,Summer,0,0
2026-06-25,SEC-006,7,3,0,0,6,Summer,1,1
2026-06-25,SEC-006,8,3,0,0,6,Summer,0,0
2026-06-25,SEC-006,9,3,0,0,6,Summer,0,0
2026-06-25,SEC-006,10,3,0,0,6,Summer,1,1
2026-06-25,SEC-006,11,3,0,0,6,Summer,0,0
2026-06-25,SEC-006,12,3,0,0,6,Summer,0,0
2026-06-25,SEC-006,13,3,0,0,6,Summer,0,0
2026-06-25,SEC-006,14,3,0,0,6,Summer,0,0
2026-06-25,SEC-006,15,3,0,0,6,Summer,1,1
2026-06-25,SEC-006,16,3,0,0,6,Summer,0,0
2026-06-25,SEC-006,17,3,0,0,6,Summer,0,0
2026-06-25,SEC-006,18,3,0,0,6,Summer,0,0
2026-06-25,SEC-006,19,3,0,0,6,Summer,0,0
2026-06-25,SEC-006,20,3,0,0,6,Summer,0,0
2026-06-25,SEC-006,21,3,0,0,6,Summer,1,1
2026-06-25,SEC-006,22,3,0,0,6,Summer,1,1
2026-06-25,SEC-006,23,3,0,0,6,Summer,1,1
2026-06-26,SEC-001,0,4,0,0,6,Summer,2,2
2026-06-26,SEC-001,1,4,0,0,6,Summer,3,3
2026-06-26,SEC-001,2,4,0,0,6,Summer,2,2
2026-06-26,SEC-001,3,4,0,0,6,Summer,1,1
2026-06-26,SEC-001,4,4,0,0,6,Summer,2,2
2026-06-26,SEC-001,5,4,0,0,6,Summer,1,1
2026-06-26,SEC-001,6,4,0,0,6,Summer,1,1
2026-06-26,SEC-001,7,4,0,0,6,Summer,1,1
2026-06-26,SEC-001,8,4,0,0,6,Summer,0,0
2026-06-26,SEC-001,9,4,0,0,6,Summer,0,0
2026-06-26,SEC-001,10,4,0,0,6,Summer,0,0
2026-06-26,SEC-001,11,4,0,0,6,Summer,0,0
2026-06-26,SEC-001,12,4,0,0,6,Summer,0,0
2026-06-26,SEC-001,13,4,0,0,6,Summer,0,0
2026-06-26,SEC-001,14,4,0,0,6,Summer,0,0
2026-06-26,SEC-001,15,4,0,0,6,Summer,2,2
2026-06-26,SEC-001,16,4,0,0,6,Summer,0,0
2026-06-26,SEC-001,17,4,0,0,6,Summer,1,1
2026-06-26,SEC-001,18,4,0,0,6,Summer,0,0
2026-06-26,SEC-001,19,4,0,0,6,Summer,1,1
2026-06-26,SEC-001,20,4,0,0,6,Summer,1,1
2026-06-26,SEC-001,21,4,0,0,6,Summer,0,0
2026-06-26,SEC-001,22,4,0,0,6,Summer,1,1
2026-06-26,SEC-001,23,4,0,0,6,Summer,2,2
2026-06-26,SEC-002,0,4,0,0,6,Summer,3,3
2026-06-26,SEC-002,1,4,0,0,6,Summer,1,1
2026-06-26,SEC-002,2,4,0,0,6,Summer,4,4
2026-06-26,SEC-002,3,4,0,0,6,Summer,1,1
2026-06-26,SEC-002,4,4,0,0,6,Summer,0,0
2026-06-26,SEC-002,5,4,0,0,6,Summer,1,1
2026-06-26,SEC-002,6,4,0,0,6,Summer,0,0
2026-06-26,SEC-002,7,4,0,0,6,Summer,1,1
2026-06-26,SEC-002,8,4,0,0,6,Summer,2,2
2026-06-26,SEC-002,9,4,0,0,6,Summer,1,1
2026-06-26,SEC-002,10,4,0,0,6,Summer,0,0
2026-06-26,SEC-002,11,4,0,0,6,Summer,0,0
2026-06-26,SEC-002,12,4,0,0,6,Summer,0,0
2026-06-26,SEC-002,13,4,0,0,6,Summer,0,0
2026-06-26,SEC-002,14,4,0,0,6,Summer,1,1
2026-06-26,SEC-002,15,4,0,0,6,Summer,1,1
2026-06-26,SEC-002,16,4,0,0,6,Summer,1,1
2026-06-26,SEC-002,17,4,0,0,6,Summer,2,2
2026-06-26,SEC-002,18,4,0,0,6,Summer,0,0
2026-06-26,SEC-002,19,4,0,0,6,Summer,1,1
2026-06-26,SEC-002,20,4,0,0,6,Summer,1,1
2026-06-26,SEC-002,21,4,0,0,6,Summer,0,0
2026-06-26,SEC-002,22,4,0,0,6,Summer,2,2
2026-06-26,SEC-002,23,4,0,0,6,Summer,2,2
2026-06-26,SEC-003,0,4,0,0,6,Summer,0,0
2026-06-26,SEC-003,1,4,0,0,6,Summer,4,4
2026-06-26,SEC-003,2,4,0,0,6,Summer,1,1
2026-06-26,SEC-003,3,4,0,0,6,Summer,4,4
2026-06-26,SEC-003,4,4,0,0,6,Summer,1,1
2026-06-26,SEC-003,5,4,0,0,6,Summer,2,2
2026-06-26,SEC-003,6,4,0,0,6,Summer,0,0
2026-06-26,SEC-003,7,4,0,0,6,Summer,0,0
2026-06-26,SEC-003,8,4,0,0,6,Summer,0,0
2026-06-26,SEC-003,9,4,0,0,6,Summer,1,1
2026-06-26,SEC-003,10,4,0,0,6,Summer,2,2
2026-06-26,SEC-003,11,4,0,0,6,Summer,1,1
2026-06-26,SEC-003,12,4,0,0,6,Summer,0,0
2026-06-26,SEC-003,13,4,0,0,6,Summer,0,0
2026-06-26,SEC-003,14,4,0,0,6,Summer,1,1
2026-06-26,SEC-003,15,4,0,0,6,Summer,1,1
2026-06-26,SEC-003,16,4,0,0,6,Summer,2,2
2026-06-26,SEC-003,17,4,0,0,6,Summer,1,1
2026-06-26,SEC-003,18,4,0,0,6,Summer,0,0
2026-06-26,SEC-003,19,4,0,0,6,Summer,2,2
2026-06-26,SEC-003,20,4,0,0,6,Summer,0,0
2026-06-26,SEC-003,21,4,0,0,6,Summer,1,1
2026-06-26,SEC-003,22,4,0,0,6,Summer,1,1
2026-06-26,SEC-003,23,4,0,0,6,Summer,0,0
2026-06-26,SEC-004,0,4,0,0,6,Summer,1,1
2026-06-26,SEC-004,1,4,0,0,6,Summer,3,3
2026-06-26,SEC-004,2,4,0,0,6,Summer,2,2
2026-06-26,SEC-004,3,4,0,0,6,Summer,3,3
2026-06-26,SEC-004,4,4,0,0,6,Summer,4,4
2026-06-26,SEC-004,5,4,0,0,6,Summer,0,0
2026-06-26,SEC-004,6,4,0,0,6,Summer,0,0
2026-06-26,SEC-004,7,4,0,0,6,Summer,0,0
2026-06-26,SEC-004,8,4,0,0,6,Summer,3,3
2026-06-26,SEC-004,9,4,0,0,6,Summer,0,0
2026-06-26,SEC-004,10,4,0,0,6,Summer,0,0
2026-06-26,SEC-004,11,4,0,0,6,Summer,0,0
2026-06-26,SEC-004,12,4,0,0,6,Summer,0,0
2026-06-26,SEC-004,13,4,0,0,6,Summer,0,0
2026-06-26,SEC-004,14,4,0,0,6,Summer,0,0
2026-06-26,SEC-004,15,4,0,0,6,Summer,1,1
2026-06-26,SEC-004,16,4,0,0,6,Summer,0,0
2026-06-26,SEC-004,17,4,0,0,6,Summer,0,0
2026-06-26,SEC-004,18,4,0,0,6,Summer,2,2
2026-06-26,SEC-004,19,4,0,0,6,Summer,1,1
2026-06-26,SEC-004,20,4,0,0,6,Summer,2,2
2026-06-26,SEC-004,21,4,0,0,6,Summer,0,0
2026-06-26,SEC-004,22,4,0,0,6,Summer,0,0
2026-06-26,SEC-004,23,4,0,0,6,Summer,0,0
2026-06-26,SEC-005,0,4,0,0,6,Summer,1,1
2026-06-26,SEC-005,1,4,0,0,6,Summer,1,1
2026-06-26,SEC-005,2,4,0,0,6,Summer,5,5
2026-06-26,SEC-005,3,4,0,0,6,Summer,3,3
2026-06-26,SEC-005,4,4,0,0,6,Summer,2,2
2026-06-26,SEC-005,5,4,0,0,6,Summer,0,0
2026-06-26,SEC-005,6,4,0,0,6,Summer,0,0
2026-06-26,SEC-005,7,4,0,0,6,Summer,1,1
2026-06-26,SEC-005,8,4,0,0,6,Summer,1,1
2026-06-26,SEC-005,9,4,0,0,6,Summer,0,0
2026-06-26,SEC-005,10,4,0,0,6,Summer,0,0
2026-06-26,SEC-005,11,4,0,0,6,Summer,0,0
2026-06-26,SEC-005,12,4,0,0,6,Summer,0,0
2026-06-26,SEC-005,13,4,0,0,6,Summer,0,0
2026-06-26,SEC-005,14,4,0,0,6,Summer,0,0
2026-06-26,SEC-005,15,4,0,0,6,Summer,1,1
2026-06-26,SEC-005,16,4,0,0,6,Summer,0,0
2026-06-26,SEC-005,17,4,0,0,6,Summer,0,0
2026-06-26,SEC-005,18,4,0,0,6,Summer,0,0
2026-06-26,SEC-005,19,4,0,0,6,Summer,0,0
2026-06-26,SEC-005,20,4,0,0,6,Summer,1,1
2026-06-26,SEC-005,21,4,0,0,6,Summer,1,1
2026-06-26,SEC-005,22,4,0,0,6,Summer,2,2
2026-06-26,SEC-005,23,4,0,0,6,Summer,3,3
2026-06-26,SEC-006,0,4,0,0,6,Summer,0,0
2026-06-26,SEC-006,1,4,0,0,6,Summer,3,3
2026-06-26,SEC-006,2,4,0,0,6,Summer,2,2
2026-06-26,SEC-006,3,4,0,0,6,Summer,1,1
2026-06-26,SEC-006,4,4,0,0,6,Summer,1,1
2026-06-26,SEC-006,5,4,0,0,6,Summer,1,1
2026-06-26,SEC-006,6,4,0,0,6,Summer,1,1
2026-06-26,SEC-006,7,4,0,0,6,Summer,0,0
2026-06-26,SEC-006,8,4,0,0,6,Summer,0,0
2026-06-26,SEC-006,9,4,0,0,6,Summer,0,0
2026-06-26,SEC-006,10,4,0,0,6,Summer,1,1
2026-06-26,SEC-006,11,4,0,0,6,Summer,2,2
2026-06-26,SEC-006,12,4,0,0,6,Summer,0,0
2026-06-26,SEC-006,13,4,0,0,6,Summer,1,1
2026-06-26,SEC-006,14,4,0,0,6,Summer,0,0
2026-06-26,SEC-006,15,4,0,0,6,Summer,0,0
2026-06-26,SEC-006,16,4,0,0,6,Summer,0,0
2026-06-26,SEC-006,17,4,0,0,6,Summer,1,1
2026-06-26,SEC-006,18,4,0,0,6,Summer,0,0
2026-06-26,SEC-006,19,4,0,0,6,Summer,1,1
2026-06-26,SEC-006,20,4,0,0,6,Summer,2,2
2026-06-26,SEC-006,21,4,0,0,6,Summer,0,0
2026-06-26,SEC-006,22,4,0,0,6,Summer,1,1
2026-06-26,SEC-006,23,4,0,0,6,Summer,0,0
2026-06-27,SEC-001,0,5,1,0,6,Summer,5,5
2026-06-27,SEC-001,1,5,1,0,6,Summer,0,0
2026-06-27,SEC-001,2,5,1,0,6,Summer,1,1
2026-06-27,SEC-001,3,5,1,0,6,Summer,2,2
2026-06-27,SEC-001,4,5,1,0,6,Summer,2,2
2026-06-27,SEC-001,5,5,1,0,6,Summer,1,1
2026-06-27,SEC-001,6,5,1,0,6,Summer,0,0
2026-06-27,SEC-001,7,5,1,0,6,Summer,1,1
2026-06-27,SEC-001,8,5,1,0,6,Summer,0,0
2026-06-27,SEC-001,9,5,1,0,6,Summer,0,0
2026-06-27,SEC-001,10,5,1,0,6,Summer,0,0
2026-06-27,SEC-001,11,5,1,0,6,Summer,0,0
2026-06-27,SEC-001,12,5,1,0,6,Summer,2,2
2026-06-27,SEC-001,13,5,1,0,6,Summer,1,1
2026-06-27,SEC-001,14,5,1,0,6,Summer,1,1
2026-06-27,SEC-001,15,5,1,0,6,Summer,0,0
2026-06-27,SEC-001,16,5,1,0,6,Summer,1,1
2026-06-27,SEC-001,17,5,1,0,6,Summer,2,2
2026-06-27,SEC-001,18,5,1,0,6,Summer,0,0
2026-06-27,SEC-001,19,5,1,0,6,Summer,0,0
2026-06-27,SEC-001,20,5,1,0,6,Summer,1,1
2026-06-27,SEC-001,21,5,1,0,6,Summer,0,0
2026-06-27,SEC-001,22,5,1,0,6,Summer,4,4
2026-06-27,SEC-001,23,5,1,0,6,Summer,1,1
2026-06-27,SEC-002,0,5,1,0,6,Summer,2,2
2026-06-27,SEC-002,1,5,1,0,6,Summer,0,0
2026-06-27,SEC-002,2,5,1,0,6,Summer,0,0
2026-06-27,SEC-002,3,5,1,0,6,Summer,2,2
2026-06-27,SEC-002,4,5,1,0,6,Summer,2,2
2026-06-27,SEC-002,5,5,1,0,6,Summer,0,0
2026-06-27,SEC-002,6,5,1,0,6,Summer,0,0
2026-06-27,SEC-002,7,5,1,0,6,Summer,0,0
2026-06-27,SEC-002,8,5,1,0,6,Summer,1,1
2026-06-27,SEC-002,9,5,1,0,6,Summer,0,0
2026-06-27,SEC-002,10,5,1,0,6,Summer,0,0
2026-06-27,SEC-002,11,5,1,0,6,Summer,0,0
2026-06-27,SEC-002,12,5,1,0,6,Summer,1,1
2026-06-27,SEC-002,13,5,1,0,6,Summer,0,0
2026-06-27,SEC-002,14,5,1,0,6,Summer,0,0
2026-06-27,SEC-002,15,5,1,0,6,Summer,0,0
2026-06-27,SEC-002,16,5,1,0,6,Summer,1,1
2026-06-27,SEC-002,17,5,1,0,6,Summer,0,0
2026-06-27,SEC-002,18,5,1,0,6,Summer,0,0
2026-06-27,SEC-002,19,5,1,0,6,Summer,1,1
2026-06-27,SEC-002,20,5,1,0,6,Summer,0,0
2026-06-27,SEC-002,21,5,1,0,6,Summer,0,0
2026-06-27,SEC-002,22,5,1,0,6,Summer,2,2
2026-06-27,SEC-002,23,5,1,0,6,Summer,0,0
2026-06-27,SEC-003,0,5,1,0,6,Summer,1,1
2026-06-27,SEC-003,1,5,1,0,6,Summer,3,3
2026-06-27,SEC-003,2,5,1,0,6,Summer,3,3
2026-06-27,SEC-003,3,5,1,0,6,Summer,2,2
2026-06-27,SEC-003,4,5,1,0,6,Summer,0,0
2026-06-27,SEC-003,5,5,1,0,6,Summer,0,0
2026-06-27,SEC-003,6,5,1,0,6,Summer,1,1
2026-06-27,SEC-003,7,5,1,0,6,Summer,2,2
2026-06-27,SEC-003,8,5,1,0,6,Summer,0,0
2026-06-27,SEC-003,9,5,1,0,6,Summer,0,0
2026-06-27,SEC-003,10,5,1,0,6,Summer,0,0
2026-06-27,SEC-003,11,5,1,0,6,Summer,1,1
2026-06-27,SEC-003,12,5,1,0,6,Summer,2,2
2026-06-27,SEC-003,13,5,1,0,6,Summer,0,0
2026-06-27,SEC-003,14,5,1,0,6,Summer,1,1
2026-06-27,SEC-003,15,5,1,0,6,Summer,1,1
2026-06-27,SEC-003,16,5,1,0,6,Summer,0,0
2026-06-27,SEC-003,17,5,1,0,6,Summer,0,0
2026-06-27,SEC-003,18,5,1,0,6,Summer,0,0
2026-06-27,SEC-003,19,5,1,0,6,Summer,0,0
2026-06-27,SEC-003,20,5,1,0,6,Summer,0,0
2026-06-27,SEC-003,21,5,1,0,6,Summer,0,0
2026-06-27,SEC-003,22,5,1,0,6,Summer,2,2
2026-06-27,SEC-003,23,5,1,0,6,Summer,2,2
2026-06-27,SEC-004,0,5,1,0,6,Summer,3,3
2026-06-27,SEC-004,1,5,1,0,6,Summer,2,2
2026-06-27,SEC-004,2,5,1,0,6,Summer,1,1
2026-06-27,SEC-004,3,5,1,0,6,Summer,1,1
2026-06-27,SEC-004,4,5,1,0,6,Summer,1,1
2026-06-27,SEC-004,5,5,1,0,6,Summer,0,0
2026-06-27,SEC-004,6,5,1,0,6,Summer,0,0
2026-06-27,SEC-004,7,5,1,0,6,Summer,0,0
2026-06-27,SEC-004,8,5,1,0,6,Summer,0,0
2026-06-27,SEC-004,9,5,1,0,6,Summer,1,1
2026-06-27,SEC-004,10,5,1,0,6,Summer,0,0
2026-06-27,SEC-004,11,5,1,0,6,Summer,0,0
2026-06-27,SEC-004,12,5,1,0,6,Summer,0,0
2026-06-27,SEC-004,13,5,1,0,6,Summer,1,1
2026-06-27,SEC-004,14,5,1,0,6,Summer,1,1
2026-06-27,SEC-004,15,5,1,0,6,Summer,2,2
2026-06-27,SEC-004,16,5,1,0,6,Summer,0,0
2026-06-27,SEC-004,17,5,1,0,6,Summer,0,0
2026-06-27,SEC-004,18,5,1,0,6,Summer,0,0
2026-06-27,SEC-004,19,5,1,0,6,Summer,0,0
2026-06-27,SEC-004,20,5,1,0,6,Summer,0,0
2026-06-27,SEC-004,21,5,1,0,6,Summer,2,2
2026-06-27,SEC-004,22,5,1,0,6,Summer,2,2
2026-06-27,SEC-004,23,5,1,0,6,Summer,3,3
2026-06-27,SEC-005,0,5,1,0,6,Summer,2,2
2026-06-27,SEC-005,1,5,1,0,6,Summer,0,0
2026-06-27,SEC-005,2,5,1,0,6,Summer,2,2
2026-06-27,SEC-005,3,5,1,0,6,Summer,1,1
2026-06-27,SEC-005,4,5,1,0,6,Summer,2,2
2026-06-27,SEC-005,5,5,1,0,6,Summer,0,0
2026-06-27,SEC-005,6,5,1,0,6,Summer,1,1
2026-06-27,SEC-005,7,5,1,0,6,Summer,2,2
2026-06-27,SEC-005,8,5,1,0,6,Summer,0,0
2026-06-27,SEC-005,9,5,1,0,6,Summer,1,1
2026-06-27,SEC-005,10,5,1,0,6,Summer,0,0
2026-06-27,SEC-005,11,5,1,0,6,Summer,1,1
2026-06-27,SEC-005,12,5,1,0,6,Summer,1,1
2026-06-27,SEC-005,13,5,1,0,6,Summer,0,0
2026-06-27,SEC-005,14,5,1,0,6,Summer,0,0
2026-06-27,SEC-005,15,5,1,0,6,Summer,1,1
2026-06-27,SEC-005,16,5,1,0,6,Summer,0,0
2026-06-27,SEC-005,17,5,1,0,6,Summer,1,1
2026-06-27,SEC-005,18,5,1,0,6,Summer,4,4
2026-06-27,SEC-005,19,5,1,0,6,Summer,0,0
2026-06-27,SEC-005,20,5,1,0,6,Summer,1,1
2026-06-27,SEC-005,21,5,1,0,6,Summer,0,0
2026-06-27,SEC-005,22,5,1,0,6,Summer,3,3
2026-06-27,SEC-005,23,5,1,0,6,Summer,1,1
2026-06-27,SEC-006,0,5,1,0,6,Summer,3,3
2026-06-27,SEC-006,1,5,1,0,6,Summer,4,4
2026-06-27,SEC-006,2,5,1,0,6,Summer,2,2
2026-06-27,SEC-006,3,5,1,0,6,Summer,1,1
2026-06-27,SEC-006,4,5,1,0,6,Summer,1,1
2026-06-27,SEC-006,5,5,1,0,6,Summer,1,1
2026-06-27,SEC-006,6,5,1,0,6,Summer,0,0
2026-06-27,SEC-006,7,5,1,0,6,Summer,0,0
2026-06-27,SEC-006,8,5,1,0,6,Summer,0,0
2026-06-27,SEC-006,9,5,1,0,6,Summer,1,1
2026-06-27,SEC-006,10,5,1,0,6,Summer,0,0
2026-06-27,SEC-006,11,5,1,0,6,Summer,1,1
2026-06-27,SEC-006,12,5,1,0,6,Summer,0,0
2026-06-27,SEC-006,13,5,1,0,6,Summer,1,1
2026-06-27,SEC-006,14,5,1,0,6,Summer,0,0
2026-06-27,SEC-006,15,5,1,0,6,Summer,1,1
2026-06-27,SEC-006,16,5,1,0,6,Summer,0,0
2026-06-27,SEC-006,17,5,1,0,6,Summer,0,0
2026-06-27,SEC-006,18,5,1,0,6,Summer,0,0
2026-06-27,SEC-006,19,5,1,0,6,Summer,0,0
2026-06-27,SEC-006,20,5,1,0,6,Summer,0,0
2026-06-27,SEC-006,21,5,1,0,6,Summer,1,1
2026-06-27,SEC-006,22,5,1,0,6,Summer,3,3
2026-06-27,SEC-006,23,5,1,0,6,Summer,4,4
2026-06-28,SEC-001,0,6,1,0,6,Summer,2,2
2026-06-28,SEC-001,1,6,1,0,6,Summer,3,3
2026-06-28,SEC-001,2,6,1,0,6,Summer,4,4
2026-06-28,SEC-001,3,6,1,0,6,Summer,1,1
2026-06-28,SEC-001,4,6,1,0,6,Summer,3,3
2026-06-28,SEC-001,5,6,1,0,6,Summer,0,0
2026-06-28,SEC-001,6,6,1,0,6,Summer,1,1
2026-06-28,SEC-001,7,6,1,0,6,Summer,1,1
2026-06-28,SEC-001,8,6,1,0,6,Summer,1,1
2026-06-28,SEC-001,9,6,1,0,6,Summer,0,0
2026-06-28,SEC-001,10,6,1,0,6,Summer,0,0
2026-06-28,SEC-001,11,6,1,0,6,Summer,0,0
2026-06-28,SEC-001,12,6,1,0,6,Summer,1,1
2026-06-28,SEC-001,13,6,1,0,6,Summer,0,0
2026-06-28,SEC-001,14,6,1,0,6,Summer,0,0
2026-06-28,SEC-001,15,6,1,0,6,Summer,0,0
2026-06-28,SEC-001,16,6,1,0,6,Summer,2,2
2026-06-28,SEC-001,17,6,1,0,6,Summer,1,1
2026-06-28,SEC-001,18,6,1,0,6,Summer,1,1
2026-06-28,SEC-001,19,6,1,0,6,Summer,1,1
2026-06-28,SEC-001,20,6,1,0,6,Summer,1,1
2026-06-28,SEC-001,21,6,1,0,6,Summer,0,0
2026-06-28,SEC-001,22,6,1,0,6,Summer,1,1
2026-06-28,SEC-001,23,6,1,0,6,Summer,3,3
2026-06-28,SEC-002,0,6,1,0,6,Summer,0,0
2026-06-28,SEC-002,1,6,1,0,6,Summer,4,4
2026-06-28,SEC-002,2,6,1,0,6,Summer,3,3
2026-06-28,SEC-002,3,6,1,0,6,Summer,0,0
2026-06-28,SEC-002,4,6,1,0,6,Summer,1,1
2026-06-28,SEC-002,5,6,1,0,6,Summer,0,0
2026-06-28,SEC-002,6,6,1,0,6,Summer,0,0
2026-06-28,SEC-002,7,6,1,0,6,Summer,0,0
2026-06-28,SEC-002,8,6,1,0,6,Summer,0,0
2026-06-28,SEC-002,9,6,1,0,6,Summer,1,1
2026-06-28,SEC-002,10,6,1,0,6,Summer,1,1
2026-06-28,SEC-002,11,6,1,0,6,Summer,0,0
2026-06-28,SEC-002,12,6,1,0,6,Summer,0,0
2026-06-28,SEC-002,13,6,1,0,6,Summer,0,0
2026-06-28,SEC-002,14,6,1,0,6,Summer,0,0
2026-06-28,SEC-002,15,6,1,0,6,Summer,0,0
2026-06-28,SEC-002,16,6,1,0,6,Summer,1,1
2026-06-28,SEC-002,17,6,1,0,6,Summer,1,1
2026-06-28,SEC-002,18,6,1,0,6,Summer,0,0
2026-06-28,SEC-002,19,6,1,0,6,Summer,2,2
2026-06-28,SEC-002,20,6,1,0,6,Summer,0,0
2026-06-28,SEC-002,21,6,1,0,6,Summer,0,0
2026-06-28,SEC-002,22,6,1,0,6,Summer,1,1
2026-06-28,SEC-002,23,6,1,0,6,Summer,0,0
2026-06-28,SEC-003,0,6,1,0,6,Summer,1,1
2026-06-28,SEC-003,1,6,1,0,6,Summer,2,2
2026-06-28,SEC-003,2,6,1,0,6,Summer,4,4
2026-06-28,SEC-003,3,6,1,0,6,Summer,3,3
2026-06-28,SEC-003,4,6,1,0,6,Summer,1,1
2026-06-28,SEC-003,5,6,1,0,6,Summer,0,0
2026-06-28,SEC-003,6,6,1,0,6,Summer,0,0
2026-06-28,SEC-003,7,6,1,0,6,Summer,0,0
2026-06-28,SEC-003,8,6,1,0,6,Summer,0,0
2026-06-28,SEC-003,9,6,1,0,6,Summer,1,1
2026-06-28,SEC-003,10,6,1,0,6,Summer,0,0
2026-06-28,SEC-003,11,6,1,0,6,Summer,0,0
2026-06-28,SEC-003,12,6,1,0,6,Summer,1,1
2026-06-28,SEC-003,13,6,1,0,6,Summer,0,0
2026-06-28,SEC-003,14,6,1,0,6,Summer,0,0
2026-06-28,SEC-003,15,6,1,0,6,Summer,1,1
2026-06-28,SEC-003,16,6,1,0,6,Summer,0,0
2026-06-28,SEC-003,17,6,1,0,6,Summer,0,0
2026-06-28,SEC-003,18,6,1,0,6,Summer,0,0
2026-06-28,SEC-003,19,6,1,0,6,Summer,0,0
2026-06-28,SEC-003,20,6,1,0,6,Summer,0,0
2026-06-28,SEC-003,21,6,1,0,6,Summer,0,0
2026-06-28,SEC-003,22,6,1,0,6,Summer,0,0
2026-06-28,SEC-003,23,6,1,0,6,Summer,4,4
2026-06-28,SEC-004,0,6,1,0,6,Summer,3,3
2026-06-28,SEC-004,1,6,1,0,6,Summer,5,5
2026-06-28,SEC-004,2,6,1,0,6,Summer,3,3
2026-06-28,SEC-004,3,6,1,0,6,Summer,3,3
2026-06-28,SEC-004,4,6,1,0,6,Summer,1,1
2026-06-28,SEC-004,5,6,1,0,6,Summer,0,0
2026-06-28,SEC-004,6,6,1,0,6,Summer,1,1
2026-06-28,SEC-004,7,6,1,0,6,Summer,1,1
2026-06-28,SEC-004,8,6,1,0,6,Summer,0,0
2026-06-28,SEC-004,9,6,1,0,6,Summer,1,1
2026-06-28,SEC-004,10,6,1,0,6,Summer,0,0
2026-06-28,SEC-004,11,6,1,0,6,Summer,0,0
2026-06-28,SEC-004,12,6,1,0,6,Summer,0,0
2026-06-28,SEC-004,13,6,1,0,6,Summer,0,0
2026-06-28,SEC-004,14,6,1,0,6,Summer,0,0
2026-06-28,SEC-004,15,6,1,0,6,Summer,0,0
2026-06-28,SEC-004,16,6,1,0,6,Summer,0,0
2026-06-28,SEC-004,17,6,1,0,6,Summer,0,0
2026-06-28,SEC-004,18,6,1,0,6,Summer,1,1
2026-06-28,SEC-004,19,6,1,0,6,Summer,1,1
2026-06-28,SEC-004,20,6,1,0,6,Summer,1,1
2026-06-28,SEC-004,21,6,1,0,6,Summer,0,0
2026-06-28,SEC-004,22,6,1,0,6,Summer,1,1
2026-06-28,SEC-004,23,6,1,0,6,Summer,0,0
2026-06-28,SEC-005,0,6,1,0,6,Summer,2,2
2026-06-28,SEC-005,1,6,1,0,6,Summer,0,0
2026-06-28,SEC-005,2,6,1,0,6,Summer,1,1
2026-06-28,SEC-005,3,6,1,0,6,Summer,1,1
2026-06-28,SEC-005,4,6,1,0,6,Summer,3,3
2026-06-28,SEC-005,5,6,1,0,6,Summer,0,0
2026-06-28,SEC-005,6,6,1,0,6,Summer,0,0
2026-06-28,SEC-005,7,6,1,0,6,Summer,0,0
2026-06-28,SEC-005,8,6,1,0,6,Summer,1,1
2026-06-28,SEC-005,9,6,1,0,6,Summer,0,0
2026-06-28,SEC-005,10,6,1,0,6,Summer,0,0
2026-06-28,SEC-005,11,6,1,0,6,Summer,0,0
2026-06-28,SEC-005,12,6,1,0,6,Summer,0,0
2026-06-28,SEC-005,13,6,1,0,6,Summer,1,1
2026-06-28,SEC-005,14,6,1,0,6,Summer,0,0
2026-06-28,SEC-005,15,6,1,0,6,Summer,1,1
2026-06-28,SEC-005,16,6,1,0,6,Summer,1,1
2026-06-28,SEC-005,17,6,1,0,6,Summer,0,0
2026-06-28,SEC-005,18,6,1,0,6,Summer,1,1
2026-06-28,SEC-005,19,6,1,0,6,Summer,1,1
2026-06-28,SEC-005,20,6,1,0,6,Summer,1,1
2026-06-28,SEC-005,21,6,1,0,6,Summer,2,2
2026-06-28,SEC-005,22,6,1,0,6,Summer,1,1
2026-06-28,SEC-005,23,6,1,0,6,Summer,2,2
2026-06-28,SEC-006,0,6,1,0,6,Summer,2,2
2026-06-28,SEC-006,1,6,1,0,6,Summer,2,2
2026-06-28,SEC-006,2,6,1,0,6,Summer,2,2
2026-06-28,SEC-006,3,6,1,0,6,Summer,1,1
2026-06-28,SEC-006,4,6,1,0,6,Summer,2,2
2026-06-28,SEC-006,5,6,1,0,6,Summer,0,0
2026-06-28,SEC-006,6,6,1,0,6,Summer,1,1
2026-06-28,SEC-006,7,6,1,0,6,Summer,0,0
2026-06-28,SEC-006,8,6,1,0,6,Summer,0,0
2026-06-28,SEC-006,9,6,1,0,6,Summer,0,0
2026-06-28,SEC-006,10,6,1,0,6,Summer,0,0
2026-06-28,SEC-006,11,6,1,0,6,Summer,0,0
2026-06-28,SEC-006,12,6,1,0,6,Summer,1,1
2026-06-28,SEC-006,13,6,1,0,6,Summer,0,0
2026-06-28,SEC-006,14,6,1,0,6,Summer,1,1
2026-06-28,SEC-006,15,6,1,0,6,Summer,0,0
2026-06-28,SEC-006,16,6,1,0,6,Summer,0,0
2026-06-28,SEC-006,17,6,1,0,6,Summer,0,0
2026-06-28,SEC-006,18,6,1,0,6,Summer,1,1
2026-06-28,SEC-006,19,6,1,0,6,Summer,0,0
2026-06-28,SEC-006,20,6,1,0,6,Summer,0,0
2026-06-28,SEC-006,21,6,1,0,6,Summer,0,0
2026-06-28,SEC-006,22,6,1,0,6,Summer,1,1
2026-06-28,SEC-006,23,6,1,0,6,Summer,1,1
2026-06-29,SEC-001,0,0,0,0,6,Summer,0,0
2026-06-29,SEC-001,1,0,0,0,6,Summer,7,7
2026-06-29,SEC-001,2,0,0,0,6,Summer,0,0
2026-06-29,SEC-001,3,0,0,0,6,Summer,0,0
2026-06-29,SEC-001,4,0,0,0,6,Summer,4,4
2026-06-29,SEC-001,5,0,0,0,6,Summer,1,1
2026-06-29,SEC-001,6,0,0,0,6,Summer,0,0
2026-06-29,SEC-001,7,0,0,0,6,Summer,1,1
2026-06-29,SEC-001,8,0,0,0,6,Summer,1,1
2026-06-29,SEC-001,9,0,0,0,6,Summer,0,0
2026-06-29,SEC-001,10,0,0,0,6,Summer,0,0
2026-06-29,SEC-001,11,0,0,0,6,Summer,1,1
2026-06-29,SEC-001,12,0,0,0,6,Summer,1,1
2026-06-29,SEC-001,13,0,0,0,6,Summer,0,0
2026-06-29,SEC-001,14,0,0,0,6,Summer,0,0
2026-06-29,SEC-001,15,0,0,0,6,Summer,0,0
2026-06-29,SEC-001,16,0,0,0,6,Summer,0,0
2026-06-29,SEC-001,17,0,0,0,6,Summer,0,0
2026-06-29,SEC-001,18,0,0,0,6,Summer,1,1
2026-06-29,SEC-001,19,0,0,0,6,Summer,0,0
2026-06-29,SEC-001,20,0,0,0,6,Summer,0,0
2026-06-29,SEC-001,21,0,0,0,6,Summer,0,0
2026-06-29,SEC-001,22,0,0,0,6,Summer,1,1
2026-06-29,SEC-001,23,0,0,0,6,Summer,1,1
2026-06-29,SEC-002,0,0,0,0,6,Summer,3,3
2026-06-29,SEC-002,1,0,0,0,6,Summer,2,2
2026-06-29,SEC-002,2,0,0,0,6,Summer,1,1
2026-06-29,SEC-002,3,0,0,0,6,Summer,0,0
2026-06-29,SEC-002,4,0,0,0,6,Summer,4,4
2026-06-29,SEC-002,5,0,0,0,6,Summer,0,0
2026-06-29,SEC-002,6,0,0,0,6,Summer,0,0
2026-06-29,SEC-002,7,0,0,0,6,Summer,0,0
2026-06-29,SEC-002,8,0,0,0,6,Summer,0,0
2026-06-29,SEC-002,9,0,0,0,6,Summer,0,0
2026-06-29,SEC-002,10,0,0,0,6,Summer,0,0
2026-06-29,SEC-002,11,0,0,0,6,Summer,0,0
2026-06-29,SEC-002,12,0,0,0,6,Summer,0,0
2026-06-29,SEC-002,13,0,0,0,6,Summer,1,1
2026-06-29,SEC-002,14,0,0,0,6,Summer,0,0
2026-06-29,SEC-002,15,0,0,0,6,Summer,0,0
2026-06-29,SEC-002,16,0,0,0,6,Summer,0,0
2026-06-29,SEC-002,17,0,0,0,6,Summer,0,0
2026-06-29,SEC-002,18,0,0,0,6,Summer,0,0
2026-06-29,SEC-002,19,0,0,0,6,Summer,0,0
2026-06-29,SEC-002,20,0,0,0,6,Summer,0,0
2026-06-29,SEC-002,21,0,0,0,6,Summer,1,1
2026-06-29,SEC-002,22,0,0,0,6,Summer,2,2
2026-06-29,SEC-002,23,0,0,0,6,Summer,0,0
2026-06-29,SEC-003,0,0,0,0,6,Summer,2,2
2026-06-29,SEC-003,1,0,0,0,6,Summer,1,1
2026-06-29,SEC-003,2,0,0,0,6,Summer,2,2
2026-06-29,SEC-003,3,0,0,0,6,Summer,3,3
2026-06-29,SEC-003,4,0,0,0,6,Summer,5,5
2026-06-29,SEC-003,5,0,0,0,6,Summer,1,1
2026-06-29,SEC-003,6,0,0,0,6,Summer,0,0
2026-06-29,SEC-003,7,0,0,0,6,Summer,0,0
2026-06-29,SEC-003,8,0,0,0,6,Summer,1,1
2026-06-29,SEC-003,9,0,0,0,6,Summer,1,1
2026-06-29,SEC-003,10,0,0,0,6,Summer,2,2
2026-06-29,SEC-003,11,0,0,0,6,Summer,0,0
2026-06-29,SEC-003,12,0,0,0,6,Summer,1,1
2026-06-29,SEC-003,13,0,0,0,6,Summer,0,0
2026-06-29,SEC-003,14,0,0,0,6,Summer,1,1
2026-06-29,SEC-003,15,0,0,0,6,Summer,0,0
2026-06-29,SEC-003,16,0,0,0,6,Summer,1,1
2026-06-29,SEC-003,17,0,0,0,6,Summer,1,1
2026-06-29,SEC-003,18,0,0,0,6,Summer,0,0
2026-06-29,SEC-003,19,0,0,0,6,Summer,1,1
2026-06-29,SEC-003,20,0,0,0,6,Summer,0,0
2026-06-29,SEC-003,21,0,0,0,6,Summer,1,1
2026-06-29,SEC-003,22,0,0,0,6,Summer,0,0
2026-06-29,SEC-003,23,0,0,0,6,Summer,3,3
2026-06-29,SEC-004,0,0,0,0,6,Summer,0,0
2026-06-29,SEC-004,1,0,0,0,6,Summer,1,1
2026-06-29,SEC-004,2,0,0,0,6,Summer,2,2
2026-06-29,SEC-004,3,0,0,0,6,Summer,3,3
2026-06-29,SEC-004,4,0,0,0,6,Summer,2,2
2026-06-29,SEC-004,5,0,0,0,6,Summer,0,0
2026-06-29,SEC-004,6,0,0,0,6,Summer,0,0
2026-06-29,SEC-004,7,0,0,0,6,Summer,1,1
2026-06-29,SEC-004,8,0,0,0,6,Summer,1,1
2026-06-29,SEC-004,9,0,0,0,6,Summer,0,0
2026-06-29,SEC-004,10,0,0,0,6,Summer,1,1
2026-06-29,SEC-004,11,0,0,0,6,Summer,0,0
2026-06-29,SEC-004,12,0,0,0,6,Summer,0,0
2026-06-29,SEC-004,13,0,0,0,6,Summer,0,0
2026-06-29,SEC-004,14,0,0,0,6,Summer,0,0
2026-06-29,SEC-004,15,0,0,0,6,Summer,0,0
2026-06-29,SEC-004,16,0,0,0,6,Summer,0,0
2026-06-29,SEC-004,17,0,0,0,6,Summer,1,1
2026-06-29,SEC-004,18,0,0,0,6,Summer,0,0
2026-06-29,SEC-004,19,0,0,0,6,Summer,1,1
2026-06-29,SEC-004,20,0,0,0,6,Summer,0,0
2026-06-29,SEC-004,21,0,0,0,6,Summer,0,0
2026-06-29,SEC-004,22,0,0,0,6,Summer,4,4
2026-06-29,SEC-004,23,0,0,0,6,Summer,2,2
2026-06-29,SEC-005,0,0,0,0,6,Summer,2,2
2026-06-29,SEC-005,1,0,0,0,6,Summer,3,3
2026-06-29,SEC-005,2,0,0,0,6,Summer,1,1
2026-06-29,SEC-005,3,0,0,0,6,Summer,0,0
2026-06-29,SEC-005,4,0,0,0,6,Summer,4,4
2026-06-29,SEC-005,5,0,0,0,6,Summer,4,4
2026-06-29,SEC-005,6,0,0,0,6,Summer,0,0
2026-06-29,SEC-005,7,0,0,0,6,Summer,0,0
2026-06-29,SEC-005,8,0,0,0,6,Summer,2,2
2026-06-29,SEC-005,9,0,0,0,6,Summer,0,0
2026-06-29,SEC-005,10,0,0,0,6,Summer,1,1
2026-06-29,SEC-005,11,0,0,0,6,Summer,1,1
2026-06-29,SEC-005,12,0,0,0,6,Summer,0,0
2026-06-29,SEC-005,13,0,0,0,6,Summer,0,0
2026-06-29,SEC-005,14,0,0,0,6,Summer,0,0
2026-06-29,SEC-005,15,0,0,0,6,Summer,0,0
2026-06-29,SEC-005,16,0,0,0,6,Summer,0,0
2026-06-29,SEC-005,17,0,0,0,6,Summer,0,0
2026-06-29,SEC-005,18,0,0,0,6,Summer,0,0
2026-06-29,SEC-005,19,0,0,0,6,Summer,0,0
2026-06-29,SEC-005,20,0,0,0,6,Summer,0,0
2026-06-29,SEC-005,21,0,0,0,6,Summer,0,0
2026-06-29,SEC-005,22,0,0,0,6,Summer,2,2
2026-06-29,SEC-005,23,0,0,0,6,Summer,1,1
2026-06-29,SEC-006,0,0,0,0,6,Summer,1,1
2026-06-29,SEC-006,1,0,0,0,6,Summer,0,0
2026-06-29,SEC-006,2,0,0,0,6,Summer,1,1
2026-06-29,SEC-006,3,0,0,0,6,Summer,2,2
2026-06-29,SEC-006,4,0,0,0,6,Summer,2,2
2026-06-29,SEC-006,5,0,0,0,6,Summer,0,0
2026-06-29,SEC-006,6,0,0,0,6,Summer,0,0
2026-06-29,SEC-006,7,0,0,0,6,Summer,0,0
2026-06-29,SEC-006,8,0,0,0,6,Summer,0,0
2026-06-29,SEC-006,9,0,0,0,6,Summer,0,0
2026-06-29,SEC-006,10,0,0,0,6,Summer,1,1
2026-06-29,SEC-006,11,0,0,0,6,Summer,0,0
2026-06-29,SEC-006,12,0,0,0,6,Summer,0,0
2026-06-29,SEC-006,13,0,0,0,6,Summer,1,1
2026-06-29,SEC-006,14,0,0,0,6,Summer,0,0
2026-06-29,SEC-006,15,0,0,0,6,Summer,0,0
2026-06-29,SEC-006,16,0,0,0,6,Summer,0,0
2026-06-29,SEC-006,17,0,0,0,6,Summer,0,0
2026-06-29,SEC-006,18,0,0,0,6,Summer,2,2
2026-06-29,SEC-006,19,0,0,0,6,Summer,3,3
2026-06-29,SEC-006,20,0,0,0,6,Summer,0,0
2026-06-29,SEC-006,21,0,0,0,6,Summer,0,0
2026-06-29,SEC-006,22,0,0,0,6,Summer,2,2
2026-06-29,SEC-006,23,0,0,0,6,Summer,2,2
2026-06-30,SEC-001,0,1,0,0,6,Summer,0,0
2026-06-30,SEC-001,1,1,0,0,6,Summer,2,2
2026-06-30,SEC-001,2,1,0,0,6,Summer,1,1
2026-06-30,SEC-001,3,1,0,0,6,Summer,2,2
2026-06-30,SEC-001,4,1,0,0,6,Summer,2,2
2026-06-30,SEC-001,5,1,0,0,6,Summer,1,1
2026-06-30,SEC-001,6,1,0,0,6,Summer,1,1
2026-06-30,SEC-001,7,1,0,0,6,Summer,0,0
2026-06-30,SEC-001,8,1,0,0,6,Summer,1,1
2026-06-30,SEC-001,9,1,0,0,6,Summer,0,0
2026-06-30,SEC-001,10,1,0,0,6,Summer,0,0
2026-06-30,SEC-001,11,1,0,0,6,Summer,0,0
2026-06-30,SEC-001,12,1,0,0,6,Summer,0,0
2026-06-30,SEC-001,13,1,0,0,6,Summer,0,0
2026-06-30,SEC-001,14,1,0,0,6,Summer,0,0
2026-06-30,SEC-001,15,1,0,0,6,Summer,2,2
2026-06-30,SEC-001,16,1,0,0,6,Summer,0,0
2026-06-30,SEC-001,17,1,0,0,6,Summer,0,0
2026-06-30,SEC-001,18,1,0,0,6,Summer,0,0
2026-06-30,SEC-001,19,1,0,0,6,Summer,0,0
2026-06-30,SEC-001,20,1,0,0,6,Summer,1,1
2026-06-30,SEC-001,21,1,0,0,6,Summer,0,0
2026-06-30,SEC-001,22,1,0,0,6,Summer,3,3
2026-06-30,SEC-001,23,1,0,0,6,Summer,1,1
2026-06-30,SEC-002,0,1,0,0,6,Summer,1,1
2026-06-30,SEC-002,1,1,0,0,6,Summer,2,2
2026-06-30,SEC-002,2,1,0,0,6,Summer,1,1
2026-06-30,SEC-002,3,1,0,0,6,Summer,3,3
2026-06-30,SEC-002,4,1,0,0,6,Summer,0,0
2026-06-30,SEC-002,5,1,0,0,6,Summer,0,0
2026-06-30,SEC-002,6,1,0,0,6,Summer,1,1
2026-06-30,SEC-002,7,1,0,0,6,Summer,1,1
2026-06-30,SEC-002,8,1,0,0,6,Summer,0,0
2026-06-30,SEC-002,9,1,0,0,6,Summer,0,0
2026-06-30,SEC-002,10,1,0,0,6,Summer,0,0
2026-06-30,SEC-002,11,1,0,0,6,Summer,0,0
2026-06-30,SEC-002,12,1,0,0,6,Summer,1,1
2026-06-30,SEC-002,13,1,0,0,6,Summer,0,0
2026-06-30,SEC-002,14,1,0,0,6,Summer,0,0
2026-06-30,SEC-002,15,1,0,0,6,Summer,1,1
2026-06-30,SEC-002,16,1,0,0,6,Summer,1,1
2026-06-30,SEC-002,17,1,0,0,6,Summer,1,1
2026-06-30,SEC-002,18,1,0,0,6,Summer,0,0
2026-06-30,SEC-002,19,1,0,0,6,Summer,1,1
2026-06-30,SEC-002,20,1,0,0,6,Summer,0,0
2026-06-30,SEC-002,21,1,0,0,6,Summer,1,1
2026-06-30,SEC-002,22,1,0,0,6,Summer,1,1
2026-06-30,SEC-002,23,1,0,0,6,Summer,2,2
2026-06-30,SEC-003,0,1,0,0,6,Summer,1,1
2026-06-30,SEC-003,1,1,0,0,6,Summer,2,2
2026-06-30,SEC-003,2,1,0,0,6,Summer,0,0
2026-06-30,SEC-003,3,1,0,0,6,Summer,4,4
2026-06-30,SEC-003,4,1,0,0,6,Summer,3,3
2026-06-30,SEC-003,5,1,0,0,6,Summer,0,0
2026-06-30,SEC-003,6,1,0,0,6,Summer,0,0
2026-06-30,SEC-003,7,1,0,0,6,Summer,0,0
2026-06-30,SEC-003,8,1,0,0,6,Summer,0,0
2026-06-30,SEC-003,9,1,0,0,6,Summer,0,0
2026-06-30,SEC-003,10,1,0,0,6,Summer,0,0
2026-06-30,SEC-003,11,1,0,0,6,Summer,0,0
2026-06-30,SEC-003,12,1,0,0,6,Summer,2,2
2026-06-30,SEC-003,13,1,0,0,6,Summer,0,0
2026-06-30,SEC-003,14,1,0,0,6,Summer,1,1
2026-06-30,SEC-003,15,1,0,0,6,Summer,0,0
2026-06-30,SEC-003,16,1,0,0,6,Summer,1,1
2026-06-30,SEC-003,17,1,0,0,6,Summer,0,0
2026-06-30,SEC-003,18,1,0,0,6,Summer,1,1
2026-06-30,SEC-003,19,1,0,0,6,Summer,0,0
2026-06-30,SEC-003,20,1,0,0,6,Summer,1,1
2026-06-30,SEC-003,21,1,0,0,6,Summer,1,1
2026-06-30,SEC-003,22,1,0,0,6,Summer,0,0
2026-06-30,SEC-003,23,1,0,0,6,Summer,0,0
2026-06-30,SEC-004,0,1,0,0,6,Summer,1,1
2026-06-30,SEC-004,1,1,0,0,6,Summer,4,4
2026-06-30,SEC-004,2,1,0,0,6,Summer,1,1
2026-06-30,SEC-004,3,1,0,0,6,Summer,1,1
2026-06-30,SEC-004,4,1,0,0,6,Summer,2,2
2026-06-30,SEC-004,5,1,0,0,6,Summer,0,0
2026-06-30,SEC-004,6,1,0,0,6,Summer,1,1
2026-06-30,SEC-004,7,1,0,0,6,Summer,1,1
2026-06-30,SEC-004,8,1,0,0,6,Summer,0,0
2026-06-30,SEC-004,9,1,0,0,6,Summer,0,0
2026-06-30,SEC-004,10,1,0,0,6,Summer,0,0
2026-06-30,SEC-004,11,1,0,0,6,Summer,0,0
2026-06-30,SEC-004,12,1,0,0,6,Summer,0,0
2026-06-30,SEC-004,13,1,0,0,6,Summer,0,0
2026-06-30,SEC-004,14,1,0,0,6,Summer,1,1
2026-06-30,SEC-004,15,1,0,0,6,Summer,0,0
2026-06-30,SEC-004,16,1,0,0,6,Summer,1,1
2026-06-30,SEC-004,17,1,0,0,6,Summer,1,1
2026-06-30,SEC-004,18,1,0,0,6,Summer,1,1
2026-06-30,SEC-004,19,1,0,0,6,Summer,1,1
2026-06-30,SEC-004,20,1,0,0,6,Summer,2,2
2026-06-30,SEC-004,21,1,0,0,6,Summer,1,1
2026-06-30,SEC-004,22,1,0,0,6,Summer,1,1
2026-06-30,SEC-004,23,1,0,0,6,Summer,2,2
2026-06-30,SEC-005,0,1,0,0,6,Summer,0,0
2026-06-30,SEC-005,1,1,0,0,6,Summer,3,3
2026-06-30,SEC-005,2,1,0,0,6,Summer,2,2
2026-06-30,SEC-005,3,1,0,0,6,Summer,4,4
2026-06-30,SEC-005,4,1,0,0,6,Summer,2,2
2026-06-30,SEC-005,5,1,0,0,6,Summer,1,1
2026-06-30,SEC-005,6,1,0,0,6,Summer,0,0
2026-06-30,SEC-005,7,1,0,0,6,Summer,0,0
2026-06-30,SEC-005,8,1,0,0,6,Summer,0,0
2026-06-30,SEC-005,9,1,0,0,6,Summer,1,1
2026-06-30,SEC-005,10,1,0,0,6,Summer,0,0
2026-06-30,SEC-005,11,1,0,0,6,Summer,0,0
2026-06-30,SEC-005,12,1,0,0,6,Summer,1,1
2026-06-30,SEC-005,13,1,0,0,6,Summer,0,0
2026-06-30,SEC-005,14,1,0,0,6,Summer,0,0
2026-06-30,SEC-005,15,1,0,0,6,Summer,1,1
2026-06-30,SEC-005,16,1,0,0,6,Summer,0,0
2026-06-30,SEC-005,17,1,0,0,6,Summer,1,1
2026-06-30,SEC-005,18,1,0,0,6,Summer,1,1
2026-06-30,SEC-005,19,1,0,0,6,Summer,1,1
2026-06-30,SEC-005,20,1,0,0,6,Summer,0,0
2026-06-30,SEC-005,21,1,0,0,6,Summer,0,0
2026-06-30,SEC-005,22,1,0,0,6,Summer,2,2
2026-06-30,SEC-005,23,1,0,0,6,Summer,2,2
2026-06-30,SEC-006,0,1,0,0,6,Summer,1,1
2026-06-30,SEC-006,1,1,0,0,6,Summer,2,2
2026-06-30,SEC-006,2,1,0,0,6,Summer,1,1
2026-06-30,SEC-006,3,1,0,0,6,Summer,1,1
2026-06-30,SEC-006,4,1,0,0,6,Summer,0,0
2026-06-30,SEC-006,5,1,0,0,6,Summer,0,0
2026-06-30,SEC-006,6,1,0,0,6,Summer,1,1
2026-06-30,SEC-006,7,1,0,0,6,Summer,0,0
2026-06-30,SEC-006,8,1,0,0,6,Summer,1,1
2026-06-30,SEC-006,9,1,0,0,6,Summer,0,0
2026-06-30,SEC-006,10,1,0,0,6,Summer,0,0
2026-06-30,SEC-006,11,1,0,0,6,Summer,0,0
2026-06-30,SEC-006,12,1,0,0,6,Summer,0,0
2026-06-30,SEC-006,13,1,0,0,6,Summer,2,2
2026-06-30,SEC-006,14,1,0,0,6,Summer,0,0
2026-06-30,SEC-006,15,1,0,0,6,Summer,0,0
2026-06-30,SEC-006,16,1,0,0,6,Summer,0,0
2026-06-30,SEC-006,17,1,0,0,6,Summer,0,0
2026-06-30,SEC-006,18,1,0,0,6,Summer,0,0
2026-06-30,SEC-006,19,1,0,0,6,Summer,0,0
2026-06-30,SEC-006,20,1,0,0,6,Summer,0,0
2026-06-30,SEC-006,21,1,0,0,6,Summer,0,0
2026-06-30,SEC-006,22,1,0,0,6,Summer,1,1
2026-06-30,SEC-006,23,1,0,0,6,Summer,1,1
2026-07-01,SEC-001,0,2,0,0,7,Monsoon,5,5
2026-07-01,SEC-001,1,2,0,0,7,Monsoon,1,1
2026-07-01,SEC-001,2,2,0,0,7,Monsoon,1,1
2026-07-01,SEC-001,3,2,0,0,7,Monsoon,1,1
2026-07-01,SEC-001,4,2,0,0,7,Monsoon,1,1
2026-07-01,SEC-001,5,2,0,0,7,Monsoon,0,0
2026-07-01,SEC-001,6,2,0,0,7,Monsoon,0,0
2026-07-01,SEC-001,7,2,0,0,7,Monsoon,1,1
2026-07-01,SEC-001,8,2,0,0,7,Monsoon,0,0
2026-07-01,SEC-001,9,2,0,0,7,Monsoon,0,0
2026-07-01,SEC-001,10,2,0,0,7,Monsoon,0,0
2026-07-01,SEC-001,11,2,0,0,7,Monsoon,0,0
2026-07-01,SEC-001,12,2,0,0,7,Monsoon,0,0
2026-07-01,SEC-001,13,2,0,0,7,Monsoon,1,1
2026-07-01,SEC-001,14,2,0,0,7,Monsoon,1,1
2026-07-01,SEC-001,15,2,0,0,7,Monsoon,0,0
2026-07-01,SEC-001,16,2,0,0,7,Monsoon,0,0
2026-07-01,SEC-001,17,2,0,0,7,Monsoon,0,0
2026-07-01,SEC-001,18,2,0,0,7,Monsoon,1,1
2026-07-01,SEC-001,19,2,0,0,7,Monsoon,0,0
2026-07-01,SEC-001,20,2,0,0,7,Monsoon,0,0
2026-07-01,SEC-001,21,2,0,0,7,Monsoon,1,1
2026-07-01,SEC-001,22,2,0,0,7,Monsoon,4,4
2026-07-01,SEC-001,23,2,0,0,7,Monsoon,3,3
2026-07-01,SEC-002,0,2,0,0,7,Monsoon,2,2
2026-07-01,SEC-002,1,2,0,0,7,Monsoon,3,3
2026-07-01,SEC-002,2,2,0,0,7,Monsoon,1,1
2026-07-01,SEC-002,3,2,0,0,7,Monsoon,1,1
2026-07-01,SEC-002,4,2,0,0,7,Monsoon,3,3
2026-07-01,SEC-002,5,2,0,0,7,Monsoon,0,0
2026-07-01,SEC-002,6,2,0,0,7,Monsoon,0,0
2026-07-01,SEC-002,7,2,0,0,7,Monsoon,0,0
2026-07-01,SEC-002,8,2,0,0,7,Monsoon,1,1
2026-07-01,SEC-002,9,2,0,0,7,Monsoon,1,1
2026-07-01,SEC-002,10,2,0,0,7,Monsoon,0,0
2026-07-01,SEC-002,11,2,0,0,7,Monsoon,0,0
2026-07-01,SEC-002,12,2,0,0,7,Monsoon,0,0
2026-07-01,SEC-002,13,2,0,0,7,Monsoon,0,0
2026-07-01,SEC-002,14,2,0,0,7,Monsoon,0,0
2026-07-01,SEC-002,15,2,0,0,7,Monsoon,0,0
2026-07-01,SEC-002,16,2,0,0,7,Monsoon,0,0
2026-07-01,SEC-002,17,2,0,0,7,Monsoon,0,0
2026-07-01,SEC-002,18,2,0,0,7,Monsoon,0,0
2026-07-01,SEC-002,19,2,0,0,7,Monsoon,0,0
2026-07-01,SEC-002,20,2,0,0,7,Monsoon,1,1
2026-07-01,SEC-002,21,2,0,0,7,Monsoon,1,1
2026-07-01,SEC-002,22,2,0,0,7,Monsoon,2,2
2026-07-01,SEC-002,23,2,0,0,7,Monsoon,2,2
2026-07-01,SEC-003,0,2,0,0,7,Monsoon,3,3
2026-07-01,SEC-003,1,2,0,0,7,Monsoon,1,1
2026-07-01,SEC-003,2,2,0,0,7,Monsoon,2,2
2026-07-01,SEC-003,3,2,0,0,7,Monsoon,0,0
2026-07-01,SEC-003,4,2,0,0,7,Monsoon,0,0
2026-07-01,SEC-003,5,2,0,0,7,Monsoon,1,1
2026-07-01,SEC-003,6,2,0,0,7,Monsoon,0,0
2026-07-01,SEC-003,7,2,0,0,7,Monsoon,1,1
2026-07-01,SEC-003,8,2,0,0,7,Monsoon,1,1
2026-07-01,SEC-003,9,2,0,0,7,Monsoon,0,0
2026-07-01,SEC-003,10,2,0,0,7,Monsoon,0,0
2026-07-01,SEC-003,11,2,0,0,7,Monsoon,0,0
2026-07-01,SEC-003,12,2,0,0,7,Monsoon,1,1
2026-07-01,SEC-003,13,2,0,0,7,Monsoon,1,1
2026-07-01,SEC-003,14,2,0,0,7,Monsoon,1,1
2026-07-01,SEC-003,15,2,0,0,7,Monsoon,0,0
2026-07-01,SEC-003,16,2,0,0,7,Monsoon,0,0
2026-07-01,SEC-003,17,2,0,0,7,Monsoon,0,0
2026-07-01,SEC-003,18,2,0,0,7,Monsoon,2,2
2026-07-01,SEC-003,19,2,0,0,7,Monsoon,0,0
2026-07-01,SEC-003,20,2,0,0,7,Monsoon,1,1
2026-07-01,SEC-003,21,2,0,0,7,Monsoon,0,0
2026-07-01,SEC-003,22,2,0,0,7,Monsoon,1,1
2026-07-01,SEC-003,23,2,0,0,7,Monsoon,0,0
2026-07-01,SEC-004,0,2,0,0,7,Monsoon,0,0
2026-07-01,SEC-004,1,2,0,0,7,Monsoon,2,2
2026-07-01,SEC-004,2,2,0,0,7,Monsoon,0,0
2026-07-01,SEC-004,3,2,0,0,7,Monsoon,1,1
2026-07-01,SEC-004,4,2,0,0,7,Monsoon,4,4
2026-07-01,SEC-004,5,2,0,0,7,Monsoon,0,0
2026-07-01,SEC-004,6,2,0,0,7,Monsoon,0,0
2026-07-01,SEC-004,7,2,0,0,7,Monsoon,1,1
2026-07-01,SEC-004,8,2,0,0,7,Monsoon,0,0
2026-07-01,SEC-004,9,2,0,0,7,Monsoon,0,0
2026-07-01,SEC-004,10,2,0,0,7,Monsoon,0,0
2026-07-01,SEC-004,11,2,0,0,7,Monsoon,0,0
2026-07-01,SEC-004,12,2,0,0,7,Monsoon,0,0
2026-07-01,SEC-004,13,2,0,0,7,Monsoon,0,0
2026-07-01,SEC-004,14,2,0,0,7,Monsoon,0,0
2026-07-01,SEC-004,15,2,0,0,7,Monsoon,1,1
2026-07-01,SEC-004,16,2,0,0,7,Monsoon,0,0
2026-07-01,SEC-004,17,2,0,0,7,Monsoon,0,0
2026-07-01,SEC-004,18,2,0,0,7,Monsoon,1,1
2026-07-01,SEC-004,19,2,0,0,7,Monsoon,0,0
2026-07-01,SEC-004,20,2,0,0,7,Monsoon,2,2
2026-07-01,SEC-004,21,2,0,0,7,Monsoon,0,0
2026-07-01,SEC-004,22,2,0,0,7,Monsoon,3,3
2026-07-01,SEC-004,23,2,0,0,7,Monsoon,0,0
2026-07-01,SEC-005,0,2,0,0,7,Monsoon,1,1
2026-07-01,SEC-005,1,2,0,0,7,Monsoon,0,0
2026-07-01,SEC-005,2,2,0,0,7,Monsoon,2,2
2026-07-01,SEC-005,3,2,0,0,7,Monsoon,1,1
2026-07-01,SEC-005,4,2,0,0,7,Monsoon,6,6
2026-07-01,SEC-005,5,2,0,0,7,Monsoon,0,0
2026-07-01,SEC-005,6,2,0,0,7,Monsoon,2,2
2026-07-01,SEC-005,7,2,0,0,7,Monsoon,0,0
2026-07-01,SEC-005,8,2,0,0,7,Monsoon,0,0
2026-07-01,SEC-005,9,2,0,0,7,Monsoon,0,0
2026-07-01,SEC-005,10,2,0,0,7,Monsoon,0,0
2026-07-01,SEC-005,11,2,0,0,7,Monsoon,0,0
2026-07-01,SEC-005,12,2,0,0,7,Monsoon,1,1
2026-07-01,SEC-005,13,2,0,0,7,Monsoon,0,0
2026-07-01,SEC-005,14,2,0,0,7,Monsoon,0,0
2026-07-01,SEC-005,15,2,0,0,7,Monsoon,0,0
2026-07-01,SEC-005,16,2,0,0,7,Monsoon,1,1
2026-07-01,SEC-005,17,2,0,0,7,Monsoon,1,1
2026-07-01,SEC-005,18,2,0,0,7,Monsoon,0,0
2026-07-01,SEC-005,19,2,0,0,7,Monsoon,0,0
2026-07-01,SEC-005,20,2,0,0,7,Monsoon,0,0
2026-07-01,SEC-005,21,2,0,0,7,Monsoon,2,2
2026-07-01,SEC-005,22,2,0,0,7,Monsoon,4,4
2026-07-01,SEC-005,23,2,0,0,7,Monsoon,1,1
2026-07-01,SEC-006,0,2,0,0,7,Monsoon,0,0
2026-07-01,SEC-006,1,2,0,0,7,Monsoon,0,0
2026-07-01,SEC-006,2,2,0,0,7,Monsoon,3,3
2026-07-01,SEC-006,3,2,0,0,7,Monsoon,3,3
2026-07-01,SEC-006,4,2,0,0,7,Monsoon,2,2
2026-07-01,SEC-006,5,2,0,0,7,Monsoon,0,0
2026-07-01,SEC-006,6,2,0,0,7,Monsoon,0,0
2026-07-01,SEC-006,7,2,0,0,7,Monsoon,1,1
2026-07-01,SEC-006,8,2,0,0,7,Monsoon,0,0
2026-07-01,SEC-006,9,2,0,0,7,Monsoon,2,2
2026-07-01,SEC-006,10,2,0,0,7,Monsoon,0,0
2026-07-01,SEC-006,11,2,0,0,7,Monsoon,0,0
2026-07-01,SEC-006,12,2,0,0,7,Monsoon,0,0
2026-07-01,SEC-006,13,2,0,0,7,Monsoon,1,1
2026-07-01,SEC-006,14,2,0,0,7,Monsoon,0,0
2026-07-01,SEC-006,15,2,0,0,7,Monsoon,1,1
2026-07-01,SEC-006,16,2,0,0,7,Monsoon,1,1
2026-07-01,SEC-006,17,2,0,0,7,Monsoon,0,0
2026-07-01,SEC-006,18,2,0,0,7,Monsoon,0,0
2026-07-01,SEC-006,19,2,0,0,7,Monsoon,0,0
2026-07-01,SEC-006,20,2,0,0,7,Monsoon,1,1
2026-07-01,SEC-006,21,2,0,0,7,Monsoon,2,2
2026-07-01,SEC-006,22,2,0,0,7,Monsoon,1,1
2026-07-01,SEC-006,23,2,0,0,7,Monsoon,2,2
2026-07-02,SEC-001,0,3,0,0,7,Monsoon,1,1
2026-07-02,SEC-001,1,3,0,0,7,Monsoon,7,7
2026-07-02,SEC-001,2,3,0,0,7,Monsoon,2,2
2026-07-02,SEC-001,3,3,0,0,7,Monsoon,5,5
2026-07-02,SEC-001,4,3,0,0,7,Monsoon,1,1
2026-07-02,SEC-001,5,3,0,0,7,Monsoon,0,0
2026-07-02,SEC-001,6,3,0,0,7,Monsoon,0,0
2026-07-02,SEC-001,7,3,0,0,7,Monsoon,0,0
2026-07-02,SEC-001,8,3,0,0,7,Monsoon,1,1
2026-07-02,SEC-001,9,3,0,0,7,Monsoon,1,1
2026-07-02,SEC-001,10,3,0,0,7,Monsoon,1,1
2026-07-02,SEC-001,11,3,0,0,7,Monsoon,0,0
2026-07-02,SEC-001,12,3,0,0,7,Monsoon,0,0
2026-07-02,SEC-001,13,3,0,0,7,Monsoon,1,1
2026-07-02,SEC-001,14,3,0,0,7,Monsoon,1,1
2026-07-02,SEC-001,15,3,0,0,7,Monsoon,0,0
2026-07-02,SEC-001,16,3,0,0,7,Monsoon,0,0
2026-07-02,SEC-001,17,3,0,0,7,Monsoon,0,0
2026-07-02,SEC-001,18,3,0,0,7,Monsoon,1,1
2026-07-02,SEC-001,19,3,0,0,7,Monsoon,1,1
2026-07-02,SEC-001,20,3,0,0,7,Monsoon,0,0
2026-07-02,SEC-001,21,3,0,0,7,Monsoon,1,1
2026-07-02,SEC-001,22,3,0,0,7,Monsoon,1,1
2026-07-02,SEC-001,23,3,0,0,7,Monsoon,1,1
2026-07-02,SEC-002,0,3,0,0,7,Monsoon,5,5
2026-07-02,SEC-002,1,3,0,0,7,Monsoon,1,1
2026-07-02,SEC-002,2,3,0,0,7,Monsoon,1,1
2026-07-02,SEC-002,3,3,0,0,7,Monsoon,0,0
2026-07-02,SEC-002,4,3,0,0,7,Monsoon,1,1
2026-07-02,SEC-002,5,3,0,0,7,Monsoon,0,0
2026-07-02,SEC-002,6,3,0,0,7,Monsoon,0,0
2026-07-02,SEC-002,7,3,0,0,7,Monsoon,1,1
2026-07-02,SEC-002,8,3,0,0,7,Monsoon,0,0
2026-07-02,SEC-002,9,3,0,0,7,Monsoon,0,0
2026-07-02,SEC-002,10,3,0,0,7,Monsoon,0,0
2026-07-02,SEC-002,11,3,0,0,7,Monsoon,0,0
2026-07-02,SEC-002,12,3,0,0,7,Monsoon,2,2
2026-07-02,SEC-002,13,3,0,0,7,Monsoon,0,0
2026-07-02,SEC-002,14,3,0,0,7,Monsoon,0,0
2026-07-02,SEC-002,15,3,0,0,7,Monsoon,0,0
2026-07-02,SEC-002,16,3,0,0,7,Monsoon,1,1
2026-07-02,SEC-002,17,3,0,0,7,Monsoon,1,1
2026-07-02,SEC-002,18,3,0,0,7,Monsoon,0,0
2026-07-02,SEC-002,19,3,0,0,7,Monsoon,2,2
2026-07-02,SEC-002,20,3,0,0,7,Monsoon,0,0
2026-07-02,SEC-002,21,3,0,0,7,Monsoon,0,0
2026-07-02,SEC-002,22,3,0,0,7,Monsoon,2,2
2026-07-02,SEC-002,23,3,0,0,7,Monsoon,3,3
2026-07-02,SEC-003,0,3,0,0,7,Monsoon,1,1
2026-07-02,SEC-003,1,3,0,0,7,Monsoon,2,2
2026-07-02,SEC-003,2,3,0,0,7,Monsoon,2,2
2026-07-02,SEC-003,3,3,0,0,7,Monsoon,1,1
2026-07-02,SEC-003,4,3,0,0,7,Monsoon,0,0
2026-07-02,SEC-003,5,3,0,0,7,Monsoon,0,0
2026-07-02,SEC-003,6,3,0,0,7,Monsoon,1,1
2026-07-02,SEC-003,7,3,0,0,7,Monsoon,0,0
2026-07-02,SEC-003,8,3,0,0,7,Monsoon,0,0
2026-07-02,SEC-003,9,3,0,0,7,Monsoon,0,0
2026-07-02,SEC-003,10,3,0,0,7,Monsoon,1,1
2026-07-02,SEC-003,11,3,0,0,7,Monsoon,0,0
2026-07-02,SEC-003,12,3,0,0,7,Monsoon,0,0
2026-07-02,SEC-003,13,3,0,0,7,Monsoon,1,1
2026-07-02,SEC-003,14,3,0,0,7,Monsoon,1,1
2026-07-02,SEC-003,15,3,0,0,7,Monsoon,1,1
2026-07-02,SEC-003,16,3,0,0,7,Monsoon,1,1
2026-07-02,SEC-003,17,3,0,0,7,Monsoon,2,2
2026-07-02,SEC-003,18,3,0,0,7,Monsoon,1,1
2026-07-02,SEC-003,19,3,0,0,7,Monsoon,0,0
2026-07-02,SEC-003,20,3,0,0,7,Monsoon,0,0
2026-07-02,SEC-003,21,3,0,0,7,Monsoon,0,0
2026-07-02,SEC-003,22,3,0,0,7,Monsoon,4,4
2026-07-02,SEC-003,23,3,0,0,7,Monsoon,3,3
2026-07-02,SEC-004,0,3,0,0,7,Monsoon,1,1
2026-07-02,SEC-004,1,3,0,0,7,Monsoon,1,1
2026-07-02,SEC-004,2,3,0,0,7,Monsoon,2,2
2026-07-02,SEC-004,3,3,0,0,7,Monsoon,4,4
2026-07-02,SEC-004,4,3,0,0,7,Monsoon,2,2
2026-07-02,SEC-004,5,3,0,0,7,Monsoon,0,0
2026-07-02,SEC-004,6,3,0,0,7,Monsoon,0,0
2026-07-02,SEC-004,7,3,0,0,7,Monsoon,1,1
2026-07-02,SEC-004,8,3,0,0,7,Monsoon,0,0
2026-07-02,SEC-004,9,3,0,0,7,Monsoon,0,0
2026-07-02,SEC-004,10,3,0,0,7,Monsoon,0,0
2026-07-02,SEC-004,11,3,0,0,7,Monsoon,0,0
2026-07-02,SEC-004,12,3,0,0,7,Monsoon,1,1
2026-07-02,SEC-004,13,3,0,0,7,Monsoon,1,1
2026-07-02,SEC-004,14,3,0,0,7,Monsoon,0,0
2026-07-02,SEC-004,15,3,0,0,7,Monsoon,1,1
2026-07-02,SEC-004,16,3,0,0,7,Monsoon,0,0
2026-07-02,SEC-004,17,3,0,0,7,Monsoon,0,0
2026-07-02,SEC-004,18,3,0,0,7,Monsoon,0,0
2026-07-02,SEC-004,19,3,0,0,7,Monsoon,0,0
2026-07-02,SEC-004,20,3,0,0,7,Monsoon,0,0
2026-07-02,SEC-004,21,3,0,0,7,Monsoon,0,0
2026-07-02,SEC-004,22,3,0,0,7,Monsoon,2,2
2026-07-02,SEC-004,23,3,0,0,7,Monsoon,1,1
2026-07-02,SEC-005,0,3,0,0,7,Monsoon,5,5
2026-07-02,SEC-005,1,3,0,0,7,Monsoon,0,0
2026-07-02,SEC-005,2,3,0,0,7,Monsoon,1,1
2026-07-02,SEC-005,3,3,0,0,7,Monsoon,3,3
2026-07-02,SEC-005,4,3,0,0,7,Monsoon,0,0
2026-07-02,SEC-005,5,3,0,0,7,Monsoon,1,1
2026-07-02,SEC-005,6,3,0,0,7,Monsoon,0,0
2026-07-02,SEC-005,7,3,0,0,7,Monsoon,2,2
2026-07-02,SEC-005,8,3,0,0,7,Monsoon,0,0
2026-07-02,SEC-005,9,3,0,0,7,Monsoon,1,1
2026-07-02,SEC-005,10,3,0,0,7,Monsoon,2,2
2026-07-02,SEC-005,11,3,0,0,7,Monsoon,0,0
2026-07-02,SEC-005,12,3,0,0,7,Monsoon,0,0
2026-07-02,SEC-005,13,3,0,0,7,Monsoon,1,1
2026-07-02,SEC-005,14,3,0,0,7,Monsoon,0,0
2026-07-02,SEC-005,15,3,0,0,7,Monsoon,0,0
2026-07-02,SEC-005,16,3,0,0,7,Monsoon,0,0
2026-07-02,SEC-005,17,3,0,0,7,Monsoon,0,0
2026-07-02,SEC-005,18,3,0,0,7,Monsoon,0,0
2026-07-02,SEC-005,19,3,0,0,7,Monsoon,0,0
2026-07-02,SEC-005,20,3,0,0,7,Monsoon,1,1
2026-07-02,SEC-005,21,3,0,0,7,Monsoon,1,1
2026-07-02,SEC-005,22,3,0,0,7,Monsoon,1,1
2026-07-02,SEC-005,23,3,0,0,7,Monsoon,3,3
2026-07-02,SEC-006,0,3,0,0,7,Monsoon,2,2
2026-07-02,SEC-006,1,3,0,0,7,Monsoon,3,3
2026-07-02,SEC-006,2,3,0,0,7,Monsoon,1,1
2026-07-02,SEC-006,3,3,0,0,7,Monsoon,1,1
2026-07-02,SEC-006,4,3,0,0,7,Monsoon,0,0
2026-07-02,SEC-006,5,3,0,0,7,Monsoon,0,0
2026-07-02,SEC-006,6,3,0,0,7,Monsoon,0,0
2026-07-02,SEC-006,7,3,0,0,7,Monsoon,0,0
2026-07-02,SEC-006,8,3,0,0,7,Monsoon,0,0
2026-07-02,SEC-006,9,3,0,0,7,Monsoon,1,1
2026-07-02,SEC-006,10,3,0,0,7,Monsoon,0,0
2026-07-02,SEC-006,11,3,0,0,7,Monsoon,0,0
2026-07-02,SEC-006,12,3,0,0,7,Monsoon,0,0
2026-07-02,SEC-006,13,3,0,0,7,Monsoon,1,1
2026-07-02,SEC-006,14,3,0,0,7,Monsoon,0,0
2026-07-02,SEC-006,15,3,0,0,7,Monsoon,0,0
2026-07-02,SEC-006,16,3,0,0,7,Monsoon,1,1
2026-07-02,SEC-006,17,3,0,0,7,Monsoon,0,0
2026-07-02,SEC-006,18,3,0,0,7,Monsoon,0,0
2026-07-02,SEC-006,19,3,0,0,7,Monsoon,1,1
2026-07-02,SEC-006,20,3,0,0,7,Monsoon,0,0
2026-07-02,SEC-006,21,3,0,0,7,Monsoon,0,0
2026-07-02,SEC-006,22,3,0,0,7,Monsoon,2,2
2026-07-02,SEC-006,23,3,0,0,7,Monsoon,3,3
2026-07-03,SEC-001,0,4,0,0,7,Monsoon,0,0
2026-07-03,SEC-001,1,4,0,0,7,Monsoon,2,2
2026-07-03,SEC-001,2,4,0,0,7,Monsoon,1,1
2026-07-03,SEC-001,3,4,0,0,7,Monsoon,2,2
2026-07-03,SEC-001,4,4,0,0,7,Monsoon,6,6
2026-07-03,SEC-001,5,4,0,0,7,Monsoon,0,0
2026-07-03,SEC-001,6,4,0,0,7,Monsoon,0,0
2026-07-03,SEC-001,7,4,0,0,7,Monsoon,0,0
2026-07-03,SEC-001,8,4,0,0,7,Monsoon,2,2
2026-07-03,SEC-001,9,4,0,0,7,Monsoon,1,1
2026-07-03,SEC-001,10,4,0,0,7,Monsoon,2,2
2026-07-03,SEC-001,11,4,0,0,7,Monsoon,0,0
2026-07-03,SEC-001,12,4,0,0,7,Monsoon,3,3
2026-07-03,SEC-001,13,4,0,0,7,Monsoon,1,1
2026-07-03,SEC-001,14,4,0,0,7,Monsoon,0,0
2026-07-03,SEC-001,15,4,0,0,7,Monsoon,0,0
2026-07-03,SEC-001,16,4,0,0,7,Monsoon,0,0
2026-07-03,SEC-001,17,4,0,0,7,Monsoon,0,0
2026-07-03,SEC-001,18,4,0,0,7,Monsoon,0,0
2026-07-03,SEC-001,19,4,0,0,7,Monsoon,1,1
2026-07-03,SEC-001,20,4,0,0,7,Monsoon,1,1
2026-07-03,SEC-001,21,4,0,0,7,Monsoon,1,1
2026-07-03,SEC-001,22,4,0,0,7,Monsoon,4,4
2026-07-03,SEC-001,23,4,0,0,7,Monsoon,0,0
2026-07-03,SEC-002,0,4,0,0,7,Monsoon,2,2
2026-07-03,SEC-002,1,4,0,0,7,Monsoon,0,0
2026-07-03,SEC-002,2,4,0,0,7,Monsoon,0,0
2026-07-03,SEC-002,3,4,0,0,7,Monsoon,2,2
2026-07-03,SEC-002,4,4,0,0,7,Monsoon,3,3
2026-07-03,SEC-002,5,4,0,0,7,Monsoon,1,1
2026-07-03,SEC-002,6,4,0,0,7,Monsoon,2,2
2026-07-03,SEC-002,7,4,0,0,7,Monsoon,0,0
2026-07-03,SEC-002,8,4,0,0,7,Monsoon,1,1
2026-07-03,SEC-002,9,4,0,0,7,Monsoon,0,0
2026-07-03,SEC-002,10,4,0,0,7,Monsoon,1,1
2026-07-03,SEC-002,11,4,0,0,7,Monsoon,1,1
2026-07-03,SEC-002,12,4,0,0,7,Monsoon,0,0
2026-07-03,SEC-002,13,4,0,0,7,Monsoon,1,1
2026-07-03,SEC-002,14,4,0,0,7,Monsoon,0,0
2026-07-03,SEC-002,15,4,0,0,7,Monsoon,0,0
2026-07-03,SEC-002,16,4,0,0,7,Monsoon,0,0
2026-07-03,SEC-002,17,4,0,0,7,Monsoon,0,0
2026-07-03,SEC-002,18,4,0,0,7,Monsoon,1,1
2026-07-03,SEC-002,19,4,0,0,7,Monsoon,0,0
2026-07-03,SEC-002,20,4,0,0,7,Monsoon,0,0
2026-07-03,SEC-002,21,4,0,0,7,Monsoon,0,0
2026-07-03,SEC-002,22,4,0,0,7,Monsoon,2,2
2026-07-03,SEC-002,23,4,0,0,7,Monsoon,3,3
2026-07-03,SEC-003,0,4,0,0,7,Monsoon,0,0
2026-07-03,SEC-003,1,4,0,0,7,Monsoon,0,0
2026-07-03,SEC-003,2,4,0,0,7,Monsoon,1,1
2026-07-03,SEC-003,3,4,0,0,7,Monsoon,0,0
2026-07-03,SEC-003,4,4,0,0,7,Monsoon,2,2
2026-07-03,SEC-003,5,4,0,0,7,Monsoon,0,0
2026-07-03,SEC-003,6,4,0,0,7,Monsoon,0,0
2026-07-03,SEC-003,7,4,0,0,7,Monsoon,1,1
2026-07-03,SEC-003,8,4,0,0,7,Monsoon,0,0
2026-07-03,SEC-003,9,4,0,0,7,Monsoon,0,0
2026-07-03,SEC-003,10,4,0,0,7,Monsoon,0,0
2026-07-03,SEC-003,11,4,0,0,7,Monsoon,0,0
2026-07-03,SEC-003,12,4,0,0,7,Monsoon,1,1
2026-07-03,SEC-003,13,4,0,0,7,Monsoon,0,0
2026-07-03,SEC-003,14,4,0,0,7,Monsoon,0,0
2026-07-03,SEC-003,15,4,0,0,7,Monsoon,0,0
2026-07-03,SEC-003,16,4,0,0,7,Monsoon,0,0
2026-07-03,SEC-003,17,4,0,0,7,Monsoon,0,0
2026-07-03,SEC-003,18,4,0,0,7,Monsoon,0,0
2026-07-03,SEC-003,19,4,0,0,7,Monsoon,0,0
2026-07-03,SEC-003,20,4,0,0,7,Monsoon,0,0
2026-07-03,SEC-003,21,4,0,0,7,Monsoon,3,3
2026-07-03,SEC-003,22,4,0,0,7,Monsoon,3,3
2026-07-03,SEC-003,23,4,0,0,7,Monsoon,3,3
2026-07-03,SEC-004,0,4,0,0,7,Monsoon,0,0
2026-07-03,SEC-004,1,4,0,0,7,Monsoon,0,0
2026-07-03,SEC-004,2,4,0,0,7,Monsoon,3,3
2026-07-03,SEC-004,3,4,0,0,7,Monsoon,2,2
2026-07-03,SEC-004,4,4,0,0,7,Monsoon,2,2
2026-07-03,SEC-004,5,4,0,0,7,Monsoon,1,1
2026-07-03,SEC-004,6,4,0,0,7,Monsoon,0,0
2026-07-03,SEC-004,7,4,0,0,7,Monsoon,1,1
2026-07-03,SEC-004,8,4,0,0,7,Monsoon,0,0
2026-07-03,SEC-004,9,4,0,0,7,Monsoon,0,0
2026-07-03,SEC-004,10,4,0,0,7,Monsoon,1,1
2026-07-03,SEC-004,11,4,0,0,7,Monsoon,0,0
2026-07-03,SEC-004,12,4,0,0,7,Monsoon,0,0
2026-07-03,SEC-004,13,4,0,0,7,Monsoon,0,0
2026-07-03,SEC-004,14,4,0,0,7,Monsoon,0,0
2026-07-03,SEC-004,15,4,0,0,7,Monsoon,2,2
2026-07-03,SEC-004,16,4,0,0,7,Monsoon,1,1
2026-07-03,SEC-004,17,4,0,0,7,Monsoon,0,0
2026-07-03,SEC-004,18,4,0,0,7,Monsoon,1,1
2026-07-03,SEC-004,19,4,0,0,7,Monsoon,0,0
2026-07-03,SEC-004,20,4,0,0,7,Monsoon,0,0
2026-07-03,SEC-004,21,4,0,0,7,Monsoon,1,1
2026-07-03,SEC-004,22,4,0,0,7,Monsoon,2,2
2026-07-03,SEC-004,23,4,0,0,7,Monsoon,2,2
2026-07-03,SEC-005,0,4,0,0,7,Monsoon,1,1
2026-07-03,SEC-005,1,4,0,0,7,Monsoon,1,1
2026-07-03,SEC-005,2,4,0,0,7,Monsoon,1,1
2026-07-03,SEC-005,3,4,0,0,7,Monsoon,2,2
2026-07-03,SEC-005,4,4,0,0,7,Monsoon,3,3
2026-07-03,SEC-005,5,4,0,0,7,Monsoon,0,0
2026-07-03,SEC-005,6,4,0,0,7,Monsoon,0,0
2026-07-03,SEC-005,7,4,0,0,7,Monsoon,0,0
2026-07-03,SEC-005,8,4,0,0,7,Monsoon,1,1
2026-07-03,SEC-005,9,4,0,0,7,Monsoon,0,0
2026-07-03,SEC-005,10,4,0,0,7,Monsoon,0,0
2026-07-03,SEC-005,11,4,0,0,7,Monsoon,0,0
2026-07-03,SEC-005,12,4,0,0,7,Monsoon,2,2
2026-07-03,SEC-005,13,4,0,0,7,Monsoon,0,0
2026-07-03,SEC-005,14,4,0,0,7,Monsoon,0,0
2026-07-03,SEC-005,15,4,0,0,7,Monsoon,1,1
2026-07-03,SEC-005,16,4,0,0,7,Monsoon,0,0
2026-07-03,SEC-005,17,4,0,0,7,Monsoon,0,0
2026-07-03,SEC-005,18,4,0,0,7,Monsoon,0,0
2026-07-03,SEC-005,19,4,0,0,7,Monsoon,1,1
2026-07-03,SEC-005,20,4,0,0,7,Monsoon,1,1
2026-07-03,SEC-005,21,4,0,0,7,Monsoon,1,1
2026-07-03,SEC-005,22,4,0,0,7,Monsoon,3,3
2026-07-03,SEC-005,23,4,0,0,7,Monsoon,1,1
2026-07-03,SEC-006,0,4,0,0,7,Monsoon,0,0
2026-07-03,SEC-006,1,4,0,0,7,Monsoon,3,3
2026-07-03,SEC-006,2,4,0,0,7,Monsoon,3,3
2026-07-03,SEC-006,3,4,0,0,7,Monsoon,3,3
2026-07-03,SEC-006,4,4,0,0,7,Monsoon,3,3
2026-07-03,SEC-006,5,4,0,0,7,Monsoon,0,0
2026-07-03,SEC-006,6,4,0,0,7,Monsoon,0,0
2026-07-03,SEC-006,7,4,0,0,7,Monsoon,0,0
2026-07-03,SEC-006,8,4,0,0,7,Monsoon,0,0
2026-07-03,SEC-006,9,4,0,0,7,Monsoon,1,1
2026-07-03,SEC-006,10,4,0,0,7,Monsoon,0,0
2026-07-03,SEC-006,11,4,0,0,7,Monsoon,0,0
2026-07-03,SEC-006,12,4,0,0,7,Monsoon,0,0
2026-07-03,SEC-006,13,4,0,0,7,Monsoon,0,0
2026-07-03,SEC-006,14,4,0,0,7,Monsoon,0,0
2026-07-03,SEC-006,15,4,0,0,7,Monsoon,1,1
2026-07-03,SEC-006,16,4,0,0,7,Monsoon,0,0
2026-07-03,SEC-006,17,4,0,0,7,Monsoon,0,0
2026-07-03,SEC-006,18,4,0,0,7,Monsoon,1,1
2026-07-03,SEC-006,19,4,0,0,7,Monsoon,0,0
2026-07-03,SEC-006,20,4,0,0,7,Monsoon,0,0
2026-07-03,SEC-006,21,4,0,0,7,Monsoon,0,0
2026-07-03,SEC-006,22,4,0,0,7,Monsoon,0,0
2026-07-03,SEC-006,23,4,0,0,7,Monsoon,0,0
2026-07-04,SEC-001,0,5,1,0,7,Monsoon,0,0
2026-07-04,SEC-001,1,5,1,0,7,Monsoon,1,1
2026-07-04,SEC-001,2,5,1,0,7,Monsoon,0,0
2026-07-04,SEC-001,3,5,1,0,7,Monsoon,1,1
2026-07-04,SEC-001,4,5,1,0,7,Monsoon,1,1
2026-07-04,SEC-001,5,5,1,0,7,Monsoon,1,1
2026-07-04,SEC-001,6,5,1,0,7,Monsoon,1,1
2026-07-04,SEC-001,7,5,1,0,7,Monsoon,0,0
2026-07-04,SEC-001,8,5,1,0,7,Monsoon,0,0
2026-07-04,SEC-001,9,5,1,0,7,Monsoon,1,1
2026-07-04,SEC-001,10,5,1,0,7,Monsoon,0,0
2026-07-04,SEC-001,11,5,1,0,7,Monsoon,0,0
2026-07-04,SEC-001,12,5,1,0,7,Monsoon,0,0
2026-07-04,SEC-001,13,5,1,0,7,Monsoon,0,0
2026-07-04,SEC-001,14,5,1,0,7,Monsoon,1,1
2026-07-04,SEC-001,15,5,1,0,7,Monsoon,0,0
2026-07-04,SEC-001,16,5,1,0,7,Monsoon,1,1
2026-07-04,SEC-001,17,5,1,0,7,Monsoon,0,0
2026-07-04,SEC-001,18,5,1,0,7,Monsoon,0,0
2026-07-04,SEC-001,19,5,1,0,7,Monsoon,1,1
2026-07-04,SEC-001,20,5,1,0,7,Monsoon,1,1
2026-07-04,SEC-001,21,5,1,0,7,Monsoon,0,0
2026-07-04,SEC-001,22,5,1,0,7,Monsoon,0,0
2026-07-04,SEC-001,23,5,1,0,7,Monsoon,1,1
2026-07-04,SEC-002,0,5,1,0,7,Monsoon,3,3
2026-07-04,SEC-002,1,5,1,0,7,Monsoon,0,0
2026-07-04,SEC-002,2,5,1,0,7,Monsoon,5,5
2026-07-04,SEC-002,3,5,1,0,7,Monsoon,2,2
2026-07-04,SEC-002,4,5,1,0,7,Monsoon,0,0
2026-07-04,SEC-002,5,5,1,0,7,Monsoon,0,0
2026-07-04,SEC-002,6,5,1,0,7,Monsoon,1,1
2026-07-04,SEC-002,7,5,1,0,7,Monsoon,0,0
2026-07-04,SEC-002,8,5,1,0,7,Monsoon,0,0
2026-07-04,SEC-002,9,5,1,0,7,Monsoon,0,0
2026-07-04,SEC-002,10,5,1,0,7,Monsoon,0,0
2026-07-04,SEC-002,11,5,1,0,7,Monsoon,0,0
2026-07-04,SEC-002,12,5,1,0,7,Monsoon,1,1
2026-07-04,SEC-002,13,5,1,0,7,Monsoon,0,0
2026-07-04,SEC-002,14,5,1,0,7,Monsoon,0,0
2026-07-04,SEC-002,15,5,1,0,7,Monsoon,1,1
2026-07-04,SEC-002,16,5,1,0,7,Monsoon,0,0
2026-07-04,SEC-002,17,5,1,0,7,Monsoon,0,0
2026-07-04,SEC-002,18,5,1,0,7,Monsoon,0,0
2026-07-04,SEC-002,19,5,1,0,7,Monsoon,0,0
2026-07-04,SEC-002,20,5,1,0,7,Monsoon,1,1
2026-07-04,SEC-002,21,5,1,0,7,Monsoon,2,2
2026-07-04,SEC-002,22,5,1,0,7,Monsoon,3,3
2026-07-04,SEC-002,23,5,1,0,7,Monsoon,2,2
2026-07-04,SEC-003,0,5,1,0,7,Monsoon,2,2
2026-07-04,SEC-003,1,5,1,0,7,Monsoon,1,1
2026-07-04,SEC-003,2,5,1,0,7,Monsoon,4,4
2026-07-04,SEC-003,3,5,1,0,7,Monsoon,1,1
2026-07-04,SEC-003,4,5,1,0,7,Monsoon,5,5
2026-07-04,SEC-003,5,5,1,0,7,Monsoon,2,2
2026-07-04,SEC-003,6,5,1,0,7,Monsoon,0,0
2026-07-04,SEC-003,7,5,1,0,7,Monsoon,0,0
2026-07-04,SEC-003,8,5,1,0,7,Monsoon,0,0
2026-07-04,SEC-003,9,5,1,0,7,Monsoon,0,0
2026-07-04,SEC-003,10,5,1,0,7,Monsoon,0,0
2026-07-04,SEC-003,11,5,1,0,7,Monsoon,0,0
2026-07-04,SEC-003,12,5,1,0,7,Monsoon,0,0
2026-07-04,SEC-003,13,5,1,0,7,Monsoon,0,0
2026-07-04,SEC-003,14,5,1,0,7,Monsoon,0,0
2026-07-04,SEC-003,15,5,1,0,7,Monsoon,0,0
2026-07-04,SEC-003,16,5,1,0,7,Monsoon,1,1
2026-07-04,SEC-003,17,5,1,0,7,Monsoon,0,0
2026-07-04,SEC-003,18,5,1,0,7,Monsoon,0,0
2026-07-04,SEC-003,19,5,1,0,7,Monsoon,1,1
2026-07-04,SEC-003,20,5,1,0,7,Monsoon,0,0
2026-07-04,SEC-003,21,5,1,0,7,Monsoon,0,0
2026-07-04,SEC-003,22,5,1,0,7,Monsoon,1,1
2026-07-04,SEC-003,23,5,1,0,7,Monsoon,2,2
2026-07-04,SEC-004,0,5,1,0,7,Monsoon,2,2
2026-07-04,SEC-004,1,5,1,0,7,Monsoon,2,2
2026-07-04,SEC-004,2,5,1,0,7,Monsoon,3,3
2026-07-04,SEC-004,3,5,1,0,7,Monsoon,2,2
2026-07-04,SEC-004,4,5,1,0,7,Monsoon,4,4
2026-07-04,SEC-004,5,5,1,0,7,Monsoon,0,0
2026-07-04,SEC-004,6,5,1,0,7,Monsoon,1,1
2026-07-04,SEC-004,7,5,1,0,7,Monsoon,0,0
2026-07-04,SEC-004,8,5,1,0,7,Monsoon,0,0
2026-07-04,SEC-004,9,5,1,0,7,Monsoon,0,0
2026-07-04,SEC-004,10,5,1,0,7,Monsoon,0,0
2026-07-04,SEC-004,11,5,1,0,7,Monsoon,2,2
2026-07-04,SEC-004,12,5,1,0,7,Monsoon,0,0
2026-07-04,SEC-004,13,5,1,0,7,Monsoon,1,1
2026-07-04,SEC-004,14,5,1,0,7,Monsoon,0,0
2026-07-04,SEC-004,15,5,1,0,7,Monsoon,2,2
2026-07-04,SEC-004,16,5,1,0,7,Monsoon,0,0
2026-07-04,SEC-004,17,5,1,0,7,Monsoon,0,0
2026-07-04,SEC-004,18,5,1,0,7,Monsoon,0,0
2026-07-04,SEC-004,19,5,1,0,7,Monsoon,0,0
2026-07-04,SEC-004,20,5,1,0,7,Monsoon,0,0
2026-07-04,SEC-004,21,5,1,0,7,Monsoon,1,1
2026-07-04,SEC-004,22,5,1,0,7,Monsoon,1,1
2026-07-04,SEC-004,23,5,1,0,7,Monsoon,3,3
2026-07-04,SEC-005,0,5,1,0,7,Monsoon,0,0
2026-07-04,SEC-005,1,5,1,0,7,Monsoon,1,1
2026-07-04,SEC-005,2,5,1,0,7,Monsoon,0,0
2026-07-04,SEC-005,3,5,1,0,7,Monsoon,0,0
2026-07-04,SEC-005,4,5,1,0,7,Monsoon,2,2
2026-07-04,SEC-005,5,5,1,0,7,Monsoon,0,0
2026-07-04,SEC-005,6,5,1,0,7,Monsoon,0,0
2026-07-04,SEC-005,7,5,1,0,7,Monsoon,0,0
2026-07-04,SEC-005,8,5,1,0,7,Monsoon,1,1
2026-07-04,SEC-005,9,5,1,0,7,Monsoon,0,0
2026-07-04,SEC-005,10,5,1,0,7,Monsoon,0,0
2026-07-04,SEC-005,11,5,1,0,7,Monsoon,0,0
2026-07-04,SEC-005,12,5,1,0,7,Monsoon,1,1
2026-07-04,SEC-005,13,5,1,0,7,Monsoon,1,1
2026-07-04,SEC-005,14,5,1,0,7,Monsoon,2,2
2026-07-04,SEC-005,15,5,1,0,7,Monsoon,0,0
2026-07-04,SEC-005,16,5,1,0,7,Monsoon,1,1
2026-07-04,SEC-005,17,5,1,0,7,Monsoon,2,2
2026-07-04,SEC-005,18,5,1,0,7,Monsoon,1,1
2026-07-04,SEC-005,19,5,1,0,7,Monsoon,0,0
2026-07-04,SEC-005,20,5,1,0,7,Monsoon,1,1
2026-07-04,SEC-005,21,5,1,0,7,Monsoon,0,0
2026-07-04,SEC-005,22,5,1,0,7,Monsoon,1,1
2026-07-04,SEC-005,23,5,1,0,7,Monsoon,4,4
2026-07-04,SEC-006,0,5,1,0,7,Monsoon,0,0
2026-07-04,SEC-006,1,5,1,0,7,Monsoon,3,3
2026-07-04,SEC-006,2,5,1,0,7,Monsoon,2,2
2026-07-04,SEC-006,3,5,1,0,7,Monsoon,1,1
2026-07-04,SEC-006,4,5,1,0,7,Monsoon,1,1
2026-07-04,SEC-006,5,5,1,0,7,Monsoon,1,1
2026-07-04,SEC-006,6,5,1,0,7,Monsoon,0,0
2026-07-04,SEC-006,7,5,1,0,7,Monsoon,0,0
2026-07-04,SEC-006,8,5,1,0,7,Monsoon,2,2
2026-07-04,SEC-006,9,5,1,0,7,Monsoon,0,0
2026-07-04,SEC-006,10,5,1,0,7,Monsoon,0,0
2026-07-04,SEC-006,11,5,1,0,7,Monsoon,0,0
2026-07-04,SEC-006,12,5,1,0,7,Monsoon,0,0
2026-07-04,SEC-006,13,5,1,0,7,Monsoon,0,0
2026-07-04,SEC-006,14,5,1,0,7,Monsoon,0,0
2026-07-04,SEC-006,15,5,1,0,7,Monsoon,0,0
2026-07-04,SEC-006,16,5,1,0,7,Monsoon,0,0
2026-07-04,SEC-006,17,5,1,0,7,Monsoon,0,0
2026-07-04,SEC-006,18,5,1,0,7,Monsoon,0,0
2026-07-04,SEC-006,19,5,1,0,7,Monsoon,0,0
2026-07-04,SEC-006,20,5,1,0,7,Monsoon,0,0
2026-07-04,SEC-006,21,5,1,0,7,Monsoon,0,0
2026-07-04,SEC-006,22,5,1,0,7,Monsoon,3,3
2026-07-04,SEC-006,23,5,1,0,7,Monsoon,1,1
2026-07-05,SEC-001,0,6,1,0,7,Monsoon,2,2
2026-07-05,SEC-001,1,6,1,0,7,Monsoon,3,3
2026-07-05,SEC-001,2,6,1,0,7,Monsoon,1,1
2026-07-05,SEC-001,3,6,1,0,7,Monsoon,1,1
2026-07-05,SEC-001,4,6,1,0,7,Monsoon,2,2
2026-07-05,SEC-001,5,6,1,0,7,Monsoon,1,1
2026-07-05,SEC-001,6,6,1,0,7,Monsoon,1,1
2026-07-05,SEC-001,7,6,1,0,7,Monsoon,0,0
2026-07-05,SEC-001,8,6,1,0,7,Monsoon,0,0
2026-07-05,SEC-001,9,6,1,0,7,Monsoon,0,0
2026-07-05,SEC-001,10,6,1,0,7,Monsoon,2,2
2026-07-05,SEC-001,11,6,1,0,7,Monsoon,0,0
2026-07-05,SEC-001,12,6,1,0,7,Monsoon,1,1
2026-07-05,SEC-001,13,6,1,0,7,Monsoon,0,0
2026-07-05,SEC-001,14,6,1,0,7,Monsoon,0,0
2026-07-05,SEC-001,15,6,1,0,7,Monsoon,1,1
2026-07-05,SEC-001,16,6,1,0,7,Monsoon,3,3
2026-07-05,SEC-001,17,6,1,0,7,Monsoon,0,0
2026-07-05,SEC-001,18,6,1,0,7,Monsoon,0,0
2026-07-05,SEC-001,19,6,1,0,7,Monsoon,1,1
2026-07-05,SEC-001,20,6,1,0,7,Monsoon,0,0
2026-07-05,SEC-001,21,6,1,0,7,Monsoon,1,1
2026-07-05,SEC-001,22,6,1,0,7,Monsoon,3,3
2026-07-05,SEC-001,23,6,1,0,7,Monsoon,2,2
2026-07-05,SEC-002,0,6,1,0,7,Monsoon,3,3
2026-07-05,SEC-002,1,6,1,0,7,Monsoon,6,6
2026-07-05,SEC-002,2,6,1,0,7,Monsoon,2,2
2026-07-05,SEC-002,3,6,1,0,7,Monsoon,4,4
2026-07-05,SEC-002,4,6,1,0,7,Monsoon,1,1
2026-07-05,SEC-002,5,6,1,0,7,Monsoon,0,0
2026-07-05,SEC-002,6,6,1,0,7,Monsoon,0,0
2026-07-05,SEC-002,7,6,1,0,7,Monsoon,3,3
2026-07-05,SEC-002,8,6,1,0,7,Monsoon,1,1
2026-07-05,SEC-002,9,6,1,0,7,Monsoon,1,1
2026-07-05,SEC-002,10,6,1,0,7,Monsoon,1,1
2026-07-05,SEC-002,11,6,1,0,7,Monsoon,1,1
2026-07-05,SEC-002,12,6,1,0,7,Monsoon,0,0
2026-07-05,SEC-002,13,6,1,0,7,Monsoon,0,0
2026-07-05,SEC-002,14,6,1,0,7,Monsoon,0,0
2026-07-05,SEC-002,15,6,1,0,7,Monsoon,0,0
2026-07-05,SEC-002,16,6,1,0,7,Monsoon,0,0
2026-07-05,SEC-002,17,6,1,0,7,Monsoon,0,0
2026-07-05,SEC-002,18,6,1,0,7,Monsoon,0,0
2026-07-05,SEC-002,19,6,1,0,7,Monsoon,0,0
2026-07-05,SEC-002,20,6,1,0,7,Monsoon,0,0
2026-07-05,SEC-002,21,6,1,0,7,Monsoon,1,1
2026-07-05,SEC-002,22,6,1,0,7,Monsoon,0,0
2026-07-05,SEC-002,23,6,1,0,7,Monsoon,0,0
2026-07-05,SEC-003,0,6,1,0,7,Monsoon,1,1
2026-07-05,SEC-003,1,6,1,0,7,Monsoon,2,2
2026-07-05,SEC-003,2,6,1,0,7,Monsoon,2,2
2026-07-05,SEC-003,3,6,1,0,7,Monsoon,2,2
2026-07-05,SEC-003,4,6,1,0,7,Monsoon,5,5
2026-07-05,SEC-003,5,6,1,0,7,Monsoon,0,0
2026-07-05,SEC-003,6,6,1,0,7,Monsoon,0,0
2026-07-05,SEC-003,7,6,1,0,7,Monsoon,1,1
2026-07-05,SEC-003,8,6,1,0,7,Monsoon,0,0
2026-07-05,SEC-003,9,6,1,0,7,Monsoon,0,0
2026-07-05,SEC-003,10,6,1,0,7,Monsoon,0,0
2026-07-05,SEC-003,11,6,1,0,7,Monsoon,1,1
2026-07-05,SEC-003,12,6,1,0,7,Monsoon,0,0
2026-07-05,SEC-003,13,6,1,0,7,Monsoon,1,1
2026-07-05,SEC-003,14,6,1,0,7,Monsoon,0,0
2026-07-05,SEC-003,15,6,1,0,7,Monsoon,1,1
2026-07-05,SEC-003,16,6,1,0,7,Monsoon,1,1
2026-07-05,SEC-003,17,6,1,0,7,Monsoon,1,1
2026-07-05,SEC-003,18,6,1,0,7,Monsoon,0,0
2026-07-05,SEC-003,19,6,1,0,7,Monsoon,2,2
2026-07-05,SEC-003,20,6,1,0,7,Monsoon,1,1
2026-07-05,SEC-003,21,6,1,0,7,Monsoon,0,0
2026-07-05,SEC-003,22,6,1,0,7,Monsoon,4,4
2026-07-05,SEC-003,23,6,1,0,7,Monsoon,1,1
2026-07-05,SEC-004,0,6,1,0,7,Monsoon,1,1
2026-07-05,SEC-004,1,6,1,0,7,Monsoon,1,1
2026-07-05,SEC-004,2,6,1,0,7,Monsoon,1,1
2026-07-05,SEC-004,3,6,1,0,7,Monsoon,1,1
2026-07-05,SEC-004,4,6,1,0,7,Monsoon,2,2
2026-07-05,SEC-004,5,6,1,0,7,Monsoon,0,0
2026-07-05,SEC-004,6,6,1,0,7,Monsoon,0,0
2026-07-05,SEC-004,7,6,1,0,7,Monsoon,0,0
2026-07-05,SEC-004,8,6,1,0,7,Monsoon,1,1
2026-07-05,SEC-004,9,6,1,0,7,Monsoon,2,2
2026-07-05,SEC-004,10,6,1,0,7,Monsoon,0,0
2026-07-05,SEC-004,11,6,1,0,7,Monsoon,1,1
2026-07-05,SEC-004,12,6,1,0,7,Monsoon,0,0
2026-07-05,SEC-004,13,6,1,0,7,Monsoon,0,0
2026-07-05,SEC-004,14,6,1,0,7,Monsoon,1,1
2026-07-05,SEC-004,15,6,1,0,7,Monsoon,1,1
2026-07-05,SEC-004,16,6,1,0,7,Monsoon,0,0
2026-07-05,SEC-004,17,6,1,0,7,Monsoon,1,1
2026-07-05,SEC-004,18,6,1,0,7,Monsoon,0,0
2026-07-05,SEC-004,19,6,1,0,7,Monsoon,0,0
2026-07-05,SEC-004,20,6,1,0,7,Monsoon,0,0
2026-07-05,SEC-004,21,6,1,0,7,Monsoon,1,1
2026-07-05,SEC-004,22,6,1,0,7,Monsoon,3,3
2026-07-05,SEC-004,23,6,1,0,7,Monsoon,1,1
2026-07-05,SEC-005,0,6,1,0,7,Monsoon,1,1
2026-07-05,SEC-005,1,6,1,0,7,Monsoon,2,2
2026-07-05,SEC-005,2,6,1,0,7,Monsoon,3,3
2026-07-05,SEC-005,3,6,1,0,7,Monsoon,2,2
2026-07-05,SEC-005,4,6,1,0,7,Monsoon,2,2
2026-07-05,SEC-005,5,6,1,0,7,Monsoon,0,0
2026-07-05,SEC-005,6,6,1,0,7,Monsoon,1,1
2026-07-05,SEC-005,7,6,1,0,7,Monsoon,1,1
2026-07-05,SEC-005,8,6,1,0,7,Monsoon,1,1
2026-07-05,SEC-005,9,6,1,0,7,Monsoon,0,0
2026-07-05,SEC-005,10,6,1,0,7,Monsoon,0,0
2026-07-05,SEC-005,11,6,1,0,7,Monsoon,1,1
2026-07-05,SEC-005,12,6,1,0,7,Monsoon,0,0
2026-07-05,SEC-005,13,6,1,0,7,Monsoon,1,1
2026-07-05,SEC-005,14,6,1,0,7,Monsoon,0,0
2026-07-05,SEC-005,15,6,1,0,7,Monsoon,0,0
2026-07-05,SEC-005,16,6,1,0,7,Monsoon,1,1
2026-07-05,SEC-005,17,6,1,0,7,Monsoon,0,0
2026-07-05,SEC-005,18,6,1,0,7,Monsoon,0,0
2026-07-05,SEC-005,19,6,1,0,7,Monsoon,0,0
2026-07-05,SEC-005,20,6,1,0,7,Monsoon,0,0
2026-07-05,SEC-005,21,6,1,0,7,Monsoon,0,0
2026-07-05,SEC-005,22,6,1,0,7,Monsoon,3,3
2026-07-05,SEC-005,23,6,1,0,7,Monsoon,2,2
2026-07-05,SEC-006,0,6,1,0,7,Monsoon,2,2
2026-07-05,SEC-006,1,6,1,0,7,Monsoon,4,4
2026-07-05,SEC-006,2,6,1,0,7,Monsoon,3,3
2026-07-05,SEC-006,3,6,1,0,7,Monsoon,3,3
2026-07-05,SEC-006,4,6,1,0,7,Monsoon,3,3
2026-07-05,SEC-006,5,6,1,0,7,Monsoon,0,0
2026-07-05,SEC-006,6,6,1,0,7,Monsoon,0,0
2026-07-05,SEC-006,7,6,1,0,7,Monsoon,0,0
2026-07-05,SEC-006,8,6,1,0,7,Monsoon,0,0
2026-07-05,SEC-006,9,6,1,0,7,Monsoon,1,1
2026-07-05,SEC-006,10,6,1,0,7,Monsoon,3,3
2026-07-05,SEC-006,11,6,1,0,7,Monsoon,1,1
2026-07-05,SEC-006,12,6,1,0,7,Monsoon,1,1
2026-07-05,SEC-006,13,6,1,0,7,Monsoon,0,0
2026-07-05,SEC-006,14,6,1,0,7,Monsoon,0,0
2026-07-05,SEC-006,15,6,1,0,7,Monsoon,0,0
2026-07-05,SEC-006,16,6,1,0,7,Monsoon,0,0
2026-07-05,SEC-006,17,6,1,0,7,Monsoon,0,0
2026-07-05,SEC-006,18,6,1,0,7,Monsoon,0,0
2026-07-05,SEC-006,19,6,1,0,7,Monsoon,0,0
2026-07-05,SEC-006,20,6,1,0,7,Monsoon,1,1
2026-07-05,SEC-006,21,6,1,0,7,Monsoon,0,0
2026-07-05,SEC-006,22,6,1,0,7,Monsoon,1,1
2026-07-05,SEC-006,23,6,1,0,7,Monsoon,1,1
2026-07-06,SEC-001,0,0,0,0,7,Monsoon,1,1
2026-07-06,SEC-001,1,0,0,0,7,Monsoon,1,1
2026-07-06,SEC-001,2,0,0,0,7,Monsoon,1,1
2026-07-06,SEC-001,3,0,0,0,7,Monsoon,0,0
2026-07-06,SEC-001,4,0,0,0,7,Monsoon,2,2
2026-07-06,SEC-001,5,0,0,0,7,Monsoon,0,0
2026-07-06,SEC-001,6,0,0,0,7,Monsoon,0,0
2026-07-06,SEC-001,7,0,0,0,7,Monsoon,1,1
2026-07-06,SEC-001,8,0,0,0,7,Monsoon,0,0
2026-07-06,SEC-001,9,0,0,0,7,Monsoon,0,0
2026-07-06,SEC-001,10,0,0,0,7,Monsoon,0,0
2026-07-06,SEC-001,11,0,0,0,7,Monsoon,0,0
2026-07-06,SEC-001,12,0,0,0,7,Monsoon,1,1
2026-07-06,SEC-001,13,0,0,0,7,Monsoon,0,0
2026-07-06,SEC-001,14,0,0,0,7,Monsoon,0,0
2026-07-06,SEC-001,15,0,0,0,7,Monsoon,0,0
2026-07-06,SEC-001,16,0,0,0,7,Monsoon,0,0
2026-07-06,SEC-001,17,0,0,0,7,Monsoon,0,0
2026-07-06,SEC-001,18,0,0,0,7,Monsoon,1,1
2026-07-06,SEC-001,19,0,0,0,7,Monsoon,0,0
2026-07-06,SEC-001,20,0,0,0,7,Monsoon,0,0
2026-07-06,SEC-001,21,0,0,0,7,Monsoon,0,0
2026-07-06,SEC-001,22,0,0,0,7,Monsoon,0,0
2026-07-06,SEC-001,23,0,0,0,7,Monsoon,5,5
2026-07-06,SEC-002,0,0,0,0,7,Monsoon,2,2
2026-07-06,SEC-002,1,0,0,0,7,Monsoon,2,2
2026-07-06,SEC-002,2,0,0,0,7,Monsoon,2,2
2026-07-06,SEC-002,3,0,0,0,7,Monsoon,1,1
2026-07-06,SEC-002,4,0,0,0,7,Monsoon,1,1
2026-07-06,SEC-002,5,0,0,0,7,Monsoon,0,0
2026-07-06,SEC-002,6,0,0,0,7,Monsoon,0,0
2026-07-06,SEC-002,7,0,0,0,7,Monsoon,1,1
2026-07-06,SEC-002,8,0,0,0,7,Monsoon,0,0
2026-07-06,SEC-002,9,0,0,0,7,Monsoon,1,1
2026-07-06,SEC-002,10,0,0,0,7,Monsoon,0,0
2026-07-06,SEC-002,11,0,0,0,7,Monsoon,0,0
2026-07-06,SEC-002,12,0,0,0,7,Monsoon,0,0
2026-07-06,SEC-002,13,0,0,0,7,Monsoon,0,0
2026-07-06,SEC-002,14,0,0,0,7,Monsoon,0,0
2026-07-06,SEC-002,15,0,0,0,7,Monsoon,0,0
2026-07-06,SEC-002,16,0,0,0,7,Monsoon,0,0
2026-07-06,SEC-002,17,0,0,0,7,Monsoon,0,0
2026-07-06,SEC-002,18,0,0,0,7,Monsoon,1,1
2026-07-06,SEC-002,19,0,0,0,7,Monsoon,0,0
2026-07-06,SEC-002,20,0,0,0,7,Monsoon,0,0
2026-07-06,SEC-002,21,0,0,0,7,Monsoon,0,0
2026-07-06,SEC-002,22,0,0,0,7,Monsoon,2,2
2026-07-06,SEC-002,23,0,0,0,7,Monsoon,3,3
2026-07-06,SEC-003,0,0,0,0,7,Monsoon,1,1
2026-07-06,SEC-003,1,0,0,0,7,Monsoon,2,2
2026-07-06,SEC-003,2,0,0,0,7,Monsoon,4,4
2026-07-06,SEC-003,3,0,0,0,7,Monsoon,2,2
2026-07-06,SEC-003,4,0,0,0,7,Monsoon,0,0
2026-07-06,SEC-003,5,0,0,0,7,Monsoon,0,0
2026-07-06,SEC-003,6,0,0,0,7,Monsoon,0,0
2026-07-06,SEC-003,7,0,0,0,7,Monsoon,1,1
2026-07-06,SEC-003,8,0,0,0,7,Monsoon,3,3
2026-07-06,SEC-003,9,0,0,0,7,Monsoon,0,0
2026-07-06,SEC-003,10,0,0,0,7,Monsoon,1,1
2026-07-06,SEC-003,11,0,0,0,7,Monsoon,1,1
2026-07-06,SEC-003,12,0,0,0,7,Monsoon,0,0
2026-07-06,SEC-003,13,0,0,0,7,Monsoon,0,0
2026-07-06,SEC-003,14,0,0,0,7,Monsoon,1,1
2026-07-06,SEC-003,15,0,0,0,7,Monsoon,0,0
2026-07-06,SEC-003,16,0,0,0,7,Monsoon,0,0
2026-07-06,SEC-003,17,0,0,0,7,Monsoon,0,0
2026-07-06,SEC-003,18,0,0,0,7,Monsoon,0,0
2026-07-06,SEC-003,19,0,0,0,7,Monsoon,1,1
2026-07-06,SEC-003,20,0,0,0,7,Monsoon,0,0
2026-07-06,SEC-003,21,0,0,0,7,Monsoon,0,0
2026-07-06,SEC-003,22,0,0,0,7,Monsoon,1,1
2026-07-06,SEC-003,23,0,0,0,7,Monsoon,2,2
2026-07-06,SEC-004,0,0,0,0,7,Monsoon,1,1
2026-07-06,SEC-004,1,0,0,0,7,Monsoon,1,1
2026-07-06,SEC-004,2,0,0,0,7,Monsoon,1,1
2026-07-06,SEC-004,3,0,0,0,7,Monsoon,3,3
2026-07-06,SEC-004,4,0,0,0,7,Monsoon,4,4
2026-07-06,SEC-004,5,0,0,0,7,Monsoon,0,0
2026-07-06,SEC-004,6,0,0,0,7,Monsoon,0,0
2026-07-06,SEC-004,7,0,0,0,7,Monsoon,0,0
2026-07-06,SEC-004,8,0,0,0,7,Monsoon,1,1
2026-07-06,SEC-004,9,0,0,0,7,Monsoon,0,0
2026-07-06,SEC-004,10,0,0,0,7,Monsoon,0,0
2026-07-06,SEC-004,11,0,0,0,7,Monsoon,2,2
2026-07-06,SEC-004,12,0,0,0,7,Monsoon,0,0
2026-07-06,SEC-004,13,0,0,0,7,Monsoon,1,1
2026-07-06,SEC-004,14,0,0,0,7,Monsoon,0,0
2026-07-06,SEC-004,15,0,0,0,7,Monsoon,0,0
2026-07-06,SEC-004,16,0,0,0,7,Monsoon,1,1
2026-07-06,SEC-004,17,0,0,0,7,Monsoon,0,0
2026-07-06,SEC-004,18,0,0,0,7,Monsoon,0,0
2026-07-06,SEC-004,19,0,0,0,7,Monsoon,1,1
2026-07-06,SEC-004,20,0,0,0,7,Monsoon,1,1
2026-07-06,SEC-004,21,0,0,0,7,Monsoon,0,0
2026-07-06,SEC-004,22,0,0,0,7,Monsoon,1,1
2026-07-06,SEC-004,23,0,0,0,7,Monsoon,1,1
2026-07-06,SEC-005,0,0,0,0,7,Monsoon,1,1
2026-07-06,SEC-005,1,0,0,0,7,Monsoon,1,1
2026-07-06,SEC-005,2,0,0,0,7,Monsoon,5,5
2026-07-06,SEC-005,3,0,0,0,7,Monsoon,4,4
2026-07-06,SEC-005,4,0,0,0,7,Monsoon,2,2
2026-07-06,SEC-005,5,0,0,0,7,Monsoon,1,1
2026-07-06,SEC-005,6,0,0,0,7,Monsoon,0,0
2026-07-06,SEC-005,7,0,0,0,7,Monsoon,0,0
2026-07-06,SEC-005,8,0,0,0,7,Monsoon,0,0
2026-07-06,SEC-005,9,0,0,0,7,Monsoon,0,0
2026-07-06,SEC-005,10,0,0,0,7,Monsoon,1,1
2026-07-06,SEC-005,11,0,0,0,7,Monsoon,3,3
2026-07-06,SEC-005,12,0,0,0,7,Monsoon,0,0
2026-07-06,SEC-005,13,0,0,0,7,Monsoon,0,0
2026-07-06,SEC-005,14,0,0,0,7,Monsoon,2,2
2026-07-06,SEC-005,15,0,0,0,7,Monsoon,0,0
2026-07-06,SEC-005,16,0,0,0,7,Monsoon,0,0
2026-07-06,SEC-005,17,0,0,0,7,Monsoon,0,0
2026-07-06,SEC-005,18,0,0,0,7,Monsoon,0,0
2026-07-06,SEC-005,19,0,0,0,7,Monsoon,1,1
2026-07-06,SEC-005,20,0,0,0,7,Monsoon,1,1
2026-07-06,SEC-005,21,0,0,0,7,Monsoon,0,0
2026-07-06,SEC-005,22,0,0,0,7,Monsoon,3,3
2026-07-06,SEC-005,23,0,0,0,7,Monsoon,1,1
2026-07-06,SEC-006,0,0,0,0,7,Monsoon,0,0
2026-07-06,SEC-006,1,0,0,0,7,Monsoon,0,0
2026-07-06,SEC-006,2,0,0,0,7,Monsoon,0,0
2026-07-06,SEC-006,3,0,0,0,7,Monsoon,1,1
2026-07-06,SEC-006,4,0,0,0,7,Monsoon,0,0
2026-07-06,SEC-006,5,0,0,0,7,Monsoon,0,0
2026-07-06,SEC-006,6,0,0,0,7,Monsoon,0,0
2026-07-06,SEC-006,7,0,0,0,7,Monsoon,0,0
2026-07-06,SEC-006,8,0,0,0,7,Monsoon,0,0
2026-07-06,SEC-006,9,0,0,0,7,Monsoon,0,0
2026-07-06,SEC-006,10,0,0,0,7,Monsoon,1,1
2026-07-06,SEC-006,11,0,0,0,7,Monsoon,0,0
2026-07-06,SEC-006,12,0,0,0,7,Monsoon,2,2
2026-07-06,SEC-006,13,0,0,0,7,Monsoon,0,0
2026-07-06,SEC-006,14,0,0,0,7,Monsoon,0,0
2026-07-06,SEC-006,15,0,0,0,7,Monsoon,0,0
2026-07-06,SEC-006,16,0,0,0,7,Monsoon,1,1
2026-07-06,SEC-006,17,0,0,0,7,Monsoon,1,1
2026-07-06,SEC-006,18,0,0,0,7,Monsoon,0,0
2026-07-06,SEC-006,19,0,0,0,7,Monsoon,0,0
2026-07-06,SEC-006,20,0,0,0,7,Monsoon,0,0
2026-07-06,SEC-006,21,0,0,0,7,Monsoon,1,1
2026-07-06,SEC-006,22,0,0,0,7,Monsoon,3,3
2026-07-06,SEC-006,23,0,0,0,7,Monsoon,4,4
2026-07-07,SEC-001,0,1,0,0,7,Monsoon,1,1
2026-07-07,SEC-001,1,1,0,0,7,Monsoon,2,2
2026-07-07,SEC-001,2,1,0,0,7,Monsoon,3,3
2026-07-07,SEC-001,3,1,0,0,7,Monsoon,4,4
2026-07-07,SEC-001,4,1,0,0,7,Monsoon,4,4
2026-07-07,SEC-001,5,1,0,0,7,Monsoon,0,0
2026-07-07,SEC-001,6,1,0,0,7,Monsoon,1,1
2026-07-07,SEC-001,7,1,0,0,7,Monsoon,0,0
2026-07-07,SEC-001,8,1,0,0,7,Monsoon,0,0
2026-07-07,SEC-001,9,1,0,0,7,Monsoon,1,1
2026-07-07,SEC-001,10,1,0,0,7,Monsoon,0,0
2026-07-07,SEC-001,11,1,0,0,7,Monsoon,1,1
2026-07-07,SEC-001,12,1,0,0,7,Monsoon,1,1
2026-07-07,SEC-001,13,1,0,0,7,Monsoon,0,0
2026-07-07,SEC-001,14,1,0,0,7,Monsoon,0,0
2026-07-07,SEC-001,15,1,0,0,7,Monsoon,0,0
2026-07-07,SEC-001,16,1,0,0,7,Monsoon,0,0
2026-07-07,SEC-001,17,1,0,0,7,Monsoon,0,0
2026-07-07,SEC-001,18,1,0,0,7,Monsoon,0,0
2026-07-07,SEC-001,19,1,0,0,7,Monsoon,2,2
2026-07-07,SEC-001,20,1,0,0,7,Monsoon,0,0
2026-07-07,SEC-001,21,1,0,0,7,Monsoon,0,0
2026-07-07,SEC-001,22,1,0,0,7,Monsoon,2,2
2026-07-07,SEC-001,23,1,0,0,7,Monsoon,0,0
2026-07-07,SEC-002,0,1,0,0,7,Monsoon,1,1
2026-07-07,SEC-002,1,1,0,0,7,Monsoon,2,2
2026-07-07,SEC-002,2,1,0,0,7,Monsoon,1,1
2026-07-07,SEC-002,3,1,0,0,7,Monsoon,2,2
2026-07-07,SEC-002,4,1,0,0,7,Monsoon,1,1
2026-07-07,SEC-002,5,1,0,0,7,Monsoon,1,1
2026-07-07,SEC-002,6,1,0,0,7,Monsoon,0,0
2026-07-07,SEC-002,7,1,0,0,7,Monsoon,0,0
2026-07-07,SEC-002,8,1,0,0,7,Monsoon,0,0
2026-07-07,SEC-002,9,1,0,0,7,Monsoon,0,0
2026-07-07,SEC-002,10,1,0,0,7,Monsoon,3,3
2026-07-07,SEC-002,11,1,0,0,7,Monsoon,0,0
2026-07-07,SEC-002,12,1,0,0,7,Monsoon,2,2
2026-07-07,SEC-002,13,1,0,0,7,Monsoon,0,0
2026-07-07,SEC-002,14,1,0,0,7,Monsoon,1,1
2026-07-07,SEC-002,15,1,0,0,7,Monsoon,1,1
2026-07-07,SEC-002,16,1,0,0,7,Monsoon,1,1
2026-07-07,SEC-002,17,1,0,0,7,Monsoon,1,1
2026-07-07,SEC-002,18,1,0,0,7,Monsoon,1,1
2026-07-07,SEC-002,19,1,0,0,7,Monsoon,0,0
2026-07-07,SEC-002,20,1,0,0,7,Monsoon,1,1
2026-07-07,SEC-002,21,1,0,0,7,Monsoon,1,1
2026-07-07,SEC-002,22,1,0,0,7,Monsoon,3,3
2026-07-07,SEC-002,23,1,0,0,7,Monsoon,4,4
2026-07-07,SEC-003,0,1,0,0,7,Monsoon,0,0
2026-07-07,SEC-003,1,1,0,0,7,Monsoon,4,4
2026-07-07,SEC-003,2,1,0,0,7,Monsoon,2,2
2026-07-07,SEC-003,3,1,0,0,7,Monsoon,2,2
2026-07-07,SEC-003,4,1,0,0,7,Monsoon,2,2
2026-07-07,SEC-003,5,1,0,0,7,Monsoon,0,0
2026-07-07,SEC-003,6,1,0,0,7,Monsoon,0,0
2026-07-07,SEC-003,7,1,0,0,7,Monsoon,0,0
2026-07-07,SEC-003,8,1,0,0,7,Monsoon,0,0
2026-07-07,SEC-003,9,1,0,0,7,Monsoon,0,0
2026-07-07,SEC-003,10,1,0,0,7,Monsoon,0,0
2026-07-07,SEC-003,11,1,0,0,7,Monsoon,0,0
2026-07-07,SEC-003,12,1,0,0,7,Monsoon,0,0
2026-07-07,SEC-003,13,1,0,0,7,Monsoon,0,0
2026-07-07,SEC-003,14,1,0,0,7,Monsoon,0,0
2026-07-07,SEC-003,15,1,0,0,7,Monsoon,0,0
2026-07-07,SEC-003,16,1,0,0,7,Monsoon,1,1
2026-07-07,SEC-003,17,1,0,0,7,Monsoon,0,0
2026-07-07,SEC-003,18,1,0,0,7,Monsoon,0,0
2026-07-07,SEC-003,19,1,0,0,7,Monsoon,1,1
2026-07-07,SEC-003,20,1,0,0,7,Monsoon,1,1
2026-07-07,SEC-003,21,1,0,0,7,Monsoon,0,0
2026-07-07,SEC-003,22,1,0,0,7,Monsoon,1,1
2026-07-07,SEC-003,23,1,0,0,7,Monsoon,1,1
2026-07-07,SEC-004,0,1,0,0,7,Monsoon,6,6
2026-07-07,SEC-004,1,1,0,0,7,Monsoon,2,2
2026-07-07,SEC-004,2,1,0,0,7,Monsoon,1,1
2026-07-07,SEC-004,3,1,0,0,7,Monsoon,4,4
2026-07-07,SEC-004,4,1,0,0,7,Monsoon,7,7
2026-07-07,SEC-004,5,1,0,0,7,Monsoon,1,1
2026-07-07,SEC-004,6,1,0,0,7,Monsoon,0,0
2026-07-07,SEC-004,7,1,0,0,7,Monsoon,1,1
2026-07-07,SEC-004,8,1,0,0,7,Monsoon,0,0
2026-07-07,SEC-004,9,1,0,0,7,Monsoon,1,1
2026-07-07,SEC-004,10,1,0,0,7,Monsoon,0,0
2026-07-07,SEC-004,11,1,0,0,7,Monsoon,1,1
2026-07-07,SEC-004,12,1,0,0,7,Monsoon,0,0
2026-07-07,SEC-004,13,1,0,0,7,Monsoon,0,0
2026-07-07,SEC-004,14,1,0,0,7,Monsoon,1,1
2026-07-07,SEC-004,15,1,0,0,7,Monsoon,0,0
2026-07-07,SEC-004,16,1,0,0,7,Monsoon,0,0
2026-07-07,SEC-004,17,1,0,0,7,Monsoon,0,0
2026-07-07,SEC-004,18,1,0,0,7,Monsoon,2,2
2026-07-07,SEC-004,19,1,0,0,7,Monsoon,1,1
2026-07-07,SEC-004,20,1,0,0,7,Monsoon,0,0
2026-07-07,SEC-004,21,1,0,0,7,Monsoon,0,0
2026-07-07,SEC-004,22,1,0,0,7,Monsoon,3,3
2026-07-07,SEC-004,23,1,0,0,7,Monsoon,5,5
2026-07-07,SEC-005,0,1,0,0,7,Monsoon,1,1
2026-07-07,SEC-005,1,1,0,0,7,Monsoon,0,0
2026-07-07,SEC-005,2,1,0,0,7,Monsoon,3,3
2026-07-07,SEC-005,3,1,0,0,7,Monsoon,2,2
2026-07-07,SEC-005,4,1,0,0,7,Monsoon,4,4
2026-07-07,SEC-005,5,1,0,0,7,Monsoon,0,0
2026-07-07,SEC-005,6,1,0,0,7,Monsoon,0,0
2026-07-07,SEC-005,7,1,0,0,7,Monsoon,0,0
2026-07-07,SEC-005,8,1,0,0,7,Monsoon,0,0
2026-07-07,SEC-005,9,1,0,0,7,Monsoon,1,1
2026-07-07,SEC-005,10,1,0,0,7,Monsoon,0,0
2026-07-07,SEC-005,11,1,0,0,7,Monsoon,0,0
2026-07-07,SEC-005,12,1,0,0,7,Monsoon,0,0
2026-07-07,SEC-005,13,1,0,0,7,Monsoon,2,2
2026-07-07,SEC-005,14,1,0,0,7,Monsoon,1,1
2026-07-07,SEC-005,15,1,0,0,7,Monsoon,0,0
2026-07-07,SEC-005,16,1,0,0,7,Monsoon,0,0
2026-07-07,SEC-005,17,1,0,0,7,Monsoon,0,0
2026-07-07,SEC-005,18,1,0,0,7,Monsoon,0,0
2026-07-07,SEC-005,19,1,0,0,7,Monsoon,0,0
2026-07-07,SEC-005,20,1,0,0,7,Monsoon,0,0
2026-07-07,SEC-005,21,1,0,0,7,Monsoon,0,0
2026-07-07,SEC-005,22,1,0,0,7,Monsoon,2,2
2026-07-07,SEC-005,23,1,0,0,7,Monsoon,1,1
2026-07-07,SEC-006,0,1,0,0,7,Monsoon,3,3
2026-07-07,SEC-006,1,1,0,0,7,Monsoon,1,1
2026-07-07,SEC-006,2,1,0,0,7,Monsoon,4,4
2026-07-07,SEC-006,3,1,0,0,7,Monsoon,2,2
2026-07-07,SEC-006,4,1,0,0,7,Monsoon,0,0
2026-07-07,SEC-006,5,1,0,0,7,Monsoon,0,0
2026-07-07,SEC-006,6,1,0,0,7,Monsoon,1,1
2026-07-07,SEC-006,7,1,0,0,7,Monsoon,1,1
2026-07-07,SEC-006,8,1,0,0,7,Monsoon,0,0
2026-07-07,SEC-006,9,1,0,0,7,Monsoon,0,0
2026-07-07,SEC-006,10,1,0,0,7,Monsoon,0,0
2026-07-07,SEC-006,11,1,0,0,7,Monsoon,1,1
2026-07-07,SEC-006,12,1,0,0,7,Monsoon,1,1
2026-07-07,SEC-006,13,1,0,0,7,Monsoon,1,1
2026-07-07,SEC-006,14,1,0,0,7,Monsoon,0,0
2026-07-07,SEC-006,15,1,0,0,7,Monsoon,1,1
2026-07-07,SEC-006,16,1,0,0,7,Monsoon,3,3
2026-07-07,SEC-006,17,1,0,0,7,Monsoon,2,2
2026-07-07,SEC-006,18,1,0,0,7,Monsoon,1,1
2026-07-07,SEC-006,19,1,0,0,7,Monsoon,0,0
2026-07-07,SEC-006,20,1,0,0,7,Monsoon,2,2
2026-07-07,SEC-006,21,1,0,0,7,Monsoon,0,0
2026-07-07,SEC-006,22,1,0,0,7,Monsoon,2,2
2026-07-07,SEC-006,23,1,0,0,7,Monsoon,0,0
2026-07-08,SEC-001,0,2,0,0,7,Monsoon,2,2
2026-07-08,SEC-001,1,2,0,0,7,Monsoon,2,2
2026-07-08,SEC-001,2,2,0,0,7,Monsoon,0,0
2026-07-08,SEC-001,3,2,0,0,7,Monsoon,2,2
2026-07-08,SEC-001,4,2,0,0,7,Monsoon,2,2
2026-07-08,SEC-001,5,2,0,0,7,Monsoon,0,0
2026-07-08,SEC-001,6,2,0,0,7,Monsoon,0,0
2026-07-08,SEC-001,7,2,0,0,7,Monsoon,1,1
2026-07-08,SEC-001,8,2,0,0,7,Monsoon,0,0
2026-07-08,SEC-001,9,2,0,0,7,Monsoon,2,2
2026-07-08,SEC-001,10,2,0,0,7,Monsoon,1,1
2026-07-08,SEC-001,11,2,0,0,7,Monsoon,0,0
2026-07-08,SEC-001,12,2,0,0,7,Monsoon,0,0
2026-07-08,SEC-001,13,2,0,0,7,Monsoon,1,1
2026-07-08,SEC-001,14,2,0,0,7,Monsoon,0,0
2026-07-08,SEC-001,15,2,0,0,7,Monsoon,0,0
2026-07-08,SEC-001,16,2,0,0,7,Monsoon,2,2
2026-07-08,SEC-001,17,2,0,0,7,Monsoon,1,1
2026-07-08,SEC-001,18,2,0,0,7,Monsoon,0,0
2026-07-08,SEC-001,19,2,0,0,7,Monsoon,1,1
2026-07-08,SEC-001,20,2,0,0,7,Monsoon,0,0
2026-07-08,SEC-001,21,2,0,0,7,Monsoon,0,0
2026-07-08,SEC-001,22,2,0,0,7,Monsoon,3,3
2026-07-08,SEC-001,23,2,0,0,7,Monsoon,1,1
2026-07-08,SEC-002,0,2,0,0,7,Monsoon,2,2
2026-07-08,SEC-002,1,2,0,0,7,Monsoon,2,2
2026-07-08,SEC-002,2,2,0,0,7,Monsoon,0,0
2026-07-08,SEC-002,3,2,0,0,7,Monsoon,5,5
2026-07-08,SEC-002,4,2,0,0,7,Monsoon,2,2
2026-07-08,SEC-002,5,2,0,0,7,Monsoon,0,0
2026-07-08,SEC-002,6,2,0,0,7,Monsoon,0,0
2026-07-08,SEC-002,7,2,0,0,7,Monsoon,0,0
2026-07-08,SEC-002,8,2,0,0,7,Monsoon,1,1
2026-07-08,SEC-002,9,2,0,0,7,Monsoon,0,0
2026-07-08,SEC-002,10,2,0,0,7,Monsoon,1,1
2026-07-08,SEC-002,11,2,0,0,7,Monsoon,0,0
2026-07-08,SEC-002,12,2,0,0,7,Monsoon,2,2
2026-07-08,SEC-002,13,2,0,0,7,Monsoon,0,0
2026-07-08,SEC-002,14,2,0,0,7,Monsoon,1,1
2026-07-08,SEC-002,15,2,0,0,7,Monsoon,1,1
2026-07-08,SEC-002,16,2,0,0,7,Monsoon,0,0
2026-07-08,SEC-002,17,2,0,0,7,Monsoon,0,0
2026-07-08,SEC-002,18,2,0,0,7,Monsoon,0,0
2026-07-08,SEC-002,19,2,0,0,7,Monsoon,0,0
2026-07-08,SEC-002,20,2,0,0,7,Monsoon,0,0
2026-07-08,SEC-002,21,2,0,0,7,Monsoon,0,0
2026-07-08,SEC-002,22,2,0,0,7,Monsoon,4,4
2026-07-08,SEC-002,23,2,0,0,7,Monsoon,3,3
2026-07-08,SEC-003,0,2,0,0,7,Monsoon,1,1
2026-07-08,SEC-003,1,2,0,0,7,Monsoon,2,2
2026-07-08,SEC-003,2,2,0,0,7,Monsoon,3,3
2026-07-08,SEC-003,3,2,0,0,7,Monsoon,1,1
2026-07-08,SEC-003,4,2,0,0,7,Monsoon,1,1
2026-07-08,SEC-003,5,2,0,0,7,Monsoon,0,0
2026-07-08,SEC-003,6,2,0,0,7,Monsoon,0,0
2026-07-08,SEC-003,7,2,0,0,7,Monsoon,0,0
2026-07-08,SEC-003,8,2,0,0,7,Monsoon,0,0
2026-07-08,SEC-003,9,2,0,0,7,Monsoon,1,1
2026-07-08,SEC-003,10,2,0,0,7,Monsoon,1,1
2026-07-08,SEC-003,11,2,0,0,7,Monsoon,0,0
2026-07-08,SEC-003,12,2,0,0,7,Monsoon,0,0
2026-07-08,SEC-003,13,2,0,0,7,Monsoon,0,0
2026-07-08,SEC-003,14,2,0,0,7,Monsoon,0,0
2026-07-08,SEC-003,15,2,0,0,7,Monsoon,1,1
2026-07-08,SEC-003,16,2,0,0,7,Monsoon,0,0
2026-07-08,SEC-003,17,2,0,0,7,Monsoon,0,0
2026-07-08,SEC-003,18,2,0,0,7,Monsoon,0,0
2026-07-08,SEC-003,19,2,0,0,7,Monsoon,0,0
2026-07-08,SEC-003,20,2,0,0,7,Monsoon,2,2
2026-07-08,SEC-003,21,2,0,0,7,Monsoon,1,1
2026-07-08,SEC-003,22,2,0,0,7,Monsoon,2,2
2026-07-08,SEC-003,23,2,0,0,7,Monsoon,0,0
2026-07-08,SEC-004,0,2,0,0,7,Monsoon,2,2
2026-07-08,SEC-004,1,2,0,0,7,Monsoon,2,2
2026-07-08,SEC-004,2,2,0,0,7,Monsoon,3,3
2026-07-08,SEC-004,3,2,0,0,7,Monsoon,0,0
2026-07-08,SEC-004,4,2,0,0,7,Monsoon,1,1
2026-07-08,SEC-004,5,2,0,0,7,Monsoon,1,1
2026-07-08,SEC-004,6,2,0,0,7,Monsoon,0,0
2026-07-08,SEC-004,7,2,0,0,7,Monsoon,1,1
2026-07-08,SEC-004,8,2,0,0,7,Monsoon,0,0
2026-07-08,SEC-004,9,2,0,0,7,Monsoon,1,1
2026-07-08,SEC-004,10,2,0,0,7,Monsoon,0,0
2026-07-08,SEC-004,11,2,0,0,7,Monsoon,0,0
2026-07-08,SEC-004,12,2,0,0,7,Monsoon,1,1
2026-07-08,SEC-004,13,2,0,0,7,Monsoon,0,0
2026-07-08,SEC-004,14,2,0,0,7,Monsoon,0,0
2026-07-08,SEC-004,15,2,0,0,7,Monsoon,0,0
2026-07-08,SEC-004,16,2,0,0,7,Monsoon,1,1
2026-07-08,SEC-004,17,2,0,0,7,Monsoon,1,1
2026-07-08,SEC-004,18,2,0,0,7,Monsoon,0,0
2026-07-08,SEC-004,19,2,0,0,7,Monsoon,0,0
2026-07-08,SEC-004,20,2,0,0,7,Monsoon,0,0
2026-07-08,SEC-004,21,2,0,0,7,Monsoon,0,0
2026-07-08,SEC-004,22,2,0,0,7,Monsoon,0,0
2026-07-08,SEC-004,23,2,0,0,7,Monsoon,1,1
2026-07-08,SEC-005,0,2,0,0,7,Monsoon,2,2
2026-07-08,SEC-005,1,2,0,0,7,Monsoon,0,0
2026-07-08,SEC-005,2,2,0,0,7,Monsoon,1,1
2026-07-08,SEC-005,3,2,0,0,7,Monsoon,1,1
2026-07-08,SEC-005,4,2,0,0,7,Monsoon,3,3
2026-07-08,SEC-005,5,2,0,0,7,Monsoon,0,0
2026-07-08,SEC-005,6,2,0,0,7,Monsoon,0,0
2026-07-08,SEC-005,7,2,0,0,7,Monsoon,0,0
2026-07-08,SEC-005,8,2,0,0,7,Monsoon,0,0
2026-07-08,SEC-005,9,2,0,0,7,Monsoon,1,1
2026-07-08,SEC-005,10,2,0,0,7,Monsoon,1,1
2026-07-08,SEC-005,11,2,0,0,7,Monsoon,0,0
2026-07-08,SEC-005,12,2,0,0,7,Monsoon,0,0
2026-07-08,SEC-005,13,2,0,0,7,Monsoon,1,1
2026-07-08,SEC-005,14,2,0,0,7,Monsoon,0,0
2026-07-08,SEC-005,15,2,0,0,7,Monsoon,0,0
2026-07-08,SEC-005,16,2,0,0,7,Monsoon,1,1
2026-07-08,SEC-005,17,2,0,0,7,Monsoon,0,0
2026-07-08,SEC-005,18,2,0,0,7,Monsoon,0,0
2026-07-08,SEC-005,19,2,0,0,7,Monsoon,0,0
2026-07-08,SEC-005,20,2,0,0,7,Monsoon,0,0
2026-07-08,SEC-005,21,2,0,0,7,Monsoon,0,0
2026-07-08,SEC-005,22,2,0,0,7,Monsoon,2,2
2026-07-08,SEC-005,23,2,0,0,7,Monsoon,1,1
2026-07-08,SEC-006,0,2,0,0,7,Monsoon,2,2
2026-07-08,SEC-006,1,2,0,0,7,Monsoon,1,1
2026-07-08,SEC-006,2,2,0,0,7,Monsoon,1,1
2026-07-08,SEC-006,3,2,0,0,7,Monsoon,0,0
2026-07-08,SEC-006,4,2,0,0,7,Monsoon,1,1
2026-07-08,SEC-006,5,2,0,0,7,Monsoon,0,0
2026-07-08,SEC-006,6,2,0,0,7,Monsoon,0,0
2026-07-08,SEC-006,7,2,0,0,7,Monsoon,0,0
2026-07-08,SEC-006,8,2,0,0,7,Monsoon,1,1
2026-07-08,SEC-006,9,2,0,0,7,Monsoon,1,1
2026-07-08,SEC-006,10,2,0,0,7,Monsoon,0,0
2026-07-08,SEC-006,11,2,0,0,7,Monsoon,2,2
2026-07-08,SEC-006,12,2,0,0,7,Monsoon,0,0
2026-07-08,SEC-006,13,2,0,0,7,Monsoon,1,1
2026-07-08,SEC-006,14,2,0,0,7,Monsoon,0,0
2026-07-08,SEC-006,15,2,0,0,7,Monsoon,0,0
2026-07-08,SEC-006,16,2,0,0,7,Monsoon,0,0
2026-07-08,SEC-006,17,2,0,0,7,Monsoon,1,1
2026-07-08,SEC-006,18,2,0,0,7,Monsoon,0,0
2026-07-08,SEC-006,19,2,0,0,7,Monsoon,0,0
2026-07-08,SEC-006,20,2,0,0,7,Monsoon,0,0
2026-07-08,SEC-006,21,2,0,0,7,Monsoon,0,0
2026-07-08,SEC-006,22,2,0,0,7,Monsoon,1,1
2026-07-08,SEC-006,23,2,0,0,7,Monsoon,1,1
2026-07-09,SEC-001,0,3,0,0,7,Monsoon,4,4
2026-07-09,SEC-001,1,3,0,0,7,Monsoon,2,2
2026-07-09,SEC-001,2,3,0,0,7,Monsoon,1,1
2026-07-09,SEC-001,3,3,0,0,7,Monsoon,1,1
2026-07-09,SEC-001,4,3,0,0,7,Monsoon,1,1
2026-07-09,SEC-001,5,3,0,0,7,Monsoon,0,0
2026-07-09,SEC-001,6,3,0,0,7,Monsoon,0,0
2026-07-09,SEC-001,7,3,0,0,7,Monsoon,0,0
2026-07-09,SEC-001,8,3,0,0,7,Monsoon,0,0
2026-07-09,SEC-001,9,3,0,0,7,Monsoon,1,1
2026-07-09,SEC-001,10,3,0,0,7,Monsoon,1,1
2026-07-09,SEC-001,11,3,0,0,7,Monsoon,0,0
2026-07-09,SEC-001,12,3,0,0,7,Monsoon,0,0
2026-07-09,SEC-001,13,3,0,0,7,Monsoon,0,0
2026-07-09,SEC-001,14,3,0,0,7,Monsoon,1,1
2026-07-09,SEC-001,15,3,0,0,7,Monsoon,0,0
2026-07-09,SEC-001,16,3,0,0,7,Monsoon,0,0
2026-07-09,SEC-001,17,3,0,0,7,Monsoon,0,0
2026-07-09,SEC-001,18,3,0,0,7,Monsoon,1,1
2026-07-09,SEC-001,19,3,0,0,7,Monsoon,0,0
2026-07-09,SEC-001,20,3,0,0,7,Monsoon,1,1
2026-07-09,SEC-001,21,3,0,0,7,Monsoon,0,0
2026-07-09,SEC-001,22,3,0,0,7,Monsoon,2,2
2026-07-09,SEC-001,23,3,0,0,7,Monsoon,2,2
2026-07-09,SEC-002,0,3,0,0,7,Monsoon,2,2
2026-07-09,SEC-002,1,3,0,0,7,Monsoon,1,1
2026-07-09,SEC-002,2,3,0,0,7,Monsoon,3,3
2026-07-09,SEC-002,3,3,0,0,7,Monsoon,3,3
2026-07-09,SEC-002,4,3,0,0,7,Monsoon,1,1
2026-07-09,SEC-002,5,3,0,0,7,Monsoon,0,0
2026-07-09,SEC-002,6,3,0,0,7,Monsoon,0,0
2026-07-09,SEC-002,7,3,0,0,7,Monsoon,0,0
2026-07-09,SEC-002,8,3,0,0,7,Monsoon,0,0
2026-07-09,SEC-002,9,3,0,0,7,Monsoon,1,1
2026-07-09,SEC-002,10,3,0,0,7,Monsoon,0,0
2026-07-09,SEC-002,11,3,0,0,7,Monsoon,0,0
2026-07-09,SEC-002,12,3,0,0,7,Monsoon,1,1
2026-07-09,SEC-002,13,3,0,0,7,Monsoon,1,1
2026-07-09,SEC-002,14,3,0,0,7,Monsoon,1,1
2026-07-09,SEC-002,15,3,0,0,7,Monsoon,1,1
2026-07-09,SEC-002,16,3,0,0,7,Monsoon,0,0
2026-07-09,SEC-002,17,3,0,0,7,Monsoon,0,0
2026-07-09,SEC-002,18,3,0,0,7,Monsoon,0,0
2026-07-09,SEC-002,19,3,0,0,7,Monsoon,0,0
2026-07-09,SEC-002,20,3,0,0,7,Monsoon,0,0
2026-07-09,SEC-002,21,3,0,0,7,Monsoon,0,0
2026-07-09,SEC-002,22,3,0,0,7,Monsoon,2,2
2026-07-09,SEC-002,23,3,0,0,7,Monsoon,1,1
2026-07-09,SEC-003,0,3,0,0,7,Monsoon,1,1
2026-07-09,SEC-003,1,3,0,0,7,Monsoon,3,3
2026-07-09,SEC-003,2,3,0,0,7,Monsoon,2,2
2026-07-09,SEC-003,3,3,0,0,7,Monsoon,2,2
2026-07-09,SEC-003,4,3,0,0,7,Monsoon,2,2
2026-07-09,SEC-003,5,3,0,0,7,Monsoon,0,0
2026-07-09,SEC-003,6,3,0,0,7,Monsoon,1,1
2026-07-09,SEC-003,7,3,0,0,7,Monsoon,0,0
2026-07-09,SEC-003,8,3,0,0,7,Monsoon,0,0
2026-07-09,SEC-003,9,3,0,0,7,Monsoon,1,1
2026-07-09,SEC-003,10,3,0,0,7,Monsoon,0,0
2026-07-09,SEC-003,11,3,0,0,7,Monsoon,0,0
2026-07-09,SEC-003,12,3,0,0,7,Monsoon,0,0
2026-07-09,SEC-003,13,3,0,0,7,Monsoon,2,2
2026-07-09,SEC-003,14,3,0,0,7,Monsoon,1,1
2026-07-09,SEC-003,15,3,0,0,7,Monsoon,1,1
2026-07-09,SEC-003,16,3,0,0,7,Monsoon,0,0
2026-07-09,SEC-003,17,3,0,0,7,Monsoon,0,0
2026-07-09,SEC-003,18,3,0,0,7,Monsoon,0,0
2026-07-09,SEC-003,19,3,0,0,7,Monsoon,1,1
2026-07-09,SEC-003,20,3,0,0,7,Monsoon,1,1
2026-07-09,SEC-003,21,3,0,0,7,Monsoon,0,0
2026-07-09,SEC-003,22,3,0,0,7,Monsoon,1,1
2026-07-09,SEC-003,23,3,0,0,7,Monsoon,3,3
2026-07-09,SEC-004,0,3,0,0,7,Monsoon,2,2
2026-07-09,SEC-004,1,3,0,0,7,Monsoon,5,5
2026-07-09,SEC-004,2,3,0,0,7,Monsoon,1,1
2026-07-09,SEC-004,3,3,0,0,7,Monsoon,1,1
2026-07-09,SEC-004,4,3,0,0,7,Monsoon,2,2
2026-07-09,SEC-004,5,3,0,0,7,Monsoon,0,0
2026-07-09,SEC-004,6,3,0,0,7,Monsoon,0,0
2026-07-09,SEC-004,7,3,0,0,7,Monsoon,1,1
2026-07-09,SEC-004,8,3,0,0,7,Monsoon,1,1
2026-07-09,SEC-004,9,3,0,0,7,Monsoon,0,0
2026-07-09,SEC-004,10,3,0,0,7,Monsoon,0,0
2026-07-09,SEC-004,11,3,0,0,7,Monsoon,1,1
2026-07-09,SEC-004,12,3,0,0,7,Monsoon,0,0
2026-07-09,SEC-004,13,3,0,0,7,Monsoon,0,0
2026-07-09,SEC-004,14,3,0,0,7,Monsoon,1,1
2026-07-09,SEC-004,15,3,0,0,7,Monsoon,0,0
2026-07-09,SEC-004,16,3,0,0,7,Monsoon,0,0
2026-07-09,SEC-004,17,3,0,0,7,Monsoon,1,1
2026-07-09,SEC-004,18,3,0,0,7,Monsoon,0,0
2026-07-09,SEC-004,19,3,0,0,7,Monsoon,0,0
2026-07-09,SEC-004,20,3,0,0,7,Monsoon,2,2
2026-07-09,SEC-004,21,3,0,0,7,Monsoon,0,0
2026-07-09,SEC-004,22,3,0,0,7,Monsoon,3,3
2026-07-09,SEC-004,23,3,0,0,7,Monsoon,2,2
2026-07-09,SEC-005,0,3,0,0,7,Monsoon,1,1
2026-07-09,SEC-005,1,3,0,0,7,Monsoon,0,0
2026-07-09,SEC-005,2,3,0,0,7,Monsoon,0,0
2026-07-09,SEC-005,3,3,0,0,7,Monsoon,4,4
2026-07-09,SEC-005,4,3,0,0,7,Monsoon,1,1
2026-07-09,SEC-005,5,3,0,0,7,Monsoon,0,0
2026-07-09,SEC-005,6,3,0,0,7,Monsoon,0,0
2026-07-09,SEC-005,7,3,0,0,7,Monsoon,0,0
2026-07-09,SEC-005,8,3,0,0,7,Monsoon,1,1
2026-07-09,SEC-005,9,3,0,0,7,Monsoon,1,1
2026-07-09,SEC-005,10,3,0,0,7,Monsoon,0,0
2026-07-09,SEC-005,11,3,0,0,7,Monsoon,0,0
2026-07-09,SEC-005,12,3,0,0,7,Monsoon,1,1
2026-07-09,SEC-005,13,3,0,0,7,Monsoon,0,0
2026-07-09,SEC-005,14,3,0,0,7,Monsoon,0,0
2026-07-09,SEC-005,15,3,0,0,7,Monsoon,0,0
2026-07-09,SEC-005,16,3,0,0,7,Monsoon,1,1
2026-07-09,SEC-005,17,3,0,0,7,Monsoon,0,0
2026-07-09,SEC-005,18,3,0,0,7,Monsoon,1,1
2026-07-09,SEC-005,19,3,0,0,7,Monsoon,0,0
2026-07-09,SEC-005,20,3,0,0,7,Monsoon,1,1
2026-07-09,SEC-005,21,3,0,0,7,Monsoon,1,1
2026-07-09,SEC-005,22,3,0,0,7,Monsoon,0,0
2026-07-09,SEC-005,23,3,0,0,7,Monsoon,0,0
2026-07-09,SEC-006,0,3,0,0,7,Monsoon,5,5
2026-07-09,SEC-006,1,3,0,0,7,Monsoon,1,1
2026-07-09,SEC-006,2,3,0,0,7,Monsoon,5,5
2026-07-09,SEC-006,3,3,0,0,7,Monsoon,3,3
2026-07-09,SEC-006,4,3,0,0,7,Monsoon,1,1
2026-07-09,SEC-006,5,3,0,0,7,Monsoon,0,0
2026-07-09,SEC-006,6,3,0,0,7,Monsoon,0,0
2026-07-09,SEC-006,7,3,0,0,7,Monsoon,0,0
2026-07-09,SEC-006,8,3,0,0,7,Monsoon,2,2
2026-07-09,SEC-006,9,3,0,0,7,Monsoon,1,1
2026-07-09,SEC-006,10,3,0,0,7,Monsoon,1,1
2026-07-09,SEC-006,11,3,0,0,7,Monsoon,0,0
2026-07-09,SEC-006,12,3,0,0,7,Monsoon,1,1
2026-07-09,SEC-006,13,3,0,0,7,Monsoon,0,0
2026-07-09,SEC-006,14,3,0,0,7,Monsoon,1,1
2026-07-09,SEC-006,15,3,0,0,7,Monsoon,1,1
2026-07-09,SEC-006,16,3,0,0,7,Monsoon,1,1
2026-07-09,SEC-006,17,3,0,0,7,Monsoon,0,0
2026-07-09,SEC-006,18,3,0,0,7,Monsoon,1,1
2026-07-09,SEC-006,19,3,0,0,7,Monsoon,1,1
2026-07-09,SEC-006,20,3,0,0,7,Monsoon,0,0
2026-07-09,SEC-006,21,3,0,0,7,Monsoon,0,0
2026-07-09,SEC-006,22,3,0,0,7,Monsoon,2,2
2026-07-09,SEC-006,23,3,0,0,7,Monsoon,1,1
2026-07-10,SEC-001,0,4,0,0,7,Monsoon,1,1
2026-07-10,SEC-001,1,4,0,0,7,Monsoon,2,2
2026-07-10,SEC-001,2,4,0,0,7,Monsoon,2,2
2026-07-10,SEC-001,3,4,0,0,7,Monsoon,1,1
2026-07-10,SEC-001,4,4,0,0,7,Monsoon,0,0
2026-07-10,SEC-001,5,4,0,0,7,Monsoon,1,1
2026-07-10,SEC-001,6,4,0,0,7,Monsoon,1,1
2026-07-10,SEC-001,7,4,0,0,7,Monsoon,0,0
2026-07-10,SEC-001,8,4,0,0,7,Monsoon,0,0
2026-07-10,SEC-001,9,4,0,0,7,Monsoon,1,1
2026-07-10,SEC-001,10,4,0,0,7,Monsoon,0,0
2026-07-10,SEC-001,11,4,0,0,7,Monsoon,0,0
2026-07-10,SEC-001,12,4,0,0,7,Monsoon,0,0
2026-07-10,SEC-001,13,4,0,0,7,Monsoon,0,0
2026-07-10,SEC-001,14,4,0,0,7,Monsoon,2,2
2026-07-10,SEC-001,15,4,0,0,7,Monsoon,0,0
2026-07-10,SEC-001,16,4,0,0,7,Monsoon,1,1
2026-07-10,SEC-001,17,4,0,0,7,Monsoon,0,0
2026-07-10,SEC-001,18,4,0,0,7,Monsoon,0,0
2026-07-10,SEC-001,19,4,0,0,7,Monsoon,1,1
2026-07-10,SEC-001,20,4,0,0,7,Monsoon,0,0
2026-07-10,SEC-001,21,4,0,0,7,Monsoon,1,1
2026-07-10,SEC-001,22,4,0,0,7,Monsoon,1,1
2026-07-10,SEC-001,23,4,0,0,7,Monsoon,1,1
2026-07-10,SEC-002,0,4,0,0,7,Monsoon,0,0
2026-07-10,SEC-002,1,4,0,0,7,Monsoon,2,2
2026-07-10,SEC-002,2,4,0,0,7,Monsoon,2,2
2026-07-10,SEC-002,3,4,0,0,7,Monsoon,1,1
2026-07-10,SEC-002,4,4,0,0,7,Monsoon,3,3
2026-07-10,SEC-002,5,4,0,0,7,Monsoon,0,0
2026-07-10,SEC-002,6,4,0,0,7,Monsoon,0,0
2026-07-10,SEC-002,7,4,0,0,7,Monsoon,1,1
2026-07-10,SEC-002,8,4,0,0,7,Monsoon,0,0
2026-07-10,SEC-002,9,4,0,0,7,Monsoon,0,0
2026-07-10,SEC-002,10,4,0,0,7,Monsoon,1,1
2026-07-10,SEC-002,11,4,0,0,7,Monsoon,0,0
2026-07-10,SEC-002,12,4,0,0,7,Monsoon,0,0
2026-07-10,SEC-002,13,4,0,0,7,Monsoon,1,1
2026-07-10,SEC-002,14,4,0,0,7,Monsoon,0,0
2026-07-10,SEC-002,15,4,0,0,7,Monsoon,0,0
2026-07-10,SEC-002,16,4,0,0,7,Monsoon,1,1
2026-07-10,SEC-002,17,4,0,0,7,Monsoon,0,0
2026-07-10,SEC-002,18,4,0,0,7,Monsoon,1,1
2026-07-10,SEC-002,19,4,0,0,7,Monsoon,0,0
2026-07-10,SEC-002,20,4,0,0,7,Monsoon,2,2
2026-07-10,SEC-002,21,4,0,0,7,Monsoon,0,0
2026-07-10,SEC-002,22,4,0,0,7,Monsoon,4,4
2026-07-10,SEC-002,23,4,0,0,7,Monsoon,2,2
2026-07-10,SEC-003,0,4,0,0,7,Monsoon,1,1
2026-07-10,SEC-003,1,4,0,0,7,Monsoon,3,3
2026-07-10,SEC-003,2,4,0,0,7,Monsoon,1,1
2026-07-10,SEC-003,3,4,0,0,7,Monsoon,2,2
2026-07-10,SEC-003,4,4,0,0,7,Monsoon,1,1
2026-07-10,SEC-003,5,4,0,0,7,Monsoon,0,0
2026-07-10,SEC-003,6,4,0,0,7,Monsoon,1,1
2026-07-10,SEC-003,7,4,0,0,7,Monsoon,0,0
2026-07-10,SEC-003,8,4,0,0,7,Monsoon,0,0
2026-07-10,SEC-003,9,4,0,0,7,Monsoon,1,1
2026-07-10,SEC-003,10,4,0,0,7,Monsoon,0,0
2026-07-10,SEC-003,11,4,0,0,7,Monsoon,0,0
2026-07-10,SEC-003,12,4,0,0,7,Monsoon,0,0
2026-07-10,SEC-003,13,4,0,0,7,Monsoon,1,1
2026-07-10,SEC-003,14,4,0,0,7,Monsoon,0,0
2026-07-10,SEC-003,15,4,0,0,7,Monsoon,0,0
2026-07-10,SEC-003,16,4,0,0,7,Monsoon,0,0
2026-07-10,SEC-003,17,4,0,0,7,Monsoon,1,1
2026-07-10,SEC-003,18,4,0,0,7,Monsoon,0,0
2026-07-10,SEC-003,19,4,0,0,7,Monsoon,0,0
2026-07-10,SEC-003,20,4,0,0,7,Monsoon,0,0
2026-07-10,SEC-003,21,4,0,0,7,Monsoon,0,0
2026-07-10,SEC-003,22,4,0,0,7,Monsoon,2,2
2026-07-10,SEC-003,23,4,0,0,7,Monsoon,2,2
2026-07-10,SEC-004,0,4,0,0,7,Monsoon,4,4
2026-07-10,SEC-004,1,4,0,0,7,Monsoon,1,1
2026-07-10,SEC-004,2,4,0,0,7,Monsoon,1,1
2026-07-10,SEC-004,3,4,0,0,7,Monsoon,3,3
2026-07-10,SEC-004,4,4,0,0,7,Monsoon,2,2
2026-07-10,SEC-004,5,4,0,0,7,Monsoon,0,0
2026-07-10,SEC-004,6,4,0,0,7,Monsoon,0,0
2026-07-10,SEC-004,7,4,0,0,7,Monsoon,0,0
2026-07-10,SEC-004,8,4,0,0,7,Monsoon,0,0
2026-07-10,SEC-004,9,4,0,0,7,Monsoon,0,0
2026-07-10,SEC-004,10,4,0,0,7,Monsoon,0,0
2026-07-10,SEC-004,11,4,0,0,7,Monsoon,1,1
2026-07-10,SEC-004,12,4,0,0,7,Monsoon,1,1
2026-07-10,SEC-004,13,4,0,0,7,Monsoon,0,0
2026-07-10,SEC-004,14,4,0,0,7,Monsoon,0,0
2026-07-10,SEC-004,15,4,0,0,7,Monsoon,1,1
2026-07-10,SEC-004,16,4,0,0,7,Monsoon,0,0
2026-07-10,SEC-004,17,4,0,0,7,Monsoon,0,0
2026-07-10,SEC-004,18,4,0,0,7,Monsoon,1,1
2026-07-10,SEC-004,19,4,0,0,7,Monsoon,1,1
2026-07-10,SEC-004,20,4,0,0,7,Monsoon,0,0
2026-07-10,SEC-004,21,4,0,0,7,Monsoon,1,1
2026-07-10,SEC-004,22,4,0,0,7,Monsoon,1,1
2026-07-10,SEC-004,23,4,0,0,7,Monsoon,2,2
2026-07-10,SEC-005,0,4,0,0,7,Monsoon,1,1
2026-07-10,SEC-005,1,4,0,0,7,Monsoon,3,3
2026-07-10,SEC-005,2,4,0,0,7,Monsoon,1,1
2026-07-10,SEC-005,3,4,0,0,7,Monsoon,1,1
2026-07-10,SEC-005,4,4,0,0,7,Monsoon,0,0
2026-07-10,SEC-005,5,4,0,0,7,Monsoon,1,1
2026-07-10,SEC-005,6,4,0,0,7,Monsoon,0,0
2026-07-10,SEC-005,7,4,0,0,7,Monsoon,0,0
2026-07-10,SEC-005,8,4,0,0,7,Monsoon,0,0
2026-07-10,SEC-005,9,4,0,0,7,Monsoon,0,0
2026-07-10,SEC-005,10,4,0,0,7,Monsoon,1,1
2026-07-10,SEC-005,11,4,0,0,7,Monsoon,0,0
2026-07-10,SEC-005,12,4,0,0,7,Monsoon,0,0
2026-07-10,SEC-005,13,4,0,0,7,Monsoon,0,0
2026-07-10,SEC-005,14,4,0,0,7,Monsoon,2,2
2026-07-10,SEC-005,15,4,0,0,7,Monsoon,0,0
2026-07-10,SEC-005,16,4,0,0,7,Monsoon,0,0
2026-07-10,SEC-005,17,4,0,0,7,Monsoon,0,0
2026-07-10,SEC-005,18,4,0,0,7,Monsoon,0,0
2026-07-10,SEC-005,19,4,0,0,7,Monsoon,1,1
2026-07-10,SEC-005,20,4,0,0,7,Monsoon,1,1
2026-07-10,SEC-005,21,4,0,0,7,Monsoon,0,0
2026-07-10,SEC-005,22,4,0,0,7,Monsoon,1,1
2026-07-10,SEC-005,23,4,0,0,7,Monsoon,1,1
2026-07-10,SEC-006,0,4,0,0,7,Monsoon,3,3
2026-07-10,SEC-006,1,4,0,0,7,Monsoon,4,4
2026-07-10,SEC-006,2,4,0,0,7,Monsoon,4,4
2026-07-10,SEC-006,3,4,0,0,7,Monsoon,1,1
2026-07-10,SEC-006,4,4,0,0,7,Monsoon,2,2
2026-07-10,SEC-006,5,4,0,0,7,Monsoon,0,0
2026-07-10,SEC-006,6,4,0,0,7,Monsoon,0,0
2026-07-10,SEC-006,7,4,0,0,7,Monsoon,0,0
2026-07-10,SEC-006,8,4,0,0,7,Monsoon,0,0
2026-07-10,SEC-006,9,4,0,0,7,Monsoon,1,1
2026-07-10,SEC-006,10,4,0,0,7,Monsoon,0,0
2026-07-10,SEC-006,11,4,0,0,7,Monsoon,0,0
2026-07-10,SEC-006,12,4,0,0,7,Monsoon,0,0
2026-07-10,SEC-006,13,4,0,0,7,Monsoon,0,0
2026-07-10,SEC-006,14,4,0,0,7,Monsoon,0,0
2026-07-10,SEC-006,15,4,0,0,7,Monsoon,0,0
2026-07-10,SEC-006,16,4,0,0,7,Monsoon,1,1
2026-07-10,SEC-006,17,4,0,0,7,Monsoon,0,0
2026-07-10,SEC-006,18,4,0,0,7,Monsoon,1,1
2026-07-10,SEC-006,19,4,0,0,7,Monsoon,2,2
2026-07-10,SEC-006,20,4,0,0,7,Monsoon,0,0
2026-07-10,SEC-006,21,4,0,0,7,Monsoon,0,0
2026-07-10,SEC-006,22,4,0,0,7,Monsoon,4,4
2026-07-10,SEC-006,23,4,0,0,7,Monsoon,0,0
2026-07-11,SEC-001,0,5,1,0,7,Monsoon,1,1
2026-07-11,SEC-001,1,5,1,0,7,Monsoon,1,1
2026-07-11,SEC-001,2,5,1,0,7,Monsoon,2,2
2026-07-11,SEC-001,3,5,1,0,7,Monsoon,3,3
2026-07-11,SEC-001,4,5,1,0,7,Monsoon,0,0
2026-07-11,SEC-001,5,5,1,0,7,Monsoon,0,0
2026-07-11,SEC-001,6,5,1,0,7,Monsoon,1,1
2026-07-11,SEC-001,7,5,1,0,7,Monsoon,0,0
2026-07-11,SEC-001,8,5,1,0,7,Monsoon,1,1
2026-07-11,SEC-001,9,5,1,0,7,Monsoon,1,1
2026-07-11,SEC-001,10,5,1,0,7,Monsoon,0,0
2026-07-11,SEC-001,11,5,1,0,7,Monsoon,0,0
2026-07-11,SEC-001,12,5,1,0,7,Monsoon,0,0
2026-07-11,SEC-001,13,5,1,0,7,Monsoon,0,0
2026-07-11,SEC-001,14,5,1,0,7,Monsoon,0,0
2026-07-11,SEC-001,15,5,1,0,7,Monsoon,2,2
2026-07-11,SEC-001,16,5,1,0,7,Monsoon,0,0
2026-07-11,SEC-001,17,5,1,0,7,Monsoon,0,0
2026-07-11,SEC-001,18,5,1,0,7,Monsoon,0,0
2026-07-11,SEC-001,19,5,1,0,7,Monsoon,0,0
2026-07-11,SEC-001,20,5,1,0,7,Monsoon,0,0
2026-07-11,SEC-001,21,5,1,0,7,Monsoon,0,0
2026-07-11,SEC-001,22,5,1,0,7,Monsoon,3,3
2026-07-11,SEC-001,23,5,1,0,7,Monsoon,2,2
2026-07-11,SEC-002,0,5,1,0,7,Monsoon,0,0
2026-07-11,SEC-002,1,5,1,0,7,Monsoon,2,2
2026-07-11,SEC-002,2,5,1,0,7,Monsoon,2,2
2026-07-11,SEC-002,3,5,1,0,7,Monsoon,2,2
2026-07-11,SEC-002,4,5,1,0,7,Monsoon,3,3
2026-07-11,SEC-002,5,5,1,0,7,Monsoon,0,0
2026-07-11,SEC-002,6,5,1,0,7,Monsoon,0,0
2026-07-11,SEC-002,7,5,1,0,7,Monsoon,1,1
2026-07-11,SEC-002,8,5,1,0,7,Monsoon,2,2
2026-07-11,SEC-002,9,5,1,0,7,Monsoon,1,1
2026-07-11,SEC-002,10,5,1,0,7,Monsoon,0,0
2026-07-11,SEC-002,11,5,1,0,7,Monsoon,0,0
2026-07-11,SEC-002,12,5,1,0,7,Monsoon,0,0
2026-07-11,SEC-002,13,5,1,0,7,Monsoon,1,1
2026-07-11,SEC-002,14,5,1,0,7,Monsoon,0,0
2026-07-11,SEC-002,15,5,1,0,7,Monsoon,0,0
2026-07-11,SEC-002,16,5,1,0,7,Monsoon,0,0
2026-07-11,SEC-002,17,5,1,0,7,Monsoon,0,0
2026-07-11,SEC-002,18,5,1,0,7,Monsoon,1,1
2026-07-11,SEC-002,19,5,1,0,7,Monsoon,0,0
2026-07-11,SEC-002,20,5,1,0,7,Monsoon,0,0
2026-07-11,SEC-002,21,5,1,0,7,Monsoon,1,1
2026-07-11,SEC-002,22,5,1,0,7,Monsoon,4,4
2026-07-11,SEC-002,23,5,1,0,7,Monsoon,2,2
2026-07-11,SEC-003,0,5,1,0,7,Monsoon,1,1
2026-07-11,SEC-003,1,5,1,0,7,Monsoon,2,2
2026-07-11,SEC-003,2,5,1,0,7,Monsoon,1,1
2026-07-11,SEC-003,3,5,1,0,7,Monsoon,4,4
2026-07-11,SEC-003,4,5,1,0,7,Monsoon,0,0
2026-07-11,SEC-003,5,5,1,0,7,Monsoon,0,0
2026-07-11,SEC-003,6,5,1,0,7,Monsoon,0,0
2026-07-11,SEC-003,7,5,1,0,7,Monsoon,0,0
2026-07-11,SEC-003,8,5,1,0,7,Monsoon,1,1
2026-07-11,SEC-003,9,5,1,0,7,Monsoon,2,2
2026-07-11,SEC-003,10,5,1,0,7,Monsoon,1,1
2026-07-11,SEC-003,11,5,1,0,7,Monsoon,0,0
2026-07-11,SEC-003,12,5,1,0,7,Monsoon,0,0
2026-07-11,SEC-003,13,5,1,0,7,Monsoon,0,0
2026-07-11,SEC-003,14,5,1,0,7,Monsoon,1,1
2026-07-11,SEC-003,15,5,1,0,7,Monsoon,0,0
2026-07-11,SEC-003,16,5,1,0,7,Monsoon,0,0
2026-07-11,SEC-003,17,5,1,0,7,Monsoon,0,0
2026-07-11,SEC-003,18,5,1,0,7,Monsoon,0,0
2026-07-11,SEC-003,19,5,1,0,7,Monsoon,0,0
2026-07-11,SEC-003,20,5,1,0,7,Monsoon,0,0
2026-07-11,SEC-003,21,5,1,0,7,Monsoon,0,0
2026-07-11,SEC-003,22,5,1,0,7,Monsoon,2,2
2026-07-11,SEC-003,23,5,1,0,7,Monsoon,1,1
2026-07-11,SEC-004,0,5,1,0,7,Monsoon,0,0
2026-07-11,SEC-004,1,5,1,0,7,Monsoon,2,2
2026-07-11,SEC-004,2,5,1,0,7,Monsoon,1,1
2026-07-11,SEC-004,3,5,1,0,7,Monsoon,1,1
2026-07-11,SEC-004,4,5,1,0,7,Monsoon,3,3
2026-07-11,SEC-004,5,5,1,0,7,Monsoon,0,0
2026-07-11,SEC-004,6,5,1,0,7,Monsoon,1,1
2026-07-11,SEC-004,7,5,1,0,7,Monsoon,1,1
2026-07-11,SEC-004,8,5,1,0,7,Monsoon,1,1
2026-07-11,SEC-004,9,5,1,0,7,Monsoon,0,0
2026-07-11,SEC-004,10,5,1,0,7,Monsoon,0,0
2026-07-11,SEC-004,11,5,1,0,7,Monsoon,0,0
2026-07-11,SEC-004,12,5,1,0,7,Monsoon,0,0
2026-07-11,SEC-004,13,5,1,0,7,Monsoon,0,0
2026-07-11,SEC-004,14,5,1,0,7,Monsoon,0,0
2026-07-11,SEC-004,15,5,1,0,7,Monsoon,0,0
2026-07-11,SEC-004,16,5,1,0,7,Monsoon,0,0
2026-07-11,SEC-004,17,5,1,0,7,Monsoon,0,0
2026-07-11,SEC-004,18,5,1,0,7,Monsoon,0,0
2026-07-11,SEC-004,19,5,1,0,7,Monsoon,0,0
2026-07-11,SEC-004,20,5,1,0,7,Monsoon,1,1
2026-07-11,SEC-004,21,5,1,0,7,Monsoon,0,0
2026-07-11,SEC-004,22,5,1,0,7,Monsoon,1,1
2026-07-11,SEC-004,23,5,1,0,7,Monsoon,3,3
2026-07-11,SEC-005,0,5,1,0,7,Monsoon,2,2
2026-07-11,SEC-005,1,5,1,0,7,Monsoon,1,1
2026-07-11,SEC-005,2,5,1,0,7,Monsoon,1,1
2026-07-11,SEC-005,3,5,1,0,7,Monsoon,2,2
2026-07-11,SEC-005,4,5,1,0,7,Monsoon,3,3
2026-07-11,SEC-005,5,5,1,0,7,Monsoon,0,0
2026-07-11,SEC-005,6,5,1,0,7,Monsoon,0,0
2026-07-11,SEC-005,7,5,1,0,7,Monsoon,1,1
2026-07-11,SEC-005,8,5,1,0,7,Monsoon,1,1
2026-07-11,SEC-005,9,5,1,0,7,Monsoon,1,1
2026-07-11,SEC-005,10,5,1,0,7,Monsoon,0,0
2026-07-11,SEC-005,11,5,1,0,7,Monsoon,1,1
2026-07-11,SEC-005,12,5,1,0,7,Monsoon,0,0
2026-07-11,SEC-005,13,5,1,0,7,Monsoon,0,0
2026-07-11,SEC-005,14,5,1,0,7,Monsoon,1,1
2026-07-11,SEC-005,15,5,1,0,7,Monsoon,0,0
2026-07-11,SEC-005,16,5,1,0,7,Monsoon,0,0
2026-07-11,SEC-005,17,5,1,0,7,Monsoon,0,0
2026-07-11,SEC-005,18,5,1,0,7,Monsoon,0,0
2026-07-11,SEC-005,19,5,1,0,7,Monsoon,0,0
2026-07-11,SEC-005,20,5,1,0,7,Monsoon,1,1
2026-07-11,SEC-005,21,5,1,0,7,Monsoon,0,0
2026-07-11,SEC-005,22,5,1,0,7,Monsoon,4,4
2026-07-11,SEC-005,23,5,1,0,7,Monsoon,2,2
2026-07-11,SEC-006,0,5,1,0,7,Monsoon,5,5
2026-07-11,SEC-006,1,5,1,0,7,Monsoon,1,1
2026-07-11,SEC-006,2,5,1,0,7,Monsoon,2,2
2026-07-11,SEC-006,3,5,1,0,7,Monsoon,0,0
2026-07-11,SEC-006,4,5,1,0,7,Monsoon,1,1
2026-07-11,SEC-006,5,5,1,0,7,Monsoon,0,0
2026-07-11,SEC-006,6,5,1,0,7,Monsoon,0,0
2026-07-11,SEC-006,7,5,1,0,7,Monsoon,1,1
2026-07-11,SEC-006,8,5,1,0,7,Monsoon,0,0
2026-07-11,SEC-006,9,5,1,0,7,Monsoon,0,0
2026-07-11,SEC-006,10,5,1,0,7,Monsoon,0,0
2026-07-11,SEC-006,11,5,1,0,7,Monsoon,0,0
2026-07-11,SEC-006,12,5,1,0,7,Monsoon,1,1
2026-07-11,SEC-006,13,5,1,0,7,Monsoon,0,0
2026-07-11,SEC-006,14,5,1,0,7,Monsoon,0,0
2026-07-11,SEC-006,15,5,1,0,7,Monsoon,0,0
2026-07-11,SEC-006,16,5,1,0,7,Monsoon,0,0
2026-07-11,SEC-006,17,5,1,0,7,Monsoon,1,1
2026-07-11,SEC-006,18,5,1,0,7,Monsoon,1,1
2026-07-11,SEC-006,19,5,1,0,7,Monsoon,0,0
2026-07-11,SEC-006,20,5,1,0,7,Monsoon,0,0
2026-07-11,SEC-006,21,5,1,0,7,Monsoon,0,0
2026-07-11,SEC-006,22,5,1,0,7,Monsoon,1,1
2026-07-11,SEC-006,23,5,1,0,7,Monsoon,2,2
2026-07-12,SEC-001,0,6,1,0,7,Monsoon,1,1
2026-07-12,SEC-001,1,6,1,0,7,Monsoon,2,2
2026-07-12,SEC-001,2,6,1,0,7,Monsoon,0,0
2026-07-12,SEC-001,3,6,1,0,7,Monsoon,2,2
2026-07-12,SEC-001,4,6,1,0,7,Monsoon,2,2
2026-07-12,SEC-001,5,6,1,0,7,Monsoon,0,0
2026-07-12,SEC-001,6,6,1,0,7,Monsoon,0,0
2026-07-12,SEC-001,7,6,1,0,7,Monsoon,1,1
2026-07-12,SEC-001,8,6,1,0,7,Monsoon,1,1
2026-07-12,SEC-001,9,6,1,0,7,Monsoon,1,1
2026-07-12,SEC-001,10,6,1,0,7,Monsoon,0,0
2026-07-12,SEC-001,11,6,1,0,7,Monsoon,2,2
2026-07-12,SEC-001,12,6,1,0,7,Monsoon,0,0
2026-07-12,SEC-001,13,6,1,0,7,Monsoon,2,2
2026-07-12,SEC-001,14,6,1,0,7,Monsoon,1,1
2026-07-12,SEC-001,15,6,1,0,7,Monsoon,0,0
2026-07-12,SEC-001,16,6,1,0,7,Monsoon,1,1
2026-07-12,SEC-001,17,6,1,0,7,Monsoon,0,0
2026-07-12,SEC-001,18,6,1,0,7,Monsoon,1,1
2026-07-12,SEC-001,19,6,1,0,7,Monsoon,0,0
2026-07-12,SEC-001,20,6,1,0,7,Monsoon,0,0
2026-07-12,SEC-001,21,6,1,0,7,Monsoon,0,0
2026-07-12,SEC-001,22,6,1,0,7,Monsoon,2,2
2026-07-12,SEC-001,23,6,1,0,7,Monsoon,1,1
2026-07-12,SEC-002,0,6,1,0,7,Monsoon,3,3
2026-07-12,SEC-002,1,6,1,0,7,Monsoon,2,2
2026-07-12,SEC-002,2,6,1,0,7,Monsoon,2,2
2026-07-12,SEC-002,3,6,1,0,7,Monsoon,0,0
2026-07-12,SEC-002,4,6,1,0,7,Monsoon,0,0
2026-07-12,SEC-002,5,6,1,0,7,Monsoon,0,0
2026-07-12,SEC-002,6,6,1,0,7,Monsoon,0,0
2026-07-12,SEC-002,7,6,1,0,7,Monsoon,0,0
2026-07-12,SEC-002,8,6,1,0,7,Monsoon,0,0
2026-07-12,SEC-002,9,6,1,0,7,Monsoon,0,0
2026-07-12,SEC-002,10,6,1,0,7,Monsoon,3,3
2026-07-12,SEC-002,11,6,1,0,7,Monsoon,1,1
2026-07-12,SEC-002,12,6,1,0,7,Monsoon,0,0
2026-07-12,SEC-002,13,6,1,0,7,Monsoon,0,0
2026-07-12,SEC-002,14,6,1,0,7,Monsoon,1,1
2026-07-12,SEC-002,15,6,1,0,7,Monsoon,1,1
2026-07-12,SEC-002,16,6,1,0,7,Monsoon,0,0
2026-07-12,SEC-002,17,6,1,0,7,Monsoon,1,1
2026-07-12,SEC-002,18,6,1,0,7,Monsoon,1,1
2026-07-12,SEC-002,19,6,1,0,7,Monsoon,1,1
2026-07-12,SEC-002,20,6,1,0,7,Monsoon,0,0
2026-07-12,SEC-002,21,6,1,0,7,Monsoon,2,2
2026-07-12,SEC-002,22,6,1,0,7,Monsoon,1,1
2026-07-12,SEC-002,23,6,1,0,7,Monsoon,0,0
2026-07-12,SEC-003,0,6,1,0,7,Monsoon,1,1
2026-07-12,SEC-003,1,6,1,0,7,Monsoon,3,3
2026-07-12,SEC-003,2,6,1,0,7,Monsoon,0,0
2026-07-12,SEC-003,3,6,1,0,7,Monsoon,2,2
2026-07-12,SEC-003,4,6,1,0,7,Monsoon,0,0
2026-07-12,SEC-003,5,6,1,0,7,Monsoon,3,3
2026-07-12,SEC-003,6,6,1,0,7,Monsoon,2,2
2026-07-12,SEC-003,7,6,1,0,7,Monsoon,0,0
2026-07-12,SEC-003,8,6,1,0,7,Monsoon,1,1
2026-07-12,SEC-003,9,6,1,0,7,Monsoon,0,0
2026-07-12,SEC-003,10,6,1,0,7,Monsoon,0,0
2026-07-12,SEC-003,11,6,1,0,7,Monsoon,0,0
2026-07-12,SEC-003,12,6,1,0,7,Monsoon,0,0
2026-07-12,SEC-003,13,6,1,0,7,Monsoon,1,1
2026-07-12,SEC-003,14,6,1,0,7,Monsoon,0,0
2026-07-12,SEC-003,15,6,1,0,7,Monsoon,1,1
2026-07-12,SEC-003,16,6,1,0,7,Monsoon,2,2
2026-07-12,SEC-003,17,6,1,0,7,Monsoon,0,0
2026-07-12,SEC-003,18,6,1,0,7,Monsoon,0,0
2026-07-12,SEC-003,19,6,1,0,7,Monsoon,1,1
2026-07-12,SEC-003,20,6,1,0,7,Monsoon,0,0
2026-07-12,SEC-003,21,6,1,0,7,Monsoon,1,1
2026-07-12,SEC-003,22,6,1,0,7,Monsoon,2,2
2026-07-12,SEC-003,23,6,1,0,7,Monsoon,3,3
2026-07-12,SEC-004,0,6,1,0,7,Monsoon,2,2
2026-07-12,SEC-004,1,6,1,0,7,Monsoon,1,1
2026-07-12,SEC-004,2,6,1,0,7,Monsoon,1,1
2026-07-12,SEC-004,3,6,1,0,7,Monsoon,2,2
2026-07-12,SEC-004,4,6,1,0,7,Monsoon,1,1
2026-07-12,SEC-004,5,6,1,0,7,Monsoon,0,0
2026-07-12,SEC-004,6,6,1,0,7,Monsoon,0,0
2026-07-12,SEC-004,7,6,1,0,7,Monsoon,1,1
2026-07-12,SEC-004,8,6,1,0,7,Monsoon,0,0
2026-07-12,SEC-004,9,6,1,0,7,Monsoon,0,0
2026-07-12,SEC-004,10,6,1,0,7,Monsoon,0,0
2026-07-12,SEC-004,11,6,1,0,7,Monsoon,0,0
2026-07-12,SEC-004,12,6,1,0,7,Monsoon,0,0
2026-07-12,SEC-004,13,6,1,0,7,Monsoon,0,0
2026-07-12,SEC-004,14,6,1,0,7,Monsoon,2,2
2026-07-12,SEC-004,15,6,1,0,7,Monsoon,2,2
2026-07-12,SEC-004,16,6,1,0,7,Monsoon,2,2
2026-07-12,SEC-004,17,6,1,0,7,Monsoon,2,2
2026-07-12,SEC-004,18,6,1,0,7,Monsoon,1,1
2026-07-12,SEC-004,19,6,1,0,7,Monsoon,1,1
2026-07-12,SEC-004,20,6,1,0,7,Monsoon,0,0
2026-07-12,SEC-004,21,6,1,0,7,Monsoon,1,1
2026-07-12,SEC-004,22,6,1,0,7,Monsoon,6,6
2026-07-12,SEC-004,23,6,1,0,7,Monsoon,4,4
2026-07-12,SEC-005,0,6,1,0,7,Monsoon,4,4
2026-07-12,SEC-005,1,6,1,0,7,Monsoon,0,0
2026-07-12,SEC-005,2,6,1,0,7,Monsoon,3,3
2026-07-12,SEC-005,3,6,1,0,7,Monsoon,1,1
2026-07-12,SEC-005,4,6,1,0,7,Monsoon,0,0
2026-07-12,SEC-005,5,6,1,0,7,Monsoon,2,2
2026-07-12,SEC-005,6,6,1,0,7,Monsoon,0,0
2026-07-12,SEC-005,7,6,1,0,7,Monsoon,1,1
2026-07-12,SEC-005,8,6,1,0,7,Monsoon,0,0
2026-07-12,SEC-005,9,6,1,0,7,Monsoon,0,0
2026-07-12,SEC-005,10,6,1,0,7,Monsoon,0,0
2026-07-12,SEC-005,11,6,1,0,7,Monsoon,0,0
2026-07-12,SEC-005,12,6,1,0,7,Monsoon,0,0
2026-07-12,SEC-005,13,6,1,0,7,Monsoon,1,1
2026-07-12,SEC-005,14,6,1,0,7,Monsoon,0,0
2026-07-12,SEC-005,15,6,1,0,7,Monsoon,0,0
2026-07-12,SEC-005,16,6,1,0,7,Monsoon,0,0
2026-07-12,SEC-005,17,6,1,0,7,Monsoon,1,1
2026-07-12,SEC-005,18,6,1,0,7,Monsoon,1,1
2026-07-12,SEC-005,19,6,1,0,7,Monsoon,0,0
2026-07-12,SEC-005,20,6,1,0,7,Monsoon,0,0
2026-07-12,SEC-005,21,6,1,0,7,Monsoon,0,0
2026-07-12,SEC-005,22,6,1,0,7,Monsoon,6,6
2026-07-12,SEC-005,23,6,1,0,7,Monsoon,2,2
2026-07-12,SEC-006,0,6,1,0,7,Monsoon,0,0
2026-07-12,SEC-006,1,6,1,0,7,Monsoon,2,2
2026-07-12,SEC-006,2,6,1,0,7,Monsoon,3,3
2026-07-12,SEC-006,3,6,1,0,7,Monsoon,2,2
2026-07-12,SEC-006,4,6,1,0,7,Monsoon,1,1
2026-07-12,SEC-006,5,6,1,0,7,Monsoon,0,0
2026-07-12,SEC-006,6,6,1,0,7,Monsoon,1,1
2026-07-12,SEC-006,7,6,1,0,7,Monsoon,0,0
2026-07-12,SEC-006,8,6,1,0,7,Monsoon,0,0
2026-07-12,SEC-006,9,6,1,0,7,Monsoon,2,2
2026-07-12,SEC-006,10,6,1,0,7,Monsoon,0,0
2026-07-12,SEC-006,11,6,1,0,7,Monsoon,0,0
2026-07-12,SEC-006,12,6,1,0,7,Monsoon,0,0
2026-07-12,SEC-006,13,6,1,0,7,Monsoon,0,0
2026-07-12,SEC-006,14,6,1,0,7,Monsoon,0,0
2026-07-12,SEC-006,15,6,1,0,7,Monsoon,1,1
2026-07-12,SEC-006,16,6,1,0,7,Monsoon,2,2
2026-07-12,SEC-006,17,6,1,0,7,Monsoon,0,0
2026-07-12,SEC-006,18,6,1,0,7,Monsoon,1,1
2026-07-12,SEC-006,19,6,1,0,7,Monsoon,1,1
2026-07-12,SEC-006,20,6,1,0,7,Monsoon,0,0
2026-07-12,SEC-006,21,6,1,0,7,Monsoon,1,1
2026-07-12,SEC-006,22,6,1,0,7,Monsoon,2,2
2026-07-12,SEC-006,23,6,1,0,7,Monsoon,2,2
2026-07-13,SEC-001,0,0,0,0,7,Monsoon,3,3
2026-07-13,SEC-001,1,0,0,0,7,Monsoon,1,1
2026-07-13,SEC-001,2,0,0,0,7,Monsoon,2,2
2026-07-13,SEC-001,3,0,0,0,7,Monsoon,1,1
2026-07-13,SEC-001,4,0,0,0,7,Monsoon,5,5
2026-07-13,SEC-001,5,0,0,0,7,Monsoon,0,0
2026-07-13,SEC-001,6,0,0,0,7,Monsoon,0,0
2026-07-13,SEC-001,7,0,0,0,7,Monsoon,1,1
2026-07-13,SEC-001,8,0,0,0,7,Monsoon,0,0
2026-07-13,SEC-001,9,0,0,0,7,Monsoon,0,0
2026-07-13,SEC-001,10,0,0,0,7,Monsoon,2,2
2026-07-13,SEC-001,11,0,0,0,7,Monsoon,0,0
2026-07-13,SEC-001,12,0,0,0,7,Monsoon,0,0
2026-07-13,SEC-001,13,0,0,0,7,Monsoon,1,1
2026-07-13,SEC-001,14,0,0,0,7,Monsoon,0,0
2026-07-13,SEC-001,15,0,0,0,7,Monsoon,1,1
2026-07-13,SEC-001,16,0,0,0,7,Monsoon,1,1
2026-07-13,SEC-001,17,0,0,0,7,Monsoon,1,1
2026-07-13,SEC-001,18,0,0,0,7,Monsoon,0,0
2026-07-13,SEC-001,19,0,0,0,7,Monsoon,1,1
2026-07-13,SEC-001,20,0,0,0,7,Monsoon,2,2
2026-07-13,SEC-001,21,0,0,0,7,Monsoon,0,0
2026-07-13,SEC-001,22,0,0,0,7,Monsoon,3,3
2026-07-13,SEC-001,23,0,0,0,7,Monsoon,3,3
2026-07-13,SEC-002,0,0,0,0,7,Monsoon,1,1
2026-07-13,SEC-002,1,0,0,0,7,Monsoon,1,1
2026-07-13,SEC-002,2,0,0,0,7,Monsoon,3,3
2026-07-13,SEC-002,3,0,0,0,7,Monsoon,5,5
2026-07-13,SEC-002,4,0,0,0,7,Monsoon,1,1
2026-07-13,SEC-002,5,0,0,0,7,Monsoon,1,1
2026-07-13,SEC-002,6,0,0,0,7,Monsoon,1,1
2026-07-13,SEC-002,7,0,0,0,7,Monsoon,0,0
2026-07-13,SEC-002,8,0,0,0,7,Monsoon,1,1
2026-07-13,SEC-002,9,0,0,0,7,Monsoon,0,0
2026-07-13,SEC-002,10,0,0,0,7,Monsoon,1,1
2026-07-13,SEC-002,11,0,0,0,7,Monsoon,2,2
2026-07-13,SEC-002,12,0,0,0,7,Monsoon,1,1
2026-07-13,SEC-002,13,0,0,0,7,Monsoon,0,0
2026-07-13,SEC-002,14,0,0,0,7,Monsoon,1,1
2026-07-13,SEC-002,15,0,0,0,7,Monsoon,0,0
2026-07-13,SEC-002,16,0,0,0,7,Monsoon,1,1
2026-07-13,SEC-002,17,0,0,0,7,Monsoon,0,0
2026-07-13,SEC-002,18,0,0,0,7,Monsoon,0,0
2026-07-13,SEC-002,19,0,0,0,7,Monsoon,0,0
2026-07-13,SEC-002,20,0,0,0,7,Monsoon,0,0
2026-07-13,SEC-002,21,0,0,0,7,Monsoon,0,0
2026-07-13,SEC-002,22,0,0,0,7,Monsoon,1,1
2026-07-13,SEC-002,23,0,0,0,7,Monsoon,1,1
2026-07-13,SEC-003,0,0,0,0,7,Monsoon,0,0
2026-07-13,SEC-003,1,0,0,0,7,Monsoon,3,3
2026-07-13,SEC-003,2,0,0,0,7,Monsoon,1,1
2026-07-13,SEC-003,3,0,0,0,7,Monsoon,3,3
2026-07-13,SEC-003,4,0,0,0,7,Monsoon,5,5
2026-07-13,SEC-003,5,0,0,0,7,Monsoon,0,0
2026-07-13,SEC-003,6,0,0,0,7,Monsoon,0,0
2026-07-13,SEC-003,7,0,0,0,7,Monsoon,0,0
2026-07-13,SEC-003,8,0,0,0,7,Monsoon,0,0
2026-07-13,SEC-003,9,0,0,0,7,Monsoon,0,0
2026-07-13,SEC-003,10,0,0,0,7,Monsoon,1,1
2026-07-13,SEC-003,11,0,0,0,7,Monsoon,0,0
2026-07-13,SEC-003,12,0,0,0,7,Monsoon,0,0
2026-07-13,SEC-003,13,0,0,0,7,Monsoon,0,0
2026-07-13,SEC-003,14,0,0,0,7,Monsoon,2,2
2026-07-13,SEC-003,15,0,0,0,7,Monsoon,0,0
2026-07-13,SEC-003,16,0,0,0,7,Monsoon,1,1
2026-07-13,SEC-003,17,0,0,0,7,Monsoon,0,0
2026-07-13,SEC-003,18,0,0,0,7,Monsoon,0,0
2026-07-13,SEC-003,19,0,0,0,7,Monsoon,0,0
2026-07-13,SEC-003,20,0,0,0,7,Monsoon,0,0
2026-07-13,SEC-003,21,0,0,0,7,Monsoon,1,1
2026-07-13,SEC-003,22,0,0,0,7,Monsoon,0,0
2026-07-13,SEC-003,23,0,0,0,7,Monsoon,1,1
2026-07-13,SEC-004,0,0,0,0,7,Monsoon,4,4
2026-07-13,SEC-004,1,0,0,0,7,Monsoon,1,1
2026-07-13,SEC-004,2,0,0,0,7,Monsoon,3,3
2026-07-13,SEC-004,3,0,0,0,7,Monsoon,1,1
2026-07-13,SEC-004,4,0,0,0,7,Monsoon,3,3
2026-07-13,SEC-004,5,0,0,0,7,Monsoon,1,1
2026-07-13,SEC-004,6,0,0,0,7,Monsoon,0,0
2026-07-13,SEC-004,7,0,0,0,7,Monsoon,0,0
2026-07-13,SEC-004,8,0,0,0,7,Monsoon,1,1
2026-07-13,SEC-004,9,0,0,0,7,Monsoon,1,1
2026-07-13,SEC-004,10,0,0,0,7,Monsoon,1,1
2026-07-13,SEC-004,11,0,0,0,7,Monsoon,0,0
2026-07-13,SEC-004,12,0,0,0,7,Monsoon,0,0
2026-07-13,SEC-004,13,0,0,0,7,Monsoon,0,0
2026-07-13,SEC-004,14,0,0,0,7,Monsoon,1,1
2026-07-13,SEC-004,15,0,0,0,7,Monsoon,0,0
2026-07-13,SEC-004,16,0,0,0,7,Monsoon,0,0
2026-07-13,SEC-004,17,0,0,0,7,Monsoon,1,1
2026-07-13,SEC-004,18,0,0,0,7,Monsoon,0,0
2026-07-13,SEC-004,19,0,0,0,7,Monsoon,1,1
2026-07-13,SEC-004,20,0,0,0,7,Monsoon,2,2
2026-07-13,SEC-004,21,0,0,0,7,Monsoon,0,0
2026-07-13,SEC-004,22,0,0,0,7,Monsoon,2,2
2026-07-13,SEC-004,23,0,0,0,7,Monsoon,1,1
2026-07-13,SEC-005,0,0,0,0,7,Monsoon,3,3
2026-07-13,SEC-005,1,0,0,0,7,Monsoon,2,2
2026-07-13,SEC-005,2,0,0,0,7,Monsoon,2,2
2026-07-13,SEC-005,3,0,0,0,7,Monsoon,3,3
2026-07-13,SEC-005,4,0,0,0,7,Monsoon,2,2
2026-07-13,SEC-005,5,0,0,0,7,Monsoon,0,0
2026-07-13,SEC-005,6,0,0,0,7,Monsoon,1,1
2026-07-13,SEC-005,7,0,0,0,7,Monsoon,0,0
2026-07-13,SEC-005,8,0,0,0,7,Monsoon,0,0
2026-07-13,SEC-005,9,0,0,0,7,Monsoon,1,1
2026-07-13,SEC-005,10,0,0,0,7,Monsoon,1,1
2026-07-13,SEC-005,11,0,0,0,7,Monsoon,0,0
2026-07-13,SEC-005,12,0,0,0,7,Monsoon,0,0
2026-07-13,SEC-005,13,0,0,0,7,Monsoon,0,0
2026-07-13,SEC-005,14,0,0,0,7,Monsoon,0,0
2026-07-13,SEC-005,15,0,0,0,7,Monsoon,1,1
2026-07-13,SEC-005,16,0,0,0,7,Monsoon,0,0
2026-07-13,SEC-005,17,0,0,0,7,Monsoon,1,1
2026-07-13,SEC-005,18,0,0,0,7,Monsoon,1,1
2026-07-13,SEC-005,19,0,0,0,7,Monsoon,0,0
2026-07-13,SEC-005,20,0,0,0,7,Monsoon,0,0
2026-07-13,SEC-005,21,0,0,0,7,Monsoon,0,0
2026-07-13,SEC-005,22,0,0,0,7,Monsoon,1,1
2026-07-13,SEC-005,23,0,0,0,7,Monsoon,2,2
2026-07-13,SEC-006,0,0,0,0,7,Monsoon,2,2
2026-07-13,SEC-006,1,0,0,0,7,Monsoon,1,1
2026-07-13,SEC-006,2,0,0,0,7,Monsoon,1,1
2026-07-13,SEC-006,3,0,0,0,7,Monsoon,1,1
2026-07-13,SEC-006,4,0,0,0,7,Monsoon,3,3
2026-07-13,SEC-006,5,0,0,0,7,Monsoon,0,0
2026-07-13,SEC-006,6,0,0,0,7,Monsoon,1,1
2026-07-13,SEC-006,7,0,0,0,7,Monsoon,0,0
2026-07-13,SEC-006,8,0,0,0,7,Monsoon,0,0
2026-07-13,SEC-006,9,0,0,0,7,Monsoon,1,1
2026-07-13,SEC-006,10,0,0,0,7,Monsoon,0,0
2026-07-13,SEC-006,11,0,0,0,7,Monsoon,0,0
2026-07-13,SEC-006,12,0,0,0,7,Monsoon,0,0
2026-07-13,SEC-006,13,0,0,0,7,Monsoon,2,2
2026-07-13,SEC-006,14,0,0,0,7,Monsoon,0,0
2026-07-13,SEC-006,15,0,0,0,7,Monsoon,1,1
2026-07-13,SEC-006,16,0,0,0,7,Monsoon,1,1
2026-07-13,SEC-006,17,0,0,0,7,Monsoon,2,2
2026-07-13,SEC-006,18,0,0,0,7,Monsoon,3,3
2026-07-13,SEC-006,19,0,0,0,7,Monsoon,0,0
2026-07-13,SEC-006,20,0,0,0,7,Monsoon,1,1
2026-07-13,SEC-006,21,0,0,0,7,Monsoon,1,1
2026-07-13,SEC-006,22,0,0,0,7,Monsoon,1,1
2026-07-13,SEC-006,23,0,0,0,7,Monsoon,2,2
2026-07-14,SEC-001,0,1,0,0,7,Monsoon,2,2
2026-07-14,SEC-001,1,1,0,0,7,Monsoon,0,0
2026-07-14,SEC-001,2,1,0,0,7,Monsoon,0,0
2026-07-14,SEC-001,3,1,0,0,7,Monsoon,1,1
2026-07-14,SEC-001,4,1,0,0,7,Monsoon,0,0
2026-07-14,SEC-001,5,1,0,0,7,Monsoon,0,0
2026-07-14,SEC-001,6,1,0,0,7,Monsoon,0,0
2026-07-14,SEC-001,7,1,0,0,7,Monsoon,0,0
2026-07-14,SEC-001,8,1,0,0,7,Monsoon,1,1
2026-07-14,SEC-001,9,1,0,0,7,Monsoon,0,0
2026-07-14,SEC-001,10,1,0,0,7,Monsoon,0,0
2026-07-14,SEC-001,11,1,0,0,7,Monsoon,0,0
2026-07-14,SEC-001,12,1,0,0,7,Monsoon,0,0
2026-07-14,SEC-001,13,1,0,0,7,Monsoon,0,0
2026-07-14,SEC-001,14,1,0,0,7,Monsoon,0,0
2026-07-14,SEC-001,15,1,0,0,7,Monsoon,1,1
2026-07-14,SEC-001,16,1,0,0,7,Monsoon,2,2
2026-07-14,SEC-001,17,1,0,0,7,Monsoon,0,0
2026-07-14,SEC-001,18,1,0,0,7,Monsoon,0,0
2026-07-14,SEC-001,19,1,0,0,7,Monsoon,0,0
2026-07-14,SEC-001,20,1,0,0,7,Monsoon,0,0
2026-07-14,SEC-001,21,1,0,0,7,Monsoon,0,0
2026-07-14,SEC-001,22,1,0,0,7,Monsoon,4,4
2026-07-14,SEC-001,23,1,0,0,7,Monsoon,2,2
2026-07-14,SEC-002,0,1,0,0,7,Monsoon,0,0
2026-07-14,SEC-002,1,1,0,0,7,Monsoon,1,1
2026-07-14,SEC-002,2,1,0,0,7,Monsoon,1,1
2026-07-14,SEC-002,3,1,0,0,7,Monsoon,2,2
2026-07-14,SEC-002,4,1,0,0,7,Monsoon,2,2
2026-07-14,SEC-002,5,1,0,0,7,Monsoon,2,2
2026-07-14,SEC-002,6,1,0,0,7,Monsoon,0,0
2026-07-14,SEC-002,7,1,0,0,7,Monsoon,0,0
2026-07-14,SEC-002,8,1,0,0,7,Monsoon,0,0
2026-07-14,SEC-002,9,1,0,0,7,Monsoon,0,0
2026-07-14,SEC-002,10,1,0,0,7,Monsoon,0,0
2026-07-14,SEC-002,11,1,0,0,7,Monsoon,0,0
2026-07-14,SEC-002,12,1,0,0,7,Monsoon,1,1
2026-07-14,SEC-002,13,1,0,0,7,Monsoon,0,0
2026-07-14,SEC-002,14,1,0,0,7,Monsoon,0,0
2026-07-14,SEC-002,15,1,0,0,7,Monsoon,0,0
2026-07-14,SEC-002,16,1,0,0,7,Monsoon,0,0
2026-07-14,SEC-002,17,1,0,0,7,Monsoon,1,1
2026-07-14,SEC-002,18,1,0,0,7,Monsoon,0,0
2026-07-14,SEC-002,19,1,0,0,7,Monsoon,0,0
2026-07-14,SEC-002,20,1,0,0,7,Monsoon,0,0
2026-07-14,SEC-002,21,1,0,0,7,Monsoon,1,1
2026-07-14,SEC-002,22,1,0,0,7,Monsoon,1,1
2026-07-14,SEC-002,23,1,0,0,7,Monsoon,3,3
2026-07-14,SEC-003,0,1,0,0,7,Monsoon,2,2
2026-07-14,SEC-003,1,1,0,0,7,Monsoon,1,1
2026-07-14,SEC-003,2,1,0,0,7,Monsoon,2,2
2026-07-14,SEC-003,3,1,0,0,7,Monsoon,1,1
2026-07-14,SEC-003,4,1,0,0,7,Monsoon,1,1
2026-07-14,SEC-003,5,1,0,0,7,Monsoon,1,1
2026-07-14,SEC-003,6,1,0,0,7,Monsoon,1,1
2026-07-14,SEC-003,7,1,0,0,7,Monsoon,0,0
2026-07-14,SEC-003,8,1,0,0,7,Monsoon,1,1
2026-07-14,SEC-003,9,1,0,0,7,Monsoon,0,0
2026-07-14,SEC-003,10,1,0,0,7,Monsoon,0,0
2026-07-14,SEC-003,11,1,0,0,7,Monsoon,0,0
2026-07-14,SEC-003,12,1,0,0,7,Monsoon,1,1
2026-07-14,SEC-003,13,1,0,0,7,Monsoon,1,1
2026-07-14,SEC-003,14,1,0,0,7,Monsoon,0,0
2026-07-14,SEC-003,15,1,0,0,7,Monsoon,0,0
2026-07-14,SEC-003,16,1,0,0,7,Monsoon,0,0
2026-07-14,SEC-003,17,1,0,0,7,Monsoon,1,1
2026-07-14,SEC-003,18,1,0,0,7,Monsoon,0,0
2026-07-14,SEC-003,19,1,0,0,7,Monsoon,0,0
2026-07-14,SEC-003,20,1,0,0,7,Monsoon,1,1
2026-07-14,SEC-003,21,1,0,0,7,Monsoon,0,0
2026-07-14,SEC-003,22,1,0,0,7,Monsoon,2,2
2026-07-14,SEC-003,23,1,0,0,7,Monsoon,1,1
2026-07-14,SEC-004,0,1,0,0,7,Monsoon,3,3
2026-07-14,SEC-004,1,1,0,0,7,Monsoon,2,2
2026-07-14,SEC-004,2,1,0,0,7,Monsoon,4,4
2026-07-14,SEC-004,3,1,0,0,7,Monsoon,3,3
2026-07-14,SEC-004,4,1,0,0,7,Monsoon,1,1
2026-07-14,SEC-004,5,1,0,0,7,Monsoon,0,0
2026-07-14,SEC-004,6,1,0,0,7,Monsoon,0,0
2026-07-14,SEC-004,7,1,0,0,7,Monsoon,0,0
2026-07-14,SEC-004,8,1,0,0,7,Monsoon,0,0
2026-07-14,SEC-004,9,1,0,0,7,Monsoon,0,0
2026-07-14,SEC-004,10,1,0,0,7,Monsoon,0,0
2026-07-14,SEC-004,11,1,0,0,7,Monsoon,1,1
2026-07-14,SEC-004,12,1,0,0,7,Monsoon,0,0
2026-07-14,SEC-004,13,1,0,0,7,Monsoon,0,0
2026-07-14,SEC-004,14,1,0,0,7,Monsoon,0,0
2026-07-14,SEC-004,15,1,0,0,7,Monsoon,0,0
2026-07-14,SEC-004,16,1,0,0,7,Monsoon,1,1
2026-07-14,SEC-004,17,1,0,0,7,Monsoon,0,0
2026-07-14,SEC-004,18,1,0,0,7,Monsoon,0,0
2026-07-14,SEC-004,19,1,0,0,7,Monsoon,0,0
2026-07-14,SEC-004,20,1,0,0,7,Monsoon,0,0
2026-07-14,SEC-004,21,1,0,0,7,Monsoon,1,1
2026-07-14,SEC-004,22,1,0,0,7,Monsoon,2,2
2026-07-14,SEC-004,23,1,0,0,7,Monsoon,0,0
2026-07-14,SEC-005,0,1,0,0,7,Monsoon,3,3
2026-07-14,SEC-005,1,1,0,0,7,Monsoon,7,7
2026-07-14,SEC-005,2,1,0,0,7,Monsoon,0,0
2026-07-14,SEC-005,3,1,0,0,7,Monsoon,6,6
2026-07-14,SEC-005,4,1,0,0,7,Monsoon,1,1
2026-07-14,SEC-005,5,1,0,0,7,Monsoon,0,0
2026-07-14,SEC-005,6,1,0,0,7,Monsoon,0,0
2026-07-14,SEC-005,7,1,0,0,7,Monsoon,0,0
2026-07-14,SEC-005,8,1,0,0,7,Monsoon,1,1
2026-07-14,SEC-005,9,1,0,0,7,Monsoon,0,0
2026-07-14,SEC-005,10,1,0,0,7,Monsoon,1,1
2026-07-14,SEC-005,11,1,0,0,7,Monsoon,0,0
2026-07-14,SEC-005,12,1,0,0,7,Monsoon,0,0
2026-07-14,SEC-005,13,1,0,0,7,Monsoon,0,0
2026-07-14,SEC-005,14,1,0,0,7,Monsoon,0,0
2026-07-14,SEC-005,15,1,0,0,7,Monsoon,0,0
2026-07-14,SEC-005,16,1,0,0,7,Monsoon,0,0
2026-07-14,SEC-005,17,1,0,0,7,Monsoon,0,0
2026-07-14,SEC-005,18,1,0,0,7,Monsoon,0,0
2026-07-14,SEC-005,19,1,0,0,7,Monsoon,0,0
2026-07-14,SEC-005,20,1,0,0,7,Monsoon,3,3
2026-07-14,SEC-005,21,1,0,0,7,Monsoon,0,0
2026-07-14,SEC-005,22,1,0,0,7,Monsoon,2,2
2026-07-14,SEC-005,23,1,0,0,7,Monsoon,2,2
2026-07-14,SEC-006,0,1,0,0,7,Monsoon,4,4
2026-07-14,SEC-006,1,1,0,0,7,Monsoon,0,0
2026-07-14,SEC-006,2,1,0,0,7,Monsoon,1,1
2026-07-14,SEC-006,3,1,0,0,7,Monsoon,1,1
2026-07-14,SEC-006,4,1,0,0,7,Monsoon,1,1
2026-07-14,SEC-006,5,1,0,0,7,Monsoon,1,1
2026-07-14,SEC-006,6,1,0,0,7,Monsoon,0,0
2026-07-14,SEC-006,7,1,0,0,7,Monsoon,0,0
2026-07-14,SEC-006,8,1,0,0,7,Monsoon,0,0
2026-07-14,SEC-006,9,1,0,0,7,Monsoon,0,0
2026-07-14,SEC-006,10,1,0,0,7,Monsoon,1,1
2026-07-14,SEC-006,11,1,0,0,7,Monsoon,2,2
2026-07-14,SEC-006,12,1,0,0,7,Monsoon,1,1
2026-07-14,SEC-006,13,1,0,0,7,Monsoon,0,0
2026-07-14,SEC-006,14,1,0,0,7,Monsoon,0,0
2026-07-14,SEC-006,15,1,0,0,7,Monsoon,0,0
2026-07-14,SEC-006,16,1,0,0,7,Monsoon,0,0
2026-07-14,SEC-006,17,1,0,0,7,Monsoon,0,0
2026-07-14,SEC-006,18,1,0,0,7,Monsoon,1,1
2026-07-14,SEC-006,19,1,0,0,7,Monsoon,0,0
2026-07-14,SEC-006,20,1,0,0,7,Monsoon,0,0
2026-07-14,SEC-006,21,1,0,0,7,Monsoon,2,2
2026-07-14,SEC-006,22,1,0,0,7,Monsoon,2,2
2026-07-14,SEC-006,23,1,0,0,7,Monsoon,1,1
2026-07-15,SEC-001,0,2,0,0,7,Monsoon,1,1
2026-07-15,SEC-001,1,2,0,0,7,Monsoon,5,5
2026-07-15,SEC-001,2,2,0,0,7,Monsoon,3,3
2026-07-15,SEC-001,3,2,0,0,7,Monsoon,4,4
2026-07-15,SEC-001,4,2,0,0,7,Monsoon,0,0
2026-07-15,SEC-001,5,2,0,0,7,Monsoon,2,2
2026-07-15,SEC-001,6,2,0,0,7,Monsoon,0,0
2026-07-15,SEC-001,7,2,0,0,7,Monsoon,0,0
2026-07-15,SEC-001,8,2,0,0,7,Monsoon,0,0
2026-07-15,SEC-001,9,2,0,0,7,Monsoon,0,0
2026-07-15,SEC-001,10,2,0,0,7,Monsoon,1,1
2026-07-15,SEC-001,11,2,0,0,7,Monsoon,0,0
2026-07-15,SEC-001,12,2,0,0,7,Monsoon,1,1
2026-07-15,SEC-001,13,2,0,0,7,Monsoon,0,0
2026-07-15,SEC-001,14,2,0,0,7,Monsoon,1,1
2026-07-15,SEC-001,15,2,0,0,7,Monsoon,1,1
2026-07-15,SEC-001,16,2,0,0,7,Monsoon,1,1
2026-07-15,SEC-001,17,2,0,0,7,Monsoon,0,0
2026-07-15,SEC-001,18,2,0,0,7,Monsoon,1,1
2026-07-15,SEC-001,19,2,0,0,7,Monsoon,0,0
2026-07-15,SEC-001,20,2,0,0,7,Monsoon,0,0
2026-07-15,SEC-001,21,2,0,0,7,Monsoon,0,0
2026-07-15,SEC-001,22,2,0,0,7,Monsoon,4,4
2026-07-15,SEC-001,23,2,0,0,7,Monsoon,3,3
2026-07-15,SEC-002,0,2,0,0,7,Monsoon,2,2
2026-07-15,SEC-002,1,2,0,0,7,Monsoon,0,0
2026-07-15,SEC-002,2,2,0,0,7,Monsoon,3,3
2026-07-15,SEC-002,3,2,0,0,7,Monsoon,2,2
2026-07-15,SEC-002,4,2,0,0,7,Monsoon,1,1
2026-07-15,SEC-002,5,2,0,0,7,Monsoon,0,0
2026-07-15,SEC-002,6,2,0,0,7,Monsoon,0,0
2026-07-15,SEC-002,7,2,0,0,7,Monsoon,0,0
2026-07-15,SEC-002,8,2,0,0,7,Monsoon,0,0
2026-07-15,SEC-002,9,2,0,0,7,Monsoon,1,1
2026-07-15,SEC-002,10,2,0,0,7,Monsoon,1,1
2026-07-15,SEC-002,11,2,0,0,7,Monsoon,2,2
2026-07-15,SEC-002,12,2,0,0,7,Monsoon,0,0
2026-07-15,SEC-002,13,2,0,0,7,Monsoon,1,1
2026-07-15,SEC-002,14,2,0,0,7,Monsoon,0,0
2026-07-15,SEC-002,15,2,0,0,7,Monsoon,0,0
2026-07-15,SEC-002,16,2,0,0,7,Monsoon,1,1
2026-07-15,SEC-002,17,2,0,0,7,Monsoon,1,1
2026-07-15,SEC-002,18,2,0,0,7,Monsoon,1,1
2026-07-15,SEC-002,19,2,0,0,7,Monsoon,1,1
2026-07-15,SEC-002,20,2,0,0,7,Monsoon,0,0
2026-07-15,SEC-002,21,2,0,0,7,Monsoon,0,0
2026-07-15,SEC-002,22,2,0,0,7,Monsoon,0,0
2026-07-15,SEC-002,23,2,0,0,7,Monsoon,2,2
2026-07-15,SEC-003,0,2,0,0,7,Monsoon,2,2
2026-07-15,SEC-003,1,2,0,0,7,Monsoon,1,1
2026-07-15,SEC-003,2,2,0,0,7,Monsoon,2,2
2026-07-15,SEC-003,3,2,0,0,7,Monsoon,2,2
2026-07-15,SEC-003,4,2,0,0,7,Monsoon,2,2
2026-07-15,SEC-003,5,2,0,0,7,Monsoon,1,1
2026-07-15,SEC-003,6,2,0,0,7,Monsoon,0,0
2026-07-15,SEC-003,7,2,0,0,7,Monsoon,0,0
2026-07-15,SEC-003,8,2,0,0,7,Monsoon,0,0
2026-07-15,SEC-003,9,2,0,0,7,Monsoon,0,0
2026-07-15,SEC-003,10,2,0,0,7,Monsoon,0,0
2026-07-15,SEC-003,11,2,0,0,7,Monsoon,0,0
2026-07-15,SEC-003,12,2,0,0,7,Monsoon,0,0
2026-07-15,SEC-003,13,2,0,0,7,Monsoon,1,1
2026-07-15,SEC-003,14,2,0,0,7,Monsoon,1,1
2026-07-15,SEC-003,15,2,0,0,7,Monsoon,1,1
2026-07-15,SEC-003,16,2,0,0,7,Monsoon,0,0
2026-07-15,SEC-003,17,2,0,0,7,Monsoon,0,0
2026-07-15,SEC-003,18,2,0,0,7,Monsoon,0,0
2026-07-15,SEC-003,19,2,0,0,7,Monsoon,0,0
2026-07-15,SEC-003,20,2,0,0,7,Monsoon,0,0
2026-07-15,SEC-003,21,2,0,0,7,Monsoon,1,1
2026-07-15,SEC-003,22,2,0,0,7,Monsoon,0,0
2026-07-15,SEC-003,23,2,0,0,7,Monsoon,1,1
2026-07-15,SEC-004,0,2,0,0,7,Monsoon,0,0
2026-07-15,SEC-004,1,2,0,0,7,Monsoon,0,0
2026-07-15,SEC-004,2,2,0,0,7,Monsoon,5,5
2026-07-15,SEC-004,3,2,0,0,7,Monsoon,4,4
2026-07-15,SEC-004,4,2,0,0,7,Monsoon,4,4
2026-07-15,SEC-004,5,2,0,0,7,Monsoon,1,1
2026-07-15,SEC-004,6,2,0,0,7,Monsoon,0,0
2026-07-15,SEC-004,7,2,0,0,7,Monsoon,0,0
2026-07-15,SEC-004,8,2,0,0,7,Monsoon,0,0
2026-07-15,SEC-004,9,2,0,0,7,Monsoon,0,0
2026-07-15,SEC-004,10,2,0,0,7,Monsoon,0,0
2026-07-15,SEC-004,11,2,0,0,7,Monsoon,0,0
2026-07-15,SEC-004,12,2,0,0,7,Monsoon,1,1
2026-07-15,SEC-004,13,2,0,0,7,Monsoon,0,0
2026-07-15,SEC-004,14,2,0,0,7,Monsoon,0,0
2026-07-15,SEC-004,15,2,0,0,7,Monsoon,0,0
2026-07-15,SEC-004,16,2,0,0,7,Monsoon,0,0
2026-07-15,SEC-004,17,2,0,0,7,Monsoon,0,0
2026-07-15,SEC-004,18,2,0,0,7,Monsoon,0,0
2026-07-15,SEC-004,19,2,0,0,7,Monsoon,0,0
2026-07-15,SEC-004,20,2,0,0,7,Monsoon,0,0
2026-07-15,SEC-004,21,2,0,0,7,Monsoon,0,0
2026-07-15,SEC-004,22,2,0,0,7,Monsoon,3,3
2026-07-15,SEC-004,23,2,0,0,7,Monsoon,0,0
2026-07-15,SEC-005,0,2,0,0,7,Monsoon,0,0
2026-07-15,SEC-005,1,2,0,0,7,Monsoon,4,4
2026-07-15,SEC-005,2,2,0,0,7,Monsoon,4,4
2026-07-15,SEC-005,3,2,0,0,7,Monsoon,1,1
2026-07-15,SEC-005,4,2,0,0,7,Monsoon,1,1
2026-07-15,SEC-005,5,2,0,0,7,Monsoon,0,0
2026-07-15,SEC-005,6,2,0,0,7,Monsoon,0,0
2026-07-15,SEC-005,7,2,0,0,7,Monsoon,1,1
2026-07-15,SEC-005,8,2,0,0,7,Monsoon,1,1
2026-07-15,SEC-005,9,2,0,0,7,Monsoon,0,0
2026-07-15,SEC-005,10,2,0,0,7,Monsoon,1,1
2026-07-15,SEC-005,11,2,0,0,7,Monsoon,0,0
2026-07-15,SEC-005,12,2,0,0,7,Monsoon,2,2
2026-07-15,SEC-005,13,2,0,0,7,Monsoon,1,1
2026-07-15,SEC-005,14,2,0,0,7,Monsoon,1,1
2026-07-15,SEC-005,15,2,0,0,7,Monsoon,1,1
2026-07-15,SEC-005,16,2,0,0,7,Monsoon,0,0
2026-07-15,SEC-005,17,2,0,0,7,Monsoon,0,0
2026-07-15,SEC-005,18,2,0,0,7,Monsoon,0,0
2026-07-15,SEC-005,19,2,0,0,7,Monsoon,0,0
2026-07-15,SEC-005,20,2,0,0,7,Monsoon,1,1
2026-07-15,SEC-005,21,2,0,0,7,Monsoon,0,0
2026-07-15,SEC-005,22,2,0,0,7,Monsoon,3,3
2026-07-15,SEC-005,23,2,0,0,7,Monsoon,1,1
2026-07-15,SEC-006,0,2,0,0,7,Monsoon,0,0
2026-07-15,SEC-006,1,2,0,0,7,Monsoon,2,2
2026-07-15,SEC-006,2,2,0,0,7,Monsoon,0,0
2026-07-15,SEC-006,3,2,0,0,7,Monsoon,0,0
2026-07-15,SEC-006,4,2,0,0,7,Monsoon,0,0
2026-07-15,SEC-006,5,2,0,0,7,Monsoon,2,2
2026-07-15,SEC-006,6,2,0,0,7,Monsoon,0,0
2026-07-15,SEC-006,7,2,0,0,7,Monsoon,1,1
2026-07-15,SEC-006,8,2,0,0,7,Monsoon,1,1
2026-07-15,SEC-006,9,2,0,0,7,Monsoon,0,0
2026-07-15,SEC-006,10,2,0,0,7,Monsoon,1,1
2026-07-15,SEC-006,11,2,0,0,7,Monsoon,2,2
2026-07-15,SEC-006,12,2,0,0,7,Monsoon,0,0
2026-07-15,SEC-006,13,2,0,0,7,Monsoon,0,0
2026-07-15,SEC-006,14,2,0,0,7,Monsoon,0,0
2026-07-15,SEC-006,15,2,0,0,7,Monsoon,0,0
2026-07-15,SEC-006,16,2,0,0,7,Monsoon,0,0
2026-07-15,SEC-006,17,2,0,0,7,Monsoon,0,0
2026-07-15,SEC-006,18,2,0,0,7,Monsoon,0,0
2026-07-15,SEC-006,19,2,0,0,7,Monsoon,1,1
2026-07-15,SEC-006,20,2,0,0,7,Monsoon,0,0
2026-07-15,SEC-006,21,2,0,0,7,Monsoon,0,0
2026-07-15,SEC-006,22,2,0,0,7,Monsoon,2,2
2026-07-15,SEC-006,23,2,0,0,7,Monsoon,1,1
2026-07-16,SEC-001,0,3,0,0,7,Monsoon,0,0
2026-07-16,SEC-001,1,3,0,0,7,Monsoon,2,2
2026-07-16,SEC-001,2,3,0,0,7,Monsoon,1,1
2026-07-16,SEC-001,3,3,0,0,7,Monsoon,3,3
2026-07-16,SEC-001,4,3,0,0,7,Monsoon,3,3
2026-07-16,SEC-001,5,3,0,0,7,Monsoon,0,0
2026-07-16,SEC-001,6,3,0,0,7,Monsoon,1,1
2026-07-16,SEC-001,7,3,0,0,7,Monsoon,0,0
2026-07-16,SEC-001,8,3,0,0,7,Monsoon,1,1
2026-07-16,SEC-001,9,3,0,0,7,Monsoon,0,0
2026-07-16,SEC-001,10,3,0,0,7,Monsoon,1,1
2026-07-16,SEC-001,11,3,0,0,7,Monsoon,0,0
2026-07-16,SEC-001,12,3,0,0,7,Monsoon,1,1
2026-07-16,SEC-001,13,3,0,0,7,Monsoon,1,1
2026-07-16,SEC-001,14,3,0,0,7,Monsoon,0,0
2026-07-16,SEC-001,15,3,0,0,7,Monsoon,0,0
2026-07-16,SEC-001,16,3,0,0,7,Monsoon,0,0
2026-07-16,SEC-001,17,3,0,0,7,Monsoon,0,0
2026-07-16,SEC-001,18,3,0,0,7,Monsoon,0,0
2026-07-16,SEC-001,19,3,0,0,7,Monsoon,2,2
2026-07-16,SEC-001,20,3,0,0,7,Monsoon,0,0
2026-07-16,SEC-001,21,3,0,0,7,Monsoon,0,0
2026-07-16,SEC-001,22,3,0,0,7,Monsoon,0,0
2026-07-16,SEC-001,23,3,0,0,7,Monsoon,6,6
2026-07-16,SEC-002,0,3,0,0,7,Monsoon,1,1
2026-07-16,SEC-002,1,3,0,0,7,Monsoon,0,0
2026-07-16,SEC-002,2,3,0,0,7,Monsoon,4,4
2026-07-16,SEC-002,3,3,0,0,7,Monsoon,0,0
2026-07-16,SEC-002,4,3,0,0,7,Monsoon,1,1
2026-07-16,SEC-002,5,3,0,0,7,Monsoon,2,2
2026-07-16,SEC-002,6,3,0,0,7,Monsoon,1,1
2026-07-16,SEC-002,7,3,0,0,7,Monsoon,0,0
2026-07-16,SEC-002,8,3,0,0,7,Monsoon,1,1
2026-07-16,SEC-002,9,3,0,0,7,Monsoon,0,0
2026-07-16,SEC-002,10,3,0,0,7,Monsoon,1,1
2026-07-16,SEC-002,11,3,0,0,7,Monsoon,1,1
2026-07-16,SEC-002,12,3,0,0,7,Monsoon,0,0
2026-07-16,SEC-002,13,3,0,0,7,Monsoon,1,1
2026-07-16,SEC-002,14,3,0,0,7,Monsoon,0,0
2026-07-16,SEC-002,15,3,0,0,7,Monsoon,1,1
2026-07-16,SEC-002,16,3,0,0,7,Monsoon,1,1
2026-07-16,SEC-002,17,3,0,0,7,Monsoon,0,0
2026-07-16,SEC-002,18,3,0,0,7,Monsoon,0,0
2026-07-16,SEC-002,19,3,0,0,7,Monsoon,1,1
2026-07-16,SEC-002,20,3,0,0,7,Monsoon,0,0
2026-07-16,SEC-002,21,3,0,0,7,Monsoon,0,0
2026-07-16,SEC-002,22,3,0,0,7,Monsoon,1,1
2026-07-16,SEC-002,23,3,0,0,7,Monsoon,0,0
2026-07-16,SEC-003,0,3,0,0,7,Monsoon,0,0
2026-07-16,SEC-003,1,3,0,0,7,Monsoon,1,1
2026-07-16,SEC-003,2,3,0,0,7,Monsoon,1,1
2026-07-16,SEC-003,3,3,0,0,7,Monsoon,2,2
2026-07-16,SEC-003,4,3,0,0,7,Monsoon,4,4
2026-07-16,SEC-003,5,3,0,0,7,Monsoon,1,1
2026-07-16,SEC-003,6,3,0,0,7,Monsoon,0,0
2026-07-16,SEC-003,7,3,0,0,7,Monsoon,1,1
2026-07-16,SEC-003,8,3,0,0,7,Monsoon,1,1
2026-07-16,SEC-003,9,3,0,0,7,Monsoon,0,0
2026-07-16,SEC-003,10,3,0,0,7,Monsoon,0,0
2026-07-16,SEC-003,11,3,0,0,7,Monsoon,0,0
2026-07-16,SEC-003,12,3,0,0,7,Monsoon,4,4
2026-07-16,SEC-003,13,3,0,0,7,Monsoon,0,0
2026-07-16,SEC-003,14,3,0,0,7,Monsoon,1,1
2026-07-16,SEC-003,15,3,0,0,7,Monsoon,0,0
2026-07-16,SEC-003,16,3,0,0,7,Monsoon,2,2
2026-07-16,SEC-003,17,3,0,0,7,Monsoon,0,0
2026-07-16,SEC-003,18,3,0,0,7,Monsoon,0,0
2026-07-16,SEC-003,19,3,0,0,7,Monsoon,0,0
2026-07-16,SEC-003,20,3,0,0,7,Monsoon,0,0
2026-07-16,SEC-003,21,3,0,0,7,Monsoon,0,0
2026-07-16,SEC-003,22,3,0,0,7,Monsoon,2,2
2026-07-16,SEC-003,23,3,0,0,7,Monsoon,2,2
2026-07-16,SEC-004,0,3,0,0,7,Monsoon,6,6
2026-07-16,SEC-004,1,3,0,0,7,Monsoon,2,2
2026-07-16,SEC-004,2,3,0,0,7,Monsoon,1,1
2026-07-16,SEC-004,3,3,0,0,7,Monsoon,2,2
2026-07-16,SEC-004,4,3,0,0,7,Monsoon,1,1
2026-07-16,SEC-004,5,3,0,0,7,Monsoon,0,0
2026-07-16,SEC-004,6,3,0,0,7,Monsoon,0,0
2026-07-16,SEC-004,7,3,0,0,7,Monsoon,0,0
2026-07-16,SEC-004,8,3,0,0,7,Monsoon,1,1
2026-07-16,SEC-004,9,3,0,0,7,Monsoon,1,1
2026-07-16,SEC-004,10,3,0,0,7,Monsoon,0,0
2026-07-16,SEC-004,11,3,0,0,7,Monsoon,1,1
2026-07-16,SEC-004,12,3,0,0,7,Monsoon,0,0
2026-07-16,SEC-004,13,3,0,0,7,Monsoon,1,1
2026-07-16,SEC-004,14,3,0,0,7,Monsoon,0,0
2026-07-16,SEC-004,15,3,0,0,7,Monsoon,0,0
2026-07-16,SEC-004,16,3,0,0,7,Monsoon,0,0
2026-07-16,SEC-004,17,3,0,0,7,Monsoon,1,1
2026-07-16,SEC-004,18,3,0,0,7,Monsoon,0,0
2026-07-16,SEC-004,19,3,0,0,7,Monsoon,0,0
2026-07-16,SEC-004,20,3,0,0,7,Monsoon,0,0
2026-07-16,SEC-004,21,3,0,0,7,Monsoon,1,1
2026-07-16,SEC-004,22,3,0,0,7,Monsoon,3,3
2026-07-16,SEC-004,23,3,0,0,7,Monsoon,3,3
2026-07-16,SEC-005,0,3,0,0,7,Monsoon,3,3
2026-07-16,SEC-005,1,3,0,0,7,Monsoon,2,2
2026-07-16,SEC-005,2,3,0,0,7,Monsoon,3,3
2026-07-16,SEC-005,3,3,0,0,7,Monsoon,1,1
2026-07-16,SEC-005,4,3,0,0,7,Monsoon,3,3
2026-07-16,SEC-005,5,3,0,0,7,Monsoon,1,1
2026-07-16,SEC-005,6,3,0,0,7,Monsoon,0,0
2026-07-16,SEC-005,7,3,0,0,7,Monsoon,0,0
2026-07-16,SEC-005,8,3,0,0,7,Monsoon,0,0
2026-07-16,SEC-005,9,3,0,0,7,Monsoon,0,0
2026-07-16,SEC-005,10,3,0,0,7,Monsoon,0,0
2026-07-16,SEC-005,11,3,0,0,7,Monsoon,0,0
2026-07-16,SEC-005,12,3,0,0,7,Monsoon,0,0
2026-07-16,SEC-005,13,3,0,0,7,Monsoon,1,1
2026-07-16,SEC-005,14,3,0,0,7,Monsoon,0,0
2026-07-16,SEC-005,15,3,0,0,7,Monsoon,0,0
2026-07-16,SEC-005,16,3,0,0,7,Monsoon,1,1
2026-07-16,SEC-005,17,3,0,0,7,Monsoon,0,0
2026-07-16,SEC-005,18,3,0,0,7,Monsoon,2,2
2026-07-16,SEC-005,19,3,0,0,7,Monsoon,0,0
2026-07-16,SEC-005,20,3,0,0,7,Monsoon,2,2
2026-07-16,SEC-005,21,3,0,0,7,Monsoon,0,0
2026-07-16,SEC-005,22,3,0,0,7,Monsoon,2,2
2026-07-16,SEC-005,23,3,0,0,7,Monsoon,4,4
2026-07-16,SEC-006,0,3,0,0,7,Monsoon,1,1
2026-07-16,SEC-006,1,3,0,0,7,Monsoon,4,4
2026-07-16,SEC-006,2,3,0,0,7,Monsoon,0,0
2026-07-16,SEC-006,3,3,0,0,7,Monsoon,0,0
2026-07-16,SEC-006,4,3,0,0,7,Monsoon,1,1
2026-07-16,SEC-006,5,3,0,0,7,Monsoon,2,2
2026-07-16,SEC-006,6,3,0,0,7,Monsoon,2,2
2026-07-16,SEC-006,7,3,0,0,7,Monsoon,0,0
2026-07-16,SEC-006,8,3,0,0,7,Monsoon,0,0
2026-07-16,SEC-006,9,3,0,0,7,Monsoon,0,0
2026-07-16,SEC-006,10,3,0,0,7,Monsoon,0,0
2026-07-16,SEC-006,11,3,0,0,7,Monsoon,1,1
2026-07-16,SEC-006,12,3,0,0,7,Monsoon,0,0
2026-07-16,SEC-006,13,3,0,0,7,Monsoon,0,0
2026-07-16,SEC-006,14,3,0,0,7,Monsoon,0,0
2026-07-16,SEC-006,15,3,0,0,7,Monsoon,2,2
2026-07-16,SEC-006,16,3,0,0,7,Monsoon,1,1
2026-07-16,SEC-006,17,3,0,0,7,Monsoon,0,0
2026-07-16,SEC-006,18,3,0,0,7,Monsoon,1,1
2026-07-16,SEC-006,19,3,0,0,7,Monsoon,2,2
2026-07-16,SEC-006,20,3,0,0,7,Monsoon,0,0
2026-07-16,SEC-006,21,3,0,0,7,Monsoon,1,1
2026-07-16,SEC-006,22,3,0,0,7,Monsoon,1,1
2026-07-16,SEC-006,23,3,0,0,7,Monsoon,1,1
2026-07-17,SEC-001,0,4,0,0,7,Monsoon,4,4
2026-07-17,SEC-001,1,4,0,0,7,Monsoon,2,2
2026-07-17,SEC-001,2,4,0,0,7,Monsoon,0,0
2026-07-17,SEC-001,3,4,0,0,7,Monsoon,0,0
2026-07-17,SEC-001,4,4,0,0,7,Monsoon,2,2
2026-07-17,SEC-001,5,4,0,0,7,Monsoon,1,1
2026-07-17,SEC-001,6,4,0,0,7,Monsoon,0,0
2026-07-17,SEC-001,7,4,0,0,7,Monsoon,1,1
2026-07-17,SEC-001,8,4,0,0,7,Monsoon,0,0
2026-07-17,SEC-001,9,4,0,0,7,Monsoon,0,0
2026-07-17,SEC-001,10,4,0,0,7,Monsoon,0,0
2026-07-17,SEC-001,11,4,0,0,7,Monsoon,1,1
2026-07-17,SEC-001,12,4,0,0,7,Monsoon,2,2
2026-07-17,SEC-001,13,4,0,0,7,Monsoon,0,0
2026-07-17,SEC-001,14,4,0,0,7,Monsoon,2,2
2026-07-17,SEC-001,15,4,0,0,7,Monsoon,0,0
2026-07-17,SEC-001,16,4,0,0,7,Monsoon,1,1
2026-07-17,SEC-001,17,4,0,0,7,Monsoon,0,0
2026-07-17,SEC-001,18,4,0,0,7,Monsoon,1,1
2026-07-17,SEC-001,19,4,0,0,7,Monsoon,0,0
2026-07-17,SEC-001,20,4,0,0,7,Monsoon,1,1
2026-07-17,SEC-001,21,4,0,0,7,Monsoon,0,0
2026-07-17,SEC-001,22,4,0,0,7,Monsoon,2,2
2026-07-17,SEC-001,23,4,0,0,7,Monsoon,1,1
2026-07-17,SEC-002,0,4,0,0,7,Monsoon,2,2
2026-07-17,SEC-002,1,4,0,0,7,Monsoon,1,1
2026-07-17,SEC-002,2,4,0,0,7,Monsoon,2,2
2026-07-17,SEC-002,3,4,0,0,7,Monsoon,1,1
2026-07-17,SEC-002,4,4,0,0,7,Monsoon,0,0
2026-07-17,SEC-002,5,4,0,0,7,Monsoon,0,0
2026-07-17,SEC-002,6,4,0,0,7,Monsoon,2,2
2026-07-17,SEC-002,7,4,0,0,7,Monsoon,0,0
2026-07-17,SEC-002,8,4,0,0,7,Monsoon,0,0
2026-07-17,SEC-002,9,4,0,0,7,Monsoon,0,0
2026-07-17,SEC-002,10,4,0,0,7,Monsoon,0,0
2026-07-17,SEC-002,11,4,0,0,7,Monsoon,0,0
2026-07-17,SEC-002,12,4,0,0,7,Monsoon,0,0
2026-07-17,SEC-002,13,4,0,0,7,Monsoon,0,0
2026-07-17,SEC-002,14,4,0,0,7,Monsoon,0,0
2026-07-17,SEC-002,15,4,0,0,7,Monsoon,0,0
2026-07-17,SEC-002,16,4,0,0,7,Monsoon,0,0
2026-07-17,SEC-002,17,4,0,0,7,Monsoon,0,0
2026-07-17,SEC-002,18,4,0,0,7,Monsoon,2,2
2026-07-17,SEC-002,19,4,0,0,7,Monsoon,1,1
2026-07-17,SEC-002,20,4,0,0,7,Monsoon,0,0
2026-07-17,SEC-002,21,4,0,0,7,Monsoon,0,0
2026-07-17,SEC-002,22,4,0,0,7,Monsoon,0,0
2026-07-17,SEC-002,23,4,0,0,7,Monsoon,0,0
2026-07-17,SEC-003,0,4,0,0,7,Monsoon,0,0
2026-07-17,SEC-003,1,4,0,0,7,Monsoon,0,0
2026-07-17,SEC-003,2,4,0,0,7,Monsoon,1,1
2026-07-17,SEC-003,3,4,0,0,7,Monsoon,2,2
2026-07-17,SEC-003,4,4,0,0,7,Monsoon,1,1
2026-07-17,SEC-003,5,4,0,0,7,Monsoon,2,2
2026-07-17,SEC-003,6,4,0,0,7,Monsoon,0,0
2026-07-17,SEC-003,7,4,0,0,7,Monsoon,0,0
2026-07-17,SEC-003,8,4,0,0,7,Monsoon,0,0
2026-07-17,SEC-003,9,4,0,0,7,Monsoon,0,0
2026-07-17,SEC-003,10,4,0,0,7,Monsoon,0,0
2026-07-17,SEC-003,11,4,0,0,7,Monsoon,1,1
2026-07-17,SEC-003,12,4,0,0,7,Monsoon,1,1
2026-07-17,SEC-003,13,4,0,0,7,Monsoon,1,1
2026-07-17,SEC-003,14,4,0,0,7,Monsoon,0,0
2026-07-17,SEC-003,15,4,0,0,7,Monsoon,0,0
2026-07-17,SEC-003,16,4,0,0,7,Monsoon,0,0
2026-07-17,SEC-003,17,4,0,0,7,Monsoon,1,1
2026-07-17,SEC-003,18,4,0,0,7,Monsoon,0,0
2026-07-17,SEC-003,19,4,0,0,7,Monsoon,1,1
2026-07-17,SEC-003,20,4,0,0,7,Monsoon,1,1
2026-07-17,SEC-003,21,4,0,0,7,Monsoon,2,2
2026-07-17,SEC-003,22,4,0,0,7,Monsoon,2,2
2026-07-17,SEC-003,23,4,0,0,7,Monsoon,0,0
2026-07-17,SEC-004,0,4,0,0,7,Monsoon,2,2
2026-07-17,SEC-004,1,4,0,0,7,Monsoon,1,1
2026-07-17,SEC-004,2,4,0,0,7,Monsoon,0,0
2026-07-17,SEC-004,3,4,0,0,7,Monsoon,0,0
2026-07-17,SEC-004,4,4,0,0,7,Monsoon,0,0
2026-07-17,SEC-004,5,4,0,0,7,Monsoon,1,1
2026-07-17,SEC-004,6,4,0,0,7,Monsoon,0,0
2026-07-17,SEC-004,7,4,0,0,7,Monsoon,2,2
2026-07-17,SEC-004,8,4,0,0,7,Monsoon,2,2
2026-07-17,SEC-004,9,4,0,0,7,Monsoon,0,0
2026-07-17,SEC-004,10,4,0,0,7,Monsoon,0,0
2026-07-17,SEC-004,11,4,0,0,7,Monsoon,1,1
2026-07-17,SEC-004,12,4,0,0,7,Monsoon,0,0
2026-07-17,SEC-004,13,4,0,0,7,Monsoon,1,1
2026-07-17,SEC-004,14,4,0,0,7,Monsoon,0,0
2026-07-17,SEC-004,15,4,0,0,7,Monsoon,1,1
2026-07-17,SEC-004,16,4,0,0,7,Monsoon,0,0
2026-07-17,SEC-004,17,4,0,0,7,Monsoon,0,0
2026-07-17,SEC-004,18,4,0,0,7,Monsoon,1,1
2026-07-17,SEC-004,19,4,0,0,7,Monsoon,0,0
2026-07-17,SEC-004,20,4,0,0,7,Monsoon,0,0
2026-07-17,SEC-004,21,4,0,0,7,Monsoon,0,0
2026-07-17,SEC-004,22,4,0,0,7,Monsoon,2,2
2026-07-17,SEC-004,23,4,0,0,7,Monsoon,2,2
2026-07-17,SEC-005,0,4,0,0,7,Monsoon,2,2
2026-07-17,SEC-005,1,4,0,0,7,Monsoon,1,1
2026-07-17,SEC-005,2,4,0,0,7,Monsoon,0,0
2026-07-17,SEC-005,3,4,0,0,7,Monsoon,1,1
2026-07-17,SEC-005,4,4,0,0,7,Monsoon,2,2
2026-07-17,SEC-005,5,4,0,0,7,Monsoon,0,0
2026-07-17,SEC-005,6,4,0,0,7,Monsoon,2,2
2026-07-17,SEC-005,7,4,0,0,7,Monsoon,0,0
2026-07-17,SEC-005,8,4,0,0,7,Monsoon,0,0
2026-07-17,SEC-005,9,4,0,0,7,Monsoon,0,0
2026-07-17,SEC-005,10,4,0,0,7,Monsoon,0,0
2026-07-17,SEC-005,11,4,0,0,7,Monsoon,0,0
2026-07-17,SEC-005,12,4,0,0,7,Monsoon,0,0
2026-07-17,SEC-005,13,4,0,0,7,Monsoon,1,1
2026-07-17,SEC-005,14,4,0,0,7,Monsoon,0,0
2026-07-17,SEC-005,15,4,0,0,7,Monsoon,0,0
2026-07-17,SEC-005,16,4,0,0,7,Monsoon,0,0
2026-07-17,SEC-005,17,4,0,0,7,Monsoon,0,0
2026-07-17,SEC-005,18,4,0,0,7,Monsoon,0,0
2026-07-17,SEC-005,19,4,0,0,7,Monsoon,0,0
2026-07-17,SEC-005,20,4,0,0,7,Monsoon,1,1
2026-07-17,SEC-005,21,4,0,0,7,Monsoon,0,0
2026-07-17,SEC-005,22,4,0,0,7,Monsoon,3,3
2026-07-17,SEC-005,23,4,0,0,7,Monsoon,2,2
2026-07-17,SEC-006,0,4,0,0,7,Monsoon,0,0
2026-07-17,SEC-006,1,4,0,0,7,Monsoon,0,0
2026-07-17,SEC-006,2,4,0,0,7,Monsoon,0,0
2026-07-17,SEC-006,3,4,0,0,7,Monsoon,0,0
2026-07-17,SEC-006,4,4,0,0,7,Monsoon,2,2
2026-07-17,SEC-006,5,4,0,0,7,Monsoon,1,1
2026-07-17,SEC-006,6,4,0,0,7,Monsoon,1,1
2026-07-17,SEC-006,7,4,0,0,7,Monsoon,0,0
2026-07-17,SEC-006,8,4,0,0,7,Monsoon,2,2
2026-07-17,SEC-006,9,4,0,0,7,Monsoon,0,0
2026-07-17,SEC-006,10,4,0,0,7,Monsoon,0,0
2026-07-17,SEC-006,11,4,0,0,7,Monsoon,0,0
2026-07-17,SEC-006,12,4,0,0,7,Monsoon,0,0
2026-07-17,SEC-006,13,4,0,0,7,Monsoon,1,1
2026-07-17,SEC-006,14,4,0,0,7,Monsoon,0,0
2026-07-17,SEC-006,15,4,0,0,7,Monsoon,1,1
2026-07-17,SEC-006,16,4,0,0,7,Monsoon,0,0
2026-07-17,SEC-006,17,4,0,0,7,Monsoon,1,1
2026-07-17,SEC-006,18,4,0,0,7,Monsoon,0,0
2026-07-17,SEC-006,19,4,0,0,7,Monsoon,0,0
2026-07-17,SEC-006,20,4,0,0,7,Monsoon,0,0
2026-07-17,SEC-006,21,4,0,0,7,Monsoon,0,0
2026-07-17,SEC-006,22,4,0,0,7,Monsoon,2,2
2026-07-17,SEC-006,23,4,0,0,7,Monsoon,4,4
2026-07-18,SEC-001,0,5,1,0,7,Monsoon,1,1
2026-07-18,SEC-001,1,5,1,0,7,Monsoon,3,3
2026-07-18,SEC-001,2,5,1,0,7,Monsoon,4,4
2026-07-18,SEC-001,3,5,1,0,7,Monsoon,1,1
2026-07-18,SEC-001,4,5,1,0,7,Monsoon,1,1
2026-07-18,SEC-001,5,5,1,0,7,Monsoon,2,2
2026-07-18,SEC-001,6,5,1,0,7,Monsoon,1,1
2026-07-18,SEC-001,7,5,1,0,7,Monsoon,0,0
2026-07-18,SEC-001,8,5,1,0,7,Monsoon,0,0
2026-07-18,SEC-001,9,5,1,0,7,Monsoon,1,1
2026-07-18,SEC-001,10,5,1,0,7,Monsoon,0,0
2026-07-18,SEC-001,11,5,1,0,7,Monsoon,2,2
2026-07-18,SEC-001,12,5,1,0,7,Monsoon,1,1
2026-07-18,SEC-001,13,5,1,0,7,Monsoon,1,1
2026-07-18,SEC-001,14,5,1,0,7,Monsoon,2,2
2026-07-18,SEC-001,15,5,1,0,7,Monsoon,0,0
2026-07-18,SEC-001,16,5,1,0,7,Monsoon,0,0
2026-07-18,SEC-001,17,5,1,0,7,Monsoon,1,1
2026-07-18,SEC-001,18,5,1,0,7,Monsoon,0,0
2026-07-18,SEC-001,19,5,1,0,7,Monsoon,0,0
2026-07-18,SEC-001,20,5,1,0,7,Monsoon,1,1
2026-07-18,SEC-001,21,5,1,0,7,Monsoon,0,0
2026-07-18,SEC-001,22,5,1,0,7,Monsoon,1,1
2026-07-18,SEC-001,23,5,1,0,7,Monsoon,2,2
2026-07-18,SEC-002,0,5,1,0,7,Monsoon,4,4
2026-07-18,SEC-002,1,5,1,0,7,Monsoon,0,0
2026-07-18,SEC-002,2,5,1,0,7,Monsoon,1,1
2026-07-18,SEC-002,3,5,1,0,7,Monsoon,1,1
2026-07-18,SEC-002,4,5,1,0,7,Monsoon,2,2
2026-07-18,SEC-002,5,5,1,0,7,Monsoon,0,0
2026-07-18,SEC-002,6,5,1,0,7,Monsoon,0,0
2026-07-18,SEC-002,7,5,1,0,7,Monsoon,1,1
2026-07-18,SEC-002,8,5,1,0,7,Monsoon,0,0
2026-07-18,SEC-002,9,5,1,0,7,Monsoon,0,0
2026-07-18,SEC-002,10,5,1,0,7,Monsoon,1,1
2026-07-18,SEC-002,11,5,1,0,7,Monsoon,0,0
2026-07-18,SEC-002,12,5,1,0,7,Monsoon,0,0
2026-07-18,SEC-002,13,5,1,0,7,Monsoon,0,0
2026-07-18,SEC-002,14,5,1,0,7,Monsoon,1,1
2026-07-18,SEC-002,15,5,1,0,7,Monsoon,0,0
2026-07-18,SEC-002,16,5,1,0,7,Monsoon,0,0
2026-07-18,SEC-002,17,5,1,0,7,Monsoon,0,0
2026-07-18,SEC-002,18,5,1,0,7,Monsoon,1,1
2026-07-18,SEC-002,19,5,1,0,7,Monsoon,1,1
2026-07-18,SEC-002,20,5,1,0,7,Monsoon,0,0
2026-07-18,SEC-002,21,5,1,0,7,Monsoon,0,0
2026-07-18,SEC-002,22,5,1,0,7,Monsoon,1,1
2026-07-18,SEC-002,23,5,1,0,7,Monsoon,0,0
2026-07-18,SEC-003,0,5,1,0,7,Monsoon,2,2
2026-07-18,SEC-003,1,5,1,0,7,Monsoon,2,2
2026-07-18,SEC-003,2,5,1,0,7,Monsoon,2,2
2026-07-18,SEC-003,3,5,1,0,7,Monsoon,1,1
2026-07-18,SEC-003,4,5,1,0,7,Monsoon,1,1
2026-07-18,SEC-003,5,5,1,0,7,Monsoon,0,0
2026-07-18,SEC-003,6,5,1,0,7,Monsoon,0,0
2026-07-18,SEC-003,7,5,1,0,7,Monsoon,1,1
2026-07-18,SEC-003,8,5,1,0,7,Monsoon,0,0
2026-07-18,SEC-003,9,5,1,0,7,Monsoon,0,0
2026-07-18,SEC-003,10,5,1,0,7,Monsoon,0,0
2026-07-18,SEC-003,11,5,1,0,7,Monsoon,0,0
2026-07-18,SEC-003,12,5,1,0,7,Monsoon,1,1
2026-07-18,SEC-003,13,5,1,0,7,Monsoon,0,0
2026-07-18,SEC-003,14,5,1,0,7,Monsoon,1,1
2026-07-18,SEC-003,15,5,1,0,7,Monsoon,0,0
2026-07-18,SEC-003,16,5,1,0,7,Monsoon,0,0
2026-07-18,SEC-003,17,5,1,0,7,Monsoon,0,0
2026-07-18,SEC-003,18,5,1,0,7,Monsoon,1,1
2026-07-18,SEC-003,19,5,1,0,7,Monsoon,0,0
2026-07-18,SEC-003,20,5,1,0,7,Monsoon,0,0
2026-07-18,SEC-003,21,5,1,0,7,Monsoon,0,0
2026-07-18,SEC-003,22,5,1,0,7,Monsoon,5,5
2026-07-18,SEC-003,23,5,1,0,7,Monsoon,1,1
2026-07-18,SEC-004,0,5,1,0,7,Monsoon,5,5
2026-07-18,SEC-004,1,5,1,0,7,Monsoon,3,3
2026-07-18,SEC-004,2,5,1,0,7,Monsoon,2,2
2026-07-18,SEC-004,3,5,1,0,7,Monsoon,0,0
2026-07-18,SEC-004,4,5,1,0,7,Monsoon,4,4
2026-07-18,SEC-004,5,5,1,0,7,Monsoon,0,0
2026-07-18,SEC-004,6,5,1,0,7,Monsoon,1,1
2026-07-18,SEC-004,7,5,1,0,7,Monsoon,2,2
2026-07-18,SEC-004,8,5,1,0,7,Monsoon,0,0
2026-07-18,SEC-004,9,5,1,0,7,Monsoon,1,1
2026-07-18,SEC-004,10,5,1,0,7,Monsoon,2,2
2026-07-18,SEC-004,11,5,1,0,7,Monsoon,1,1
2026-07-18,SEC-004,12,5,1,0,7,Monsoon,1,1
2026-07-18,SEC-004,13,5,1,0,7,Monsoon,0,0
2026-07-18,SEC-004,14,5,1,0,7,Monsoon,2,2
2026-07-18,SEC-004,15,5,1,0,7,Monsoon,0,0
2026-07-18,SEC-004,16,5,1,0,7,Monsoon,0,0
2026-07-18,SEC-004,17,5,1,0,7,Monsoon,1,1
2026-07-18,SEC-004,18,5,1,0,7,Monsoon,3,3
2026-07-18,SEC-004,19,5,1,0,7,Monsoon,0,0
2026-07-18,SEC-004,20,5,1,0,7,Monsoon,0,0
2026-07-18,SEC-004,21,5,1,0,7,Monsoon,2,2
2026-07-18,SEC-004,22,5,1,0,7,Monsoon,1,1
2026-07-18,SEC-004,23,5,1,0,7,Monsoon,2,2
2026-07-18,SEC-005,0,5,1,0,7,Monsoon,1,1
2026-07-18,SEC-005,1,5,1,0,7,Monsoon,1,1
2026-07-18,SEC-005,2,5,1,0,7,Monsoon,4,4
2026-07-18,SEC-005,3,5,1,0,7,Monsoon,2,2
2026-07-18,SEC-005,4,5,1,0,7,Monsoon,2,2
2026-07-18,SEC-005,5,5,1,0,7,Monsoon,2,2
2026-07-18,SEC-005,6,5,1,0,7,Monsoon,0,0
2026-07-18,SEC-005,7,5,1,0,7,Monsoon,1,1
2026-07-18,SEC-005,8,5,1,0,7,Monsoon,1,1
2026-07-18,SEC-005,9,5,1,0,7,Monsoon,1,1
2026-07-18,SEC-005,10,5,1,0,7,Monsoon,0,0
2026-07-18,SEC-005,11,5,1,0,7,Monsoon,0,0
2026-07-18,SEC-005,12,5,1,0,7,Monsoon,0,0
2026-07-18,SEC-005,13,5,1,0,7,Monsoon,0,0
2026-07-18,SEC-005,14,5,1,0,7,Monsoon,0,0
2026-07-18,SEC-005,15,5,1,0,7,Monsoon,0,0
2026-07-18,SEC-005,16,5,1,0,7,Monsoon,0,0
2026-07-18,SEC-005,17,5,1,0,7,Monsoon,0,0
2026-07-18,SEC-005,18,5,1,0,7,Monsoon,0,0
2026-07-18,SEC-005,19,5,1,0,7,Monsoon,1,1
2026-07-18,SEC-005,20,5,1,0,7,Monsoon,1,1
2026-07-18,SEC-005,21,5,1,0,7,Monsoon,0,0
2026-07-18,SEC-005,22,5,1,0,7,Monsoon,3,3
2026-07-18,SEC-005,23,5,1,0,7,Monsoon,2,2
2026-07-18,SEC-006,0,5,1,0,7,Monsoon,3,3
2026-07-18,SEC-006,1,5,1,0,7,Monsoon,1,1
2026-07-18,SEC-006,2,5,1,0,7,Monsoon,1,1
2026-07-18,SEC-006,3,5,1,0,7,Monsoon,1,1
2026-07-18,SEC-006,4,5,1,0,7,Monsoon,2,2
2026-07-18,SEC-006,5,5,1,0,7,Monsoon,0,0
2026-07-18,SEC-006,6,5,1,0,7,Monsoon,0,0
2026-07-18,SEC-006,7,5,1,0,7,Monsoon,0,0
2026-07-18,SEC-006,8,5,1,0,7,Monsoon,0,0
2026-07-18,SEC-006,9,5,1,0,7,Monsoon,0,0
2026-07-18,SEC-006,10,5,1,0,7,Monsoon,0,0
2026-07-18,SEC-006,11,5,1,0,7,Monsoon,0,0
2026-07-18,SEC-006,12,5,1,0,7,Monsoon,0,0
2026-07-18,SEC-006,13,5,1,0,7,Monsoon,0,0
2026-07-18,SEC-006,14,5,1,0,7,Monsoon,1,1
2026-07-18,SEC-006,15,5,1,0,7,Monsoon,0,0
2026-07-18,SEC-006,16,5,1,0,7,Monsoon,1,1
2026-07-18,SEC-006,17,5,1,0,7,Monsoon,0,0
2026-07-18,SEC-006,18,5,1,0,7,Monsoon,0,0
2026-07-18,SEC-006,19,5,1,0,7,Monsoon,0,0
2026-07-18,SEC-006,20,5,1,0,7,Monsoon,2,2
2026-07-18,SEC-006,21,5,1,0,7,Monsoon,0,0
2026-07-18,SEC-006,22,5,1,0,7,Monsoon,1,1
2026-07-18,SEC-006,23,5,1,0,7,Monsoon,3,3
2026-07-19,SEC-001,0,6,1,0,7,Monsoon,2,2
2026-07-19,SEC-001,1,6,1,0,7,Monsoon,2,2
2026-07-19,SEC-001,2,6,1,0,7,Monsoon,5,5
2026-07-19,SEC-001,3,6,1,0,7,Monsoon,2,2
2026-07-19,SEC-001,4,6,1,0,7,Monsoon,4,4
2026-07-19,SEC-001,5,6,1,0,7,Monsoon,0,0
2026-07-19,SEC-001,6,6,1,0,7,Monsoon,0,0
2026-07-19,SEC-001,7,6,1,0,7,Monsoon,0,0
2026-07-19,SEC-001,8,6,1,0,7,Monsoon,0,0
2026-07-19,SEC-001,9,6,1,0,7,Monsoon,0,0
2026-07-19,SEC-001,10,6,1,0,7,Monsoon,0,0
2026-07-19,SEC-001,11,6,1,0,7,Monsoon,2,2
2026-07-19,SEC-001,12,6,1,0,7,Monsoon,1,1
2026-07-19,SEC-001,13,6,1,0,7,Monsoon,0,0
2026-07-19,SEC-001,14,6,1,0,7,Monsoon,1,1
2026-07-19,SEC-001,15,6,1,0,7,Monsoon,1,1
2026-07-19,SEC-001,16,6,1,0,7,Monsoon,0,0
2026-07-19,SEC-001,17,6,1,0,7,Monsoon,0,0
2026-07-19,SEC-001,18,6,1,0,7,Monsoon,0,0
2026-07-19,SEC-001,19,6,1,0,7,Monsoon,0,0
2026-07-19,SEC-001,20,6,1,0,7,Monsoon,0,0
2026-07-19,SEC-001,21,6,1,0,7,Monsoon,0,0
2026-07-19,SEC-001,22,6,1,0,7,Monsoon,2,2
2026-07-19,SEC-001,23,6,1,0,7,Monsoon,4,4
2026-07-19,SEC-002,0,6,1,0,7,Monsoon,2,2
2026-07-19,SEC-002,1,6,1,0,7,Monsoon,0,0
2026-07-19,SEC-002,2,6,1,0,7,Monsoon,4,4
2026-07-19,SEC-002,3,6,1,0,7,Monsoon,3,3
2026-07-19,SEC-002,4,6,1,0,7,Monsoon,1,1
2026-07-19,SEC-002,5,6,1,0,7,Monsoon,0,0
2026-07-19,SEC-002,6,6,1,0,7,Monsoon,0,0
2026-07-19,SEC-002,7,6,1,0,7,Monsoon,0,0
2026-07-19,SEC-002,8,6,1,0,7,Monsoon,3,3
2026-07-19,SEC-002,9,6,1,0,7,Monsoon,0,0
2026-07-19,SEC-002,10,6,1,0,7,Monsoon,1,1
2026-07-19,SEC-002,11,6,1,0,7,Monsoon,1,1
2026-07-19,SEC-002,12,6,1,0,7,Monsoon,0,0
2026-07-19,SEC-002,13,6,1,0,7,Monsoon,0,0
2026-07-19,SEC-002,14,6,1,0,7,Monsoon,0,0
2026-07-19,SEC-002,15,6,1,0,7,Monsoon,1,1
2026-07-19,SEC-002,16,6,1,0,7,Monsoon,0,0
2026-07-19,SEC-002,17,6,1,0,7,Monsoon,1,1
2026-07-19,SEC-002,18,6,1,0,7,Monsoon,0,0
2026-07-19,SEC-002,19,6,1,0,7,Monsoon,2,2
2026-07-19,SEC-002,20,6,1,0,7,Monsoon,0,0
2026-07-19,SEC-002,21,6,1,0,7,Monsoon,0,0
2026-07-19,SEC-002,22,6,1,0,7,Monsoon,1,1
2026-07-19,SEC-002,23,6,1,0,7,Monsoon,3,3
2026-07-19,SEC-003,0,6,1,0,7,Monsoon,0,0
2026-07-19,SEC-003,1,6,1,0,7,Monsoon,0,0
2026-07-19,SEC-003,2,6,1,0,7,Monsoon,3,3
2026-07-19,SEC-003,3,6,1,0,7,Monsoon,4,4
2026-07-19,SEC-003,4,6,1,0,7,Monsoon,3,3
2026-07-19,SEC-003,5,6,1,0,7,Monsoon,0,0
2026-07-19,SEC-003,6,6,1,0,7,Monsoon,0,0
2026-07-19,SEC-003,7,6,1,0,7,Monsoon,0,0
2026-07-19,SEC-003,8,6,1,0,7,Monsoon,1,1
2026-07-19,SEC-003,9,6,1,0,7,Monsoon,0,0
2026-07-19,SEC-003,10,6,1,0,7,Monsoon,0,0
2026-07-19,SEC-003,11,6,1,0,7,Monsoon,1,1
2026-07-19,SEC-003,12,6,1,0,7,Monsoon,2,2
2026-07-19,SEC-003,13,6,1,0,7,Monsoon,0,0
2026-07-19,SEC-003,14,6,1,0,7,Monsoon,0,0
2026-07-19,SEC-003,15,6,1,0,7,Monsoon,0,0
2026-07-19,SEC-003,16,6,1,0,7,Monsoon,1,1
2026-07-19,SEC-003,17,6,1,0,7,Monsoon,0,0
2026-07-19,SEC-003,18,6,1,0,7,Monsoon,0,0
2026-07-19,SEC-003,19,6,1,0,7,Monsoon,1,1
2026-07-19,SEC-003,20,6,1,0,7,Monsoon,0,0
2026-07-19,SEC-003,21,6,1,0,7,Monsoon,1,1
2026-07-19,SEC-003,22,6,1,0,7,Monsoon,2,2
2026-07-19,SEC-003,23,6,1,0,7,Monsoon,2,2
2026-07-19,SEC-004,0,6,1,0,7,Monsoon,2,2
2026-07-19,SEC-004,1,6,1,0,7,Monsoon,1,1
2026-07-19,SEC-004,2,6,1,0,7,Monsoon,1,1
2026-07-19,SEC-004,3,6,1,0,7,Monsoon,2,2
2026-07-19,SEC-004,4,6,1,0,7,Monsoon,1,1
2026-07-19,SEC-004,5,6,1,0,7,Monsoon,0,0
2026-07-19,SEC-004,6,6,1,0,7,Monsoon,0,0
2026-07-19,SEC-004,7,6,1,0,7,Monsoon,0,0
2026-07-19,SEC-004,8,6,1,0,7,Monsoon,0,0
2026-07-19,SEC-004,9,6,1,0,7,Monsoon,1,1
2026-07-19,SEC-004,10,6,1,0,7,Monsoon,0,0
2026-07-19,SEC-004,11,6,1,0,7,Monsoon,0,0
2026-07-19,SEC-004,12,6,1,0,7,Monsoon,2,2
2026-07-19,SEC-004,13,6,1,0,7,Monsoon,0,0
2026-07-19,SEC-004,14,6,1,0,7,Monsoon,0,0
2026-07-19,SEC-004,15,6,1,0,7,Monsoon,0,0
2026-07-19,SEC-004,16,6,1,0,7,Monsoon,1,1
2026-07-19,SEC-004,17,6,1,0,7,Monsoon,0,0
2026-07-19,SEC-004,18,6,1,0,7,Monsoon,0,0
2026-07-19,SEC-004,19,6,1,0,7,Monsoon,0,0
2026-07-19,SEC-004,20,6,1,0,7,Monsoon,0,0
2026-07-19,SEC-004,21,6,1,0,7,Monsoon,1,1
2026-07-19,SEC-004,22,6,1,0,7,Monsoon,4,4
2026-07-19,SEC-004,23,6,1,0,7,Monsoon,1,1
2026-07-19,SEC-005,0,6,1,0,7,Monsoon,2,2
2026-07-19,SEC-005,1,6,1,0,7,Monsoon,0,0
2026-07-19,SEC-005,2,6,1,0,7,Monsoon,2,2
2026-07-19,SEC-005,3,6,1,0,7,Monsoon,2,2
2026-07-19,SEC-005,4,6,1,0,7,Monsoon,2,2
2026-07-19,SEC-005,5,6,1,0,7,Monsoon,0,0
2026-07-19,SEC-005,6,6,1,0,7,Monsoon,0,0
2026-07-19,SEC-005,7,6,1,0,7,Monsoon,0,0
2026-07-19,SEC-005,8,6,1,0,7,Monsoon,1,1
2026-07-19,SEC-005,9,6,1,0,7,Monsoon,2,2
2026-07-19,SEC-005,10,6,1,0,7,Monsoon,0,0
2026-07-19,SEC-005,11,6,1,0,7,Monsoon,0,0
2026-07-19,SEC-005,12,6,1,0,7,Monsoon,0,0
2026-07-19,SEC-005,13,6,1,0,7,Monsoon,1,1
2026-07-19,SEC-005,14,6,1,0,7,Monsoon,0,0
2026-07-19,SEC-005,15,6,1,0,7,Monsoon,1,1
2026-07-19,SEC-005,16,6,1,0,7,Monsoon,0,0
2026-07-19,SEC-005,17,6,1,0,7,Monsoon,0,0
2026-07-19,SEC-005,18,6,1,0,7,Monsoon,0,0
2026-07-19,SEC-005,19,6,1,0,7,Monsoon,2,2
2026-07-19,SEC-005,20,6,1,0,7,Monsoon,1,1
2026-07-19,SEC-005,21,6,1,0,7,Monsoon,0,0
2026-07-19,SEC-005,22,6,1,0,7,Monsoon,1,1
2026-07-19,SEC-005,23,6,1,0,7,Monsoon,5,5
2026-07-19,SEC-006,0,6,1,0,7,Monsoon,2,2
2026-07-19,SEC-006,1,6,1,0,7,Monsoon,1,1
2026-07-19,SEC-006,2,6,1,0,7,Monsoon,3,3
2026-07-19,SEC-006,3,6,1,0,7,Monsoon,1,1
2026-07-19,SEC-006,4,6,1,0,7,Monsoon,4,4
2026-07-19,SEC-006,5,6,1,0,7,Monsoon,2,2
2026-07-19,SEC-006,6,6,1,0,7,Monsoon,0,0
2026-07-19,SEC-006,7,6,1,0,7,Monsoon,1,1
2026-07-19,SEC-006,8,6,1,0,7,Monsoon,1,1
2026-07-19,SEC-006,9,6,1,0,7,Monsoon,0,0
2026-07-19,SEC-006,10,6,1,0,7,Monsoon,1,1
2026-07-19,SEC-006,11,6,1,0,7,Monsoon,0,0
2026-07-19,SEC-006,12,6,1,0,7,Monsoon,0,0
2026-07-19,SEC-006,13,6,1,0,7,Monsoon,1,1
2026-07-19,SEC-006,14,6,1,0,7,Monsoon,1,1
2026-07-19,SEC-006,15,6,1,0,7,Monsoon,2,2
2026-07-19,SEC-006,16,6,1,0,7,Monsoon,1,1
2026-07-19,SEC-006,17,6,1,0,7,Monsoon,0,0
2026-07-19,SEC-006,18,6,1,0,7,Monsoon,0,0
2026-07-19,SEC-006,19,6,1,0,7,Monsoon,1,1
2026-07-19,SEC-006,20,6,1,0,7,Monsoon,0,0
2026-07-19,SEC-006,21,6,1,0,7,Monsoon,1,1
2026-07-19,SEC-006,22,6,1,0,7,Monsoon,4,4
2026-07-19,SEC-006,23,6,1,0,7,Monsoon,2,2
2026-07-20,SEC-001,0,0,0,0,7,Monsoon,1,1
2026-07-20,SEC-001,1,0,0,0,7,Monsoon,1,1
2026-07-20,SEC-001,2,0,0,0,7,Monsoon,0,0
2026-07-20,SEC-001,3,0,0,0,7,Monsoon,2,2
2026-07-20,SEC-001,4,0,0,0,7,Monsoon,1,1
2026-07-20,SEC-001,5,0,0,0,7,Monsoon,1,1
2026-07-20,SEC-001,6,0,0,0,7,Monsoon,0,0
2026-07-20,SEC-001,7,0,0,0,7,Monsoon,0,0
2026-07-20,SEC-001,8,0,0,0,7,Monsoon,0,0
2026-07-20,SEC-001,9,0,0,0,7,Monsoon,0,0
2026-07-20,SEC-001,10,0,0,0,7,Monsoon,1,1
2026-07-20,SEC-001,11,0,0,0,7,Monsoon,2,2
2026-07-20,SEC-001,12,0,0,0,7,Monsoon,0,0
2026-07-20,SEC-001,13,0,0,0,7,Monsoon,0,0
2026-07-20,SEC-001,14,0,0,0,7,Monsoon,0,0
2026-07-20,SEC-001,15,0,0,0,7,Monsoon,0,0
2026-07-20,SEC-001,16,0,0,0,7,Monsoon,3,3
2026-07-20,SEC-001,17,0,0,0,7,Monsoon,1,1
2026-07-20,SEC-001,18,0,0,0,7,Monsoon,1,1
2026-07-20,SEC-001,19,0,0,0,7,Monsoon,0,0
2026-07-20,SEC-001,20,0,0,0,7,Monsoon,0,0
2026-07-20,SEC-001,21,0,0,0,7,Monsoon,0,0
2026-07-20,SEC-001,22,0,0,0,7,Monsoon,1,1
2026-07-20,SEC-001,23,0,0,0,7,Monsoon,0,0
2026-07-20,SEC-002,0,0,0,0,7,Monsoon,2,2
2026-07-20,SEC-002,1,0,0,0,7,Monsoon,0,0
2026-07-20,SEC-002,2,0,0,0,7,Monsoon,1,1
2026-07-20,SEC-002,3,0,0,0,7,Monsoon,1,1
2026-07-20,SEC-002,4,0,0,0,7,Monsoon,2,2
2026-07-20,SEC-002,5,0,0,0,7,Monsoon,0,0
2026-07-20,SEC-002,6,0,0,0,7,Monsoon,1,1
2026-07-20,SEC-002,7,0,0,0,7,Monsoon,0,0
2026-07-20,SEC-002,8,0,0,0,7,Monsoon,0,0
2026-07-20,SEC-002,9,0,0,0,7,Monsoon,0,0
2026-07-20,SEC-002,10,0,0,0,7,Monsoon,1,1
2026-07-20,SEC-002,11,0,0,0,7,Monsoon,2,2
2026-07-20,SEC-002,12,0,0,0,7,Monsoon,0,0
2026-07-20,SEC-002,13,0,0,0,7,Monsoon,0,0
2026-07-20,SEC-002,14,0,0,0,7,Monsoon,1,1
2026-07-20,SEC-002,15,0,0,0,7,Monsoon,0,0
2026-07-20,SEC-002,16,0,0,0,7,Monsoon,0,0
2026-07-20,SEC-002,17,0,0,0,7,Monsoon,0,0
2026-07-20,SEC-002,18,0,0,0,7,Monsoon,0,0
2026-07-20,SEC-002,19,0,0,0,7,Monsoon,0,0
2026-07-20,SEC-002,20,0,0,0,7,Monsoon,0,0
2026-07-20,SEC-002,21,0,0,0,7,Monsoon,2,2
2026-07-20,SEC-002,22,0,0,0,7,Monsoon,4,4
2026-07-20,SEC-002,23,0,0,0,7,Monsoon,3,3
2026-07-20,SEC-003,0,0,0,0,7,Monsoon,1,1
2026-07-20,SEC-003,1,0,0,0,7,Monsoon,3,3
2026-07-20,SEC-003,2,0,0,0,7,Monsoon,2,2
2026-07-20,SEC-003,3,0,0,0,7,Monsoon,3,3
2026-07-20,SEC-003,4,0,0,0,7,Monsoon,3,3
2026-07-20,SEC-003,5,0,0,0,7,Monsoon,0,0
2026-07-20,SEC-003,6,0,0,0,7,Monsoon,0,0
2026-07-20,SEC-003,7,0,0,0,7,Monsoon,0,0
2026-07-20,SEC-003,8,0,0,0,7,Monsoon,1,1
2026-07-20,SEC-003,9,0,0,0,7,Monsoon,0,0
2026-07-20,SEC-003,10,0,0,0,7,Monsoon,0,0
2026-07-20,SEC-003,11,0,0,0,7,Monsoon,1,1
2026-07-20,SEC-003,12,0,0,0,7,Monsoon,0,0
2026-07-20,SEC-003,13,0,0,0,7,Monsoon,0,0
2026-07-20,SEC-003,14,0,0,0,7,Monsoon,0,0
2026-07-20,SEC-003,15,0,0,0,7,Monsoon,0,0
2026-07-20,SEC-003,16,0,0,0,7,Monsoon,0,0
2026-07-20,SEC-003,17,0,0,0,7,Monsoon,0,0
2026-07-20,SEC-003,18,0,0,0,7,Monsoon,1,1
2026-07-20,SEC-003,19,0,0,0,7,Monsoon,0,0
2026-07-20,SEC-003,20,0,0,0,7,Monsoon,0,0
2026-07-20,SEC-003,21,0,0,0,7,Monsoon,0,0
2026-07-20,SEC-003,22,0,0,0,7,Monsoon,0,0
2026-07-20,SEC-003,23,0,0,0,7,Monsoon,3,3
2026-07-20,SEC-004,0,0,0,0,7,Monsoon,3,3
2026-07-20,SEC-004,1,0,0,0,7,Monsoon,3,3
2026-07-20,SEC-004,2,0,0,0,7,Monsoon,2,2
2026-07-20,SEC-004,3,0,0,0,7,Monsoon,1,1
2026-07-20,SEC-004,4,0,0,0,7,Monsoon,1,1
2026-07-20,SEC-004,5,0,0,0,7,Monsoon,2,2
2026-07-20,SEC-004,6,0,0,0,7,Monsoon,2,2
2026-07-20,SEC-004,7,0,0,0,7,Monsoon,0,0
2026-07-20,SEC-004,8,0,0,0,7,Monsoon,0,0
2026-07-20,SEC-004,9,0,0,0,7,Monsoon,0,0
2026-07-20,SEC-004,10,0,0,0,7,Monsoon,0,0
2026-07-20,SEC-004,11,0,0,0,7,Monsoon,0,0
2026-07-20,SEC-004,12,0,0,0,7,Monsoon,0,0
2026-07-20,SEC-004,13,0,0,0,7,Monsoon,1,1
2026-07-20,SEC-004,14,0,0,0,7,Monsoon,2,2
2026-07-20,SEC-004,15,0,0,0,7,Monsoon,1,1
2026-07-20,SEC-004,16,0,0,0,7,Monsoon,3,3
2026-07-20,SEC-004,17,0,0,0,7,Monsoon,0,0
2026-07-20,SEC-004,18,0,0,0,7,Monsoon,0,0
2026-07-20,SEC-004,19,0,0,0,7,Monsoon,0,0
2026-07-20,SEC-004,20,0,0,0,7,Monsoon,0,0
2026-07-20,SEC-004,21,0,0,0,7,Monsoon,0,0
2026-07-20,SEC-004,22,0,0,0,7,Monsoon,1,1
2026-07-20,SEC-004,23,0,0,0,7,Monsoon,2,2
2026-07-20,SEC-005,0,0,0,0,7,Monsoon,1,1
2026-07-20,SEC-005,1,0,0,0,7,Monsoon,4,4
2026-07-20,SEC-005,2,0,0,0,7,Monsoon,1,1
2026-07-20,SEC-005,3,0,0,0,7,Monsoon,1,1
2026-07-20,SEC-005,4,0,0,0,7,Monsoon,5,5
2026-07-20,SEC-005,5,0,0,0,7,Monsoon,0,0
2026-07-20,SEC-005,6,0,0,0,7,Monsoon,0,0
2026-07-20,SEC-005,7,0,0,0,7,Monsoon,0,0
2026-07-20,SEC-005,8,0,0,0,7,Monsoon,0,0
2026-07-20,SEC-005,9,0,0,0,7,Monsoon,0,0
2026-07-20,SEC-005,10,0,0,0,7,Monsoon,0,0
2026-07-20,SEC-005,11,0,0,0,7,Monsoon,0,0
2026-07-20,SEC-005,12,0,0,0,7,Monsoon,0,0
2026-07-20,SEC-005,13,0,0,0,7,Monsoon,0,0
2026-07-20,SEC-005,14,0,0,0,7,Monsoon,0,0
2026-07-20,SEC-005,15,0,0,0,7,Monsoon,0,0
2026-07-20,SEC-005,16,0,0,0,7,Monsoon,0,0
2026-07-20,SEC-005,17,0,0,0,7,Monsoon,1,1
2026-07-20,SEC-005,18,0,0,0,7,Monsoon,0,0
2026-07-20,SEC-005,19,0,0,0,7,Monsoon,2,2
2026-07-20,SEC-005,20,0,0,0,7,Monsoon,1,1
2026-07-20,SEC-005,21,0,0,0,7,Monsoon,1,1
2026-07-20,SEC-005,22,0,0,0,7,Monsoon,3,3
2026-07-20,SEC-005,23,0,0,0,7,Monsoon,4,4
2026-07-20,SEC-006,0,0,0,0,7,Monsoon,2,2
2026-07-20,SEC-006,1,0,0,0,7,Monsoon,2,2
2026-07-20,SEC-006,2,0,0,0,7,Monsoon,2,2
2026-07-20,SEC-006,3,0,0,0,7,Monsoon,1,1
2026-07-20,SEC-006,4,0,0,0,7,Monsoon,1,1
2026-07-20,SEC-006,5,0,0,0,7,Monsoon,2,2
2026-07-20,SEC-006,6,0,0,0,7,Monsoon,0,0
2026-07-20,SEC-006,7,0,0,0,7,Monsoon,1,1
2026-07-20,SEC-006,8,0,0,0,7,Monsoon,0,0
2026-07-20,SEC-006,9,0,0,0,7,Monsoon,0,0
2026-07-20,SEC-006,10,0,0,0,7,Monsoon,0,0
2026-07-20,SEC-006,11,0,0,0,7,Monsoon,0,0
2026-07-20,SEC-006,12,0,0,0,7,Monsoon,2,2
2026-07-20,SEC-006,13,0,0,0,7,Monsoon,0,0
2026-07-20,SEC-006,14,0,0,0,7,Monsoon,0,0
2026-07-20,SEC-006,15,0,0,0,7,Monsoon,0,0
2026-07-20,SEC-006,16,0,0,0,7,Monsoon,2,2
2026-07-20,SEC-006,17,0,0,0,7,Monsoon,0,0
2026-07-20,SEC-006,18,0,0,0,7,Monsoon,0,0
2026-07-20,SEC-006,19,0,0,0,7,Monsoon,1,1
2026-07-20,SEC-006,20,0,0,0,7,Monsoon,1,1
2026-07-20,SEC-006,21,0,0,0,7,Monsoon,0,0
2026-07-20,SEC-006,22,0,0,0,7,Monsoon,2,2
2026-07-20,SEC-006,23,0,0,0,7,Monsoon,2,2
2026-07-21,SEC-001,0,1,0,0,7,Monsoon,3,3
2026-07-21,SEC-001,1,1,0,0,7,Monsoon,0,0
2026-07-21,SEC-001,2,1,0,0,7,Monsoon,1,1
2026-07-21,SEC-001,3,1,0,0,7,Monsoon,1,1
2026-07-21,SEC-001,4,1,0,0,7,Monsoon,6,6
2026-07-21,SEC-001,5,1,0,0,7,Monsoon,0,0
2026-07-21,SEC-001,6,1,0,0,7,Monsoon,1,1
2026-07-21,SEC-001,7,1,0,0,7,Monsoon,0,0
2026-07-21,SEC-001,8,1,0,0,7,Monsoon,1,1
2026-07-21,SEC-001,9,1,0,0,7,Monsoon,1,1
2026-07-21,SEC-001,10,1,0,0,7,Monsoon,0,0
2026-07-21,SEC-001,11,1,0,0,7,Monsoon,0,0
2026-07-21,SEC-001,12,1,0,0,7,Monsoon,1,1
2026-07-21,SEC-001,13,1,0,0,7,Monsoon,1,1
2026-07-21,SEC-001,14,1,0,0,7,Monsoon,0,0
2026-07-21,SEC-001,15,1,0,0,7,Monsoon,0,0
2026-07-21,SEC-001,16,1,0,0,7,Monsoon,0,0
2026-07-21,SEC-001,17,1,0,0,7,Monsoon,0,0
2026-07-21,SEC-001,18,1,0,0,7,Monsoon,0,0
2026-07-21,SEC-001,19,1,0,0,7,Monsoon,1,1
2026-07-21,SEC-001,20,1,0,0,7,Monsoon,0,0
2026-07-21,SEC-001,21,1,0,0,7,Monsoon,0,0
2026-07-21,SEC-001,22,1,0,0,7,Monsoon,1,1
2026-07-21,SEC-001,23,1,0,0,7,Monsoon,2,2
2026-07-21,SEC-002,0,1,0,0,7,Monsoon,0,0
2026-07-21,SEC-002,1,1,0,0,7,Monsoon,3,3
2026-07-21,SEC-002,2,1,0,0,7,Monsoon,0,0
2026-07-21,SEC-002,3,1,0,0,7,Monsoon,1,1
2026-07-21,SEC-002,4,1,0,0,7,Monsoon,1,1
2026-07-21,SEC-002,5,1,0,0,7,Monsoon,0,0
2026-07-21,SEC-002,6,1,0,0,7,Monsoon,0,0
2026-07-21,SEC-002,7,1,0,0,7,Monsoon,2,2
2026-07-21,SEC-002,8,1,0,0,7,Monsoon,0,0
2026-07-21,SEC-002,9,1,0,0,7,Monsoon,0,0
2026-07-21,SEC-002,10,1,0,0,7,Monsoon,1,1
2026-07-21,SEC-002,11,1,0,0,7,Monsoon,0,0
2026-07-21,SEC-002,12,1,0,0,7,Monsoon,0,0
2026-07-21,SEC-002,13,1,0,0,7,Monsoon,0,0
2026-07-21,SEC-002,14,1,0,0,7,Monsoon,3,3
2026-07-21,SEC-002,15,1,0,0,7,Monsoon,0,0
2026-07-21,SEC-002,16,1,0,0,7,Monsoon,0,0
2026-07-21,SEC-002,17,1,0,0,7,Monsoon,0,0
2026-07-21,SEC-002,18,1,0,0,7,Monsoon,0,0
2026-07-21,SEC-002,19,1,0,0,7,Monsoon,1,1
2026-07-21,SEC-002,20,1,0,0,7,Monsoon,0,0
2026-07-21,SEC-002,21,1,0,0,7,Monsoon,0,0
2026-07-21,SEC-002,22,1,0,0,7,Monsoon,1,1
2026-07-21,SEC-002,23,1,0,0,7,Monsoon,1,1
2026-07-21,SEC-003,0,1,0,0,7,Monsoon,0,0
2026-07-21,SEC-003,1,1,0,0,7,Monsoon,3,3
2026-07-21,SEC-003,2,1,0,0,7,Monsoon,2,2
2026-07-21,SEC-003,3,1,0,0,7,Monsoon,1,1
2026-07-21,SEC-003,4,1,0,0,7,Monsoon,3,3
2026-07-21,SEC-003,5,1,0,0,7,Monsoon,0,0
2026-07-21,SEC-003,6,1,0,0,7,Monsoon,1,1
2026-07-21,SEC-003,7,1,0,0,7,Monsoon,0,0
2026-07-21,SEC-003,8,1,0,0,7,Monsoon,1,1
2026-07-21,SEC-003,9,1,0,0,7,Monsoon,1,1
2026-07-21,SEC-003,10,1,0,0,7,Monsoon,0,0
2026-07-21,SEC-003,11,1,0,0,7,Monsoon,0,0
2026-07-21,SEC-003,12,1,0,0,7,Monsoon,0,0
2026-07-21,SEC-003,13,1,0,0,7,Monsoon,0,0
2026-07-21,SEC-003,14,1,0,0,7,Monsoon,1,1
2026-07-21,SEC-003,15,1,0,0,7,Monsoon,0,0
2026-07-21,SEC-003,16,1,0,0,7,Monsoon,0,0
2026-07-21,SEC-003,17,1,0,0,7,Monsoon,0,0
2026-07-21,SEC-003,18,1,0,0,7,Monsoon,1,1
2026-07-21,SEC-003,19,1,0,0,7,Monsoon,1,1
2026-07-21,SEC-003,20,1,0,0,7,Monsoon,0,0
2026-07-21,SEC-003,21,1,0,0,7,Monsoon,0,0
2026-07-21,SEC-003,22,1,0,0,7,Monsoon,1,1
2026-07-21,SEC-003,23,1,0,0,7,Monsoon,2,2
2026-07-21,SEC-004,0,1,0,0,7,Monsoon,1,1
2026-07-21,SEC-004,1,1,0,0,7,Monsoon,3,3
2026-07-21,SEC-004,2,1,0,0,7,Monsoon,2,2
2026-07-21,SEC-004,3,1,0,0,7,Monsoon,2,2
2026-07-21,SEC-004,4,1,0,0,7,Monsoon,2,2
2026-07-21,SEC-004,5,1,0,0,7,Monsoon,2,2
2026-07-21,SEC-004,6,1,0,0,7,Monsoon,0,0
2026-07-21,SEC-004,7,1,0,0,7,Monsoon,1,1
2026-07-21,SEC-004,8,1,0,0,7,Monsoon,2,2
2026-07-21,SEC-004,9,1,0,0,7,Monsoon,0,0
2026-07-21,SEC-004,10,1,0,0,7,Monsoon,1,1
2026-07-21,SEC-004,11,1,0,0,7,Monsoon,0,0
2026-07-21,SEC-004,12,1,0,0,7,Monsoon,1,1
2026-07-21,SEC-004,13,1,0,0,7,Monsoon,0,0
2026-07-21,SEC-004,14,1,0,0,7,Monsoon,0,0
2026-07-21,SEC-004,15,1,0,0,7,Monsoon,1,1
2026-07-21,SEC-004,16,1,0,0,7,Monsoon,0,0
2026-07-21,SEC-004,17,1,0,0,7,Monsoon,0,0
2026-07-21,SEC-004,18,1,0,0,7,Monsoon,1,1
2026-07-21,SEC-004,19,1,0,0,7,Monsoon,0,0
2026-07-21,SEC-004,20,1,0,0,7,Monsoon,0,0
2026-07-21,SEC-004,21,1,0,0,7,Monsoon,0,0
2026-07-21,SEC-004,22,1,0,0,7,Monsoon,2,2
2026-07-21,SEC-004,23,1,0,0,7,Monsoon,0,0
2026-07-21,SEC-005,0,1,0,0,7,Monsoon,4,4
2026-07-21,SEC-005,1,1,0,0,7,Monsoon,2,2
2026-07-21,SEC-005,2,1,0,0,7,Monsoon,1,1
2026-07-21,SEC-005,3,1,0,0,7,Monsoon,2,2
2026-07-21,SEC-005,4,1,0,0,7,Monsoon,2,2
2026-07-21,SEC-005,5,1,0,0,7,Monsoon,1,1
2026-07-21,SEC-005,6,1,0,0,7,Monsoon,0,0
2026-07-21,SEC-005,7,1,0,0,7,Monsoon,0,0
2026-07-21,SEC-005,8,1,0,0,7,Monsoon,1,1
2026-07-21,SEC-005,9,1,0,0,7,Monsoon,0,0
2026-07-21,SEC-005,10,1,0,0,7,Monsoon,0,0
2026-07-21,SEC-005,11,1,0,0,7,Monsoon,0,0
2026-07-21,SEC-005,12,1,0,0,7,Monsoon,0,0
2026-07-21,SEC-005,13,1,0,0,7,Monsoon,0,0
2026-07-21,SEC-005,14,1,0,0,7,Monsoon,2,2
2026-07-21,SEC-005,15,1,0,0,7,Monsoon,0,0
2026-07-21,SEC-005,16,1,0,0,7,Monsoon,0,0
2026-07-21,SEC-005,17,1,0,0,7,Monsoon,0,0
2026-07-21,SEC-005,18,1,0,0,7,Monsoon,0,0
2026-07-21,SEC-005,19,1,0,0,7,Monsoon,1,1
2026-07-21,SEC-005,20,1,0,0,7,Monsoon,0,0
2026-07-21,SEC-005,21,1,0,0,7,Monsoon,0,0
2026-07-21,SEC-005,22,1,0,0,7,Monsoon,4,4
2026-07-21,SEC-005,23,1,0,0,7,Monsoon,2,2
2026-07-21,SEC-006,0,1,0,0,7,Monsoon,4,4
2026-07-21,SEC-006,1,1,0,0,7,Monsoon,2,2
2026-07-21,SEC-006,2,1,0,0,7,Monsoon,1,1
2026-07-21,SEC-006,3,1,0,0,7,Monsoon,5,5
2026-07-21,SEC-006,4,1,0,0,7,Monsoon,0,0
2026-07-21,SEC-006,5,1,0,0,7,Monsoon,0,0
2026-07-21,SEC-006,6,1,0,0,7,Monsoon,0,0
2026-07-21,SEC-006,7,1,0,0,7,Monsoon,1,1
2026-07-21,SEC-006,8,1,0,0,7,Monsoon,0,0
2026-07-21,SEC-006,9,1,0,0,7,Monsoon,0,0
2026-07-21,SEC-006,10,1,0,0,7,Monsoon,0,0
2026-07-21,SEC-006,11,1,0,0,7,Monsoon,0,0
2026-07-21,SEC-006,12,1,0,0,7,Monsoon,0,0
2026-07-21,SEC-006,13,1,0,0,7,Monsoon,0,0
2026-07-21,SEC-006,14,1,0,0,7,Monsoon,0,0
2026-07-21,SEC-006,15,1,0,0,7,Monsoon,0,0
2026-07-21,SEC-006,16,1,0,0,7,Monsoon,0,0
2026-07-21,SEC-006,17,1,0,0,7,Monsoon,0,0
2026-07-21,SEC-006,18,1,0,0,7,Monsoon,0,0
2026-07-21,SEC-006,19,1,0,0,7,Monsoon,0,0
2026-07-21,SEC-006,20,1,0,0,7,Monsoon,0,0
2026-07-21,SEC-006,21,1,0,0,7,Monsoon,0,0
2026-07-21,SEC-006,22,1,0,0,7,Monsoon,2,2
2026-07-21,SEC-006,23,1,0,0,7,Monsoon,1,1
2026-07-22,SEC-001,0,2,0,0,7,Monsoon,1,1
2026-07-22,SEC-001,1,2,0,0,7,Monsoon,2,2
2026-07-22,SEC-001,2,2,0,0,7,Monsoon,1,1
2026-07-22,SEC-001,3,2,0,0,7,Monsoon,2,2
2026-07-22,SEC-001,4,2,0,0,7,Monsoon,3,3
2026-07-22,SEC-001,5,2,0,0,7,Monsoon,0,0
2026-07-22,SEC-001,6,2,0,0,7,Monsoon,0,0
2026-07-22,SEC-001,7,2,0,0,7,Monsoon,0,0
2026-07-22,SEC-001,8,2,0,0,7,Monsoon,0,0
2026-07-22,SEC-001,9,2,0,0,7,Monsoon,1,1
2026-07-22,SEC-001,10,2,0,0,7,Monsoon,1,1
2026-07-22,SEC-001,11,2,0,0,7,Monsoon,0,0
2026-07-22,SEC-001,12,2,0,0,7,Monsoon,1,1
2026-07-22,SEC-001,13,2,0,0,7,Monsoon,2,2
2026-07-22,SEC-001,14,2,0,0,7,Monsoon,0,0
2026-07-22,SEC-001,15,2,0,0,7,Monsoon,1,1
2026-07-22,SEC-001,16,2,0,0,7,Monsoon,0,0
2026-07-22,SEC-001,17,2,0,0,7,Monsoon,1,1
2026-07-22,SEC-001,18,2,0,0,7,Monsoon,1,1
2026-07-22,SEC-001,19,2,0,0,7,Monsoon,0,0
2026-07-22,SEC-001,20,2,0,0,7,Monsoon,0,0
2026-07-22,SEC-001,21,2,0,0,7,Monsoon,1,1
2026-07-22,SEC-001,22,2,0,0,7,Monsoon,2,2
2026-07-22,SEC-001,23,2,0,0,7,Monsoon,4,4
2026-07-22,SEC-002,0,2,0,0,7,Monsoon,5,5
2026-07-22,SEC-002,1,2,0,0,7,Monsoon,3,3
2026-07-22,SEC-002,2,2,0,0,7,Monsoon,2,2
2026-07-22,SEC-002,3,2,0,0,7,Monsoon,2,2
2026-07-22,SEC-002,4,2,0,0,7,Monsoon,1,1
2026-07-22,SEC-002,5,2,0,0,7,Monsoon,1,1
2026-07-22,SEC-002,6,2,0,0,7,Monsoon,0,0
2026-07-22,SEC-002,7,2,0,0,7,Monsoon,0,0
2026-07-22,SEC-002,8,2,0,0,7,Monsoon,1,1
2026-07-22,SEC-002,9,2,0,0,7,Monsoon,0,0
2026-07-22,SEC-002,10,2,0,0,7,Monsoon,0,0
2026-07-22,SEC-002,11,2,0,0,7,Monsoon,0,0
2026-07-22,SEC-002,12,2,0,0,7,Monsoon,0,0
2026-07-22,SEC-002,13,2,0,0,7,Monsoon,0,0
2026-07-22,SEC-002,14,2,0,0,7,Monsoon,0,0
2026-07-22,SEC-002,15,2,0,0,7,Monsoon,0,0
2026-07-22,SEC-002,16,2,0,0,7,Monsoon,1,1
2026-07-22,SEC-002,17,2,0,0,7,Monsoon,1,1
2026-07-22,SEC-002,18,2,0,0,7,Monsoon,0,0
2026-07-22,SEC-002,19,2,0,0,7,Monsoon,0,0
2026-07-22,SEC-002,20,2,0,0,7,Monsoon,1,1
2026-07-22,SEC-002,21,2,0,0,7,Monsoon,0,0
2026-07-22,SEC-002,22,2,0,0,7,Monsoon,3,3
2026-07-22,SEC-002,23,2,0,0,7,Monsoon,0,0
2026-07-22,SEC-003,0,2,0,0,7,Monsoon,3,3
2026-07-22,SEC-003,1,2,0,0,7,Monsoon,2,2
2026-07-22,SEC-003,2,2,0,0,7,Monsoon,0,0
2026-07-22,SEC-003,3,2,0,0,7,Monsoon,3,3
2026-07-22,SEC-003,4,2,0,0,7,Monsoon,1,1
2026-07-22,SEC-003,5,2,0,0,7,Monsoon,0,0
2026-07-22,SEC-003,6,2,0,0,7,Monsoon,0,0
2026-07-22,SEC-003,7,2,0,0,7,Monsoon,0,0
2026-07-22,SEC-003,8,2,0,0,7,Monsoon,0,0
2026-07-22,SEC-003,9,2,0,0,7,Monsoon,0,0
2026-07-22,SEC-003,10,2,0,0,7,Monsoon,0,0
2026-07-22,SEC-003,11,2,0,0,7,Monsoon,0,0
2026-07-22,SEC-003,12,2,0,0,7,Monsoon,1,1
2026-07-22,SEC-003,13,2,0,0,7,Monsoon,1,1
2026-07-22,SEC-003,14,2,0,0,7,Monsoon,0,0
2026-07-22,SEC-003,15,2,0,0,7,Monsoon,0,0
2026-07-22,SEC-003,16,2,0,0,7,Monsoon,2,2
2026-07-22,SEC-003,17,2,0,0,7,Monsoon,0,0
2026-07-22,SEC-003,18,2,0,0,7,Monsoon,2,2
2026-07-22,SEC-003,19,2,0,0,7,Monsoon,3,3
2026-07-22,SEC-003,20,2,0,0,7,Monsoon,0,0
2026-07-22,SEC-003,21,2,0,0,7,Monsoon,0,0
2026-07-22,SEC-003,22,2,0,0,7,Monsoon,1,1
2026-07-22,SEC-003,23,2,0,0,7,Monsoon,2,2
2026-07-22,SEC-004,0,2,0,0,7,Monsoon,2,2
2026-07-22,SEC-004,1,2,0,0,7,Monsoon,2,2
2026-07-22,SEC-004,2,2,0,0,7,Monsoon,2,2
2026-07-22,SEC-004,3,2,0,0,7,Monsoon,0,0
2026-07-22,SEC-004,4,2,0,0,7,Monsoon,5,5
2026-07-22,SEC-004,5,2,0,0,7,Monsoon,0,0
2026-07-22,SEC-004,6,2,0,0,7,Monsoon,0,0
2026-07-22,SEC-004,7,2,0,0,7,Monsoon,4,4
2026-07-22,SEC-004,8,2,0,0,7,Monsoon,0,0
2026-07-22,SEC-004,9,2,0,0,7,Monsoon,1,1
2026-07-22,SEC-004,10,2,0,0,7,Monsoon,0,0
2026-07-22,SEC-004,11,2,0,0,7,Monsoon,1,1
2026-07-22,SEC-004,12,2,0,0,7,Monsoon,0,0
2026-07-22,SEC-004,13,2,0,0,7,Monsoon,2,2
2026-07-22,SEC-004,14,2,0,0,7,Monsoon,0,0
2026-07-22,SEC-004,15,2,0,0,7,Monsoon,0,0
2026-07-22,SEC-004,16,2,0,0,7,Monsoon,0,0
2026-07-22,SEC-004,17,2,0,0,7,Monsoon,0,0
2026-07-22,SEC-004,18,2,0,0,7,Monsoon,0,0
2026-07-22,SEC-004,19,2,0,0,7,Monsoon,0,0
2026-07-22,SEC-004,20,2,0,0,7,Monsoon,0,0
2026-07-22,SEC-004,21,2,0,0,7,Monsoon,0,0
2026-07-22,SEC-004,22,2,0,0,7,Monsoon,3,3
2026-07-22,SEC-004,23,2,0,0,7,Monsoon,4,4
2026-07-22,SEC-005,0,2,0,0,7,Monsoon,1,1
2026-07-22,SEC-005,1,2,0,0,7,Monsoon,1,1
2026-07-22,SEC-005,2,2,0,0,7,Monsoon,2,2
2026-07-22,SEC-005,3,2,0,0,7,Monsoon,0,0
2026-07-22,SEC-005,4,2,0,0,7,Monsoon,1,1
2026-07-22,SEC-005,5,2,0,0,7,Monsoon,3,3
2026-07-22,SEC-005,6,2,0,0,7,Monsoon,1,1
2026-07-22,SEC-005,7,2,0,0,7,Monsoon,0,0
2026-07-22,SEC-005,8,2,0,0,7,Monsoon,0,0
2026-07-22,SEC-005,9,2,0,0,7,Monsoon,0,0
2026-07-22,SEC-005,10,2,0,0,7,Monsoon,1,1
2026-07-22,SEC-005,11,2,0,0,7,Monsoon,0,0
2026-07-22,SEC-005,12,2,0,0,7,Monsoon,0,0
2026-07-22,SEC-005,13,2,0,0,7,Monsoon,0,0
2026-07-22,SEC-005,14,2,0,0,7,Monsoon,1,1
2026-07-22,SEC-005,15,2,0,0,7,Monsoon,2,2
2026-07-22,SEC-005,16,2,0,0,7,Monsoon,0,0
2026-07-22,SEC-005,17,2,0,0,7,Monsoon,1,1
2026-07-22,SEC-005,18,2,0,0,7,Monsoon,2,2
2026-07-22,SEC-005,19,2,0,0,7,Monsoon,0,0
2026-07-22,SEC-005,20,2,0,0,7,Monsoon,0,0
2026-07-22,SEC-005,21,2,0,0,7,Monsoon,0,0
2026-07-22,SEC-005,22,2,0,0,7,Monsoon,3,3
2026-07-22,SEC-005,23,2,0,0,7,Monsoon,2,2
2026-07-22,SEC-006,0,2,0,0,7,Monsoon,0,0
2026-07-22,SEC-006,1,2,0,0,7,Monsoon,5,5
2026-07-22,SEC-006,2,2,0,0,7,Monsoon,4,4
2026-07-22,SEC-006,3,2,0,0,7,Monsoon,2,2
2026-07-22,SEC-006,4,2,0,0,7,Monsoon,2,2
2026-07-22,SEC-006,5,2,0,0,7,Monsoon,1,1
2026-07-22,SEC-006,6,2,0,0,7,Monsoon,0,0
2026-07-22,SEC-006,7,2,0,0,7,Monsoon,1,1
2026-07-22,SEC-006,8,2,0,0,7,Monsoon,0,0
2026-07-22,SEC-006,9,2,0,0,7,Monsoon,1,1
2026-07-22,SEC-006,10,2,0,0,7,Monsoon,0,0
2026-07-22,SEC-006,11,2,0,0,7,Monsoon,0,0
2026-07-22,SEC-006,12,2,0,0,7,Monsoon,0,0
2026-07-22,SEC-006,13,2,0,0,7,Monsoon,0,0
2026-07-22,SEC-006,14,2,0,0,7,Monsoon,0,0
2026-07-22,SEC-006,15,2,0,0,7,Monsoon,0,0
2026-07-22,SEC-006,16,2,0,0,7,Monsoon,0,0
2026-07-22,SEC-006,17,2,0,0,7,Monsoon,0,0
2026-07-22,SEC-006,18,2,0,0,7,Monsoon,0,0
2026-07-22,SEC-006,19,2,0,0,7,Monsoon,0,0
2026-07-22,SEC-006,20,2,0,0,7,Monsoon,0,0
2026-07-22,SEC-006,21,2,0,0,7,Monsoon,1,1
2026-07-22,SEC-006,22,2,0,0,7,Monsoon,4,4
2026-07-22,SEC-006,23,2,0,0,7,Monsoon,2,2
2026-07-23,SEC-001,0,3,0,0,7,Monsoon,1,1
2026-07-23,SEC-001,1,3,0,0,7,Monsoon,1,1
2026-07-23,SEC-001,2,3,0,0,7,Monsoon,2,2
2026-07-23,SEC-001,3,3,0,0,7,Monsoon,2,2
2026-07-23,SEC-001,4,3,0,0,7,Monsoon,1,1
2026-07-23,SEC-001,5,3,0,0,7,Monsoon,1,1
2026-07-23,SEC-001,6,3,0,0,7,Monsoon,1,1
2026-07-23,SEC-001,7,3,0,0,7,Monsoon,0,0
2026-07-23,SEC-001,8,3,0,0,7,Monsoon,0,0
2026-07-23,SEC-001,9,3,0,0,7,Monsoon,0,0
2026-07-23,SEC-001,10,3,0,0,7,Monsoon,1,1
2026-07-23,SEC-001,11,3,0,0,7,Monsoon,1,1
2026-07-23,SEC-001,12,3,0,0,7,Monsoon,0,0
2026-07-23,SEC-001,13,3,0,0,7,Monsoon,1,1
2026-07-23,SEC-001,14,3,0,0,7,Monsoon,2,2
2026-07-23,SEC-001,15,3,0,0,7,Monsoon,0,0
2026-07-23,SEC-001,16,3,0,0,7,Monsoon,0,0
2026-07-23,SEC-001,17,3,0,0,7,Monsoon,0,0
2026-07-23,SEC-001,18,3,0,0,7,Monsoon,0,0
2026-07-23,SEC-001,19,3,0,0,7,Monsoon,1,1
2026-07-23,SEC-001,20,3,0,0,7,Monsoon,0,0
2026-07-23,SEC-001,21,3,0,0,7,Monsoon,1,1
2026-07-23,SEC-001,22,3,0,0,7,Monsoon,2,2
2026-07-23,SEC-001,23,3,0,0,7,Monsoon,5,5
2026-07-23,SEC-002,0,3,0,0,7,Monsoon,4,4
2026-07-23,SEC-002,1,3,0,0,7,Monsoon,2,2
2026-07-23,SEC-002,2,3,0,0,7,Monsoon,1,1
2026-07-23,SEC-002,3,3,0,0,7,Monsoon,4,4
2026-07-23,SEC-002,4,3,0,0,7,Monsoon,1,1
2026-07-23,SEC-002,5,3,0,0,7,Monsoon,0,0
2026-07-23,SEC-002,6,3,0,0,7,Monsoon,0,0
2026-07-23,SEC-002,7,3,0,0,7,Monsoon,1,1
2026-07-23,SEC-002,8,3,0,0,7,Monsoon,1,1
2026-07-23,SEC-002,9,3,0,0,7,Monsoon,0,0
2026-07-23,SEC-002,10,3,0,0,7,Monsoon,0,0
2026-07-23,SEC-002,11,3,0,0,7,Monsoon,1,1
2026-07-23,SEC-002,12,3,0,0,7,Monsoon,1,1
2026-07-23,SEC-002,13,3,0,0,7,Monsoon,1,1
2026-07-23,SEC-002,14,3,0,0,7,Monsoon,0,0
2026-07-23,SEC-002,15,3,0,0,7,Monsoon,1,1
2026-07-23,SEC-002,16,3,0,0,7,Monsoon,0,0
2026-07-23,SEC-002,17,3,0,0,7,Monsoon,0,0
2026-07-23,SEC-002,18,3,0,0,7,Monsoon,1,1
2026-07-23,SEC-002,19,3,0,0,7,Monsoon,0,0
2026-07-23,SEC-002,20,3,0,0,7,Monsoon,0,0
2026-07-23,SEC-002,21,3,0,0,7,Monsoon,1,1
2026-07-23,SEC-002,22,3,0,0,7,Monsoon,2,2
2026-07-23,SEC-002,23,3,0,0,7,Monsoon,2,2
2026-07-23,SEC-003,0,3,0,0,7,Monsoon,3,3
2026-07-23,SEC-003,1,3,0,0,7,Monsoon,1,1
2026-07-23,SEC-003,2,3,0,0,7,Monsoon,2,2
2026-07-23,SEC-003,3,3,0,0,7,Monsoon,0,0
2026-07-23,SEC-003,4,3,0,0,7,Monsoon,2,2
2026-07-23,SEC-003,5,3,0,0,7,Monsoon,0,0
2026-07-23,SEC-003,6,3,0,0,7,Monsoon,1,1
2026-07-23,SEC-003,7,3,0,0,7,Monsoon,0,0
2026-07-23,SEC-003,8,3,0,0,7,Monsoon,0,0
2026-07-23,SEC-003,9,3,0,0,7,Monsoon,0,0
2026-07-23,SEC-003,10,3,0,0,7,Monsoon,0,0
2026-07-23,SEC-003,11,3,0,0,7,Monsoon,1,1
2026-07-23,SEC-003,12,3,0,0,7,Monsoon,0,0
2026-07-23,SEC-003,13,3,0,0,7,Monsoon,0,0
2026-07-23,SEC-003,14,3,0,0,7,Monsoon,0,0
2026-07-23,SEC-003,15,3,0,0,7,Monsoon,1,1
2026-07-23,SEC-003,16,3,0,0,7,Monsoon,0,0
2026-07-23,SEC-003,17,3,0,0,7,Monsoon,1,1
2026-07-23,SEC-003,18,3,0,0,7,Monsoon,1,1
2026-07-23,SEC-003,19,3,0,0,7,Monsoon,1,1
2026-07-23,SEC-003,20,3,0,0,7,Monsoon,1,1
2026-07-23,SEC-003,21,3,0,0,7,Monsoon,1,1
2026-07-23,SEC-003,22,3,0,0,7,Monsoon,0,0
2026-07-23,SEC-003,23,3,0,0,7,Monsoon,2,2
2026-07-23,SEC-004,0,3,0,0,7,Monsoon,0,0
2026-07-23,SEC-004,1,3,0,0,7,Monsoon,2,2
2026-07-23,SEC-004,2,3,0,0,7,Monsoon,2,2
2026-07-23,SEC-004,3,3,0,0,7,Monsoon,3,3
2026-07-23,SEC-004,4,3,0,0,7,Monsoon,1,1
2026-07-23,SEC-004,5,3,0,0,7,Monsoon,0,0
2026-07-23,SEC-004,6,3,0,0,7,Monsoon,0,0
2026-07-23,SEC-004,7,3,0,0,7,Monsoon,1,1
2026-07-23,SEC-004,8,3,0,0,7,Monsoon,1,1
2026-07-23,SEC-004,9,3,0,0,7,Monsoon,0,0
2026-07-23,SEC-004,10,3,0,0,7,Monsoon,0,0
2026-07-23,SEC-004,11,3,0,0,7,Monsoon,0,0
2026-07-23,SEC-004,12,3,0,0,7,Monsoon,0,0
2026-07-23,SEC-004,13,3,0,0,7,Monsoon,1,1
2026-07-23,SEC-004,14,3,0,0,7,Monsoon,1,1
2026-07-23,SEC-004,15,3,0,0,7,Monsoon,0,0
2026-07-23,SEC-004,16,3,0,0,7,Monsoon,1,1
2026-07-23,SEC-004,17,3,0,0,7,Monsoon,1,1
2026-07-23,SEC-004,18,3,0,0,7,Monsoon,1,1
2026-07-23,SEC-004,19,3,0,0,7,Monsoon,0,0
2026-07-23,SEC-004,20,3,0,0,7,Monsoon,1,1
2026-07-23,SEC-004,21,3,0,0,7,Monsoon,0,0
2026-07-23,SEC-004,22,3,0,0,7,Monsoon,2,2
2026-07-23,SEC-004,23,3,0,0,7,Monsoon,2,2
2026-07-23,SEC-005,0,3,0,0,7,Monsoon,2,2
2026-07-23,SEC-005,1,3,0,0,7,Monsoon,1,1
2026-07-23,SEC-005,2,3,0,0,7,Monsoon,0,0
2026-07-23,SEC-005,3,3,0,0,7,Monsoon,2,2
2026-07-23,SEC-005,4,3,0,0,7,Monsoon,4,4
2026-07-23,SEC-005,5,3,0,0,7,Monsoon,0,0
2026-07-23,SEC-005,6,3,0,0,7,Monsoon,2,2
2026-07-23,SEC-005,7,3,0,0,7,Monsoon,2,2
2026-07-23,SEC-005,8,3,0,0,7,Monsoon,0,0
2026-07-23,SEC-005,9,3,0,0,7,Monsoon,0,0
2026-07-23,SEC-005,10,3,0,0,7,Monsoon,0,0
2026-07-23,SEC-005,11,3,0,0,7,Monsoon,0,0
2026-07-23,SEC-005,12,3,0,0,7,Monsoon,0,0
2026-07-23,SEC-005,13,3,0,0,7,Monsoon,0,0
2026-07-23,SEC-005,14,3,0,0,7,Monsoon,1,1
2026-07-23,SEC-005,15,3,0,0,7,Monsoon,0,0
2026-07-23,SEC-005,16,3,0,0,7,Monsoon,0,0
2026-07-23,SEC-005,17,3,0,0,7,Monsoon,0,0
2026-07-23,SEC-005,18,3,0,0,7,Monsoon,0,0
2026-07-23,SEC-005,19,3,0,0,7,Monsoon,2,2
2026-07-23,SEC-005,20,3,0,0,7,Monsoon,0,0
2026-07-23,SEC-005,21,3,0,0,7,Monsoon,0,0
2026-07-23,SEC-005,22,3,0,0,7,Monsoon,2,2
2026-07-23,SEC-005,23,3,0,0,7,Monsoon,2,2
2026-07-23,SEC-006,0,3,0,0,7,Monsoon,1,1
2026-07-23,SEC-006,1,3,0,0,7,Monsoon,2,2
2026-07-23,SEC-006,2,3,0,0,7,Monsoon,1,1
2026-07-23,SEC-006,3,3,0,0,7,Monsoon,1,1
2026-07-23,SEC-006,4,3,0,0,7,Monsoon,2,2
2026-07-23,SEC-006,5,3,0,0,7,Monsoon,1,1
2026-07-23,SEC-006,6,3,0,0,7,Monsoon,1,1
2026-07-23,SEC-006,7,3,0,0,7,Monsoon,2,2
2026-07-23,SEC-006,8,3,0,0,7,Monsoon,0,0
2026-07-23,SEC-006,9,3,0,0,7,Monsoon,1,1
2026-07-23,SEC-006,10,3,0,0,7,Monsoon,1,1
2026-07-23,SEC-006,11,3,0,0,7,Monsoon,0,0
2026-07-23,SEC-006,12,3,0,0,7,Monsoon,0,0
2026-07-23,SEC-006,13,3,0,0,7,Monsoon,0,0
2026-07-23,SEC-006,14,3,0,0,7,Monsoon,1,1
2026-07-23,SEC-006,15,3,0,0,7,Monsoon,1,1
2026-07-23,SEC-006,16,3,0,0,7,Monsoon,0,0
2026-07-23,SEC-006,17,3,0,0,7,Monsoon,0,0
2026-07-23,SEC-006,18,3,0,0,7,Monsoon,0,0
2026-07-23,SEC-006,19,3,0,0,7,Monsoon,0,0
2026-07-23,SEC-006,20,3,0,0,7,Monsoon,0,0
2026-07-23,SEC-006,21,3,0,0,7,Monsoon,2,2
2026-07-23,SEC-006,22,3,0,0,7,Monsoon,1,1
2026-07-23,SEC-006,23,3,0,0,7,Monsoon,3,3
2026-07-24,SEC-001,0,4,0,0,7,Monsoon,3,3
2026-07-24,SEC-001,1,4,0,0,7,Monsoon,2,2
2026-07-24,SEC-001,2,4,0,0,7,Monsoon,4,4
2026-07-24,SEC-001,3,4,0,0,7,Monsoon,5,5
2026-07-24,SEC-001,4,4,0,0,7,Monsoon,1,1
2026-07-24,SEC-001,5,4,0,0,7,Monsoon,0,0
2026-07-24,SEC-001,6,4,0,0,7,Monsoon,1,1
2026-07-24,SEC-001,7,4,0,0,7,Monsoon,0,0
2026-07-24,SEC-001,8,4,0,0,7,Monsoon,0,0
2026-07-24,SEC-001,9,4,0,0,7,Monsoon,0,0
2026-07-24,SEC-001,10,4,0,0,7,Monsoon,0,0
2026-07-24,SEC-001,11,4,0,0,7,Monsoon,0,0
2026-07-24,SEC-001,12,4,0,0,7,Monsoon,0,0
2026-07-24,SEC-001,13,4,0,0,7,Monsoon,1,1
2026-07-24,SEC-001,14,4,0,0,7,Monsoon,0,0
2026-07-24,SEC-001,15,4,0,0,7,Monsoon,1,1
2026-07-24,SEC-001,16,4,0,0,7,Monsoon,3,3
2026-07-24,SEC-001,17,4,0,0,7,Monsoon,0,0
2026-07-24,SEC-001,18,4,0,0,7,Monsoon,0,0
2026-07-24,SEC-001,19,4,0,0,7,Monsoon,0,0
2026-07-24,SEC-001,20,4,0,0,7,Monsoon,0,0
2026-07-24,SEC-001,21,4,0,0,7,Monsoon,0,0
2026-07-24,SEC-001,22,4,0,0,7,Monsoon,1,1
2026-07-24,SEC-001,23,4,0,0,7,Monsoon,2,2
2026-07-24,SEC-002,0,4,0,0,7,Monsoon,2,2
2026-07-24,SEC-002,1,4,0,0,7,Monsoon,1,1
2026-07-24,SEC-002,2,4,0,0,7,Monsoon,2,2
2026-07-24,SEC-002,3,4,0,0,7,Monsoon,0,0
2026-07-24,SEC-002,4,4,0,0,7,Monsoon,2,2
2026-07-24,SEC-002,5,4,0,0,7,Monsoon,2,2
2026-07-24,SEC-002,6,4,0,0,7,Monsoon,1,1
2026-07-24,SEC-002,7,4,0,0,7,Monsoon,0,0
2026-07-24,SEC-002,8,4,0,0,7,Monsoon,0,0
2026-07-24,SEC-002,9,4,0,0,7,Monsoon,0,0
2026-07-24,SEC-002,10,4,0,0,7,Monsoon,3,3
2026-07-24,SEC-002,11,4,0,0,7,Monsoon,1,1
2026-07-24,SEC-002,12,4,0,0,7,Monsoon,0,0
2026-07-24,SEC-002,13,4,0,0,7,Monsoon,1,1
2026-07-24,SEC-002,14,4,0,0,7,Monsoon,0,0
2026-07-24,SEC-002,15,4,0,0,7,Monsoon,0,0
2026-07-24,SEC-002,16,4,0,0,7,Monsoon,0,0
2026-07-24,SEC-002,17,4,0,0,7,Monsoon,0,0
2026-07-24,SEC-002,18,4,0,0,7,Monsoon,1,1
2026-07-24,SEC-002,19,4,0,0,7,Monsoon,0,0
2026-07-24,SEC-002,20,4,0,0,7,Monsoon,0,0
2026-07-24,SEC-002,21,4,0,0,7,Monsoon,1,1
2026-07-24,SEC-002,22,4,0,0,7,Monsoon,0,0
2026-07-24,SEC-002,23,4,0,0,7,Monsoon,1,1
2026-07-24,SEC-003,0,4,0,0,7,Monsoon,3,3
2026-07-24,SEC-003,1,4,0,0,7,Monsoon,4,4
2026-07-24,SEC-003,2,4,0,0,7,Monsoon,1,1
2026-07-24,SEC-003,3,4,0,0,7,Monsoon,0,0
2026-07-24,SEC-003,4,4,0,0,7,Monsoon,1,1
2026-07-24,SEC-003,5,4,0,0,7,Monsoon,0,0
2026-07-24,SEC-003,6,4,0,0,7,Monsoon,0,0
2026-07-24,SEC-003,7,4,0,0,7,Monsoon,0,0
2026-07-24,SEC-003,8,4,0,0,7,Monsoon,1,1
2026-07-24,SEC-003,9,4,0,0,7,Monsoon,0,0
2026-07-24,SEC-003,10,4,0,0,7,Monsoon,0,0
2026-07-24,SEC-003,11,4,0,0,7,Monsoon,0,0
2026-07-24,SEC-003,12,4,0,0,7,Monsoon,1,1
2026-07-24,SEC-003,13,4,0,0,7,Monsoon,0,0
2026-07-24,SEC-003,14,4,0,0,7,Monsoon,0,0
2026-07-24,SEC-003,15,4,0,0,7,Monsoon,0,0
2026-07-24,SEC-003,16,4,0,0,7,Monsoon,2,2
2026-07-24,SEC-003,17,4,0,0,7,Monsoon,0,0
2026-07-24,SEC-003,18,4,0,0,7,Monsoon,0,0
2026-07-24,SEC-003,19,4,0,0,7,Monsoon,2,2
2026-07-24,SEC-003,20,4,0,0,7,Monsoon,1,1
2026-07-24,SEC-003,21,4,0,0,7,Monsoon,0,0
2026-07-24,SEC-003,22,4,0,0,7,Monsoon,3,3
2026-07-24,SEC-003,23,4,0,0,7,Monsoon,2,2
2026-07-24,SEC-004,0,4,0,0,7,Monsoon,1,1
2026-07-24,SEC-004,1,4,0,0,7,Monsoon,1,1
2026-07-24,SEC-004,2,4,0,0,7,Monsoon,2,2
2026-07-24,SEC-004,3,4,0,0,7,Monsoon,0,0
2026-07-24,SEC-004,4,4,0,0,7,Monsoon,2,2
2026-07-24,SEC-004,5,4,0,0,7,Monsoon,0,0
2026-07-24,SEC-004,6,4,0,0,7,Monsoon,1,1
2026-07-24,SEC-004,7,4,0,0,7,Monsoon,0,0
2026-07-24,SEC-004,8,4,0,0,7,Monsoon,0,0
2026-07-24,SEC-004,9,4,0,0,7,Monsoon,0,0
2026-07-24,SEC-004,10,4,0,0,7,Monsoon,1,1
2026-07-24,SEC-004,11,4,0,0,7,Monsoon,1,1
2026-07-24,SEC-004,12,4,0,0,7,Monsoon,2,2
2026-07-24,SEC-004,13,4,0,0,7,Monsoon,0,0
2026-07-24,SEC-004,14,4,0,0,7,Monsoon,0,0
2026-07-24,SEC-004,15,4,0,0,7,Monsoon,0,0
2026-07-24,SEC-004,16,4,0,0,7,Monsoon,1,1
2026-07-24,SEC-004,17,4,0,0,7,Monsoon,1,1
2026-07-24,SEC-004,18,4,0,0,7,Monsoon,0,0
2026-07-24,SEC-004,19,4,0,0,7,Monsoon,0,0
2026-07-24,SEC-004,20,4,0,0,7,Monsoon,1,1
2026-07-24,SEC-004,21,4,0,0,7,Monsoon,1,1
2026-07-24,SEC-004,22,4,0,0,7,Monsoon,1,1
2026-07-24,SEC-004,23,4,0,0,7,Monsoon,0,0
2026-07-24,SEC-005,0,4,0,0,7,Monsoon,1,1
2026-07-24,SEC-005,1,4,0,0,7,Monsoon,1,1
2026-07-24,SEC-005,2,4,0,0,7,Monsoon,4,4
2026-07-24,SEC-005,3,4,0,0,7,Monsoon,3,3
2026-07-24,SEC-005,4,4,0,0,7,Monsoon,2,2
2026-07-24,SEC-005,5,4,0,0,7,Monsoon,0,0
2026-07-24,SEC-005,6,4,0,0,7,Monsoon,0,0
2026-07-24,SEC-005,7,4,0,0,7,Monsoon,0,0
2026-07-24,SEC-005,8,4,0,0,7,Monsoon,0,0
2026-07-24,SEC-005,9,4,0,0,7,Monsoon,1,1
2026-07-24,SEC-005,10,4,0,0,7,Monsoon,0,0
2026-07-24,SEC-005,11,4,0,0,7,Monsoon,0,0
2026-07-24,SEC-005,12,4,0,0,7,Monsoon,0,0
2026-07-24,SEC-005,13,4,0,0,7,Monsoon,1,1
2026-07-24,SEC-005,14,4,0,0,7,Monsoon,1,1
2026-07-24,SEC-005,15,4,0,0,7,Monsoon,0,0
2026-07-24,SEC-005,16,4,0,0,7,Monsoon,2,2
2026-07-24,SEC-005,17,4,0,0,7,Monsoon,0,0
2026-07-24,SEC-005,18,4,0,0,7,Monsoon,0,0
2026-07-24,SEC-005,19,4,0,0,7,Monsoon,0,0
2026-07-24,SEC-005,20,4,0,0,7,Monsoon,0,0
2026-07-24,SEC-005,21,4,0,0,7,Monsoon,0,0
2026-07-24,SEC-005,22,4,0,0,7,Monsoon,2,2
2026-07-24,SEC-005,23,4,0,0,7,Monsoon,2,2
2026-07-24,SEC-006,0,4,0,0,7,Monsoon,0,0
2026-07-24,SEC-006,1,4,0,0,7,Monsoon,1,1
2026-07-24,SEC-006,2,4,0,0,7,Monsoon,3,3
2026-07-24,SEC-006,3,4,0,0,7,Monsoon,3,3
2026-07-24,SEC-006,4,4,0,0,7,Monsoon,2,2
2026-07-24,SEC-006,5,4,0,0,7,Monsoon,0,0
2026-07-24,SEC-006,6,4,0,0,7,Monsoon,0,0
2026-07-24,SEC-006,7,4,0,0,7,Monsoon,1,1
2026-07-24,SEC-006,8,4,0,0,7,Monsoon,0,0
2026-07-24,SEC-006,9,4,0,0,7,Monsoon,0,0
2026-07-24,SEC-006,10,4,0,0,7,Monsoon,2,2
2026-07-24,SEC-006,11,4,0,0,7,Monsoon,0,0
2026-07-24,SEC-006,12,4,0,0,7,Monsoon,0,0
2026-07-24,SEC-006,13,4,0,0,7,Monsoon,0,0
2026-07-24,SEC-006,14,4,0,0,7,Monsoon,0,0
2026-07-24,SEC-006,15,4,0,0,7,Monsoon,2,2
2026-07-24,SEC-006,16,4,0,0,7,Monsoon,0,0
2026-07-24,SEC-006,17,4,0,0,7,Monsoon,2,2
2026-07-24,SEC-006,18,4,0,0,7,Monsoon,0,0
2026-07-24,SEC-006,19,4,0,0,7,Monsoon,0,0
2026-07-24,SEC-006,20,4,0,0,7,Monsoon,0,0
2026-07-24,SEC-006,21,4,0,0,7,Monsoon,1,1
2026-07-24,SEC-006,22,4,0,0,7,Monsoon,6,6
2026-07-24,SEC-006,23,4,0,0,7,Monsoon,0,0
2026-07-25,SEC-001,0,5,1,0,7,Monsoon,2,2
2026-07-25,SEC-001,1,5,1,0,7,Monsoon,1,1
2026-07-25,SEC-001,2,5,1,0,7,Monsoon,3,3
2026-07-25,SEC-001,3,5,1,0,7,Monsoon,0,0
2026-07-25,SEC-001,4,5,1,0,7,Monsoon,1,1
2026-07-25,SEC-001,5,5,1,0,7,Monsoon,1,1
2026-07-25,SEC-001,6,5,1,0,7,Monsoon,0,0
2026-07-25,SEC-001,7,5,1,0,7,Monsoon,0,0
2026-07-25,SEC-001,8,5,1,0,7,Monsoon,1,1
2026-07-25,SEC-001,9,5,1,0,7,Monsoon,0,0
2026-07-25,SEC-001,10,5,1,0,7,Monsoon,0,0
2026-07-25,SEC-001,11,5,1,0,7,Monsoon,0,0
2026-07-25,SEC-001,12,5,1,0,7,Monsoon,0,0
2026-07-25,SEC-001,13,5,1,0,7,Monsoon,0,0
2026-07-25,SEC-001,14,5,1,0,7,Monsoon,0,0
2026-07-25,SEC-001,15,5,1,0,7,Monsoon,2,2
2026-07-25,SEC-001,16,5,1,0,7,Monsoon,0,0
2026-07-25,SEC-001,17,5,1,0,7,Monsoon,0,0
2026-07-25,SEC-001,18,5,1,0,7,Monsoon,0,0
2026-07-25,SEC-001,19,5,1,0,7,Monsoon,1,1
2026-07-25,SEC-001,20,5,1,0,7,Monsoon,0,0
2026-07-25,SEC-001,21,5,1,0,7,Monsoon,1,1
2026-07-25,SEC-001,22,5,1,0,7,Monsoon,0,0
2026-07-25,SEC-001,23,5,1,0,7,Monsoon,3,3
2026-07-25,SEC-002,0,5,1,0,7,Monsoon,0,0
2026-07-25,SEC-002,1,5,1,0,7,Monsoon,0,0
2026-07-25,SEC-002,2,5,1,0,7,Monsoon,1,1
2026-07-25,SEC-002,3,5,1,0,7,Monsoon,2,2
2026-07-25,SEC-002,4,5,1,0,7,Monsoon,1,1
2026-07-25,SEC-002,5,5,1,0,7,Monsoon,1,1
2026-07-25,SEC-002,6,5,1,0,7,Monsoon,0,0
2026-07-25,SEC-002,7,5,1,0,7,Monsoon,0,0
2026-07-25,SEC-002,8,5,1,0,7,Monsoon,0,0
2026-07-25,SEC-002,9,5,1,0,7,Monsoon,1,1
2026-07-25,SEC-002,10,5,1,0,7,Monsoon,0,0
2026-07-25,SEC-002,11,5,1,0,7,Monsoon,1,1
2026-07-25,SEC-002,12,5,1,0,7,Monsoon,0,0
2026-07-25,SEC-002,13,5,1,0,7,Monsoon,0,0
2026-07-25,SEC-002,14,5,1,0,7,Monsoon,0,0
2026-07-25,SEC-002,15,5,1,0,7,Monsoon,0,0
2026-07-25,SEC-002,16,5,1,0,7,Monsoon,0,0
2026-07-25,SEC-002,17,5,1,0,7,Monsoon,1,1
2026-07-25,SEC-002,18,5,1,0,7,Monsoon,2,2
2026-07-25,SEC-002,19,5,1,0,7,Monsoon,0,0
2026-07-25,SEC-002,20,5,1,0,7,Monsoon,0,0
2026-07-25,SEC-002,21,5,1,0,7,Monsoon,0,0
2026-07-25,SEC-002,22,5,1,0,7,Monsoon,2,2
2026-07-25,SEC-002,23,5,1,0,7,Monsoon,0,0
2026-07-25,SEC-003,0,5,1,0,7,Monsoon,1,1
2026-07-25,SEC-003,1,5,1,0,7,Monsoon,0,0
2026-07-25,SEC-003,2,5,1,0,7,Monsoon,1,1
2026-07-25,SEC-003,3,5,1,0,7,Monsoon,2,2
2026-07-25,SEC-003,4,5,1,0,7,Monsoon,1,1
2026-07-25,SEC-003,5,5,1,0,7,Monsoon,1,1
2026-07-25,SEC-003,6,5,1,0,7,Monsoon,3,3
2026-07-25,SEC-003,7,5,1,0,7,Monsoon,0,0
2026-07-25,SEC-003,8,5,1,0,7,Monsoon,1,1
2026-07-25,SEC-003,9,5,1,0,7,Monsoon,0,0
2026-07-25,SEC-003,10,5,1,0,7,Monsoon,0,0
2026-07-25,SEC-003,11,5,1,0,7,Monsoon,0,0
2026-07-25,SEC-003,12,5,1,0,7,Monsoon,1,1
2026-07-25,SEC-003,13,5,1,0,7,Monsoon,0,0
2026-07-25,SEC-003,14,5,1,0,7,Monsoon,0,0
2026-07-25,SEC-003,15,5,1,0,7,Monsoon,0,0
2026-07-25,SEC-003,16,5,1,0,7,Monsoon,0,0
2026-07-25,SEC-003,17,5,1,0,7,Monsoon,1,1
2026-07-25,SEC-003,18,5,1,0,7,Monsoon,0,0
2026-07-25,SEC-003,19,5,1,0,7,Monsoon,0,0
2026-07-25,SEC-003,20,5,1,0,7,Monsoon,0,0
2026-07-25,SEC-003,21,5,1,0,7,Monsoon,0,0
2026-07-25,SEC-003,22,5,1,0,7,Monsoon,2,2
2026-07-25,SEC-003,23,5,1,0,7,Monsoon,2,2
2026-07-25,SEC-004,0,5,1,0,7,Monsoon,0,0
2026-07-25,SEC-004,1,5,1,0,7,Monsoon,0,0
2026-07-25,SEC-004,2,5,1,0,7,Monsoon,0,0
2026-07-25,SEC-004,3,5,1,0,7,Monsoon,1,1
2026-07-25,SEC-004,4,5,1,0,7,Monsoon,1,1
2026-07-25,SEC-004,5,5,1,0,7,Monsoon,0,0
2026-07-25,SEC-004,6,5,1,0,7,Monsoon,1,1
2026-07-25,SEC-004,7,5,1,0,7,Monsoon,0,0
2026-07-25,SEC-004,8,5,1,0,7,Monsoon,0,0
2026-07-25,SEC-004,9,5,1,0,7,Monsoon,0,0
2026-07-25,SEC-004,10,5,1,0,7,Monsoon,0,0
2026-07-25,SEC-004,11,5,1,0,7,Monsoon,0,0
2026-07-25,SEC-004,12,5,1,0,7,Monsoon,0,0
2026-07-25,SEC-004,13,5,1,0,7,Monsoon,1,1
2026-07-25,SEC-004,14,5,1,0,7,Monsoon,0,0
2026-07-25,SEC-004,15,5,1,0,7,Monsoon,1,1
2026-07-25,SEC-004,16,5,1,0,7,Monsoon,1,1
2026-07-25,SEC-004,17,5,1,0,7,Monsoon,0,0
2026-07-25,SEC-004,18,5,1,0,7,Monsoon,0,0
2026-07-25,SEC-004,19,5,1,0,7,Monsoon,2,2
2026-07-25,SEC-004,20,5,1,0,7,Monsoon,0,0
2026-07-25,SEC-004,21,5,1,0,7,Monsoon,0,0
2026-07-25,SEC-004,22,5,1,0,7,Monsoon,2,2
2026-07-25,SEC-004,23,5,1,0,7,Monsoon,3,3
2026-07-25,SEC-005,0,5,1,0,7,Monsoon,0,0
2026-07-25,SEC-005,1,5,1,0,7,Monsoon,4,4
2026-07-25,SEC-005,2,5,1,0,7,Monsoon,0,0
2026-07-25,SEC-005,3,5,1,0,7,Monsoon,0,0
2026-07-25,SEC-005,4,5,1,0,7,Monsoon,4,4
2026-07-25,SEC-005,5,5,1,0,7,Monsoon,2,2
2026-07-25,SEC-005,6,5,1,0,7,Monsoon,0,0
2026-07-25,SEC-005,7,5,1,0,7,Monsoon,0,0
2026-07-25,SEC-005,8,5,1,0,7,Monsoon,1,1
2026-07-25,SEC-005,9,5,1,0,7,Monsoon,0,0
2026-07-25,SEC-005,10,5,1,0,7,Monsoon,0,0
2026-07-25,SEC-005,11,5,1,0,7,Monsoon,0,0
2026-07-25,SEC-005,12,5,1,0,7,Monsoon,0,0
2026-07-25,SEC-005,13,5,1,0,7,Monsoon,0,0
2026-07-25,SEC-005,14,5,1,0,7,Monsoon,3,3
2026-07-25,SEC-005,15,5,1,0,7,Monsoon,0,0
2026-07-25,SEC-005,16,5,1,0,7,Monsoon,0,0
2026-07-25,SEC-005,17,5,1,0,7,Monsoon,0,0
2026-07-25,SEC-005,18,5,1,0,7,Monsoon,2,2
2026-07-25,SEC-005,19,5,1,0,7,Monsoon,1,1
2026-07-25,SEC-005,20,5,1,0,7,Monsoon,0,0
2026-07-25,SEC-005,21,5,1,0,7,Monsoon,0,0
2026-07-25,SEC-005,22,5,1,0,7,Monsoon,1,1
2026-07-25,SEC-005,23,5,1,0,7,Monsoon,1,1
2026-07-25,SEC-006,0,5,1,0,7,Monsoon,4,4
2026-07-25,SEC-006,1,5,1,0,7,Monsoon,1,1
2026-07-25,SEC-006,2,5,1,0,7,Monsoon,3,3
2026-07-25,SEC-006,3,5,1,0,7,Monsoon,1,1
2026-07-25,SEC-006,4,5,1,0,7,Monsoon,2,2
2026-07-25,SEC-006,5,5,1,0,7,Monsoon,0,0
2026-07-25,SEC-006,6,5,1,0,7,Monsoon,0,0
2026-07-25,SEC-006,7,5,1,0,7,Monsoon,0,0
2026-07-25,SEC-006,8,5,1,0,7,Monsoon,0,0
2026-07-25,SEC-006,9,5,1,0,7,Monsoon,0,0
2026-07-25,SEC-006,10,5,1,0,7,Monsoon,1,1
2026-07-25,SEC-006,11,5,1,0,7,Monsoon,1,1
2026-07-25,SEC-006,12,5,1,0,7,Monsoon,1,1
2026-07-25,SEC-006,13,5,1,0,7,Monsoon,0,0
2026-07-25,SEC-006,14,5,1,0,7,Monsoon,0,0
2026-07-25,SEC-006,15,5,1,0,7,Monsoon,2,2
2026-07-25,SEC-006,16,5,1,0,7,Monsoon,0,0
2026-07-25,SEC-006,17,5,1,0,7,Monsoon,1,1
2026-07-25,SEC-006,18,5,1,0,7,Monsoon,0,0
2026-07-25,SEC-006,19,5,1,0,7,Monsoon,0,0
2026-07-25,SEC-006,20,5,1,0,7,Monsoon,0,0
2026-07-25,SEC-006,21,5,1,0,7,Monsoon,0,0
2026-07-25,SEC-006,22,5,1,0,7,Monsoon,1,1
2026-07-25,SEC-006,23,5,1,0,7,Monsoon,0,0
2026-07-26,SEC-001,0,6,1,0,7,Monsoon,2,2
2026-07-26,SEC-001,1,6,1,0,7,Monsoon,1,1
2026-07-26,SEC-001,2,6,1,0,7,Monsoon,2,2
2026-07-26,SEC-001,3,6,1,0,7,Monsoon,3,3
2026-07-26,SEC-001,4,6,1,0,7,Monsoon,3,3
2026-07-26,SEC-001,5,6,1,0,7,Monsoon,0,0
2026-07-26,SEC-001,6,6,1,0,7,Monsoon,0,0
2026-07-26,SEC-001,7,6,1,0,7,Monsoon,0,0
2026-07-26,SEC-001,8,6,1,0,7,Monsoon,0,0
2026-07-26,SEC-001,9,6,1,0,7,Monsoon,1,1
2026-07-26,SEC-001,10,6,1,0,7,Monsoon,1,1
2026-07-26,SEC-001,11,6,1,0,7,Monsoon,0,0
2026-07-26,SEC-001,12,6,1,0,7,Monsoon,0,0
2026-07-26,SEC-001,13,6,1,0,7,Monsoon,0,0
2026-07-26,SEC-001,14,6,1,0,7,Monsoon,1,1
2026-07-26,SEC-001,15,6,1,0,7,Monsoon,0,0
2026-07-26,SEC-001,16,6,1,0,7,Monsoon,0,0
2026-07-26,SEC-001,17,6,1,0,7,Monsoon,1,1
2026-07-26,SEC-001,18,6,1,0,7,Monsoon,0,0
2026-07-26,SEC-001,19,6,1,0,7,Monsoon,2,2
2026-07-26,SEC-001,20,6,1,0,7,Monsoon,1,1
2026-07-26,SEC-001,21,6,1,0,7,Monsoon,0,0
2026-07-26,SEC-001,22,6,1,0,7,Monsoon,4,4
2026-07-26,SEC-001,23,6,1,0,7,Monsoon,3,3
2026-07-26,SEC-002,0,6,1,0,7,Monsoon,2,2
2026-07-26,SEC-002,1,6,1,0,7,Monsoon,1,1
2026-07-26,SEC-002,2,6,1,0,7,Monsoon,1,1
2026-07-26,SEC-002,3,6,1,0,7,Monsoon,3,3
2026-07-26,SEC-002,4,6,1,0,7,Monsoon,1,1
2026-07-26,SEC-002,5,6,1,0,7,Monsoon,0,0
2026-07-26,SEC-002,6,6,1,0,7,Monsoon,0,0
2026-07-26,SEC-002,7,6,1,0,7,Monsoon,0,0
2026-07-26,SEC-002,8,6,1,0,7,Monsoon,0,0
2026-07-26,SEC-002,9,6,1,0,7,Monsoon,0,0
2026-07-26,SEC-002,10,6,1,0,7,Monsoon,2,2
2026-07-26,SEC-002,11,6,1,0,7,Monsoon,0,0
2026-07-26,SEC-002,12,6,1,0,7,Monsoon,0,0
2026-07-26,SEC-002,13,6,1,0,7,Monsoon,0,0
2026-07-26,SEC-002,14,6,1,0,7,Monsoon,0,0
2026-07-26,SEC-002,15,6,1,0,7,Monsoon,0,0
2026-07-26,SEC-002,16,6,1,0,7,Monsoon,0,0
2026-07-26,SEC-002,17,6,1,0,7,Monsoon,1,1
2026-07-26,SEC-002,18,6,1,0,7,Monsoon,0,0
2026-07-26,SEC-002,19,6,1,0,7,Monsoon,1,1
2026-07-26,SEC-002,20,6,1,0,7,Monsoon,1,1
2026-07-26,SEC-002,21,6,1,0,7,Monsoon,3,3
2026-07-26,SEC-002,22,6,1,0,7,Monsoon,2,2
2026-07-26,SEC-002,23,6,1,0,7,Monsoon,5,5
2026-07-26,SEC-003,0,6,1,0,7,Monsoon,1,1
2026-07-26,SEC-003,1,6,1,0,7,Monsoon,2,2
2026-07-26,SEC-003,2,6,1,0,7,Monsoon,1,1
2026-07-26,SEC-003,3,6,1,0,7,Monsoon,1,1
2026-07-26,SEC-003,4,6,1,0,7,Monsoon,0,0
2026-07-26,SEC-003,5,6,1,0,7,Monsoon,0,0
2026-07-26,SEC-003,6,6,1,0,7,Monsoon,0,0
2026-07-26,SEC-003,7,6,1,0,7,Monsoon,0,0
2026-07-26,SEC-003,8,6,1,0,7,Monsoon,1,1
2026-07-26,SEC-003,9,6,1,0,7,Monsoon,0,0
2026-07-26,SEC-003,10,6,1,0,7,Monsoon,0,0
2026-07-26,SEC-003,11,6,1,0,7,Monsoon,0,0
2026-07-26,SEC-003,12,6,1,0,7,Monsoon,1,1
2026-07-26,SEC-003,13,6,1,0,7,Monsoon,2,2
2026-07-26,SEC-003,14,6,1,0,7,Monsoon,0,0
2026-07-26,SEC-003,15,6,1,0,7,Monsoon,0,0
2026-07-26,SEC-003,16,6,1,0,7,Monsoon,1,1
2026-07-26,SEC-003,17,6,1,0,7,Monsoon,0,0
2026-07-26,SEC-003,18,6,1,0,7,Monsoon,2,2
2026-07-26,SEC-003,19,6,1,0,7,Monsoon,1,1
2026-07-26,SEC-003,20,6,1,0,7,Monsoon,0,0
2026-07-26,SEC-003,21,6,1,0,7,Monsoon,0,0
2026-07-26,SEC-003,22,6,1,0,7,Monsoon,0,0
2026-07-26,SEC-003,23,6,1,0,7,Monsoon,2,2
2026-07-26,SEC-004,0,6,1,0,7,Monsoon,1,1
2026-07-26,SEC-004,1,6,1,0,7,Monsoon,1,1
2026-07-26,SEC-004,2,6,1,0,7,Monsoon,3,3
2026-07-26,SEC-004,3,6,1,0,7,Monsoon,1,1
2026-07-26,SEC-004,4,6,1,0,7,Monsoon,0,0
2026-07-26,SEC-004,5,6,1,0,7,Monsoon,1,1
2026-07-26,SEC-004,6,6,1,0,7,Monsoon,0,0
2026-07-26,SEC-004,7,6,1,0,7,Monsoon,0,0
2026-07-26,SEC-004,8,6,1,0,7,Monsoon,0,0
2026-07-26,SEC-004,9,6,1,0,7,Monsoon,2,2
2026-07-26,SEC-004,10,6,1,0,7,Monsoon,0,0
2026-07-26,SEC-004,11,6,1,0,7,Monsoon,1,1
2026-07-26,SEC-004,12,6,1,0,7,Monsoon,0,0
2026-07-26,SEC-004,13,6,1,0,7,Monsoon,1,1
2026-07-26,SEC-004,14,6,1,0,7,Monsoon,1,1
2026-07-26,SEC-004,15,6,1,0,7,Monsoon,1,1
2026-07-26,SEC-004,16,6,1,0,7,Monsoon,0,0
2026-07-26,SEC-004,17,6,1,0,7,Monsoon,0,0
2026-07-26,SEC-004,18,6,1,0,7,Monsoon,1,1
2026-07-26,SEC-004,19,6,1,0,7,Monsoon,1,1
2026-07-26,SEC-004,20,6,1,0,7,Monsoon,0,0
2026-07-26,SEC-004,21,6,1,0,7,Monsoon,0,0
2026-07-26,SEC-004,22,6,1,0,7,Monsoon,1,1
2026-07-26,SEC-004,23,6,1,0,7,Monsoon,0,0
2026-07-26,SEC-005,0,6,1,0,7,Monsoon,1,1
2026-07-26,SEC-005,1,6,1,0,7,Monsoon,5,5
2026-07-26,SEC-005,2,6,1,0,7,Monsoon,3,3
2026-07-26,SEC-005,3,6,1,0,7,Monsoon,0,0
2026-07-26,SEC-005,4,6,1,0,7,Monsoon,2,2
2026-07-26,SEC-005,5,6,1,0,7,Monsoon,0,0
2026-07-26,SEC-005,6,6,1,0,7,Monsoon,0,0
2026-07-26,SEC-005,7,6,1,0,7,Monsoon,0,0
2026-07-26,SEC-005,8,6,1,0,7,Monsoon,2,2
2026-07-26,SEC-005,9,6,1,0,7,Monsoon,0,0
2026-07-26,SEC-005,10,6,1,0,7,Monsoon,1,1
2026-07-26,SEC-005,11,6,1,0,7,Monsoon,0,0
2026-07-26,SEC-005,12,6,1,0,7,Monsoon,1,1
2026-07-26,SEC-005,13,6,1,0,7,Monsoon,1,1
2026-07-26,SEC-005,14,6,1,0,7,Monsoon,0,0
2026-07-26,SEC-005,15,6,1,0,7,Monsoon,0,0
2026-07-26,SEC-005,16,6,1,0,7,Monsoon,2,2
2026-07-26,SEC-005,17,6,1,0,7,Monsoon,2,2
2026-07-26,SEC-005,18,6,1,0,7,Monsoon,1,1
2026-07-26,SEC-005,19,6,1,0,7,Monsoon,1,1
2026-07-26,SEC-005,20,6,1,0,7,Monsoon,1,1
2026-07-26,SEC-005,21,6,1,0,7,Monsoon,1,1
2026-07-26,SEC-005,22,6,1,0,7,Monsoon,2,2
2026-07-26,SEC-005,23,6,1,0,7,Monsoon,2,2
2026-07-26,SEC-006,0,6,1,0,7,Monsoon,1,1
2026-07-26,SEC-006,1,6,1,0,7,Monsoon,1,1
2026-07-26,SEC-006,2,6,1,0,7,Monsoon,3,3
2026-07-26,SEC-006,3,6,1,0,7,Monsoon,0,0
2026-07-26,SEC-006,4,6,1,0,7,Monsoon,0,0
2026-07-26,SEC-006,5,6,1,0,7,Monsoon,0,0
2026-07-26,SEC-006,6,6,1,0,7,Monsoon,0,0
2026-07-26,SEC-006,7,6,1,0,7,Monsoon,0,0
2026-07-26,SEC-006,8,6,1,0,7,Monsoon,1,1
2026-07-26,SEC-006,9,6,1,0,7,Monsoon,0,0
2026-07-26,SEC-006,10,6,1,0,7,Monsoon,1,1
2026-07-26,SEC-006,11,6,1,0,7,Monsoon,1,1
2026-07-26,SEC-006,12,6,1,0,7,Monsoon,0,0
2026-07-26,SEC-006,13,6,1,0,7,Monsoon,0,0
2026-07-26,SEC-006,14,6,1,0,7,Monsoon,0,0
2026-07-26,SEC-006,15,6,1,0,7,Monsoon,0,0
2026-07-26,SEC-006,16,6,1,0,7,Monsoon,0,0
2026-07-26,SEC-006,17,6,1,0,7,Monsoon,0,0
2026-07-26,SEC-006,18,6,1,0,7,Monsoon,0,0
2026-07-26,SEC-006,19,6,1,0,7,Monsoon,1,1
2026-07-26,SEC-006,20,6,1,0,7,Monsoon,0,0
2026-07-26,SEC-006,21,6,1,0,7,Monsoon,1,1
2026-07-26,SEC-006,22,6,1,0,7,Monsoon,3,3
2026-07-26,SEC-006,23,6,1,0,7,Monsoon,3,3
2026-07-27,SEC-001,0,0,0,0,7,Monsoon,1,1
2026-07-27,SEC-001,1,0,0,0,7,Monsoon,3,3
2026-07-27,SEC-001,2,0,0,0,7,Monsoon,0,0
2026-07-27,SEC-001,3,0,0,0,7,Monsoon,1,1
2026-07-27,SEC-001,4,0,0,0,7,Monsoon,0,0
2026-07-27,SEC-001,5,0,0,0,7,Monsoon,0,0
2026-07-27,SEC-001,6,0,0,0,7,Monsoon,0,0
2026-07-27,SEC-001,7,0,0,0,7,Monsoon,0,0
2026-07-27,SEC-001,8,0,0,0,7,Monsoon,0,0
2026-07-27,SEC-001,9,0,0,0,7,Monsoon,2,2
2026-07-27,SEC-001,10,0,0,0,7,Monsoon,0,0
2026-07-27,SEC-001,11,0,0,0,7,Monsoon,1,1
2026-07-27,SEC-001,12,0,0,0,7,Monsoon,1,1
2026-07-27,SEC-001,13,0,0,0,7,Monsoon,0,0
2026-07-27,SEC-001,14,0,0,0,7,Monsoon,2,2
2026-07-27,SEC-001,15,0,0,0,7,Monsoon,0,0
2026-07-27,SEC-001,16,0,0,0,7,Monsoon,0,0
2026-07-27,SEC-001,17,0,0,0,7,Monsoon,0,0
2026-07-27,SEC-001,18,0,0,0,7,Monsoon,0,0
2026-07-27,SEC-001,19,0,0,0,7,Monsoon,0,0
2026-07-27,SEC-001,20,0,0,0,7,Monsoon,0,0
2026-07-27,SEC-001,21,0,0,0,7,Monsoon,1,1
2026-07-27,SEC-001,22,0,0,0,7,Monsoon,1,1
2026-07-27,SEC-001,23,0,0,0,7,Monsoon,2,2
2026-07-27,SEC-002,0,0,0,0,7,Monsoon,1,1
2026-07-27,SEC-002,1,0,0,0,7,Monsoon,5,5
2026-07-27,SEC-002,2,0,0,0,7,Monsoon,3,3
2026-07-27,SEC-002,3,0,0,0,7,Monsoon,0,0
2026-07-27,SEC-002,4,0,0,0,7,Monsoon,1,1
2026-07-27,SEC-002,5,0,0,0,7,Monsoon,1,1
2026-07-27,SEC-002,6,0,0,0,7,Monsoon,0,0
2026-07-27,SEC-002,7,0,0,0,7,Monsoon,2,2
2026-07-27,SEC-002,8,0,0,0,7,Monsoon,0,0
2026-07-27,SEC-002,9,0,0,0,7,Monsoon,0,0
2026-07-27,SEC-002,10,0,0,0,7,Monsoon,0,0
2026-07-27,SEC-002,11,0,0,0,7,Monsoon,1,1
2026-07-27,SEC-002,12,0,0,0,7,Monsoon,0,0
2026-07-27,SEC-002,13,0,0,0,7,Monsoon,1,1
2026-07-27,SEC-002,14,0,0,0,7,Monsoon,1,1
2026-07-27,SEC-002,15,0,0,0,7,Monsoon,0,0
2026-07-27,SEC-002,16,0,0,0,7,Monsoon,1,1
2026-07-27,SEC-002,17,0,0,0,7,Monsoon,1,1
2026-07-27,SEC-002,18,0,0,0,7,Monsoon,1,1
2026-07-27,SEC-002,19,0,0,0,7,Monsoon,0,0
2026-07-27,SEC-002,20,0,0,0,7,Monsoon,0,0
2026-07-27,SEC-002,21,0,0,0,7,Monsoon,0,0
2026-07-27,SEC-002,22,0,0,0,7,Monsoon,4,4
2026-07-27,SEC-002,23,0,0,0,7,Monsoon,1,1
2026-07-27,SEC-003,0,0,0,0,7,Monsoon,1,1
2026-07-27,SEC-003,1,0,0,0,7,Monsoon,1,1
2026-07-27,SEC-003,2,0,0,0,7,Monsoon,1,1
2026-07-27,SEC-003,3,0,0,0,7,Monsoon,3,3
2026-07-27,SEC-003,4,0,0,0,7,Monsoon,3,3
2026-07-27,SEC-003,5,0,0,0,7,Monsoon,1,1
2026-07-27,SEC-003,6,0,0,0,7,Monsoon,0,0
2026-07-27,SEC-003,7,0,0,0,7,Monsoon,0,0
2026-07-27,SEC-003,8,0,0,0,7,Monsoon,0,0
2026-07-27,SEC-003,9,0,0,0,7,Monsoon,0,0
2026-07-27,SEC-003,10,0,0,0,7,Monsoon,2,2
2026-07-27,SEC-003,11,0,0,0,7,Monsoon,0,0
2026-07-27,SEC-003,12,0,0,0,7,Monsoon,0,0
2026-07-27,SEC-003,13,0,0,0,7,Monsoon,0,0
2026-07-27,SEC-003,14,0,0,0,7,Monsoon,0,0
2026-07-27,SEC-003,15,0,0,0,7,Monsoon,0,0
2026-07-27,SEC-003,16,0,0,0,7,Monsoon,0,0
2026-07-27,SEC-003,17,0,0,0,7,Monsoon,0,0
2026-07-27,SEC-003,18,0,0,0,7,Monsoon,0,0
2026-07-27,SEC-003,19,0,0,0,7,Monsoon,1,1
2026-07-27,SEC-003,20,0,0,0,7,Monsoon,0,0
2026-07-27,SEC-003,21,0,0,0,7,Monsoon,0,0
2026-07-27,SEC-003,22,0,0,0,7,Monsoon,1,1
2026-07-27,SEC-003,23,0,0,0,7,Monsoon,0,0
2026-07-27,SEC-004,0,0,0,0,7,Monsoon,0,0
2026-07-27,SEC-004,1,0,0,0,7,Monsoon,2,2
2026-07-27,SEC-004,2,0,0,0,7,Monsoon,0,0
2026-07-27,SEC-004,3,0,0,0,7,Monsoon,0,0
2026-07-27,SEC-004,4,0,0,0,7,Monsoon,1,1
2026-07-27,SEC-004,5,0,0,0,7,Monsoon,0,0
2026-07-27,SEC-004,6,0,0,0,7,Monsoon,0,0
2026-07-27,SEC-004,7,0,0,0,7,Monsoon,0,0
2026-07-27,SEC-004,8,0,0,0,7,Monsoon,1,1
2026-07-27,SEC-004,9,0,0,0,7,Monsoon,0,0
2026-07-27,SEC-004,10,0,0,0,7,Monsoon,0,0
2026-07-27,SEC-004,11,0,0,0,7,Monsoon,1,1
2026-07-27,SEC-004,12,0,0,0,7,Monsoon,0,0
2026-07-27,SEC-004,13,0,0,0,7,Monsoon,0,0
2026-07-27,SEC-004,14,0,0,0,7,Monsoon,2,2
2026-07-27,SEC-004,15,0,0,0,7,Monsoon,0,0
2026-07-27,SEC-004,16,0,0,0,7,Monsoon,0,0
2026-07-27,SEC-004,17,0,0,0,7,Monsoon,0,0
2026-07-27,SEC-004,18,0,0,0,7,Monsoon,0,0
2026-07-27,SEC-004,19,0,0,0,7,Monsoon,1,1
2026-07-27,SEC-004,20,0,0,0,7,Monsoon,0,0
2026-07-27,SEC-004,21,0,0,0,7,Monsoon,1,1
2026-07-27,SEC-004,22,0,0,0,7,Monsoon,2,2
2026-07-27,SEC-004,23,0,0,0,7,Monsoon,3,3
2026-07-27,SEC-005,0,0,0,0,7,Monsoon,2,2
2026-07-27,SEC-005,1,0,0,0,7,Monsoon,2,2
2026-07-27,SEC-005,2,0,0,0,7,Monsoon,2,2
2026-07-27,SEC-005,3,0,0,0,7,Monsoon,0,0
2026-07-27,SEC-005,4,0,0,0,7,Monsoon,1,1
2026-07-27,SEC-005,5,0,0,0,7,Monsoon,0,0
2026-07-27,SEC-005,6,0,0,0,7,Monsoon,0,0
2026-07-27,SEC-005,7,0,0,0,7,Monsoon,1,1
2026-07-27,SEC-005,8,0,0,0,7,Monsoon,0,0
2026-07-27,SEC-005,9,0,0,0,7,Monsoon,0,0
2026-07-27,SEC-005,10,0,0,0,7,Monsoon,0,0
2026-07-27,SEC-005,11,0,0,0,7,Monsoon,0,0
2026-07-27,SEC-005,12,0,0,0,7,Monsoon,3,3
2026-07-27,SEC-005,13,0,0,0,7,Monsoon,0,0
2026-07-27,SEC-005,14,0,0,0,7,Monsoon,1,1
2026-07-27,SEC-005,15,0,0,0,7,Monsoon,1,1
2026-07-27,SEC-005,16,0,0,0,7,Monsoon,0,0
2026-07-27,SEC-005,17,0,0,0,7,Monsoon,0,0
2026-07-27,SEC-005,18,0,0,0,7,Monsoon,2,2
2026-07-27,SEC-005,19,0,0,0,7,Monsoon,0,0
2026-07-27,SEC-005,20,0,0,0,7,Monsoon,0,0
2026-07-27,SEC-005,21,0,0,0,7,Monsoon,0,0
2026-07-27,SEC-005,22,0,0,0,7,Monsoon,1,1
2026-07-27,SEC-005,23,0,0,0,7,Monsoon,7,7
2026-07-27,SEC-006,0,0,0,0,7,Monsoon,3,3
2026-07-27,SEC-006,1,0,0,0,7,Monsoon,2,2
2026-07-27,SEC-006,2,0,0,0,7,Monsoon,2,2
2026-07-27,SEC-006,3,0,0,0,7,Monsoon,4,4
2026-07-27,SEC-006,4,0,0,0,7,Monsoon,1,1
2026-07-27,SEC-006,5,0,0,0,7,Monsoon,2,2
2026-07-27,SEC-006,6,0,0,0,7,Monsoon,0,0
2026-07-27,SEC-006,7,0,0,0,7,Monsoon,0,0
2026-07-27,SEC-006,8,0,0,0,7,Monsoon,0,0
2026-07-27,SEC-006,9,0,0,0,7,Monsoon,0,0
2026-07-27,SEC-006,10,0,0,0,7,Monsoon,0,0
2026-07-27,SEC-006,11,0,0,0,7,Monsoon,0,0
2026-07-27,SEC-006,12,0,0,0,7,Monsoon,1,1
2026-07-27,SEC-006,13,0,0,0,7,Monsoon,1,1
2026-07-27,SEC-006,14,0,0,0,7,Monsoon,0,0
2026-07-27,SEC-006,15,0,0,0,7,Monsoon,0,0
2026-07-27,SEC-006,16,0,0,0,7,Monsoon,0,0
2026-07-27,SEC-006,17,0,0,0,7,Monsoon,0,0
2026-07-27,SEC-006,18,0,0,0,7,Monsoon,0,0
2026-07-27,SEC-006,19,0,0,0,7,Monsoon,1,1
2026-07-27,SEC-006,20,0,0,0,7,Monsoon,0,0
2026-07-27,SEC-006,21,0,0,0,7,Monsoon,0,0
2026-07-27,SEC-006,22,0,0,0,7,Monsoon,0,0
2026-07-27,SEC-006,23,0,0,0,7,Monsoon,0,0
2026-07-28,SEC-001,0,1,0,0,7,Monsoon,1,1
2026-07-28,SEC-001,1,1,0,0,7,Monsoon,3,3
2026-07-28,SEC-001,2,1,0,0,7,Monsoon,6,6
2026-07-28,SEC-001,3,1,0,0,7,Monsoon,2,2
2026-07-28,SEC-001,4,1,0,0,7,Monsoon,3,3
2026-07-28,SEC-001,5,1,0,0,7,Monsoon,0,0
2026-07-28,SEC-001,6,1,0,0,7,Monsoon,0,0
2026-07-28,SEC-001,7,1,0,0,7,Monsoon,0,0
2026-07-28,SEC-001,8,1,0,0,7,Monsoon,1,1
2026-07-28,SEC-001,9,1,0,0,7,Monsoon,0,0
2026-07-28,SEC-001,10,1,0,0,7,Monsoon,0,0
2026-07-28,SEC-001,11,1,0,0,7,Monsoon,0,0
2026-07-28,SEC-001,12,1,0,0,7,Monsoon,0,0
2026-07-28,SEC-001,13,1,0,0,7,Monsoon,1,1
2026-07-28,SEC-001,14,1,0,0,7,Monsoon,0,0
2026-07-28,SEC-001,15,1,0,0,7,Monsoon,0,0
2026-07-28,SEC-001,16,1,0,0,7,Monsoon,0,0
2026-07-28,SEC-001,17,1,0,0,7,Monsoon,0,0
2026-07-28,SEC-001,18,1,0,0,7,Monsoon,1,1
2026-07-28,SEC-001,19,1,0,0,7,Monsoon,0,0
2026-07-28,SEC-001,20,1,0,0,7,Monsoon,0,0
2026-07-28,SEC-001,21,1,0,0,7,Monsoon,1,1
2026-07-28,SEC-001,22,1,0,0,7,Monsoon,1,1
2026-07-28,SEC-001,23,1,0,0,7,Monsoon,0,0
2026-07-28,SEC-002,0,1,0,0,7,Monsoon,0,0
2026-07-28,SEC-002,1,1,0,0,7,Monsoon,2,2
2026-07-28,SEC-002,2,1,0,0,7,Monsoon,3,3
2026-07-28,SEC-002,3,1,0,0,7,Monsoon,3,3
2026-07-28,SEC-002,4,1,0,0,7,Monsoon,2,2
2026-07-28,SEC-002,5,1,0,0,7,Monsoon,4,4
2026-07-28,SEC-002,6,1,0,0,7,Monsoon,2,2
2026-07-28,SEC-002,7,1,0,0,7,Monsoon,0,0
2026-07-28,SEC-002,8,1,0,0,7,Monsoon,0,0
2026-07-28,SEC-002,9,1,0,0,7,Monsoon,0,0
2026-07-28,SEC-002,10,1,0,0,7,Monsoon,0,0
2026-07-28,SEC-002,11,1,0,0,7,Monsoon,0,0
2026-07-28,SEC-002,12,1,0,0,7,Monsoon,0,0
2026-07-28,SEC-002,13,1,0,0,7,Monsoon,0,0
2026-07-28,SEC-002,14,1,0,0,7,Monsoon,0,0
2026-07-28,SEC-002,15,1,0,0,7,Monsoon,0,0
2026-07-28,SEC-002,16,1,0,0,7,Monsoon,1,1
2026-07-28,SEC-002,17,1,0,0,7,Monsoon,0,0
2026-07-28,SEC-002,18,1,0,0,7,Monsoon,1,1
2026-07-28,SEC-002,19,1,0,0,7,Monsoon,0,0
2026-07-28,SEC-002,20,1,0,0,7,Monsoon,0,0
2026-07-28,SEC-002,21,1,0,0,7,Monsoon,0,0
2026-07-28,SEC-002,22,1,0,0,7,Monsoon,2,2
2026-07-28,SEC-002,23,1,0,0,7,Monsoon,0,0
2026-07-28,SEC-003,0,1,0,0,7,Monsoon,1,1
2026-07-28,SEC-003,1,1,0,0,7,Monsoon,0,0
2026-07-28,SEC-003,2,1,0,0,7,Monsoon,1,1
2026-07-28,SEC-003,3,1,0,0,7,Monsoon,2,2
2026-07-28,SEC-003,4,1,0,0,7,Monsoon,3,3
2026-07-28,SEC-003,5,1,0,0,7,Monsoon,0,0
2026-07-28,SEC-003,6,1,0,0,7,Monsoon,0,0
2026-07-28,SEC-003,7,1,0,0,7,Monsoon,2,2
2026-07-28,SEC-003,8,1,0,0,7,Monsoon,1,1
2026-07-28,SEC-003,9,1,0,0,7,Monsoon,0,0
2026-07-28,SEC-003,10,1,0,0,7,Monsoon,0,0
2026-07-28,SEC-003,11,1,0,0,7,Monsoon,0,0
2026-07-28,SEC-003,12,1,0,0,7,Monsoon,1,1
2026-07-28,SEC-003,13,1,0,0,7,Monsoon,0,0
2026-07-28,SEC-003,14,1,0,0,7,Monsoon,1,1
2026-07-28,SEC-003,15,1,0,0,7,Monsoon,0,0
2026-07-28,SEC-003,16,1,0,0,7,Monsoon,0,0
2026-07-28,SEC-003,17,1,0,0,7,Monsoon,0,0
2026-07-28,SEC-003,18,1,0,0,7,Monsoon,1,1
2026-07-28,SEC-003,19,1,0,0,7,Monsoon,0,0
2026-07-28,SEC-003,20,1,0,0,7,Monsoon,0,0
2026-07-28,SEC-003,21,1,0,0,7,Monsoon,1,1
2026-07-28,SEC-003,22,1,0,0,7,Monsoon,2,2
2026-07-28,SEC-003,23,1,0,0,7,Monsoon,4,4
2026-07-28,SEC-004,0,1,0,0,7,Monsoon,1,1
2026-07-28,SEC-004,1,1,0,0,7,Monsoon,1,1
2026-07-28,SEC-004,2,1,0,0,7,Monsoon,0,0
2026-07-28,SEC-004,3,1,0,0,7,Monsoon,2,2
2026-07-28,SEC-004,4,1,0,0,7,Monsoon,2,2
2026-07-28,SEC-004,5,1,0,0,7,Monsoon,0,0
2026-07-28,SEC-004,6,1,0,0,7,Monsoon,0,0
2026-07-28,SEC-004,7,1,0,0,7,Monsoon,1,1
2026-07-28,SEC-004,8,1,0,0,7,Monsoon,3,3
2026-07-28,SEC-004,9,1,0,0,7,Monsoon,1,1
2026-07-28,SEC-004,10,1,0,0,7,Monsoon,0,0
2026-07-28,SEC-004,11,1,0,0,7,Monsoon,0,0
2026-07-28,SEC-004,12,1,0,0,7,Monsoon,0,0
2026-07-28,SEC-004,13,1,0,0,7,Monsoon,0,0
2026-07-28,SEC-004,14,1,0,0,7,Monsoon,0,0
2026-07-28,SEC-004,15,1,0,0,7,Monsoon,0,0
2026-07-28,SEC-004,16,1,0,0,7,Monsoon,0,0
2026-07-28,SEC-004,17,1,0,0,7,Monsoon,0,0
2026-07-28,SEC-004,18,1,0,0,7,Monsoon,0,0
2026-07-28,SEC-004,19,1,0,0,7,Monsoon,0,0
2026-07-28,SEC-004,20,1,0,0,7,Monsoon,0,0
2026-07-28,SEC-004,21,1,0,0,7,Monsoon,1,1
2026-07-28,SEC-004,22,1,0,0,7,Monsoon,3,3
2026-07-28,SEC-004,23,1,0,0,7,Monsoon,0,0
2026-07-28,SEC-005,0,1,0,0,7,Monsoon,2,2
2026-07-28,SEC-005,1,1,0,0,7,Monsoon,2,2
2026-07-28,SEC-005,2,1,0,0,7,Monsoon,2,2
2026-07-28,SEC-005,3,1,0,0,7,Monsoon,0,0
2026-07-28,SEC-005,4,1,0,0,7,Monsoon,1,1
2026-07-28,SEC-005,5,1,0,0,7,Monsoon,1,1
2026-07-28,SEC-005,6,1,0,0,7,Monsoon,0,0
2026-07-28,SEC-005,7,1,0,0,7,Monsoon,0,0
2026-07-28,SEC-005,8,1,0,0,7,Monsoon,0,0
2026-07-28,SEC-005,9,1,0,0,7,Monsoon,1,1
2026-07-28,SEC-005,10,1,0,0,7,Monsoon,1,1
2026-07-28,SEC-005,11,1,0,0,7,Monsoon,0,0
2026-07-28,SEC-005,12,1,0,0,7,Monsoon,1,1
2026-07-28,SEC-005,13,1,0,0,7,Monsoon,0,0
2026-07-28,SEC-005,14,1,0,0,7,Monsoon,1,1
2026-07-28,SEC-005,15,1,0,0,7,Monsoon,0,0
2026-07-28,SEC-005,16,1,0,0,7,Monsoon,1,1
2026-07-28,SEC-005,17,1,0,0,7,Monsoon,0,0
2026-07-28,SEC-005,18,1,0,0,7,Monsoon,0,0
2026-07-28,SEC-005,19,1,0,0,7,Monsoon,0,0
2026-07-28,SEC-005,20,1,0,0,7,Monsoon,0,0
2026-07-28,SEC-005,21,1,0,0,7,Monsoon,1,1
2026-07-28,SEC-005,22,1,0,0,7,Monsoon,2,2
2026-07-28,SEC-005,23,1,0,0,7,Monsoon,1,1
2026-07-28,SEC-006,0,1,0,0,7,Monsoon,3,3
2026-07-28,SEC-006,1,1,0,0,7,Monsoon,0,0
2026-07-28,SEC-006,2,1,0,0,7,Monsoon,0,0
2026-07-28,SEC-006,3,1,0,0,7,Monsoon,1,1
2026-07-28,SEC-006,4,1,0,0,7,Monsoon,5,5
2026-07-28,SEC-006,5,1,0,0,7,Monsoon,0,0
2026-07-28,SEC-006,6,1,0,0,7,Monsoon,1,1
2026-07-28,SEC-006,7,1,0,0,7,Monsoon,0,0
2026-07-28,SEC-006,8,1,0,0,7,Monsoon,1,1
2026-07-28,SEC-006,9,1,0,0,7,Monsoon,1,1
2026-07-28,SEC-006,10,1,0,0,7,Monsoon,0,0
2026-07-28,SEC-006,11,1,0,0,7,Monsoon,0,0
2026-07-28,SEC-006,12,1,0,0,7,Monsoon,0,0
2026-07-28,SEC-006,13,1,0,0,7,Monsoon,2,2
2026-07-28,SEC-006,14,1,0,0,7,Monsoon,1,1
2026-07-28,SEC-006,15,1,0,0,7,Monsoon,1,1
2026-07-28,SEC-006,16,1,0,0,7,Monsoon,0,0
2026-07-28,SEC-006,17,1,0,0,7,Monsoon,0,0
2026-07-28,SEC-006,18,1,0,0,7,Monsoon,0,0
2026-07-28,SEC-006,19,1,0,0,7,Monsoon,0,0
2026-07-28,SEC-006,20,1,0,0,7,Monsoon,0,0
2026-07-28,SEC-006,21,1,0,0,7,Monsoon,0,0
2026-07-28,SEC-006,22,1,0,0,7,Monsoon,1,1
2026-07-28,SEC-006,23,1,0,0,7,Monsoon,1,1
2026-07-29,SEC-001,0,2,0,0,7,Monsoon,1,1
2026-07-29,SEC-001,1,2,0,0,7,Monsoon,5,5
2026-07-29,SEC-001,2,2,0,0,7,Monsoon,5,5
2026-07-29,SEC-001,3,2,0,0,7,Monsoon,0,0
2026-07-29,SEC-001,4,2,0,0,7,Monsoon,0,0
2026-07-29,SEC-001,5,2,0,0,7,Monsoon,1,1
2026-07-29,SEC-001,6,2,0,0,7,Monsoon,1,1
2026-07-29,SEC-001,7,2,0,0,7,Monsoon,1,1
2026-07-29,SEC-001,8,2,0,0,7,Monsoon,0,0
2026-07-29,SEC-001,9,2,0,0,7,Monsoon,0,0
2026-07-29,SEC-001,10,2,0,0,7,Monsoon,1,1
2026-07-29,SEC-001,11,2,0,0,7,Monsoon,0,0
2026-07-29,SEC-001,12,2,0,0,7,Monsoon,1,1
2026-07-29,SEC-001,13,2,0,0,7,Monsoon,0,0
2026-07-29,SEC-001,14,2,0,0,7,Monsoon,0,0
2026-07-29,SEC-001,15,2,0,0,7,Monsoon,2,2
2026-07-29,SEC-001,16,2,0,0,7,Monsoon,0,0
2026-07-29,SEC-001,17,2,0,0,7,Monsoon,1,1
2026-07-29,SEC-001,18,2,0,0,7,Monsoon,0,0
2026-07-29,SEC-001,19,2,0,0,7,Monsoon,0,0
2026-07-29,SEC-001,20,2,0,0,7,Monsoon,2,2
2026-07-29,SEC-001,21,2,0,0,7,Monsoon,0,0
2026-07-29,SEC-001,22,2,0,0,7,Monsoon,4,4
2026-07-29,SEC-001,23,2,0,0,7,Monsoon,1,1
2026-07-29,SEC-002,0,2,0,0,7,Monsoon,1,1
2026-07-29,SEC-002,1,2,0,0,7,Monsoon,1,1
2026-07-29,SEC-002,2,2,0,0,7,Monsoon,2,2
2026-07-29,SEC-002,3,2,0,0,7,Monsoon,1,1
2026-07-29,SEC-002,4,2,0,0,7,Monsoon,2,2
2026-07-29,SEC-002,5,2,0,0,7,Monsoon,0,0
2026-07-29,SEC-002,6,2,0,0,7,Monsoon,0,0
2026-07-29,SEC-002,7,2,0,0,7,Monsoon,1,1
2026-07-29,SEC-002,8,2,0,0,7,Monsoon,0,0
2026-07-29,SEC-002,9,2,0,0,7,Monsoon,1,1
2026-07-29,SEC-002,10,2,0,0,7,Monsoon,0,0
2026-07-29,SEC-002,11,2,0,0,7,Monsoon,1,1
2026-07-29,SEC-002,12,2,0,0,7,Monsoon,0,0
2026-07-29,SEC-002,13,2,0,0,7,Monsoon,0,0
2026-07-29,SEC-002,14,2,0,0,7,Monsoon,0,0
2026-07-29,SEC-002,15,2,0,0,7,Monsoon,0,0
2026-07-29,SEC-002,16,2,0,0,7,Monsoon,2,2
2026-07-29,SEC-002,17,2,0,0,7,Monsoon,3,3
2026-07-29,SEC-002,18,2,0,0,7,Monsoon,0,0
2026-07-29,SEC-002,19,2,0,0,7,Monsoon,0,0
2026-07-29,SEC-002,20,2,0,0,7,Monsoon,0,0
2026-07-29,SEC-002,21,2,0,0,7,Monsoon,0,0
2026-07-29,SEC-002,22,2,0,0,7,Monsoon,3,3
2026-07-29,SEC-002,23,2,0,0,7,Monsoon,2,2
2026-07-29,SEC-003,0,2,0,0,7,Monsoon,1,1
2026-07-29,SEC-003,1,2,0,0,7,Monsoon,5,5
2026-07-29,SEC-003,2,2,0,0,7,Monsoon,2,2
2026-07-29,SEC-003,3,2,0,0,7,Monsoon,3,3
2026-07-29,SEC-003,4,2,0,0,7,Monsoon,0,0
2026-07-29,SEC-003,5,2,0,0,7,Monsoon,0,0
2026-07-29,SEC-003,6,2,0,0,7,Monsoon,1,1
2026-07-29,SEC-003,7,2,0,0,7,Monsoon,2,2
2026-07-29,SEC-003,8,2,0,0,7,Monsoon,0,0
2026-07-29,SEC-003,9,2,0,0,7,Monsoon,0,0
2026-07-29,SEC-003,10,2,0,0,7,Monsoon,0,0
2026-07-29,SEC-003,11,2,0,0,7,Monsoon,0,0
2026-07-29,SEC-003,12,2,0,0,7,Monsoon,0,0
2026-07-29,SEC-003,13,2,0,0,7,Monsoon,2,2
2026-07-29,SEC-003,14,2,0,0,7,Monsoon,0,0
2026-07-29,SEC-003,15,2,0,0,7,Monsoon,1,1
2026-07-29,SEC-003,16,2,0,0,7,Monsoon,0,0
2026-07-29,SEC-003,17,2,0,0,7,Monsoon,0,0
2026-07-29,SEC-003,18,2,0,0,7,Monsoon,0,0
2026-07-29,SEC-003,19,2,0,0,7,Monsoon,1,1
2026-07-29,SEC-003,20,2,0,0,7,Monsoon,0,0
2026-07-29,SEC-003,21,2,0,0,7,Monsoon,0,0
2026-07-29,SEC-003,22,2,0,0,7,Monsoon,2,2
2026-07-29,SEC-003,23,2,0,0,7,Monsoon,2,2
2026-07-29,SEC-004,0,2,0,0,7,Monsoon,3,3
2026-07-29,SEC-004,1,2,0,0,7,Monsoon,1,1
2026-07-29,SEC-004,2,2,0,0,7,Monsoon,3,3
2026-07-29,SEC-004,3,2,0,0,7,Monsoon,2,2
2026-07-29,SEC-004,4,2,0,0,7,Monsoon,0,0
2026-07-29,SEC-004,5,2,0,0,7,Monsoon,1,1
2026-07-29,SEC-004,6,2,0,0,7,Monsoon,0,0
2026-07-29,SEC-004,7,2,0,0,7,Monsoon,0,0
2026-07-29,SEC-004,8,2,0,0,7,Monsoon,0,0
2026-07-29,SEC-004,9,2,0,0,7,Monsoon,0,0
2026-07-29,SEC-004,10,2,0,0,7,Monsoon,0,0
2026-07-29,SEC-004,11,2,0,0,7,Monsoon,0,0
2026-07-29,SEC-004,12,2,0,0,7,Monsoon,0,0
2026-07-29,SEC-004,13,2,0,0,7,Monsoon,0,0
2026-07-29,SEC-004,14,2,0,0,7,Monsoon,0,0
2026-07-29,SEC-004,15,2,0,0,7,Monsoon,0,0
2026-07-29,SEC-004,16,2,0,0,7,Monsoon,0,0
2026-07-29,SEC-004,17,2,0,0,7,Monsoon,0,0
2026-07-29,SEC-004,18,2,0,0,7,Monsoon,0,0
2026-07-29,SEC-004,19,2,0,0,7,Monsoon,0,0
2026-07-29,SEC-004,20,2,0,0,7,Monsoon,1,1
2026-07-29,SEC-004,21,2,0,0,7,Monsoon,0,0
2026-07-29,SEC-004,22,2,0,0,7,Monsoon,2,2
2026-07-29,SEC-004,23,2,0,0,7,Monsoon,3,3
2026-07-29,SEC-005,0,2,0,0,7,Monsoon,3,3
2026-07-29,SEC-005,1,2,0,0,7,Monsoon,1,1
2026-07-29,SEC-005,2,2,0,0,7,Monsoon,2,2
2026-07-29,SEC-005,3,2,0,0,7,Monsoon,2,2
2026-07-29,SEC-005,4,2,0,0,7,Monsoon,1,1
2026-07-29,SEC-005,5,2,0,0,7,Monsoon,0,0
2026-07-29,SEC-005,6,2,0,0,7,Monsoon,0,0
2026-07-29,SEC-005,7,2,0,0,7,Monsoon,1,1
2026-07-29,SEC-005,8,2,0,0,7,Monsoon,0,0
2026-07-29,SEC-005,9,2,0,0,7,Monsoon,0,0
2026-07-29,SEC-005,10,2,0,0,7,Monsoon,0,0
2026-07-29,SEC-005,11,2,0,0,7,Monsoon,0,0
2026-07-29,SEC-005,12,2,0,0,7,Monsoon,0,0
2026-07-29,SEC-005,13,2,0,0,7,Monsoon,0,0
2026-07-29,SEC-005,14,2,0,0,7,Monsoon,0,0
2026-07-29,SEC-005,15,2,0,0,7,Monsoon,0,0
2026-07-29,SEC-005,16,2,0,0,7,Monsoon,0,0
2026-07-29,SEC-005,17,2,0,0,7,Monsoon,1,1
2026-07-29,SEC-005,18,2,0,0,7,Monsoon,0,0
2026-07-29,SEC-005,19,2,0,0,7,Monsoon,0,0
2026-07-29,SEC-005,20,2,0,0,7,Monsoon,0,0
2026-07-29,SEC-005,21,2,0,0,7,Monsoon,1,1
2026-07-29,SEC-005,22,2,0,0,7,Monsoon,1,1
2026-07-29,SEC-005,23,2,0,0,7,Monsoon,0,0
2026-07-29,SEC-006,0,2,0,0,7,Monsoon,3,3
2026-07-29,SEC-006,1,2,0,0,7,Monsoon,3,3
2026-07-29,SEC-006,2,2,0,0,7,Monsoon,4,4
2026-07-29,SEC-006,3,2,0,0,7,Monsoon,2,2
2026-07-29,SEC-006,4,2,0,0,7,Monsoon,0,0
2026-07-29,SEC-006,5,2,0,0,7,Monsoon,1,1
2026-07-29,SEC-006,6,2,0,0,7,Monsoon,1,1
2026-07-29,SEC-006,7,2,0,0,7,Monsoon,0,0
2026-07-29,SEC-006,8,2,0,0,7,Monsoon,0,0
2026-07-29,SEC-006,9,2,0,0,7,Monsoon,1,1
2026-07-29,SEC-006,10,2,0,0,7,Monsoon,0,0
2026-07-29,SEC-006,11,2,0,0,7,Monsoon,1,1
2026-07-29,SEC-006,12,2,0,0,7,Monsoon,0,0
2026-07-29,SEC-006,13,2,0,0,7,Monsoon,0,0
2026-07-29,SEC-006,14,2,0,0,7,Monsoon,0,0
2026-07-29,SEC-006,15,2,0,0,7,Monsoon,0,0
2026-07-29,SEC-006,16,2,0,0,7,Monsoon,0,0
2026-07-29,SEC-006,17,2,0,0,7,Monsoon,0,0
2026-07-29,SEC-006,18,2,0,0,7,Monsoon,0,0
2026-07-29,SEC-006,19,2,0,0,7,Monsoon,1,1
2026-07-29,SEC-006,20,2,0,0,7,Monsoon,0,0
2026-07-29,SEC-006,21,2,0,0,7,Monsoon,0,0
2026-07-29,SEC-006,22,2,0,0,7,Monsoon,1,1
2026-07-29,SEC-006,23,2,0,0,7,Monsoon,2,2
2026-07-30,SEC-001,0,3,0,0,7,Monsoon,1,1
2026-07-30,SEC-001,1,3,0,0,7,Monsoon,5,5
2026-07-30,SEC-001,2,3,0,0,7,Monsoon,3,3
2026-07-30,SEC-001,3,3,0,0,7,Monsoon,1,1
2026-07-30,SEC-001,4,3,0,0,7,Monsoon,0,0
2026-07-30,SEC-001,5,3,0,0,7,Monsoon,1,1
2026-07-30,SEC-001,6,3,0,0,7,Monsoon,0,0
2026-07-30,SEC-001,7,3,0,0,7,Monsoon,1,1
2026-07-30,SEC-001,8,3,0,0,7,Monsoon,0,0
2026-07-30,SEC-001,9,3,0,0,7,Monsoon,0,0
2026-07-30,SEC-001,10,3,0,0,7,Monsoon,0,0
2026-07-30,SEC-001,11,3,0,0,7,Monsoon,0,0
2026-07-30,SEC-001,12,3,0,0,7,Monsoon,0,0
2026-07-30,SEC-001,13,3,0,0,7,Monsoon,0,0
2026-07-30,SEC-001,14,3,0,0,7,Monsoon,2,2
2026-07-30,SEC-001,15,3,0,0,7,Monsoon,0,0
2026-07-30,SEC-001,16,3,0,0,7,Monsoon,0,0
2026-07-30,SEC-001,17,3,0,0,7,Monsoon,0,0
2026-07-30,SEC-001,18,3,0,0,7,Monsoon,1,1
2026-07-30,SEC-001,19,3,0,0,7,Monsoon,1,1
2026-07-30,SEC-001,20,3,0,0,7,Monsoon,0,0
2026-07-30,SEC-001,21,3,0,0,7,Monsoon,0,0
2026-07-30,SEC-001,22,3,0,0,7,Monsoon,2,2
2026-07-30,SEC-001,23,3,0,0,7,Monsoon,0,0
2026-07-30,SEC-002,0,3,0,0,7,Monsoon,3,3
2026-07-30,SEC-002,1,3,0,0,7,Monsoon,3,3
2026-07-30,SEC-002,2,3,0,0,7,Monsoon,2,2
2026-07-30,SEC-002,3,3,0,0,7,Monsoon,1,1
2026-07-30,SEC-002,4,3,0,0,7,Monsoon,2,2
2026-07-30,SEC-002,5,3,0,0,7,Monsoon,0,0
2026-07-30,SEC-002,6,3,0,0,7,Monsoon,1,1
2026-07-30,SEC-002,7,3,0,0,7,Monsoon,0,0
2026-07-30,SEC-002,8,3,0,0,7,Monsoon,0,0
2026-07-30,SEC-002,9,3,0,0,7,Monsoon,0,0
2026-07-30,SEC-002,10,3,0,0,7,Monsoon,0,0
2026-07-30,SEC-002,11,3,0,0,7,Monsoon,0,0
2026-07-30,SEC-002,12,3,0,0,7,Monsoon,0,0
2026-07-30,SEC-002,13,3,0,0,7,Monsoon,0,0
2026-07-30,SEC-002,14,3,0,0,7,Monsoon,1,1
2026-07-30,SEC-002,15,3,0,0,7,Monsoon,1,1
2026-07-30,SEC-002,16,3,0,0,7,Monsoon,0,0
2026-07-30,SEC-002,17,3,0,0,7,Monsoon,0,0
2026-07-30,SEC-002,18,3,0,0,7,Monsoon,0,0
2026-07-30,SEC-002,19,3,0,0,7,Monsoon,1,1
2026-07-30,SEC-002,20,3,0,0,7,Monsoon,0,0
2026-07-30,SEC-002,21,3,0,0,7,Monsoon,0,0
2026-07-30,SEC-002,22,3,0,0,7,Monsoon,3,3
2026-07-30,SEC-002,23,3,0,0,7,Monsoon,3,3
2026-07-30,SEC-003,0,3,0,0,7,Monsoon,3,3
2026-07-30,SEC-003,1,3,0,0,7,Monsoon,2,2
2026-07-30,SEC-003,2,3,0,0,7,Monsoon,3,3
2026-07-30,SEC-003,3,3,0,0,7,Monsoon,1,1
2026-07-30,SEC-003,4,3,0,0,7,Monsoon,0,0
2026-07-30,SEC-003,5,3,0,0,7,Monsoon,0,0
2026-07-30,SEC-003,6,3,0,0,7,Monsoon,0,0
2026-07-30,SEC-003,7,3,0,0,7,Monsoon,0,0
2026-07-30,SEC-003,8,3,0,0,7,Monsoon,0,0
2026-07-30,SEC-003,9,3,0,0,7,Monsoon,0,0
2026-07-30,SEC-003,10,3,0,0,7,Monsoon,0,0
2026-07-30,SEC-003,11,3,0,0,7,Monsoon,1,1
2026-07-30,SEC-003,12,3,0,0,7,Monsoon,0,0
2026-07-30,SEC-003,13,3,0,0,7,Monsoon,1,1
2026-07-30,SEC-003,14,3,0,0,7,Monsoon,1,1
2026-07-30,SEC-003,15,3,0,0,7,Monsoon,0,0
2026-07-30,SEC-003,16,3,0,0,7,Monsoon,0,0
2026-07-30,SEC-003,17,3,0,0,7,Monsoon,1,1
2026-07-30,SEC-003,18,3,0,0,7,Monsoon,0,0
2026-07-30,SEC-003,19,3,0,0,7,Monsoon,0,0
2026-07-30,SEC-003,20,3,0,0,7,Monsoon,0,0
2026-07-30,SEC-003,21,3,0,0,7,Monsoon,1,1
2026-07-30,SEC-003,22,3,0,0,7,Monsoon,2,2
2026-07-30,SEC-003,23,3,0,0,7,Monsoon,7,7
2026-07-30,SEC-004,0,3,0,0,7,Monsoon,1,1
2026-07-30,SEC-004,1,3,0,0,7,Monsoon,1,1
2026-07-30,SEC-004,2,3,0,0,7,Monsoon,2,2
2026-07-30,SEC-004,3,3,0,0,7,Monsoon,0,0
2026-07-30,SEC-004,4,3,0,0,7,Monsoon,2,2
2026-07-30,SEC-004,5,3,0,0,7,Monsoon,0,0
2026-07-30,SEC-004,6,3,0,0,7,Monsoon,0,0
2026-07-30,SEC-004,7,3,0,0,7,Monsoon,0,0
2026-07-30,SEC-004,8,3,0,0,7,Monsoon,0,0
2026-07-30,SEC-004,9,3,0,0,7,Monsoon,0,0
2026-07-30,SEC-004,10,3,0,0,7,Monsoon,1,1
2026-07-30,SEC-004,11,3,0,0,7,Monsoon,0,0
2026-07-30,SEC-004,12,3,0,0,7,Monsoon,1,1
2026-07-30,SEC-004,13,3,0,0,7,Monsoon,0,0
2026-07-30,SEC-004,14,3,0,0,7,Monsoon,0,0
2026-07-30,SEC-004,15,3,0,0,7,Monsoon,0,0
2026-07-30,SEC-004,16,3,0,0,7,Monsoon,0,0
2026-07-30,SEC-004,17,3,0,0,7,Monsoon,0,0
2026-07-30,SEC-004,18,3,0,0,7,Monsoon,0,0
2026-07-30,SEC-004,19,3,0,0,7,Monsoon,2,2
2026-07-30,SEC-004,20,3,0,0,7,Monsoon,0,0
2026-07-30,SEC-004,21,3,0,0,7,Monsoon,0,0
2026-07-30,SEC-004,22,3,0,0,7,Monsoon,0,0
2026-07-30,SEC-004,23,3,0,0,7,Monsoon,1,1
2026-07-30,SEC-005,0,3,0,0,7,Monsoon,1,1
2026-07-30,SEC-005,1,3,0,0,7,Monsoon,4,4
2026-07-30,SEC-005,2,3,0,0,7,Monsoon,2,2
2026-07-30,SEC-005,3,3,0,0,7,Monsoon,1,1
2026-07-30,SEC-005,4,3,0,0,7,Monsoon,2,2
2026-07-30,SEC-005,5,3,0,0,7,Monsoon,0,0
2026-07-30,SEC-005,6,3,0,0,7,Monsoon,0,0
2026-07-30,SEC-005,7,3,0,0,7,Monsoon,0,0
2026-07-30,SEC-005,8,3,0,0,7,Monsoon,1,1
2026-07-30,SEC-005,9,3,0,0,7,Monsoon,0,0
2026-07-30,SEC-005,10,3,0,0,7,Monsoon,0,0
2026-07-30,SEC-005,11,3,0,0,7,Monsoon,0,0
2026-07-30,SEC-005,12,3,0,0,7,Monsoon,1,1
2026-07-30,SEC-005,13,3,0,0,7,Monsoon,0,0
2026-07-30,SEC-005,14,3,0,0,7,Monsoon,1,1
2026-07-30,SEC-005,15,3,0,0,7,Monsoon,0,0
2026-07-30,SEC-005,16,3,0,0,7,Monsoon,0,0
2026-07-30,SEC-005,17,3,0,0,7,Monsoon,0,0
2026-07-30,SEC-005,18,3,0,0,7,Monsoon,0,0
2026-07-30,SEC-005,19,3,0,0,7,Monsoon,1,1
2026-07-30,SEC-005,20,3,0,0,7,Monsoon,0,0
2026-07-30,SEC-005,21,3,0,0,7,Monsoon,1,1
2026-07-30,SEC-005,22,3,0,0,7,Monsoon,1,1
2026-07-30,SEC-005,23,3,0,0,7,Monsoon,3,3
2026-07-30,SEC-006,0,3,0,0,7,Monsoon,0,0
2026-07-30,SEC-006,1,3,0,0,7,Monsoon,2,2
2026-07-30,SEC-006,2,3,0,0,7,Monsoon,1,1
2026-07-30,SEC-006,3,3,0,0,7,Monsoon,3,3
2026-07-30,SEC-006,4,3,0,0,7,Monsoon,4,4
2026-07-30,SEC-006,5,3,0,0,7,Monsoon,2,2
2026-07-30,SEC-006,6,3,0,0,7,Monsoon,0,0
2026-07-30,SEC-006,7,3,0,0,7,Monsoon,1,1
2026-07-30,SEC-006,8,3,0,0,7,Monsoon,0,0
2026-07-30,SEC-006,9,3,0,0,7,Monsoon,0,0
2026-07-30,SEC-006,10,3,0,0,7,Monsoon,0,0
2026-07-30,SEC-006,11,3,0,0,7,Monsoon,0,0
2026-07-30,SEC-006,12,3,0,0,7,Monsoon,1,1
2026-07-30,SEC-006,13,3,0,0,7,Monsoon,0,0
2026-07-30,SEC-006,14,3,0,0,7,Monsoon,0,0
2026-07-30,SEC-006,15,3,0,0,7,Monsoon,0,0
2026-07-30,SEC-006,16,3,0,0,7,Monsoon,0,0
2026-07-30,SEC-006,17,3,0,0,7,Monsoon,0,0
2026-07-30,SEC-006,18,3,0,0,7,Monsoon,1,1
2026-07-30,SEC-006,19,3,0,0,7,Monsoon,0,0
2026-07-30,SEC-006,20,3,0,0,7,Monsoon,0,0
2026-07-30,SEC-006,21,3,0,0,7,Monsoon,0,0
2026-07-30,SEC-006,22,3,0,0,7,Monsoon,0,0
2026-07-30,SEC-006,23,3,0,0,7,Monsoon,2,2
2026-07-31,SEC-001,0,4,0,0,7,Monsoon,3,3
2026-07-31,SEC-001,1,4,0,0,7,Monsoon,1,1
2026-07-31,SEC-001,2,4,0,0,7,Monsoon,0,0
2026-07-31,SEC-001,3,4,0,0,7,Monsoon,1,1
2026-07-31,SEC-001,4,4,0,0,7,Monsoon,2,2
2026-07-31,SEC-001,5,4,0,0,7,Monsoon,0,0
2026-07-31,SEC-001,6,4,0,0,7,Monsoon,1,1
2026-07-31,SEC-001,7,4,0,0,7,Monsoon,0,0
2026-07-31,SEC-001,8,4,0,0,7,Monsoon,1,1
2026-07-31,SEC-001,9,4,0,0,7,Monsoon,0,0
2026-07-31,SEC-001,10,4,0,0,7,Monsoon,1,1
2026-07-31,SEC-001,11,4,0,0,7,Monsoon,0,0
2026-07-31,SEC-001,12,4,0,0,7,Monsoon,0,0
2026-07-31,SEC-001,13,4,0,0,7,Monsoon,1,1
2026-07-31,SEC-001,14,4,0,0,7,Monsoon,0,0
2026-07-31,SEC-001,15,4,0,0,7,Monsoon,0,0
2026-07-31,SEC-001,16,4,0,0,7,Monsoon,1,1
2026-07-31,SEC-001,17,4,0,0,7,Monsoon,1,1
2026-07-31,SEC-001,18,4,0,0,7,Monsoon,0,0
2026-07-31,SEC-001,19,4,0,0,7,Monsoon,1,1
2026-07-31,SEC-001,20,4,0,0,7,Monsoon,0,0
2026-07-31,SEC-001,21,4,0,0,7,Monsoon,0,0
2026-07-31,SEC-001,22,4,0,0,7,Monsoon,0,0
2026-07-31,SEC-001,23,4,0,0,7,Monsoon,6,6
2026-07-31,SEC-002,0,4,0,0,7,Monsoon,0,0
2026-07-31,SEC-002,1,4,0,0,7,Monsoon,0,0
2026-07-31,SEC-002,2,4,0,0,7,Monsoon,0,0
2026-07-31,SEC-002,3,4,0,0,7,Monsoon,3,3
2026-07-31,SEC-002,4,4,0,0,7,Monsoon,3,3
2026-07-31,SEC-002,5,4,0,0,7,Monsoon,0,0
2026-07-31,SEC-002,6,4,0,0,7,Monsoon,0,0
2026-07-31,SEC-002,7,4,0,0,7,Monsoon,0,0
2026-07-31,SEC-002,8,4,0,0,7,Monsoon,1,1
2026-07-31,SEC-002,9,4,0,0,7,Monsoon,2,2
2026-07-31,SEC-002,10,4,0,0,7,Monsoon,0,0
2026-07-31,SEC-002,11,4,0,0,7,Monsoon,0,0
2026-07-31,SEC-002,12,4,0,0,7,Monsoon,0,0
2026-07-31,SEC-002,13,4,0,0,7,Monsoon,1,1
2026-07-31,SEC-002,14,4,0,0,7,Monsoon,0,0
2026-07-31,SEC-002,15,4,0,0,7,Monsoon,1,1
2026-07-31,SEC-002,16,4,0,0,7,Monsoon,1,1
2026-07-31,SEC-002,17,4,0,0,7,Monsoon,1,1
2026-07-31,SEC-002,18,4,0,0,7,Monsoon,1,1
2026-07-31,SEC-002,19,4,0,0,7,Monsoon,0,0
2026-07-31,SEC-002,20,4,0,0,7,Monsoon,0,0
2026-07-31,SEC-002,21,4,0,0,7,Monsoon,1,1
2026-07-31,SEC-002,22,4,0,0,7,Monsoon,3,3
2026-07-31,SEC-002,23,4,0,0,7,Monsoon,3,3
2026-07-31,SEC-003,0,4,0,0,7,Monsoon,0,0
2026-07-31,SEC-003,1,4,0,0,7,Monsoon,2,2
2026-07-31,SEC-003,2,4,0,0,7,Monsoon,2,2
2026-07-31,SEC-003,3,4,0,0,7,Monsoon,2,2
2026-07-31,SEC-003,4,4,0,0,7,Monsoon,2,2
2026-07-31,SEC-003,5,4,0,0,7,Monsoon,0,0
2026-07-31,SEC-003,6,4,0,0,7,Monsoon,0,0
2026-07-31,SEC-003,7,4,0,0,7,Monsoon,0,0
2026-07-31,SEC-003,8,4,0,0,7,Monsoon,0,0
2026-07-31,SEC-003,9,4,0,0,7,Monsoon,1,1
2026-07-31,SEC-003,10,4,0,0,7,Monsoon,1,1
2026-07-31,SEC-003,11,4,0,0,7,Monsoon,0,0
2026-07-31,SEC-003,12,4,0,0,7,Monsoon,0,0
2026-07-31,SEC-003,13,4,0,0,7,Monsoon,1,1
2026-07-31,SEC-003,14,4,0,0,7,Monsoon,0,0
2026-07-31,SEC-003,15,4,0,0,7,Monsoon,1,1
2026-07-31,SEC-003,16,4,0,0,7,Monsoon,0,0
2026-07-31,SEC-003,17,4,0,0,7,Monsoon,1,1
2026-07-31,SEC-003,18,4,0,0,7,Monsoon,1,1
2026-07-31,SEC-003,19,4,0,0,7,Monsoon,0,0
2026-07-31,SEC-003,20,4,0,0,7,Monsoon,0,0
2026-07-31,SEC-003,21,4,0,0,7,Monsoon,0,0
2026-07-31,SEC-003,22,4,0,0,7,Monsoon,1,1
2026-07-31,SEC-003,23,4,0,0,7,Monsoon,1,1
2026-07-31,SEC-004,0,4,0,0,7,Monsoon,2,2
2026-07-31,SEC-004,1,4,0,0,7,Monsoon,1,1
2026-07-31,SEC-004,2,4,0,0,7,Monsoon,3,3
2026-07-31,SEC-004,3,4,0,0,7,Monsoon,6,6
2026-07-31,SEC-004,4,4,0,0,7,Monsoon,2,2
2026-07-31,SEC-004,5,4,0,0,7,Monsoon,0,0
2026-07-31,SEC-004,6,4,0,0,7,Monsoon,0,0
2026-07-31,SEC-004,7,4,0,0,7,Monsoon,0,0
2026-07-31,SEC-004,8,4,0,0,7,Monsoon,0,0
2026-07-31,SEC-004,9,4,0,0,7,Monsoon,0,0
2026-07-31,SEC-004,10,4,0,0,7,Monsoon,0,0
2026-07-31,SEC-004,11,4,0,0,7,Monsoon,0,0
2026-07-31,SEC-004,12,4,0,0,7,Monsoon,0,0
2026-07-31,SEC-004,13,4,0,0,7,Monsoon,0,0
2026-07-31,SEC-004,14,4,0,0,7,Monsoon,0,0
2026-07-31,SEC-004,15,4,0,0,7,Monsoon,1,1
2026-07-31,SEC-004,16,4,0,0,7,Monsoon,0,0
2026-07-31,SEC-004,17,4,0,0,7,Monsoon,0,0
2026-07-31,SEC-004,18,4,0,0,7,Monsoon,0,0
2026-07-31,SEC-004,19,4,0,0,7,Monsoon,1,1
2026-07-31,SEC-004,20,4,0,0,7,Monsoon,0,0
2026-07-31,SEC-004,21,4,0,0,7,Monsoon,0,0
2026-07-31,SEC-004,22,4,0,0,7,Monsoon,2,2
2026-07-31,SEC-004,23,4,0,0,7,Monsoon,1,1
2026-07-31,SEC-005,0,4,0,0,7,Monsoon,5,5
2026-07-31,SEC-005,1,4,0,0,7,Monsoon,0,0
2026-07-31,SEC-005,2,4,0,0,7,Monsoon,0,0
2026-07-31,SEC-005,3,4,0,0,7,Monsoon,3,3
2026-07-31,SEC-005,4,4,0,0,7,Monsoon,0,0
2026-07-31,SEC-005,5,4,0,0,7,Monsoon,1,1
2026-07-31,SEC-005,6,4,0,0,7,Monsoon,1,1
2026-07-31,SEC-005,7,4,0,0,7,Monsoon,0,0
2026-07-31,SEC-005,8,4,0,0,7,Monsoon,0,0
2026-07-31,SEC-005,9,4,0,0,7,Monsoon,0,0
2026-07-31,SEC-005,10,4,0,0,7,Monsoon,0,0
2026-07-31,SEC-005,11,4,0,0,7,Monsoon,0,0
2026-07-31,SEC-005,12,4,0,0,7,Monsoon,1,1
2026-07-31,SEC-005,13,4,0,0,7,Monsoon,1,1
2026-07-31,SEC-005,14,4,0,0,7,Monsoon,0,0
2026-07-31,SEC-005,15,4,0,0,7,Monsoon,0,0
2026-07-31,SEC-005,16,4,0,0,7,Monsoon,0,0
2026-07-31,SEC-005,17,4,0,0,7,Monsoon,1,1
2026-07-31,SEC-005,18,4,0,0,7,Monsoon,1,1
2026-07-31,SEC-005,19,4,0,0,7,Monsoon,0,0
2026-07-31,SEC-005,20,4,0,0,7,Monsoon,0,0
2026-07-31,SEC-005,21,4,0,0,7,Monsoon,0,0
2026-07-31,SEC-005,22,4,0,0,7,Monsoon,1,1
2026-07-31,SEC-005,23,4,0,0,7,Monsoon,1,1
2026-07-31,SEC-006,0,4,0,0,7,Monsoon,4,4
2026-07-31,SEC-006,1,4,0,0,7,Monsoon,1,1
2026-07-31,SEC-006,2,4,0,0,7,Monsoon,1,1
2026-07-31,SEC-006,3,4,0,0,7,Monsoon,4,4
2026-07-31,SEC-006,4,4,0,0,7,Monsoon,0,0
2026-07-31,SEC-006,5,4,0,0,7,Monsoon,0,0
2026-07-31,SEC-006,6,4,0,0,7,Monsoon,0,0
2026-07-31,SEC-006,7,4,0,0,7,Monsoon,0,0
2026-07-31,SEC-006,8,4,0,0,7,Monsoon,1,1
2026-07-31,SEC-006,9,4,0,0,7,Monsoon,0,0
2026-07-31,SEC-006,10,4,0,0,7,Monsoon,1,1
2026-07-31,SEC-006,11,4,0,0,7,Monsoon,0,0
2026-07-31,SEC-006,12,4,0,0,7,Monsoon,1,1
2026-07-31,SEC-006,13,4,0,0,7,Monsoon,0,0
2026-07-31,SEC-006,14,4,0,0,7,Monsoon,0,0
2026-07-31,SEC-006,15,4,0,0,7,Monsoon,0,0
2026-07-31,SEC-006,16,4,0,0,7,Monsoon,0,0
2026-07-31,SEC-006,17,4,0,0,7,Monsoon,1,1
2026-07-31,SEC-006,18,4,0,0,7,Monsoon,0,0
2026-07-31,SEC-006,19,4,0,0,7,Monsoon,0,0
2026-07-31,SEC-006,20,4,0,0,7,Monsoon,2,2
2026-07-31,SEC-006,21,4,0,0,7,Monsoon,0,0
2026-07-31,SEC-006,22,4,0,0,7,Monsoon,1,1
2026-07-31,SEC-006,23,4,0,0,7,Monsoon,2,2
2026-08-01,SEC-001,0,5,1,0,8,Monsoon,2,2
2026-08-01,SEC-001,1,5,1,0,8,Monsoon,3,3
2026-08-01,SEC-001,2,5,1,0,8,Monsoon,1,1
2026-08-01,SEC-001,3,5,1,0,8,Monsoon,1,1
2026-08-01,SEC-001,4,5,1,0,8,Monsoon,2,2
2026-08-01,SEC-001,5,5,1,0,8,Monsoon,0,0
2026-08-01,SEC-001,6,5,1,0,8,Monsoon,1,1
2026-08-01,SEC-001,7,5,1,0,8,Monsoon,0,0
2026-08-01,SEC-001,8,5,1,0,8,Monsoon,0,0
2026-08-01,SEC-001,9,5,1,0,8,Monsoon,1,1
2026-08-01,SEC-001,10,5,1,0,8,Monsoon,0,0
2026-08-01,SEC-001,11,5,1,0,8,Monsoon,2,2
2026-08-01,SEC-001,12,5,1,0,8,Monsoon,2,2
2026-08-01,SEC-001,13,5,1,0,8,Monsoon,0,0
2026-08-01,SEC-001,14,5,1,0,8,Monsoon,0,0
2026-08-01,SEC-001,15,5,1,0,8,Monsoon,0,0
2026-08-01,SEC-001,16,5,1,0,8,Monsoon,1,1
2026-08-01,SEC-001,17,5,1,0,8,Monsoon,1,1
2026-08-01,SEC-001,18,5,1,0,8,Monsoon,0,0
2026-08-01,SEC-001,19,5,1,0,8,Monsoon,2,2
2026-08-01,SEC-001,20,5,1,0,8,Monsoon,1,1
2026-08-01,SEC-001,21,5,1,0,8,Monsoon,0,0
2026-08-01,SEC-001,22,5,1,0,8,Monsoon,1,1
2026-08-01,SEC-001,23,5,1,0,8,Monsoon,1,1
2026-08-01,SEC-002,0,5,1,0,8,Monsoon,1,1
2026-08-01,SEC-002,1,5,1,0,8,Monsoon,1,1
2026-08-01,SEC-002,2,5,1,0,8,Monsoon,1,1
2026-08-01,SEC-002,3,5,1,0,8,Monsoon,1,1
2026-08-01,SEC-002,4,5,1,0,8,Monsoon,2,2
2026-08-01,SEC-002,5,5,1,0,8,Monsoon,0,0
2026-08-01,SEC-002,6,5,1,0,8,Monsoon,0,0
2026-08-01,SEC-002,7,5,1,0,8,Monsoon,0,0
2026-08-01,SEC-002,8,5,1,0,8,Monsoon,0,0
2026-08-01,SEC-002,9,5,1,0,8,Monsoon,0,0
2026-08-01,SEC-002,10,5,1,0,8,Monsoon,0,0
2026-08-01,SEC-002,11,5,1,0,8,Monsoon,0,0
2026-08-01,SEC-002,12,5,1,0,8,Monsoon,0,0
2026-08-01,SEC-002,13,5,1,0,8,Monsoon,2,2
2026-08-01,SEC-002,14,5,1,0,8,Monsoon,0,0
2026-08-01,SEC-002,15,5,1,0,8,Monsoon,1,1
2026-08-01,SEC-002,16,5,1,0,8,Monsoon,2,2
2026-08-01,SEC-002,17,5,1,0,8,Monsoon,1,1
2026-08-01,SEC-002,18,5,1,0,8,Monsoon,0,0
2026-08-01,SEC-002,19,5,1,0,8,Monsoon,0,0
2026-08-01,SEC-002,20,5,1,0,8,Monsoon,0,0
2026-08-01,SEC-002,21,5,1,0,8,Monsoon,2,2
2026-08-01,SEC-002,22,5,1,0,8,Monsoon,1,1
2026-08-01,SEC-002,23,5,1,0,8,Monsoon,2,2
2026-08-01,SEC-003,0,5,1,0,8,Monsoon,1,1
2026-08-01,SEC-003,1,5,1,0,8,Monsoon,2,2
2026-08-01,SEC-003,2,5,1,0,8,Monsoon,1,1
2026-08-01,SEC-003,3,5,1,0,8,Monsoon,3,3
2026-08-01,SEC-003,4,5,1,0,8,Monsoon,2,2
2026-08-01,SEC-003,5,5,1,0,8,Monsoon,1,1
2026-08-01,SEC-003,6,5,1,0,8,Monsoon,1,1
2026-08-01,SEC-003,7,5,1,0,8,Monsoon,0,0
2026-08-01,SEC-003,8,5,1,0,8,Monsoon,0,0
2026-08-01,SEC-003,9,5,1,0,8,Monsoon,0,0
2026-08-01,SEC-003,10,5,1,0,8,Monsoon,2,2
2026-08-01,SEC-003,11,5,1,0,8,Monsoon,1,1
2026-08-01,SEC-003,12,5,1,0,8,Monsoon,0,0
2026-08-01,SEC-003,13,5,1,0,8,Monsoon,2,2
2026-08-01,SEC-003,14,5,1,0,8,Monsoon,0,0
2026-08-01,SEC-003,15,5,1,0,8,Monsoon,1,1
2026-08-01,SEC-003,16,5,1,0,8,Monsoon,0,0
2026-08-01,SEC-003,17,5,1,0,8,Monsoon,1,1
2026-08-01,SEC-003,18,5,1,0,8,Monsoon,0,0
2026-08-01,SEC-003,19,5,1,0,8,Monsoon,1,1
2026-08-01,SEC-003,20,5,1,0,8,Monsoon,0,0
2026-08-01,SEC-003,21,5,1,0,8,Monsoon,1,1
2026-08-01,SEC-003,22,5,1,0,8,Monsoon,2,2
2026-08-01,SEC-003,23,5,1,0,8,Monsoon,4,4
2026-08-01,SEC-004,0,5,1,0,8,Monsoon,1,1
2026-08-01,SEC-004,1,5,1,0,8,Monsoon,1,1
2026-08-01,SEC-004,2,5,1,0,8,Monsoon,0,0
2026-08-01,SEC-004,3,5,1,0,8,Monsoon,1,1
2026-08-01,SEC-004,4,5,1,0,8,Monsoon,2,2
2026-08-01,SEC-004,5,5,1,0,8,Monsoon,1,1
2026-08-01,SEC-004,6,5,1,0,8,Monsoon,1,1
2026-08-01,SEC-004,7,5,1,0,8,Monsoon,0,0
2026-08-01,SEC-004,8,5,1,0,8,Monsoon,0,0
2026-08-01,SEC-004,9,5,1,0,8,Monsoon,0,0
2026-08-01,SEC-004,10,5,1,0,8,Monsoon,0,0
2026-08-01,SEC-004,11,5,1,0,8,Monsoon,0,0
2026-08-01,SEC-004,12,5,1,0,8,Monsoon,0,0
2026-08-01,SEC-004,13,5,1,0,8,Monsoon,0,0
2026-08-01,SEC-004,14,5,1,0,8,Monsoon,0,0
2026-08-01,SEC-004,15,5,1,0,8,Monsoon,1,1
2026-08-01,SEC-004,16,5,1,0,8,Monsoon,1,1
2026-08-01,SEC-004,17,5,1,0,8,Monsoon,0,0
2026-08-01,SEC-004,18,5,1,0,8,Monsoon,1,1
2026-08-01,SEC-004,19,5,1,0,8,Monsoon,0,0
2026-08-01,SEC-004,20,5,1,0,8,Monsoon,0,0
2026-08-01,SEC-004,21,5,1,0,8,Monsoon,0,0
2026-08-01,SEC-004,22,5,1,0,8,Monsoon,1,1
2026-08-01,SEC-004,23,5,1,0,8,Monsoon,5,5
2026-08-01,SEC-005,0,5,1,0,8,Monsoon,1,1
2026-08-01,SEC-005,1,5,1,0,8,Monsoon,0,0
2026-08-01,SEC-005,2,5,1,0,8,Monsoon,2,2
2026-08-01,SEC-005,3,5,1,0,8,Monsoon,1,1
2026-08-01,SEC-005,4,5,1,0,8,Monsoon,1,1
2026-08-01,SEC-005,5,5,1,0,8,Monsoon,0,0
2026-08-01,SEC-005,6,5,1,0,8,Monsoon,0,0
2026-08-01,SEC-005,7,5,1,0,8,Monsoon,0,0
2026-08-01,SEC-005,8,5,1,0,8,Monsoon,1,1
2026-08-01,SEC-005,9,5,1,0,8,Monsoon,1,1
2026-08-01,SEC-005,10,5,1,0,8,Monsoon,1,1
2026-08-01,SEC-005,11,5,1,0,8,Monsoon,0,0
2026-08-01,SEC-005,12,5,1,0,8,Monsoon,0,0
2026-08-01,SEC-005,13,5,1,0,8,Monsoon,1,1
2026-08-01,SEC-005,14,5,1,0,8,Monsoon,0,0
2026-08-01,SEC-005,15,5,1,0,8,Monsoon,0,0
2026-08-01,SEC-005,16,5,1,0,8,Monsoon,0,0
2026-08-01,SEC-005,17,5,1,0,8,Monsoon,0,0
2026-08-01,SEC-005,18,5,1,0,8,Monsoon,0,0
2026-08-01,SEC-005,19,5,1,0,8,Monsoon,0,0
2026-08-01,SEC-005,20,5,1,0,8,Monsoon,0,0
2026-08-01,SEC-005,21,5,1,0,8,Monsoon,2,2
2026-08-01,SEC-005,22,5,1,0,8,Monsoon,4,4
2026-08-01,SEC-005,23,5,1,0,8,Monsoon,0,0
2026-08-01,SEC-006,0,5,1,0,8,Monsoon,0,0
2026-08-01,SEC-006,1,5,1,0,8,Monsoon,1,1
2026-08-01,SEC-006,2,5,1,0,8,Monsoon,1,1
2026-08-01,SEC-006,3,5,1,0,8,Monsoon,1,1
2026-08-01,SEC-006,4,5,1,0,8,Monsoon,2,2
2026-08-01,SEC-006,5,5,1,0,8,Monsoon,1,1
2026-08-01,SEC-006,6,5,1,0,8,Monsoon,0,0
2026-08-01,SEC-006,7,5,1,0,8,Monsoon,1,1
2026-08-01,SEC-006,8,5,1,0,8,Monsoon,0,0
2026-08-01,SEC-006,9,5,1,0,8,Monsoon,1,1
2026-08-01,SEC-006,10,5,1,0,8,Monsoon,0,0
2026-08-01,SEC-006,11,5,1,0,8,Monsoon,1,1
2026-08-01,SEC-006,12,5,1,0,8,Monsoon,0,0
2026-08-01,SEC-006,13,5,1,0,8,Monsoon,1,1
2026-08-01,SEC-006,14,5,1,0,8,Monsoon,0,0
2026-08-01,SEC-006,15,5,1,0,8,Monsoon,0,0
2026-08-01,SEC-006,16,5,1,0,8,Monsoon,0,0
2026-08-01,SEC-006,17,5,1,0,8,Monsoon,1,1
2026-08-01,SEC-006,18,5,1,0,8,Monsoon,1,1
2026-08-01,SEC-006,19,5,1,0,8,Monsoon,1,1
2026-08-01,SEC-006,20,5,1,0,8,Monsoon,1,1
2026-08-01,SEC-006,21,5,1,0,8,Monsoon,1,1
2026-08-01,SEC-006,22,5,1,0,8,Monsoon,1,1
2026-08-01,SEC-006,23,5,1,0,8,Monsoon,0,0
